"Time (s)","Acceleration x (m/s^2)","Acceleration y (m/s^2)","Acceleration z (m/s^2)","Absolute acceleration (m/s^2)"
4.656632000E-3,1.079784989E0,-2.205059767E0,9.543288231E0,9.854063855E0
6.644249000E-3,1.051054597E0,-2.197877169E0,9.526528358E0,9.833113565E0
8.633858000E-3,1.043871999E0,-2.200271368E0,9.526528358E0,9.832883880E0
1.062339000E-2,1.022324085E0,-2.200271368E0,9.533711433E0,9.837580715E0
1.261331200E-2,1.022324085E0,-2.205059767E0,9.533711433E0,9.838652794E0
1.460272600E-2,1.019929886E0,-2.212242365E0,9.536105156E0,9.842335841E0
1.659108500E-2,1.019929886E0,-2.219424963E0,9.543288231E0,9.850911349E0
1.857991300E-2,1.029506683E0,-2.219424963E0,9.536105156E0,9.844949605E0
2.056960100E-2,1.048660398E0,-2.226607561E0,9.528923035E0,9.841638281E0
2.255878000E-2,1.060631394E0,-2.221819162E0,9.526528358E0,9.839520411E0
2.454784300E-2,1.065419793E0,-2.219424963E0,9.516951561E0,9.830225507E0
2.653729600E-2,1.086967587E0,-2.229001760E0,9.500192642E0,9.818533884E0
2.852585100E-2,1.103726983E0,-2.236184359E0,9.500192642E0,9.822036142E0
3.051573300E-2,1.118092179E0,-2.252943754E0,9.469067574E0,9.797404064E0
3.250483500E-2,1.125274777E0,-2.267308950E0,9.457097054E0,9.789975377E0
3.449346800E-2,1.139639974E0,-2.269703150E0,9.449913979E0,9.785254512E0
3.648229600E-2,1.158793569E0,-2.274491549E0,9.437943459E0,9.777059428E0
3.847085100E-2,1.161187768E0,-2.281674147E0,9.437943459E0,9.779016856E0
4.045964000E-2,1.173158884E0,-2.288856745E0,9.437943459E0,9.782123680E0
4.244819400E-2,1.180341482E0,-2.303221941E0,9.418789864E0,9.767888196E0
4.443698300E-2,1.192312479E0,-2.300827742E0,9.399636269E0,9.750311755E0
4.642620200E-2,1.175553083E0,-2.293645144E0,9.409213066E0,9.755819987E0
4.841596800E-2,1.182735682E0,-2.293645144E0,9.404424667E0,9.752070296E0
5.040436600E-2,1.189918280E0,-2.293645144E0,9.382876396E0,9.732167437E0
5.239327200E-2,1.192312479E0,-2.303221941E0,9.373299599E0,9.725491542E0
5.438178800E-2,1.192312479E0,-2.291250944E0,9.375694275E0,9.724972137E0
5.637042100E-2,1.201889277E0,-2.284068346E0,9.387664795E0,9.736003099E0
5.835956200E-2,1.194706678E0,-2.272097349E0,9.392453194E0,9.736936243E0
6.034971800E-2,1.187524080E0,-2.260126352E0,9.404424667E0,9.744823646E0
6.233835100E-2,1.189918280E0,-2.250549555E0,9.433155060E0,9.770634227E0
6.432616300E-2,1.192312479E0,-2.245761156E0,9.452308655E0,9.788319116E0
6.631503000E-2,1.192312479E0,-2.250549555E0,9.473855972E0,9.810225753E0
6.830467900E-2,1.189918280E0,-2.245761156E0,9.476250648E0,9.811150546E0
7.029362400E-2,1.182735682E0,-2.231395960E0,9.497797966E0,9.827825692E0
7.228284300E-2,1.177947283E0,-2.231395960E0,9.519346237E0,9.848078011E0
7.427206200E-2,1.154005170E0,-2.224213362E0,9.562441826E0,9.885299524E0
7.626116300E-2,1.134851575E0,-2.226607561E0,9.591172218E0,9.911420375E0
7.825034300E-2,1.120486379E0,-2.236184359E0,9.605537415E0,9.925842999E0
8.023832000E-2,1.115697980E0,-2.243366957E0,9.595960617E0,9.917657861E0
8.222835100E-2,1.115697980E0,-2.248155355E0,9.593565941E0,9.916425361E0
8.421725700E-2,1.127668977E0,-2.267308950E0,9.576807022E0,9.905935591E0
8.620565500E-2,1.137245774E0,-2.269703150E0,9.560047150E0,9.891379168E0
8.819472600E-2,1.154005170E0,-2.286462545E0,9.533711433E0,9.871742126E0
9.018307700E-2,1.154005170E0,-2.284068346E0,9.509769440E0,9.848066355E0
9.217159300E-2,1.165976286E0,-2.279279947E0,9.473855972E0,9.813692718E0
9.416120200E-2,1.177947283E0,-2.272097349E0,9.433155060E0,9.774170070E0
9.615023400E-2,1.185129881E0,-2.274491549E0,9.425971985E0,9.768663803E0
9.814065500E-2,1.199495077E0,-2.272097349E0,9.423578262E0,9.767550464E0
1.001299130E-1,1.204283476E0,-2.262520552E0,9.387664795E0,9.731266528E0
1.021188580E-1,1.221042871E0,-2.255337954E0,9.382876396E0,9.727068646E0
1.041083900E-1,1.240196466E0,-2.260126352E0,9.368511200E0,9.716751541E0
1.060977650E-1,1.252167463E0,-2.269703150E0,9.356540680E0,9.708981885E0
1.080869440E-1,1.268926859E0,-2.272097349E0,9.349357605E0,9.704797235E0
1.100766710E-1,1.283292055E0,-2.276885748E0,9.339780807E0,9.698585090E0
1.120656940E-1,1.278503656E0,-2.286462545E0,9.334992409E0,9.695595177E0
1.140548740E-1,1.288080573E0,-2.308010340E0,9.337387085E0,9.704270239E0
1.160433900E-1,1.283292055E0,-2.303221941E0,9.337387085E0,9.702497997E0
1.180330770E-1,1.283292055E0,-2.319981337E0,9.346963882E0,9.715703048E0
1.200226870E-1,1.268926859E0,-2.319981337E0,9.354146004E0,9.720727145E0
1.220123350E-1,1.254561663E0,-2.327163935E0,9.366117477E0,9.732100161E0
1.240020220E-1,1.237802267E0,-2.322375536E0,9.375694275E0,9.738029868E0
1.259918660E-1,1.233013868E0,-2.322375536E0,9.387664795E0,9.748948745E0
1.279821400E-1,1.233013868E0,-2.317587137E0,9.409213066E0,9.768563040E0
1.299722960E-1,1.213860273E0,-2.310404539E0,9.437943459E0,9.792150051E0
1.319628040E-1,1.194706678E0,-2.310404539E0,9.449913979E0,9.801334980E0
1.339529990E-1,1.180341482E0,-2.315192938E0,9.454702377E0,9.805341473E0
1.359438580E-1,1.168370485E0,-2.296039343E0,9.471462250E0,9.815573514E0
1.379342880E-1,1.154005170E0,-2.279279947E0,9.500192642E0,9.837708333E0
1.399241710E-1,1.151610970E0,-2.274491549E0,9.514557838E0,9.850194439E0
1.419143270E-1,1.134851575E0,-2.262520552E0,9.528923035E0,9.859374298E0
1.439047180E-1,1.120486379E0,-2.250549555E0,9.557653427E0,9.882772994E0
1.458958120E-1,1.094150186E0,-2.233790159E0,9.574412346E0,9.892237102E0
1.478881160E-1,1.063025594E0,-2.212242365E0,9.581595421E0,9.890955995E0
1.498789370E-1,1.053448796E0,-2.205059767E0,9.593565941E0,9.899926788E0
1.518700300E-1,1.046266198E0,-2.207453966E0,9.603142738E0,9.908979585E0
1.538607330E-1,1.046266198E0,-2.209848166E0,9.605537415E0,9.911833881E0
1.558509680E-1,1.058237195E0,-2.209848166E0,9.603142738E0,9.910784294E0
1.578417880E-1,1.070208192E0,-2.214636564E0,9.593565941E0,9.903861275E0
1.598317490E-1,1.084573388E0,-2.219424963E0,9.562441826E0,9.876357642E0
1.618227260E-1,1.106121182E0,-2.231395960E0,9.526528358E0,9.846693585E0
1.638137800E-1,1.146822572E0,-2.243366957E0,9.493009567E0,9.821666252E0
1.658032720E-1,1.173158884E0,-2.257732153E0,9.445125580E0,9.781822604E0
1.677926080E-1,1.204283476E0,-2.269703150E0,9.414001465E0,9.758343848E0
1.697825300E-1,1.223437071E0,-2.276885748E0,9.392453194E0,9.741621219E0
1.717726080E-1,1.259350061E0,-2.291250944E0,9.363722801E0,9.721887582E0
1.737637020E-1,1.276109457E0,-2.284068346E0,9.342175484E0,9.701632147E0
1.757540540E-1,1.295263171E0,-2.284068346E0,9.323021889E0,9.685732395E0
1.777449910E-1,1.302445769E0,-2.286462545E0,9.311050415E0,9.675739547E0
1.797355770E-1,1.302445769E0,-2.284068346E0,9.323021889E0,9.686695532E0
1.817254990E-1,1.307234168E0,-2.274491549E0,9.315838814E0,9.678172647E0
1.837153430E-1,1.314416766E0,-2.267308950E0,9.318233490E0,9.679765322E0
1.857054210E-1,1.304839969E0,-2.260126352E0,9.337387085E0,9.695234708E0
1.876954990E-1,1.302445769E0,-2.252943754E0,9.354146004E0,9.709385562E0
1.896872180E-1,1.292868972E0,-2.243366957E0,9.387664795E0,9.738195715E0
1.916779600E-1,1.278503656E0,-2.236184359E0,9.411606789E0,9.757737157E0
1.936690930E-1,1.264138460E0,-2.231395960E0,9.435548782E0,9.777870668E0
1.956598740E-1,1.254561663E0,-2.226607561E0,9.473855972E0,9.812525321E0
1.976504210E-1,1.261744261E0,-2.231395960E0,9.521739960E0,9.860763579E0
1.996400390E-1,1.252167463E0,-2.236184359E0,9.536105156E0,9.874499754E0
2.016312410E-1,1.244984865E0,-2.226607561E0,9.545681953E0,9.880678747E0
2.036218660E-1,1.237802267E0,-2.236184359E0,9.555258751E0,9.891190259E0
2.056117100E-1,1.233013868E0,-2.250549555E0,9.545681953E0,9.884601178E0
2.076012800E-1,1.237802267E0,-2.252943754E0,9.533711433E0,9.874186737E0
2.095914370E-1,1.240196466E0,-2.250549555E0,9.526528358E0,9.867005784E0
2.115819440E-1,1.242590666E0,-2.257732153E0,9.497797966E0,9.841217010E0
2.135724130E-1,1.244984865E0,-2.262520552E0,9.485827446E0,9.831068553E0
2.155633900E-1,1.247379065E0,-2.262520552E0,9.473855972E0,9.819821829E0
2.175541710E-1,1.252167463E0,-2.257732153E0,9.469067574E0,9.814709295E0
2.195459290E-1,1.261744261E0,-2.264914751E0,9.461885452E0,9.810663266E0
2.215363970E-1,1.266532660E0,-2.257732153E0,9.457097054E0,9.805006075E0
2.235271400E-1,1.259350061E0,-2.250549555E0,9.452308655E0,9.797809693E0
2.255172960E-1,1.252167463E0,-2.252943754E0,9.449913979E0,9.795129051E0
2.275068270E-1,1.244984865E0,-2.257732153E0,9.449913979E0,9.795316023E0
2.294963970E-1,1.233013868E0,-2.255337954E0,9.445125580E0,9.788629613E0
2.314863190E-1,1.230619669E0,-2.250549555E0,9.445125580E0,9.787226128E0
2.334766710E-1,1.221042871E0,-2.255337954E0,9.442731857E0,9.784818849E0
2.354665930E-1,1.211466074E0,-2.262520552E0,9.423578262E0,9.766804829E0
2.374566710E-1,1.201889277E0,-2.262520552E0,9.416395187E0,9.758690250E0
2.394466320E-1,1.192312479E0,-2.272097349E0,9.411606789E0,9.755120592E0
2.414365150E-1,1.182735682E0,-2.272097349E0,9.416395187E0,9.758575120E0
2.434262410E-1,1.182735682E0,-2.267308950E0,9.418789864E0,9.759772337E0
2.454159290E-1,1.175553083E0,-2.274491549E0,9.433155060E0,9.774438666E0
2.474064760E-1,1.163581967E0,-2.267308950E0,9.442731857E0,9.780582692E0
2.493958900E-1,1.154005170E0,-2.260126352E0,9.454702377E0,9.789346051E0
2.513860850E-1,1.149216771E0,-2.264914751E0,9.466673851E0,9.801451516E0
2.533766320E-1,1.144428372E0,-2.250549555E0,9.495404243E0,9.825344337E0
2.553665930E-1,1.151610970E0,-2.243366957E0,9.516951561E0,9.845367954E0
2.573564760E-1,1.151610970E0,-2.238578558E0,9.528923035E0,9.855851865E0
2.593460070E-1,1.144428372E0,-2.243366957E0,9.545681953E0,9.872307509E0
2.613360070E-1,1.146822572E0,-2.238578558E0,9.536105156E0,9.862237957E0
2.633269050E-1,1.158793569E0,-2.245761156E0,9.514557838E0,9.844442928E0
2.653178820E-1,1.161187768E0,-2.262520552E0,9.504981041E0,9.839309979E0
2.673086240E-1,1.165976286E0,-2.274491549E0,9.476250648E0,9.814893726E0
2.692985850E-1,1.182735682E0,-2.269703150E0,9.433155060E0,9.774192062E0
2.712888970E-1,1.187524080E0,-2.264914751E0,9.423578262E0,9.764419058E0
2.732789760E-1,1.192312479E0,-2.260126352E0,9.411606789E0,9.752339336E0
2.752692880E-1,1.194706678E0,-2.260126352E0,9.385271072E0,9.727219967E0
2.772587800E-1,1.194706678E0,-2.264914751E0,9.373299599E0,9.716784872E0
2.792484370E-1,1.201889277E0,-2.255337954E0,9.378087997E0,9.720062840E0
2.812389760E-1,1.209071875E0,-2.243366957E0,9.387664795E0,9.727425168E0
2.832287410E-1,1.206677675E0,-2.248155355E0,9.406818390E0,9.746717690E0
2.852190930E-1,1.204283476E0,-2.248155355E0,9.421183586E0,9.760286950E0
2.872103040E-1,1.194706678E0,-2.248155355E0,9.435548782E0,9.772978429E0
2.892017880E-1,1.180341482E0,-2.240972757E0,9.433155060E0,9.767270821E0
2.911926080E-1,1.173158884E0,-2.229001760E0,9.457097054E0,9.786799032E0
2.931829990E-1,1.149216771E0,-2.236184359E0,9.466673851E0,9.794852397E0
2.951736240E-1,1.130063176E0,-2.238578558E0,9.483432770E0,9.809371735E0
2.971642490E-1,1.106121182E0,-2.224213362E0,9.488221169E0,9.808005408E0
2.991545220E-1,1.074996591E0,-2.217030764E0,9.507374763E0,9.821457019E0
3.011449910E-1,1.070208192E0,-2.219424963E0,9.507374763E0,9.821474820E0
3.031353820E-1,1.074996591E0,-2.221819162E0,9.521739960E0,9.836443967E0
3.051264760E-1,1.070208192E0,-2.221819162E0,9.519346237E0,9.833604565E0
3.071164370E-1,1.072602391E0,-2.224213362E0,9.514557838E0,9.829771708E0
3.091067880E-1,1.074996591E0,-2.240972757E0,9.504981041E0,9.824573332E0
3.110985070E-1,1.082179189E0,-2.245761156E0,9.493009567E0,9.814875731E0
3.130906160E-1,1.094150186E0,-2.245761156E0,9.464279175E0,9.788421124E0
3.150825300E-1,1.096544385E0,-2.250549555E0,9.452308655E0,9.778216698E0
3.170738580E-1,1.101332784E0,-2.252943754E0,9.452308655E0,9.779306129E0
3.190653430E-1,1.110909581E0,-2.262520552E0,9.428366661E0,9.759468082E0
3.210565150E-1,1.125274777E0,-2.267308950E0,9.421183586E0,9.755287457E0
3.230476470E-1,1.130063176E0,-2.274491549E0,9.414001465E0,9.750578350E0
3.250388190E-1,1.151610970E0,-2.262520552E0,9.416395187E0,9.752625564E0
3.270288580E-1,1.175553083E0,-2.262520552E0,9.421183586E0,9.760103712E0
3.290200300E-1,1.177947283E0,-2.264914751E0,9.423578262E0,9.763258979E0
3.310110850E-1,1.177947283E0,-2.267308950E0,9.425971985E0,9.766125001E0
3.330022570E-1,1.177947283E0,-2.262520552E0,9.416395187E0,9.755770465E0
3.349934680E-1,1.180341482E0,-2.262520552E0,9.423578262E0,9.762993011E0
3.369843660E-1,1.177947283E0,-2.269703150E0,9.423578262E0,9.764370920E0
3.389748740E-1,1.182735682E0,-2.279279947E0,9.418789864E0,9.762560282E0
3.409649130E-1,1.185129881E0,-2.274491549E0,9.440337181E0,9.782525785E0
3.429552650E-1,1.180341482E0,-2.269703150E0,9.442731857E0,9.783145881E0
3.449452650E-1,1.180341482E0,-2.264914751E0,9.445125580E0,9.784346788E0
3.469358510E-1,1.185129881E0,-2.264914751E0,9.445125580E0,9.784925594E0
3.489271010E-1,1.189918280E0,-2.272097349E0,9.449913979E0,9.791792792E0
3.509187020E-1,1.194706678E0,-2.267308950E0,9.457097054E0,9.798198743E0
3.529102650E-1,1.194706678E0,-2.267308950E0,9.447520256E0,9.788955660E0
3.549015930E-1,1.201889277E0,-2.262520552E0,9.457097054E0,9.797970288E0
3.568920220E-1,1.201889277E0,-2.260126352E0,9.478644371E0,9.818218172E0
3.588829600E-1,1.206677675E0,-2.264914751E0,9.483432770E0,9.824530876E0
3.608746400E-1,1.211466074E0,-2.262520552E0,9.493009567E0,9.833813093E0
3.628656550E-1,1.209071875E0,-2.257732153E0,9.509769440E0,9.848600107E0
3.648567490E-1,1.194706678E0,-2.238578558E0,9.516951561E0,9.849412420E0
3.668470620E-1,1.189918280E0,-2.236184359E0,9.533711433E0,9.864485779E0
3.688371010E-1,1.192312479E0,-2.226607561E0,9.526528358E0,9.855665013E0
3.708281940E-1,1.199495077E0,-2.233790159E0,9.519346237E0,9.851221229E0
3.728190150E-1,1.204283476E0,-2.231395960E0,9.502586365E0,9.835068594E0
3.748099520E-1,1.197100878E0,-2.226607561E0,9.500192642E0,9.830793049E0
3.768005380E-1,1.182735682E0,-2.224213362E0,9.497797966E0,9.826197381E0
3.787912020E-1,1.182735682E0,-2.229001760E0,9.473855972E0,9.804145018E0
3.807819050E-1,1.173158884E0,-2.224213362E0,9.440337181E0,9.769513444E0
3.827718270E-1,1.170764685E0,-2.221819162E0,9.430760384E0,9.759426815E0
3.847619830E-1,1.170764685E0,-2.236184359E0,9.418789864E0,9.751144186E0
3.867522570E-1,1.177947283E0,-2.248155355E0,9.423578262E0,9.759384692E0
3.887428040E-1,1.180341482E0,-2.250549555E0,9.421183586E0,9.757913685E0
3.907336240E-1,1.177947283E0,-2.260126352E0,9.414001465E0,9.752904927E0
3.927242880E-1,1.177947283E0,-2.267308950E0,9.428366661E0,9.768436291E0
3.947148740E-1,1.175553083E0,-2.267308950E0,9.435548782E0,9.775080345E0
3.967046010E-1,1.165976286E0,-2.272097349E0,9.440337181E0,9.779667334E0
3.986939760E-1,1.168370485E0,-2.276885748E0,9.435548782E0,9.776445117E0
4.006832330E-1,1.158793569E0,-2.269703150E0,9.433155060E0,9.771323826E0
4.026728040E-1,1.139639974E0,-2.276885748E0,9.423578262E0,9.761496568E0
4.046619830E-1,1.139639974E0,-2.274491549E0,9.421183586E0,9.758626504E0
4.066510850E-1,1.130063176E0,-2.272097349E0,9.423578262E0,9.759267207E0
4.086419440E-1,1.127668977E0,-2.267308950E0,9.416395187E0,9.750939725E0
4.106312410E-1,1.110909581E0,-2.255337954E0,9.433155060E0,9.762432267E0
4.126201870E-1,1.108515382E0,-2.255337954E0,9.447520256E0,9.776041869E0
4.146088970E-1,1.106121182E0,-2.245761156E0,9.473855972E0,9.799025167E0
4.165976470E-1,1.108515382E0,-2.233790159E0,9.485827446E0,9.808136783E0
4.185875690E-1,1.110909581E0,-2.231395960E0,9.485827446E0,9.807862681E0
4.205779210E-1,1.122880578E0,-2.221819162E0,9.476250648E0,9.797788911E0
4.225679210E-1,1.146822572E0,-2.224213362E0,9.485827446E0,9.810364388E0
4.245576870E-1,1.170764685E0,-2.238578558E0,9.478644371E0,9.809516962E0
4.265476870E-1,1.197100878E0,-2.243366957E0,9.466673851E0,9.802227278E0
4.285380380E-1,1.221042871E0,-2.245761156E0,9.457097054E0,9.796482713E0
4.305269830E-1,1.240196466E0,-2.264914751E0,9.459490776E0,9.805605124E0
4.325163970E-1,1.247379065E0,-2.269703150E0,9.445125580E0,9.793768638E0
4.345065150E-1,1.256955862E0,-2.267308950E0,9.435548782E0,9.785203561E0
4.364965540E-1,1.259350061E0,-2.274491549E0,9.435548782E0,9.787178102E0
4.384863970E-1,1.259350061E0,-2.281674147E0,9.421183586E0,9.775003819E0
4.404763970E-1,1.276109457E0,-2.303221941E0,9.418789864E0,9.779922758E0
4.424653040E-1,1.268926859E0,-2.310404539E0,9.421183586E0,9.782987513E0
4.444548350E-1,1.271321058E0,-2.319981337E0,9.423578262E0,9.787869937E0
4.464446010E-1,1.273715258E0,-2.317587137E0,9.435548782E0,9.799139836E0
4.484356160E-1,1.271321058E0,-2.319981337E0,9.440337181E0,9.804006157E0
4.504253430E-1,1.261744261E0,-2.310404539E0,9.445125580E0,9.805119323E0
4.524162020E-1,1.259350061E0,-2.308010340E0,9.433155060E0,9.792716104E0
4.544076870E-1,1.261744261E0,-2.296039343E0,9.433155060E0,9.790209887E0
4.563982720E-1,1.252167463E0,-2.298433542E0,9.428366661E0,9.784928104E0
4.583879990E-1,1.271321058E0,-2.300827742E0,9.418789864E0,9.778735502E0
4.603789370E-1,1.273715258E0,-2.296039343E0,9.404424667E0,9.764084726E0
4.623707720E-1,1.273715258E0,-2.291250944E0,9.404424667E0,9.762959837E0
4.643619440E-1,1.276109457E0,-2.291250944E0,9.406818390E0,9.765578245E0
4.663527260E-1,1.292868972E0,-2.293645144E0,9.423578262E0,9.784484937E0
4.683423350E-1,1.302445769E0,-2.288856745E0,9.430760384E0,9.791551031E0
4.703308120E-1,1.304839969E0,-2.281674147E0,9.442731857E0,9.801725827E0
4.723200690E-1,1.297657371E0,-2.264914751E0,9.445125580E0,9.799191329E0
4.743088970E-1,1.285686255E0,-2.269703150E0,9.433155060E0,9.787183247E0
4.762976870E-1,1.290474772E0,-2.264914751E0,9.425971985E0,9.779780766E0
4.782872180E-1,1.288080573E0,-2.248155355E0,9.411606789E0,9.761746586E0
4.802761240E-1,1.278503656E0,-2.255337954E0,9.411606789E0,9.762144397E0
4.822661630E-1,1.280897856E0,-2.257732153E0,9.409213066E0,9.760704089E0
4.842557330E-1,1.271321058E0,-2.264914751E0,9.416395187E0,9.768039434E0
4.862456940E-1,1.266532660E0,-2.250549555E0,9.425971985E0,9.773332397E0
4.882351870E-1,1.252167463E0,-2.236184359E0,9.457097054E0,9.798220681E0
4.902244440E-1,1.242590666E0,-2.231395960E0,9.476250648E0,9.814401961E0
4.922135460E-1,1.233013868E0,-2.229001760E0,9.481039047E0,9.817274238E0
4.942045620E-1,1.221042871E0,-2.217030764E0,9.488221169E0,9.820005705E0
4.961946400E-1,1.211466074E0,-2.226607561E0,9.502586365E0,9.834865474E0
4.981848350E-1,1.194706678E0,-2.209848166E0,9.512163162E0,9.838292585E0
5.001743660E-1,1.185129881E0,-2.209848166E0,9.495404243E0,9.820929869E0
5.021652260E-1,1.170764685E0,-2.217030764E0,9.495404243E0,9.820825683E0
5.041546790E-1,1.151610970E0,-2.224213362E0,9.473855972E0,9.799350993E0
5.061447570E-1,1.149216771E0,-2.226607561E0,9.461885452E0,9.788041517E0
5.081336630E-1,1.144428372E0,-2.236184359E0,9.449913979E0,9.778093423E0
5.101233120E-1,1.151610970E0,-2.233790159E0,9.447520256E0,9.776076170E0
5.121139760E-1,1.149216771E0,-2.236184359E0,9.440337181E0,9.769400481E0
5.141039760E-1,1.151610970E0,-2.243366957E0,9.425971985E0,9.757451050E0
5.160941320E-1,1.149216771E0,-2.252943754E0,9.421183586E0,9.754750377E0
5.180833900E-1,1.144428372E0,-2.264914751E0,9.418789864E0,9.754648001E0
5.200722570E-1,1.142034173E0,-2.272097349E0,9.421183586E0,9.758348660E0
5.220611630E-1,1.156399369E0,-2.281674147E0,9.411606789E0,9.753032285E0
5.240513970E-1,1.161187768E0,-2.288856745E0,9.409213066E0,9.752974559E0
5.260403820E-1,1.165976286E0,-2.298433542E0,9.411606789E0,9.758106363E0
5.280304600E-1,1.165976286E0,-2.298433542E0,9.416395187E0,9.762724813E0
5.300199520E-1,1.173158884E0,-2.305616140E0,9.397241592E0,9.746810612E0
5.320083900E-1,1.168370485E0,-2.308010340E0,9.399636269E0,9.749110898E0
5.339978040E-1,1.156399369E0,-2.303221941E0,9.404424667E0,9.751168860E0
5.359869050E-1,1.149216771E0,-2.303221941E0,9.409213066E0,9.754938289E0
5.379763580E-1,1.146822572E0,-2.310404539E0,9.414001465E0,9.760973042E0
5.399651470E-1,1.144428372E0,-2.298433542E0,9.440337181E0,9.783275481E0
5.419537410E-1,1.137245774E0,-2.291250944E0,9.461885452E0,9.801552691E0
5.439424520E-1,1.139639974E0,-2.293645144E0,9.483432770E0,9.823191152E0
5.459307720E-1,1.125274777E0,-2.293645144E0,9.524134636E0,9.860841340E0
5.479199520E-1,1.127668977E0,-2.279279947E0,9.540893555E0,9.873976110E0
5.499090150E-1,1.122880578E0,-2.279279947E0,9.538499832E0,9.871117309E0
5.518978820E-1,1.122880578E0,-2.279279947E0,9.526528358E0,9.859549708E0
5.538876870E-1,1.125274777E0,-2.281674147E0,9.526528358E0,9.860376403E0
5.558774910E-1,1.132457376E0,-2.291250944E0,9.509769440E0,9.847233388E0
5.578680380E-1,1.144428372E0,-2.291250944E0,9.466673851E0,9.807010808E0
5.598570220E-1,1.158793569E0,-2.288856745E0,9.454702377E0,9.796584342E0
5.618467100E-1,1.180341482E0,-2.281674147E0,9.430760384E0,9.774378975E0
5.638369050E-1,1.192312479E0,-2.272097349E0,9.418789864E0,9.762050907E0
5.658265540E-1,1.206677675E0,-2.260126352E0,9.411606789E0,9.754106032E0
5.678169050E-1,1.218648672E0,-2.252943754E0,9.411606789E0,9.753932668E0
5.698064370E-1,1.225831270E0,-2.257732153E0,9.404424667E0,9.749011237E0
5.717964760E-1,1.225831270E0,-2.252943754E0,9.423578262E0,9.766383421E0
5.737863580E-1,1.225831270E0,-2.245761156E0,9.425971985E0,9.767039128E0
5.757759290E-1,1.225831270E0,-2.243366957E0,9.435548782E0,9.775732117E0
5.777656550E-1,1.230619669E0,-2.240972757E0,9.440337181E0,9.780406421E0
5.797555380E-1,1.228225470E0,-2.238578558E0,9.461885452E0,9.800359589E0
5.817452260E-1,1.218648672E0,-2.248155355E0,9.466673851E0,9.805978834E0
5.837349130E-1,1.213860273E0,-2.245761156E0,9.490615845E0,9.827954469E0
5.857243270E-1,1.211466074E0,-2.243366957E0,9.493009567E0,9.829423991E0
5.877137020E-1,1.201889277E0,-2.248155355E0,9.488221169E0,9.824717873E0
5.897033900E-1,1.197100878E0,-2.252943754E0,9.481039047E0,9.818294530E0
5.916932330E-1,1.192312479E0,-2.252943754E0,9.464279175E0,9.801527682E0
5.936827650E-1,1.182735682E0,-2.255337954E0,9.461885452E0,9.798606497E0
5.956726470E-1,1.175553083E0,-2.252943754E0,9.452308655E0,9.787942558E0
5.976631940E-1,1.177947283E0,-2.252943754E0,9.445125580E0,9.781294014E0
5.996526870E-1,1.168370485E0,-2.255337954E0,9.442731857E0,9.778385542E0
6.016421400E-1,1.170764685E0,-2.260126352E0,9.449913979E0,9.786712179E0
6.036322180E-1,1.173158884E0,-2.257732153E0,9.435548782E0,9.772575764E0
6.056220220E-1,1.177947283E0,-2.255337954E0,9.442731857E0,9.779534448E0
6.076117490E-1,1.180341482E0,-2.252943754E0,9.435548782E0,9.772335565E0
6.096018660E-1,1.192312479E0,-2.267308950E0,9.433155060E0,9.774799911E0
6.115914760E-1,1.206677675E0,-2.264914751E0,9.425971985E0,9.769076604E0
6.135812020E-1,1.204283476E0,-2.267308950E0,9.414001465E0,9.757787257E0
6.155708120E-1,1.201889277E0,-2.272097349E0,9.397241592E0,9.742438799E0
6.175604210E-1,1.213860273E0,-2.291250944E0,9.390059471E0,9.741483692E0
6.195502650E-1,1.216254473E0,-2.300827742E0,9.382876396E0,9.737117269E0
6.215402650E-1,1.213860273E0,-2.310404539E0,9.385271072E0,9.741393073E0
6.235301870E-1,1.228225470E0,-2.312798738E0,9.399636269E0,9.757598977E0
6.255201080E-1,1.230619669E0,-2.324769735E0,9.406818390E0,9.767661507E0
6.275106160E-1,1.221042871E0,-2.329558372E0,9.416395187E0,9.776823934E0
6.295005770E-1,1.209071875E0,-2.324769735E0,9.437943459E0,9.794957164E0
6.314902260E-1,1.197100878E0,-2.319981337E0,9.481039047E0,9.833893701E0
6.334808510E-1,1.180341482E0,-2.317587137E0,9.521739960E0,9.870559661E0
6.354705380E-1,1.173158884E0,-2.324769735E0,9.512163162E0,9.862155146E0
6.374609680E-1,1.165976286E0,-2.329558372E0,9.516951561E0,9.867051734E0
6.394522180E-1,1.161187768E0,-2.336740971E0,9.512163162E0,9.863567479E0
6.414436240E-1,1.173158884E0,-2.348711967E0,9.502586365E0,9.858595097E0
6.434341320E-1,1.185129881E0,-2.355894566E0,9.504981041E0,9.864047680E0
6.454237410E-1,1.189918280E0,-2.365471363E0,9.478644371E0,9.841547612E0
6.474142490E-1,1.194706678E0,-2.367865562E0,9.449913979E0,9.815038745E0
6.494047180E-1,1.213860273E0,-2.367865562E0,9.433155060E0,9.801258004E0
6.513947570E-1,1.213860273E0,-2.363077164E0,9.425971985E0,9.793188363E0
6.533845620E-1,1.216254473E0,-2.367865562E0,9.397241592E0,9.766996048E0
6.553741320E-1,1.216254473E0,-2.360682964E0,9.387664795E0,9.756041682E0
6.573652260E-1,1.206677675E0,-2.339135170E0,9.385271072E0,9.747355408E0
6.593558510E-1,1.213860273E0,-2.331952572E0,9.387664795E0,9.748831205E0
6.613458120E-1,1.213860273E0,-2.310404539E0,9.392453194E0,9.748312823E0
6.633367100E-1,1.209071875E0,-2.300827742E0,9.399636269E0,9.752375356E0
6.653267100E-1,1.199495077E0,-2.288856745E0,9.399636269E0,9.748375025E0
6.673173350E-1,1.192312479E0,-2.281674147E0,9.428366661E0,9.773522592E0
6.693069830E-1,1.194706678E0,-2.272097349E0,9.445125580E0,9.787754984E0
6.712972180E-1,1.189918280E0,-2.269703150E0,9.437943459E0,9.779684792E0
6.732878820E-1,1.187524080E0,-2.264914751E0,9.440337181E0,9.780593968E0
6.752772570E-1,1.185129881E0,-2.260126352E0,9.447520256E0,9.786130132E0
6.772671010E-1,1.194706678E0,-2.264914751E0,9.428366661E0,9.769916109E0
6.792576870E-1,1.199495077E0,-2.279279947E0,9.421183586E0,9.766913826E0
6.812479600E-1,1.201889277E0,-2.286462545E0,9.416395187E0,9.764268899E0
6.832390150E-1,1.221042871E0,-2.284068346E0,9.406818390E0,9.756851240E0
6.852285850E-1,1.235408068E0,-2.276885748E0,9.402029991E0,9.752364316E0
6.872185070E-1,1.249773264E0,-2.281674147E0,9.409213066E0,9.762236457E0
6.892079210E-1,1.261744261E0,-2.286462545E0,9.414001465E0,9.769510383E0
6.911984290E-1,1.278503656E0,-2.281674147E0,9.406818390E0,9.763648946E0
6.931886240E-1,1.283292055E0,-2.288856745E0,9.416395187E0,9.775182966E0
6.951799130E-1,1.283292055E0,-2.288856745E0,9.423578262E0,9.782102584E0
6.971701080E-1,1.285686255E0,-2.288856745E0,9.437943459E0,9.796255972E0
6.991606940E-1,1.285686255E0,-2.279279947E0,9.466673851E0,9.821711665E0
7.011504990E-1,1.290474772E0,-2.264914751E0,9.478644371E0,9.830557618E0
7.031409290E-1,1.290474772E0,-2.264914751E0,9.488221169E0,9.839791914E0
7.051317880E-1,1.280897856E0,-2.269703150E0,9.490615845E0,9.841953100E0
7.071223740E-1,1.261744261E0,-2.267308950E0,9.485827446E0,9.834307845E0
7.091123740E-1,1.252167463E0,-2.274491549E0,9.483432770E0,9.832432673E0
7.111019440E-1,1.242590666E0,-2.272097349E0,9.485827446E0,9.832974131E0
7.130908900E-1,1.237802267E0,-2.274491549E0,9.478644371E0,9.825994371E0
7.150808510E-1,1.225831270E0,-2.288856745E0,9.478644371E0,9.827829191E0
7.170709680E-1,1.216254473E0,-2.284068346E0,9.457097054E0,9.804740070E0
7.190615930E-1,1.216254473E0,-2.281674147E0,9.464279175E0,9.811110648E0
7.210515540E-1,1.218648672E0,-2.291250944E0,9.457097054E0,9.806713015E0
7.230410460E-1,1.223437071E0,-2.284068346E0,9.461885452E0,9.810251923E0
7.250311630E-1,1.223437071E0,-2.286462545E0,9.464279175E0,9.813118237E0
7.270217490E-1,1.221042871E0,-2.288856745E0,9.476250648E0,9.824924287E0
7.290115540E-1,1.233013868E0,-2.296039343E0,9.464279175E0,9.816552356E0
7.310021400E-1,1.233013868E0,-2.293645144E0,9.457097054E0,9.809068046E0
7.329930380E-1,1.228225470E0,-2.305616140E0,9.459490776E0,9.813580862E0
7.349825690E-1,1.216254473E0,-2.310404539E0,9.469067574E0,9.822448004E0
7.369720220E-1,1.209071875E0,-2.315192938E0,9.469067574E0,9.822688728E0
7.389610850E-1,1.201889277E0,-2.312798738E0,9.471462250E0,9.823551954E0
7.409510070E-1,1.182735682E0,-2.312798738E0,9.471462250E0,9.821226952E0
7.429406940E-1,1.170764685E0,-2.327163935E0,9.471462250E0,9.823185790E0
7.449306160E-1,1.163581967E0,-2.324769735E0,9.490615845E0,9.840237112E0
7.469218270E-1,1.154005170E0,-2.324769735E0,9.493009567E0,9.841418236E0
7.489125690E-1,1.144428372E0,-2.324769735E0,9.476250648E0,9.824133396E0
7.509021400E-1,1.139639974E0,-2.327163935E0,9.483432770E0,9.831071577E0
7.528915930E-1,1.144428372E0,-2.319981337E0,9.483432770E0,9.829930152E0
7.548814370E-1,1.144428372E0,-2.322375536E0,9.481039047E0,9.828186295E0
7.568706550E-1,1.151610970E0,-2.315192938E0,9.461885452E0,9.808853270E0
7.588601870E-1,1.156399369E0,-2.315192938E0,9.449913979E0,9.797869771E0
7.608500690E-1,1.163581967E0,-2.312798738E0,9.437943459E0,9.786610124E0
7.628390540E-1,1.168370485E0,-2.312798738E0,9.423578262E0,9.773328750E0
7.648285460E-1,1.177947283E0,-2.305616140E0,9.409213066E0,9.758930070E0
7.668169830E-1,1.189918280E0,-2.298433542E0,9.404424667E0,9.754071231E0
7.688070220E-1,1.199495077E0,-2.298433542E0,9.411606789E0,9.762168178E0
7.707967100E-1,1.206677675E0,-2.293645144E0,9.397241592E0,9.748078200E0
7.727862800E-1,1.211466074E0,-2.284068346E0,9.406818390E0,9.755657358E0
7.747765930E-1,1.213860273E0,-2.274491549E0,9.418789864E0,9.765263492E0
7.767666320E-1,1.213860273E0,-2.267308950E0,9.411606789E0,9.756663824E0
7.787566710E-1,1.216254473E0,-2.262520552E0,9.406818390E0,9.751231020E0
7.807478820E-1,1.223437071E0,-2.252943754E0,9.411606789E0,9.754532084E0
7.827379990E-1,1.223437071E0,-2.250549555E0,9.423578262E0,9.765531160E0
7.847278430E-1,1.213860273E0,-2.250549555E0,9.435548782E0,9.775889263E0
7.867179210E-1,1.221042871E0,-2.240972757E0,9.423578262E0,9.763028826E0
7.887074910E-1,1.223437071E0,-2.236184359E0,9.425971985E0,9.764541290E0
7.906973350E-1,1.228225470E0,-2.236184359E0,9.416395187E0,9.755898555E0
7.926869050E-1,1.233013868E0,-2.240972757E0,9.402029991E0,9.743739018E0
7.946780770E-1,1.240196466E0,-2.236184359E0,9.397241592E0,9.738929988E0
7.966679990E-1,1.235408068E0,-2.243366957E0,9.406818390E0,9.749213333E0
7.986587800E-1,1.237802267E0,-2.245761156E0,9.411606789E0,9.754688102E0
8.006497570E-1,1.242590666E0,-2.231395960E0,9.425971985E0,9.765864393E0
8.026398740E-1,1.256955862E0,-2.238578558E0,9.437943459E0,9.780897133E0
8.046308510E-1,1.264138460E0,-2.248155355E0,9.452308655E0,9.797876681E0
8.066214760E-1,1.261744261E0,-2.257732153E0,9.461885452E0,9.809007563E0
8.086123350E-1,1.259350061E0,-2.245761156E0,9.466673851E0,9.810571826E0
8.106019050E-1,1.256955862E0,-2.243366957E0,9.485827446E0,9.828202057E0
8.125921790E-1,1.252167463E0,-2.245761156E0,9.483432770E0,9.825826358E0
8.145828040E-1,1.247379065E0,-2.236184359E0,9.471462250E0,9.811476554E0
8.165734290E-1,1.242590666E0,-2.224213362E0,9.485827446E0,9.822020107E0
8.185635070E-1,1.237802267E0,-2.229001760E0,9.514557838E0,9.850249447E0
8.205532330E-1,1.228225470E0,-2.238578558E0,9.521739960E0,9.858159241E0
8.225425690E-1,1.223437071E0,-2.233790159E0,9.528923035E0,9.863416799E0
8.245322570E-1,1.225831270E0,-2.233790159E0,9.538499832E0,9.872966111E0
8.265221010E-1,1.218648672E0,-2.236184359E0,9.540893555E0,9.874931640E0
8.285126470E-1,1.216254473E0,-2.245761156E0,9.531316757E0,9.867558829E0
8.305037800E-1,1.216254473E0,-2.248155355E0,9.536105156E0,9.872729055E0
8.324940540E-1,1.213860273E0,-2.250549555E0,9.536105156E0,9.872979875E0
8.344826870E-1,1.204283476E0,-2.248155355E0,9.533711433E0,9.868949027E0
8.364723740E-1,1.197100878E0,-2.245761156E0,9.531316757E0,9.865216308E0
8.384617100E-1,1.197100878E0,-2.250549555E0,9.521739960E0,9.857056136E0
8.404512800E-1,1.201889277E0,-2.255337954E0,9.519346237E0,9.856421252E0
8.424406940E-1,1.211466074E0,-2.257732153E0,9.509769440E0,9.848894320E0
8.444309680E-1,1.221042871E0,-2.262520552E0,9.497797966E0,9.839619461E0
8.464214370E-1,1.230619669E0,-2.272097349E0,9.490615845E0,9.836088666E0
8.484120620E-1,1.242590666E0,-2.272097349E0,9.471462250E0,9.819116817E0
8.504020620E-1,1.259350061E0,-2.286462545E0,9.481039047E0,9.833817924E0
8.523915150E-1,1.273715258E0,-2.303221941E0,9.476250648E0,9.834963560E0
8.543812020E-1,1.273715258E0,-2.312798738E0,9.442731857E0,9.804925981E0
8.563722180E-1,1.273715258E0,-2.315192938E0,9.435548782E0,9.798573862E0
8.583632720E-1,1.273715258E0,-2.298433542E0,9.421183586E0,9.780789716E0
8.603539760E-1,1.256955862E0,-2.284068346E0,9.430760384E0,9.784485048E0
8.623436630E-1,1.249773264E0,-2.279279947E0,9.442731857E0,9.793989750E0
8.643334680E-1,1.242590666E0,-2.272097349E0,9.459490776E0,9.807569713E0
8.663224520E-1,1.235408068E0,-2.264914751E0,9.483432770E0,9.828100988E0
8.683114370E-1,1.228225470E0,-2.257732153E0,9.543288231E0,9.883331550E0
8.703017100E-1,1.218648672E0,-2.252943754E0,9.540893555E0,9.878740303E0
8.722914370E-1,1.221042871E0,-2.250549555E0,9.514557838E0,9.853056879E0
8.742817490E-1,1.216254473E0,-2.257732153E0,9.473855972E0,9.814814130E0
8.762717880E-1,1.225831270E0,-2.264914751E0,9.459490776E0,9.803798594E0
8.782617880E-1,1.240196466E0,-2.269703150E0,9.449913979E0,9.797474872E0
8.802503040E-1,1.240196466E0,-2.260126352E0,9.440337181E0,9.786021893E0
8.822397570E-1,1.242590666E0,-2.248155355E0,9.402029991E0,9.746609771E0
8.842296010E-1,1.242590666E0,-2.250549555E0,9.392453194E0,9.737924926E0
8.862190540E-1,1.249773264E0,-2.255337954E0,9.409213066E0,9.756114648E0
8.882086240E-1,1.259350061E0,-2.248155355E0,9.464279175E0,9.808809580E0
8.901985460E-1,1.280897856E0,-2.248155355E0,9.509769440E0,9.855486625E0
8.921874910E-1,1.259350061E0,-2.250549555E0,9.481039047E0,9.825529873E0
8.941759290E-1,1.235408068E0,-2.250549555E0,9.433155060E0,9.776278473E0
8.961645620E-1,1.216254473E0,-2.238578558E0,9.370905876E0,9.711044529E0
8.981538190E-1,1.225831270E0,-2.238578558E0,9.339780807E0,9.682220912E0
9.001437020E-1,1.221042871E0,-2.243366957E0,9.325415611E0,9.668868461E0
9.021340150E-1,1.209071875E0,-2.238578558E0,9.308655739E0,9.650086032E0
9.041239760E-1,1.204283476E0,-2.233790159E0,9.287108421E0,9.627590560E0
9.061142490E-1,1.187524080E0,-2.233790159E0,9.282320023E0,9.620888572E0
9.081037800E-1,1.182735682E0,-2.238578558E0,9.306262016E0,9.644511930E0
9.100939370E-1,1.177947283E0,-2.252943754E0,9.327810287E0,9.668058757E0
9.120825690E-1,1.173158884E0,-2.274491549E0,9.366117477E0,9.709468068E0
9.140720220E-1,1.177947283E0,-2.281674147E0,9.375694275E0,9.720969080E0
9.160622570E-1,1.185129881E0,-2.293645144E0,9.414001465E0,9.761596409E0
9.180522960E-1,1.187524080E0,-2.303221941E0,9.433155060E0,9.782610037E0
9.200420620E-1,1.197100878E0,-2.315192938E0,9.461885452E0,9.814297996E0
9.220324130E-1,1.201889277E0,-2.315192938E0,9.481039047E0,9.833349256E0
9.240216320E-1,1.199495077E0,-2.315192938E0,9.488221169E0,9.839982100E0
9.260104600E-1,1.209071875E0,-2.319981337E0,9.478644371E0,9.833049746E0
9.279994050E-1,1.216254473E0,-2.310404539E0,9.471462250E0,9.824756548E0
9.299891320E-1,1.218648672E0,-2.303221941E0,9.447520256E0,9.800284429E0
9.319796010E-1,1.230619669E0,-2.305616140E0,9.423578262E0,9.779269800E0
9.339696790E-1,1.237802267E0,-2.298433542E0,9.402029991E0,9.757721002E0
9.359589760E-1,1.235408068E0,-2.300827742E0,9.387664795E0,9.744141404E0
9.379484680E-1,1.237802267E0,-2.288856745E0,9.375694275E0,9.730090585E0
9.399378820E-1,1.244984865E0,-2.286462545E0,9.375694275E0,9.730444051E0
9.419270620E-1,1.247379065E0,-2.274491549E0,9.378087997E0,9.730251838E0
9.439163580E-1,1.247379065E0,-2.281674147E0,9.373299599E0,9.727319097E0
9.459056550E-1,1.240196466E0,-2.288856745E0,9.397241592E0,9.751159009E0
9.478954210E-1,1.240196466E0,-2.279279947E0,9.423578262E0,9.774304662E0
9.498844830E-1,1.233013868E0,-2.281674147E0,9.454702377E0,9.803966399E0
9.518739760E-1,1.225831270E0,-2.276885748E0,9.469067574E0,9.815809275E0
9.538635850E-1,1.218648672E0,-2.272097349E0,9.485827446E0,9.829977278E0
9.558540930E-1,1.213860273E0,-2.274491549E0,9.490615845E0,9.834559354E0
9.578443660E-1,1.209071875E0,-2.276885748E0,9.500192642E0,9.843765730E0
9.598344050E-1,1.197100878E0,-2.262520552E0,9.502586365E0,9.841300594E0
9.618242490E-1,1.189918280E0,-2.257732153E0,9.497797966E0,9.834705191E0
9.638146790E-1,1.177947283E0,-2.245761156E0,9.497797966E0,9.830522325E0
9.658043660E-1,1.180341482E0,-2.252943754E0,9.481039047E0,9.816265226E0
9.677938190E-1,1.177947283E0,-2.245761156E0,9.481039047E0,9.814331581E0
9.697829600E-1,1.173158884E0,-2.248155355E0,9.488221169E0,9.821244586E0
9.717724910E-1,1.170764685E0,-2.243366957E0,9.478644371E0,9.810610805E0
9.737623740E-1,1.165976286E0,-2.243366957E0,9.459490776E0,9.791535209E0
9.757520620E-1,1.173158884E0,-2.240972757E0,9.461885452E0,9.794158309E0
9.777415930E-1,1.180341482E0,-2.245761156E0,9.459490776E0,9.793804926E0
9.797312410E-1,1.187524080E0,-2.248155355E0,9.466673851E0,9.802159443E0
9.817210070E-1,1.185129881E0,-2.252943754E0,9.469067574E0,9.805280675E0
9.837114370E-1,1.192312479E0,-2.252943754E0,9.476250648E0,9.813087738E0
9.857010070E-1,1.192312479E0,-2.257732153E0,9.476250648E0,9.814188192E0
9.876912800E-1,1.197100878E0,-2.260126352E0,9.476250648E0,9.815322103E0
9.896809680E-1,1.199495077E0,-2.264914751E0,9.478644371E0,9.819028790E0
9.916699910E-1,1.182735682E0,-2.267308950E0,9.469067574E0,9.808302314E0
9.936587410E-1,1.165976286E0,-2.276885748E0,9.469067574E0,9.808514165E0
9.956470620E-1,1.170764685E0,-2.288856745E0,9.466673851E0,9.809560079E0
9.976362020E-1,1.173158884E0,-2.300827742E0,9.466673851E0,9.812646119E0
9.996259290E-1,1.168370485E0,-2.308010340E0,9.445125580E0,9.792977001E0
1.001615030E0,1.163581967E0,-2.310404539E0,9.449913979E0,9.797589823E0
1.003604796E0,1.158793569E0,-2.322375536E0,9.440337181E0,9.790617792E0
1.005594874E0,1.156399369E0,-2.322375536E0,9.452308655E0,9.801878725E0
1.007585147E0,1.149216771E0,-2.317587137E0,9.461885452E0,9.809137864E0
1.009575187E0,1.154005170E0,-2.336740971E0,9.461885452E0,9.814242844E0
1.011566319E0,1.158793569E0,-2.348711967E0,9.452308655E0,9.808434602E0
1.013556124E0,1.170764685E0,-2.351106167E0,9.445125580E0,9.803508932E0
1.015546827E0,1.173158884E0,-2.353500366E0,9.449913979E0,9.808982615E0
1.017538116E0,1.187524080E0,-2.367865562E0,9.435548782E0,9.800335790E0
1.019528780E0,1.206677675E0,-2.377442360E0,9.406818390E0,9.777348076E0
1.021518976E0,1.225831270E0,-2.382230759E0,9.390059471E0,9.764778674E0
1.023509249E0,1.233013868E0,-2.384624958E0,9.361329079E0,9.738646801E0
1.025498272E0,1.256955862E0,-2.379836559E0,9.354146004E0,9.733632803E0
1.027488155E0,1.252167463E0,-2.375048161E0,9.363722801E0,9.741051371E0
1.029478077E0,1.249773264E0,-2.372653961E0,9.368511200E0,9.744763832E0
1.031469444E0,1.252167463E0,-2.372653961E0,9.363722801E0,9.740467898E0
1.033460030E0,1.266532660E0,-2.367865562E0,9.375694275E0,9.752668119E0
1.035450421E0,1.266532660E0,-2.360682964E0,9.382876396E0,9.757832674E0
1.037440538E0,1.273715258E0,-2.353500366E0,9.390059471E0,9.763940363E0
1.039430772E0,1.297657371E0,-2.341529369E0,9.392453194E0,9.766516853E0
1.041421046E0,1.297657371E0,-2.331952572E0,9.390059471E0,9.761922675E0
1.043411515E0,1.309628367E0,-2.339135170E0,9.387664795E0,9.762936551E0
1.045400968E0,1.309628367E0,-2.336740971E0,9.385271072E0,9.760061369E0
1.047391671E0,1.307234168E0,-2.322375536E0,9.378087997E0,9.749401202E0
1.049381671E0,1.312022567E0,-2.315192938E0,9.378087997E0,9.748336065E0
1.051371202E0,1.304839969E0,-2.308010340E0,9.373299599E0,9.741060745E0
1.053362257E0,1.307234168E0,-2.288856745E0,9.378087997E0,9.741471185E0
1.055353351E0,1.309628367E0,-2.281674147E0,9.387664795E0,9.749328883E0
1.057344405E0,1.302445769E0,-2.276885748E0,9.399636269E0,9.758777366E0
1.059334991E0,1.295263171E0,-2.269703150E0,9.409213066E0,9.765375036E0
1.061324679E0,1.288080573E0,-2.264914751E0,9.428366661E0,9.781773269E0
1.063315421E0,1.278503656E0,-2.267308950E0,9.435548782E0,9.787994805E0
1.065306007E0,1.273715258E0,-2.264914751E0,9.459490776E0,9.809900873E0
1.067296280E0,1.259350061E0,-2.269703150E0,9.471462250E0,9.820698148E0
1.069286671E0,1.244984865E0,-2.269703150E0,9.485827446E0,9.832724040E0
1.071277140E0,1.228225470E0,-2.264914751E0,9.500192642E0,9.843375278E0
1.073267765E0,1.211466074E0,-2.255337954E0,9.509769440E0,9.848345756E0
1.075258312E0,1.199495077E0,-2.255337954E0,9.512163162E0,9.849192137E0
1.077248976E0,1.197100878E0,-2.255337954E0,9.504981041E0,9.841964458E0
1.079239327E0,1.177947283E0,-2.255337954E0,9.504981041E0,9.839653128E0
1.081229093E0,1.168370485E0,-2.255337954E0,9.512163162E0,9.845450061E0
1.083219796E0,1.163581967E0,-2.252943754E0,9.512163162E0,9.844334745E0
1.085209757E0,1.180341482E0,-2.252943754E0,9.490615845E0,9.825515289E0
1.087200499E0,1.180341482E0,-2.257732153E0,9.483432770E0,9.819677061E0
1.089191007E0,1.187524080E0,-2.260126352E0,9.478644371E0,9.816470021E0
1.091181476E0,1.197100878E0,-2.272097349E0,9.471462250E0,9.813463916E0
1.093172765E0,1.189918280E0,-2.286462545E0,9.471462250E0,9.815926529E0
1.095162687E0,1.204283476E0,-2.296039343E0,9.459490776E0,9.808366892E0
1.097153741E0,1.201889277E0,-2.296039343E0,9.449913979E0,9.798837110E0
1.099143116E0,1.199495077E0,-2.300827742E0,9.437943459E0,9.788124103E0
1.101132882E0,1.194706678E0,-2.296039343E0,9.447520256E0,9.795650040E0
1.103122921E0,1.187524080E0,-2.303221941E0,9.485827446E0,9.833410755E0
1.105112569E0,1.185129881E0,-2.310404539E0,9.483432770E0,9.832497092E0
1.107102257E0,1.182735682E0,-2.305616140E0,9.493009567E0,9.840323172E0
1.109092804E0,1.175553083E0,-2.298433542E0,9.493009567E0,9.837781886E0
1.111083390E0,1.168370485E0,-2.298433542E0,9.504981041E0,9.848479625E0
1.113073390E0,1.163581967E0,-2.296039343E0,9.521739960E0,9.863531392E0
1.115064249E0,1.156399369E0,-2.288856745E0,9.504981041E0,9.844835666E0
1.117054522E0,1.154005170E0,-2.281674147E0,9.490615845E0,9.829015920E0
1.119044210E0,1.158793569E0,-2.274491549E0,9.481039047E0,9.818666699E0
1.121035694E0,1.168370485E0,-2.281674147E0,9.466673851E0,9.807601149E0
1.123026397E0,1.180341482E0,-2.279279947E0,9.442731857E0,9.785372145E0
1.125017452E0,1.209071875E0,-2.286462545E0,9.397241592E0,9.746687402E0
1.127008546E0,1.225831270E0,-2.281674147E0,9.390059471E0,9.740734884E0
1.128998272E0,1.247379065E0,-2.300827742E0,9.368511200E0,9.727217738E0
1.130988272E0,1.268926859E0,-2.305616140E0,9.349357605E0,9.712699356E0
1.132978468E0,1.271321058E0,-2.303221941E0,9.351752281E0,9.714749573E0
1.134967726E0,1.278503656E0,-2.303221941E0,9.363722801E0,9.727214792E0
1.136957530E0,1.280897856E0,-2.291250944E0,9.373299599E0,9.733923956E0
1.138947843E0,1.283292055E0,-2.300827742E0,9.392453194E0,9.754938431E0
1.140936124E0,1.278503656E0,-2.281674147E0,9.406818390E0,9.763648946E0
1.142925577E0,1.259350061E0,-2.269703150E0,9.418789864E0,9.769908774E0
1.144914952E0,1.249773264E0,-2.257732153E0,9.442731857E0,9.788997529E0
1.146905069E0,1.233013868E0,-2.257732153E0,9.466673851E0,9.809974081E0
1.148895069E0,1.228225470E0,-2.252943754E0,9.471462250E0,9.812894095E0
1.150884327E0,1.218648672E0,-2.240972757E0,9.473855972E0,9.811269565E0
1.152872960E0,1.209071875E0,-2.250549555E0,9.473855972E0,9.812276753E0
1.154862882E0,1.206677675E0,-2.264914751E0,9.481039047E0,9.822220281E0
1.156852335E0,1.213860273E0,-2.257732153E0,9.481039047E0,9.821451657E0
1.158841593E0,1.213860273E0,-2.260126352E0,9.469067574E0,9.810446912E0
1.160831241E0,1.211466074E0,-2.264914751E0,9.454702377E0,9.797391792E0
1.162820772E0,1.223437071E0,-2.267308950E0,9.449913979E0,9.794813033E0
1.164809913E0,1.240196466E0,-2.267308950E0,9.433155060E0,9.780756184E0
1.166798624E0,1.247379065E0,-2.284068346E0,9.406818390E0,9.760182117E0
1.168788819E0,1.266532660E0,-2.288856745E0,9.397241592E0,9.754543542E0
1.170778155E0,1.276109457E0,-2.293645144E0,9.387664795E0,9.747692737E0
1.172768351E0,1.297657371E0,-2.303221941E0,9.382876396E0,9.748185238E0
1.174757335E0,1.309628367E0,-2.300827742E0,9.356540680E0,9.723877223E0
1.176747804E0,1.314416766E0,-2.300827742E0,9.351752281E0,9.719916176E0
1.178739718E0,1.316810966E0,-2.312798738E0,9.366117477E0,9.736898157E0
1.180731671E0,1.316810966E0,-2.312798738E0,9.358934402E0,9.729988812E0
1.182723116E0,1.316810966E0,-2.312798738E0,9.382876396E0,9.753019973E0
1.184713897E0,1.312022567E0,-2.305616140E0,9.382876396E0,9.750673744E0
1.186705030E0,1.300051570E0,-2.310404539E0,9.409213066E0,9.775550815E0
1.188696085E0,1.288080573E0,-2.315192938E0,9.449913979E0,9.814282659E0
1.190687647E0,1.261744261E0,-2.315192938E0,9.473855972E0,9.833924136E0
1.192679132E0,1.249773264E0,-2.315192938E0,9.478644371E0,9.837009234E0
1.194669718E0,1.233013868E0,-2.310404539E0,9.504981041E0,9.859155994E0
1.196659913E0,1.213860273E0,-2.303221941E0,9.533711433E0,9.882810419E0
1.198650851E0,1.201889277E0,-2.298433542E0,9.562441826E0,9.907957825E0
1.200640968E0,1.206677675E0,-2.300827742E0,9.583989143E0,9.929890594E0
1.202631124E0,1.288080573E0,-2.291250944E0,9.722852707E0,1.007188400E1
1.204621437E0,1.319205165E0,-2.317587137E0,9.780313492E0,1.013735885E1
1.206611085E0,1.288080573E0,-2.322375536E0,9.758766174E0,1.011365893E1
1.208600694E0,1.218648672E0,-2.305616140E0,9.696516991E0,1.004108620E1
1.210591046E0,1.158793569E0,-2.293645144E0,9.619902611E0,9.957215315E0
1.212581866E0,1.139639974E0,-2.281674147E0,9.514557838E0,9.850463291E0
1.214572257E0,1.158793569E0,-2.252943754E0,9.409213066E0,9.744323918E0
1.216563585E0,1.189918280E0,-2.236184359E0,9.342175484E0,9.679497341E0
1.218554249E0,1.206677675E0,-2.229001760E0,9.308655739E0,9.647569203E0
1.220545147E0,1.209071875E0,-2.226607561E0,9.299078941E0,9.638075803E0
1.222534991E0,1.228225470E0,-2.229001760E0,9.299078941E0,9.641050555E0
1.224525304E0,1.254561663E0,-2.231395960E0,9.315838814E0,9.661154470E0
1.226515460E0,1.276109457E0,-2.243366957E0,9.327810287E0,9.678284735E0
1.228505733E0,1.309628367E0,-2.267308950E0,9.363722801E0,9.722917311E0
1.230496046E0,1.345541358E0,-2.267308950E0,9.373299599E0,9.737038399E0
1.232486163E0,1.359906554E0,-2.279279947E0,9.409213066E0,9.776387545E0
1.234476476E0,1.379060149E0,-2.298433542E0,9.440337181E0,9.813489172E0
1.236467101E0,1.381454349E0,-2.305616140E0,9.445125580E0,9.820116044E0
1.238458077E0,1.369483352E0,-2.303221941E0,9.449913979E0,9.822483910E0
1.240447960E0,1.352723956E0,-2.284068346E0,9.464279175E0,9.829517313E0
1.242439288E0,1.323993564E0,-2.276885748E0,9.461885452E0,9.821631432E0
1.244429718E0,1.300051570E0,-2.264914751E0,9.471462250E0,9.824895422E0
1.246420226E0,1.268926859E0,-2.250549555E0,9.490615845E0,9.836002124E0
1.248411632E0,1.256955862E0,-2.252943754E0,9.488221169E0,9.832702301E0
1.250402413E0,1.244984865E0,-2.245761156E0,9.495404243E0,9.836469500E0
1.252393312E0,1.233013868E0,-2.238578558E0,9.502586365E0,9.840259386E0
1.254384171E0,1.235408068E0,-2.252943754E0,9.483432770E0,9.825349141E0
1.256373937E0,1.242590666E0,-2.267308950E0,9.473855972E0,9.820319161E0
1.258363976E0,1.252167463E0,-2.293645144E0,9.452308655E0,9.806878724E0
1.260355187E0,1.252167463E0,-2.312798738E0,9.442731857E0,9.802150085E0
1.262345460E0,1.252167463E0,-2.329558372E0,9.418789864E0,9.783065371E0
1.264336554E0,1.247379065E0,-2.334346771E0,9.421183586E0,9.785899526E0
1.266326788E0,1.252167463E0,-2.346317768E0,9.425971985E0,9.793981738E0
1.268316710E0,1.254561663E0,-2.358288765E0,9.409213066E0,9.781039893E0
1.270307335E0,1.254561663E0,-2.346317768E0,9.409213066E0,9.778160489E0
1.272298858E0,1.242590666E0,-2.334346771E0,9.406818390E0,9.771460414E0
1.274290108E0,1.233013868E0,-2.312798738E0,9.418789864E0,9.776654013E0
1.276281007E0,1.218648672E0,-2.298433542E0,9.411606789E0,9.764540116E0
1.278271710E0,1.211466074E0,-2.281674147E0,9.414001465E0,9.762023896E0
1.280261827E0,1.209071875E0,-2.276885748E0,9.416395187E0,9.762917691E0
1.282252022E0,1.192312479E0,-2.281674147E0,9.411606789E0,9.757355600E0
1.284242608E0,1.182735682E0,-2.274491549E0,9.406818390E0,9.749892703E0
1.286232999E0,1.187524080E0,-2.250549555E0,9.409213066E0,9.747229210E0
1.288223624E0,1.175553083E0,-2.257732153E0,9.418789864E0,9.756683966E0
1.290213663E0,1.180341482E0,-2.252943754E0,9.416395187E0,9.753843340E0
1.292204132E0,1.189918280E0,-2.260126352E0,9.425971985E0,9.765911350E0
1.294195147E0,1.189918280E0,-2.267308950E0,9.418789864E0,9.760645362E0
1.296185460E0,1.209071875E0,-2.274491549E0,9.440337181E0,9.785455160E0
1.298175187E0,1.242590666E0,-2.281674147E0,9.459490776E0,9.809792771E0
1.300165304E0,1.259350061E0,-2.298433542E0,9.485827446E0,9.841223586E0
1.302155968E0,1.256955862E0,-2.288856745E0,9.500192642E0,9.852535891E0
1.304145812E0,1.254561663E0,-2.296039343E0,9.495404243E0,9.849285425E0
1.306136593E0,1.235408068E0,-2.310404539E0,9.454702377E0,9.810993796E0
1.308127530E0,1.225831270E0,-2.331952572E0,9.445125580E0,9.805664808E0
1.310117960E0,1.216254473E0,-2.339135170E0,9.397241592E0,9.760070585E0
1.312107882E0,1.199495077E0,-2.346317768E0,9.356540680E0,9.720537485E0
1.314098077E0,1.197100878E0,-2.346317768E0,9.334992409E0,9.699502093E0
1.316088194E0,1.199495077E0,-2.343923569E0,9.334992409E0,9.699219010E0
1.318077804E0,1.201889277E0,-2.315192938E0,9.342175484E0,9.699530862E0
1.320067062E0,1.209071875E0,-2.303221941E0,9.358934402E0,9.713719126E0
1.322056241E0,1.218648672E0,-2.291250944E0,9.394847870E0,9.746696978E0
1.324045929E0,1.223437071E0,-2.291250944E0,9.406818390E0,9.758835042E0
1.326035030E0,1.237802267E0,-2.293645144E0,9.435548782E0,9.788898984E0
1.328024522E0,1.228225470E0,-2.284068346E0,9.447520256E0,9.796996734E0
1.330013702E0,1.233013868E0,-2.288856745E0,9.454702377E0,9.805640491E0
1.332002921E0,1.233013868E0,-2.293645144E0,9.442731857E0,9.795219047E0
1.333991515E0,1.221042871E0,-2.303221941E0,9.423578262E0,9.777505013E0
1.335980577E0,1.213860273E0,-2.296039343E0,9.404424667E0,9.756457182E0
1.337969640E0,1.213860273E0,-2.298433542E0,9.394847870E0,9.747790519E0
1.339958194E0,1.213860273E0,-2.284068346E0,9.387664795E0,9.737488140E0
1.341946202E0,1.201889277E0,-2.288856745E0,9.378087997E0,9.727894814E0
1.343934718E0,1.199495077E0,-2.298433542E0,9.382876396E0,9.734472490E0
1.345924366E0,1.197100878E0,-2.293645144E0,9.387664795E0,9.737664446E0
1.347913507E0,1.180341482E0,-2.286462545E0,9.411606789E0,9.757021027E0
1.349902765E0,1.180341482E0,-2.281674147E0,9.430760384E0,9.774378975E0
1.351893194E0,1.182735682E0,-2.279279947E0,9.437943459E0,9.781040716E0
1.353883272E0,1.168370485E0,-2.284068346E0,9.454702377E0,9.796604251E0
1.355874210E0,1.154005170E0,-2.281674147E0,9.466673851E0,9.805900196E0
1.357864679E0,1.144428372E0,-2.284068346E0,9.473855972E0,9.812269436E0
1.359855108E0,1.142034173E0,-2.286462545E0,9.471462250E0,9.810237009E0
1.361845343E0,1.127668977E0,-2.284068346E0,9.476250648E0,9.812641433E0
1.363835069E0,1.125274777E0,-2.279279947E0,9.469067574E0,9.804315433E0
1.365825890E0,1.130063176E0,-2.279279947E0,9.478644371E0,9.814115292E0
1.367816788E0,1.130063176E0,-2.281674147E0,9.483432770E0,9.819296145E0
1.369806710E0,1.144428372E0,-2.288856745E0,9.469067574E0,9.808762522E0
1.371797530E0,1.151610970E0,-2.288856745E0,9.476250648E0,9.816537036E0
1.373787960E0,1.154005170E0,-2.298433542E0,9.483432770E0,9.825987064E0
1.375779640E0,1.175553083E0,-2.293645144E0,9.478644371E0,9.822801648E0
1.377770733E0,1.185129881E0,-2.291250944E0,9.464279175E0,9.809533323E0
1.379761241E0,1.197100878E0,-2.305616140E0,9.459490776E0,9.809734045E0
1.381752452E0,1.201889277E0,-2.312798738E0,9.459490776E0,9.812010068E0
1.383742569E0,1.204283476E0,-2.317587137E0,9.457097054E0,9.811126006E0
1.385732726E0,1.209071875E0,-2.315192938E0,9.459490776E0,9.813457030E0
1.387722647E0,1.218648672E0,-2.319981337E0,9.454702377E0,9.811157681E0
1.389712569E0,1.216254473E0,-2.324769735E0,9.440337181E0,9.798152650E0
1.391702179E0,1.216254473E0,-2.331952572E0,9.428366661E0,9.788328541E0
1.393692765E0,1.221042871E0,-2.329558372E0,9.411606789E0,9.772212147E0
1.395683429E0,1.216254473E0,-2.327163935E0,9.406818390E0,9.766432263E0
1.397673546E0,1.216254473E0,-2.327163935E0,9.404424667E0,9.764126702E0
1.399663780E0,1.216254473E0,-2.329558372E0,9.397241592E0,9.757779804E0
1.401654327E0,1.225831270E0,-2.334346771E0,9.373299599E0,9.737072585E0
1.403644054E0,1.221042871E0,-2.327163935E0,9.375694275E0,9.737057092E0
1.405634210E0,1.221042871E0,-2.331952572E0,9.358934402E0,9.722067766E0
1.407623507E0,1.228225470E0,-2.329558372E0,9.368511200E0,9.731617652E0
1.409613429E0,1.244984865E0,-2.319981337E0,9.375694275E0,9.738374806E0
1.411602843E0,1.249773264E0,-2.315192938E0,9.380482674E0,9.742458968E0
1.413592179E0,1.254561663E0,-2.312798738E0,9.399636269E0,9.760948978E0
1.415581632E0,1.256955862E0,-2.300827742E0,9.411606789E0,9.769958479E0
1.417571866E0,1.266532660E0,-2.293645144E0,9.440337181E0,9.797187306E0
1.419561749E0,1.264138460E0,-2.288856745E0,9.471462250E0,9.825757395E0
1.421551280E0,1.254561663E0,-2.281674147E0,9.476250648E0,9.827476188E0
1.423540147E0,1.249773264E0,-2.279279947E0,9.476250648E0,9.826310429E0
1.425528897E0,1.244984865E0,-2.276885748E0,9.485827446E0,9.834384493E0
1.427517804E0,1.240196466E0,-2.269703150E0,9.493009567E0,9.839048242E0
1.429506632E0,1.230619669E0,-2.276885748E0,9.493009567E0,9.839505278E0
1.431496827E0,1.237802267E0,-2.274491549E0,9.485827446E0,9.832923705E0
1.433487022E0,1.228225470E0,-2.272097349E0,9.471462250E0,9.817309271E0
1.435477960E0,1.218648672E0,-2.279279947E0,9.473855972E0,9.820090053E0
1.437468546E0,1.218648672E0,-2.279279947E0,9.459490776E0,9.806232070E0
1.439457569E0,1.218648672E0,-2.279279947E0,9.459490776E0,9.806232070E0
1.441447335E0,1.211466074E0,-2.291250944E0,9.464279175E0,9.812749932E0
1.443438194E0,1.213860273E0,-2.296039343E0,9.452308655E0,9.802621707E0
1.445428585E0,1.216254473E0,-2.305616140E0,9.440337181E0,9.793625826E0
1.447418741E0,1.218648672E0,-2.305616140E0,9.437943459E0,9.791616164E0
1.449408038E0,1.223437071E0,-2.310404539E0,9.437943459E0,9.793341826E0
1.451397452E0,1.218648672E0,-2.324769735E0,9.418789864E0,9.777692028E0
1.453386593E0,1.218648672E0,-2.317587137E0,9.435548782E0,9.792134371E0
1.455376007E0,1.218648672E0,-2.315192938E0,9.437943459E0,9.793875620E0
1.457365460E0,1.221042871E0,-2.324769735E0,9.428366661E0,9.787216045E0
1.459355343E0,1.213860273E0,-2.329558372E0,9.416395187E0,9.775929485E0
1.461344405E0,1.209071875E0,-2.334346771E0,9.414001465E0,9.774172764E0
1.463333546E0,1.211466074E0,-2.341529369E0,9.414001465E0,9.776187059E0
1.465324015E0,1.204283476E0,-2.343923569E0,9.411606789E0,9.773567349E0
1.467313233E0,1.197100878E0,-2.355894566E0,9.409213066E0,9.773258425E0
1.469302765E0,1.192312479E0,-2.363077164E0,9.397241592E0,9.762883400E0
1.471293429E0,1.189918280E0,-2.363077164E0,9.392453194E0,9.757982178E0
1.473283116E0,1.185129881E0,-2.363077164E0,9.409213066E0,9.773533498E0
1.475272218E0,1.177947283E0,-2.355894566E0,9.423578262E0,9.784765008E0
1.477261632E0,1.165976286E0,-2.358288765E0,9.428366661E0,9.788520036E0
1.479251749E0,1.158793569E0,-2.360682964E0,9.433155060E0,9.792856630E0
1.481241593E0,1.154005170E0,-2.363077164E0,9.442731857E0,9.802093988E0
1.483232452E0,1.154005170E0,-2.355894566E0,9.449913979E0,9.807285116E0
1.485222765E0,1.146822572E0,-2.343923569E0,9.452308655E0,9.805881838E0
1.487212413E0,1.134851575E0,-2.329558372E0,9.457097054E0,9.805682790E0
1.489203194E0,1.120486379E0,-2.322375536E0,9.461885452E0,9.806946220E0
1.491193546E0,1.125274777E0,-2.312798738E0,9.466673851E0,9.809851942E0
1.493183351E0,1.127668977E0,-2.298433542E0,9.473855972E0,9.813683358E0
1.495172413E0,1.127668977E0,-2.284068346E0,9.485827446E0,9.821890239E0
1.497163116E0,1.127668977E0,-2.279279947E0,9.493009567E0,9.827715149E0
1.499152452E0,1.132457376E0,-2.279279947E0,9.493009567E0,9.828265739E0
1.501141007E0,1.142034173E0,-2.276885748E0,9.497797966E0,9.833443800E0
1.503129640E0,1.142034173E0,-2.264914751E0,9.514557838E0,9.846872181E0
1.505119327E0,1.142034173E0,-2.260126352E0,9.514557838E0,9.845771887E0
1.507108819E0,1.142034173E0,-2.255337954E0,9.514557838E0,9.844673798E0
1.509097765E0,1.151610970E0,-2.245761156E0,9.509769440E0,9.838971785E0
1.511086515E0,1.161187768E0,-2.257732153E0,9.497797966E0,9.831270402E0
1.513075343E0,1.165976286E0,-2.262520552E0,9.497797966E0,9.832937819E0
1.515064952E0,1.165976286E0,-2.257732153E0,9.493009567E0,9.827211498E0
1.517053468E0,1.156399369E0,-2.260126352E0,9.478644371E0,9.812753423E0
1.519042960E0,1.168370485E0,-2.269703150E0,9.466673851E0,9.804823088E0
1.521032960E0,1.185129881E0,-2.274491549E0,9.447520256E0,9.789457780E0
1.523022921E0,1.197100878E0,-2.267308950E0,9.447520256E0,9.789248152E0
1.525012687E0,1.204283476E0,-2.279279947E0,9.445125580E0,9.790598194E0
1.527001944E0,1.211466074E0,-2.284068346E0,9.440337181E0,9.787981628E0
1.528991319E0,1.216254473E0,-2.291250944E0,9.425971985E0,9.776402901E0
1.530981202E0,1.221042871E0,-2.296039343E0,9.425971985E0,9.778123042E0
1.532970733E0,1.221042871E0,-2.303221941E0,9.433155060E0,9.786735482E0
1.534959913E0,1.223437071E0,-2.308010340E0,9.437943459E0,9.792777273E0
1.536949483E0,1.225831270E0,-2.308010340E0,9.437943459E0,9.793076675E0
1.538938312E0,1.221042871E0,-2.308010340E0,9.442731857E0,9.797093567E0
1.540927296E0,1.216254473E0,-2.303221941E0,9.452308655E0,9.804603264E0
1.542916671E0,1.213860273E0,-2.303221941E0,9.461885452E0,9.813539850E0
1.544906710E0,1.221042871E0,-2.312798738E0,9.476250648E0,9.830529490E0
1.546897765E0,1.204283476E0,-2.319981337E0,9.466673851E0,9.820922864E0
1.548888038E0,1.194706678E0,-2.310404539E0,9.449913979E0,9.801334980E0
1.550877999E0,1.197100878E0,-2.308010340E0,9.454702377E0,9.805679950E0
1.552867218E0,1.192312479E0,-2.300827742E0,9.457097054E0,9.805717823E0
1.554855304E0,1.187524080E0,-2.298433542E0,9.459490776E0,9.806884109E0
1.556844874E0,1.192312479E0,-2.298433542E0,9.469067574E0,9.816702425E0
1.558835421E0,1.206677675E0,-2.305616140E0,9.469067574E0,9.820141420E0
1.560825421E0,1.213860273E0,-2.305616140E0,9.449913979E0,9.802560724E0
1.562815069E0,1.216254473E0,-2.315192938E0,9.442731857E0,9.798192599E0
1.564805108E0,1.230619669E0,-2.331952572E0,9.435548782E0,9.797040798E0
1.566795069E0,1.233013868E0,-2.341529369E0,9.430760384E0,9.795015283E0
1.568784952E0,1.237802267E0,-2.346317768E0,9.425971985E0,9.792155502E0
1.570774952E0,1.242590666E0,-2.348711967E0,9.425971985E0,9.793335863E0
1.572764952E0,1.247379065E0,-2.339135170E0,9.418789864E0,9.784738646E0
1.574754952E0,1.256955862E0,-2.339135170E0,9.411606789E0,9.779050758E0
1.576744601E0,1.252167463E0,-2.339135170E0,9.416395187E0,9.783045284E0
1.578733468E0,1.249773264E0,-2.348711967E0,9.418789864E0,9.787337923E0
1.580722882E0,1.256955862E0,-2.331952572E0,9.418789864E0,9.784249758E0
1.582711788E0,1.256955862E0,-2.329558372E0,9.421183586E0,9.785983876E0
1.584700733E0,1.259350061E0,-2.327163935E0,9.433155060E0,9.797248029E0
1.586690226E0,1.254561663E0,-2.327163935E0,9.437943459E0,9.801244496E0
1.588679874E0,1.249773264E0,-2.324769735E0,9.437943459E0,9.800064503E0
1.590669640E0,1.247379065E0,-2.336740971E0,9.440337181E0,9.804910963E0
1.592659796E0,1.252167463E0,-2.346317768E0,9.442731857E0,9.810112912E0
1.594649366E0,1.247379065E0,-2.351106167E0,9.435548782E0,9.803735796E0
1.596639913E0,1.244984865E0,-2.353500366E0,9.440337181E0,9.808614448E0
1.598629757E0,1.242590666E0,-2.358288765E0,9.433155060E0,9.802549252E0
1.600619601E0,1.240196466E0,-2.365471363E0,9.421183586E0,9.792458435E0
1.602609132E0,1.223437071E0,-2.355894566E0,9.430760384E0,9.797258743E0
1.604597921E0,1.213860273E0,-2.363077164E0,9.435548782E0,9.802406402E0
1.606588116E0,1.204283476E0,-2.363077164E0,9.440337181E0,9.805834919E0
1.608577140E0,1.206677675E0,-2.363077164E0,9.428366661E0,9.794605790E0
1.610566241E0,1.204283476E0,-2.353500366E0,9.428366661E0,9.792004931E0
1.612555187E0,1.197100878E0,-2.351106167E0,9.437943459E0,9.799771806E0
1.614543663E0,1.199495077E0,-2.348711967E0,9.440337181E0,9.801795878E0
1.616532804E0,1.201889277E0,-2.339135170E0,9.428366661E0,9.788267930E0
1.618521788E0,1.209071875E0,-2.348711967E0,9.440337181E0,9.802972447E0
1.620511983E0,1.192312479E0,-2.365471363E0,9.437943459E0,9.802644569E0
1.622502296E0,1.182735682E0,-2.377442360E0,9.418789864E0,9.785943918E0
1.624492374E0,1.182735682E0,-2.384624958E0,9.402029991E0,9.771564247E0
1.626482179E0,1.194706678E0,-2.382230759E0,9.382876396E0,9.754010298E0
1.628471749E0,1.199495077E0,-2.367865562E0,9.385271072E0,9.753403963E0
1.630460226E0,1.206677675E0,-2.360682964E0,9.387664795E0,9.754852401E0
1.632448976E0,1.221042871E0,-2.339135170E0,9.394847870E0,9.758363876E0
1.634437960E0,1.233013868E0,-2.324769735E0,9.397241592E0,9.758741060E0
1.636426866E0,1.228225470E0,-2.322375536E0,9.423578262E0,9.782933773E0
1.638415421E0,1.225831270E0,-2.317587137E0,9.445125580E0,9.802258396E0
1.640404522E0,1.211466074E0,-2.312798738E0,9.452308655E0,9.806264679E0
1.642393429E0,1.209071875E0,-2.317587137E0,9.464279175E0,9.818637647E0
1.644382569E0,1.204283476E0,-2.312798738E0,9.471462250E0,9.823845166E0
1.646372296E0,1.194706678E0,-2.310404539E0,9.471462250E0,9.822112315E0
1.648361163E0,1.201889277E0,-2.305616140E0,9.469067574E0,9.819554182E0
1.650349171E0,1.199495077E0,-2.303221941E0,9.461885452E0,9.811773339E0
1.652336632E0,1.206677675E0,-2.315192938E0,9.464279175E0,9.817778244E0
1.654325655E0,1.206677675E0,-2.310404539E0,9.457097054E0,9.809726032E0
1.656314132E0,1.197100878E0,-2.308010340E0,9.478644371E0,9.828767031E0
1.658304327E0,1.199495077E0,-2.298433542E0,9.478644371E0,9.826814555E0
1.660295030E0,1.216254473E0,-2.293645144E0,9.464279175E0,9.813901532E0
1.662284601E0,1.221042871E0,-2.298433542E0,9.464279175E0,9.815616269E0
1.664274640E0,1.223437071E0,-2.296039343E0,9.459490776E0,9.810737010E0
1.666264249E0,1.225831270E0,-2.291250944E0,9.478644371E0,9.828387065E0
1.668253702E0,1.235408068E0,-2.286462545E0,9.488221169E0,9.837707304E0
1.670242765E0,1.233013868E0,-2.286462545E0,9.483432770E0,9.832788581E0
1.672232804E0,1.230619669E0,-2.284068346E0,9.476250648E0,9.825004801E0
1.674223116E0,1.237802267E0,-2.284068346E0,9.476250648E0,9.825907033E0
1.676212726E0,1.235408068E0,-2.279279947E0,9.473855972E0,9.822183930E0
1.678202218E0,1.225831270E0,-2.257732153E0,9.488221169E0,9.829870687E0
1.680191124E0,1.225831270E0,-2.255337954E0,9.495404243E0,9.836255046E0
1.682180147E0,1.218648672E0,-2.260126352E0,9.483432770E0,9.824905741E0
1.684168585E0,1.211466074E0,-2.252943754E0,9.478644371E0,9.817744380E0
1.686157296E0,1.197100878E0,-2.250549555E0,9.485827446E0,9.822369681E0
1.688146749E0,1.194706678E0,-2.250549555E0,9.485827446E0,9.822078175E0
1.690135187E0,1.185129881E0,-2.252943754E0,9.478644371E0,9.814529408E0
1.692122960E0,1.185129881E0,-2.245761156E0,9.466673851E0,9.801320819E0
1.694112062E0,1.168370485E0,-2.252943754E0,9.481039047E0,9.814832987E0
1.696100694E0,1.161187768E0,-2.243366957E0,9.483432770E0,9.814099522E0
1.698091046E0,1.151610970E0,-2.243366957E0,9.473855972E0,9.803716138E0
1.700080577E0,1.161187768E0,-2.248155355E0,9.483432770E0,9.815195191E0
1.702069366E0,1.161187768E0,-2.250549555E0,9.485827446E0,9.818057479E0
1.704058507E0,1.158793569E0,-2.267308950E0,9.481039047E0,9.817005339E0
1.706047140E0,1.161187768E0,-2.274491549E0,9.478644371E0,9.816637304E0
1.708035460E0,1.154005170E0,-2.279279947E0,9.497797966E0,9.835395834E0
1.710023702E0,1.151610970E0,-2.291250944E0,9.488221169E0,9.828650958E0
1.712012882E0,1.154005170E0,-2.276885748E0,9.478644371E0,9.816345336E0
1.714002530E0,1.154005170E0,-2.286462545E0,9.481039047E0,9.820882869E0
1.715991085E0,1.156399369E0,-2.286462545E0,9.478644371E0,9.818852763E0
1.717978780E0,1.156399369E0,-2.284068346E0,9.478644371E0,9.818295515E0
1.719968155E0,1.149216771E0,-2.274491549E0,9.493009567E0,9.829101772E0
1.721956905E0,1.139639974E0,-2.276885748E0,9.504981041E0,9.840104297E0
1.723944327E0,1.144428372E0,-2.260126352E0,9.526528358E0,9.857617866E0
1.725932491E0,1.139639974E0,-2.257732153E0,9.533711433E0,9.863457175E0
1.727920851E0,1.134851575E0,-2.252943754E0,9.531316757E0,9.859495057E0
1.729909171E0,1.139639974E0,-2.248155355E0,9.526528358E0,9.854325159E0
1.731897921E0,1.142034173E0,-2.252943754E0,9.514557838E0,9.844125582E0
1.733886358E0,1.149216771E0,-2.257732153E0,9.488221169E0,9.820610704E0
1.735874913E0,1.161187768E0,-2.260126352E0,9.481039047E0,9.815631899E0
1.737864132E0,1.185129881E0,-2.274491549E0,9.461885452E0,9.803321934E0
1.739853116E0,1.194706678E0,-2.293645144E0,9.447520256E0,9.795089131E0
1.741841280E0,1.221042871E0,-2.319981337E0,9.428366661E0,9.786079756E0
1.743830616E0,1.249773264E0,-2.327163935E0,9.404424667E0,9.768358537E0
1.745818585E0,1.261744261E0,-2.339135170E0,9.397241592E0,9.765843613E0
1.747805772E0,1.268926859E0,-2.363077164E0,9.380482674E0,9.756421693E0
1.749793233E0,1.271321058E0,-2.370259762E0,9.366117477E0,9.744667525E0
1.751781554E0,1.276109457E0,-2.375048161E0,9.366117477E0,9.746459137E0
1.753769796E0,1.266532660E0,-2.375048161E0,9.366117477E0,9.745209867E0
1.755757647E0,1.264138460E0,-2.372653961E0,9.380482674E0,9.758124208E0
1.757745577E0,1.259350061E0,-2.360682964E0,9.378087997E0,9.752298248E0
1.759733741E0,1.256955862E0,-2.351106167E0,9.382876396E0,9.754281507E0
1.761721515E0,1.242590666E0,-2.346317768E0,9.387664795E0,9.755895086E0
1.763710226E0,1.233013868E0,-2.334346771E0,9.411606789E0,9.774857564E0
1.765699444E0,1.221042871E0,-2.322375536E0,9.414001465E0,9.772809085E0
1.767689288E0,1.213860273E0,-2.315192938E0,9.416395187E0,9.772516228E0
1.769678507E0,1.204283476E0,-2.317587137E0,9.428366661E0,9.783435323E0
1.771668351E0,1.201889277E0,-2.317587137E0,9.402029991E0,9.757761830E0
1.773659210E0,1.204283476E0,-2.317587137E0,9.411606789E0,9.767284739E0
1.775650069E0,1.249773264E0,-2.312798738E0,9.452308655E0,9.811070794E0
1.777639444E0,1.316810966E0,-2.331952572E0,9.533711433E0,9.902709105E0
1.779628351E0,1.292868972E0,-2.346317768E0,9.533711433E0,9.902947589E0
1.781617218E0,1.228225470E0,-2.348711967E0,9.490615845E0,9.853769574E0
1.783606554E0,1.165976286E0,-2.346317768E0,9.435548782E0,9.792562923E0
1.785594991E0,1.139639974E0,-2.331952572E0,9.382876396E0,9.735253029E0
1.787583937E0,1.146822572E0,-2.315192938E0,9.315838814E0,9.667480186E0
1.789573507E0,1.156399369E0,-2.310404539E0,9.303867340E0,9.655939940E0
1.791562296E0,1.163581967E0,-2.296039343E0,9.294290543E0,9.644146222E0
1.793550890E0,1.156399369E0,-2.274491549E0,9.320627213E0,9.663574025E0
1.795540226E0,1.142034173E0,-2.264914751E0,9.361329079E0,9.698894937E0
1.797529405E0,1.122880578E0,-2.264914751E0,9.416395187E0,9.749830662E0
1.799518546E0,1.127668977E0,-2.267308950E0,9.469067574E0,9.801814521E0
1.801507257E0,1.120486379E0,-2.267308950E0,9.514557838E0,9.844947459E0
1.803496827E0,1.125274777E0,-2.269703150E0,9.531316757E0,9.862240863E0
1.805485929E0,1.134851575E0,-2.279279947E0,9.550470352E0,9.884052262E0
1.807476280E0,1.156399369E0,-2.279279947E0,9.540893555E0,9.877298538E0
1.809464952E0,1.165976286E0,-2.288856745E0,9.540893555E0,9.880638427E0
1.811453624E0,1.175553083E0,-2.303221941E0,9.504981041E0,9.850452830E0
1.813442374E0,1.180341482E0,-2.312798738E0,9.469067574E0,9.818629473E0
1.815431554E0,1.180341482E0,-2.317587137E0,9.428366661E0,9.780517064E0
1.817421632E0,1.185129881E0,-2.317587137E0,9.414001465E0,9.767249692E0
1.819410343E0,1.192312479E0,-2.324769735E0,9.382876396E0,9.739842547E0
1.821400538E0,1.199495077E0,-2.339135170E0,9.368511200E0,9.730331129E0
1.823390812E0,1.201889277E0,-2.351106167E0,9.346963882E0,9.712773644E0
1.825380499E0,1.199495077E0,-2.358288765E0,9.358934402E0,9.725737375E0
1.827370890E0,1.218648672E0,-2.353500366E0,9.378087997E0,9.745388809E0
1.829361437E0,1.228225470E0,-2.363077164E0,9.402029991E0,9.771941437E0
1.831351163E0,1.225831270E0,-2.358288765E0,9.416395187E0,9.784308178E0
1.833341241E0,1.230619669E0,-2.358288765E0,9.428366661E0,9.796430399E0
1.835331749E0,1.230619669E0,-2.363077164E0,9.433155060E0,9.802192246E0
1.837322062E0,1.223437071E0,-2.370259762E0,9.442731857E0,9.812243094E0
1.839311163E0,1.223437071E0,-2.372653961E0,9.447520256E0,9.817429606E0
1.841299601E0,1.216254473E0,-2.367865562E0,9.459490776E0,9.826903277E0
1.843289249E0,1.211466074E0,-2.358288765E0,9.452308655E0,9.817092994E0
1.845279483E0,1.201889277E0,-2.360682964E0,9.459490776E0,9.823407130E0
1.847270069E0,1.201889277E0,-2.358288765E0,9.459490776E0,9.822832050E0
1.849260187E0,1.201889277E0,-2.355894566E0,9.457097054E0,9.819952226E0
1.851249757E0,1.204283476E0,-2.358288765E0,9.461885452E0,9.825431334E0
1.853239640E0,1.218648672E0,-2.355894566E0,9.461885452E0,9.826628115E0
1.855229054E0,1.218648672E0,-2.346317768E0,9.461885452E0,9.824336515E0
1.857218585E0,1.221042871E0,-2.341529369E0,9.459490776E0,9.821184818E0
1.859207726E0,1.223437071E0,-2.331952572E0,9.471462250E0,9.830737420E0
1.861196358E0,1.221042871E0,-2.329558372E0,9.461885452E0,9.820644796E0
1.863184132E0,1.228225470E0,-2.317587137E0,9.457097054E0,9.814093571E0
1.865172921E0,1.228225470E0,-2.305616140E0,9.461885452E0,9.815889155E0
1.867162569E0,1.228225470E0,-2.305616140E0,9.471462250E0,9.825120902E0
1.869152179E0,1.242590666E0,-2.293645144E0,9.466673851E0,9.819508817E0
1.871141358E0,1.235408068E0,-2.274491549E0,9.454702377E0,9.802598734E0
1.873130616E0,1.233013868E0,-2.262520552E0,9.459490776E0,9.804146479E0
1.875119718E0,1.235408068E0,-2.257732153E0,9.469067574E0,9.812585199E0
1.877108780E0,1.237802267E0,-2.255337954E0,9.457097054E0,9.800785092E0
1.879098194E0,1.228225470E0,-2.245761156E0,9.445125580E0,9.785825371E0
1.881087374E0,1.206677675E0,-2.255337954E0,9.447520256E0,9.787658519E0
1.883077218E0,1.201889277E0,-2.257732153E0,9.449913979E0,9.789931895E0
1.885066124E0,1.206677675E0,-2.264914751E0,9.442731857E0,9.785248835E0
1.887056827E0,1.206677675E0,-2.274491549E0,9.445125580E0,9.789779366E0
1.889046593E0,1.213860273E0,-2.284068346E0,9.435548782E0,9.783660143E0
1.891035538E0,1.218648672E0,-2.286462545E0,9.440337181E0,9.789432141E0
1.893025108E0,1.230619669E0,-2.315192938E0,9.440337181E0,9.797678766E0
1.895015929E0,1.235408068E0,-2.327163935E0,9.433155060E0,9.794199276E0
1.897006632E0,1.230619669E0,-2.339135170E0,9.430760384E0,9.794142103E0
1.898997140E0,1.233013868E0,-2.336740971E0,9.440337181E0,9.803093780E0
1.900986280E0,1.244984865E0,-2.341529369E0,9.433155060E0,9.798834700E0
1.902976554E0,1.247379065E0,-2.353500366E0,9.425971985E0,9.795093995E0
1.904966632E0,1.244984865E0,-2.355894566E0,9.423578262E0,9.793061512E0
1.906956476E0,1.244984865E0,-2.355894566E0,9.418789864E0,9.788453862E0
1.908946085E0,1.290474772E0,-2.353500366E0,9.478644371E0,9.851344488E0
1.910936163E0,1.343147159E0,-2.343923569E0,9.593565941E0,9.966670931E0
1.912925226E0,1.307234168E0,-2.351106167E0,9.581595421E0,9.952061705E0
1.914913819E0,1.235408068E0,-2.346317768E0,9.500192642E0,9.863320962E0
1.916903741E0,1.170764685E0,-2.358288765E0,9.411606789E0,9.772950332E0
1.918892647E0,1.154005170E0,-2.353500366E0,9.380482674E0,9.739822745E0
1.920881983E0,1.120486379E0,-2.346317768E0,9.313444138E0,9.669588331E0
1.922871788E0,1.118092179E0,-2.324769735E0,9.246406555E0,9.599516583E0
1.924861476E0,1.130063176E0,-2.305616140E0,9.222464561E0,9.573231490E0
1.926850968E0,1.142034173E0,-2.293645144E0,9.229647636E0,9.578697489E0
1.928841241E0,1.142034173E0,-2.269703150E0,9.287108421E0,9.628404711E0
1.930831671E0,1.154005170E0,-2.272097349E0,9.356540680E0,9.697371179E0
1.932822335E0,1.165976286E0,-2.269703150E0,9.414001465E0,9.753690413E0
1.934813468E0,1.165976286E0,-2.269703150E0,9.437943459E0,9.776800592E0
1.936804249E0,1.185129881E0,-2.279279947E0,9.502586365E0,9.843718684E0
1.938794952E0,1.189918280E0,-2.284068346E0,9.540893555E0,9.882384507E0
1.940784366E0,1.213860273E0,-2.293645144E0,9.548076630E0,9.894444509E0
1.942773663E0,1.230619669E0,-2.305616140E0,9.533711433E0,9.885441025E0
1.944763077E0,1.237802267E0,-2.305616140E0,9.533711433E0,9.886337741E0
1.946753038E0,1.242590666E0,-2.315192938E0,9.504981041E0,9.861481354E0
1.948743624E0,1.244984865E0,-2.310404539E0,9.481039047E0,9.837583944E0
1.950734054E0,1.225831270E0,-2.305616140E0,9.464279175E0,9.817897351E0
1.952723233E0,1.221042871E0,-2.296039343E0,9.437943459E0,9.789663890E0
1.954713429E0,1.209071875E0,-2.293645144E0,9.428366661E0,9.778382317E0
1.956703233E0,1.206677675E0,-2.286462545E0,9.423578262E0,9.771786390E0
1.958693507E0,1.204283476E0,-2.284068346E0,9.423578262E0,9.770931080E0
1.960682140E0,1.211466074E0,-2.288856745E0,9.418789864E0,9.768322156E0
1.962670382E0,1.216254473E0,-2.288856745E0,9.418789864E0,9.768917168E0
1.964660187E0,1.223437071E0,-2.305616140E0,9.428366661E0,9.782983285E0
1.966648468E0,1.230619669E0,-2.305616140E0,9.440337181E0,9.795420187E0
1.968637413E0,1.233013868E0,-2.317587137E0,9.433155060E0,9.791626408E0
1.970626593E0,1.233013868E0,-2.317587137E0,9.447520256E0,9.805466451E0
1.972615694E0,1.218648672E0,-2.310404539E0,9.447520256E0,9.801974939E0
1.974604874E0,1.228225470E0,-2.315192938E0,9.459490776E0,9.815835262E0
1.976593272E0,1.225831270E0,-2.308010340E0,9.454702377E0,9.809228873E0
1.978581163E0,1.228225470E0,-2.308010340E0,9.447520256E0,9.802606211E0
1.980570069E0,1.228225470E0,-2.317587137E0,9.435548782E0,9.793330831E0
1.982558976E0,1.221042871E0,-2.317587137E0,9.440337181E0,9.797046592E0
1.984548819E0,1.221042871E0,-2.312798738E0,9.445125580E0,9.800529624E0
1.986538937E0,1.223437071E0,-2.315192938E0,9.442731857E0,9.799086770E0
1.988528937E0,1.216254473E0,-2.308010340E0,9.437943459E0,9.791882526E0
1.990518429E0,1.216254473E0,-2.308010340E0,9.440337181E0,9.794189745E0
1.992507843E0,1.218648672E0,-2.312798738E0,9.440337181E0,9.795616810E0
1.994497569E0,1.216254473E0,-2.308010340E0,9.449913979E0,9.803420876E0
1.996487843E0,1.213860273E0,-2.312798738E0,9.449913979E0,9.804252596E0
1.998476866E0,1.221042871E0,-2.308010340E0,9.435548782E0,9.790170491E0
2.000467022E0,1.230619669E0,-2.319981337E0,9.430760384E0,9.789585261E0
2.002455655E0,1.218648672E0,-2.319981337E0,9.425971985E0,9.783474120E0
2.004443976E0,1.216254473E0,-2.315192938E0,9.442731857E0,9.798192599E0
2.006432608E0,1.223437071E0,-2.319981337E0,9.440337181E0,9.797911908E0
2.008421827E0,1.221042871E0,-2.319981337E0,9.437943459E0,9.795306826E0
2.010410968E0,1.221042871E0,-2.312798738E0,9.442731857E0,9.798222728E0
2.012400733E0,1.223437071E0,-2.327163935E0,9.445125580E0,9.804228040E0
2.014390343E0,1.225831270E0,-2.343923569E0,9.430760384E0,9.794686387E0
2.016380929E0,1.228225470E0,-2.339135170E0,9.440337181E0,9.803063666E0
2.018371241E0,1.223437071E0,-2.334346771E0,9.433155060E0,9.794405929E0
2.020359483E0,1.225831270E0,-2.343923569E0,9.433155060E0,9.796992109E0
2.022349249E0,1.221042871E0,-2.346317768E0,9.425971985E0,9.790051104E0
2.024338272E0,1.216254473E0,-2.351106167E0,9.428366661E0,9.792909325E0
2.026329288E0,1.233013868E0,-2.353500366E0,9.421183586E0,9.788666270E0
2.028318780E0,1.221042871E0,-2.363077164E0,9.397241592E0,9.766433787E0
2.030308194E0,1.221042871E0,-2.358288765E0,9.385271072E0,9.753757465E0
2.032297921E0,1.223437071E0,-2.358288765E0,9.387664795E0,9.756360718E0
2.034287257E0,1.221042871E0,-2.355894566E0,9.397241592E0,9.764698380E0
2.036277296E0,1.216254473E0,-2.355894566E0,9.394847870E0,9.761796999E0
2.038267374E0,1.206677675E0,-2.341529369E0,9.416395187E0,9.777900037E0
2.040257101E0,1.201889277E0,-2.334346771E0,9.423578262E0,9.782511945E0
2.042247296E0,1.201889277E0,-2.329558372E0,9.440337181E0,9.797517346E0
2.044235929E0,1.189918280E0,-2.312798738E0,9.461885452E0,9.812859921E0
2.046225304E0,1.182735682E0,-2.303221941E0,9.476250648E0,9.823595134E0
2.048214601E0,1.175553083E0,-2.300827742E0,9.478644371E0,9.824481282E0
2.050202921E0,1.177947283E0,-2.298433542E0,9.478644371E0,9.824207635E0
2.052191749E0,1.158793569E0,-2.291250944E0,9.481039047E0,9.822562539E0
2.054180382E0,1.156399369E0,-2.276885748E0,9.485827446E0,9.823563027E0
2.056170538E0,1.154005170E0,-2.274491549E0,9.481039047E0,9.818102727E0
2.058159757E0,1.151610970E0,-2.281674147E0,9.454702377E0,9.794061557E0
2.060149562E0,1.163581967E0,-2.279279947E0,9.445125580E0,9.785675107E0
2.062139483E0,1.168370485E0,-2.272097349E0,9.445125580E0,9.784575268E0
2.064128468E0,1.175553083E0,-2.267308950E0,9.457097054E0,9.795881768E0
2.066117569E0,1.177947283E0,-2.269703150E0,9.454702377E0,9.794412143E0
2.068106515E0,1.182735682E0,-2.281674147E0,9.449913979E0,9.793149381E0
2.070095733E0,1.206677675E0,-2.291250944E0,9.447520256E0,9.795996166E0
2.072084054E0,1.223437071E0,-2.298433542E0,9.433155060E0,9.785908716E0
2.074072374E0,1.237802267E0,-2.315192938E0,9.425971985E0,9.784744281E0
2.076061515E0,1.249773264E0,-2.336740971E0,9.423578262E0,9.789081614E0
2.078049366E0,1.264138460E0,-2.339135170E0,9.404424667E0,9.773065165E0
2.080037804E0,1.268926859E0,-2.341529369E0,9.397241592E0,9.767347885E0
2.082026515E0,1.271321058E0,-2.358288765E0,9.397241592E0,9.771690370E0
2.084016397E0,1.280897856E0,-2.370259762E0,9.394847870E0,9.773535550E0
2.086006437E0,1.276109457E0,-2.365471363E0,9.394847870E0,9.771748903E0
2.087996046E0,1.268926859E0,-2.377442360E0,9.404424667E0,9.782924454E0
2.089984991E0,1.249773264E0,-2.382230759E0,9.423578262E0,9.800039993E0
2.091974015E0,1.240196466E0,-2.379836559E0,9.430760384E0,9.805149195E0
2.093962647E0,1.235408068E0,-2.382230759E0,9.435548782E0,9.809731765E0
2.095950968E0,1.218648672E0,-2.375048161E0,9.445125580E0,9.815108536E0
2.097939640E0,1.197100878E0,-2.363077164E0,9.473855972E0,9.837231886E0
2.099928546E0,1.177947283E0,-2.375048161E0,9.493009567E0,9.856248993E0
2.101917218E0,1.163581967E0,-2.365471363E0,9.507374763E0,9.866080917E0
2.103905929E0,1.151610970E0,-2.355894566E0,9.512163162E0,9.867000307E0
2.105895030E0,1.144428372E0,-2.351106167E0,9.500192642E0,9.853480438E0
2.107882999E0,1.139639974E0,-2.351106167E0,9.497797966E0,9.850616513E0
2.109871983E0,1.132457376E0,-2.353500366E0,9.488221169E0,9.841126187E0
2.111861944E0,1.122880578E0,-2.360682964E0,9.471462250E0,9.825593214E0
2.113851827E0,1.127668977E0,-2.348711967E0,9.457097054E0,9.809422506E0
2.115841437E0,1.130063176E0,-2.339135170E0,9.457097054E0,9.807409485E0
2.117831476E0,1.137245774E0,-2.339135170E0,9.440337181E0,9.792080851E0
2.119821554E0,1.139639974E0,-2.327163935E0,9.435548782E0,9.784888966E0
2.121811554E0,1.142034173E0,-2.324769735E0,9.440337181E0,9.789216642E0
2.123800421E0,1.146822572E0,-2.310404539E0,9.435548782E0,9.781756078E0
2.125789640E0,1.139639974E0,-2.293645144E0,9.425971985E0,9.767729274E0
2.127780069E0,1.132457376E0,-2.281674147E0,9.440337181E0,9.777958003E0
2.129770030E0,1.137245774E0,-2.269703150E0,9.454702377E0,9.789600471E0
2.131759093E0,1.127668977E0,-2.264914751E0,9.445125580E0,9.778132407E0
2.133749718E0,1.132457376E0,-2.262520552E0,9.449913979E0,9.782756930E0
2.135740343E0,1.137245774E0,-2.260126352E0,9.437943459E0,9.771196232E0
2.137730538E0,1.142034173E0,-2.262520552E0,9.421183586E0,9.756123280E0
2.139720343E0,1.139639974E0,-2.267308950E0,9.418789864E0,9.754643594E0
2.141710851E0,1.137245774E0,-2.279279947E0,9.406818390E0,9.745597840E0
2.143702179E0,1.139639974E0,-2.291250944E0,9.402029991E0,9.744063737E0
2.145693429E0,1.156399369E0,-2.286462545E0,9.414001465E0,9.756464219E0
2.147683624E0,1.161187768E0,-2.288856745E0,9.406818390E0,9.750664308E0
2.149673116E0,1.168370485E0,-2.298433542E0,9.416395187E0,9.763011045E0
2.151661944E0,1.175553083E0,-2.298433542E0,9.418789864E0,9.766182688E0
2.153651397E0,1.189918280E0,-2.315192938E0,9.437943459E0,9.790342209E0
2.155640733E0,1.211466074E0,-2.324769735E0,9.454702377E0,9.811401603E0
2.157629718E0,1.218648672E0,-2.331952572E0,9.457097054E0,9.816302362E0
2.159618937E0,1.225831270E0,-2.351106167E0,9.452308655E0,9.817153427E0
2.161608155E0,1.242590666E0,-2.360682964E0,9.447520256E0,9.816949353E0
2.163598272E0,1.244984865E0,-2.365471363E0,9.447520256E0,9.818405220E0
2.165587960E0,1.252167463E0,-2.375048161E0,9.440337181E0,9.814720740E0
2.167578468E0,1.254561663E0,-2.375048161E0,9.442731857E0,9.817329762E0
2.169568819E0,1.252167463E0,-2.387019157E0,9.433155060E0,9.810718536E0
2.171557960E0,1.254561663E0,-2.398990154E0,9.418789864E0,9.800136796E0
2.173548116E0,1.247379065E0,-2.401384354E0,9.406818390E0,9.788300852E0
2.175538585E0,1.244984865E0,-2.410961151E0,9.397241592E0,9.781148733E0
2.177529093E0,1.235408068E0,-2.410961151E0,9.409213066E0,9.791437958E0
2.179518858E0,1.225831270E0,-2.420537949E0,9.421183586E0,9.804099470E0
2.181508312E0,1.218648672E0,-2.418143749E0,9.423578262E0,9.804914637E0
2.183499210E0,1.206677675E0,-2.408566952E0,9.435548782E0,9.812586132E0
2.185489483E0,1.204283476E0,-2.391807556E0,9.437943459E0,9.810495339E0
2.187479991E0,1.204283476E0,-2.375048161E0,9.440337181E0,9.808726653E0
2.189470616E0,1.199495077E0,-2.370259762E0,9.459490776E0,9.825420374E0
2.191459835E0,1.201889277E0,-2.363077164E0,9.473855972E0,9.837815738E0
2.193449601E0,1.197100878E0,-2.358288765E0,9.457097054E0,9.819942011E0
2.195440265E0,1.199495077E0,-2.351106167E0,9.459490776E0,9.820817399E0
2.197429640E0,1.209071875E0,-2.336740971E0,9.469067574E0,9.827789877E0
2.199418741E0,1.225831270E0,-2.334346771E0,9.454702377E0,9.815458940E0
2.201408429E0,1.240196466E0,-2.331952572E0,9.445125580E0,9.807470994E0
2.203397843E0,1.247379065E0,-2.334346771E0,9.442731857E0,9.806646435E0
2.205386593E0,1.264138460E0,-2.334346771E0,9.421183586E0,9.788049911E0
2.207375733E0,1.273715258E0,-2.339135170E0,9.399636269E0,9.769701422E0
2.209364796E0,1.283292055E0,-2.343923569E0,9.399636269E0,9.772102035E0
2.211354171E0,1.288080573E0,-2.348711967E0,9.397241592E0,9.771578635E0
2.213343507E0,1.280897856E0,-2.336740971E0,9.380482674E0,9.751641548E0
2.215333272E0,1.280897856E0,-2.353500366E0,9.390059471E0,9.764879936E0
2.217323390E0,1.283292055E0,-2.353500366E0,9.382876396E0,9.758287347E0
2.219313858E0,1.276109457E0,-2.343923569E0,9.385271072E0,9.757343191E0
2.221304249E0,1.254561663E0,-2.339135170E0,9.394847870E0,9.762614650E0
2.223294757E0,1.249773264E0,-2.336740971E0,9.406818390E0,9.772948572E0
2.225285069E0,1.247379065E0,-2.336740971E0,9.409213066E0,9.774947745E0
2.227274444E0,1.228225470E0,-2.336740971E0,9.402029991E0,9.765606183E0
2.229263507E0,1.221042871E0,-2.319981337E0,9.406818390E0,9.765320851E0
2.231253546E0,1.209071875E0,-2.308010340E0,9.425971985E0,9.779453685E0
2.233244249E0,1.192312479E0,-2.303221941E0,9.445125580E0,9.794735197E0
2.235234249E0,1.197100878E0,-2.298433542E0,9.447520256E0,9.796503777E0
2.237224483E0,1.199495077E0,-2.300827742E0,9.461885452E0,9.811211599E0
2.239214171E0,1.201889277E0,-2.291250944E0,9.466673851E0,9.813882133E0
2.241204522E0,1.206677675E0,-2.276885748E0,9.461885452E0,9.806505801E0
2.243195343E0,1.204283476E0,-2.269703150E0,9.459490776E0,9.802235297E0
2.245185929E0,1.209071875E0,-2.269703150E0,9.452308655E0,9.795894349E0
2.247176124E0,1.197100878E0,-2.272097349E0,9.459490776E0,9.801910151E0
2.249165851E0,1.192312479E0,-2.281674147E0,9.469067574E0,9.812791992E0
2.251156007E0,1.204283476E0,-2.274491549E0,9.478644371E0,9.821828221E0
2.253145460E0,1.249773264E0,-2.264914751E0,9.531316757E0,9.876121261E0
2.255134093E0,1.280897856E0,-2.267308950E0,9.572018623E0,9.919925893E0
2.257123077E0,1.283292055E0,-2.286462545E0,9.591172218E0,9.943104847E0
2.259111397E0,1.223437071E0,-2.274491549E0,9.557653427E0,9.900446914E0
2.261099288E0,1.161187768E0,-2.260126352E0,9.504981041E0,9.838759716E0
2.263087687E0,1.115697980E0,-2.248155355E0,9.457097054E0,9.784460597E0
2.265077335E0,1.094150186E0,-2.233790159E0,9.414001465E0,9.737063556E0
2.267066593E0,1.098938584E0,-2.229001760E0,9.390059471E0,9.713358417E0
2.269056046E0,1.101332784E0,-2.224213362E0,9.387664795E0,9.710216747E0
2.271045499E0,1.103726983E0,-2.219424963E0,9.411606789E0,9.732543489E0
2.273033937E0,1.110909581E0,-2.212242365E0,9.452308655E0,9.771093863E0
2.275022687E0,1.110909581E0,-2.236184359E0,9.500192642E0,9.822845862E0
2.277011710E0,1.113303781E0,-2.245761156E0,9.543288231E0,9.866977183E0
2.279000499E0,1.122880578E0,-2.252943754E0,9.574412346E0,9.899797378E0
2.280988858E0,1.127668977E0,-2.252943754E0,9.598354340E0,9.923497312E0
2.282976944E0,1.137245774E0,-2.262520552E0,9.595960617E0,9.924454008E0
2.284966280E0,1.161187768E0,-2.274491549E0,9.581595421E0,9.916079853E0
2.286955304E0,1.185129881E0,-2.296039343E0,9.555258751E0,9.898449338E0
2.288943741E0,1.204283476E0,-2.308010340E0,9.516951561E0,9.866588946E0
2.290931866E0,1.209071875E0,-2.308010340E0,9.497797966E0,9.848702083E0
2.292920226E0,1.223437071E0,-2.312798738E0,9.454702377E0,9.810057763E0
2.294909405E0,1.223437071E0,-2.319981337E0,9.421183586E0,9.779458668E0
2.296898976E0,1.225831270E0,-2.319981337E0,9.399636269E0,9.759002904E0
2.298887374E0,1.228225470E0,-2.324769735E0,9.394847870E0,9.755832031E0
2.300877335E0,1.240196466E0,-2.324769735E0,9.368511200E0,9.731990737E0
2.302867569E0,1.244984865E0,-2.317587137E0,9.363722801E0,9.726278947E0
2.304856827E0,1.252167463E0,-2.310404539E0,9.361329079E0,9.723187472E0
2.306845147E0,1.259350061E0,-2.327163935E0,9.358934402E0,9.725806275E0
2.308834483E0,1.268926859E0,-2.336740971E0,9.382876396E0,9.752379361E0
2.310823155E0,1.268926859E0,-2.339135170E0,9.411606789E0,9.780596662E0
2.312812765E0,1.266532660E0,-2.336740971E0,9.423578262E0,9.791235397E0
2.314802257E0,1.261744261E0,-2.334346771E0,9.452308655E0,9.817704026E0
2.316792179E0,1.261744261E0,-2.358288765E0,9.464279175E0,9.834943049E0
2.318782882E0,1.242590666E0,-2.377442360E0,9.469067574E0,9.841722636E0
2.320772765E0,1.233013868E0,-2.377442360E0,9.490615845E0,9.861254712E0
2.322763077E0,1.218648672E0,-2.375048161E0,9.497797966E0,9.865805824E0
2.324753077E0,1.206677675E0,-2.367865562E0,9.478644371E0,9.844163623E0
2.326742101E0,1.206677675E0,-2.360682964E0,9.473855972E0,9.837827100E0
2.328730577E0,1.201889277E0,-2.346317768E0,9.459490776E0,9.819964900E0
2.330719093E0,1.204283476E0,-2.339135170E0,9.435548782E0,9.795480226E0
2.332708429E0,1.209071875E0,-2.331952572E0,9.416395187E0,9.775906910E0
2.334697062E0,1.218648672E0,-2.317587137E0,9.397241592E0,9.755227536E0
2.336685460E0,1.228225470E0,-2.315192938E0,9.370905876E0,9.730495007E0
2.338674757E0,1.237802267E0,-2.315192938E0,9.356540680E0,9.717876635E0
2.340663429E0,1.247379065E0,-2.315192938E0,9.354146004E0,9.716795785E0
2.342651476E0,1.249773264E0,-2.308010340E0,9.330204010E0,9.692345011E0
2.344639718E0,1.259350061E0,-2.308010340E0,9.339780807E0,9.702802680E0
2.346628429E0,1.271321058E0,-2.296039343E0,9.356540680E0,9.717659564E0
2.348616476E0,1.256955862E0,-2.296039343E0,9.366117477E0,9.725013692E0
2.350604288E0,1.252167463E0,-2.293645144E0,9.378087997E0,9.735361621E0
2.352592413E0,1.249773264E0,-2.288856745E0,9.392453194E0,9.747767714E0
2.354580733E0,1.233013868E0,-2.274491549E0,9.414001465E0,9.763045559E0
2.356569015E0,1.228225470E0,-2.269703150E0,9.433155060E0,9.779800845E0
2.358556827E0,1.221042871E0,-2.269703150E0,9.457097054E0,9.801998917E0
2.360544679E0,1.204283476E0,-2.281674147E0,9.454702377E0,9.800394515E0
2.362533624E0,1.194706678E0,-2.284068346E0,9.481039047E0,9.825191788E0
2.364522687E0,1.192312479E0,-2.286462545E0,9.483432770E0,9.827767657E0
2.366511046E0,1.182735682E0,-2.284068346E0,9.485827446E0,9.828364779E0
2.368499249E0,1.180341482E0,-2.284068346E0,9.495404243E0,9.837320569E0
2.370487022E0,1.180341482E0,-2.288856745E0,9.488221169E0,9.831501012E0
2.372475616E0,1.192312479E0,-2.291250944E0,9.483432770E0,9.828882797E0
2.374465304E0,1.180341482E0,-2.305616140E0,9.478644371E0,9.826177838E0
2.376454444E0,1.185129881E0,-2.315192938E0,9.473855972E0,9.824387928E0
2.378443312E0,1.192312479E0,-2.310404539E0,9.464279175E0,9.814894726E0
2.380432257E0,1.185129881E0,-2.308010340E0,9.466673851E0,9.815770900E0
2.382421437E0,1.199495077E0,-2.303221941E0,9.457097054E0,9.807155777E0
2.384410968E0,1.204283476E0,-2.298433542E0,9.461885452E0,9.811237014E0
2.386400187E0,1.204283476E0,-2.281674147E0,9.466673851E0,9.811944221E0
2.388389210E0,1.206677675E0,-2.276885748E0,9.466673851E0,9.811126007E0
2.390378780E0,1.206677675E0,-2.272097349E0,9.452308655E0,9.796154158E0
2.392368741E0,1.209071875E0,-2.269703150E0,9.459490776E0,9.802824742E0
2.394358937E0,1.199495077E0,-2.267308950E0,9.459490776E0,9.801094024E0
2.396348937E0,1.204283476E0,-2.264914751E0,9.445125580E0,9.787263905E0
2.398337647E0,1.197100878E0,-2.262520552E0,9.452308655E0,9.792762055E0
2.400326476E0,1.192312479E0,-2.264914751E0,9.447520256E0,9.788109463E0
2.402316046E0,1.197100878E0,-2.269703150E0,9.445125580E0,9.787492024E0
2.404304874E0,1.187524080E0,-2.276885748E0,9.447520256E0,9.790304446E0
2.406293937E0,1.201889277E0,-2.286462545E0,9.466673851E0,9.812765288E0
2.408282960E0,1.209071875E0,-2.284068346E0,9.464279175E0,9.810779954E0
2.410271983E0,1.201889277E0,-2.281674147E0,9.466673851E0,9.811650653E0
2.412260577E0,1.199495077E0,-2.279279947E0,9.461885452E0,9.806180797E0
2.414249718E0,1.197100878E0,-2.279279947E0,9.469067574E0,9.812818571E0
2.416238390E0,1.197100878E0,-2.281674147E0,9.473855972E0,9.817995437E0
2.418226241E0,1.189918280E0,-2.288856745E0,9.466673851E0,9.811864477E0
2.420214757E0,1.187524080E0,-2.286462545E0,9.457097054E0,9.801775813E0
2.422204054E0,1.180341482E0,-2.279279947E0,9.476250648E0,9.817721194E0
2.424192491E0,1.170764685E0,-2.276885748E0,9.481039047E0,9.820641531E0
2.426180538E0,1.151610970E0,-2.286462545E0,9.490615845E0,9.829847807E0
2.428169562E0,1.146822572E0,-2.281674147E0,9.495404243E0,9.832799229E0
2.430157843E0,1.134851575E0,-2.272097349E0,9.519346237E0,9.852322936E0
2.432145538E0,1.115697980E0,-2.279279947E0,9.528923035E0,9.861048284E0
2.434133312E0,1.113303781E0,-2.286462545E0,9.526528358E0,9.860126715E0
2.436121749E0,1.120486379E0,-2.288856745E0,9.519346237E0,9.854557712E0
2.438110499E0,1.108515382E0,-2.305616140E0,9.509769440E0,9.847862049E0
2.440098897E0,1.110909581E0,-2.322375536E0,9.490615845E0,9.833582121E0
2.442087882E0,1.113303781E0,-2.329558372E0,9.478644371E0,9.824000541E0
2.444076007E0,1.106121182E0,-2.346317768E0,9.447520256E0,9.797160309E0
2.446064796E0,1.103726983E0,-2.351106167E0,9.421183586E0,9.772646194E0
2.448053976E0,1.115697980E0,-2.351106167E0,9.402029991E0,9.755544585E0
2.450043194E0,1.122880578E0,-2.360682964E0,9.394847870E0,9.751761449E0
2.452032257E0,1.125274777E0,-2.355894566E0,9.390059471E0,9.746265921E0
2.454021319E0,1.139639974E0,-2.355894566E0,9.392453194E0,9.750240790E0
2.456010577E0,1.151610970E0,-2.353500366E0,9.390059471E0,9.748763443E0
2.458000304E0,1.156399369E0,-2.353500366E0,9.385271072E0,9.744718394E0
2.459989835E0,1.161187768E0,-2.348711967E0,9.382876396E0,9.741826030E0
2.461979210E0,1.158793569E0,-2.351106167E0,9.390059471E0,9.749036856E0
2.463967843E0,1.165976286E0,-2.351106167E0,9.368511200E0,9.729141946E0
2.465957257E0,1.168370485E0,-2.355894566E0,9.366117477E0,9.728282757E0
2.467946944E0,1.187524080E0,-2.355894566E0,9.363722801E0,9.728296734E0
2.469935929E0,1.189918280E0,-2.363077164E0,9.358934402E0,9.725723230E0
2.471924679E0,1.189918280E0,-2.363077164E0,9.361329079E0,9.728027617E0
2.473912882E0,1.199495077E0,-2.382230759E0,9.356540680E0,9.729268489E0
2.475902179E0,1.216254473E0,-2.379836559E0,9.351752281E0,9.726158940E0
2.477890733E0,1.223437071E0,-2.384624958E0,9.358934402E0,9.735136753E0
2.479880343E0,1.233013868E0,-2.377442360E0,9.351752281E0,9.727683491E0
2.481868741E0,1.233013868E0,-2.372653961E0,9.363722801E0,9.738024169E0
2.483857608E0,1.225831270E0,-2.370259762E0,9.370905876E0,9.743442440E0
2.485847101E0,1.228225470E0,-2.360682964E0,9.385271072E0,9.755238335E0
2.487836749E0,1.228225470E0,-2.353500366E0,9.402029991E0,9.769629969E0
2.489825577E0,1.230619669E0,-2.339135170E0,9.406818390E0,9.771090540E0
2.491814054E0,1.235408068E0,-2.327163935E0,9.411606789E0,9.773447059E0
2.493802726E0,1.240196466E0,-2.324769735E0,9.418789864E0,9.780401019E0
2.495792374E0,1.242590666E0,-2.315192938E0,9.430760384E0,9.789963806E0
2.497781358E0,1.247379065E0,-2.310404539E0,9.442731857E0,9.800974880E0
2.499770655E0,1.254561663E0,-2.310404539E0,9.425971985E0,9.785746878E0
2.501759679E0,1.256955862E0,-2.312798738E0,9.425971985E0,9.786619636E0
2.503749327E0,1.249773264E0,-2.310404539E0,9.428366661E0,9.787440944E0
2.505738546E0,1.244984865E0,-2.310404539E0,9.425971985E0,9.784523714E0
2.507727765E0,1.235408068E0,-2.300827742E0,9.433155060E0,9.787975060E0
2.509716944E0,1.230619669E0,-2.319981337E0,9.425971985E0,9.784972459E0
2.511706124E0,1.213860273E0,-2.324769735E0,9.425971985E0,9.784015482E0
2.513695265E0,1.206677675E0,-2.319981337E0,9.430760384E0,9.786604407E0
2.515684601E0,1.201889277E0,-2.322375536E0,9.430760384E0,9.786583029E0
2.517673507E0,1.189918280E0,-2.334346771E0,9.442731857E0,9.799503319E0
2.519662101E0,1.185129881E0,-2.341529369E0,9.428366661E0,9.786796744E0
2.521650108E0,1.165976286E0,-2.334346771E0,9.437943459E0,9.792009614E0
2.523639171E0,1.163581967E0,-2.327163935E0,9.457097054E0,9.808481006E0
2.525628780E0,1.144428372E0,-2.322375536E0,9.461885452E0,9.809710533E0
2.527617843E0,1.127668977E0,-2.315192938E0,9.466673851E0,9.810691589E0
2.529607022E0,1.118092179E0,-2.315192938E0,9.466673851E0,9.809595418E0
2.531596241E0,1.103726983E0,-2.329558372E0,9.473855972E0,9.818299366E0
2.533584874E0,1.113303781E0,-2.324769735E0,9.471462250E0,9.815935859E0
2.535574366E0,1.110909581E0,-2.327163935E0,9.459490776E0,9.804681424E0
2.537564718E0,1.101332784E0,-2.322375536E0,9.464279175E0,9.807086332E0
2.539554093E0,1.101332784E0,-2.312798738E0,9.464279175E0,9.804822905E0
2.541543741E0,1.101332784E0,-2.327163935E0,9.442731857E0,9.787431267E0
2.543532413E0,1.101332784E0,-2.324769735E0,9.433155060E0,9.777622544E0
2.545520812E0,1.118092179E0,-2.336740971E0,9.440337181E0,9.789303069E0
2.547510421E0,1.120486379E0,-2.341529369E0,9.445125580E0,9.795338010E0
2.549499249E0,1.130063176E0,-2.339135170E0,9.449913979E0,9.800483168E0
2.551488741E0,1.132457376E0,-2.346317768E0,9.452308655E0,9.804784836E0
2.553477804E0,1.144428372E0,-2.351106167E0,9.449913979E0,9.805013550E0
2.555467022E0,1.144428372E0,-2.353500366E0,9.464279175E0,9.819432803E0
2.557456671E0,1.142034173E0,-2.367865562E0,9.466673851E0,9.824914411E0
2.559447647E0,1.144428372E0,-2.367865562E0,9.471462250E0,9.829806751E0
2.561438155E0,1.154005170E0,-2.363077164E0,9.469067574E0,9.827466730E0
2.563428194E0,1.151610970E0,-2.363077164E0,9.478644371E0,9.836414012E0
2.565418702E0,1.146822572E0,-2.358288765E0,9.488221169E0,9.843935638E0
2.567408507E0,1.154005170E0,-2.360682964E0,9.483432770E0,9.840734174E0
2.569397726E0,1.156399369E0,-2.343923569E0,9.483432770E0,9.837008402E0
2.571387296E0,1.163581967E0,-2.329558372E0,9.488221169E0,9.839060227E0
2.573377413E0,1.158793569E0,-2.322375536E0,9.488221169E0,9.836796816E0
2.575367687E0,1.154005170E0,-2.317587137E0,9.497797966E0,9.844343771E0
2.577358194E0,1.158793569E0,-2.315192938E0,9.507374763E0,9.853582890E0
2.579347452E0,1.168370485E0,-2.300827742E0,9.516951561E0,9.860591509E0
2.581338038E0,1.170764685E0,-2.298433542E0,9.531316757E0,9.874182793E0
2.583327569E0,1.170764685E0,-2.291250944E0,9.536105156E0,9.877136345E0
2.585316554E0,1.185129881E0,-2.274491549E0,9.528923035E0,9.868040274E0
2.587305030E0,1.187524080E0,-2.272097349E0,9.521739960E0,9.860840312E0
2.589294991E0,1.189918280E0,-2.284068346E0,9.502586365E0,9.845406103E0
2.591283858E0,1.192312479E0,-2.288856745E0,9.471462250E0,9.816775000E0
2.593271788E0,1.199495077E0,-2.293645144E0,9.437943459E0,9.786438229E0
2.595259952E0,1.209071875E0,-2.300827742E0,9.423578262E0,9.775453461E0
2.597248507E0,1.204283476E0,-2.315192938E0,9.404424667E0,9.759796123E0
2.599237491E0,1.211466074E0,-2.317587137E0,9.392453194E0,9.749719851E0
2.601226983E0,1.221042871E0,-2.317587137E0,9.380482674E0,9.739384530E0
2.603215694E0,1.221042871E0,-2.319981337E0,9.375694275E0,9.735342944E0
2.605204054E0,1.228225470E0,-2.319981337E0,9.385271072E0,9.745468912E0
2.607192530E0,1.228225470E0,-2.324769735E0,9.409213066E0,9.769666455E0
2.609181163E0,1.235408068E0,-2.312798738E0,9.423578262E0,9.781569320E0
2.611170968E0,1.237802267E0,-2.315192938E0,9.418789864E0,9.777825693E0
2.613159249E0,1.244984865E0,-2.324769735E0,9.414001465E0,9.776398377E0
2.615147140E0,1.252167463E0,-2.336740971E0,9.414001465E0,9.780168981E0
2.617134679E0,1.261744261E0,-2.341529369E0,9.411606789E0,9.780240320E0
2.619122452E0,1.261744261E0,-2.363077164E0,9.404424667E0,9.778513976E0
2.621111202E0,1.276109457E0,-2.382230759E0,9.399636269E0,9.780421295E0
2.623099679E0,1.288080573E0,-2.389413357E0,9.380482674E0,9.765341927E0
2.625088312E0,1.300051570E0,-2.391807556E0,9.375694275E0,9.762915579E0
2.627076554E0,1.309628367E0,-2.406172752E0,9.373299599E0,9.765425702E0
2.629066632E0,1.309628367E0,-2.406172752E0,9.354146004E0,9.747042692E0
2.631055968E0,1.307234168E0,-2.410961151E0,9.342175484E0,9.736418110E0
2.633043937E0,1.295263171E0,-2.410961151E0,9.344569206E0,9.737115281E0
2.635031905E0,1.290474772E0,-2.401384354E0,9.363722801E0,9.752501046E0
2.637020577E0,1.273715258E0,-2.408566952E0,9.380482674E0,9.768162596E0
2.639009483E0,1.261744261E0,-2.406172752E0,9.402029991E0,9.786717215E0
2.640999249E0,1.254561663E0,-2.403778553E0,9.416395187E0,9.799008859E0
2.642987882E0,1.247379065E0,-2.387019157E0,9.430760384E0,9.807805891E0
2.644977335E0,1.233013868E0,-2.379836559E0,9.437943459E0,9.811152938E0
2.646966085E0,1.213860273E0,-2.363077164E0,9.457097054E0,9.823149959E0
2.648954757E0,1.201889277E0,-2.351106167E0,9.469067574E0,9.830334621E0
2.650943272E0,1.185129881E0,-2.334346771E0,9.490615845E0,9.845074748E0
2.652931124E0,1.177947283E0,-2.324769735E0,9.504981041E0,9.855799243E0
2.654918702E0,1.161187768E0,-2.315192938E0,9.507374763E0,9.853864738E0
2.656906827E0,1.154005170E0,-2.305616140E0,9.497797966E0,9.841532397E0
2.658894679E0,1.149216771E0,-2.310404539E0,9.497797966E0,9.842095027E0
2.660883507E0,1.144428372E0,-2.310404539E0,9.502586365E0,9.846158289E0
2.662871905E0,1.132457376E0,-2.300827742E0,9.507374763E0,9.847154051E0
2.664861163E0,1.120486379E0,-2.296039343E0,9.504981041E0,9.842354951E0
2.666850772E0,1.118092179E0,-2.284068346E0,9.504981041E0,9.839296871E0
2.668839991E0,1.106121182E0,-2.274491549E0,9.524134636E0,9.854235457E0
2.670829132E0,1.110909581E0,-2.272097349E0,9.536105156E0,9.865791808E0
2.672817999E0,1.115697980E0,-2.269703150E0,9.536105156E0,9.865781060E0
2.674806241E0,1.118092179E0,-2.267308950E0,9.536105156E0,9.865501586E0
2.676794835E0,1.115697980E0,-2.269703150E0,9.536105156E0,9.865781060E0
2.678784093E0,1.122880578E0,-2.276885748E0,9.521739960E0,9.854369658E0
2.680772687E0,1.122880578E0,-2.286462545E0,9.512163162E0,9.847335670E0
2.682761085E0,1.130063176E0,-2.288856745E0,9.504981041E0,9.841776901E0
2.684749132E0,1.132457376E0,-2.296039343E0,9.481039047E0,9.820608830E0
2.686737726E0,1.139639974E0,-2.310404539E0,9.447520256E0,9.792465848E0
2.688727022E0,1.142034173E0,-2.319981337E0,9.442731857E0,9.790390206E0
2.690716358E0,1.144428372E0,-2.324769735E0,9.418789864E0,9.768719113E0
2.692705421E0,1.161187768E0,-2.331952572E0,9.394847870E0,9.749334661E0
2.694694054E0,1.163581967E0,-2.334346771E0,9.392453194E0,9.747885660E0
2.696682374E0,1.165976286E0,-2.341529369E0,9.392453194E0,9.749894229E0
2.698671476E0,1.185129881E0,-2.339135170E0,9.399636269E0,9.758547441E0
2.700660499E0,1.187524080E0,-2.343923569E0,9.402029991E0,9.762292717E0
2.702648546E0,1.187524080E0,-2.341529369E0,9.406818390E0,9.766330194E0
2.704637140E0,1.192312479E0,-2.341529369E0,9.411606789E0,9.771525530E0
2.706625772E0,1.192312479E0,-2.336740971E0,9.425971985E0,9.784217663E0
2.708614210E0,1.180341482E0,-2.334346771E0,9.433155060E0,9.789116163E0
2.710602647E0,1.180341482E0,-2.324769735E0,9.425971985E0,9.779913507E0
2.712590772E0,1.185129881E0,-2.322375536E0,9.437943459E0,9.791462490E0
2.714579601E0,1.180341482E0,-2.315192938E0,9.447520256E0,9.798416369E0
2.716567335E0,1.192312479E0,-2.305616140E0,9.445125580E0,9.795298467E0
2.718555733E0,1.194706678E0,-2.303221941E0,9.430760384E0,9.781175633E0
2.720544366E0,1.199495077E0,-2.296039343E0,9.440337181E0,9.789308004E0
2.722533038E0,1.211466074E0,-2.300827742E0,9.425971985E0,9.778057384E0
2.724522022E0,1.209071875E0,-2.293645144E0,9.418789864E0,9.769148650E0
2.726511358E0,1.213860273E0,-2.286462545E0,9.409213066E0,9.758824635E0
2.728499991E0,1.211466074E0,-2.288856745E0,9.411606789E0,9.761396293E0
2.730489366E0,1.211466074E0,-2.276885748E0,9.418789864E0,9.765524116E0
2.732478858E0,1.218648672E0,-2.281674147E0,9.421183586E0,9.769843482E0
2.734467765E0,1.218648672E0,-2.284068346E0,9.437943459E0,9.786564746E0
2.736457960E0,1.213860273E0,-2.279279947E0,9.445125580E0,9.791780791E0
2.738448038E0,1.206677675E0,-2.264914751E0,9.445125580E0,9.787558790E0
2.740437218E0,1.204283476E0,-2.262520552E0,9.459490776E0,9.800574661E0
2.742426866E0,1.189918280E0,-2.255337954E0,9.452308655E0,9.790229502E0
2.744415499E0,1.192312479E0,-2.255337954E0,9.454702377E0,9.792831836E0
2.746404952E0,1.189918280E0,-2.257732153E0,9.454702377E0,9.793092312E0
2.748394640E0,1.173158884E0,-2.264914751E0,9.457097054E0,9.795040851E0
2.750382843E0,1.168370485E0,-2.248155355E0,9.464279175E0,9.797544202E0
2.752371788E0,1.168370485E0,-2.260126352E0,9.452308655E0,9.788738408E0
2.754360108E0,1.168370485E0,-2.264914751E0,9.454702377E0,9.792156324E0
2.756348312E0,1.165976286E0,-2.267308950E0,9.452308655E0,9.790113865E0
2.758335421E0,1.180341482E0,-2.267308950E0,9.457097054E0,9.796457552E0
2.760323155E0,1.182735682E0,-2.274491549E0,9.457097054E0,9.798411105E0
2.762312062E0,1.180341482E0,-2.269703150E0,9.454702377E0,9.794700376E0
2.764301515E0,1.185129881E0,-2.279279947E0,9.447520256E0,9.790571429E0
2.766290812E0,1.201889277E0,-2.286462545E0,9.442731857E0,9.789669746E0
2.768279601E0,1.204283476E0,-2.293645144E0,9.447520256E0,9.796261824E0
2.770269405E0,1.221042871E0,-2.291250944E0,9.435548782E0,9.786233055E0
2.772257374E0,1.228225470E0,-2.296039343E0,9.433155060E0,9.785946497E0
2.774245851E0,1.223437071E0,-2.303221941E0,9.416395187E0,9.770881634E0
2.776234757E0,1.216254473E0,-2.300827742E0,9.421183586E0,9.774036188E0
2.778223624E0,1.216254473E0,-2.298433542E0,9.409213066E0,9.761934348E0
2.780211476E0,1.206677675E0,-2.293645144E0,9.418789864E0,9.768852622E0
2.782199483E0,1.199495077E0,-2.288856745E0,9.433155060E0,9.780698749E0
2.784187921E0,1.177947283E0,-2.272097349E0,9.452308655E0,9.792656691E0
2.786177022E0,1.168370485E0,-2.257732153E0,9.481039047E0,9.815933246E0
2.788165265E0,1.151610970E0,-2.252943754E0,9.512163162E0,9.842926974E0
2.790153546E0,1.139639974E0,-2.248155355E0,9.519346237E0,9.847382117E0
2.792141397E0,1.134851575E0,-2.229001760E0,9.540893555E0,9.863315202E0
2.794129288E0,1.137245774E0,-2.217030764E0,9.557653427E0,9.877109516E0
2.796116944E0,1.132457376E0,-2.217030764E0,9.560047150E0,9.878875777E0
2.798105577E0,1.134851575E0,-2.207453966E0,9.543288231E0,9.860785535E0
2.800093702E0,1.144428372E0,-2.212242365E0,9.524134636E0,9.844433612E0
2.802081515E0,1.151610970E0,-2.226607561E0,9.514557838E0,9.839247935E0
2.804069718E0,1.151610970E0,-2.229001760E0,9.502586365E0,9.828214705E0
2.806057804E0,1.168370485E0,-2.240972757E0,9.464279175E0,9.795898570E0
2.808045772E0,1.177947283E0,-2.257732153E0,9.440337181E0,9.777774817E0
2.810035538E0,1.194706678E0,-2.279279947E0,9.418789864E0,9.764017801E0
2.812025030E0,1.201889277E0,-2.293645144E0,9.414001465E0,9.763645296E0
2.814013741E0,1.206677675E0,-2.303221941E0,9.399636269E0,9.752643965E0
2.816003546E0,1.216254473E0,-2.310404539E0,9.404424667E0,9.760145870E0
2.817992452E0,1.223437071E0,-2.324769735E0,9.411606789E0,9.771371190E0
2.819981554E0,1.230619669E0,-2.324769735E0,9.414001465E0,9.774579412E0
2.821970499E0,1.225831270E0,-2.327163935E0,9.437943459E0,9.797608433E0
2.823958507E0,1.225831270E0,-2.322375536E0,9.442731857E0,9.801085418E0
2.825947491E0,1.235408068E0,-2.331952572E0,9.440337181E0,9.802254944E0
2.827936124E0,1.235408068E0,-2.334346771E0,9.440337181E0,9.802824799E0
2.829924913E0,1.235408068E0,-2.331952572E0,9.433155060E0,9.795338191E0
2.831914796E0,1.240196466E0,-2.343923569E0,9.428366661E0,9.794190261E0
2.833903897E0,1.242590666E0,-2.341529369E0,9.430760384E0,9.796225434E0
2.835892960E0,1.252167463E0,-2.343923569E0,9.418789864E0,9.786495979E0
2.837882413E0,1.244984865E0,-2.343923569E0,9.409213066E0,9.776362081E0
2.839871554E0,1.254561663E0,-2.360682964E0,9.392453194E0,9.765496711E0
2.841860226E0,1.261744261E0,-2.358288765E0,9.392453194E0,9.765843613E0
2.843848819E0,1.256955862E0,-2.358288765E0,9.392453194E0,9.765226108E0
2.845837960E0,1.254561663E0,-2.358288765E0,9.387664795E0,9.760312555E0
2.847827608E0,1.254561663E0,-2.358288765E0,9.394847870E0,9.767221578E0
2.849817413E0,1.249773264E0,-2.353500366E0,9.392453194E0,9.763148784E0
2.851807140E0,1.244984865E0,-2.348711967E0,9.399636269E0,9.768295512E0
2.853796788E0,1.242590666E0,-2.339135170E0,9.414001465E0,9.779519849E0
2.855785929E0,1.225831270E0,-2.317587137E0,9.416395187E0,9.774577779E0
2.857774757E0,1.209071875E0,-2.296039343E0,9.433155060E0,9.783561000E0
2.859764132E0,1.197100878E0,-2.284068346E0,9.461885452E0,9.807002347E0
2.861753858E0,1.189918280E0,-2.255337954E0,9.471462250E0,9.808723258E0
2.863743038E0,1.180341482E0,-2.248155355E0,9.481039047E0,9.815167341E0
2.865731749E0,1.161187768E0,-2.231395960E0,9.485827446E0,9.813684695E0
2.867721866E0,1.163581967E0,-2.219424963E0,9.481039047E0,9.806623862E0
2.869711827E0,1.170764685E0,-2.212242365E0,9.485827446E0,9.810485644E0
2.871700812E0,1.173158884E0,-2.209848166E0,9.493009567E0,9.817176851E0
2.873690069E0,1.180341482E0,-2.212242365E0,9.488221169E0,9.813947383E0
2.875679679E0,1.187524080E0,-2.217030764E0,9.485827446E0,9.813580447E0
2.877668858E0,1.189918280E0,-2.219424963E0,9.483432770E0,9.812097114E0
2.879657726E0,1.197100878E0,-2.217030764E0,9.469067574E0,9.798546659E0
2.881646437E0,1.182735682E0,-2.219424963E0,9.476250648E0,9.804286675E0
2.883634952E0,1.187524080E0,-2.217030764E0,9.493009567E0,9.820522873E0
2.885623585E0,1.177947283E0,-2.224213362E0,9.509769440E0,9.837194706E0
2.887611124E0,1.177947283E0,-2.240972757E0,9.521739960E0,9.852565684E0
2.889598858E0,1.189918280E0,-2.238578558E0,9.536105156E0,9.867342146E0
2.891586007E0,1.187524080E0,-2.243366957E0,9.526528358E0,9.858886920E0
2.893573507E0,1.187524080E0,-2.245761156E0,9.516951561E0,9.850178863E0
2.895561319E0,1.187524080E0,-2.274491549E0,9.497797966E0,9.838276854E0
2.897550030E0,1.189918280E0,-2.286462545E0,9.478644371E0,9.822856794E0
2.899539054E0,1.185129881E0,-2.308010340E0,9.461885452E0,9.811152882E0
2.901528077E0,1.182735682E0,-2.308010340E0,9.435548782E0,9.785466583E0
2.903517335E0,1.189918280E0,-2.315192938E0,9.421183586E0,9.774186617E0
2.905506202E0,1.189918280E0,-2.319981337E0,9.425971985E0,9.779936951E0
2.907495616E0,1.194706678E0,-2.322375536E0,9.409213066E0,9.764939462E0
2.909485108E0,1.199495077E0,-2.319981337E0,9.394847870E0,9.751116261E0
2.911474366E0,1.209071875E0,-2.310404539E0,9.399636269E0,9.754639200E0
2.913463351E0,1.213860273E0,-2.300827742E0,9.406818390E0,9.759892278E0
2.915452726E0,1.211466074E0,-2.303221941E0,9.392453194E0,9.746315117E0
2.917441671E0,1.218648672E0,-2.310404539E0,9.387664795E0,9.744297000E0
2.919430460E0,1.225831270E0,-2.305616140E0,9.368511200E0,9.725612073E0
2.921420187E0,1.223437071E0,-2.300827742E0,9.368511200E0,9.724176503E0
2.923408507E0,1.213860273E0,-2.310404539E0,9.366117477E0,9.722941042E0
2.925396710E0,1.199495077E0,-2.298433542E0,9.378087997E0,9.729857125E0
2.927384952E0,1.199495077E0,-2.286462545E0,9.404424667E0,9.752430607E0
2.929373976E0,1.189918280E0,-2.281674147E0,9.409213066E0,9.754754377E0
2.931362296E0,1.180341482E0,-2.276885748E0,9.435548782E0,9.777882979E0
2.933351163E0,1.170764685E0,-2.272097349E0,9.461885452E0,9.801040385E0
2.935340577E0,1.165976286E0,-2.272097349E0,9.471462250E0,9.809715807E0
2.937329835E0,1.156399369E0,-2.267308950E0,9.495404243E0,9.830597699E0
2.939318819E0,1.139639974E0,-2.264914751E0,9.509769440E0,9.841967938E0
2.941307140E0,1.134851575E0,-2.274491549E0,9.512163162E0,9.845935604E0
2.943295772E0,1.125274777E0,-2.272097349E0,9.519346237E0,9.851224415E0
2.945283858E0,1.120486379E0,-2.272097349E0,9.516951561E0,9.848364489E0
2.947271671E0,1.122880578E0,-2.272097349E0,9.524134636E0,9.855578508E0
2.949259679E0,1.120486379E0,-2.269703150E0,9.526528358E0,9.857067753E0
2.951248077E0,1.127668977E0,-2.272097349E0,9.528923035E0,9.860752400E0
2.953236671E0,1.142034173E0,-2.274491549E0,9.545681953E0,9.879149650E0
2.955224562E0,1.161187768E0,-2.276885748E0,9.538499832E0,9.874995939E0
2.957213429E0,1.170764685E0,-2.284068346E0,9.516951561E0,9.856978501E0
2.959201241E0,1.182735682E0,-2.284068346E0,9.504981041E0,9.846852111E0
2.961189327E0,1.182735682E0,-2.286462545E0,9.471462250E0,9.815058421E0
2.963179132E0,1.185129881E0,-2.288856745E0,9.452308655E0,9.797425016E0
2.965168468E0,1.194706678E0,-2.284068346E0,9.437943459E0,9.783612267E0
2.967157647E0,1.197100878E0,-2.286462545E0,9.416395187E0,9.763680649E0
2.969146827E0,1.201889277E0,-2.288856745E0,9.399636269E0,9.748669910E0
2.971135929E0,1.204283476E0,-2.284068346E0,9.406818390E0,9.754768020E0
2.973125460E0,1.211466074E0,-2.279279947E0,9.416395187E0,9.763773116E0
2.975114679E0,1.209071875E0,-2.284068346E0,9.402029991E0,9.750743098E0
2.977104444E0,1.206677675E0,-2.281674147E0,9.414001465E0,9.761430812E0
2.979094093E0,1.206677675E0,-2.284068346E0,9.425971985E0,9.773535035E0
2.981082726E0,1.199495077E0,-2.286462545E0,9.423578262E0,9.770902040E0
2.983072413E0,1.211466074E0,-2.291250944E0,9.414001465E0,9.764266717E0
2.985060812E0,1.201889277E0,-2.305616140E0,9.409213066E0,9.761848910E0
2.987048976E0,1.204283476E0,-2.310404539E0,9.418789864E0,9.772505836E0
2.989037999E0,1.206677675E0,-2.310404539E0,9.409213066E0,9.763571614E0
2.991026007E0,1.211466074E0,-2.312798738E0,9.404424667E0,9.760117385E0
2.993014483E0,1.211466074E0,-2.315192938E0,9.404424667E0,9.760685002E0
2.995002647E0,1.194706678E0,-2.308010340E0,9.414001465E0,9.766148645E0
2.996992022E0,1.194706678E0,-2.293645144E0,9.433155060E0,9.781234404E0
2.998981554E0,1.192312479E0,-2.296039343E0,9.457097054E0,9.804595371E0
3.000970421E0,1.185129881E0,-2.303221941E0,9.488221169E0,9.835431108E0
3.002960069E0,1.180341482E0,-2.291250944E0,9.514557838E0,9.857476744E0
3.004948312E0,1.168370485E0,-2.286462545E0,9.528923035E0,9.868808173E0
3.006936515E0,1.158793569E0,-2.288856745E0,9.538499832E0,9.877481804E0
3.008925616E0,1.151610970E0,-2.286462545E0,9.543288231E0,9.880711971E0
3.010914366E0,1.144428372E0,-2.274491549E0,9.550470352E0,9.884053422E0
3.012902726E0,1.144428372E0,-2.276885748E0,9.576807022E0,9.910053368E0
3.014891046E0,1.146822572E0,-2.286462545E0,9.564835548E0,9.900969248E0
3.016880538E0,1.165976286E0,-2.288856745E0,9.562441826E0,9.901447347E0
3.018869288E0,1.185129881E0,-2.288856745E0,9.564835548E0,9.906032359E0
3.020857999E0,1.199495077E0,-2.291250944E0,9.545681953E0,9.889826252E0
3.022847179E0,1.206677675E0,-2.296039343E0,9.538499832E0,9.884879702E0
3.024835890E0,1.235408068E0,-2.310404539E0,9.509769440E0,9.864072031E0
3.026824718E0,1.261744261E0,-2.319981337E0,9.507374763E0,9.867344469E0
3.028812569E0,1.290474772E0,-2.334346771E0,9.504981041E0,9.872140830E0
3.030800499E0,1.300051570E0,-2.358288765E0,9.449913979E0,9.826114908E0
3.032788897E0,1.309628367E0,-2.363077164E0,9.421183586E0,9.800916299E0
3.034776710E0,1.316810966E0,-2.367865562E0,9.452308655E0,9.832950592E0
3.036765694E0,1.321599364E0,-2.370259762E0,9.469067574E0,9.850279028E0
3.038754171E0,1.326387763E0,-2.355894566E0,9.493009567E0,9.870500207E0
3.040743077E0,1.312022567E0,-2.358288765E0,9.476250648E0,9.853032806E0
3.042732101E0,1.280897856E0,-2.353500366E0,9.406818390E0,9.780996652E0
3.044720968E0,1.266532660E0,-2.346317768E0,9.351752281E0,9.724432260E0
3.046709444E0,1.252167463E0,-2.343923569E0,9.308655739E0,9.680546096E0
3.048698819E0,1.266532660E0,-2.329558372E0,9.325415611E0,9.695066968E0
3.050687960E0,1.259350061E0,-2.322375536E0,9.315838814E0,9.683193869E0
3.052676593E0,1.256955862E0,-2.324769735E0,9.253589630E0,9.623586307E0
3.054665851E0,1.254561663E0,-2.315192938E0,9.191340446E0,9.561107808E0
3.056654405E0,1.256955862E0,-2.322375536E0,9.157821655E0,9.530952924E0
3.058643390E0,1.259350061E0,-2.324769735E0,9.165003777E0,9.538753122E0
3.060633038E0,1.273715258E0,-2.322375536E0,9.193734169E0,9.567681363E0
3.062621554E0,1.273715258E0,-2.324769735E0,9.232041359E0,9.605076394E0
3.064609757E0,1.266532660E0,-2.329558372E0,9.263166428E0,9.635206249E0
3.066598702E0,1.254561663E0,-2.334346771E0,9.337387085E0,9.706178310E0
3.068587140E0,1.252167463E0,-2.341529369E0,9.414001465E0,9.781314161E0
3.070575069E0,1.237802267E0,-2.343923569E0,9.493009567E0,9.856133258E0
3.072563741E0,1.228225470E0,-2.343923569E0,9.555258751E0,9.914912269E0
3.074551593E0,1.204283476E0,-2.331952572E0,9.593565941E0,9.946095161E0
3.076539483E0,1.187524080E0,-2.329558372E0,9.603142738E0,9.952758718E0
3.078527179E0,1.165976286E0,-2.329558372E0,9.603142738E0,9.950210720E0
3.080514835E0,1.165976286E0,-2.327163935E0,9.591172218E0,9.938097263E0
3.082503819E0,1.163581967E0,-2.317587137E0,9.552865028E0,9.898604113E0
3.084492921E0,1.146822572E0,-2.315192938E0,9.514557838E0,9.859114119E0
3.086480421E0,1.149216771E0,-2.296039343E0,9.457097054E0,9.799447971E0
3.088468819E0,1.139639974E0,-2.293645144E0,9.423578262E0,9.765419324E0
3.090457647E0,1.149216771E0,-2.300827742E0,9.385271072E0,9.731280521E0
3.092446749E0,1.154005170E0,-2.298433542E0,9.363722801E0,9.710500985E0
3.094436046E0,1.158793569E0,-2.300827742E0,9.375694275E0,9.723181268E0
3.096424132E0,1.158793569E0,-2.305616140E0,9.370905876E0,9.719698826E0
3.098411983E0,1.156399369E0,-2.291250944E0,9.375694275E0,9.720634420E0
3.100398819E0,1.151610970E0,-2.286462545E0,9.375694275E0,9.718938313E0
3.102387960E0,1.144428372E0,-2.291250944E0,9.373299599E0,9.716907561E0
3.104376397E0,1.139639974E0,-2.264914751E0,9.380482674E0,9.717102103E0
3.106365382E0,1.127668977E0,-2.260126352E0,9.385271072E0,9.719214040E0
3.108354483E0,1.130063176E0,-2.252943754E0,9.380482674E0,9.713199964E0
3.110343312E0,1.110909581E0,-2.248155355E0,9.406818390E0,9.735325101E0
3.112332296E0,1.086967587E0,-2.233790159E0,9.428366661E0,9.750149481E0
3.114320460E0,1.070208192E0,-2.233790159E0,9.457097054E0,9.776085552E0
3.116308233E0,1.051054597E0,-2.231395960E0,9.481039047E0,9.796629273E0
3.118296593E0,1.029506683E0,-2.226607561E0,9.509769440E0,9.821068172E0
3.120284405E0,1.019929886E0,-2.224213362E0,9.543288231E0,9.851991286E0
3.122271866E0,1.027112484E0,-2.224213362E0,9.552865028E0,9.862013759E0
3.124259132E0,1.031900883E0,-2.219424963E0,9.564835548E0,9.873031230E0
3.126246202E0,1.048660398E0,-2.217030764E0,9.572018623E0,9.881217261E0
3.128233546E0,1.060631394E0,-2.219424963E0,9.557653427E0,9.869119776E0
3.130222062E0,1.079784989E0,-2.226607561E0,9.533711433E0,9.849638092E0
3.132210851E0,1.091755986E0,-2.240972757E0,9.502586365E0,9.824104929E0
3.134199718E0,1.106121182E0,-2.240972757E0,9.464279175E0,9.788669126E0
3.136187921E0,1.115697980E0,-2.257732153E0,9.447520256E0,9.777411490E0
3.138176554E0,1.118092179E0,-2.262520552E0,9.447520256E0,9.778791764E0
3.140164913E0,1.122880578E0,-2.272097349E0,9.447520256E0,9.781560517E0
3.142151632E0,1.142034173E0,-2.267308950E0,9.442731857E0,9.778042588E0
3.144138468E0,1.161187768E0,-2.276885748E0,9.461885452E0,9.801012297E0
3.146125108E0,1.175553083E0,-2.276885748E0,9.457097054E0,9.798102798E0
3.148111710E0,1.185129881E0,-2.284068346E0,9.445125580E0,9.789376807E0
3.150098585E0,1.194706678E0,-2.286462545E0,9.440337181E0,9.786480527E0
3.152085226E0,1.194706678E0,-2.288856745E0,9.435548782E0,9.782421483E0
3.154072022E0,1.209071875E0,-2.308010340E0,9.414001465E0,9.767916365E0
3.156059444E0,1.213860273E0,-2.327163935E0,9.409213066E0,9.768440984E0
3.158045929E0,1.221042871E0,-2.343923569E0,9.397241592E0,9.761817092E0
3.160032608E0,1.237802267E0,-2.355894566E0,9.392453194E0,9.762201117E0
3.162020147E0,1.247379065E0,-2.370259762E0,9.385271072E0,9.759989701E0
3.164007726E0,1.261744261E0,-2.379836559E0,9.380482674E0,9.759563301E0
3.165994444E0,1.268926859E0,-2.382230759E0,9.375694275E0,9.756476920E0
3.167981554E0,1.273715258E0,-2.382230759E0,9.385271072E0,9.766303653E0
3.169968429E0,1.259350061E0,-2.367865562E0,9.390059471E0,9.765549998E0
3.171956827E0,1.256955862E0,-2.351106167E0,9.406818390E0,9.777314072E0
3.173944327E0,1.252167463E0,-2.351106167E0,9.425971985E0,9.795129985E0
3.175932062E0,1.235408068E0,-2.341529369E0,9.433155060E0,9.797622531E0
3.177918897E0,1.221042871E0,-2.324769735E0,9.464279175E0,9.821816549E0
3.179905499E0,1.216254473E0,-2.319981337E0,9.478644371E0,9.833935502E0
3.181893390E0,1.201889277E0,-2.308010340E0,9.490615845E0,9.840896233E0
3.183882179E0,1.194706678E0,-2.298433542E0,9.500192642E0,9.847018891E0
3.185869991E0,1.180341482E0,-2.286462545E0,9.507374763E0,9.849431043E0
3.187857022E0,1.165976286E0,-2.276885748E0,9.514557838E0,9.852437276E0
3.189844952E0,1.151610970E0,-2.272097349E0,9.483432770E0,9.819578977E0
3.191834015E0,1.149216771E0,-2.264914751E0,9.476250648E0,9.810701523E0
3.193823155E0,1.139639974E0,-2.257732153E0,9.476250648E0,9.807928430E0
3.195813077E0,1.139639974E0,-2.252943754E0,9.464279175E0,9.795259830E0
3.197801632E0,1.144428372E0,-2.238578558E0,9.459490776E0,9.787896403E0
3.199790187E0,1.142034173E0,-2.224213362E0,9.452308655E0,9.777397713E0
3.201779288E0,1.142034173E0,-2.212242365E0,9.454702377E0,9.776996235E0
3.203767413E0,1.134851575E0,-2.212242365E0,9.459490776E0,9.780790874E0
3.205757491E0,1.142034173E0,-2.212242365E0,9.471462250E0,9.793204556E0
3.207746046E0,1.144428372E0,-2.202665567E0,9.476250648E0,9.795957240E0
3.209734054E0,1.142034173E0,-2.207453966E0,9.485827446E0,9.806019447E0
3.211721827E0,1.137245774E0,-2.207453966E0,9.493009567E0,9.812411101E0
3.213710538E0,1.120486379E0,-2.207453966E0,9.519346237E0,9.835969475E0
3.215698546E0,1.108515382E0,-2.212242365E0,9.533711433E0,9.849592699E0
3.217686163E0,1.096544385E0,-2.221819162E0,9.536105156E0,9.852725081E0
3.219675187E0,1.089361787E0,-2.231395960E0,9.538499832E0,9.856409898E0
3.221664640E0,1.082179189E0,-2.238578558E0,9.543288231E0,9.861880957E0
3.223653233E0,1.086967587E0,-2.250549555E0,9.543288231E0,9.865131631E0
3.225641983E0,1.094150186E0,-2.272097349E0,9.531316757E0,9.859289534E0
3.227632140E0,1.101332784E0,-2.298433542E0,9.497797966E0,9.833813952E0
3.229621397E0,1.118092179E0,-2.305616140E0,9.481039047E0,9.821206511E0
3.231609913E0,1.137245774E0,-2.315192938E0,9.454702377E0,9.800247106E0
3.233598897E0,1.156399369E0,-2.310404539E0,9.430760384E0,9.778265186E0
3.235586983E0,1.165976286E0,-2.308010340E0,9.404424667E0,9.753441226E0
3.237576046E0,1.173158884E0,-2.312798738E0,9.404424667E0,9.755436592E0
3.239564288E0,1.197100878E0,-2.308010340E0,9.409213066E0,9.761826303E0
3.241552491E0,1.211466074E0,-2.296039343E0,9.406818390E0,9.758467038E0
3.243540772E0,1.237802267E0,-2.298433542E0,9.385271072E0,9.741574016E0
3.245529288E0,1.264138460E0,-2.291250944E0,9.370905876E0,9.729427212E0
3.247517882E0,1.264138460E0,-2.291250944E0,9.351752281E0,9.710980778E0
3.249506944E0,1.266532660E0,-2.296039343E0,9.339780807E0,9.700897236E0
3.251495772E0,1.266532660E0,-2.298433542E0,9.337387085E0,9.699159721E0
3.253483585E0,1.271321058E0,-2.303221941E0,9.332598686E0,9.696313051E0
3.255472101E0,1.278503656E0,-2.315192938E0,9.337387085E0,9.704714705E0
3.257460733E0,1.280897856E0,-2.315192938E0,9.358934402E0,9.725763251E0
3.259449835E0,1.283292055E0,-2.317587137E0,9.366117477E0,9.733560769E0
3.261438624E0,1.280897856E0,-2.322375536E0,9.382876396E0,9.750512649E0
3.263426827E0,1.273715258E0,-2.315192938E0,9.387664795E0,9.752472466E0
3.265415851E0,1.273715258E0,-2.317587137E0,9.414001465E0,9.778393747E0
3.267405147E0,1.268926859E0,-2.319981337E0,9.423578262E0,9.787559248E0
3.269394093E0,1.244984865E0,-2.322375536E0,9.459490776E0,9.819642620E0
3.271383194E0,1.237802267E0,-2.317587137E0,9.476250648E0,9.833752638E0
3.273372530E0,1.233013868E0,-2.329558372E0,9.490615845E0,9.849820025E0
3.275361554E0,1.218648672E0,-2.339135170E0,9.495404243E0,9.854915508E0
3.277351905E0,1.201889277E0,-2.331952572E0,9.509769440E0,9.865001542E0
3.279341788E0,1.185129881E0,-2.331952572E0,9.516951561E0,9.869898816E0
3.281331085E0,1.187524080E0,-2.329558372E0,9.521739960E0,9.874238579E0
3.283321515E0,1.192312479E0,-2.329558372E0,9.524134636E0,9.877124674E0
3.285310890E0,1.180341482E0,-2.324769735E0,9.514557838E0,9.865321647E0
3.287299796E0,1.185129881E0,-2.315192938E0,9.500192642E0,9.849787379E0
3.289289874E0,1.194706678E0,-2.310404539E0,9.469067574E0,9.819803149E0
3.291279640E0,1.194706678E0,-2.317587137E0,9.454702377E0,9.807646569E0
3.293269132E0,1.192312479E0,-2.317587137E0,9.428366661E0,9.781968978E0
3.295257452E0,1.194706678E0,-2.317587137E0,9.416395187E0,9.770723234E0
3.297246944E0,1.192312479E0,-2.315192938E0,9.394847870E0,9.749097081E0
3.299236163E0,1.199495077E0,-2.305616140E0,9.382876396E0,9.736170895E0
3.301225851E0,1.197100878E0,-2.312798738E0,9.366117477E0,9.721432256E0
3.303216788E0,1.201889277E0,-2.305616140E0,9.375694275E0,9.729545044E0
3.305207647E0,1.192312479E0,-2.308010340E0,9.390059471E0,9.742778744E0
3.307197999E0,1.189918280E0,-2.310404539E0,9.411606789E0,9.763821843E0
3.309188312E0,1.182735682E0,-2.315192938E0,9.418789864E0,9.771007344E0
3.311177999E0,1.175553083E0,-2.317587137E0,9.430760384E0,9.782248034E0
3.313168038E0,1.156399369E0,-2.319981337E0,9.452308655E0,9.801311739E0
3.315158272E0,1.146822572E0,-2.319981337E0,9.459490776E0,9.807113804E0
3.317148819E0,1.134851575E0,-2.315192938E0,9.466673851E0,9.811519772E0
3.319139327E0,1.134851575E0,-2.319981337E0,9.454702377E0,9.801101905E0
3.321129054E0,1.127668977E0,-2.322375536E0,9.457097054E0,9.803150011E0
3.323120069E0,1.120486379E0,-2.312798738E0,9.459490776E0,9.802371829E0
3.325109444E0,1.110909581E0,-2.312798738E0,9.466673851E0,9.808214512E0
3.327098937E0,1.106121182E0,-2.303221941E0,9.461885452E0,9.800796483E0
3.329089093E0,1.106121182E0,-2.293645144E0,9.464279175E0,9.800861820E0
3.331079601E0,1.120486379E0,-2.281674147E0,9.466673851E0,9.802012061E0
3.333069522E0,1.127668977E0,-2.291250944E0,9.476250648E0,9.814315797E0
3.335059210E0,1.132457376E0,-2.276885748E0,9.483432770E0,9.818460445E0
3.337049210E0,1.139639974E0,-2.272097349E0,9.478644371E0,9.813557191E0
3.339038702E0,1.134851575E0,-2.262520552E0,9.478644371E0,9.810789288E0
3.341028624E0,1.144428372E0,-2.257732153E0,9.476250648E0,9.808485975E0
3.343019444E0,1.149216771E0,-2.250549555E0,9.473855972E0,9.805081309E0
3.345010030E0,1.146822572E0,-2.252943754E0,9.466673851E0,9.798411676E0
3.347000382E0,1.161187768E0,-2.248155355E0,9.459490776E0,9.792064403E0
3.348991476E0,1.154005170E0,-2.260126352E0,9.440337181E0,9.775472631E0
3.350982140E0,1.161187768E0,-2.245761156E0,9.430760384E0,9.763761653E0
3.352972530E0,1.175553083E0,-2.240972757E0,9.425971985E0,9.759755725E0
3.354962491E0,1.182735682E0,-2.236184359E0,9.423578262E0,9.757213303E0
3.356951749E0,1.197100878E0,-2.231395960E0,9.418789864E0,9.753244636E0
3.358941319E0,1.211466074E0,-2.231395960E0,9.421183586E0,9.757329457E0
3.360931437E0,1.218648672E0,-2.226607561E0,9.430760384E0,9.766377385E0
3.362921866E0,1.223437071E0,-2.214636564E0,9.452308655E0,9.785067822E0
3.364912491E0,1.223437071E0,-2.219424963E0,9.461885452E0,9.795403093E0
3.366902022E0,1.225831270E0,-2.221819162E0,9.447520256E0,9.782370964E0
3.368892452E0,1.223437071E0,-2.221819162E0,9.454702377E0,9.789007902E0
3.370882569E0,1.218648672E0,-2.226607561E0,9.454702377E0,9.789498601E0
3.372873194E0,1.225831270E0,-2.236184359E0,9.473855972E0,9.811071795E0
3.374863194E0,1.223437071E0,-2.231395960E0,9.500192642E0,9.835120052E0
3.376855030E0,1.225831270E0,-2.233790159E0,9.502586365E0,9.838273649E0
3.378845890E0,1.225831270E0,-2.233790159E0,9.521739960E0,9.856774961E0
3.380836827E0,1.223437071E0,-2.248155355E0,9.545681953E0,9.882866220E0
3.382827491E0,1.216254473E0,-2.250549555E0,9.555258751E0,9.891775272E0
3.384818233E0,1.221042871E0,-2.245761156E0,9.548076630E0,9.884338935E0
3.386808546E0,1.223437071E0,-2.243366957E0,9.545681953E0,9.881778055E0
3.388798976E0,1.216254473E0,-2.250549555E0,9.533711433E0,9.870962564E0
3.390788976E0,1.225831270E0,-2.243366957E0,9.528923035E0,9.865887279E0
3.392779679E0,1.242590666E0,-2.243366957E0,9.509769440E0,9.849489411E0
3.394770772E0,1.242590666E0,-2.250549555E0,9.471462250E0,9.814153148E0
3.396761944E0,1.247379065E0,-2.248155355E0,9.476250648E0,9.818833097E0
3.398753233E0,1.256955862E0,-2.260126352E0,9.454702377E0,9.802015416E0
3.400744483E0,1.268926859E0,-2.272097349E0,9.423578262E0,9.776319809E0
3.402735694E0,1.259350061E0,-2.257732153E0,9.416395187E0,9.764825415E0
3.404725968E0,1.264138460E0,-2.248155355E0,9.416395187E0,9.763234447E0
3.406715851E0,1.256955862E0,-2.236184359E0,9.423578262E0,9.766487894E0
3.408706085E0,1.242590666E0,-2.231395960E0,9.423578262E0,9.763554002E0
3.410696671E0,1.230619669E0,-2.212242365E0,9.430760384E0,9.764613790E0
3.412687140E0,1.223437071E0,-2.212242365E0,9.437943459E0,9.770649481E0
3.414677179E0,1.206677675E0,-2.209848166E0,9.471462250E0,9.800413107E0
3.416667765E0,1.192312479E0,-2.207453966E0,9.495404243E0,9.821260805E0
3.418658038E0,1.177947283E0,-2.195482969E0,9.500192642E0,9.821474711E0
3.420648585E0,1.158793569E0,-2.188300371E0,9.512163162E0,9.829176419E0
3.422639366E0,1.144428372E0,-2.185906172E0,9.533711433E0,9.847819849E0
3.424630108E0,1.132457376E0,-2.176329374E0,9.555258751E0,9.865183174E0
3.426620265E0,1.118092179E0,-2.183511972E0,9.560047150E0,9.869769813E0
3.428609913E0,1.118092179E0,-2.185906172E0,9.562441826E0,9.872619186E0
3.430599796E0,1.110909581E0,-2.195482969E0,9.548076630E0,9.860021952E0
3.432589991E0,1.113303781E0,-2.205059767E0,9.524134636E0,9.839251722E0
3.434579874E0,1.113303781E0,-2.202665567E0,9.507374763E0,9.822492342E0
3.436570187E0,1.118092179E0,-2.219424963E0,9.490615845E0,9.810594600E0
3.438561007E0,1.130063176E0,-2.224213362E0,9.469067574E0,9.792211628E0
3.440552491E0,1.132457376E0,-2.233790159E0,9.473855972E0,9.799297177E0
3.442544171E0,1.127668977E0,-2.238578558E0,9.466673851E0,9.792894622E0
3.444535499E0,1.127668977E0,-2.236184359E0,9.449913979E0,9.776146071E0
3.446526632E0,1.118092179E0,-2.229001760E0,9.459490776E0,9.782665522E0
3.448517726E0,1.122880578E0,-2.229001760E0,9.469067574E0,9.792474169E0
3.450508663E0,1.113303781E0,-2.238578558E0,9.476250648E0,9.800510478E0
3.452499405E0,1.108515382E0,-2.233790159E0,9.481039047E0,9.803505814E0
3.454489640E0,1.096544385E0,-2.226607561E0,9.488221169E0,9.807473261E0
3.456480187E0,1.089361787E0,-2.229001760E0,9.495404243E0,9.814166276E0
3.458471593E0,1.096544385E0,-2.221819162E0,9.516951561E0,9.834188171E0
3.460461202E0,1.089361787E0,-2.224213362E0,9.524134636E0,9.840882823E0
3.462451554E0,1.084573388E0,-2.224213362E0,9.514557838E0,9.831085157E0
3.464442218E0,1.077390790E0,-2.240972757E0,9.526528358E0,9.845682931E0
3.466432101E0,1.082179189E0,-2.238578558E0,9.524134636E0,9.843347313E0
3.468422179E0,1.084573388E0,-2.248155355E0,9.495404243E0,9.818004058E0
3.470412687E0,1.103726983E0,-2.262520552E0,9.490615845E0,9.818808564E0
3.472403116E0,1.108515382E0,-2.260126352E0,9.481039047E0,9.809540198E0
3.474393819E0,1.125274777E0,-2.272097349E0,9.464279175E0,9.798022759E0
3.476384210E0,1.139639974E0,-2.288856745E0,9.440337181E0,9.780470876E0
3.478374015E0,1.154005170E0,-2.303221941E0,9.416395187E0,9.762430925E0
3.480364171E0,1.180341482E0,-2.312798738E0,9.428366661E0,9.779383514E0
3.482354679E0,1.201889277E0,-2.324769735E0,9.416395187E0,9.773310109E0
3.484343937E0,1.216254473E0,-2.339135170E0,9.414001465E0,9.776208461E0
3.486333976E0,1.223437071E0,-2.341529369E0,9.411606789E0,9.775372136E0
3.488324444E0,1.240196466E0,-2.343923569E0,9.411606789E0,9.778057441E0
3.490314288E0,1.259350061E0,-2.324769735E0,9.411606789E0,9.775932653E0
3.492304054E0,1.271321058E0,-2.324769735E0,9.418789864E0,9.784396458E0
3.494294483E0,1.276109457E0,-2.329558372E0,9.423578262E0,9.790767326E0
3.496284640E0,1.273715258E0,-2.324769735E0,9.418789864E0,9.784707833E0
3.498275108E0,1.276109457E0,-2.329558372E0,9.402029991E0,9.770028941E0
3.500264757E0,1.276109457E0,-2.334346771E0,9.397241592E0,9.766564378E0
3.502255499E0,1.273715258E0,-2.327163935E0,9.390059471E0,9.757625705E0
3.504246280E0,1.283292055E0,-2.324769735E0,9.380482674E0,9.749094728E0
3.506236593E0,1.292868972E0,-2.317587137E0,9.354146004E0,9.723310536E0
3.508227687E0,1.285686255E0,-2.317587137E0,9.354146004E0,9.722358085E0
3.510218702E0,1.273715258E0,-2.322375536E0,9.337387085E0,9.705801165E0
3.512209015E0,1.271321058E0,-2.319981337E0,9.342175484E0,9.709521791E0
3.514199601E0,1.276109457E0,-2.310404539E0,9.342175484E0,9.707866256E0
3.516190616E0,1.276109457E0,-2.308010340E0,9.339780807E0,9.704992149E0
3.518180929E0,1.285686255E0,-2.308010340E0,9.354146004E0,9.720079646E0
3.520172804E0,1.278503656E0,-2.305616140E0,9.378087997E0,9.741610333E0
3.522164132E0,1.271321058E0,-2.298433542E0,9.409213066E0,9.768947973E0
3.524154874E0,1.252167463E0,-2.288856745E0,9.435548782E0,9.789605170E0
3.526146007E0,1.233013868E0,-2.272097349E0,9.473855972E0,9.820218763E0
3.528136163E0,1.216254473E0,-2.267308950E0,9.483432770E0,9.826263884E0
3.530125499E0,1.209071875E0,-2.264914751E0,9.495404243E0,9.836381213E0
3.532116397E0,1.201889277E0,-2.260126352E0,9.528923035E0,9.866766601E0
3.534106437E0,1.182735682E0,-2.260126352E0,9.550470352E0,9.885267764E0
3.536097335E0,1.173158884E0,-2.248155355E0,9.555258751E0,9.886024179E0
3.538087921E0,1.161187768E0,-2.243366957E0,9.557653427E0,9.885837919E0
3.540078780E0,1.161187768E0,-2.236184359E0,9.550470352E0,9.877264878E0
3.542069249E0,1.168370485E0,-2.238578558E0,9.526528358E0,9.855509430E0
3.544059835E0,1.175553083E0,-2.240972757E0,9.502586365E0,9.833769957E0
3.546050108E0,1.180341482E0,-2.243366957E0,9.490615845E0,9.823323797E0
3.548040265E0,1.180341482E0,-2.255337954E0,9.478644371E0,9.814502250E0
3.550030460E0,1.209071875E0,-2.257732153E0,9.466673851E0,9.806993580E0
3.552020929E0,1.209071875E0,-2.276885748E0,9.440337181E0,9.786011935E0
3.554011827E0,1.206677675E0,-2.276885748E0,9.416395187E0,9.762621474E0
3.556002491E0,1.223437071E0,-2.281674147E0,9.402029991E0,9.751974320E0
3.557993077E0,1.235408068E0,-2.293645144E0,9.409213066E0,9.763213183E0
3.559984601E0,1.235408068E0,-2.296039343E0,9.421183586E0,9.775312267E0
3.561974952E0,1.221042871E0,-2.293645144E0,9.430760384E0,9.782177424E0
3.563965069E0,1.206677675E0,-2.298433542E0,9.440337181E0,9.790752466E0
3.565956319E0,1.199495077E0,-2.300827742E0,9.430760384E0,9.781198196E0
3.567947296E0,1.180341482E0,-2.291250944E0,9.449913979E0,9.795096279E0
3.569938077E0,1.158793569E0,-2.293645144E0,9.469067574E0,9.811567219E0
3.571928741E0,1.142034173E0,-2.279279947E0,9.497797966E0,9.833998441E0
3.573920304E0,1.139639974E0,-2.274491549E0,9.500192642E0,9.834925079E0
3.575910538E0,1.137245774E0,-2.262520552E0,9.500192642E0,9.831886260E0
3.577900616E0,1.132457376E0,-2.250549555E0,9.490615845E0,9.819329006E0
3.579890851E0,1.132457376E0,-2.262520552E0,9.481039047E0,9.812826319E0
3.581881241E0,1.146822572E0,-2.260126352E0,9.476250648E0,9.809316974E0
3.583872452E0,1.165976286E0,-2.252943754E0,9.454702377E0,9.789108913E0
3.585862569E0,1.177947283E0,-2.252943754E0,9.430760384E0,9.767423241E0
3.587852218E0,1.192312479E0,-2.260126352E0,9.406818390E0,9.747718317E0
3.589841593E0,1.201889277E0,-2.267308950E0,9.404424667E0,9.748252717E0
3.591832062E0,1.221042871E0,-2.264914751E0,9.394847870E0,9.740839339E0
3.593821085E0,1.237802267E0,-2.269703150E0,9.382876396E0,9.732526717E0
3.595811554E0,1.254561663E0,-2.257732153E0,9.385271072E0,9.734197067E0
3.597802726E0,1.259350061E0,-2.248155355E0,9.387664795E0,9.734907056E0
3.599793077E0,1.268926859E0,-2.245761156E0,9.380482674E0,9.728672763E0
3.601782921E0,1.268926859E0,-2.233790159E0,9.394847870E0,9.739772089E0
3.603773507E0,1.264138460E0,-2.233790159E0,9.406818390E0,9.750697244E0
3.605763233E0,1.266532660E0,-2.243366957E0,9.411606789E0,9.757824687E0
3.607753155E0,1.259350061E0,-2.238578558E0,9.421183586E0,9.765034393E0
3.609742687E0,1.271321058E0,-2.236184359E0,9.440337181E0,9.784515512E0
3.611732726E0,1.268926859E0,-2.243366957E0,9.452308655E0,9.797398103E0
3.613722530E0,1.256955862E0,-2.250549555E0,9.457097054E0,9.802122016E0
3.615713077E0,1.256955862E0,-2.267308950E0,9.459490776E0,9.808292087E0
3.617704171E0,1.249773264E0,-2.272097349E0,9.461885452E0,9.810791807E0
3.619695499E0,1.235408068E0,-2.264914751E0,9.469067574E0,9.814240298E0
3.621686788E0,1.233013868E0,-2.262520552E0,9.471462250E0,9.815697611E0
3.623678507E0,1.244984865E0,-2.274491549E0,9.481039047E0,9.829211593E0
3.625669093E0,1.254561663E0,-2.279279947E0,9.481039047E0,9.831538204E0
3.627659210E0,1.264138460E0,-2.279279947E0,9.483432770E0,9.835072965E0
3.629650069E0,1.268926859E0,-2.293645144E0,9.478644371E0,9.834413177E0
3.631641866E0,1.276109457E0,-2.291250944E0,9.483432770E0,9.839399541E0
3.633632491E0,1.283292055E0,-2.291250944E0,9.473855972E0,9.831104535E0
3.635622726E0,1.295263171E0,-2.305616140E0,9.449913979E0,9.812973386E0
3.637613780E0,1.307234168E0,-2.312798738E0,9.445125580E0,9.811640861E0
3.639604132E0,1.314416766E0,-2.319981337E0,9.433155060E0,9.802776098E0
3.641594522E0,1.319205165E0,-2.331952572E0,9.423578262E0,9.797047123E0
3.643584952E0,1.304839969E0,-2.331952572E0,9.421183586E0,9.792819324E0
3.645575304E0,1.314416766E0,-2.327163935E0,9.414001465E0,9.786051655E0
3.647566280E0,1.309628367E0,-2.317587137E0,9.418789864E0,9.787744331E0
3.649556319E0,1.314416766E0,-2.317587137E0,9.418789864E0,9.788386183E0
3.651546085E0,1.314416766E0,-2.317587137E0,9.416395187E0,9.786081948E0
3.653536749E0,1.292868972E0,-2.308010340E0,9.425971985E0,9.790166994E0
3.655526007E0,1.278503656E0,-2.303221941E0,9.437943459E0,9.798682546E0
3.657515382E0,1.259350061E0,-2.286462545E0,9.435548782E0,9.789967026E0
3.659504562E0,1.249773264E0,-2.274491549E0,9.442731857E0,9.792876490E0
3.661495694E0,1.237802267E0,-2.269703150E0,9.442731857E0,9.790244725E0
3.663486202E0,1.216254473E0,-2.257732153E0,9.442731857E0,9.784774619E0
3.665476476E0,1.201889277E0,-2.248155355E0,9.457097054E0,9.794663088E0
3.667466632E0,1.187524080E0,-2.245761156E0,9.454702377E0,9.790048705E0
3.669456593E0,1.175553083E0,-2.226607561E0,9.466673851E0,9.795796041E0
3.671446905E0,1.161187768E0,-2.219424963E0,9.478644371E0,9.804024853E0
3.673437335E0,1.142034173E0,-2.205059767E0,9.481039047E0,9.800848537E0
3.675428038E0,1.139639974E0,-2.202665567E0,9.490615845E0,9.809296814E0
3.677417960E0,1.130063176E0,-2.197877169E0,9.497797966E0,9.814065062E0
3.679407765E0,1.113303781E0,-2.195482969E0,9.504981041E0,9.818566869E0
3.681397491E0,1.101332784E0,-2.178723574E0,9.526528358E0,9.834353709E0
3.683388312E0,1.096544385E0,-2.169146776E0,9.531316757E0,9.836341111E0
3.685379171E0,1.089361787E0,-2.166752577E0,9.536105156E0,9.839655857E0
3.687369444E0,1.086967587E0,-2.157175779E0,9.543288231E0,9.844249902E0
3.689360108E0,1.084573388E0,-2.154781580E0,9.552865028E0,9.852746487E0
3.691350147E0,1.094150186E0,-2.149993181E0,9.552865028E0,9.852759287E0
3.693340382E0,1.103726983E0,-2.133233786E0,9.560047150E0,9.857149747E0
3.695329835E0,1.110909581E0,-2.123656988E0,9.572018623E0,9.867501185E0
3.697319913E0,1.120486379E0,-2.116474390E0,9.574412346E0,9.869362965E0
3.699309405E0,1.144428372E0,-2.126051188E0,9.548076630E0,9.848633269E0
3.701299483E0,1.161187768E0,-2.140416384E0,9.528923035E0,9.835146848E0
3.703289015E0,1.175553083E0,-2.147598982E0,9.514557838E0,9.824505957E0
3.705278897E0,1.180341482E0,-2.159569979E0,9.502586365E0,9.816114105E0
3.707267882E0,1.192312479E0,-2.166752577E0,9.471462250E0,9.789025637E0
3.709256788E0,1.213860273E0,-2.171540976E0,9.466673851E0,9.788103022E0
3.711246554E0,1.221042871E0,-2.188300371E0,9.459490776E0,9.785784074E0
3.713235655E0,1.228225470E0,-2.190694571E0,9.457097054E0,9.784904966E0
3.715225538E0,1.235408068E0,-2.200271368E0,9.469067574E0,9.799523861E0
3.717214288E0,1.233013868E0,-2.214636564E0,9.473855972E0,9.807083424E0
3.719203624E0,1.235408068E0,-2.226607561E0,9.497797966E0,9.833218218E0
3.721193858E0,1.233013868E0,-2.231395960E0,9.502586365E0,9.838627890E0
3.723184288E0,1.240196466E0,-2.236184359E0,9.516951561E0,9.854490082E0
3.725174522E0,1.247379065E0,-2.240972757E0,9.521739960E0,9.861107711E0
3.727164366E0,1.240196466E0,-2.248155355E0,9.507374763E0,9.847967540E0
3.729153546E0,1.244984865E0,-2.257732153E0,9.500192642E0,9.843830658E0
3.731142569E0,1.256955862E0,-2.269703150E0,9.490615845E0,9.838865765E0
3.733131905E0,1.259350061E0,-2.264914751E0,9.488221169E0,9.835758352E0
3.735121827E0,1.268926859E0,-2.264914751E0,9.476250648E0,9.825443530E0
3.737111866E0,1.280897856E0,-2.264914751E0,9.452308655E0,9.803911314E0
3.739101397E0,1.292868972E0,-2.260126352E0,9.428366661E0,9.781297419E0
3.741089991E0,1.297657371E0,-2.257732153E0,9.394847870E0,9.749073578E0
3.743078077E0,1.314416766E0,-2.252943754E0,9.392453194E0,9.747903569E0
3.745066437E0,1.331176162E0,-2.262520552E0,9.375694275E0,9.736255561E0
3.747054991E0,1.340752959E0,-2.264914751E0,9.346963882E0,9.710468122E0
3.749043546E0,1.340752959E0,-2.269703150E0,9.337387085E0,9.702369219E0
3.751032413E0,1.333570361E0,-2.274491549E0,9.327810287E0,9.693284607E0
3.753021241E0,1.338358760E0,-2.288856745E0,9.315838814E0,9.685810352E0
3.755009718E0,1.326387763E0,-2.288856745E0,9.327810287E0,9.695680196E0
3.756999210E0,1.316810966E0,-2.286462545E0,9.337387085E0,9.703025284E0
3.758988468E0,1.300051570E0,-2.291250944E0,9.363722801E0,9.727243683E0
3.760977804E0,1.285686255E0,-2.286462545E0,9.378087997E0,9.738040594E0
3.762967726E0,1.259350061E0,-2.276885748E0,9.390059471E0,9.743889786E0
3.764956437E0,1.252167463E0,-2.276885748E0,9.411606789E0,9.763732606E0
3.766945772E0,1.233013868E0,-2.276885748E0,9.452308655E0,9.800544414E0
3.768934796E0,1.223437071E0,-2.267308950E0,9.471462250E0,9.815604174E0
3.770922960E0,1.197100878E0,-2.260126352E0,9.502586365E0,9.840750442E0
3.772912062E0,1.173158884E0,-2.255337954E0,9.516951561E0,9.850645566E0
3.774901788E0,1.165976286E0,-2.257732153E0,9.514557838E0,9.848028535E0
3.776891124E0,1.149216771E0,-2.245761156E0,9.519346237E0,9.847948778E0
3.778880265E0,1.154005170E0,-2.238578558E0,9.524134636E0,9.851502548E0
3.780868858E0,1.154005170E0,-2.236184359E0,9.524134636E0,9.850958785E0
3.782858312E0,1.154005170E0,-2.238578558E0,9.502586365E0,9.830671875E0
3.784847062E0,1.158793569E0,-2.245761156E0,9.478644371E0,9.809737245E0
3.786836358E0,1.158793569E0,-2.250549555E0,9.454702377E0,9.787705190E0
3.788826241E0,1.156399369E0,-2.264914751E0,9.435548782E0,9.772240232E0
3.790816319E0,1.156399369E0,-2.264914751E0,9.414001465E0,9.751436915E0
3.792805460E0,1.161187768E0,-2.262520552E0,9.418789864E0,9.756072918E0
3.794794640E0,1.154005170E0,-2.279279947E0,9.409213066E0,9.749878745E0
3.796784171E0,1.156399369E0,-2.281674147E0,9.402029991E0,9.743791068E0
3.798773858E0,1.149216771E0,-2.286462545E0,9.414001465E0,9.755615498E0
3.800762921E0,1.146822572E0,-2.284068346E0,9.414001465E0,9.754772873E0
3.802751983E0,1.132457376E0,-2.274491549E0,9.416395187E0,9.753167170E0
3.804740265E0,1.144428372E0,-2.267308950E0,9.428366661E0,9.764451038E0
3.806729952E0,1.137245774E0,-2.262520552E0,9.442731857E0,9.776375204E0
3.808720030E0,1.134851575E0,-2.264914751E0,9.454702377E0,9.788213523E0
3.810709054E0,1.132457376E0,-2.250549555E0,9.466673851E0,9.796190423E0
3.812698976E0,1.139639974E0,-2.240972757E0,9.457097054E0,9.785572178E0
3.814688116E0,1.151610970E0,-2.226607561E0,9.452308655E0,9.779065802E0
3.816677374E0,1.168370485E0,-2.229001760E0,9.442731857E0,9.772344824E0
3.818666163E0,1.192312479E0,-2.233790159E0,9.430760384E0,9.764766712E0
3.820655265E0,1.206677675E0,-2.245761156E0,9.418789864E0,9.757720875E0
3.822645226E0,1.216254473E0,-2.250549555E0,9.416395187E0,9.757701910E0
3.824634640E0,1.235408068E0,-2.255337954E0,9.418789864E0,9.763523179E0
3.826623663E0,1.252167463E0,-2.262520552E0,9.418789864E0,9.767319238E0
3.828612530E0,1.280897856E0,-2.255337954E0,9.423578262E0,9.773999993E0
3.830601515E0,1.297657371E0,-2.252943754E0,9.435548782E0,9.787198324E0
3.832591749E0,1.314416766E0,-2.252943754E0,9.449913979E0,9.803281144E0
3.834581593E0,1.326387763E0,-2.262520552E0,9.457097054E0,9.814019993E0
3.836571944E0,1.331176162E0,-2.255337954E0,9.457097054E0,9.813015028E0
3.838562530E0,1.314416766E0,-2.243366957E0,9.457097054E0,9.808010574E0
3.840552413E0,1.314416766E0,-2.233790159E0,9.433155060E0,9.782736033E0
3.842542960E0,1.314416766E0,-2.248155355E0,9.435548782E0,9.788333605E0
3.844533038E0,1.319205165E0,-2.250549555E0,9.421183586E0,9.775682878E0
3.846523312E0,1.312022567E0,-2.255337954E0,9.411606789E0,9.766590748E0
3.848513937E0,1.319205165E0,-2.264914751E0,9.411606789E0,9.769773971E0
3.850503351E0,1.326387763E0,-2.269703150E0,9.409213066E0,9.769552058E0
3.852493351E0,1.326387763E0,-2.274491549E0,9.402029991E0,9.763748474E0
3.854483390E0,1.326387763E0,-2.279279947E0,9.387664795E0,9.751034400E0
3.856473468E0,1.328781962E0,-2.288856745E0,9.394847870E0,9.760517056E0
3.858462921E0,1.331176162E0,-2.300827742E0,9.404424667E0,9.772872740E0
3.860452413E0,1.323993564E0,-2.312798738E0,9.423578262E0,9.793151905E0
3.862442257E0,1.309628367E0,-2.310404539E0,9.433155060E0,9.799872957E0
3.864431866E0,1.295263171E0,-2.315192938E0,9.437943459E0,9.803703471E0
3.866421397E0,1.288080573E0,-2.310404539E0,9.435548782E0,9.799321483E0
3.868409640E0,1.273715258E0,-2.312798738E0,9.430760384E0,9.793397264E0
3.870397608E0,1.254561663E0,-2.310404539E0,9.435548782E0,9.794971921E0
3.872387022E0,1.247379065E0,-2.296039343E0,9.430760384E0,9.786061139E0
3.874376241E0,1.235408068E0,-2.284068346E0,9.423578262E0,9.774816038E0
3.876365147E0,1.216254473E0,-2.281674147E0,9.435548782E0,9.783398831E0
3.878354327E0,1.201889277E0,-2.286462545E0,9.428366661E0,9.775814375E0
3.880342335E0,1.199495077E0,-2.279279947E0,9.433155060E0,9.778462042E0
3.882329991E0,1.192312479E0,-2.269703150E0,9.442731857E0,9.784597404E0
3.884318312E0,1.189918280E0,-2.262520552E0,9.445125580E0,9.784952835E0
3.886306397E0,1.194706678E0,-2.269703150E0,9.447520256E0,9.789510479E0
3.888295187E0,1.189918280E0,-2.274491549E0,9.449913979E0,9.792348621E0
3.890284015E0,1.192312479E0,-2.269703150E0,9.459490776E0,9.800771764E0
3.892272882E0,1.197100878E0,-2.264914751E0,9.473855972E0,9.814114139E0
3.894260812E0,1.194706678E0,-2.264914751E0,9.469067574E0,9.809199946E0
3.896248233E0,1.204283476E0,-2.264914751E0,9.483432770E0,9.824237101E0
3.898236046E0,1.211466074E0,-2.257732153E0,9.497797966E0,9.837335550E0
3.900224952E0,1.216254473E0,-2.255337954E0,9.500192642E0,9.839689246E0
3.902213663E0,1.218648672E0,-2.248155355E0,9.512163162E0,9.849901274E0
3.904202491E0,1.225831270E0,-2.243366957E0,9.514557838E0,9.852013422E0
3.906190812E0,1.225831270E0,-2.238578558E0,9.512163162E0,9.848611287E0
3.908178937E0,1.235408068E0,-2.231395960E0,9.512163162E0,9.848177956E0
3.910168194E0,1.233013868E0,-2.226607561E0,9.504981041E0,9.839856148E0
3.912156983E0,1.235408068E0,-2.226607561E0,9.490615845E0,9.826281262E0
3.914145460E0,1.237802267E0,-2.226607561E0,9.485827446E0,9.821957952E0
3.916134132E0,1.242590666E0,-2.229001760E0,9.471462250E0,9.809234300E0
3.918122022E0,1.252167463E0,-2.214636564E0,9.457097054E0,9.793325439E0
3.920111085E0,1.247379065E0,-2.224213362E0,9.457097054E0,9.794884598E0
3.922099952E0,1.256955862E0,-2.217030764E0,9.476250648E0,9.812975583E0
3.924087608E0,1.259350061E0,-2.217030764E0,9.464279175E0,9.801722720E0
3.926075382E0,1.256955862E0,-2.214636564E0,9.466673851E0,9.803186571E0
3.928064171E0,1.249773264E0,-2.207453966E0,9.485827446E0,9.819150094E0
3.930051749E0,1.252167463E0,-2.202665567E0,9.504981041E0,9.836885866E0
3.932039405E0,1.244984865E0,-2.195482969E0,9.500192642E0,9.829740232E0
3.934026944E0,1.240196466E0,-2.188300371E0,9.502586365E0,9.829847069E0
3.936014327E0,1.240196466E0,-2.183511972E0,9.493009567E0,9.819523535E0
3.938002218E0,1.235408068E0,-2.185906172E0,9.490615845E0,9.817138483E0
3.939990616E0,1.233013868E0,-2.188300371E0,9.471462250E0,9.798855998E0
3.941978897E0,1.230619669E0,-2.197877169E0,9.464279175E0,9.793756640E0
3.943966944E0,1.237802267E0,-2.209848166E0,9.452308655E0,9.785791857E0
3.945955265E0,1.242590666E0,-2.219424963E0,9.457097054E0,9.793189644E0
3.947943038E0,1.247379065E0,-2.226607561E0,9.437943459E0,9.776937787E0
3.949931124E0,1.249773264E0,-2.229001760E0,9.437943459E0,9.777789054E0
3.951919796E0,1.254561663E0,-2.229001760E0,9.433155060E0,9.773780650E0
3.953908155E0,1.252167463E0,-2.236184359E0,9.442731857E0,9.784356329E0
3.955896319E0,1.249773264E0,-2.248155355E0,9.454702377E0,9.798343368E0
3.957886280E0,1.259350061E0,-2.257732153E0,9.454702377E0,9.801770967E0
3.959876163E0,1.264138460E0,-2.252943754E0,9.457097054E0,9.803595579E0
3.961865929E0,1.259350061E0,-2.250549555E0,9.449913979E0,9.795499481E0
3.963855772E0,1.247379065E0,-2.255337954E0,9.466673851E0,9.811239352E0
3.965845812E0,1.235408068E0,-2.257732153E0,9.488221169E0,9.831069551E0
3.967834366E0,1.240196466E0,-2.257732153E0,9.495404243E0,9.838604754E0
3.969823038E0,1.225831270E0,-2.257732153E0,9.507374763E0,9.848359847E0
3.971811749E0,1.211466074E0,-2.240972757E0,9.524134636E0,9.858942616E0
3.973800929E0,1.201889277E0,-2.245761156E0,9.533711433E0,9.868112013E0
3.975790733E0,1.199495077E0,-2.252943754E0,9.533711433E0,9.869457822E0
3.977780265E0,1.199495077E0,-2.262520552E0,9.538499832E0,9.876272917E0
3.979770069E0,1.201889277E0,-2.257732153E0,9.521739960E0,9.859281118E0
3.981760538E0,1.206677675E0,-2.264914751E0,9.504981041E0,9.845332622E0
3.983751710E0,1.225831270E0,-2.274491549E0,9.469067574E0,9.815254190E0
3.985742452E0,1.242590666E0,-2.272097349E0,9.457097054E0,9.805260966E0
3.987731944E0,1.256955862E0,-2.269703150E0,9.445125580E0,9.794992989E0
3.989721397E0,1.271321058E0,-2.262520552E0,9.435548782E0,9.785951017E0
3.991710538E0,1.278503656E0,-2.260126352E0,9.430760384E0,9.781716830E0
3.993699718E0,1.280897856E0,-2.243366957E0,9.437943459E0,9.785099455E0
3.995688194E0,1.283292055E0,-2.233790159E0,9.433155060E0,9.778602730E0
3.997676437E0,1.292868972E0,-2.217030764E0,9.435548782E0,9.778359597E0
3.999666085E0,1.297657371E0,-2.200271368E0,9.452308655E0,9.791386401E0
4.001655577E0,1.297657371E0,-2.195482969E0,9.433155060E0,9.771820429E0
4.003644210E0,1.300051570E0,-2.200271368E0,9.421183586E0,9.761661147E0
4.005634483E0,1.300051570E0,-2.205059767E0,9.418789864E0,9.760431607E0
4.007623390E0,1.309628367E0,-2.202665567E0,9.414001465E0,9.756550909E0
4.009612882E0,1.309628367E0,-2.207453966E0,9.414001465E0,9.757633066E0
4.011602843E0,1.307234168E0,-2.200271368E0,9.411606789E0,9.753378779E0
4.013590733E0,1.304839969E0,-2.209848166E0,9.428366661E0,9.771393665E0
4.015578663E0,1.297657371E0,-2.221819162E0,9.437943459E0,9.782390902E0
4.017568077E0,1.290474772E0,-2.221819162E0,9.445125580E0,9.788370791E0
4.019557843E0,1.271321058E0,-2.233790159E0,9.469067574E0,9.811692842E0
4.021547179E0,1.254561663E0,-2.226607561E0,9.497797966E0,9.835642958E0
4.023536163E0,1.235408068E0,-2.224213362E0,9.519346237E0,9.853492323E0
4.025525030E0,1.228225470E0,-2.224213362E0,9.528923035E0,9.861847549E0
4.027514874E0,1.221042871E0,-2.226607561E0,9.538499832E0,9.870750021E0
4.029503897E0,1.201889277E0,-2.229001760E0,9.538499832E0,9.868939443E0
4.031492921E0,1.182735682E0,-2.224213362E0,9.540893555E0,9.867858866E0
4.033481007E0,1.170764685E0,-2.217030764E0,9.543288231E0,9.867130566E0
4.035469522E0,1.149216771E0,-2.214636564E0,9.560047150E0,9.880274075E0
4.037458233E0,1.144428372E0,-2.212242365E0,9.562441826E0,9.881499191E0
4.039446632E0,1.144428372E0,-2.212242365E0,9.562441826E0,9.881499191E0
4.041435929E0,1.142034173E0,-2.214636564E0,9.552865028E0,9.872491449E0
4.043425890E0,1.142034173E0,-2.209848166E0,9.531316757E0,9.850566993E0
4.045415499E0,1.156399369E0,-2.224213362E0,9.519346237E0,9.843898484E0
4.047404991E0,1.170764685E0,-2.240972757E0,9.493009567E0,9.823944192E0
4.049393702E0,1.173158884E0,-2.236184359E0,9.473855972E0,9.804629990E0
4.051382374E0,1.165976286E0,-2.243366957E0,9.445125580E0,9.777657860E0
4.053371554E0,1.161187768E0,-2.252943754E0,9.435548782E0,9.770040605E0
4.055360030E0,1.175553083E0,-2.262520552E0,9.414001465E0,9.753171170E0
4.057348194E0,1.173158884E0,-2.267308950E0,9.406818390E0,9.747062320E0
4.059336944E0,1.175553083E0,-2.257732153E0,9.394847870E0,9.733573138E0
4.061325460E0,1.180341482E0,-2.267308950E0,9.397241592E0,9.738688076E0
4.063314327E0,1.197100878E0,-2.281674147E0,9.402029991E0,9.748705318E0
4.065302921E0,1.194706678E0,-2.281674147E0,9.411606789E0,9.757648451E0
4.067292101E0,1.204283476E0,-2.279279947E0,9.421183586E0,9.767503055E0
4.069280421E0,1.213860273E0,-2.279279947E0,9.433155060E0,9.780234569E0
4.071269601E0,1.209071875E0,-2.286462545E0,9.449913979E0,9.797481308E0
4.073258897E0,1.221042871E0,-2.286462545E0,9.435548782E0,9.785113055E0
4.075248077E0,1.225831270E0,-2.288856745E0,9.440337181E0,9.790888294E0
4.077238351E0,1.225831270E0,-2.298433542E0,9.440337181E0,9.793131529E0
4.079227726E0,1.225831270E0,-2.298433542E0,9.421183586E0,9.774669264E0
4.081217101E0,1.228225470E0,-2.305616140E0,9.418789864E0,9.774354510E0
4.083205616E0,1.225831270E0,-2.300827742E0,9.406818390E0,9.761388365E0
4.085194835E0,1.240196466E0,-2.300827742E0,9.404424667E0,9.760896419E0
4.087182296E0,1.237802267E0,-2.298433542E0,9.421183586E0,9.776177748E0
4.089170460E0,1.244984865E0,-2.288856745E0,9.423578262E0,9.777150903E0
4.091158702E0,1.261744261E0,-2.286462545E0,9.445125580E0,9.799505435E0
4.093147101E0,1.261744261E0,-2.276885748E0,9.445125580E0,9.797275361E0
4.095135265E0,1.276109457E0,-2.272097349E0,9.449913979E0,9.802640252E0
4.097123351E0,1.283292055E0,-2.272097349E0,9.452308655E0,9.805886180E0
4.099111163E0,1.290474772E0,-2.267308950E0,9.457097054E0,9.810336370E0
4.101099171E0,1.300051570E0,-2.267308950E0,9.447520256E0,9.802370272E0
4.103086593E0,1.297657371E0,-2.272097349E0,9.430760384E0,9.787010904E0
4.105074093E0,1.300051570E0,-2.269703150E0,9.433155060E0,9.789080695E0
4.107062179E0,1.302445769E0,-2.274491549E0,9.411606789E0,9.769750208E0
4.109049483E0,1.297657371E0,-2.276885748E0,9.397241592E0,9.755832763E0
4.111038194E0,1.290474772E0,-2.284068346E0,9.394847870E0,9.754253423E0
4.113025304E0,1.283292055E0,-2.284068346E0,9.390059471E0,9.748693429E0
4.115013507E0,1.271321058E0,-2.286462545E0,9.380482674E0,9.738461038E0
4.117002218E0,1.273715258E0,-2.288856745E0,9.392453194E0,9.750866256E0
4.118990304E0,1.268926859E0,-2.264914751E0,9.406818390E0,9.758496115E0
4.120978077E0,1.254561663E0,-2.262520552E0,9.423578262E0,9.772243933E0
4.122965851E0,1.240196466E0,-2.252943754E0,9.425971985E0,9.770506164E0
4.124955030E0,1.230619669E0,-2.257732153E0,9.437943459E0,9.781950520E0
4.126944366E0,1.225831270E0,-2.257732153E0,9.437943459E0,9.781349268E0
4.128933976E0,1.216254473E0,-2.269703150E0,9.433155060E0,9.778304644E0
4.130923038E0,1.201889277E0,-2.264914751E0,9.437943459E0,9.780038517E0
4.132911710E0,1.204283476E0,-2.269703150E0,9.437943459E0,9.781443033E0
4.134900499E0,1.192312479E0,-2.262520552E0,9.428366661E0,9.769068850E0
4.136889249E0,1.182735682E0,-2.267308950E0,9.425971985E0,9.766703714E0
4.138879210E0,1.180341482E0,-2.260126352E0,9.433155060E0,9.771683147E0
4.140868038E0,1.175553083E0,-2.260126352E0,9.433155060E0,9.771105903E0
4.142856905E0,1.170764685E0,-2.264914751E0,9.442731857E0,9.780885119E0
4.144845733E0,1.177947283E0,-2.260126352E0,9.459490776E0,9.796820743E0
4.146833390E0,1.185129881E0,-2.257732153E0,9.452308655E0,9.790200520E0
4.148821554E0,1.185129881E0,-2.274491549E0,9.471462250E0,9.812565505E0
4.150810538E0,1.177947283E0,-2.272097349E0,9.469067574E0,9.808834124E0
4.152799093E0,1.177947283E0,-2.272097349E0,9.471462250E0,9.811145872E0
4.154787569E0,1.182735682E0,-2.276885748E0,9.473855972E0,9.815142352E0
4.156774913E0,1.180341482E0,-2.286462545E0,9.466673851E0,9.810149376E0
4.158762999E0,1.175553083E0,-2.293645144E0,9.471462250E0,9.815871344E0
4.160751163E0,1.173158884E0,-2.293645144E0,9.485827446E0,9.829447194E0
4.162739405E0,1.173158884E0,-2.308010340E0,9.488221169E0,9.835118425E0
4.164729327E0,1.158793569E0,-2.305616140E0,9.485827446E0,9.830543762E0
4.166718624E0,1.154005170E0,-2.303221941E0,9.476250648E0,9.820177473E0
4.168706983E0,1.158793569E0,-2.288856745E0,9.466673851E0,9.808138536E0
4.170695147E0,1.163581967E0,-2.293645144E0,9.457097054E0,9.800582417E0
4.172683780E0,1.170764685E0,-2.288856745E0,9.461885452E0,9.804939136E0
4.174672882E0,1.173158884E0,-2.300827742E0,9.452308655E0,9.798788138E0
4.176662296E0,1.180341482E0,-2.296039343E0,9.435548782E0,9.782360835E0
4.178651554E0,1.187524080E0,-2.296039343E0,9.425971985E0,9.773993962E0
4.180640890E0,1.194706678E0,-2.298433542E0,9.404424667E0,9.754656535E0
4.182630030E0,1.192312479E0,-2.286462545E0,9.404424667E0,9.751549792E0
4.184617999E0,1.197100878E0,-2.281674147E0,9.397241592E0,9.744087283E0
4.186607062E0,1.209071875E0,-2.288856745E0,9.390059471E0,9.740325296E0
4.188595851E0,1.228225470E0,-2.288856745E0,9.392453194E0,9.745028476E0
4.190584796E0,1.230619669E0,-2.288856745E0,9.406818390E0,9.759176307E0
4.192573858E0,1.240196466E0,-2.284068346E0,9.392453194E0,9.745421103E0
4.194563390E0,1.252167463E0,-2.286462545E0,9.409213066E0,9.763663495E0
4.196552608E0,1.254561663E0,-2.274491549E0,9.416395187E0,9.768097824E0
4.198540851E0,1.259350061E0,-2.267308950E0,9.406818390E0,9.757811469E0
4.200529054E0,1.271321058E0,-2.260126352E0,9.402029991E0,9.753081375E0
4.202517804E0,1.271321058E0,-2.243366957E0,9.399636269E0,9.746902817E0
4.204506554E0,1.271321058E0,-2.238578558E0,9.404424667E0,9.750420223E0
4.206495147E0,1.268926859E0,-2.243366957E0,9.404424667E0,9.751208848E0
4.208484288E0,1.271321058E0,-2.236184359E0,9.421183586E0,9.766036959E0
4.210473585E0,1.273715258E0,-2.231395960E0,9.423578262E0,9.767563962E0
4.212462530E0,1.276109457E0,-2.229001760E0,9.435548782E0,9.778879538E0
4.214451319E0,1.285686255E0,-2.233790159E0,9.440337181E0,9.785845580E0
4.216439483E0,1.285686255E0,-2.240972757E0,9.469067574E0,9.815201921E0
4.218427413E0,1.288080573E0,-2.250549555E0,9.473855972E0,9.822325175E0
4.220415655E0,1.283292055E0,-2.257732153E0,9.454702377E0,9.804875829E0
4.222403546E0,1.278503656E0,-2.252943754E0,9.461885452E0,9.810076629E0
4.224391866E0,1.278503656E0,-2.269703150E0,9.459490776E0,9.811630330E0
4.226380733E0,1.268926859E0,-2.272097349E0,9.445125580E0,9.797091352E0
4.228369601E0,1.266532660E0,-2.276885748E0,9.447520256E0,9.800201665E0
4.230357608E0,1.259350061E0,-2.274491549E0,9.437943459E0,9.789486764E0
4.232346280E0,1.252167463E0,-2.255337954E0,9.430760384E0,9.777203795E0
4.234334444E0,1.242590666E0,-2.255337954E0,9.428366661E0,9.773672736E0
4.236322179E0,1.247379065E0,-2.257732153E0,9.418789864E0,9.765598369E0
4.238309952E0,1.256955862E0,-2.248155355E0,9.409213066E0,9.755379596E0
4.240297843E0,1.268926859E0,-2.238578558E0,9.411606789E0,9.757036009E0
4.242286397E0,1.273715258E0,-2.236184359E0,9.416395187E0,9.761729835E0
4.244275851E0,1.283292055E0,-2.238578558E0,9.411606789E0,9.758914632E0
4.246264835E0,1.283292055E0,-2.240972757E0,9.404424667E0,9.752538168E0
4.248252999E0,1.285686255E0,-2.257732153E0,9.414001465E0,9.765949375E0
4.250241944E0,1.295263171E0,-2.255337954E0,9.414001465E0,9.766661638E0
4.252231788E0,1.285686255E0,-2.257732153E0,9.411606789E0,9.763641020E0
4.254220538E0,1.290474772E0,-2.267308950E0,9.414001465E0,9.768799240E0
4.256208351E0,1.292868972E0,-2.267308950E0,9.414001465E0,9.769115806E0
4.258197179E0,1.278503656E0,-2.267308950E0,9.423578262E0,9.776455837E0
4.260185226E0,1.264138460E0,-2.260126352E0,9.440337181E0,9.789084905E0
4.262173429E0,1.247379065E0,-2.250549555E0,9.423578262E0,9.768559520E0
4.264161905E0,1.242590666E0,-2.245761156E0,9.425971985E0,9.769156698E0
4.266150030E0,1.228225470E0,-2.231395960E0,9.445125580E0,9.782538676E0
4.268138937E0,1.213860273E0,-2.221819162E0,9.457097054E0,9.790128796E0
4.270127374E0,1.204283476E0,-2.221819162E0,9.459490776E0,9.791258592E0
4.272116397E0,1.194706678E0,-2.212242365E0,9.454702377E0,9.783288679E0
4.274105343E0,1.199495077E0,-2.207453966E0,9.457097054E0,9.785107364E0
4.276094015E0,1.211466074E0,-2.207453966E0,9.457097054E0,9.786582025E0
4.278082726E0,1.223437071E0,-2.202665567E0,9.452308655E0,9.782365398E0
4.280071710E0,1.240196466E0,-2.214636564E0,9.433155060E0,9.768680401E0
4.282059601E0,1.242590666E0,-2.219424963E0,9.428366661E0,9.765448102E0
4.284047882E0,1.254561663E0,-2.233790159E0,9.421183586E0,9.763321341E0
4.286037179E0,1.256955862E0,-2.243366957E0,9.425971985E0,9.770444268E0
4.288026749E0,1.242590666E0,-2.250549555E0,9.435548782E0,9.779498233E0
4.290016476E0,1.223437071E0,-2.257732153E0,9.466673851E0,9.808774977E0
4.292005421E0,1.204283476E0,-2.260126352E0,9.476250648E0,9.816200699E0
4.293995304E0,1.189918280E0,-2.252943754E0,9.485827446E0,9.822045785E0
4.295984444E0,1.182735682E0,-2.260126352E0,9.502586365E0,9.839013286E0
4.297973468E0,1.187524080E0,-2.245761156E0,9.490615845E0,9.824736420E0
4.299963116E0,1.192312479E0,-2.238578558E0,9.478644371E0,9.812112011E0
4.301952179E0,1.192312479E0,-2.233790159E0,9.478644371E0,9.811020672E0
4.303941554E0,1.187524080E0,-2.231395960E0,9.454702377E0,9.786763429E0
4.305931163E0,1.182735682E0,-2.238578558E0,9.437943459E0,9.771636218E0
4.307920382E0,1.177947283E0,-2.248155355E0,9.437943459E0,9.773256317E0
4.309909327E0,1.170764685E0,-2.248155355E0,9.418789864E0,9.753896398E0
4.311898194E0,1.185129881E0,-2.245761156E0,9.418789864E0,9.755079625E0
4.313887491E0,1.187524080E0,-2.245761156E0,9.411606789E0,9.748435718E0
4.315878116E0,1.189918280E0,-2.243366957E0,9.399636269E0,9.736619680E0
4.317869054E0,1.194706678E0,-2.243366957E0,9.406818390E0,9.744139345E0
4.319859054E0,1.206677675E0,-2.245761156E0,9.409213066E0,9.748477045E0
4.321849522E0,1.218648672E0,-2.243366957E0,9.421183586E0,9.760968192E0
4.323839796E0,1.221042871E0,-2.233790159E0,9.416395187E0,9.754448344E0
4.325829679E0,1.221042871E0,-2.233790159E0,9.423578262E0,9.761382660E0
4.327818780E0,1.225831270E0,-2.229001760E0,9.442731857E0,9.779381171E0
4.329807999E0,1.225831270E0,-2.229001760E0,9.449913979E0,9.786316230E0
4.331797179E0,1.211466074E0,-2.229001760E0,9.449913979E0,9.784527229E0
4.333786632E0,1.216254473E0,-2.226607561E0,9.447520256E0,9.782264317E0
4.335776515E0,1.209071875E0,-2.231395960E0,9.452308655E0,9.787089538E0
4.337766671E0,1.211466074E0,-2.233790159E0,9.459490776E0,9.794867751E0
4.339755577E0,1.213860273E0,-2.250549555E0,9.464279175E0,9.803622308E0
4.341744601E0,1.211466074E0,-2.252943754E0,9.476250648E0,9.815433356E0
4.343733624E0,1.216254473E0,-2.255337954E0,9.483432770E0,9.823508606E0
4.345722022E0,1.225831270E0,-2.257732153E0,9.478644371E0,9.820627062E0
4.347710968E0,1.228225470E0,-2.274491549E0,9.471462250E0,9.817863655E0
4.349700538E0,1.244984865E0,-2.281674147E0,9.469067574E0,9.819331186E0
4.351690147E0,1.254561663E0,-2.284068346E0,9.454702377E0,9.807257018E0
4.353680147E0,1.268926859E0,-2.281674147E0,9.447520256E0,9.801624930E0
4.355668624E0,1.271321058E0,-2.276885748E0,9.454702377E0,9.807745051E0
4.357656983E0,1.273715258E0,-2.284068346E0,9.449913979E0,9.805110554E0
4.359646280E0,1.278503656E0,-2.291250944E0,9.442731857E0,9.800489142E0
4.361635147E0,1.283292055E0,-2.303221941E0,9.452308655E0,9.813144690E0
4.363624562E0,1.292868972E0,-2.300827742E0,9.454702377E0,9.816145655E0
4.365613741E0,1.297657371E0,-2.310404539E0,9.447520256E0,9.812111025E0
4.367603312E0,1.288080573E0,-2.308010340E0,9.435548782E0,9.798757274E0
4.369593897E0,1.280897856E0,-2.308010340E0,9.437943459E0,9.800121824E0
4.371583702E0,1.288080573E0,-2.322375536E0,9.430760384E0,9.797541585E0
4.373573858E0,1.280897856E0,-2.331952572E0,9.421183586E0,9.789657924E0
4.375563429E0,1.271321058E0,-2.343923569E0,9.406818390E0,9.777446863E0
4.377554132E0,1.264138460E0,-2.341529369E0,9.390059471E0,9.759816735E0
4.379543312E0,1.268926859E0,-2.360682964E0,9.387664795E0,9.762748063E0
4.381532335E0,1.259350061E0,-2.358288765E0,9.390059471E0,9.763232321E0
4.383521397E0,1.247379065E0,-2.360682964E0,9.385271072E0,9.757668353E0
4.385510616E0,1.237802267E0,-2.360682964E0,9.392453194E0,9.763357799E0
4.387499522E0,1.233013868E0,-2.358288765E0,9.402029991E0,9.771387673E0
4.389488585E0,1.225831270E0,-2.346317768E0,9.433155060E0,9.797565195E0
4.391479054E0,1.206677675E0,-2.346317768E0,9.454702377E0,9.815939849E0
4.393469405E0,1.206677675E0,-2.341529369E0,9.483432770E0,9.842475700E0
4.395458468E0,1.197100878E0,-2.322375536E0,9.500192642E0,9.852925397E0
4.397447843E0,1.197100878E0,-2.310404539E0,9.497797966E0,9.847801067E0
4.399437647E0,1.187524080E0,-2.298433542E0,9.485827446E0,9.832290299E0
4.401427999E0,1.177947283E0,-2.291250944E0,9.485827446E0,9.829461482E0
4.403418546E0,1.175553083E0,-2.296039343E0,9.483432770E0,9.827981421E0
4.405408858E0,1.175553083E0,-2.286462545E0,9.473855972E0,9.816505641E0
4.407399835E0,1.175553083E0,-2.288856745E0,9.454702377E0,9.798580882E0
4.409390030E0,1.180341482E0,-2.284068346E0,9.442731857E0,9.786488602E0
4.411378546E0,1.197100878E0,-2.286462545E0,9.433155060E0,9.779845391E0
4.413369249E0,1.213860273E0,-2.288856745E0,9.421183586E0,9.770927393E0
4.415358663E0,1.216254473E0,-2.279279947E0,9.416395187E0,9.764368405E0
4.417348702E0,1.218648672E0,-2.274491549E0,9.425971985E0,9.772786923E0
4.419338038E0,1.218648672E0,-2.264914751E0,9.433155060E0,9.777492408E0
4.421327101E0,1.225831270E0,-2.257732153E0,9.447520256E0,9.790590164E0
4.423317257E0,1.230619669E0,-2.257732153E0,9.452308655E0,9.795811255E0
4.425307804E0,1.237802267E0,-2.250549555E0,9.452308655E0,9.795063382E0
4.427298077E0,1.225831270E0,-2.250549555E0,9.457097054E0,9.798179437E0
4.429288937E0,1.213860273E0,-2.248155355E0,9.461885452E0,9.800761990E0
4.431279405E0,1.209071875E0,-2.250549555E0,9.469067574E0,9.807653583E0
4.433270499E0,1.192312479E0,-2.252943754E0,9.483432770E0,9.820023508E0
4.435260187E0,1.185129881E0,-2.250549555E0,9.485827446E0,9.820917904E0
4.437249991E0,1.185129881E0,-2.255337954E0,9.493009567E0,9.828952781E0
4.439240499E0,1.182735682E0,-2.250549555E0,9.507374763E0,9.841443587E0
4.441231554E0,1.189918280E0,-2.245761156E0,9.526528358E0,9.859720648E0
4.443221202E0,1.201889277E0,-2.245761156E0,9.543288231E0,9.877364591E0
4.445212179E0,1.206677675E0,-2.250549555E0,9.538499832E0,9.874412558E0
4.447202140E0,1.223437071E0,-2.248155355E0,9.528923035E0,9.866680038E0
4.449192296E0,1.242590666E0,-2.252943754E0,9.521739960E0,9.863230656E0
4.451183038E0,1.264138460E0,-2.260126352E0,9.507374763E0,9.853750153E0
4.453174210E0,1.268926859E0,-2.267308950E0,9.497797966E0,9.846777719E0
4.455164210E0,1.283292055E0,-2.274491549E0,9.476250648E0,9.829520673E0
4.457154757E0,1.295263171E0,-2.272097349E0,9.466673851E0,9.821305761E0
4.459144835E0,1.309628367E0,-2.269703150E0,9.459490776E0,9.815734542E0
4.461134835E0,1.314416766E0,-2.272097349E0,9.452308655E0,9.810007987E0
4.463124405E0,1.326387763E0,-2.272097349E0,9.437943459E0,9.797780748E0
4.465114405E0,1.331176162E0,-2.274491549E0,9.437943459E0,9.798985586E0
4.467103780E0,1.340752959E0,-2.291250944E0,9.425971985E0,9.792670588E0
4.469092647E0,1.343147159E0,-2.303221941E0,9.418789864E0,9.788895652E0
4.471082022E0,1.355118155E0,-2.293645144E0,9.430760384E0,9.799816053E0
4.473071632E0,1.355118155E0,-2.303221941E0,9.411606789E0,9.783635258E0
4.475060733E0,1.355118155E0,-2.310404539E0,9.414001465E0,9.787631886E0
4.477049718E0,1.364694953E0,-2.300827742E0,9.416395187E0,9.789009089E0
4.479038077E0,1.350329757E0,-2.300827742E0,9.418789864E0,9.789320775E0
4.481026007E0,1.350329757E0,-2.315192938E0,9.421183586E0,9.795009390E0
4.483014483E0,1.350329757E0,-2.317587137E0,9.418789864E0,9.793273359E0
4.485003741E0,1.345541358E0,-2.329558372E0,9.418789864E0,9.795454367E0
4.486993272E0,1.338358760E0,-2.327163935E0,9.425971985E0,9.800808334E0
4.488983038E0,1.331176162E0,-2.331952572E0,9.433155060E0,9.807876791E0
4.490972491E0,1.314416766E0,-2.334346771E0,9.425971985E0,9.799276205E0
4.492961280E0,1.295263171E0,-2.334346771E0,9.430760384E0,9.801332713E0
4.494950421E0,1.297657371E0,-2.331952572E0,9.435548782E0,9.805687037E0
4.496939640E0,1.278503656E0,-2.317587137E0,9.437943459E0,9.802069091E0
4.498927530E0,1.261744261E0,-2.312798738E0,9.454702377E0,9.814908743E0
4.500916397E0,1.259350061E0,-2.322375536E0,9.469067574E0,9.830698420E0
4.502905108E0,1.254561663E0,-2.319981337E0,9.473855972E0,9.834133686E0
4.504894249E0,1.247379065E0,-2.308010340E0,9.481039047E0,9.837325230E0
4.506883585E0,1.256955862E0,-2.312798738E0,9.473855972E0,9.832747481E0
4.508873116E0,1.244984865E0,-2.312798738E0,9.471462250E0,9.828917665E0
4.510862140E0,1.247379065E0,-2.310404539E0,9.478644371E0,9.835579433E0
4.512850304E0,1.235408068E0,-2.303221941E0,9.483432770E0,9.836999619E0
4.514839366E0,1.228225470E0,-2.293645144E0,9.469067574E0,9.820009499E0
4.516827843E0,1.233013868E0,-2.296039343E0,9.459490776E0,9.811935875E0
4.518817140E0,1.230619669E0,-2.288856745E0,9.461885452E0,9.812266113E0
4.520806397E0,1.228225470E0,-2.274491549E0,9.476250648E0,9.822483187E0
4.522796632E0,1.223437071E0,-2.276885748E0,9.469067574E0,9.815510567E0
4.524785382E0,1.211466074E0,-2.267308950E0,9.483432770E0,9.825672345E0
4.526774640E0,1.206677675E0,-2.269703150E0,9.478644371E0,9.821014332E0
4.528763858E0,1.201889277E0,-2.260126352E0,9.483432770E0,9.822841038E0
4.530752335E0,1.201889277E0,-2.257732153E0,9.490615845E0,9.829225881E0
4.532741554E0,1.201889277E0,-2.257732153E0,9.495404243E0,9.833849402E0
4.534730538E0,1.201889277E0,-2.250549555E0,9.500192642E0,9.836827302E0
4.536719444E0,1.204283476E0,-2.240972757E0,9.488221169E0,9.823370019E0
4.538708897E0,1.209071875E0,-2.240972757E0,9.483432770E0,9.819333521E0
4.540698780E0,1.223437071E0,-2.238578558E0,9.476250648E0,9.813631264E0
4.542687960E0,1.225831270E0,-2.240972757E0,9.461885452E0,9.800606997E0
4.544676827E0,1.240196466E0,-2.248155355E0,9.442731857E0,9.785574828E0
4.546666280E0,1.244984865E0,-2.240972757E0,9.435548782E0,9.777603338E0
4.548656280E0,1.235408068E0,-2.240972757E0,9.428366661E0,9.769456990E0
4.550646476E0,1.252167463E0,-2.252943754E0,9.433155060E0,9.778961770E0
4.552636241E0,1.261744261E0,-2.255337954E0,9.445125580E0,9.792290084E0
4.554625382E0,1.261744261E0,-2.255337954E0,9.454702377E0,9.801527682E0
4.556614796E0,1.266532660E0,-2.250549555E0,9.454702377E0,9.801044604E0
4.558603038E0,1.273715258E0,-2.248155355E0,9.445125580E0,9.792188227E0
4.560591554E0,1.266532660E0,-2.255337954E0,9.442731857E0,9.790599532E0
4.562580929E0,1.268926859E0,-2.255337954E0,9.442731857E0,9.790909538E0
4.564570733E0,1.276109457E0,-2.260126352E0,9.445125580E0,9.795255162E0
4.566558507E0,1.288080573E0,-2.272097349E0,9.466673851E0,9.820361079E0
4.568547726E0,1.288080573E0,-2.274491549E0,9.454702377E0,9.809376148E0
4.570537101E0,1.292868972E0,-2.267308950E0,9.449913979E0,9.803727570E0
4.572526085E0,1.295263171E0,-2.276885748E0,9.454702377E0,9.810877251E0
4.574515069E0,1.295263171E0,-2.288856745E0,9.452308655E0,9.811356215E0
4.576504171E0,1.297657371E0,-2.288856745E0,9.449913979E0,9.809365629E0
4.578493077E0,1.304839969E0,-2.298433542E0,9.440337181E0,9.803334646E0
4.580480851E0,1.307234168E0,-2.305616140E0,9.440337181E0,9.805340027E0
4.582470382E0,1.312022567E0,-2.303221941E0,9.430760384E0,9.796197014E0
4.584459913E0,1.319205165E0,-2.300827742E0,9.440337181E0,9.805818510E0
4.586447999E0,1.323993564E0,-2.308010340E0,9.449913979E0,9.817369550E0
4.588436358E0,1.321599364E0,-2.319981337E0,9.454702377E0,9.824476338E0
4.590425577E0,1.323993564E0,-2.324769735E0,9.454702377E0,9.825930507E0
4.592415460E0,1.323993564E0,-2.315192938E0,9.459490776E0,9.828277725E0
4.594405069E0,1.314416766E0,-2.303221941E0,9.459490776E0,9.824178769E0
4.596395030E0,1.316810966E0,-2.312798738E0,9.478644371E0,9.845188075E0
4.598385030E0,1.292868972E0,-2.305616140E0,9.464279175E0,9.826492572E0
4.600374757E0,1.278503656E0,-2.303221941E0,9.459490776E0,9.819438306E0
4.602364913E0,1.259350061E0,-2.305616140E0,9.454702377E0,9.812911159E0
4.604354015E0,1.252167463E0,-2.300827742E0,9.457097054E0,9.813175650E0
4.606343741E0,1.244984865E0,-2.298433542E0,9.449913979E0,9.804777318E0
4.608334171E0,1.228225470E0,-2.286462545E0,9.452308655E0,9.802172600E0
4.610323819E0,1.221042871E0,-2.276885748E0,9.449913979E0,9.796735610E0
4.612312999E0,1.209071875E0,-2.267308950E0,9.445125580E0,9.788408548E0
4.614302257E0,1.192312479E0,-2.269703150E0,9.457097054E0,9.798461416E0
4.616291437E0,1.199495077E0,-2.257732153E0,9.461885452E0,9.801194786E0
4.618279913E0,1.189918280E0,-2.252943754E0,9.457097054E0,9.794301698E0
4.620268937E0,1.189918280E0,-2.248155355E0,9.457097054E0,9.793201351E0
4.622257491E0,1.185129881E0,-2.236184359E0,9.466673851E0,9.799130937E0
4.624246280E0,1.182735682E0,-2.238578558E0,9.481039047E0,9.813266483E0
4.626236397E0,1.185129881E0,-2.226607561E0,9.481039047E0,9.810831539E0
4.628226007E0,1.187524080E0,-2.219424963E0,9.490615845E0,9.818749906E0
4.630214913E0,1.194706678E0,-2.212242365E0,9.509769440E0,9.836516412E0
4.632203858E0,1.194706678E0,-2.193088770E0,9.514557838E0,9.836857896E0
4.634192608E0,1.194706678E0,-2.193088770E0,9.514557838E0,9.836857896E0
4.636181710E0,1.197100878E0,-2.200271368E0,9.524134636E0,9.848014275E0
4.638171710E0,1.192312479E0,-2.195482969E0,9.519346237E0,9.841732942E0
4.640161827E0,1.199495077E0,-2.185906172E0,9.519346237E0,9.840473922E0
4.642151319E0,1.204283476E0,-2.195482969E0,9.524134636E0,9.847821319E0
4.644141437E0,1.201889277E0,-2.200271368E0,9.512163162E0,9.837020888E0
4.646131397E0,1.204283476E0,-2.207453966E0,9.507374763E0,9.834293396E0
4.648121866E0,1.209071875E0,-2.207453966E0,9.504981041E0,9.832566928E0
4.650112062E0,1.223437071E0,-2.219424963E0,9.495404243E0,9.827784449E0
4.652102765E0,1.230619669E0,-2.236184359E0,9.483432770E0,9.820918611E0
4.654093663E0,1.235408068E0,-2.248155355E0,9.473855972E0,9.815008027E0
4.656083937E0,1.259350061E0,-2.260126352E0,9.466673851E0,9.813870159E0
4.658074171E0,1.278503656E0,-2.274491549E0,9.459490776E0,9.812739126E0
4.660064757E0,1.290474772E0,-2.286462545E0,9.435548782E0,9.794019447E0
4.662054679E0,1.302445769E0,-2.312798738E0,9.418789864E0,9.785653043E0
4.664044015E0,1.309628367E0,-2.319981337E0,9.406818390E0,9.776792525E0
4.666033624E0,1.314416766E0,-2.322375536E0,9.392453194E0,9.764184378E0
4.668023585E0,1.321599364E0,-2.329558372E0,9.390059471E0,9.764562661E0
4.670012569E0,1.328781962E0,-2.351106167E0,9.380482674E0,9.761496653E0
4.672001476E0,1.321599364E0,-2.351106167E0,9.366117477E0,9.746716457E0
4.673990694E0,1.319205165E0,-2.348711967E0,9.385271072E0,9.764223639E0
4.675980147E0,1.321599364E0,-2.348711967E0,9.392453194E0,9.771450751E0
4.677969132E0,1.314416766E0,-2.346317768E0,9.402029991E0,9.779113787E0
4.679957960E0,1.314416766E0,-2.329558372E0,9.414001465E0,9.786621339E0
4.681947608E0,1.304839969E0,-2.317587137E0,9.437943459E0,9.805538956E0
4.683937765E0,1.300051570E0,-2.315192938E0,9.457097054E0,9.822776446E0
4.685927179E0,1.292868972E0,-2.308010340E0,9.454702377E0,9.817831683E0
4.687916397E0,1.285686255E0,-2.308010340E0,9.526528358E0,9.886083321E0
4.689906202E0,1.295263171E0,-2.312798738E0,9.588777542E0,9.948437035E0
4.691895538E0,1.307234168E0,-2.312798738E0,9.631873131E0,9.991540381E0
4.693885421E0,1.319205165E0,-2.303221941E0,9.797073364E0,1.015026010E1
4.695874952E0,1.316810966E0,-2.298433542E0,9.835380554E0,1.018584795E1
4.697864132E0,1.283292055E0,-2.298433542E0,9.797073364E0,1.014456908E1
4.699852569E0,1.261744261E0,-2.284068346E0,9.758766174E0,1.010160799E1
4.701842022E0,1.252167463E0,-2.274491549E0,9.698910713E0,1.004042351E1
4.703831983E0,1.244984865E0,-2.250549555E0,9.619902611E0,9.957785238E0
4.705821437E0,1.244984865E0,-2.224213362E0,9.567230225E0,9.900959881E0
4.707810968E0,1.249773264E0,-2.219424963E0,9.531316757E0,9.865788337E0
4.709801554E0,1.259350061E0,-2.205059767E0,9.493009567E0,9.826773723E0
4.711791319E0,1.266532660E0,-2.190694571E0,9.425971985E0,9.759723128E0
4.713781085E0,1.273715258E0,-2.202665567E0,9.368511200E0,9.707887940E0
4.715770733E0,1.280897856E0,-2.202665567E0,9.327810287E0,9.669564606E0
4.717760812E0,1.292868972E0,-2.209848166E0,9.301473618E0,9.647401233E0
4.719750499E0,1.295263171E0,-2.212242365E0,9.258378029E0,9.606731322E0
4.721741319E0,1.288080573E0,-2.221819162E0,9.234436035E0,9.584906929E0
4.723732296E0,1.278503656E0,-2.236184359E0,9.174580574E0,9.529324257E0
4.725723351E0,1.280897856E0,-2.248155355E0,9.160215378E0,9.518636856E0
4.727713351E0,1.266532660E0,-2.260126352E0,9.174580574E0,9.533373213E0
4.729703351E0,1.271321058E0,-2.262520552E0,9.186552048E0,9.546098418E0
4.731693194E0,1.278503656E0,-2.281674147E0,9.179368973E0,9.544706556E0
4.733683858E0,1.319205165E0,-2.281674147E0,9.215282440E0,9.584767584E0
4.735673702E0,1.383848548E0,-2.284068346E0,9.301473618E0,9.677262860E0
4.737663624E0,1.498770237E0,-2.327163935E0,9.526528358E0,9.920521497E0
4.739654015E0,1.446097851E0,-2.372653961E0,9.564835548E0,9.960259278E0
4.741643780E0,1.316810966E0,-2.382230759E0,9.519346237E0,9.900856897E0
4.743633976E0,1.218648672E0,-2.370259762E0,9.471462250E0,9.839300436E0
4.745624835E0,1.161187768E0,-2.346317768E0,9.387664795E0,9.745861399E0
4.747615616E0,1.154005170E0,-2.322375536E0,9.337387085E0,9.690818007E0
4.749606319E0,1.173158884E0,-2.308010340E0,9.358934402E0,9.710451413E0
4.751596632E0,1.189918280E0,-2.291250944E0,9.378087997E0,9.726986732E0
4.753586241E0,1.187524080E0,-2.257732153E0,9.421183586E0,9.760444051E0
4.755576554E0,1.185129881E0,-2.238578558E0,9.457097054E0,9.790426522E0
4.757566007E0,1.180341482E0,-2.231395960E0,9.459490776E0,9.790520910E0
4.759555069E0,1.204283476E0,-2.238578558E0,9.564835548E0,9.896848575E0
4.761545030E0,1.261744261E0,-2.243366957E0,9.689333916E0,1.002536212E1
4.763534288E0,1.285686255E0,-2.264914751E0,9.672574997E0,1.001706220E1
4.765523155E0,1.288080573E0,-2.276885748E0,9.631873131E0,9.980798579E0
4.767512296E0,1.292868972E0,-2.296039343E0,9.555258751E0,9.911925980E0
4.769502960E0,1.302445769E0,-2.300827742E0,9.507374763E0,9.868148163E0
4.771493272E0,1.326387763E0,-2.296039343E0,9.519346237E0,9.881753587E0
4.773482843E0,1.364694953E0,-2.291250944E0,9.572018623E0,9.936587127E0
4.775471554E0,1.376665950E0,-2.284068346E0,9.576807022E0,9.941197618E0
4.777460929E0,1.345541358E0,-2.279279947E0,9.538499832E0,9.898918005E0
4.779451554E0,1.321599364E0,-2.272097349E0,9.538499832E0,9.894040140E0
4.781441632E0,1.268926859E0,-2.262520552E0,9.526528358E0,9.873394410E0
4.783431319E0,1.235408068E0,-2.250549555E0,9.481039047E0,9.822489899E0
4.785420851E0,1.221042871E0,-2.236184359E0,9.457097054E0,9.794291749E0
4.787410772E0,1.211466074E0,-2.231395960E0,9.430760384E0,9.766576646E0
4.789400460E0,1.199495077E0,-2.209848166E0,9.392453194E0,9.723188487E0
4.791390069E0,1.182735682E0,-2.193088770E0,9.358934402E0,9.684944770E0
4.793379366E0,1.161187768E0,-2.197877169E0,9.330204010E0,9.655657821E0
4.795368663E0,1.154005170E0,-2.200271368E0,9.313444138E0,9.639147459E0
4.797357335E0,1.149216771E0,-2.193088770E0,9.282320023E0,9.606862263E0
4.799346632E0,1.161187768E0,-2.181117773E0,9.287108421E0,9.610203671E0
4.801335382E0,1.180341482E0,-2.181117773E0,9.277531624E0,9.603284531E0
4.803324991E0,1.189918280E0,-2.190694571E0,9.241618156E0,9.571967110E0
4.805315733E0,1.194706678E0,-2.193088770E0,9.208099365E0,9.540757639E0
4.807305733E0,1.209071875E0,-2.217030764E0,9.172186852E0,9.513468970E0
4.809295226E0,1.221042871E0,-2.221819162E0,9.157821655E0,9.502269390E0
4.811285069E0,1.237802267E0,-2.219424963E0,9.167398453E0,9.513106538E0
4.813275577E0,1.280897856E0,-2.221819162E0,9.258378029E0,9.607015324E0
4.815265772E0,1.292868972E0,-2.224213362E0,9.344569206E0,9.692244782E0
4.817255968E0,1.280897856E0,-2.236184359E0,9.375694275E0,9.723418274E0
4.819245421E0,1.285686255E0,-2.267308950E0,9.411606789E0,9.765859991E0
4.821235147E0,1.295263171E0,-2.288856745E0,9.457097054E0,9.815969466E0
4.823224757E0,1.300051570E0,-2.303221941E0,9.473855972E0,9.836102499E0
4.825214991E0,1.288080573E0,-2.317587137E0,9.485827446E0,9.849430645E0
4.827204952E0,1.276109457E0,-2.317587137E0,9.476250648E0,9.838647866E0
4.829194327E0,1.273715258E0,-2.284068346E0,9.464279175E0,9.818956109E0
4.831183429E0,1.256955862E0,-2.264914751E0,9.459490776E0,9.807738914E0
4.833172647E0,1.235408068E0,-2.221819162E0,9.459490776E0,9.795135488E0
4.835162569E0,1.233013868E0,-2.195482969E0,9.466673851E0,9.795834955E0
4.837152765E0,1.233013868E0,-2.161964178E0,9.461885452E0,9.783746144E0
4.839143351E0,1.230619669E0,-2.142810583E0,9.459490776E0,9.776912995E0
4.841133312E0,1.225831270E0,-2.142810583E0,9.469067574E0,9.785578175E0
4.843123351E0,1.235408068E0,-2.152387381E0,9.461885452E0,9.781936457E0
4.845113429E0,1.240196466E0,-2.159569979E0,9.473855972E0,9.795701953E0
4.847103272E0,1.254561663E0,-2.166752577E0,9.466673851E0,9.792173175E0
4.849093663E0,1.273715258E0,-2.181117773E0,9.481039047E0,9.811713750E0
4.851083624E0,1.278503656E0,-2.188300371E0,9.469067574E0,9.802370674E0
4.853073429E0,1.285686255E0,-2.193088770E0,9.464279175E0,9.799755497E0
4.855062179E0,1.285686255E0,-2.202665567E0,9.471462250E0,9.808838968E0
4.857052218E0,1.283292055E0,-2.209848166E0,9.466673851E0,9.805517896E0
4.859041866E0,1.288080573E0,-2.217030764E0,9.471462250E0,9.812388808E0
4.861032062E0,1.290474772E0,-2.212242365E0,9.471462250E0,9.811622627E0
4.863023272E0,1.283292055E0,-2.217030764E0,9.454702377E0,9.795583747E0
4.865012999E0,1.266532660E0,-2.212242365E0,9.459490776E0,9.796942737E0
4.867003351E0,1.264138460E0,-2.205059767E0,9.449913979E0,9.785765623E0
4.868994093E0,1.266532660E0,-2.217030764E0,9.447520256E0,9.786468688E0
4.870984054E0,1.259350061E0,-2.214636564E0,9.425971985E0,9.764196104E0
4.872972999E0,1.249773264E0,-2.219424963E0,9.423578262E0,9.761742039E0
4.874962491E0,1.235408068E0,-2.236184359E0,9.435548782E0,9.775292037E0
4.876953077E0,1.228225470E0,-2.250549555E0,9.442731857E0,9.784615273E0
4.878942374E0,1.218648672E0,-2.264914751E0,9.433155060E0,9.777492408E0
4.880932296E0,1.230619669E0,-2.286462545E0,9.430760384E0,9.781696026E0
4.882922101E0,1.237802267E0,-2.291250944E0,9.433155060E0,9.786030846E0
4.884911358E0,1.249773264E0,-2.298433542E0,9.425971985E0,9.782314543E0
4.886900421E0,1.254561663E0,-2.324769735E0,9.428366661E0,9.791454294E0
4.888889132E0,1.259350061E0,-2.334346771E0,9.406818390E0,9.773605765E0
4.890878976E0,1.271321058E0,-2.341529369E0,9.392453194E0,9.763052495E0
4.892868702E0,1.278503656E0,-2.355894566E0,9.387664795E0,9.762840832E0
4.894858429E0,1.276109457E0,-2.370259762E0,9.370905876E0,9.749895570E0
4.896847726E0,1.276109457E0,-2.370259762E0,9.363722801E0,9.742991911E0
4.898836515E0,1.271321058E0,-2.360682964E0,9.346963882E0,9.723930024E0
4.900826397E0,1.268926859E0,-2.355894566E0,9.349357605E0,9.724757180E0
4.902816554E0,1.256955862E0,-2.334346771E0,9.346963882E0,9.715701040E0
4.904806085E0,1.254561663E0,-2.329558372E0,9.339780807E0,9.707330875E0
4.906795655E0,1.242590666E0,-2.324769735E0,9.332598686E0,9.697730875E0
4.908785421E0,1.230619669E0,-2.315192938E0,9.344569206E0,9.705437484E0
4.910775382E0,1.228225470E0,-2.310404539E0,9.351752281E0,9.710910239E0
4.912765460E0,1.225831270E0,-2.308010340E0,9.366117477E0,9.723874260E0
4.914754718E0,1.218648672E0,-2.293645144E0,9.378087997E0,9.731107189E0
4.916744132E0,1.209071875E0,-2.288856745E0,9.394847870E0,9.744941585E0
4.918733155E0,1.209071875E0,-2.288856745E0,9.425971985E0,9.774951041E0
4.920723194E0,1.206677675E0,-2.291250944E0,9.437943459E0,9.786760374E0
4.922713468E0,1.206677675E0,-2.284068346E0,9.421183586E0,9.768917002E0
4.924703741E0,1.204283476E0,-2.284068346E0,9.418789864E0,9.766312989E0
4.926694054E0,1.204283476E0,-2.286462545E0,9.421183586E0,9.769181635E0
4.928683702E0,1.211466074E0,-2.284068346E0,9.418789864E0,9.767201275E0
4.930672569E0,1.218648672E0,-2.284068346E0,9.428366661E0,9.777329425E0
4.932662530E0,1.216254473E0,-2.276885748E0,9.442731857E0,9.789211847E0
4.934653897E0,1.218648672E0,-2.279279947E0,9.437943459E0,9.785448298E0
4.936644288E0,1.209071875E0,-2.279279947E0,9.435548782E0,9.781950353E0
4.938635577E0,1.211466074E0,-2.267308950E0,9.445125580E0,9.788704569E0
4.940626515E0,1.213860273E0,-2.267308950E0,9.447520256E0,9.791311742E0
4.942616476E0,1.211466074E0,-2.274491549E0,9.473855972E0,9.818090896E0
4.944606085E0,1.201889277E0,-2.279279947E0,9.483432770E0,9.827265744E0
4.946596202E0,1.199495077E0,-2.274491549E0,9.500192642E0,9.842040463E0
4.948586046E0,1.201889277E0,-2.269703150E0,9.495404243E0,9.836604697E0
4.950577530E0,1.194706678E0,-2.262520552E0,9.488221169E0,9.827139168E0
4.952568077E0,1.201889277E0,-2.267308950E0,9.493009567E0,9.833740812E0
4.954558468E0,1.201889277E0,-2.272097349E0,9.493009567E0,9.834845949E0
4.956548897E0,1.211466074E0,-2.272097349E0,9.490615845E0,9.833710669E0
4.958540226E0,1.213860273E0,-2.276885748E0,9.464279175E0,9.809701615E0
4.960529679E0,1.221042871E0,-2.293645144E0,9.447520256E0,9.798336222E0
4.962520069E0,1.223437071E0,-2.298433542E0,9.449913979E0,9.802064539E0
4.964509718E0,1.233013868E0,-2.303221941E0,9.418789864E0,9.774392922E0
4.966498272E0,1.235408068E0,-2.308010340E0,9.404424667E0,9.761984847E0
4.968487140E0,1.244984865E0,-2.308010340E0,9.409213066E0,9.767813960E0
4.970475929E0,1.242590666E0,-2.308010340E0,9.409213066E0,9.767509090E0
4.972465772E0,1.247379065E0,-2.305616140E0,9.402029991E0,9.760634624E0
4.974454288E0,1.240196466E0,-2.298433542E0,9.404424667E0,9.760332338E0
4.976444171E0,1.225831270E0,-2.300827742E0,9.425971985E0,9.779847568E0
4.978434405E0,1.218648672E0,-2.293645144E0,9.435548782E0,9.786495463E0
4.980424601E0,1.206677675E0,-2.293645144E0,9.473855972E0,9.821956324E0
4.982415265E0,1.206677675E0,-2.296039343E0,9.483432770E0,9.831752884E0
4.984405851E0,1.204283476E0,-2.288856745E0,9.483432770E0,9.829784382E0
4.986395421E0,1.201889277E0,-2.272097349E0,9.502586365E0,9.844090198E0
4.988385343E0,1.199495077E0,-2.272097349E0,9.504981041E0,9.846109861E0
4.990374952E0,1.216254473E0,-2.252943754E0,9.512163162E0,9.850699393E0
4.992365226E0,1.225831270E0,-2.260126352E0,9.514557838E0,9.855843155E0
4.994355616E0,1.240196466E0,-2.264914751E0,9.490615845E0,9.835634968E0
4.996345147E0,1.254561663E0,-2.257732153E0,9.488221169E0,9.833494820E0
4.998335069E0,1.261744261E0,-2.257732153E0,9.493009567E0,9.839033677E0
5.000325304E0,1.273715258E0,-2.250549555E0,9.488221169E0,9.834310591E0
5.002314249E0,1.290474772E0,-2.250549555E0,9.473855972E0,9.822639432E0
5.004303937E0,1.292868972E0,-2.243366957E0,9.459490776E0,9.807454880E0
5.006294132E0,1.297657371E0,-2.236184359E0,9.452308655E0,9.799519072E0
5.008283663E0,1.297657371E0,-2.219424963E0,9.452308655E0,9.795708281E0
5.010272257E0,1.297657371E0,-2.219424963E0,9.464279175E0,9.807259664E0
5.012263038E0,1.285686255E0,-2.207453966E0,9.473855972E0,9.812226513E0
5.014253741E0,1.283292055E0,-2.205059767E0,9.488221169E0,9.825246461E0
5.016243507E0,1.278503656E0,-2.200271368E0,9.493009567E0,9.828173601E0
5.018234093E0,1.271321058E0,-2.197877169E0,9.507374763E0,9.840584138E0
5.020224444E0,1.259350061E0,-2.193088770E0,9.516951561E0,9.847231486E0
5.022214991E0,1.261744261E0,-2.200271368E0,9.509769440E0,9.842200337E0
5.024204874E0,1.252167463E0,-2.209848166E0,9.504981041E0,9.838496677E0
5.026193897E0,1.242590666E0,-2.209848166E0,9.488221169E0,9.821089625E0
5.028182569E0,1.240196466E0,-2.214636564E0,9.473855972E0,9.807989058E0
5.030170851E0,1.233013868E0,-2.226607561E0,9.457097054E0,9.793609606E0
5.032159796E0,1.218648672E0,-2.233790159E0,9.454702377E0,9.791134771E0
5.034149171E0,1.216254473E0,-2.221819162E0,9.442731857E0,9.776550530E0
5.036138702E0,1.197100878E0,-2.214636564E0,9.449913979E0,9.779495888E0
5.038128194E0,1.185129881E0,-2.209848166E0,9.454702377E0,9.781582632E0
5.040117726E0,1.185129881E0,-2.205059767E0,9.440337181E0,9.766615970E0
5.042106554E0,1.182735682E0,-2.197877169E0,9.452308655E0,9.776280819E0
5.044095226E0,1.180341482E0,-2.185906172E0,9.461885452E0,9.782569607E0
5.046084444E0,1.182735682E0,-2.185906172E0,9.457097054E0,9.778227557E0
5.048073937E0,1.185129881E0,-2.176329374E0,9.461885452E0,9.781013173E0
5.050064054E0,1.175553083E0,-2.178723574E0,9.449913979E0,9.768809327E0
5.052053507E0,1.177947283E0,-2.176329374E0,9.449913979E0,9.768564047E0
5.054043116E0,1.173158884E0,-2.183511972E0,9.454702377E0,9.774222391E0
5.056033272E0,1.168370485E0,-2.181117773E0,9.459490776E0,9.777746677E0
5.058023194E0,1.163581967E0,-2.181117773E0,9.464279175E0,9.781808526E0
5.060012101E0,1.163581967E0,-2.181117773E0,9.461885452E0,9.779492525E0
5.062001515E0,1.168370485E0,-2.190694571E0,9.471462250E0,9.791467175E0
5.063990499E0,1.154005170E0,-2.205059767E0,9.488221169E0,9.809197595E0
5.065979679E0,1.146822572E0,-2.217030764E0,9.493009567E0,9.815684289E0
5.067968507E0,1.154005170E0,-2.229001760E0,9.519346237E0,9.844700583E0
5.069958507E0,1.154005170E0,-2.224213362E0,9.526528358E0,9.850563211E0
5.071947530E0,1.154005170E0,-2.224213362E0,9.531316757E0,9.855194170E0
5.073936632E0,1.163581967E0,-2.240972757E0,9.545681953E0,9.874002524E0
5.075926085E0,1.168370485E0,-2.245761156E0,9.560047150E0,9.889541661E0
5.077915577E0,1.182735682E0,-2.245761156E0,9.545681953E0,9.877365581E0
5.079905187E0,1.201889277E0,-2.257732153E0,9.545681953E0,9.882405389E0
5.081894874E0,1.206677675E0,-2.269703150E0,9.516951561E0,9.857991196E0
5.083884288E0,1.228225470E0,-2.274491549E0,9.490615845E0,9.836342751E0
5.085874015E0,1.237802267E0,-2.284068346E0,9.478644371E0,9.828215595E0
5.087864171E0,1.249773264E0,-2.291250944E0,9.469067574E0,9.822169048E0
5.089853819E0,1.278503656E0,-2.305616140E0,9.461885452E0,9.822306944E0
5.091843194E0,1.283292055E0,-2.310404539E0,9.457097054E0,9.819444603E0
5.093832765E0,1.295263171E0,-2.308010340E0,9.466673851E0,9.829676099E0
5.095821827E0,1.312022567E0,-2.315192938E0,9.473855972E0,9.840501437E0
5.097812608E0,1.347935557E0,-2.322375536E0,9.497797966E0,9.870082300E0
5.099802608E0,1.407790542E0,-2.339135170E0,9.524134636E0,9.907702464E0
5.101792296E0,1.407790542E0,-2.341529369E0,9.562441826E0,9.945095659E0
5.103781905E0,1.355118155E0,-2.336740971E0,9.531316757E0,9.906699890E0
5.105771749E0,1.304839969E0,-2.327163935E0,9.502586365E0,9.870027707E0
5.107761007E0,1.266532660E0,-2.319981337E0,9.457097054E0,9.819526621E0
5.109750499E0,1.249773264E0,-2.291250944E0,9.411606789E0,9.766785881E0
5.111740538E0,1.261744261E0,-2.262520552E0,9.373299599E0,9.724697589E0
5.113730304E0,1.273715258E0,-2.255337954E0,9.375694275E0,9.726897911E0
5.115719952E0,1.280897856E0,-2.250549555E0,9.390059471E0,9.740579525E0
5.117710226E0,1.276109457E0,-2.240972757E0,9.409213066E0,9.756213649E0
5.119700069E0,1.271321058E0,-2.243366957E0,9.430760384E0,9.776921496E0
5.121690265E0,1.273715258E0,-2.231395960E0,9.452308655E0,9.795285468E0
5.123680069E0,1.276109457E0,-2.226607561E0,9.483432770E0,9.824547505E0
5.125670421E0,1.302445769E0,-2.229001760E0,9.514557838E0,9.858581272E0
5.127660851E0,1.321599364E0,-2.236184359E0,9.540893555E0,9.888164399E0
5.129651163E0,1.319205165E0,-2.238578558E0,9.550470352E0,9.897626997E0
5.131640772E0,1.290474772E0,-2.226607561E0,9.536105156E0,9.877267229E0
5.133630343E0,1.259350061E0,-2.214636564E0,9.533711433E0,9.868243582E0
5.135620772E0,1.235408068E0,-2.195482969E0,9.512163162E0,9.840102976E0
5.137611202E0,1.221042871E0,-2.183511972E0,9.483432770E0,9.807862526E0
5.139600890E0,1.218648672E0,-2.164358377E0,9.464279175E0,9.784790855E0
5.141590226E0,1.216254473E0,-2.159569979E0,9.457097054E0,9.776487207E0
5.143578624E0,1.211466074E0,-2.157175779E0,9.459490776E0,9.777679844E0
5.145568194E0,1.209071875E0,-2.157175779E0,9.454702377E0,9.772750850E0
5.147557413E0,1.204283476E0,-2.161964178E0,9.466673851E0,9.784799518E0
5.149547413E0,1.201889277E0,-2.176329374E0,9.488221169E0,9.808531405E0
5.151536905E0,1.211466074E0,-2.178723574E0,9.500192642E0,9.821819928E0
5.153527022E0,1.206677675E0,-2.176329374E0,9.514557838E0,9.834596658E0
5.155516554E0,1.216254473E0,-2.181117773E0,9.536105156E0,9.857679810E0
5.157506710E0,1.218648672E0,-2.190694571E0,9.545681953E0,9.869361238E0
5.159498038E0,1.223437071E0,-2.193088770E0,9.540893555E0,9.865854572E0
5.161488155E0,1.235408068E0,-2.188300371E0,9.533711433E0,9.859337975E0
5.163478351E0,1.247379065E0,-2.190694571E0,9.528923035E0,9.856747508E0
5.165468233E0,1.237802267E0,-2.193088770E0,9.507374763E0,9.835241110E0
5.167457413E0,1.237802267E0,-2.188300371E0,9.478644371E0,9.806401587E0
5.169446710E0,1.242590666E0,-2.195482969E0,9.471462250E0,9.801672009E0
5.171436007E0,1.247379065E0,-2.188300371E0,9.452308655E0,9.782164993E0
5.173426202E0,1.254561663E0,-2.188300371E0,9.440337181E0,9.771517261E0
5.175416202E0,1.264138460E0,-2.195482969E0,9.435548782E0,9.769737578E0
5.177405772E0,1.264138460E0,-2.205059767E0,9.421183586E0,9.758024123E0
5.179395343E0,1.268926859E0,-2.224213362E0,9.414001465E0,9.756060887E0
5.181384249E0,1.278503656E0,-2.226607561E0,9.409213066E0,9.753237583E0
5.183374249E0,1.290474772E0,-2.226607561E0,9.394847870E0,9.740958519E0
5.185363468E0,1.300051570E0,-2.219424963E0,9.404424667E0,9.749829977E0
5.187353546E0,1.302445769E0,-2.214636564E0,9.399636269E0,9.744441599E0
5.189343897E0,1.297657371E0,-2.212242365E0,9.399636269E0,9.743258845E0
5.191333116E0,1.290474772E0,-2.217030764E0,9.416395187E0,9.759561920E0
5.193322882E0,1.283292055E0,-2.212242365E0,9.437943459E0,9.778324576E0
5.195312179E0,1.271321058E0,-2.202665567E0,9.452308655E0,9.788469326E0
5.197301788E0,1.273715258E0,-2.200271368E0,9.478644371E0,9.813676363E0
5.199291671E0,1.268926859E0,-2.200271368E0,9.483432770E0,9.817681323E0
5.201280499E0,1.273715258E0,-2.209848166E0,9.485827446E0,9.822764469E0
5.203270694E0,1.276109457E0,-2.212242365E0,9.493009567E0,9.830549439E0
5.205260460E0,1.280897856E0,-2.224213362E0,9.495404243E0,9.836184532E0
5.207250304E0,1.290474772E0,-2.236184359E0,9.495404243E0,9.840149764E0
5.209239366E0,1.285686255E0,-2.255337954E0,9.478644371E0,9.827727995E0
5.211228155E0,1.292868972E0,-2.267308950E0,9.473855972E0,9.826807571E0
5.213216827E0,1.290474772E0,-2.284068346E0,9.449913979E0,9.807301747E0
5.215206241E0,1.297657371E0,-2.298433542E0,9.437943459E0,9.800075925E0
5.217195226E0,1.307234168E0,-2.305616140E0,9.437943459E0,9.803035432E0
5.219184054E0,1.297657371E0,-2.310404539E0,9.447520256E0,9.812111025E0
5.221173663E0,1.292868972E0,-2.331952572E0,9.437943459E0,9.807358957E0
5.223163390E0,1.295263171E0,-2.341529369E0,9.433155060E0,9.805349604E0
5.225152530E0,1.290474772E0,-2.339135170E0,9.430760384E0,9.801842679E0
5.227142726E0,1.283292055E0,-2.346317768E0,9.425971985E0,9.798009667E0
5.229132257E0,1.273715258E0,-2.355894566E0,9.430760384E0,9.803664171E0
5.231120421E0,1.261744261E0,-2.355894566E0,9.428366661E0,9.799813043E0
5.233109366E0,1.244984865E0,-2.355894566E0,9.433155060E0,9.802277332E0
5.235098741E0,1.235408068E0,-2.355894566E0,9.445125580E0,9.812587300E0
5.237088507E0,1.225831270E0,-2.353500366E0,9.452308655E0,9.817727088E0
5.239077687E0,1.206677675E0,-2.348711967E0,9.464279175E0,9.825736574E0
5.241067101E0,1.197100878E0,-2.334346771E0,9.469067574E0,9.825755242E0
5.243056788E0,1.199495077E0,-2.331952572E0,9.471462250E0,9.827786546E0
5.245045733E0,1.197100878E0,-2.334346771E0,9.476250648E0,9.832677749E0
5.247035265E0,1.199495077E0,-2.329558372E0,9.478644371E0,9.834141028E0
5.249025187E0,1.199495077E0,-2.317587137E0,9.478644371E0,9.831312104E0
5.251015108E0,1.199495077E0,-2.310404539E0,9.483432770E0,9.834238896E0
5.253004640E0,1.213860273E0,-2.305616140E0,9.471462250E0,9.823335467E0
5.254994288E0,1.223437071E0,-2.293645144E0,9.461885452E0,9.812486057E0
5.256984327E0,1.233013868E0,-2.281674147E0,9.452308655E0,9.801657973E0
5.258973702E0,1.244984865E0,-2.279279947E0,9.437943459E0,9.788763003E0
5.260962491E0,1.249773264E0,-2.276885748E0,9.440337181E0,9.791123940E0
5.262950733E0,1.254561663E0,-2.281674147E0,9.430760384E0,9.783619130E0
5.264939913E0,1.266532660E0,-2.276885748E0,9.418789864E0,9.772508183E0
5.266929640E0,1.276109457E0,-2.262520552E0,9.411606789E0,9.763493070E0
5.268920616E0,1.278503656E0,-2.260126352E0,9.402029991E0,9.754020232E0
5.270911476E0,1.278503656E0,-2.252943754E0,9.406818390E0,9.756974909E0
5.272901515E0,1.278503656E0,-2.255337954E0,9.397241592E0,9.748295771E0
5.274892101E0,1.278503656E0,-2.257732153E0,9.404424667E0,9.755774157E0
5.276883312E0,1.276109457E0,-2.264914751E0,9.399636269E0,9.752510249E0
5.278873976E0,1.273715258E0,-2.252943754E0,9.397241592E0,9.747115248E0
5.280863819E0,1.276109457E0,-2.255337954E0,9.402029991E0,9.752598248E0
5.282854288E0,1.266532660E0,-2.248155355E0,9.409213066E0,9.756618164E0
5.284844522E0,1.256955862E0,-2.245761156E0,9.399636269E0,9.745590962E0
5.286835030E0,1.259350061E0,-2.252943754E0,9.380482674E0,9.729089029E0
5.288825265E0,1.249773264E0,-2.257732153E0,9.375694275E0,9.724347321E0
5.290815655E0,1.247379065E0,-2.264914751E0,9.380482674E0,9.730326230E0
5.292805304E0,1.240196466E0,-2.269703150E0,9.373299599E0,9.723599387E0
5.294794796E0,1.235408068E0,-2.269703150E0,9.370905876E0,9.720682199E0
5.296784601E0,1.225831270E0,-2.269703150E0,9.387664795E0,9.735628639E0
5.298773468E0,1.221042871E0,-2.262520552E0,9.406818390E0,9.751829426E0
5.300762882E0,1.218648672E0,-2.252943754E0,9.416395187E0,9.758553093E0
5.302752452E0,1.216254473E0,-2.260126352E0,9.435548782E0,9.778395926E0
5.304741671E0,1.213860273E0,-2.262520552E0,9.430760384E0,9.774031790E0
5.306731085E0,1.209071875E0,-2.255337954E0,9.435548782E0,9.776399384E0
5.308720226E0,1.209071875E0,-2.255337954E0,9.445125580E0,9.785642611E0
5.310709679E0,1.209071875E0,-2.262520552E0,9.433155060E0,9.775748996E0
5.312699015E0,1.194706678E0,-2.252943754E0,9.437943459E0,9.776392808E0
5.314688194E0,1.192312479E0,-2.255337954E0,9.435548782E0,9.774340855E0
5.316677960E0,1.199495077E0,-2.262520552E0,9.425971985E0,9.767637153E0
5.318667374E0,1.204283476E0,-2.260126352E0,9.418789864E0,9.760741381E0
5.320657257E0,1.201889277E0,-2.269703150E0,9.418789864E0,9.762668319E0
5.322646710E0,1.197100878E0,-2.269703150E0,9.423578262E0,9.766700065E0
5.324636866E0,1.194706678E0,-2.274491549E0,9.421183586E0,9.765210495E0
5.326626866E0,1.185129881E0,-2.260126352E0,9.440337181E0,9.779195778E0
5.328616007E0,1.180341482E0,-2.255337954E0,9.447520256E0,9.784446550E0
5.330605733E0,1.168370485E0,-2.255337954E0,9.452308655E0,9.787633921E0
5.332594991E0,1.170764685E0,-2.248155355E0,9.452308655E0,9.786267488E0
5.334584601E0,1.168370485E0,-2.243366957E0,9.469067574E0,9.801072676E0
5.336573780E0,1.168370485E0,-2.238578558E0,9.471462250E0,9.802291605E0
5.338563272E0,1.158793569E0,-2.236184359E0,9.473855972E0,9.802921504E0
5.340552296E0,1.158793569E0,-2.236184359E0,9.461885452E0,9.791353294E0
5.342541749E0,1.161187768E0,-2.236184359E0,9.471462250E0,9.800891524E0
5.344531007E0,1.168370485E0,-2.233790159E0,9.485827446E0,9.815081783E0
5.346519718E0,1.170764685E0,-2.231395960E0,9.483432770E0,9.812508088E0
5.348508858E0,1.180341482E0,-2.229001760E0,9.483432770E0,9.813111227E0
5.350498194E0,1.185129881E0,-2.226607561E0,9.490615845E0,9.820086719E0
5.352486710E0,1.189918280E0,-2.236184359E0,9.485827446E0,9.818215130E0
5.354474913E0,1.199495077E0,-2.238578558E0,9.473855972E0,9.808362217E0
5.356463390E0,1.221042871E0,-2.245761156E0,9.464279175E0,9.803416199E0
5.358451827E0,1.235408068E0,-2.255337954E0,9.457097054E0,9.800483001E0
5.360440733E0,1.259350061E0,-2.260126352E0,9.449913979E0,9.797704216E0
5.362430382E0,1.261744261E0,-2.262520552E0,9.442731857E0,9.791638410E0
5.364419444E0,1.261744261E0,-2.264914751E0,9.435548782E0,9.785265363E0
5.366407452E0,1.264138460E0,-2.257732153E0,9.428366661E0,9.776988208E0
5.368396241E0,1.261744261E0,-2.262520552E0,9.433155060E0,9.782403192E0
5.370385187E0,1.256955862E0,-2.252943754E0,9.449913979E0,9.795742330E0
5.372374796E0,1.259350061E0,-2.250549555E0,9.454702377E0,9.800119026E0
5.374364366E0,1.259350061E0,-2.236184359E0,9.473855972E0,9.815316095E0
5.376353194E0,1.254561663E0,-2.229001760E0,9.483432770E0,9.822314947E0
5.378343312E0,1.259350061E0,-2.231395960E0,9.483432770E0,9.823471260E0
5.380332530E0,1.256955862E0,-2.221819162E0,9.490615845E0,9.827929972E0
5.382321280E0,1.240196466E0,-2.221819162E0,9.481039047E0,9.816550773E0
5.384311280E0,1.242590666E0,-2.217030764E0,9.461885452E0,9.797271726E0
5.386300929E0,1.252167463E0,-2.224213362E0,9.464279175E0,9.802429736E0
5.388290733E0,1.247379065E0,-2.229001760E0,9.469067574E0,9.807529969E0
5.390280226E0,1.237802267E0,-2.236184359E0,9.442731857E0,9.782528296E0
5.392270108E0,1.242590666E0,-2.233790159E0,9.437943459E0,9.777966392E0
5.394259444E0,1.256955862E0,-2.231395960E0,9.423578262E0,9.765392631E0
5.396248546E0,1.244984865E0,-2.245761156E0,9.416395187E0,9.760221760E0
5.398238897E0,1.242590666E0,-2.238578558E0,9.430760384E0,9.772129089E0
5.400228155E0,1.244984865E0,-2.231395960E0,9.442731857E0,9.782346353E0
5.402218312E0,1.242590666E0,-2.236184359E0,9.466673851E0,9.806246267E0
5.404207882E0,1.235408068E0,-2.231395960E0,9.478644371E0,9.815806647E0
5.406197257E0,1.233013868E0,-2.224213362E0,9.478644371E0,9.813875248E0
5.408186163E0,1.242590666E0,-2.217030764E0,9.478644371E0,9.813457906E0
5.410174249E0,1.237802267E0,-2.209848166E0,9.490615845E0,9.822798607E0
5.412164405E0,1.221042871E0,-2.202665567E0,9.507374763E0,9.835286279E0
5.414154366E0,1.213860273E0,-2.197877169E0,9.526528358E0,9.851845684E0
5.416143702E0,1.206677675E0,-2.193088770E0,9.521739960E0,9.845264914E0
5.418133272E0,1.199495077E0,-2.190694571E0,9.519346237E0,9.841538697E0
5.420122257E0,1.197100878E0,-2.193088770E0,9.516951561E0,9.839464207E0
5.422111358E0,1.199495077E0,-2.190694571E0,9.504981041E0,9.827644465E0
5.424099796E0,1.218648672E0,-2.195482969E0,9.493009567E0,9.819494931E0
5.426087726E0,1.230619669E0,-2.202665567E0,9.469067574E0,9.799459224E0
5.428076241E0,1.247379065E0,-2.195482969E0,9.466673851E0,9.797653484E0
5.430065968E0,1.254561663E0,-2.205059767E0,9.447520256E0,9.782221247E0
5.432055655E0,1.268926859E0,-2.212242365E0,9.423578262E0,9.762582595E0
5.434045108E0,1.283292055E0,-2.221819162E0,9.433155060E0,9.775875064E0
5.436034405E0,1.285686255E0,-2.224213362E0,9.430760384E0,9.774423545E0
5.438023819E0,1.297657371E0,-2.224213362E0,9.416395187E0,9.762148230E0
5.440012101E0,1.304839969E0,-2.233790159E0,9.404424667E0,9.753749492E0
5.442001358E0,1.312022567E0,-2.240972757E0,9.409213066E0,9.760976008E0
5.443990577E0,1.316810966E0,-2.245761156E0,9.414001465E0,9.767336273E0
5.445978741E0,1.321599364E0,-2.255337954E0,9.409213066E0,9.765575492E0
5.447966866E0,1.326387763E0,-2.260126352E0,9.404424667E0,9.762718830E0
5.449954562E0,1.319205165E0,-2.264914751E0,9.404424667E0,9.762855342E0
5.451943312E0,1.314416766E0,-2.272097349E0,9.394847870E0,9.754654494E0
5.453932140E0,1.309628367E0,-2.284068346E0,9.387664795E0,9.749889485E0
5.455921476E0,1.321599364E0,-2.284068346E0,9.394847870E0,9.758419933E0
5.457910265E0,1.316810966E0,-2.293645144E0,9.392453194E0,9.757713675E0
5.459898546E0,1.309628367E0,-2.298433542E0,9.402029991E0,9.767092257E0
5.461886983E0,1.295263171E0,-2.300827742E0,9.404424667E0,9.768045777E0
5.463875968E0,1.300051570E0,-2.296039343E0,9.409213066E0,9.772165639E0
5.465864757E0,1.290474772E0,-2.293645144E0,9.418789864E0,9.779557029E0
5.467853272E0,1.285686255E0,-2.284068346E0,9.433155060E0,9.790524589E0
5.469841124E0,1.290474772E0,-2.284068346E0,9.445125580E0,9.802687926E0
5.471830616E0,1.290474772E0,-2.272097349E0,9.466673851E0,9.820675400E0
5.473819718E0,1.283292055E0,-2.264914751E0,9.459490776E0,9.811148917E0
5.475809093E0,1.273715258E0,-2.264914751E0,9.457097054E0,9.807592674E0
5.477799249E0,1.271321058E0,-2.269703150E0,9.471462250E0,9.822240415E0
5.479788429E0,1.271321058E0,-2.267308950E0,9.476250648E0,9.826305179E0
5.481778233E0,1.266532660E0,-2.257732153E0,9.478644371E0,9.825790480E0
5.483768468E0,1.247379065E0,-2.250549555E0,9.488221169E0,9.830934278E0
5.485757296E0,1.242590666E0,-2.243366957E0,9.504981041E0,9.844866249E0
5.487746319E0,1.228225470E0,-2.236184359E0,9.500192642E0,9.836804284E0
5.489735030E0,1.218648672E0,-2.229001760E0,9.500192642E0,9.833982595E0
5.491724601E0,1.223437071E0,-2.231395960E0,9.495404243E0,9.830494796E0
5.493713937E0,1.225831270E0,-2.229001760E0,9.493009567E0,9.827936803E0
5.495703741E0,1.223437071E0,-2.243366957E0,9.490615845E0,9.828595153E0
5.497691749E0,1.216254473E0,-2.243366957E0,9.493009567E0,9.830015305E0
5.499680421E0,1.216254473E0,-2.248155355E0,9.471462250E0,9.810304511E0
5.501669562E0,1.216254473E0,-2.257732153E0,9.473855972E0,9.814814130E0
5.503658819E0,1.213860273E0,-2.262520552E0,9.452308655E0,9.794824905E0
5.505647179E0,1.211466074E0,-2.269703150E0,9.466673851E0,9.810051796E0
5.507636202E0,1.206677675E0,-2.264914751E0,9.473855972E0,9.815286895E0
5.509625655E0,1.204283476E0,-2.255337954E0,9.469067574E0,9.808164389E0
5.511614601E0,1.199495077E0,-2.255337954E0,9.471462250E0,9.809889646E0
5.513603741E0,1.199495077E0,-2.243366957E0,9.485827446E0,9.821018587E0
5.515591749E0,1.199495077E0,-2.240972757E0,9.493009567E0,9.827409526E0
5.517581124E0,1.189918280E0,-2.250549555E0,9.497797966E0,9.833058782E0
5.519570968E0,1.194706678E0,-2.243366957E0,9.488221169E0,9.822747085E0
5.521560538E0,1.204283476E0,-2.243366957E0,9.490615845E0,9.826229343E0
5.523548937E0,1.213860273E0,-2.252943754E0,9.507374763E0,9.845780173E0
5.525536944E0,1.218648672E0,-2.262520552E0,9.500192642E0,9.841634218E0
5.527525929E0,1.233013868E0,-2.276885748E0,9.481039047E0,9.828256881E0
5.529515851E0,1.247379065E0,-2.286462545E0,9.476250648E0,9.827674794E0
5.531505304E0,1.254561663E0,-2.300827742E0,9.452308655E0,9.808867018E0
5.533494132E0,1.252167463E0,-2.293645144E0,9.435548782E0,9.790725827E0
5.535482608E0,1.256955862E0,-2.300827742E0,9.430760384E0,9.788410890E0
5.537472257E0,1.264138460E0,-2.293645144E0,9.421183586E0,9.778422892E0
5.539461749E0,1.266532660E0,-2.296039343E0,9.421183586E0,9.779294545E0
5.541451827E0,1.264138460E0,-2.296039343E0,9.430760384E0,9.788211487E0
5.543441749E0,1.249773264E0,-2.291250944E0,9.428366661E0,9.782937289E0
5.545430890E0,1.254561663E0,-2.279279947E0,9.435548782E0,9.787677093E0
5.547419991E0,1.268926859E0,-2.267308950E0,9.421183586E0,9.772899540E0
5.549410108E0,1.261744261E0,-2.264914751E0,9.428366661E0,9.778340110E0
5.551399483E0,1.264138460E0,-2.264914751E0,9.437943459E0,9.787883408E0
5.553389093E0,1.261744261E0,-2.260126352E0,9.433155060E0,9.781849727E0
5.555378077E0,1.261744261E0,-2.257732153E0,9.447520256E0,9.795151456E0
5.557366593E0,1.259350061E0,-2.252943754E0,9.445125580E0,9.791430710E0
5.559356124E0,1.254561663E0,-2.248155355E0,9.440337181E0,9.785095480E0
5.561346358E0,1.242590666E0,-2.240972757E0,9.435548782E0,9.777298772E0
5.563335772E0,1.242590666E0,-2.240972757E0,9.442731857E0,9.784230956E0
5.565324991E0,1.247379065E0,-2.243366957E0,9.435548782E0,9.778457478E0
5.567314483E0,1.256955862E0,-2.238578558E0,9.430760384E0,9.773966105E0
5.569303351E0,1.254561663E0,-2.243366957E0,9.423578262E0,9.767827165E0
5.571293194E0,1.247379065E0,-2.233790159E0,9.418789864E0,9.760090958E0
5.573283780E0,1.242590666E0,-2.224213362E0,9.423578262E0,9.761914971E0
5.575273780E0,1.237802267E0,-2.224213362E0,9.433155060E0,9.770552385E0
5.577263858E0,1.242590666E0,-2.226607561E0,9.437943459E0,9.776328018E0
5.579253897E0,1.249773264E0,-2.221819162E0,9.440337181E0,9.778465099E0
5.581244210E0,1.247379065E0,-2.212242365E0,9.435548782E0,9.771363858E0
5.583232999E0,1.235408068E0,-2.219424963E0,9.411606789E0,9.748354867E0
5.585221827E0,1.242590666E0,-2.219424963E0,9.404424667E0,9.742334528E0
5.587210460E0,1.244984865E0,-2.217030764E0,9.399636269E0,9.737472706E0
5.589199835E0,1.256955862E0,-2.209848166E0,9.409213066E0,9.746622875E0
5.591189405E0,1.264138460E0,-2.205059767E0,9.411606789E0,9.748778229E0
5.593179522E0,1.266532660E0,-2.200271368E0,9.430760384E0,9.766500933E0
5.595169405E0,1.266532660E0,-2.193088770E0,9.440337181E0,9.774134715E0
5.597158272E0,1.264138460E0,-2.195482969E0,9.449913979E0,9.783612100E0
5.599146749E0,1.266532660E0,-2.200271368E0,9.461885452E0,9.796559365E0
5.601135812E0,1.256955862E0,-2.195482969E0,9.483432770E0,9.815069058E0
5.603125733E0,1.247379065E0,-2.197877169E0,9.500192642E0,9.830578763E0
5.605115733E0,1.240196466E0,-2.193088770E0,9.509769440E0,9.837857512E0
5.607106124E0,1.233013868E0,-2.193088770E0,9.500192642E0,9.827696668E0
5.609097335E0,1.233013868E0,-2.190694571E0,9.500192642E0,9.827162670E0
5.611086944E0,1.233013868E0,-2.188300371E0,9.485827446E0,9.812741923E0
5.613075616E0,1.235408068E0,-2.190694571E0,9.473855972E0,9.802006059E0
5.615064015E0,1.233013868E0,-2.195482969E0,9.461885452E0,9.791207534E0
5.617053272E0,1.225831270E0,-2.209848166E0,9.461885452E0,9.793537029E0
5.619042569E0,1.223437071E0,-2.205059767E0,9.461885452E0,9.792158248E0
5.621030499E0,1.235408068E0,-2.219424963E0,9.464279175E0,9.799217344E0
5.623019366E0,1.242590666E0,-2.229001760E0,9.471462250E0,9.809234300E0
5.625008233E0,1.240196466E0,-2.229001760E0,9.476250648E0,9.813555038E0
5.626996749E0,1.233013868E0,-2.236184359E0,9.469067574E0,9.807348490E0
5.628984562E0,1.225831270E0,-2.240972757E0,9.471462250E0,9.809853126E0
5.630972882E0,1.221042871E0,-2.252943754E0,9.473855972E0,9.814308342E0
5.632961358E0,1.216254473E0,-2.260126352E0,9.478644371E0,9.819987026E0
5.634950304E0,1.216254473E0,-2.264914751E0,9.497797966E0,9.839577225E0
5.636939327E0,1.199495077E0,-2.269703150E0,9.473855972E0,9.815512611E0
5.638927960E0,1.197100878E0,-2.267308950E0,9.471462250E0,9.812356370E0
5.640917257E0,1.189918280E0,-2.269703150E0,9.488221169E0,9.828214428E0
5.642905733E0,1.189918280E0,-2.269703150E0,9.485827446E0,9.825903533E0
5.644894132E0,1.182735682E0,-2.260126352E0,9.476250648E0,9.813580446E0
5.646883507E0,1.175553083E0,-2.252943754E0,9.469067574E0,9.804127770E0
5.648871671E0,1.180341482E0,-2.252943754E0,9.476250648E0,9.811640430E0
5.650860382E0,1.182735682E0,-2.240972757E0,9.471462250E0,9.804561170E0
5.652849366E0,1.180341482E0,-2.243366957E0,9.466673851E0,9.800194647E0
5.654838116E0,1.187524080E0,-2.250549555E0,9.464279175E0,9.800396269E0
5.656826632E0,1.199495077E0,-2.245761156E0,9.452308655E0,9.789196623E0
5.658813897E0,1.221042871E0,-2.240972757E0,9.459490776E0,9.797697196E0
5.660800421E0,1.240196466E0,-2.248155355E0,9.449913979E0,9.792505501E0
5.662788663E0,1.254561663E0,-2.250549555E0,9.442731857E0,9.787956027E0
5.664777804E0,1.264138460E0,-2.252943754E0,9.435548782E0,9.782810559E0
5.666767218E0,1.261744261E0,-2.250549555E0,9.435548782E0,9.781950353E0
5.668756124E0,1.271321058E0,-2.248155355E0,9.428366661E0,9.775712641E0
5.670745694E0,1.283292055E0,-2.229001760E0,9.445125580E0,9.789059432E0
5.672734991E0,1.290474772E0,-2.217030764E0,9.457097054E0,9.798838463E0
5.674724718E0,1.278503656E0,-2.212242365E0,9.461885452E0,9.800809364E0
5.676713897E0,1.280897856E0,-2.212242365E0,9.471462250E0,9.810367615E0
5.678702062E0,1.276109457E0,-2.200271368E0,9.459490776E0,9.795489533E0
5.680690733E0,1.261744261E0,-2.197877169E0,9.461885452E0,9.795403970E0
5.682680147E0,1.256955862E0,-2.205059767E0,9.464279175E0,9.798714554E0
5.684668351E0,1.254561663E0,-2.209848166E0,9.473855972E0,9.808735946E0
5.686657022E0,1.240196466E0,-2.197877169E0,9.469067574E0,9.799591422E0
5.688645694E0,1.225831270E0,-2.185906172E0,9.466673851E0,9.792791323E0
5.690635069E0,1.233013868E0,-2.188300371E0,9.457097054E0,9.784971456E0
5.692623702E0,1.223437071E0,-2.183511972E0,9.454702377E0,9.780384443E0
5.694613624E0,1.216254473E0,-2.183511972E0,9.454702377E0,9.779488561E0
5.696602960E0,1.213860273E0,-2.185906172E0,9.452308655E0,9.777411798E0
5.698591671E0,1.213860273E0,-2.181117773E0,9.447520256E0,9.771712772E0
5.700581554E0,1.211466074E0,-2.173935175E0,9.430760384E0,9.753608850E0
5.702572022E0,1.201889277E0,-2.176329374E0,9.421183586E0,9.743697837E0
5.704562687E0,1.201889277E0,-2.181117773E0,9.425971985E0,9.749397952E0
5.706552413E0,1.201889277E0,-2.181117773E0,9.423578262E0,9.747083658E0
5.708541788E0,1.213860273E0,-2.183511972E0,9.425971985E0,9.751416777E0
5.710531554E0,1.216254473E0,-2.190694571E0,9.433155060E0,9.760268030E0
5.712520851E0,1.211466074E0,-2.209848166E0,9.447520256E0,9.777868784E0
5.714509132E0,1.216254473E0,-2.212242365E0,9.459490776E0,9.790569798E0
5.716498702E0,1.221042871E0,-2.212242365E0,9.476250648E0,9.807358886E0
5.718488116E0,1.211466074E0,-2.212242365E0,9.495404243E0,9.824681576E0
5.720478233E0,1.206677675E0,-2.214636564E0,9.504981041E0,9.833887874E0
5.722468272E0,1.206677675E0,-2.217030764E0,9.519346237E0,9.848311998E0
5.724458468E0,1.209071875E0,-2.221819162E0,9.524134636E0,9.854312546E0
5.726447101E0,1.206677675E0,-2.229001760E0,9.526528358E0,9.857954272E0
5.728436983E0,1.201889277E0,-2.231395960E0,9.504981041E0,9.837089526E0
5.730426358E0,1.211466074E0,-2.226607561E0,9.493009567E0,9.825612547E0
5.732416437E0,1.213860273E0,-2.219424963E0,9.473855972E0,9.805776405E0
5.734405694E0,1.216254473E0,-2.224213362E0,9.459490776E0,9.793281665E0
5.736396085E0,1.225831270E0,-2.231395960E0,9.447520256E0,9.784550538E0
5.738386241E0,1.240196466E0,-2.226607561E0,9.435548782E0,9.773712157E0
5.740376124E0,1.242590666E0,-2.229001760E0,9.433155060E0,9.772251265E0
5.742365929E0,1.256955862E0,-2.236184359E0,9.428366661E0,9.771108249E0
5.744354562E0,1.261744261E0,-2.231395960E0,9.445125580E0,9.786803550E0
5.746343429E0,1.261744261E0,-2.238578558E0,9.459490776E0,9.802305764E0
5.748332608E0,1.264138460E0,-2.224213362E0,9.469067574E0,9.808588677E0
5.750322022E0,1.254561663E0,-2.221819162E0,9.488221169E0,9.825311512E0
5.752311241E0,1.249773264E0,-2.205059767E0,9.497797966E0,9.830177414E0
5.754300851E0,1.249773264E0,-2.200271368E0,9.504981041E0,9.836045541E0
5.756290772E0,1.249773264E0,-2.190694571E0,9.524134636E0,9.852421858E0
5.758280226E0,1.240196466E0,-2.171540976E0,9.521739960E0,9.844653846E0
5.760268897E0,1.240196466E0,-2.159569979E0,9.521739960E0,9.842020201E0
5.762258233E0,1.237802267E0,-2.147598982E0,9.504981041E0,9.822881473E0
5.764247882E0,1.240196466E0,-2.147598982E0,9.500192642E0,9.818550244E0
5.766236671E0,1.244984865E0,-2.154781580E0,9.495404243E0,9.816097632E0
5.768225108E0,1.247379065E0,-2.145204782E0,9.490615845E0,9.809671106E0
5.770213038E0,1.254561663E0,-2.142810583E0,9.476250648E0,9.796167032E0
5.772201749E0,1.268926859E0,-2.142810583E0,9.478644371E0,9.800332223E0
5.774189601E0,1.273715258E0,-2.149993181E0,9.476250648E0,9.800211609E0
5.776178390E0,1.283292055E0,-2.159569979E0,9.466673851E0,9.794309307E0
5.778166749E0,1.292868972E0,-2.173935175E0,9.457097054E0,9.789493807E0
5.780155538E0,1.283292055E0,-2.181117773E0,9.454702377E0,9.787518086E0
5.782144249E0,1.271321058E0,-2.197877169E0,9.447520256E0,9.782768538E0
5.784133507E0,1.271321058E0,-2.205059767E0,9.452308655E0,9.789008362E0
5.786122960E0,1.276109457E0,-2.209848166E0,9.466673851E0,9.804580463E0
5.788111280E0,1.268926859E0,-2.221819162E0,9.483432770E0,9.822532915E0
5.790100499E0,1.261744261E0,-2.236184359E0,9.490615845E0,9.831800861E0
5.792088702E0,1.256955862E0,-2.243366957E0,9.493009567E0,9.835134162E0
5.794076944E0,1.247379065E0,-2.250549555E0,9.495404243E0,9.837867125E0
5.796065851E0,1.235408068E0,-2.260126352E0,9.493009567E0,9.836240891E0
5.798056554E0,1.228225470E0,-2.257732153E0,9.490615845E0,9.832480938E0
5.800046593E0,1.218648672E0,-2.274491549E0,9.481039047E0,9.825910533E0
5.802036319E0,1.206677675E0,-2.293645144E0,9.457097054E0,9.805792356E0
5.804025616E0,1.206677675E0,-2.300827742E0,9.445125580E0,9.795931631E0
5.806014522E0,1.209071875E0,-2.305616140E0,9.423578262E0,9.776581604E0
5.808004210E0,1.221042871E0,-2.310404539E0,9.418789864E0,9.774585276E0
5.809993897E0,1.216254473E0,-2.310404539E0,9.425971985E0,9.780909566E0
5.811983507E0,1.213860273E0,-2.315192938E0,9.425971985E0,9.781744372E0
5.813974327E0,1.209071875E0,-2.310404539E0,9.406818390E0,9.761560129E0
5.815964874E0,1.197100878E0,-2.310404539E0,9.406818390E0,9.760084624E0
5.817954718E0,1.185129881E0,-2.312798738E0,9.418789864E0,9.770730440E0
5.819944366E0,1.187524080E0,-2.303221941E0,9.414001465E0,9.764141966E0
5.821934796E0,1.182735682E0,-2.308010340E0,9.425971985E0,9.776232571E0
5.823924444E0,1.165976286E0,-2.308010340E0,9.433155060E0,9.781146498E0
5.825913507E0,1.146822572E0,-2.288856745E0,9.433155060E0,9.774378834E0
5.827902882E0,1.142034173E0,-2.276885748E0,9.440337181E0,9.777955658E0
5.829892452E0,1.125274777E0,-2.262520552E0,9.461885452E0,9.793493702E0
5.831881983E0,1.096544385E0,-2.248155355E0,9.469067574E0,9.793868123E0
5.833871163E0,1.086967587E0,-2.221819162E0,9.466673851E0,9.784472021E0
5.835860577E0,1.072602391E0,-2.219424963E0,9.476250648E0,9.791611175E0
5.837849562E0,1.070208192E0,-2.212242365E0,9.488221169E0,9.801311279E0
5.839838819E0,1.079784989E0,-2.214636564E0,9.483432770E0,9.798267593E0
5.841828312E0,1.082179189E0,-2.209848166E0,9.495404243E0,9.809038814E0
5.843817491E0,1.103726983E0,-2.202665567E0,9.497797966E0,9.812141207E0
5.845807530E0,1.115697980E0,-2.193088770E0,9.495404243E0,9.809032678E0
5.847797101E0,1.122880578E0,-2.195482969E0,9.516951561E0,9.831244747E0
5.849786632E0,1.134851575E0,-2.190694571E0,9.528923035E0,9.843139997E0
5.851777179E0,1.134851575E0,-2.200271368E0,9.540893555E0,9.856862179E0
5.853767101E0,1.149216771E0,-2.212242365E0,9.545681953E0,9.865837999E0
5.855757530E0,1.158793569E0,-2.214636564E0,9.536105156E0,9.858231038E0
5.857748272E0,1.168370485E0,-2.229001760E0,9.531316757E0,9.857968227E0
5.859738038E0,1.185129881E0,-2.238578558E0,9.504981041E0,9.836688029E0
5.861727726E0,1.199495077E0,-2.252943754E0,9.490615845E0,9.827834610E0
5.863717218E0,1.199495077E0,-2.267308950E0,9.471462250E0,9.812648749E0
5.865708038E0,1.204283476E0,-2.264914751E0,9.454702377E0,9.796506243E0
5.867698780E0,1.209071875E0,-2.272097349E0,9.447520256E0,9.791829255E0
5.869689366E0,1.211466074E0,-2.269703150E0,9.425971985E0,9.770780434E0
5.871679913E0,1.218648672E0,-2.264914751E0,9.414001465E0,9.759014653E0
5.873671085E0,1.225831270E0,-2.272097349E0,9.397241592E0,9.745421397E0
5.875661085E0,1.235408068E0,-2.264914751E0,9.399636269E0,9.747268023E0
5.877651397E0,1.244984865E0,-2.267308950E0,9.394847870E0,9.744426288E0
5.879642726E0,1.252167463E0,-2.262520552E0,9.397241592E0,9.746541548E0
5.881633351E0,1.266532660E0,-2.252943754E0,9.404424667E0,9.753105345E0
5.883624991E0,1.292868972E0,-2.236184359E0,9.404424667E0,9.752703932E0
5.885615226E0,1.304839969E0,-2.233790159E0,9.411606789E0,9.760674575E0
5.887605616E0,1.333570361E0,-2.221819162E0,9.416395187E0,9.766441963E0
5.889596554E0,1.359906554E0,-2.207453966E0,9.421183586E0,9.771432802E0
5.891586944E0,1.393425345E0,-2.207453966E0,9.423578262E0,9.778461764E0
5.893577491E0,1.424550056E0,-2.202665567E0,9.433155060E0,9.791092526E0
5.895568272E0,1.450886250E0,-2.200271368E0,9.423578262E0,9.785197610E0
5.897558702E0,1.467645645E0,-2.200271368E0,9.418789864E0,9.783086442E0
5.899549249E0,1.477222443E0,-2.197877169E0,9.425971985E0,9.790903842E0
5.901538976E0,1.496376038E0,-2.188300371E0,9.428366661E0,9.793972517E0
5.903529288E0,1.515529633E0,-2.176329374E0,9.437943459E0,9.803469607E0
5.905519444E0,1.527500629E0,-2.159569979E0,9.447520256E0,9.810842963E0
5.907508663E0,1.527500629E0,-2.147598982E0,9.457097054E0,9.817439801E0
5.909498312E0,1.532289028E0,-2.147598982E0,9.471462250E0,9.832023607E0
5.911487647E0,1.541865945E0,-2.145204782E0,9.483432770E0,9.844529001E0
5.913477687E0,1.532289028E0,-2.145204782E0,9.493009567E0,9.852260851E0
5.915467804E0,1.525106430E0,-2.145204782E0,9.497797966E0,9.855760721E0
5.917458194E0,1.508347034E0,-2.142810583E0,9.497797966E0,9.852660259E0
5.919448507E0,1.498770237E0,-2.138022184E0,9.504981041E0,9.857084542E0
5.921440655E0,1.479616642E0,-2.152387381E0,9.502586365E0,9.855008090E0
5.923430812E0,1.467645645E0,-2.157175779E0,9.500192642E0,9.851956726E0
5.925421358E0,1.448492050E0,-2.157175779E0,9.488221169E0,9.837574778E0
5.927411632E0,1.417367458E0,-2.159569979E0,9.483432770E0,9.828945523E0
5.929401554E0,1.407790542E0,-2.152387381E0,9.483432770E0,9.825993219E0
5.931392022E0,1.393425345E0,-2.154781580E0,9.473855972E0,9.815226173E0
5.933381710E0,1.369483352E0,-2.159569979E0,9.485827446E0,9.824466880E0
5.935371983E0,1.347935557E0,-2.154781580E0,9.495404243E0,9.829685431E0
5.937362647E0,1.331176162E0,-2.154781580E0,9.507374763E0,9.838967859E0
5.939352687E0,1.307234168E0,-2.171540976E0,9.512163162E0,9.844069250E0
5.941342765E0,1.295263171E0,-2.166752577E0,9.531316757E0,9.859945362E0
5.943333272E0,1.288080573E0,-2.164358377E0,9.536105156E0,9.863108044E0
5.945324210E0,1.261744261E0,-2.169146776E0,9.536105156E0,9.860755441E0
5.947313858E0,1.247379065E0,-2.164358377E0,9.538499832E0,9.860191720E0
5.949302999E0,1.228225470E0,-2.173935175E0,9.550470352E0,9.871474859E0
5.951293155E0,1.213860273E0,-2.169146776E0,9.540893555E0,9.859376467E0
5.953281671E0,1.197100878E0,-2.183511972E0,9.545681953E0,9.865131474E0
5.955271202E0,1.192312479E0,-2.188300371E0,9.526528358E0,9.847081300E0
5.957261202E0,1.185129881E0,-2.185906172E0,9.509769440E0,9.829467606E0
5.959249796E0,1.185129881E0,-2.188300371E0,9.509769440E0,9.830000313E0
5.961239679E0,1.189918280E0,-2.185906172E0,9.495404243E0,9.816149604E0
5.963229210E0,1.180341482E0,-2.176329374E0,9.483432770E0,9.801281174E0
5.965219288E0,1.180341482E0,-2.183511972E0,9.471462250E0,9.791298571E0
5.967209210E0,1.177947283E0,-2.185906172E0,9.454702377E0,9.775333377E0
5.969199210E0,1.197100878E0,-2.181117773E0,9.433155060E0,9.755754181E0
5.971190187E0,1.216254473E0,-2.185906172E0,9.430760384E0,9.756879734E0
5.973180929E0,1.218648672E0,-2.188300371E0,9.428366661E0,9.755401632E0
5.975170655E0,1.230619669E0,-2.181117773E0,9.418789864E0,9.746040324E0
5.977158976E0,1.237802267E0,-2.185906172E0,9.425971985E0,9.754962230E0
5.979147257E0,1.247379065E0,-2.188300371E0,9.421183586E0,9.752092760E0
5.981136515E0,1.254561663E0,-2.183511972E0,9.414001465E0,9.745002467E0
5.983125108E0,1.247379065E0,-2.188300371E0,9.409213066E0,9.740528916E0
5.985115304E0,1.235408068E0,-2.193088770E0,9.421183586E0,9.751644559E0
5.987105147E0,1.235408068E0,-2.195482969E0,9.425971985E0,9.756809234E0
5.989095187E0,1.252167463E0,-2.200271368E0,9.428366661E0,9.762336572E0
5.991085226E0,1.249773264E0,-2.205059767E0,9.425971985E0,9.760797593E0
5.993075265E0,1.249773264E0,-2.200271368E0,9.418789864E0,9.752780619E0
5.995065108E0,1.249773264E0,-2.197877169E0,9.418789864E0,9.752240756E0
5.997054679E0,1.242590666E0,-2.193088770E0,9.409213066E0,9.740993812E0
5.999044640E0,1.254561663E0,-2.183511972E0,9.414001465E0,9.745002467E0
6.001034640E0,1.266532660E0,-2.185906172E0,9.418789864E0,9.751712325E0
6.003024366E0,1.261744261E0,-2.190694571E0,9.418789864E0,9.752166107E0
6.005014132E0,1.264138460E0,-2.173935175E0,9.418789864E0,9.748725183E0
6.007003312E0,1.266532660E0,-2.176329374E0,9.440337181E0,9.770387946E0
6.008991788E0,1.280897856E0,-2.169146776E0,9.414001465E0,9.745220399E0
6.010980382E0,1.285686255E0,-2.147598982E0,9.425971985E0,9.752646738E0
6.012968897E0,1.295263171E0,-2.142810583E0,9.437943459E0,9.764431402E0
6.014957882E0,1.292868972E0,-2.133233786E0,9.442731857E0,9.766646379E0
6.016946905E0,1.295263171E0,-2.128445387E0,9.447520256E0,9.770548881E0
6.018935460E0,1.304839969E0,-2.123656988E0,9.440337181E0,9.763835949E0
6.020924210E0,1.304839969E0,-2.116474390E0,9.449913979E0,9.771537514E0
6.022913546E0,1.302445769E0,-2.116474390E0,9.442731857E0,9.764272311E0
6.024903038E0,1.314416766E0,-2.109291792E0,9.445125580E0,9.766637114E0
6.026892999E0,1.316810966E0,-2.106897593E0,9.428366661E0,9.750236227E0
6.028881944E0,1.321599364E0,-2.126051188E0,9.418789864E0,9.745784782E0
6.030871632E0,1.326387763E0,-2.133233786E0,9.423578262E0,9.752631345E0
6.032861515E0,1.343147159E0,-2.133233786E0,9.430760384E0,9.761863146E0
6.034850655E0,1.340752959E0,-2.133233786E0,9.428366661E0,9.759221423E0
6.036840577E0,1.340752959E0,-2.142810583E0,9.435548782E0,9.768256575E0
6.038830108E0,1.350329757E0,-2.147598982E0,9.428366661E0,9.763691399E0
6.040819522E0,1.347935557E0,-2.147598982E0,9.437943459E0,9.772609088E0
6.042808741E0,1.338358760E0,-2.157175779E0,9.449913979E0,9.784962224E0
6.044797687E0,1.335964561E0,-2.157175779E0,9.457097054E0,9.791572567E0
6.046787765E0,1.335964561E0,-2.154781580E0,9.464279175E0,9.797982714E0
6.048778194E0,1.335964561E0,-2.154781580E0,9.478644371E0,9.811859359E0
6.050767569E0,1.319205165E0,-2.157175779E0,9.490615845E0,9.821685126E0
6.052757022E0,1.314416766E0,-2.166752577E0,9.502586365E0,9.834716863E0
6.054745421E0,1.295263171E0,-2.171540976E0,9.504981041E0,9.835545815E0
6.056733077E0,1.271321058E0,-2.171540976E0,9.509769440E0,9.837050485E0
6.058722569E0,1.261744261E0,-2.181117773E0,9.524134636E0,9.851822871E0
6.060712140E0,1.261744261E0,-2.188300371E0,9.521739960E0,9.851100901E0
6.062701788E0,1.244984865E0,-2.193088770E0,9.502586365E0,9.831519378E0
6.064692022E0,1.230619669E0,-2.209848166E0,9.488221169E0,9.819582202E0
6.066680968E0,1.235408068E0,-2.221819162E0,9.478644371E0,9.813634016E0
6.068669093E0,1.235408068E0,-2.224213362E0,9.459490776E0,9.795678839E0
6.070658429E0,1.235408068E0,-2.229001760E0,9.449913979E0,9.787520429E0
6.072649288E0,1.235408068E0,-2.231395960E0,9.430760384E0,9.769575346E0
6.074639483E0,1.237802267E0,-2.229001760E0,9.425971985E0,9.764709476E0
6.076628663E0,1.242590666E0,-2.245761156E0,9.425971985E0,9.769156698E0
6.078618233E0,1.249773264E0,-2.248155355E0,9.414001465E0,9.759075740E0
6.080608897E0,1.264138460E0,-2.250549555E0,9.423578262E0,9.770713721E0
6.082600030E0,1.276109457E0,-2.255337954E0,9.423578262E0,9.773373619E0
6.084591007E0,1.280897856E0,-2.252943754E0,9.416395187E0,9.766522063E0
6.086580929E0,1.288080573E0,-2.257732153E0,9.414001465E0,9.766264875E0
6.088570421E0,1.283292055E0,-2.252943754E0,9.402029991E0,9.752987338E0
6.090560460E0,1.283292055E0,-2.248155355E0,9.404424667E0,9.754191116E0
6.092549327E0,1.276109457E0,-2.260126352E0,9.397241592E0,9.749091036E0
6.094538077E0,1.271321058E0,-2.260126352E0,9.409213066E0,9.760006090E0
6.096527296E0,1.264138460E0,-2.260126352E0,9.397241592E0,9.747531314E0
6.098516983E0,1.266532660E0,-2.264914751E0,9.390059471E0,9.742030624E0
6.100507022E0,1.268926859E0,-2.260126352E0,9.392453194E0,9.743537525E0
6.102497921E0,1.266532660E0,-2.260126352E0,9.394847870E0,9.745534496E0
6.104488858E0,1.261744261E0,-2.257732153E0,9.397241592E0,9.746666230E0
6.106479640E0,1.256955862E0,-2.252943754E0,9.397241592E0,9.744939361E0
6.108470616E0,1.252167463E0,-2.243366957E0,9.418789864E0,9.762900243E0
6.110462140E0,1.240196466E0,-2.233790159E0,9.414001465E0,9.754554287E0
6.112452999E0,1.233013868E0,-2.233790159E0,9.428366661E0,9.767509384E0
6.114443116E0,1.228225470E0,-2.219424963E0,9.425971985E0,9.761318191E0
6.116432452E0,1.209071875E0,-2.212242365E0,9.423578262E0,9.754983257E0
6.118422999E0,1.206677675E0,-2.207453966E0,9.425971985E0,9.755914713E0
6.120412921E0,1.211466074E0,-2.207453966E0,9.440337181E0,9.770387359E0
6.122403351E0,1.216254473E0,-2.197877169E0,9.440337181E0,9.768823117E0
6.124393819E0,1.216254473E0,-2.183511972E0,9.442731857E0,9.767916073E0
6.126383116E0,1.223437071E0,-2.178723574E0,9.425971985E0,9.751542572E0
6.128372608E0,1.235408068E0,-2.171540976E0,9.423578262E0,9.749135888E0
6.130362882E0,1.244984865E0,-2.169146776E0,9.423578262E0,9.749821143E0
6.132351983E0,1.252167463E0,-2.166752577E0,9.425971985E0,9.752522132E0
6.134342296E0,1.254561663E0,-2.171540976E0,9.418789864E0,9.746954277E0
6.136332921E0,1.259350061E0,-2.161964178E0,9.409213066E0,9.736187252E0
6.138322413E0,1.254561663E0,-2.145204782E0,9.423578262E0,9.745750653E0
6.140312257E0,1.247379065E0,-2.152387381E0,9.433155060E0,9.755672214E0
6.142301397E0,1.244984865E0,-2.152387381E0,9.440337181E0,9.762311450E0
6.144291749E0,1.242590666E0,-2.145204782E0,9.447520256E0,9.767372938E0
6.146283585E0,1.240196466E0,-2.145204782E0,9.445125580E0,9.764752329E0
6.148274952E0,1.237802267E0,-2.145204782E0,9.442731857E0,9.762133114E0
6.150265421E0,1.235408068E0,-2.149993181E0,9.447520256E0,9.767514667E0
6.152256358E0,1.233013868E0,-2.154781580E0,9.459490776E0,9.779845224E0
6.154247179E0,1.237802267E0,-2.164358377E0,9.464279175E0,9.787194794E0
6.156237101E0,1.242590666E0,-2.178723574E0,9.464279175E0,9.790988115E0
6.158228546E0,1.237802267E0,-2.195482969E0,9.464279175E0,9.794124781E0
6.160219054E0,1.235408068E0,-2.197877169E0,9.442731857E0,9.773539895E0
6.162210108E0,1.242590666E0,-2.212242365E0,9.440337181E0,9.775377943E0
6.164201319E0,1.244984865E0,-2.226607561E0,9.454702377E0,9.792811935E0
6.166191124E0,1.249773264E0,-2.233790159E0,9.488221169E0,9.827415359E0
6.168181476E0,1.244984865E0,-2.245761156E0,9.473855972E0,9.815669996E0
6.170171319E0,1.235408068E0,-2.250549555E0,9.466673851E0,9.808624786E0
6.172161671E0,1.228225470E0,-2.264914751E0,9.483432770E0,9.827200707E0
6.174151983E0,1.223437071E0,-2.264914751E0,9.502586365E0,9.845089371E0
6.176142022E0,1.206677675E0,-2.257732153E0,9.485827446E0,9.825189455E0
6.178132296E0,1.206677675E0,-2.257732153E0,9.476250648E0,9.815943757E0
6.180121749E0,1.201889277E0,-2.255337954E0,9.481039047E0,9.819429135E0
6.182111788E0,1.204283476E0,-2.267308950E0,9.524134636E0,9.864082782E0
6.184102101E0,1.213860273E0,-2.262520552E0,9.576807022E0,9.915023386E0
6.186091319E0,1.216254473E0,-2.264914751E0,9.660603523E0,9.996818204E0
6.188080538E0,1.209071875E0,-2.276885748E0,9.646238327E0,9.984787297E0
6.190069562E0,1.194706678E0,-2.267308950E0,9.598354340E0,9.934607187E0
6.192059327E0,1.177947283E0,-2.260126352E0,9.562441826E0,9.896263164E0
6.194049405E0,1.170764685E0,-2.250549555E0,9.519346237E0,9.851579367E0
6.196040030E0,1.189918280E0,-2.233790159E0,9.512163162E0,9.843118003E0
6.198029991E0,1.177947283E0,-2.250549555E0,9.500192642E0,9.833930717E0
6.200019757E0,1.158793569E0,-2.250549555E0,9.469067574E0,9.801582349E0
6.202009796E0,1.173158884E0,-2.240972757E0,9.442731857E0,9.775655763E0
6.203999757E0,1.199495077E0,-2.221819162E0,9.425971985E0,9.758289640E0
6.205990772E0,1.213860273E0,-2.219424963E0,9.440337181E0,9.773396033E0
6.207980694E0,1.213860273E0,-2.207453966E0,9.478644371E0,9.807701509E0
6.209970460E0,1.223437071E0,-2.209848166E0,9.459490776E0,9.790924008E0
6.211960265E0,1.213860273E0,-2.200271368E0,9.414001465E0,9.743617113E0
6.213950226E0,1.197100878E0,-2.200271368E0,9.356540680E0,9.686025919E0
6.215939522E0,1.194706678E0,-2.178723574E0,9.325415611E0,9.650779076E0
6.217929288E0,1.194706678E0,-2.161964178E0,9.294290543E0,9.616925176E0
6.219918858E0,1.199495077E0,-2.164358377E0,9.251194954E0,9.576421237E0
6.221908272E0,1.216254473E0,-2.166752577E0,9.229647636E0,9.558268000E0
6.223898858E0,1.233013868E0,-2.166752577E0,9.205705643E0,9.537303409E0
6.225887647E0,1.247379065E0,-2.176329374E0,9.217676163E0,9.552901021E0
6.227877062E0,1.268926859E0,-2.188300371E0,9.244012833E0,9.583872241E0
6.229866827E0,1.288080573E0,-2.200271368E0,9.294290543E0,9.637644025E0
6.231855812E0,1.302445769E0,-2.217030764E0,9.356540680E0,9.703424338E0
6.233845772E0,1.328781962E0,-2.229001760E0,9.421183586E0,9.772042290E0
6.235835772E0,1.340752959E0,-2.233790159E0,9.454702377E0,9.807080810E0
6.237824015E0,1.355118155E0,-2.231395960E0,9.512163162E0,9.863910035E0
6.239812999E0,1.359906554E0,-2.240972757E0,9.548076630E0,9.901367181E0
6.241802843E0,1.355118155E0,-2.257732153E0,9.548076630E0,9.904517505E0
6.243792296E0,1.347935557E0,-2.255337954E0,9.533711433E0,9.889142190E0
6.245781632E0,1.345541358E0,-2.236184359E0,9.514557838E0,9.865992747E0
6.247771437E0,1.338358760E0,-2.224213362E0,9.473855972E0,9.823048215E0
6.249761007E0,1.333570361E0,-2.214636564E0,9.454702377E0,9.801756070E0
6.251750929E0,1.328781962E0,-2.207453966E0,9.430760384E0,9.776387673E0
6.253739991E0,1.316810966E0,-2.200271368E0,9.414001465E0,9.756977441E0
6.255730655E0,1.319205165E0,-2.209848166E0,9.414001465E0,9.759464881E0
6.257720226E0,1.316810966E0,-2.219424963E0,9.430760384E0,9.777478187E0
6.259709952E0,1.321599364E0,-2.224213362E0,9.437943459E0,9.786139519E0
6.261699874E0,1.328781962E0,-2.240972757E0,9.454702377E0,9.807090162E0
6.263689288E0,1.328781962E0,-2.245761156E0,9.464279175E0,9.817417429E0
6.265677921E0,1.326387763E0,-2.243366957E0,9.466673851E0,9.818855005E0
6.267666163E0,1.326387763E0,-2.243366957E0,9.488221169E0,9.839631128E0
6.269654366E0,1.321599364E0,-2.240972757E0,9.493009567E0,9.843059200E0
6.271643741E0,1.321599364E0,-2.238578558E0,9.516951561E0,9.865608235E0
6.273633468E0,1.304839969E0,-2.226607561E0,9.526528358E0,9.869910392E0
6.275622452E0,1.290474772E0,-2.212242365E0,9.536105156E0,9.874038838E0
6.277611749E0,1.283292055E0,-2.193088770E0,9.538499832E0,9.871142583E0
6.279601280E0,1.285686255E0,-2.183511972E0,9.533711433E0,9.864703106E0
6.281591476E0,1.278503656E0,-2.164358377E0,9.514557838E0,9.841027876E0
6.283582257E0,1.278503656E0,-2.169146776E0,9.519346237E0,9.846711234E0
6.285572843E0,1.271321058E0,-2.164358377E0,9.514557838E0,9.840097321E0
6.287562687E0,1.268926859E0,-2.166752577E0,9.490615845E0,9.817167678E0
6.289552999E0,1.261744261E0,-2.181117773E0,9.471462250E0,9.800911716E0
6.291542062E0,1.271321058E0,-2.193088770E0,9.464279175E0,9.797881194E0
6.293531515E0,1.271321058E0,-2.197877169E0,9.459490776E0,9.794329330E0
6.295521046E0,1.276109457E0,-2.207453966E0,9.457097054E0,9.794794181E0
6.297510655E0,1.283292055E0,-2.221819162E0,9.469067574E0,9.810533095E0
6.299501319E0,1.283292055E0,-2.226607561E0,9.483432770E0,9.825483033E0
6.301492179E0,1.300051570E0,-2.236184359E0,9.488221169E0,9.834479931E0
6.303482374E0,1.297657371E0,-2.240972757E0,9.490615845E0,9.837563858E0
6.305471944E0,1.309628367E0,-2.229001760E0,9.507374763E0,9.852601190E0
6.307461554E0,1.307234168E0,-2.226607561E0,9.516951561E0,9.860984201E0
6.309450890E0,1.312022567E0,-2.229001760E0,9.519346237E0,9.864471848E0
6.311440577E0,1.307234168E0,-2.217030764E0,9.516951561E0,9.858826177E0
6.313430304E0,1.309628367E0,-2.214636564E0,9.524134636E0,9.865540134E0
6.315421241E0,1.307234168E0,-2.209848166E0,9.512163162E0,9.852590426E0
6.317411397E0,1.297657371E0,-2.202665567E0,9.502586365E0,9.840467360E0
6.319400968E0,1.295263171E0,-2.185906172E0,9.485827446E0,9.820224784E0
6.321390577E0,1.297657371E0,-2.183511972E0,9.481039047E0,9.815382856E0
6.323379718E0,1.297657371E0,-2.185906172E0,9.485827446E0,9.820540860E0
6.325369444E0,1.295263171E0,-2.185906172E0,9.483432770E0,9.817911671E0
6.327359640E0,1.297657371E0,-2.178723574E0,9.476250648E0,9.809693034E0
6.329349601E0,1.307234168E0,-2.183511972E0,9.476250648E0,9.812028947E0
6.331339601E0,1.297657371E0,-2.181117773E0,9.488221169E0,9.821788551E0
6.333328858E0,1.297657371E0,-2.181117773E0,9.493009567E0,9.826414404E0
6.335318897E0,1.292868972E0,-2.185906172E0,9.493009567E0,9.826847237E0
6.337308897E0,1.292868972E0,-2.183511972E0,9.504981041E0,9.837880834E0
6.339298663E0,1.300051570E0,-2.183511972E0,9.521739960E0,9.855018543E0
6.341288897E0,1.292868972E0,-2.188300371E0,9.524134636E0,9.857449430E0
6.343279601E0,1.283292055E0,-2.188300371E0,9.524134636E0,9.856197927E0
6.345270929E0,1.280897856E0,-2.183511972E0,9.533711433E0,9.864080167E0
6.347261554E0,1.280897856E0,-2.183511972E0,9.524134636E0,9.854824423E0
6.349252452E0,1.276109457E0,-2.183511972E0,9.519346237E0,9.849575253E0
6.351242804E0,1.273715258E0,-2.185906172E0,9.521739960E0,9.852109835E0
6.353233077E0,1.276109457E0,-2.185906172E0,9.512163162E0,9.843164591E0
6.355223077E0,1.280897856E0,-2.193088770E0,9.485827446E0,9.819941955E0
6.357213546E0,1.276109457E0,-2.205059767E0,9.473855972E0,9.810437855E0
6.359204093E0,1.285686255E0,-2.214636564E0,9.461885452E0,9.802289557E0
6.361194483E0,1.297657371E0,-2.221819162E0,9.452308655E0,9.796251015E0
6.363184679E0,1.300051570E0,-2.221819162E0,9.435548782E0,9.780398525E0
6.365175382E0,1.307234168E0,-2.214636564E0,9.418789864E0,9.763558715E0
6.367165616E0,1.302445769E0,-2.217030764E0,9.411606789E0,9.756532823E0
6.369156046E0,1.300051570E0,-2.224213362E0,9.416395187E0,9.762466773E0
6.371147062E0,1.302445769E0,-2.231395960E0,9.418789864E0,9.766734122E0
6.373138272E0,1.307234168E0,-2.238578558E0,9.433155060E0,9.782868164E0
6.375130108E0,1.314416766E0,-2.243366957E0,9.440337181E0,9.791851348E0
6.377121944E0,1.316810966E0,-2.255337954E0,9.442731857E0,9.797230493E0
6.379113194E0,1.295263171E0,-2.255337954E0,9.442731857E0,9.794357605E0
6.381104171E0,1.295263171E0,-2.255337954E0,9.440337181E0,9.792048920E0
6.383094366E0,1.292868972E0,-2.255337954E0,9.430760384E0,9.782499725E0
6.385084522E0,1.285686255E0,-2.245761156E0,9.430760384E0,9.779349351E0
6.387075147E0,1.280897856E0,-2.229001760E0,9.435548782E0,9.779505560E0
6.389065577E0,1.273715258E0,-2.231395960E0,9.449913979E0,9.792974660E0
6.391055499E0,1.266532660E0,-2.226607561E0,9.449913979E0,9.790952988E0
6.393045343E0,1.252167463E0,-2.221819162E0,9.454702377E0,9.792640134E0
6.395035929E0,1.244984865E0,-2.214636564E0,9.459490776E0,9.794721444E0
6.397027296E0,1.240196466E0,-2.207453966E0,9.476250648E0,9.808683227E0
6.399018468E0,1.230619669E0,-2.205059767E0,9.483432770E0,9.813878461E0
6.401010226E0,1.209071875E0,-2.200271368E0,9.516951561E0,9.842530970E0
6.403000772E0,1.201889277E0,-2.209848166E0,9.536105156E0,9.862315564E0
6.404991319E0,1.197100878E0,-2.214636564E0,9.533711433E0,9.860492854E0
6.406981593E0,1.187524080E0,-2.200271368E0,9.526528358E0,9.849170021E0
6.408971983E0,1.180341482E0,-2.197877169E0,9.531316757E0,9.852404234E0
6.410962491E0,1.182735682E0,-2.195482969E0,9.536105156E0,9.856790081E0
6.412954171E0,1.175553083E0,-2.207453966E0,9.526528358E0,9.849341127E0
6.414945343E0,1.170764685E0,-2.219424963E0,9.526528358E0,9.851460789E0
6.416935772E0,1.165976286E0,-2.229001760E0,9.516951561E0,9.843795841E0
6.418925460E0,1.165976286E0,-2.229001760E0,9.466673851E0,9.795195932E0
6.420914991E0,1.161187768E0,-2.233790159E0,9.449913979E0,9.779521957E0
6.422904835E0,1.175553083E0,-2.226607561E0,9.447520256E0,9.777287214E0
6.424895343E0,1.177947283E0,-2.233790159E0,9.447520256E0,9.779213530E0
6.426886358E0,1.197100878E0,-2.238578558E0,9.433155060E0,9.768761378E0
6.428877921E0,1.199495077E0,-2.257732153E0,9.428366661E0,9.768840300E0
6.430868272E0,1.223437071E0,-2.257732153E0,9.416395187E0,9.760258760E0
6.432858077E0,1.237802267E0,-2.279279947E0,9.404424667E0,9.755535601E0
6.434848429E0,1.252167463E0,-2.284068346E0,9.411606789E0,9.765410074E0
6.436840265E0,1.259350061E0,-2.296039343E0,9.423578262E0,9.780674134E0
6.438830772E0,1.259350061E0,-2.293645144E0,9.425971985E0,9.782418846E0
6.440821476E0,1.264138460E0,-2.291250944E0,9.425971985E0,9.782475392E0
6.442811476E0,1.271321058E0,-2.293645144E0,9.433155060E0,9.790887583E0
6.444801827E0,1.285686255E0,-2.305616140E0,9.437943459E0,9.800185287E0
6.446793194E0,1.292868972E0,-2.312798738E0,9.437943459E0,9.802822293E0
6.448782882E0,1.295263171E0,-2.312798738E0,9.435548782E0,9.800832899E0
6.450773038E0,1.292868972E0,-2.308010340E0,9.440337181E0,9.803998572E0
6.452763312E0,1.304839969E0,-2.312798738E0,9.445125580E0,9.811322162E0
6.454753741E0,1.304839969E0,-2.315192938E0,9.454702377E0,9.821105983E0
6.456744405E0,1.304839969E0,-2.305616140E0,9.476250648E0,9.839603624E0
6.458736241E0,1.302445769E0,-2.296039343E0,9.481039047E0,9.841659568E0
6.460726476E0,1.297657371E0,-2.293645144E0,9.473855972E0,9.833548173E0
6.462716710E0,1.295263171E0,-2.288856745E0,9.478644371E0,9.836730707E0
6.464706905E0,1.278503656E0,-2.291250944E0,9.488221169E0,9.844325443E0
6.466697335E0,1.278503656E0,-2.279279947E0,9.490615845E0,9.843854824E0
6.468688507E0,1.285686255E0,-2.264914751E0,9.497797966E0,9.848400590E0
6.470679327E0,1.273715258E0,-2.267308950E0,9.502586365E0,9.852014416E0
6.472669366E0,1.259350061E0,-2.264914751E0,9.502586365E0,9.849616694E0
6.474658858E0,1.244984865E0,-2.262520552E0,9.497797966E0,9.842619202E0
6.476648702E0,1.221042871E0,-2.257732153E0,9.488221169E0,9.829274699E0
6.478639093E0,1.206677675E0,-2.255337954E0,9.488221169E0,9.826950760E0
6.480628741E0,1.199495077E0,-2.262520552E0,9.476250648E0,9.816165954E0
6.482618194E0,1.192312479E0,-2.260126352E0,9.461885452E0,9.800870190E0
6.484607765E0,1.189918280E0,-2.260126352E0,9.445125580E0,9.784399515E0
6.486596788E0,1.199495077E0,-2.264914751E0,9.433155060E0,9.775123613E0
6.488586397E0,1.199495077E0,-2.264914751E0,9.423578262E0,9.765882169E0
6.490575968E0,1.201889277E0,-2.276885748E0,9.433155060E0,9.778198245E0
6.492565499E0,1.201889277E0,-2.272097349E0,9.423578262E0,9.767844771E0
6.494555577E0,1.194706678E0,-2.276885748E0,9.409213066E0,9.754220793E0
6.496545538E0,1.197100878E0,-2.274491549E0,9.409213066E0,9.753955753E0
6.498535108E0,1.199495077E0,-2.272097349E0,9.399636269E0,9.744453642E0
6.500524679E0,1.199495077E0,-2.276885748E0,9.392453194E0,9.738643342E0
6.502513819E0,1.197100878E0,-2.272097349E0,9.416395187E0,9.760326593E0
6.504503390E0,1.194706678E0,-2.269703150E0,9.416395187E0,9.759476152E0
6.506492804E0,1.204283476E0,-2.269703150E0,9.425971985E0,9.769892473E0
6.508482257E0,1.211466074E0,-2.262520552E0,9.437943459E0,9.780665929E0
6.510472608E0,1.213860273E0,-2.255337954E0,9.452308655E0,9.793168280E0
6.512462530E0,1.218648672E0,-2.250549555E0,9.449913979E0,9.790349947E0
6.514452687E0,1.223437071E0,-2.250549555E0,9.461885452E0,9.802502123E0
6.516442452E0,1.221042871E0,-2.238578558E0,9.466673851E0,9.804085549E0
6.518432296E0,1.218648672E0,-2.236184359E0,9.471462250E0,9.807865324E0
6.520422647E0,1.225831270E0,-2.238578558E0,9.461885452E0,9.800059825E0
6.522412491E0,1.235408068E0,-2.226607561E0,9.466673851E0,9.803159089E0
6.524401710E0,1.242590666E0,-2.229001760E0,9.481039047E0,9.818481646E0
6.526390890E0,1.249773264E0,-2.236184359E0,9.478644371E0,9.818714417E0
6.528381124E0,1.252167463E0,-2.240972757E0,9.469067574E0,9.810867595E0
6.530371437E0,1.261744261E0,-2.248155355E0,9.481039047E0,9.825288927E0
6.532361358E0,1.261744261E0,-2.245761156E0,9.478644371E0,9.822430497E0
6.534351905E0,1.264138460E0,-2.248155355E0,9.485827446E0,9.830217235E0
6.536342218E0,1.268926859E0,-2.248155355E0,9.485827446E0,9.830834156E0
6.538332804E0,1.290474772E0,-2.240972757E0,9.473855972E0,9.820449634E0
6.540323858E0,1.295263171E0,-2.243366957E0,9.483432770E0,9.830864615E0
6.542313546E0,1.297657371E0,-2.243366957E0,9.490615845E0,9.838109527E0
6.544303233E0,1.300051570E0,-2.255337954E0,9.481039047E0,9.831926809E0
6.546292687E0,1.316810966E0,-2.255337954E0,9.469067574E0,9.822615798E0
6.548282257E0,1.321599364E0,-2.269703150E0,9.476250648E0,9.833488883E0
6.550270655E0,1.321599364E0,-2.276885748E0,9.473855972E0,9.832841938E0
6.552258741E0,1.309628367E0,-2.276885748E0,9.466673851E0,9.824319262E0
6.554247921E0,1.314416766E0,-2.281674147E0,9.461885452E0,9.821456341E0
6.556237179E0,1.309628367E0,-2.276885748E0,9.459490776E0,9.817397869E0
6.558227413E0,1.302445769E0,-2.274491549E0,9.452308655E0,9.808966087E0
6.560216319E0,1.295263171E0,-2.276885748E0,9.445125580E0,9.801648464E0
6.562205851E0,1.278503656E0,-2.276885748E0,9.433155060E0,9.787910640E0
6.564196280E0,1.280897856E0,-2.274491549E0,9.418789864E0,9.773822876E0
6.566184796E0,1.271321058E0,-2.264914751E0,9.425971985E0,9.777271804E0
6.568174249E0,1.259350061E0,-2.267308950E0,9.423578262E0,9.773969497E0
6.570163937E0,1.249773264E0,-2.262520552E0,9.435548782E0,9.783175010E0
6.572152765E0,1.244984865E0,-2.260126352E0,9.447520256E0,9.793558977E0
6.574141788E0,1.233013868E0,-2.255337954E0,9.464279175E0,9.807112357E0
6.576130147E0,1.228225470E0,-2.243366957E0,9.497797966E0,9.836127252E0
6.578118937E0,1.218648672E0,-2.238578558E0,9.504981041E0,9.840782649E0
6.580108546E0,1.206677675E0,-2.233790159E0,9.509769440E0,9.842845335E0
6.582097296E0,1.213860273E0,-2.233790159E0,9.526528358E0,9.859919767E0
6.584085538E0,1.204283476E0,-2.238578558E0,9.528923035E0,9.862145144E0
6.586075421E0,1.194706678E0,-2.238578558E0,9.521739960E0,9.854039267E0
6.588065304E0,1.182735682E0,-2.236184359E0,9.502586365E0,9.833541163E0
6.590055343E0,1.187524080E0,-2.236184359E0,9.488221169E0,9.820238025E0
6.592045069E0,1.192312479E0,-2.221819162E0,9.490615845E0,9.819871616E0
6.594034522E0,1.197100878E0,-2.221819162E0,9.478644371E0,9.808885258E0
6.596024171E0,1.206677675E0,-2.212242365E0,9.471462250E0,9.800953241E0
6.598015147E0,1.211466074E0,-2.214636564E0,9.454702377E0,9.785890976E0
6.600005382E0,1.213860273E0,-2.214636564E0,9.447520256E0,9.779248993E0
6.601994718E0,1.228225470E0,-2.217030764E0,9.445125580E0,9.779271979E0
6.603983663E0,1.233013868E0,-2.219424963E0,9.423578262E0,9.759610527E0
6.605972921E0,1.242590666E0,-2.217030764E0,9.428366661E0,9.764904243E0
6.607961866E0,1.259350061E0,-2.229001760E0,9.430760384E0,9.772085388E0
6.609951046E0,1.276109457E0,-2.219424963E0,9.418789864E0,9.760527906E0
6.611939483E0,1.280897856E0,-2.224213362E0,9.402029991E0,9.746075741E0
6.613927726E0,1.302445769E0,-2.231395960E0,9.404424667E0,9.752881432E0
6.615917022E0,1.304839969E0,-2.231395960E0,9.399636269E0,9.748584372E0
6.617906515E0,1.312022567E0,-2.226607561E0,9.397241592E0,9.746144571E0
6.619895929E0,1.316810966E0,-2.236184359E0,9.394847870E0,9.746675233E0
6.621885616E0,1.319205165E0,-2.229001760E0,9.394847870E0,9.745353642E0
6.623875890E0,1.323993564E0,-2.236184359E0,9.399636269E0,9.752263400E0
6.625865929E0,1.319205165E0,-2.245761156E0,9.402029991E0,9.756121842E0
6.627855851E0,1.316810966E0,-2.245761156E0,9.425971985E0,9.778874278E0
6.629845577E0,1.321599364E0,-2.245761156E0,9.425971985E0,9.779520229E0
6.631834874E0,1.319205165E0,-2.245761156E0,9.425971985E0,9.779196966E0
6.633824093E0,1.319205165E0,-2.250549555E0,9.440337181E0,9.794143232E0
6.635813858E0,1.321599364E0,-2.248155355E0,9.464279175E0,9.816995858E0
6.637803507E0,1.316810966E0,-2.252943754E0,9.476250648E0,9.828991455E0
6.639793937E0,1.319205165E0,-2.243366957E0,9.495404243E0,9.845592888E0
6.641784913E0,1.323993564E0,-2.255337954E0,9.516951561E0,9.869745450E0
6.643774835E0,1.326387763E0,-2.248155355E0,9.524134636E0,9.875355566E0
6.645765108E0,1.316810966E0,-2.250549555E0,9.531316757E0,9.881546617E0
6.647755147E0,1.319205165E0,-2.252943754E0,9.528923035E0,9.880102835E0
6.649745382E0,1.323993564E0,-2.260126352E0,9.521739960E0,9.875457556E0
6.651735577E0,1.326387763E0,-2.267308950E0,9.524134636E0,9.879733546E0
6.653725382E0,1.319205165E0,-2.272097349E0,9.519346237E0,9.875256018E0
6.655715421E0,1.319205165E0,-2.269703150E0,9.519346237E0,9.874705436E0
6.657706124E0,1.316810966E0,-2.255337954E0,9.548076630E0,9.898803348E0
6.659695812E0,1.321599364E0,-2.257732153E0,9.552865028E0,9.904605474E0
6.661685499E0,1.321599364E0,-2.248155355E0,9.548076630E0,9.897807571E0
6.663675460E0,1.319205165E0,-2.252943754E0,9.509769440E0,9.861631337E0
6.665665499E0,1.309628367E0,-2.250549555E0,9.500192642E0,9.850571557E0
6.667655382E0,1.302445769E0,-2.245761156E0,9.509769440E0,9.857764602E0
6.669645694E0,1.302445769E0,-2.238578558E0,9.531316757E0,9.876922500E0
6.671635851E0,1.321599364E0,-2.236184359E0,9.641449928E0,9.985224188E0
6.673626046E0,1.328781962E0,-2.229001760E0,9.696516991E0,1.003775633E1
6.675615421E0,1.319205165E0,-2.231395960E0,9.684545517E0,1.002546019E1
6.677605851E0,1.297657371E0,-2.240972757E0,9.631873131E0,9.973908640E0
6.679596163E0,1.273715258E0,-2.236184359E0,9.562441826E0,9.902684723E0
6.681586280E0,1.278503656E0,-2.231395960E0,9.536105156E0,9.876791031E0
6.683577179E0,1.288080573E0,-2.229001760E0,9.502586365E0,9.845138294E0
6.685568858E0,1.283292055E0,-2.236184359E0,9.430760384E0,9.776840001E0
6.687559093E0,1.283292055E0,-2.243366957E0,9.390059471E0,9.739237684E0
6.689549210E0,1.307234168E0,-2.238578558E0,9.354146004E0,9.706706063E0
6.691539483E0,1.309628367E0,-2.229001760E0,9.344569206E0,9.695594307E0
6.693529757E0,1.309628367E0,-2.231395960E0,9.306262016E0,9.659232221E0
6.695520655E0,1.297657371E0,-2.245761156E0,9.282320023E0,9.637884769E0
6.697510616E0,1.285686255E0,-2.243366957E0,9.260771751E0,9.614966348E0
6.699500421E0,1.288080573E0,-2.252943754E0,9.222464561E0,9.580645057E0
6.701489835E0,1.276109457E0,-2.257732153E0,9.179368973E0,9.538690925E0
6.703479562E0,1.266532660E0,-2.262520552E0,9.160215378E0,9.520118171E0
6.705469093E0,1.252167463E0,-2.262520552E0,9.150638580E0,9.509001474E0
6.707458741E0,1.259350061E0,-2.252943754E0,9.153033257E0,9.509980859E0
6.709448585E0,1.266532660E0,-2.252943754E0,9.169792175E0,9.527064032E0
6.711439093E0,1.266532660E0,-2.269703150E0,9.229647636E0,9.588641867E0
6.713430382E0,1.261744261E0,-2.279279947E0,9.289502144E0,9.647899551E0
6.715420733E0,1.256955862E0,-2.286462545E0,9.339780807E0,9.697389058E0
6.717411397E0,1.254561663E0,-2.279279947E0,9.370905876E0,9.725375005E0
6.719402062E0,1.237802267E0,-2.288856745E0,9.428366661E0,9.780854643E0
6.721392960E0,1.237802267E0,-2.298433542E0,9.469067574E0,9.822331287E0
6.723383507E0,1.225831270E0,-2.305616140E0,9.493009567E0,9.845595905E0
6.725372374E0,1.221042871E0,-2.303221941E0,9.512163162E0,9.862911590E0
6.727362687E0,1.206677675E0,-2.291250944E0,9.497797966E0,9.844494304E0
6.729351905E0,1.189918280E0,-2.286462545E0,9.476250648E0,9.820546972E0
6.731342608E0,1.182735682E0,-2.281674147E0,9.476250648E0,9.818565423E0
6.733333155E0,1.177947283E0,-2.274491549E0,9.452308655E0,9.793212471E0
6.735323741E0,1.170764685E0,-2.264914751E0,9.442731857E0,9.780885119E0
6.737314757E0,1.163581967E0,-2.257732153E0,9.430760384E0,9.766806995E0
6.739305421E0,1.161187768E0,-2.248155355E0,9.428366661E0,9.762000688E0
6.741295343E0,1.161187768E0,-2.243366957E0,9.433155060E0,9.765524395E0
6.743285812E0,1.170764685E0,-2.245761156E0,9.423578262E0,9.757969071E0
6.745276788E0,1.189918280E0,-2.255337954E0,9.430760384E0,9.769426606E0
6.747267569E0,1.192312479E0,-2.252943754E0,9.428366661E0,9.766855303E0
6.749258194E0,1.201889277E0,-2.260126352E0,9.418789864E0,9.760446273E0
6.751247960E0,1.204283476E0,-2.262520552E0,9.418789864E0,9.761296043E0
6.753238194E0,1.213860273E0,-2.269703150E0,9.404424667E0,9.750292943E0
6.755227960E0,1.230619669E0,-2.276885748E0,9.394847870E0,9.744834528E0
6.757218976E0,1.233013868E0,-2.269703150E0,9.387664795E0,9.736535621E0
6.759208897E0,1.223437071E0,-2.267308950E0,9.378087997E0,9.725534568E0
6.761199366E0,1.223437071E0,-2.269703150E0,9.385271072E0,9.733019252E0
6.763190421E0,1.221042871E0,-2.262520552E0,9.392453194E0,9.737973194E0
6.765182296E0,1.221042871E0,-2.255337954E0,9.409213066E0,9.752475865E0
6.767173780E0,1.230619669E0,-2.243366957E0,9.425971985E0,9.767091068E0
6.769164093E0,1.230619669E0,-2.236184359E0,9.442731857E0,9.781622063E0
6.771154405E0,1.221042871E0,-2.243366957E0,9.454702377E0,9.793622315E0
6.773144015E0,1.218648672E0,-2.231395960E0,9.457097054E0,9.792901368E0
6.775133507E0,1.218648672E0,-2.229001760E0,9.466673851E0,9.801605340E0
6.777123624E0,1.206677675E0,-2.236184359E0,9.469067574E0,9.804072226E0
6.779114718E0,1.211466074E0,-2.229001760E0,9.473855972E0,9.807652414E0
6.781105147E0,1.204283476E0,-2.238578558E0,9.478644371E0,9.813573853E0
6.783096085E0,1.206677675E0,-2.238578558E0,9.469067574E0,9.804618589E0
6.785086593E0,1.216254473E0,-2.238578558E0,9.428366661E0,9.766504328E0
6.787076710E0,1.223437071E0,-2.233790159E0,9.433155060E0,9.770927854E0
6.789067569E0,1.228225470E0,-2.243366957E0,9.425971985E0,9.766789696E0
6.791058702E0,1.228225470E0,-2.245761156E0,9.418789864E0,9.760408981E0
6.793049444E0,1.228225470E0,-2.255337954E0,9.411606789E0,9.755687030E0
6.795040069E0,1.233013868E0,-2.252943754E0,9.423578262E0,9.767287547E0
6.797031515E0,1.235408068E0,-2.262520552E0,9.425971985E0,9.772112371E0
6.799022452E0,1.225831270E0,-2.257732153E0,9.435548782E0,9.779038685E0
6.801014171E0,1.225831270E0,-2.252943754E0,9.440337181E0,9.782555083E0
6.803005733E0,1.218648672E0,-2.252943754E0,9.452308655E0,9.793211886E0
6.804997062E0,1.211466074E0,-2.245761156E0,9.461885452E0,9.799916812E0
6.806988194E0,1.192312479E0,-2.250549555E0,9.476250648E0,9.812538341E0
6.808980147E0,1.187524080E0,-2.252943754E0,9.490615845E0,9.826380723E0
6.810972179E0,1.180341482E0,-2.250549555E0,9.512163162E0,9.845782211E0
6.812963937E0,1.175553083E0,-2.252943754E0,9.519346237E0,9.852696757E0
6.814954835E0,1.173158884E0,-2.260126352E0,9.521739960E0,9.856368741E0
6.816946241E0,1.187524080E0,-2.252943754E0,9.526528358E0,9.861070508E0
6.818938116E0,1.197100878E0,-2.260126352E0,9.524134636E0,9.861559826E0
6.820928585E0,1.199495077E0,-2.260126352E0,9.526528358E0,9.864162516E0
6.822919757E0,1.213860273E0,-2.257732153E0,9.531316757E0,9.869995459E0
6.824910694E0,1.221042871E0,-2.257732153E0,9.521739960E0,9.861634349E0
6.826900694E0,1.242590666E0,-2.260126352E0,9.497797966E0,9.841766554E0
6.828891280E0,1.256955862E0,-2.267308950E0,9.476250648E0,9.824456945E0
6.830881554E0,1.276109457E0,-2.274491549E0,9.459490776E0,9.812427472E0
6.832872022E0,1.290474772E0,-2.284068346E0,9.449913979E0,9.807301747E0
6.834862413E0,1.295263171E0,-2.291250944E0,9.437943459E0,9.798077071E0
6.836853038E0,1.309628367E0,-2.296039343E0,9.421183586E0,9.784969253E0
6.838843663E0,1.340752959E0,-2.303221941E0,9.404424667E0,9.774745681E0
6.840833976E0,1.352723956E0,-2.305616140E0,9.418789864E0,9.790777823E0
6.842823897E0,1.364694953E0,-2.298433542E0,9.414001465E0,9.786143911E0
6.844813272E0,1.367089152E0,-2.300827742E0,9.397241592E0,9.770920663E0
6.846802882E0,1.369483352E0,-2.303221941E0,9.397241592E0,9.771819969E0
6.848792101E0,1.369483352E0,-2.293645144E0,9.397241592E0,9.769567147E0
6.850782687E0,1.369483352E0,-2.284068346E0,9.404424667E0,9.774234302E0
6.852772647E0,1.369483352E0,-2.281674147E0,9.406818390E0,9.775978405E0
6.854762608E0,1.364694953E0,-2.272097349E0,9.414001465E0,9.779991936E0
6.856752882E0,1.359906554E0,-2.260126352E0,9.418789864E0,9.781161458E0
6.858742647E0,1.350329757E0,-2.255337954E0,9.416395187E0,9.776422559E0
6.860731944E0,1.335964561E0,-2.252943754E0,9.416395187E0,9.773896623E0
6.862722296E0,1.328781962E0,-2.274491549E0,9.416395187E0,9.777907324E0
6.864712022E0,1.319205165E0,-2.281674147E0,9.406818390E0,9.769061951E0
6.866700851E0,1.304839969E0,-2.286462545E0,9.409213066E0,9.770558266E0
6.868691046E0,1.295263171E0,-2.284068346E0,9.416395187E0,9.775641831E0
6.870681046E0,1.278503656E0,-2.274491549E0,9.430760384E0,9.785045979E0
6.872671046E0,1.266532660E0,-2.260126352E0,9.440337181E0,9.789394373E0
6.874661397E0,1.249773264E0,-2.248155355E0,9.476250648E0,9.819137542E0
6.876651710E0,1.242590666E0,-2.238578558E0,9.485827446E0,9.825283093E0
6.878641437E0,1.235408068E0,-2.236184359E0,9.490615845E0,9.828455763E0
6.880630772E0,1.249773264E0,-2.233790159E0,9.514557838E0,9.852845404E0
6.882619913E0,1.259350061E0,-2.221819162E0,9.524134636E0,9.860607665E0
6.884609327E0,1.266532660E0,-2.219424963E0,9.533711433E0,9.870238388E0
6.886598585E0,1.278503656E0,-2.209848166E0,9.562441826E0,9.897388251E0
6.888588116E0,1.285686255E0,-2.212242365E0,9.545681953E0,9.882664083E0
6.890577882E0,1.297657371E0,-2.209848166E0,9.538499832E0,9.876756685E0
6.892567491E0,1.302445769E0,-2.214636564E0,9.538499832E0,9.878459351E0
6.894556905E0,1.304839969E0,-2.219424963E0,9.536105156E0,9.877537955E0
6.896546983E0,1.309628367E0,-2.229001760E0,9.519346237E0,9.864153694E0
6.898537022E0,1.314416766E0,-2.255337954E0,9.485827446E0,9.838453286E0
6.900526866E0,1.321599364E0,-2.262520552E0,9.449913979E0,9.806451873E0
6.902516593E0,1.323993564E0,-2.276885748E0,9.425971985E0,9.787038139E0
6.904505030E0,1.338358760E0,-2.284068346E0,9.402029991E0,9.767616922E0
6.906494366E0,1.333570361E0,-2.288856745E0,9.387664795E0,9.754256784E0
6.908483897E0,1.340752959E0,-2.296039343E0,9.385271072E0,9.754625993E0
6.910473351E0,1.338358760E0,-2.288856745E0,9.380482674E0,9.748001055E0
6.912463272E0,1.352723956E0,-2.288856745E0,9.378087997E0,9.747679816E0
6.914452608E0,1.355118155E0,-2.288856745E0,9.373299599E0,9.743405759E0
6.916442647E0,1.352723956E0,-2.296039343E0,9.382876396E0,9.753974996E0
6.918433702E0,1.352723956E0,-2.298433542E0,9.397241592E0,9.768357508E0
6.920423819E0,1.347935557E0,-2.305616140E0,9.411606789E0,9.783206959E0
6.922413429E0,1.347935557E0,-2.308010340E0,9.421183586E0,9.792984334E0
6.924403702E0,1.345541358E0,-2.305616140E0,9.430760384E0,9.801305461E0
6.926392960E0,1.340752959E0,-2.300827742E0,9.435548782E0,9.804132171E0
6.928382296E0,1.350329757E0,-2.293645144E0,9.442731857E0,9.810677012E0
6.930371202E0,1.338358760E0,-2.293645144E0,9.457097054E0,9.822866022E0
6.932361671E0,1.340752959E0,-2.298433542E0,9.471462250E0,9.838140698E0
6.934351788E0,1.335964561E0,-2.300827742E0,9.483432770E0,9.849573935E0
6.936342101E0,1.333570361E0,-2.303221941E0,9.485827446E0,9.852114674E0
6.938333077E0,1.338358760E0,-2.286462545E0,9.461885452E0,9.825802331E0
6.940323624E0,1.340752959E0,-2.286462545E0,9.457097054E0,9.821517915E0
6.942314210E0,1.338358760E0,-2.272097349E0,9.461885452E0,9.822469488E0
6.944305343E0,1.333570361E0,-2.267308950E0,9.461885452E0,9.820711588E0
6.946296046E0,1.326387763E0,-2.269703150E0,9.452308655E0,9.811064967E0
6.948285655E0,1.333570361E0,-2.272097349E0,9.442731857E0,9.803367850E0
6.950274991E0,1.321599364E0,-2.276885748E0,9.445125580E0,9.805163477E0
6.952264835E0,1.314416766E0,-2.269703150E0,9.442731857E0,9.800225954E0
6.954254718E0,1.300051570E0,-2.274491549E0,9.442731857E0,9.799419923E0
6.956244913E0,1.292868972E0,-2.281674147E0,9.445125580E0,9.802445833E0
6.958234952E0,1.280897856E0,-2.279279947E0,9.466673851E0,9.821085999E0
6.960225030E0,1.271321058E0,-2.276885748E0,9.454702377E0,9.807745051E0
6.962216163E0,1.259350061E0,-2.286462545E0,9.440337181E0,9.794582158E0
6.964206085E0,1.249773264E0,-2.284068346E0,9.449913979E0,9.802029158E0
6.966196319E0,1.244984865E0,-2.279279947E0,9.447520256E0,9.797996907E0
6.968186476E0,1.247379065E0,-2.279279947E0,9.437943459E0,9.789067797E0
6.970176124E0,1.249773264E0,-2.284068346E0,9.418789864E0,9.772026602E0
6.972165694E0,1.254561663E0,-2.286462545E0,9.390059471E0,9.745514497E0
6.974155382E0,1.256955862E0,-2.286462545E0,9.373299599E0,9.729675965E0
6.976145733E0,1.266532660E0,-2.291250944E0,9.361329079E0,9.720515315E0
6.978136515E0,1.273715258E0,-2.296039343E0,9.356540680E0,9.717973077E0
6.980128194E0,1.283292055E0,-2.298433542E0,9.351752281E0,9.715189446E0
6.982118976E0,1.278503656E0,-2.303221941E0,9.339780807E0,9.704169642E0
6.984109405E0,1.280897856E0,-2.303221941E0,9.344569206E0,9.709093896E0
6.986099249E0,1.283292055E0,-2.298433542E0,9.354146004E0,9.717493643E0
6.988088937E0,1.283292055E0,-2.300827742E0,9.368511200E0,9.731888249E0
6.990078976E0,1.278503656E0,-2.300827742E0,9.378087997E0,9.740478139E0
6.992069366E0,1.268926859E0,-2.296039343E0,9.409213066E0,9.768073636E0
6.994059913E0,1.252167463E0,-2.286462545E0,9.425971985E0,9.779815038E0
6.996049562E0,1.242590666E0,-2.281674147E0,9.433155060E0,9.784399974E0
6.998039483E0,1.230619669E0,-2.279279947E0,9.442731857E0,9.791564062E0
7.000028546E0,1.216254473E0,-2.272097349E0,9.464279175E0,9.808887888E0
7.002019015E0,1.201889277E0,-2.252943754E0,9.481039047E0,9.818879509E0
7.004010382E0,1.192312479E0,-2.238578558E0,9.488221169E0,9.821363650E0
7.006001710E0,1.185129881E0,-2.233790159E0,9.504981041E0,9.835599417E0
7.007992179E0,1.165976286E0,-2.229001760E0,9.516951561E0,9.843795841E0
7.009982413E0,1.161187768E0,-2.221819162E0,9.509769440E0,9.834660758E0
7.011972413E0,1.163581967E0,-2.217030764E0,9.502586365E0,9.826916913E0
7.013962491E0,1.173158884E0,-2.209848166E0,9.512163162E0,9.835699198E0
7.015952413E0,1.170764685E0,-2.200271368E0,9.500192642E0,9.821687446E0
7.017942882E0,1.158793569E0,-2.202665567E0,9.488221169E0,9.809224183E0
7.019933624E0,1.163581967E0,-2.195482969E0,9.476250648E0,9.796601187E0
7.021924562E0,1.161187768E0,-2.195482969E0,9.471462250E0,9.791685230E0
7.023915616E0,1.165976286E0,-2.195482969E0,9.473855972E0,9.794569575E0
7.025905772E0,1.170764685E0,-2.197877169E0,9.481039047E0,9.802624925E0
7.027896124E0,1.177947283E0,-2.195482969E0,9.493009567E0,9.814526780E0
7.029887101E0,1.180341482E0,-2.195482969E0,9.493009567E0,9.814814421E0
7.031876632E0,1.182735682E0,-2.183511972E0,9.478644371E0,9.798534959E0
7.033866671E0,1.182735682E0,-2.197877169E0,9.471462250E0,9.794800911E0
7.035855812E0,1.187524080E0,-2.207453966E0,9.464279175E0,9.790589704E0
7.037845655E0,1.192312479E0,-2.212242365E0,9.445125580E0,9.773741482E0
7.039836397E0,1.189918280E0,-2.209848166E0,9.435548782E0,9.763652762E0
7.041825343E0,1.187524080E0,-2.207453966E0,9.433155060E0,9.760506177E0
7.043814054E0,1.180341482E0,-2.209848166E0,9.435548782E0,9.762490243E0
7.045802921E0,1.194706678E0,-2.217030764E0,9.433155060E0,9.763552829E0
7.047791944E0,1.192312479E0,-2.224213362E0,9.445125580E0,9.776458016E0
7.049780421E0,1.204283476E0,-2.233790159E0,9.440337181E0,9.775483786E0
7.051769327E0,1.201889277E0,-2.243366957E0,9.435548782E0,9.772758769E0
7.053759366E0,1.211466074E0,-2.240972757E0,9.430760384E0,9.768769132E0
7.055748858E0,1.221042871E0,-2.229001760E0,9.437943459E0,9.774158341E0
7.057738155E0,1.230619669E0,-2.229001760E0,9.442731857E0,9.779982543E0
7.059727882E0,1.235408068E0,-2.226607561E0,9.461885452E0,9.798535127E0
7.061716905E0,1.240196466E0,-2.238578558E0,9.454702377E0,9.794933296E0
7.063704991E0,1.256955862E0,-2.238578558E0,9.461885452E0,9.804001648E0
7.065693077E0,1.264138460E0,-2.243366957E0,9.473855972E0,9.817570388E0
7.067681554E0,1.271321058E0,-2.238578558E0,9.461885452E0,9.805853737E0
7.069670382E0,1.285686255E0,-2.233790159E0,9.449913979E0,9.795084575E0
7.071659640E0,1.292868972E0,-2.229001760E0,9.464279175E0,9.808799077E0
7.073648312E0,1.302445769E0,-2.224213362E0,9.461885452E0,9.806669484E0
7.075637921E0,1.307234168E0,-2.231395960E0,9.471462250E0,9.818176320E0
7.077627647E0,1.307234168E0,-2.226607561E0,9.490615845E0,9.835569710E0
7.079617491E0,1.304839969E0,-2.219424963E0,9.502586365E0,9.845181671E0
7.081607257E0,1.307234168E0,-2.214636564E0,9.504981041E0,9.846732497E0
7.083597530E0,1.302445769E0,-2.212242365E0,9.512163162E0,9.852493557E0
7.085588312E0,1.307234168E0,-2.219424963E0,9.507374763E0,9.850120975E0
7.087578116E0,1.302445769E0,-2.219424963E0,9.512163162E0,9.854108797E0
7.089567882E0,1.292868972E0,-2.207453966E0,9.519346237E0,9.857094703E0
7.091556397E0,1.288080573E0,-2.205059767E0,9.516951561E0,9.853618988E0
7.093545968E0,1.276109457E0,-2.197877169E0,9.524134636E0,9.857396206E0
7.095536046E0,1.273715258E0,-2.190694571E0,9.509769440E0,9.841605969E0
7.097525147E0,1.271321058E0,-2.188300371E0,9.500192642E0,9.831509344E0
7.099514444E0,1.268926859E0,-2.183511972E0,9.490615845E0,9.820880257E0
7.101504210E0,1.259350061E0,-2.193088770E0,9.485827446E0,9.817154540E0
7.103493663E0,1.256955862E0,-2.193088770E0,9.481039047E0,9.812220840E0
7.105483194E0,1.266532660E0,-2.195482969E0,9.485827446E0,9.818613588E0
7.107473038E0,1.268926859E0,-2.193088770E0,9.483432770E0,9.816074104E0
7.109462765E0,1.271321058E0,-2.207453966E0,9.469067574E0,9.805730516E0
7.111452608E0,1.261744261E0,-2.209848166E0,9.464279175E0,9.800408552E0
7.113442374E0,1.261744261E0,-2.207453966E0,9.469067574E0,9.804493475E0
7.115432608E0,1.261744261E0,-2.207453966E0,9.476250648E0,9.811430984E0
7.117422140E0,1.256955862E0,-2.209848166E0,9.473855972E0,9.809042458E0
7.119412452E0,1.254561663E0,-2.219424963E0,9.464279175E0,9.801650495E0
7.121402687E0,1.249773264E0,-2.231395960E0,9.469067574E0,9.808379165E0
7.123392101E0,1.249773264E0,-2.229001760E0,9.464279175E0,9.803211839E0
7.125381280E0,1.261744261E0,-2.233790159E0,9.464279175E0,9.805834863E0
7.127370421E0,1.261744261E0,-2.236184359E0,9.457097054E0,9.799449155E0
7.129359210E0,1.264138460E0,-2.243366957E0,9.447520256E0,9.792159125E0
7.131348507E0,1.273715258E0,-2.240972757E0,9.454702377E0,9.799780941E0
7.133337296E0,1.280897856E0,-2.233790159E0,9.442731857E0,9.787527917E0
7.135326437E0,1.278503656E0,-2.233790159E0,9.447520256E0,9.791834816E0
7.137315460E0,1.280897856E0,-2.231395960E0,9.442731857E0,9.786981770E0
7.139304913E0,1.288080573E0,-2.219424963E0,9.447520256E0,9.789823171E0
7.141294952E0,1.288080573E0,-2.217030764E0,9.459490776E0,9.800833776E0
7.143284366E0,1.278503656E0,-2.214636564E0,9.466673851E0,9.805972696E0
7.145274522E0,1.288080573E0,-2.205059767E0,9.481039047E0,9.818937904E0
7.147263585E0,1.297657371E0,-2.212242365E0,9.476250648E0,9.817191925E0
7.149252101E0,1.300051570E0,-2.214636564E0,9.473855972E0,9.815737169E0
7.151240616E0,1.300051570E0,-2.221819162E0,9.464279175E0,9.808118819E0
7.153229522E0,1.321599364E0,-2.226607561E0,9.459490776E0,9.807465108E0
7.155217647E0,1.328781962E0,-2.231395960E0,9.457097054E0,9.807215411E0
7.157206437E0,1.321599364E0,-2.240972757E0,9.461885452E0,9.813045403E0
7.159195069E0,1.328781962E0,-2.269703150E0,9.452308655E0,9.811388933E0
7.161184015E0,1.333570361E0,-2.272097349E0,9.433155060E0,9.794143692E0
7.163173116E0,1.343147159E0,-2.286462545E0,9.435548782E0,9.801098718E0
7.165162608E0,1.338358760E0,-2.291250944E0,9.433155060E0,9.799257596E0
7.167151944E0,1.340752959E0,-2.291250944E0,9.418789864E0,9.785757604E0
7.169141749E0,1.343147159E0,-2.300827742E0,9.414001465E0,9.783725066E0
7.171132140E0,1.340752959E0,-2.303221941E0,9.416395187E0,9.786263236E0
7.173122374E0,1.338358760E0,-2.308010340E0,9.423578262E0,9.793974840E0
7.175112022E0,1.326387763E0,-2.300827742E0,9.440337181E0,9.806787389E0
7.177102179E0,1.312022567E0,-2.281674147E0,9.452308655E0,9.811910060E0
7.179093038E0,1.309628367E0,-2.276885748E0,9.461885452E0,9.819705265E0
7.181083233E0,1.302445769E0,-2.281674147E0,9.483432770E0,9.840624929E0
7.183073429E0,1.302445769E0,-2.269703150E0,9.502586365E0,9.856321068E0
7.185062257E0,1.292868972E0,-2.269703150E0,9.502586365E0,9.855060131E0
7.187052296E0,1.292868972E0,-2.255337954E0,9.485827446E0,9.835597684E0
7.189042179E0,1.288080573E0,-2.260126352E0,9.478644371E0,9.829141458E0
7.191031671E0,1.283292055E0,-2.262520552E0,9.473855972E0,9.824448317E0
7.193020460E0,1.285686255E0,-2.248155355E0,9.454702377E0,9.802988763E0
7.195010147E0,1.288080573E0,-2.250549555E0,9.447520256E0,9.796926245E0
7.196999483E0,1.288080573E0,-2.238578558E0,9.445125580E0,9.791873301E0
7.198989679E0,1.288080573E0,-2.238578558E0,9.440337181E0,9.787254549E0
7.200978819E0,1.283292055E0,-2.236184359E0,9.411606789E0,9.758365710E0
7.202967804E0,1.271321058E0,-2.226607561E0,9.421183586E0,9.763848556E0
7.204956788E0,1.261744261E0,-2.226607561E0,9.423578262E0,9.764917157E0
7.206946827E0,1.264138460E0,-2.229001760E0,9.423578262E0,9.765772994E0
7.208936046E0,1.254561663E0,-2.205059767E0,9.425971985E0,9.761411855E0
7.210924991E0,1.249773264E0,-2.195482969E0,9.449913979E0,9.781766348E0
7.212914054E0,1.247379065E0,-2.197877169E0,9.454702377E0,9.786624322E0
7.214903233E0,1.237802267E0,-2.185906172E0,9.466673851E0,9.794297016E0
7.216892296E0,1.235408068E0,-2.188300371E0,9.464279175E0,9.792214862E0
7.218881515E0,1.233013868E0,-2.185906172E0,9.471462250E0,9.798321598E0
7.220871163E0,1.228225470E0,-2.169146776E0,9.483432770E0,9.805571510E0
7.222861241E0,1.223437071E0,-2.169146776E0,9.490615845E0,9.811920562E0
7.224851983E0,1.230619669E0,-2.173935175E0,9.493009567E0,9.816193232E0
7.226842296E0,1.225831270E0,-2.173935175E0,9.504981041E0,9.827172586E0
7.228832101E0,1.223437071E0,-2.169146776E0,9.507374763E0,9.828131608E0
7.230821358E0,1.223437071E0,-2.171540976E0,9.512163162E0,9.833292251E0
7.232811007E0,1.230619669E0,-2.173935175E0,9.512163162E0,9.834717431E0
7.234799718E0,1.252167463E0,-2.193088770E0,9.519346237E0,9.848630082E0
7.236789288E0,1.252167463E0,-2.195482969E0,9.524134636E0,9.853791625E0
7.238779210E0,1.254561663E0,-2.202665567E0,9.545681953E0,9.876522896E0
7.240769288E0,1.261744261E0,-2.224213362E0,9.586383820E0,9.921586486E0
7.242759327E0,1.271321058E0,-2.221819162E0,9.598354340E0,9.933838314E0
7.244749132E0,1.278503656E0,-2.231395960E0,9.627084732E0,9.964660555E0
7.246739718E0,1.276109457E0,-2.240972757E0,9.593565941E0,9.934129137E0
7.248729679E0,1.285686255E0,-2.248155355E0,9.572018623E0,9.916185364E0
7.250719054E0,1.300051570E0,-2.240972757E0,9.543288231E0,9.888702809E0
7.252708897E0,1.304839969E0,-2.260126352E0,9.538499832E0,9.889072632E0
7.254699483E0,1.316810966E0,-2.257732153E0,9.622296333E0,9.970954434E0
7.256688976E0,1.319205165E0,-2.262520552E0,9.648633003E0,9.997770769E0
7.258677999E0,1.290474772E0,-2.284068346E0,9.651026726E0,1.000123043E1
7.260667921E0,1.283292055E0,-2.276885748E0,9.622296333E0,9.970939471E0
7.262658429E0,1.312022567E0,-2.257732153E0,9.593565941E0,9.942598511E0
7.264648858E0,1.335964561E0,-2.262520552E0,9.586383820E0,9.939947449E0
7.266637882E0,1.335964561E0,-2.255337954E0,9.557653427E0,9.910604907E0
7.268626905E0,1.323993564E0,-2.260126352E0,9.485827446E0,9.840835961E0
7.270615851E0,1.316810966E0,-2.252943754E0,9.454702377E0,9.808218173E0
7.272605304E0,1.312022567E0,-2.245761156E0,9.437943459E0,9.789771351E0
7.274594054E0,1.302445769E0,-2.229001760E0,9.380482674E0,9.729248122E0
7.276582218E0,1.276109457E0,-2.221819162E0,9.330204010E0,9.675621045E0
7.278571554E0,1.242590666E0,-2.219424963E0,9.270348549E0,9.612972534E0
7.280559952E0,1.225831270E0,-2.226607561E0,9.244012833E0,9.587085938E0
7.282548780E0,1.213860273E0,-2.229001760E0,9.220070839E0,9.563033613E0
7.284538155E0,1.216254473E0,-2.221819162E0,9.191340446E0,9.533965310E0
7.286526593E0,1.213860273E0,-2.214636564E0,9.176975250E0,9.518137771E0
7.288515421E0,1.213860273E0,-2.219424963E0,9.155426979E0,9.498481305E0
7.290500937E0,1.223437071E0,-2.231395960E0,9.176975250E0,9.523276796E0
7.292493976E0,1.233013868E0,-2.243366957E0,9.217676163E0,9.566533978E0
7.294483585E0,1.249773264E0,-2.252943754E0,9.291896820E0,9.642460023E0
7.296472921E0,1.271321058E0,-2.257732153E0,9.368511200E0,9.720216757E0
7.298462179E0,1.280897856E0,-2.264914751E0,9.459490776E0,9.810836044E0
7.300451944E0,1.283292055E0,-2.274491549E0,9.500192642E0,9.852604252E0
7.302442218E0,1.283292055E0,-2.276885748E0,9.533711433E0,9.885479296E0
7.304432452E0,1.268926859E0,-2.272097349E0,9.576807022E0,9.924103711E0
7.306422140E0,1.271321058E0,-2.269703150E0,9.588777542E0,9.935414655E0
7.308411710E0,1.259350061E0,-2.243366957E0,9.574412346E0,9.914031957E0
7.310401632E0,1.244984865E0,-2.229001760E0,9.552865028E0,9.888157888E0
7.312391554E0,1.237802267E0,-2.212242365E0,9.512163162E0,9.844156579E0
7.314380812E0,1.221042871E0,-2.190694571E0,9.473855972E0,9.800205885E0
7.316370343E0,1.209071875E0,-2.188300371E0,9.459490776E0,9.784297576E0
7.318359952E0,1.211466074E0,-2.181117773E0,9.435548782E0,9.759841475E0
7.320349288E0,1.216254473E0,-2.171540976E0,9.421183586E0,9.744412005E0
7.322338233E0,1.216254473E0,-2.161964178E0,9.406818390E0,9.728391248E0
7.324327179E0,1.230619669E0,-2.164358377E0,9.416395187E0,9.739988207E0
7.326315772E0,1.249773264E0,-2.157175779E0,9.425971985E0,9.750091713E0
7.328304835E0,1.256955862E0,-2.157175779E0,9.457097054E0,9.781105769E0
7.330292569E0,1.259350061E0,-2.161964178E0,9.469067574E0,9.794043720E0
7.332281437E0,1.271321058E0,-2.176329374E0,9.509769440E0,9.838108638E0
7.334270733E0,1.278503656E0,-2.178723574E0,9.526528358E0,9.855767376E0
7.336260147E0,1.280897856E0,-2.176329374E0,9.548076630E0,9.876379711E0
7.338249796E0,1.283292055E0,-2.181117773E0,9.564835548E0,9.893947256E0
7.340238819E0,1.278503656E0,-2.185906172E0,9.564835548E0,9.894384087E0
7.342227608E0,1.283292055E0,-2.176329374E0,9.540893555E0,9.869746596E0
7.344216866E0,1.280897856E0,-2.173935175E0,9.526528358E0,9.855020854E0
7.346205382E0,1.273715258E0,-2.176329374E0,9.500192642E0,9.829161731E0
7.348194679E0,1.261744261E0,-2.178723574E0,9.483432770E0,9.811948435E0
7.350183741E0,1.252167463E0,-2.164358377E0,9.466673851E0,9.791337209E0
7.352172179E0,1.240196466E0,-2.176329374E0,9.454702377E0,9.780894328E0
7.354161046E0,1.237802267E0,-2.171540976E0,9.440337181E0,9.765639291E0
7.356150421E0,1.233013868E0,-2.164358377E0,9.449913979E0,9.772698941E0
7.358139874E0,1.233013868E0,-2.159569979E0,9.461885452E0,9.783217365E0
7.360128819E0,1.240196466E0,-2.176329374E0,9.461885452E0,9.787838021E0
7.362118937E0,1.240196466E0,-2.171540976E0,9.469067574E0,9.793718303E0
7.364107765E0,1.247379065E0,-2.181117773E0,9.473855972E0,9.801386446E0
7.366096983E0,1.249773264E0,-2.183511972E0,9.481039047E0,9.809167098E0
7.368086476E0,1.259350061E0,-2.195482969E0,9.478644371E0,9.810749572E0
7.370075772E0,1.252167463E0,-2.195482969E0,9.485827446E0,9.816770913E0
7.372064093E0,1.256955862E0,-2.200271368E0,9.488221169E0,9.820767438E0
7.374053038E0,1.264138460E0,-2.200271368E0,9.488221169E0,9.821689319E0
7.376042335E0,1.264138460E0,-2.214636564E0,9.497797966E0,9.834166328E0
7.378032608E0,1.276109457E0,-2.221819162E0,9.481039047E0,9.821152537E0
7.380022491E0,1.280897856E0,-2.231395960E0,9.490615845E0,9.833189531E0
7.382011593E0,1.288080573E0,-2.245761156E0,9.500192642E0,9.846636734E0
7.384000304E0,1.290474772E0,-2.257732153E0,9.495404243E0,9.845068885E0
7.385989874E0,1.300051570E0,-2.267308950E0,9.502586365E0,9.855453900E0
7.387978741E0,1.304839969E0,-2.272097349E0,9.495404243E0,9.850265756E0
7.389967413E0,1.314416766E0,-2.281674147E0,9.478644371E0,9.837602729E0
7.391956437E0,1.319205165E0,-2.284068346E0,9.512163162E0,9.871095101E0
7.393946671E0,1.357512355E0,-2.286462545E0,9.648633003E0,1.000834000E1
7.395936319E0,1.367089152E0,-2.291250944E0,9.686940193E0,1.004766510E1
7.397926202E0,1.345541358E0,-2.296039343E0,9.634267807E0,9.995068503E0
7.399916593E0,1.312022567E0,-2.303221941E0,9.564835548E0,9.925336951E0
7.401905851E0,1.307234168E0,-2.300827742E0,9.545681953E0,9.905690961E0
7.403894679E0,1.316810966E0,-2.279279947E0,9.545681953E0,9.901977184E0
7.405883351E0,1.321599364E0,-2.267308950E0,9.512163162E0,9.867551002E0
7.407872101E0,1.304839969E0,-2.267308950E0,9.457097054E0,9.812236335E0
7.409862140E0,1.292868972E0,-2.264914751E0,9.414001465E0,9.768560415E0
7.411850499E0,1.297657371E0,-2.252943754E0,9.390059471E0,9.743350917E0
7.413839757E0,1.297657371E0,-2.250549555E0,9.358934402E0,9.712802948E0
7.415829249E0,1.288080573E0,-2.248155355E0,9.334992409E0,9.687901596E0
7.417817921E0,1.280897856E0,-2.248155355E0,9.320627213E0,9.673106712E0
7.419806944E0,1.280897856E0,-2.257732153E0,9.277531624E0,9.633828254E0
7.421796085E0,1.264138460E0,-2.269703150E0,9.284713745E0,9.641343670E0
7.423785187E0,1.283292055E0,-2.257732153E0,9.272743225E0,9.629535809E0
7.425774015E0,1.316810966E0,-2.257732153E0,9.265560150E0,9.627146539E0
7.427763116E0,1.316810966E0,-2.264914751E0,9.258378029E0,9.621922556E0
7.429752569E0,1.316810966E0,-2.276885748E0,9.267954826E0,9.633960063E0
7.431741905E0,1.326387763E0,-2.279279947E0,9.277531624E0,9.645051301E0
7.433731437E0,1.347935557E0,-2.281674147E0,9.382876396E0,9.749940341E0
7.435719913E0,1.347935557E0,-2.269703150E0,9.416395187E0,9.779416188E0
7.437709288E0,1.321599364E0,-2.286462545E0,9.390059471E0,9.754370955E0
7.439698976E0,1.295263171E0,-2.281674147E0,9.354146004E0,9.715132066E0
7.441688507E0,1.280897856E0,-2.267308950E0,9.327810287E0,9.684494512E0
7.443679132E0,1.271321058E0,-2.272097349E0,9.306262016E0,9.663601622E0
7.445669288E0,1.256955862E0,-2.264914751E0,9.311050415E0,9.664648814E0
7.447660382E0,1.252167463E0,-2.252943754E0,9.327810287E0,9.677382067E0
7.449649796E0,1.247379065E0,-2.238578558E0,9.351752281E0,9.696517891E0
7.451639327E0,1.249773264E0,-2.221819162E0,9.378087997E0,9.718381969E0
7.453628116E0,1.252167463E0,-2.224213362E0,9.409213066E0,9.749273766E0
7.455617530E0,1.259350061E0,-2.229001760E0,9.437943459E0,9.779017750E0
7.457606905E0,1.256955862E0,-2.231395960E0,9.469067574E0,9.809296951E0
7.459596554E0,1.266532660E0,-2.243366957E0,9.478644371E0,9.822499651E0
7.461585812E0,1.271321058E0,-2.245761156E0,9.478644371E0,9.823665279E0
7.463575968E0,1.278503656E0,-2.252943754E0,9.476250648E0,9.823932691E0
7.465565733E0,1.276109457E0,-2.250549555E0,9.473855972E0,9.820762477E0
7.467554952E0,1.276109457E0,-2.250549555E0,9.452308655E0,9.799977936E0
7.469544444E0,1.283292055E0,-2.245761156E0,9.421183586E0,9.769799478E0
7.471533194E0,1.290474772E0,-2.233790159E0,9.409213066E0,9.756456023E0
7.473521671E0,1.273715258E0,-2.233790159E0,9.404424667E0,9.749634473E0
7.475510108E0,1.268926859E0,-2.236184359E0,9.399636269E0,9.744940115E0
7.477498038E0,1.261744261E0,-2.226607561E0,9.397241592E0,9.739503548E0
7.479486866E0,1.264138460E0,-2.219424963E0,9.402029991E0,9.742795347E0
7.481476007E0,1.256955862E0,-2.209848166E0,9.416395187E0,9.753556545E0
7.483465538E0,1.249773264E0,-2.195482969E0,9.414001465E0,9.747076601E0
7.485455968E0,1.242590666E0,-2.197877169E0,9.411606789E0,9.744384945E0
7.487445538E0,1.256955862E0,-2.200271368E0,9.425971985E0,9.760639323E0
7.489434679E0,1.254561663E0,-2.195482969E0,9.428366661E0,9.761565875E0
7.491424679E0,1.249773264E0,-2.190694571E0,9.430760384E0,9.762188142E0
7.493413780E0,1.237802267E0,-2.190694571E0,9.442731857E0,9.772230149E0
7.495401788E0,1.233013868E0,-2.202665567E0,9.447520256E0,9.778941548E0
7.497391085E0,1.225831270E0,-2.195482969E0,9.454702377E0,9.783363676E0
7.499379249E0,1.218648672E0,-2.205059767E0,9.447520256E0,9.777680305E0
7.501368468E0,1.216254473E0,-2.195482969E0,9.464279175E0,9.791424856E0
7.503357022E0,1.213860273E0,-2.195482969E0,9.469067574E0,9.795756374E0
7.505346007E0,1.211466074E0,-2.205059767E0,9.476250648E0,9.804553278E0
7.507335382E0,1.216254473E0,-2.212242365E0,9.478644371E0,9.809076936E0
7.509325929E0,1.218648672E0,-2.207453966E0,9.471462250E0,9.801354740E0
7.511315304E0,1.213860273E0,-2.212242365E0,9.464279175E0,9.794899353E0
7.513303429E0,1.213860273E0,-2.221819162E0,9.457097054E0,9.790128796E0
7.515292218E0,1.216254473E0,-2.229001760E0,9.469067574E0,9.803619969E0
7.517281085E0,1.211466074E0,-2.238578558E0,9.464279175E0,9.800584896E0
7.519269249E0,1.216254473E0,-2.245761156E0,9.449913979E0,9.788952565E0
7.521257999E0,1.209071875E0,-2.245761156E0,9.452308655E0,9.790374705E0
7.523247882E0,1.221042871E0,-2.255337954E0,9.447520256E0,9.789439921E0
7.525236905E0,1.218648672E0,-2.267308950E0,9.445125580E0,9.789596094E0
7.527225694E0,1.216254473E0,-2.262520552E0,9.435548782E0,9.778949586E0
7.529213937E0,1.216254473E0,-2.260126352E0,9.442731857E0,9.785327332E0
7.531202413E0,1.225831270E0,-2.252943754E0,9.459490776E0,9.801039925E0
7.533191007E0,1.228225470E0,-2.245761156E0,9.461885452E0,9.802002718E0
7.535179327E0,1.228225470E0,-2.248155355E0,9.461885452E0,9.802551536E0
7.537167452E0,1.233013868E0,-2.236184359E0,9.464279175E0,9.802725335E0
7.539155538E0,1.230619669E0,-2.236184359E0,9.449913979E0,9.788555535E0
7.541143585E0,1.235408068E0,-2.231395960E0,9.437943459E0,9.776509487E0
7.543131905E0,1.235408068E0,-2.221819162E0,9.445125580E0,9.781263247E0
7.545120343E0,1.237802267E0,-2.221819162E0,9.454702377E0,9.790813648E0
7.547108741E0,1.240196466E0,-2.224213362E0,9.454702377E0,9.791660196E0
7.549097179E0,1.247379065E0,-2.226607561E0,9.440337181E0,9.779248532E0
7.551085616E0,1.261744261E0,-2.224213362E0,9.440337181E0,9.780546496E0
7.553074444E0,1.268926859E0,-2.219424963E0,9.440337181E0,9.780387959E0
7.555062452E0,1.266532660E0,-2.226607561E0,9.445125580E0,9.786331459E0
7.557050851E0,1.259350061E0,-2.224213362E0,9.442731857E0,9.782549391E0
7.559039366E0,1.249773264E0,-2.214636564E0,9.437943459E0,9.774524288E0
7.561028351E0,1.240196466E0,-2.207453966E0,9.442731857E0,9.776304272E0
7.563016476E0,1.230619669E0,-2.209848166E0,9.449913979E0,9.782572662E0
7.565005265E0,1.223437071E0,-2.197877169E0,9.454702377E0,9.783601554E0
7.566995226E0,1.209071875E0,-2.205059767E0,9.452308655E0,9.781118662E0
7.568985147E0,1.201889277E0,-2.207453966E0,9.454702377E0,9.783086828E0
7.570975147E0,1.199495077E0,-2.200271368E0,9.471462250E0,9.797376163E0
7.572964132E0,1.189918280E0,-2.195482969E0,9.476250648E0,9.799764147E0
7.574953546E0,1.187524080E0,-2.185906172E0,9.488221169E0,9.808911264E0
7.576942921E0,1.185129881E0,-2.183511972E0,9.485827446E0,9.805772774E0
7.578932140E0,1.197100878E0,-2.176329374E0,9.490615845E0,9.810262441E0
7.580920812E0,1.194706678E0,-2.178723574E0,9.497797966E0,9.817450110E0
7.582909015E0,1.194706678E0,-2.176329374E0,9.500192642E0,9.819235909E0
7.584898272E0,1.204283476E0,-2.171540976E0,9.493009567E0,9.812396218E0
7.586887335E0,1.216254473E0,-2.159569979E0,9.483432770E0,9.801964830E0
7.588875890E0,1.216254473E0,-2.157175779E0,9.464279175E0,9.782906653E0
7.590864327E0,1.221042871E0,-2.161964178E0,9.452308655E0,9.772981823E0
7.592852960E0,1.237802267E0,-2.169146776E0,9.457097054E0,9.781310591E0
7.594841788E0,1.256955862E0,-2.181117773E0,9.447520256E0,9.777159698E0
7.596830694E0,1.264138460E0,-2.190694571E0,9.423578262E0,9.757100800E0
7.598819483E0,1.273715258E0,-2.188300371E0,9.409213066E0,9.743936555E0
7.600807843E0,1.288080573E0,-2.205059767E0,9.421183586E0,9.761154660E0
7.602796124E0,1.285686255E0,-2.219424963E0,9.423578262E0,9.766404844E0
7.604784718E0,1.285686255E0,-2.221819162E0,9.430760384E0,9.773879012E0
7.606773077E0,1.288080573E0,-2.229001760E0,9.435548782E0,9.780448928E0
7.608762569E0,1.300051570E0,-2.224213362E0,9.457097054E0,9.801731676E0
7.610752140E0,1.292868972E0,-2.224213362E0,9.461885452E0,9.805402163E0
7.612741827E0,1.307234168E0,-2.221819162E0,9.473855972E0,9.818313936E0
7.614729991E0,1.312022567E0,-2.217030764E0,9.469067574E0,9.813249683E0
7.616719132E0,1.309628367E0,-2.219424963E0,9.481039047E0,9.825022903E0
7.618708038E0,1.321599364E0,-2.224213362E0,9.473855972E0,9.820778836E0
7.620697726E0,1.323993564E0,-2.224213362E0,9.471462250E0,9.818792247E0
7.622686515E0,1.328781962E0,-2.231395960E0,9.478644371E0,9.827995144E0
7.624675304E0,1.328781962E0,-2.226607561E0,9.473855972E0,9.822290452E0
7.626664835E0,1.333570361E0,-2.219424963E0,9.459490776E0,9.807457510E0
7.628653351E0,1.347935557E0,-2.226607561E0,9.469067574E0,9.820282695E0
7.630643351E0,1.350329757E0,-2.221819162E0,9.461885452E0,9.812601447E0
7.632632140E0,1.343147159E0,-2.231395960E0,9.457097054E0,9.809172080E0
7.634622022E0,1.345541358E0,-2.233790159E0,9.457097054E0,9.810045092E0
7.636612179E0,1.345541358E0,-2.219424963E0,9.454702377E0,9.804474782E0
7.638602140E0,1.350329757E0,-2.219424963E0,9.469067574E0,9.818985606E0
7.640591788E0,1.335964561E0,-2.221819162E0,9.476250648E0,9.824490218E0
7.642581593E0,1.347935557E0,-2.219424963E0,9.481039047E0,9.830202381E0
7.644571397E0,1.343147159E0,-2.209848166E0,9.461885452E0,9.808911740E0
7.646561007E0,1.333570361E0,-2.207453966E0,9.469067574E0,9.813995294E0
7.648549913E0,1.333570361E0,-2.205059767E0,9.473855972E0,9.818077483E0
7.650539757E0,1.333570361E0,-2.197877169E0,9.478644371E0,9.821088182E0
7.652529366E0,1.331176162E0,-2.193088770E0,9.476250648E0,9.817382272E0
7.654518351E0,1.319205165E0,-2.178723574E0,9.478644371E0,9.814878389E0
7.656507843E0,1.316810966E0,-2.166752577E0,9.485827446E0,9.818845664E0
7.658496085E0,1.309628367E0,-2.154781580E0,9.493009567E0,9.822191240E0
7.660484444E0,1.309628367E0,-2.147598982E0,9.490615845E0,9.818304179E0
7.662473390E0,1.309628367E0,-2.142810583E0,9.490615845E0,9.817257905E0
7.664462647E0,1.302445769E0,-2.140416384E0,9.497797966E0,9.822724341E0
7.666450968E0,1.288080573E0,-2.135627985E0,9.514557838E0,9.835998643E0
7.668440538E0,1.283292055E0,-2.128445387E0,9.524134636E0,9.843081775E0
7.670429679E0,1.278503656E0,-2.118868589E0,9.516951561E0,9.833440024E0
7.672417608E0,1.278503656E0,-2.121262789E0,9.502586365E0,9.820054737E0
7.674406671E0,1.278503656E0,-2.114080191E0,9.516951561E0,9.832409352E0
7.676395460E0,1.271321058E0,-2.114080191E0,9.519346237E0,9.833796066E0
7.678384444E0,1.266532660E0,-2.114080191E0,9.526528358E0,9.840131229E0
7.680374562E0,1.276109457E0,-2.109291792E0,9.521739960E0,9.835705316E0
7.682363819E0,1.276109457E0,-2.097320795E0,9.516951561E0,9.828508375E0
7.684353624E0,1.280897856E0,-2.102109194E0,9.493009567E0,9.806976752E0
7.686342999E0,1.278503656E0,-2.106897593E0,9.488221169E0,9.803057177E0
7.688331241E0,1.290474772E0,-2.104503393E0,9.485827446E0,9.801794836E0
7.690319093E0,1.290474772E0,-2.097320795E0,9.485827446E0,9.800255200E0
7.692308546E0,1.288080573E0,-2.102109194E0,9.481039047E0,9.796331765E0
7.694298077E0,1.290474772E0,-2.099714994E0,9.481039047E0,9.796133401E0
7.696287062E0,1.283292055E0,-2.094926596E0,9.478644371E0,9.791846356E0
7.698277062E0,1.288080573E0,-2.087743998E0,9.488221169E0,9.800212625E0
7.700266437E0,1.285686255E0,-2.085349798E0,9.504981041E0,9.815617022E0
7.702255694E0,1.273715258E0,-2.092532396E0,9.507374763E0,9.817902896E0
7.704244991E0,1.273715258E0,-2.097320795E0,9.509769440E0,9.821243296E0
7.706235069E0,1.264138460E0,-2.097320795E0,9.512163162E0,9.822323991E0
7.708225694E0,1.252167463E0,-2.099714994E0,9.507374763E0,9.816664470E0
7.710214874E0,1.237802267E0,-2.114080191E0,9.500192642E0,9.810970887E0
7.712204288E0,1.228225470E0,-2.116474390E0,9.483432770E0,9.794054255E0
7.714192999E0,1.233013868E0,-2.116474390E0,9.514557838E0,9.824795057E0
7.716181319E0,1.228225470E0,-2.126051188E0,9.509769440E0,9.821626457E0
7.718170030E0,1.218648672E0,-2.126051188E0,9.493009567E0,9.804204653E0
7.720158858E0,1.216254473E0,-2.135627985E0,9.483432770E0,9.796717763E0
7.722147647E0,1.216254473E0,-2.138022184E0,9.485827446E0,9.799557956E0
7.724136241E0,1.211466074E0,-2.140416384E0,9.483432770E0,9.797169461E0
7.726125460E0,1.218648672E0,-2.142810583E0,9.478644371E0,9.793949198E0
7.728115851E0,1.223437071E0,-2.152387381E0,9.471462250E0,9.789696974E0
7.730105968E0,1.228225470E0,-2.161964178E0,9.464279175E0,9.785458968E0
7.732095968E0,1.230619669E0,-2.159569979E0,9.454702377E0,9.775968714E0
7.734086046E0,1.237802267E0,-2.169146776E0,9.440337181E0,9.765107182E0
7.736076280E0,1.233013868E0,-2.169146776E0,9.435548782E0,9.759872016E0
7.738066163E0,1.237802267E0,-2.164358377E0,9.440337181E0,9.764044640E0
7.740055968E0,1.247379065E0,-2.176329374E0,9.428366661E0,9.756354953E0
7.742044757E0,1.252167463E0,-2.173935175E0,9.437943459E0,9.765689644E0
7.744033272E0,1.261744261E0,-2.190694571E0,9.418789864E0,9.752166107E0
7.746022062E0,1.264138460E0,-2.195482969E0,9.416395187E0,9.751240426E0
7.748011437E0,1.266532660E0,-2.195482969E0,9.406818390E0,9.742303766E0
7.750000187E0,1.273715258E0,-2.193088770E0,9.402029991E0,9.738077678E0
7.751988624E0,1.280897856E0,-2.205059767E0,9.397241592E0,9.737101080E0
7.753977140E0,1.285686255E0,-2.207453966E0,9.399636269E0,9.740585411E0
7.755964913E0,1.288080573E0,-2.219424963E0,9.399636269E0,9.743621540E0
7.757953351E0,1.297657371E0,-2.217030764E0,9.402029991E0,9.746656248E0
7.759941749E0,1.307234168E0,-2.221819162E0,9.402029991E0,9.749026080E0
7.761930304E0,1.309628367E0,-2.226607561E0,9.409213066E0,9.757366357E0
7.763920265E0,1.309628367E0,-2.245761156E0,9.406818390E0,9.759446800E0
7.765908897E0,1.307234168E0,-2.255337954E0,9.409213066E0,9.763641789E0
7.767898351E0,1.321599364E0,-2.250549555E0,9.418789864E0,9.773699436E0
7.769887413E0,1.323993564E0,-2.250549555E0,9.433155060E0,9.787867318E0
7.771877257E0,1.319205165E0,-2.252943754E0,9.442731857E0,9.797001723E0
7.773866827E0,1.316810966E0,-2.240972757E0,9.437943459E0,9.789316970E0
7.775856866E0,1.319205165E0,-2.240972757E0,9.435548782E0,9.787330688E0
7.777845694E0,1.326387763E0,-2.245761156E0,9.433155060E0,9.787091603E0
7.779834132E0,1.321599364E0,-2.248155355E0,9.428366661E0,9.782378304E0
7.781822296E0,1.302445769E0,-2.248155355E0,9.433155060E0,9.784425475E0
7.783811671E0,1.285686255E0,-2.243366957E0,9.440337181E0,9.788036092E0
7.785800772E0,1.276109457E0,-2.233790159E0,9.452308655E0,9.796142747E0
7.787790265E0,1.256955862E0,-2.233790159E0,9.452308655E0,9.793666087E0
7.789779132E0,1.233013868E0,-2.217030764E0,9.459490776E0,9.793748738E0
7.791768507E0,1.213860273E0,-2.217030764E0,9.459490776E0,9.791355775E0
7.793758077E0,1.209071875E0,-2.214636564E0,9.469067574E0,9.799475018E0
7.795746944E0,1.187524080E0,-2.217030764E0,9.493009567E0,9.820522873E0
7.797735499E0,1.168370485E0,-2.212242365E0,9.490615845E0,9.814830359E0
7.799723507E0,1.156399369E0,-2.202665567E0,9.469067574E0,9.790415508E0
7.801712569E0,1.144428372E0,-2.200271368E0,9.461885452E0,9.781522719E0
7.803700499E0,1.132457376E0,-2.195482969E0,9.461885452E0,9.779053200E0
7.805688858E0,1.115697980E0,-2.183511972E0,9.461885452E0,9.774445397E0
7.807677140E0,1.113303781E0,-2.193088770E0,9.466673851E0,9.780950744E0
7.809665968E0,1.118092179E0,-2.193088770E0,9.464279175E0,9.779179351E0
7.811654874E0,1.118092179E0,-2.188300371E0,9.461885452E0,9.775789735E0
7.813644405E0,1.122880578E0,-2.181117773E0,9.466673851E0,9.779368555E0
7.815633116E0,1.122880578E0,-2.190694571E0,9.473855972E0,9.788460067E0
7.817622374E0,1.127668977E0,-2.190694571E0,9.473855972E0,9.789010522E0
7.819611710E0,1.127668977E0,-2.173935175E0,9.464279175E0,9.776001829E0
7.821601476E0,1.127668977E0,-2.185906172E0,9.473855972E0,9.787940033E0
7.823590460E0,1.125274777E0,-2.185906172E0,9.469067574E0,9.783029686E0
7.825579327E0,1.132457376E0,-2.190694571E0,9.452308655E0,9.768712367E0
7.827569015E0,1.154005170E0,-2.193088770E0,9.437943459E0,9.757875948E0
7.829557921E0,1.175553083E0,-2.200271368E0,9.435548782E0,9.759748971E0
7.831546671E0,1.185129881E0,-2.200271368E0,9.421183586E0,9.747021447E0
7.833536437E0,1.192312479E0,-2.202665567E0,9.406818390E0,9.734555813E0
7.835526437E0,1.211466074E0,-2.197877169E0,9.416395187E0,9.745091709E0
7.837515929E0,1.223437071E0,-2.202665567E0,9.414001465E0,9.745355686E0
7.839505851E0,1.242590666E0,-2.205059767E0,9.428366661E0,9.762193300E0
7.841494679E0,1.247379065E0,-2.202665567E0,9.428366661E0,9.762263468E0
7.843483663E0,1.261744261E0,-2.207453966E0,9.449913979E0,9.785996413E0
7.845472882E0,1.266532660E0,-2.209848166E0,9.464279175E0,9.801026181E0
7.847461749E0,1.271321058E0,-2.209848166E0,9.483432770E0,9.820141712E0
7.849452179E0,1.280897856E0,-2.217030764E0,9.488221169E0,9.827627672E0
7.851441866E0,1.283292055E0,-2.217030764E0,9.488221169E0,9.827940010E0
7.853431866E0,1.290474772E0,-2.214636564E0,9.493009567E0,9.832963485E0
7.855422960E0,1.309628367E0,-2.217030764E0,9.507374763E0,9.849899835E0
7.857414288E0,1.323993564E0,-2.214636564E0,9.495404243E0,9.839729458E0
7.859405655E0,1.338358760E0,-2.205059767E0,9.447520256E0,9.793320772E0
7.861396241E0,1.338358760E0,-2.207453966E0,9.425971985E0,9.773075516E0
7.863387179E0,1.331176162E0,-2.205059767E0,9.404424667E0,9.750770322E0
7.865377960E0,1.331176162E0,-2.202665567E0,9.390059471E0,9.736374194E0
7.867368233E0,1.335964561E0,-2.205059767E0,9.392453194E0,9.739880229E0
7.869357569E0,1.345541358E0,-2.197877169E0,9.402029991E0,9.748810879E0
7.871346983E0,1.345541358E0,-2.195482969E0,9.402029991E0,9.748271384E0
7.873336710E0,1.357512355E0,-2.173935175E0,9.421183586E0,9.763582032E0
7.875325616E0,1.352723956E0,-2.178723574E0,9.433155060E0,9.775536450E0
7.877315499E0,1.347935557E0,-2.164358377E0,9.473855972E0,9.810979790E0
7.879304522E0,1.335964561E0,-2.169146776E0,9.502586365E0,9.838147522E0
7.881293312E0,1.323993564E0,-2.166752577E0,9.507374763E0,9.840627550E0
7.883282218E0,1.309628367E0,-2.164358377E0,9.533711433E0,9.863631549E0
7.885271280E0,1.300051570E0,-2.154781580E0,9.543288231E0,9.869527243E0
7.887260030E0,1.268926859E0,-2.154781580E0,9.540893555E0,9.863159172E0
7.889249601E0,1.266532660E0,-2.159569979E0,9.533711433E0,9.856951921E0
7.891239288E0,1.249773264E0,-2.166752577E0,9.538499832E0,9.861020687E0
7.893229327E0,1.247379065E0,-2.157175779E0,9.512163162E0,9.833138354E0
7.895219601E0,1.247379065E0,-2.159569979E0,9.512163162E0,9.833663867E0
7.897209366E0,1.252167463E0,-2.161964178E0,9.493009567E0,9.816274401E0
7.899198819E0,1.252167463E0,-2.176329374E0,9.476250648E0,9.803247383E0
7.901188663E0,1.237802267E0,-2.173935175E0,9.476250648E0,9.800891539E0
7.903178077E0,1.235408068E0,-2.173935175E0,9.464279175E0,9.789014636E0
7.905167569E0,1.221042871E0,-2.166752577E0,9.478644371E0,9.799513332E0
7.907157647E0,1.211466074E0,-2.164358377E0,9.488221169E0,9.807060629E0
7.909147062E0,1.201889277E0,-2.152387381E0,9.509769440E0,9.824104237E0
7.911135655E0,1.199495077E0,-2.149993181E0,9.516951561E0,9.830240390E0
7.913124796E0,1.189918280E0,-2.159569979E0,9.521739960E0,9.835811093E0
7.915113351E0,1.185129881E0,-2.161964178E0,9.533711433E0,9.847348660E0
7.917102452E0,1.180341482E0,-2.166752577E0,9.538499832E0,9.852461712E0
7.919091554E0,1.165976286E0,-2.176329374E0,9.533711433E0,9.848226436E0
7.921080265E0,1.161187768E0,-2.183511972E0,9.514557838E0,9.830711695E0
7.923069444E0,1.156399369E0,-2.188300371E0,9.483432770E0,9.801092547E0
7.925058116E0,1.154005170E0,-2.190694571E0,9.469067574E0,9.787446620E0
7.927046593E0,1.156399369E0,-2.200271368E0,9.449913979E0,9.771352404E0
7.929036241E0,1.168370485E0,-2.195482969E0,9.435548782E0,9.757807945E0
7.931026905E0,1.180341482E0,-2.197877169E0,9.428366661E0,9.752844096E0
7.933015851E0,1.187524080E0,-2.185906172E0,9.411606789E0,9.734821086E0
7.935003741E0,1.206677675E0,-2.185906172E0,9.416395187E0,9.741804511E0
7.936991593E0,1.209071875E0,-2.176329374E0,9.433155060E0,9.756161065E0
7.938979679E0,1.213860273E0,-2.173935175E0,9.437943459E0,9.760851788E0
7.940968507E0,1.221042871E0,-2.171540976E0,9.445125580E0,9.768159147E0
7.942956632E0,1.225831270E0,-2.171540976E0,9.454702377E0,9.778018693E0
7.944945772E0,1.242590666E0,-2.157175779E0,9.461885452E0,9.783900818E0
7.946934601E0,1.244984865E0,-2.157175779E0,9.483432770E0,9.805044200E0
7.948923468E0,1.249773264E0,-2.157175779E0,9.497797966E0,9.819547177E0
7.950911671E0,1.240196466E0,-2.152387381E0,9.497797966E0,9.817281951E0
7.952900069E0,1.242590666E0,-2.138022184E0,9.493009567E0,9.809811470E0
7.954888233E0,1.242590666E0,-2.135627985E0,9.504981041E0,9.820875880E0
7.956876671E0,1.247379065E0,-2.133233786E0,9.514557838E0,9.830231522E0
7.958866280E0,1.244984865E0,-2.118868589E0,9.531316757E0,9.843047828E0
7.960854562E0,1.259350061E0,-2.123656988E0,9.543288231E0,9.857496226E0
7.962843077E0,1.264138460E0,-2.128445387E0,9.528923035E0,9.845237428E0
7.964831944E0,1.264138460E0,-2.130839586E0,9.548076630E0,9.864293726E0
7.966820616E0,1.283292055E0,-2.138022184E0,9.521739960E0,9.842840506E0
7.968808546E0,1.288080573E0,-2.147598982E0,9.521739960E0,9.845550508E0
7.970798429E0,1.304839969E0,-2.161964178E0,9.502586365E0,9.832387506E0
7.972788116E0,1.312022567E0,-2.171540976E0,9.478644371E0,9.812323503E0
7.974777804E0,1.319205165E0,-2.188300371E0,9.449913979E0,9.789271423E0
7.976766593E0,1.328781962E0,-2.202665567E0,9.430760384E0,9.775307592E0
7.978755577E0,1.333570361E0,-2.217030764E0,9.423578262E0,9.772280316E0
7.980744601E0,1.323993564E0,-2.219424963E0,9.430760384E0,9.778448115E0
7.982733038E0,1.326387763E0,-2.221819162E0,9.433155060E0,9.781625594E0
7.984722062E0,1.316810966E0,-2.207453966E0,9.433155060E0,9.777078220E0
7.986711007E0,1.314416766E0,-2.202665567E0,9.457097054E0,9.798781134E0
7.988699679E0,1.300051570E0,-2.178723574E0,9.469067574E0,9.803071519E0
7.990688155E0,1.276109457E0,-2.173935175E0,9.481039047E0,9.810430720E0
7.992676788E0,1.271321058E0,-2.164358377E0,9.514557838E0,9.840097321E0
7.994665460E0,1.261744261E0,-2.164358377E0,9.528923035E0,9.852756973E0
7.996654913E0,1.261744261E0,-2.166752577E0,9.526528358E0,9.850967357E0
7.998644132E0,1.264138460E0,-2.178723574E0,9.526528358E0,9.853914198E0
8.000633819E0,1.249773264E0,-2.181117773E0,9.526528358E0,9.852611355E0
8.002623585E0,1.256955862E0,-2.183511972E0,9.526528358E0,9.854055264E0
8.004613155E0,1.273715258E0,-2.185906172E0,9.507374763E0,9.838227038E0
8.006602999E0,1.276109457E0,-2.178723574E0,9.473855972E0,9.804551940E0
8.008594171E0,1.283292055E0,-2.178723574E0,9.476250648E0,9.807803080E0
8.010584327E0,1.290474772E0,-2.193088770E0,9.469067574E0,9.805009138E0
8.012573585E0,1.297657371E0,-2.202665567E0,9.459490776E0,9.798857892E0
8.014562179E0,1.297657371E0,-2.209848166E0,9.447520256E0,9.788921419E0
8.016551671E0,1.292868972E0,-2.214636564E0,9.440337181E0,9.782437906E0
8.018541554E0,1.290474772E0,-2.217030764E0,9.440337181E0,9.782664087E0
8.020530890E0,1.285686255E0,-2.217030764E0,9.449913979E0,9.791276156E0
8.022521202E0,1.288080573E0,-2.212242365E0,9.483432770E0,9.822864396E0
8.024510147E0,1.276109457E0,-2.205059767E0,9.495404243E0,9.831248429E0
8.026499640E0,1.273715258E0,-2.200271368E0,9.493009567E0,9.827551846E0
8.028489757E0,1.261744261E0,-2.188300371E0,9.490615845E0,9.821020630E0
8.030479718E0,1.247379065E0,-2.178723574E0,9.490615845E0,9.817055569E0
8.032468897E0,1.240196466E0,-2.178723574E0,9.490615845E0,9.816145516E0
8.034458780E0,1.221042871E0,-2.157175779E0,9.483432770E0,9.802032959E0
8.036448741E0,1.211466074E0,-2.149993181E0,9.466673851E0,9.783048325E0
8.038437608E0,1.211466074E0,-2.142810583E0,9.461885452E0,9.776838116E0
8.040426593E0,1.209071875E0,-2.145204782E0,9.461885452E0,9.777066772E0
8.042416358E0,1.206677675E0,-2.140416384E0,9.454702377E0,9.768769132E0
8.044405460E0,1.201889277E0,-2.135627985E0,9.445125580E0,9.757860521E0
8.046394640E0,1.209071875E0,-2.128445387E0,9.461885452E0,9.773403239E0
8.048384522E0,1.204283476E0,-2.135627985E0,9.454702377E0,9.767425588E0
8.050374015E0,1.209071875E0,-2.152387381E0,9.459490776E0,9.776328144E0
8.052363272E0,1.204283476E0,-2.154781580E0,9.476250648E0,9.792482254E0
8.054351241E0,1.197100878E0,-2.154781580E0,9.476250648E0,9.791601530E0
8.056339952E0,1.189918280E0,-2.149993181E0,9.481039047E0,9.794308429E0
8.058327608E0,1.192312479E0,-2.154781580E0,9.481039047E0,9.795651797E0
8.060316085E0,1.187524080E0,-2.152387381E0,9.476250648E0,9.789908643E0
8.062305108E0,1.180341482E0,-2.149993181E0,9.500192642E0,9.811693887E0
8.064295187E0,1.168370485E0,-2.142810583E0,9.521739960E0,9.829560450E0
8.066286280E0,1.158793569E0,-2.135627985E0,9.521739960E0,9.826863248E0
8.068276983E0,1.158793569E0,-2.140416384E0,9.536105156E0,9.841823326E0
8.070266319E0,1.156399369E0,-2.140416384E0,9.538499832E0,9.843862090E0
8.072256163E0,1.144428372E0,-2.118868589E0,9.545681953E0,9.844763296E0
8.074245421E0,1.142034173E0,-2.118868589E0,9.543288231E0,9.842164214E0
8.076234601E0,1.144428372E0,-2.121262789E0,9.540893555E0,9.840636257E0
8.078223976E0,1.154005170E0,-2.121262789E0,9.514557838E0,9.816226088E0
8.080213585E0,1.163581967E0,-2.133233786E0,9.500192642E0,9.806032308E0
8.082203897E0,1.177947283E0,-2.140416384E0,9.481039047E0,9.790763173E0
8.084193858E0,1.187524080E0,-2.152387381E0,9.466673851E0,9.780638971E0
8.086182452E0,1.194706678E0,-2.161964178E0,9.454702377E0,9.772042274E0
8.088171163E0,1.209071875E0,-2.169146776E0,9.457097054E0,9.777716360E0
8.090160265E0,1.223437071E0,-2.183511972E0,9.471462250E0,9.796587158E0
8.092148976E0,1.230619669E0,-2.188300371E0,9.471462250E0,9.798555018E0
8.094138077E0,1.235408068E0,-2.205059767E0,9.461885452E0,9.793661112E0
8.096127452E0,1.230619669E0,-2.212242365E0,9.481039047E0,9.813182076E0
8.098116358E0,1.230619669E0,-2.217030764E0,9.483432770E0,9.816575130E0
8.100105538E0,1.235408068E0,-2.212242365E0,9.481039047E0,9.813783714E0
8.102093937E0,1.228225470E0,-2.212242365E0,9.485827446E0,9.817508667E0
8.104082530E0,1.213860273E0,-2.214636564E0,9.485827446E0,9.816261723E0
8.106072257E0,1.218648672E0,-2.224213362E0,9.481039047E0,9.814394076E0
8.108060577E0,1.221042871E0,-2.219424963E0,9.493009567E0,9.825172950E0
8.110049366E0,1.228225470E0,-2.224213362E0,9.490615845E0,9.824838523E0
8.112039054E0,1.235408068E0,-2.224213362E0,9.490615845E0,9.825739020E0
8.114026437E0,1.237802267E0,-2.231395960E0,9.483432770E0,9.820732126E0
8.116014562E0,1.256955862E0,-2.231395960E0,9.473855972E0,9.813919347E0
8.118003351E0,1.271321058E0,-2.236184359E0,9.457097054E0,9.800686833E0
8.119992452E0,1.290474772E0,-2.238578558E0,9.449913979E0,9.796807301E0
8.121981944E0,1.300051570E0,-2.236184359E0,9.435548782E0,9.783671877E0
8.123970890E0,1.314416766E0,-2.240972757E0,9.425971985E0,9.777453564E0
8.125960265E0,1.319205165E0,-2.248155355E0,9.411606789E0,9.765902268E0
8.127949288E0,1.319205165E0,-2.243366957E0,9.406818390E0,9.760185951E0
8.129938429E0,1.314416766E0,-2.248155355E0,9.390059471E0,9.744491306E0
8.131927687E0,1.321599364E0,-2.248155355E0,9.394847870E0,9.750076609E0
8.133916905E0,1.309628367E0,-2.245761156E0,9.392453194E0,9.745601399E0
8.135905265E0,1.300051570E0,-2.243366957E0,9.392453194E0,9.743767566E0
8.137893897E0,1.300051570E0,-2.229001760E0,9.390059471E0,9.738162034E0
8.139882647E0,1.290474772E0,-2.224213362E0,9.414001465E0,9.758886914E0
8.141871124E0,1.285686255E0,-2.221819162E0,9.430760384E0,9.773879012E0
8.143860890E0,1.273715258E0,-2.209848166E0,9.440337181E0,9.778841729E0
8.145848468E0,1.268926859E0,-2.205059767E0,9.447520256E0,9.784073944E0
8.147836827E0,1.271321058E0,-2.193088770E0,9.449913979E0,9.784005815E0
8.149825304E0,1.268926859E0,-2.188300371E0,9.461885452E0,9.794187572E0
8.151814483E0,1.271321058E0,-2.178723574E0,9.464279175E0,9.794675796E0
8.153803194E0,1.268926859E0,-2.171540976E0,9.452308655E0,9.781201587E0
8.155792374E0,1.259350061E0,-2.169146776E0,9.447520256E0,9.774804310E0
8.157782022E0,1.259350061E0,-2.166752577E0,9.440337181E0,9.767330516E0
8.159771905E0,1.264138460E0,-2.161964178E0,9.447520256E0,9.773831088E0
8.161761046E0,1.259350061E0,-2.152387381E0,9.447520256E0,9.771098864E0
8.163750538E0,1.247379065E0,-2.147598982E0,9.449913979E0,9.770824434E0
8.165739288E0,1.244984865E0,-2.135627985E0,9.461885452E0,9.779477006E0
8.167727882E0,1.225831270E0,-2.138022184E0,9.483432770E0,9.798433460E0
8.169717101E0,1.223437071E0,-2.130839586E0,9.502586365E0,9.815111982E0
8.171705733E0,1.218648672E0,-2.123656988E0,9.507374763E0,9.817596370E0
8.173694522E0,1.204283476E0,-2.118868589E0,9.519346237E0,9.826385682E0
8.175682491E0,1.194706678E0,-2.118868589E0,9.519346237E0,9.825216584E0
8.177670655E0,1.197100878E0,-2.126051188E0,9.521739960E0,9.829378211E0
8.179658819E0,1.189918280E0,-2.126051188E0,9.526528358E0,9.833145058E0
8.181647882E0,1.175553083E0,-2.128445387E0,9.521739960E0,9.827295492E0
8.183637491E0,1.177947283E0,-2.121262789E0,9.519346237E0,9.823709503E0
8.185626749E0,1.182735682E0,-2.126051188E0,9.509769440E0,9.816041572E0
8.187616319E0,1.185129881E0,-2.135627985E0,9.502586365E0,9.811451847E0
8.189605226E0,1.189918280E0,-2.140416384E0,9.507374763E0,9.817711684E0
8.191593507E0,1.192312479E0,-2.138022184E0,9.514557838E0,9.824436817E0
8.193582999E0,1.177947283E0,-2.149993181E0,9.516951561E0,9.827634379E0
8.195572179E0,1.180341482E0,-2.147598982E0,9.519346237E0,9.829717198E0
8.197561280E0,1.187524080E0,-2.154781580E0,9.519346237E0,9.832153878E0
8.199550108E0,1.182735682E0,-2.161964178E0,9.521739960E0,9.835470739E0
8.201538937E0,1.177947283E0,-2.159569979E0,9.514557838E0,9.827416403E0
8.203529093E0,1.187524080E0,-2.166752577E0,9.507374763E0,9.823197293E0
8.205518468E0,1.189918280E0,-2.171540976E0,9.502586365E0,9.819910557E0
8.207507335E0,1.194706678E0,-2.173935175E0,9.500192642E0,9.818705537E0
8.209495812E0,1.201889277E0,-2.181117773E0,9.466673851E0,9.788755098E0
8.211484483E0,1.201889277E0,-2.190694571E0,9.461885452E0,9.786263682E0
8.213473077E0,1.218648672E0,-2.193088770E0,9.461885452E0,9.788872215E0
8.215462804E0,1.218648672E0,-2.190694571E0,9.461885452E0,9.788336100E0
8.217452140E0,1.216254473E0,-2.195482969E0,9.459490776E0,9.786796522E0
8.219441866E0,1.216254473E0,-2.185906172E0,9.461885452E0,9.786967715E0
8.221432101E0,1.213860273E0,-2.185906172E0,9.481039047E0,9.805189645E0
8.223422374E0,1.223437071E0,-2.185906172E0,9.478644371E0,9.804064625E0
8.225412413E0,1.216254473E0,-2.171540976E0,9.483432770E0,9.804609235E0
8.227401671E0,1.211466074E0,-2.166752577E0,9.495404243E0,9.814538630E0
8.229390851E0,1.209071875E0,-2.159569979E0,9.497797966E0,9.814976490E0
8.231381046E0,1.218648672E0,-2.171540976E0,9.490615845E0,9.811854254E0
8.233370851E0,1.211466074E0,-2.169146776E0,9.488221169E0,9.808118511E0
8.235360187E0,1.221042871E0,-2.171540976E0,9.488221169E0,9.809835720E0
8.237349054E0,1.228225470E0,-2.188300371E0,9.478644371E0,9.805197368E0
8.239337960E0,1.225831270E0,-2.183511972E0,9.471462250E0,9.796886443E0
8.241327452E0,1.233013868E0,-2.183511972E0,9.483432770E0,9.809360062E0
8.243316124E0,1.235408068E0,-2.181117773E0,9.488221169E0,9.813758137E0
8.245305929E0,1.240196466E0,-2.197877169E0,9.481039047E0,9.811159602E0
8.247295421E0,1.247379065E0,-2.200271368E0,9.483432770E0,9.814919547E0
8.249284444E0,1.256955862E0,-2.195482969E0,9.478644371E0,9.810442529E0
8.251273077E0,1.261744261E0,-2.197877169E0,9.478644371E0,9.811593232E0
8.253262101E0,1.264138460E0,-2.185906172E0,9.485827446E0,9.816167998E0
8.255251085E0,1.256955862E0,-2.183511972E0,9.473855972E0,9.803142841E0
8.257240421E0,1.259350061E0,-2.185906172E0,9.466673851E0,9.797043542E0
8.259229288E0,1.256955862E0,-2.183511972E0,9.466673851E0,9.796202140E0
8.261218233E0,1.256955862E0,-2.185906172E0,9.464279175E0,9.794422093E0
8.263205616E0,1.249773264E0,-2.185906172E0,9.464279175E0,9.793502913E0
8.265193858E0,1.247379065E0,-2.200271368E0,9.473855972E0,9.805666505E0
8.267183351E0,1.247379065E0,-2.202665567E0,9.454702377E0,9.787700812E0
8.269173116E0,1.264138460E0,-2.214636564E0,9.461885452E0,9.799486592E0
8.271162882E0,1.268926859E0,-2.240972757E0,9.445125580E0,9.789919892E0
8.273152101E0,1.278503656E0,-2.250549555E0,9.435548782E0,9.784126211E0
8.275141397E0,1.292868972E0,-2.272097349E0,9.409213066E0,9.765614526E0
8.277131319E0,1.288080573E0,-2.286462545E0,9.402029991E0,9.761415394E0
8.279120851E0,1.302445769E0,-2.303221941E0,9.385271072E0,9.751128622E0
8.281110499E0,1.304839969E0,-2.317587137E0,9.373299599E0,9.743334278E0
8.283099132E0,1.307234168E0,-2.317587137E0,9.373299599E0,9.743655201E0
8.285088937E0,1.309628367E0,-2.334346771E0,9.366117477E0,9.741070676E0
8.287077218E0,1.309628367E0,-2.331952572E0,9.366117477E0,9.740497208E0
8.289066358E0,1.300051570E0,-2.327163935E0,9.380482674E0,9.751886036E0
8.291055304E0,1.290474772E0,-2.329558372E0,9.387664795E0,9.758094981E0
8.293043741E0,1.278503656E0,-2.324769735E0,9.394847870E0,9.762289302E0
8.295031983E0,1.271321058E0,-2.322375536E0,9.399636269E0,9.765390281E0
8.297021358E0,1.268926859E0,-2.305616140E0,9.406818390E0,9.768023003E0
8.299009991E0,1.261744261E0,-2.291250944E0,9.418789864E0,9.775245877E0
8.300998702E0,1.247379065E0,-2.274491549E0,9.423578262E0,9.774103212E0
8.302986710E0,1.242590666E0,-2.274491549E0,9.428366661E0,9.778110311E0
8.304974835E0,1.240196466E0,-2.257732153E0,9.435548782E0,9.780849788E0
8.306963038E0,1.233013868E0,-2.248155355E0,9.437943459E0,9.780046136E0
8.308952335E0,1.230619669E0,-2.236184359E0,9.440337181E0,9.779310372E0
8.310941124E0,1.233013868E0,-2.231395960E0,9.440337181E0,9.778518151E0
8.312929718E0,1.237802267E0,-2.229001760E0,9.430760384E0,9.769331846E0
8.314919171E0,1.240196466E0,-2.231395960E0,9.445125580E0,9.784048877E0
8.316908077E0,1.242590666E0,-2.233790159E0,9.452308655E0,9.791832767E0
8.318897999E0,1.242590666E0,-2.219424963E0,9.449913979E0,9.786253263E0
8.320888116E0,1.237802267E0,-2.221819162E0,9.461885452E0,9.797750311E0
8.322877569E0,1.237802267E0,-2.221819162E0,9.469067574E0,9.804686408E0
8.324866554E0,1.240196466E0,-2.219424963E0,9.471462250E0,9.806759485E0
8.326855421E0,1.228225470E0,-2.217030764E0,9.478644371E0,9.811649317E0
8.328844991E0,1.218648672E0,-2.229001760E0,9.466673851E0,9.801605340E0
8.330835304E0,1.213860273E0,-2.224213362E0,9.461885452E0,9.795297757E0
8.332825108E0,1.213860273E0,-2.226607561E0,9.466673851E0,9.800466917E0
8.334815108E0,1.201889277E0,-2.224213362E0,9.471462250E0,9.803074011E0
8.336804405E0,1.199495077E0,-2.219424963E0,9.476250648E0,9.806322550E0
8.338793624E0,1.197100878E0,-2.224213362E0,9.478644371E0,9.809427848E0
8.340782101E0,1.192312479E0,-2.219424963E0,9.464279175E0,9.793877501E0
8.342770929E0,1.189918280E0,-2.219424963E0,9.471462250E0,9.800528038E0
8.344759679E0,1.187524080E0,-2.219424963E0,9.469067574E0,9.797923317E0
8.346748429E0,1.177947283E0,-2.221819162E0,9.473855972E0,9.801937930E0
8.348737491E0,1.175553083E0,-2.221819162E0,9.483432770E0,9.810907325E0
8.350725538E0,1.182735682E0,-2.212242365E0,9.473855972E0,9.800348308E0
8.352714288E0,1.187524080E0,-2.214636564E0,9.464279175E0,9.792211643E0
8.354702960E0,1.197100878E0,-2.219424963E0,9.466673851E0,9.796775565E0
8.356691280E0,1.204283476E0,-2.231395960E0,9.464279175E0,9.798061386E0
8.358679913E0,1.206677675E0,-2.238578558E0,9.464279175E0,9.799994146E0
8.360668312E0,1.211466074E0,-2.243366957E0,9.471462250E0,9.808615728E0
8.362656905E0,1.228225470E0,-2.252943754E0,9.469067574E0,9.810582759E0
8.364645460E0,1.223437071E0,-2.272097349E0,9.466673851E0,9.812091440E0
8.366634679E0,1.237802267E0,-2.279279947E0,9.457097054E0,9.806322257E0
8.368623194E0,1.244984865E0,-2.279279947E0,9.459490776E0,9.809539751E0
8.370612804E0,1.254561663E0,-2.281674147E0,9.457097054E0,9.809008439E0
8.372601476E0,1.264138460E0,-2.288856745E0,9.445125580E0,9.800372874E0
8.374590460E0,1.264138460E0,-2.286462545E0,9.440337181E0,9.795198983E0
8.376579952E0,1.256955862E0,-2.279279947E0,9.428366661E0,9.781060935E0
8.378568585E0,1.247379065E0,-2.281674147E0,9.406818390E0,9.759622107E0
8.380557335E0,1.256955862E0,-2.272097349E0,9.414001465E0,9.765540844E0
8.382546241E0,1.252167463E0,-2.260126352E0,9.421183586E0,9.769073377E0
8.384534835E0,1.247379065E0,-2.236184359E0,9.433155060E0,9.774502003E0
8.386523155E0,1.240196466E0,-2.221819162E0,9.445125580E0,9.781869192E0
8.388512374E0,1.242590666E0,-2.217030764E0,9.447520256E0,9.783398998E0
8.390501866E0,1.228225470E0,-2.219424963E0,9.449913979E0,9.784439645E0
8.392491007E0,1.237802267E0,-2.205059767E0,9.459490776E0,9.791649951E0
8.394480772E0,1.237802267E0,-2.205059767E0,9.464279175E0,9.796275993E0
8.396470343E0,1.230619669E0,-2.197877169E0,9.457097054E0,9.786816311E0
8.398459757E0,1.221042871E0,-2.190694571E0,9.459490776E0,9.786319744E0
8.400448858E0,1.218648672E0,-2.185906172E0,9.457097054E0,9.782636406E0
8.402438233E0,1.216254473E0,-2.183511972E0,9.452308655E0,9.777174356E0
8.404427765E0,1.216254473E0,-2.185906172E0,9.454702377E0,9.780023404E0
8.406418116E0,1.211466074E0,-2.190694571E0,9.464279175E0,9.789758580E0
8.408406827E0,1.213860273E0,-2.176329374E0,9.449913979E0,9.772959660E0
8.410395968E0,1.209071875E0,-2.178723574E0,9.452308655E0,9.775215093E0
8.412385226E0,1.201889277E0,-2.176329374E0,9.469067574E0,9.790004499E0
8.414374444E0,1.187524080E0,-2.176329374E0,9.466673851E0,9.785935662E0
8.416363897E0,1.177947283E0,-2.166752577E0,9.457097054E0,9.773385351E0
8.418354288E0,1.175553083E0,-2.169146776E0,9.457097054E0,9.773628163E0
8.420344952E0,1.170764685E0,-2.161964178E0,9.473855972E0,9.787682363E0
8.422335147E0,1.161187768E0,-2.161964178E0,9.481039047E0,9.793495165E0
8.424324796E0,1.149216771E0,-2.159569979E0,9.490615845E0,9.800828067E0
8.426314601E0,1.144428372E0,-2.149993181E0,9.516951561E0,9.823673142E0
8.428303780E0,1.137245774E0,-2.149993181E0,9.526528358E0,9.832117839E0
8.430292413E0,1.139639974E0,-2.149993181E0,9.536105156E0,9.841674222E0
8.432281007E0,1.139639974E0,-2.154781580E0,9.531316757E0,9.838082235E0
8.434269874E0,1.146822572E0,-2.159569979E0,9.514557838E0,9.823734288E0
8.436259054E0,1.149216771E0,-2.157175779E0,9.512163162E0,9.821168696E0
8.438248390E0,1.151610970E0,-2.171540976E0,9.500192642E0,9.813024930E0
8.440238312E0,1.151610970E0,-2.171540976E0,9.473855972E0,9.787530078E0
8.442227882E0,1.163581967E0,-2.185906172E0,9.440337181E0,9.759716947E0
8.444216437E0,1.163581967E0,-2.193088770E0,9.416395187E0,9.738175377E0
8.446205226E0,1.170764685E0,-2.193088770E0,9.414001465E0,9.736721824E0
8.448193272E0,1.177947283E0,-2.200271368E0,9.406818390E0,9.732265210E0
8.450182765E0,1.189918280E0,-2.197877169E0,9.394847870E0,9.721611804E0
8.452171983E0,1.187524080E0,-2.207453966E0,9.399636269E0,9.728115359E0
8.454161944E0,1.197100878E0,-2.212242365E0,9.418789864E0,9.748880412E0
8.456151866E0,1.197100878E0,-2.212242365E0,9.428366661E0,9.758133258E0
8.458141085E0,1.194706678E0,-2.214636564E0,9.440337181E0,9.769949092E0
8.460130460E0,1.182735682E0,-2.209848166E0,9.461885452E0,9.788236252E0
8.462119991E0,1.185129881E0,-2.214636564E0,9.466673851E0,9.794236149E0
8.464108663E0,1.180341482E0,-2.212242365E0,9.504981041E0,9.830151926E0
8.466098429E0,1.175553083E0,-2.212242365E0,9.521739960E0,9.845784539E0
8.468087257E0,1.173158884E0,-2.202665567E0,9.533711433E0,9.854932322E0
8.470077022E0,1.177947283E0,-2.197877169E0,9.548076630E0,9.868332745E0
8.472066397E0,1.177947283E0,-2.188300371E0,9.536105156E0,9.854619214E0
8.474055187E0,1.185129881E0,-2.183511972E0,9.507374763E0,9.826618557E0
8.476044366E0,1.189918280E0,-2.178723574E0,9.507374763E0,9.826134378E0
8.478033351E0,1.206677675E0,-2.183511972E0,9.504981041E0,9.826925264E0
8.480022413E0,1.206677675E0,-2.190694571E0,9.485827446E0,9.810001837E0
8.482011554E0,1.223437071E0,-2.193088770E0,9.457097054E0,9.784841404E0
8.484001866E0,1.240196466E0,-2.197877169E0,9.445125580E0,9.776458896E0
8.485991397E0,1.244984865E0,-2.205059767E0,9.447520256E0,9.780997642E0
8.487980538E0,1.254561663E0,-2.202665567E0,9.435548782E0,9.770119825E0
8.489969718E0,1.256955862E0,-2.205059767E0,9.435548782E0,9.770967579E0
8.491959093E0,1.261744261E0,-2.202665567E0,9.437943459E0,9.773357197E0
8.493947804E0,1.256955862E0,-2.197877169E0,9.461885452E0,9.794788328E0
8.495936944E0,1.254561663E0,-2.193088770E0,9.488221169E0,9.818854529E0
8.497926593E0,1.247379065E0,-2.190694571E0,9.516951561E0,9.845174668E0
8.499914835E0,1.247379065E0,-2.188300371E0,9.528923035E0,9.856215666E0
8.501904288E0,1.233013868E0,-2.193088770E0,9.548076630E0,9.873992550E0
8.503893155E0,1.230619669E0,-2.195482969E0,9.555258751E0,9.881170985E0
8.505881632E0,1.230619669E0,-2.195482969E0,9.550470352E0,9.876540598E0
8.507869757E0,1.233013868E0,-2.200271368E0,9.540893555E0,9.868645658E0
8.509858663E0,1.235408068E0,-2.197877169E0,9.521739960E0,9.849894873E0
8.511848429E0,1.249773264E0,-2.197877169E0,9.502586365E0,9.833196066E0
8.513838819E0,1.266532660E0,-2.200271368E0,9.481039047E0,9.815059882E0
8.515827452E0,1.280897856E0,-2.202665567E0,9.449913979E0,9.787405638E0
8.517816671E0,1.288080573E0,-2.214636564E0,9.435548782E0,9.777185050E0
8.519806476E0,1.288080573E0,-2.224213362E0,9.423578262E0,9.767809576E0
8.521797179E0,1.314416766E0,-2.231395960E0,9.402029991E0,9.752178593E0
8.523787022E0,1.328781962E0,-2.224213362E0,9.397241592E0,9.747868286E0
8.525775304E0,1.340752959E0,-2.236184359E0,9.399636269E0,9.754552833E0
8.527763468E0,1.340752959E0,-2.243366957E0,9.397241592E0,9.753894778E0
8.529752296E0,1.343147159E0,-2.243366957E0,9.409213066E0,9.765758041E0
8.531740733E0,1.331176162E0,-2.245761156E0,9.423578262E0,9.778512178E0
8.533729640E0,1.323993564E0,-2.243366957E0,9.435548782E0,9.788525685E0
8.535719249E0,1.309628367E0,-2.257732153E0,9.447520256E0,9.801434585E0
8.537709171E0,1.295263171E0,-2.252943754E0,9.466673851E0,9.816892382E0
8.539698390E0,1.268926859E0,-2.255337954E0,9.483432770E0,9.830168959E0
8.541687218E0,1.249773264E0,-2.245761156E0,9.485827446E0,9.827832860E0
8.543676280E0,1.235408068E0,-2.243366957E0,9.485827446E0,9.825469492E0
8.545665616E0,1.218648672E0,-2.231395960E0,9.493009567E0,9.827586843E0
8.547655460E0,1.213860273E0,-2.221819162E0,9.493009567E0,9.824824059E0
8.549644718E0,1.216254473E0,-2.221819162E0,9.471462250E0,9.804302753E0
8.551633780E0,1.201889277E0,-2.219424963E0,9.461885452E0,9.792735129E0
8.553622726E0,1.199495077E0,-2.219424963E0,9.454702377E0,9.785501145E0
8.555611241E0,1.209071875E0,-2.202665567E0,9.464279175E0,9.792148421E0
8.557599991E0,1.211466074E0,-2.193088770E0,9.449913979E0,9.776408472E0
8.559588663E0,1.209071875E0,-2.195482969E0,9.440337181E0,9.767393018E0
8.561577804E0,1.218648672E0,-2.195482969E0,9.433155060E0,9.761642507E0
8.563567257E0,1.223437071E0,-2.202665567E0,9.435548782E0,9.766171957E0
8.565557022E0,1.225831270E0,-2.200271368E0,9.452308655E0,9.782126318E0
8.567547022E0,1.218648672E0,-2.207453966E0,9.449913979E0,9.780533309E0
8.569536397E0,1.209071875E0,-2.212242365E0,9.449913979E0,9.780426641E0
8.571526007E0,1.211466074E0,-2.209848166E0,9.435548782E0,9.766302258E0
8.573515421E0,1.211466074E0,-2.219424963E0,9.442731857E0,9.775412121E0
8.575504913E0,1.199495077E0,-2.221819162E0,9.442731857E0,9.774479718E0
8.577493858E0,1.187524080E0,-2.226607561E0,9.442731857E0,9.774107612E0
8.579483624E0,1.168370485E0,-2.231395960E0,9.461885452E0,9.791398972E0
8.581473937E0,1.144428372E0,-2.226607561E0,9.464279175E0,9.789794575E0
8.583463858E0,1.134851575E0,-2.224213362E0,9.459490776E0,9.783505451E0
8.585453351E0,1.132457376E0,-2.231395960E0,9.459490776E0,9.784863483E0
8.587443312E0,1.137245774E0,-2.226607561E0,9.464279175E0,9.788957528E0
8.589433976E0,1.137245774E0,-2.221819162E0,9.478644371E0,9.801760426E0
8.591424874E0,1.139639974E0,-2.224213362E0,9.481039047E0,9.804897030E0
8.593415304E0,1.142034173E0,-2.217030764E0,9.485827446E0,9.808179739E0
8.595406241E0,1.142034173E0,-2.219424963E0,9.485827446E0,9.808721199E0
8.597396007E0,1.139639974E0,-2.219424963E0,9.493009567E0,9.815388789E0
8.599385655E0,1.144428372E0,-2.221819162E0,9.493009567E0,9.816487525E0
8.601375343E0,1.158793569E0,-2.219424963E0,9.476250648E0,9.801427246E0
8.603365694E0,1.170764685E0,-2.224213362E0,9.461885452E0,9.790050630E0
8.605356280E0,1.180341482E0,-2.229001760E0,9.447520256E0,9.778409577E0
8.607346358E0,1.180341482E0,-2.229001760E0,9.435548782E0,9.766843691E0
8.609337687E0,1.194706678E0,-2.238578558E0,9.430760384E0,9.766155816E0
8.611329171E0,1.201889277E0,-2.250549555E0,9.430760384E0,9.769787743E0
8.613319679E0,1.223437071E0,-2.262520552E0,9.418789864E0,9.763677586E0
8.615309757E0,1.230619669E0,-2.276885748E0,9.430760384E0,9.779461892E0
8.617300694E0,1.240196466E0,-2.276885748E0,9.447520256E0,9.796832905E0
8.619292140E0,1.225831270E0,-2.279279947E0,9.449913979E0,9.797890262E0
8.621283194E0,1.221042871E0,-2.276885748E0,9.457097054E0,9.803664574E0
8.623273233E0,1.216254473E0,-2.274491549E0,9.469067574E0,9.814062740E0
8.625263077E0,1.209071875E0,-2.281674147E0,9.471462250E0,9.817152788E0
8.627253546E0,1.199495077E0,-2.274491549E0,9.488221169E0,9.830485298E0
8.629244015E0,1.197100878E0,-2.272097349E0,9.488221169E0,9.829639760E0
8.631234093E0,1.189918280E0,-2.260126352E0,9.481039047E0,9.819072159E0
8.633224757E0,1.185129881E0,-2.250549555E0,9.493009567E0,9.827855146E0
8.635215499E0,1.187524080E0,-2.231395960E0,9.476250648E0,9.807582155E0
8.637205577E0,1.185129881E0,-2.224213362E0,9.473855972E0,9.803346617E0
8.639196554E0,1.182735682E0,-2.221819162E0,9.454702377E0,9.784004350E0
8.641187179E0,1.185129881E0,-2.212242365E0,9.433155060E0,9.761299273E0
8.643177569E0,1.185129881E0,-2.205059767E0,9.430760384E0,9.757359419E0
8.645168624E0,1.187524080E0,-2.190694571E0,9.416395187E0,9.740526396E0
8.647158976E0,1.185129881E0,-2.183511972E0,9.409213066E0,9.731677548E0
8.649149288E0,1.194706678E0,-2.188300371E0,9.406818390E0,9.731609054E0
8.651138546E0,1.197100878E0,-2.188300371E0,9.399636269E0,9.724961234E0
8.653128077E0,1.201889277E0,-2.188300371E0,9.402029991E0,9.727865352E0
8.655117960E0,1.206677675E0,-2.164358377E0,9.411606789E0,9.732361509E0
8.657108819E0,1.209071875E0,-2.157175779E0,9.425971985E0,9.744958184E0
8.659100108E0,1.201889277E0,-2.152387381E0,9.440337181E0,9.756909109E0
8.661090421E0,1.197100878E0,-2.152387381E0,9.459490776E0,9.774854868E0
8.663080187E0,1.189918280E0,-2.130839586E0,9.461885452E0,9.771574037E0
8.665070499E0,1.187524080E0,-2.130839586E0,9.469067574E0,9.778237648E0
8.667061007E0,1.189918280E0,-2.123656988E0,9.507374763E0,9.814071500E0
8.669050772E0,1.187524080E0,-2.121262789E0,9.524134636E0,9.829502013E0
8.671041046E0,1.175553083E0,-2.118868589E0,9.528923035E0,9.832187109E0
8.673031007E0,1.177947283E0,-2.118868589E0,9.538499832E0,9.841755075E0
8.675020147E0,1.173158884E0,-2.121262789E0,9.545681953E0,9.848659886E0
8.677009913E0,1.168370485E0,-2.116474390E0,9.538499832E0,9.840098195E0
8.678998937E0,1.175553083E0,-2.121262789E0,9.538499832E0,9.841984552E0
8.680988663E0,1.182735682E0,-2.123656988E0,9.540893555E0,9.845680907E0
8.682978116E0,1.180341482E0,-2.123656988E0,9.536105156E0,9.840753353E0
8.684968038E0,1.192312479E0,-2.133233786E0,9.531316757E0,9.839628782E0
8.686957647E0,1.192312479E0,-2.140416384E0,9.538499832E0,9.848145531E0
8.688947491E0,1.199495077E0,-2.138022184E0,9.550470352E0,9.860091848E0
8.690937179E0,1.221042871E0,-2.138022184E0,9.545681953E0,9.858099640E0
8.692926046E0,1.225831270E0,-2.145204782E0,9.538499832E0,9.853301219E0
8.694914913E0,1.218648672E0,-2.147598982E0,9.521739960E0,9.836707672E0
8.696903546E0,1.206677675E0,-2.147598982E0,9.512163162E0,9.825960534E0
8.698892452E0,1.187524080E0,-2.152387381E0,9.521739960E0,9.833947160E0
8.700882101E0,1.165976286E0,-2.159569979E0,9.533711433E0,9.844536398E0
8.702871944E0,1.163581967E0,-2.161964178E0,9.526528358E0,9.837822659E0
8.704861710E0,1.165976286E0,-2.157175779E0,9.521739960E0,9.832417806E0
8.706851397E0,1.170764685E0,-2.173935175E0,9.509769440E0,9.825090274E0
8.708840851E0,1.170764685E0,-2.185906172E0,9.504981041E0,9.823112558E0
8.710831280E0,1.175553083E0,-2.193088770E0,9.507374763E0,9.827600841E0
8.712820929E0,1.182735682E0,-2.202665567E0,9.493009567E0,9.816711768E0
8.714810460E0,1.182735682E0,-2.214636564E0,9.485827446E0,9.812461523E0
8.716800499E0,1.189918280E0,-2.212242365E0,9.478644371E0,9.805846262E0
8.718790694E0,1.187524080E0,-2.209848166E0,9.490615845E0,9.816589605E0
8.720781007E0,1.187524080E0,-2.195482969E0,9.502586365E0,9.824943080E0
8.722770655E0,1.187524080E0,-2.193088770E0,9.500192642E0,9.822093058E0
8.724760069E0,1.194706678E0,-2.197877169E0,9.502586365E0,9.826349053E0
8.726749171E0,1.204283476E0,-2.197877169E0,9.516951561E0,9.841408931E0
8.728737882E0,1.204283476E0,-2.190694571E0,9.521739960E0,9.844438697E0
8.730726476E0,1.197100878E0,-2.195482969E0,9.516951561E0,9.839998120E0
8.732714874E0,1.199495077E0,-2.197877169E0,9.514557838E0,9.838509204E0
8.734704093E0,1.201889277E0,-2.195482969E0,9.507374763E0,9.831320267E0
8.736692569E0,1.211466074E0,-2.205059767E0,9.485827446E0,9.813809707E0
8.738681241E0,1.204283476E0,-2.209848166E0,9.483432770E0,9.811688168E0
8.740669991E0,1.218648672E0,-2.205059767E0,9.459490776E0,9.789247106E0
8.742658702E0,1.223437071E0,-2.207453966E0,9.442731857E0,9.774192356E0
8.744647296E0,1.237802267E0,-2.221819162E0,9.428366661E0,9.765384413E0
8.746636632E0,1.240196466E0,-2.209848166E0,9.423578262E0,9.758347373E0
8.748626163E0,1.237802267E0,-2.205059767E0,9.423578262E0,9.756960095E0
8.750615655E0,1.252167463E0,-2.205059767E0,9.406818390E0,9.742609720E0
8.752606202E0,1.254561663E0,-2.207453966E0,9.411606789E0,9.748082905E0
8.754596593E0,1.256955862E0,-2.207453966E0,9.423578262E0,9.759949709E0
8.756586241E0,1.273715258E0,-2.207453966E0,9.421183586E0,9.759810640E0
8.758576944E0,1.271321058E0,-2.197877169E0,9.428366661E0,9.764272588E0
8.760566397E0,1.266532660E0,-2.188300371E0,9.433155060E0,9.766123994E0
8.762557101E0,1.252167463E0,-2.185906172E0,9.428366661E0,9.759108927E0
8.764546671E0,1.247379065E0,-2.183511972E0,9.437943459E0,9.767213307E0
8.766536632E0,1.244984865E0,-2.178723574E0,9.454702377E0,9.782035615E0
8.768526046E0,1.225831270E0,-2.164358377E0,9.466673851E0,9.788004050E0
8.770515890E0,1.216254473E0,-2.161964178E0,9.469067574E0,9.788595648E0
8.772505812E0,1.211466074E0,-2.152387381E0,9.476250648E0,9.792841663E0
8.774494718E0,1.204283476E0,-2.145204782E0,9.493009567E0,9.806601496E0
8.776484718E0,1.185129881E0,-2.135627985E0,9.504981041E0,9.813771157E0
8.778475382E0,1.170764685E0,-2.121262789E0,9.507374763E0,9.811249699E0
8.780465265E0,1.170764685E0,-2.126051188E0,9.507374763E0,9.812286099E0
8.782454483E0,1.170764685E0,-2.121262789E0,9.512163162E0,9.815889862E0
8.784443780E0,1.168370485E0,-2.111685991E0,9.512163162E0,9.813539389E0
8.786433077E0,1.161187768E0,-2.118868589E0,9.504981041E0,9.807274123E0
8.788423976E0,1.170764685E0,-2.121262789E0,9.502586365E0,9.806609678E0
8.790413468E0,1.177947283E0,-2.123656988E0,9.504981041E0,9.810308017E0
8.792403468E0,1.180341482E0,-2.126051188E0,9.516951561E0,9.822711778E0
8.794393233E0,1.177947283E0,-2.138022184E0,9.504981041E0,9.813427701E0
8.796382999E0,1.175553083E0,-2.147598982E0,9.493009567E0,9.803638971E0
8.798372569E0,1.177947283E0,-2.159569979E0,9.490615845E0,9.804238441E0
8.800361593E0,1.189918280E0,-2.171540976E0,9.485827446E0,9.803694103E0
8.802351163E0,1.197100878E0,-2.185906172E0,9.490615845E0,9.812391422E0
8.804341163E0,1.189918280E0,-2.190694571E0,9.495404243E0,9.817217017E0
8.806331319E0,1.182735682E0,-2.202665567E0,9.483432770E0,9.807451065E0
8.808321007E0,1.163581967E0,-2.217030764E0,9.483432770E0,9.808396683E0
8.810310421E0,1.170764685E0,-2.217030764E0,9.485827446E0,9.811566526E0
8.812299913E0,1.161187768E0,-2.233790159E0,9.495404243E0,9.823486003E0
8.814288624E0,1.154005170E0,-2.240972757E0,9.500192642E0,9.828903656E0
8.816277608E0,1.158793569E0,-2.248155355E0,9.516951561E0,9.847302780E0
8.818267843E0,1.165976286E0,-2.257732153E0,9.512163162E0,9.845714966E0
8.820257062E0,1.170764685E0,-2.255337954E0,9.528923035E0,9.861927470E0
8.822246983E0,1.175553083E0,-2.248155355E0,9.526528358E0,9.858543002E0
8.824236280E0,1.189918280E0,-2.255337954E0,9.528923035E0,9.864219635E0
8.826226476E0,1.192312479E0,-2.252943754E0,9.526528358E0,9.861648299E0
8.828217140E0,1.199495077E0,-2.255337954E0,9.519346237E0,9.856129591E0
8.830207647E0,1.213860273E0,-2.255337954E0,9.493009567E0,9.832458324E0
8.832197179E0,1.223437071E0,-2.245761156E0,9.485827446E0,9.824518501E0
8.834186749E0,1.228225470E0,-2.245761156E0,9.464279175E0,9.804313401E0
8.836176319E0,1.235408068E0,-2.250549555E0,9.454702377E0,9.797071166E0
8.838165694E0,1.254561663E0,-2.252943754E0,9.440337181E0,9.786196739E0
8.840154171E0,1.256955862E0,-2.250549555E0,9.425971985E0,9.772095947E0
8.842144132E0,1.261744261E0,-2.245761156E0,9.421183586E0,9.766992470E0
8.844134796E0,1.264138460E0,-2.233790159E0,9.423578262E0,9.766867041E0
8.846124093E0,1.261744261E0,-2.219424963E0,9.423578262E0,9.763281877E0
8.848112960E0,1.254561663E0,-2.202665567E0,9.442731857E0,9.777057098E0
8.850102569E0,1.259350061E0,-2.195482969E0,9.454702377E0,9.787619991E0
8.852092530E0,1.259350061E0,-2.178723574E0,9.459490776E0,9.788501659E0
8.854083077E0,1.261744261E0,-2.171540976E0,9.464279175E0,9.791841966E0
8.856072140E0,1.259350061E0,-2.173935175E0,9.478644371E0,9.805950022E0
8.858060929E0,1.247379065E0,-2.171540976E0,9.471462250E0,9.796945539E0
8.860050616E0,1.240196466E0,-2.164358377E0,9.471462250E0,9.794443915E0
8.862040108E0,1.235408068E0,-2.171540976E0,9.471462250E0,9.795428549E0
8.864029249E0,1.244984865E0,-2.176329374E0,9.449913979E0,9.776874299E0
8.866017257E0,1.240196466E0,-2.185906172E0,9.428366661E0,9.757580180E0
8.868005382E0,1.233013868E0,-2.193088770E0,9.418789864E0,9.749028877E0
8.869994483E0,1.228225470E0,-2.195482969E0,9.409213066E0,9.739711176E0
8.871983312E0,1.211466074E0,-2.195482969E0,9.404424667E0,9.732985094E0
8.873972179E0,1.206677675E0,-2.205059767E0,9.406818390E0,9.736867659E0
8.875961046E0,1.189918280E0,-2.209848166E0,9.442731857E0,9.770594627E0
8.877949835E0,1.197100878E0,-2.200271368E0,9.454702377E0,9.780881435E0
8.879939210E0,1.199495077E0,-2.200271368E0,9.473855972E0,9.799690277E0
8.881927647E0,1.187524080E0,-2.197877169E0,9.488221169E0,9.811585929E0
8.883916476E0,1.180341482E0,-2.195482969E0,9.500192642E0,9.821762150E0
8.885905226E0,1.170764685E0,-2.188300371E0,9.497797966E0,9.816695710E0
8.887894405E0,1.170764685E0,-2.183511972E0,9.485827446E0,9.804046961E0
8.889883233E0,1.165976286E0,-2.197877169E0,9.485827446E0,9.806685836E0
8.891871866E0,1.168370485E0,-2.195482969E0,9.476250648E0,9.797171092E0
8.893859991E0,1.156399369E0,-2.188300371E0,9.461885452E0,9.780245106E0
8.895848663E0,1.165976286E0,-2.188300371E0,9.459490776E0,9.779065648E0
8.897838663E0,1.165976286E0,-2.188300371E0,9.457097054E0,9.776750170E0
8.899828233E0,1.165976286E0,-2.190694571E0,9.437943459E0,9.758761198E0
8.901818351E0,1.168370485E0,-2.185906172E0,9.447520256E0,9.767236783E0
8.903807218E0,1.161187768E0,-2.178723574E0,9.445125580E0,9.762458228E0
8.905795655E0,1.161187768E0,-2.169146776E0,9.440337181E0,9.755691716E0
8.907785265E0,1.158793569E0,-2.185906172E0,9.445125580E0,9.763779265E0
8.909774640E0,1.163581967E0,-2.185906172E0,9.457097054E0,9.775929289E0
8.911763546E0,1.163581967E0,-2.183511972E0,9.466673851E0,9.784659490E0
8.913753897E0,1.161187768E0,-2.190694571E0,9.466673851E0,9.785980459E0
8.915744054E0,1.161187768E0,-2.190694571E0,9.476250648E0,9.795245075E0
8.917734874E0,1.156399369E0,-2.183511972E0,9.500192642E0,9.816243898E0
8.919724913E0,1.151610970E0,-2.181117773E0,9.514557838E0,9.829053537E0
8.921714991E0,1.144428372E0,-2.176329374E0,9.519346237E0,9.831789188E0
8.923703897E0,1.127668977E0,-2.171540976E0,9.528923035E0,9.838069004E0
8.925693233E0,1.120486379E0,-2.166752577E0,9.545681953E0,9.852428655E0
8.927682452E0,1.125274777E0,-2.169146776E0,9.552865028E0,9.860459995E0
8.929673312E0,1.122880578E0,-2.173935175E0,9.555258751E0,9.863560449E0
8.931663702E0,1.115697980E0,-2.185906172E0,9.548076630E0,9.858434719E0
8.933654366E0,1.115697980E0,-2.176329374E0,9.540893555E0,9.849357408E0
8.935644249E0,1.118092179E0,-2.181117773E0,9.519346237E0,9.829819818E0
8.937633155E0,1.118092179E0,-2.171540976E0,9.512163162E0,9.820741742E0
8.939622062E0,1.120486379E0,-2.164358377E0,9.514557838E0,9.821748713E0
8.941611788E0,1.122880578E0,-2.169146776E0,9.514557838E0,9.823078407E0
8.943602335E0,1.118092179E0,-2.169146776E0,9.521739960E0,9.829489291E0
8.945592491E0,1.127668977E0,-2.173935175E0,9.519346237E0,9.829322675E0
8.947582882E0,1.134851575E0,-2.173935175E0,9.519346237E0,9.830149288E0
8.949571905E0,1.139639974E0,-2.188300371E0,9.504981041E0,9.819984846E0
8.951560929E0,1.139639974E0,-2.202665567E0,9.495404243E0,9.813929724E0
8.953550226E0,1.151610970E0,-2.202665567E0,9.495404243E0,9.815327054E0
8.955539483E0,1.156399369E0,-2.197877169E0,9.488221169E0,9.807867479E0
8.957529171E0,1.163581967E0,-2.195482969E0,9.478644371E0,9.798916653E0
8.959518429E0,1.168370485E0,-2.197877169E0,9.473855972E0,9.795391805E0
8.961507140E0,1.177947283E0,-2.200271368E0,9.464279175E0,9.787815599E0
8.963495616E0,1.168370485E0,-2.200271368E0,9.464279175E0,9.786667665E0
8.965484327E0,1.173158884E0,-2.195482969E0,9.459490776E0,9.781534285E0
8.967474093E0,1.170764685E0,-2.188300371E0,9.459490776E0,9.779637734E0
8.969463976E0,1.168370485E0,-2.188300371E0,9.459490776E0,9.779351402E0
8.971453858E0,1.168370485E0,-2.183511972E0,9.457097054E0,9.775965364E0
8.973443312E0,1.156399369E0,-2.173935175E0,9.466673851E0,9.781675084E0
8.975431593E0,1.161187768E0,-2.173935175E0,9.476250648E0,9.791510483E0
8.977420577E0,1.149216771E0,-2.171540976E0,9.483432770E0,9.796519101E0
8.979409796E0,1.149216771E0,-2.176329374E0,9.497797966E0,9.811486887E0
8.981398819E0,1.144428372E0,-2.178723574E0,9.509769440E0,9.823047771E0
8.983387257E0,1.161187768E0,-2.181117773E0,9.500192642E0,9.816276892E0
8.985376163E0,1.168370485E0,-2.185906172E0,9.504981041E0,9.822827494E0
8.987364640E0,1.175553083E0,-2.193088770E0,9.493009567E0,9.813704400E0
8.989353819E0,1.180341482E0,-2.202665567E0,9.478644371E0,9.802532363E0
8.991342022E0,1.192312479E0,-2.214636564E0,9.476250648E0,9.804363850E0
8.993332491E0,1.211466074E0,-2.229001760E0,9.461885452E0,9.796089792E0
8.995322687E0,1.206677675E0,-2.248155355E0,9.445125580E0,9.783694125E0
8.997313429E0,1.213860273E0,-2.250549555E0,9.437943459E0,9.778200591E0
8.999304562E0,1.218648672E0,-2.257732153E0,9.423578262E0,9.766590312E0
9.001294405E0,1.228225470E0,-2.262520552E0,9.414001465E0,9.759659862E0
9.003284054E0,1.237802267E0,-2.274491549E0,9.402029991E0,9.752109219E0
9.005273741E0,1.235408068E0,-2.281674147E0,9.406818390E0,9.758099314E0
9.007263077E0,1.228225470E0,-2.281674147E0,9.397241592E0,9.747960005E0
9.009252257E0,1.228225470E0,-2.272097349E0,9.394847870E0,9.743414733E0
9.011241085E0,1.213860273E0,-2.272097349E0,9.394847870E0,9.741614323E0
9.013230968E0,1.206677675E0,-2.276885748E0,9.399636269E0,9.746457905E0
9.015219483E0,1.206677675E0,-2.281674147E0,9.399636269E0,9.747577643E0
9.017207804E0,1.189918280E0,-2.281674147E0,9.411606789E0,9.757063327E0
9.019196671E0,1.177947283E0,-2.269703150E0,9.440337181E0,9.780545909E0
9.021185890E0,1.165976286E0,-2.262520552E0,9.449913979E0,9.786693729E0
9.023175069E0,1.149216771E0,-2.262520552E0,9.461885452E0,9.796273513E0
9.025163780E0,1.144428372E0,-2.264914751E0,9.469067574E0,9.803203346E0
9.027153038E0,1.142034173E0,-2.257732153E0,9.481039047E0,9.812833329E0
9.029141319E0,1.139639974E0,-2.252943754E0,9.485827446E0,9.816081559E0
9.031129991E0,1.130063176E0,-2.243366957E0,9.478644371E0,9.805836894E0
9.033117960E0,1.127668977E0,-2.233790159E0,9.471462250E0,9.796430623E0
9.035106241E0,1.125274777E0,-2.229001760E0,9.478644371E0,9.802009553E0
9.037094757E0,1.120486379E0,-2.224213362E0,9.481039047E0,9.802689234E0
9.039082765E0,1.118092179E0,-2.217030764E0,9.476250648E0,9.796156485E0
9.041071983E0,1.122880578E0,-2.209848166E0,9.464279175E0,9.783499885E0
9.043061905E0,1.113303781E0,-2.207453966E0,9.457097054E0,9.774916010E0
9.045051163E0,1.118092179E0,-2.209848166E0,9.454702377E0,9.773686924E0
9.047039522E0,1.120486379E0,-2.193088770E0,9.454702377E0,9.770185521E0
9.049029444E0,1.118092179E0,-2.176329374E0,9.461885452E0,9.773117004E0
9.051019054E0,1.115697980E0,-2.161964178E0,9.473855972E0,9.781248288E0
9.053008819E0,1.103726983E0,-2.164358377E0,9.490615845E0,9.796655018E0
9.054997843E0,1.094150186E0,-2.152387381E0,9.514557838E0,9.816147255E0
9.056987921E0,1.084573388E0,-2.147598982E0,9.536105156E0,9.834926658E0
9.058977530E0,1.089361787E0,-2.147598982E0,9.528923035E0,9.828492493E0
9.060966788E0,1.091755986E0,-2.145204782E0,9.531316757E0,9.830556130E0
9.062955812E0,1.089361787E0,-2.149993181E0,9.550470352E0,9.849906788E0
9.064944522E0,1.091755986E0,-2.164358377E0,9.543288231E0,9.846356107E0
9.066934288E0,1.096544385E0,-2.171540976E0,9.533711433E0,9.839189677E0
9.068924483E0,1.106121182E0,-2.171540976E0,9.540893555E0,9.847220120E0
9.070914327E0,1.120486379E0,-2.169146776E0,9.519346237E0,9.827443220E0
9.072903194E0,1.132457376E0,-2.166752577E0,9.507374763E0,9.816692484E0
9.074892491E0,1.137245774E0,-2.178723574E0,9.495404243E0,9.808305975E0
9.076881632E0,1.154005170E0,-2.190694571E0,9.488221169E0,9.805978359E0
9.078870616E0,1.175553083E0,-2.207453966E0,9.471462250E0,9.796089792E0
9.080859601E0,1.194706678E0,-2.217030764E0,9.454702377E0,9.784372565E0
9.082848937E0,1.218648672E0,-2.233790159E0,9.433155060E0,9.770329444E0
9.084837804E0,1.240196466E0,-2.240972757E0,9.421183586E0,9.763131994E0
9.086826163E0,1.249773264E0,-2.236184359E0,9.418789864E0,9.760945456E0
9.088815147E0,1.259350061E0,-2.240972757E0,9.425971985E0,9.770203137E0
9.090804718E0,1.276109457E0,-2.260126352E0,9.425971985E0,9.776787526E0
9.092793585E0,1.283292055E0,-2.255337954E0,9.425971985E0,9.776621893E0
9.094782452E0,1.292868972E0,-2.257732153E0,9.404424667E0,9.757667138E0
9.096770733E0,1.300051570E0,-2.269703150E0,9.406818390E0,9.763704148E0
9.098759054E0,1.307234168E0,-2.286462545E0,9.382876396E0,9.745519053E0
9.100747491E0,1.312022567E0,-2.284068346E0,9.385271072E0,9.747906674E0
9.102736788E0,1.316810966E0,-2.272097349E0,9.392453194E0,9.752671146E0
9.104726554E0,1.319205165E0,-2.269703150E0,9.392453194E0,9.752437216E0
9.106715733E0,1.323993564E0,-2.281674147E0,9.382876396E0,9.746659188E0
9.108705069E0,1.319205165E0,-2.286462545E0,9.380482674E0,9.744827778E0
9.110693780E0,1.304839969E0,-2.305616140E0,9.390059471E0,9.756622879E0
9.112682530E0,1.297657371E0,-2.293645144E0,9.394847870E0,9.757453008E0
9.114670772E0,1.300051570E0,-2.272097349E0,9.414001465E0,9.771181302E0
9.116659913E0,1.297657371E0,-2.264914751E0,9.416395187E0,9.771502024E0
9.118648819E0,1.285686255E0,-2.252943754E0,9.418789864E0,9.769459924E0
9.120638312E0,1.276109457E0,-2.231395960E0,9.425971985E0,9.770185829E0
9.122627101E0,1.271321058E0,-2.212242365E0,9.445125580E0,9.783694125E0
9.124616397E0,1.268926859E0,-2.193088770E0,9.454702377E0,9.788320120E0
9.126604913E0,1.276109457E0,-2.173935175E0,9.461885452E0,9.791921456E0
9.128592687E0,1.276109457E0,-2.152387381E0,9.473855972E0,9.798733274E0
9.130581476E0,1.280897856E0,-2.145204782E0,9.476250648E0,9.800098430E0
9.132570226E0,1.290474772E0,-2.128445387E0,9.476250648E0,9.797700304E0
9.134559093E0,1.300051570E0,-2.121262789E0,9.481039047E0,9.802040161E0
9.136548741E0,1.302445769E0,-2.102109194E0,9.483432770E0,9.800547186E0
9.138538351E0,1.297657371E0,-2.111685991E0,9.483432770E0,9.801970693E0
9.140527726E0,1.290474772E0,-2.104503393E0,9.490615845E0,9.806428952E0
9.142516515E0,1.300051570E0,-2.106897593E0,9.507374763E0,9.824424993E0
9.144505069E0,1.295263171E0,-2.109291792E0,9.514557838E0,9.831257773E0
9.146493858E0,1.283292055E0,-2.109291792E0,9.521739960E0,9.836639783E0
9.148482491E0,1.268926859E0,-2.116474390E0,9.528923035E0,9.843272495E0
9.150471437E0,1.256955862E0,-2.133233786E0,9.545681953E0,9.861575350E0
9.152461007E0,1.252167463E0,-2.147598982E0,9.538499832E0,9.857133650E0
9.154450616E0,1.235408068E0,-2.157175779E0,9.548076630E0,9.866377641E0
9.156441007E0,1.221042871E0,-2.183511972E0,9.540893555E0,9.863433482E0
9.158430538E0,1.206677675E0,-2.183511972E0,9.536105156E0,9.857032875E0
9.160419991E0,1.201889277E0,-2.185906172E0,9.524134636E0,9.845398122E0
9.162409366E0,1.180341482E0,-2.200271368E0,9.500192642E0,9.822833621E0
9.164398741E0,1.163581967E0,-2.202665567E0,9.483432770E0,9.805159647E0
9.166387726E0,1.158793569E0,-2.200271368E0,9.476250648E0,9.797107889E0
9.168376788E0,1.146822572E0,-2.195482969E0,9.459490776E0,9.778410567E0
9.170366437E0,1.130063176E0,-2.183511972E0,9.454702377E0,9.769143481E0
9.172356007E0,1.134851575E0,-2.178723574E0,9.447520256E0,9.761678313E0
9.174345108E0,1.139639974E0,-2.178723574E0,9.449913979E0,9.764552723E0
9.176334757E0,1.146822572E0,-2.178723574E0,9.452308655E0,9.767710956E0
9.178324522E0,1.146822572E0,-2.185906172E0,9.461885452E0,9.778581907E0
9.180314522E0,1.158793569E0,-2.185906172E0,9.457097054E0,9.775360505E0
9.182303897E0,1.165976286E0,-2.181117773E0,9.452308655E0,9.770512491E0
9.184293976E0,1.173158884E0,-2.178723574E0,9.445125580E0,9.763889358E0
9.186284132E0,1.173158884E0,-2.164358377E0,9.442731857E0,9.758377626E0
9.188274132E0,1.177947283E0,-2.166752577E0,9.440337181E0,9.757168781E0
9.190264210E0,1.185129881E0,-2.173935175E0,9.454702377E0,9.773531809E0
9.192254132E0,1.182735682E0,-2.173935175E0,9.461885452E0,9.780190906E0
9.194244405E0,1.192312479E0,-2.173935175E0,9.457097054E0,9.776721734E0
9.196233741E0,1.204283476E0,-2.173935175E0,9.478644371E0,9.799030153E0
9.198223546E0,1.206677675E0,-2.166752577E0,9.478644371E0,9.797733761E0
9.200212452E0,1.199495077E0,-2.161964178E0,9.483432770E0,9.800427269E0
9.202201671E0,1.209071875E0,-2.157175779E0,9.497797966E0,9.814449977E0
9.204191632E0,1.204283476E0,-2.157175779E0,9.516951561E0,9.832399150E0
9.206181007E0,1.204283476E0,-2.154781580E0,9.526528358E0,9.841144492E0
9.208170187E0,1.201889277E0,-2.166752577E0,9.538499832E0,9.855066393E0
9.210159444E0,1.194706678E0,-2.176329374E0,9.557653427E0,9.874840385E0
9.212147921E0,1.199495077E0,-2.181117773E0,9.564835548E0,9.883427657E0
9.214138194E0,1.199495077E0,-2.183511972E0,9.586383820E0,9.904810332E0
9.216127843E0,1.206677675E0,-2.183511972E0,9.593565941E0,9.912633505E0
9.218116788E0,1.213860273E0,-2.181117773E0,9.581595421E0,9.901399008E0
9.220105890E0,1.213860273E0,-2.190694571E0,9.574412346E0,9.896563607E0
9.222095069E0,1.221042871E0,-2.197877169E0,9.552865028E0,9.878200241E0
9.224084913E0,1.213860273E0,-2.202665567E0,9.531316757E0,9.857544902E0
9.226074405E0,1.218648672E0,-2.197877169E0,9.490615845E0,9.817716524E0
9.228064327E0,1.223437071E0,-2.193088770E0,9.461885452E0,9.789469492E0
9.230053507E0,1.233013868E0,-2.197877169E0,9.440337181E0,9.770923873E0
9.232042999E0,1.237802267E0,-2.197877169E0,9.428366661E0,9.759964979E0
9.234032726E0,1.235408068E0,-2.183511972E0,9.416395187E0,9.744868185E0
9.236022960E0,1.242590666E0,-2.188300371E0,9.394847870E0,9.726040128E0
9.238012530E0,1.256955862E0,-2.193088770E0,9.380482674E0,9.715092979E0
9.240002491E0,1.256955862E0,-2.190694571E0,9.380482674E0,9.714552791E0
9.241992022E0,1.256955862E0,-2.197877169E0,9.378087997E0,9.713863113E0
9.243982179E0,1.273715258E0,-2.200271368E0,9.392453194E0,9.730453311E0
9.245972374E0,1.271321058E0,-2.205059767E0,9.399636269E0,9.738157310E0
9.247962726E0,1.276109457E0,-2.209848166E0,9.416395187E0,9.756043388E0
9.249952608E0,1.273715258E0,-2.214636564E0,9.414001465E0,9.754506100E0
9.251942569E0,1.266532660E0,-2.212242365E0,9.414001465E0,9.753027470E0
9.253932687E0,1.256955862E0,-2.212242365E0,9.416395187E0,9.754099274E0
9.255922843E0,1.264138460E0,-2.202665567E0,9.423578262E0,9.759795537E0
9.257912530E0,1.259350061E0,-2.193088770E0,9.433155060E0,9.766269263E0
9.259903351E0,1.247379065E0,-2.183511972E0,9.430760384E0,9.760272562E0
9.261893663E0,1.244984865E0,-2.183511972E0,9.435548782E0,9.764593830E0
9.263883507E0,1.244984865E0,-2.176329374E0,9.454702377E0,9.781502640E0
9.265873312E0,1.237802267E0,-2.166752577E0,9.457097054E0,9.780779921E0
9.267864093E0,1.228225470E0,-2.161964178E0,9.440337181E0,9.762304697E0
9.269854483E0,1.228225470E0,-2.149993181E0,9.454702377E0,9.773556442E0
9.271844327E0,1.221042871E0,-2.149993181E0,9.461885452E0,9.779605958E0
9.273834171E0,1.213860273E0,-2.138022184E0,9.466673851E0,9.780721314E0
9.275823937E0,1.213860273E0,-2.133233786E0,9.466673851E0,9.779675708E0
9.277813038E0,1.209071875E0,-2.133233786E0,9.464279175E0,9.776764367E0
9.279803429E0,1.209071875E0,-2.126051188E0,9.461885452E0,9.772882111E0
9.281792765E0,1.199495077E0,-2.130839586E0,9.461885452E0,9.772744860E0
9.283782452E0,1.192312479E0,-2.126051188E0,9.478644371E0,9.787052764E0
9.285772921E0,1.177947283E0,-2.128445387E0,9.509769440E0,9.815984635E0
9.287763116E0,1.165976286E0,-2.138022184E0,9.521739960E0,9.828233382E0
9.289753390E0,1.146822572E0,-2.142810583E0,9.524134636E0,9.829342794E0
9.291742882E0,1.137245774E0,-2.159569979E0,9.533711433E0,9.841174937E0
9.293732843E0,1.130063176E0,-2.166752577E0,9.545681953E0,9.853522389E0
9.295723780E0,1.125274777E0,-2.166752577E0,9.548076630E0,9.855294383E0
9.297713468E0,1.108515382E0,-2.173935175E0,9.531316757E0,9.838739738E0
9.299702452E0,1.110909581E0,-2.183511972E0,9.526528358E0,9.836492627E0
9.301691710E0,1.110909581E0,-2.190694571E0,9.514557838E0,9.826498545E0
9.303680616E0,1.103726983E0,-2.183511972E0,9.500192642E0,9.810178287E0
9.305670733E0,1.103726983E0,-2.183511972E0,9.493009567E0,9.803222349E0
9.307660733E0,1.113303781E0,-2.183511972E0,9.488221169E0,9.799668912E0
9.309650851E0,1.120486379E0,-2.169146776E0,9.469067574E0,9.778748804E0
9.311641007E0,1.137245774E0,-2.181117773E0,9.457097054E0,9.771759687E0
9.313631944E0,1.154005170E0,-2.188300371E0,9.452308655E0,9.770697281E0
9.315621749E0,1.158793569E0,-2.185906172E0,9.440337181E0,9.759147218E0
9.317612179E0,1.180341482E0,-2.185906172E0,9.425971985E0,9.747837692E0
9.319602530E0,1.192312479E0,-2.190694571E0,9.430760384E0,9.754998368E0
9.321592101E0,1.213860273E0,-2.193088770E0,9.423578262E0,9.751252349E0
9.323580421E0,1.223437071E0,-2.197877169E0,9.416395187E0,9.746587128E0
9.325569601E0,1.235408068E0,-2.212242365E0,9.402029991E0,9.737474895E0
9.327559522E0,1.228225470E0,-2.214636564E0,9.397241592E0,9.732486962E0
9.329549405E0,1.223437071E0,-2.219424963E0,9.390059471E0,9.726040423E0
9.331538546E0,1.228225470E0,-2.229001760E0,9.404424667E0,9.742699317E0
9.333527335E0,1.230619669E0,-2.219424963E0,9.414001465E0,9.750061308E0
9.335515382E0,1.216254473E0,-2.212242365E0,9.433155060E0,9.765127014E0
9.337503819E0,1.201889277E0,-2.212242365E0,9.442731857E0,9.772601447E0
9.339493390E0,1.192312479E0,-2.202665567E0,9.457097054E0,9.783150276E0
9.341482569E0,1.185129881E0,-2.193088770E0,9.469067574E0,9.791701175E0
9.343472101E0,1.182735682E0,-2.185906172E0,9.481039047E0,9.801385152E0
9.345461515E0,1.177947283E0,-2.176329374E0,9.481039047E0,9.798676990E0
9.347450382E0,1.165976286E0,-2.171540976E0,9.495404243E0,9.810086272E0
9.349438312E0,1.165976286E0,-2.166752577E0,9.495404243E0,9.809027433E0
9.351426124E0,1.161187768E0,-2.169146776E0,9.497797966E0,9.811305773E0
9.353414288E0,1.161187768E0,-2.166752577E0,9.493009567E0,9.806141158E0
9.355403546E0,1.170764685E0,-2.166752577E0,9.497797966E0,9.811914843E0
9.357391671E0,1.180341482E0,-2.166752577E0,9.509769440E0,9.824649487E0
9.359380382E0,1.185129881E0,-2.161964178E0,9.497797966E0,9.812583154E0
9.361368272E0,1.194706678E0,-2.166752577E0,9.516951561E0,9.833336554E0
9.363356476E0,1.197100878E0,-2.161964178E0,9.524134636E0,9.839526421E0
9.365345030E0,1.201889277E0,-2.154781580E0,9.528923035E0,9.843170002E0
9.367334640E0,1.201889277E0,-2.166752577E0,9.500192642E0,9.817994439E0
9.369323702E0,1.199495077E0,-2.169146776E0,9.483432770E0,9.802014246E0
9.371311007E0,1.189918280E0,-2.169146776E0,9.469067574E0,9.786947633E0
9.373298468E0,1.189918280E0,-2.173935175E0,9.440337181E0,9.760218530E0
9.375286319E0,1.197100878E0,-2.173935175E0,9.430760384E0,9.751835010E0
9.377275929E0,1.199495077E0,-2.166752577E0,9.428366661E0,9.748215378E0
9.379264483E0,1.201889277E0,-2.161964178E0,9.428366661E0,9.747447093E0
9.381253116E0,1.209071875E0,-2.166752577E0,9.435548782E0,9.756344210E0
9.383242491E0,1.206677675E0,-2.154781580E0,9.440337181E0,9.758028528E0
9.385231085E0,1.216254473E0,-2.149993181E0,9.447520256E0,9.765110578E0
9.387218585E0,1.216254473E0,-2.149993181E0,9.449913979E0,9.767426469E0
9.389207726E0,1.206677675E0,-2.154781580E0,9.466673851E0,9.783510028E0
9.391196241E0,1.201889277E0,-2.159569979E0,9.471462250E0,9.788609578E0
9.393184874E0,1.206677675E0,-2.159569979E0,9.471462250E0,9.789198673E0
9.395174054E0,1.216254473E0,-2.157175779E0,9.481039047E0,9.799121578E0
9.397163390E0,1.221042871E0,-2.157175779E0,9.471462250E0,9.790451991E0
9.399152804E0,1.228225470E0,-2.161964178E0,9.466673851E0,9.787775064E0
9.401142062E0,1.230619669E0,-2.173935175E0,9.452308655E0,9.776837823E0
9.403131788E0,1.225831270E0,-2.178723574E0,9.461885452E0,9.786560940E0
9.405120460E0,1.218648672E0,-2.173935175E0,9.454702377E0,9.777652877E0
9.407109249E0,1.216254473E0,-2.169146776E0,9.459490776E0,9.780922166E0
9.409098390E0,1.216254473E0,-2.169146776E0,9.464279175E0,9.785553279E0
9.411087726E0,1.206677675E0,-2.161964178E0,9.481039047E0,9.798992884E0
9.413077257E0,1.206677675E0,-2.149993181E0,9.483432770E0,9.798675359E0
9.415067413E0,1.206677675E0,-2.142810583E0,9.502586365E0,9.815643424E0
9.417057101E0,1.197100878E0,-2.140416384E0,9.531316757E0,9.841769756E0
9.419047647E0,1.187524080E0,-2.145204782E0,9.550470352E0,9.860202886E0
9.421038155E0,1.180341482E0,-2.140416384E0,9.555258751E0,9.862938614E0
9.423028858E0,1.177947283E0,-2.140416384E0,9.557653427E0,9.864972434E0
9.425019405E0,1.168370485E0,-2.142810583E0,9.562441826E0,9.868992880E0
9.427009483E0,1.163581967E0,-2.138022184E0,9.555258751E0,9.860427559E0
9.428999405E0,1.146822572E0,-2.145204782E0,9.550470352E0,9.855383783E0
9.430990304E0,1.132457376E0,-2.145204782E0,9.540893555E0,9.844440720E0
9.432980890E0,1.134851575E0,-2.149993181E0,9.521739960E0,9.827201567E0
9.434970577E0,1.130063176E0,-2.152387381E0,9.519346237E0,9.824854554E0
9.436960460E0,1.130063176E0,-2.135627985E0,9.528923035E0,9.830479331E0
9.438950030E0,1.130063176E0,-2.133233786E0,9.502586365E0,9.804431487E0
9.440940499E0,1.125274777E0,-2.147598982E0,9.481039047E0,9.786139490E0
9.442930929E0,1.122880578E0,-2.149993181E0,9.471462250E0,9.777112489E0
9.444920226E0,1.122880578E0,-2.157175779E0,9.483432770E0,9.790289334E0
9.446909874E0,1.134851575E0,-2.159569979E0,9.478644371E0,9.787559946E0
9.448899562E0,1.132457376E0,-2.154781580E0,9.466673851E0,9.774633352E0
9.450888741E0,1.127668977E0,-2.152387381E0,9.466673851E0,9.773552198E0
9.452878194E0,1.127668977E0,-2.135627985E0,9.466673851E0,9.769875025E0
9.454868624E0,1.137245774E0,-2.138022184E0,9.473855972E0,9.778466843E0
9.456858546E0,1.125274777E0,-2.126051188E0,9.485827446E0,9.786074765E0
9.458849522E0,1.130063176E0,-2.114080191E0,9.476250648E0,9.774748293E0
9.460840108E0,1.132457376E0,-2.116474390E0,9.490615845E0,9.789469478E0
9.462830655E0,1.144428372E0,-2.111685991E0,9.500192642E0,9.799111912E0
9.464820382E0,1.142034173E0,-2.104503393E0,9.502586365E0,9.799608370E0
9.466809522E0,1.151610970E0,-2.097320795E0,9.495404243E0,9.792224675E0
9.468798858E0,1.156399369E0,-2.094926596E0,9.500192642E0,9.796919780E0
9.470788155E0,1.151610970E0,-2.082955360E0,9.481039047E0,9.775224411E0
9.472776983E0,1.146822572E0,-2.075772762E0,9.500192642E0,9.791715621E0
9.474766358E0,1.158793569E0,-2.078166962E0,9.500192642E0,9.793632661E0
9.476756124E0,1.161187768E0,-2.070984364E0,9.488221169E0,9.780780859E0
9.478745929E0,1.161187768E0,-2.070984364E0,9.488221169E0,9.780780859E0
9.480735890E0,1.170764685E0,-2.068590164E0,9.490615845E0,9.783738770E0
9.482724679E0,1.170764685E0,-2.063801765E0,9.507374763E0,9.798986813E0
9.484713663E0,1.170764685E0,-2.068590164E0,9.507374763E0,9.799996434E0
9.486702726E0,1.173158884E0,-2.073378563E0,9.521739960E0,9.815229610E0
9.488691319E0,1.180341482E0,-2.085349798E0,9.516951561E0,9.813982719E0
9.490679249E0,1.175553083E0,-2.094926596E0,9.536105156E0,9.834019729E0
9.492667140E0,1.168370485E0,-2.106897593E0,9.536105156E0,9.835721051E0
9.494655147E0,1.173158884E0,-2.116474390E0,9.528923035E0,9.831385447E0
9.496643663E0,1.177947283E0,-2.135627985E0,9.507374763E0,9.815224989E0
9.498632257E0,1.175553083E0,-2.157175779E0,9.473855972E0,9.787199772E0
9.500620343E0,1.182735682E0,-2.166752577E0,9.466673851E0,9.783230255E0
9.502609015E0,1.180341482E0,-2.190694571E0,9.454702377E0,9.776694010E0
9.504597882E0,1.182735682E0,-2.205059767E0,9.461885452E0,9.787156307E0
9.506585499E0,1.187524080E0,-2.205059767E0,9.454702377E0,9.780792353E0
9.508573116E0,1.187524080E0,-2.212242365E0,9.449913979E0,9.777786249E0
9.510561163E0,1.185129881E0,-2.219424963E0,9.442731857E0,9.772183222E0
9.512549171E0,1.192312479E0,-2.233790159E0,9.445125580E0,9.778641252E0
9.514536983E0,1.189918280E0,-2.238578558E0,9.459490776E0,9.793319418E0
9.516526124E0,1.177947283E0,-2.240972757E0,9.461885452E0,9.794733024E0
9.518514796E0,1.170764685E0,-2.240972757E0,9.461885452E0,9.793871816E0
9.520503077E0,1.168370485E0,-2.238578558E0,9.469067574E0,9.799977769E0
9.522490538E0,1.170764685E0,-2.245761156E0,9.481039047E0,9.813472094E0
9.524478585E0,1.182735682E0,-2.248155355E0,9.478644371E0,9.813142479E0
9.526466515E0,1.187524080E0,-2.250549555E0,9.466673851E0,9.802708837E0
9.528455265E0,1.187524080E0,-2.262520552E0,9.464279175E0,9.803152196E0
9.530444640E0,1.187524080E0,-2.264914751E0,9.447520256E0,9.787527331E0
9.532433077E0,1.194706678E0,-2.272097349E0,9.452308655E0,9.794686790E0
9.534422647E0,1.211466074E0,-2.281674147E0,9.447520256E0,9.794351737E0
9.536412218E0,1.223437071E0,-2.274491549E0,9.440337181E0,9.787240477E0
9.538401632E0,1.233013868E0,-2.276885748E0,9.435548782E0,9.784381060E0
9.540391241E0,1.249773264E0,-2.288856745E0,9.433155060E0,9.786992020E0
9.542380304E0,1.264138460E0,-2.276885748E0,9.430760384E0,9.783736309E0
9.544369952E0,1.268926859E0,-2.260126352E0,9.411606789E0,9.762002297E0
9.546360655E0,1.268926859E0,-2.243366957E0,9.418789864E0,9.765063910E0
9.548351437E0,1.254561663E0,-2.231395960E0,9.430760384E0,9.772015877E0
9.550341397E0,1.242590666E0,-2.226607561E0,9.435548782E0,9.774016248E0
9.552330577E0,1.237802267E0,-2.221819162E0,9.437943459E0,9.774631020E0
9.554319679E0,1.233013868E0,-2.212242365E0,9.452308655E0,9.785728301E0
9.556308897E0,1.221042871E0,-2.202665567E0,9.464279175E0,9.793633728E0
9.558298858E0,1.213860273E0,-2.193088770E0,9.471462250E0,9.797535010E0
9.560287960E0,1.204283476E0,-2.183511972E0,9.478644371E0,9.801159234E0
9.562276827E0,1.201889277E0,-2.178723574E0,9.471462250E0,9.792853077E0
9.564266749E0,1.192312479E0,-2.173935175E0,9.471462250E0,9.790617975E0
9.566256710E0,1.189918280E0,-2.169146776E0,9.478644371E0,9.796213675E0
9.568245694E0,1.173158884E0,-2.178723574E0,9.478644371E0,9.796317537E0
9.570235499E0,1.165976286E0,-2.164358377E0,9.461885452E0,9.776053611E0
9.572225694E0,1.163581967E0,-2.164358377E0,9.481039047E0,9.794308122E0
9.574214366E0,1.161187768E0,-2.159569979E0,9.478644371E0,9.790648530E0
9.576203351E0,1.161187768E0,-2.159569979E0,9.476250648E0,9.788331108E0
9.578192413E0,1.154005170E0,-2.154781580E0,9.476250648E0,9.786426209E0
9.580181163E0,1.154005170E0,-2.152387381E0,9.483432770E0,9.792854357E0
9.582169913E0,1.146822572E0,-2.140416384E0,9.490615845E0,9.796344901E0
9.584158858E0,1.134851575E0,-2.138022184E0,9.495404243E0,9.799067747E0
9.586148468E0,1.120486379E0,-2.138022184E0,9.500192642E0,9.802055337E0
9.588138233E0,1.110909581E0,-2.126051188E0,9.521739960E0,9.819253821E0
9.590127647E0,1.113303781E0,-2.123656988E0,9.531316757E0,9.828294025E0
9.592116554E0,1.120486379E0,-2.130839586E0,9.540893555E0,9.839950045E0
9.594106202E0,1.115697980E0,-2.135627985E0,9.531316757E0,9.831159036E0
9.596095538E0,1.122880578E0,-2.138022184E0,9.526528358E0,9.827855423E0
9.598084405E0,1.132457376E0,-2.161964178E0,9.512163162E0,9.820274784E0
9.600073741E0,1.142034173E0,-2.164358377E0,9.507374763E0,9.817273763E0
9.602063116E0,1.144428372E0,-2.176329374E0,9.500192642E0,9.813245441E0
9.604052218E0,1.144428372E0,-2.185906172E0,9.485827446E0,9.801470524E0
9.606041046E0,1.149216771E0,-2.195482969E0,9.473855972E0,9.792588608E0
9.608029405E0,1.156399369E0,-2.197877169E0,9.464279175E0,9.784707653E0
9.610019171E0,1.163581967E0,-2.205059767E0,9.464279175E0,9.787174867E0
9.612008702E0,1.168370485E0,-2.217030764E0,9.457097054E0,9.783506512E0
9.613997804E0,1.177947283E0,-2.219424963E0,9.459490776E0,9.787511058E0
9.615987101E0,1.182735682E0,-2.219424963E0,9.464279175E0,9.792716230E0
9.617976124E0,1.187524080E0,-2.214636564E0,9.457097054E0,9.785270218E0
9.619964562E0,1.197100878E0,-2.205059767E0,9.471462250E0,9.798159839E0
9.621954249E0,1.199495077E0,-2.197877169E0,9.473855972E0,9.799152998E0
9.623943155E0,1.199495077E0,-2.193088770E0,9.473855972E0,9.798080107E0
9.625932413E0,1.199495077E0,-2.185906172E0,9.457097054E0,9.780268857E0
9.627922374E0,1.206677675E0,-2.185906172E0,9.457097054E0,9.781152360E0
9.629911007E0,1.230619669E0,-2.193088770E0,9.457097054E0,9.785742067E0
9.631899562E0,1.233013868E0,-2.197877169E0,9.449913979E0,9.780176964E0
9.633887804E0,1.235408068E0,-2.188300371E0,9.442731857E0,9.771390717E0
9.635876280E0,1.240196466E0,-2.190694571E0,9.447520256E0,9.777160578E0
9.637864874E0,1.247379065E0,-2.200271368E0,9.466673851E0,9.798727592E0
9.639854210E0,1.254561663E0,-2.200271368E0,9.469067574E0,9.801956936E0
9.641842882E0,1.259350061E0,-2.214636564E0,9.464279175E0,9.801181459E0
9.643832726E0,1.249773264E0,-2.212242365E0,9.478644371E0,9.813289388E0
9.645822765E0,1.233013868E0,-2.207453966E0,9.485827446E0,9.817031045E0
9.647811827E0,1.242590666E0,-2.207453966E0,9.476250648E0,9.808986233E0
9.649800538E0,1.233013868E0,-2.197877169E0,9.478644371E0,9.807939965E0
9.651789288E0,1.209071875E0,-2.197877169E0,9.473855972E0,9.800329884E0
9.653778624E0,1.201889277E0,-2.207453966E0,9.478644371E0,9.806227101E0
9.655767804E0,1.197100878E0,-2.197877169E0,9.481039047E0,9.805805218E0
9.657756983E0,1.182735682E0,-2.207453966E0,9.490615845E0,9.815472776E0
9.659746319E0,1.175553083E0,-2.212242365E0,9.476250648E0,9.801799207E0
9.661734288E0,1.170764685E0,-2.207453966E0,9.478644371E0,9.802461021E0
9.663722530E0,1.151610970E0,-2.197877169E0,9.490615845E0,9.809620838E0
9.665710812E0,1.146822572E0,-2.183511972E0,9.500192642E0,9.815120314E0
9.667699874E0,1.146822572E0,-2.178723574E0,9.507374763E0,9.821008773E0
9.669688116E0,1.137245774E0,-2.171540976E0,9.509769440E0,9.820622840E0
9.671676554E0,1.130063176E0,-2.161964178E0,9.512163162E0,9.819998977E0
9.673664796E0,1.125274777E0,-2.169146776E0,9.521739960E0,9.830308892E0
9.675653702E0,1.134851575E0,-2.178723574E0,9.512163162E0,9.824254299E0
9.677642765E0,1.130063176E0,-2.176329374E0,9.514557838E0,9.825490481E0
9.679632101E0,1.127668977E0,-2.178723574E0,9.509769440E0,9.821109333E0
9.681620812E0,1.132457376E0,-2.181117773E0,9.512163162E0,9.824509274E0
9.683608937E0,1.137245774E0,-2.190694571E0,9.512163162E0,9.827192818E0
9.685597257E0,1.120486379E0,-2.197877169E0,9.497797966E0,9.812966930E0
9.687585265E0,1.125274777E0,-2.200271368E0,9.473855972E0,9.790882718E0
9.689573937E0,1.144428372E0,-2.195482969E0,9.481039047E0,9.798977660E0
9.691562452E0,1.144428372E0,-2.195482969E0,9.483432770E0,9.801293734E0
9.693551554E0,1.137245774E0,-2.200271368E0,9.469067574E0,9.787633154E0
9.695540851E0,1.134851575E0,-2.197877169E0,9.473855972E0,9.791450308E0
9.697530538E0,1.134851575E0,-2.195482969E0,9.481039047E0,9.797863797E0
9.699520226E0,1.146822572E0,-2.197877169E0,9.490615845E0,9.809059852E0
9.701510108E0,1.158793569E0,-2.188300371E0,9.483432770E0,9.801375319E0
9.703499562E0,1.161187768E0,-2.207453966E0,9.478644371E0,9.801321807E0
9.705488780E0,1.177947283E0,-2.207453966E0,9.473855972E0,9.798691739E0
9.707479054E0,1.187524080E0,-2.214636564E0,9.459490776E0,9.787583680E0
9.709467804E0,1.192312479E0,-2.231395960E0,9.452308655E0,9.785033259E0
9.711456749E0,1.197100878E0,-2.231395960E0,9.447520256E0,9.780992661E0
9.713446710E0,1.209071875E0,-2.243366957E0,9.433155060E0,9.771333813E0
9.715436632E0,1.209071875E0,-2.245761156E0,9.425971985E0,9.764949863E0
9.717425460E0,1.209071875E0,-2.240972757E0,9.421183586E0,9.759227114E0
9.719415382E0,1.218648672E0,-2.240972757E0,9.425971985E0,9.765040263E0
9.721405460E0,1.218648672E0,-2.240972757E0,9.435548782E0,9.774284849E0
9.723394366E0,1.216254473E0,-2.229001760E0,9.457097054E0,9.792058439E0
9.725384327E0,1.221042871E0,-2.214636564E0,9.464279175E0,9.796333044E0
9.727373624E0,1.199495077E0,-2.202665567E0,9.478644371E0,9.804857121E0
9.729362726E0,1.189918280E0,-2.200271368E0,9.481039047E0,9.805467914E0
9.731351397E0,1.182735682E0,-2.195482969E0,9.488221169E0,9.810471452E0
9.733340460E0,1.168370485E0,-2.188300371E0,9.485827446E0,9.804828935E0
9.735329718E0,1.168370485E0,-2.185906172E0,9.473855972E0,9.792712717E0
9.737318663E0,1.163581967E0,-2.178723574E0,9.481039047E0,9.797492578E0
9.739307413E0,1.158793569E0,-2.176329374E0,9.488221169E0,9.803343971E0
9.741296280E0,1.156399369E0,-2.173935175E0,9.485827446E0,9.800213058E0
9.743285812E0,1.151610970E0,-2.161964178E0,9.490615845E0,9.801636907E0
9.745276202E0,1.146822572E0,-2.169146776E0,9.493009567E0,9.804979877E0
9.747265069E0,1.144428372E0,-2.171540976E0,9.488221169E0,9.800594240E0
9.749253858E0,1.139639974E0,-2.164358377E0,9.483432770E0,9.793810472E0
9.751242413E0,1.139639974E0,-2.171540976E0,9.490615845E0,9.802354747E0
9.753231085E0,1.120486379E0,-2.178723574E0,9.485827446E0,9.797104086E0
9.755220382E0,1.118092179E0,-2.181117773E0,9.485827446E0,9.797363278E0
9.757208858E0,1.120486379E0,-2.188300371E0,9.490615845E0,9.803873589E0
9.759198038E0,1.113303781E0,-2.176329374E0,9.490615845E0,9.800389990E0
9.761187843E0,1.113303781E0,-2.176329374E0,9.502586365E0,9.811982596E0
9.763178077E0,1.108515382E0,-2.188300371E0,9.504981041E0,9.816421418E0
9.765168507E0,1.101332784E0,-2.197877169E0,9.519346237E0,9.831660629E0
9.767157999E0,1.113303781E0,-2.200271368E0,9.490615845E0,9.805734471E0
9.769147296E0,1.106121182E0,-2.200271368E0,9.490615845E0,9.804921584E0
9.771136124E0,1.103726983E0,-2.214636564E0,9.495404243E0,9.812519050E0
9.773125733E0,1.110909581E0,-2.217030764E0,9.500192642E0,9.818503233E0
9.775115265E0,1.110909581E0,-2.217030764E0,9.490615845E0,9.809237209E0
9.777104210E0,1.122880578E0,-2.219424963E0,9.478644371E0,9.799561575E0
9.779094601E0,1.132457376E0,-2.224213362E0,9.469067574E0,9.792488218E0
9.781084796E0,1.146822572E0,-2.219424963E0,9.459490776E0,9.783813925E0
9.783074483E0,1.158793569E0,-2.226607561E0,9.449913979E0,9.777599806E0
9.785063507E0,1.161187768E0,-2.236184359E0,9.435548782E0,9.766189551E0
9.787052374E0,1.165976286E0,-2.243366957E0,9.423578262E0,9.756844944E0
9.789042218E0,1.180341482E0,-2.245761156E0,9.418789864E0,9.754499048E0
9.791032101E0,1.197100878E0,-2.255337954E0,9.416395187E0,9.756438803E0
9.793022062E0,1.209071875E0,-2.250549555E0,9.416395187E0,9.756809234E0
9.795012452E0,1.216254473E0,-2.238578558E0,9.423578262E0,9.761881794E0
9.797002921E0,1.213860273E0,-2.240972757E0,9.425971985E0,9.764443841E0
9.798992960E0,1.211466074E0,-2.240972757E0,9.430760384E0,9.768769132E0
9.800983194E0,1.204283476E0,-2.231395960E0,9.452308655E0,9.786499146E0
9.802972804E0,1.197100878E0,-2.231395960E0,9.466673851E0,9.799494489E0
9.804963351E0,1.204283476E0,-2.224213362E0,9.485827446E0,9.817247379E0
9.806953702E0,1.192312479E0,-2.209848166E0,9.485827446E0,9.812540970E0
9.808944249E0,1.173158884E0,-2.197877169E0,9.514557838E0,9.835333074E0
9.810934757E0,1.180341482E0,-2.188300371E0,9.533711433E0,9.852589417E0
9.812926124E0,1.182735682E0,-2.176329374E0,9.533711433E0,9.850224715E0
9.814916007E0,1.170764685E0,-2.169146776E0,9.540893555E0,9.854163460E0
9.816905812E0,1.173158884E0,-2.164358377E0,9.526528358E0,9.839486344E0
9.818895616E0,1.173158884E0,-2.169146776E0,9.524134636E0,9.838223420E0
9.820885304E0,1.168370485E0,-2.157175779E0,9.521739960E0,9.832702009E0
9.822875069E0,1.175553083E0,-2.142810583E0,9.519346237E0,9.828098241E0
9.824864796E0,1.177947283E0,-2.133233786E0,9.509769440E0,9.817024039E0
9.826855772E0,1.189918280E0,-2.128445387E0,9.497797966E0,9.805832524E0
9.828846202E0,1.187524080E0,-2.126051188E0,9.497797966E0,9.805022861E0
9.830836788E0,1.189918280E0,-2.118868589E0,9.502586365E0,9.808397281E0
9.832826905E0,1.194706678E0,-2.109291792E0,9.500192642E0,9.804595665E0
9.834817296E0,1.209071875E0,-2.109291792E0,9.481039047E0,9.787802004E0
9.836808233E0,1.218648672E0,-2.121262789E0,9.476250648E0,9.786939601E0
9.838798741E0,1.225831270E0,-2.130839586E0,9.476250648E0,9.789916547E0
9.840789718E0,1.225831270E0,-2.140416384E0,9.464279175E0,9.780420487E0
9.842779562E0,1.230619669E0,-2.142810583E0,9.461885452E0,9.779229943E0
9.844770226E0,1.228225470E0,-2.140416384E0,9.469067574E0,9.785354404E0
9.846759913E0,1.216254473E0,-2.142810583E0,9.445125580E0,9.761214543E0
9.848750226E0,1.209071875E0,-2.154781580E0,9.442731857E0,9.760641546E0
9.850740499E0,1.211466074E0,-2.159569979E0,9.454702377E0,9.773576090E0
9.852730577E0,1.206677675E0,-2.157175779E0,9.469067574E0,9.786353717E0
9.854720733E0,1.204283476E0,-2.157175779E0,9.466673851E0,9.783742629E0
9.856709562E0,1.197100878E0,-2.152387381E0,9.469067574E0,9.784122989E0
9.858700733E0,1.177947283E0,-2.145204782E0,9.488221169E0,9.798765448E0
9.860690733E0,1.177947283E0,-2.140416384E0,9.514557838E0,9.823225181E0
9.862681085E0,1.161187768E0,-2.128445387E0,9.536105156E0,9.839509050E0
9.864670772E0,1.158793569E0,-2.116474390E0,9.550470352E0,9.850571066E0
9.866661554E0,1.156399369E0,-2.121262789E0,9.552865028E0,9.853641234E0
9.868651788E0,1.151610970E0,-2.121262789E0,9.550470352E0,9.850758732E0
9.870642765E0,1.149216771E0,-2.128445387E0,9.543288231E0,9.845066237E0
9.872634718E0,1.151610970E0,-2.133233786E0,9.545681953E0,9.848702360E0
9.874626124E0,1.163581967E0,-2.123656988E0,9.540893555E0,9.843398388E0
9.876617022E0,1.180341482E0,-2.133233786E0,9.524134636E0,9.831227439E0
9.878608233E0,1.189918280E0,-2.147598982E0,9.495404243E0,9.807690281E0
9.880599483E0,1.194706678E0,-2.152387381E0,9.481039047E0,9.795417138E0
9.882590577E0,1.221042871E0,-2.159569979E0,9.461885452E0,9.781715826E0
9.884581710E0,1.218648672E0,-2.159569979E0,9.433155060E0,9.753628118E0
9.886573116E0,1.218648672E0,-2.159569979E0,9.430760384E0,9.751312142E0
9.888563702E0,1.218648672E0,-2.166752577E0,9.440337181E0,9.762166123E0
9.890554679E0,1.216254473E0,-2.164358377E0,9.452308655E0,9.772914664E0
9.892545694E0,1.201889277E0,-2.164358377E0,9.461885452E0,9.780401900E0
9.894537022E0,1.201889277E0,-2.164358377E0,9.473855972E0,9.791983048E0
9.896527726E0,1.189918280E0,-2.157175779E0,9.481039047E0,9.795887620E0
9.898517960E0,1.187524080E0,-2.164358377E0,9.504981041E0,9.820352601E0
9.900507960E0,1.189918280E0,-2.164358377E0,9.519346237E0,9.834546532E0
9.902498312E0,1.182735682E0,-2.159569979E0,9.536105156E0,9.848853118E0
9.904489366E0,1.165976286E0,-2.161964178E0,9.526528358E0,9.838106137E0
9.906480147E0,1.146822572E0,-2.157175779E0,9.531316757E0,9.839441472E0
9.908471358E0,1.137245774E0,-2.164358377E0,9.516951561E0,9.825993189E0
9.910461866E0,1.142034173E0,-2.169146776E0,9.507374763E0,9.818330545E0
9.912453194E0,1.161187768E0,-2.171540976E0,9.493009567E0,9.807200308E0
9.914444054E0,1.173158884E0,-2.178723574E0,9.473855972E0,9.791684490E0
9.916436241E0,1.175553083E0,-2.183511972E0,9.464279175E0,9.783773806E0
9.918427530E0,1.180341482E0,-2.181117773E0,9.452308655E0,9.772237188E0
9.920418546E0,1.182735682E0,-2.190694571E0,9.433155060E0,9.756147845E0
9.922409444E0,1.194706678E0,-2.188300371E0,9.428366661E0,9.752439718E0
9.924400382E0,1.201889277E0,-2.185906172E0,9.430760384E0,9.755099438E0
9.926391944E0,1.221042871E0,-2.188300371E0,9.428366661E0,9.755701005E0
9.928382569E0,1.218648672E0,-2.185906172E0,9.449913979E0,9.775692537E0
9.930373116E0,1.213860273E0,-2.183511972E0,9.457097054E0,9.781506325E0
9.932363272E0,1.209071875E0,-2.181117773E0,9.452308655E0,9.775748997E0
9.934353702E0,1.197100878E0,-2.169146776E0,9.469067574E0,9.787823505E0
9.936344874E0,1.187524080E0,-2.171540976E0,9.476250648E0,9.794137532E0
9.938335772E0,1.173158884E0,-2.159569979E0,9.481039047E0,9.794393584E0
9.940326163E0,1.146822572E0,-2.152387381E0,9.493009567E0,9.801285839E0
9.942317452E0,1.139639974E0,-2.159569979E0,9.497797966E0,9.806665487E0
9.944308897E0,1.130063176E0,-2.145204782E0,9.504981041E0,9.809363431E0
9.946300968E0,1.125274777E0,-2.145204782E0,9.500192642E0,9.804172944E0
9.948292413E0,1.120486379E0,-2.133233786E0,9.483432770E0,9.784767407E0
9.950283585E0,1.118092179E0,-2.130839586E0,9.478644371E0,9.779330579E0
9.952274366E0,1.127668977E0,-2.116474390E0,9.478644371E0,9.777310483E0
9.954265890E0,1.132457376E0,-2.109291792E0,9.473855972E0,9.771669180E0
9.956256241E0,1.134851575E0,-2.111685991E0,9.476250648E0,9.774785531E0
9.958246163E0,1.151610970E0,-2.106897593E0,9.466673851E0,9.766429189E0
9.960236827E0,1.156399369E0,-2.109291792E0,9.461885452E0,9.762870873E0
9.962227804E0,1.165976286E0,-2.109291792E0,9.466673851E0,9.768650181E0
9.964218429E0,1.168370485E0,-2.118868589E0,9.481039047E0,9.784926934E0
9.966208507E0,1.168370485E0,-2.130839586E0,9.483432770E0,9.789844944E0
9.968199757E0,1.165976286E0,-2.140416384E0,9.481039047E0,9.789330131E0
9.970190265E0,1.168370485E0,-2.142810583E0,9.488221169E0,9.797094862E0
9.972181710E0,1.168370485E0,-2.159569979E0,9.485827446E0,9.798456737E0
9.974173038E0,1.165976286E0,-2.164358377E0,9.493009567E0,9.806180629E0
9.976163741E0,1.156399369E0,-2.159569979E0,9.493009567E0,9.803990649E0
9.978154171E0,1.154005170E0,-2.152387381E0,9.507374763E0,9.816041680E0
9.980144757E0,1.144428372E0,-2.154781580E0,9.509769440E0,9.817765263E0
9.982135733E0,1.151610970E0,-2.149993181E0,9.507374763E0,9.815235779E0
9.984126554E0,1.144428372E0,-2.157175779E0,9.507374763E0,9.815971604E0
9.986116788E0,1.146822572E0,-2.154781580E0,9.519346237E0,9.827321021E0
9.988107296E0,1.161187768E0,-2.149993181E0,9.521739960E0,9.830277696E0
9.990098116E0,1.168370485E0,-2.149993181E0,9.521739960E0,9.831128731E0
9.992087687E0,1.182735682E0,-2.157175779E0,9.504981041E0,9.818194112E0
9.994077765E0,1.197100878E0,-2.157175779E0,9.495404243E0,9.810665604E0
9.996068155E0,1.221042871E0,-2.159569979E0,9.481039047E0,9.800244364E0
9.998058429E0,1.237802267E0,-2.173935175E0,9.478644371E0,9.803205991E0
1.000004843E1,1.252167463E0,-2.185906172E0,9.457097054E0,9.786868438E0
1.000203796E1,1.264138460E0,-2.190694571E0,9.452308655E0,9.784851948E0
1.000402816E1,1.268926859E0,-2.190694571E0,9.447520256E0,9.780846439E0
1.000601745E1,1.273715258E0,-2.197877169E0,9.433155060E0,9.769208207E0
1.000800698E1,1.288080573E0,-2.212242365E0,9.428366661E0,9.769711651E0
1.000999765E1,1.290474772E0,-2.221819162E0,9.423578262E0,9.767580703E0
1.001198800E1,1.288080573E0,-2.229001760E0,9.435548782E0,9.780448928E0
1.001397745E1,1.290474772E0,-2.226607561E0,9.421183586E0,9.766360967E0
1.001596761E1,1.292868972E0,-2.219424963E0,9.402029991E0,9.746564795E0
1.001795839E1,1.290474772E0,-2.224213362E0,9.397241592E0,9.742720347E0
1.001994886E1,1.283292055E0,-2.229001760E0,9.397241592E0,9.742865949E0
1.002193941E1,1.264138460E0,-2.224213362E0,9.404424667E0,9.746197948E0
1.002393038E1,1.249773264E0,-2.214636564E0,9.411606789E0,9.749096915E0
1.002592163E1,1.233013868E0,-2.212242365E0,9.414001465E0,9.748731356E0
1.002791261E1,1.209071875E0,-2.219424963E0,9.435548782E0,9.768177045E0
1.002990327E1,1.197100878E0,-2.214636564E0,9.459490776E0,9.788750245E0
1.003189253E1,1.168370485E0,-2.202665567E0,9.485827446E0,9.808045041E0
1.003388241E1,1.161187768E0,-2.195482969E0,9.488221169E0,9.807896994E0
1.003587366E1,1.139639974E0,-2.183511972E0,9.512163162E0,9.825871556E0
1.003786405E1,1.125274777E0,-2.169146776E0,9.531316757E0,9.839585367E0
1.003985569E1,1.122880578E0,-2.183511972E0,9.507374763E0,9.819305486E0
1.004184702E1,1.122880578E0,-2.188300371E0,9.509769440E0,9.822689759E0
1.004383792E1,1.122880578E0,-2.188300371E0,9.488221169E0,9.801829434E0
1.004582858E1,1.142034173E0,-2.207453966E0,9.473855972E0,9.794439343E0
1.004781902E1,1.151610970E0,-2.209848166E0,9.461885452E0,9.784524161E0
1.004980929E1,1.173158884E0,-2.209848166E0,9.430760384E0,9.756996059E0
1.005179960E1,1.185129881E0,-2.221819162E0,9.382876396E0,9.714905182E0
1.005379058E1,1.201889277E0,-2.248155355E0,9.342175484E0,9.683748401E0
1.005578140E1,1.235408068E0,-2.252943754E0,9.337387085E0,9.684461071E0
1.005777159E1,1.252167463E0,-2.250549555E0,9.325415611E0,9.674516679E0
1.005976128E1,1.261744261E0,-2.260126352E0,9.337387085E0,9.689528744E0
1.006175109E1,1.266532660E0,-2.264914751E0,9.342175484E0,9.695885033E0
1.006374120E1,1.266532660E0,-2.262520552E0,9.361329079E0,9.713783318E0
1.006573241E1,1.268926859E0,-2.255337954E0,9.375694275E0,9.726272040E0
1.006772241E1,1.264138460E0,-2.233790159E0,9.390059471E0,9.734530363E0
1.006971280E1,1.256955862E0,-2.233790159E0,9.414001465E0,9.756699242E0
1.007170370E1,1.242590666E0,-2.229001760E0,9.447520256E0,9.786118710E0
1.007369382E1,1.233013868E0,-2.207453966E0,9.461885452E0,9.793898740E0
1.007568245E1,1.230619669E0,-2.200271368E0,9.473855972E0,9.803548635E0
1.007767128E1,1.228225470E0,-2.190694571E0,9.485827446E0,9.812675621E0
1.007966171E1,1.221042871E0,-2.181117773E0,9.507374763E0,9.830482965E0
1.008165101E1,1.221042871E0,-2.159569979E0,9.509769440E0,9.828041666E0
1.008364062E1,1.221042871E0,-2.152387381E0,9.512163162E0,9.828782486E0
1.008563097E1,1.221042871E0,-2.152387381E0,9.519346237E0,9.835734335E0
1.008762081E1,1.242590666E0,-2.152387381E0,9.538499832E0,9.856966168E0
1.008961073E1,1.259350061E0,-2.149993181E0,9.528923035E0,9.849304923E0
1.009160030E1,1.264138460E0,-2.145204782E0,9.526528358E0,9.846557377E0
1.009359054E1,1.273715258E0,-2.142810583E0,9.519346237E0,9.840322176E0
1.009558030E1,1.288080573E0,-2.145204782E0,9.509769440E0,9.833451577E0
1.009757069E1,1.302445769E0,-2.140416384E0,9.490615845E0,9.815779968E0
1.009955925E1,1.300051570E0,-2.149993181E0,9.469067574E0,9.796726263E0
1.010154761E1,1.297657371E0,-2.152387381E0,9.459490776E0,9.787678572E0
1.010353706E1,1.295263171E0,-2.145204782E0,9.435548782E0,9.762642627E0
1.010552706E1,1.297657371E0,-2.140416384E0,9.423578262E0,9.750339697E0
1.010751687E1,1.290474772E0,-2.145204782E0,9.421183586E0,9.748124377E0
1.010950780E1,1.280897856E0,-2.138022184E0,9.423578262E0,9.747597932E0
1.011149886E1,1.264138460E0,-2.140416384E0,9.423578262E0,9.745935338E0
1.011348898E1,1.247379065E0,-2.147598982E0,9.447520256E0,9.768509349E0
1.011547929E1,1.221042871E0,-2.152387381E0,9.459490776E0,9.777815854E0
1.011746870E1,1.187524080E0,-2.145204782E0,9.488221169E0,9.799921323E0
1.011945792E1,1.161187768E0,-2.142810583E0,9.504981041E0,9.812474653E0
1.012144714E1,1.149216771E0,-2.142810583E0,9.516951561E0,9.822662745E0
1.012343663E1,1.118092179E0,-2.152387381E0,9.545681953E0,9.849007336E0
1.012542640E1,1.089361787E0,-2.157175779E0,9.572018623E0,9.872368357E0
1.012741659E1,1.077390790E0,-2.164358377E0,9.576807022E0,9.877269402E0
1.012940648E1,1.060631394E0,-2.161964178E0,9.610325813E0,9.907441158E0
1.013139566E1,1.058237195E0,-2.181117773E0,9.603142738E0,9.904417759E0
1.013338495E1,1.048660398E0,-2.190694571E0,9.600749016E0,9.903192061E0
1.013537476E1,1.048660398E0,-2.188300371E0,9.593565941E0,9.895698793E0
1.013736444E1,1.058237195E0,-2.183511972E0,9.572018623E0,9.874772454E0
1.013935550E1,1.060631394E0,-2.185906172E0,9.550470352E0,9.854674459E0
1.014134542E1,1.065419793E0,-2.185906172E0,9.514557838E0,9.820392863E0
1.014333538E1,1.077390790E0,-2.181117773E0,9.493009567E0,9.799758992E0
1.014532538E1,1.098938584E0,-2.161964178E0,9.476250648E0,9.781670689E0
1.014731499E1,1.115697980E0,-2.152387381E0,9.466673851E0,9.772178223E0
1.014930577E1,1.118092179E0,-2.145204782E0,9.464279175E0,9.768552297E0
1.015129491E1,1.130063176E0,-2.128445387E0,9.452308655E0,9.754663575E0
1.015328515E1,1.146822572E0,-2.121262789E0,9.454702377E0,9.757374384E0
1.015527511E1,1.168370485E0,-2.104503393E0,9.447520256E0,9.749341676E0
1.015726534E1,1.170764685E0,-2.087743998E0,9.435548782E0,9.734420669E0
1.015925581E1,1.182735682E0,-2.080561161E0,9.423578262E0,9.722727277E0
1.016124554E1,1.182735682E0,-2.068590164E0,9.411606789E0,9.708566903E0
1.016323605E1,1.189918280E0,-2.059013367E0,9.433155060E0,9.728301801E0
1.016522628E1,1.187524080E0,-2.054224968E0,9.445125580E0,9.738606208E0
1.016721652E1,1.204283476E0,-2.047042370E0,9.461885452E0,9.755406576E0
1.016920679E1,1.192312479E0,-2.049436569E0,9.478644371E0,9.770695902E0
1.017119726E1,1.199495077E0,-2.059013367E0,9.478644371E0,9.773588062E0
1.017318796E1,1.201889277E0,-2.063801765E0,9.497797966E0,9.793466279E0
1.017517749E1,1.197100878E0,-2.068590164E0,9.504981041E0,9.800856104E0
1.017716823E1,1.192312479E0,-2.073378563E0,9.519346237E0,9.815215764E0
1.017915890E1,1.192312479E0,-2.073378563E0,9.519346237E0,9.815215764E0
1.018114878E1,1.197100878E0,-2.085349798E0,9.519346237E0,9.818334231E0
1.018313882E1,1.197100878E0,-2.085349798E0,9.536105156E0,9.834583664E0
1.018512917E1,1.185129881E0,-2.087743998E0,9.543288231E0,9.840607608E0
1.018711890E1,1.177947283E0,-2.090138197E0,9.548076630E0,9.844897400E0
1.018910769E1,1.182735682E0,-2.092532396E0,9.545681953E0,9.843657830E0
1.019109734E1,1.192312479E0,-2.099714994E0,9.524134636E0,9.825454324E0
1.019308652E1,1.187524080E0,-2.104503393E0,9.521739960E0,9.823577751E0
1.019507636E1,1.187524080E0,-2.106897593E0,9.502586365E0,9.805527958E0
1.019706585E1,1.189918280E0,-2.114080191E0,9.493009567E0,9.798085079E0
1.019905526E1,1.187524080E0,-2.121262789E0,9.483432770E0,9.790069783E0
1.020104503E1,1.187524080E0,-2.130839586E0,9.457097054E0,9.766646070E0
1.020303444E1,1.177947283E0,-2.147598982E0,9.447520256E0,9.759886279E0
1.020502425E1,1.177947283E0,-2.152387381E0,9.445125580E0,9.758623287E0
1.020701382E1,1.180341482E0,-2.164358377E0,9.435548782E0,9.752293783E0
1.020900386E1,1.180341482E0,-2.166752577E0,9.437943459E0,9.755142207E0
1.021099433E1,1.163581967E0,-2.166752577E0,9.449913979E0,9.764712690E0
1.021298448E1,1.161187768E0,-2.178723574E0,9.466673851E0,9.783307582E0
1.021497499E1,1.156399369E0,-2.178723574E0,9.490615845E0,9.805910719E0
1.021696417E1,1.149216771E0,-2.176329374E0,9.493009567E0,9.806851655E0
1.021895398E1,1.130063176E0,-2.176329374E0,9.495404243E0,9.806944176E0
1.022094409E1,1.125274777E0,-2.178723574E0,9.502586365E0,9.813879322E0
1.022293358E1,1.122880578E0,-2.176329374E0,9.507374763E0,9.817710794E0
1.022492339E1,1.122880578E0,-2.173935175E0,9.514557838E0,9.824136898E0
1.022691339E1,1.120486379E0,-2.173935175E0,9.507374763E0,9.816906782E0
1.022890339E1,1.115697980E0,-2.171540976E0,9.504981041E0,9.813512968E0
1.023089304E1,1.125274777E0,-2.173935175E0,9.509769440E0,9.819773534E0
1.023288316E1,1.132457376E0,-2.164358377E0,9.483432770E0,9.792977279E0
1.023487398E1,1.137245774E0,-2.164358377E0,9.478644371E0,9.788895456E0
1.023686316E1,1.142034173E0,-2.169146776E0,9.471462250E0,9.783559523E0
1.023885249E1,1.144428372E0,-2.164358377E0,9.471462250E0,9.782778779E0
1.024084120E1,1.154005170E0,-2.149993181E0,9.466673851E0,9.776099039E0
1.024283003E1,1.161187768E0,-2.142810583E0,9.469067574E0,9.777690675E0
1.024481987E1,1.161187768E0,-2.140416384E0,9.471462250E0,9.779485491E0
1.024680995E1,1.165976286E0,-2.126051188E0,9.469067574E0,9.774601530E0
1.024879984E1,1.173158884E0,-2.130839586E0,9.483432770E0,9.790417571E0
1.025079030E1,1.177947283E0,-2.130839586E0,9.497797966E0,9.804907105E0
1.025278120E1,1.175553083E0,-2.133233786E0,9.495404243E0,9.802821695E0
1.025477058E1,1.180341482E0,-2.133233786E0,9.490615845E0,9.798759182E0
1.025675968E1,1.180341482E0,-2.128445387E0,9.497797966E0,9.804675006E0
1.025874866E1,1.182735682E0,-2.142810583E0,9.490615845E0,9.801137179E0
1.026073819E1,1.185129881E0,-2.157175779E0,9.488221169E0,9.802258980E0
1.026272886E1,1.182735682E0,-2.166752577E0,9.471462250E0,9.787863790E0
1.026471835E1,1.187524080E0,-2.169146776E0,9.464279175E0,9.782023895E0
1.026670866E1,1.189918280E0,-2.171540976E0,9.461885452E0,9.780530253E0
1.026869804E1,1.194706678E0,-2.173935175E0,9.457097054E0,9.777014006E0
1.027068749E1,1.187524080E0,-2.176329374E0,9.461885452E0,9.781303558E0
1.027267702E1,1.187524080E0,-2.181117773E0,9.478644371E0,9.798580882E0
1.027466722E1,1.192312479E0,-2.176329374E0,9.478644371E0,9.798097657E0
1.027665702E1,1.194706678E0,-2.178723574E0,9.476250648E0,9.796605882E0
1.027864671E1,1.189918280E0,-2.178723574E0,9.454702377E0,9.775179741E0
1.028063616E1,1.197100878E0,-2.183511972E0,9.454702377E0,9.777124940E0
1.028262593E1,1.206677675E0,-2.181117773E0,9.466673851E0,9.789344184E0
1.028461640E1,1.204283476E0,-2.188300371E0,9.454702377E0,9.779077372E0
1.028660655E1,1.206677675E0,-2.202665567E0,9.435548782E0,9.764086616E0
1.028859620E1,1.204283476E0,-2.209848166E0,9.425971985E0,9.756160898E0
1.029058609E1,1.204283476E0,-2.212242365E0,9.414001465E0,9.745139227E0
1.029257605E1,1.213860273E0,-2.221819162E0,9.404424667E0,9.739257696E0
1.029456577E1,1.218648672E0,-2.217030764E0,9.394847870E0,9.729516766E0
1.029655550E1,1.218648672E0,-2.217030764E0,9.387664795E0,9.722580948E0
1.029854499E1,1.216254473E0,-2.226607561E0,9.385271072E0,9.722158674E0
1.030053444E1,1.216254473E0,-2.224213362E0,9.394847870E0,9.730856412E0
1.030252335E1,1.204283476E0,-2.226607561E0,9.409213066E0,9.743786248E0
1.030451234E1,1.194706678E0,-2.229001760E0,9.423578262E0,9.757028244E0
1.030650226E1,1.192312479E0,-2.226607561E0,9.421183586E0,9.753875663E0
1.030849230E1,1.187524080E0,-2.221819162E0,9.440337181E0,9.770704167E0
1.031048105E1,1.180341482E0,-2.219424963E0,9.454702377E0,9.783171788E0
1.031246968E1,1.177947283E0,-2.221819162E0,9.454702377E0,9.783426661E0
1.031445788E1,1.168370485E0,-2.217030764E0,9.476250648E0,9.802022309E0
1.031644683E1,1.158793569E0,-2.224213362E0,9.466673851E0,9.793254894E0
1.031843569E1,1.156399369E0,-2.226607561E0,9.469067574E0,9.795829799E0
1.032042421E1,1.156399369E0,-2.221819162E0,9.461885452E0,9.787799354E0
1.032241292E1,1.158793569E0,-2.217030764E0,9.461885452E0,9.786996692E0
1.032440124E1,1.156399369E0,-2.219424963E0,9.461885452E0,9.787256152E0
1.032638894E1,1.168370485E0,-2.226607561E0,9.447520256E0,9.776426229E0
1.032837683E1,1.158793569E0,-2.233790159E0,9.457097054E0,9.786179320E0
1.033036499E1,1.168370485E0,-2.243366957E0,9.449913979E0,9.782569146E0
1.033235374E1,1.173158884E0,-2.243366957E0,9.452308655E0,9.785455328E0
1.033434253E1,1.182735682E0,-2.243366957E0,9.452308655E0,9.786608090E0
1.033633198E1,1.185129881E0,-2.233790159E0,9.449913979E0,9.782393649E0
1.033832183E1,1.189918280E0,-2.226607561E0,9.435548782E0,9.767459627E0
1.034031093E1,1.194706678E0,-2.229001760E0,9.442731857E0,9.775528519E0
1.034230034E1,1.206677675E0,-2.238578558E0,9.454702377E0,9.790745733E0
1.034429042E1,1.216254473E0,-2.233790159E0,9.442731857E0,9.779278007E0
1.034627960E1,1.211466074E0,-2.243366957E0,9.440337181E0,9.778563874E0
1.034826882E1,1.211466074E0,-2.240972757E0,9.442731857E0,9.780326880E0
1.035025874E1,1.204283476E0,-2.238578558E0,9.440337181E0,9.776579092E0
1.035224741E1,1.206677675E0,-2.238578558E0,9.454702377E0,9.790745733E0
1.035423652E1,1.209071875E0,-2.233790159E0,9.454702377E0,9.789947411E0
1.035622644E1,1.204283476E0,-2.221819162E0,9.471462250E0,9.802824911E0
1.035821706E1,1.206677675E0,-2.217030764E0,9.490615845E0,9.820544055E0
1.036020644E1,1.194706678E0,-2.200271368E0,9.488221169E0,9.812994399E0
1.036219706E1,1.201889277E0,-2.195482969E0,9.504981041E0,9.829005437E0
1.036418796E1,1.201889277E0,-2.183511972E0,9.519346237E0,9.840234507E0
1.036617835E1,1.199495077E0,-2.183511972E0,9.533711433E0,9.853840199E0
1.036816796E1,1.206677675E0,-2.181117773E0,9.540893555E0,9.861135613E0
1.037015796E1,1.189918280E0,-2.176329374E0,9.536105156E0,9.853406345E0
1.037214835E1,1.187524080E0,-2.173935175E0,9.538499832E0,9.854906729E0
1.037413847E1,1.180341482E0,-2.171540976E0,9.555258751E0,9.869739917E0
1.037612894E1,1.177947283E0,-2.178723574E0,9.557653427E0,9.873354812E0
1.037811812E1,1.182735682E0,-2.166752577E0,9.557653427E0,9.871292694E0
1.038010862E1,1.187524080E0,-2.169146776E0,9.543288231E0,9.858486772E0
1.038209749E1,1.189918280E0,-2.166752577E0,9.538499832E0,9.853613616E0
1.038408773E1,1.187524080E0,-2.161964178E0,9.524134636E0,9.838365876E0
1.038607784E1,1.185129881E0,-2.161964178E0,9.519346237E0,9.833441652E0
1.038806831E1,1.182735682E0,-2.164358377E0,9.509769440E0,9.824409686E0
1.039005773E1,1.175553083E0,-2.161964178E0,9.497797966E0,9.811431107E0
1.039204722E1,1.170764685E0,-2.154781580E0,9.488221169E0,9.800005844E0
1.039403694E1,1.165976286E0,-2.159569979E0,9.485827446E0,9.798171540E0
1.039602706E1,1.168370485E0,-2.142810583E0,9.500192642E0,9.808689363E0
1.039801655E1,1.163581967E0,-2.138022184E0,9.504981041E0,9.811713736E0
1.040000644E1,1.163581967E0,-2.126051188E0,9.512163162E0,9.816071754E0
1.040199734E1,1.156399369E0,-2.128445387E0,9.526528358E0,9.829663363E0
1.040398792E1,1.151610970E0,-2.130839586E0,9.550470352E0,9.852825438E0
1.040597749E1,1.156399369E0,-2.116474390E0,9.552865028E0,9.852611511E0
1.040796741E1,1.161187768E0,-2.128445387E0,9.548076630E0,9.851111822E0
1.040995675E1,1.163581967E0,-2.114080191E0,9.524134636E0,9.825090260E0
1.041194702E1,1.161187768E0,-2.116474390E0,9.524134636E0,9.825322460E0
1.041393659E1,1.163581967E0,-2.133233786E0,9.512163162E0,9.817629928E0
1.041592487E1,1.165976286E0,-2.138022184E0,9.495404243E0,9.802721117E0
1.041791405E1,1.168370485E0,-2.149993181E0,9.464279175E0,9.775486718E0
1.041990323E1,1.175553083E0,-2.152387381E0,9.437943459E0,9.751383144E0
1.042189249E1,1.185129881E0,-2.169146776E0,9.425971985E0,9.744674362E0
1.042388069E1,1.192312479E0,-2.176329374E0,9.425971985E0,9.747151710E0
1.042586874E1,1.199495077E0,-2.178723574E0,9.425971985E0,9.748567726E0
1.042785816E1,1.206677675E0,-2.181117773E0,9.406818390E0,9.731473577E0
1.042984757E1,1.225831270E0,-2.188300371E0,9.423578262E0,9.751674117E0
1.043183702E1,1.230619669E0,-2.197877169E0,9.423578262E0,9.754430587E0
1.043382648E1,1.235408068E0,-2.217030764E0,9.430760384E0,9.766304312E0
1.043581585E1,1.240196466E0,-2.226607561E0,9.433155060E0,9.771401276E0
1.043780523E1,1.218648672E0,-2.233790159E0,9.435548782E0,9.772640579E0
1.043979491E1,1.218648672E0,-2.236184359E0,9.449913979E0,9.787057743E0
1.044178523E1,1.218648672E0,-2.238578558E0,9.452308655E0,9.789917132E0
1.044377523E1,1.206677675E0,-2.245761156E0,9.459490776E0,9.797013827E0
1.044576515E1,1.201889277E0,-2.243366957E0,9.461885452E0,9.798189090E0
1.044775468E1,1.189918280E0,-2.250549555E0,9.466673851E0,9.802999164E0
1.044974351E1,1.182735682E0,-2.245761156E0,9.483432770E0,9.817219767E0
1.045173226E1,1.187524080E0,-2.236184359E0,9.488221169E0,9.820238025E0
1.045372038E1,1.185129881E0,-2.229001760E0,9.488221169E0,9.818315672E0
1.045571093E1,1.185129881E0,-2.224213362E0,9.490615845E0,9.819544135E0
1.045770112E1,1.182735682E0,-2.217030764E0,9.497797966E0,9.824574052E0
1.045969054E1,1.182735682E0,-2.214636564E0,9.509769440E0,9.835608451E0
1.046168038E1,1.182735682E0,-2.202665567E0,9.495404243E0,9.819027500E0
1.046367058E1,1.173158884E0,-2.214636564E0,9.476250648E0,9.802053011E0
1.046565980E1,1.192312479E0,-2.207453966E0,9.481039047E0,9.807372914E0
1.046764886E1,1.192312479E0,-2.197877169E0,9.490615845E0,9.814482269E0
1.046963835E1,1.182735682E0,-2.200271368E0,9.483432770E0,9.806913627E0
1.047162804E1,1.187524080E0,-2.185906172E0,9.478644371E0,9.799647868E0
1.047361737E1,1.189918280E0,-2.188300371E0,9.476250648E0,9.798157499E0
1.047560569E1,1.192312479E0,-2.185906172E0,9.483432770E0,9.804860628E0
1.047759355E1,1.175553083E0,-2.181117773E0,9.497797966E0,9.815669411E0
1.047958187E1,1.173158884E0,-2.176329374E0,9.526528358E0,9.842126492E0
1.048157077E1,1.149216771E0,-2.166752577E0,9.555258751E0,9.865013214E0
1.048356019E1,1.137245774E0,-2.169146776E0,9.564835548E0,9.873429230E0
1.048555050E1,1.134851575E0,-2.169146776E0,9.576807022E0,9.884751821E0
1.048754015E1,1.122880578E0,-2.171540976E0,9.588777542E0,9.895509373E0
1.048952972E1,1.130063176E0,-2.171540976E0,9.579200745E0,9.887048088E0
1.049151890E1,1.122880578E0,-2.176329374E0,9.579200745E0,9.887282602E0
1.049350882E1,1.125274777E0,-2.183511972E0,9.562441826E0,9.872905425E0
1.049549800E1,1.125274777E0,-2.178723574E0,9.543288231E0,9.853295387E0
1.049748757E1,1.120486379E0,-2.173935175E0,9.516951561E0,9.826181908E0
1.049947640E1,1.115697980E0,-2.171540976E0,9.504981041E0,9.813512968E0
1.050146593E1,1.120486379E0,-2.166752577E0,9.483432770E0,9.792129674E0
1.050345569E1,1.130063176E0,-2.166752577E0,9.459490776E0,9.770047352E0
1.050544538E1,1.132457376E0,-2.159569979E0,9.452308655E0,9.761779608E0
1.050743476E1,1.142034173E0,-2.152387381E0,9.461885452E0,9.770582879E0
1.050942421E1,1.144428372E0,-2.145204782E0,9.452308655E0,9.760008133E0
1.051141198E1,1.149216771E0,-2.140416384E0,9.459490776E0,9.766475681E0
1.051340155E1,1.154005170E0,-2.135627985E0,9.464279175E0,9.770630232E0
1.051539144E1,1.156399369E0,-2.145204782E0,9.454702377E0,9.763736995E0
1.051738062E1,1.168370485E0,-2.149993181E0,9.457097054E0,9.768533408E0
1.051936937E1,1.182735682E0,-2.142810583E0,9.473855972E0,9.784909191E0
1.052135882E1,1.180341482E0,-2.145204782E0,9.473855972E0,9.785144688E0
1.052334866E1,1.187524080E0,-2.152387381E0,9.488221169E0,9.801496101E0
1.052533800E1,1.194706678E0,-2.161964178E0,9.485827446E0,9.802159736E0
1.052732690E1,1.192312479E0,-2.164358377E0,9.488221169E0,9.804713008E0
1.052931663E1,1.197100878E0,-2.169146776E0,9.497797966E0,9.815620941E0
1.053130734E1,1.209071875E0,-2.169146776E0,9.500192642E0,9.819404909E0
1.053329776E1,1.199495077E0,-2.173935175E0,9.481039047E0,9.800759358E0
1.053528753E1,1.209071875E0,-2.181117773E0,9.483432770E0,9.805846554E0
1.053727741E1,1.213860273E0,-2.185906172E0,9.481039047E0,9.805189645E0
1.053926741E1,1.209071875E0,-2.181117773E0,9.481039047E0,9.803531555E0
1.054125706E1,1.209071875E0,-2.183511972E0,9.485827446E0,9.808695207E0
1.054324741E1,1.213860273E0,-2.181117773E0,9.488221169E0,9.811068874E0
1.054523687E1,1.206677675E0,-2.178723574E0,9.497797966E0,9.818914076E0
1.054722530E1,1.194706678E0,-2.169146776E0,9.500192642E0,9.817646460E0
1.054921351E1,1.201889277E0,-2.161964178E0,9.502586365E0,9.819255296E0
1.055120249E1,1.213860273E0,-2.154781580E0,9.509769440E0,9.826100713E0
1.055319046E1,1.216254473E0,-2.149993181E0,9.507374763E0,9.823030109E0
1.055517878E1,1.221042871E0,-2.149993181E0,9.485827446E0,9.802771991E0
1.055716690E1,1.228225470E0,-2.149993181E0,9.488221169E0,9.805985388E0
1.055915558E1,1.228225470E0,-2.152387381E0,9.485827446E0,9.804194591E0
1.056114448E1,1.223437071E0,-2.154781580E0,9.476250648E0,9.794856215E0
1.056313359E1,1.218648672E0,-2.145204782E0,9.469067574E0,9.785205611E0
1.056512230E1,1.218648672E0,-2.152387381E0,9.473855972E0,9.791415781E0
1.056711030E1,1.204283476E0,-2.142810583E0,9.466673851E0,9.780585345E0
1.056909851E1,1.201889277E0,-2.142810583E0,9.481039047E0,9.794196059E0
1.057108640E1,1.201889277E0,-2.142810583E0,9.485827446E0,9.798831428E0
1.057307566E1,1.192312479E0,-2.140416384E0,9.495404243E0,9.806410816E0
1.057506562E1,1.187524080E0,-2.138022184E0,9.509769440E0,9.819219271E0
1.057705534E1,1.187524080E0,-2.130839586E0,9.512163162E0,9.819976518E0
1.057904441E1,1.182735682E0,-2.130839586E0,9.512163162E0,9.819398610E0
1.058103425E1,1.173158884E0,-2.138022184E0,9.507374763E0,9.815172720E0
1.058302370E1,1.170764685E0,-2.130839586E0,9.497797966E0,9.804046792E0
1.058501355E1,1.163581967E0,-2.126051188E0,9.493009567E0,9.797512301E0
1.058700277E1,1.163581967E0,-2.126051188E0,9.483432770E0,9.788233433E0
1.058899155E1,1.154005170E0,-2.109291792E0,9.469067574E0,9.769548634E0
1.059098171E1,1.146822572E0,-2.102109194E0,9.459490776E0,9.757870199E0
1.059297132E1,1.139639974E0,-2.109291792E0,9.469067574E0,9.767862194E0
1.059496132E1,1.127668977E0,-2.104503393E0,9.471462250E0,9.767761719E0
1.059695050E1,1.120486379E0,-2.090138197E0,9.502586365E0,9.794044876E0
1.059893948E1,1.125274777E0,-2.094926596E0,9.512163162E0,9.804907383E0
1.060092917E1,1.125274777E0,-2.090138197E0,9.514557838E0,9.806208843E0
1.060291894E1,1.120486379E0,-2.094926596E0,9.531316757E0,9.822942853E0
1.060490933E1,1.120486379E0,-2.109291792E0,9.538499832E0,9.832984320E0
1.060689890E1,1.125274777E0,-2.109291792E0,9.548076630E0,9.842820862E0
1.060888831E1,1.125274777E0,-2.114080191E0,9.562441826E0,9.857782309E0
1.061087765E1,1.120486379E0,-2.116474390E0,9.545681953E0,9.841493663E0
1.061286687E1,1.118092179E0,-2.121262789E0,9.528923035E0,9.825999193E0
1.061485698E1,1.122880578E0,-2.128445387E0,9.516951561E0,9.816491612E0
1.061684710E1,1.132457376E0,-2.128445387E0,9.516951561E0,9.817591685E0
1.061883620E1,1.146822572E0,-2.126051188E0,9.500192642E0,9.802497432E0
1.062082542E1,1.156399369E0,-2.123656988E0,9.483432770E0,9.786862398E0
1.062281562E1,1.156399369E0,-2.126051188E0,9.478644371E0,9.782742574E0
1.062480519E1,1.163581967E0,-2.128445387E0,9.476250648E0,9.781795802E0
1.062679550E1,1.173158884E0,-2.123656988E0,9.454702377E0,9.761025449E0
1.062878652E1,1.194706678E0,-2.123656988E0,9.449913979E0,9.759001857E0
1.063077698E1,1.201889277E0,-2.128445387E0,9.452308655E0,9.763245183E0
1.063276577E1,1.209071875E0,-2.133233786E0,9.452308655E0,9.765176910E0
1.063475480E1,1.209071875E0,-2.133233786E0,9.457097054E0,9.769811967E0
1.063674409E1,1.206677675E0,-2.135627985E0,9.445125580E0,9.758451471E0
1.063873319E1,1.194706678E0,-2.140416384E0,9.459490776E0,9.771932874E0
1.064072343E1,1.187524080E0,-2.135627985E0,9.452308655E0,9.763055835E0
1.064271413E1,1.180341482E0,-2.142810583E0,9.478644371E0,9.789256474E0
1.064470308E1,1.180341482E0,-2.138022184E0,9.493009567E0,9.802120970E0
1.064669308E1,1.182735682E0,-2.149993181E0,9.509769440E0,9.821254969E0
1.064868382E1,1.177947283E0,-2.159569979E0,9.524134636E0,9.836688612E0
1.065067398E1,1.180341482E0,-2.166752577E0,9.531316757E0,9.845507700E0
1.065266351E1,1.182735682E0,-2.164358377E0,9.516951561E0,9.831361955E0
1.065465358E1,1.177947283E0,-2.164358377E0,9.500192642E0,9.814564036E0
1.065664343E1,1.165976286E0,-2.166752577E0,9.483432770E0,9.797439182E0
1.065863425E1,1.165976286E0,-2.166752577E0,9.473855972E0,9.788169615E0
1.066062472E1,1.173158884E0,-2.159569979E0,9.461885452E0,9.775853956E0
1.066261495E1,1.173158884E0,-2.157175779E0,9.433155060E0,9.747518838E0
1.066460628E1,1.165976286E0,-2.149993181E0,9.421183586E0,9.733481984E0
1.066659730E1,1.177947283E0,-2.159569979E0,9.416395187E0,9.732409805E0
1.066858882E1,1.177947283E0,-2.166752577E0,9.416395187E0,9.734006105E0
1.067058019E1,1.187524080E0,-2.176329374E0,9.394847870E0,9.716470012E0
1.067257206E1,1.194706678E0,-2.188300371E0,9.399636269E0,9.724666809E0
1.067456249E1,1.194706678E0,-2.185906172E0,9.409213066E0,9.733385863E0
1.067655175E1,1.182735682E0,-2.181117773E0,9.421183586E0,9.742424677E0
1.067854128E1,1.158793569E0,-2.183511972E0,9.445125580E0,9.763243533E0
1.068053167E1,1.144428372E0,-2.185906172E0,9.466673851E0,9.782934932E0
1.068252144E1,1.137245774E0,-2.178723574E0,9.471462250E0,9.785129611E0
1.068451163E1,1.139639974E0,-2.176329374E0,9.488221169E0,9.801098395E0
1.068650163E1,1.154005170E0,-2.178723574E0,9.493009567E0,9.807945503E0
1.068849191E1,1.156399369E0,-2.178723574E0,9.490615845E0,9.805910719E0
1.069048190E1,1.170764685E0,-2.190694571E0,9.495404243E0,9.814913876E0
1.069247191E1,1.187524080E0,-2.195482969E0,9.485827446E0,9.808734946E0
1.069446152E1,1.201889277E0,-2.193088770E0,9.471462250E0,9.796059072E0
1.069645175E1,1.213860273E0,-2.200271368E0,9.452308655E0,9.780633403E0
1.069844148E1,1.221042871E0,-2.209848166E0,9.435548782E0,9.767494839E0
1.070043144E1,1.218648672E0,-2.207453966E0,9.423578262E0,9.755090203E0
1.070242101E1,1.223437071E0,-2.207453966E0,9.421183586E0,9.753376412E0
1.070440972E1,1.218648672E0,-2.209848166E0,9.409213066E0,9.741756722E0
1.070639999E1,1.218648672E0,-2.202665567E0,9.409213066E0,9.740129912E0
1.070838917E1,1.209071875E0,-2.193088770E0,9.402029991E0,9.729833560E0
1.071037839E1,1.187524080E0,-2.176329374E0,9.421183586E0,9.741936314E0
1.071236804E1,1.180341482E0,-2.166752577E0,9.442731857E0,9.759774981E0
1.071435808E1,1.161187768E0,-2.149993181E0,9.466673851E0,9.776949499E0
1.071634741E1,1.144428372E0,-2.133233786E0,9.481039047E0,9.785218654E0
1.071833784E1,1.137245774E0,-2.128445387E0,9.497797966E0,9.799580293E0
1.072032808E1,1.120486379E0,-2.121262789E0,9.514557838E0,9.812342045E0
1.072231847E1,1.113303781E0,-2.114080191E0,9.543288231E0,9.837841766E0
1.072430737E1,1.108515382E0,-2.106897593E0,9.557653427E0,9.849698617E0
1.072629706E1,1.101332784E0,-2.109291792E0,9.569623947E0,9.861021664E0
1.072828644E1,1.101332784E0,-2.114080191E0,9.567230225E0,9.859724292E0
1.073027597E1,1.106121182E0,-2.111685991E0,9.586383820E0,9.878333692E0
1.073226495E1,1.118092179E0,-2.114080191E0,9.583989143E0,9.877869865E0
1.073425362E1,1.130063176E0,-2.126051188E0,9.564835548E0,9.863225411E0
1.073624343E1,1.137245774E0,-2.140416384E0,9.545681953E0,9.848591483E0
1.073823359E1,1.158793569E0,-2.138022184E0,9.519346237E0,9.825064589E0
1.074022335E1,1.173158884E0,-2.149993181E0,9.497797966E0,9.808513580E0
1.074221316E1,1.173158884E0,-2.154781580E0,9.466673851E0,9.779432459E0
1.074420331E1,1.175553083E0,-2.154781580E0,9.437943459E0,9.751911886E0
1.074619300E1,1.173158884E0,-2.159569979E0,9.435548782E0,9.750365382E0
1.074818319E1,1.180341482E0,-2.157175779E0,9.418789864E0,9.734485906E0
1.075017265E1,1.189918280E0,-2.161964178E0,9.409213066E0,9.727450084E0
1.075216241E1,1.180341482E0,-2.159569979E0,9.397241592E0,9.714169962E0
1.075415210E1,1.175553083E0,-2.149993181E0,9.390059471E0,9.704515063E0
1.075614140E1,1.173158884E0,-2.142810583E0,9.402029991E0,9.714221889E0
1.075813108E1,1.173158884E0,-2.128445387E0,9.406818390E0,9.715699344E0
1.076012105E1,1.177947283E0,-2.133233786E0,9.416395187E0,9.726599843E0
1.076211277E1,1.177947283E0,-2.135627985E0,9.423578262E0,9.734078999E0
1.076410351E1,1.185129881E0,-2.135627985E0,9.437943459E0,9.748857187E0
1.076609378E1,1.197100878E0,-2.138022184E0,9.457097054E0,9.769384528E0
1.076808425E1,1.204283476E0,-2.154781580E0,9.442731857E0,9.760049553E0
1.077007421E1,1.201889277E0,-2.173935175E0,9.449913979E0,9.770947046E0
1.077206542E1,1.218648672E0,-2.183511972E0,9.452308655E0,9.777472476E0
1.077405554E1,1.221042871E0,-2.188300371E0,9.457097054E0,9.783470186E0
1.077604573E1,1.223437071E0,-2.185906172E0,9.457097054E0,9.783234063E0
1.077803562E1,1.240196466E0,-2.188300371E0,9.452308655E0,9.781251694E0
1.078002609E1,1.247379065E0,-2.190694571E0,9.457097054E0,9.787327619E0
1.078201612E1,1.249773264E0,-2.195482969E0,9.452308655E0,9.784079803E0
1.078400648E1,1.252167463E0,-2.197877169E0,9.457097054E0,9.789549126E0
1.078599726E1,1.247379065E0,-2.202665567E0,9.464279175E0,9.796952099E0
1.078798726E1,1.256955862E0,-2.197877169E0,9.461885452E0,9.794788328E0
1.078997726E1,1.254561663E0,-2.197877169E0,9.459490776E0,9.792168031E0
1.079196702E1,1.254561663E0,-2.193088770E0,9.452308655E0,9.784155672E0
1.079395624E1,1.242590666E0,-2.193088770E0,9.461885452E0,9.791881649E0
1.079594577E1,1.233013868E0,-2.195482969E0,9.466673851E0,9.795834955E0
1.079793608E1,1.221042871E0,-2.197877169E0,9.488221169E0,9.815699195E0
1.079992612E1,1.216254473E0,-2.188300371E0,9.514557838E0,9.838432005E0
1.080191511E1,1.209071875E0,-2.185906172E0,9.514557838E0,9.837014357E0
1.080390573E1,1.197100878E0,-2.190694571E0,9.524134636E0,9.845879025E0
1.080589616E1,1.197100878E0,-2.197877169E0,9.524134636E0,9.847479633E0
1.080788652E1,1.189918280E0,-2.209848166E0,9.533711433E0,9.858548987E0
1.080987648E1,1.182735682E0,-2.193088770E0,9.524134636E0,9.844675851E0
1.081186612E1,1.185129881E0,-2.207453966E0,9.512163162E0,9.836596661E0
1.081385460E1,1.185129881E0,-2.200271368E0,9.488221169E0,9.811833054E0
1.081584366E1,1.175553083E0,-2.209848166E0,9.454702377E0,9.780426934E0
1.081783316E1,1.182735682E0,-2.207453966E0,9.440337181E0,9.766866580E0
1.081982265E1,1.189918280E0,-2.209848166E0,9.430760384E0,9.759025353E0
1.082181273E1,1.187524080E0,-2.214636564E0,9.428366661E0,9.757506159E0
1.082380249E1,1.180341482E0,-2.217030764E0,9.425971985E0,9.754864391E0
1.082579163E1,1.177947283E0,-2.209848166E0,9.428366661E0,9.755259433E0
1.082778163E1,1.165976286E0,-2.207453966E0,9.440337181E0,9.764851243E0
1.082977148E1,1.156399369E0,-2.202665567E0,9.464279175E0,9.785784353E0
1.083175987E1,1.154005170E0,-2.205059767E0,9.466673851E0,9.788356875E0
1.083374944E1,1.151610970E0,-2.197877169E0,9.471462250E0,9.791091309E0
1.083573905E1,1.142034173E0,-2.193088770E0,9.476250648E0,9.793528821E0
1.083772980E1,1.132457376E0,-2.193088770E0,9.473855972E0,9.790099338E0
1.083972073E1,1.118092179E0,-2.181117773E0,9.478644371E0,9.790408775E0
1.084171136E1,1.108515382E0,-2.178723574E0,9.495404243E0,9.805016293E0
1.084370179E1,1.096544385E0,-2.173935175E0,9.500192642E0,9.807245483E0
1.084569308E1,1.101332784E0,-2.166752577E0,9.507374763E0,9.813150642E0
1.084768495E1,1.091755986E0,-2.157175779E0,9.493009567E0,9.796048648E0
1.084967589E1,1.094150186E0,-2.152387381E0,9.493009567E0,9.795262462E0
1.085166761E1,1.094150186E0,-2.149993181E0,9.512163162E0,9.813301347E0
1.085365749E1,1.106121182E0,-2.152387381E0,9.528923035E0,9.831411379E0
1.085564753E1,1.110909581E0,-2.142810583E0,9.516951561E0,9.818254647E0
1.085763773E1,1.120486379E0,-2.145204782E0,9.524134636E0,9.826827252E0
1.085962745E1,1.142034173E0,-2.145204782E0,9.512163162E0,9.817708166E0
1.086161773E1,1.158793569E0,-2.152387381E0,9.483432770E0,9.793419784E0
1.086360890E1,1.168370485E0,-2.152387381E0,9.493009567E0,9.803830459E0
1.086559913E1,1.177947283E0,-2.152387381E0,9.485827446E0,9.798022942E0
1.086758984E1,1.185129881E0,-2.152387381E0,9.466673851E0,9.780348566E0
1.086958097E1,1.182735682E0,-2.152387381E0,9.454702377E0,9.768471332E0
1.087157124E1,1.187524080E0,-2.147598982E0,9.452308655E0,9.765681427E0
1.087356222E1,1.197100878E0,-2.147598982E0,9.464279175E0,9.778436081E0
1.087555296E1,1.194706678E0,-2.138022184E0,9.483432770E0,9.794588302E0
1.087754312E1,1.199495077E0,-2.128445387E0,9.485827446E0,9.795406604E0
1.087953331E1,1.194706678E0,-2.130839586E0,9.478644371E0,9.788386001E0
1.088152378E1,1.189918280E0,-2.123656988E0,9.490615845E0,9.797837191E0
1.088351444E1,1.194706678E0,-2.118868589E0,9.502586365E0,9.808979344E0
1.088550523E1,1.182735682E0,-2.106897593E0,9.521739960E0,9.823513273E0
1.088749612E1,1.182735682E0,-2.106897593E0,9.543288231E0,9.844401019E0
1.088948667E1,1.197100878E0,-2.111685991E0,9.552865028E0,9.856444516E0
1.089147929E1,1.194706678E0,-2.116474390E0,9.560047150E0,9.864141594E0
1.089347066E1,1.194706678E0,-2.121262789E0,9.564835548E0,9.869810481E0
1.089546073E1,1.204283476E0,-2.126051188E0,9.567230225E0,9.874324610E0
1.089745222E1,1.218648672E0,-2.140416384E0,9.548076630E0,9.860641673E0
1.089944362E1,1.233013868E0,-2.142810583E0,9.533711433E0,9.849041278E0
1.090143480E1,1.242590666E0,-2.159569979E0,9.528923035E0,9.849271458E0
1.090342476E1,1.256955862E0,-2.173935175E0,9.507374763E0,9.833417874E0
1.090541460E1,1.271321058E0,-2.157175779E0,9.478644371E0,9.803793332E0
1.090740405E1,1.273715258E0,-2.164358377E0,9.471462250E0,9.798744557E0
1.090939374E1,1.264138460E0,-2.164358377E0,9.459490776E0,9.785931687E0
1.091138331E1,1.261744261E0,-2.166752577E0,9.447520256E0,9.774582052E0
1.091337304E1,1.252167463E0,-2.171540976E0,9.445125580E0,9.772098586E0
1.091536277E1,1.230619669E0,-2.169146776E0,9.452308655E0,9.775774210E0
1.091735234E1,1.233013868E0,-2.161964178E0,9.457097054E0,9.779115348E0
1.091934327E1,1.221042871E0,-2.159569979E0,9.461885452E0,9.781715826E0
1.092133359E1,1.209071875E0,-2.164358377E0,9.469067574E0,9.788234912E0
1.092332249E1,1.197100878E0,-2.169146776E0,9.469067574E0,9.787823505E0
1.092531234E1,1.192312479E0,-2.164358377E0,9.476250648E0,9.793129356E0
1.092730202E1,1.180341482E0,-2.166752577E0,9.478644371E0,9.794525096E0
1.092929194E1,1.177947283E0,-2.169146776E0,9.471462250E0,9.787816646E0
1.093128167E1,1.173158884E0,-2.169146776E0,9.473855972E0,9.789558033E0
1.093327210E1,1.161187768E0,-2.176329374E0,9.464279175E0,9.780457396E0
1.093526237E1,1.158793569E0,-2.183511972E0,9.454702377E0,9.772508588E0
1.093725218E1,1.154005170E0,-2.185906172E0,9.454702377E0,9.772477207E0
1.093924237E1,1.144428372E0,-2.188300371E0,9.454702377E0,9.771886812E0
1.094123241E1,1.154005170E0,-2.193088770E0,9.447520256E0,9.767139053E0
1.094322241E1,1.154005170E0,-2.185906172E0,9.464279175E0,9.781742893E0
1.094521179E1,1.156399369E0,-2.183511972E0,9.452308655E0,9.769909055E0
1.094720120E1,1.163581967E0,-2.193088770E0,9.454702377E0,9.775221654E0
1.094919054E1,1.163581967E0,-2.200271368E0,9.452308655E0,9.774520755E0
1.095118042E1,1.170764685E0,-2.197877169E0,9.457097054E0,9.779470266E0
1.095317073E1,1.182735682E0,-2.200271368E0,9.461885452E0,9.786078586E0
1.095516042E1,1.185129881E0,-2.214636564E0,9.449913979E0,9.778037745E0
1.095715148E1,1.187524080E0,-2.224213362E0,9.445125580E0,9.775875190E0
1.095914187E1,1.189918280E0,-2.238578558E0,9.428366661E0,9.763259567E0
1.096113097E1,1.187524080E0,-2.236184359E0,9.421183586E0,9.755482258E0
1.096312128E1,1.185129881E0,-2.243366957E0,9.442731857E0,9.777648647E0
1.096511167E1,1.180341482E0,-2.226607561E0,9.447520256E0,9.777864094E0
1.096710148E1,1.182735682E0,-2.224213362E0,9.457097054E0,9.786862288E0
1.096909046E1,1.182735682E0,-2.226607561E0,9.478644371E0,9.808228384E0
1.097107909E1,1.180341482E0,-2.207453966E0,9.478644371E0,9.803609444E0
1.097306995E1,1.173158884E0,-2.202665567E0,9.469067574E0,9.792409207E0
1.097506058E1,1.170764685E0,-2.200271368E0,9.452308655E0,9.775378404E0
1.097705112E1,1.170764685E0,-2.193088770E0,9.442731857E0,9.764502713E0
1.097904206E1,1.182735682E0,-2.190694571E0,9.435548782E0,9.758462339E0
1.098103366E1,1.189918280E0,-2.183511972E0,9.433155060E0,9.755411033E0
1.098302304E1,1.194706678E0,-2.185906172E0,9.442731857E0,9.765792071E0
1.098501370E1,1.192312479E0,-2.176329374E0,9.435548782E0,9.756413246E0
1.098700421E1,1.189918280E0,-2.161964178E0,9.435548782E0,9.752926507E0
1.098899425E1,1.189918280E0,-2.159569979E0,9.452308655E0,9.768612333E0
1.099098487E1,1.192312479E0,-2.171540976E0,9.452308655E0,9.771557612E0
1.099297398E1,1.197100878E0,-2.157175779E0,9.473855972E0,9.789811277E0
1.099496253E1,1.192312479E0,-2.154781580E0,9.478644371E0,9.793334050E0
1.099695241E1,1.180341482E0,-2.149993181E0,9.490615845E0,9.802421426E0
1.099894327E1,1.173158884E0,-2.142810583E0,9.495404243E0,9.804623435E0
1.100093288E1,1.173158884E0,-2.140416384E0,9.490615845E0,9.799462902E0
1.100292245E1,1.163581967E0,-2.140416384E0,9.497797966E0,9.805277737E0
1.100491300E1,1.149216771E0,-2.130839586E0,9.488221169E0,9.792217189E0
1.100690347E1,1.144428372E0,-2.121262789E0,9.488221169E0,9.789576756E0
1.100889417E1,1.149216771E0,-2.121262789E0,9.495404243E0,9.797099405E0
1.101088355E1,1.154005170E0,-2.114080191E0,9.483432770E0,9.784506124E0
1.101287265E1,1.149216771E0,-2.114080191E0,9.481039047E0,9.781622343E0
1.101486167E1,1.146822572E0,-2.114080191E0,9.485827446E0,9.785982802E0
1.101685077E1,1.144428372E0,-2.106897593E0,9.495404243E0,9.793438391E0
1.101884062E1,1.146822572E0,-2.102109194E0,9.493009567E0,9.790367497E0
1.102083011E1,1.144428372E0,-2.090138197E0,9.516951561E0,9.810747219E0
1.102281984E1,1.144428372E0,-2.097320795E0,9.519346237E0,9.814602570E0
1.102481030E1,1.144428372E0,-2.099714994E0,9.519346237E0,9.815114474E0
1.102680105E1,1.137245774E0,-2.094926596E0,9.528923035E0,9.822546492E0
1.102879101E1,1.125274777E0,-2.099714994E0,9.538499832E0,9.831481345E0
1.103078023E1,1.118092179E0,-2.102109194E0,9.550470352E0,9.842788077E0
1.103276898E1,1.108515382E0,-2.097320795E0,9.569623947E0,9.859272963E0
1.103475773E1,1.094150186E0,-2.097320795E0,9.574412346E0,9.862316711E0
1.103674671E1,1.103726983E0,-2.109291792E0,9.583989143E0,9.875230277E0
1.103873562E1,1.108515382E0,-2.114080191E0,9.581595421E0,9.874467693E0
1.104072487E1,1.110909581E0,-2.116474390E0,9.574412346E0,9.868280281E0
1.104271378E1,1.103726983E0,-2.130839586E0,9.579200745E0,9.875210251E0
1.104470327E1,1.103726983E0,-2.140416384E0,9.569623947E0,9.867993618E0
1.104669273E1,1.110909581E0,-2.161964178E0,9.557653427E0,9.861893745E0
1.104868194E1,1.118092179E0,-2.176329374E0,9.526528358E0,9.835714627E0
1.105067081E1,1.137245774E0,-2.176329374E0,9.512163162E0,9.824000485E0
1.105266015E1,1.142034173E0,-2.178723574E0,9.507374763E0,9.820450772E0
1.105464944E1,1.144428372E0,-2.178723574E0,9.509769440E0,9.823047771E0
1.105663777E1,1.158793569E0,-2.190694571E0,9.497797966E0,9.815809261E0
1.105862632E1,1.168370485E0,-2.195482969E0,9.481039047E0,9.801802716E0
1.106061519E1,1.165976286E0,-2.197877169E0,9.500192642E0,9.820581703E0
1.106260452E1,1.173158884E0,-2.200271368E0,9.509769440E0,9.831236476E0
1.106459335E1,1.182735682E0,-2.193088770E0,9.521739960E0,9.842359164E0
1.106658277E1,1.187524080E0,-2.193088770E0,9.519346237E0,9.840620132E0
1.106857222E1,1.192312479E0,-2.190694571E0,9.521739960E0,9.842981439E0
1.107056202E1,1.192312479E0,-2.190694571E0,9.504981041E0,9.826770392E0
1.107255128E1,1.206677675E0,-2.185906172E0,9.490615845E0,9.813564384E0
1.107453991E1,1.216254473E0,-2.190694571E0,9.493009567E0,9.818128553E0
1.107652940E1,1.209071875E0,-2.188300371E0,9.495404243E0,9.819023121E0
1.107851905E1,1.225831270E0,-2.202665567E0,9.471462250E0,9.801173147E0
1.108050858E1,1.223437071E0,-2.197877169E0,9.459490776E0,9.788229056E0
1.108249769E1,1.221042871E0,-2.197877169E0,9.452308655E0,9.780989145E0
1.108448648E1,1.237802267E0,-2.190694571E0,9.442731857E0,9.772230149E0
1.108647612E1,1.252167463E0,-2.185906172E0,9.442731857E0,9.772987981E0
1.108846542E1,1.259350061E0,-2.178723574E0,9.440337181E0,9.769993095E0
1.109045366E1,1.264138460E0,-2.173935175E0,9.435548782E0,9.764917870E0
1.109244179E1,1.266532660E0,-2.178723574E0,9.430760384E0,9.761669058E0
1.109442995E1,1.264138460E0,-2.171540976E0,9.442731857E0,9.771326480E0
1.109641816E1,1.261744261E0,-2.171540976E0,9.440337181E0,9.768702825E0
1.109840593E1,1.252167463E0,-2.173935175E0,9.445125580E0,9.772630901E0
1.110039386E1,1.242590666E0,-2.169146776E0,9.449913979E0,9.774973325E0
1.110238237E1,1.240196466E0,-2.145204782E0,9.459490776E0,9.778647993E0
1.110437148E1,1.235408068E0,-2.149993181E0,9.473855972E0,9.792989878E0
1.110636042E1,1.233013868E0,-2.149993181E0,9.490615845E0,9.808903251E0
1.110834999E1,1.223437071E0,-2.159569979E0,9.497797966E0,9.816756438E0
1.111033960E1,1.225831270E0,-2.135627985E0,9.500192642E0,9.814134166E0
1.111232925E1,1.223437071E0,-2.135627985E0,9.504981041E0,9.818470846E0
1.111431905E1,1.233013868E0,-2.135627985E0,9.512163162E0,9.826620890E0
1.111630835E1,1.244984865E0,-2.138022184E0,9.509769440E0,9.826334056E0
1.111829777E1,1.247379065E0,-2.140416384E0,9.502586365E0,9.820207963E0
1.112028593E1,1.249773264E0,-2.145204782E0,9.497797966E0,9.816924313E0
1.112227437E1,1.261744261E0,-2.157175779E0,9.478644371E0,9.802556046E0
1.112426359E1,1.264138460E0,-2.159569979E0,9.473855972E0,9.798761938E0
1.112625280E1,1.268926859E0,-2.166752577E0,9.469067574E0,9.796337725E0
1.112824218E1,1.271321058E0,-2.173935175E0,9.464279175E0,9.793611779E0
1.113023152E1,1.271321058E0,-2.161964178E0,9.452308655E0,9.779390842E0
1.113222144E1,1.271321058E0,-2.171540976E0,9.449913979E0,9.779198415E0
1.113421132E1,1.268926859E0,-2.169146776E0,9.452308655E0,9.780670325E0
1.113620159E1,1.256955862E0,-2.161964178E0,9.469067574E0,9.793736154E0
1.113819108E1,1.228225470E0,-2.157175779E0,9.478644371E0,9.798298029E0
1.114018062E1,1.218648672E0,-2.152387381E0,9.488221169E0,9.805315750E0
1.114216913E1,1.204283476E0,-2.142810583E0,9.497797966E0,9.810713638E0
1.114415874E1,1.189918280E0,-2.145204782E0,9.512163162E0,9.823393360E0
1.114614905E1,1.180341482E0,-2.142810583E0,9.516951561E0,9.826352844E0
1.114813956E1,1.151610970E0,-2.142810583E0,9.526528358E0,9.832221905E0
1.115012991E1,1.151610970E0,-2.123656988E0,9.528923035E0,9.830386617E0
1.115212034E1,1.158793569E0,-2.114080191E0,9.521739960E0,9.822202882E0
1.115411179E1,1.161187768E0,-2.104503393E0,9.533711433E0,9.832036679E0
1.115610128E1,1.165976286E0,-2.104503393E0,9.533711433E0,9.832603365E0
1.115809175E1,1.175553083E0,-2.094926596E0,9.524134636E0,9.822412283E0
1.116008226E1,1.170764685E0,-2.090138197E0,9.519346237E0,9.816176466E0
1.116207234E1,1.170764685E0,-2.090138197E0,9.528923035E0,9.825463950E0
1.116406206E1,1.180341482E0,-2.085349798E0,9.526528358E0,9.823269942E0
1.116605140E1,1.180341482E0,-2.075772762E0,9.526528358E0,9.821241324E0
1.116804026E1,1.173158884E0,-2.078166962E0,9.533711433E0,9.827854974E0
1.117002831E1,1.168370485E0,-2.078166962E0,9.540893555E0,9.834252251E0
1.117201698E1,1.158793569E0,-2.075772762E0,9.550470352E0,9.841906271E0
1.117400687E1,1.151610970E0,-2.078166962E0,9.550470352E0,9.841568457E0
1.117599585E1,1.156399369E0,-2.085349798E0,9.557653427E0,9.850618372E0
1.117798687E1,1.154005170E0,-2.090138197E0,9.552865028E0,9.846706854E0
1.117997667E1,1.151610970E0,-2.106897593E0,9.545681953E0,9.843031507E0
1.118196698E1,1.146822572E0,-2.118868589E0,9.528923035E0,9.828793431E0
1.118395632E1,1.144428372E0,-2.121262789E0,9.521739960E0,9.822067195E0
1.118594597E1,1.154005170E0,-2.130839586E0,9.512163162E0,9.815979488E0
1.118793644E1,1.156399369E0,-2.147598982E0,9.502586365E0,9.810636499E0
1.118992652E1,1.156399369E0,-2.159569979E0,9.504981041E0,9.815582845E0
1.119191706E1,1.165976286E0,-2.171540976E0,9.485827446E0,9.800816968E0
1.119390722E1,1.175553083E0,-2.176329374E0,9.476250648E0,9.793756223E0
1.119589667E1,1.168370485E0,-2.181117773E0,9.471462250E0,9.789328960E0
1.119788648E1,1.175553083E0,-2.188300371E0,9.454702377E0,9.775580832E0
1.119987698E1,1.182735682E0,-2.190694571E0,9.457097054E0,9.779299110E0
1.120186632E1,1.177947283E0,-2.185906172E0,9.469067574E0,9.789228075E0
1.120385597E1,1.180341482E0,-2.181117773E0,9.461885452E0,9.781500757E0
1.120584683E1,1.175553083E0,-2.181117773E0,9.466673851E0,9.785556376E0
1.120783605E1,1.189918280E0,-2.173935175E0,9.483432770E0,9.801907812E0
1.120982589E1,1.189918280E0,-2.171540976E0,9.488221169E0,9.806010232E0
1.121181507E1,1.197100878E0,-2.171540976E0,9.481039047E0,9.799935823E0
1.121380581E1,1.199495077E0,-2.166752577E0,9.483432770E0,9.801484697E0
1.121579624E1,1.204283476E0,-2.164358377E0,9.490615845E0,9.808493003E0
1.121778526E1,1.201889277E0,-2.145204782E0,9.478644371E0,9.792402183E0
1.121977476E1,1.206677675E0,-2.138022184E0,9.488221169E0,9.800691344E0
1.122176390E1,1.199495077E0,-2.133233786E0,9.466673851E0,9.777903079E0
1.122375222E1,1.206677675E0,-2.123656988E0,9.452308655E0,9.762793090E0
1.122574019E1,1.204283476E0,-2.123656988E0,9.447520256E0,9.757861276E0
1.122772780E1,1.201889277E0,-2.126051188E0,9.445125580E0,9.755768996E0
1.122971644E1,1.201889277E0,-2.123656988E0,9.442731857E0,9.752929907E0
1.123170499E1,1.211466074E0,-2.114080191E0,9.449913979E0,9.758988641E0
1.123369456E1,1.213860273E0,-2.104503393E0,9.452308655E0,9.759535348E0
1.123568413E1,1.204283476E0,-2.097320795E0,9.459490776E0,9.763760492E0
1.123767339E1,1.206677675E0,-2.078166962E0,9.471462250E0,9.771563134E0
1.123966319E1,1.213860273E0,-2.078166962E0,9.485827446E0,9.786376092E0
1.124165234E1,1.211466074E0,-2.082955360E0,9.485827446E0,9.787097395E0
1.124364148E1,1.204283476E0,-2.087743998E0,9.495404243E0,9.796513433E0
1.124563026E1,1.206677675E0,-2.094926596E0,9.485827446E0,9.789060772E0
1.124761890E1,1.209071875E0,-2.092532396E0,9.478644371E0,9.781883548E0
1.124960757E1,1.201889277E0,-2.097320795E0,9.478644371E0,9.782023894E0
1.125159609E1,1.187524080E0,-2.090138197E0,9.471462250E0,9.771769966E0
1.125358589E1,1.185129881E0,-2.106897593E0,9.457097054E0,9.761159510E0
1.125557542E1,1.177947283E0,-2.109291792E0,9.447520256E0,9.751528632E0
1.125756421E1,1.175553083E0,-2.116474390E0,9.442731857E0,9.748157458E0
1.125955378E1,1.170764685E0,-2.118868589E0,9.440337181E0,9.745781659E0
1.126154351E1,1.158793569E0,-2.128445387E0,9.454702377E0,9.760352419E0
1.126353261E1,1.144428372E0,-2.130839586E0,9.454702377E0,9.759179816E0
1.126552234E1,1.142034173E0,-2.142810583E0,9.471462250E0,9.777754159E0
1.126751128E1,1.134851575E0,-2.161964178E0,9.483432770E0,9.792725581E0
1.126950003E1,1.127668977E0,-2.164358377E0,9.488221169E0,9.797062083E0
1.127148827E1,1.132457376E0,-2.164358377E0,9.490615845E0,9.799933469E0
1.127347710E1,1.132457376E0,-2.171540976E0,9.476250648E0,9.787613410E0
1.127546577E1,1.118092179E0,-2.178723574E0,9.488221169E0,9.799148304E0
1.127745507E1,1.106121182E0,-2.178723574E0,9.488221169E0,9.797789619E0
1.127944476E1,1.098938584E0,-2.181117773E0,9.471462250E0,9.781285084E0
1.128143448E1,1.091755986E0,-2.183511972E0,9.454702377E0,9.764786363E0
1.128342280E1,1.094150186E0,-2.181117773E0,9.449913979E0,9.759882867E0
1.128541171E1,1.086967587E0,-2.178723574E0,9.442731857E0,9.751590633E0
1.128740105E1,1.086967587E0,-2.176329374E0,9.445125580E0,9.753374047E0
1.128939011E1,1.084573388E0,-2.173935175E0,9.425971985E0,9.734024935E0
1.129137909E1,1.094150186E0,-2.166752577E0,9.428366661E0,9.735814257E0
1.129336862E1,1.094150186E0,-2.166752577E0,9.445125580E0,9.752044841E0
1.129535808E1,1.094150186E0,-2.166752577E0,9.464279175E0,9.770596791E0
1.129734675E1,1.084573388E0,-2.159569979E0,9.471462250E0,9.774898418E0
1.129933605E1,1.082179189E0,-2.149993181E0,9.481039047E0,9.781803714E0
1.130132460E1,1.084573388E0,-2.145204782E0,9.493009567E0,9.792621387E0
1.130331398E1,1.082179189E0,-2.140416384E0,9.504981041E0,9.802915825E0
1.130530253E1,1.098938584E0,-2.130839586E0,9.519346237E0,9.816623459E0
1.130729128E1,1.096544385E0,-2.126051188E0,9.526528358E0,9.822283126E0
1.130927984E1,1.106121182E0,-2.130839586E0,9.521739960E0,9.819751182E0
1.131126819E1,1.113303781E0,-2.116474390E0,9.533711433E0,9.829067242E0
1.131325640E1,1.120486379E0,-2.123656988E0,9.509769440E0,9.808217143E0
1.131524530E1,1.125274777E0,-2.118868589E0,9.507374763E0,9.805407810E0
1.131723405E1,1.130063176E0,-2.111685991E0,9.504981041E0,9.802087793E0
1.131922308E1,1.139639974E0,-2.121262789E0,9.493009567E0,9.793659466E0
1.132121097E1,1.161187768E0,-2.116474390E0,9.478644371E0,9.781233051E0
1.132319952E1,1.165976286E0,-2.123656988E0,9.466673851E0,9.771762047E0
1.132518784E1,1.182735682E0,-2.123656988E0,9.469067574E0,9.776094486E0
1.132717714E1,1.199495077E0,-2.126051188E0,9.466673851E0,9.776338573E0
1.132916601E1,1.209071875E0,-2.130839586E0,9.464279175E0,9.776242245E0
1.133115452E1,1.225831270E0,-2.133233786E0,9.471462250E0,9.785803280E0
1.133314398E1,1.230619669E0,-2.147598982E0,9.459490776E0,9.777963586E0
1.133513316E1,1.247379065E0,-2.147598982E0,9.469067574E0,9.789350164E0
1.133712190E1,1.237802267E0,-2.147598982E0,9.464279175E0,9.783502243E0
1.133910976E1,1.242590666E0,-2.147598982E0,9.469067574E0,9.788741168E0
1.134109819E1,1.242590666E0,-2.142810583E0,9.464279175E0,9.783059289E0
1.134308671E1,1.244984865E0,-2.142810583E0,9.464279175E0,9.783363676E0
1.134507566E1,1.237802267E0,-2.145204782E0,9.471462250E0,9.789926208E0
1.134706452E1,1.235408068E0,-2.147598982E0,9.483432770E0,9.801730030E0
1.134905304E1,1.228225470E0,-2.147598982E0,9.476250648E0,9.793877962E0
1.135104230E1,1.225831270E0,-2.154781580E0,9.478644371E0,9.797471361E0
1.135303062E1,1.233013868E0,-2.159569979E0,9.478644371E0,9.799426759E0
1.135501890E1,1.228225470E0,-2.152387381E0,9.461885452E0,9.781031927E0
1.135700737E1,1.233013868E0,-2.140416384E0,9.452308655E0,9.769741266E0
1.135899667E1,1.233013868E0,-2.142810583E0,9.447520256E0,9.765633588E0
1.136098534E1,1.240196466E0,-2.145204782E0,9.435548782E0,9.755489309E0
1.136297335E1,1.252167463E0,-2.138022184E0,9.437943459E0,9.757757885E0
1.136496093E1,1.254561663E0,-2.140416384E0,9.440337181E0,9.760905355E0
1.136694886E1,1.266532660E0,-2.142810583E0,9.447520256E0,9.769922270E0
1.136893690E1,1.283292055E0,-2.140416384E0,9.437943459E0,9.762325416E0
1.137092519E1,1.290474772E0,-2.154781580E0,9.430760384E0,9.759490264E0
1.137291343E1,1.292868972E0,-2.159569979E0,9.433155060E0,9.763179147E0
1.137490202E1,1.297657371E0,-2.169146776E0,9.437943459E0,9.770562375E0
1.137689054E1,1.295263171E0,-2.157175779E0,9.425971985E0,9.756026952E0
1.137887925E1,1.295263171E0,-2.157175779E0,9.433155060E0,9.762967193E0
1.138086855E1,1.290474772E0,-2.145204782E0,9.442731857E0,9.768951511E0
1.138285718E1,1.280897856E0,-2.145204782E0,9.466673851E0,9.790838405E0
1.138484562E1,1.280897856E0,-2.147598982E0,9.495404243E0,9.819143672E0
1.138683523E1,1.283292055E0,-2.142810583E0,9.497797966E0,9.820725121E0
1.138882421E1,1.283292055E0,-2.138022184E0,9.497797966E0,9.819681439E0
1.139081300E1,1.268926859E0,-2.138022184E0,9.504981041E0,9.824763550E0
1.139280152E1,1.276109457E0,-2.133233786E0,9.500192642E0,9.820020467E0
1.139479015E1,1.268926859E0,-2.128445387E0,9.476250648E0,9.794885476E0
1.139677929E1,1.268926859E0,-2.135627985E0,9.469067574E0,9.789500650E0
1.139876827E1,1.259350061E0,-2.133233786E0,9.466673851E0,9.785426039E0
1.140075624E1,1.259350061E0,-2.126051188E0,9.461885452E0,9.779229650E0
1.140274585E1,1.252167463E0,-2.133233786E0,9.442731857E0,9.761341848E0
1.140473425E1,1.242590666E0,-2.145204782E0,9.435548782E0,9.755793968E0
1.140672327E1,1.247379065E0,-2.157175779E0,9.435548782E0,9.759044149E0
1.140871167E1,1.247379065E0,-2.161964178E0,9.435548782E0,9.760103712E0
1.141070073E1,1.242590666E0,-2.157175779E0,9.449913979E0,9.772323834E0
1.141268909E1,1.237802267E0,-2.147598982E0,9.464279175E0,9.783502243E0
1.141467780E1,1.235408068E0,-2.147598982E0,9.461885452E0,9.780883947E0
1.141666616E1,1.230619669E0,-2.149993181E0,9.469067574E0,9.787754398E0
1.141865593E1,1.223437071E0,-2.149993181E0,9.485827446E0,9.803070503E0
1.142064507E1,1.206677675E0,-2.142810583E0,9.485827446E0,9.799419908E0
1.142263519E1,1.197100878E0,-2.138022184E0,9.493009567E0,9.804153202E0
1.142462472E1,1.187524080E0,-2.133233786E0,9.500192642E0,9.808902083E0
1.142661452E1,1.180341482E0,-2.118868589E0,9.493009567E0,9.797961051E0
1.142860280E1,1.163581967E0,-2.106897593E0,9.490615845E0,9.791053548E0
1.143059152E1,1.158793569E0,-2.102109194E0,9.495404243E0,9.794098598E0
1.143258124E1,1.158793569E0,-2.102109194E0,9.507374763E0,9.805704487E0
1.143457038E1,1.149216771E0,-2.116474390E0,9.512163162E0,9.812309160E0
1.143655956E1,1.156399369E0,-2.114080191E0,9.497797966E0,9.798712199E0
1.143854839E1,1.154005170E0,-2.121262789E0,9.514557838E0,9.816226088E0
1.144053632E1,1.154005170E0,-2.123656988E0,9.514557838E0,9.816743747E0
1.144252667E1,1.161187768E0,-2.128445387E0,9.497797966E0,9.802387617E0
1.144451616E1,1.163581967E0,-2.126051188E0,9.495404243E0,9.799832570E0
1.144650601E1,1.161187768E0,-2.128445387E0,9.497797966E0,9.802387617E0
1.144849519E1,1.163581967E0,-2.135627985E0,9.493009567E0,9.799594917E0
1.145048417E1,1.163581967E0,-2.133233786E0,9.490615845E0,9.796754488E0
1.145247316E1,1.170764685E0,-2.130839586E0,9.481039047E0,9.787812253E0
1.145446120E1,1.173158884E0,-2.133233786E0,9.478644371E0,9.786301000E0
1.145645026E1,1.180341482E0,-2.130839586E0,9.476250648E0,9.784324694E0
1.145843894E1,1.182735682E0,-2.126051188E0,9.473855972E0,9.781252697E0
1.146042694E1,1.177947283E0,-2.126051188E0,9.476250648E0,9.782994419E0
1.146241546E1,1.168370485E0,-2.133233786E0,9.469067574E0,9.776452152E0
1.146440405E1,1.163581967E0,-2.128445387E0,9.459490776E0,9.765560327E0
1.146639280E1,1.151610970E0,-2.118868589E0,9.459490776E0,9.762058065E0
1.146838062E1,1.158793569E0,-2.121262789E0,9.449913979E0,9.754149505E0
1.147036851E1,1.149216771E0,-2.126051188E0,9.454702377E0,9.758698165E0
1.147235749E1,1.142034173E0,-2.111685991E0,9.473855972E0,9.773300710E0
1.147434694E1,1.144428372E0,-2.102109194E0,9.476250648E0,9.773837819E0
1.147633538E1,1.137245774E0,-2.102109194E0,9.471462250E0,9.768356472E0
1.147832323E1,1.142034173E0,-2.109291792E0,9.466673851E0,9.765821405E0
1.148031202E1,1.146822572E0,-2.094926596E0,9.473855972E0,9.770254164E0
1.148230007E1,1.154005170E0,-2.085349798E0,9.471462250E0,9.766729691E0
1.148428858E1,1.154005170E0,-2.094926596E0,9.471462250E0,9.768778968E0
1.148627905E1,1.168370485E0,-2.097320795E0,9.466673851E0,9.766358477E0
1.148826991E1,1.177947283E0,-2.094926596E0,9.476250648E0,9.776277594E0
1.149025987E1,1.175553083E0,-2.099714994E0,9.485827446E0,9.786299119E0
1.149224835E1,1.185129881E0,-2.099714994E0,9.495404243E0,9.796736071E0
1.149423679E1,1.189918280E0,-2.097320795E0,9.502586365E0,9.803764973E0
1.149622550E1,1.197100878E0,-2.102109194E0,9.497797966E0,9.801024425E0
1.149821456E1,1.206677675E0,-2.097320795E0,9.497797966E0,9.801172977E0
1.150020304E1,1.216254473E0,-2.092532396E0,9.495404243E0,9.799013650E0
1.150219148E1,1.216254473E0,-2.094926596E0,9.495404243E0,9.799525199E0
1.150418085E1,1.223437071E0,-2.097320795E0,9.490615845E0,9.796292252E0
1.150616976E1,1.235408068E0,-2.102109194E0,9.476250648E0,9.784907895E0
1.150815905E1,1.240196466E0,-2.099714994E0,9.481039047E0,9.789636957E0
1.151014773E1,1.237802267E0,-2.097320795E0,9.461885452E0,9.770270481E0
1.151213652E1,1.247379065E0,-2.099714994E0,9.459490776E0,9.769683891E0
1.151412491E1,1.244984865E0,-2.109291792E0,9.466673851E0,9.778395215E0
1.151611382E1,1.254561663E0,-2.106897593E0,9.457097054E0,9.769832502E0
1.151810261E1,1.259350061E0,-2.111685991E0,9.452308655E0,9.766847967E0
1.152009148E1,1.256955862E0,-2.102109194E0,9.454702377E0,9.766790575E0
1.152207991E1,1.256955862E0,-2.111685991E0,9.454702377E0,9.768856269E0
1.152406796E1,1.261744261E0,-2.118868589E0,9.466673851E0,9.782612968E0
1.152605655E1,1.249773264E0,-2.118868589E0,9.481039047E0,9.794980282E0
1.152804534E1,1.228225470E0,-2.118868589E0,9.504981041E0,9.815437152E0
1.153003402E1,1.225831270E0,-2.116474390E0,9.516951561E0,9.826214590E0
1.153202202E1,1.218648672E0,-2.109291792E0,9.521739960E0,9.828415351E0
1.153401054E1,1.209071875E0,-2.116474390E0,9.531316757E0,9.838054572E0
1.153599921E1,1.192312479E0,-2.116474390E0,9.519346237E0,9.824409686E0
1.153798905E1,1.175553083E0,-2.116474390E0,9.526528358E0,9.829350511E0
1.153997663E1,1.163581967E0,-2.109291792E0,9.524134636E0,9.824061045E0
1.154196507E1,1.156399369E0,-2.111685991E0,9.524134636E0,9.823727286E0
1.154395253E1,1.163581967E0,-2.116474390E0,9.526528358E0,9.827925997E0
1.154594042E1,1.158793569E0,-2.114080191E0,9.521739960E0,9.822202882E0
1.154792886E1,1.149216771E0,-2.116474390E0,9.521739960E0,9.821593297E0
1.154991644E1,1.134851575E0,-2.118868589E0,9.521739960E0,9.820439097E0
1.155190480E1,1.127668977E0,-2.116474390E0,9.521739960E0,9.819095326E0
1.155389245E1,1.125274777E0,-2.116474390E0,9.526528358E0,9.823464243E0
1.155588101E1,1.132457376E0,-2.109291792E0,9.519346237E0,9.815779355E0
1.155786882E1,1.137245774E0,-2.099714994E0,9.519346237E0,9.814279586E0
1.155985601E1,1.132457376E0,-2.092532396E0,9.516951561E0,9.809868427E0
1.156184355E1,1.132457376E0,-2.092532396E0,9.521739960E0,9.814513915E0
1.156383269E1,1.130063176E0,-2.087743998E0,9.528923035E0,9.820187981E0
1.156582132E1,1.125274777E0,-2.082955360E0,9.514557838E0,9.804680373E0
1.156781112E1,1.120486379E0,-2.080561161E0,9.512163162E0,9.801299531E0
1.156979929E1,1.127668977E0,-2.082955360E0,9.500192642E0,9.791016321E0
1.157178710E1,1.142034173E0,-2.078166962E0,9.478644371E0,9.770758368E0
1.157377597E1,1.134851575E0,-2.063801765E0,9.476250648E0,9.764552841E0
1.157576452E1,1.134851575E0,-2.054224968E0,9.485827446E0,9.771829442E0
1.157775273E1,1.137245774E0,-2.047042370E0,9.488221169E0,9.772924402E0
1.157974081E1,1.137245774E0,-2.032677174E0,9.495404243E0,9.776901666E0
1.158172933E1,1.139639974E0,-2.013523579E0,9.519346237E0,9.796479432E0
1.158371831E1,1.137245774E0,-1.994369984E0,9.543288231E0,9.815558560E0
1.158570538E1,1.163581967E0,-1.991975784E0,9.552865028E0,9.827467668E0
1.158769218E1,1.165976286E0,-1.987187386E0,9.562441826E0,9.836092114E0
1.158967913E1,1.173158884E0,-1.982398987E0,9.567230225E0,9.840635228E0
1.159166710E1,1.177947283E0,-1.975216389E0,9.595960617E0,9.867699821E0
1.159365569E1,1.180341482E0,-1.977610588E0,9.605537415E0,9.877778023E0
1.159564382E1,1.180341482E0,-1.965639591E0,9.603142738E0,9.873059074E0
1.159763194E1,1.189918280E0,-1.975216389E0,9.615114212E0,9.887760444E0
1.159961960E1,1.197100878E0,-1.991975784E0,9.617507935E0,9.894315384E0
1.160160804E1,1.199495077E0,-2.006340981E0,9.598354340E0,9.878896629E0
1.160359530E1,1.197100878E0,-2.015917778E0,9.591172218E0,9.873578861E0
1.160558351E1,1.204283476E0,-2.018311977E0,9.572018623E0,9.856339201E0
1.160757292E1,1.206677675E0,-2.037465572E0,9.564835548E0,9.853599141E0
1.160956140E1,1.216254473E0,-2.056619167E0,9.536105156E0,9.830882915E0
1.161154944E1,1.233013868E0,-2.082955360E0,9.521739960E0,9.824589462E0
1.161353741E1,1.259350061E0,-2.092532396E0,9.493009567E0,9.802136759E0
1.161552679E1,1.268926859E0,-2.109291792E0,9.457097054E0,9.772204046E0
1.161751597E1,1.292868972E0,-2.130839586E0,9.454702377E0,9.777698327E0
1.161950460E1,1.304839969E0,-2.140416384E0,9.449913979E0,9.776751191E0
1.162149288E1,1.312022567E0,-2.154781580E0,9.428366661E0,9.760050449E0
1.162348116E1,1.319205165E0,-2.171540976E0,9.414001465E0,9.750862324E0
1.162547003E1,1.316810966E0,-2.181117773E0,9.418789864E0,9.757298210E0
1.162745917E1,1.321599364E0,-2.197877169E0,9.409213066E0,9.752465301E0
1.162944698E1,1.321599364E0,-2.209848166E0,9.402029991E0,9.748241982E0
1.163143566E1,1.312022567E0,-2.209848166E0,9.423578262E0,9.767735633E0
1.163342394E1,1.304839969E0,-2.207453966E0,9.430760384E0,9.773162322E0
1.163541214E1,1.290474772E0,-2.205059767E0,9.433155060E0,9.773025534E0
1.163740054E1,1.288080573E0,-2.200271368E0,9.430760384E0,9.769318659E0
1.163938894E1,1.276109457E0,-2.190694571E0,9.445125580E0,9.779468046E0
1.164137827E1,1.273715258E0,-2.188300371E0,9.459490776E0,9.792495842E0
1.164336765E1,1.252167463E0,-2.193088770E0,9.459490776E0,9.790787887E0
1.164535573E1,1.247379065E0,-2.183511972E0,9.457097054E0,9.785722444E0
1.164734405E1,1.240196466E0,-2.181117773E0,9.457097054E0,9.784275481E0
1.164933237E1,1.221042871E0,-2.173935175E0,9.452308655E0,9.775636999E0
1.165132093E1,1.225831270E0,-2.169146776E0,9.464279175E0,9.786748200E0
1.165330976E1,1.230619669E0,-2.161964178E0,9.497797966E0,9.818181098E0
1.165529984E1,1.228225470E0,-2.161964178E0,9.497797966E0,9.817881295E0
1.165728948E1,1.221042871E0,-2.159569979E0,9.509769440E0,9.828041666E0
1.165927859E1,1.213860273E0,-2.145204782E0,9.509769440E0,9.824005045E0
1.166126761E1,1.211466074E0,-2.135627985E0,9.507374763E0,9.819304040E0
1.166325663E1,1.206677675E0,-2.126051188E0,9.509769440E0,9.818955110E0
1.166524655E1,1.197100878E0,-2.121262789E0,9.509769440E0,9.816746973E0
1.166723624E1,1.177947283E0,-2.111685991E0,9.502586365E0,9.805402855E0
1.166922667E1,1.165976286E0,-2.109291792E0,9.516951561E0,9.817381503E0
1.167121632E1,1.161187768E0,-2.106897593E0,9.512163162E0,9.811657481E0
1.167320530E1,1.156399369E0,-2.102109194E0,9.516951561E0,9.814707819E0
1.167519347E1,1.151610970E0,-2.092532396E0,9.521739960E0,9.816742409E0
1.167718167E1,1.156399369E0,-2.092532396E0,9.516951561E0,9.812661125E0
1.167917089E1,1.151610970E0,-2.097320795E0,9.509769440E0,9.806155064E0
1.168116058E1,1.151610970E0,-2.106897593E0,9.507374763E0,9.805885997E0
1.168314921E1,1.156399369E0,-2.111685991E0,9.497797966E0,9.798195927E0
1.168513839E1,1.173158884E0,-2.121262789E0,9.500192642E0,9.804576372E0
1.168712777E1,1.173158884E0,-2.128445387E0,9.490615845E0,9.796855141E0
1.168911726E1,1.175553083E0,-2.142810583E0,9.485827446E0,9.795635997E0
1.169110612E1,1.180341482E0,-2.147598982E0,9.478644371E0,9.790305742E0
1.169309526E1,1.194706678E0,-2.154781580E0,9.471462250E0,9.786674862E0
1.169508413E1,1.204283476E0,-2.171540976E0,9.454702377E0,9.775340707E0
1.169707187E1,1.213860273E0,-2.181117773E0,9.442731857E0,9.767083312E0
1.169906046E1,1.221042871E0,-2.188300371E0,9.440337181E0,9.767270361E0
1.170104917E1,1.216254473E0,-2.188300371E0,9.447520256E0,9.773616140E0
1.170303737E1,1.213860273E0,-2.190694571E0,9.442731857E0,9.769226397E0
1.170502605E1,1.211466074E0,-2.193088770E0,9.430760384E0,9.757895768E0
1.170701507E1,1.213860273E0,-2.193088770E0,9.430760384E0,9.758193302E0
1.170900386E1,1.218648672E0,-2.190694571E0,9.421183586E0,9.748997254E0
1.171099179E1,1.213860273E0,-2.183511972E0,9.428366661E0,9.753731552E0
1.171297948E1,1.211466074E0,-2.176329374E0,9.433155060E0,9.756458065E0
1.171496792E1,1.206677675E0,-2.164358377E0,9.449913979E0,9.769411057E0
1.171695690E1,1.204283476E0,-2.161964178E0,9.454702377E0,9.773217732E0
1.171894538E1,1.201889277E0,-2.157175779E0,9.459490776E0,9.776497886E0
1.172093472E1,1.197100878E0,-2.149993181E0,9.469067574E0,9.783596573E0
1.172292366E1,1.185129881E0,-2.130839586E0,9.488221169E0,9.796496880E0
1.172491222E1,1.199495077E0,-2.121262789E0,9.500192642E0,9.807762461E0
1.172690148E1,1.199495077E0,-2.099714994E0,9.502586365E0,9.805444361E0
1.172888991E1,1.201889277E0,-2.082955360E0,9.526528358E0,9.825374468E0
1.173087851E1,1.197100878E0,-2.080561161E0,9.543288231E0,9.840535327E0
1.173286737E1,1.206677675E0,-2.080561161E0,9.543288231E0,9.841704934E0
1.173485566E1,1.209071875E0,-2.085349798E0,9.531316757E0,9.831405683E0
1.173684472E1,1.216254473E0,-2.085349798E0,9.521739960E0,9.823008225E0
1.173883339E1,1.216254473E0,-2.092532396E0,9.528923035E0,9.831497392E0
1.174082175E1,1.206677675E0,-2.092532396E0,9.514557838E0,9.816393111E0
1.174281054E1,1.209071875E0,-2.090138197E0,9.507374763E0,9.809215431E0
1.174479964E1,1.213860273E0,-2.094926596E0,9.500192642E0,9.803868341E0
1.174678780E1,1.211466074E0,-2.092532396E0,9.500192642E0,9.803060855E0
1.174877585E1,1.211466074E0,-2.092532396E0,9.507374763E0,9.810021242E0
1.175076507E1,1.209071875E0,-2.099714994E0,9.509769440E0,9.813581031E0
1.175275280E1,1.211466074E0,-2.099714994E0,9.516951561E0,9.820836019E0
1.175474046E1,1.194706678E0,-2.090138197E0,9.533711433E0,9.832988123E0
1.175672765E1,1.192312479E0,-2.085349798E0,9.552865028E0,9.850254975E0
1.175871585E1,1.182735682E0,-2.087743998E0,9.569623947E0,9.865862414E0
1.176070386E1,1.158793569E0,-2.078166962E0,9.572018623E0,9.863322005E0
1.176269241E1,1.158793569E0,-2.075772762E0,9.567230225E0,9.858170686E0
1.176468101E1,1.158793569E0,-2.078166962E0,9.569623947E0,9.860998070E0
1.176666991E1,1.151610970E0,-2.090138197E0,9.574412346E0,9.867332835E0
1.176865882E1,1.149216771E0,-2.094926596E0,9.572018623E0,9.865746660E0
1.177064722E1,1.149216771E0,-2.104503393E0,9.552865028E0,9.849206261E0
1.177263511E1,1.146822572E0,-2.109291792E0,9.536105156E0,9.833697952E0
1.177462343E1,1.154005170E0,-2.121262789E0,9.524134636E0,9.825508858E0
1.177661144E1,1.165976286E0,-2.128445387E0,9.519346237E0,9.823834956E0
1.177860030E1,1.185129881E0,-2.133233786E0,9.504981041E0,9.813250420E0
1.178058952E1,1.192312479E0,-2.154781580E0,9.497797966E0,9.811873364E0
1.178257757E1,1.218648672E0,-2.157175779E0,9.483432770E0,9.801735001E0
1.178456593E1,1.225831270E0,-2.161964178E0,9.478644371E0,9.799053552E0
1.178655464E1,1.242590666E0,-2.164358377E0,9.464279175E0,9.787801543E0
1.178854343E1,1.252167463E0,-2.173935175E0,9.464279175E0,9.791143845E0
1.179053273E1,1.247379065E0,-2.176329374E0,9.471462250E0,9.798008023E0
1.179252323E1,1.252167463E0,-2.176329374E0,9.473855972E0,9.800932603E0
1.179451327E1,1.259350061E0,-2.166752577E0,9.469067574E0,9.795101838E0
1.179650226E1,1.249773264E0,-2.159569979E0,9.481039047E0,9.803865417E0
1.179849066E1,1.247379065E0,-2.161964178E0,9.483432770E0,9.806403048E0
1.180047987E1,1.237802267E0,-2.176329374E0,9.478644371E0,9.803737201E0
1.180246968E1,1.225831270E0,-2.178723574E0,9.481039047E0,9.805080322E0
1.180445898E1,1.216254473E0,-2.166752577E0,9.464279175E0,9.785022840E0
1.180644749E1,1.218648672E0,-2.164358377E0,9.459490776E0,9.780159381E0
1.180843640E1,1.206677675E0,-2.164358377E0,9.449913979E0,9.769411057E0
1.181042562E1,1.209071875E0,-2.157175779E0,9.452308655E0,9.770435049E0
1.181241402E1,1.204283476E0,-2.164358377E0,9.440337181E0,9.759852046E0
1.181440339E1,1.199495077E0,-2.161964178E0,9.437943459E0,9.756416057E0
1.181639257E1,1.201889277E0,-2.154781580E0,9.437943459E0,9.755121640E0
1.181838198E1,1.192312479E0,-2.142810583E0,9.433155060E0,9.746674337E0
1.182037206E1,1.182735682E0,-2.145204782E0,9.430760384E0,9.743716368E0
1.182236159E1,1.185129881E0,-2.145204782E0,9.430760384E0,9.744007277E0
1.182435136E1,1.185129881E0,-2.145204782E0,9.430760384E0,9.744007277E0
1.182634085E1,1.182735682E0,-2.140416384E0,9.423578262E0,9.735711235E0
1.182833097E1,1.177947283E0,-2.145204782E0,9.430760384E0,9.743136290E0
1.183032062E1,1.182735682E0,-2.149993181E0,9.414001465E0,9.728553744E0
1.183230917E1,1.182735682E0,-2.142810583E0,9.414001465E0,9.726968925E0
1.183429855E1,1.180341482E0,-2.147598982E0,9.414001465E0,9.727734113E0
1.183628847E1,1.177947283E0,-2.147598982E0,9.418789864E0,9.732078076E0
1.183827823E1,1.182735682E0,-2.152387381E0,9.423578262E0,9.738350086E0
1.184026761E1,1.175553083E0,-2.166752577E0,9.428366661E0,9.745298337E0
1.184225648E1,1.173158884E0,-2.166752577E0,9.437943459E0,9.754275741E0
1.184424605E1,1.158793569E0,-2.176329374E0,9.440337181E0,9.757006619E0
1.184623585E1,1.154005170E0,-2.200271368E0,9.435548782E0,9.757176992E0
1.184822472E1,1.158793569E0,-2.209848166E0,9.435548782E0,9.759908415E0
1.185021370E1,1.161187768E0,-2.207453966E0,9.437943459E0,9.761966337E0
1.185220265E1,1.154005170E0,-2.200271368E0,9.423578262E0,9.745601536E0
1.185419085E1,1.154005170E0,-2.200271368E0,9.428366661E0,9.750231788E0
1.185617937E1,1.149216771E0,-2.212242365E0,9.423578262E0,9.747745521E0
1.185816835E1,1.146822572E0,-2.207453966E0,9.428366661E0,9.751007790E0
1.186015687E1,1.146822572E0,-2.202665567E0,9.418789864E0,9.740664254E0
1.186214593E1,1.156399369E0,-2.205059767E0,9.425971985E0,9.749281816E0
1.186413444E1,1.156399369E0,-2.200271368E0,9.435548782E0,9.757460449E0
1.186612398E1,1.163581967E0,-2.190694571E0,9.449913979E0,9.770053219E0
1.186811331E1,1.165976286E0,-2.190694571E0,9.459490776E0,9.779601686E0
1.187010218E1,1.170764685E0,-2.181117773E0,9.481039047E0,9.798880860E0
1.187209101E1,1.182735682E0,-2.181117773E0,9.497797966E0,9.816532210E0
1.187408019E1,1.192312479E0,-2.176329374E0,9.507374763E0,9.825894030E0
1.187606898E1,1.197100878E0,-2.166752577E0,9.509769440E0,9.826677060E0
1.187805722E1,1.206677675E0,-2.169146776E0,9.519346237E0,9.837643088E0
1.188004636E1,1.211466074E0,-2.169146776E0,9.516951561E0,9.835914538E0
1.188203526E1,1.221042871E0,-2.161964178E0,9.514557838E0,9.833201191E0
1.188402444E1,1.230619669E0,-2.166752577E0,9.493009567E0,9.814605043E0
1.188601273E1,1.240196466E0,-2.171540976E0,9.483432770E0,9.807607995E0
1.188800132E1,1.249773264E0,-2.173935175E0,9.473855972E0,9.800095629E0
1.188999112E1,1.259350061E0,-2.178723574E0,9.464279175E0,9.793129188E0
1.189198038E1,1.264138460E0,-2.169146776E0,9.469067574E0,9.796248491E0
1.189397159E1,1.259350061E0,-2.173935175E0,9.469067574E0,9.796693189E0
1.189596159E1,1.268926859E0,-2.173935175E0,9.471462250E0,9.800243194E0
1.189795159E1,1.268926859E0,-2.164358377E0,9.493009567E0,9.818953773E0
1.189994101E1,1.254561663E0,-2.161964178E0,9.500192642E0,9.823526572E0
1.190193062E1,1.242590666E0,-2.147598982E0,9.500192642E0,9.818852947E0
1.190392015E1,1.225831270E0,-2.149993181E0,9.519346237E0,9.835806310E0
1.190591038E1,1.211466074E0,-2.142810583E0,9.519346237E0,9.832458494E0
1.190790026E1,1.206677675E0,-2.142810583E0,9.524134636E0,9.836505923E0
1.190988952E1,1.199495077E0,-2.140416384E0,9.531316757E0,9.842061261E0
1.191187944E1,1.192312479E0,-2.145204782E0,9.526528358E0,9.837593973E0
1.191386890E1,1.182735682E0,-2.145204782E0,9.528923035E0,9.838757109E0
1.191585886E1,1.180341482E0,-2.140416384E0,9.526528358E0,9.835107060E0
1.191785003E1,1.189918280E0,-2.140416384E0,9.521739960E0,9.831623450E0
1.191984015E1,1.187524080E0,-2.142810583E0,9.516951561E0,9.827218205E0
1.192183030E1,1.189918280E0,-2.145204782E0,9.514557838E0,9.825712184E0
1.192382163E1,1.194706678E0,-2.142810583E0,9.516951561E0,9.828088739E0
1.192581171E1,1.189918280E0,-2.140416384E0,9.507374763E0,9.817711684E0
1.192780277E1,1.194706678E0,-2.138022184E0,9.512163162E0,9.822408612E0
1.192979386E1,1.187524080E0,-2.138022184E0,9.504981041E0,9.814581850E0
1.193178386E1,1.175553083E0,-2.138022184E0,9.485827446E0,9.794589642E0
1.193377335E1,1.182735682E0,-2.133233786E0,9.473855972E0,9.782816418E0
1.193576280E1,1.189918280E0,-2.130839586E0,9.464279175E0,9.773891914E0
1.193775296E1,1.187524080E0,-2.133233786E0,9.461885452E0,9.771805163E0
1.193974421E1,1.197100878E0,-2.118868589E0,9.459490776E0,9.767528876E0
1.194173472E1,1.189918280E0,-2.126051188E0,9.452308655E0,9.761256992E0
1.194372491E1,1.194706678E0,-2.114080191E0,9.461885452E0,9.768517565E0
1.194571452E1,1.197100878E0,-2.109291792E0,9.469067574E0,9.774732891E0
1.194770413E1,1.197100878E0,-2.099714994E0,9.473855972E0,9.777310497E0
1.194969308E1,1.185129881E0,-2.092532396E0,9.481039047E0,9.781274256E0
1.195168390E1,1.182735682E0,-2.092532396E0,9.483432770E0,9.783304790E0
1.195367425E1,1.180341482E0,-2.097320795E0,9.481039047E0,9.781720807E0
1.195566343E1,1.177947283E0,-2.094926596E0,9.488221169E0,9.787881190E0
1.195765296E1,1.170764685E0,-2.092532396E0,9.481039047E0,9.779544120E0
1.195964163E1,1.177947283E0,-2.097320795E0,9.483432770E0,9.783752420E0
1.196163152E1,1.173158884E0,-2.104503393E0,9.481039047E0,9.782399384E0
1.196362132E1,1.177947283E0,-2.102109194E0,9.490615845E0,9.791742030E0
1.196561155E1,1.168370485E0,-2.114080191E0,9.495404243E0,9.797812327E0
1.196760148E1,1.175553083E0,-2.116474390E0,9.490615845E0,9.794548382E0
1.196959171E1,1.185129881E0,-2.121262789E0,9.471462250E0,9.778184177E0
1.197158218E1,1.189918280E0,-2.135627985E0,9.461885452E0,9.772619337E0
1.197357089E1,1.197100878E0,-2.133233786E0,9.454702377E0,9.766019350E0
1.197556069E1,1.197100878E0,-2.138022184E0,9.447520256E0,9.760114157E0
1.197754972E1,1.216254473E0,-2.140416384E0,9.440337181E0,9.756055726E0
1.197953917E1,1.209071875E0,-2.154781580E0,9.445125580E0,9.762957322E0
1.198152839E1,1.211466074E0,-2.149993181E0,9.437943459E0,9.755249738E0
1.198351667E1,1.213860273E0,-2.145204782E0,9.437943459E0,9.754493172E0
1.198550550E1,1.209071875E0,-2.140416384E0,9.440337181E0,9.755162899E0
1.198749507E1,1.211466074E0,-2.142810583E0,9.445125580E0,9.760619061E0
1.198948499E1,1.213860273E0,-2.135627985E0,9.433155060E0,9.747757590E0
1.199147370E1,1.199495077E0,-2.123656988E0,9.459490776E0,9.768862430E0
1.199346253E1,1.194706678E0,-2.121262789E0,9.478644371E0,9.786305686E0
1.199545140E1,1.192312479E0,-2.123656988E0,9.483432770E0,9.791170775E0
1.199744054E1,1.201889277E0,-2.126051188E0,9.497797966E0,9.806773052E0
1.199942948E1,1.192312479E0,-2.128445387E0,9.500192642E0,9.808442743E0
1.200141788E1,1.187524080E0,-2.123656988E0,9.512163162E0,9.818420467E0
1.200340698E1,1.189918280E0,-2.128445387E0,9.533711433E0,9.840621879E0
1.200539530E1,1.197100878E0,-2.133233786E0,9.531316757E0,9.840210161E0
1.200738452E1,1.199495077E0,-2.135627985E0,9.533711433E0,9.843340339E0
1.200937292E1,1.197100878E0,-2.142810583E0,9.528923035E0,9.839972658E0
1.201136179E1,1.201889277E0,-2.159569979E0,9.512163162E0,9.827997169E0
1.201335030E1,1.192312479E0,-2.159569979E0,9.493009567E0,9.808291502E0
1.201533886E1,1.204283476E0,-2.161964178E0,9.461885452E0,9.780166875E0
1.201732683E1,1.209071875E0,-2.169146776E0,9.466673851E0,9.786979429E0
1.201931550E1,1.213860273E0,-2.164358377E0,9.447520256E0,9.767985613E0
1.202130460E1,1.221042871E0,-2.152387381E0,9.442731857E0,9.761603457E0
1.202329398E1,1.228225470E0,-2.152387381E0,9.433155060E0,9.753241698E0
1.202528362E1,1.228225470E0,-2.149993181E0,9.423578262E0,9.743450916E0
1.202727241E1,1.242590666E0,-2.149993181E0,9.421183586E0,9.742956554E0
1.202926265E1,1.242590666E0,-2.147598982E0,9.440337181E0,9.760951749E0
1.203125210E1,1.242590666E0,-2.145204782E0,9.445125580E0,9.765056699E0
1.203324148E1,1.242590666E0,-2.130839586E0,9.449913979E0,9.766544072E0
1.203523163E1,1.240196466E0,-2.130839586E0,9.464279175E0,9.780140332E0
1.203722280E1,1.244984865E0,-2.126051188E0,9.471462250E0,9.786658169E0
1.203921249E1,1.242590666E0,-2.128445387E0,9.481039047E0,9.796142748E0
1.204120296E1,1.230619669E0,-2.126051188E0,9.502586365E0,9.814971525E0
1.204319331E1,1.233013868E0,-2.128445387E0,9.502586365E0,9.815790879E0
1.204518323E1,1.244984865E0,-2.133233786E0,9.509769440E0,9.825293303E0
1.204717351E1,1.254561663E0,-2.140416384E0,9.493009567E0,9.811857006E0
1.204916249E1,1.259350061E0,-2.145204782E0,9.488221169E0,9.808884089E0
1.205115249E1,1.261744261E0,-2.149993181E0,9.471462250E0,9.794032183E0
1.205314198E1,1.259350061E0,-2.152387381E0,9.473855972E0,9.796564755E0
1.205513148E1,1.254561663E0,-2.140416384E0,9.461885452E0,9.781747470E0
1.205712089E1,1.247379065E0,-2.138022184E0,9.457097054E0,9.775672768E0
1.205910968E1,1.230619669E0,-2.130839586E0,9.461885452E0,9.776613853E0
1.206109929E1,1.233013868E0,-2.116474390E0,9.471462250E0,9.783066196E0
1.206308941E1,1.218648672E0,-2.114080191E0,9.485827446E0,9.794659870E0
1.206507917E1,1.209071875E0,-2.099714994E0,9.512163162E0,9.815900666E0
1.206706819E1,1.204283476E0,-2.085349798E0,9.502586365E0,9.802965372E0
1.206905808E1,1.206677675E0,-2.080561161E0,9.500192642E0,9.799921734E0
1.207104780E1,1.197100878E0,-2.070984364E0,9.516951561E0,9.812970690E0
1.207303776E1,1.189918280E0,-2.063801765E0,9.524134636E0,9.817551823E0
1.207502734E1,1.177947283E0,-2.049436569E0,9.524134636E0,9.813097911E0
1.207701624E1,1.161187768E0,-2.037465572E0,9.531316757E0,9.815580580E0
1.207900620E1,1.156399369E0,-2.032677174E0,9.550470352E0,9.832625282E0
1.208099608E1,1.156399369E0,-2.027888775E0,9.545681953E0,9.826985109E0
1.208298616E1,1.151610970E0,-2.027888775E0,9.540893555E0,9.821771252E0
1.208497566E1,1.154005170E0,-2.030282974E0,9.543288231E0,9.824872882E0
1.208696460E1,1.151610970E0,-2.039859772E0,9.536105156E0,9.819599649E0
1.208895398E1,1.142034173E0,-2.037465572E0,9.524134636E0,9.806357559E0
1.209094343E1,1.137245774E0,-2.047042370E0,9.512163162E0,9.796170601E0
1.209293339E1,1.142034173E0,-2.051830769E0,9.488221169E0,9.774486815E0
1.209492323E1,1.142034173E0,-2.059013367E0,9.495404243E0,9.782968867E0
1.209691276E1,1.142034173E0,-2.066195965E0,9.502586365E0,9.791453183E0
1.209890261E1,1.139639974E0,-2.068590164E0,9.504981041E0,9.794003733E0
1.210089312E1,1.146822572E0,-2.068590164E0,9.500192642E0,9.790195479E0
1.210288284E1,1.154005170E0,-2.066195965E0,9.507374763E0,9.797503181E0
1.210487265E1,1.154005170E0,-2.080561161E0,9.502586365E0,9.795897626E0
1.210686308E1,1.146822572E0,-2.080561161E0,9.500192642E0,9.792731845E0
1.210885351E1,1.142034173E0,-2.073378563E0,9.500192642E0,9.790648648E0
1.211084429E1,1.149216771E0,-2.080561161E0,9.502586365E0,9.795334683E0
1.211283476E1,1.154005170E0,-2.087743998E0,9.502586365E0,9.797425710E0
1.211482480E1,1.161187768E0,-2.097320795E0,9.490615845E0,9.788712922E0
1.211681417E1,1.168370485E0,-2.092532396E0,9.490615845E0,9.788542820E0
1.211880480E1,1.177947283E0,-2.104503393E0,9.500192642E0,9.801538378E0
1.212079460E1,1.182735682E0,-2.097320795E0,9.490615845E0,9.791292423E0
1.212278444E1,1.185129881E0,-2.104503393E0,9.483432770E0,9.786161886E0
1.212477429E1,1.187524080E0,-2.109291792E0,9.483432770E0,9.787482945E0
1.212676417E1,1.194706678E0,-2.114080191E0,9.481039047E0,9.787071090E0
1.212875394E1,1.197100878E0,-2.116474390E0,9.473855972E0,9.780923338E0
1.213074448E1,1.211466074E0,-2.111685991E0,9.461885452E0,9.770063668E0
1.213273491E1,1.199495077E0,-2.118868589E0,9.459490776E0,9.767822597E0
1.213472503E1,1.199495077E0,-2.114080191E0,9.473855972E0,9.780698875E0
1.213671569E1,1.197100878E0,-2.118868589E0,9.485827446E0,9.793037167E0
1.213870620E1,1.185129881E0,-2.118868589E0,9.490615845E0,9.796219988E0
1.214069632E1,1.187524080E0,-2.116474390E0,9.493009567E0,9.798311484E0
1.214268593E1,1.189918280E0,-2.118868589E0,9.504981041E0,9.810717313E0
1.214467612E1,1.197100878E0,-2.118868589E0,9.497797966E0,9.804632620E0
1.214666659E1,1.201889277E0,-2.109291792E0,9.497797966E0,9.803153365E0
1.214865605E1,1.204283476E0,-2.116474390E0,9.521739960E0,9.828188765E0
1.215064472E1,1.211466074E0,-2.128445387E0,9.504981041E0,9.815426348E0
1.215263519E1,1.216254473E0,-2.135627985E0,9.502586365E0,9.815260030E0
1.215462554E1,1.221042871E0,-2.138022184E0,9.488221169E0,9.802470377E0
1.215661585E1,1.223437071E0,-2.138022184E0,9.473855972E0,9.788865313E0
1.215860628E1,1.237802267E0,-2.138022184E0,9.481039047E0,9.797621891E0
1.216059585E1,1.228225470E0,-2.140416384E0,9.473855972E0,9.789988104E0
1.216258616E1,1.240196466E0,-2.133233786E0,9.476250648E0,9.792246934E0
1.216457605E1,1.237802267E0,-2.145204782E0,9.481039047E0,9.799191774E0
1.216656652E1,1.225831270E0,-2.145204782E0,9.500192642E0,9.816222598E0
1.216855718E1,1.213860273E0,-2.147598982E0,9.502586365E0,9.817575351E0
1.217054726E1,1.206677675E0,-2.142810583E0,9.502586365E0,9.815643424E0
1.217253722E1,1.201889277E0,-2.147598982E0,9.514557838E0,9.827692002E0
1.217452784E1,1.182735682E0,-2.142810583E0,9.504981041E0,9.815047910E0
1.217651718E1,1.163581967E0,-2.145204782E0,9.495404243E0,9.804005727E0
1.217850644E1,1.154005170E0,-2.140416384E0,9.495404243E0,9.801826971E0
1.218049472E1,1.142034173E0,-2.130839586E0,9.504981041E0,9.807618670E0
1.218248374E1,1.130063176E0,-2.130839586E0,9.524134636E0,9.824798252E0
1.218447327E1,1.122880578E0,-2.126051188E0,9.526528358E0,9.825258114E0
1.218646241E1,1.089361787E0,-2.118868589E0,9.531316757E0,9.824576954E0
1.218845132E1,1.067813993E0,-2.118868589E0,9.543288231E0,9.833828404E0
1.219044027E1,1.058237195E0,-2.121262789E0,9.548076630E0,9.837956551E0
1.219242956E1,1.046266198E0,-2.116474390E0,9.548076630E0,9.835644571E0
1.219441894E1,1.036689281E0,-2.092532396E0,9.548076630E0,9.829505777E0
1.219640866E1,1.027112484E0,-2.092532396E0,9.536105156E0,9.816870857E0
1.219839898E1,1.036689281E0,-2.102109194E0,9.528923035E0,9.812948687E0
1.220038862E1,1.039083481E0,-2.099714994E0,9.516951561E0,9.801064460E0
1.220237839E1,1.027112484E0,-2.080561161E0,9.502586365E0,9.781760701E0
1.220436780E1,1.024718285E0,-2.080561161E0,9.495404243E0,9.774532421E0
1.220635726E1,1.041477680E0,-2.075772762E0,9.476250648E0,9.756681540E0
1.220834632E1,1.058237195E0,-2.080561161E0,9.481039047E0,9.764153938E0
1.221033468E1,1.077390790E0,-2.075772762E0,9.471462250E0,9.755931561E0
1.221232402E1,1.091755986E0,-2.078166962E0,9.488221169E0,9.774305602E0
1.221431370E1,1.101332784E0,-2.078166962E0,9.502586365E0,9.789323748E0
1.221630296E1,1.127668977E0,-2.073378563E0,9.507374763E0,9.795953801E0
1.221829179E1,1.149216771E0,-2.082955360E0,9.502586365E0,9.795843498E0
1.222028132E1,1.177947283E0,-2.104503393E0,9.502586365E0,9.803858524E0
1.222227054E1,1.204283476E0,-2.114080191E0,9.514557838E0,9.820715076E0
1.222426093E1,1.230619669E0,-2.128445387E0,9.493009567E0,9.806219209E0
1.222625058E1,1.252167463E0,-2.138022184E0,9.478644371E0,9.797130260E0
1.222824038E1,1.264138460E0,-2.145204782E0,9.471462250E0,9.793290905E0
1.223023042E1,1.297657371E0,-2.161964178E0,9.449913979E0,9.780535668E0
1.223222066E1,1.309628367E0,-2.176329374E0,9.437943459E0,9.773756327E0
1.223421034E1,1.319205165E0,-2.193088770E0,9.433155060E0,9.774167740E0
1.223619917E1,1.340752959E0,-2.195482969E0,9.423578262E0,9.768397578E0
1.223818796E1,1.338358760E0,-2.197877169E0,9.411606789E0,9.757059524E0
1.224017628E1,1.345541358E0,-2.197877169E0,9.421183586E0,9.767284462E0
1.224216538E1,1.347935557E0,-2.209848166E0,9.425971985E0,9.774932585E0
1.224415362E1,1.345541358E0,-2.214636564E0,9.435548782E0,9.784920924E0
1.224614288E1,1.345541358E0,-2.205059767E0,9.440337181E0,9.787376370E0
1.224813093E1,1.328781962E0,-2.202665567E0,9.452308655E0,9.796097999E0
1.225011944E1,1.323993564E0,-2.195482969E0,9.466673851E0,9.807701985E0
1.225210831E1,1.307234168E0,-2.188300371E0,9.481039047E0,9.817719751E0
1.225409816E1,1.297657371E0,-2.178723574E0,9.473855972E0,9.807379775E0
1.225608675E1,1.280897856E0,-2.178723574E0,9.469067574E0,9.800549803E0
1.225807581E1,1.278503656E0,-2.178723574E0,9.459490776E0,9.790984310E0
1.226006562E1,1.273715258E0,-2.171540976E0,9.449913979E0,9.779509955E0
1.226205554E1,1.273715258E0,-2.161964178E0,9.454702377E0,9.782015984E0
1.226404542E1,1.276109457E0,-2.147598982E0,9.440337181E0,9.765275358E0
1.226603491E1,1.273715258E0,-2.145204782E0,9.437943459E0,9.762122251E0
1.226802480E1,1.264138460E0,-2.140416384E0,9.440337181E0,9.762140874E0
1.227001507E1,1.264138460E0,-2.128445387E0,9.430760384E0,9.750259854E0
1.227200577E1,1.264138460E0,-2.118868589E0,9.433155060E0,9.750490476E0
1.227399624E1,1.266532660E0,-2.121262789E0,9.433155060E0,9.751321714E0
1.227598573E1,1.264138460E0,-2.111685991E0,9.445125580E0,9.760515406E0
1.227797437E1,1.268926859E0,-2.111685991E0,9.457097054E0,9.772721104E0
1.227996444E1,1.266532660E0,-2.097320795E0,9.461885452E0,9.773951903E0
1.228195370E1,1.268926859E0,-2.087743998E0,9.461885452E0,9.772211965E0
1.228394370E1,1.261744261E0,-2.080561161E0,9.471462250E0,9.779025027E0
1.228593273E1,1.259350061E0,-2.080561161E0,9.466673851E0,9.774078531E0
1.228792288E1,1.242590666E0,-2.082955360E0,9.476250648E0,9.781720756E0
1.228991331E1,1.235408068E0,-2.082955360E0,9.476250648E0,9.780810932E0
1.229190386E1,1.225831270E0,-2.087743998E0,9.481039047E0,9.785266410E0
1.229389437E1,1.235408068E0,-2.080561161E0,9.485827446E0,9.789580694E0
1.229588440E1,1.223437071E0,-2.082955360E0,9.493009567E0,9.795546536E0
1.229787546E1,1.223437071E0,-2.075772762E0,9.497797966E0,9.798663023E0
1.229986523E1,1.230619669E0,-2.070984364E0,9.509769440E0,9.810153709E0
1.230185530E1,1.233013868E0,-2.061407566E0,9.504981041E0,9.803794620E0
1.230384487E1,1.244984865E0,-2.061407566E0,9.507374763E0,9.807627815E0
1.230583398E1,1.254561663E0,-2.075772762E0,9.495404243E0,9.800278530E0
1.230782347E1,1.254561663E0,-2.075772762E0,9.500192642E0,9.804918040E0
1.230981222E1,1.261744261E0,-2.082955360E0,9.485827446E0,9.793448011E0
1.231180112E1,1.256955862E0,-2.090138197E0,9.476250648E0,9.785087740E0
1.231379011E1,1.259350061E0,-2.085349798E0,9.464279175E0,9.772779884E0
1.231577905E1,1.256955862E0,-2.073378563E0,9.461885452E0,9.767605286E0
1.231776808E1,1.256955862E0,-2.070984364E0,9.449913979E0,9.755500422E0
1.231975788E1,1.242590666E0,-2.073378563E0,9.457097054E0,9.761127748E0
1.232174718E1,1.240196466E0,-2.061407566E0,9.461885452E0,9.762928082E0
1.232373706E1,1.230619669E0,-2.049436569E0,9.464279175E0,9.761516036E0
1.232572757E1,1.218648672E0,-2.035071373E0,9.485827446E0,9.777910943E0
1.232771765E1,1.199495077E0,-2.032677174E0,9.502586365E0,9.791308010E0
1.232970753E1,1.192312479E0,-2.030282974E0,9.512163162E0,9.799229869E0
1.233169769E1,1.189918280E0,-2.030282974E0,9.528923035E0,9.815209049E0
1.233368831E1,1.189918280E0,-2.032677174E0,9.533711433E0,9.820353135E0
1.233567839E1,1.180341482E0,-2.039859772E0,9.555258751E0,9.841605748E0
1.233766905E1,1.170764685E0,-2.037465572E0,9.569623947E0,9.853915891E0
1.233965940E1,1.170764685E0,-2.039859772E0,9.583989143E0,9.868361857E0
1.234164925E1,1.165976286E0,-2.047042370E0,9.579200745E0,9.864632283E0
1.234363952E1,1.165976286E0,-2.068590164E0,9.574412346E0,9.864478584E0
1.234562921E1,1.175553083E0,-2.073378563E0,9.574412346E0,9.866620267E0
1.234761929E1,1.180341482E0,-2.075772762E0,9.562441826E0,9.856080978E0
1.234960940E1,1.177947283E0,-2.080561161E0,9.552865028E0,9.847513635E0
1.235159937E1,1.182735682E0,-2.082955360E0,9.548076630E0,9.843949109E0
1.235358894E1,1.182735682E0,-2.080561161E0,9.545681953E0,9.841119977E0
1.235558015E1,1.182735682E0,-2.078166962E0,9.540893555E0,9.835969268E0
1.235757077E1,1.189918280E0,-2.080561161E0,9.526528358E0,9.823409939E0
1.235956214E1,1.187524080E0,-2.078166962E0,9.528923035E0,9.824935906E0
1.236155347E1,1.177947283E0,-2.082955360E0,9.526528358E0,9.822474505E0
1.236354507E1,1.180341482E0,-2.092532396E0,9.504981041E0,9.803905468E0
1.236553480E1,1.185129881E0,-2.104503393E0,9.504981041E0,9.807045016E0
1.236752609E1,1.180341482E0,-2.109291792E0,9.502586365E0,9.805175444E0
1.236951648E1,1.175553083E0,-2.114080191E0,9.495404243E0,9.798671433E0
1.237150636E1,1.180341482E0,-2.118868589E0,9.485827446E0,9.791002627E0
1.237349780E1,1.182735682E0,-2.116474390E0,9.483432770E0,9.788453639E0
1.237548909E1,1.173158884E0,-2.121262789E0,9.478644371E0,9.783698518E0
1.237747882E1,1.168370485E0,-2.116474390E0,9.488221169E0,9.791368361E0
1.237946851E1,1.168370485E0,-2.106897593E0,9.500192642E0,9.800906453E0
1.238145726E1,1.154005170E0,-2.114080191E0,9.490615845E0,9.791468332E0
1.238344687E1,1.151610970E0,-2.111685991E0,9.490615845E0,9.790669776E0
1.238543737E1,1.146822572E0,-2.109291792E0,9.495404243E0,9.794233795E0
1.238742718E1,1.134851575E0,-2.106897593E0,9.493009567E0,9.790001849E0
1.238941620E1,1.134851575E0,-2.102109194E0,9.497797966E0,9.793616154E0
1.239140624E1,1.134851575E0,-2.097320795E0,9.493009567E0,9.787945303E0
1.239339534E1,1.122880578E0,-2.094926596E0,9.495404243E0,9.788374736E0
1.239538487E1,1.130063176E0,-2.094926596E0,9.476250648E0,9.770623653E0
1.239737558E1,1.139639974E0,-2.080561161E0,9.469067574E0,9.761698353E0
1.239936671E1,1.151610970E0,-2.082955360E0,9.471462250E0,9.765936105E0
1.240135753E1,1.146822572E0,-2.085349798E0,9.464279175E0,9.758917260E0
1.240334804E1,1.151610970E0,-2.078166962E0,9.469067574E0,9.762593224E0
1.240533827E1,1.146822572E0,-2.070984364E0,9.466673851E0,9.758180775E0
1.240732878E1,1.154005170E0,-2.068590164E0,9.488221169E0,9.779424019E0
1.240931956E1,1.173158884E0,-2.061407566E0,9.495404243E0,9.787155085E0
1.241131023E1,1.177947283E0,-2.059013367E0,9.493009567E0,9.784902988E0
1.241330003E1,1.170764685E0,-2.054224968E0,9.502586365E0,9.792327496E0
1.241528948E1,1.170764685E0,-2.051830769E0,9.507374763E0,9.796472546E0
1.241727984E1,1.173158884E0,-2.042253971E0,9.514557838E0,9.801730149E0
1.241926921E1,1.175553083E0,-2.042253971E0,9.509769440E0,9.797369092E0
1.242125839E1,1.177947283E0,-2.042253971E0,9.509769440E0,9.797656652E0
1.242324765E1,1.173158884E0,-2.035071373E0,9.500192642E0,9.786290283E0
1.242523593E1,1.173158884E0,-2.039859772E0,9.488221169E0,9.775667271E0
1.242722542E1,1.180341482E0,-2.047042370E0,9.493009567E0,9.782679547E0
1.242921562E1,1.187524080E0,-2.044648170E0,9.502586365E0,9.792341252E0
1.243120675E1,1.180341482E0,-2.044648170E0,9.504981041E0,9.793796850E0
1.243319698E1,1.180341482E0,-2.044648170E0,9.502586365E0,9.791472809E0
1.243518714E1,1.189918280E0,-2.042253971E0,9.514557838E0,9.803750183E0
1.243717804E1,1.194706678E0,-2.049436569E0,9.516951561E0,9.808153818E0
1.243916761E1,1.201889277E0,-2.044648170E0,9.512163162E0,9.803385742E0
1.244115784E1,1.192312479E0,-2.049436569E0,9.516951561E0,9.807862474E0
1.244314800E1,1.201889277E0,-2.037465572E0,9.528923035E0,9.818155529E0
1.244513816E1,1.197100878E0,-2.035071373E0,9.524134636E0,9.812426131E0
1.244712843E1,1.194706678E0,-2.037465572E0,9.521739960E0,9.810306920E0
1.244911823E1,1.197100878E0,-2.035071373E0,9.507374763E0,9.796159497E0
1.245110866E1,1.199495077E0,-2.030282974E0,9.516951561E0,9.804754174E0
1.245309843E1,1.201889277E0,-2.039859772E0,9.524134636E0,9.814005619E0
1.245508925E1,1.197100878E0,-2.035071373E0,9.533711433E0,9.821721830E0
1.245707972E1,1.213860273E0,-2.027888775E0,9.540893555E0,9.829264442E0
1.245907097E1,1.211466074E0,-2.032677174E0,9.531316757E0,9.820663199E0
1.246106124E1,1.213860273E0,-2.039859772E0,9.533711433E0,9.824771669E0
1.246305132E1,1.216254473E0,-2.044648170E0,9.538499832E0,9.830709035E0
1.246504159E1,1.213860273E0,-2.047042370E0,9.521739960E0,9.814650839E0
1.246703245E1,1.209071875E0,-2.044648170E0,9.514557838E0,9.806592262E0
1.246902382E1,1.209071875E0,-2.037465572E0,9.514557838E0,9.805097226E0
1.247101550E1,1.221042871E0,-2.044648170E0,9.519346237E0,9.812720551E0
1.247300636E1,1.213860273E0,-2.039859772E0,9.512163162E0,9.803863151E0
1.247499675E1,1.213860273E0,-2.035071373E0,9.526528358E0,9.816807771E0
1.247698816E1,1.216254473E0,-2.032677174E0,9.536105156E0,9.825902146E0
1.247897968E1,1.213860273E0,-2.030282974E0,9.531316757E0,9.820463576E0
1.248096909E1,1.211466074E0,-2.037465572E0,9.540893555E0,9.830949386E0
1.248295937E1,1.209071875E0,-2.056619167E0,9.555258751E0,9.848578933E0
1.248494976E1,1.201889277E0,-2.061407566E0,9.552865028E0,9.846378483E0
1.248693984E1,1.187524080E0,-2.073378563E0,9.550470352E0,9.844825852E0
1.248893073E1,1.187524080E0,-2.075772762E0,9.545681953E0,9.840685441E0
1.249092234E1,1.189918280E0,-2.080561161E0,9.536105156E0,9.832697585E0
1.249291335E1,1.192312479E0,-2.090138197E0,9.526528358E0,9.825733016E0
1.249490608E1,1.185129881E0,-2.094926596E0,9.516951561E0,9.816599069E0
1.249689722E1,1.185129881E0,-2.092532396E0,9.502586365E0,9.802161613E0
1.249888777E1,1.199495077E0,-2.109291792E0,9.493009567E0,9.798220805E0
1.250087851E1,1.209071875E0,-2.118868589E0,9.466673851E0,9.775958915E0
1.250286995E1,1.221042871E0,-2.121262789E0,9.452308655E0,9.764058604E0
1.250486112E1,1.223437071E0,-2.135627985E0,9.447520256E0,9.762855327E0
1.250685234E1,1.223437071E0,-2.138022184E0,9.449913979E0,9.765695640E0
1.250884464E1,1.223437071E0,-2.138022184E0,9.449913979E0,9.765695640E0
1.251083628E1,1.237802267E0,-2.145204782E0,9.440337181E0,9.759816807E0
1.251282780E1,1.240196466E0,-2.145204782E0,9.435548782E0,9.755489309E0
1.251481894E1,1.237802267E0,-2.140416384E0,9.449913979E0,9.768030045E0
1.251680870E1,1.218648672E0,-2.147598982E0,9.457097054E0,9.774148078E0
1.251879870E1,1.204283476E0,-2.147598982E0,9.445125580E0,9.760782617E0
1.252078905E1,1.204283476E0,-2.152387381E0,9.449913979E0,9.766470413E0
1.252278034E1,1.194706678E0,-2.154781580E0,9.442731857E0,9.758872508E0
1.252477155E1,1.194706678E0,-2.154781580E0,9.454702377E0,9.770455708E0
1.252676312E1,1.189918280E0,-2.149993181E0,9.435548782E0,9.750279843E0
1.252875355E1,1.187524080E0,-2.159569979E0,9.437943459E0,9.754421185E0
1.253074472E1,1.175553083E0,-2.157175779E0,9.447520256E0,9.761709450E0
1.253273589E1,1.180341482E0,-2.157175779E0,9.430760384E0,9.746068683E0
1.253472624E1,1.182735682E0,-2.164358377E0,9.435548782E0,9.752583848E0
1.253671624E1,1.197100878E0,-2.161964178E0,9.433155060E0,9.751489835E0
1.253870718E1,1.199495077E0,-2.164358377E0,9.425971985E0,9.745367283E0
1.254069866E1,1.211466074E0,-2.161964178E0,9.442731857E0,9.762526522E0
1.254268921E1,1.225831270E0,-2.161964178E0,9.447520256E0,9.768950322E0
1.254467940E1,1.225831270E0,-2.152387381E0,9.449913979E0,9.769150830E0
1.254666991E1,1.230619669E0,-2.149993181E0,9.461885452E0,9.780806294E0
1.254865991E1,1.213860273E0,-2.142810583E0,9.464279175E0,9.779451634E0
1.255065034E1,1.206677675E0,-2.133233786E0,9.471462250E0,9.783422435E0
1.255263980E1,1.209071875E0,-2.133233786E0,9.478644371E0,9.790671085E0
1.255462991E1,1.211466074E0,-2.133233786E0,9.471462250E0,9.784014185E0
1.255661964E1,1.204283476E0,-2.133233786E0,9.459490776E0,9.771537792E0
1.255860913E1,1.189918280E0,-2.126051188E0,9.459490776E0,9.768211961E0
1.256059808E1,1.175553083E0,-2.114080191E0,9.449913979E0,9.754595548E0
1.256258858E1,1.170764685E0,-2.109291792E0,9.435548782E0,9.739064772E0
1.256457948E1,1.165976286E0,-2.111685991E0,9.430760384E0,9.734370028E0
1.256656956E1,1.165976286E0,-2.102109194E0,9.437943459E0,9.739257697E0
1.256855843E1,1.161187768E0,-2.090138197E0,9.437943459E0,9.736108640E0
1.257054718E1,1.173158884E0,-2.094926596E0,9.452308655E0,9.752494969E0
1.257253659E1,1.170764685E0,-2.087743998E0,9.457097054E0,9.755308792E0
1.257452569E1,1.170764685E0,-2.073378563E0,9.476250648E0,9.770819565E0
1.257651495E1,1.156399369E0,-2.073378563E0,9.497797966E0,9.790011459E0
1.257850530E1,1.154005170E0,-2.070984364E0,9.509769440E0,9.800837666E0
1.258049519E1,1.154005170E0,-2.059013367E0,9.514557838E0,9.802962554E0
1.258248597E1,1.149216771E0,-2.061407566E0,9.528923035E0,9.816846466E0
1.258447675E1,1.149216771E0,-2.063801765E0,9.526528358E0,9.815025190E0
1.258646581E1,1.142034173E0,-2.059013367E0,9.543288231E0,9.829452088E0
1.258845566E1,1.132457376E0,-2.044648170E0,9.548076630E0,9.829995584E0
1.259044659E1,1.127668977E0,-2.042253971E0,9.550470352E0,9.831272682E0
1.259243597E1,1.125274777E0,-2.042253971E0,9.548076630E0,9.828672949E0
1.259442519E1,1.127668977E0,-2.042253971E0,9.552865028E0,9.833598978E0
1.259641402E1,1.132457376E0,-2.037465572E0,9.550470352E0,9.830829549E0
1.259840370E1,1.142034173E0,-2.030282974E0,9.538499832E0,9.818822234E0
1.260039394E1,1.154005170E0,-2.020706177E0,9.531316757E0,9.811268038E0
1.260238394E1,1.161187768E0,-2.035071373E0,9.538499832E0,9.822059436E0
1.260437464E1,1.185129881E0,-2.037465572E0,9.538499832E0,9.825414894E0
1.260636605E1,1.201889277E0,-2.039859772E0,9.524134636E0,9.814005619E0
1.260835523E1,1.209071875E0,-2.037465572E0,9.526528358E0,9.816713468E0
1.261034495E1,1.235408068E0,-2.042253971E0,9.526528358E0,9.820986556E0
1.261233421E1,1.249773264E0,-2.063801765E0,9.502586365E0,9.804099069E0
1.261432355E1,1.271321058E0,-2.075772762E0,9.500192642E0,9.807076528E0
1.261631402E1,1.280897856E0,-2.090138197E0,9.483432770E0,9.795145435E0
1.261830382E1,1.285686255E0,-2.111685991E0,9.469067574E0,9.786493120E0
1.262029300E1,1.288080573E0,-2.109291792E0,9.466673851E0,9.783975533E0
1.262228308E1,1.292868972E0,-2.114080191E0,9.464279175E0,9.783323849E0
1.262427312E1,1.292868972E0,-2.116474390E0,9.459490776E0,9.779209567E0
1.262626304E1,1.292868972E0,-2.118868589E0,9.471462250E0,9.791307953E0
1.262825335E1,1.273715258E0,-2.118868589E0,9.488221169E0,9.805013799E0
1.263024276E1,1.261744261E0,-2.118868589E0,9.483432770E0,9.798831552E0
1.263223167E1,1.256955862E0,-2.118868589E0,9.504981041E0,9.819073619E0
1.263422183E1,1.242590666E0,-2.097320795E0,9.514557838E0,9.821893755E0
1.263621011E1,1.218648672E0,-2.085349798E0,9.531316757E0,9.832588036E0
1.263819898E1,1.213860273E0,-2.078166962E0,9.533711433E0,9.832796570E0
1.264018753E1,1.201889277E0,-2.070984364E0,9.543288231E0,9.839098756E0
1.264217679E1,1.199495077E0,-2.066195965E0,9.536105156E0,9.830831895E0
1.264416597E1,1.197100878E0,-2.066195965E0,9.536105156E0,9.830540057E0
1.264615562E1,1.201889277E0,-2.061407566E0,9.533711433E0,9.827796939E0
1.264814495E1,1.199495077E0,-2.051830769E0,9.536105156E0,9.827822724E0
1.265013433E1,1.213860273E0,-2.051830769E0,9.514557838E0,9.808683761E0
1.265212331E1,1.218648672E0,-2.049436569E0,9.507374763E0,9.801809513E0
1.265411273E1,1.240196466E0,-2.054224968E0,9.495404243E0,9.793907762E0
1.265610327E1,1.244984865E0,-2.068590164E0,9.493009567E0,9.795217365E0
1.265809366E1,1.256955862E0,-2.068590164E0,9.493009567E0,9.796746090E0
1.266008366E1,1.261744261E0,-2.073378563E0,9.490615845E0,9.796054632E0
1.266207382E1,1.266532660E0,-2.082955360E0,9.488221169E0,9.796384484E0
1.266406359E1,1.271321058E0,-2.097320795E0,9.476250648E0,9.788479867E0
1.266605280E1,1.268926859E0,-2.104503393E0,9.473855972E0,9.787392752E0
1.266804226E1,1.268926859E0,-2.099714994E0,9.469067574E0,9.781728842E0
1.267003327E1,1.259350061E0,-2.094926596E0,9.476250648E0,9.786419487E0
1.267202343E1,1.247379065E0,-2.090138197E0,9.485827446E0,9.793138136E0
1.267401351E1,1.233013868E0,-2.082955360E0,9.488221169E0,9.792107392E0
1.267600347E1,1.221042871E0,-2.078166962E0,9.512163162E0,9.812796321E0
1.267799249E1,1.213860273E0,-2.061407566E0,9.536105156E0,9.831589875E0
1.267998198E1,1.201889277E0,-2.059013367E0,9.545681953E0,9.838908366E0
1.268197347E1,1.204283476E0,-2.061407566E0,9.552865028E0,9.846671016E0
1.268396382E1,1.216254473E0,-2.054224968E0,9.557653427E0,9.851286931E0
1.268595405E1,1.216254473E0,-2.054224968E0,9.552865028E0,9.846641326E0
1.268794464E1,1.225831270E0,-2.063801765E0,9.512163162E0,9.810361260E0
1.268993558E1,1.221042871E0,-2.073378563E0,9.504981041E0,9.804820699E0
1.269192507E1,1.228225470E0,-2.090138197E0,9.478644371E0,9.783757693E0
1.269391437E1,1.235408068E0,-2.097320795E0,9.461885452E0,9.769967447E0
1.269590429E1,1.242590666E0,-2.104503393E0,9.459490776E0,9.770103983E0
1.269789452E1,1.247379065E0,-2.114080191E0,9.445125580E0,9.758877333E0
1.269988550E1,1.254561663E0,-2.114080191E0,9.435548782E0,9.750530285E0
1.270187569E1,1.268926859E0,-2.111685991E0,9.440337181E0,9.756503431E0
1.270386659E1,1.266532660E0,-2.114080191E0,9.447520256E0,9.763661148E0
1.270585648E1,1.261744261E0,-2.116474390E0,9.459490776E0,9.775143383E0
1.270784675E1,1.254561663E0,-2.116474390E0,9.454702377E0,9.769584733E0
1.270983683E1,1.256955862E0,-2.118868589E0,9.457097054E0,9.772728729E0
1.271182706E1,1.242590666E0,-2.116474390E0,9.459490776E0,9.772689556E0
1.271381718E1,1.240196466E0,-2.118868589E0,9.471462250E0,9.784492247E0
1.271580804E1,1.225831270E0,-2.118868589E0,9.469067574E0,9.780363343E0
1.271779894E1,1.225831270E0,-2.116474390E0,9.471462250E0,9.782163528E0
1.271978933E1,1.209071875E0,-2.109291792E0,9.478644371E0,9.785482399E0
1.272177909E1,1.206677675E0,-2.106897593E0,9.471462250E0,9.777713722E0
1.272376929E1,1.204283476E0,-2.111685991E0,9.469067574E0,9.776132013E0
1.272575847E1,1.206677675E0,-2.104503393E0,9.471462250E0,9.777198100E0
1.272774773E1,1.199495077E0,-2.102109194E0,9.490615845E0,9.794357591E0
1.272973816E1,1.197100878E0,-2.106897593E0,9.481039047E0,9.785814703E0
1.273172851E1,1.192312479E0,-2.092532396E0,9.488221169E0,9.789108326E0
1.273371843E1,1.189918280E0,-2.082955360E0,9.497797966E0,9.796059144E0
1.273570784E1,1.192312479E0,-2.082955360E0,9.512163162E0,9.810278289E0
1.273769726E1,1.194706678E0,-2.066195965E0,9.519346237E0,9.813992184E0
1.273968644E1,1.192312479E0,-2.063801765E0,9.521739960E0,9.815519275E0
1.274167663E1,1.192312479E0,-2.066195965E0,9.543288231E0,9.836926607E0
1.274366687E1,1.185129881E0,-2.075772762E0,9.545681953E0,9.840396809E0
1.274565784E1,1.185129881E0,-2.087743998E0,9.557653427E0,9.854539404E0
1.274764827E1,1.177947283E0,-2.092532396E0,9.540893555E0,9.838439991E0
1.274963851E1,1.182735682E0,-2.092532396E0,9.528923035E0,9.827407070E0
1.275162902E1,1.170764685E0,-2.092532396E0,9.524134636E0,9.821329968E0
1.275361816E1,1.161187768E0,-2.090138197E0,9.538499832E0,9.833616515E0
1.275560741E1,1.154005170E0,-2.090138197E0,9.540893555E0,9.835093057E0
1.275759718E1,1.151610970E0,-2.087743998E0,9.550470352E0,9.843595216E0
1.275958694E1,1.161187768E0,-2.078166962E0,9.562441826E0,9.854310155E0
1.276157847E1,1.154005170E0,-2.070984364E0,9.557653427E0,9.847306393E0
1.276356980E1,1.158793569E0,-2.051830769E0,9.545681953E0,9.832235554E0
1.276556023E1,1.170764685E0,-2.056619167E0,9.521739960E0,9.811417034E0
1.276755077E1,1.165976286E0,-2.066195965E0,9.504981041E0,9.796597933E0
1.276954159E1,1.170764685E0,-2.068590164E0,9.493009567E0,9.786060794E0
1.277153241E1,1.173158884E0,-2.070984364E0,9.471462250E0,9.765954902E0
1.277352441E1,1.173158884E0,-2.070984364E0,9.473855972E0,9.768276459E0
1.277551550E1,1.182735682E0,-2.070984364E0,9.495404243E0,9.790328987E0
1.277750683E1,1.180341482E0,-2.078166962E0,9.476250648E0,9.772988810E0
1.277949847E1,1.192312479E0,-2.085349798E0,9.469067574E0,9.769008831E0
1.278149081E1,1.197100878E0,-2.082955360E0,9.435548782E0,9.736597679E0
1.278348179E1,1.197100878E0,-2.090138197E0,9.435548782E0,9.738136835E0
1.278547362E1,1.199495077E0,-2.090138197E0,9.433155060E0,9.736112186E0
1.278746542E1,1.185129881E0,-2.087743998E0,9.423578262E0,9.724558350E0
1.278945753E1,1.170764685E0,-2.097320795E0,9.425971985E0,9.727198586E0
1.279144859E1,1.163581967E0,-2.097320795E0,9.452308655E0,9.751862203E0
1.279343944E1,1.161187768E0,-2.094926596E0,9.461885452E0,9.760345833E0
1.279543089E1,1.144428372E0,-2.092532396E0,9.481039047E0,9.776426215E0
1.279742202E1,1.139639974E0,-2.099714994E0,9.507374763E0,9.802946354E0
1.279941386E1,1.132457376E0,-2.094926596E0,9.521739960E0,9.815024657E0
1.280140636E1,1.118092179E0,-2.090138197E0,9.538499832E0,9.828620801E0
1.280339874E1,1.110909581E0,-2.078166962E0,9.557653427E0,9.843862913E0
1.280539038E1,1.115697980E0,-2.068590164E0,9.569623947E0,9.854011860E0
1.280738140E1,1.103726983E0,-2.063801765E0,9.583989143E0,9.865613964E0
1.280937179E1,1.106121182E0,-2.049436569E0,9.581595421E0,9.860561096E0
1.281136319E1,1.108515382E0,-2.042253971E0,9.591172218E0,9.868646926E0
1.281335429E1,1.110909581E0,-2.039859772E0,9.586383820E0,9.863767167E0
1.281534609E1,1.127668977E0,-2.035071373E0,9.552865028E0,9.832109797E0
1.281733679E1,1.134851575E0,-2.027888775E0,9.538499832E0,9.817494590E0
1.281932808E1,1.142034173E0,-2.030282974E0,9.516951561E0,9.797890488E0
1.282131956E1,1.156399369E0,-2.030282974E0,9.507374763E0,9.790274937E0
1.282330987E1,1.168370485E0,-2.049436569E0,9.490615845E0,9.779420686E0
1.282530073E1,1.194706678E0,-2.056619167E0,9.483432770E0,9.777141890E0
1.282729128E1,1.201889277E0,-2.056619167E0,9.493009567E0,9.787310707E0
1.282928245E1,1.206677675E0,-2.059013367E0,9.488221169E0,9.783759400E0
1.283127409E1,1.211466074E0,-2.059013367E0,9.473855972E0,9.770421336E0
1.283326655E1,1.221042871E0,-2.068590164E0,9.497797966E0,9.796845266E0
1.283525933E1,1.221042871E0,-2.070984364E0,9.504981041E0,9.804314689E0
1.283725062E1,1.223437071E0,-2.080561161E0,9.540893555E0,9.841452273E0
1.283924148E1,1.233013868E0,-2.092532396E0,9.627084732E0,9.928734837E0
1.284123316E1,1.242590666E0,-2.085349798E0,9.720458984E0,1.001898389E1
1.284322495E1,1.240196466E0,-2.082955360E0,9.730035782E0,1.002748157E1
1.284521558E1,1.223437071E0,-2.087743998E0,9.682151794E0,9.979956745E0
1.284720765E1,1.216254473E0,-2.090138197E0,9.615114212E0,9.914553643E0
1.284919944E1,1.216254473E0,-2.092532396E0,9.569623947E0,9.870950778E0
1.285119101E1,1.235408068E0,-2.090138197E0,9.588777542E0,9.891388453E0
1.285318202E1,1.221042871E0,-2.094926596E0,9.540893555E0,9.844201997E0
1.285517140E1,1.209071875E0,-2.104503393E0,9.485827446E0,9.791410096E0
1.285716085E1,1.211466074E0,-2.109291792E0,9.461885452E0,9.769546470E0
1.285915023E1,1.197100878E0,-2.111685991E0,9.454702377E0,9.761335220E0
1.286113995E1,1.199495077E0,-2.104503393E0,9.437943459E0,9.743844195E0
1.286313073E1,1.223437071E0,-2.102109194E0,9.435548782E0,9.743984922E0
1.286512085E1,1.233013868E0,-2.114080191E0,9.449913979E0,9.761686968E0
1.286711120E1,1.244984865E0,-2.118868589E0,9.502586365E0,9.815229953E0
1.286910249E1,1.242590666E0,-2.126051188E0,9.478644371E0,9.793305077E0
1.287109394E1,1.223437071E0,-2.128445387E0,9.430760384E0,9.745066416E0
1.287308398E1,1.216254473E0,-2.116474390E0,9.404424667E0,9.716066185E0
1.287507499E1,1.182735682E0,-2.111685991E0,9.339780807E0,9.648294510E0
1.287706648E1,1.170764685E0,-2.102109194E0,9.284713745E0,9.591426502E0
1.287905843E1,1.165976286E0,-2.092532396E0,9.270348549E0,9.574839672E0
1.288104862E1,1.163581967E0,-2.090138197E0,9.255983353E0,9.560116553E0
1.288303898E1,1.151610970E0,-2.078166962E0,9.275136948E0,9.574609712E0
1.288503019E1,1.149216771E0,-2.087743998E0,9.318233490E0,9.618152087E0
1.288702191E1,1.151610970E0,-2.090138197E0,9.346963882E0,9.646793215E0
1.288901319E1,1.158793569E0,-2.092532396E0,9.414001465E0,9.713131212E0
1.289100366E1,1.156399369E0,-2.106897593E0,9.490615845E0,9.790202556E0
1.289299569E1,1.158793569E0,-2.118868589E0,9.557653427E0,9.858049790E0
1.289498683E1,1.170764685E0,-2.128445387E0,9.588777542E0,9.891694722E0
1.289697749E1,1.170764685E0,-2.126051188E0,9.615114212E0,9.916713413E0
1.289896890E1,1.158793569E0,-2.118868589E0,9.624691010E0,9.923058181E0
1.290095987E1,1.146822572E0,-2.114080191E0,9.627084732E0,9.922968180E0
1.290295105E1,1.132457376E0,-2.102109194E0,9.605537415E0,9.897861981E0
1.290494300E1,1.115697980E0,-2.097320795E0,9.574412346E0,9.864730522E0
1.290693409E1,1.106121182E0,-2.082955360E0,9.538499832E0,9.825740998E0
1.290892663E1,1.101332784E0,-2.068590164E0,9.504981041E0,9.789620205E0
1.291091847E1,1.101332784E0,-2.066195965E0,9.476250648E0,9.761220519E0
1.291290913E1,1.103726983E0,-2.063801765E0,9.459490776E0,9.744714297E0
1.291490077E1,1.118092179E0,-2.068590164E0,9.445125580E0,9.733426560E0
1.291689187E1,1.130063176E0,-2.070984364E0,9.435548782E0,9.726026930E0
1.291888413E1,1.139639974E0,-2.090138197E0,9.430760384E0,9.726597471E0
1.292087562E1,1.154005170E0,-2.106897593E0,9.430760384E0,9.731905610E0
1.292286620E1,1.182735682E0,-2.116474390E0,9.435548782E0,9.742068998E0
1.292485671E1,1.199495077E0,-2.130839586E0,9.437943459E0,9.749566273E0
1.292684792E1,1.213860273E0,-2.140416384E0,9.433155060E0,9.748807796E0
1.292883859E1,1.213860273E0,-2.142810583E0,9.425971985E0,9.742383785E0
1.293082940E1,1.216254473E0,-2.142810583E0,9.423578262E0,9.740366492E0
1.293281987E1,1.228225470E0,-2.142810583E0,9.437943459E0,9.755765051E0
1.293481058E1,1.240196466E0,-2.138022184E0,9.452308655E0,9.770126153E0
1.293680148E1,1.237802267E0,-2.145204782E0,9.457097054E0,9.776028984E0
1.293879210E1,1.247379065E0,-2.138022184E0,9.452308655E0,9.771040492E0
1.294078413E1,1.261744261E0,-2.121262789E0,9.449913979E0,9.766914999E0
1.294277718E1,1.254561663E0,-2.116474390E0,9.454702377E0,9.769584733E0
1.294476991E1,1.254561663E0,-2.121262789E0,9.457097054E0,9.772940472E0
1.294676155E1,1.259350061E0,-2.121262789E0,9.469067574E0,9.785139708E0
1.294875339E1,1.271321058E0,-2.126051188E0,9.464279175E0,9.783094152E0
1.295074444E1,1.283292055E0,-2.133233786E0,9.461885452E0,9.783905212E0
1.295273542E1,1.285686255E0,-2.128445387E0,9.457097054E0,9.778545576E0
1.295472730E1,1.295263171E0,-2.126051188E0,9.447520256E0,9.770027601E0
1.295671812E1,1.302445769E0,-2.126051188E0,9.457097054E0,9.780242498E0
1.295870847E1,1.312022567E0,-2.123656988E0,9.452308655E0,9.776372595E0
1.296069987E1,1.314416766E0,-2.126051188E0,9.452308655E0,9.777214531E0
1.296269124E1,1.335964561E0,-2.140416384E0,9.454702377E0,9.785580241E0
1.296468237E1,1.326387763E0,-2.142810583E0,9.459490776E0,9.789428351E0
1.296667319E1,1.319205165E0,-2.154781580E0,9.464279175E0,9.795711624E0
1.296866484E1,1.316810966E0,-2.145204782E0,9.466673851E0,9.795601486E0
1.297065616E1,1.302445769E0,-2.140416384E0,9.469067574E0,9.794947064E0
1.297264691E1,1.304839969E0,-2.138022184E0,9.473855972E0,9.799372081E0
1.297463831E1,1.304839969E0,-2.130839586E0,9.476250648E0,9.800123011E0
1.297663109E1,1.295263171E0,-2.128445387E0,9.493009567E0,9.814541104E0
1.297862304E1,1.273715258E0,-2.138022184E0,9.488221169E0,9.809170727E0
1.298061526E1,1.252167463E0,-2.118868589E0,9.493009567E0,9.806873003E0
1.298260706E1,1.237802267E0,-2.111685991E0,9.509769440E0,9.819729476E0
1.298459874E1,1.230619669E0,-2.092532396E0,9.533711433E0,9.837925101E0
1.298659105E1,1.213860273E0,-2.082955360E0,9.531316757E0,9.831488134E0
1.298858276E1,1.194706678E0,-2.075772762E0,9.548076630E0,9.843877485E0
1.299057437E1,1.185129881E0,-2.075772762E0,9.564835548E0,9.858977861E0
1.299256573E1,1.170764685E0,-2.059013367E0,9.560047150E0,9.849097801E0
1.299455663E1,1.168370485E0,-2.047042370E0,9.545681953E0,9.832370824E0
1.299654831E1,1.173158884E0,-2.037465572E0,9.540893555E0,9.826302333E0
1.299854105E1,1.182735682E0,-2.037465572E0,9.526528358E0,9.813504584E0
1.300053421E1,1.187524080E0,-2.030282974E0,9.512163162E0,9.798648398E0
1.300252737E1,1.199495077E0,-2.032677174E0,9.504981041E0,9.793632090E0
1.300451941E1,1.206677675E0,-2.037465572E0,9.485827446E0,9.776924839E0
1.300651155E1,1.223437071E0,-2.042253971E0,9.464279175E0,9.759107533E0
1.300850402E1,1.225831270E0,-2.032677174E0,9.469067574E0,9.762053038E0
1.301049648E1,1.233013868E0,-2.039859772E0,9.469067574E0,9.764455530E0
1.301248886E1,1.235408068E0,-2.054224968E0,9.466673851E0,9.765448639E0
1.301448097E1,1.242590666E0,-2.049436569E0,9.481039047E0,9.779280302E0
1.301647308E1,1.242590666E0,-2.056619167E0,9.495404243E0,9.794713661E0
1.301846456E1,1.235408068E0,-2.049436569E0,9.514557838E0,9.810873264E0
1.302045538E1,1.230619669E0,-2.044648170E0,9.533711433E0,9.827851475E0
1.302244690E1,1.235408068E0,-2.039859772E0,9.543288231E0,9.836748001E0
1.302443812E1,1.213860273E0,-2.030282974E0,9.543288231E0,9.832082993E0
1.302642948E1,1.204283476E0,-2.023100376E0,9.545681953E0,9.831748460E0
1.302842050E1,1.209071875E0,-2.023100376E0,9.540893555E0,9.827687406E0
1.303041257E1,1.209071875E0,-2.027888775E0,9.545681953E0,9.833322513E0
1.303240495E1,1.213860273E0,-2.025494576E0,9.543288231E0,9.831095325E0
1.303439698E1,1.213860273E0,-2.027888775E0,9.533711433E0,9.822293181E0
1.303638925E1,1.213860273E0,-2.030282974E0,9.524134636E0,9.813493072E0
1.303838097E1,1.216254473E0,-2.032677174E0,9.526528358E0,9.816608070E0
1.304037261E1,1.216254473E0,-2.020706177E0,9.504981041E0,9.793221788E0
1.304236444E1,1.233013868E0,-2.030282974E0,9.512163162E0,9.804265407E0
1.304435675E1,1.249773264E0,-2.025494576E0,9.504981041E0,9.798429776E0
1.304634913E1,1.249773264E0,-2.027888775E0,9.495404243E0,9.789635736E0
1.304834222E1,1.252167463E0,-2.020706177E0,9.495404243E0,9.788456393E0
1.305033550E1,1.247379065E0,-2.018311977E0,9.502586365E0,9.794319036E0
1.305232812E1,1.254561663E0,-2.015917778E0,9.509769440E0,9.801712312E0
1.305432163E1,1.249773264E0,-2.023100376E0,9.497797966E0,9.790966987E0
1.305631440E1,1.252167463E0,-2.027888775E0,9.509769440E0,9.803875307E0
1.305830718E1,1.247379065E0,-2.035071373E0,9.516951561E0,9.811719372E0
1.306029995E1,1.242590666E0,-2.035071373E0,9.521739960E0,9.815756666E0
1.306229374E1,1.235408068E0,-2.044648170E0,9.533711433E0,9.828452214E0
1.306428722E1,1.228225470E0,-2.049436569E0,9.543288231E0,9.837839108E0
1.306628101E1,1.221042871E0,-2.049436569E0,9.531316757E0,9.825331296E0
1.306827351E1,1.209071875E0,-2.051830769E0,9.514557838E0,9.808092330E0
1.307026640E1,1.199495077E0,-2.056619167E0,9.524134636E0,9.817209960E0
1.307225948E1,1.192312479E0,-2.051830769E0,9.531316757E0,9.822302056E0
1.307425257E1,1.194706678E0,-2.059013367E0,9.536105156E0,9.828741610E0
1.307624530E1,1.175553083E0,-2.061407566E0,9.538499832E0,9.829257615E0
1.307823819E1,1.180341482E0,-2.054224968E0,9.519346237E0,9.809740008E0
1.308023206E1,1.180341482E0,-2.054224968E0,9.507374763E0,9.798123347E0
1.308222437E1,1.177947283E0,-2.049436569E0,9.469067574E0,9.759661406E0
1.308421761E1,1.182735682E0,-2.049436569E0,9.488221169E0,9.778823799E0
1.308621042E1,1.182735682E0,-2.049436569E0,9.519346237E0,9.809026798E0
1.308820347E1,1.199495077E0,-2.070984364E0,9.617507935E0,9.910813465E0
1.309019730E1,1.228225470E0,-2.073378563E0,9.679757118E0,9.975226029E0
1.309219077E1,1.213860273E0,-2.068590164E0,9.674968719E0,9.967825327E0
1.309418409E1,1.206677675E0,-2.070984364E0,9.658209801E0,9.951184040E0
1.309617690E1,1.194706678E0,-2.075772762E0,9.605537415E0,9.899621489E0
1.309816999E1,1.189918280E0,-2.075772762E0,9.562441826E0,9.857232459E0
1.310016347E1,1.175553083E0,-2.063801765E0,9.538499832E0,9.829760009E0
1.310215698E1,1.170764685E0,-2.056619167E0,9.473855972E0,9.764953627E0
1.310415019E1,1.175553083E0,-2.061407566E0,9.416395187E0,9.710809674E0
1.310614304E1,1.170764685E0,-2.056619167E0,9.387664795E0,9.681354381E0
1.310813663E1,1.175553083E0,-2.044648170E0,9.346963882E0,9.639929720E0
1.311013026E1,1.175553083E0,-2.039859772E0,9.334992409E0,9.627306800E0
1.311212437E1,1.173158884E0,-2.039859772E0,9.308655739E0,9.601479121E0
1.311411773E1,1.175553083E0,-2.039859772E0,9.275136948E0,9.569279928E0
1.311611167E1,1.180341482E0,-2.039859772E0,9.234436035E0,9.530427209E0
1.311810484E1,1.187524080E0,-2.044648170E0,9.241618156E0,9.539303210E0
1.312009890E1,1.187524080E0,-2.066195965E0,9.327810287E0,9.627430808E0
1.312209226E1,1.192312479E0,-2.068590164E0,9.404424667E0,9.702776800E0
1.312408515E1,1.199495077E0,-2.068590164E0,9.421183586E0,9.719905034E0
1.312607898E1,1.211466074E0,-2.066195965E0,9.445125580E0,9.744086054E0
1.312807187E1,1.201889277E0,-2.078166962E0,9.478644371E0,9.777935102E0
1.313006585E1,1.175553083E0,-2.080561161E0,9.516951561E0,9.812391493E0
1.313205890E1,1.177947283E0,-2.073378563E0,9.531316757E0,9.825093261E0
1.313405292E1,1.163581967E0,-2.066195965E0,9.550470352E0,9.840455920E0
1.313604652E1,1.156399369E0,-2.059013367E0,9.550470352E0,9.838103450E0
1.313803991E1,1.146822572E0,-2.054224968E0,9.545681953E0,9.831331862E0
1.314003331E1,1.146822572E0,-2.049436569E0,9.536105156E0,9.821033235E0
1.314202648E1,1.139639974E0,-2.032677174E0,9.516951561E0,9.798108122E0
1.314401984E1,1.144428372E0,-2.025494576E0,9.512163162E0,9.792527386E0
1.314601292E1,1.151610970E0,-2.020706177E0,9.497797966E0,9.778426636E0
1.314800675E1,1.156399369E0,-2.011129379E0,9.493009567E0,9.772365708E0
1.315000011E1,1.163581967E0,-2.003946781E0,9.485827446E0,9.764765641E0
1.315199316E1,1.182735682E0,-2.011129379E0,9.488221169E0,9.770867209E0
1.315398726E1,1.192312479E0,-2.015917778E0,9.490615845E0,9.775342585E0
1.315598152E1,1.218648672E0,-2.023100376E0,9.493009567E0,9.782395942E0
1.315797487E1,1.242590666E0,-2.027888775E0,9.490615845E0,9.784076531E0
1.315996902E1,1.259350061E0,-2.039859772E0,9.493009567E0,9.791027582E0
1.316196355E1,1.266532660E0,-2.039859772E0,9.500192642E0,9.798917956E0
1.316395827E1,1.271321058E0,-2.035071373E0,9.504981041E0,9.803185060E0
1.316595202E1,1.268926859E0,-2.044648170E0,9.495404243E0,9.795583865E0
1.316794624E1,1.264138460E0,-2.051830769E0,9.485827446E0,9.787184370E0
1.316994089E1,1.266532660E0,-2.051830769E0,9.488221169E0,9.789813861E0
1.317193507E1,1.254561663E0,-2.032677174E0,9.481039047E0,9.777310616E0
1.317392948E1,1.249773264E0,-2.047042370E0,9.485827446E0,9.784336360E0
1.317592366E1,1.247379065E0,-2.049436569E0,9.488221169E0,9.786852698E0
1.317791796E1,1.240196466E0,-2.049436569E0,9.483432770E0,9.781297185E0
1.317991331E1,1.237802267E0,-2.051830769E0,9.490615845E0,9.788460199E0
1.318190761E1,1.230619669E0,-2.059013367E0,9.504981041E0,9.802990636E0
1.318390175E1,1.228225470E0,-2.056619167E0,9.488221169E0,9.785936907E0
1.318589585E1,1.235408068E0,-2.059013367E0,9.485827446E0,9.785023836E0
1.318788933E1,1.233013868E0,-2.066195965E0,9.502586365E0,9.802481144E0
1.318988339E1,1.237802267E0,-2.070984364E0,9.509769440E0,9.811057307E0
1.319187675E1,1.235408068E0,-2.073378563E0,9.495404243E0,9.797338083E0
1.319387066E1,1.230619669E0,-2.075772762E0,9.500192642E0,9.801883368E0
1.319586491E1,1.230619669E0,-2.092532396E0,9.507374763E0,9.812404980E0
1.319785968E1,1.233013868E0,-2.092532396E0,9.490615845E0,9.796468963E0
1.319985472E1,1.235408068E0,-2.094926596E0,9.488221169E0,9.794962556E0
1.320184999E1,1.235408068E0,-2.104503393E0,9.502586365E0,9.810928358E0
1.320384569E1,1.228225470E0,-2.104503393E0,9.507374763E0,9.814664907E0
1.320584069E1,1.221042871E0,-2.102109194E0,9.497797966E0,9.803977507E0
1.320783499E1,1.211466074E0,-2.092532396E0,9.507374763E0,9.810021242E0
1.320983011E1,1.213860273E0,-2.102109194E0,9.509769440E0,9.814684642E0
1.321182527E1,1.192312479E0,-2.097320795E0,9.502586365E0,9.804055854E0
1.321381929E1,1.185129881E0,-2.092532396E0,9.509769440E0,9.809125316E0
1.321581343E1,1.175553083E0,-2.080561161E0,9.507374763E0,9.803103319E0
1.321780780E1,1.175553083E0,-2.085349798E0,9.512163162E0,9.808764288E0
1.321980132E1,1.187524080E0,-2.080561161E0,9.512163162E0,9.809189376E0
1.322179616E1,1.187524080E0,-2.085349798E0,9.509769440E0,9.807885196E0
1.322379136E1,1.199495077E0,-2.090138197E0,9.497797966E0,9.798756672E0
1.322578577E1,1.209071875E0,-2.097320795E0,9.495404243E0,9.799148487E0
1.322777991E1,1.218648672E0,-2.111685991E0,9.490615845E0,9.798781119E0
1.322977499E1,1.225831270E0,-2.116474390E0,9.483432770E0,9.793754298E0
1.323177007E1,1.242590666E0,-2.138022184E0,9.481039047E0,9.798227995E0
1.323376515E1,1.261744261E0,-2.145204782E0,9.466673851E0,9.788351033E0
1.323576007E1,1.276109457E0,-2.149993181E0,9.464279175E0,9.788948173E0
1.323775503E1,1.273715258E0,-2.159569979E0,9.471462250E0,9.797688003E0
1.323975050E1,1.273715258E0,-2.154781580E0,9.471462250E0,9.796633675E0
1.324174648E1,1.280897856E0,-2.154781580E0,9.459490776E0,9.785997584E0
1.324374245E1,1.290474772E0,-2.152387381E0,9.457097054E0,9.784415223E0
1.324573812E1,1.285686255E0,-2.152387381E0,9.471462250E0,9.797671036E0
1.324773327E1,1.278503656E0,-2.152387381E0,9.478644371E0,9.803674931E0
1.324972835E1,1.276109457E0,-2.135627985E0,9.481039047E0,9.802013245E0
1.325172382E1,1.268926859E0,-2.138022184E0,9.473855972E0,9.794654727E0
1.325371819E1,1.280897856E0,-2.133233786E0,9.469067574E0,9.790537596E0
1.325571253E1,1.271321058E0,-2.128445387E0,9.473855972E0,9.792879249E0
1.325770761E1,1.264138460E0,-2.116474390E0,9.464279175E0,9.780086410E0
1.325970222E1,1.261744261E0,-2.111685991E0,9.466673851E0,9.781059764E0
1.326169694E1,1.256955862E0,-2.114080191E0,9.476250648E0,9.790229795E0
1.326369163E1,1.256955862E0,-2.106897593E0,9.483432770E0,9.795634365E0
1.326568636E1,1.249773264E0,-2.090138197E0,9.488221169E0,9.795761932E0
1.326768109E1,1.247379065E0,-2.085349798E0,9.473855972E0,9.780520707E0
1.326967546E1,1.237802267E0,-2.082955360E0,9.483432770E0,9.788072057E0
1.327167007E1,1.235408068E0,-2.073378563E0,9.490615845E0,9.792697324E0
1.327366448E1,1.233013868E0,-2.066195965E0,9.490615845E0,9.790877288E0
1.327565890E1,1.230619669E0,-2.068590164E0,9.488221169E0,9.788760441E0
1.327765355E1,1.216254473E0,-2.061407566E0,9.476250648E0,9.773842768E0
1.327964800E1,1.206677675E0,-2.051830769E0,9.476250648E0,9.770640044E0
1.328164273E1,1.204283476E0,-2.042253971E0,9.478644371E0,9.770660115E0
1.328363667E1,1.192312479E0,-2.032677174E0,9.478644371E0,9.767194308E0
1.328563108E1,1.194706678E0,-2.037465572E0,9.478644371E0,9.768484484E0
1.328762546E1,1.182735682E0,-2.027888775E0,9.459490776E0,9.746443573E0
1.328961933E1,1.185129881E0,-2.025494576E0,9.457097054E0,9.743913269E0
1.329161417E1,1.192312479E0,-2.027888775E0,9.464279175E0,9.752257289E0
1.329360894E1,1.185129881E0,-2.035071373E0,9.478644371E0,9.766818696E0
1.329560355E1,1.165976286E0,-2.023100376E0,9.485827446E0,9.768999855E0
1.329759769E1,1.161187768E0,-2.032677174E0,9.497797966E0,9.782039651E0
1.329959171E1,1.163581967E0,-2.027888775E0,9.514557838E0,9.797605153E0
1.330158597E1,1.156399369E0,-2.027888775E0,9.536105156E0,9.817682717E0
1.330357964E1,1.151610970E0,-2.035071373E0,9.528923035E0,9.811630727E0
1.330557402E1,1.156399369E0,-2.042253971E0,9.538499832E0,9.822985281E0
1.330756777E1,1.149216771E0,-2.051830769E0,9.538499832E0,9.824138015E0
1.330956120E1,1.142034173E0,-2.061407566E0,9.531316757E0,9.818331953E0
1.331155554E1,1.139639974E0,-2.066195965E0,9.519346237E0,9.807440941E0
1.331354952E1,1.144428372E0,-2.087743998E0,9.521739960E0,9.814882738E0
1.331554343E1,1.149216771E0,-2.094926596E0,9.514557838E0,9.810006498E0
1.331753796E1,1.149216771E0,-2.109291792E0,9.495404243E0,9.794514424E0
1.331953206E1,1.154005170E0,-2.116474390E0,9.493009567E0,9.794305612E0
1.332152566E1,1.161187768E0,-2.118868589E0,9.481039047E0,9.784071880E0
1.332352050E1,1.163581967E0,-2.114080191E0,9.471462250E0,9.774039861E0
1.332551476E1,1.168370485E0,-2.126051188E0,9.461885452E0,9.767930157E0
1.332750937E1,1.170764685E0,-2.140416384E0,9.466673851E0,9.775990285E0
1.332950308E1,1.180341482E0,-2.128445387E0,9.464279175E0,9.772208864E0
1.333149667E1,1.182735682E0,-2.121262789E0,9.469067574E0,9.775574675E0
1.333349038E1,1.182735682E0,-2.111685991E0,9.481039047E0,9.785100042E0
1.333548448E1,1.182735682E0,-2.114080191E0,9.478644371E0,9.783296881E0
1.333747812E1,1.185129881E0,-2.114080191E0,9.488221169E0,9.792865200E0
1.333947237E1,1.182735682E0,-2.106897593E0,9.495404243E0,9.797988717E0
1.334146550E1,1.177947283E0,-2.111685991E0,9.507374763E0,9.810043446E0
1.334345909E1,1.182735682E0,-2.104503393E0,9.514557838E0,9.816038360E0
1.334545277E1,1.177947283E0,-2.097320795E0,9.500192642E0,9.799998702E0
1.334744624E1,1.180341482E0,-2.094926596E0,9.514557838E0,9.813701357E0
1.334944077E1,1.185129881E0,-2.092532396E0,9.504981041E0,9.804483120E0
1.335143558E1,1.182735682E0,-2.097320795E0,9.502586365E0,9.802895788E0
1.335343042E1,1.189918280E0,-2.097320795E0,9.488221169E0,9.789841724E0
1.335542573E1,1.197100878E0,-2.106897593E0,9.478644371E0,9.783494626E0
1.335742073E1,1.192312479E0,-2.106897593E0,9.493009567E0,9.796828934E0
1.335941523E1,1.192312479E0,-2.104503393E0,9.502586365E0,9.805594893E0
1.336140987E1,1.185129881E0,-2.092532396E0,9.497797966E0,9.797519628E0
1.336340526E1,1.187524080E0,-2.087743998E0,9.504981041E0,9.803751987E0
1.336540034E1,1.187524080E0,-2.082955360E0,9.512163162E0,9.809697472E0
1.336739538E1,1.187524080E0,-2.087743998E0,9.519346237E0,9.817680033E0
1.336939089E1,1.182735682E0,-2.097320795E0,9.519346237E0,9.819143089E0
1.337138609E1,1.187524080E0,-2.094926596E0,9.516951561E0,9.816888402E0
1.337338120E1,1.189918280E0,-2.092532396E0,9.507374763E0,9.807383557E0
1.337537648E1,1.189918280E0,-2.102109194E0,9.514557838E0,9.816393403E0
1.337737155E1,1.197100878E0,-2.109291792E0,9.500192642E0,9.804887690E0
1.337936605E1,1.194706678E0,-2.118868589E0,9.473855972E0,9.781148968E0
1.338136120E1,1.194706678E0,-2.118868589E0,9.469067574E0,9.776511078E0
1.338335534E1,1.204283476E0,-2.123656988E0,9.473855972E0,9.783361625E0
1.338535093E1,1.209071875E0,-2.128445387E0,9.483432770E0,9.794265244E0
1.338734608E1,1.209071875E0,-2.128445387E0,9.485827446E0,9.796583940E0
1.338934109E1,1.206677675E0,-2.138022184E0,9.490615845E0,9.803009690E0
1.339133636E1,1.201889277E0,-2.140416384E0,9.483432770E0,9.795989854E0
1.339333148E1,1.211466074E0,-2.142810583E0,9.488221169E0,9.802327692E0
1.339532577E1,1.216254473E0,-2.142810583E0,9.488221169E0,9.802920640E0
1.339732054E1,1.213860273E0,-2.140416384E0,9.485827446E0,9.799783742E0
1.339931554E1,1.216254473E0,-2.145204782E0,9.476250648E0,9.791859111E0
1.340130921E1,1.206677675E0,-2.133233786E0,9.473855972E0,9.785739848E0
1.340330331E1,1.218648672E0,-2.118868589E0,9.471462250E0,9.781784389E0
1.340529858E1,1.216254473E0,-2.114080191E0,9.471462250E0,9.780450253E0
1.340729343E1,1.209071875E0,-2.109291792E0,9.466673851E0,9.773887684E0
1.340928937E1,1.213860273E0,-2.094926596E0,9.461885452E0,9.766752301E0
1.341128515E1,1.216254473E0,-2.092532396E0,9.461885452E0,9.766536903E0
1.341328101E1,1.211466074E0,-2.085349798E0,9.473855972E0,9.776005361E0
1.341527683E1,1.216254473E0,-2.087743998E0,9.469067574E0,9.772471062E0
1.341727237E1,1.221042871E0,-2.080561161E0,9.478644371E0,9.780816916E0
1.341926890E1,1.223437071E0,-2.066195965E0,9.490615845E0,9.789675845E0
1.342126589E1,1.216254473E0,-2.054224968E0,9.495404243E0,9.790904805E0
1.342326124E1,1.206677675E0,-2.047042370E0,9.500192642E0,9.792860344E0
1.342525702E1,1.201889277E0,-2.044648170E0,9.509769440E0,9.801063145E0
1.342725300E1,1.199495077E0,-2.044648170E0,9.514557838E0,9.805416128E0
1.342924874E1,1.201889277E0,-2.044648170E0,9.504981041E0,9.796417129E0
1.343124441E1,1.192312479E0,-2.044648170E0,9.521739960E0,9.811509927E0
1.343323987E1,1.189918280E0,-2.035071373E0,9.536105156E0,9.823172733E0
1.343523632E1,1.177947283E0,-2.025494576E0,9.526528358E0,9.810450073E0
1.343723405E1,1.173158884E0,-2.030282974E0,9.531316757E0,9.815515771E0
1.343923132E1,1.163581967E0,-2.030282974E0,9.526528358E0,9.809725507E0
1.344122773E1,1.158793569E0,-2.025494576E0,9.531316757E0,9.812819673E0
1.344322440E1,1.156399369E0,-2.023100376E0,9.540893555E0,9.821346367E0
1.344522124E1,1.156399369E0,-2.013523579E0,9.536105156E0,9.814725582E0
1.344721769E1,1.154005170E0,-2.008735180E0,9.536105156E0,9.813462513E0
1.344921386E1,1.154005170E0,-2.006340981E0,9.536105156E0,9.812972720E0
1.345121132E1,1.154005170E0,-2.015917778E0,9.528923035E0,9.807957311E0
1.345320773E1,1.168370485E0,-2.027888775E0,9.533711433E0,9.816775243E0
1.345520366E1,1.182735682E0,-2.042253971E0,9.536105156E0,9.823795932E0
1.345720007E1,1.187524080E0,-2.049436569E0,9.524134636E0,9.814252099E0
1.345919698E1,1.204283476E0,-2.059013367E0,9.509769440E0,9.804363800E0
1.346119335E1,1.206677675E0,-2.078166962E0,9.507374763E0,9.806376692E0
1.346319046E1,1.213860273E0,-2.087743998E0,9.502586365E0,9.804656005E0
1.346518714E1,1.216254473E0,-2.109291792E0,9.497797966E0,9.804924936E0
1.346718452E1,1.211466074E0,-2.114080191E0,9.490615845E0,9.798406718E0
1.346918222E1,1.216254473E0,-2.130839586E0,9.478644371E0,9.791039342E0
1.347117902E1,1.230619669E0,-2.138022184E0,9.478644371E0,9.794399560E0
1.347317562E1,1.235408068E0,-2.138022184E0,9.495404243E0,9.811221825E0
1.347517319E1,1.247379065E0,-2.140416384E0,9.483432770E0,9.801675057E0
1.347716995E1,1.244984865E0,-2.152387381E0,9.471462250E0,9.792413181E0
1.347916605E1,1.249773264E0,-2.166752577E0,9.459490776E0,9.784616277E0
1.348116257E1,1.235408068E0,-2.178723574E0,9.452308655E0,9.778507474E0
1.348315804E1,1.242590666E0,-2.181117773E0,9.442731857E0,9.770695535E0
1.348515331E1,1.240196466E0,-2.176329374E0,9.445125580E0,9.771637224E0
1.348714886E1,1.242590666E0,-2.183511972E0,9.440337181E0,9.768916122E0
1.348914386E1,1.249773264E0,-2.178723574E0,9.442731857E0,9.771077451E0
1.349113937E1,1.237802267E0,-2.169146776E0,9.449913979E0,9.774365780E0
1.349313534E1,1.230619669E0,-2.154781580E0,9.454702377E0,9.774912044E0
1.349513112E1,1.228225470E0,-2.147598982E0,9.469067574E0,9.786928012E0
1.349712706E1,1.218648672E0,-2.135627985E0,9.488221169E0,9.801650495E0
1.349912214E1,1.201889277E0,-2.135627985E0,9.509769440E0,9.820445994E0
1.350111816E1,1.197100878E0,-2.133233786E0,9.521739960E0,9.830934277E0
1.350311300E1,1.180341482E0,-2.123656988E0,9.521739960E0,9.826833512E0
1.350510808E1,1.161187768E0,-2.116474390E0,9.504981041E0,9.806757133E0
1.350710331E1,1.156399369E0,-2.123656988E0,9.509769440E0,9.812384690E0
1.350909816E1,1.163581967E0,-2.111685991E0,9.500192642E0,9.801367301E0
1.351109288E1,1.154005170E0,-2.097320795E0,9.490615845E0,9.787863483E0
1.351308769E1,1.165976286E0,-2.102109194E0,9.493009567E0,9.792629596E0
1.351508226E1,1.163581967E0,-2.109291792E0,9.485827446E0,9.786927873E0
1.351707710E1,1.163581967E0,-2.109291792E0,9.483432770E0,9.784606888E0
1.351907206E1,1.175553083E0,-2.099714994E0,9.478644371E0,9.779336748E0
1.352106636E1,1.177947283E0,-2.106897593E0,9.483432770E0,9.785809847E0
1.352306132E1,1.175553083E0,-2.106897593E0,9.476250648E0,9.778561697E0
1.352505636E1,1.180341482E0,-2.111685991E0,9.478644371E0,9.782490626E0
1.352705112E1,1.182735682E0,-2.109291792E0,9.485827446E0,9.789223559E0
1.352904663E1,1.170764685E0,-2.121262789E0,9.488221169E0,9.792690473E0
1.353104253E1,1.165976286E0,-2.118868589E0,9.471462250E0,9.775361985E0
1.353303734E1,1.165976286E0,-2.123656988E0,9.471462250E0,9.776401017E0
1.353503335E1,1.158793569E0,-2.126051188E0,9.490615845E0,9.794625327E0
1.353702972E1,1.146822572E0,-2.123656988E0,9.488221169E0,9.790375987E0
1.353902581E1,1.149216771E0,-2.111685991E0,9.500192642E0,9.799672298E0
1.354102183E1,1.154005170E0,-2.111685991E0,9.514557838E0,9.814161020E0
1.354301761E1,1.158793569E0,-2.111685991E0,9.504981041E0,9.805441594E0
1.354501487E1,1.165976286E0,-2.116474390E0,9.497797966E0,9.800363807E0
1.354701202E1,1.170764685E0,-2.121262789E0,9.497797966E0,9.801969800E0
1.354900776E1,1.173158884E0,-2.121262789E0,9.495404243E0,9.799936700E0
1.355100308E1,1.189918280E0,-2.121262789E0,9.476250648E0,9.783403686E0
1.355299878E1,1.199495077E0,-2.126051188E0,9.464279175E0,9.774019766E0
1.355499491E1,1.211466074E0,-2.138022184E0,9.459490776E0,9.773471986E0
1.355699120E1,1.211466074E0,-2.133233786E0,9.447520256E0,9.760838869E0
1.355898734E1,1.225831270E0,-2.126051188E0,9.440337181E0,9.754113084E0
1.356098327E1,1.235408068E0,-2.130839586E0,9.433155060E0,9.749416640E0
1.356297925E1,1.233013868E0,-2.128445387E0,9.437943459E0,9.753224067E0
1.356497495E1,1.230619669E0,-2.121262789E0,9.442731857E0,9.755991263E0
1.356697136E1,1.213860273E0,-2.128445387E0,9.452308655E0,9.764726081E0
1.356896745E1,1.201889277E0,-2.114080191E0,9.459490776E0,9.767079329E0
1.357096370E1,1.197100878E0,-2.118868589E0,9.485827446E0,9.793037167E0
1.357295960E1,1.187524080E0,-2.104503393E0,9.509769440E0,9.811975477E0
1.357495476E1,1.180341482E0,-2.092532396E0,9.514557838E0,9.813190547E0
1.357694944E1,1.170764685E0,-2.092532396E0,9.538499832E0,9.835261096E0
1.357894507E1,1.163581967E0,-2.085349798E0,9.540893555E0,9.835204960E0
1.358094132E1,1.163581967E0,-2.090138197E0,9.540893555E0,9.836221353E0
1.358293780E1,1.170764685E0,-2.092532396E0,9.533711433E0,9.830617248E0
1.358493413E1,1.182735682E0,-2.092532396E0,9.526528358E0,9.825085144E0
1.358693046E1,1.187524080E0,-2.090138197E0,9.524134636E0,9.822832162E0
1.358892589E1,1.204283476E0,-2.102109194E0,9.504981041E0,9.808864682E0
1.359092155E1,1.209071875E0,-2.099714994E0,9.485827446E0,9.790382025E0
1.359291667E1,1.209071875E0,-2.111685991E0,9.471462250E0,9.779042370E0
1.359491288E1,1.216254473E0,-2.111685991E0,9.466673851E0,9.775295723E0
1.359690937E1,1.221042871E0,-2.116474390E0,9.457097054E0,9.767655513E0
1.359890534E1,1.218648672E0,-2.106897593E0,9.459490776E0,9.767603995E0
1.360090011E1,1.221042871E0,-2.102109194E0,9.466673851E0,9.773828449E0
1.360289526E1,1.216254473E0,-2.106897593E0,9.483432770E0,9.790494855E0
1.360489046E1,1.204283476E0,-2.109291792E0,9.512163162E0,9.817365155E0
1.360688667E1,1.197100878E0,-2.102109194E0,9.526528358E0,9.828868508E0
1.360888234E1,1.192312479E0,-2.097320795E0,9.533711433E0,9.834226826E0
1.361087827E1,1.170764685E0,-2.085349798E0,9.543288231E0,9.838380150E0
1.361287374E1,1.142034173E0,-2.070984364E0,9.540893555E0,9.829642318E0
1.361487007E1,1.137245774E0,-2.051830769E0,9.550470352E0,9.834369395E0
1.361686593E1,1.132457376E0,-2.054224968E0,9.552865028E0,9.836642221E0
1.361886108E1,1.132457376E0,-2.051830769E0,9.560047150E0,9.843117937E0
1.362085675E1,1.137245774E0,-2.054224968E0,9.560047150E0,9.844169324E0
1.362285136E1,1.130063176E0,-2.056619167E0,9.562441826E0,9.846167724E0
1.362484616E1,1.132457376E0,-2.056619167E0,9.555258751E0,9.839467054E0
1.362684069E1,1.139639974E0,-2.054224968E0,9.540893555E0,9.825847002E0
1.362883581E1,1.134851575E0,-2.047042370E0,9.531316757E0,9.814492839E0
1.363083132E1,1.154005170E0,-2.054224968E0,9.524134636E0,9.811254187E0
1.363282558E1,1.154005170E0,-2.054224968E0,9.528923035E0,9.815902524E0
1.363482062E1,1.156399369E0,-2.061407566E0,9.507374763E0,9.796776794E0
1.363681523E1,1.158793569E0,-2.059013367E0,9.497797966E0,9.787262374E0
1.363880921E1,1.158793569E0,-2.061407566E0,9.495404243E0,9.785443548E0
1.364080269E1,1.151610970E0,-2.063801765E0,9.512163162E0,9.801363863E0
1.364279605E1,1.156399369E0,-2.054224968E0,9.521739960E0,9.809211568E0
1.364479023E1,1.163581967E0,-2.047042370E0,9.526528358E0,9.813207836E0
1.364678409E1,1.180341482E0,-2.051830769E0,9.531316757E0,9.820856105E0
1.364877796E1,1.187524080E0,-2.056619167E0,9.538499832E0,9.829693530E0
1.365077187E1,1.187524080E0,-2.059013367E0,9.540893555E0,9.832517445E0
1.365276605E1,1.201889277E0,-2.070984364E0,9.543288231E0,9.839098756E0
1.365476112E1,1.211466074E0,-2.073378563E0,9.543288231E0,9.840777356E0
1.365675569E1,1.237802267E0,-2.073378563E0,9.524134636E0,9.825486944E0
1.365875112E1,1.247379065E0,-2.082955360E0,9.516951561E0,9.821762804E0
1.366074718E1,1.261744261E0,-2.094926596E0,9.478644371E0,9.789045670E0
1.366274179E1,1.271321058E0,-2.109291792E0,9.469067574E0,9.784099847E0
1.366473620E1,1.278503656E0,-2.106897593E0,9.449913979E0,9.765985013E0
1.366672820E1,1.271321058E0,-2.116474390E0,9.430760384E0,9.748587718E0
1.366872554E1,1.268926859E0,-2.123656988E0,9.430760384E0,9.749837731E0
1.367072027E1,1.266532660E0,-2.118868589E0,9.437943459E0,9.755433655E0
1.367271519E1,1.268926859E0,-2.123656988E0,9.452308655E0,9.770682335E0
1.367471058E1,1.261744261E0,-2.111685991E0,9.471462250E0,9.785694327E0
1.367670480E1,1.259350061E0,-2.109291792E0,9.471462250E0,9.784869523E0
1.367869952E1,1.259350061E0,-2.114080191E0,9.488221169E0,9.802124187E0
1.368069534E1,1.235408068E0,-2.102109194E0,9.495404243E0,9.803458466E0
1.368268999E1,1.225831270E0,-2.094926596E0,9.509769440E0,9.814636750E0
1.368468484E1,1.225831270E0,-2.087743998E0,9.512163162E0,9.815425886E0
1.368667987E1,1.218648672E0,-2.090138197E0,9.524134636E0,9.826643518E0
1.368867444E1,1.209071875E0,-2.092532396E0,9.548076630E0,9.849178339E0
1.369066921E1,1.211466074E0,-2.085349798E0,9.552865028E0,9.852591744E0
1.369266386E1,1.197100878E0,-2.068590164E0,9.564835548E0,9.858914486E0
1.369465823E1,1.180341482E0,-2.075772762E0,9.567230225E0,9.860726786E0
1.369665280E1,1.175553083E0,-2.063801765E0,9.579200745E0,9.869259835E0
1.369864765E1,1.177947283E0,-2.044648170E0,9.588777542E0,9.874856996E0
1.370064280E1,1.173158884E0,-2.042253971E0,9.586383820E0,9.871466851E0
1.370263800E1,1.156399369E0,-2.051830769E0,9.576807022E0,9.862175305E0
1.370463370E1,1.146822572E0,-2.049436569E0,9.574412346E0,9.858233312E0
1.370662976E1,1.134851575E0,-2.054224968E0,9.576807022E0,9.860170437E0
1.370862554E1,1.118092179E0,-2.047042370E0,9.581595421E0,9.861413864E0
1.371062034E1,1.106121182E0,-2.044648170E0,9.567230225E0,9.845607365E0
1.371261612E1,1.084573388E0,-2.047042370E0,9.567230225E0,9.843707435E0
1.371461159E1,1.079784989E0,-2.049436569E0,9.572018623E0,9.848333179E0
1.371660683E1,1.074996591E0,-2.042253971E0,9.574412346E0,9.848644106E0
1.371860218E1,1.060631394E0,-2.049436569E0,9.581595421E0,9.855561882E0
1.372059788E1,1.060631394E0,-2.047042370E0,9.574412346E0,9.848080685E0
1.372259437E1,1.055842996E0,-2.044648170E0,9.574412346E0,9.847068718E0
1.372459011E1,1.058237195E0,-2.039859772E0,9.581595421E0,9.853317444E0
1.372658620E1,1.055842996E0,-2.037465572E0,9.586383820E0,9.857221978E0
1.372858183E1,1.053448796E0,-2.039859772E0,9.576807022E0,9.848147795E0
1.373057683E1,1.053448796E0,-2.039859772E0,9.564835548E0,9.836506561E0
1.373257194E1,1.053448796E0,-2.039859772E0,9.550470352E0,9.822538684E0
1.373456777E1,1.070208192E0,-2.037465572E0,9.550470352E0,9.823853393E0
1.373656308E1,1.084573388E0,-2.047042370E0,9.548076630E0,9.825092835E0
1.373855894E1,1.103726983E0,-2.051830769E0,9.533711433E0,9.814269023E0
1.374055456E1,1.108515382E0,-2.049436569E0,9.521739960E0,9.802679657E0
1.374255030E1,1.125274777E0,-2.047042370E0,9.509769440E0,9.792463458E0
1.374454554E1,1.137245774E0,-2.051830769E0,9.524134636E0,9.808795951E0
1.374654132E1,1.149216771E0,-2.054224968E0,9.531316757E0,9.817664617E0
1.374853632E1,1.170764685E0,-2.056619167E0,9.528923035E0,9.818388185E0
1.375053171E1,1.187524080E0,-2.068590164E0,9.531316757E0,9.825236783E0
1.375252679E1,1.211466074E0,-2.070984364E0,9.516951561E0,9.814733481E0
1.375452323E1,1.233013868E0,-2.087743998E0,9.521739960E0,9.825605837E0
1.375651952E1,1.247379065E0,-2.104503393E0,9.519346237E0,9.828674470E0
1.375851605E1,1.273715258E0,-2.126051188E0,9.493009567E0,9.811201499E0
1.376051237E1,1.292868972E0,-2.142810583E0,9.488221169E0,9.812720740E0
1.376250948E1,1.309628367E0,-2.166752577E0,9.464279175E0,9.797067086E0
1.376450640E1,1.326387763E0,-2.181117773E0,9.449913979E0,9.788638998E0
1.376650327E1,1.340752959E0,-2.195482969E0,9.425971985E0,9.770706823E0
1.376849933E1,1.345541358E0,-2.200271368E0,9.423578262E0,9.770133208E0
1.377049550E1,1.355118155E0,-2.212242365E0,9.399636269E0,9.751078068E0
1.377249222E1,1.357512355E0,-2.209848166E0,9.387664795E0,9.739328468E0
1.377448847E1,1.362300754E0,-2.197877169E0,9.392453194E0,9.741904556E0
1.377648464E1,1.359906554E0,-2.193088770E0,9.394847870E0,9.742799941E0
1.377848136E1,1.352723956E0,-2.190694571E0,9.394847870E0,9.741261279E0
1.378047839E1,1.345541358E0,-2.190694571E0,9.409213066E0,9.754122963E0
1.378247491E1,1.335964561E0,-2.176329374E0,9.418789864E0,9.758832581E0
1.378447179E1,1.321599364E0,-2.164358377E0,9.437943459E0,9.772709389E0
1.378646847E1,1.300051570E0,-2.157175779E0,9.452308655E0,9.782110219E0
1.378846534E1,1.283292055E0,-2.157175779E0,9.471462250E0,9.798410228E0
1.379046183E1,1.280897856E0,-2.142810583E0,9.497797966E0,9.820412553E0
1.379245804E1,1.276109457E0,-2.142810583E0,9.502586365E0,9.824420602E0
1.379445425E1,1.264138460E0,-2.149993181E0,9.512163162E0,9.833705545E0
1.379645046E1,1.256955862E0,-2.147598982E0,9.519346237E0,9.839210955E0
1.379844652E1,1.259350061E0,-2.130839586E0,9.516951561E0,9.833555152E0
1.380044335E1,1.237802267E0,-2.123656988E0,9.514557838E0,9.826946846E0
1.380243956E1,1.216254473E0,-2.111685991E0,9.502586365E0,9.810078506E0
1.380443687E1,1.204283476E0,-2.106897593E0,9.500192642E0,9.805252490E0
1.380643441E1,1.204283476E0,-2.106897593E0,9.502586365E0,9.807571757E0
1.380843234E1,1.194706678E0,-2.111685991E0,9.495404243E0,9.800471597E0
1.381043062E1,1.192312479E0,-2.111685991E0,9.495404243E0,9.800180025E0
1.381242866E1,1.180341482E0,-2.111685991E0,9.493009567E0,9.796410281E0
1.381442609E1,1.180341482E0,-2.126051188E0,9.478644371E0,9.785601605E0
1.381642358E1,1.180341482E0,-2.128445387E0,9.483432770E0,9.790760077E0
1.381842144E1,1.177947283E0,-2.135627985E0,9.488221169E0,9.796673294E0
1.382041960E1,1.180341482E0,-2.152387381E0,9.481039047E0,9.793675452E0
1.382241655E1,1.182735682E0,-2.149993181E0,9.481039047E0,9.793438405E0
1.382441405E1,1.168370485E0,-2.169146776E0,9.476250648E0,9.791302961E0
1.382640773E1,1.154005170E0,-2.161964178E0,9.464279175E0,9.776420477E0
1.382840898E1,1.142034173E0,-2.176329374E0,9.457097054E0,9.771250497E0
1.383040554E1,1.134851575E0,-2.171540976E0,9.452308655E0,9.764712859E0
1.383240202E1,1.127668977E0,-2.166752577E0,9.469067574E0,9.779043653E0
1.383439866E1,1.120486379E0,-2.157175779E0,9.481039047E0,9.787696281E0
1.383639530E1,1.108515382E0,-2.152387381E0,9.473855972E0,9.778319118E0
1.383839222E1,1.108515382E0,-2.154781580E0,9.481039047E0,9.785805609E0
1.384038882E1,1.113303781E0,-2.149993181E0,9.500192642E0,9.803855172E0
1.384238640E1,1.106121182E0,-2.149993181E0,9.502586365E0,9.805361919E0
1.384438370E1,1.113303781E0,-2.145204782E0,9.500192642E0,9.802806185E0
1.384637987E1,1.127668977E0,-2.130839586E0,9.500192642E0,9.801314958E0
1.384837624E1,1.139639974E0,-2.130839586E0,9.507374763E0,9.809660112E0
1.385037242E1,1.149216771E0,-2.128445387E0,9.507374763E0,9.810257583E0
1.385237019E1,1.161187768E0,-2.128445387E0,9.509769440E0,9.813987548E0
1.385436726E1,1.177947283E0,-2.128445387E0,9.507374763E0,9.813664680E0
1.385636444E1,1.197100878E0,-2.123656988E0,9.490615845E0,9.798712090E0
1.385835894E1,1.221042871E0,-2.133233786E0,9.466673851E0,9.780569814E0
1.386035890E1,1.247379065E0,-2.130839586E0,9.473855972E0,9.790320672E0
1.386235636E1,1.256955862E0,-2.142810583E0,9.473855972E0,9.794157555E0
1.386435425E1,1.271321058E0,-2.147598982E0,9.457097054E0,9.780854937E0
1.386635159E1,1.283292055E0,-2.142810583E0,9.459490776E0,9.783682407E0
1.386834855E1,1.288080573E0,-2.145204782E0,9.454702377E0,9.780207164E0
1.387034480E1,1.288080573E0,-2.152387381E0,9.459490776E0,9.786413477E0
1.387234054E1,1.290474772E0,-2.147598982E0,9.466673851E0,9.792620708E0
1.387433500E1,1.288080573E0,-2.147598982E0,9.466673851E0,9.792305487E0
1.387633472E1,1.285686255E0,-2.149993181E0,9.473855972E0,9.799459516E0
1.387833140E1,1.280897856E0,-2.154781580E0,9.471462250E0,9.797570113E0
1.388032769E1,1.268926859E0,-2.149993181E0,9.471462250E0,9.794960092E0
1.388232417E1,1.256955862E0,-2.140416384E0,9.476250648E0,9.795950525E0
1.388431980E1,1.249773264E0,-2.135627985E0,9.476250648E0,9.793986239E0
1.388631640E1,1.252167463E0,-2.135627985E0,9.459490776E0,9.778077316E0
1.388831276E1,1.242590666E0,-2.138022184E0,9.459490776E0,9.777378798E0
1.389030699E1,1.240196466E0,-2.138022184E0,9.481039047E0,9.797924655E0
1.389230519E1,1.237802267E0,-2.133233786E0,9.485827446E0,9.801212332E0
1.389430249E1,1.237802267E0,-2.128445387E0,9.471462250E0,9.786267489E0
1.389629874E1,1.228225470E0,-2.135627985E0,9.478644371E0,9.793576661E0
1.389829444E1,1.206677675E0,-2.142810583E0,9.500192642E0,9.813326064E0
1.390029101E1,1.199495077E0,-2.147598982E0,9.495404243E0,9.808856792E0
1.390228675E1,1.197100878E0,-2.142810583E0,9.485827446E0,9.798245253E0
1.390428218E1,1.187524080E0,-2.145204782E0,9.490615845E0,9.802239852E0
1.390627757E1,1.182735682E0,-2.152387381E0,9.495404243E0,9.807871169E0
1.390827323E1,1.170764685E0,-2.152387381E0,9.473855972E0,9.785571438E0
1.391026933E1,1.154005170E0,-2.157175779E0,9.478644371E0,9.789271392E0
1.391226589E1,1.154005170E0,-2.147598982E0,9.478644371E0,9.787165495E0
1.391426288E1,1.151610970E0,-2.140416384E0,9.481039047E0,9.787629516E0
1.391626015E1,1.146822572E0,-2.133233786E0,9.485827446E0,9.790138443E0
1.391825691E1,1.146822572E0,-2.135627985E0,9.478644371E0,9.783701141E0
1.392025382E1,1.151610970E0,-2.147598982E0,9.490615845E0,9.798478368E0
1.392224937E1,1.142034173E0,-2.149993181E0,9.497797966E0,9.804839567E0
1.392424511E1,1.137245774E0,-2.140416384E0,9.495404243E0,9.799867958E0
1.392624148E1,1.132457376E0,-2.140416384E0,9.488221169E0,9.792353289E0
1.392823882E1,1.134851575E0,-2.145204782E0,9.493009567E0,9.798317320E0
1.393023632E1,1.134851575E0,-2.142810583E0,9.488221169E0,9.793154049E0
1.393223323E1,1.127668977E0,-2.140416384E0,9.488221169E0,9.791800680E0
1.393423069E1,1.118092179E0,-2.123656988E0,9.500192642E0,9.798658549E0
1.393622757E1,1.098938584E0,-2.116474390E0,9.512163162E0,9.806547705E0
1.393822441E1,1.086967587E0,-2.114080191E0,9.526528358E0,9.818634129E0
1.394022023E1,1.089361787E0,-2.106897593E0,9.557653427E0,9.847561404E0
1.394221605E1,1.096544385E0,-2.106897593E0,9.543288231E0,9.834417996E0
1.394421245E1,1.096544385E0,-2.109291792E0,9.540893555E0,9.832607552E0
1.394620765E1,1.096544385E0,-2.109291792E0,9.545681953E0,9.837253957E0
1.394820304E1,1.101332784E0,-2.109291792E0,9.540893555E0,9.833142712E0
1.395019870E1,1.113303781E0,-2.114080191E0,9.524134636E0,9.819262748E0
1.395219378E1,1.118092179E0,-2.114080191E0,9.524134636E0,9.819806808E0
1.395418886E1,1.113303781E0,-2.126051188E0,9.528923035E0,9.826490379E0
1.395618452E1,1.113303781E0,-2.123656988E0,9.526528358E0,9.823650384E0
1.395817952E1,1.120486379E0,-2.128445387E0,9.516951561E0,9.816218035E0
1.396017491E1,1.132457376E0,-2.130839586E0,9.516951561E0,9.818111023E0
1.396216999E1,1.142034173E0,-2.130839586E0,9.521739960E0,9.823861321E0
1.396416495E1,1.154005170E0,-2.130839586E0,9.526528358E0,9.829900703E0
1.396615944E1,1.158793569E0,-2.133233786E0,9.521739960E0,9.826343205E0
1.396815405E1,1.173158884E0,-2.133233786E0,9.524134636E0,9.830367680E0
1.397014902E1,1.175553083E0,-2.130839586E0,9.526528358E0,9.832453659E0
1.397214362E1,1.187524080E0,-2.140416384E0,9.519346237E0,9.829015644E0
1.397413780E1,1.192312479E0,-2.147598982E0,9.504981041E0,9.817252927E0
1.397613292E1,1.194706678E0,-2.149993181E0,9.512163162E0,9.825021260E0
1.397812835E1,1.199495077E0,-2.152387381E0,9.495404243E0,9.809906300E0
1.398012335E1,1.206677675E0,-2.152387381E0,9.483432770E0,9.799200965E0
1.398211874E1,1.218648672E0,-2.152387381E0,9.476250648E0,9.793732811E0
1.398411413E1,1.221042871E0,-2.166752577E0,9.469067574E0,9.790250412E0
1.398610964E1,1.228225470E0,-2.166752577E0,9.471462250E0,9.793464743E0
1.398810515E1,1.244984865E0,-2.164358377E0,9.454702377E0,9.778846125E0
1.399010105E1,1.249773264E0,-2.164358377E0,9.452308655E0,9.777142696E0
1.399209683E1,1.252167463E0,-2.176329374E0,9.449913979E0,9.777791525E0
1.399409304E1,1.256955862E0,-2.188300371E0,9.452308655E0,9.783390796E0
1.399608960E1,1.247379065E0,-2.183511972E0,9.445125580E0,9.774153482E0
1.399808636E1,1.252167463E0,-2.185906172E0,9.452308655E0,9.782241464E0
1.400008276E1,1.242590666E0,-2.185906172E0,9.461885452E0,9.790275464E0
1.400207870E1,1.244984865E0,-2.193088770E0,9.469067574E0,9.799125797E0
1.400407421E1,1.237802267E0,-2.193088770E0,9.471462250E0,9.800530085E0
1.400607038E1,1.233013868E0,-2.190694571E0,9.473855972E0,9.801704591E0
1.400806569E1,1.228225470E0,-2.193088770E0,9.466673851E0,9.794697032E0
1.401006105E1,1.225831270E0,-2.188300371E0,9.461885452E0,9.788697417E0
1.401205663E1,1.228225470E0,-2.183511972E0,9.476250648E0,9.801815581E0
1.401405234E1,1.225831270E0,-2.185906172E0,9.459490776E0,9.785847630E0
1.401604800E1,1.230619669E0,-2.185906172E0,9.469067574E0,9.795705757E0
1.401804308E1,1.228225470E0,-2.181117773E0,9.459490776E0,9.785079370E0
1.402003894E1,1.221042871E0,-2.178723574E0,9.454702377E0,9.779017289E0
1.402203460E1,1.216254473E0,-2.181117773E0,9.459490776E0,9.783583976E0
1.402402984E1,1.213860273E0,-2.176329374E0,9.471462250E0,9.793797193E0
1.402602172E1,1.209071875E0,-2.169146776E0,9.473855972E0,9.793926665E0
1.402801917E1,1.192312479E0,-2.166752577E0,9.478644371E0,9.795974933E0
1.403001405E1,1.182735682E0,-2.169146776E0,9.495404243E0,9.811562729E0
1.403200976E1,1.163581967E0,-2.169146776E0,9.512163162E0,9.825495853E0
1.403400605E1,1.146822572E0,-2.169146776E0,9.516951561E0,9.828161922E0
1.403600163E1,1.139639974E0,-2.171540976E0,9.524134636E0,9.834811134E0
1.403799702E1,1.137245774E0,-2.169146776E0,9.509769440E0,9.820093711E0
1.403999194E1,1.127668977E0,-2.164358377E0,9.504981041E0,9.813294508E0
1.404198808E1,1.120486379E0,-2.157175779E0,9.516951561E0,9.822487673E0
1.404398343E1,1.127668977E0,-2.159569979E0,9.512163162E0,9.819196904E0
1.404597987E1,1.130063176E0,-2.147598982E0,9.502586365E0,9.807567068E0
1.404797601E1,1.139639974E0,-2.138022184E0,9.493009567E0,9.797303138E0
1.404997098E1,1.130063176E0,-2.133233786E0,9.495404243E0,9.797470639E0
1.405196644E1,1.130063176E0,-2.126051188E0,9.490615845E0,9.791267821E0
1.405396179E1,1.142034173E0,-2.128445387E0,9.483432770E0,9.786215761E0
1.405595773E1,1.146822572E0,-2.135627985E0,9.469067574E0,9.774423237E0
1.405795292E1,1.161187768E0,-2.135627985E0,9.476250648E0,9.783076729E0
1.405994851E1,1.180341482E0,-2.142810583E0,9.473855972E0,9.784620084E0
1.406194452E1,1.187524080E0,-2.140416384E0,9.476250648E0,9.787283693E0
1.406394027E1,1.189918280E0,-2.157175779E0,9.481039047E0,9.795887620E0
1.406593495E1,1.199495077E0,-2.159569979E0,9.471462250E0,9.788315896E0
1.406793027E1,1.199495077E0,-2.157175779E0,9.469067574E0,9.785470683E0
1.406992601E1,1.199495077E0,-2.166752577E0,9.476250648E0,9.794535799E0
1.407192198E1,1.209071875E0,-2.176329374E0,9.490615845E0,9.811730401E0
1.407391718E1,1.201889277E0,-2.176329374E0,9.500192642E0,9.820112404E0
1.407591206E1,1.201889277E0,-2.171540976E0,9.512163162E0,9.830634571E0
1.407790726E1,1.197100878E0,-2.169146776E0,9.519346237E0,9.836472998E0
1.407990296E1,1.192312479E0,-2.157175779E0,9.531316757E0,9.844847156E0
1.408189862E1,1.192312479E0,-2.154781580E0,9.533711433E0,9.846641377E0
1.408389530E1,1.197100878E0,-2.157175779E0,9.533711433E0,9.847746521E0
1.408589179E1,1.204283476E0,-2.159569979E0,9.536105156E0,9.851463989E0
1.408788948E1,1.209071875E0,-2.147598982E0,9.519346237E0,9.833208478E0
1.408988628E1,1.216254473E0,-2.149993181E0,9.524134636E0,9.839252318E0
1.409188226E1,1.223437071E0,-2.154781580E0,9.521739960E0,9.838872587E0
1.409387835E1,1.218648672E0,-2.149993181E0,9.519346237E0,9.834913729E0
1.409587487E1,1.216254473E0,-2.159569979E0,9.509769440E0,9.827447900E0
1.409787058E1,1.221042871E0,-2.157175779E0,9.500192642E0,9.818248992E0
1.409986671E1,1.221042871E0,-2.152387381E0,9.490615845E0,9.807930783E0
1.410186319E1,1.209071875E0,-2.164358377E0,9.497797966E0,9.816031183E0
1.410386019E1,1.206677675E0,-2.157175779E0,9.502586365E0,9.818789435E0
1.410585655E1,1.213860273E0,-2.152387381E0,9.485827446E0,9.802405344E0
1.410785284E1,1.199495077E0,-2.161964178E0,9.481039047E0,9.798110990E0
1.410984804E1,1.182735682E0,-2.149993181E0,9.488221169E0,9.800391590E0
1.411184362E1,1.177947283E0,-2.142810583E0,9.490615845E0,9.800560500E0
1.411383886E1,1.165976286E0,-2.140416384E0,9.504981041E0,9.812519941E0
1.411583499E1,1.168370485E0,-2.130839586E0,9.500192642E0,9.806081132E0
1.411783093E1,1.156399369E0,-2.106897593E0,9.504981041E0,9.804128801E0
1.411982601E1,1.158793569E0,-2.097320795E0,9.519346237E0,9.816287987E0
1.412182234E1,1.151610970E0,-2.087743998E0,9.528923035E0,9.822690926E0
1.412381816E1,1.144428372E0,-2.087743998E0,9.528923035E0,9.821851429E0
1.412581452E1,1.144428372E0,-2.078166962E0,9.540893555E0,9.831436520E0
1.412781042E1,1.146822572E0,-2.073378563E0,9.540893555E0,9.830704476E0
1.412980569E1,1.146822572E0,-2.070984364E0,9.543288231E0,9.832524015E0
1.413180124E1,1.149216771E0,-2.063801765E0,9.543288231E0,9.831293260E0
1.413379679E1,1.161187768E0,-2.061407566E0,9.557653427E0,9.846141235E0
1.413579277E1,1.175553083E0,-2.063801765E0,9.557653427E0,9.848347161E0
1.413778827E1,1.182735682E0,-2.066195965E0,9.550470352E0,9.842739121E0
1.413978421E1,1.185129881E0,-2.070984364E0,9.548076630E0,9.841711050E0
1.414177948E1,1.192312479E0,-2.063801765E0,9.540893555E0,9.834100701E0
1.414377538E1,1.192312479E0,-2.063801765E0,9.531316757E0,9.824809713E0
1.414577198E1,1.211466074E0,-2.073378563E0,9.526528358E0,9.824524990E0
1.414776831E1,1.211466074E0,-2.078166962E0,9.526528358E0,9.825536654E0
1.414976484E1,1.216254473E0,-2.094926596E0,9.516951561E0,9.820405256E0
1.415176202E1,1.221042871E0,-2.085349798E0,9.526528358E0,9.828243589E0
1.415375917E1,1.230619669E0,-2.097320795E0,9.519346237E0,9.825025805E0
1.415575523E1,1.237802267E0,-2.116474390E0,9.533711433E0,9.843945956E0
1.415775105E1,1.240196466E0,-2.116474390E0,9.531316757E0,9.841928177E0
1.415974730E1,1.240196466E0,-2.116474390E0,9.528923035E0,9.839610019E0
1.416174339E1,1.235408068E0,-2.130839586E0,9.538499832E0,9.851380080E0
1.416373902E1,1.230619669E0,-2.128445387E0,9.538499832E0,9.850263123E0
1.416573437E1,1.225831270E0,-2.130839586E0,9.543288231E0,9.854820643E0
1.416773034E1,1.209071875E0,-2.128445387E0,9.545681953E0,9.854551158E0
1.416972332E1,1.204283476E0,-2.128445387E0,9.526528358E0,9.835411584E0
1.417172019E1,1.187524080E0,-2.128445387E0,9.512163162E0,9.819457278E0
1.417371546E1,1.189918280E0,-2.135627985E0,9.507374763E0,9.816668849E0
1.417571054E1,1.189918280E0,-2.149993181E0,9.483432770E0,9.796625607E0
1.417770562E1,1.192312479E0,-2.154781580E0,9.485827446E0,9.800286477E0
1.417970054E1,1.192312479E0,-2.159569979E0,9.471462250E0,9.787438311E0
1.418169577E1,1.189918280E0,-2.157175779E0,9.478644371E0,9.793569930E0
1.418369101E1,1.197100878E0,-2.161964178E0,9.476250648E0,9.793184670E0
1.418568530E1,1.197100878E0,-2.169146776E0,9.473855972E0,9.792456037E0
1.418768007E1,1.209071875E0,-2.159569979E0,9.473855972E0,9.791810061E0
1.418967480E1,1.211466074E0,-2.157175779E0,9.469067574E0,9.786945290E0
1.419167015E1,1.216254473E0,-2.159569979E0,9.461885452E0,9.781119248E0
1.419366527E1,1.221042871E0,-2.166752577E0,9.476250648E0,9.797198006E0
1.419566081E1,1.223437071E0,-2.161964178E0,9.473855972E0,9.794122439E0
1.419765663E1,1.221042871E0,-2.154781580E0,9.471462250E0,9.789924744E0
1.419965222E1,1.225831270E0,-2.154781580E0,9.469067574E0,9.788206510E0
1.420164823E1,1.233013868E0,-2.149993181E0,9.485827446E0,9.804270305E0
1.420364405E1,1.230619669E0,-2.152387381E0,9.490615845E0,9.809127653E0
1.420564015E1,1.223437071E0,-2.145204782E0,9.493009567E0,9.808972039E0
1.420763659E1,1.211466074E0,-2.152387381E0,9.507374763E0,9.822962709E0
1.420963249E1,1.201889277E0,-2.140416384E0,9.521739960E0,9.833079476E0
1.421162956E1,1.197100878E0,-2.135627985E0,9.528923035E0,9.838411030E0
1.421362585E1,1.199495077E0,-2.140416384E0,9.526528358E0,9.837424119E0
1.421562085E1,1.199495077E0,-2.135627985E0,9.526528358E0,9.836383375E0
1.421761655E1,1.192312479E0,-2.135627985E0,9.531316757E0,9.840148122E0
1.421961202E1,1.189918280E0,-2.140416384E0,9.531316757E0,9.840898685E0
1.422160698E1,1.194706678E0,-2.140416384E0,9.524134636E0,9.834523217E0
1.422360319E1,1.185129881E0,-2.133233786E0,9.516951561E0,9.824845354E0
1.422559987E1,1.185129881E0,-2.138022184E0,9.519346237E0,9.828205557E0
1.422759636E1,1.189918280E0,-2.130839586E0,9.519346237E0,9.827224208E0
1.422959284E1,1.187524080E0,-2.126051188E0,9.536105156E0,9.842134354E0
1.423158898E1,1.180341482E0,-2.111685991E0,9.524134636E0,9.826574393E0
1.423358546E1,1.177947283E0,-2.106897593E0,9.521739960E0,9.822937907E0
1.423558128E1,1.177947283E0,-2.099714994E0,9.521739960E0,9.821399835E0
1.423757749E1,1.185129881E0,-2.102109194E0,9.519346237E0,9.820455625E0
1.423957339E1,1.185129881E0,-2.092532396E0,9.524134636E0,9.823052745E0
1.424156905E1,1.187524080E0,-2.097320795E0,9.504981041E0,9.805795865E0
1.424356573E1,1.192312479E0,-2.111685991E0,9.490615845E0,9.795540612E0
1.424556214E1,1.204283476E0,-2.099714994E0,9.493009567E0,9.796751114E0
1.424755874E1,1.201889277E0,-2.106897593E0,9.483432770E0,9.788720672E0
1.424955503E1,1.206677675E0,-2.111685991E0,9.473855972E0,9.781065163E0
1.425155198E1,1.211466074E0,-2.114080191E0,9.471462250E0,9.779855942E0
1.425354937E1,1.213860273E0,-2.114080191E0,9.466673851E0,9.775515619E0
1.425554601E1,1.211466074E0,-2.126051188E0,9.464279175E0,9.775496100E0
1.425753543E1,1.213860273E0,-2.118868589E0,9.481039047E0,9.790462822E0
1.425953933E1,1.194706678E0,-2.133233786E0,9.483432770E0,9.793544176E0
1.426153691E1,1.206677675E0,-2.133233786E0,9.476250648E0,9.788058222E0
1.426353448E1,1.201889277E0,-2.128445387E0,9.493009567E0,9.802655163E0
1.426553112E1,1.192312479E0,-2.130839586E0,9.495404243E0,9.804324971E0
1.426752687E1,1.235408068E0,-2.142810583E0,9.512163162E0,9.828485047E0
1.426952374E1,1.187524080E0,-2.171540976E0,9.521739960E0,9.838157120E0
1.427152116E1,1.139639974E0,-2.145204782E0,9.497797966E0,9.803512076E0
1.427351902E1,1.333570361E0,-2.152387381E0,9.497797966E0,9.829514105E0
1.427551542E1,1.084573388E0,-2.190694571E0,9.481039047E0,9.791095115E0
1.427751273E1,1.194706678E0,-2.135627985E0,9.481039047E0,9.791748177E0
1.427950940E1,1.328781962E0,-2.183511972E0,9.495404243E0,9.833416893E0
1.428150659E1,1.118092179E0,-2.202665567E0,9.466673851E0,9.783648579E0
1.428350487E1,1.101332784E0,-2.135627985E0,9.452308655E0,9.752947231E0
1.428550241E1,1.393425345E0,-2.166752577E0,9.500192642E0,9.843277460E0
1.428749952E1,1.005564690E0,-2.195482969E0,9.459490776E0,9.762851610E0
1.428949706E1,1.235408068E0,-2.118868589E0,9.449913979E0,9.763027778E0
1.429149484E1,1.326387763E0,-2.161964178E0,9.485827446E0,9.819079180E0
1.429349241E1,9.576807022E-1,-2.145204782E0,9.447520256E0,9.735229575E0
1.429549034E1,1.122880578E0,-2.104503393E0,9.457097054E0,9.753280474E0
1.429748698E1,1.407790542E0,-2.140416384E0,9.514557838E0,9.853429219E0
1.429948464E1,9.696516991E-1,-2.142810583E0,9.481039047E0,9.768416608E0
1.430148198E1,1.264138460E0,-2.082955360E0,9.500192642E0,9.807670943E0
1.430347812E1,1.307234168E0,-2.138022184E0,9.543288231E0,9.866830813E0
1.430547484E1,9.385270476E-1,-2.099714994E0,9.502586365E0,9.776951657E0
1.430747155E1,1.381454349E0,-2.097320795E0,9.560047150E0,9.884415619E0
1.430946780E1,1.130063176E0,-2.154781580E0,9.564835548E0,9.869458218E0
1.431146503E1,9.241618514E-1,-2.128445387E0,9.531316757E0,9.809707132E0
1.431346230E1,1.288080573E0,-2.073378563E0,9.569623947E0,9.876019072E0
1.431545948E1,1.256955862E0,-2.142810583E0,9.593565941E0,9.909999127E0
1.431745702E1,9.074024558E-1,-2.090138197E0,9.526528358E0,9.795243716E0
1.431945456E1,1.398213744E0,-2.085349798E0,9.591172218E0,9.914346674E0
1.432145198E1,1.094150186E0,-2.145204782E0,9.583989143E0,9.881898405E0
1.432344937E1,1.024718285E0,-2.073378563E0,9.562441826E0,9.838152261E0
1.432544737E1,1.450886250E0,-2.106897593E0,9.617507935E0,9.951911738E0
1.432744468E1,1.254561663E0,-2.145204782E0,9.600749016E0,9.917167448E0
1.432944241E1,9.361328483E-1,-2.090138197E0,9.531316757E0,9.802602793E0
1.433143972E1,1.438915253E0,-2.092532396E0,9.591172218E0,9.921680979E0
1.433343667E1,1.079784989E0,-2.149993181E0,9.550470352E0,9.848852230E0
1.433543429E1,1.034295082E0,-2.056619167E0,9.504981041E0,9.779780841E0
1.433743218E1,1.434126854E0,-2.111685991E0,9.574412346E0,9.908850051E0
1.433943120E1,9.193734527E-1,-2.147598982E0,9.509769440E0,9.792504467E0
1.434143038E1,1.197100878E0,-2.066195965E0,9.497797966E0,9.793384628E0
1.434342882E1,1.434126854E0,-2.102109194E0,9.516951561E0,9.851291789E0
1.434542660E1,1.024718285E0,-2.171540976E0,9.469067574E0,9.768770572E0
1.434742491E1,1.065419793E0,-2.099714994E0,9.564835548E0,9.850380777E0
1.434942374E1,1.462857246E0,-2.152387381E0,9.643844604E0,9.988816823E0
1.435142241E1,9.409212470E-1,-2.190694571E0,9.545681953E0,9.838928776E0
1.435341987E1,1.252167463E0,-2.126051188E0,9.495404243E0,9.810745066E0
1.435541687E1,1.357512355E0,-2.188300371E0,9.435548782E0,9.780648196E0
1.435741390E1,1.036689281E0,-2.193088770E0,9.368511200E0,9.677466875E0
1.435941152E1,1.118092179E0,-2.102109194E0,9.313444138E0,9.612972219E0
1.436140835E1,1.470039845E0,-2.171540976E0,9.323021889E0,9.684799662E0
1.436340542E1,9.528923035E-1,-2.173935175E0,9.263166428E0,9.562439550E0
1.436540316E1,1.323993564E0,-2.087743998E0,9.275136948E0,9.598947825E0
1.436740054E1,1.403002143E0,-2.164358377E0,9.332598686E0,9.682471814E0
1.436939578E1,9.768342972E-1,-2.114080191E0,9.306262016E0,9.593229540E0
1.437139351E1,1.510741234E0,-2.097320795E0,9.409213066E0,9.757785820E0
1.437339042E1,1.527500629E0,-2.145204782E0,9.452308655E0,9.812303534E0
1.437538667E1,9.935936928E-1,-2.133233786E0,9.454702377E0,9.743167445E0
1.437738386E1,1.400607944E0,-2.054224968E0,9.536105156E0,9.854889364E0
1.437938097E1,1.376665950E0,-2.145204782E0,9.607931137E0,9.940294434E0
1.438137734E1,9.672574997E-1,-2.090138197E0,9.572018623E0,9.845191988E0
1.438337472E1,1.484405041E0,-2.070984364E0,9.619902611E0,9.951631062E0
1.438537300E1,1.149216771E0,-2.138022184E0,9.607931137E0,9.909802157E0
1.438736980E1,1.034295082E0,-2.049436569E0,9.557653427E0,9.829480943E0
1.438936671E1,1.352723956E0,-2.051830769E0,9.576807022E0,9.887118101E0
1.439136382E1,1.290474772E0,-2.126051188E0,9.572018623E0,9.889841218E0
1.439336187E1,9.074024558E-1,-2.063801765E0,9.514557838E0,9.778009399E0
1.439535890E1,1.455674648E0,-2.075772762E0,9.548076630E0,9.878946734E0
1.439735663E1,1.094150186E0,-2.142810583E0,9.555258751E0,9.853515699E0
1.439935437E1,1.031900883E0,-2.075772762E0,9.543288231E0,9.820794380E0
1.440135194E1,1.484405041E0,-2.128445387E0,9.572018623E0,9.917523815E0
1.440334874E1,9.552865028E-1,-2.157175779E0,9.538499832E0,9.825932968E0
1.440534534E1,9.337386489E-1,-2.104503393E0,9.461885452E0,9.737970975E0
1.440734245E1,1.479616642E0,-2.121262789E0,9.504981041E0,9.850567792E0
1.440933925E1,1.072602391E0,-2.188300371E0,9.466673851E0,9.775328547E0
1.441133659E1,1.055842996E0,-2.099714994E0,9.457097054E0,9.744757163E0
1.441333460E1,1.465251446E0,-2.164358377E0,9.507374763E0,9.860100602E0
1.441533237E1,9.121908545E-1,-2.181117773E0,9.452308655E0,9.743485300E0
1.441732944E1,1.223437071E0,-2.102109194E0,9.464279175E0,9.771808514E0
1.441932702E1,1.455674648E0,-2.142810583E0,9.497797966E0,9.844734231E0
1.442132386E1,1.005564690E0,-2.185906172E0,9.469067574E0,9.769983974E0
1.442332101E1,1.051054597E0,-2.097320795E0,9.454702377E0,9.741399660E0
1.442531800E1,1.429338455E0,-2.173935175E0,9.531316757E0,9.880030450E0
1.442731425E1,8.762778044E-1,-2.178723574E0,9.488221169E0,9.774509714E0
1.442931097E1,1.235408068E0,-2.092532396E0,9.507374763E0,9.813006665E0
1.443130808E1,1.314416766E0,-2.161964178E0,9.567230225E0,9.896144437E0
1.443330464E1,8.499416113E-1,-2.094926596E0,9.509769440E0,9.774806033E0
1.443530194E1,1.077390790E0,-2.056619167E0,9.524134636E0,9.803040032E0
1.443729941E1,1.410184860E0,-2.138022184E0,9.593565941E0,9.929565331E0
1.443929714E1,8.595184088E-1,-2.121262789E0,9.524134636E0,9.795288065E0
1.444129374E1,1.266532660E0,-2.039859772E0,9.533711433E0,9.831418339E0
1.444329054E1,1.278503656E0,-2.123656988E0,9.562441826E0,9.878501115E0
1.444528804E1,8.595184088E-1,-2.049436569E0,9.497797966E0,9.754338950E0
1.444728409E1,1.414973259E0,-2.049436569E0,9.545681953E0,9.865210770E0
1.444928038E1,1.096544385E0,-2.106897593E0,9.545681953E0,9.836740873E0
1.445127597E1,8.547300100E-1,-2.068590164E0,9.516951561E0,9.776604506E0
1.445327163E1,1.297657371E0,-2.008735180E0,9.552865028E0,9.847647533E0
1.445526855E1,1.266532660E0,-2.092532396E0,9.576807022E0,9.884231358E0
1.445726585E1,8.882488012E-1,-2.013523579E0,9.533711433E0,9.784422151E0
1.445926234E1,1.453280449E0,-2.023100376E0,9.595960617E0,9.914001178E0
1.446125874E1,1.094150186E0,-2.092532396E0,9.591172218E0,9.877572626E0
1.446325542E1,1.019929886E0,-1.984793186E0,9.540893555E0,9.798383070E0
1.446525202E1,1.350329757E0,-1.989581585E0,9.557653427E0,9.855483974E0
1.446724976E1,1.254561663E0,-2.070984364E0,9.579200745E0,9.880485216E0
1.446924612E1,9.217676520E-1,-1.996764183E0,9.516951561E0,9.767757666E0
1.447124288E1,1.482010841E0,-2.013523579E0,9.564835548E0,9.886187961E0
1.447323905E1,1.074996591E0,-2.066195965E0,9.538499832E0,9.818745464E0
1.447523581E1,1.063025594E0,-1.994369984E0,9.502586365E0,9.767634446E0
1.447723179E1,1.489193439E0,-2.063801765E0,9.557653427E0,9.890688240E0
1.447922882E1,9.433154464E-1,-2.087743998E0,9.500192642E0,9.772521643E0
1.448122542E1,9.528923035E-1,-2.027888775E0,9.481039047E0,9.742198830E0
1.448322210E1,1.505952835E0,-2.059013367E0,9.540893555E0,9.876035632E0
1.448521944E1,1.063025594E0,-2.104503393E0,9.524134636E0,9.811630777E0
1.448721612E1,1.110909581E0,-2.011129379E0,9.493009567E0,9.767087187E0
1.448921265E1,1.503558636E0,-2.094926596E0,9.552865028E0,9.894778232E0
1.449120980E1,9.409212470E-1,-2.097320795E0,9.502586365E0,9.776667885E0
1.449320593E1,1.307234168E0,-2.020706177E0,9.519346237E0,9.818862837E0
1.449520241E1,1.383848548E0,-2.123656988E0,9.569623947E0,9.899629200E0
1.449719812E1,1.055842996E0,-2.126051188E0,9.543288231E0,9.834086045E0
1.449919589E1,1.161187768E0,-2.039859772E0,9.504981041E0,9.790508133E0
1.450119101E1,1.501164436E0,-2.128445387E0,9.550470352E0,9.899255446E0
1.450318698E1,9.481038451E-1,-2.135627985E0,9.483432770E0,9.767052006E0
1.450518288E1,1.367089152E0,-2.082955360E0,9.483432770E0,9.805260470E0
1.450717905E1,1.391031146E0,-2.181117773E0,9.488221169E0,9.834560658E0
1.450917628E1,9.648633003E-1,-2.128445387E0,9.406818390E0,9.692753642E0
1.451117265E1,1.228225470E0,-2.097320795E0,9.416395187E0,9.725008517E0
1.451316843E1,1.508347034E0,-2.193088770E0,9.459490776E0,9.826836463E0
1.451516440E1,1.000776291E0,-2.190694571E0,9.390059471E0,9.694014275E0
1.451716058E1,1.364694953E0,-2.138022184E0,9.425971985E0,9.761274458E0
1.451915632E1,1.333570361E0,-2.212242365E0,9.454702377E0,9.801215396E0
1.452115206E1,1.118092179E0,-2.178723574E0,9.421183586E0,9.734252241E0
1.452314831E1,1.333570361E0,-2.159569979E0,9.464279175E0,9.798710767E0
1.452514605E1,1.182735682E0,-2.178723574E0,9.485827446E0,9.804418516E0
1.452714335E1,1.122880578E0,-2.161964178E0,9.483432770E0,9.791345515E0
1.452914023E1,1.256955862E0,-2.145204782E0,9.493009567E0,9.813209070E0
1.453113776E1,1.144428372E0,-2.164358377E0,9.502586365E0,9.812915525E0
1.453313343E1,1.146822572E0,-2.135627985E0,9.507374763E0,9.811538299E0
1.453512886E1,1.185129881E0,-2.145204782E0,9.514557838E0,9.825133447E0
1.453712472E1,1.127668977E0,-2.142810583E0,9.504981041E0,9.808564579E0
1.453912066E1,1.132457376E0,-2.130839586E0,9.521739960E0,9.822752614E0
1.454111706E1,1.125274777E0,-2.121262789E0,9.528923035E0,9.826819086E0
1.454311472E1,1.120486379E0,-2.123656988E0,9.526528358E0,9.824466972E0
1.454511194E1,1.132457376E0,-2.121262789E0,9.528923035E0,9.827644160E0
1.454710835E1,1.118092179E0,-2.111685991E0,9.521739960E0,9.816968967E0
1.454910452E1,1.132457376E0,-2.099714994E0,9.526528358E0,9.820692711E0
1.455110023E1,1.137245774E0,-2.099714994E0,9.531316757E0,9.825890806E0
1.455309593E1,1.137245774E0,-2.094926596E0,9.533711433E0,9.827191821E0
1.455509187E1,1.151610970E0,-2.097320795E0,9.536105156E0,9.831696898E0
1.455708741E1,1.149216771E0,-2.102109194E0,9.536105156E0,9.832439361E0
1.455908339E1,1.142034173E0,-2.099714994E0,9.540893555E0,9.835735607E0
1.456107968E1,1.161187768E0,-2.087743998E0,9.552865028E0,9.847043327E0
1.456307519E1,1.161187768E0,-2.092532396E0,9.545681953E0,9.841092054E0
1.456507077E1,1.163581967E0,-2.099714994E0,9.545681953E0,9.842904551E0
1.456706640E1,1.168370485E0,-2.092532396E0,9.538499832E0,9.834976384E0
1.456906214E1,1.175553083E0,-2.104503393E0,9.531316757E0,9.831422009E0
1.457105886E1,1.201889277E0,-2.109291792E0,9.519346237E0,9.824031885E0
1.457305519E1,1.211466074E0,-2.121262789E0,9.504981041E0,9.813871329E0
1.457505124E1,1.223437071E0,-2.135627985E0,9.473855972E0,9.788342666E0
1.457704726E1,1.249773264E0,-2.135627985E0,9.447520256E0,9.766190613E0
1.457904241E1,1.256955862E0,-2.152387381E0,9.430760384E0,9.754586146E0
1.458103745E1,1.256955862E0,-2.159569979E0,9.425971985E0,9.751544923E0
1.458303249E1,1.276109457E0,-2.161964178E0,9.414001465E0,9.742995845E0
1.458502913E1,1.278503656E0,-2.161964178E0,9.414001465E0,9.743309719E0
1.458702554E1,1.285686255E0,-2.145204782E0,9.421183586E0,9.747491619E0
1.458902237E1,1.288080573E0,-2.142810583E0,9.430760384E0,9.756537817E0
1.459101933E1,1.285686255E0,-2.140416384E0,9.454702377E0,9.778842901E0
1.459301586E1,1.268926859E0,-2.140416384E0,9.485827446E0,9.806756855E0
1.459501312E1,1.271321058E0,-2.135627985E0,9.507374763E0,9.826868220E0
1.459701038E1,1.259350061E0,-2.135627985E0,9.504981041E0,9.823010438E0
1.459900663E1,1.247379065E0,-2.123656988E0,9.519346237E0,9.832793414E0
1.460100148E1,1.242590666E0,-2.123656988E0,9.519346237E0,9.832187109E0
1.460299788E1,1.230619669E0,-2.121262789E0,9.509769440E0,9.820890763E0
1.460499417E1,1.223437071E0,-2.106897593E0,9.509769440E0,9.816900250E0
1.460698972E1,1.213860273E0,-2.109291792E0,9.512163162E0,9.818544528E0
1.460898523E1,1.213860273E0,-2.099714994E0,9.500192642E0,9.804892659E0
1.461098038E1,1.211466074E0,-2.097320795E0,9.504981041E0,9.808724135E0
1.461297601E1,1.211466074E0,-2.094926596E0,9.519346237E0,9.822134202E0
1.461497159E1,1.216254473E0,-2.090138197E0,9.514557838E0,9.817064912E0
1.461696847E1,1.225831270E0,-2.082955360E0,9.516951561E0,9.819049463E0
1.461896444E1,1.223437071E0,-2.087743998E0,9.512163162E0,9.815127166E0
1.462096132E1,1.223437071E0,-2.092532396E0,9.521739960E0,9.825427317E0
1.462295761E1,1.218648672E0,-2.078166962E0,9.528923035E0,9.828746446E0
1.462495468E1,1.211466074E0,-2.070984364E0,9.545681953E0,9.842594690E0
1.462695155E1,1.209071875E0,-2.075772762E0,9.557653427E0,9.854918893E0
1.462894769E1,1.204283476E0,-2.080561161E0,9.555258751E0,9.853020006E0
1.463094421E1,1.189918280E0,-2.070984364E0,9.555258751E0,9.849256395E0
1.463294163E1,1.168370485E0,-2.066195965E0,9.567230225E0,9.857289157E0
1.463493843E1,1.165976286E0,-2.075772762E0,9.564835548E0,9.856693783E0
1.463693484E1,1.154005170E0,-2.082955360E0,9.557653427E0,9.849830963E0
1.463893136E1,1.146822572E0,-2.080561161E0,9.557653427E0,9.848485964E0
1.464092894E1,1.146822572E0,-2.085349798E0,9.555258751E0,9.847175005E0
1.464292628E1,1.139639974E0,-2.097320795E0,9.538499832E0,9.832624921E0
1.464492441E1,1.146822572E0,-2.106897593E0,9.538499832E0,9.835507029E0
1.464692253E1,1.154005170E0,-2.106897593E0,9.545681953E0,9.843311910E0
1.464891668E1,1.149216771E0,-2.109291792E0,9.538499832E0,9.836299614E0
1.465091683E1,1.165976286E0,-2.114080191E0,9.543288231E0,9.843941589E0
1.465291362E1,1.175553083E0,-2.123656988E0,9.528923035E0,9.833220137E0
1.465490972E1,1.177947283E0,-2.140416384E0,9.509769440E0,9.818587317E0
1.465690655E1,1.185129881E0,-2.135627985E0,9.509769440E0,9.818408961E0
1.465890390E1,1.189918280E0,-2.135627985E0,9.512163162E0,9.821306452E0
1.466090062E1,1.201889277E0,-2.138022184E0,9.478644371E0,9.790831211E0
1.466289788E1,1.206677675E0,-2.133233786E0,9.476250648E0,9.788058222E0
1.466489464E1,1.204283476E0,-2.133233786E0,9.478644371E0,9.790080908E0
1.466689023E1,1.204283476E0,-2.142810583E0,9.478644371E0,9.792172129E0
1.466888675E1,1.209071875E0,-2.140416384E0,9.473855972E0,9.787603592E0
1.467088269E1,1.204283476E0,-2.142810583E0,9.481039047E0,9.794490150E0
1.467287761E1,1.197100878E0,-2.142810583E0,9.485827446E0,9.798245253E0
1.467487288E1,1.197100878E0,-2.128445387E0,9.490615845E0,9.799750986E0
1.467686952E1,1.201889277E0,-2.128445387E0,9.504981041E0,9.814248936E0
1.467886632E1,1.187524080E0,-2.116474390E0,9.521739960E0,9.826149253E0
1.468086374E1,1.185129881E0,-2.109291792E0,9.524134636E0,9.826636518E0
1.468286030E1,1.185129881E0,-2.109291792E0,9.526528358E0,9.828956570E0
1.468485769E1,1.187524080E0,-2.104503393E0,9.533711433E0,9.835181832E0
1.468685519E1,1.185129881E0,-2.104503393E0,9.538499832E0,9.839534868E0
1.468885148E1,1.187524080E0,-2.106897593E0,9.536105156E0,9.838014660E0
1.469084741E1,1.189918280E0,-2.106897593E0,9.514557838E0,9.817419918E0
1.469284472E1,1.192312479E0,-2.106897593E0,9.507374763E0,9.810749279E0
1.469484198E1,1.189918280E0,-2.104503393E0,9.507374763E0,9.809944696E0
1.469683890E1,1.189918280E0,-2.118868589E0,9.509769440E0,9.815356560E0
1.469883694E1,1.175553083E0,-2.111685991E0,9.500192642E0,9.802795674E0
1.470083472E1,1.161187768E0,-2.121262789E0,9.502586365E0,9.805470946E0
1.470283187E1,1.158793569E0,-2.106897593E0,9.521739960E0,9.820659441E0
1.470482898E1,1.161187768E0,-2.080561161E0,9.526528358E0,9.819971199E0
1.470682671E1,1.156399369E0,-2.078166962E0,9.528923035E0,9.821222512E0
1.470882343E1,1.158793569E0,-2.073378563E0,9.536105156E0,9.827461663E0
1.471081968E1,1.158793569E0,-2.070984364E0,9.543288231E0,9.833927447E0
1.471281367E1,1.161187768E0,-2.068590164E0,9.536105156E0,9.826735157E0
1.471481230E1,1.163581967E0,-2.068590164E0,9.514557838E0,9.806110295E0
1.471680933E1,1.180341482E0,-2.066195965E0,9.509769440E0,9.802963153E0
1.471880612E1,1.187524080E0,-2.070984364E0,9.502586365E0,9.797874121E0
1.472080261E1,1.201889277E0,-2.082955360E0,9.481039047E0,9.781275085E0
1.472279855E1,1.218648672E0,-2.090138197E0,9.471462250E0,9.775601230E0
1.472479495E1,1.235408068E0,-2.099714994E0,9.481039047E0,9.789031493E0
1.472679085E1,1.242590666E0,-2.106897593E0,9.485827446E0,9.796120220E0
1.472878726E1,1.252167463E0,-2.106897593E0,9.497797966E0,9.808929963E0
1.473078452E1,1.264138460E0,-2.126051188E0,9.502586365E0,9.819230485E0
1.473278101E1,1.276109457E0,-2.118868589E0,9.509769440E0,9.826178008E0
1.473477757E1,1.283292055E0,-2.118868589E0,9.504981041E0,9.822479686E0
1.473677503E1,1.280897856E0,-2.130839586E0,9.512163162E0,9.831705075E0
1.473877257E1,1.273715258E0,-2.135627985E0,9.507374763E0,9.827178249E0
1.474076995E1,1.261744261E0,-2.135627985E0,9.507374763E0,9.825633840E0
1.474276730E1,1.266532660E0,-2.138022184E0,9.512163162E0,9.831403352E0
1.474476425E1,1.259350061E0,-2.138022184E0,9.507374763E0,9.825847359E0
1.474676241E1,1.249773264E0,-2.133233786E0,9.524134636E0,9.839804884E0
1.474875948E1,1.235408068E0,-2.138022184E0,9.538499832E0,9.852936162E0
1.475075640E1,1.218648672E0,-2.123656988E0,9.540893555E0,9.850059564E0
1.475275394E1,1.216254473E0,-2.111685991E0,9.552865028E0,9.858789120E0
1.475475112E1,1.211466074E0,-2.111685991E0,9.562441826E0,9.867479995E0
1.475674741E1,1.206677675E0,-2.114080191E0,9.562441826E0,9.867405927E0
1.475874409E1,1.209071875E0,-2.106897593E0,9.567230225E0,9.870803738E0
1.476074046E1,1.216254473E0,-2.114080191E0,9.564835548E0,9.870901127E0
1.476273714E1,1.204283476E0,-2.109291792E0,9.572018623E0,9.875370934E0
1.476473327E1,1.194706678E0,-2.114080191E0,9.552865028E0,9.856667254E0
1.476672952E1,1.185129881E0,-2.111685991E0,9.543288231E0,9.845714845E0
1.476872597E1,1.247379065E0,-2.118868589E0,9.550470352E0,9.861898528E0
1.477072288E1,1.132457376E0,-2.130839586E0,9.536105156E0,9.836678230E0
1.477271929E1,1.089361787E0,-2.118868589E0,9.524134636E0,9.817609371E0
1.477471507E1,1.283292055E0,-2.106897593E0,9.526528358E0,9.840762091E0
1.477671097E1,1.149216771E0,-2.140416384E0,9.504981041E0,9.810542598E0
1.477870776E1,1.089361787E0,-2.094926596E0,9.473855972E0,9.763676230E0
1.478070566E1,1.362300754E0,-2.116474390E0,9.509769440E0,9.837227352E0
1.478270284E1,1.003170490E0,-2.138022184E0,9.473855972E0,9.763781894E0
1.478469952E1,1.177947283E0,-2.063801765E0,9.473855972E0,9.767332518E0
1.478669601E1,1.309628367E0,-2.121262789E0,9.526528358E0,9.847315616E0
1.478869327E1,1.079784989E0,-2.130839586E0,9.507374763E0,9.802886711E0
1.479069046E1,1.065419793E0,-2.049436569E0,9.478644371E0,9.756024226E0
1.479268780E1,1.376665950E0,-2.097320795E0,9.531316757E0,9.855960774E0
1.479468527E1,9.768342972E-1,-2.121262789E0,9.497797966E0,9.780701778E0
1.479668374E1,1.242590666E0,-2.059013367E0,9.509769440E0,9.809142797E0
1.479868187E1,1.343147159E0,-2.133233786E0,9.540893555E0,9.868301804E0
1.480067905E1,9.768342972E-1,-2.109291792E0,9.488221169E0,9.768810473E0
1.480267593E1,1.154005170E0,-2.075772762E0,9.485827446E0,9.778623770E0
1.480467304E1,1.462857246E0,-2.154781580E0,9.536105156E0,9.885359706E0
1.480666937E1,1.031900883E0,-2.171540976E0,9.488221169E0,9.788092285E0
1.480866597E1,1.352723956E0,-2.118868589E0,9.478644371E0,9.806332919E0
1.481066292E1,1.417367458E0,-2.207453966E0,9.488221169E0,9.844192423E0
1.481265980E1,1.041477680E0,-2.190694571E0,9.411606789E0,9.719164614E0
1.481465741E1,1.498770237E0,-2.178723574E0,9.430760384E0,9.794508157E0
1.481665456E1,1.249773264E0,-2.252943754E0,9.421183586E0,9.767107501E0
1.481865237E1,1.024718285E0,-2.224213362E0,9.382876396E0,9.697192486E0
1.482065030E1,1.381454349E0,-2.154781580E0,9.404424667E0,9.746522616E0
1.482264737E1,1.369483352E0,-2.219424963E0,9.449913979E0,9.803173263E0
1.482464515E1,9.888052940E-1,-2.159569979E0,9.418789864E0,9.713654353E0
1.482664249E1,1.465251446E0,-2.135627985E0,9.497797966E0,9.844594196E0
1.482863948E1,1.161187768E0,-2.173935175E0,9.504981041E0,9.819318498E0
1.483063652E1,1.048660398E0,-2.080561161E0,9.493009567E0,9.774745727E0
1.483263347E1,1.467645645E0,-2.111685991E0,9.560047150E0,9.899883988E0
1.483463136E1,1.276109457E0,-2.140416384E0,9.562441826E0,9.881808099E0
1.483662843E1,9.313444495E-1,-2.063801765E0,9.521739960E0,9.787247421E0
1.483862566E1,1.438915253E0,-2.063801765E0,9.572018623E0,9.897135715E0
1.484062300E1,1.079784989E0,-2.099714994E0,9.560047150E0,9.847296085E0
1.484262062E1,1.019929886E0,-2.013523579E0,9.533711433E0,9.797254098E0
1.484461804E1,1.424550056E0,-2.068590164E0,9.588777542E0,9.912268302E0
1.484661495E1,9.074024558E-1,-2.085349798E0,9.552865028E0,9.819841814E0
1.484861124E1,8.930372596E-1,-2.023100376E0,9.540893555E0,9.793829716E0
1.485060737E1,1.412579060E0,-2.025494576E0,9.612719536E0,9.924836762E0
1.485260304E1,1.017535686E0,-2.068590164E0,9.598354340E0,9.871314511E0
1.485459948E1,1.017535686E0,-1.968033791E0,9.591172218E0,9.843735084E0
1.485659593E1,1.407790542E0,-2.020706177E0,9.665391922E0,9.974213185E0
1.485859245E1,8.738836050E-1,-2.020706177E0,9.610325813E0,9.859274225E0
1.486058937E1,1.177947283E0,-1.941697598E0,9.612719536E0,9.877354212E0
1.486258652E1,1.290474772E0,-2.032677174E0,9.658209801E0,9.953799183E0
1.486458288E1,9.696516991E-1,-2.042253971E0,9.622296333E0,9.884311429E0
1.486657944E1,1.036689281E0,-1.939303398E0,9.586383820E0,9.835363596E0
1.486857644E1,1.403002143E0,-2.008735180E0,9.622296333E0,9.929351377E0
1.487057347E1,8.738836050E-1,-2.020706177E0,9.540893555E0,9.791607418E0
1.487257081E1,1.235408068E0,-1.946485996E0,9.531316757E0,9.806173563E0
1.487456675E1,1.312022567E0,-2.047042370E0,9.548076630E0,9.852794172E0
1.487656351E1,8.834604025E-1,-2.003946781E0,9.476250648E0,9.726028549E0
1.487856062E1,1.422155857E0,-2.003946781E0,9.512163162E0,9.824437796E0
1.488055749E1,1.455674648E0,-2.063801765E0,9.536105156E0,9.864865329E0
1.488255405E1,9.337386489E-1,-2.066195965E0,9.469067574E0,9.736748654E0
1.488455066E1,1.350329757E0,-2.008735180E0,9.488221169E0,9.792075797E0
1.488654749E1,1.371877551E0,-2.118868589E0,9.521739960E0,9.850643836E0
1.488854487E1,9.552865028E-1,-2.073378563E0,9.469067574E0,9.740365069E0
1.489054179E1,1.505952835E0,-2.085349798E0,9.512163162E0,9.853822900E0
1.489253780E1,1.206677675E0,-2.169146776E0,9.502586365E0,9.821426392E0
1.489453476E1,1.072602391E0,-2.097320795E0,9.445125580E0,9.734455692E0
1.489653116E1,1.400607944E0,-2.109291792E0,9.471462250E0,9.804050776E0
1.489852690E1,1.376665950E0,-2.207453966E0,9.493009567E0,9.843032703E0
1.490052362E1,1.000776291E0,-2.140416384E0,9.428366661E0,9.719929700E0
1.490251890E1,1.529894829E0,-2.142810583E0,9.469067574E0,9.828298739E0
1.490451659E1,1.158793569E0,-2.207453966E0,9.471462250E0,9.794092745E0
1.490651452E1,1.084573388E0,-2.104503393E0,9.449913979E0,9.741976605E0
1.490851073E1,1.522712231E0,-2.161964178E0,9.507374763E0,9.868278297E0
1.491050788E1,1.295263171E0,-2.190694571E0,9.502586365E0,9.837479200E0
1.491250577E1,9.504981041E-1,-2.106897593E0,9.454702377E0,9.733132135E0
1.491450304E1,1.486799240E0,-2.111685991E0,9.524134636E0,9.868076321E0
1.491649987E1,1.091755986E0,-2.159569979E0,9.507374763E0,9.810496854E0
1.491849562E1,1.067813993E0,-2.059013367E0,9.478644371E0,9.758302203E0
1.492049187E1,1.467645645E0,-2.128445387E0,9.536105156E0,9.880362597E0
1.492248823E1,9.145850539E-1,-2.140416384E0,9.481039047E0,9.762579041E0
1.492448538E1,1.223437071E0,-2.037465572E0,9.495404243E0,9.788297399E0
1.492648140E1,1.462857246E0,-2.082955360E0,9.528923035E0,9.863013158E0
1.492847637E1,1.017535686E0,-2.135627985E0,9.509769440E0,9.799591857E0
1.493047355E1,1.058237195E0,-2.030282974E0,9.493009567E0,9.765200743E0
1.493247023E1,1.429338455E0,-2.090138197E0,9.560047150E0,9.889701088E0
1.493446694E1,8.738836050E-1,-2.087743998E0,9.521739960E0,9.787026076E0
1.493646390E1,1.223437071E0,-2.008735180E0,9.538499832E0,9.824194335E0
1.493846042E1,1.292868972E0,-2.080561161E0,9.588777542E0,9.896711559E0
1.494045679E1,8.403648138E-1,-2.018311977E0,9.516951561E0,9.764843228E0
1.494245335E1,1.070208192E0,-1.975216389E0,9.526528358E0,9.787827538E0
1.494445020E1,1.412579060E0,-2.070984364E0,9.581595421E0,9.904106554E0
1.494644757E1,8.619126081E-1,-2.059013367E0,9.516951561E0,9.775213369E0
1.494844409E1,1.264138460E0,-1.994369984E0,9.528923035E0,9.817124420E0
1.495044030E1,1.285686255E0,-2.094926596E0,9.560047150E0,9.870978072E0
1.495243745E1,8.619126081E-1,-2.039859772E0,9.497797966E0,9.752542614E0
1.495443511E1,1.407790542E0,-2.037465572E0,9.574412346E0,9.889515253E0
1.495643163E1,1.400607944E0,-2.090138197E0,9.600749016E0,9.924956522E0
1.495842839E1,8.619126081E-1,-2.082955360E0,9.545681953E0,9.808243489E0
1.496042562E1,1.297657371E0,-2.032677174E0,9.562441826E0,9.861844899E0
1.496242093E1,1.256955862E0,-2.126051188E0,9.600749016E0,9.913345215E0
1.496441671E1,8.690952063E-1,-2.059013367E0,9.557653427E0,9.815477653E0
1.496641249E1,1.419761658E0,-2.075772762E0,9.595960617E0,9.920031043E0
1.496840710E1,1.060631394E0,-2.152387381E0,9.560047150E0,9.856582161E0
1.497040230E1,9.935936928E-1,-2.066195965E0,9.504981041E0,9.777579393E0
1.497239804E1,1.333570361E0,-2.080561161E0,9.524134636E0,9.839526676E0
1.497439366E1,1.240196466E0,-2.171540976E0,9.543288231E0,9.865496832E0
1.497638940E1,9.121908545E-1,-2.097320795E0,9.466673851E0,9.739032831E0
1.497838558E1,1.477222443E0,-2.133233786E0,9.502586365E0,9.850483244E0
1.498038222E1,1.084573388E0,-2.190694571E0,9.471462250E0,9.781821880E0
1.498237866E1,1.086967587E0,-2.087743998E0,9.442731857E0,9.731667815E0
1.498437164E1,1.532289028E0,-2.149993181E0,9.512163162E0,9.871759132E0
1.498636866E1,9.983820915E-1,-2.176329374E0,9.452308655E0,9.750862282E0
1.498836398E1,1.015141487E0,-2.114080191E0,9.435548782E0,9.722624549E0
1.499035905E1,1.570596337E0,-2.130839586E0,9.497797966E0,9.859787848E0
1.499235472E1,1.142034173E0,-2.171540976E0,9.481039047E0,9.793361715E0
1.499435050E1,1.194706678E0,-2.070984364E0,9.466673851E0,9.763924113E0
1.499634640E1,1.582567334E0,-2.149993181E0,9.521739960E0,9.888909035E0
1.499834171E1,1.022324085E0,-2.154781580E0,9.478644371E0,9.774094807E0
1.500033675E1,1.381454349E0,-2.092532396E0,9.483432770E0,9.809312160E0
1.500233249E1,1.599326730E0,-2.140416384E0,9.521739960E0,9.889527802E0
1.500432816E1,1.118092179E0,-2.190694571E0,9.493009567E0,9.806452135E0
1.500632288E1,1.237802267E0,-2.090138197E0,9.466673851E0,9.773369221E0
1.500831851E1,1.570596337E0,-2.161964178E0,9.516951561E0,9.885000201E0
1.501031390E1,1.007958889E0,-2.157175779E0,9.449913979E0,9.745268732E0
1.501230905E1,1.412579060E0,-2.106897593E0,9.459490776E0,9.793689949E0
1.501430468E1,1.412579060E0,-2.188300371E0,9.488221169E0,9.839226548E0
1.501629656E1,1.036689281E0,-2.118868589E0,9.418789864E0,9.709682346E0
1.501829468E1,1.249773264E0,-2.075772762E0,9.437943459E0,9.744000333E0
1.502028995E1,1.443703651E0,-2.138022184E0,9.485827446E0,9.830378499E0
1.502228566E1,1.125274777E0,-2.135627985E0,9.447520256E0,9.751040416E0
1.502428035E1,1.331176162E0,-2.109291792E0,9.459490776E0,9.782796511E0
1.502627894E1,1.278503656E0,-2.147598982E0,9.481039047E0,9.804940306E0
1.502827417E1,1.199495077E0,-2.126051188E0,9.469067574E0,9.778656493E0
1.503026995E1,1.335964561E0,-2.135627985E0,9.478644371E0,9.807670840E0
1.503226566E1,1.259350061E0,-2.147598982E0,9.485827446E0,9.807092653E0
1.503426093E1,1.197100878E0,-2.114080191E0,9.490615845E0,9.796640989E0
1.503625683E1,1.285686255E0,-2.126051188E0,9.509769440E0,9.828977444E0
1.503825277E1,1.216254473E0,-2.138022184E0,9.504981041E0,9.818099531E0
1.504024819E1,1.237802267E0,-2.138022184E0,9.507374763E0,9.823108887E0
1.504224374E1,1.230619669E0,-2.152387381E0,9.519346237E0,9.836927823E0
1.504423909E1,1.216254473E0,-2.138022184E0,9.548076630E0,9.859826628E0
1.504623448E1,1.223437071E0,-2.138022184E0,9.545681953E0,9.858396476E0
1.504823085E1,1.216254473E0,-2.142810583E0,9.545681953E0,9.858547362E0
1.505022745E1,1.216254473E0,-2.140416384E0,9.538499832E0,9.851072850E0
1.505222433E1,1.213860273E0,-2.145204782E0,9.524134636E0,9.837911409E0
1.505421995E1,1.201889277E0,-2.140416384E0,9.524134636E0,9.835398349E0
1.505621430E1,1.199495077E0,-2.133233786E0,9.519346237E0,9.828907753E0
1.505821343E1,1.199495077E0,-2.128445387E0,9.521739960E0,9.830188201E0
1.506020995E1,1.185129881E0,-2.116474390E0,9.521739960E0,9.825860193E0
1.506220593E1,1.194706678E0,-2.123656988E0,9.528923035E0,9.835528316E0
1.506420266E1,1.192312479E0,-2.123656988E0,9.519346237E0,9.825959538E0
1.506619960E1,1.187524080E0,-2.111685991E0,9.516951561E0,9.820478511E0
1.506819659E1,1.180341482E0,-2.111685991E0,9.528923035E0,9.831215486E0
1.507019405E1,1.182735682E0,-2.106897593E0,9.536105156E0,9.837437812E0
1.507218980E1,1.185129881E0,-2.097320795E0,9.526528358E0,9.826394553E0
1.507418823E1,1.185129881E0,-2.090138197E0,9.519346237E0,9.817900147E0
1.507618503E1,1.182735682E0,-2.082955360E0,9.507374763E0,9.804475591E0
1.507818222E1,1.182735682E0,-2.082955360E0,9.504981041E0,9.802154422E0
1.508017843E1,1.180341482E0,-2.080561161E0,9.490615845E0,9.787427132E0
1.508217452E1,1.185129881E0,-2.070984364E0,9.464279175E0,9.760434896E0
1.508417136E1,1.177947283E0,-2.066195965E0,9.466673851E0,9.760872879E0
1.508616710E1,1.177947283E0,-2.061407566E0,9.471462250E0,9.764505011E0
1.508816249E1,1.187524080E0,-2.054224968E0,9.483432770E0,9.775763436E0
1.509015874E1,1.206677675E0,-2.042253971E0,9.497797966E0,9.789537195E0
1.509215464E1,1.209071875E0,-2.044648170E0,9.504981041E0,9.797300931E0
1.509414991E1,1.209071875E0,-2.042253971E0,9.509769440E0,9.801447387E0
1.509614523E1,1.221042871E0,-2.039859772E0,9.519346237E0,9.811723924E0
1.509814062E1,1.225831270E0,-2.039859772E0,9.524134636E0,9.816966474E0
1.510013612E1,1.230619669E0,-2.044648170E0,9.524134636E0,9.818561579E0
1.510213128E1,1.235408068E0,-2.054224968E0,9.528923035E0,9.825805184E0
1.510412761E1,1.244984865E0,-2.051830769E0,9.521739960E0,9.819548293E0
1.510612296E1,1.247379065E0,-2.056619167E0,9.538499832E0,9.837104044E0
1.510811878E1,1.244984865E0,-2.068590164E0,9.533711433E0,9.834668590E0
1.511011386E1,1.244984865E0,-2.075772762E0,9.524134636E0,9.826899839E0
1.511210917E1,1.252167463E0,-2.082955360E0,9.516951561E0,9.822372086E0
1.511410429E1,1.252167463E0,-2.090138197E0,9.524134636E0,9.830856606E0
1.511610023E1,1.254561663E0,-2.092532396E0,9.540893555E0,9.847906712E0
1.511809562E1,1.252167463E0,-2.087743998E0,9.528923035E0,9.834987166E0
1.512009140E1,1.252167463E0,-2.109291792E0,9.528923035E0,9.839583803E0
1.512208839E1,1.254561663E0,-2.116474390E0,9.519346237E0,9.832158542E0
1.512408441E1,1.247379065E0,-2.118868589E0,9.509769440E0,9.822488148E0
1.512608073E1,1.249773264E0,-2.128445387E0,9.516951561E0,9.831814684E0
1.512807597E1,1.254561663E0,-2.133233786E0,9.507374763E0,9.824193923E0
1.513007136E1,1.247379065E0,-2.140416384E0,9.500192642E0,9.817891681E0
1.513206702E1,1.252167463E0,-2.135627985E0,9.488221169E0,9.805874320E0
1.513406210E1,1.244984865E0,-2.145204782E0,9.485827446E0,9.804734224E0
1.513605749E1,1.240196466E0,-2.147598982E0,9.490615845E0,9.809284264E0
1.513805343E1,1.235408068E0,-2.145204782E0,9.500192642E0,9.817423129E0
1.514004909E1,1.230619669E0,-2.135627985E0,9.497797966E0,9.812415496E0
1.514204448E1,1.221042871E0,-2.133233786E0,9.497797966E0,9.810698155E0
1.514404054E1,1.204283476E0,-2.121262789E0,9.507374763E0,9.815305874E0
1.514603671E1,1.182735682E0,-2.116474390E0,9.543288231E0,9.846455088E0
1.514803261E1,1.170764685E0,-2.099714994E0,9.569623947E0,9.866974992E0
1.515002726E1,1.158793569E0,-2.097320795E0,9.593565941E0,9.888279148E0
1.515202296E1,1.154005170E0,-2.090138197E0,9.595960617E0,9.888521921E0
1.515401886E1,1.146822572E0,-2.085349798E0,9.603142738E0,9.893646256E0
1.515601476E1,1.142034173E0,-2.078166962E0,9.605537415E0,9.893905649E0
1.515801171E1,1.146822572E0,-2.075772762E0,9.619902611E0,9.907903957E0
1.516000843E1,1.142034173E0,-2.078166962E0,9.607931137E0,9.896229621E0
1.516200550E1,1.144428372E0,-2.075772762E0,9.595960617E0,9.884382076E0
1.516400124E1,1.154005170E0,-2.075772762E0,9.579200745E0,9.869227295E0
1.516599761E1,1.156399369E0,-2.075772762E0,9.567230225E0,9.857889543E0
1.516799402E1,1.165976286E0,-2.073378563E0,9.548076630E0,9.839927169E0
1.516998987E1,1.163581967E0,-2.070984364E0,9.536105156E0,9.827522616E0
1.517198573E1,1.161187768E0,-2.068590164E0,9.526528358E0,9.817441870E0
1.517398323E1,1.177947283E0,-2.054224968E0,9.524134636E0,9.814099071E0
1.517597905E1,1.168370485E0,-2.059013367E0,9.524134636E0,9.813957723E0
1.517797616E1,1.165976286E0,-2.049436569E0,9.533711433E0,9.820964548E0
1.517997257E1,1.173158884E0,-2.044648170E0,9.548076630E0,9.834767676E0
1.518196827E1,1.175553083E0,-2.047042370E0,9.557653427E0,9.844848732E0
1.518396562E1,1.175553083E0,-2.035071373E0,9.562441826E0,9.847016514E0
1.518596230E1,1.177947283E0,-2.037465572E0,9.562441826E0,9.847797695E0
1.518795933E1,1.177947283E0,-2.047042370E0,9.572018623E0,9.859081235E0
1.518995632E1,1.180341482E0,-2.056619167E0,9.562441826E0,9.852064864E0
1.519195226E1,1.187524080E0,-2.056619167E0,9.560047150E0,9.850603908E0
1.519394835E1,1.187524080E0,-2.061407566E0,9.548076630E0,9.839988919E0
1.519594378E1,1.192312479E0,-2.061407566E0,9.519346237E0,9.812693972E0
1.519793999E1,1.206677675E0,-2.063801765E0,9.516951561E0,9.812630420E0
1.519993550E1,1.213860273E0,-2.070984364E0,9.500192642E0,9.798780191E0
1.520193269E1,1.216254473E0,-2.068590164E0,9.493009567E0,9.791607164E0
1.520393046E1,1.233013868E0,-2.070984364E0,9.502586365E0,9.803491575E0
1.520592816E1,1.247379065E0,-2.075772762E0,9.504981041E0,9.808641684E0
1.520792254E1,1.261744261E0,-2.068590164E0,9.497797966E0,9.802001329E0
1.520992155E1,1.264138460E0,-2.078166962E0,9.495404243E0,9.802016411E0
1.521191882E1,1.264138460E0,-2.087743998E0,9.488221169E0,9.797094569E0
1.521391612E1,1.261744261E0,-2.087743998E0,9.478644371E0,9.787511057E0
1.521591210E1,1.256955862E0,-2.092532396E0,9.471462250E0,9.780962479E0
1.521790855E1,1.254561663E0,-2.087743998E0,9.483432770E0,9.791225514E0
1.521990585E1,1.242590666E0,-2.090138197E0,9.495404243E0,9.801806517E0
1.522190210E1,1.242590666E0,-2.080561161E0,9.504981041E0,9.809048420E0
1.522389738E1,1.240196466E0,-2.090138197E0,9.507374763E0,9.813100420E0
1.522589585E1,1.230619669E0,-2.082955360E0,9.521739960E0,9.824289270E0
1.522789277E1,1.221042871E0,-2.092532396E0,9.538499832E0,9.841372698E0
1.522988948E1,1.218648672E0,-2.092532396E0,9.528923035E0,9.831793866E0
1.523188566E1,1.221042871E0,-2.094926596E0,9.524134636E0,9.827960302E0
1.523388241E1,1.225831270E0,-2.094926596E0,9.507374763E0,9.812316477E0
1.523587933E1,1.237802267E0,-2.097320795E0,9.502586365E0,9.809691972E0
1.523787585E1,1.235408068E0,-2.106897593E0,9.473855972E0,9.783618837E0
1.523987234E1,1.240196466E0,-2.121262789E0,9.454702377E0,9.768789082E0
1.524186874E1,1.228225470E0,-2.133233786E0,9.435548782E0,9.751348882E0
1.524386534E1,1.228225470E0,-2.140416384E0,9.428366661E0,9.745974451E0
1.524586312E1,1.240196466E0,-2.135627985E0,9.428366661E0,9.746439969E0
1.524785995E1,1.235408068E0,-2.145204782E0,9.433155060E0,9.752566382E0
1.524985667E1,1.237802267E0,-2.142810583E0,9.447520256E0,9.766239329E0
1.525185257E1,1.235408068E0,-2.142810583E0,9.461885452E0,9.779833669E0
1.525384917E1,1.235408068E0,-2.133233786E0,9.493009567E0,9.807861649E0
1.525584554E1,1.216254473E0,-2.126051188E0,9.514557838E0,9.824773761E0
1.525784198E1,1.211466074E0,-2.121262789E0,9.526528358E0,9.834741910E0
1.525983819E1,1.199495077E0,-2.116474390E0,9.538499832E0,9.843842305E0
1.526183546E1,1.197100878E0,-2.114080191E0,9.550470352E0,9.854636955E0
1.526383261E1,1.192312479E0,-2.094926596E0,9.564835548E0,9.863894036E0
1.526582987E1,1.170764685E0,-2.087743998E0,9.583989143E0,9.878370961E0
1.526782612E1,1.165976286E0,-2.085349798E0,9.576807022E0,9.870330147E0
1.526982163E1,1.161187768E0,-2.082955360E0,9.583989143E0,9.876229441E0
1.527181843E1,1.151610970E0,-2.080561161E0,9.579200745E0,9.869955901E0
1.527381499E1,1.154005170E0,-2.080561161E0,9.583989143E0,9.874882813E0
1.527581163E1,1.146822572E0,-2.082955360E0,9.569623947E0,9.860608883E0
1.527780933E1,1.149216771E0,-2.085349798E0,9.562441826E0,9.854424217E0
1.527980620E1,1.168370485E0,-2.078166962E0,9.545681953E0,9.838897879E0
1.528180308E1,1.192312479E0,-2.082955360E0,9.548076630E0,9.845104337E0
1.528379987E1,1.192312479E0,-2.082955360E0,9.550470352E0,9.847425858E0
1.528579710E1,1.209071875E0,-2.087743998E0,9.533711433E0,9.834235277E0
1.528779433E1,1.221042871E0,-2.085349798E0,9.516951561E0,9.818961070E0
1.528979112E1,1.237802267E0,-2.092532396E0,9.495404243E0,9.801711485E0
1.529178737E1,1.247379065E0,-2.092532396E0,9.481039047E0,9.789011583E0
1.529378468E1,1.249773264E0,-2.092532396E0,9.478644371E0,9.786997709E0
1.529578101E1,1.256955862E0,-2.102109194E0,9.473855972E0,9.785333315E0
1.529777804E1,1.249773264E0,-2.104503393E0,9.469067574E0,9.780291839E0
1.529977507E1,1.259350061E0,-2.106897593E0,9.461885452E0,9.775083445E0
1.530177237E1,1.254561663E0,-2.097320795E0,9.454702377E0,9.765453217E0
1.530376964E1,1.249773264E0,-2.094926596E0,9.449913979E0,9.759688768E0
1.530576784E1,1.242590666E0,-2.085349798E0,9.469067574E0,9.775272684E0
1.530776620E1,1.223437071E0,-2.082955360E0,9.478644371E0,9.781625653E0
1.530976437E1,1.221042871E0,-2.075772762E0,9.495404243E0,9.796044100E0
1.531176132E1,1.206677675E0,-2.075772762E0,9.528923035E0,9.826763342E0
1.531375874E1,1.194706678E0,-2.068590164E0,9.533711433E0,9.828430343E0
1.531575608E1,1.185129881E0,-2.061407566E0,9.540893555E0,9.832730232E0
1.531775456E1,1.180341482E0,-2.056619167E0,9.550470352E0,9.840445740E0
1.531975292E1,1.168370485E0,-2.059013367E0,9.562441826E0,9.851137970E0
1.532174991E1,1.163581967E0,-2.044648170E0,9.552865028E0,9.838279290E0
1.532374757E1,1.158793569E0,-2.044648170E0,9.538499832E0,9.823765455E0
1.532574519E1,1.156399369E0,-2.051830769E0,9.526528358E0,9.813358832E0
1.532774257E1,1.151610970E0,-2.042253971E0,9.516951561E0,9.801498667E0
1.532973960E1,1.161187768E0,-2.049436569E0,9.497797966E0,9.785535933E0
1.533173648E1,1.165976286E0,-2.049436569E0,9.497797966E0,9.786105311E0
1.533373327E1,1.163581967E0,-2.047042370E0,9.490615845E0,9.778348254E0
1.533572914E1,1.161187768E0,-2.044648170E0,9.493009567E0,9.779886186E0
1.533772718E1,1.161187768E0,-2.039859772E0,9.490615845E0,9.776562486E0
1.533972503E1,1.156399369E0,-2.035071373E0,9.502586365E0,9.786619570E0
1.534172198E1,1.154005170E0,-2.049436569E0,9.524134636E0,9.810252736E0
1.534371441E1,1.154005170E0,-2.049436569E0,9.538499832E0,9.824199572E0
1.534571558E1,1.144428372E0,-2.049436569E0,9.536105156E0,9.820753947E0
1.534771234E1,1.139639974E0,-2.054224968E0,9.540893555E0,9.825847002E0
1.534970929E1,1.139639974E0,-2.056619167E0,9.562441826E0,9.847271467E0
1.535170675E1,1.137245774E0,-2.054224968E0,9.579200745E0,9.862771166E0
1.535370331E1,1.134851575E0,-2.063801765E0,9.586383820E0,9.871470030E0
1.535569944E1,1.137245774E0,-2.063801765E0,9.586383820E0,9.871745561E0
1.535769628E1,1.139639974E0,-2.073378563E0,9.581595421E0,9.869379349E0
1.535969339E1,1.139639974E0,-2.075772762E0,9.581595421E0,9.869882605E0
1.536169030E1,1.151610970E0,-2.090138197E0,9.586383820E0,9.878949349E0
1.536368769E1,1.149216771E0,-2.106897593E0,9.569623947E0,9.865972792E0
1.536568523E1,1.156399369E0,-2.123656988E0,9.552865028E0,9.854156928E0
1.536768188E1,1.182735682E0,-2.130839586E0,9.528923035E0,9.835634969E0
1.536967902E1,1.189918280E0,-2.135627985E0,9.519346237E0,9.828263590E0
1.537167472E1,1.204283476E0,-2.147598982E0,9.500192642E0,9.814078679E0
1.537367011E1,1.228225470E0,-2.164358377E0,9.478644371E0,9.799881841E0
1.537566285E1,1.235408068E0,-2.178723574E0,9.471462250E0,9.797023357E0
1.537766245E1,1.249773264E0,-2.173935175E0,9.481039047E0,9.807039756E0
1.537965878E1,1.249773264E0,-2.173935175E0,9.476250648E0,9.802410607E0
1.538165515E1,1.249773264E0,-2.181117773E0,9.485827446E0,9.813262979E0
1.538365198E1,1.254561663E0,-2.178723574E0,9.495404243E0,9.822599611E0
1.538564777E1,1.261744261E0,-2.171540976E0,9.497797966E0,9.824243227E0
1.538764359E1,1.266532660E0,-2.166752577E0,9.509769440E0,9.835376785E0
1.538964007E1,1.264138460E0,-2.159569979E0,9.502586365E0,9.826542432E0
1.539163659E1,1.261744261E0,-2.157175779E0,9.524134636E0,9.846549979E0
1.539363347E1,1.261744261E0,-2.130839586E0,9.526528358E0,9.843130523E0
1.539562980E1,1.264138460E0,-2.128445387E0,9.533711433E0,9.849872055E0
1.539762605E1,1.259350061E0,-2.114080191E0,9.524134636E0,9.836891694E0
1.539962194E1,1.264138460E0,-2.099714994E0,9.528923035E0,9.839066181E0
1.540161917E1,1.266532660E0,-2.092532396E0,9.531316757E0,9.840162394E0
1.540361597E1,1.276109457E0,-2.085349798E0,9.526528358E0,9.835236738E0
1.540561222E1,1.271321058E0,-2.075772762E0,9.528923035E0,9.834910472E0
1.540760862E1,1.288080573E0,-2.066195965E0,9.540893555E0,9.846672897E0
1.540960499E1,1.288080573E0,-2.054224968E0,9.552865028E0,9.855771001E0
1.541160171E1,1.295263171E0,-2.049436569E0,9.545681953E0,9.848753266E0
1.541359862E1,1.283292055E0,-2.051830769E0,9.521739960E0,9.824478605E0
1.541559320E1,1.288080573E0,-2.054224968E0,9.519346237E0,9.823285833E0
1.541759351E1,1.285686255E0,-2.044648170E0,9.509769440E0,9.811691500E0
1.541958995E1,1.288080573E0,-2.049436569E0,9.516951561E0,9.819964808E0
1.542158659E1,1.273715258E0,-2.056619167E0,9.524134636E0,9.826554509E0
1.542358090E1,1.266532660E0,-2.051830769E0,9.528923035E0,9.829266945E0
1.542558144E1,1.247379065E0,-2.056619167E0,9.516951561E0,9.816211283E0
1.542757800E1,1.228225470E0,-2.061407566E0,9.524134636E0,9.821765601E0
1.542957530E1,1.211466074E0,-2.061407566E0,9.502586365E0,9.798785579E0
1.543156863E1,1.204283476E0,-2.054224968E0,9.507374763E0,9.801036364E0
1.543356933E1,1.180341482E0,-2.049436569E0,9.526528358E0,9.815708779E0
1.543556605E1,1.173158884E0,-2.049436569E0,9.548076630E0,9.835764299E0
1.543756257E1,1.154005170E0,-2.054224968E0,9.557653427E0,9.843795365E0
1.543955917E1,1.142034173E0,-2.051830769E0,9.560047150E0,9.844224350E0
1.544155597E1,1.118092179E0,-2.049436569E0,9.583989143E0,9.864236832E0
1.544355339E1,1.108515382E0,-2.051830769E0,9.591172218E0,9.870633231E0
1.544555050E1,1.098938584E0,-2.047042370E0,9.603142738E0,9.880202373E0
1.544754745E1,1.101332784E0,-2.054224968E0,9.607931137E0,9.886612911E0
1.544954409E1,1.101332784E0,-2.059013367E0,9.607931137E0,9.887608947E0
1.545154015E1,1.108515382E0,-2.051830769E0,9.603142738E0,9.882265242E0
1.545353620E1,1.110909581E0,-2.059013367E0,9.583989143E0,9.865419608E0
1.545553175E1,1.113303781E0,-2.073378563E0,9.572018623E0,9.857072816E0
1.545752843E1,1.110909581E0,-2.073378563E0,9.552865028E0,9.838203546E0
1.545952468E1,1.120486379E0,-2.087743998E0,9.528923035E0,9.819090535E0
1.546151995E1,1.134851575E0,-2.092532396E0,9.521739960E0,9.814790461E0
1.546351550E1,1.149216771E0,-2.097320795E0,9.502586365E0,9.798908170E0
1.546551116E1,1.163581967E0,-2.109291792E0,9.485827446E0,9.786927873E0
1.546750734E1,1.168370485E0,-2.116474390E0,9.490615845E0,9.793688914E0
1.546950300E1,1.192312479E0,-2.128445387E0,9.483432770E0,9.792210471E0
1.547149766E1,1.201889277E0,-2.130839586E0,9.478644371E0,9.789265258E0
1.547349417E1,1.197100878E0,-2.130839586E0,9.466673851E0,9.777087586E0
1.547548991E1,1.204283476E0,-2.135627985E0,9.469067574E0,9.781331519E0
1.547748608E1,1.209071875E0,-2.138022184E0,9.469067574E0,9.782445214E0
1.547948276E1,1.216254473E0,-2.152387381E0,9.469067574E0,9.786484920E0
1.548148019E1,1.225831270E0,-2.149993181E0,9.490615845E0,9.808002962E0
1.548347730E1,1.223437071E0,-2.157175779E0,9.478644371E0,9.797698950E0
1.548547476E1,1.228225470E0,-2.157175779E0,9.481039047E0,9.800614601E0
1.548747159E1,1.235408068E0,-2.157175779E0,9.483432770E0,9.803832798E0
1.548946804E1,1.249773264E0,-2.159569979E0,9.473855972E0,9.796919041E0
1.549146491E1,1.254561663E0,-2.164358377E0,9.469067574E0,9.793957977E0
1.549346183E1,1.249773264E0,-2.164358377E0,9.469067574E0,9.793345757E0
1.549545835E1,1.244984865E0,-2.161964178E0,9.471462250E0,9.794522631E0
1.549745460E1,1.242590666E0,-2.152387381E0,9.483432770E0,9.803688087E0
1.549945038E1,1.240196466E0,-2.142810583E0,9.490615845E0,9.808237027E0
1.550144687E1,1.242590666E0,-2.138022184E0,9.495404243E0,9.812128830E0
1.550344246E1,1.233013868E0,-2.130839586E0,9.504981041E0,9.818628475E0
1.550543937E1,1.218648672E0,-2.126051188E0,9.524134636E0,9.834344859E0
1.550743530E1,1.216254473E0,-2.121262789E0,9.524134636E0,9.833014356E0
1.550943128E1,1.216254473E0,-2.106897593E0,9.521739960E0,9.827605215E0
1.551142702E1,1.211466074E0,-2.099714994E0,9.536105156E0,9.839398084E0
1.551342280E1,1.199495077E0,-2.082955360E0,9.560047150E0,9.857585555E0
1.551541800E1,1.187524080E0,-2.063801765E0,9.562441826E0,9.854429707E0
1.551741413E1,1.177947283E0,-2.056619167E0,9.552865028E0,9.842483043E0
1.551941093E1,1.168370485E0,-2.059013367E0,9.552865028E0,9.841842098E0
1.552140769E1,1.154005170E0,-2.047042370E0,9.555258751E0,9.839973587E0
1.552340499E1,1.149216771E0,-2.049436569E0,9.540893555E0,9.825962511E0
1.552540077E1,1.149216771E0,-2.051830769E0,9.521739960E0,9.807866259E0
1.552739620E1,1.158793569E0,-2.054224968E0,9.516951561E0,9.804846239E0
1.552939163E1,1.154005170E0,-2.049436569E0,9.507374763E0,9.793982493E0
1.553138745E1,1.154005170E0,-2.042253971E0,9.504981041E0,9.790158007E0
1.553338280E1,1.151610970E0,-2.037465572E0,9.500192642E0,9.784228842E0
1.553537344E1,1.142034173E0,-2.039859772E0,9.516951561E0,9.799879436E0
1.553737421E1,1.139639974E0,-2.032677174E0,9.545681953E0,9.826016472E0
1.553936960E1,1.132457376E0,-2.030282974E0,9.562441826E0,9.840975680E0
1.554136507E1,1.122880578E0,-2.023100376E0,9.595960617E0,9.870980503E0
1.554335727E1,1.108515382E0,-2.013523579E0,9.600749016E0,9.872054762E0
1.554535687E1,1.098938584E0,-2.011129379E0,9.615114212E0,9.884469065E0
1.554735312E1,1.101332784E0,-2.013523579E0,9.631873131E0,9.901524686E0
1.554934882E1,1.096544385E0,-2.011129379E0,9.639056206E0,9.907494916E0
1.555134484E1,1.094150186E0,-2.011129379E0,9.624691010E0,9.893254421E0
1.555334128E1,1.101332784E0,-2.023100376E0,9.624691010E0,9.896491604E0
1.555533808E1,1.108515382E0,-2.030282974E0,9.605537415E0,9.880141918E0
1.555733366E1,1.120486379E0,-2.044648170E0,9.583989143E0,9.863514778E0
1.555932913E1,1.142034173E0,-2.061407566E0,9.564835548E0,9.850874188E0
1.556132440E1,1.163581967E0,-2.070984364E0,9.564835548E0,9.855403508E0
1.556331995E1,1.187524080E0,-2.073378563E0,9.557653427E0,9.851794311E0
1.556531663E1,1.209071875E0,-2.085349798E0,9.524134636E0,9.824442943E0
1.556731300E1,1.230619669E0,-2.092532396E0,9.519346237E0,9.824004753E0
1.556930937E1,1.235408068E0,-2.102109194E0,9.521739960E0,9.828968818E0
1.557130562E1,1.235408068E0,-2.094926596E0,9.514557838E0,9.820476638E0
1.557330237E1,1.240196466E0,-2.094926596E0,9.524134636E0,9.830358350E0
1.557529621E1,1.249773264E0,-2.099714994E0,9.524134636E0,9.832592579E0
1.557729534E1,1.259350061E0,-2.106897593E0,9.524134636E0,9.835350558E0
1.557929222E1,1.261744261E0,-2.094926596E0,9.526528358E0,9.835418577E0
1.558128862E1,1.252167463E0,-2.097320795E0,9.509769440E0,9.818472013E0
1.558328449E1,1.254561663E0,-2.085349798E0,9.524134636E0,9.830144928E0
1.558528179E1,1.256955862E0,-2.087743998E0,9.519346237E0,9.826320055E0
1.558727882E1,1.244984865E0,-2.087743998E0,9.516951561E0,9.822475723E0
1.558927648E1,1.252167463E0,-2.073378563E0,9.521739960E0,9.824986203E0
1.559127195E1,1.256955862E0,-2.075772762E0,9.524134636E0,9.828423636E0
1.559327050E1,1.261744261E0,-2.082955360E0,9.524134636E0,9.830556555E0
1.559526796E1,1.264138460E0,-2.080561161E0,9.521739960E0,9.828037070E0
1.559726456E1,1.256955862E0,-2.061407566E0,9.521739960E0,9.823078492E0
1.559926140E1,1.256955862E0,-2.056619167E0,9.528923035E0,9.829038337E0
1.560125812E1,1.259350061E0,-2.054224968E0,9.538499832E0,9.838128981E0
1.560325495E1,1.252167463E0,-2.049436569E0,9.555258751E0,9.852465854E0
1.560525218E1,1.249773264E0,-2.035071373E0,9.569623947E0,9.863120763E0
1.560724508E1,1.240196466E0,-2.030282974E0,9.586383820E0,9.877190439E0
1.560924554E1,1.225831270E0,-2.030282974E0,9.588777542E0,9.877720689E0
1.561124202E1,1.199495077E0,-2.015917778E0,9.610325813E0,9.892475684E0
1.561323839E1,1.182735682E0,-2.003946781E0,9.634267807E0,9.911295706E0
1.561523433E1,1.173158884E0,-2.008735180E0,9.631873131E0,9.908799059E0
1.561723023E1,1.165976286E0,-2.008735180E0,9.624691010E0,9.900969384E0
1.561922800E1,1.158793569E0,-2.003946781E0,9.631873131E0,9.906138766E0
1.562122566E1,1.156399369E0,-2.011129379E0,9.615114212E0,9.891022303E0
1.562322168E1,1.158793569E0,-2.025494576E0,9.593565941E0,9.873294196E0
1.562521917E1,1.163581967E0,-2.018311977E0,9.588777542E0,9.867733326E0
1.562721503E1,1.168370485E0,-2.025494576E0,9.555258751E0,9.837209343E0
1.562921093E1,1.170764685E0,-2.032677174E0,9.538499832E0,9.822700519E0
1.563120683E1,1.175553083E0,-2.037465572E0,9.536105156E0,9.821939348E0
1.563320292E1,1.182735682E0,-2.059013367E0,9.536105156E0,9.827293691E0
1.563519952E1,1.177947283E0,-2.078166962E0,9.521739960E0,9.816815654E0
1.563719694E1,1.180341482E0,-2.087743998E0,9.514557838E0,9.812170600E0
1.563919405E1,1.189918280E0,-2.092532396E0,9.531316757E0,9.830594919E0
1.564119148E1,1.180341482E0,-2.106897593E0,9.526528358E0,9.827866810E0
1.564318874E1,1.170764685E0,-2.114080191E0,9.524134636E0,9.825943495E0
1.564518616E1,1.168370485E0,-2.114080191E0,9.526528358E0,9.827978796E0
1.564718203E1,1.165976286E0,-2.111685991E0,9.514557838E0,9.815575851E0
1.564917987E1,1.158793569E0,-2.118868589E0,9.504981041E0,9.806990936E0
1.565117601E1,1.163581967E0,-2.126051188E0,9.516951561E0,9.820711973E0
1.565317292E1,1.163581967E0,-2.130839586E0,9.521739960E0,9.826389581E0
1.565516883E1,1.149216771E0,-2.114080191E0,9.516951561E0,9.816435262E0
1.565716530E1,1.156399369E0,-2.106897593E0,9.531316757E0,9.829663071E0
1.565916152E1,1.144428372E0,-2.092532396E0,9.552865028E0,9.846097622E0
1.566115749E1,1.146822572E0,-2.085349798E0,9.555258751E0,9.847175005E0
1.566315270E1,1.151610970E0,-2.073378563E0,9.560047150E0,9.849853197E0
1.566514999E1,1.161187768E0,-2.061407566E0,9.562441826E0,9.850789403E0
1.566714589E1,1.165976286E0,-2.049436569E0,9.586383820E0,9.872104420E0
1.566914167E1,1.182735682E0,-2.042253971E0,9.581595421E0,9.867960062E0
1.567113718E1,1.192312479E0,-2.030282974E0,9.586383820E0,9.871292354E0
1.567313308E1,1.206677675E0,-2.025494576E0,9.579200745E0,9.865079128E0
1.567512917E1,1.209071875E0,-2.023100376E0,9.567230225E0,9.853257538E0
1.567712601E1,1.213860273E0,-2.020706177E0,9.564835548E0,9.851029859E0
1.567912276E1,1.228225470E0,-2.015917778E0,9.552865028E0,9.840207952E0
1.568112066E1,1.242590666E0,-2.013523579E0,9.550470352E0,9.839196751E0
1.568311776E1,1.237802267E0,-2.008735180E0,9.555258751E0,9.842263016E0
1.568511484E1,1.242590666E0,-2.013523579E0,9.548076630E0,9.836873288E0
1.568711210E1,1.252167463E0,-2.013523579E0,9.555258751E0,9.845058169E0
1.568910972E1,1.240196466E0,-1.999158382E0,9.569623947E0,9.854563613E0
1.569110605E1,1.233013868E0,-1.991975784E0,9.603142738E0,9.884768140E0
1.569310253E1,1.228225470E0,-1.994369984E0,9.615114212E0,9.896285705E0
1.569509937E1,1.211466074E0,-1.994369984E0,9.600749016E0,9.880260287E0
1.569709605E1,1.194706678E0,-1.975216389E0,9.622296333E0,9.895321650E0
1.569909347E1,1.175553083E0,-1.965639591E0,9.634267807E0,9.902766292E0
1.570109054E1,1.168370485E0,-1.951274395E0,9.643844604E0,9.908395436E0
1.570308516E1,1.161187768E0,-1.941697598E0,9.634267807E0,9.896345930E0
1.570508308E1,1.146822572E0,-1.941697598E0,9.639056206E0,9.899333114E0
1.570708034E1,1.137245774E0,-1.944091797E0,9.634267807E0,9.894035428E0
1.570907714E1,1.127668977E0,-1.941697598E0,9.629479408E0,9.887805649E0
1.571107433E1,1.125274777E0,-1.934514999E0,9.612719536E0,9.869800833E0
1.571307077E1,1.115697980E0,-1.946485996E0,9.619902611E0,9.878062358E0
1.571506702E1,1.127668977E0,-1.956062794E0,9.598354340E0,9.860335948E0
1.571706440E1,1.139639974E0,-1.956062794E0,9.583989143E0,9.847731151E0
1.571906097E1,1.142034173E0,-1.963245392E0,9.595960617E0,9.861086892E0
1.572105792E1,1.142034173E0,-1.972822189E0,9.591172218E0,9.858339311E0
1.572305448E1,1.139639974E0,-1.972822189E0,9.600749016E0,9.867380013E0
1.572505046E1,1.139639974E0,-1.984793186E0,9.593565941E0,9.862793252E0
1.572704702E1,1.144428372E0,-1.991975784E0,9.583989143E0,9.855482318E0
1.572904273E1,1.151610970E0,-1.996764183E0,9.593565941E0,9.866599338E0
1.573103835E1,1.151610970E0,-2.003946781E0,9.598354340E0,9.872710700E0
1.573303476E1,1.149216771E0,-2.030282974E0,9.643844604E0,9.922020303E0
1.573503101E1,1.161187768E0,-2.049436569E0,9.679757118E0,9.962240970E0
1.573702702E1,1.175553083E0,-2.059013367E0,9.701305389E0,9.986830696E0
1.573902390E1,1.182735682E0,-2.056619167E0,9.730035782E0,1.001509573E1
1.574101944E1,1.261744261E0,-2.023100376E0,9.991003990E0,1.027156728E1
1.574301616E1,1.288080573E0,-1.999158382E0,1.012507915E1,1.040062564E1
1.574501304E1,1.247379065E0,-2.035071373E0,1.008198357E1,1.036068833E1
1.574700972E1,1.173158884E0,-2.061407566E0,1.000058079E1,1.027800170E1
1.574900636E1,1.127668977E0,-2.054224968E0,9.883264542E0,1.015728288E1
1.575100180E1,1.091755986E0,-2.039859772E0,9.777919769E0,1.004791889E1
1.575300093E1,1.077390790E0,-2.032677174E0,9.725247383E0,9.993647186E0
1.575499823E1,1.072602391E0,-2.020706177E0,9.627084732E0,9.895175076E0
1.575699526E1,1.094150186E0,-2.013523579E0,9.557653427E0,9.828539101E0
1.575899194E1,1.118092179E0,-2.011129379E0,9.483432770E0,9.758599725E0
1.576098862E1,1.158793569E0,-2.030282974E0,9.416395187E0,9.702234269E0
1.576298495E1,1.199495077E0,-2.061407566E0,9.378087997E0,9.676607054E0
1.576498101E1,1.237802267E0,-2.094926596E0,9.334992409E0,9.646914282E0
1.576697858E1,1.276109457E0,-2.130839586E0,9.301473618E0,9.627374728E0
1.576897476E1,1.288080573E0,-2.149993181E0,9.282320023E0,9.614732822E0
1.577097077E1,1.323993564E0,-2.178723574E0,9.255983353E0,9.600678267E0
1.577296737E1,1.335964561E0,-2.217030764E0,9.208099365E0,9.564994544E0
1.577495976E1,1.326387763E0,-2.245761156E0,9.143456459E0,9.508182986E0
1.577696066E1,1.328781962E0,-2.267308950E0,9.097966194E0,9.469917647E0
1.577895648E1,1.321599364E0,-2.257732153E0,9.054870605E0,9.425214111E0
1.578095276E1,1.314416766E0,-2.255337954E0,9.028534889E0,9.398334053E0
1.578294984E1,1.319205165E0,-2.245761156E0,9.035717010E0,9.403612462E0
1.578494667E1,1.326387763E0,-2.243366957E0,9.045293808E0,9.413253416E0
1.578694316E1,1.323993564E0,-2.229001760E0,9.095572472E0,9.457845758E0
1.578894054E1,1.328781962E0,-2.217030764E0,9.176975250E0,9.534031763E0
1.579093668E1,1.323993564E0,-2.224213362E0,9.287108421E0,9.641082246E0
1.579293526E1,1.316810966E0,-2.217030764E0,9.378087997E0,9.726137518E0
1.579493273E1,1.312022567E0,-2.221819162E0,9.447520256E0,9.793544945E0
1.579693011E1,1.304839969E0,-2.205059767E0,9.502586365E0,9.841953238E0
1.579892718E1,1.297657371E0,-2.195482969E0,9.521739960E0,9.857362324E0
1.580092366E1,1.290474772E0,-2.181117773E0,9.560047150E0,9.890252847E0
1.580291980E1,1.276109457E0,-2.157175779E0,9.581595421E0,9.903980689E0
1.580491648E1,1.264138460E0,-2.130839586E0,9.574412346E0,9.889787417E0
1.580691281E1,1.295263171E0,-2.109291792E0,9.583989143E0,9.898467884E0
1.580890902E1,1.477222443E0,-2.116474390E0,9.737217903E0,1.007348314E1
1.581090550E1,1.467645645E0,-2.106897593E0,9.691728592E0,1.002609616E1
1.581290124E1,1.338358760E0,-2.078166962E0,9.576807022E0,9.890663013E0
1.581489535E1,1.273715258E0,-2.068590164E0,9.533711433E0,9.838346890E0
1.581689429E1,1.189918280E0,-2.049436569E0,9.447520256E0,9.740212254E0
1.581889155E1,1.185129881E0,-2.018311977E0,9.411606789E0,9.698270898E0
1.582088788E1,1.218648672E0,-1.991975784E0,9.373299599E0,9.659804215E0
1.582288460E1,1.228225470E0,-1.980004787E0,9.327810287E0,9.614416338E0
1.582488085E1,1.216254473E0,-1.963245392E0,9.318233490E0,9.600160560E0
1.582687726E1,1.213860273E0,-1.956062794E0,9.390059471E0,9.668136081E0
1.582887370E1,1.213860273E0,-1.963245392E0,9.464279175E0,9.741682069E0
1.583087023E1,1.201889277E0,-1.960851192E0,9.457097054E0,9.732736507E0
1.583286612E1,1.175553083E0,-1.965639591E0,9.430760384E0,9.704890801E0
1.583486234E1,1.165976286E0,-1.958456993E0,9.404424667E0,9.676686304E0
1.583685831E1,1.173158884E0,-1.956062794E0,9.390059471E0,9.663110280E0
1.583885448E1,1.185129881E0,-1.953668594E0,9.363722801E0,9.638498768E0
1.584085042E1,1.192312479E0,-1.965639591E0,9.370905876E0,9.648793966E0
1.584284679E1,1.189918280E0,-1.968033791E0,9.373299599E0,9.651311200E0
1.584484323E1,1.185129881E0,-1.975216389E0,9.378087997E0,9.656839395E0
1.584683956E1,1.180341482E0,-1.984793186E0,9.380482674E0,9.660541662E0
1.584883616E1,1.168370485E0,-2.003946781E0,9.402029991E0,9.683958914E0
1.585083163E1,1.149216771E0,-2.006340981E0,9.418789864E0,9.698438318E0
1.585282726E1,1.118092179E0,-2.001552582E0,9.461885452E0,9.735687915E0
1.585482304E1,1.098938584E0,-2.011129379E0,9.502586365E0,9.775042456E0
1.585681773E1,1.074996591E0,-1.999158382E0,9.524134636E0,9.790883130E0
1.585881378E1,1.065419793E0,-1.996764183E0,9.569623947E0,9.833610173E0
1.586081050E1,1.070208192E0,-1.991975784E0,9.581595421E0,9.844809999E0
1.586280694E1,1.055842996E0,-1.980004787E0,9.593565941E0,9.852498711E0
1.586480331E1,1.048660398E0,-1.970427990E0,9.595960617E0,9.852143688E0
1.586680026E1,1.039083481E0,-1.956062794E0,9.595960617E0,9.848265649E0
1.586879659E1,1.031900883E0,-1.932120800E0,9.603142738E0,9.849784803E0
1.587079172E1,1.036689281E0,-1.905784607E0,9.600749016E0,9.842820800E0
1.587278769E1,1.034295082E0,-1.891419291E0,9.612719536E0,9.851477561E0
1.587478382E1,1.029506683E0,-1.879448295E0,9.612719536E0,9.848684520E0
1.587677933E1,1.029506683E0,-1.877054095E0,9.603142738E0,9.838880350E0
1.587877538E1,1.041477680E0,-1.869871497E0,9.605537415E0,9.841109907E0
1.588077101E1,1.053448796E0,-1.860294700E0,9.600749016E0,9.835895099E0
1.588276726E1,1.055842996E0,-1.853112102E0,9.615114212E0,9.848819737E0
1.588476394E1,1.070208192E0,-1.838746905E0,9.629479408E0,9.861704185E0
1.588676030E1,1.074996591E0,-1.833958507E0,9.624691010E0,9.856657573E0
1.588875722E1,1.094150186E0,-1.826775908E0,9.622296333E0,9.855093179E0
1.589075316E1,1.101332784E0,-1.829170108E0,9.624691010E0,9.858675074E0
1.589274874E1,1.115697980E0,-1.829170108E0,9.636661530E0,9.871975015E0
1.589474507E1,1.137245774E0,-1.821987510E0,9.627084732E0,9.863758253E0
1.589674230E1,1.156399369E0,-1.833958507E0,9.624691010E0,9.865867440E0
1.589873933E1,1.168370485E0,-1.845929503E0,9.643844604E0,9.888189120E0
1.590073624E1,1.173158884E0,-1.853112102E0,9.639056206E0,9.885430227E0
1.590273218E1,1.177947283E0,-1.869871497E0,9.612719536E0,9.863486001E0
1.590472847E1,1.187524080E0,-1.869871497E0,9.591172218E0,9.843638422E0
1.590672542E1,1.189918280E0,-1.872265697E0,9.576807022E0,9.830387433E0
1.590872257E1,1.199495077E0,-1.879448295E0,9.572018623E0,9.828257977E0
1.591071941E1,1.211466074E0,-1.874659896E0,9.598354340E0,9.854461213E0
1.591271593E1,1.201889277E0,-1.874659896E0,9.579200745E0,9.834631384E0
1.591471405E1,1.201889277E0,-1.879448295E0,9.557653427E0,9.814560752E0
1.591671046E1,1.206677675E0,-1.877054095E0,9.531316757E0,9.789045010E0
1.591870773E1,1.211466074E0,-1.881842494E0,9.507374763E0,9.767249158E0
1.592070468E1,1.213860273E0,-1.889025092E0,9.502586365E0,9.764272640E0
1.592270155E1,1.223437071E0,-1.896207690E0,9.497797966E0,9.762200985E0
1.592469882E1,1.247379065E0,-1.900996208E0,9.493009567E0,9.761504585E0
1.592669472E1,1.264138460E0,-1.908178806E0,9.497797966E0,9.769716404E0
1.592869144E1,1.283292055E0,-1.924938202E0,9.485827446E0,9.763869515E0
1.593068808E1,1.300051570E0,-1.944091797E0,9.504981041E0,9.788477491E0
1.593268441E1,1.307234168E0,-1.953668594E0,9.512163162E0,9.798312619E0
1.593468062E1,1.316810966E0,-1.960851192E0,9.509769440E0,9.798706206E0
1.593667710E1,1.316810966E0,-1.970427990E0,9.512163162E0,9.802949842E0
1.593867413E1,1.323993564E0,-1.980004787E0,9.519346237E0,9.812814617E0
1.594066976E1,1.328781962E0,-1.972822189E0,9.514557838E0,9.807369665E0
1.594266526E1,1.335964561E0,-1.977610588E0,9.509769440E0,9.804665203E0
1.594466109E1,1.338358760E0,-1.977610588E0,9.490615845E0,9.786415938E0
1.594665714E1,1.333570361E0,-1.977610588E0,9.493009567E0,9.788083785E0
1.594865269E1,1.338358760E0,-1.984793186E0,9.483432770E0,9.780905135E0
1.595064859E1,1.323993564E0,-1.989581585E0,9.471462250E0,9.768315668E0
1.595264444E1,1.316810966E0,-1.989581585E0,9.466673851E0,9.762701460E0
1.595464034E1,1.307234168E0,-1.987187386E0,9.466673851E0,9.760926630E0
1.595663550E1,1.304839969E0,-1.989581585E0,9.473855972E0,9.768059644E0
1.595863132E1,1.290474772E0,-1.991975784E0,9.481039047E0,9.773607015E0
1.596062874E1,1.278503656E0,-1.989581585E0,9.493009567E0,9.783160896E0
1.596262589E1,1.261744261E0,-1.977610588E0,9.512163162E0,9.797152150E0
1.596462163E1,1.244984865E0,-1.977610588E0,9.548076630E0,9.829888009E0
1.596661737E1,1.225831270E0,-1.975216389E0,9.564835548E0,9.843283047E0
1.596861347E1,1.211466074E0,-1.970427990E0,9.572018623E0,9.847526443E0
1.597060956E1,1.189918280E0,-1.975216389E0,9.583989143E0,9.857496294E0
1.597260554E1,1.182735682E0,-1.963245392E0,9.576807022E0,9.847254892E0
1.597460116E1,1.170764685E0,-1.960851192E0,9.562441826E0,9.831374320E0
1.597659804E1,1.158793569E0,-1.960851192E0,9.550470352E0,9.818310643E0
1.597859523E1,1.139639974E0,-1.958456993E0,9.550470352E0,9.815590508E0
1.598059202E1,1.139639974E0,-1.944091797E0,9.543288231E0,9.805744359E0
1.598258878E1,1.134851575E0,-1.944091797E0,9.543288231E0,9.805188997E0
1.598458523E1,1.130063176E0,-1.936909199E0,9.550470352E0,9.810206113E0
1.598658214E1,1.125274777E0,-1.924938202E0,9.560047150E0,9.816625281E0
1.598857843E1,1.137245774E0,-1.920149803E0,9.564835548E0,9.821730107E0
1.599057460E1,1.125274777E0,-1.915361404E0,9.576807022E0,9.831077529E0
1.599257128E1,1.120486379E0,-1.908178806E0,9.583989143E0,9.836131556E0
1.599456773E1,1.106121182E0,-1.915361404E0,9.593565941E0,9.845233407E0
1.599656386E1,1.091755986E0,-1.903390408E0,9.598354340E0,9.845975432E0
1.599855960E1,1.091755986E0,-1.900996208E0,9.595960617E0,9.843179257E0
1.600055554E1,1.082179189E0,-1.908178806E0,9.595960617E0,9.843511483E0
1.600255116E1,1.079784989E0,-1.920149803E0,9.583989143E0,9.833908622E0
1.600454730E1,1.094150186E0,-1.917755604E0,9.581595421E0,9.832696578E0
1.600654382E1,1.094150186E0,-1.922544003E0,9.564835548E0,9.817302029E0
1.600854046E1,1.115697980E0,-1.927332401E0,9.576807022E0,9.832325509E0
1.601053546E1,1.132457376E0,-1.927332401E0,9.579200745E0,9.836572411E0
1.601253097E1,1.139639974E0,-1.939303398E0,9.576807022E0,9.837423935E0
1.601452655E1,1.146822572E0,-1.934514999E0,9.572018623E0,9.832654312E0
1.601652144E1,1.168370485E0,-1.936909199E0,9.560047150E0,9.824011825E0
1.601851558E1,1.177947283E0,-1.944091797E0,9.545681953E0,9.812598874E0
1.602051050E1,1.192312479E0,-1.944091797E0,9.548076630E0,9.816662839E0
1.602250480E1,1.197100878E0,-1.946485996E0,9.552865028E0,9.822376927E0
1.602449940E1,1.206677675E0,-1.958456993E0,9.552865028E0,9.825927694E0
1.602649523E1,1.213860273E0,-1.956062794E0,9.536105156E0,9.810042811E0
1.602849093E1,1.213860273E0,-1.956062794E0,9.531316757E0,9.805388189E0
1.603048605E1,1.211466074E0,-1.960851192E0,9.533711433E0,9.808376071E0
1.603248101E1,1.218648672E0,-1.963245392E0,9.540893555E0,9.816724855E0
1.603447628E1,1.230619669E0,-1.963245392E0,9.557653427E0,9.834505390E0
1.603647257E1,1.225831270E0,-1.958456993E0,9.550470352E0,9.825970692E0
1.603846898E1,1.218648672E0,-1.960851192E0,9.538499832E0,9.813919759E0
1.604046386E1,1.223437071E0,-1.953668594E0,9.552865028E0,9.827046835E0
1.604245886E1,1.213860273E0,-1.953668594E0,9.567230225E0,9.839825807E0
1.604445437E1,1.218648672E0,-1.951274395E0,9.574412346E0,9.846925821E0
1.604644835E1,1.221042871E0,-1.946485996E0,9.588777542E0,9.860243819E0
1.604844323E1,1.223437071E0,-1.936909199E0,9.583989143E0,9.853997332E0
1.605043769E1,1.218648672E0,-1.936909199E0,9.581595421E0,9.851075710E0
1.605243210E1,1.221042871E0,-1.941697598E0,9.591172218E0,9.861628657E0
1.605442714E1,1.225831270E0,-1.944091797E0,9.581595421E0,9.853381451E0
1.605642261E1,1.216254473E0,-1.944091797E0,9.581595421E0,9.852194612E0
1.605841788E1,1.223437071E0,-1.946485996E0,9.581595421E0,9.853556556E0
1.606041296E1,1.230619669E0,-1.941697598E0,9.564835548E0,9.837209635E0
1.606240839E1,1.242590666E0,-1.944091797E0,9.550470352E0,9.825223073E0
1.606440327E1,1.254561663E0,-1.951274395E0,9.548076630E0,9.825841646E0
1.606639816E1,1.254561663E0,-1.941697598E0,9.536105156E0,9.812309416E0
1.606839288E1,1.247379065E0,-1.934514999E0,9.533711433E0,9.807647858E0
1.607038734E1,1.254561663E0,-1.934514999E0,9.514557838E0,9.789948116E0
1.607238280E1,1.249773264E0,-1.929726601E0,9.500192642E0,9.774427769E0
1.607437870E1,1.242590666E0,-1.932120800E0,9.500192642E0,9.773984990E0
1.607637405E1,1.237802267E0,-1.932120800E0,9.502586365E0,9.775704213E0
1.607836944E1,1.218648672E0,-1.927332401E0,9.514557838E0,9.783993338E0
1.608036484E1,1.194706678E0,-1.910573006E0,9.531316757E0,9.794060056E0
1.608236109E1,1.177947283E0,-1.903390408E0,9.557653427E0,9.816271893E0
1.608435784E1,1.165976286E0,-1.893813491E0,9.572018623E0,9.826981773E0
1.608635390E1,1.146822572E0,-1.896207690E0,9.586383820E0,9.839184943E0
1.608834972E1,1.130063176E0,-1.886630893E0,9.598354340E0,9.847071897E0
1.609034487E1,1.122880578E0,-1.872265697E0,9.605537415E0,9.850512101E0
1.609234023E1,1.118092179E0,-1.879448295E0,9.619902611E0,9.865342480E0
1.609433581E1,1.110909581E0,-1.884236693E0,9.634267807E0,9.879452626E0
1.609633155E1,1.101332784E0,-1.889025092E0,9.653421402E0,9.897974261E0
1.609832726E1,1.098938584E0,-1.889025092E0,9.641449928E0,9.886032497E0
1.610032280E1,1.101332784E0,-1.893813491E0,9.653421402E0,9.898889241E0
1.610231804E1,1.108515382E0,-1.896207690E0,9.648633003E0,9.895480220E0
1.610431370E1,1.108515382E0,-1.898601890E0,9.636661530E0,9.884267344E0
1.610630944E1,1.118092179E0,-1.905784607E0,9.636661530E0,9.886727999E0
1.610830507E1,1.115697980E0,-1.905784607E0,9.617507935E0,9.867788801E0
1.611030183E1,1.113303781E0,-1.920149803E0,9.612719536E0,9.865637204E0
1.611229780E1,1.113303781E0,-1.936909199E0,9.598354340E0,9.854921034E0
1.611429402E1,1.113303781E0,-1.944091797E0,9.610325813E0,9.867993740E0
1.611628972E1,1.115697980E0,-1.948880196E0,9.607931137E0,9.866876747E0
1.611828601E1,1.115697980E0,-1.963245392E0,9.600749016E0,9.862732690E0
1.612028159E1,1.113303781E0,-1.963245392E0,9.598354340E0,9.860131024E0
1.612227710E1,1.118092179E0,-1.977610588E0,9.593565941E0,9.858883366E0
1.612427234E1,1.120486379E0,-1.991975784E0,9.586383820E0,9.855060222E0
1.612626851E1,1.125274777E0,-2.006340981E0,9.567230225E0,9.839895407E0
1.612826402E1,1.125274777E0,-2.018311977E0,9.550470352E0,9.826052641E0
1.613026034E1,1.127668977E0,-2.015917778E0,9.543288231E0,9.818854926E0
1.613225702E1,1.132457376E0,-2.027888775E0,9.545681953E0,9.824196484E0
1.613424984E1,1.127668977E0,-2.027888775E0,9.543288231E0,9.821319690E0
1.613624624E1,1.118092179E0,-2.023100376E0,9.545681953E0,9.821563481E0
1.613824152E1,1.110909581E0,-2.025494576E0,9.536105156E0,9.811934056E0
1.614023730E1,1.110909581E0,-2.006340981E0,9.526528358E0,9.798686993E0
1.614222945E1,1.113303781E0,-2.003946781E0,9.538499832E0,9.810108412E0
1.614422776E1,1.120486379E0,-1.996764183E0,9.531316757E0,9.802477037E0
1.614622327E1,1.125274777E0,-1.984793186E0,9.524134636E0,9.793609543E0
1.614821913E1,1.127668977E0,-1.984793186E0,9.521739960E0,9.791556218E0
1.615021370E1,1.132457376E0,-1.977610588E0,9.516951561E0,9.785998690E0
1.615220886E1,1.142034173E0,-1.965639591E0,9.519346237E0,9.787028857E0
1.615420448E1,1.132457376E0,-1.948880196E0,9.538499832E0,9.801202619E0
1.615619878E1,1.134851575E0,-1.936909199E0,9.548076630E0,9.808428654E0
1.615819405E1,1.139639974E0,-1.924938202E0,9.548076630E0,9.806627029E0
1.616018909E1,1.137245774E0,-1.915361404E0,9.564835548E0,9.820795097E0
1.616218402E1,1.137245774E0,-1.908178806E0,9.576807022E0,9.831058287E0
1.616417862E1,1.149216771E0,-1.881842494E0,9.579200745E0,9.829705859E0
1.616617261E1,1.146822572E0,-1.877054095E0,9.581595421E0,9.830844567E0
1.616816679E1,1.144428372E0,-1.862688899E0,9.588777542E0,9.834835077E0
1.617016159E1,1.146822572E0,-1.845929503E0,9.595960617E0,9.838959188E0
1.617215726E1,1.139639974E0,-1.836352706E0,9.612719536E0,9.852682244E0
1.617415304E1,1.137245774E0,-1.836352706E0,9.627084732E0,9.866421826E0
1.617614921E1,1.127668977E0,-1.826775908E0,9.624691010E0,9.861208068E0
1.617814503E1,1.113303781E0,-1.824381709E0,9.629479408E0,9.863806953E0
1.618014148E1,1.115697980E0,-1.824381709E0,9.627084732E0,9.861739757E0
1.618213683E1,1.106121182E0,-1.819593310E0,9.617507935E0,9.850425511E0
1.618413198E1,1.098938584E0,-1.833958507E0,9.617507935E0,9.852285455E0
1.618612722E1,1.086967587E0,-1.829170108E0,9.607931137E0,9.840716567E0
1.618812237E1,1.077390790E0,-1.831564307E0,9.610325813E0,9.842446899E0
1.619011757E1,1.063025594E0,-1.845929503E0,9.607931137E0,9.841230608E0
1.619211288E1,1.060631394E0,-1.845929503E0,9.617507935E0,9.850322510E0
1.619410777E1,1.046266198E0,-1.860294700E0,9.627084732E0,9.860838188E0
1.619610206E1,1.036689281E0,-1.860294700E0,9.636661530E0,9.869177599E0
1.619809730E1,1.017535686E0,-1.850717902E0,9.636661530E0,9.865382966E0
1.620009202E1,9.959878922E-1,-1.869871497E0,9.641449928E0,9.871472434E0
1.620208687E1,9.648633003E-1,-1.884236693E0,9.674968719E0,9.903854241E0
1.620408249E1,9.552865028E-1,-1.903390408E0,9.665391922E0,9.897235389E0
1.620607827E1,9.528923035E-1,-1.920149803E0,9.658209801E0,9.893229784E0
1.620807351E1,9.481038451E-1,-1.927332401E0,9.641449928E0,9.877806832E0
1.621006890E1,9.624691010E-1,-1.944091797E0,9.629479408E0,9.870801050E0
1.621206460E1,9.744400978E-1,-1.953668594E0,9.629479408E0,9.873865917E0
1.621405905E1,9.840168953E-1,-1.980004787E0,9.617507935E0,9.868392325E0
1.621605316E1,1.000776291E0,-1.989581585E0,9.598354340E0,9.853344310E0
1.621804726E1,1.022324085E0,-2.006340981E0,9.581595421E0,9.842637933E0
1.622004253E1,1.046266198E0,-2.013523579E0,9.579200745E0,9.844289566E0
1.622203862E1,1.058237195E0,-2.015917778E0,9.555258751E0,9.822767443E0
1.622403448E1,1.058237195E0,-2.027888775E0,9.538499832E0,9.808933576E0
1.622603011E1,1.067813993E0,-2.037465572E0,9.533711433E0,9.807300667E0
1.622802573E1,1.077390790E0,-2.039859772E0,9.531316757E0,9.806518135E0
1.623002089E1,1.091755986E0,-2.039859772E0,9.521739960E0,9.798800482E0
1.623201585E1,1.089361787E0,-2.027888775E0,9.524134636E0,9.798376526E0
1.623400976E1,1.091755986E0,-2.015917778E0,9.528923035E0,9.800828017E0
1.623600413E1,1.091755986E0,-2.008735180E0,9.524134636E0,9.794696969E0
1.623800007E1,1.098938584E0,-2.006340981E0,9.531316757E0,9.801993127E0
1.623999593E1,1.113303781E0,-1.994369984E0,9.543288231E0,9.812813419E0
1.624199034E1,1.108515382E0,-1.984793186E0,9.548076630E0,9.814987400E0
1.624398472E1,1.113303781E0,-1.980004787E0,9.548076630E0,9.814562221E0
1.624598034E1,1.125274777E0,-1.975216389E0,9.569623947E0,9.835925254E0
1.624797495E1,1.118092179E0,-1.965639591E0,9.583989143E0,9.847167970E0
1.624996984E1,1.137245774E0,-1.968033791E0,9.581595421E0,9.847510130E0
1.625196499E1,1.161187768E0,-1.968033791E0,9.579200745E0,9.847974459E0
1.625395960E1,1.180341482E0,-1.956062794E0,9.576807022E0,9.845538096E0
1.625595440E1,1.180341482E0,-1.946485996E0,9.579200745E0,9.845968751E0
1.625794980E1,1.175553083E0,-1.939303398E0,9.569623947E0,9.834659385E0
1.625994515E1,1.175553083E0,-1.936909199E0,9.569623947E0,9.834187551E0
1.626193987E1,1.189918280E0,-1.920149803E0,9.555258751E0,9.818648103E0
1.626393468E1,1.192312479E0,-1.927332401E0,9.557653427E0,9.822675718E0
1.626592929E1,1.182735682E0,-1.924938202E0,9.562441826E0,9.825708343E0
1.626792456E1,1.173158884E0,-1.917755604E0,9.574412346E0,9.834808595E0
1.626991882E1,1.158793569E0,-1.924938202E0,9.579200745E0,9.839170520E0
1.627191300E1,1.156399369E0,-1.924938202E0,9.588777542E0,9.848213104E0
1.627390792E1,1.144428372E0,-1.927332401E0,9.588777542E0,9.847282937E0
1.627590288E1,1.132457376E0,-1.934514999E0,9.598354340E0,9.856632996E0
1.627789753E1,1.132457376E0,-1.946485996E0,9.598354340E0,9.858989475E0
1.627989234E1,1.130063176E0,-1.958456993E0,9.598354340E0,9.861085265E0
1.628188734E1,1.115697980E0,-1.975216389E0,9.598354340E0,9.862792089E0
1.628388218E1,1.110909581E0,-1.984793186E0,9.579200745E0,9.845537618E0
1.628587792E1,1.096544385E0,-1.987187386E0,9.576807022E0,9.842080879E0
1.628787230E1,1.089361787E0,-1.984793186E0,9.572018623E0,9.836140179E0
1.628986652E1,1.077390790E0,-1.980004787E0,9.581595421E0,9.843178383E0
1.629186077E1,1.063025594E0,-1.970427990E0,9.576807022E0,9.835031399E0
1.629385566E1,1.051054597E0,-1.970427990E0,9.567230225E0,9.824418375E0
1.629585042E1,1.046266198E0,-1.977610588E0,9.576807022E0,9.834675863E0
1.629784519E1,1.031900883E0,-1.960851192E0,9.586383820E0,9.839131647E0
1.629983984E1,1.027112484E0,-1.953668594E0,9.591172218E0,9.841867991E0
1.630183480E1,1.019929886E0,-1.948880196E0,9.595960617E0,9.844838808E0
1.630382898E1,1.012747288E0,-1.941697598E0,9.603142738E0,9.849680050E0
1.630582261E1,1.003170490E0,-1.944091797E0,9.598354340E0,9.844503541E0
1.630781784E1,1.003170490E0,-1.948880196E0,9.603142738E0,9.850118553E0
1.630981257E1,9.983820915E-1,-1.946485996E0,9.607931137E0,9.853827443E0
1.631180694E1,9.959878922E-1,-1.948880196E0,9.603142738E0,9.849389644E0
1.631380132E1,1.003170490E0,-1.944091797E0,9.605537415E0,9.851507142E0
1.631579499E1,1.017535686E0,-1.936909199E0,9.610325813E0,9.856234492E0
1.631778855E1,1.027112484E0,-1.927332401E0,9.607931137E0,9.853015324E0
1.631978265E1,1.039083481E0,-1.929726601E0,9.607931137E0,9.854738960E0
1.632177749E1,1.058237195E0,-1.932120800E0,9.598354340E0,9.847911595E0
1.632377152E1,1.070208192E0,-1.920149803E0,9.588777542E0,9.837528937E0
1.632576608E1,1.072602391E0,-1.922544003E0,9.586383820E0,9.835924261E0
1.632776027E1,1.082179189E0,-1.927332401E0,9.572018623E0,9.823912790E0
1.632975456E1,1.084573388E0,-1.939303398E0,9.569623947E0,9.824199692E0
1.633174984E1,1.091755986E0,-1.936909199E0,9.576807022E0,9.831519777E0
1.633374550E1,1.096544385E0,-1.929726601E0,9.576807022E0,9.830640217E0
1.633574120E1,1.098938584E0,-1.922544003E0,9.574412346E0,9.827167101E0
1.633773636E1,1.106121182E0,-1.915361404E0,9.555258751E0,9.807909215E0
1.633973155E1,1.106121182E0,-1.917755604E0,9.543288231E0,9.796715821E0
1.634172585E1,1.106121182E0,-1.922544003E0,9.564835548E0,9.818643419E0
1.634372093E1,1.101332784E0,-1.920149803E0,9.574412346E0,9.826967026E0
1.634571652E1,1.098938584E0,-1.924938202E0,9.567230225E0,9.820638842E0
1.634771206E1,1.089361787E0,-1.924938202E0,9.564835548E0,9.817238678E0
1.634970628E1,1.086967587E0,-1.934514999E0,9.591172218E0,9.844512753E0
1.635170073E1,1.086967587E0,-1.939303398E0,9.598354340E0,9.852451585E0
1.635369593E1,1.082179189E0,-1.936909199E0,9.615114212E0,9.867783457E0
1.635569066E1,1.077390790E0,-1.944091797E0,9.615114212E0,9.868671904E0
1.635768562E1,1.091755986E0,-1.951274395E0,9.629479408E0,9.885660149E0
1.635967976E1,1.089361787E0,-1.972822189E0,9.643844604E0,9.903659690E0
1.636167480E1,1.089361787E0,-1.987187386E0,9.643844604E0,9.906531258E0
1.636367062E1,1.089361787E0,-1.989581585E0,9.622296333E0,9.886037159E0
1.636566526E1,1.082179189E0,-2.006340981E0,9.605537415E0,9.872328244E0
1.636766058E1,1.094150186E0,-2.006340981E0,9.583989143E0,9.852685759E0
1.636965593E1,1.098938584E0,-2.003946781E0,9.562441826E0,9.831773105E0
1.637165198E1,1.094150186E0,-2.008735180E0,9.548076630E0,9.818245718E0
1.637364765E1,1.096544385E0,-2.008735180E0,9.545681953E0,9.816184114E0
1.637564284E1,1.101332784E0,-2.011129379E0,9.533711433E0,9.805571323E0
1.637763757E1,1.103726983E0,-2.011129379E0,9.524134636E0,9.796529753E0
1.637963245E1,1.108515382E0,-2.027888775E0,9.502586365E0,9.779585209E0
1.638162749E1,1.106121182E0,-2.013523579E0,9.490615845E0,9.764710461E0
1.638362241E1,1.113303781E0,-2.013523579E0,9.488221169E0,9.763199448E0
1.638561632E1,1.101332784E0,-2.020706177E0,9.490615845E0,9.765652895E0
1.638761058E1,1.096544385E0,-2.015917778E0,9.509769440E0,9.782742400E0
1.638960464E1,1.096544385E0,-2.018311977E0,9.519346237E0,9.792545410E0
1.639159812E1,1.096544385E0,-2.020706177E0,9.531316757E0,9.804675526E0
1.639359198E1,1.098938584E0,-2.020706177E0,9.533711433E0,9.807271443E0
1.639558620E1,1.101332784E0,-2.015917778E0,9.548076630E0,9.820520644E0
1.639758042E1,1.106121182E0,-2.020706177E0,9.550470352E0,9.824369775E0
1.639957433E1,1.110909581E0,-2.030282974E0,9.555258751E0,9.831537970E0
1.640156858E1,1.127668977E0,-2.037465572E0,9.548076630E0,9.827953531E0
1.640356370E1,1.132457376E0,-2.047042370E0,9.536105156E0,9.818866723E0
1.640555866E1,1.132457376E0,-2.051830769E0,9.536105156E0,9.819866127E0
1.640755351E1,1.134851575E0,-2.051830769E0,9.526528358E0,9.810842989E0
1.640954823E1,1.130063176E0,-2.054224968E0,9.502586365E0,9.787544668E0
1.641154245E1,1.137245774E0,-2.044648170E0,9.495404243E0,9.779397519E0
1.641353675E1,1.137245774E0,-2.037465572E0,9.471462250E0,9.754649715E0
1.641553042E1,1.139639974E0,-2.037465572E0,9.478644371E0,9.761902701E0
1.641752421E1,1.132457376E0,-2.039859772E0,9.500192642E0,9.782491903E0
1.641951937E1,1.122880578E0,-2.027888775E0,9.524134636E0,9.802159672E0
1.642151269E1,1.125274777E0,-2.003946781E0,9.538499832E0,9.811474154E0
1.642350663E1,1.132457376E0,-1.999158382E0,9.552865028E0,9.825290031E0
1.642550046E1,1.139639974E0,-1.984793186E0,9.564835548E0,9.834849380E0
1.642749370E1,1.139639974E0,-1.977610588E0,9.576807022E0,9.845047265E0
1.642948726E1,1.132457376E0,-1.963245392E0,9.598354340E0,9.862312011E0
1.643148034E1,1.139639974E0,-1.972822189E0,9.591172218E0,9.858062243E0
1.643347472E1,1.137245774E0,-1.975216389E0,9.605537415E0,9.872241729E0
1.643546902E1,1.134851575E0,-1.977610588E0,9.605537415E0,9.872445531E0
1.643746366E1,1.134851575E0,-1.975216389E0,9.598354340E0,9.864977137E0
1.643945741E1,1.132457376E0,-1.975216389E0,9.583989143E0,9.850725222E0
1.644145253E1,1.137245774E0,-1.977610588E0,9.583989143E0,9.851757178E0
1.644344749E1,1.137245774E0,-1.965639591E0,9.564835548E0,9.830724593E0
1.644544296E1,1.127668977E0,-1.960851192E0,9.562441826E0,9.826335451E0
1.644743730E1,1.127668977E0,-1.970427990E0,9.557653427E0,9.823592154E0
1.644943292E1,1.122880578E0,-1.975216389E0,9.557653427E0,9.824005273E0
1.645142792E1,1.122880578E0,-1.980004787E0,9.557653427E0,9.824969149E0
1.645342257E1,1.115697980E0,-1.980004787E0,9.569623947E0,9.835797041E0
1.645541706E1,1.103726983E0,-1.977610588E0,9.591172218E0,9.854934876E0
1.645741257E1,1.086967587E0,-1.987187386E0,9.603142738E0,9.866649010E0
1.645940761E1,1.084573388E0,-1.977610588E0,9.619902611E0,9.880777769E0
1.646140191E1,1.077390790E0,-1.975216389E0,9.631873131E0,9.891169329E0
1.646339605E1,1.072602391E0,-1.980004787E0,9.634267807E0,9.893938095E0
1.646539050E1,1.067813993E0,-1.977610588E0,9.622296333E0,9.881283170E0
1.646738491E1,1.074996591E0,-1.984793186E0,9.617507935E0,9.878840040E0
1.646937925E1,1.079784989E0,-1.987187386E0,9.600749016E0,9.863530351E0
1.647137335E1,1.074996591E0,-1.987187386E0,9.574412346E0,9.837372777E0
1.647336780E1,1.082179189E0,-1.989581585E0,9.557653427E0,9.822336062E0
1.647536214E1,1.101332784E0,-1.999158382E0,9.540893555E0,9.810107948E0
1.647735737E1,1.098938584E0,-1.991975784E0,9.536105156E0,9.803720471E0
1.647935222E1,1.108515382E0,-2.003946781E0,9.531316757E0,9.802581710E0
1.648134612E1,1.130063176E0,-2.015917778E0,9.514557838E0,9.791209227E0
1.648334073E1,1.137245774E0,-2.015917778E0,9.507374763E0,9.785061437E0
1.648533593E1,1.151610970E0,-2.023100376E0,9.495404243E0,9.776596785E0
1.648733116E1,1.163581967E0,-2.035071373E0,9.488221169E0,9.773524412E0
1.648932667E1,1.173158884E0,-2.030282974E0,9.485827446E0,9.771349603E0
1.649132210E1,1.185129881E0,-2.035071373E0,9.493009567E0,9.780760654E0
1.649331702E1,1.194706678E0,-2.039859772E0,9.497797966E0,9.787569573E0
1.649531112E1,1.194706678E0,-2.035071373E0,9.500192642E0,9.788896760E0
1.649730554E1,1.204283476E0,-2.030282974E0,9.509769440E0,9.798370397E0
1.649929956E1,1.206677675E0,-2.030282974E0,9.521739960E0,9.810282964E0
1.650129476E1,1.209071875E0,-2.027888775E0,9.528923035E0,9.817054644E0
1.650329062E1,1.213860273E0,-2.027888775E0,9.538499832E0,9.826940963E0
1.650528538E1,1.204283476E0,-2.013523579E0,9.540893555E0,9.825132351E0
1.650727964E1,1.204283476E0,-2.023100376E0,9.548076630E0,9.834073477E0
1.650927413E1,1.197100878E0,-2.006340981E0,9.562441826E0,9.843716184E0
1.651126890E1,1.187524080E0,-2.001552582E0,9.567230225E0,9.846233816E0
1.651326327E1,1.177947283E0,-1.999158382E0,9.567230225E0,9.844596904E0
1.651525773E1,1.170764685E0,-1.991975784E0,9.560047150E0,9.835301672E0
1.651725241E1,1.165976286E0,-1.991975784E0,9.552865028E0,9.827751446E0
1.651924663E1,1.158793569E0,-1.989581585E0,9.540893555E0,9.814779021E0
1.652124206E1,1.156399369E0,-1.975216389E0,9.543288231E0,9.813923249E0
1.652323710E1,1.149216771E0,-1.960851192E0,9.548076630E0,9.814856286E0
1.652523159E1,1.149216771E0,-1.951274395E0,9.545681953E0,9.810617458E0
1.652722644E1,1.139639974E0,-1.936909199E0,9.560047150E0,9.820636335E0
1.652922148E1,1.144428372E0,-1.939303398E0,9.564835548E0,9.826326528E0
1.653121741E1,1.146822572E0,-1.934514999E0,9.574412346E0,9.834984599E0
1.653321261E1,1.144428372E0,-1.927332401E0,9.569623947E0,9.828633118E0
1.653520620E1,1.161187768E0,-1.934514999E0,9.555258751E0,9.818028066E0
1.653720034E1,1.165976286E0,-1.939303398E0,9.538499832E0,9.803233008E0
1.653919370E1,1.170764685E0,-1.953668594E0,9.502586365E0,9.771727511E0
1.654118737E1,1.175553083E0,-1.975216389E0,9.483432770E0,9.758017316E0
1.654318066E1,1.182735682E0,-1.975216389E0,9.469067574E0,9.744926074E0
1.654517429E1,1.194706678E0,-1.982398987E0,9.445125580E0,9.724588784E0
1.654716839E1,1.199495077E0,-2.008735180E0,9.445125580E0,9.730580799E0
1.654916043E1,1.206677675E0,-2.008735180E0,9.430760384E0,9.717526920E0
1.655115777E1,1.213860273E0,-2.006340981E0,9.428366661E0,9.715603882E0
1.655315355E1,1.199495077E0,-2.006340981E0,9.437943459E0,9.723115205E0
1.655514862E1,1.194706678E0,-2.006340981E0,9.459490776E0,9.743443638E0
1.655714327E1,1.189918280E0,-1.999158382E0,9.466673851E0,9.748356454E0
1.655913780E1,1.185129881E0,-1.994369984E0,9.476250648E0,9.756094035E0
1.656113280E1,1.165976286E0,-1.980004787E0,9.514557838E0,9.788091260E0
1.656312741E1,1.146822572E0,-1.977610588E0,9.521739960E0,9.792327482E0
1.656512116E1,1.142034173E0,-1.968033791E0,9.531316757E0,9.799152932E0
1.656711523E1,1.134851575E0,-1.972822189E0,9.531316757E0,9.799281332E0
1.656910866E1,1.125274777E0,-1.965639591E0,9.552865028E0,9.817698945E0
1.657110218E1,1.115697980E0,-1.963245392E0,9.581595421E0,9.844088849E0
1.657309663E1,1.115697980E0,-1.958456993E0,9.583989143E0,9.845465133E0
1.657509077E1,1.122880578E0,-1.956062794E0,9.586383820E0,9.848136737E0
1.657708460E1,1.120486379E0,-1.963245392E0,9.583989143E0,9.846962481E0
1.657907913E1,1.127668977E0,-1.953668594E0,9.588777542E0,9.850538719E0
1.658107308E1,1.132457376E0,-1.951274395E0,9.583989143E0,9.845952436E0
1.658306632E1,1.134851575E0,-1.944091797E0,9.588777542E0,9.849468806E0
1.658506015E1,1.127668977E0,-1.936909199E0,9.583989143E0,9.842565848E0
1.658705405E1,1.122880578E0,-1.936909199E0,9.586383820E0,9.844350297E0
1.658904788E1,1.125274777E0,-1.936909199E0,9.583989143E0,9.842291830E0
1.659104198E1,1.118092179E0,-1.932120800E0,9.583989143E0,9.840531937E0
1.659303628E1,1.108515382E0,-1.936909199E0,9.581595421E0,9.838058467E0
1.659503058E1,1.106121182E0,-1.939303398E0,9.569623947E0,9.826601866E0
1.659702546E1,1.096544385E0,-1.929726601E0,9.562441826E0,9.816646475E0
1.659901972E1,1.079784989E0,-1.920149803E0,9.569623947E0,9.819909031E0
1.660101362E1,1.072602391E0,-1.910573006E0,9.605537415E0,9.852264416E0
1.660300819E1,1.072602391E0,-1.893813491E0,9.634267807E0,9.877050248E0
1.660500202E1,1.070208192E0,-1.886630893E0,9.641449928E0,9.882422700E0
1.660699593E1,1.072602391E0,-1.896207690E0,9.658209801E0,9.900863399E0
1.660898991E1,1.082179189E0,-1.893813491E0,9.660603523E0,9.903782195E0
1.661098378E1,1.091755986E0,-1.905784607E0,9.653421402E0,9.900125800E0
1.661297808E1,1.101332784E0,-1.912967205E0,9.651026726E0,9.900237082E0
1.661497194E1,1.113303781E0,-1.934514999E0,9.636661530E0,9.891766224E0
1.661696605E1,1.122880578E0,-1.951274395E0,9.612719536E0,9.872826821E0
1.661895964E1,1.127668977E0,-1.960851192E0,9.586383820E0,9.849636006E0
1.662095253E1,1.144428372E0,-1.965639591E0,9.550470352E0,9.817583167E0
1.662294597E1,1.158793569E0,-1.972822189E0,9.526528358E0,9.797426830E0
1.662493905E1,1.158793569E0,-1.980004787E0,9.500192642E0,9.773273849E0
1.662693241E1,1.163581967E0,-1.975216389E0,9.485827446E0,9.758910037E0
1.662892632E1,1.161187768E0,-1.977610588E0,9.464279175E0,9.738166202E0
1.663091952E1,1.158793569E0,-1.956062794E0,9.464279175E0,9.733527854E0
1.663291276E1,1.146822572E0,-1.946485996E0,9.476250648E0,9.741834329E0
1.663490636E1,1.149216771E0,-1.936909199E0,9.485827446E0,9.749525053E0
1.663689905E1,1.139639974E0,-1.912967205E0,9.512163162E0,9.769312710E0
1.663889194E1,1.139639974E0,-1.900996208E0,9.555258751E0,9.808951812E0
1.664088605E1,1.127668977E0,-1.889025092E0,9.560047150E0,9.809921234E0
1.664287870E1,1.122880578E0,-1.869871497E0,9.579200745E0,9.824376169E0
1.664487249E1,1.118092179E0,-1.855506301E0,9.610325813E0,9.851466692E0
1.664686616E1,1.101332784E0,-1.845929503E0,9.617507935E0,9.854788100E0
1.664886062E1,1.096544385E0,-1.841141105E0,9.619902611E0,9.855695632E0
1.665085495E1,1.098938584E0,-1.829170108E0,9.631873131E0,9.865419875E0
1.665284890E1,1.106121182E0,-1.841141105E0,9.629479408E0,9.866112624E0
1.665484374E1,1.108515382E0,-1.821987510E0,9.624691010E0,9.858150022E0
1.665683788E1,1.130063176E0,-1.819593310E0,9.624691010E0,9.860154138E0
1.665883234E1,1.142034173E0,-1.810016513E0,9.610325813E0,9.845748528E0
1.666082761E1,1.144428372E0,-1.812410712E0,9.600749016E0,9.837120034E0
1.666282190E1,1.161187768E0,-1.817199111E0,9.605537415E0,9.844639082E0
1.666481691E1,1.168370485E0,-1.819593310E0,9.600749016E0,9.841259628E0
1.666681120E1,1.177947283E0,-1.831564307E0,9.572018623E0,9.816604715E0
1.666880530E1,1.177947283E0,-1.836352706E0,9.569623947E0,9.815164469E0
1.667079917E1,1.177947283E0,-1.836352706E0,9.569623947E0,9.815164469E0
1.667279331E1,1.177947283E0,-1.841141105E0,9.591172218E0,9.837069934E0
1.667478804E1,1.170764685E0,-1.853112102E0,9.598354340E0,9.845461921E0
1.667678362E1,1.144428372E0,-1.855506301E0,9.605537415E0,9.849820757E0
1.667877913E1,1.134851575E0,-1.860294700E0,9.610325813E0,9.854285702E0
1.668077456E1,1.127668977E0,-1.869871497E0,9.595960617E0,9.841266021E0
1.668276886E1,1.110909581E0,-1.872265697E0,9.595960617E0,9.839814993E0
1.668476347E1,1.098938584E0,-1.879448295E0,9.591172218E0,9.835170381E0
1.668675913E1,1.086967587E0,-1.886630893E0,9.581595421E0,9.825876321E0
1.668875402E1,1.079784989E0,-1.898601890E0,9.572018623E0,9.818053029E0
1.669074976E1,1.089361787E0,-1.893813491E0,9.569623947E0,9.815851523E0
1.669274519E1,1.086967587E0,-1.886630893E0,9.562441826E0,9.807199821E0
1.669473960E1,1.089361787E0,-1.886630893E0,9.560047150E0,9.805130633E0
1.669673456E1,1.098938584E0,-1.900996208E0,9.555258751E0,9.804306319E0
1.669872898E1,1.103726983E0,-1.891419291E0,9.569623947E0,9.816994585E0
1.670072327E1,1.113303781E0,-1.884236693E0,9.569623947E0,9.816694745E0
1.670271753E1,1.115697980E0,-1.891419291E0,9.579200745E0,9.827682119E0
1.670471167E1,1.125274777E0,-1.893813491E0,9.579200745E0,9.829234953E0
1.670670581E1,1.130063176E0,-1.881842494E0,9.593565941E0,9.841487764E0
1.670870023E1,1.122880578E0,-1.884236693E0,9.591172218E0,9.838790232E0
1.671069480E1,1.130063176E0,-1.877054095E0,9.588777542E0,9.835905124E0
1.671268921E1,1.134851575E0,-1.881842494E0,9.593565941E0,9.842038749E0
1.671468425E1,1.130063176E0,-1.886630893E0,9.603142738E0,9.851739408E0
1.671667921E1,1.137245774E0,-1.884236693E0,9.605537415E0,9.854441886E0
1.671867343E1,1.144428372E0,-1.886630893E0,9.605537415E0,9.855731401E0
1.672066823E1,1.156399369E0,-1.900996208E0,9.598354340E0,9.852890546E0
1.672266226E1,1.163581967E0,-1.905784607E0,9.598354340E0,9.854661029E0
1.672465612E1,1.165976286E0,-1.908178806E0,9.598354340E0,9.855407302E0
1.672665140E1,1.177947283E0,-1.915361404E0,9.588777542E0,9.848899627E0
1.672864597E1,1.201889277E0,-1.927332401E0,9.579200745E0,9.844807511E0
1.673063999E1,1.204283476E0,-1.936909199E0,9.567230225E0,9.835334773E0
1.673263402E1,1.209071875E0,-1.948880196E0,9.552865028E0,9.824317740E0
1.673462902E1,1.206677675E0,-1.953668594E0,9.536105156E0,9.808679500E0
1.673662366E1,1.209071875E0,-1.963245392E0,9.543288231E0,9.817868278E0
1.673861847E1,1.206677675E0,-1.975216389E0,9.545681953E0,9.822300889E0
1.674061319E1,1.206677675E0,-1.972822189E0,9.545681953E0,9.821819707E0
1.674260737E1,1.201889277E0,-1.980004787E0,9.543288231E0,9.820351676E0
1.674460308E1,1.199495077E0,-1.982398987E0,9.538499832E0,9.815888815E0
1.674659858E1,1.209071875E0,-1.994369984E0,9.526528358E0,9.807859552E0
1.674859327E1,1.201889277E0,-2.008735180E0,9.504981041E0,9.788984597E0
1.675058749E1,1.182735682E0,-2.003946781E0,9.497797966E0,9.778692786E0
1.675258198E1,1.168370485E0,-2.015917778E0,9.488221169E0,9.770125640E0
1.675457769E1,1.161187768E0,-2.018311977E0,9.488221169E0,9.769763621E0
1.675657366E1,1.142034173E0,-2.015917778E0,9.497797966E0,9.776314886E0
1.675856894E1,1.127668977E0,-2.011129379E0,9.524134636E0,9.799256057E0
1.676056366E1,1.113303781E0,-2.011129379E0,9.550470352E0,9.823215901E0
1.676255847E1,1.110909581E0,-1.999158382E0,9.564835548E0,9.834471689E0
1.676455437E1,1.096544385E0,-1.994369984E0,9.586383820E0,9.852851159E0
1.676654987E1,1.101332784E0,-1.975216389E0,9.593565941E0,9.856516684E0
1.676854523E1,1.110909581E0,-1.960851192E0,9.579200745E0,9.840739017E0
1.677054046E1,1.113303781E0,-1.956062794E0,9.569623947E0,9.830733922E0
1.677253503E1,1.113303781E0,-1.936909199E0,9.574412346E0,9.831603853E0
1.677453015E1,1.113303781E0,-1.929726601E0,9.574412346E0,9.830191342E0
1.677652605E1,1.113303781E0,-1.936909199E0,9.569623947E0,9.826940777E0
1.677852108E1,1.108515382E0,-1.927332401E0,9.543288231E0,9.798865587E0
1.678051585E1,1.113303781E0,-1.915361404E0,9.531316757E0,9.785400030E0
1.678251116E1,1.127668977E0,-1.908178806E0,9.524134636E0,9.778646340E0
1.678450655E1,1.134851575E0,-1.910573006E0,9.519346237E0,9.775281586E0
1.678650280E1,1.137245774E0,-1.915361404E0,9.516951561E0,9.774165145E0
1.678849804E1,1.137245774E0,-1.917755604E0,9.521739960E0,9.779296824E0
1.679049343E1,1.139639974E0,-1.905784607E0,9.524134636E0,9.779567209E0
1.679248874E1,1.137245774E0,-1.908178806E0,9.536105156E0,9.791413374E0
1.679448382E1,1.132457376E0,-1.905784607E0,9.564835548E0,9.818378366E0
1.679647940E1,1.139639974E0,-1.896207690E0,9.583989143E0,9.836017018E0
1.679847562E1,1.134851575E0,-1.898601890E0,9.607931137E0,9.859255447E0
1.680047069E1,1.142034173E0,-1.893813491E0,9.627084732E0,9.877830330E0
1.680246659E1,1.154005170E0,-1.898601890E0,9.634267807E0,9.887139791E0
1.680446226E1,1.156399369E0,-1.898601890E0,9.646238327E0,9.899083922E0
1.680645804E1,1.151610970E0,-1.908178806E0,9.636661530E0,9.891036327E0
1.680845433E1,1.144428372E0,-1.912967205E0,9.603142738E0,9.858474034E0
1.681044894E1,1.151610970E0,-1.932120800E0,9.574412346E0,9.835073481E0
1.681244237E1,1.154005170E0,-1.941697598E0,9.548076630E0,9.811609696E0
1.681443710E1,1.156399369E0,-1.946485996E0,9.521739960E0,9.787216105E0
1.681643190E1,1.156399369E0,-1.956062794E0,9.512163162E0,9.779810283E0
1.681842624E1,1.156399369E0,-1.958456993E0,9.500192642E0,9.768647477E0
1.682042034E1,1.149216771E0,-1.982398987E0,9.502586365E0,9.774955373E0
1.682241347E1,1.137245774E0,-1.987187386E0,9.504981041E0,9.776855642E0
1.682440741E1,1.132457376E0,-1.977610588E0,9.536105156E0,9.804626708E0
1.682640194E1,1.134851575E0,-1.970427990E0,9.555258751E0,9.822089613E0
1.682839718E1,1.134851575E0,-1.965639591E0,9.567230225E0,9.832777902E0
1.683039237E1,1.139639974E0,-1.960851192E0,9.572018623E0,9.837034980E0
1.683238562E1,1.134851575E0,-1.965639591E0,9.572018623E0,9.837437046E0
1.683437940E1,1.127668977E0,-1.972822189E0,9.572018623E0,9.838048853E0
1.683637331E1,1.125274777E0,-1.987187386E0,9.548076630E0,9.817378691E0
1.683836804E1,1.130063176E0,-1.982398987E0,9.540893555E0,9.809974432E0
1.684036261E1,1.118092179E0,-1.989581585E0,9.531316757E0,9.800743040E0
1.684235737E1,1.110909581E0,-1.996764183E0,9.545681953E0,9.815356909E0
1.684435308E1,1.094150186E0,-1.984793186E0,9.562441826E0,9.827352761E0
1.684634827E1,1.094150186E0,-1.982398987E0,9.581595421E0,9.845508681E0
1.684834323E1,1.091755986E0,-1.958456993E0,9.610325813E0,9.868426783E0
1.685033769E1,1.096544385E0,-1.948880196E0,9.619902611E0,9.876389515E0
1.685233257E1,1.103726983E0,-1.956062794E0,9.619902611E0,9.878609272E0
1.685432745E1,1.113303781E0,-1.965639591E0,9.617507935E0,9.879253169E0
1.685632190E1,1.125274777E0,-1.960851192E0,9.605537415E0,9.868005358E0
1.685831632E1,1.151610970E0,-1.968033791E0,9.586383820E0,9.853837809E0
1.686031097E1,1.146822572E0,-1.980004787E0,9.569623947E0,9.839376172E0
1.686230452E1,1.154005170E0,-1.994369984E0,9.526528358E0,9.801223502E0
1.686429972E1,1.173158884E0,-2.006340981E0,9.507374763E0,9.787332670E0
1.686629398E1,1.177947283E0,-2.013523579E0,9.490615845E0,9.773107291E0
1.686828944E1,1.182735682E0,-2.020706177E0,9.490615845E0,9.775167838E0
1.687028546E1,1.189918280E0,-2.013523579E0,9.493009567E0,9.776881576E0
1.687228085E1,1.177947283E0,-2.006340981E0,9.512163162E0,9.792559010E0
1.687427659E1,1.168370485E0,-1.999158382E0,9.519346237E0,9.796921793E0
1.687627163E1,1.168370485E0,-1.989581585E0,9.524134636E0,9.799625760E0
1.687826718E1,1.161187768E0,-1.994369984E0,9.524134636E0,9.799745365E0
1.688026269E1,1.139639974E0,-1.989581585E0,9.526528358E0,9.798569116E0
1.688225812E1,1.118092179E0,-1.989581585E0,9.545681953E0,9.814713901E0
1.688425339E1,1.113303781E0,-1.989581585E0,9.548076630E0,9.816498740E0
1.688624902E1,1.118092179E0,-1.994369984E0,9.548076630E0,9.818014518E0
1.688824402E1,1.110909581E0,-1.991975784E0,9.545681953E0,9.814383912E0
1.689023710E1,1.113303781E0,-1.991975784E0,9.538499832E0,9.807670054E0
1.689223046E1,1.110909581E0,-1.996764183E0,9.564835548E0,9.833985274E0
1.689422468E1,1.110909581E0,-2.011129379E0,9.560047150E0,9.832256251E0
1.689621843E1,1.110909581E0,-2.020706177E0,9.550470352E0,9.824910050E0
1.689821241E1,1.113303781E0,-2.020706177E0,9.555258751E0,9.829835632E0
1.690020608E1,1.110909581E0,-2.018311977E0,9.567230225E0,9.840711230E0
1.690220050E1,1.103726983E0,-2.018311977E0,9.552865028E0,9.825936431E0
1.690419476E1,1.103726983E0,-2.015917778E0,9.552865028E0,9.825444926E0
1.690618874E1,1.101332784E0,-2.011129379E0,9.545681953E0,9.817210359E0
1.690818312E1,1.110909581E0,-2.013523579E0,9.533711433E0,9.807142856E0
1.691017765E1,1.118092179E0,-2.011129379E0,9.516951561E0,9.791176564E0
1.691217226E1,1.118092179E0,-2.001552582E0,9.509769440E0,9.782231732E0
1.691416694E1,1.122880578E0,-1.996764183E0,9.514557838E0,9.786456910E0
1.691616120E1,1.110909581E0,-2.001552582E0,9.507374763E0,9.779085219E0
1.691815538E1,1.106121182E0,-1.989581585E0,9.521739960E0,9.790070011E0
1.692015042E1,1.098938584E0,-1.989581585E0,9.528923035E0,9.796248011E0
1.692214444E1,1.091755986E0,-1.980004787E0,9.540893555E0,9.805151703E0
1.692413913E1,1.101332784E0,-1.970427990E0,9.564835548E0,9.827593776E0
1.692613460E1,1.094150186E0,-1.970427990E0,9.562441826E0,9.824461551E0
1.692812882E1,1.101332784E0,-1.968033791E0,9.562441826E0,9.824784200E0
1.693012280E1,1.101332784E0,-1.951274395E0,9.562441826E0,9.821440797E0
1.693211644E1,1.089361787E0,-1.951274395E0,9.564835548E0,9.822436558E0
1.693411128E1,1.098938584E0,-1.953668594E0,9.572018623E0,9.830972867E0
1.693610624E1,1.098938584E0,-1.948880196E0,9.562441826E0,9.820697211E0
1.693810027E1,1.110909581E0,-1.948880196E0,9.560047150E0,9.819712604E0
1.694009523E1,1.120486379E0,-1.958456993E0,9.564835548E0,9.827366005E0
1.694208925E1,1.118092179E0,-1.968033791E0,9.557653427E0,9.822017418E0
1.694408284E1,1.115697980E0,-1.975216389E0,9.555258751E0,9.820856967E0
1.694607690E1,1.130063176E0,-1.984793186E0,9.555258751E0,9.824429580E0
1.694807069E1,1.125274777E0,-1.984793186E0,9.543288231E0,9.812237134E0
1.695006550E1,1.120486379E0,-1.977610588E0,9.552865028E0,9.819555164E0
1.695205984E1,1.115697980E0,-1.970427990E0,9.562441826E0,9.826884660E0
1.695405402E1,1.110909581E0,-1.968033791E0,9.579200745E0,9.842172728E0
1.695604823E1,1.108515382E0,-1.980004787E0,9.591172218E0,9.855953015E0
1.695804163E1,1.096544385E0,-1.975216389E0,9.598354340E0,9.860643762E0
1.696003511E1,1.089361787E0,-1.970427990E0,9.603142738E0,9.863551390E0
1.696202948E1,1.098938584E0,-1.972822189E0,9.610325813E0,9.872084665E0
1.696402351E1,1.098938584E0,-1.972822189E0,9.605537415E0,9.867423292E0
1.696601761E1,1.101332784E0,-1.972822189E0,9.593565941E0,9.856037173E0
1.696801144E1,1.103726983E0,-1.972822189E0,9.567230225E0,9.830673162E0
1.697000550E1,1.108515382E0,-1.972822189E0,9.560047150E0,9.824221865E0
1.697199991E1,1.113303781E0,-1.972822189E0,9.548076630E0,9.813115714E0
1.697399530E1,1.125274777E0,-1.970427990E0,9.533711433E0,9.800024668E0
1.697598976E1,1.132457376E0,-1.977610588E0,9.521739960E0,9.790655504E0
1.697798417E1,1.139639974E0,-1.991975784E0,9.531316757E0,9.803710824E0
1.697997894E1,1.149216771E0,-1.980004787E0,9.531316757E0,9.802403648E0
1.698197304E1,1.151610970E0,-1.975216389E0,9.538499832E0,9.808703618E0
1.698396730E1,1.144428372E0,-1.972822189E0,9.557653427E0,9.826010519E0
1.698596175E1,1.151610970E0,-1.975216389E0,9.572018623E0,9.841302156E0
1.698795612E1,1.144428372E0,-1.977610588E0,9.586383820E0,9.854918299E0
1.698994968E1,1.142034173E0,-1.980004787E0,9.600749016E0,9.869095332E0
1.699194358E1,1.130063176E0,-1.972822189E0,9.610325813E0,9.875597825E0
1.699393839E1,1.127668977E0,-1.975216389E0,9.612719536E0,9.878132110E0
1.699593226E1,1.134851575E0,-1.982398987E0,9.619902611E0,9.887381862E0
1.699792636E1,1.137245774E0,-1.982398987E0,9.615114212E0,9.882998280E0
1.699992062E1,1.134851575E0,-1.975216389E0,9.588777542E0,9.855659421E0
1.700191460E1,1.149216771E0,-1.968033791E0,9.583989143E0,9.851228557E0
1.700390855E1,1.154005170E0,-1.970427990E0,9.569623947E0,9.838293393E0
1.700590327E1,1.156399369E0,-1.968033791E0,9.550470352E0,9.819465385E0
1.700789773E1,1.168370485E0,-1.968033791E0,9.543288231E0,9.813898148E0
1.700989237E1,1.177947283E0,-1.970427990E0,9.531316757E0,9.803884199E0
1.701188796E1,1.177947283E0,-1.970427990E0,9.531316757E0,9.803884199E0
1.701388316E1,1.182735682E0,-1.968033791E0,9.536105156E0,9.808635085E0
1.701587757E1,1.170764685E0,-1.965639591E0,9.538499832E0,9.809047252E0
1.701787148E1,1.177947283E0,-1.968033791E0,9.550470352E0,9.822026306E0
1.701986620E1,1.161187768E0,-1.951274395E0,9.555258751E0,9.821344032E0
1.702186120E1,1.151610970E0,-1.956062794E0,9.569623947E0,9.835145752E0
1.702385597E1,1.146822572E0,-1.956062794E0,9.574412346E0,9.839245674E0
1.702585042E1,1.127668977E0,-1.953668594E0,9.576807022E0,9.838886677E0
1.702784440E1,1.120486379E0,-1.958456993E0,9.581595421E0,9.843678902E0
1.702983835E1,1.098938584E0,-1.951274395E0,9.605537415E0,9.863137777E0
1.703183280E1,1.091755986E0,-1.956062794E0,9.617507935E0,9.874946666E0
1.703382652E1,1.094150186E0,-1.946485996E0,9.631873131E0,9.887312697E0
1.703582011E1,1.086967587E0,-1.946485996E0,9.612719536E0,9.867861123E0
1.703781398E1,1.086967587E0,-1.953668594E0,9.612719536E0,9.869280439E0
1.703980816E1,1.086967587E0,-1.956062794E0,9.610325813E0,9.867423292E0
1.704180300E1,1.084573388E0,-1.960851192E0,9.600749016E0,9.858783824E0
1.704379745E1,1.094150186E0,-1.958456993E0,9.581595421E0,9.840715890E0
1.704579194E1,1.096544385E0,-1.965639591E0,9.569623947E0,9.830760453E0
1.704778659E1,1.101332784E0,-1.977610588E0,9.562441826E0,9.826707038E0
1.704978128E1,1.103726983E0,-1.975216389E0,9.543288231E0,9.807856203E0
1.705177612E1,1.113303781E0,-1.970427990E0,9.531316757E0,9.796327419E0
1.705377003E1,1.120486379E0,-1.980004787E0,9.536105156E0,9.803734504E0
1.705576421E1,1.127668977E0,-1.989581585E0,9.531316757E0,9.801840201E0
1.705775769E1,1.132457376E0,-1.987187386E0,9.528923035E0,9.799578951E0
1.705975183E1,1.132457376E0,-1.989581585E0,9.524134636E0,9.795408881E0
1.706174620E1,1.139639974E0,-2.001552582E0,9.516951561E0,9.791698475E0
1.706373991E1,1.132457376E0,-2.001552582E0,9.521739960E0,9.795519604E0
1.706573347E1,1.139639974E0,-2.001552582E0,9.516951561E0,9.791698475E0
1.706772839E1,1.127668977E0,-2.001552582E0,9.531316757E0,9.804277086E0
1.706972323E1,1.134851575E0,-2.003946781E0,9.540893555E0,9.814904005E0
1.707171757E1,1.132457376E0,-2.001552582E0,9.540893555E0,9.814138896E0
1.707371249E1,1.132457376E0,-2.015917778E0,9.552865028E0,9.828713774E0
1.707570636E1,1.134851575E0,-2.025494576E0,9.555258751E0,9.833284607E0
1.707770050E1,1.149216771E0,-2.037465572E0,9.564835548E0,9.846727589E0
1.707969452E1,1.154005170E0,-2.042253971E0,9.550470352E0,9.834328303E0
1.708168890E1,1.168370485E0,-2.068590164E0,9.545681953E0,9.836879526E0
1.708368374E1,1.180341482E0,-2.082955360E0,9.540893555E0,9.836694509E0
1.708567769E1,1.192312479E0,-2.085349798E0,9.521739960E0,9.820072540E0
1.708767159E1,1.197100878E0,-2.094926596E0,9.509769440E0,9.811089784E0
1.708966554E1,1.211466074E0,-2.109291792E0,9.493009567E0,9.799693493E0
1.709165835E1,1.218648672E0,-2.118868589E0,9.464279175E0,9.774829358E0
1.709365214E1,1.216254473E0,-2.121262789E0,9.442731857E0,9.754189648E0
1.709564542E1,1.206677675E0,-2.118868589E0,9.437943459E0,9.747843446E0
1.709763827E1,1.209071875E0,-2.106897593E0,9.435548782E0,9.743226010E0
1.709963155E1,1.206677675E0,-2.114080191E0,9.435548782E0,9.744484947E0
1.710162499E1,1.201889277E0,-2.116474390E0,9.433155060E0,9.742095055E0
1.710361890E1,1.197100878E0,-2.097320795E0,9.433155060E0,9.737362036E0
1.710561366E1,1.180341482E0,-2.078166962E0,9.445125580E0,9.742811768E0
1.710760702E1,1.165976286E0,-2.068590164E0,9.461885452E0,9.755298165E0
1.710960066E1,1.151610970E0,-2.059013367E0,9.485827446E0,9.774797502E0
1.711159417E1,1.137245774E0,-2.044648170E0,9.495404243E0,9.779397519E0
1.711358831E1,1.122880578E0,-2.049436569E0,9.504981041E0,9.788039417E0
1.711558187E1,1.110909581E0,-2.030282974E0,9.509769440E0,9.787332826E0
1.711757480E1,1.106121182E0,-2.035071373E0,9.521739960E0,9.799415872E0
1.711956804E1,1.091755986E0,-2.030282974E0,9.545681953E0,9.820082690E0
1.712156097E1,1.077390790E0,-2.023100376E0,9.555258751E0,9.826325653E0
1.712355491E1,1.077390790E0,-2.018311977E0,9.564835548E0,9.834654708E0
1.712554710E1,1.070208192E0,-2.011129379E0,9.557653427E0,9.825412255E0
1.712753991E1,1.067813993E0,-2.001552582E0,9.550470352E0,9.816207180E0
1.712953319E1,1.070208192E0,-2.008735180E0,9.564835548E0,9.831909360E0
1.713152608E1,1.077390790E0,-2.011129379E0,9.557653427E0,9.826197196E0
1.713351968E1,1.070208192E0,-2.006340981E0,9.540893555E0,9.808129257E0
1.713551327E1,1.060631394E0,-2.006340981E0,9.536105156E0,9.802430547E0
1.713750675E1,1.058237195E0,-2.011129379E0,9.538499832E0,9.805482466E0
1.713950073E1,1.055842996E0,-2.015917778E0,9.531316757E0,9.799220788E0
1.714149409E1,1.041477680E0,-2.015917778E0,9.533711433E0,9.800012956E0
1.714348726E1,1.046266198E0,-2.015917778E0,9.543288231E0,9.809839331E0
1.714548206E1,1.031900883E0,-2.025494576E0,9.543288231E0,9.810290412E0
1.714747597E1,1.034295082E0,-2.023100376E0,9.548076630E0,9.814706759E0
1.714946984E1,1.031900883E0,-2.018311977E0,9.557653427E0,9.822786860E0
1.715146374E1,1.029506683E0,-2.025494576E0,9.545681953E0,9.812367515E0
1.715345737E1,1.022324085E0,-2.035071373E0,9.562441826E0,9.829901103E0
1.715545023E1,1.027112484E0,-2.039859772E0,9.569623947E0,9.838378445E0
1.715744402E1,1.027112484E0,-2.035071373E0,9.550470352E0,9.818755496E0
1.715943753E1,1.027112484E0,-2.032677174E0,9.562441826E0,9.829904894E0
1.716143198E1,1.024718285E0,-2.032677174E0,9.567230225E0,9.834313307E0
1.716342593E1,1.024718285E0,-2.037465572E0,9.569623947E0,9.837632643E0
1.716541960E1,1.019929886E0,-2.032677174E0,9.560047150E0,9.826827309E0
1.716741362E1,1.027112484E0,-2.025494576E0,9.538499832E0,9.805129646E0
1.716940769E1,1.041477680E0,-2.018311977E0,9.550470352E0,9.816809204E0
1.717140077E1,1.055842996E0,-2.013523579E0,9.543288231E0,9.810373688E0
1.717339405E1,1.077390790E0,-2.011129379E0,9.545681953E0,9.814553288E0
1.717538855E1,1.096544385E0,-2.013523579E0,9.555258751E0,9.826477323E0
1.717738316E1,1.103726983E0,-2.011129379E0,9.550470352E0,9.822135134E0
1.717937788E1,1.118092179E0,-2.018311977E0,9.543288231E0,9.818251556E0
1.718137261E1,1.149216771E0,-2.030282974E0,9.540893555E0,9.821985439E0
1.718336667E1,1.168370485E0,-2.037465572E0,9.528923035E0,9.814108709E0
1.718536136E1,1.189918280E0,-2.042253971E0,9.524134636E0,9.813044755E0
1.718735605E1,1.204283476E0,-2.035071373E0,9.521739960E0,9.810980891E0
1.718934984E1,1.211466074E0,-2.023100376E0,9.519346237E0,9.807065716E0
1.719134398E1,1.211466074E0,-2.013523579E0,9.524134636E0,9.809743514E0
1.719333882E1,1.218648672E0,-1.999158382E0,9.528923035E0,9.812344930E0
1.719533269E1,1.211466074E0,-2.006340981E0,9.548076630E0,9.831521831E0
1.719732632E1,1.213860273E0,-1.996764183E0,9.560047150E0,9.841495083E0
1.719931870E1,1.221042871E0,-1.984793186E0,9.560047150E0,9.839961951E0
1.720131187E1,1.213860273E0,-1.972822189E0,9.564835548E0,9.841319181E0
1.720330542E1,1.209071875E0,-1.968033791E0,9.572018623E0,9.846753390E0
1.720529925E1,1.204283476E0,-1.977610588E0,9.562441826E0,9.838777160E0
1.720729316E1,1.201889277E0,-1.980004787E0,9.557653427E0,9.834312168E0
1.720928726E1,1.204283476E0,-1.994369984E0,9.548076630E0,9.828203175E0
1.721128073E1,1.216254473E0,-2.003946781E0,9.538499832E0,9.822324404E0
1.721327425E1,1.218648672E0,-2.006340981E0,9.533711433E0,9.818460287E0
1.721526804E1,1.211466074E0,-2.011129379E0,9.526528358E0,9.811576529E0
1.721726132E1,1.211466074E0,-2.011129379E0,9.528923035E0,9.813901652E0
1.721925491E1,1.197100878E0,-2.006340981E0,9.533711433E0,9.815809103E0
1.722124819E1,1.194706678E0,-2.001552582E0,9.543288231E0,9.823842784E0
1.722324097E1,1.175553083E0,-1.999158382E0,9.555258751E0,9.832676598E0
1.722523507E1,1.156399369E0,-1.994369984E0,9.564835548E0,9.838742308E0
1.722722917E1,1.154005170E0,-1.994369984E0,9.572018623E0,9.845444636E0
1.722922358E1,1.125274777E0,-1.987187386E0,9.595960617E0,9.863955454E0
1.723121812E1,1.110909581E0,-1.984793186E0,9.591172218E0,9.857185633E0
1.723321323E1,1.094150186E0,-1.977610588E0,9.586383820E0,9.849206212E0
1.723520808E1,1.082179189E0,-1.970427990E0,9.595960617E0,9.855767774E0
1.723720148E1,1.074996591E0,-1.963245392E0,9.591172218E0,9.848884945E0
1.723919519E1,1.063025594E0,-1.958456993E0,9.581595421E0,9.837303900E0
1.724118843E1,1.060631394E0,-1.956062794E0,9.574412346E0,9.829572339E0
1.724318136E1,1.060631394E0,-1.972822189E0,9.583989143E0,9.842246402E0
1.724517425E1,1.067813993E0,-1.977610588E0,9.583989143E0,9.843983861E0
1.724716827E1,1.063025594E0,-1.982398987E0,9.583989143E0,9.844428732E0
1.724916198E1,1.065419793E0,-1.980004787E0,9.576807022E0,9.837213581E0
1.725115601E1,1.070208192E0,-1.982398987E0,9.572018623E0,9.833554385E0
1.725315003E1,1.060631394E0,-1.987187386E0,9.569623947E0,9.831152280E0
1.725514355E1,1.063025594E0,-1.984793186E0,9.581595421E0,9.842580872E0
1.725713769E1,1.055842996E0,-1.984793186E0,9.572018623E0,9.832484373E0
1.725913175E1,1.055842996E0,-1.996764183E0,9.564835548E0,9.827916906E0
1.726112491E1,1.051054597E0,-1.984793186E0,9.572018623E0,9.831971333E0
1.726311804E1,1.041477680E0,-1.984793186E0,9.574412346E0,9.833282845E0
1.726511190E1,1.043871999E0,-1.984793186E0,9.576807022E0,9.835868313E0
1.726710538E1,1.043871999E0,-1.977610588E0,9.576807022E0,9.834421443E0
1.726909905E1,1.041477680E0,-1.984793186E0,9.579200745E0,9.837945246E0
1.727109265E1,1.046266198E0,-1.989581585E0,9.586383820E0,9.846413691E0
1.727308491E1,1.048660398E0,-1.989581585E0,9.586383820E0,9.846668383E0
1.727507769E1,1.046266198E0,-1.989581585E0,9.603142738E0,9.862730773E0
1.727707175E1,1.053448796E0,-1.987187386E0,9.615114212E0,9.874669077E0
1.727906480E1,1.065419793E0,-1.987187386E0,9.605537415E0,9.866629722E0
1.728105913E1,1.077390790E0,-1.989581585E0,9.595960617E0,9.859090524E0
1.728305245E1,1.086967587E0,-1.991975784E0,9.591172218E0,9.855965228E0
1.728504644E1,1.084573388E0,-1.991975784E0,9.581595421E0,9.846381963E0
1.728703984E1,1.086967587E0,-2.001552582E0,9.574412346E0,9.841599618E0
1.728903304E1,1.098938584E0,-2.001552582E0,9.569623947E0,9.838271253E0
1.729102640E1,1.110909581E0,-2.008735180E0,9.557653427E0,9.829439259E0
1.729301980E1,1.130063176E0,-2.011129379E0,9.555258751E0,9.829784024E0
1.729501319E1,1.149216771E0,-2.020706177E0,9.557653427E0,9.836294611E0
1.729700608E1,1.156399369E0,-2.020706177E0,9.552865028E0,9.832484081E0
1.729899913E1,1.180341482E0,-2.035071373E0,9.536105156E0,9.822017260E0
1.730099120E1,1.197100878E0,-2.039859772E0,9.521739960E0,9.811096282E0
1.730298355E1,1.211466074E0,-2.054224968E0,9.507374763E0,9.801921504E0
1.730497605E1,1.225831270E0,-2.063801765E0,9.512163162E0,9.810361260E0
1.730696804E1,1.237802267E0,-2.070984364E0,9.497797966E0,9.799453908E0
1.730896081E1,1.247379065E0,-2.082955360E0,9.490615845E0,9.796246561E0
1.731095444E1,1.249773264E0,-2.087743998E0,9.488221169E0,9.795251357E0
1.731294765E1,1.256955862E0,-2.087743998E0,9.483432770E0,9.791532573E0
1.731493987E1,1.273715258E0,-2.087743998E0,9.476250648E0,9.786743683E0
1.731693296E1,1.278503656E0,-2.087743998E0,9.473855972E0,9.785049493E0
1.731892605E1,1.280897856E0,-2.082955360E0,9.476250648E0,9.786660753E0
1.732091960E1,1.273715258E0,-2.087743998E0,9.493009567E0,9.802971805E0
1.732291312E1,1.268926859E0,-2.090138197E0,9.502586365E0,9.812135378E0
1.732490534E1,1.254561663E0,-2.087743998E0,9.512163162E0,9.819055351E0
1.732689749E1,1.247379065E0,-2.087743998E0,9.519346237E0,9.825099608E0
1.732888991E1,1.230619669E0,-2.087743998E0,9.531316757E0,9.834586870E0
1.733088194E1,1.223437071E0,-2.082955360E0,9.550470352E0,9.851242828E0
1.733287425E1,1.216254473E0,-2.070984364E0,9.548076630E0,9.845507529E0
1.733486749E1,1.199495077E0,-2.068590164E0,9.552865028E0,9.847592800E0
1.733686120E1,1.165976286E0,-2.068590164E0,9.569623947E0,9.859831056E0
1.733885562E1,1.154005170E0,-2.059013367E0,9.576807022E0,9.863391745E0
1.734084976E1,1.139639974E0,-2.035071373E0,9.583989143E0,9.863728639E0
1.734284398E1,1.130063176E0,-2.030282974E0,9.598354340E0,9.875601134E0
1.734483823E1,1.122880578E0,-2.027888775E0,9.603142738E0,9.878944485E0
1.734683261E1,1.115697980E0,-2.027888775E0,9.612719536E0,9.887441112E0
1.734882714E1,1.101332784E0,-2.039859772E0,9.605537415E0,9.881311189E0
1.735082093E1,1.103726983E0,-2.032677174E0,9.574412346E0,9.849840685E0
1.735281484E1,1.098938584E0,-2.037465572E0,9.552865028E0,9.829352075E0
1.735480851E1,1.086967587E0,-2.035071373E0,9.536105156E0,9.811234151E0
1.735680292E1,1.086967587E0,-2.030282974E0,9.528923035E0,9.803260768E0
1.735879784E1,1.094150186E0,-2.032677174E0,9.514557838E0,9.790595078E0
1.736079179E1,1.096544385E0,-2.030282974E0,9.509769440E0,9.785712715E0
1.736278534E1,1.096544385E0,-2.011129379E0,9.521739960E0,9.793394857E0
1.736477886E1,1.101332784E0,-1.994369984E0,9.512163162E0,9.781190805E0
1.736677159E1,1.098938584E0,-1.994369984E0,9.519346237E0,9.787907357E0
1.736876499E1,1.084573388E0,-1.987187386E0,9.528923035E0,9.794160880E0
1.737075847E1,1.094150186E0,-1.972822189E0,9.540893555E0,9.803970718E0
1.737275351E1,1.094150186E0,-1.965639591E0,9.545681953E0,9.807188567E0
1.737474819E1,1.091755986E0,-1.958456993E0,9.567230225E0,9.826463204E0
1.737674269E1,1.094150186E0,-1.951274395E0,9.583989143E0,9.841620004E0
1.737873608E1,1.086967587E0,-1.944091797E0,9.576807022E0,9.832406836E0
1.738072940E1,1.098938584E0,-1.934514999E0,9.574412346E0,9.829516065E0
1.738272382E1,1.113303781E0,-1.936909199E0,9.576807022E0,9.833935900E0
1.738471851E1,1.122880578E0,-1.936909199E0,9.574412346E0,9.832692907E0
1.738671253E1,1.130063176E0,-1.941697598E0,9.572018623E0,9.832129620E0
1.738870624E1,1.142034173E0,-1.941697598E0,9.576807022E0,9.838173832E0
1.739069933E1,1.144428372E0,-1.941697598E0,9.576807022E0,9.838452043E0
1.739269222E1,1.165976286E0,-1.929726601E0,9.555258751E0,9.817653246E0
1.739468608E1,1.177947283E0,-1.946485996E0,9.557653427E0,9.824719160E0
1.739667944E1,1.182735682E0,-1.946485996E0,9.562441826E0,9.829952446E0
1.739867327E1,1.187524080E0,-1.944091797E0,9.545681953E0,9.813753121E0
1.740066648E1,1.192312479E0,-1.934514999E0,9.550470352E0,9.817099433E0
1.740266038E1,1.194706678E0,-1.929726601E0,9.552865028E0,9.818777880E0
1.740465374E1,1.199495077E0,-1.922544003E0,9.548076630E0,9.813293596E0
1.740664714E1,1.204283476E0,-1.915361404E0,9.581595421E0,9.845094149E0
1.740864112E1,1.185129881E0,-1.922544003E0,9.586383820E0,9.848830540E0
1.741063464E1,1.175553083E0,-1.917755604E0,9.595960617E0,9.856072837E0
1.741262898E1,1.165976286E0,-1.932120800E0,9.610325813E0,9.871724962E0
1.741462351E1,1.161187768E0,-1.932120800E0,9.612719536E0,9.873491008E0
1.741661710E1,1.158793569E0,-1.934514999E0,9.607931137E0,9.869016747E0
1.741861105E1,1.156399369E0,-1.932120800E0,9.636661530E0,9.896241495E0
1.742060417E1,1.149216771E0,-1.932120800E0,9.617507935E0,9.876752950E0
1.742259780E1,1.149216771E0,-1.939303398E0,9.610325813E0,9.871168071E0
1.742459069E1,1.156399369E0,-1.936909199E0,9.588777542E0,9.850559959E0
1.742658343E1,1.156399369E0,-1.946485996E0,9.576807022E0,9.840797731E0
1.742857694E1,1.156399369E0,-1.960851192E0,9.562441826E0,9.829673981E0
1.743057019E1,1.163581967E0,-1.968033791E0,9.548076630E0,9.817985910E0
1.743256530E1,1.175553083E0,-1.972822189E0,9.536105156E0,9.808733557E0
1.743455968E1,1.180341482E0,-1.991975784E0,9.512163162E0,9.789914278E0
1.743655335E1,1.187524080E0,-2.003946781E0,9.507374763E0,9.788574515E0
1.743854683E1,1.197100878E0,-2.006340981E0,9.488221169E0,9.771632186E0
1.744054167E1,1.194706678E0,-2.013523579E0,9.481039047E0,9.765843674E0
1.744253577E1,1.209071875E0,-2.023100376E0,9.495404243E0,9.783531657E0
1.744452925E1,1.211466074E0,-2.030282974E0,9.485827446E0,9.776022777E0
1.744652253E1,1.211466074E0,-2.032677174E0,9.481039047E0,9.771874332E0
1.744851605E1,1.209071875E0,-2.044648170E0,9.469067574E0,9.762462889E0
1.745051011E1,1.211466074E0,-2.047042370E0,9.464279175E0,9.758617362E0
1.745250331E1,1.204283476E0,-2.054224968E0,9.473855972E0,9.768525267E0
1.745449655E1,1.216254473E0,-2.063801765E0,9.466673851E0,9.765063567E0
1.745649003E1,1.218648672E0,-2.066195965E0,9.452308655E0,9.751943871E0
1.745848452E1,1.204283476E0,-2.059013367E0,9.464279175E0,9.760246669E0
1.746047960E1,1.206677675E0,-2.049436569E0,9.476250648E0,9.770137543E0
1.746247398E1,1.206677675E0,-2.042253971E0,9.483432770E0,9.775600718E0
1.746446788E1,1.194706678E0,-2.032677174E0,9.504981041E0,9.793046775E0
1.746646085E1,1.185129881E0,-2.023100376E0,9.524134636E0,9.808496752E0
1.746845487E1,1.173158884E0,-2.015917778E0,9.545681953E0,9.826508546E0
1.747044878E1,1.163581967E0,-2.003946781E0,9.555258751E0,9.832227392E0
1.747244261E1,1.156399369E0,-1.994369984E0,9.572018623E0,9.845725553E0
1.747443640E1,1.149216771E0,-1.980004787E0,9.595960617E0,9.865271325E0
1.747643058E1,1.149216771E0,-1.975216389E0,9.600749016E0,9.868969583E0
1.747842413E1,1.142034173E0,-1.970427990E0,9.605537415E0,9.871837597E0
1.748041804E1,1.149216771E0,-1.960851192E0,9.586383820E0,9.852126234E0
1.748241206E1,1.151610970E0,-1.956062794E0,9.574412346E0,9.839804940E0
1.748440476E1,1.139639974E0,-1.958456993E0,9.574412346E0,9.838887378E0
1.748639819E1,1.132457376E0,-1.956062794E0,9.555258751E0,9.818941448E0
1.748839280E1,1.132457376E0,-1.953668594E0,9.543288231E0,9.806815535E0
1.749038784E1,1.130063176E0,-1.944091797E0,9.533711433E0,9.795314665E0
1.749238097E1,1.120486379E0,-1.941697598E0,9.538499832E0,9.798400805E0
1.749437487E1,1.115697980E0,-1.936909199E0,9.526528358E0,9.785251238E0
1.749636913E1,1.108515382E0,-1.929726601E0,9.521739960E0,9.778352774E0
1.749836245E1,1.098938584E0,-1.915361404E0,9.516951561E0,9.769782103E0
1.750035628E1,1.094150186E0,-1.917755604E0,9.526528358E0,9.779043601E0
1.750234952E1,1.082179189E0,-1.905784607E0,9.521739960E0,9.770704101E0
1.750434198E1,1.074996591E0,-1.905784607E0,9.524134636E0,9.772245044E0
1.750633484E1,1.070208192E0,-1.898601890E0,9.531316757E0,9.777322427E0
1.750832780E1,1.063025594E0,-1.896207690E0,9.557653427E0,9.801753213E0
1.751032077E1,1.051054597E0,-1.893813491E0,9.579200745E0,9.821014826E0
1.751231358E1,1.041477680E0,-1.884236693E0,9.591172218E0,9.829832562E0
1.751430726E1,1.031900883E0,-1.877054095E0,9.610325813E0,9.846142074E0
1.751630081E1,1.019929886E0,-1.881842494E0,9.629479408E0,9.864505148E0
1.751829366E1,1.019929886E0,-1.900996208E0,9.639056206E0,9.877522366E0
1.752028655E1,1.024718285E0,-1.917755604E0,9.636661530E0,9.878920971E0
1.752227937E1,1.029506683E0,-1.917755604E0,9.631873131E0,9.874748127E0
1.752427304E1,1.039083481E0,-1.936909199E0,9.617507935E0,9.865483799E0
1.752626706E1,1.063025594E0,-1.958456993E0,9.612719536E0,9.867621501E0
1.752826116E1,1.086967587E0,-1.968033791E0,9.607931137E0,9.867471625E0
1.753025468E1,1.108515382E0,-1.991975784E0,9.572018623E0,9.839731419E0
1.753224835E1,1.120486379E0,-2.015917778E0,9.555258751E0,9.829668561E0
1.753424183E1,1.142034173E0,-2.039859772E0,9.567230225E0,9.848713830E0
1.753623480E1,1.161187768E0,-2.047042370E0,9.567230225E0,9.852443030E0
1.753822800E1,1.170764685E0,-2.059013367E0,9.545681953E0,9.835154800E0
1.754022112E1,1.180341482E0,-2.063801765E0,9.526528358E0,9.818718160E0
1.754221425E1,1.175553083E0,-2.056619167E0,9.483432770E0,9.774819924E0
1.754420761E1,1.177947283E0,-2.063801765E0,9.454702377E0,9.748755540E0
1.754620116E1,1.182735682E0,-2.066195965E0,9.430760384E0,9.726626901E0
1.754819460E1,1.182735682E0,-2.066195965E0,9.414001465E0,9.710378625E0
1.755018878E1,1.180341482E0,-2.066195965E0,9.411606789E0,9.707765661E0
1.755218300E1,1.175553083E0,-2.056619167E0,9.418789864E0,9.712116656E0
1.755417718E1,1.177947283E0,-2.059013367E0,9.440337181E0,9.733810248E0
1.755617066E1,1.177947283E0,-2.061407566E0,9.464279175E0,9.757537663E0
1.755816394E1,1.177947283E0,-2.061407566E0,9.502586365E0,9.794697983E0
1.756015761E1,1.168370485E0,-2.049436569E0,9.540893555E0,9.828221083E0
1.756215269E1,1.173158884E0,-2.037465572E0,9.569623947E0,9.854200638E0
1.756414773E1,1.180341482E0,-2.035071373E0,9.572018623E0,9.856889065E0
1.756614171E1,1.175553083E0,-2.032677174E0,9.583989143E0,9.867448984E0
1.756813659E1,1.161187768E0,-2.027888775E0,9.579200745E0,9.860110386E0
1.757013085E1,1.154005170E0,-2.027888775E0,9.574412346E0,9.854614786E0
1.757212491E1,1.151610970E0,-2.030282974E0,9.562441826E0,9.843198182E0
1.757411894E1,1.146822572E0,-2.018311977E0,9.545681953E0,9.823890737E0
1.757611370E1,1.139639974E0,-2.018311977E0,9.526528358E0,9.804443129E0
1.757810691E1,1.146822572E0,-2.008735180E0,9.528923035E0,9.805640889E0
1.758010046E1,1.139639974E0,-2.006340981E0,9.512163162E0,9.788024899E0
1.758209394E1,1.139639974E0,-2.013523579E0,9.507374763E0,9.784847028E0
1.758408769E1,1.139639974E0,-2.018311977E0,9.502586365E0,9.781181428E0
1.758608116E1,1.139639974E0,-2.015917778E0,9.497797966E0,9.776035493E0
1.758807530E1,1.132457376E0,-2.023100376E0,9.504981041E0,9.783662884E0
1.759006960E1,1.125274777E0,-2.025494576E0,9.516951561E0,9.794959858E0
1.759206257E1,1.120486379E0,-2.037465572E0,9.519346237E0,9.799219789E0
1.759405530E1,1.120486379E0,-2.037465572E0,9.512163162E0,9.792242016E0
1.759604757E1,1.122880578E0,-2.032677174E0,9.509769440E0,9.789195681E0
1.759804050E1,1.127668977E0,-2.023100376E0,9.500192642E0,9.778457582E0
1.760003308E1,1.113303781E0,-2.008735180E0,9.502586365E0,9.776175630E0
1.760202550E1,1.103726983E0,-2.011129379E0,9.500192642E0,9.773255081E0
1.760401823E1,1.096544385E0,-2.006340981E0,9.493009567E0,9.764478704E0
1.760601148E1,1.089361787E0,-1.999158382E0,9.502586365E0,9.771514261E0
1.760800460E1,1.077390790E0,-2.001552582E0,9.514557838E0,9.782320508E0
1.760999800E1,1.070208192E0,-1.991975784E0,9.538499832E0,9.802871628E0
1.761199198E1,1.072602391E0,-1.984793186E0,9.550470352E0,9.813325829E0
1.761398648E1,1.072602391E0,-1.970427990E0,9.557653427E0,9.817423358E0
1.761598058E1,1.072602391E0,-1.956062794E0,9.557653427E0,9.814550248E0
1.761797351E1,1.086967587E0,-1.951274395E0,9.581595421E0,9.838492827E0
1.761996722E1,1.098938584E0,-1.958456993E0,9.595960617E0,9.855236170E0
1.762195984E1,1.106121182E0,-1.968033791E0,9.603142738E0,9.864938496E0
1.762395249E1,1.113303781E0,-1.965639591E0,9.598354340E0,9.860608011E0
1.762594515E1,1.127668977E0,-1.970427990E0,9.588777542E0,9.853876320E0
1.762793913E1,1.139639974E0,-1.970427990E0,9.591172218E0,9.857583388E0
1.762993358E1,1.146822572E0,-1.982398987E0,9.564835548E0,9.835201412E0
1.763192737E1,1.156399369E0,-1.982398987E0,9.557653427E0,9.829338954E0
1.763392140E1,1.165976286E0,-1.996764183E0,9.548076630E0,9.824069179E0
1.763591460E1,1.177947283E0,-1.994369984E0,9.533711433E0,9.811051173E0
1.763790862E1,1.180341482E0,-1.984793186E0,9.538499832E0,9.814050594E0
1.763990249E1,1.182735682E0,-1.982398987E0,9.552865028E0,9.827817646E0
1.764189581E1,1.185129881E0,-1.984793186E0,9.555258751E0,9.830915859E0
1.764389023E1,1.175553083E0,-1.980004787E0,9.555258751E0,9.828800222E0
1.764588421E1,1.168370485E0,-1.982398987E0,9.579200745E0,9.851704535E0
1.764787819E1,1.168370485E0,-1.972822189E0,9.583989143E0,9.854438842E0
1.764987280E1,1.163581967E0,-1.972822189E0,9.598354340E0,9.867844568E0
1.765186757E1,1.154005170E0,-1.972822189E0,9.610325813E0,9.878366138E0
1.765386171E1,1.156399369E0,-1.965639591E0,9.610325813E0,9.877214220E0
1.765585519E1,1.158793569E0,-1.963245392E0,9.615114212E0,9.881677809E0
1.765784913E1,1.158793569E0,-1.963245392E0,9.610325813E0,9.877018641E0
1.765984312E1,1.154005170E0,-1.965639591E0,9.612719536E0,9.879263323E0
1.766183648E1,1.161187768E0,-1.965639591E0,9.607931137E0,9.875446155E0
1.766383038E1,1.163581967E0,-1.968033791E0,9.588777542E0,9.857572457E0
1.766582413E1,1.170764685E0,-1.972822189E0,9.576807022E0,9.847738323E0
1.766781691E1,1.170764685E0,-1.980004787E0,9.557653427E0,9.830556848E0
1.766980956E1,1.173158884E0,-1.984793186E0,9.545681953E0,9.820170554E0
1.767180327E1,1.173158884E0,-1.984793186E0,9.538499832E0,9.813189329E0
1.767379597E1,1.189918280E0,-1.991975784E0,9.519346237E0,9.798052144E0
1.767578952E1,1.192312479E0,-2.003946781E0,9.502586365E0,9.784506087E0
1.767778273E1,1.187524080E0,-2.003946781E0,9.485827446E0,9.767647541E0
1.767977601E1,1.194706678E0,-1.999158382E0,9.488221169E0,9.769866899E0
1.768176882E1,1.189918280E0,-2.003946781E0,9.481039047E0,9.763288874E0
1.768376226E1,1.182735682E0,-2.011129379E0,9.495404243E0,9.777842646E0
1.768575589E1,1.182735682E0,-2.003946781E0,9.507374763E0,9.787994753E0
1.768774909E1,1.180341482E0,-2.001552582E0,9.514557838E0,9.794193668E0
1.768974253E1,1.170764685E0,-1.996764183E0,9.514557838E0,9.792066585E0
1.769173644E1,1.154005170E0,-2.001552582E0,9.531316757E0,9.807341118E0
1.769373023E1,1.137245774E0,-2.003946781E0,9.552865028E0,9.826818453E0
1.769572343E1,1.132457376E0,-1.994369984E0,9.569623947E0,9.840613488E0
1.769771679E1,1.118092179E0,-2.006340981E0,9.605537415E0,9.876329443E0
1.769970956E1,1.110909581E0,-2.018311977E0,9.612719536E0,9.884942094E0
1.770170257E1,1.113303781E0,-2.015917778E0,9.615114212E0,9.887051689E0
1.770369632E1,1.120486379E0,-2.015917778E0,9.617507935E0,9.890190751E0
1.770568972E1,1.113303781E0,-1.996764183E0,9.612719536E0,9.880834448E0
1.770768237E1,1.122880578E0,-2.001552582E0,9.605537415E0,9.875901101E0
1.770967530E1,1.130063176E0,-1.991975784E0,9.605537415E0,9.874784014E0
1.771166827E1,1.125274777E0,-2.001552582E0,9.605537415E0,9.876173605E0
1.771366171E1,1.134851575E0,-2.006340981E0,9.605537415E0,9.878240797E0
1.771565456E1,1.142034173E0,-2.006340981E0,9.600749016E0,9.874412785E0
1.771764702E1,1.144428372E0,-2.003946781E0,9.576807022E0,9.850926441E0
1.771963952E1,1.163581967E0,-2.011129379E0,9.552865028E0,9.831367892E0
1.772163237E1,1.182735682E0,-2.025494576E0,9.538499832E0,9.822650916E0
1.772362480E1,1.187524080E0,-2.020706177E0,9.509769440E0,9.794344373E0
1.772561694E1,1.192312479E0,-2.035071373E0,9.497797966E0,9.786280741E0
1.772760960E1,1.189918280E0,-2.049436569E0,9.512163162E0,9.802925267E0
1.772960187E1,1.194706678E0,-2.047042370E0,9.504981041E0,9.796038541E0
1.773159460E1,1.187524080E0,-2.047042370E0,9.497797966E0,9.788195038E0
1.773358648E1,1.189918280E0,-2.039859772E0,9.507374763E0,9.796280329E0
1.773557870E1,1.177947283E0,-2.037465572E0,9.509769440E0,9.796659663E0
1.773757030E1,1.170764685E0,-2.037465572E0,9.507374763E0,9.793473888E0
1.773956234E1,1.161187768E0,-2.030282974E0,9.497797966E0,9.781542424E0
1.774155515E1,1.161187768E0,-2.032677174E0,9.514557838E0,9.798313344E0
1.774354730E1,1.154005170E0,-2.030282974E0,9.536105156E0,9.817895825E0
1.774554034E1,1.151610970E0,-2.027888775E0,9.536105156E0,9.817119855E0
1.774753277E1,1.137245774E0,-2.018311977E0,9.540893555E0,9.818124109E0
1.774952542E1,1.120486379E0,-2.011129379E0,9.557653427E0,9.831015723E0
1.775151726E1,1.113303781E0,-2.006340981E0,9.572018623E0,9.843190030E0
1.775350999E1,1.108515382E0,-1.994369984E0,9.567230225E0,9.835558558E0
1.775550253E1,1.098938584E0,-1.977610588E0,9.576807022E0,9.840418812E0
1.775749460E1,1.101332784E0,-1.970427990E0,9.572018623E0,9.834584937E0
1.775948644E1,1.101332784E0,-1.965639591E0,9.576807022E0,9.838287739E0
1.776147773E1,1.098938584E0,-1.960851192E0,9.586383820E0,9.846388076E0
1.776346913E1,1.094150186E0,-1.951274395E0,9.581595421E0,9.839288958E0
1.776546132E1,1.103726983E0,-1.948880196E0,9.562441826E0,9.821234186E0
1.776745308E1,1.106121182E0,-1.946485996E0,9.569623947E0,9.828021891E0
1.776944484E1,1.113303781E0,-1.944091797E0,9.576807022E0,9.835353118E0
1.777143679E1,1.113303781E0,-1.939303398E0,9.574412346E0,9.832075811E0
1.777342851E1,1.118092179E0,-1.941697598E0,9.569623947E0,9.828429283E0
1.777542058E1,1.120486379E0,-1.944091797E0,9.569623947E0,9.829175201E0
1.777741187E1,1.120486379E0,-1.946485996E0,9.576807022E0,9.836642222E0
1.777940382E1,1.127668977E0,-1.951274395E0,9.576807022E0,9.838411550E0
1.778139569E1,1.120486379E0,-1.960851192E0,9.583989143E0,9.846485415E0
1.778338749E1,1.120486379E0,-1.965639591E0,9.569623947E0,9.833459779E0
1.778537968E1,1.130063176E0,-1.980004787E0,9.545681953E0,9.814148241E0
1.778737187E1,1.127668977E0,-1.984793186E0,9.550470352E0,9.819497200E0
1.778936331E1,1.125274777E0,-1.989581585E0,9.524134636E0,9.794581092E0
1.779135569E1,1.127668977E0,-1.989581585E0,9.519346237E0,9.790200457E0
1.779334675E1,1.127668977E0,-1.999158382E0,9.512163162E0,9.785168347E0
1.779533956E1,1.132457376E0,-2.001552582E0,9.504981041E0,9.779229879E0
1.779733155E1,1.134851575E0,-2.003946781E0,9.500192642E0,9.775344037E0
1.779932476E1,1.132457376E0,-1.991975784E0,9.509769440E0,9.781929361E0
1.780131726E1,1.127668977E0,-1.996764183E0,9.519346237E0,9.791662643E0
1.780331015E1,1.137245774E0,-1.991975784E0,9.514557838E0,9.787139845E0
1.780530300E1,1.139639974E0,-1.994369984E0,9.524134636E0,9.797215495E0
1.780729511E1,1.125274777E0,-1.994369984E0,9.548076630E0,9.818835078E0
1.780928862E1,1.125274777E0,-1.994369984E0,9.555258751E0,9.825819292E0
1.781128124E1,1.132457376E0,-1.999158382E0,9.562441826E0,9.834601549E0
1.781327390E1,1.137245774E0,-2.003946781E0,9.562441826E0,9.836128523E0
1.781526690E1,1.149216771E0,-2.001552582E0,9.569623947E0,9.844014141E0
1.781726026E1,1.139639974E0,-2.003946781E0,9.576807022E0,9.850371298E0
1.781925312E1,1.142034173E0,-2.003946781E0,9.576807022E0,9.850648582E0
1.782124632E1,1.139639974E0,-2.003946781E0,9.572018623E0,9.845715946E0
1.782323987E1,1.130063176E0,-1.996764183E0,9.564835548E0,9.836167397E0
1.782523358E1,1.130063176E0,-1.989581585E0,9.572018623E0,9.841697932E0
1.782722655E1,1.132457376E0,-1.991975784E0,9.564835548E0,9.835471839E0
1.782922011E1,1.125274777E0,-1.991975784E0,9.564835548E0,9.834647422E0
1.783121464E1,1.122880578E0,-1.984793186E0,9.574412346E0,9.842237375E0
1.783320913E1,1.115697980E0,-1.977610588E0,9.579200745E0,9.844633692E0
1.783520316E1,1.110909581E0,-1.980004787E0,9.586383820E0,9.851563013E0
1.783719855E1,1.118092179E0,-1.980004787E0,9.586383820E0,9.852375542E0
1.783919288E1,1.115697980E0,-1.975216389E0,9.581595421E0,9.846483259E0
1.784118589E1,1.115697980E0,-1.980004787E0,9.583989143E0,9.849774050E0
1.784317784E1,1.125274777E0,-1.975216389E0,9.583989143E0,9.849902081E0
1.784517038E1,1.127668977E0,-1.987187386E0,9.581595421E0,9.850254912E0
1.784716316E1,1.134851575E0,-2.001552582E0,9.579200745E0,9.851659136E0
1.784915628E1,1.137245774E0,-2.003946781E0,9.552865028E0,9.826818453E0
1.785114874E1,1.132457376E0,-2.003946781E0,9.531316757E0,9.805318023E0
1.785314132E1,1.137245774E0,-2.011129379E0,9.562441826E0,9.837594371E0
1.785513468E1,1.134851575E0,-2.006340981E0,9.560047150E0,9.834012087E0
1.785712761E1,1.134851575E0,-2.006340981E0,9.514557838E0,9.789795866E0
1.785911968E1,1.127668977E0,-2.001552582E0,9.493009567E0,9.767040529E0
1.786111218E1,1.127668977E0,-2.001552582E0,9.600749016E0,9.871789692E0
1.786310468E1,1.130063176E0,-1.994369984E0,9.694122314E0,9.961453803E0
1.786509765E1,1.130063176E0,-1.999158382E0,9.677363396E0,9.946106741E0
1.786709152E1,1.098938584E0,-1.994369984E0,9.629479408E0,9.895051860E0
1.786908507E1,1.070208192E0,-1.989581585E0,9.564835548E0,9.828014017E0
1.787107835E1,1.070208192E0,-1.977610588E0,9.516951561E0,9.778990553E0
1.787307183E1,1.063025594E0,-1.956062794E0,9.495404243E0,9.752892228E0
1.787506546E1,1.074996591E0,-1.953668594E0,9.579200745E0,9.835320308E0
1.787705792E1,1.079784989E0,-1.944091797E0,9.555258751E0,9.810626806E0
1.787905132E1,1.067813993E0,-1.941697598E0,9.521739960E0,9.776192927E0
1.788104394E1,1.065419793E0,-1.941697598E0,9.495404243E0,9.750282593E0
1.788303558E1,1.060631394E0,-1.941697598E0,9.423578262E0,9.679822094E0
1.788502827E1,1.070208192E0,-1.929726601E0,9.394847870E0,9.650510703E0
1.788702073E1,1.077390790E0,-1.932120800E0,9.375694275E0,9.633146155E0
1.788901284E1,1.103726983E0,-1.932120800E0,9.370905876E0,9.631468267E0
1.789100460E1,1.118092179E0,-1.922544003E0,9.378087997E0,9.638196929E0
1.789299655E1,1.134851575E0,-1.932120800E0,9.418789864E0,9.681662119E0
1.789498921E1,1.137245774E0,-1.944091797E0,9.452308655E0,9.716941894E0
1.789698155E1,1.139639974E0,-1.953668594E0,9.514557838E0,9.779693815E0
1.789897351E1,1.151610970E0,-1.975216389E0,9.562441826E0,9.831987657E0
1.790096566E1,1.149216771E0,-1.991975784E0,9.603142738E0,9.874665420E0
1.790295761E1,1.154005170E0,-2.006340981E0,9.610325813E0,9.885114784E0
1.790495058E1,1.154005170E0,-2.006340981E0,9.612719536E0,9.887441981E0
1.790694253E1,1.144428372E0,-2.015917778E0,9.603142738E0,9.878967114E0
1.790893433E1,1.142034173E0,-2.013523579E0,9.583989143E0,9.859582504E0
1.791092616E1,1.134851575E0,-2.011129379E0,9.569623947E0,9.844299466E0
1.791291804E1,1.132457376E0,-2.018311977E0,9.564835548E0,9.840839497E0
1.791491062E1,1.130063176E0,-2.003946781E0,9.572018623E0,9.844612029E0
1.791690245E1,1.132457376E0,-2.003946781E0,9.555258751E0,9.828592585E0
1.791889413E1,1.137245774E0,-2.006340981E0,9.536105156E0,9.811015932E0
1.792088640E1,1.146822572E0,-2.008735180E0,9.514557838E0,9.791681668E0
1.792287933E1,1.144428372E0,-2.008735180E0,9.493009567E0,9.770463856E0
1.792487190E1,1.146822572E0,-2.006340981E0,9.485827446E0,9.763274475E0
1.792686402E1,1.156399369E0,-2.011129379E0,9.471462250E0,9.751435691E0
1.792885585E1,1.168370485E0,-2.006340981E0,9.473855972E0,9.754201182E0
1.793084823E1,1.163581967E0,-2.008735180E0,9.478644371E0,9.758772419E0
1.793284030E1,1.170764685E0,-2.003946781E0,9.476250648E0,9.756322002E0
1.793483167E1,1.173158884E0,-2.006340981E0,9.471462250E0,9.752451130E0
1.793682339E1,1.180341482E0,-2.015917778E0,9.471462250E0,9.755292289E0
1.793881499E1,1.177947283E0,-2.015917778E0,9.469067574E0,9.752677837E0
1.794080683E1,1.185129881E0,-2.018311977E0,9.476250648E0,9.761016465E0
1.794279905E1,1.182735682E0,-2.013523579E0,9.490615845E0,9.773685590E0
1.794479011E1,1.177947283E0,-1.989581585E0,9.507374763E0,9.784486168E0
1.794678112E1,1.173158884E0,-1.991975784E0,9.504981041E0,9.782072065E0
1.794877304E1,1.177947283E0,-1.984793186E0,9.516951561E0,9.792820370E0
1.795076515E1,1.182735682E0,-1.975216389E0,9.514557838E0,9.789134504E0
1.795275851E1,1.189918280E0,-1.972822189E0,9.519346237E0,9.794176111E0
1.795475116E1,1.189918280E0,-1.972822189E0,9.521739960E0,9.796502680E0
1.795674327E1,1.194706678E0,-1.963245392E0,9.507374763E0,9.781197851E0
1.795873593E1,1.185129881E0,-1.956062794E0,9.497797966E0,9.769282506E0
1.796072902E1,1.189918280E0,-1.953668594E0,9.504981041E0,9.776369013E0
1.796272112E1,1.187524080E0,-1.946485996E0,9.504981041E0,9.774645045E0
1.796471316E1,1.182735682E0,-1.948880196E0,9.507374763E0,9.776869264E0
1.796670429E1,1.177947283E0,-1.946485996E0,9.519346237E0,9.787457296E0
1.796869628E1,1.180341482E0,-1.941697598E0,9.526528358E0,9.793780585E0
1.797068882E1,1.175553083E0,-1.941697598E0,9.548076630E0,9.814167409E0
1.797268085E1,1.168370485E0,-1.941697598E0,9.569623947E0,9.834275857E0
1.797467300E1,1.161187768E0,-1.948880196E0,9.581595421E0,9.846494902E0
1.797666534E1,1.151610970E0,-1.946485996E0,9.595960617E0,9.858878016E0
1.797865730E1,1.139639974E0,-1.941697598E0,9.631873131E0,9.891508926E0
1.798064886E1,1.130063176E0,-1.927332401E0,9.639056206E0,9.894597390E0
1.798264163E1,1.127668977E0,-1.936909199E0,9.627084732E0,9.884534132E0
1.798463370E1,1.125274777E0,-1.934514999E0,9.627084732E0,9.883792392E0
1.798662608E1,1.115697980E0,-1.932120800E0,9.634267807E0,9.889236014E0
1.798861761E1,1.108515382E0,-1.929726601E0,9.631873131E0,9.885627502E0
1.799061054E1,1.094150186E0,-1.929726601E0,9.615114212E0,9.867696321E0
1.799260280E1,1.082179189E0,-1.929726601E0,9.603142738E0,9.854709889E0
1.799459487E1,1.096544385E0,-1.927332401E0,9.588777542E0,9.841832884E0
1.799658737E1,1.113303781E0,-1.920149803E0,9.572018623E0,9.825983976E0
1.799858050E1,1.113303781E0,-1.917755604E0,9.572018623E0,9.825516393E0
1.800057331E1,1.115697980E0,-1.922544003E0,9.557653427E0,9.812731345E0
1.800256562E1,1.115697980E0,-1.934514999E0,9.538499832E0,9.796433500E0
1.800455808E1,1.125274777E0,-1.946485996E0,9.526528358E0,9.788247730E0
1.800655034E1,1.142034173E0,-1.963245392E0,9.507374763E0,9.774904062E0
1.800854253E1,1.156399369E0,-1.968033791E0,9.483432770E0,9.754276683E0
1.801053382E1,1.161187768E0,-1.982398987E0,9.478644371E0,9.753100117E0
1.801252612E1,1.170764685E0,-1.987187386E0,9.457097054E0,9.734284172E0
1.801451909E1,1.168370485E0,-1.994369984E0,9.459490776E0,9.737790661E0
1.801651261E1,1.170764685E0,-2.008735180E0,9.457097054E0,9.738705851E0
1.801850566E1,1.185129881E0,-2.013523579E0,9.461885452E0,9.746080563E0
1.802049831E1,1.189918280E0,-2.025494576E0,9.485827446E0,9.772382316E0
1.802249093E1,1.194706678E0,-2.030282974E0,9.519346237E0,9.806494062E0
1.802448386E1,1.185129881E0,-2.037465572E0,9.569623947E0,9.855632972E0
1.802647741E1,1.175553083E0,-2.042253971E0,9.583989143E0,9.869426236E0
1.802847034E1,1.165976286E0,-2.051830769E0,9.598354340E0,9.884225626E0
1.803046273E1,1.144428372E0,-2.056619167E0,9.646238327E0,9.929215103E0
1.803245448E1,1.130063176E0,-2.049436569E0,9.651026726E0,9.930737631E0
1.803444648E1,1.130063176E0,-2.059013367E0,9.639056206E0,9.921087812E0
1.803643952E1,1.127668977E0,-2.059013367E0,9.672574997E0,9.953385376E0
1.803843167E1,1.144428372E0,-2.056619167E0,9.761159897E0,1.004089843E1
1.804042612E1,1.165976286E0,-2.035071373E0,9.821015358E0,1.009719559E1
1.804241991E1,1.170764685E0,-2.035071373E0,9.859322548E0,1.013501093E1
1.804441409E1,1.165976286E0,-2.030282974E0,9.868899345E0,1.014281637E1
1.804640652E1,1.151610970E0,-2.027888775E0,9.816226959E0,1.008944262E1
1.804839890E1,1.134851575E0,-2.008735180E0,9.737217903E0,1.000681356E1
1.805039152E1,1.125274777E0,-1.984793186E0,9.684545517E0,9.949676838E0
1.805238417E1,1.130063176E0,-1.968033791E0,9.624691010E0,9.888623606E0
1.805437671E1,1.132457376E0,-1.939303398E0,9.557653427E0,9.817947668E0
1.805636968E1,1.118092179E0,-1.944091797E0,9.478644371E0,9.740345073E0
1.805836304E1,1.106121182E0,-1.944091797E0,9.437943459E0,9.699369758E0
1.806035550E1,1.101332784E0,-1.936909199E0,9.358934402E0,9.620509565E0
1.806234792E1,1.122880578E0,-1.927332401E0,9.308655739E0,9.572175439E0
1.806434066E1,1.139639974E0,-1.932120800E0,9.313444138E0,9.579776185E0
1.806633444E1,1.161187768E0,-1.939303398E0,9.311050415E0,9.581488117E0
1.806832780E1,1.170764685E0,-1.946485996E0,9.284713745E0,9.558525357E0
1.807032062E1,1.163581967E0,-1.958456993E0,9.255983353E0,9.532193064E0
1.807231413E1,1.142034173E0,-1.956062794E0,9.222464561E0,9.496540228E0
1.807430675E1,1.132457376E0,-1.953668594E0,9.208099365E0,9.480947980E0
1.807629991E1,1.113303781E0,-1.948880196E0,9.184157372E0,9.454434195E0
1.807829288E1,1.094150186E0,-1.936909199E0,9.203310966E0,9.468353321E0
1.808028753E1,1.086967587E0,-1.944091797E0,9.251194954E0,9.515545151E0
1.808228144E1,1.079784989E0,-1.941697598E0,9.334992409E0,9.595739078E0
1.808427468E1,1.067813993E0,-1.951274395E0,9.445125580E0,9.703509453E0
1.808626737E1,1.060631394E0,-1.956062794E0,9.550470352E0,9.806253339E0
1.808826085E1,1.060631394E0,-1.965639591E0,9.600749016E0,9.857132424E0
1.809025355E1,1.065419793E0,-1.972822189E0,9.691728592E0,9.947700731E0
1.809224652E1,1.060631394E0,-1.970427990E0,9.749189377E0,1.000271058E1
1.809424085E1,1.055842996E0,-1.977610588E0,9.801861763E0,1.005496107E1
1.809623362E1,1.063025594E0,-1.972822189E0,9.799467087E0,1.005244279E1
1.809822652E1,1.063025594E0,-1.970427990E0,9.768342972E0,1.002163331E1
1.810021940E1,1.058237195E0,-1.960851192E0,9.737217903E0,9.988904637E0
1.810221312E1,1.055842996E0,-1.932120800E0,9.686940193E0,9.934017592E0
1.810420710E1,1.055842996E0,-1.929726601E0,9.653421402E0,9.900868343E0
1.810620116E1,1.051054597E0,-1.920149803E0,9.586383820E0,9.833130009E0
1.810819558E1,1.065419793E0,-1.903390408E0,9.548076630E0,9.794068700E0
1.811018886E1,1.086967587E0,-1.908178806E0,9.524134636E0,9.774036293E0
1.811218280E1,1.106121182E0,-1.905784607E0,9.497797966E0,9.750060781E0
1.811417601E1,1.113303781E0,-1.908178806E0,9.495404243E0,9.749014997E0
1.811616948E1,1.134851575E0,-1.936909199E0,9.502586365E0,9.764151420E0
1.811816323E1,1.151610970E0,-1.944091797E0,9.507374763E0,9.772199120E0
1.812015777E1,1.170764685E0,-1.958456993E0,9.521739960E0,9.791311230E0
1.812215222E1,1.192312479E0,-1.960851192E0,9.521739960E0,9.794390145E0
1.812414593E1,1.218648672E0,-1.972822189E0,9.540893555E0,9.818644601E0
1.812613894E1,1.230619669E0,-1.980004787E0,9.550470352E0,9.830886414E0
1.812813269E1,1.235408068E0,-1.975216389E0,9.562441826E0,9.842154568E0
1.813012675E1,1.233013868E0,-1.968033791E0,9.574412346E0,9.852048110E0
1.813212093E1,1.225831270E0,-1.963245392E0,9.576807022E0,9.852523916E0
1.813411487E1,1.218648672E0,-1.963245392E0,9.572018623E0,9.846978094E0
1.813610847E1,1.216254473E0,-1.953668594E0,9.564835548E0,9.837793197E0
1.813810171E1,1.216254473E0,-1.944091797E0,9.557653427E0,9.828911786E0
1.814009612E1,1.206677675E0,-1.941697598E0,9.550470352E0,9.820272120E0
1.814209066E1,1.204283476E0,-1.932120800E0,9.557653427E0,9.825076514E0
1.814408421E1,1.192312479E0,-1.929726601E0,9.545681953E0,9.811498242E0
1.814607796E1,1.192312479E0,-1.936909199E0,9.538499832E0,9.805927052E0
1.814807167E1,1.189918280E0,-1.929726601E0,9.536105156E0,9.801890216E0
1.815006523E1,1.194706678E0,-1.932120800E0,9.536105156E0,9.802944271E0
1.815205902E1,1.201889277E0,-1.934514999E0,9.540893555E0,9.808951827E0
1.815405241E1,1.216254473E0,-1.948880196E0,9.548076630E0,9.820548675E0
1.815604538E1,1.235408068E0,-1.946485996E0,9.540893555E0,9.815482191E0
1.815803819E1,1.233013868E0,-1.946485996E0,9.538499832E0,9.812854324E0
1.816003116E1,1.242590666E0,-1.956062794E0,9.545681953E0,9.822945443E0
1.816202503E1,1.254561663E0,-1.951274395E0,9.533711433E0,9.811883123E0
1.816401898E1,1.252167463E0,-1.956062794E0,9.533711433E0,9.812530698E0
1.816601237E1,1.249773264E0,-1.956062794E0,9.536105156E0,9.814551259E0
1.816800640E1,1.264138460E0,-1.948880196E0,9.531316757E0,9.810309842E0
1.817000116E1,1.247379065E0,-1.953668594E0,9.519346237E0,9.797485815E0
1.817199468E1,1.237802267E0,-1.958456993E0,9.528923035E0,9.806532641E0
1.817398749E1,1.237802267E0,-1.965639591E0,9.528923035E0,9.807969599E0
1.817597940E1,1.218648672E0,-1.972822189E0,9.521739960E0,9.800033869E0
1.817797280E1,1.213860273E0,-1.975216389E0,9.521739960E0,9.799921857E0
1.817996616E1,1.206677675E0,-1.980004787E0,9.524134636E0,9.802327812E0
1.818195921E1,1.204283476E0,-1.994369984E0,9.516951561E0,9.797968021E0
1.818395253E1,1.192312479E0,-2.006340981E0,9.528923035E0,9.810575283E0
1.818594585E1,1.189918280E0,-2.003946781E0,9.538499832E0,9.819098088E0
1.818793905E1,1.180341482E0,-2.006340981E0,9.543288231E0,9.823083040E0
1.818993206E1,1.163581967E0,-1.994369984E0,9.552865028E0,9.827953239E0
1.819192460E1,1.158793569E0,-1.991975784E0,9.569623947E0,9.843194225E0
1.819391718E1,1.158793569E0,-1.991975784E0,9.564835548E0,9.838538973E0
1.819591054E1,1.156399369E0,-1.984793186E0,9.552865028E0,9.825166347E0
1.819790405E1,1.144428372E0,-1.982398987E0,9.545681953E0,9.816295941E0
1.819989714E1,1.151610970E0,-1.977610588E0,9.562441826E0,9.832468924E0
1.820188987E1,1.163581967E0,-1.980004787E0,9.562441826E0,9.834359950E0
1.820388249E1,1.163581967E0,-1.984793186E0,9.543288231E0,9.816703991E0
1.820587562E1,1.173158884E0,-1.982398987E0,9.536105156E0,9.810377620E0
1.820786851E1,1.182735682E0,-1.982398987E0,9.524134636E0,9.799893367E0
1.820986175E1,1.199495077E0,-1.977610588E0,9.516951561E0,9.793982800E0
1.821185530E1,1.201889277E0,-1.977610588E0,9.502586365E0,9.780318455E0
1.821384917E1,1.209071875E0,-1.972822189E0,9.488221169E0,9.766279902E0
1.821584269E1,1.201889277E0,-1.968033791E0,9.471462250E0,9.748143002E0
1.821783566E1,1.211466074E0,-1.960851192E0,9.457097054E0,9.733923779E0
1.821982851E1,1.211466074E0,-1.958456993E0,9.457097054E0,9.733441761E0
1.822182163E1,1.213860273E0,-1.944091797E0,9.469067574E0,9.742494054E0
1.822381597E1,1.213860273E0,-1.936909199E0,9.461885452E0,9.734081894E0
1.822581011E1,1.216254473E0,-1.932120800E0,9.473855972E0,9.745066070E0
1.822780405E1,1.204283476E0,-1.929726601E0,9.488221169E0,9.757073556E0
1.822979734E1,1.199495077E0,-1.920149803E0,9.524134636E0,9.789530340E0
1.823179038E1,1.194706678E0,-1.912967205E0,9.538499832E0,9.801517567E0
1.823378316E1,1.185129881E0,-1.900996208E0,9.552865028E0,9.812010480E0
1.823577655E1,1.180341482E0,-1.884236693E0,9.567230225E0,9.822191614E0
1.823776956E1,1.180341482E0,-1.874659896E0,9.569623947E0,9.822690987E0
1.823976347E1,1.168370485E0,-1.872265697E0,9.576807022E0,9.827802459E0
1.824175648E1,1.158793569E0,-1.874659896E0,9.583989143E0,9.834124270E0
1.824374956E1,1.149216771E0,-1.872265697E0,9.591172218E0,9.839545851E0
1.824574179E1,1.142034173E0,-1.869871497E0,9.598354340E0,9.845256091E0
1.824773503E1,1.137245774E0,-1.872265697E0,9.600749016E0,9.847491480E0
1.824972898E1,1.149216771E0,-1.877054095E0,9.603142738E0,9.852125746E0
1.825172316E1,1.149216771E0,-1.881842494E0,9.586383820E0,9.836706008E0
1.825371741E1,1.154005170E0,-1.891419291E0,9.579200745E0,9.832104646E0
1.825571097E1,1.144428372E0,-1.908178806E0,9.586383820E0,9.841220320E0
1.825770476E1,1.146822572E0,-1.920149803E0,9.576807022E0,9.834501005E0
1.825969827E1,1.146822572E0,-1.934514999E0,9.560047150E0,9.821000550E0
1.826169132E1,1.151610970E0,-1.946485996E0,9.552865028E0,9.816936682E0
1.826368468E1,1.146822572E0,-1.953668594E0,9.538499832E0,9.803825888E0
1.826567808E1,1.137245774E0,-1.972822189E0,9.543288231E0,9.811203066E0
1.826767187E1,1.139639974E0,-1.980004787E0,9.555258751E0,9.824569610E0
1.826966569E1,1.130063176E0,-1.980004787E0,9.548076630E0,9.816477427E0
1.827165870E1,1.115697980E0,-1.977610588E0,9.538499832E0,9.805034659E0
1.827365105E1,1.103726983E0,-1.970427990E0,9.545681953E0,9.809222379E0
1.827564429E1,1.096544385E0,-1.970427990E0,9.548076630E0,9.810747340E0
1.827763769E1,1.098938584E0,-1.960851192E0,9.548076630E0,9.809096326E0
1.827963163E1,1.086967587E0,-1.941697598E0,9.560047150E0,9.815609487E0
1.828162476E1,1.077390790E0,-1.936909199E0,9.545681953E0,9.799613876E0
1.828361788E1,1.079784989E0,-1.934514999E0,9.545681953E0,9.799404465E0
1.828561058E1,1.084573388E0,-1.924938202E0,9.548076630E0,9.800380291E0
1.828760316E1,1.086967587E0,-1.910573006E0,9.545681953E0,9.795500585E0
1.828959683E1,1.091755986E0,-1.903390408E0,9.564835548E0,9.813302464E0
1.829159108E1,1.101332784E0,-1.898601890E0,9.560047150E0,9.808777933E0
1.829358511E1,1.103726983E0,-1.900996208E0,9.557653427E0,9.807177926E0
1.829557905E1,1.098938584E0,-1.900996208E0,9.555258751E0,9.804306319E0
1.829757187E1,1.096544385E0,-1.898601890E0,9.557653427E0,9.805908309E0
1.829956429E1,1.079784989E0,-1.891419291E0,9.552865028E0,9.797991264E0
1.830155730E1,1.089361787E0,-1.879448295E0,9.560047150E0,9.803751144E0
1.830355023E1,1.082179189E0,-1.879448295E0,9.572018623E0,9.814630824E0
1.830554382E1,1.079784989E0,-1.877054095E0,9.595960617E0,9.837262214E0
1.830753663E1,1.084573388E0,-1.874659896E0,9.619902611E0,9.860688384E0
1.830952929E1,1.096544385E0,-1.869871497E0,9.646238327E0,9.886796390E0
1.831152245E1,1.101332784E0,-1.872265697E0,9.646238327E0,9.887781682E0
1.831351632E1,1.103726983E0,-1.874659896E0,9.653421402E0,9.895509474E0
1.831551003E1,1.108515382E0,-1.874659896E0,9.634267807E0,9.877361604E0
1.831750327E1,1.118092179E0,-1.889025092E0,9.636661530E0,9.883511084E0
1.831949655E1,1.122880578E0,-1.893813491E0,9.627084732E0,9.875634196E0
1.832149085E1,1.132457376E0,-1.896207690E0,9.600749016E0,9.851519932E0
1.832348495E1,1.127668977E0,-1.898601890E0,9.581595421E0,9.832766511E0
1.832547765E1,1.139639974E0,-1.896207690E0,9.545681953E0,9.798695160E0
1.832747101E1,1.146822572E0,-1.900996208E0,9.531316757E0,9.786469625E0
1.832946362E1,1.156399369E0,-1.927332401E0,9.516951561E0,9.778764579E0
1.833145671E1,1.165976286E0,-1.941697598E0,9.514557838E0,9.780414159E0
1.833345144E1,1.182735682E0,-1.970427990E0,9.507374763E0,9.781187303E0
1.833544612E1,1.187524080E0,-1.980004787E0,9.485827446E0,9.762763683E0
1.833744144E1,1.185129881E0,-1.994369984E0,9.464279175E0,9.744466366E0
1.833943640E1,1.197100878E0,-1.999158382E0,9.445125580E0,9.728313418E0
1.834143179E1,1.197100878E0,-2.008735180E0,9.433155060E0,9.718666674E0
1.834342663E1,1.194706678E0,-2.018311977E0,9.428366661E0,9.715709196E0
1.834542050E1,1.199495077E0,-2.030282974E0,9.428366661E0,9.718792893E0
1.834741464E1,1.201889277E0,-2.025494576E0,9.440337181E0,9.729703603E0
1.834940940E1,1.194706678E0,-2.027888775E0,9.449913979E0,9.738610329E0
1.835140440E1,1.197100878E0,-2.027888775E0,9.447520256E0,9.736581658E0
1.835339835E1,1.192312479E0,-2.023100376E0,9.473855972E0,9.760557933E0
1.835539171E1,1.182735682E0,-2.003946781E0,9.495404243E0,9.776367840E0
1.835738546E1,1.175553083E0,-2.003946781E0,9.490615845E0,9.770850366E0
1.835937968E1,1.168370485E0,-2.018311977E0,9.497797966E0,9.779920196E0
1.836137409E1,1.163581967E0,-1.999158382E0,9.500192642E0,9.777740919E0
1.836336855E1,1.158793569E0,-1.989581585E0,9.502586365E0,9.777544939E0
1.836536269E1,1.146822572E0,-1.984793186E0,9.495404243E0,9.768178323E0
1.836735620E1,1.142034173E0,-1.980004787E0,9.481039047E0,9.752679756E0
1.836935011E1,1.125274777E0,-1.980004787E0,9.485827446E0,9.755387466E0
1.837134327E1,1.115697980E0,-1.972822189E0,9.497797966E0,9.764475182E0
1.837333706E1,1.113303781E0,-1.965639591E0,9.497797966E0,9.762753224E0
1.837533042E1,1.108515382E0,-1.953668594E0,9.500192642E0,9.762135400E0
1.837732429E1,1.113303781E0,-1.934514999E0,9.512163162E0,9.770519004E0
1.837931788E1,1.108515382E0,-1.932120800E0,9.519346237E0,9.776494767E0
1.838131066E1,1.103726983E0,-1.932120800E0,9.540893555E0,9.796935942E0
1.838330484E1,1.094150186E0,-1.936909199E0,9.531316757E0,9.787480830E0
1.838530042E1,1.086967587E0,-1.927332401E0,9.545681953E0,9.798783224E0
1.838729527E1,1.086967587E0,-1.922544003E0,9.555258751E0,9.807173078E0
1.838928972E1,1.086967587E0,-1.924938202E0,9.574412346E0,9.826304361E0
1.839128374E1,1.089361787E0,-1.929726601E0,9.567230225E0,9.820511597E0
1.839327737E1,1.094150186E0,-1.934514999E0,9.567230225E0,9.821985903E0
1.839527030E1,1.101332784E0,-1.939303398E0,9.548076630E0,9.805080260E0
1.839726343E1,1.110909581E0,-1.939303398E0,9.555258751E0,9.813153803E0
1.839925663E1,1.106121182E0,-1.944091797E0,9.560047150E0,9.818222776E0
1.840125077E1,1.108515382E0,-1.965639591E0,9.560047150E0,9.822782032E0
1.840324476E1,1.108515382E0,-1.972822189E0,9.555258751E0,9.819562289E0
1.840523819E1,1.122880578E0,-1.972822189E0,9.538499832E0,9.804889965E0
1.840723198E1,1.137245774E0,-1.980004787E0,9.533711433E0,9.803336198E0
1.840922534E1,1.144428372E0,-1.999158382E0,9.519346237E0,9.794095329E0
1.841121894E1,1.156399369E0,-2.018311977E0,9.519346237E0,9.799428326E0
1.841321269E1,1.151610970E0,-2.032677174E0,9.516951561E0,9.799507709E0
1.841520730E1,1.144428372E0,-2.042253971E0,9.533711433E0,9.816932885E0
1.841720026E1,1.144428372E0,-2.044648170E0,9.540893555E0,9.824405950E0
1.841919366E1,1.154005170E0,-2.049436569E0,9.540893555E0,9.826523699E0
1.842118620E1,1.161187768E0,-2.054224968E0,9.531316757E0,9.819073092E0
1.842318011E1,1.158793569E0,-2.056619167E0,9.540893555E0,9.828587628E0
1.842517296E1,1.151610970E0,-2.054224968E0,9.531316757E0,9.817945160E0
1.842716569E1,1.139639974E0,-2.049436569E0,9.536105156E0,9.820197099E0
1.842915944E1,1.134851575E0,-2.049436569E0,9.545681953E0,9.828943092E0
1.843115265E1,1.149216771E0,-2.044648170E0,9.555258751E0,9.838915343E0
1.843314562E1,1.158793569E0,-2.042253971E0,9.555258751E0,9.839541331E0
1.843513866E1,1.154005170E0,-2.030282974E0,9.548076630E0,9.829524109E0
1.843713179E1,1.149216771E0,-2.015917778E0,9.540893555E0,9.819026097E0
1.843912484E1,1.163581967E0,-2.008735180E0,9.538499832E0,9.816920040E0
1.844111769E1,1.175553083E0,-1.999158382E0,9.538499832E0,9.816391309E0
1.844310999E1,1.182735682E0,-2.003946781E0,9.524134636E0,9.804274933E0
1.844510304E1,1.192312479E0,-2.003946781E0,9.516951561E0,9.798457979E0
1.844709648E1,1.201889277E0,-2.008735180E0,9.519346237E0,9.802933624E0
1.844909007E1,1.209071875E0,-2.003946781E0,9.528923035E0,9.812136959E0
1.845108351E1,1.211466074E0,-2.003946781E0,9.524134636E0,9.807782283E0
1.845307632E1,1.211466074E0,-1.994369984E0,9.514557838E0,9.796528596E0
1.845506831E1,1.223437071E0,-1.989581585E0,9.485827446E0,9.769143027E0
1.845706066E1,1.213860273E0,-1.991975784E0,9.493009567E0,9.775410730E0
1.845905366E1,1.216254473E0,-1.987187386E0,9.497797966E0,9.779384175E0
1.846104624E1,1.206677675E0,-1.982398987E0,9.509769440E0,9.788855477E0
1.846303910E1,1.201889277E0,-1.984793186E0,9.512163162E0,9.791077053E0
1.846503222E1,1.187524080E0,-1.989581585E0,9.507374763E0,9.785643730E0
1.846702542E1,1.182735682E0,-1.977610588E0,9.540893555E0,9.815215594E0
1.846901773E1,1.168370485E0,-1.991975784E0,9.538499832E0,9.814073373E0
1.847101054E1,1.161187768E0,-2.003946781E0,9.540893555E0,9.817983986E0
1.847300421E1,1.154005170E0,-1.994369984E0,9.536105156E0,9.810532152E0
1.847499765E1,1.142034173E0,-2.006340981E0,9.540893555E0,9.816226159E0
1.847699038E1,1.137245774E0,-2.008735180E0,9.545681953E0,9.820814067E0
1.847898269E1,1.142034173E0,-1.999158382E0,9.552865028E0,9.826398452E0
1.848097468E1,1.134851575E0,-2.003946781E0,9.543288231E0,9.817231843E0
1.848296745E1,1.134851575E0,-1.996764183E0,9.528923035E0,9.801802360E0
1.848496026E1,1.125274777E0,-2.001552582E0,9.524134636E0,9.797019783E0
1.848695276E1,1.120486379E0,-1.994369984E0,9.524134636E0,9.795005968E0
1.848894511E1,1.120486379E0,-1.984793186E0,9.533711433E0,9.802374580E0
1.849093741E1,1.132457376E0,-1.968033791E0,9.540893555E0,9.807357775E0
1.849293046E1,1.130063176E0,-1.963245392E0,9.548076630E0,9.813110749E0
1.849492237E1,1.120486379E0,-1.958456993E0,9.555258751E0,9.818045290E0
1.849691538E1,1.130063176E0,-1.948880196E0,9.567230225E0,9.828889610E0
1.849890777E1,1.122880578E0,-1.944091797E0,9.567230225E0,9.827117984E0
1.850089886E1,1.125274777E0,-1.948880196E0,9.579200745E0,9.839993102E0
1.850289069E1,1.139639974E0,-1.939303398E0,9.581595421E0,9.842085539E0
1.850488190E1,1.139639974E0,-1.932120800E0,9.581595421E0,9.840672785E0
1.850687327E1,1.149216771E0,-1.932120800E0,9.576807022E0,9.837124718E0
1.850886448E1,1.163581967E0,-1.939303398E0,9.583989143E0,9.847216285E0
1.851085648E1,1.177947283E0,-1.939303398E0,9.595960617E0,9.860573900E0
1.851284874E1,1.182735682E0,-1.941697598E0,9.591172218E0,9.856958850E0
1.851484081E1,1.197100878E0,-1.944091797E0,9.583989143E0,9.852176984E0
1.851683339E1,1.213860273E0,-1.941697598E0,9.581595421E0,9.851427162E0
1.851882644E1,1.218648672E0,-1.941697598E0,9.567230225E0,9.838047993E0
1.852081866E1,1.230619669E0,-1.946485996E0,9.560047150E0,9.833500598E0
1.852281058E1,1.235408068E0,-1.941697598E0,9.555258751E0,9.828498993E0
1.852480265E1,1.249773264E0,-1.941697598E0,9.548076630E0,9.823333960E0
1.852679402E1,1.249773264E0,-1.946485996E0,9.536105156E0,9.812647068E0
1.852878569E1,1.244984865E0,-1.948880196E0,9.536105156E0,9.812513586E0
1.853077714E1,1.247379065E0,-1.946485996E0,9.531316757E0,9.807688891E0
1.853276894E1,1.244984865E0,-1.956062794E0,9.533711433E0,9.811616720E0
1.853476058E1,1.235408068E0,-1.963245392E0,9.545681953E0,9.823472376E0
1.853675304E1,1.230619669E0,-1.956062794E0,9.550470352E0,9.826092325E0
1.853874608E1,1.213860273E0,-1.948880196E0,9.552865028E0,9.824908195E0
1.854073804E1,1.199495077E0,-1.960851192E0,9.576807022E0,9.848804931E0
1.854272984E1,1.189918280E0,-1.963245392E0,9.583989143E0,9.855104560E0
1.854472245E1,1.170764685E0,-1.960851192E0,9.595960617E0,9.863979294E0
1.854671452E1,1.163581967E0,-1.956062794E0,9.610325813E0,9.876156483E0
1.854870620E1,1.163581967E0,-1.965639591E0,9.615114212E0,9.882716393E0
1.855069933E1,1.161187768E0,-1.970427990E0,9.603142738E0,9.871742194E0
1.855269144E1,1.156399369E0,-1.972822189E0,9.605537415E0,9.873987843E0
1.855468327E1,1.161187768E0,-1.970427990E0,9.583989143E0,9.853110747E0
1.855667491E1,1.156399369E0,-1.975216389E0,9.564835548E0,9.834877648E0
1.855866679E1,1.177947283E0,-1.975216389E0,9.572018623E0,9.844418729E0
1.856065917E1,1.271321058E0,-1.991975784E0,9.648633003E0,9.933798045E0
1.856265218E1,1.283292055E0,-2.008735180E0,9.641449928E0,9.931737624E0
1.856464476E1,1.187524080E0,-1.999158382E0,9.579200745E0,9.857379702E0
1.856663741E1,1.151610970E0,-1.991975784E0,9.543288231E0,9.816747201E0
1.856862972E1,1.101332784E0,-1.984793186E0,9.483432770E0,9.751299144E0
1.857062230E1,1.086967587E0,-1.960851192E0,9.411606789E0,9.674956242E0
1.857261476E1,1.096544385E0,-1.939303398E0,9.358934402E0,9.620444917E0
1.857460718E1,1.091755986E0,-1.929726601E0,9.334992409E0,9.594678690E0
1.857659913E1,1.091755986E0,-1.924938202E0,9.344569206E0,9.603035555E0
1.857859109E1,1.094150186E0,-1.922544003E0,9.373299599E0,9.630788412E0
1.858058296E1,1.098938584E0,-1.936909199E0,9.385271072E0,9.645859026E0
1.858257448E1,1.101332784E0,-1.946485996E0,9.425971985E0,9.687656553E0
1.858456792E1,1.110909581E0,-1.968033791E0,9.473855972E0,9.739672689E0
1.858655984E1,1.134851575E0,-1.980004787E0,9.493009567E0,9.763479795E0
1.858855097E1,1.163581967E0,-2.001552582E0,9.524134636E0,9.801493575E0
1.859054206E1,1.187524080E0,-2.035071373E0,9.550470352E0,9.836829412E0
1.859253323E1,1.204283476E0,-2.039859772E0,9.576807022E0,9.865422409E0
1.859452480E1,1.192312479E0,-2.047042370E0,9.586383820E0,9.874752971E0
1.859651683E1,1.182735682E0,-2.047042370E0,9.591172218E0,9.878250385E0
1.859850913E1,1.163581967E0,-2.032677174E0,9.607931137E0,9.889289167E0
1.860050187E1,1.144428372E0,-2.027888775E0,9.619902611E0,9.897705564E0
1.860249417E1,1.118092179E0,-2.011129379E0,9.636661530E0,9.907573716E0
1.860448671E1,1.089361787E0,-2.006340981E0,9.631873131E0,9.898742003E0
1.860647742E1,1.072602391E0,-1.996764183E0,9.634267807E0,9.897305657E0
1.860847323E1,1.060631394E0,-1.989581585E0,9.627084732E0,9.887574742E0
1.861046495E1,1.051054597E0,-1.984793186E0,9.619902611E0,9.878595345E0
1.861245655E1,1.043871999E0,-1.980004787E0,9.610325813E0,9.867545285E0
1.861444886E1,1.046266198E0,-1.975216389E0,9.591172218E0,9.848184465E0
1.861644066E1,1.055842996E0,-1.975216389E0,9.560047150E0,9.818899415E0
1.861843304E1,1.063025594E0,-1.972822189E0,9.533711433E0,9.793554232E0
1.862042503E1,1.074996591E0,-1.975216389E0,9.512163162E0,9.774371871E0
1.862241710E1,1.098938584E0,-1.977610588E0,9.493009567E0,9.758885197E0
1.862440980E1,1.115697980E0,-1.977610588E0,9.495404243E0,9.763115659E0
1.862640226E1,1.122880578E0,-1.977610588E0,9.488221169E0,9.756953693E0
1.862839390E1,1.137245774E0,-1.963245392E0,9.488221169E0,9.755716343E0
1.863038589E1,1.146822572E0,-1.970427990E0,9.483432770E0,9.753629354E0
1.863237812E1,1.151610970E0,-1.965639591E0,9.485827446E0,9.755555810E0
1.863437112E1,1.154005170E0,-1.956062794E0,9.493009567E0,9.760898536E0
1.863636390E1,1.161187768E0,-1.965639591E0,9.495404243E0,9.766002139E0
1.863835706E1,1.158793569E0,-1.977610588E0,9.509769440E0,9.782099006E0
1.864034878E1,1.156399369E0,-1.977610588E0,9.512163162E0,9.784142843E0
1.864234273E1,1.142034173E0,-1.968033791E0,9.514557838E0,9.782852852E0
1.864433620E1,1.120486379E0,-1.960851192E0,9.502586365E0,9.767270588E0
1.864632952E1,1.101332784E0,-1.948880196E0,9.490615845E0,9.751043894E0
1.864832316E1,1.091755986E0,-1.939303398E0,9.504981041E0,9.762043505E0
1.865031569E1,1.101332784E0,-1.929726601E0,9.536105156E0,9.791531045E0
1.865230874E1,1.101332784E0,-1.920149803E0,9.545681953E0,9.798977147E0
1.865430155E1,1.113303781E0,-1.917755604E0,9.574412346E0,9.827848372E0
1.865629386E1,1.120486379E0,-1.922544003E0,9.588777542E0,9.843592836E0
1.865828734E1,1.127668977E0,-1.922544003E0,9.598354340E0,9.853741360E0
1.866027948E1,1.142034173E0,-1.922544003E0,9.622296333E0,9.878714705E0
1.866227187E1,1.151610970E0,-1.944091797E0,9.622296333E0,9.884042061E0
1.866426542E1,1.161187768E0,-1.953668594E0,9.639056206E0,9.903362184E0
1.866625784E1,1.175553083E0,-1.960851192E0,9.636661530E0,9.904145995E0
1.866825007E1,1.187524080E0,-1.977610588E0,9.622296333E0,9.894935260E0
1.867024237E1,1.194706678E0,-1.977610588E0,9.610325813E0,9.884160557E0
1.867223515E1,1.192312479E0,-1.984793186E0,9.586383820E0,9.862036695E0
1.867422765E1,1.187524080E0,-1.994369984E0,9.560047150E0,9.837795819E0
1.867621937E1,1.180341482E0,-1.996764183E0,9.555258751E0,9.832763753E0
1.867821316E1,1.175553083E0,-2.001552582E0,9.540893555E0,9.819205040E0
1.868020601E1,1.173158884E0,-1.999158382E0,9.521739960E0,9.799819787E0
1.868219905E1,1.170764685E0,-2.003946781E0,9.500192642E0,9.779578359E0
1.868419155E1,1.177947283E0,-2.015917778E0,9.502586365E0,9.785225184E0
1.868618456E1,1.175553083E0,-2.015917778E0,9.512163162E0,9.794237978E0
1.868817769E1,1.168370485E0,-2.008735180E0,9.531316757E0,9.810509963E0
1.869017058E1,1.175553083E0,-2.018311977E0,9.502586365E0,9.785430798E0
1.869216319E1,1.177947283E0,-2.008735180E0,9.485827446E0,9.767471482E0
1.869415530E1,1.175553083E0,-2.003946781E0,9.466673851E0,9.747596707E0
1.869614737E1,1.175553083E0,-2.003946781E0,9.457097054E0,9.738296177E0
1.869814046E1,1.173158884E0,-2.011129379E0,9.466673851E0,9.748787460E0
1.870013296E1,1.175553083E0,-2.015917778E0,9.469067574E0,9.752388951E0
1.870212519E1,1.194706678E0,-2.020706177E0,9.464279175E0,9.751059317E0
1.870411757E1,1.197100878E0,-2.023100376E0,9.464279175E0,9.751849360E0
1.870611089E1,1.192312479E0,-2.025494576E0,9.466673851E0,9.754083818E0
1.870810409E1,1.187524080E0,-2.018311977E0,9.473855972E0,9.758982717E0
1.871009644E1,1.187524080E0,-2.015917778E0,9.471462250E0,9.756163953E0
1.871208878E1,1.177947283E0,-2.008735180E0,9.488221169E0,9.769796199E0
1.871408069E1,1.163581967E0,-2.006340981E0,9.504981041E0,9.783863844E0
1.871607265E1,1.156399369E0,-1.996764183E0,9.509769440E0,9.785705979E0
1.871806374E1,1.130063176E0,-1.982398987E0,9.524134636E0,9.793675974E0
1.872005585E1,1.118092179E0,-1.968033791E0,9.540893555E0,9.805709405E0
1.872204890E1,1.098938584E0,-1.958456993E0,9.552865028E0,9.813279271E0
1.872404097E1,1.089361787E0,-1.936909199E0,9.557653427E0,9.812597280E0
1.872603378E1,1.086967587E0,-1.922544003E0,9.562441826E0,9.814171776E0
1.872802683E1,1.070208192E0,-1.924938202E0,9.572018623E0,9.822131804E0
1.873001987E1,1.065419793E0,-1.922544003E0,9.574412346E0,9.823475278E0
1.873201253E1,1.051054597E0,-1.924938202E0,9.579200745E0,9.827064147E0
1.873400519E1,1.051054597E0,-1.920149803E0,9.583989143E0,9.830795437E0
1.873599702E1,1.041477680E0,-1.927332401E0,9.588777542E0,9.835849770E0
1.873798925E1,1.043871999E0,-1.924938202E0,9.600749016E0,9.847306103E0
1.873998046E1,1.048660398E0,-1.927332401E0,9.600749016E0,9.848283123E0
1.874197163E1,1.058237195E0,-1.936909199E0,9.593565941E0,9.844185627E0
1.874396304E1,1.070208192E0,-1.929726601E0,9.581595421E0,9.832403630E0
1.874595487E1,1.072602391E0,-1.929726601E0,9.576807022E0,9.827998442E0
1.874794624E1,1.070208192E0,-1.939303398E0,9.560047150E0,9.813294286E0
1.874993796E1,1.072602391E0,-1.951274395E0,9.550470352E0,9.806601430E0
1.875192984E1,1.077390790E0,-1.951274395E0,9.545681953E0,9.802463294E0
1.875392101E1,1.091755986E0,-1.956062794E0,9.543288231E0,9.802676320E0
1.875591253E1,1.103726983E0,-1.960851192E0,9.531316757E0,9.793321693E0
1.875790601E1,1.101332784E0,-1.972822189E0,9.519346237E0,9.783808771E0
1.875989862E1,1.106121182E0,-1.970427990E0,9.512163162E0,9.776877751E0
1.876189116E1,1.115697980E0,-1.980004787E0,9.502586365E0,9.770585886E0
1.876388355E1,1.130063176E0,-1.989581585E0,9.490615845E0,9.762544073E0
1.876587577E1,1.144428372E0,-2.003946781E0,9.488221169E0,9.764827697E0
1.876786882E1,1.149216771E0,-2.003946781E0,9.500192642E0,9.777022150E0
1.876986128E1,1.151610970E0,-2.001552582E0,9.519346237E0,9.795426144E0
1.877185433E1,1.149216771E0,-1.999158382E0,9.528923035E0,9.803963873E0
1.877384679E1,1.151610970E0,-1.991975784E0,9.533711433E0,9.807437435E0
1.877583976E1,1.154005170E0,-1.972822189E0,9.552865028E0,9.822473496E0
1.877783273E1,1.151610970E0,-1.975216389E0,9.555258751E0,9.825001649E0
1.877982429E1,1.144428372E0,-1.968033791E0,9.562441826E0,9.829708387E0
1.878181569E1,1.142034173E0,-1.977610588E0,9.574412346E0,9.842995350E0
1.878380710E1,1.144428372E0,-1.980004787E0,9.574412346E0,9.843754722E0
1.878579913E1,1.144428372E0,-1.982398987E0,9.560047150E0,9.830265691E0
1.878779167E1,1.151610970E0,-1.989581585E0,9.540893555E0,9.813933591E0
1.878978550E1,1.156399369E0,-1.987187386E0,9.526528358E0,9.800046723E0
1.879177823E1,1.165976286E0,-1.987187386E0,9.507374763E0,9.782565579E0
1.879376917E1,1.168370485E0,-1.991975784E0,9.512163162E0,9.788478183E0
1.879576058E1,1.165976286E0,-1.984793186E0,9.516951561E0,9.791387629E0
1.879775257E1,1.168370485E0,-1.984793186E0,9.507374763E0,9.782365178E0
1.879974507E1,1.158793569E0,-1.989581585E0,9.519346237E0,9.793834295E0
1.880173788E1,1.154005170E0,-1.984793186E0,9.521739960E0,9.794624229E0
1.880373038E1,1.151610970E0,-1.982398987E0,9.524134636E0,9.796185693E0
1.880572327E1,1.146822572E0,-1.977610588E0,9.543288231E0,9.813281607E0
1.880771597E1,1.144428372E0,-1.963245392E0,9.550470352E0,9.817104090E0
1.880970917E1,1.127668977E0,-1.963245392E0,9.552865028E0,9.817494591E0
1.881170288E1,1.120486379E0,-1.965639591E0,9.548076630E0,9.812491837E0
1.881369589E1,1.110909581E0,-1.958456993E0,9.540893555E0,9.802975248E0
1.881568991E1,1.101332784E0,-1.965639591E0,9.545681953E0,9.807992499E0
1.881768335E1,1.106121182E0,-1.965639591E0,9.543288231E0,9.806201779E0
1.881967702E1,1.106121182E0,-1.968033791E0,9.533711433E0,9.797362643E0
1.882167112E1,1.108515382E0,-1.968033791E0,9.526528358E0,9.790643795E0
1.882366480E1,1.108515382E0,-1.970427990E0,9.533711433E0,9.798114437E0
1.882565816E1,1.091755986E0,-1.965639591E0,9.528923035E0,9.790610008E0
1.882765190E1,1.094150186E0,-1.956062794E0,9.528923035E0,9.788959111E0
1.882964523E1,1.101332784E0,-1.953668594E0,9.543288231E0,9.803270125E0
1.883163823E1,1.098938584E0,-1.956062794E0,9.548076630E0,9.808140241E0
1.883363140E1,1.091755986E0,-1.953668594E0,9.545681953E0,9.804529365E0
1.883562608E1,1.094150186E0,-1.953668594E0,9.555258751E0,9.814120205E0
1.883761952E1,1.098938584E0,-1.958456993E0,9.560047150E0,9.820270939E0
1.883961312E1,1.096544385E0,-1.953668594E0,9.557653427E0,9.816718881E0
1.884160648E1,1.101332784E0,-1.953668594E0,9.555258751E0,9.814923569E0
1.884359987E1,1.110909581E0,-1.953668594E0,9.548076630E0,9.809011591E0
1.884559319E1,1.115697980E0,-1.956062794E0,9.548076630E0,9.810032159E0
1.884758628E1,1.120486379E0,-1.953668594E0,9.540893555E0,9.803109737E0
1.884957999E1,1.127668977E0,-1.956062794E0,9.536105156E0,9.799751044E0
1.885157300E1,1.132457376E0,-1.956062794E0,9.516951561E0,9.781666953E0
1.885356558E1,1.137245774E0,-1.960851192E0,9.514557838E0,9.780852530E0
1.885555882E1,1.134851575E0,-1.970427990E0,9.497797966E0,9.766198890E0
1.885755163E1,1.134851575E0,-1.965639591E0,9.502586365E0,9.769891234E0
1.885954425E1,1.134851575E0,-1.951274395E0,9.509769440E0,9.773999931E0
1.886153675E1,1.144428372E0,-1.939303398E0,9.528923035E0,9.791373150E0
1.886352921E1,1.146822572E0,-1.941697598E0,9.536105156E0,9.799116956E0
1.886552132E1,1.151610970E0,-1.944091797E0,9.540893555E0,9.804812623E0
1.886751476E1,1.154005170E0,-1.948880196E0,9.550470352E0,9.815362749E0
1.886950796E1,1.151610970E0,-1.946485996E0,9.536105156E0,9.800628404E0
1.887149987E1,1.165976286E0,-1.948880196E0,9.543288231E0,9.809790261E0
1.887349210E1,1.165976286E0,-1.953668594E0,9.552865028E0,9.820058652E0
1.887548460E1,1.175553083E0,-1.953668594E0,9.540893555E0,9.809556353E0
1.887747636E1,1.170764685E0,-1.963245392E0,9.540893555E0,9.810895588E0
1.887946886E1,1.163581967E0,-1.960851192E0,9.545681953E0,9.814219498E0
1.888146120E1,1.165976286E0,-1.968033791E0,9.536105156E0,9.806628332E0
1.888345335E1,1.163581967E0,-1.972822189E0,9.528923035E0,9.800322678E0
1.888544519E1,1.154005170E0,-1.975216389E0,9.526528358E0,9.797344042E0
1.888743667E1,1.137245774E0,-1.977610588E0,9.512163162E0,9.781897547E0
1.888942909E1,1.127668977E0,-1.982398987E0,9.538499832E0,9.807370805E0
1.889142128E1,1.106121182E0,-1.977610588E0,9.538499832E0,9.803949549E0
1.889341323E1,1.101332784E0,-1.980004787E0,9.543288231E0,9.808552550E0
1.889540667E1,1.096544385E0,-1.987187386E0,9.552865028E0,9.818785747E0
1.889739956E1,1.086967587E0,-1.989581585E0,9.545681953E0,9.811216916E0
1.889939245E1,1.096544385E0,-1.994369984E0,9.557653427E0,9.824900012E0
1.890138577E1,1.101332784E0,-1.994369984E0,9.572018623E0,9.839409843E0
1.890337948E1,1.101332784E0,-1.987187386E0,9.588777542E0,9.854263157E0
1.890537253E1,1.108515382E0,-1.980004787E0,9.603142738E0,9.867602331E0
1.890736519E1,1.115697980E0,-1.987187386E0,9.627084732E0,9.893151981E0
1.890935765E1,1.120486379E0,-1.991975784E0,9.639056206E0,9.906304144E0
1.891135097E1,1.110909581E0,-1.980004787E0,9.634267807E0,9.898164236E0
1.891334382E1,1.115697980E0,-1.975216389E0,9.634267807E0,9.897746104E0
1.891533679E1,1.115697980E0,-1.987187386E0,9.615114212E0,9.881503782E0
1.891732933E1,1.108515382E0,-1.991975784E0,9.595960617E0,9.863023575E0
1.891932230E1,1.096544385E0,-2.006340981E0,9.576807022E0,9.845965999E0
1.892131495E1,1.101332784E0,-2.006340981E0,9.552865028E0,9.823215781E0
1.892330690E1,1.103726983E0,-2.008735180E0,9.545681953E0,9.816989061E0
1.892529987E1,1.101332784E0,-2.023100376E0,9.526528358E0,9.801051556E0
1.892729288E1,1.106121182E0,-2.018311977E0,9.504981041E0,9.779660112E0
1.892928652E1,1.108515382E0,-2.018311977E0,9.490615845E0,9.765970443E0
1.893127980E1,1.115697980E0,-2.011129379E0,9.500192642E0,9.774614243E0
1.893327171E1,1.122880578E0,-2.013523579E0,9.493009567E0,9.768949209E0
1.893526456E1,1.125274777E0,-2.011129379E0,9.504981041E0,9.780365499E0
1.893725780E1,1.118092179E0,-2.011129379E0,9.502586365E0,9.777214282E0
1.893925222E1,1.113303781E0,-2.011129379E0,9.500192642E0,9.774341253E0
1.894124546E1,1.115697980E0,-2.003946781E0,9.500192642E0,9.773138949E0
1.894323968E1,1.125274777E0,-1.994369984E0,9.504981041E0,9.776933034E0
1.894523273E1,1.130063176E0,-1.996764183E0,9.507374763E0,9.780300858E0
1.894722569E1,1.137245774E0,-1.987187386E0,9.504981041E0,9.776855642E0
1.894921933E1,1.130063176E0,-1.989581585E0,9.497797966E0,9.769526287E0
1.895121230E1,1.137245774E0,-1.984793186E0,9.483432770E0,9.755420495E0
1.895320491E1,1.137245774E0,-1.977610588E0,9.478644371E0,9.749306165E0
1.895519800E1,1.137245774E0,-1.975216389E0,9.471462250E0,9.741837860E0
1.895719171E1,1.149216771E0,-1.965639591E0,9.481039047E0,9.750617396E0
1.895918417E1,1.151610970E0,-1.970427990E0,9.471462250E0,9.742555693E0
1.896117640E1,1.144428372E0,-1.970427990E0,9.469067574E0,9.739381062E0
1.896316796E1,1.158793569E0,-1.970427990E0,9.483432770E0,9.755044136E0
1.896515956E1,1.161187768E0,-1.972822189E0,9.493009567E0,9.765122379E0
1.896715136E1,1.158793569E0,-1.968033791E0,9.497797966E0,9.768527307E0
1.896914343E1,1.151610970E0,-1.965639591E0,9.500192642E0,9.769524403E0
1.897113671E1,1.146822572E0,-1.960851192E0,9.509769440E0,9.777313241E0
1.897312976E1,1.144428372E0,-1.956062794E0,9.521739960E0,9.787718315E0
1.897512245E1,1.144428372E0,-1.951274395E0,9.538499832E0,9.803069270E0
1.897711421E1,1.139639974E0,-1.944091797E0,9.550470352E0,9.812734386E0
1.897910691E1,1.125274777E0,-1.939303398E0,9.552865028E0,9.812460000E0
1.898109964E1,1.115697980E0,-1.939303398E0,9.562441826E0,9.820691082E0
1.898309339E1,1.113303781E0,-1.932120800E0,9.567230225E0,9.823666844E0
1.898508652E1,1.113303781E0,-1.932120800E0,9.583989143E0,9.839989024E0
1.898707913E1,1.110909581E0,-1.924938202E0,9.593565941E0,9.847640054E0
1.898907167E1,1.118092179E0,-1.929726601E0,9.581595421E0,9.837730718E0
1.899106491E1,1.106121182E0,-1.924938202E0,9.574412346E0,9.828441531E0
1.899305773E1,1.106121182E0,-1.929726601E0,9.569623947E0,9.824716348E0
1.899505101E1,1.101332784E0,-1.934514999E0,9.552865028E0,9.808797706E0
1.899704484E1,1.103726983E0,-1.944091797E0,9.548076630E0,9.806297645E0
1.899903886E1,1.103726983E0,-1.941697598E0,9.543288231E0,9.801160802E0
1.900103132E1,1.098938584E0,-1.939303398E0,9.543288231E0,9.800148669E0
1.900302402E1,1.096544385E0,-1.958456993E0,9.533711433E0,9.794366599E0
1.900501734E1,1.091755986E0,-1.956062794E0,9.524134636E0,9.784030527E0
1.900701073E1,1.091755986E0,-1.958456993E0,9.528923035E0,9.789170503E0
1.900900464E1,1.091755986E0,-1.960851192E0,9.528923035E0,9.789649776E0
1.901099741E1,1.091755986E0,-1.958456993E0,9.540893555E0,9.800823167E0
1.901299034E1,1.086967587E0,-1.956062794E0,9.545681953E0,9.804474700E0
1.901498444E1,1.084573388E0,-1.960851192E0,9.555258751E0,9.814489627E0
1.901697780E1,1.074996591E0,-1.963245392E0,9.591172218E0,9.848884945E0
1.901897226E1,1.079784989E0,-1.951274395E0,9.605537415E0,9.861022077E0
1.902096605E1,1.060631394E0,-1.956062794E0,9.607931137E0,9.862223955E0
1.902295948E1,1.055842996E0,-1.960851192E0,9.619902611E0,9.874323677E0
1.902495359E1,1.063025594E0,-1.958456993E0,9.624691010E0,9.879284095E0
1.902694558E1,1.055842996E0,-1.963245392E0,9.610325813E0,9.865470041E0
1.902893835E1,1.058237195E0,-1.968033791E0,9.600749016E0,9.857352820E0
1.903093116E1,1.065419793E0,-1.977610588E0,9.591172218E0,9.850718121E0
1.903292335E1,1.077390790E0,-1.975216389E0,9.586383820E0,9.846877954E0
1.903491562E1,1.077390790E0,-1.980004787E0,9.572018623E0,9.833856334E0
1.903690749E1,1.084573388E0,-1.987187386E0,9.567230225E0,9.831434652E0
1.903889980E1,1.096544385E0,-2.003946781E0,9.557653427E0,9.826848494E0
1.904089159E1,1.106121182E0,-2.013523579E0,9.552865028E0,9.825223230E0
1.904288409E1,1.110909581E0,-2.018311977E0,9.562441826E0,9.836055968E0
1.904487597E1,1.106121182E0,-2.020706177E0,9.560047150E0,9.833679831E0
1.904686894E1,1.096544385E0,-1.996764183E0,9.550470352E0,9.818399092E0
1.904886210E1,1.103726983E0,-1.982398987E0,9.548076630E0,9.813963844E0
1.905085452E1,1.103726983E0,-1.989581585E0,9.555258751E0,9.822403878E0
1.905284671E1,1.108515382E0,-1.989581585E0,9.538499832E0,9.806641641E0
1.905483835E1,1.106121182E0,-1.972822189E0,9.536105156E0,9.800654723E0
1.905682991E1,1.118092179E0,-1.977610588E0,9.521739960E0,9.789004322E0
1.905882175E1,1.115697980E0,-1.977610588E0,9.521739960E0,9.788731148E0
1.906081366E1,1.120486379E0,-1.968033791E0,9.524134636E0,9.789677589E0
1.906280687E1,1.130063176E0,-1.963245392E0,9.516951561E0,9.782828950E0
1.906480030E1,1.154005170E0,-1.958456993E0,9.519346237E0,9.786993129E0
1.906679249E1,1.163581967E0,-1.958456993E0,9.526528358E0,9.795112013E0
1.906878468E1,1.180341482E0,-1.965639591E0,9.536105156E0,9.807866565E0
1.907077757E1,1.192312479E0,-1.968033791E0,9.509769440E0,9.784195462E0
1.907276980E1,1.194706678E0,-1.970427990E0,9.507374763E0,9.782642046E0
1.907476206E1,1.197100878E0,-1.977610588E0,9.512163162E0,9.789036836E0
1.907675515E1,1.194706678E0,-1.980004787E0,9.516951561E0,9.793881254E0
1.907874777E1,1.199495077E0,-1.984793186E0,9.509769440E0,9.788457858E0
1.908074101E1,1.185129881E0,-1.977610588E0,9.514557838E0,9.789907422E0
1.908273417E1,1.165976286E0,-1.977610588E0,9.521739960E0,9.794589129E0
1.908472726E1,1.156399369E0,-1.982398987E0,9.509769440E0,9.782784882E0
1.908672023E1,1.154005170E0,-1.975216389E0,9.509769440E0,9.781049152E0
1.908871362E1,1.142034173E0,-1.963245392E0,9.519346237E0,9.786548283E0
1.909070690E1,1.127668977E0,-1.956062794E0,9.528923035E0,9.792762285E0
1.909269999E1,1.115697980E0,-1.946485996E0,9.538499832E0,9.798804456E0
1.909469308E1,1.101332784E0,-1.936909199E0,9.545681953E0,9.802274996E0
1.909668640E1,1.091755986E0,-1.948880196E0,9.550470352E0,9.808238838E0
1.909867937E1,1.089361787E0,-1.956062794E0,9.548076630E0,9.807071840E0
1.910067323E1,1.074996591E0,-1.939303398E0,9.569623947E0,9.823147043E0
1.910266589E1,1.074996591E0,-1.936909199E0,9.569623947E0,9.822674656E0
1.910465925E1,1.084573388E0,-1.948880196E0,9.576807022E0,9.833090368E0
1.910665273E1,1.077390790E0,-1.939303398E0,9.581595421E0,9.835071906E0
1.910864515E1,1.072602391E0,-1.956062794E0,9.574412346E0,9.830871239E0
1.911063800E1,1.086967587E0,-1.970427990E0,9.560047150E0,9.821333235E0
1.911263030E1,1.091755986E0,-1.970427990E0,9.562441826E0,9.824195197E0
1.911462276E1,1.094150186E0,-1.972822189E0,9.555258751E0,9.817950999E0
1.911661491E1,1.094150186E0,-1.975216389E0,9.548076630E0,9.811442898E0
1.911860655E1,1.096544385E0,-1.975216389E0,9.538499832E0,9.802390954E0
1.912059972E1,1.096544385E0,-1.977610588E0,9.531316757E0,9.795884460E0
1.912259394E1,1.098938584E0,-1.984793186E0,9.516951561E0,9.783631075E0
1.912458769E1,1.094150186E0,-1.984793186E0,9.509769440E0,9.776107785E0
1.912658077E1,1.082179189E0,-1.987187386E0,9.509769440E0,9.775261649E0
1.912857398E1,1.079784989E0,-1.994369984E0,9.500192642E0,9.767144286E0
1.913056714E1,1.070208192E0,-1.994369984E0,9.512163162E0,9.777735179E0
1.913255976E1,1.074996591E0,-1.991975784E0,9.516951561E0,9.782430792E0
1.913455257E1,1.089361787E0,-1.999158382E0,9.516951561E0,9.785484677E0
1.913654550E1,1.106121182E0,-1.999158382E0,9.533711433E0,9.803662173E0
1.913853917E1,1.108515382E0,-1.994369984E0,9.543288231E0,9.812271309E0
1.914053198E1,1.115697980E0,-2.008735180E0,9.548076630E0,9.820670361E0
1.914252370E1,1.134851575E0,-2.011129379E0,9.538499832E0,9.814046491E0
1.914451718E1,1.146822572E0,-2.013523579E0,9.540893555E0,9.818254887E0
1.914651026E1,1.149216771E0,-2.011129379E0,9.536105156E0,9.813390959E0
1.914850300E1,1.163581967E0,-2.015917778E0,9.536105156E0,9.816065863E0
1.915049558E1,1.173158884E0,-2.018311977E0,9.521739960E0,9.803745043E0
1.915248831E1,1.175553083E0,-2.015917778E0,9.507374763E0,9.789587552E0
1.915448073E1,1.177947283E0,-2.020706177E0,9.502586365E0,9.786212795E0
1.915647237E1,1.170764685E0,-2.003946781E0,9.504981041E0,9.784230028E0
1.915846523E1,1.168370485E0,-1.996764183E0,9.497797966E0,9.775496049E0
1.916045788E1,1.170764685E0,-1.994369984E0,9.509769440E0,9.786925788E0
1.916244905E1,1.170764685E0,-1.989581585E0,9.509769440E0,9.785951135E0
1.916444093E1,1.165976286E0,-1.975216389E0,9.519346237E0,9.791778861E0
1.916643362E1,1.165976286E0,-1.963245392E0,9.519346237E0,9.789371070E0
1.916842546E1,1.161187768E0,-1.963245392E0,9.543288231E0,9.812086412E0
1.917041690E1,1.158793569E0,-1.946485996E0,9.562441826E0,9.827100485E0
1.917240812E1,1.144428372E0,-1.936909199E0,9.593565941E0,9.853823674E0
1.917439878E1,1.142034173E0,-1.936909199E0,9.617507935E0,9.876857707E0
1.917639093E1,1.132457376E0,-1.934514999E0,9.634267807E0,9.891608775E0
1.917838261E1,1.096544385E0,-1.934514999E0,9.667786598E0,9.920224573E0
1.918037507E1,1.077390790E0,-1.934514999E0,9.694122314E0,9.943798401E0
1.918236714E1,1.063025594E0,-1.924938202E0,9.686940193E0,9.933389190E0
1.918435972E1,1.058237195E0,-1.910573006E0,9.686940193E0,9.930104001E0
1.918635187E1,1.055842996E0,-1.912967205E0,9.679757118E0,9.923303171E0
1.918834366E1,1.053448796E0,-1.922544003E0,9.672574997E0,9.917894781E0
1.919033491E1,1.058237195E0,-1.922544003E0,9.643844604E0,9.890388271E0
1.919232577E1,1.063025594E0,-1.924938202E0,9.617507935E0,9.865691530E0
1.919431776E1,1.082179189E0,-1.917755604E0,9.581595421E0,9.831371683E0
1.919630995E1,1.101332784E0,-1.929726601E0,9.543288231E0,9.798526875E0
1.919830167E1,1.110909581E0,-1.948880196E0,9.512163162E0,9.773100948E0
1.920029405E1,1.125274777E0,-1.958456993E0,9.478644371E0,9.744049273E0
1.920228628E1,1.149216771E0,-1.972822189E0,9.452308655E0,9.724138290E0
1.920427886E1,1.163581967E0,-1.980004787E0,9.452308655E0,9.727305940E0
1.920627050E1,1.168370485E0,-1.984793186E0,9.442731857E0,9.719551353E0
1.920826280E1,1.173158884E0,-1.996764183E0,9.433155060E0,9.713278713E0
1.921025456E1,1.170764685E0,-1.999158382E0,9.442731857E0,9.722782992E0
1.921224601E1,1.163581967E0,-1.999158382E0,9.449913979E0,9.728896722E0
1.921423819E1,1.165976286E0,-1.994369984E0,9.452308655E0,9.730526771E0
1.921623116E1,1.163581967E0,-1.999158382E0,9.471462250E0,9.749828428E0
1.921822351E1,1.158793569E0,-1.989581585E0,9.476250648E0,9.751951793E0
1.922021640E1,1.149216771E0,-1.977610588E0,9.490615845E0,9.762347665E0
1.922220819E1,1.149216771E0,-1.977610588E0,9.495404243E0,9.767002845E0
1.922420148E1,1.142034173E0,-1.977610588E0,9.502586365E0,9.773143471E0
1.922619390E1,1.134851575E0,-1.980004787E0,9.533711433E0,9.803058745E0
1.922818558E1,1.139639974E0,-1.982398987E0,9.564835548E0,9.834366481E0
1.923017683E1,1.142034173E0,-1.970427990E0,9.591172218E0,9.857860470E0
1.923216827E1,1.142034173E0,-1.984793186E0,9.619902611E0,9.888689109E0
1.923415972E1,1.139639974E0,-1.984793186E0,9.646238327E0,9.914035360E0
1.923615144E1,1.132457376E0,-1.984793186E0,9.662998199E0,9.929521534E0
1.923814343E1,1.113303781E0,-1.994369984E0,9.689333916E0,9.954905759E0
1.924013476E1,1.101332784E0,-2.001552582E0,9.696516991E0,9.962007247E0
1.924212558E1,1.084573388E0,-2.011129379E0,9.698910713E0,9.964427221E0
1.924411667E1,1.070208192E0,-2.015917778E0,9.677363396E0,9.942868417E0
1.924610987E1,1.065419793E0,-2.013523579E0,9.648633003E0,9.913905152E0
1.924810234E1,1.065419793E0,-2.015917778E0,9.610325813E0,9.877115270E0
1.925009487E1,1.060631394E0,-2.008735180E0,9.598354340E0,9.863486301E0
1.925208769E1,1.058237195E0,-2.008735180E0,9.574412346E0,9.839931644E0
1.925407984E1,1.065419793E0,-2.001552582E0,9.548076630E0,9.813618059E0
1.925607187E1,1.074996591E0,-1.991975784E0,9.507374763E0,9.773114145E0
1.925806327E1,1.098938584E0,-1.982398987E0,9.481039047E0,9.748213845E0
1.926005530E1,1.115697980E0,-1.970427990E0,9.471462250E0,9.738375922E0
1.926204694E1,1.132457376E0,-1.968033791E0,9.457097054E0,9.725857360E0
1.926403753E1,1.151610970E0,-1.960851192E0,9.454702377E0,9.724327343E0
1.926602921E1,1.163581967E0,-1.956062794E0,9.454702377E0,9.724788002E0
1.926802132E1,1.175553083E0,-1.960851192E0,9.449913979E0,9.722537562E0
1.927001288E1,1.177947283E0,-1.965639591E0,9.457097054E0,9.730775071E0
1.927200519E1,1.206677675E0,-1.963245392E0,9.476250648E0,9.752421742E0
1.927399780E1,1.230619669E0,-1.941697598E0,9.471462250E0,9.746446095E0
1.927598948E1,1.213860273E0,-1.939303398E0,9.428366661E0,9.701981876E0
1.927798108E1,1.197100878E0,-1.944091797E0,9.418789864E0,9.691550233E0
1.927997417E1,1.182735682E0,-1.948880196E0,9.421183586E0,9.693074738E0
1.928196550E1,1.170764685E0,-1.960851192E0,9.445125580E0,9.717305417E0
1.928395792E1,1.175553083E0,-1.977610588E0,9.461885452E0,9.737563607E0
1.928594999E1,1.180341482E0,-1.977610588E0,9.464279175E0,9.740468672E0
1.928794198E1,1.175553083E0,-1.972822189E0,9.485827446E0,9.759860387E0
1.928993405E1,1.185129881E0,-1.975216389E0,9.504981041E0,9.780116421E0
1.929192616E1,1.182735682E0,-1.977610588E0,9.531316757E0,9.805906713E0
1.929391792E1,1.187524080E0,-1.970427990E0,9.545681953E0,9.819004219E0
1.929590913E1,1.189918280E0,-1.968033791E0,9.560047150E0,9.832780076E0
1.929790069E1,1.165976286E0,-1.956062794E0,9.581595421E0,9.848484815E0
1.929989206E1,1.139639974E0,-1.946485996E0,9.593565941E0,9.855155730E0
1.930188347E1,1.118092179E0,-1.948880196E0,9.605537415E0,9.864816935E0
1.930387523E1,1.094150186E0,-1.941697598E0,9.634267807E0,9.888704180E0
1.930586620E1,1.070208192E0,-1.941697598E0,9.672574997E0,9.923418877E0
1.930785714E1,1.048660398E0,-1.939303398E0,9.677363396E0,9.925318564E0
1.930984866E1,1.034295082E0,-1.936909199E0,9.679757118E0,9.925677883E0
1.931184011E1,1.005564690E0,-1.946485996E0,9.684545517E0,9.929269356E0
1.931383144E1,9.768342972E-1,-1.946485996E0,9.679757118E0,9.921729227E0
1.931582323E1,9.720458984E-1,-1.956062794E0,9.665391922E0,9.909129926E0
1.931781534E1,9.576807022E-1,-1.960851192E0,9.641449928E0,9.885324802E0
1.931980749E1,9.720458984E-1,-1.968033791E0,9.631873131E0,9.878816237E0
1.932179894E1,9.840168953E-1,-1.975216389E0,9.598354340E0,9.848765154E0
1.932379116E1,9.983820915E-1,-1.980004787E0,9.555258751E0,9.809187304E0
1.932578237E1,1.010353088E0,-1.984793186E0,9.536105156E0,9.792727858E0
1.932777417E1,1.029506683E0,-1.984793186E0,9.521739960E0,9.780737184E0
1.932976616E1,1.053448796E0,-1.987187386E0,9.493009567E0,9.755813586E0
1.933175718E1,1.072602391E0,-1.994369984E0,9.464279175E0,9.731421675E0
1.933374898E1,1.091755986E0,-2.003946781E0,9.445125580E0,9.716899251E0
1.933574202E1,1.115697980E0,-2.013523579E0,9.430760384E0,9.707641351E0
1.933773468E1,1.125274777E0,-2.011129379E0,9.418789864E0,9.696622463E0
1.933972683E1,1.130063176E0,-2.011129379E0,9.416395187E0,9.694853402E0
1.934171948E1,1.146822572E0,-2.015917778E0,9.406818390E0,9.688516848E0
1.934371144E1,1.154005170E0,-2.013523579E0,9.399636269E0,9.681898942E0
1.934570374E1,1.170764685E0,-2.025494576E0,9.421183586E0,9.707317775E0
1.934769581E1,1.175553083E0,-2.011129379E0,9.437943459E0,9.721180132E0
1.934968788E1,1.173158884E0,-2.008735180E0,9.449913979E0,9.732018958E0
1.935167952E1,1.177947283E0,-2.008735180E0,9.447520256E0,9.730273162E0
1.935367163E1,1.177947283E0,-2.011129379E0,9.457097054E0,9.740066009E0
1.935566276E1,1.177947283E0,-2.006340981E0,9.466673851E0,9.748378210E0
1.935765480E1,1.175553083E0,-2.003946781E0,9.488221169E0,9.768524387E0
1.935964714E1,1.173158884E0,-2.006340981E0,9.507374763E0,9.787332670E0
1.936163878E1,1.165976286E0,-1.994369984E0,9.521739960E0,9.797986742E0
1.936362968E1,1.165976286E0,-1.984793186E0,9.540893555E0,9.814660183E0
1.936562034E1,1.163581967E0,-1.968033791E0,9.557653427E0,9.827299681E0
1.936761234E1,1.161187768E0,-1.956062794E0,9.562441826E0,9.829284428E0
1.936960433E1,1.158793569E0,-1.956062794E0,9.574412346E0,9.840648147E0
1.937159558E1,1.154005170E0,-1.941697598E0,9.598354340E0,9.860543774E0
1.937358757E1,1.134851575E0,-1.934514999E0,9.595960617E0,9.854577441E0
1.937557819E1,1.118092179E0,-1.932120800E0,9.588777542E0,9.845195562E0
1.937757015E1,1.096544385E0,-1.934514999E0,9.588777542E0,9.843241977E0
1.937956210E1,1.079784989E0,-1.929726601E0,9.605537415E0,9.856780884E0
1.938155472E1,1.070208192E0,-1.929726601E0,9.600749016E0,9.851069586E0
1.938354663E1,1.058237195E0,-1.924938202E0,9.595960617E0,9.844171535E0
1.938553734E1,1.046266198E0,-1.924938202E0,9.600749016E0,9.847560190E0
1.938752851E1,1.039083481E0,-1.939303398E0,9.612719536E0,9.861286378E0
1.938952030E1,1.022324085E0,-1.944091797E0,9.600749016E0,9.848808106E0
1.939151179E1,1.019929886E0,-1.946485996E0,9.600749016E0,9.849032763E0
1.939350339E1,1.024718285E0,-1.960851192E0,9.588777542E0,9.840713374E0
1.939549573E1,1.019929886E0,-1.975216389E0,9.567230225E0,9.822099110E0
1.939748792E1,1.024718285E0,-1.977610588E0,9.562441826E0,9.818415599E0
1.939947866E1,1.024718285E0,-1.977610588E0,9.548076630E0,9.804425456E0
1.940147007E1,1.031900883E0,-1.989581585E0,9.528923035E0,9.788954414E0
1.940346249E1,1.046266198E0,-1.994369984E0,9.502586365E0,9.765824707E0
1.940545480E1,1.063025594E0,-1.999158382E0,9.466673851E0,9.733682317E0
1.940744636E1,1.072602391E0,-2.015917778E0,9.461885452E0,9.733533618E0
1.940943714E1,1.067813993E0,-2.013523579E0,9.457097054E0,9.727856321E0
1.941142796E1,1.094150186E0,-2.013523579E0,9.461885452E0,9.735436207E0
1.941342042E1,1.106121182E0,-2.015917778E0,9.457097054E0,9.732631362E0
1.941541218E1,1.132457376E0,-2.011129379E0,9.452308655E0,9.730017471E0
1.941740464E1,1.139639974E0,-2.013523579E0,9.461885452E0,9.740653612E0
1.941939761E1,1.146822572E0,-2.027888775E0,9.464279175E0,9.746800254E0
1.942139030E1,1.149216771E0,-2.013523579E0,9.483432770E0,9.762708307E0
1.942338409E1,1.149216771E0,-2.015917778E0,9.504981041E0,9.784134518E0
1.942537726E1,1.156399369E0,-2.015917778E0,9.531316757E0,9.810564872E0
1.942737054E1,1.156399369E0,-2.015917778E0,9.533711433E0,9.812891403E0
1.942936425E1,1.158793569E0,-2.020706177E0,9.528923035E0,9.809507133E0
1.943135769E1,1.173158884E0,-2.030282974E0,9.538499832E0,9.822491017E0
1.943335038E1,1.180341482E0,-2.030282974E0,9.548076630E0,9.832650827E0
1.943534405E1,1.177947283E0,-2.039859772E0,9.538499832E0,9.825047925E0
1.943733816E1,1.189918280E0,-2.039859772E0,9.538499832E0,9.826490342E0
1.943933030E1,1.187524080E0,-2.042253971E0,9.538499832E0,9.826698010E0
1.944132331E1,1.182735682E0,-2.032677174E0,9.524134636E0,9.810187600E0
1.944331558E1,1.180341482E0,-2.032677174E0,9.514557838E0,9.800601684E0
1.944530874E1,1.185129881E0,-2.039859772E0,9.516951561E0,9.804995040E0
1.944730214E1,1.175553083E0,-2.032677174E0,9.509769440E0,9.795377294E0
1.944929550E1,1.170764685E0,-2.027888775E0,9.514557838E0,9.798460782E0
1.945128839E1,1.165976286E0,-2.020706177E0,9.507374763E0,9.789429455E0
1.945328167E1,1.151610970E0,-2.001552582E0,9.504981041E0,9.781466411E0
1.945527487E1,1.118092179E0,-1.994369984E0,9.512163162E0,9.783092036E0
1.945726819E1,1.098938584E0,-1.996764183E0,9.509769440E0,9.779082166E0
1.945926007E1,1.091755986E0,-1.994369984E0,9.512163162E0,9.780117115E0
1.946125308E1,1.079784989E0,-1.984793186E0,9.512163162E0,9.776839348E0
1.946324608E1,1.072602391E0,-1.980004787E0,9.509769440E0,9.772748316E0
1.946524015E1,1.065419793E0,-1.980004787E0,9.521739960E0,9.783612326E0
1.946723370E1,1.051054597E0,-1.987187386E0,9.543288231E0,9.804487734E0
1.946922640E1,1.048660398E0,-1.989581585E0,9.564835548E0,9.825690947E0
1.947121882E1,1.036689281E0,-1.980004787E0,9.560047150E0,9.817822830E0
1.947321101E1,1.034295082E0,-1.982398987E0,9.562441826E0,9.820385213E0
1.947520464E1,1.031900883E0,-1.975216389E0,9.557653427E0,9.814022531E0
1.947719698E1,1.034295082E0,-1.975216389E0,9.560047150E0,9.816605707E0
1.947918882E1,1.031900883E0,-1.972822189E0,9.543288231E0,9.799550861E0
1.948118190E1,1.048660398E0,-1.980004787E0,9.557653427E0,9.816763551E0
1.948317405E1,1.053448796E0,-1.989581585E0,9.543288231E0,9.805230212E0
1.948516527E1,1.065419793E0,-1.989581585E0,9.540893555E0,9.804193187E0
1.948715694E1,1.082179189E0,-1.999158382E0,9.533711433E0,9.800989732E0
1.948914933E1,1.086967587E0,-1.999158382E0,9.524134636E0,9.792204723E0
1.949114277E1,1.106121182E0,-2.008735180E0,9.521739960E0,9.793980445E0
1.949313616E1,1.113303781E0,-2.020706177E0,9.524134636E0,9.799583630E0
1.949512937E1,1.130063176E0,-2.013523579E0,9.521739960E0,9.797696252E0
1.949712296E1,1.127668977E0,-2.015917778E0,9.509769440E0,9.786280019E0
1.949911589E1,1.132457376E0,-2.015917778E0,9.512163162E0,9.789158913E0
1.950110823E1,1.142034173E0,-2.006340981E0,9.504981041E0,9.781324592E0
1.950310152E1,1.146822572E0,-2.011129379E0,9.500192642E0,9.778215769E0
1.950509530E1,1.139639974E0,-2.003946781E0,9.490615845E0,9.766594651E0
1.950708812E1,1.132457376E0,-2.008735180E0,9.478644371E0,9.755110242E0
1.950908026E1,1.122880578E0,-2.013523579E0,9.497797966E0,9.773602417E0
1.951107351E1,1.118092179E0,-2.018311977E0,9.507374763E0,9.783347497E0
1.951306554E1,1.120486379E0,-2.025494576E0,9.497797966E0,9.775800949E0
1.951505804E1,1.118092179E0,-2.037465572E0,9.500192642E0,9.780340297E0
1.951705101E1,1.127668977E0,-2.054224968E0,9.497797966E0,9.782619472E0
1.951904351E1,1.127668977E0,-2.056619167E0,9.497797966E0,9.783122504E0
1.952103640E1,1.132457376E0,-2.063801765E0,9.507374763E0,9.794483770E0
1.952302909E1,1.127668977E0,-2.073378563E0,9.507374763E0,9.795953801E0
1.952502171E1,1.125274777E0,-2.078166962E0,9.500192642E0,9.789723259E0
1.952701456E1,1.132457376E0,-2.082955360E0,9.497797966E0,9.789245576E0
1.952900788E1,1.127668977E0,-2.090138197E0,9.516951561E0,9.808806350E0
1.953100050E1,1.125274777E0,-2.090138197E0,9.514557838E0,9.806208843E0
1.953299218E1,1.125274777E0,-2.092532396E0,9.514557838E0,9.806719432E0
1.953498421E1,1.125274777E0,-2.090138197E0,9.526528358E0,9.817823770E0
1.953697757E1,1.115697980E0,-2.080561161E0,9.519346237E0,9.807724992E0
1.953896960E1,1.130063176E0,-2.099714994E0,9.531316757E0,9.825062085E0
1.954096218E1,1.118092179E0,-2.102109194E0,9.536105156E0,9.828850122E0
1.954295409E1,1.115697980E0,-2.102109194E0,9.509769440E0,9.803028096E0
1.954494648E1,1.106121182E0,-2.099714994E0,9.502586365E0,9.794460411E0
1.954693913E1,1.106121182E0,-2.094926596E0,9.504981041E0,9.795758577E0
1.954893148E1,1.103726983E0,-2.102109194E0,9.490615845E0,9.783090791E0
1.955092534E1,1.101332784E0,-2.104503393E0,9.481039047E0,9.774045726E0
1.955291898E1,1.101332784E0,-2.094926596E0,9.473855972E0,9.765019115E0
1.955491261E1,1.103726983E0,-2.087743998E0,9.495404243E0,9.784660955E0
1.955690554E1,1.094150186E0,-2.080561161E0,9.497797966E0,9.784378651E0
1.955889913E1,1.086967587E0,-2.082955360E0,9.507374763E0,9.793384321E0
1.956089183E1,1.079784989E0,-2.061407566E0,9.526528358E0,9.806634455E0
1.956288444E1,1.074996591E0,-2.054224968E0,9.533711433E0,9.811580484E0
1.956487679E1,1.070208192E0,-2.051830769E0,9.540893555E0,9.817535582E0
1.956686960E1,1.067813993E0,-2.037465572E0,9.543288231E0,9.816610563E0
1.956886277E1,1.070208192E0,-2.032677174E0,9.540893555E0,9.813550422E0
1.957085593E1,1.074996591E0,-2.027888775E0,9.531316757E0,9.803772217E0
1.957284843E1,1.070208192E0,-2.013523579E0,9.514557838E0,9.783988636E0
1.957484163E1,1.082179189E0,-2.006340981E0,9.509769440E0,9.779173315E0
1.957683468E1,1.089361787E0,-1.999158382E0,9.502586365E0,9.771514261E0
1.957882718E1,1.094150186E0,-1.994369984E0,9.493009567E0,9.761757368E0
1.958081886E1,1.089361787E0,-1.984793186E0,9.488221169E0,9.754611937E0
1.958281073E1,1.108515382E0,-1.982398987E0,9.500192642E0,9.767925692E0
1.958480280E1,1.118092179E0,-1.977610588E0,9.500192642E0,9.768046580E0
1.958679593E1,1.125274777E0,-1.975216389E0,9.516951561E0,9.784686511E0
1.958878898E1,1.139639974E0,-1.970427990E0,9.536105156E0,9.804012815E0
1.959078148E1,1.142034173E0,-1.970427990E0,9.545681953E0,9.813606497E0
1.959277351E1,1.146822572E0,-1.963245392E0,9.552865028E0,9.819713068E0
1.959476601E1,1.156399369E0,-1.960851192E0,9.560047150E0,9.827344423E0
1.959675898E1,1.161187768E0,-1.960851192E0,9.560047150E0,9.827909032E0
1.959875202E1,1.156399369E0,-1.960851192E0,9.562441826E0,9.829673981E0
1.960074491E1,1.149216771E0,-1.953668594E0,9.564835548E0,9.829730374E0
1.960273741E1,1.149216771E0,-1.963245392E0,9.576807022E0,9.843285244E0
1.960473026E1,1.156399369E0,-1.968033791E0,9.564835548E0,9.833437627E0
1.960672323E1,1.158793569E0,-1.972822189E0,9.557653427E0,9.827693980E0
1.960871476E1,1.168370485E0,-1.972822189E0,9.560047150E0,9.831155501E0
1.961070718E1,1.175553083E0,-1.977610588E0,9.536105156E0,9.809697765E0
1.961270054E1,1.187524080E0,-1.975216389E0,9.531316757E0,9.806002873E0
1.961469265E1,1.187524080E0,-1.989581585E0,9.531316757E0,9.808906537E0
1.961668554E1,1.204283476E0,-1.989581585E0,9.555258751E0,9.834210867E0
1.961867878E1,1.211466074E0,-1.994369984E0,9.548076630E0,9.829085868E0
1.962067226E1,1.216254473E0,-2.001552582E0,9.555258751E0,9.838112496E0
1.962266569E1,1.213860273E0,-2.001552582E0,9.548076630E0,9.830841105E0
1.962465831E1,1.209071875E0,-2.013523579E0,9.543288231E0,9.828045699E0
1.962664980E1,1.204283476E0,-2.020706177E0,9.540893555E0,9.826606839E0
1.962864187E1,1.197100878E0,-2.027888775E0,9.536105156E0,9.822559999E0
1.963063421E1,1.185129881E0,-2.023100376E0,9.550470352E0,9.834070974E0
1.963262632E1,1.170764685E0,-2.037465572E0,9.555258751E0,9.839965737E0
1.963461917E1,1.151610970E0,-2.035071373E0,9.550470352E0,9.832558531E0
1.963661179E1,1.151610970E0,-2.030282974E0,9.555258751E0,9.836220137E0
1.963860366E1,1.137245774E0,-2.027888775E0,9.552865028E0,9.831728794E0
1.964059429E1,1.130063176E0,-2.037465572E0,9.543288231E0,9.823576691E0
1.964258558E1,1.115697980E0,-2.047042370E0,9.548076630E0,9.828577302E0
1.964457690E1,1.110909581E0,-2.047042370E0,9.545681953E0,9.825708449E0
1.964656968E1,1.108515382E0,-2.047042370E0,9.536105156E0,9.816134186E0
1.964856194E1,1.118092179E0,-2.049436569E0,9.521739960E0,9.803767247E0
1.965055495E1,1.110909581E0,-2.047042370E0,9.509769440E0,9.790823120E0
1.965254702E1,1.106121182E0,-2.044648170E0,9.497797966E0,9.778151994E0
1.965453847E1,1.108515382E0,-2.051830769E0,9.483432770E0,9.765977317E0
1.965652905E1,1.113303781E0,-2.042253971E0,9.473855972E0,9.755213661E0
1.965852038E1,1.115697980E0,-2.039859772E0,9.469067574E0,9.750335922E0
1.966051101E1,1.106121182E0,-2.025494576E0,9.483432770E0,9.760206424E0
1.966250351E1,1.108515382E0,-2.018311977E0,9.478644371E0,9.754336918E0
1.966449577E1,1.103726983E0,-2.008735180E0,9.483432770E0,9.756471051E0
1.966648777E1,1.101332784E0,-2.003946781E0,9.497797966E0,9.769181276E0
1.966847944E1,1.098938584E0,-2.001552582E0,9.519346237E0,9.789373398E0
1.967047140E1,1.094150186E0,-1.989581585E0,9.531316757E0,9.798040551E0
1.967246355E1,1.084573388E0,-1.970427990E0,9.540893555E0,9.802424992E0
1.967445484E1,1.074996591E0,-1.963245392E0,9.538499832E0,9.797598134E0
1.967644566E1,1.067813993E0,-1.968033791E0,9.536105156E0,9.795442066E0
1.967843683E1,1.072602391E0,-1.958456993E0,9.560047150E0,9.817358667E0
1.968042773E1,1.077390790E0,-1.951274395E0,9.557653427E0,9.814121546E0
1.968241944E1,1.082179189E0,-1.939303398E0,9.555258751E0,9.809942878E0
1.968441042E1,1.084573388E0,-1.941697598E0,9.557653427E0,9.813013198E0
1.968640269E1,1.096544385E0,-1.951274395E0,9.562441826E0,9.820905000E0
1.968839440E1,1.103726983E0,-1.946485996E0,9.557653427E0,9.816096985E0
1.969038554E1,1.110909581E0,-1.941697598E0,9.548076630E0,9.806634335E0
1.969237784E1,1.115697980E0,-1.929726601E0,9.552865028E0,9.809477916E0
1.969436925E1,1.118092179E0,-1.922544003E0,9.569623947E0,9.824663254E0
1.969636190E1,1.120486379E0,-1.920149803E0,9.572018623E0,9.826800370E0
1.969835413E1,1.106121182E0,-1.910573006E0,9.560047150E0,9.811640779E0
1.970034659E1,1.103726983E0,-1.915361404E0,9.550470352E0,9.802974371E0
1.970233839E1,1.103726983E0,-1.920149803E0,9.550470352E0,9.803911080E0
1.970433019E1,1.089361787E0,-1.927332401E0,9.557653427E0,9.810711407E0
1.970632198E1,1.077390790E0,-1.922544003E0,9.562441826E0,9.813115715E0
1.970831394E1,1.067813993E0,-1.927332401E0,9.581595421E0,9.831673699E0
1.971030620E1,1.067813993E0,-1.929726601E0,9.579200745E0,9.829809682E0
1.971229734E1,1.063025594E0,-1.924938202E0,9.583989143E0,9.833018783E0
1.971428792E1,1.051054597E0,-1.927332401E0,9.586383820E0,9.834535103E0
1.971627929E1,1.046266198E0,-1.944091797E0,9.605537415E0,9.855988783E0
1.971827214E1,1.053448796E0,-1.956062794E0,9.615114212E0,9.868452631E0
1.972026464E1,1.051054597E0,-1.970427990E0,9.593565941E0,9.850066482E0
1.972225667E1,1.053448796E0,-1.987187386E0,9.564835548E0,9.825718658E0
1.972424933E1,1.060631394E0,-2.011129379E0,9.560047150E0,9.826702491E0
1.972624132E1,1.067813993E0,-2.011129379E0,9.550470352E0,9.818164393E0
1.972823374E1,1.086967587E0,-2.020706177E0,9.531316757E0,9.803609086E0
1.973022593E1,1.098938584E0,-2.018311977E0,9.514557838E0,9.788159179E0
1.973221862E1,1.108515382E0,-2.035071373E0,9.497797966E0,9.776425116E0
1.973421116E1,1.110909581E0,-2.042253971E0,9.476250648E0,9.757266407E0
1.973620429E1,1.122880578E0,-2.042253971E0,9.473855972E0,9.756311242E0
1.973819632E1,1.122880578E0,-2.044648170E0,9.471462250E0,9.754488407E0
1.974018894E1,1.120486379E0,-2.039859772E0,9.466673851E0,9.748560479E0
1.974218109E1,1.122880578E0,-2.037465572E0,9.459490776E0,9.741359889E0
1.974417284E1,1.134851575E0,-2.030282974E0,9.471462250E0,9.752873125E0
1.974616542E1,1.134851575E0,-2.030282974E0,9.478644371E0,9.759848163E0
1.974815780E1,1.144428372E0,-2.030282974E0,9.483432770E0,9.765616333E0
1.975014937E1,1.146822572E0,-2.039859772E0,9.493009567E0,9.777190831E0
1.975214128E1,1.149216771E0,-2.037465572E0,9.493009567E0,9.776972731E0
1.975413347E1,1.154005170E0,-2.032677174E0,9.490615845E0,9.774215750E0
1.975612577E1,1.154005170E0,-2.037465572E0,9.478644371E0,9.763590170E0
1.975811929E1,1.144428372E0,-2.042253971E0,9.493009567E0,9.777410098E0
1.976011194E1,1.144428372E0,-2.051830769E0,9.519346237E0,9.804982335E0
1.976210374E1,1.146822572E0,-2.037465572E0,9.531316757E0,9.813891537E0
1.976409562E1,1.139639974E0,-2.027888775E0,9.543288231E0,9.822701381E0
1.976608714E1,1.120486379E0,-2.023100376E0,9.574412346E0,9.849761247E0
1.976807984E1,1.122880578E0,-2.008735180E0,9.586383820E0,9.858733821E0
1.977007343E1,1.118092179E0,-2.001552582E0,9.586383820E0,9.856728544E0
1.977206585E1,1.103726983E0,-1.991975784E0,9.591172218E0,9.857827616E0
1.977405835E1,1.091755986E0,-1.996764183E0,9.607931137E0,9.873770256E0
1.977605027E1,1.086967587E0,-1.999158382E0,9.603142738E0,9.869066989E0
1.977804194E1,1.065419793E0,-1.984793186E0,9.603142738E0,9.863816390E0
1.978003409E1,1.065419793E0,-1.970427990E0,9.591172218E0,9.849278670E0
1.978202601E1,1.051054597E0,-1.970427990E0,9.579200745E0,9.836075901E0
1.978401792E1,1.043871999E0,-1.958456993E0,9.569623947E0,9.823590231E0
1.978601011E1,1.048660398E0,-1.958456993E0,9.564835548E0,9.819435905E0
1.978800218E1,1.036689281E0,-1.951274395E0,9.574412346E0,9.826065754E0
1.978999444E1,1.034295082E0,-1.951274395E0,9.560047150E0,9.811816324E0
1.979198675E1,1.031900883E0,-1.948880196E0,9.569623947E0,9.820420354E0
1.979397995E1,1.027112484E0,-1.944091797E0,9.555258751E0,9.804969289E0
1.979597124E1,1.024718285E0,-1.941697598E0,9.562441826E0,9.811245120E0
1.979796343E1,1.022324085E0,-1.932120800E0,9.572018623E0,9.818440703E0
1.979995523E1,1.019929886E0,-1.932120800E0,9.567230225E0,9.813523421E0
1.980194597E1,1.019929886E0,-1.944091797E0,9.579200745E0,9.827554975E0
1.980393788E1,1.022324085E0,-1.936909199E0,9.583989143E0,9.831053437E0
1.980592995E1,1.017535686E0,-1.934514999E0,9.564835548E0,9.811412040E0
1.980792108E1,1.017535686E0,-1.939303398E0,9.564835548E0,9.812357291E0
1.980991261E1,1.017535686E0,-1.946485996E0,9.557653427E0,9.806779575E0
1.981190355E1,1.022324085E0,-1.946485996E0,9.555258751E0,9.804943858E0
1.981389484E1,1.029506683E0,-1.953668594E0,9.548076630E0,9.800126138E0
1.981588624E1,1.041477680E0,-1.958456993E0,9.533711433E0,9.788354471E0
1.981787765E1,1.048660398E0,-1.960851192E0,9.524134636E0,9.780274362E0
1.981986913E1,1.072602391E0,-1.965639591E0,9.507374763E0,9.767517074E0
1.982186140E1,1.086967587E0,-1.965639591E0,9.507374763E0,9.769104996E0
1.982385323E1,1.091755986E0,-1.970427990E0,9.509769440E0,9.772933664E0
1.982584534E1,1.118092179E0,-1.977610588E0,9.521739960E0,9.789004322E0
1.982783737E1,1.127668977E0,-1.987187386E0,9.531316757E0,9.801354506E0
1.982982937E1,1.139639974E0,-1.989581585E0,9.521739960E0,9.793913723E0
1.983182073E1,1.156399369E0,-1.999158382E0,9.526528358E0,9.802481130E0
1.983381163E1,1.154005170E0,-2.015917778E0,9.524134636E0,9.803305207E0
1.983580234E1,1.177947283E0,-2.020706177E0,9.521739960E0,9.804812345E0
1.983779437E1,1.189918280E0,-2.035071373E0,9.507374763E0,9.795284370E0
1.983978690E1,1.199495077E0,-2.039859772E0,9.507374763E0,9.797448199E0
1.984177858E1,1.197100878E0,-2.042253971E0,9.490615845E0,9.781392585E0
1.984377042E1,1.197100878E0,-2.044648170E0,9.485827446E0,9.777247005E0
1.984576171E1,1.197100878E0,-2.059013367E0,9.488221169E0,9.782582864E0
1.984775292E1,1.199495077E0,-2.063801765E0,9.473855972E0,9.769954614E0
1.984974398E1,1.194706678E0,-2.073378563E0,9.481039047E0,9.778359992E0
1.985173464E1,1.189918280E0,-2.080561161E0,9.466673851E0,9.765375265E0
1.985372472E1,1.180341482E0,-2.092532396E0,9.485827446E0,9.785336999E0
1.985571499E1,1.175553083E0,-2.102109194E0,9.473855972E0,9.775210233E0
1.985770632E1,1.156399369E0,-2.097320795E0,9.481039047E0,9.778860641E0
1.985969726E1,1.154005170E0,-2.102109194E0,9.488221169E0,9.786568956E0
1.986168866E1,1.134851575E0,-2.097320795E0,9.490615845E0,9.785623727E0
1.986368007E1,1.130063176E0,-2.090138197E0,9.502586365E0,9.795145128E0
1.986567191E1,1.120486379E0,-2.078166962E0,9.504981041E0,9.793821125E0
1.986766413E1,1.113303781E0,-2.068590164E0,9.509769440E0,9.795622766E0
1.986965581E1,1.101332784E0,-2.063801765E0,9.507374763E0,9.790933894E0
1.987164784E1,1.084573388E0,-2.051830769E0,9.524134636E0,9.802828648E0
1.987364030E1,1.074996591E0,-2.051830769E0,9.528923035E0,9.806426534E0
1.987563234E1,1.065419793E0,-2.044648170E0,9.524134636E0,9.799226808E0
1.987762444E1,1.060631394E0,-2.032677174E0,9.531316757E0,9.803199201E0
1.987961749E1,1.058237195E0,-2.020706177E0,9.543288231E0,9.812108319E0
1.988160960E1,1.058237195E0,-2.018311977E0,9.531316757E0,9.799971853E0
1.988360132E1,1.055842996E0,-2.003946781E0,9.533711433E0,9.799094898E0
1.988559398E1,1.046266198E0,-2.001552582E0,9.545681953E0,9.809226761E0
1.988758605E1,1.039083481E0,-1.996764183E0,9.550470352E0,9.812147860E0
1.988957831E1,1.034295082E0,-1.994369984E0,9.550470352E0,9.811154973E0
1.989157066E1,1.031900883E0,-1.989581585E0,9.550470352E0,9.809930594E0
1.989356327E1,1.029506683E0,-1.982398987E0,9.562441826E0,9.819882048E0
1.989555550E1,1.029506683E0,-1.982398987E0,9.572018623E0,9.829208019E0
1.989754792E1,1.019929886E0,-1.982398987E0,9.560047150E0,9.816550525E0
1.989954101E1,1.024718285E0,-1.989581585E0,9.557653427E0,9.816171427E0
1.990153472E1,1.022324085E0,-2.001552582E0,9.574412346E0,9.834669849E0
1.990352773E1,1.022324085E0,-2.006340981E0,9.579200745E0,9.840306782E0
1.990552073E1,1.031900883E0,-2.013523579E0,9.579200745E0,9.842773163E0
1.990751300E1,1.031900883E0,-2.015917778E0,9.572018623E0,9.836273911E0
1.990950534E1,1.027112484E0,-2.023100376E0,9.593565941E0,9.858214983E0
1.991149788E1,1.027112484E0,-2.030282974E0,9.591172218E0,9.857362402E0
1.991349069E1,1.036689281E0,-2.039859772E0,9.610325813E0,9.878973367E0
1.991548319E1,1.027112484E0,-2.044648170E0,9.593565941E0,9.862659563E0
1.991747519E1,1.027112484E0,-2.042253971E0,9.591172218E0,9.859834981E0
1.991946718E1,1.031900883E0,-2.051830769E0,9.581595421E0,9.853009679E0
1.992145968E1,1.036689281E0,-2.059013367E0,9.562441826E0,9.836389296E0
1.992345249E1,1.043871999E0,-2.059013367E0,9.552865028E0,9.827839795E0
1.992544538E1,1.053448796E0,-2.054224968E0,9.524134636E0,9.799935467E0
1.992743858E1,1.070208192E0,-2.047042370E0,9.493009567E0,9.770003003E0
1.992943237E1,1.072602391E0,-2.047042370E0,9.464279175E0,9.742352829E0
1.993142612E1,1.082179189E0,-2.051830769E0,9.483432770E0,9.763023015E0
1.993341862E1,1.091755986E0,-2.063801765E0,9.481039047E0,9.764287495E0
1.993541167E1,1.101332784E0,-2.063801765E0,9.461885452E0,9.746768077E0
1.993740468E1,1.120486379E0,-2.066195965E0,9.440337181E0,9.728546735E0
1.993939827E1,1.134851575E0,-2.066195965E0,9.433155060E0,9.723243710E0
1.994139105E1,1.137245774E0,-2.068590164E0,9.418789864E0,9.710097616E0
1.994338296E1,1.154005170E0,-2.068590164E0,9.423578262E0,9.716718606E0
1.994537421E1,1.170764685E0,-2.066195965E0,9.433155060E0,9.727500712E0
1.994736554E1,1.173158884E0,-2.063801765E0,9.428366661E0,9.722637368E0
1.994935683E1,1.165976286E0,-2.063801765E0,9.428366661E0,9.721773312E0
1.995134878E1,1.158793569E0,-2.059013367E0,9.445125580E0,9.736156110E0
1.995334132E1,1.151610970E0,-2.061407566E0,9.442731857E0,9.733488270E0
1.995533351E1,1.149216771E0,-2.049436569E0,9.471462250E0,9.758559657E0
1.995732562E1,1.139639974E0,-2.032677174E0,9.490615845E0,9.772530116E0
1.995931706E1,1.134851575E0,-2.020706177E0,9.504981041E0,9.783445515E0
1.996130827E1,1.134851575E0,-2.011129379E0,9.509769440E0,9.786125090E0
1.996330050E1,1.125274777E0,-2.003946781E0,9.514557838E0,9.788199880E0
1.996529245E1,1.115697980E0,-1.989581585E0,9.531316757E0,9.800470192E0
1.996728433E1,1.094150186E0,-1.987187386E0,9.543288231E0,9.809201221E0
1.996927628E1,1.082179189E0,-1.968033791E0,9.574412346E0,9.834309359E0
1.997126780E1,1.058237195E0,-1.960851192E0,9.574412346E0,9.830268314E0
1.997326011E1,1.039083481E0,-1.953668594E0,9.567230225E0,9.819796822E0
1.997525292E1,1.027112484E0,-1.951274395E0,9.576807022E0,9.827393579E0
1.997724511E1,1.024718285E0,-1.951274395E0,9.583989143E0,9.834142933E0
1.997923690E1,1.017535686E0,-1.953668594E0,9.607931137E0,9.857207545E0
1.998122968E1,1.022324085E0,-1.960851192E0,9.588777542E0,9.840464353E0
1.998322132E1,1.034295082E0,-1.956062794E0,9.572018623E0,9.824433240E0
1.998521327E1,1.034295082E0,-1.963245392E0,9.564835548E0,9.818868461E0
1.998720577E1,1.036689281E0,-1.984793186E0,9.560047150E0,9.818789649E0
1.998919956E1,1.055842996E0,-1.999158382E0,9.538499832E0,9.802776021E0
1.999119179E1,1.051054597E0,-2.006340981E0,9.519346237E0,9.785094413E0
1.999318448E1,1.048660398E0,-2.008735180E0,9.512163162E0,9.778341049E0
1.999517667E1,1.065419793E0,-2.018311977E0,9.493009567E0,9.763500050E0
1.999716831E1,1.070208192E0,-2.032677174E0,9.488221169E0,9.762349257E0
1.999916011E1,1.060631394E0,-2.049436569E0,9.488221169E0,9.764807737E0
2.000115253E1,1.072602391E0,-2.047042370E0,9.481039047E0,9.758635139E0
2.000314566E1,1.086967587E0,-2.054224968E0,9.481039047E0,9.761733461E0
2.000513937E1,1.086967587E0,-2.073378563E0,9.471462250E0,9.756484733E0
2.000713210E1,1.091755986E0,-2.080561161E0,9.466673851E0,9.753900742E0
2.000912476E1,1.084573388E0,-2.085349798E0,9.483432770E0,9.770387931E0
2.001111749E1,1.082179189E0,-2.090138197E0,9.488221169E0,9.775793084E0
