"Time (s)","Acceleration x (m/s^2)","Acceleration y (m/s^2)","Acceleration z (m/s^2)","Absolute acceleration (m/s^2)"
5.833387000E-3,-9.121908545E-1,3.351882398E-1,9.660603523E0,9.709361655E0
7.835418000E-3,-9.217676520E-1,3.423708379E-1,9.684545517E0,9.734335892E0
9.836590000E-3,-9.241618514E-1,3.280056417E-1,9.682151794E0,9.731686709E0
1.183842600E-2,-9.265560508E-1,3.256114423E-1,9.689333916E0,9.738979446E0
1.384049600E-2,-9.361328483E-1,3.040636182E-1,9.708487511E0,9.758254410E0
1.584190200E-2,-9.361328483E-1,2.753331959E-1,9.708487511E0,9.757401438E0
1.784323100E-2,-9.313444495E-1,2.633621991E-1,9.708487511E0,9.756612726E0
1.984397300E-2,-9.361328483E-1,2.466027737E-1,9.701305389E0,9.749486340E0
2.184549600E-2,-9.409212470E-1,2.274491638E-1,9.696516991E0,9.744716910E0
2.384643400E-2,-9.289502501E-1,2.059013397E-1,9.691728592E0,9.738323625E0
2.584721500E-2,-9.313444495E-1,1.891419291E-1,9.682151794E0,9.728681335E0
2.784920700E-2,-9.457096457E-1,1.819593310E-1,9.682151794E0,9.729930077E0
2.985162900E-2,-9.576807022E-1,1.747767180E-1,9.677363396E0,9.726204888E0
3.185381700E-2,-9.696516991E-1,1.747767180E-1,9.684545517E0,9.734536105E0
3.385518400E-2,-9.744400978E-1,1.747767180E-1,9.679757118E0,9.730250679E0
3.585772300E-2,-9.935936928E-1,1.819593310E-1,9.689333916E0,9.741844248E0
3.786002700E-2,-1.003170490E0,1.939303428E-1,9.696516991E0,9.750200088E0
3.986194200E-2,-1.007958889E0,2.035071403E-1,9.703699112E0,9.758031191E0
4.186315200E-2,-1.031900883E0,2.178723514E-1,9.715670586E0,9.772744892E0
4.386522300E-2,-1.041477680E0,2.178723514E-1,9.725247383E0,9.783280676E0
4.586744900E-2,-1.053448796E0,2.154781520E-1,9.749189377E0,9.808306618E0
4.786940200E-2,-1.053448796E0,2.178723514E-1,9.756371498E0,9.815498334E0
4.987190200E-2,-1.043871999E0,2.226607651E-1,9.761159897E0,9.819342600E0
5.187342600E-2,-1.036689281E0,2.394201756E-1,9.768342972E0,9.826116786E0
5.387506700E-2,-1.027112484E0,2.466027737E-1,9.770736694E0,9.827668520E0
5.587780100E-2,-1.015141487E0,2.466027737E-1,9.785101891E0,9.840708520E0
5.787924600E-2,-9.983820915E-1,2.489969730E-1,9.804255486E0,9.858102856E0
5.988127700E-2,-9.864110947E-1,2.513911724E-1,9.809044838E0,9.861722213E0
6.188311300E-2,-9.672574997E-1,2.489969730E-1,9.818621635E0,9.869291635E0
6.388409000E-2,-9.576807022E-1,2.489969730E-1,9.821015358E0,9.870739308E0
6.588475400E-2,-9.361328483E-1,2.561795712E-1,9.828198433E0,9.876004107E0
6.788596500E-2,-9.241618514E-1,2.609679997E-1,9.828198433E0,9.875001968E0
6.988686300E-2,-9.121908545E-1,2.729389966E-1,9.828198433E0,9.874212490E0
7.188795700E-2,-9.002198577E-1,2.801215947E-1,9.842563629E0,9.887614611E0
7.388873800E-2,-8.906430602E-1,2.849099934E-1,9.849745750E0,9.894034067E0
7.589041800E-2,-8.762778044E-1,2.968810201E-1,9.859322548E0,9.902638145E0
7.789209800E-2,-8.619126081E-1,3.016694188E-1,9.856928825E0,9.899138531E0
7.989311300E-2,-8.619126081E-1,3.112462163E-1,9.847352028E0,9.889899368E0
8.189459800E-2,-8.619126081E-1,3.064578176E-1,9.835380554E0,9.877829741E0
8.389780100E-2,-8.643068075E-1,3.040636182E-1,9.821015358E0,9.863661775E0
8.589994900E-2,-8.667010069E-1,2.992752194E-1,9.801861763E0,9.844654911E0
8.790170700E-2,-8.762778044E-1,2.968810201E-1,9.799467087E0,9.843046089E0
8.990409000E-2,-8.762778044E-1,2.896983922E-1,9.789890289E0,9.833297505E0
9.190584800E-2,-8.810662031E-1,2.920926213E-1,9.787496567E0,9.831413164E0
9.390713700E-2,-8.978256583E-1,2.992752194E-1,9.770736694E0,9.816463320E0
9.590846500E-2,-9.241618514E-1,2.968810201E-1,9.761159897E0,9.809304562E0
9.790975400E-2,-9.337386489E-1,2.944868207E-1,9.756371498E0,9.805374810E0
9.991229300E-2,-9.457096457E-1,2.849099934E-1,9.739612579E0,9.789565549E0
1.019132310E-1,-9.552865028E-1,2.753331959E-1,9.734824181E0,9.785457705E0
1.039152620E-1,-9.457096457E-1,2.825157940E-1,9.737217903E0,9.787113691E0
1.059158480E-1,-9.528923035E-1,2.801215947E-1,9.732429504E0,9.782977865E0
1.079169420E-1,-9.672574997E-1,2.753331959E-1,9.725247383E0,9.777107553E0
1.099184650E-1,-9.624691010E-1,2.801215947E-1,9.730035782E0,9.781534194E0
1.119200670E-1,-9.528923035E-1,2.777273953E-1,9.722852707E0,9.773382271E0
1.139211210E-1,-9.528923035E-1,2.705447972E-1,9.715670586E0,9.766035693E0
1.159229180E-1,-9.528923035E-1,2.681505978E-1,9.739612579E0,9.789788643E0
1.179255740E-1,-9.528923035E-1,2.681505978E-1,9.758766174E0,9.808844261E0
1.199280740E-1,-9.481038451E-1,2.585737705E-1,9.775525093E0,9.824797817E0
1.219296370E-1,-9.504981041E-1,2.633621991E-1,9.785101891E0,9.834684810E0
1.239317850E-1,-9.528923035E-1,2.633621991E-1,9.799467087E0,9.849209033E0
1.259337380E-1,-9.457096457E-1,2.753331959E-1,9.830592155E0,9.879813623E0
1.279353010E-1,-9.457096457E-1,2.825157940E-1,9.823410034E0,9.872870231E0
1.299372930E-1,-9.457096457E-1,2.801215947E-1,9.828198433E0,9.877566465E0
1.319401060E-1,-9.361328483E-1,2.777273953E-1,9.840168953E0,9.888498482E0
1.339432310E-1,-9.313444495E-1,2.825157940E-1,9.852140427E0,9.900095386E0
1.359446760E-1,-9.217676520E-1,2.801215947E-1,9.856928825E0,9.903896687E0
1.379456920E-1,-9.217676520E-1,2.825157940E-1,9.861717224E0,9.908730362E0
1.399469020E-1,-9.217676520E-1,2.849099934E-1,9.864110947E0,9.911181265E0
1.419494810E-1,-9.169792533E-1,2.777273953E-1,9.859322548E0,9.905767237E0
1.439502620E-1,-9.241618514E-1,2.609679997E-1,9.873687744E0,9.920276664E0
1.459521760E-1,-9.145850539E-1,2.585737705E-1,9.864110947E0,9.909793690E0
1.479534260E-1,-9.217676520E-1,2.394201756E-1,9.844957352E0,9.890913147E0
1.499549880E-1,-9.265560508E-1,2.370259613E-1,9.847352028E0,9.893686339E0
1.519568630E-1,-9.217676520E-1,2.370259613E-1,9.854534149E0,9.900387882E0
1.539585040E-1,-9.169792533E-1,2.322375625E-1,9.849745750E0,9.895063243E0
1.559601060E-1,-9.145850539E-1,2.250549644E-1,9.825803757E0,9.870842670E0
1.579617460E-1,-9.169792533E-1,2.202665508E-1,9.818621635E0,9.863807537E0
1.599637380E-1,-9.241618514E-1,2.130839527E-1,9.809044838E0,9.854787696E0
1.619649100E-1,-9.337386489E-1,2.059013397E-1,9.782708168E0,9.829325629E0
1.639664340E-1,-9.385270476E-1,2.130839527E-1,9.758766174E0,9.806108047E0
1.659684650E-1,-9.409212470E-1,2.154781520E-1,9.749189377E0,9.796859555E0
1.679700270E-1,-9.624691010E-1,2.202665508E-1,9.720458984E0,9.770475269E0
1.699711600E-1,-9.720458984E-1,2.226607651E-1,9.718064308E0,9.769095400E0
1.719724100E-1,-9.864110947E-1,2.250549644E-1,9.710882187E0,9.763446596E0
1.739742070E-1,-9.792284966E-1,2.346317619E-1,9.706093788E0,9.758186160E0
1.759763170E-1,-9.935936928E-1,2.466027737E-1,9.701305389E0,9.755171327E0
1.779777620E-1,-9.983820915E-1,2.537853718E-1,9.694122314E0,9.748701517E0
1.799789340E-1,-9.959878922E-1,2.633621991E-1,9.694122314E0,9.748710632E0
1.819802230E-1,-9.935936928E-1,2.705447972E-1,9.691728592E0,9.746282677E0
1.839819420E-1,-9.911994934E-1,2.753331959E-1,9.691728592E0,9.746172988E0
1.859836600E-1,-9.840168953E-1,2.801215947E-1,9.689333916E0,9.743200146E0
1.879858480E-1,-9.552865028E-1,2.849099934E-1,9.679757118E0,9.730952876E0
1.899879570E-1,-9.313444495E-1,2.849099934E-1,9.684545517E0,9.733396019E0
1.919908090E-1,-9.026140571E-1,2.705447972E-1,9.679757118E0,9.725513071E0
1.939934260E-1,-8.882488012E-1,2.705447972E-1,9.674968719E0,9.719423859E0
1.959957700E-1,-8.738836050E-1,2.801215947E-1,9.658209801E0,9.701708984E0
1.979974490E-1,-8.762778044E-1,2.849099934E-1,9.655815125E0,9.699680521E0
1.999984260E-1,-8.762778044E-1,2.873041928E-1,9.662998199E0,9.706901704E0
2.019994810E-1,-8.738836050E-1,2.849099934E-1,9.655815125E0,9.699464520E0
2.040013170E-1,-8.834604025E-1,2.896983922E-1,9.653421402E0,9.698091163E0
2.060038950E-1,-8.906430602E-1,3.088520169E-1,9.651026726E0,9.696955785E0
2.080044420E-1,-9.050082564E-1,3.136404157E-1,9.651026726E0,9.698439417E0
2.100052620E-1,-9.385270476E-1,3.232172430E-1,9.670180321E0,9.720992225E0
2.120073710E-1,-9.552865028E-1,3.280056417E-1,9.653421402E0,9.706116874E0
2.140099880E-1,-9.696516991E-1,3.232172430E-1,9.655815125E0,9.709761044E0
2.160126450E-1,-9.768342972E-1,3.112462163E-1,9.658209801E0,9.712471159E0
2.180138560E-1,-9.792284966E-1,3.064578176E-1,9.655815125E0,9.710178709E0
2.200154180E-1,-9.888052940E-1,2.992752194E-1,9.662998199E0,9.718067491E0
2.220173710E-1,-9.959878922E-1,2.873041928E-1,9.667786598E0,9.723200774E0
2.240192460E-1,-9.888052940E-1,2.825157940E-1,9.665391922E0,9.719946095E0
2.260211990E-1,-9.911994934E-1,2.705447972E-1,9.674968719E0,9.729372572E0
2.280234650E-1,-9.935936928E-1,2.489969730E-1,9.658209801E0,9.712375841E0
2.300253010E-1,-9.911994934E-1,2.322375625E-1,9.648633003E0,9.702191997E0
2.320270590E-1,-9.744400978E-1,2.154781520E-1,9.631873131E0,9.683436598E0
2.340292070E-1,-9.672574997E-1,1.963245422E-1,9.631873131E0,9.682309146E0
2.360308090E-1,-9.696516991E-1,1.771709323E-1,9.634267807E0,9.684561432E0
2.380336990E-1,-9.672574997E-1,1.675941199E-1,9.631873131E0,9.681769201E0
2.400359650E-1,-9.672574997E-1,1.460463107E-1,9.617507935E0,9.667128605E0
2.420380350E-1,-9.792284966E-1,1.508347094E-1,9.607931137E0,9.658880903E0
2.440399880E-1,-1.000776291E0,1.364694983E-1,9.605537415E0,9.658495024E0
2.460422150E-1,-1.010353088E0,1.508347094E-1,9.605537415E0,9.659705663E0
2.480444420E-1,-1.015141487E0,1.580173075E-1,9.622296333E0,9.676986537E0
2.500473710E-1,-1.019929886E0,1.699883193E-1,9.629479408E0,9.684834881E0
2.520487380E-1,-1.043871999E0,1.723825186E-1,9.622296333E0,9.680287765E0
2.540511990E-1,-1.067813993E0,1.963245422E-1,9.651026726E0,9.711904392E0
2.560531520E-1,-1.072602391E0,2.035071403E-1,9.670180321E0,9.731612327E0
2.580549490E-1,-1.082179189E0,2.106897533E-1,9.689333916E0,9.751855910E0
2.600566290E-1,-1.098938584E0,2.130839527E-1,9.737217903E0,9.801351094E0
2.620595590E-1,-1.101332784E0,2.226607651E-1,9.770736694E0,9.835131279E0
2.640624490E-1,-1.091755986E0,2.346317619E-1,9.797073364E0,9.860508592E0
2.660654180E-1,-1.091755986E0,2.322375625E-1,9.811438560E0,9.874724910E0
2.680689340E-1,-1.084573388E0,2.442085743E-1,9.840168953E0,9.902770435E0
2.700711600E-1,-1.063025594E0,2.322375625E-1,9.859322548E0,9.919183374E0
2.720743630E-1,-1.036689281E0,2.370259613E-1,9.878476143E0,9.935552168E0
2.740759650E-1,-1.027112484E0,2.418143749E-1,9.902418137E0,9.958479763E0
2.760775670E-1,-9.983820915E-1,2.394201756E-1,9.909601212E0,9.962644478E0
2.780783870E-1,-9.935936928E-1,2.466027737E-1,9.933543205E0,9.986156516E0
2.800798710E-1,-9.744400978E-1,2.537853718E-1,9.938331604E0,9.989212962E0
2.820826060E-1,-9.648633003E-1,2.489969730E-1,9.945513725E0,9.995309097E0
2.840858090E-1,-9.528923035E-1,2.585737705E-1,9.964667320E0,1.001346388E1
2.860883090E-1,-9.313444495E-1,2.657563984E-1,9.971850395E0,1.001877384E1
2.880904960E-1,-9.097966552E-1,2.729389966E-1,9.957485199E0,1.000268650E1
2.900923710E-1,-9.050082564E-1,2.801215947E-1,9.950302124E0,9.995299916E0
2.920944420E-1,-8.906430602E-1,2.753331959E-1,9.947908401E0,9.991493131E0
2.940968630E-1,-8.834604025E-1,2.753331959E-1,9.943120003E0,9.986087624E0
2.960988560E-1,-8.810662031E-1,2.873041928E-1,9.909601212E0,9.952839671E0
2.981020590E-1,-8.762778044E-1,2.920926213E-1,9.900024414E0,9.943020883E0
3.001054180E-1,-8.762778044E-1,3.088520169E-1,9.892841339E0,9.936375703E0
3.021074880E-1,-8.690952063E-1,3.208230138E-1,9.892841339E0,9.936124176E0
3.041101840E-1,-8.667010069E-1,3.327940404E-1,9.878476143E0,9.922006522E0
3.061115120E-1,-8.643068075E-1,3.327940404E-1,9.885659218E0,9.928949406E0
3.081127620E-1,-8.547300100E-1,3.232172430E-1,9.859322548E0,9.901579363E0
3.101147150E-1,-8.451532125E-1,3.232172430E-1,9.840168953E0,9.881683984E0
3.121178790E-1,-8.355764151E-1,3.136404157E-1,9.825803757E0,9.866254493E0
3.141203010E-1,-8.283938169E-1,3.112462163E-1,9.816226959E0,9.856034813E0
3.161235820E-1,-8.212111592E-1,3.160346150E-1,9.792284966E0,9.831739952E0
3.181271760E-1,-8.068459630E-1,3.112462163E-1,9.775525093E0,9.813702943E0
3.201303790E-1,-8.044517636E-1,3.136404157E-1,9.751583099E0,9.789733699E0
3.221331130E-1,-8.092401624E-1,3.088520169E-1,9.732429504E0,9.770897772E0
3.241362770E-1,-8.188169599E-1,3.208230138E-1,9.718064308E0,9.757774465E0
3.261394420E-1,-8.283938169E-1,3.256114423E-1,9.706093788E0,9.746820802E0
3.281414340E-1,-8.331822157E-1,3.184288144E-1,9.689333916E0,9.730302218E0
3.301442070E-1,-8.403648138E-1,3.256114423E-1,9.686940193E0,9.728774133E0
3.321472930E-1,-8.475474119E-1,3.184288144E-1,9.679757118E0,9.722007580E0
3.341508090E-1,-8.690952063E-1,3.184288144E-1,9.674968719E0,9.719143126E0
3.361545590E-1,-8.906430602E-1,3.136404157E-1,9.662998199E0,9.709024131E0
3.381583870E-1,-8.978256583E-1,3.184288144E-1,9.658209801E0,9.705076217E0
3.401611210E-1,-9.074024558E-1,3.040636182E-1,9.658209801E0,9.705506193E0
3.421646760E-1,-9.121908545E-1,3.016694188E-1,9.653421402E0,9.701115470E0
3.441677620E-1,-9.241618514E-1,2.849099934E-1,9.636661530E0,9.685065527E0
3.461701840E-1,-9.289502501E-1,2.849099934E-1,9.634267807E0,9.683141972E0
3.481726060E-1,-9.457096457E-1,2.729389966E-1,9.641449928E0,9.691564329E0
3.501758870E-1,-9.504981041E-1,2.681505978E-1,9.643844604E0,9.694281311E0
3.521790900E-1,-9.576807022E-1,2.633621991E-1,9.634267807E0,9.685330565E0
3.541824490E-1,-9.624691010E-1,2.537853718E-1,9.615114212E0,9.666497561E0
3.561854960E-1,-9.720458984E-1,2.442085743E-1,9.610325813E0,9.662446548E0
3.581876060E-1,-9.768342972E-1,2.346317619E-1,9.607931137E0,9.660310453E0
3.601892460E-1,-9.768342972E-1,2.346317619E-1,9.607931137E0,9.660310453E0
3.621911210E-1,-9.864110947E-1,2.298433632E-1,9.610325813E0,9.663549920E0
3.641929960E-1,-9.983820915E-1,2.370259613E-1,9.617507935E0,9.672094240E0
3.661943630E-1,-1.003170490E0,2.442085743E-1,9.622296333E0,9.677529415E0
3.681963560E-1,-9.983820915E-1,2.466027737E-1,9.641449928E0,9.696140286E0
3.701977230E-1,-1.007958889E0,2.537853718E-1,9.653421402E0,9.709218965E0
3.721993630E-1,-1.015141487E0,2.729389966E-1,9.660603523E0,9.717626684E0
3.742004960E-1,-1.010353088E0,2.968810201E-1,9.677363396E0,9.734490947E0
3.762016290E-1,-1.003170490E0,3.160346150E-1,9.684545517E0,9.741491199E0
3.782027230E-1,-1.000776291E0,3.184288144E-1,9.689333916E0,9.746083409E0
3.802038560E-1,-1.000776291E0,3.256114423E-1,9.706093788E0,9.762982773E0
3.822049490E-1,-9.792284966E-1,3.423708379E-1,9.727641106E0,9.782796518E0
3.842063950E-1,-9.576807022E-1,3.351882398E-1,9.739612579E0,9.792321312E0
3.862069810E-1,-9.481038451E-1,3.280056417E-1,9.737217903E0,9.788764023E0
3.882079570E-1,-9.385270476E-1,3.256114423E-1,9.739612579E0,9.790143463E0
3.902088950E-1,-9.241618514E-1,3.232172430E-1,9.749189377E0,9.798226269E0
3.922105740E-1,-9.217676520E-1,3.232172430E-1,9.749189377E0,9.798000740E0
3.942115510E-1,-9.193734527E-1,3.208230138E-1,9.746794701E0,9.795314282E0
3.962118240E-1,-9.121908545E-1,3.351882398E-1,9.742006302E0,9.790359038E0
3.982131130E-1,-9.121908545E-1,3.375824392E-1,9.739612579E0,9.788059422E0
4.002142070E-1,-9.169792533E-1,3.351882398E-1,9.739612579E0,9.788424557E0
4.022158870E-1,-9.217676520E-1,3.495534360E-1,9.739612579E0,9.789376712E0
4.042165120E-1,-9.217676520E-1,3.495534360E-1,9.713275909E0,9.763174284E0
4.062172540E-1,-9.217676520E-1,3.447650373E-1,9.694122314E0,9.743948172E0
4.082168630E-1,-9.217676520E-1,3.567360640E-1,9.694122314E0,9.744379081E0
4.102173320E-1,-9.193734527E-1,3.567360640E-1,9.694122314E0,9.744152894E0
4.122180740E-1,-9.241618514E-1,3.519476354E-1,9.684545517E0,9.734904424E0
4.142188560E-1,-9.241618514E-1,3.423708379E-1,9.660603523E0,9.710744222E0
4.162196760E-1,-9.217676520E-1,3.303998411E-1,9.627084732E0,9.676754626E0
4.182195980E-1,-9.074024558E-1,3.208230138E-1,9.615114212E0,9.663163454E0
4.202204960E-1,-9.002198577E-1,3.112462163E-1,9.595960617E0,9.643118280E0
4.222213950E-1,-8.954314590E-1,3.040636182E-1,9.569623947E0,9.616233913E0
4.242231130E-1,-8.978256583E-1,2.849099934E-1,9.550470352E0,9.596809291E0
4.262251060E-1,-8.930372596E-1,2.801215947E-1,9.543288231E0,9.589073673E0
4.282259260E-1,-8.834604025E-1,2.729389966E-1,9.533711433E0,9.578447248E0
4.302272930E-1,-8.858546019E-1,2.681505978E-1,9.512163162E0,9.557085913E0
4.322286990E-1,-8.906430602E-1,2.705447972E-1,9.504981041E0,9.550450468E0
4.342301450E-1,-8.930372596E-1,2.633621991E-1,9.483432770E0,9.529027878E0
4.362314340E-1,-8.954314590E-1,2.633621991E-1,9.483432770E0,9.529252554E0
4.382334260E-1,-8.906430602E-1,2.681505978E-1,9.485827446E0,9.531320587E0
4.402347150E-1,-8.906430602E-1,2.681505978E-1,9.476250648E0,9.521789546E0
4.422361210E-1,-8.906430602E-1,2.801215947E-1,9.481039047E0,9.526899526E0
4.442381920E-1,-9.050082564E-1,2.968810201E-1,9.495404243E0,9.543054020E0
4.462396760E-1,-9.026140571E-1,3.136404157E-1,9.516951561E0,9.564802636E0
4.482421370E-1,-9.074024558E-1,3.303998411E-1,9.524134636E0,9.572966303E0
4.502449100E-1,-9.074024558E-1,3.495534360E-1,9.540893555E0,9.590318902E0
4.522473710E-1,-9.002198577E-1,3.687070608E-1,9.550470352E0,9.599886699E0
4.542499490E-1,-8.882488012E-1,3.830722570E-1,9.564835548E0,9.613626233E0
4.562520590E-1,-8.786720037E-1,3.902548850E-1,9.586383820E0,9.634475497E0
4.582536600E-1,-8.810662031E-1,3.878606856E-1,9.588777542E0,9.636979211E0
4.602554570E-1,-8.667010069E-1,3.950432837E-1,9.600749016E0,9.647881192E0
4.622575670E-1,-8.595184088E-1,3.902548850E-1,9.615114212E0,9.661340077E0
4.642593240E-1,-8.547300100E-1,3.950432837E-1,9.639056206E0,9.684938158E0
4.662608870E-1,-8.523358107E-1,3.902548850E-1,9.629479408E0,9.675001234E0
4.682619420E-1,-8.475474119E-1,3.854664862E-1,9.617507935E0,9.662472763E0
4.702640510E-1,-8.499416113E-1,3.758896589E-1,9.629479408E0,9.674221801E0
4.722653790E-1,-8.667010069E-1,3.711012602E-1,9.622296333E0,9.668374916E0
4.742672540E-1,-8.643068075E-1,3.591302633E-1,9.615114212E0,9.660560135E0
4.762687380E-1,-8.738836050E-1,3.567360640E-1,9.617507935E0,9.663715230E0
4.782709650E-1,-8.690952063E-1,3.375824392E-1,9.600749016E0,9.645914682E0
4.802719020E-1,-8.786720037E-1,3.232172430E-1,9.598354340E0,9.643906880E0
4.822729180E-1,-8.858546019E-1,3.112462163E-1,9.588777542E0,9.634638931E0
4.842742850E-1,-8.834604025E-1,3.064578176E-1,9.586383820E0,9.631883171E0
4.862753010E-1,-8.906430602E-1,2.968810201E-1,9.569623947E0,9.615564772E0
4.882772930E-1,-9.002198577E-1,2.944868207E-1,9.562441826E0,9.609235763E0
4.902801060E-1,-9.026140571E-1,2.920926213E-1,9.569623947E0,9.616534341E0
4.922817460E-1,-9.002198577E-1,2.992752194E-1,9.576807022E0,9.623678828E0
4.942831520E-1,-9.169792533E-1,2.849099934E-1,9.583989143E0,9.631971374E0
4.962848320E-1,-9.265560508E-1,2.753331959E-1,9.586383820E0,9.634991916E0
4.982861990E-1,-9.433154464E-1,2.681505978E-1,9.586383820E0,9.636415491E0
5.002880350E-1,-9.624691010E-1,2.609679997E-1,9.586383820E0,9.638112149E0
5.022899490E-1,-9.792284966E-1,2.657563984E-1,9.583989143E0,9.637549627E0
5.042909650E-1,-9.959878922E-1,2.801215947E-1,9.605537415E0,9.661097713E0
5.062924100E-1,-1.005564690E0,2.849099934E-1,9.615114212E0,9.671750377E0
5.082952620E-1,-1.034295082E0,2.920926213E-1,9.641449928E0,9.701166999E0
5.102979960E-1,-1.055842996E0,3.160346150E-1,9.648633003E0,9.711374833E0
5.123000270E-1,-1.067813993E0,3.232172430E-1,9.658209801E0,9.722433474E0
5.143019420E-1,-1.067813993E0,3.423708379E-1,9.677363396E0,9.742115109E0
5.163044420E-1,-1.084573388E0,3.447650373E-1,9.701305389E0,9.767829269E0
5.183062380E-1,-1.091755986E0,3.519476354E-1,9.730035782E0,9.797417751E0
5.203083870E-1,-1.091755986E0,3.591302633E-1,9.763554573E0,9.830966564E0
5.223103790E-1,-1.086967587E0,3.663128614E-1,9.773131371E0,9.840212418E0
5.243120980E-1,-1.067813993E0,3.519476354E-1,9.787496567E0,9.851861900E0
5.263136990E-1,-1.051054597E0,3.567360640E-1,9.789890289E0,9.852610226E0
5.283154960E-1,-1.019929886E0,3.375824392E-1,9.809044838E0,9.867703862E0
5.303168630E-1,-9.816226959E-1,3.280056417E-1,9.811438560E0,9.865875402E0
5.323185430E-1,-9.552865028E-1,3.208230138E-1,9.821015358E0,9.872580330E0
5.343200670E-1,-9.433154464E-1,3.040636182E-1,9.821015358E0,9.870898712E0
5.363210820E-1,-9.169792533E-1,2.944868207E-1,9.811438560E0,9.858595238E0
5.383223710E-1,-9.026140571E-1,2.920926213E-1,9.806650162E0,9.852432067E0
5.403239340E-1,-8.882488012E-1,2.801215947E-1,9.813833237E0,9.857929643E0
5.423250670E-1,-8.762778044E-1,2.729389966E-1,9.821015358E0,9.863807639E0
5.443254180E-1,-8.667010069E-1,2.633621991E-1,9.813833237E0,9.855549355E0
5.463267460E-1,-8.547300100E-1,2.466027737E-1,9.806650162E0,9.846916457E0
5.483268630E-1,-8.451532125E-1,2.442085743E-1,9.794678688E0,9.834106588E0
5.503272930E-1,-8.379706144E-1,2.322375625E-1,9.775525093E0,9.814123490E0
5.523287770E-1,-8.499416113E-1,2.250549644E-1,9.756371498E0,9.795909110E0
5.543292070E-1,-8.499416113E-1,2.298433632E-1,9.742006302E0,9.781713321E0
5.563299880E-1,-8.523358107E-1,2.130839527E-1,9.730035782E0,9.769620127E0
5.583301060E-1,-8.619126081E-1,2.106897533E-1,9.722852707E0,9.763255004E0
5.603307310E-1,-8.786720037E-1,2.130839527E-1,9.710882187E0,9.752881734E0
5.623319420E-1,-8.978256583E-1,2.130839527E-1,9.694122314E0,9.737941422E0
5.643340900E-1,-9.145850539E-1,2.178723514E-1,9.679757118E0,9.725308841E0
5.663358090E-1,-9.289502501E-1,2.202665508E-1,9.662998199E0,9.710046350E0
5.683380740E-1,-9.504981041E-1,2.322375625E-1,9.648633003E0,9.698118362E0
5.703408870E-1,-9.528923035E-1,2.418143749E-1,9.639056206E0,9.689059937E0
5.723434260E-1,-9.624691010E-1,2.585737705E-1,9.627084732E0,9.678531273E0
5.743463170E-1,-9.672574997E-1,2.633621991E-1,9.629479408E0,9.681519529E0
5.763487770E-1,-9.840168953E-1,2.729389966E-1,9.624691010E0,9.678711793E0
5.783506130E-1,-9.888052940E-1,2.849099934E-1,9.607931137E0,9.662880024E0
5.803529960E-1,-1.000776291E0,3.016694188E-1,9.603142738E0,9.659860665E0
5.823542460E-1,-1.003170490E0,3.088520169E-1,9.581595421E0,9.638916506E0
5.843559650E-1,-1.000776291E0,3.016694188E-1,9.581595421E0,9.638440145E0
5.863576060E-1,-9.983820915E-1,3.064578176E-1,9.572018623E0,9.628822551E0
5.883595590E-1,-9.888052940E-1,3.112462163E-1,9.560047150E0,9.616086086E0
5.903619420E-1,-9.792284966E-1,3.040636182E-1,9.552865028E0,9.607735081E0
5.923633090E-1,-9.720458984E-1,2.992752194E-1,9.555258751E0,9.609235593E0
5.943666290E-1,-9.648633003E-1,3.040636182E-1,9.526528358E0,9.580091776E0
5.963694810E-1,-9.576807022E-1,2.992752194E-1,9.521739960E0,9.574458201E0
5.983715120E-1,-9.409212470E-1,2.920926213E-1,9.516951561E0,9.567811553E0
6.003733480E-1,-9.217676520E-1,2.849099934E-1,9.521739960E0,9.570494301E0
6.023748710E-1,-9.217676520E-1,2.825157940E-1,9.514557838E0,9.563277767E0
6.043758480E-1,-9.050082564E-1,2.705447972E-1,9.512163162E0,9.558947769E0
6.063769420E-1,-8.954314590E-1,2.657563984E-1,9.516951561E0,9.562676977E0
6.083773320E-1,-9.050082564E-1,2.633621991E-1,9.507374763E0,9.553982127E0
6.103778010E-1,-8.906430602E-1,2.681505978E-1,9.514557838E0,9.559914260E0
6.123792070E-1,-8.930372596E-1,2.729389966E-1,9.524134636E0,9.569804168E0
6.143797150E-1,-9.026140571E-1,2.681505978E-1,9.536105156E0,9.582479764E0
6.163812380E-1,-9.169792533E-1,2.681505978E-1,9.543288231E0,9.590990874E0
6.183815900E-1,-9.217676520E-1,2.681505978E-1,9.550470352E0,9.598595954E0
6.203819420E-1,-9.385270476E-1,2.753331959E-1,9.555258751E0,9.605186681E0
6.223824490E-1,-9.504981041E-1,2.777273953E-1,9.569623947E0,9.620721472E0
6.243837380E-1,-9.600749016E-1,2.753331959E-1,9.581595421E0,9.633510419E0
6.263842460E-1,-9.744400978E-1,2.873041928E-1,9.595960617E0,9.649587420E0
6.283847930E-1,-9.983820915E-1,2.992752194E-1,9.631873131E0,9.688101592E0
6.303854960E-1,-1.010353088E0,3.016694188E-1,9.667786598E0,9.725117763E0
6.323857700E-1,-1.017535686E0,2.920926213E-1,9.694122314E0,9.751753915E0
6.343867460E-1,-1.017535686E0,2.896983922E-1,9.710882187E0,9.768343610E0
6.363874490E-1,-1.012747288E0,2.849099934E-1,9.742006302E0,9.798648762E0
6.383880350E-1,-1.010353088E0,2.681505978E-1,9.770736694E0,9.826495492E0
6.403895590E-1,-1.005564690E0,2.681505978E-1,9.809044838E0,9.864097816E0
6.423910040E-1,-1.005564690E0,2.585737705E-1,9.825803757E0,9.880508094E0
6.443925270E-1,-9.959878922E-1,2.585737705E-1,9.840168953E0,9.893825211E0
6.463933870E-1,-9.935936928E-1,2.657563984E-1,9.868899345E0,9.922349983E0
6.483952230E-1,-9.888052940E-1,2.633621991E-1,9.888052940E0,9.940859445E0
6.503969420E-1,-9.888052940E-1,2.537853718E-1,9.892841339E0,9.945373431E0
6.523998710E-1,-9.911994934E-1,2.418143749E-1,9.909601212E0,9.961985083E0
6.544018630E-1,-9.792284966E-1,2.394201756E-1,9.919178009E0,9.970270951E0
6.564046760E-1,-9.672574997E-1,2.346317619E-1,9.916783333E0,9.966605782E0
6.584069420E-1,-9.744400978E-1,2.298433632E-1,9.926360130E0,9.976722253E0
6.604097150E-1,-9.768342972E-1,2.226607651E-1,9.904812813E0,9.955355339E0
6.624123320E-1,-9.696516991E-1,2.226607651E-1,9.902418137E0,9.952270454E0
6.644143630E-1,-9.744400978E-1,2.154781520E-1,9.902418137E0,9.952580032E0
6.664169810E-1,-9.696516991E-1,2.106897533E-1,9.909601212E0,9.959157131E0
6.684192850E-1,-9.648633003E-1,2.082955539E-1,9.907206535E0,9.956258813E0
6.704214730E-1,-9.504981041E-1,1.939303428E-1,9.897629738E0,9.945055558E0
6.724235040E-1,-9.337386489E-1,1.771709323E-1,9.878476143E0,9.924089294E0
6.744252230E-1,-9.241618514E-1,1.651999205E-1,9.866505623E0,9.911069536E0
6.764270590E-1,-9.097966552E-1,1.580173075E-1,9.847352028E0,9.890553138E0
6.784293630E-1,-9.050082564E-1,1.556231081E-1,9.835380554E0,9.878156161E0
6.804312770E-1,-9.002198577E-1,1.604115069E-1,9.806650162E0,9.849188547E0
6.824329960E-1,-8.954314590E-1,1.556231081E-1,9.794678688E0,9.836754884E0
6.844346760E-1,-9.026140571E-1,1.675941199E-1,9.777919769E0,9.820922306E0
6.864372540E-1,-9.074024558E-1,1.699883193E-1,9.773131371E0,9.816637511E0
6.884386600E-1,-9.074024558E-1,1.771709323E-1,9.758766174E0,9.802463262E0
6.904405350E-1,-8.978256583E-1,1.723825186E-1,9.763554573E0,9.806263536E0
6.924431920E-1,-9.193734527E-1,1.819593310E-1,9.749189377E0,9.794133461E0
6.944462770E-1,-9.217676520E-1,1.939303428E-1,9.756371498E0,9.801737060E0
6.964487770E-1,-9.337386489E-1,2.011129409E-1,9.773131371E0,9.819695060E0
6.984513560E-1,-9.361328483E-1,2.106897533E-1,9.777919769E0,9.824889307E0
7.004539340E-1,-9.385270476E-1,2.298433632E-1,9.770736694E0,9.818398879E0
7.024560040E-1,-9.385270476E-1,2.274491638E-1,9.770736694E0,9.818343124E0
7.044583870E-1,-9.433154464E-1,2.513911724E-1,9.777919769E0,9.826533293E0
7.064587380E-1,-9.481038451E-1,2.801215947E-1,9.801861763E0,9.851591903E0
7.084597930E-1,-9.528923035E-1,2.849099934E-1,9.818621635E0,9.868865602E0
7.104620590E-1,-9.457096457E-1,3.040636182E-1,9.852140427E0,9.902095354E0
7.124645200E-1,-9.385270476E-1,3.184288144E-1,9.864110947E0,9.913773989E0
7.144664730E-1,-9.409212470E-1,3.280056417E-1,9.878476143E0,9.928605713E0
7.164692850E-1,-9.361328483E-1,3.351882398E-1,9.888052940E0,9.937921655E0
7.184711990E-1,-9.241618514E-1,3.303998411E-1,9.883264542E0,9.931875814E0
7.204721760E-1,-9.217676520E-1,3.423708379E-1,9.892841339E0,9.941588563E0
7.224738170E-1,-9.313444495E-1,3.471592367E-1,9.895236015E0,9.945029805E0
7.244752230E-1,-9.217676520E-1,3.280056417E-1,9.892841339E0,9.941104218E0
7.264779960E-1,-9.074024558E-1,3.184288144E-1,9.883264542E0,9.929939281E0
7.284795980E-1,-9.026140571E-1,3.136404157E-1,9.885659218E0,9.931734019E0
7.304809260E-1,-9.050082564E-1,3.136404157E-1,9.883264542E0,9.929568382E0
7.324832700E-1,-8.978256583E-1,3.136404157E-1,9.890447617E0,9.936066389E0
7.344839730E-1,-9.026140571E-1,2.992752194E-1,9.895236015E0,9.940823587E0
7.364842460E-1,-9.002198577E-1,3.136404157E-1,9.888052940E0,9.933899388E0
7.384847150E-1,-8.906430602E-1,3.064578176E-1,9.883264542E0,9.928045097E0
7.404856520E-1,-8.954314590E-1,3.040636182E-1,9.878476143E0,9.923635578E0
7.424872540E-1,-8.882488012E-1,3.016694188E-1,9.878476143E0,9.922916974E0
7.444886600E-1,-8.978256583E-1,2.968810201E-1,9.864110947E0,9.909334691E0
7.464904570E-1,-8.978256583E-1,2.920926213E-1,9.849745750E0,9.894892640E0
7.484922540E-1,-8.882488012E-1,2.920926213E-1,9.828198433E0,9.872577600E0
7.504936990E-1,-8.954314590E-1,2.825157940E-1,9.813833237E0,9.858647751E0
7.524954180E-1,-8.978256583E-1,2.801215947E-1,9.794678688E0,9.839730160E0
7.544969020E-1,-9.145850539E-1,2.585737705E-1,9.792284966E0,9.838301228E0
7.564990120E-1,-9.169792533E-1,2.729389966E-1,9.775525093E0,9.822231798E0
7.585006920E-1,-9.385270476E-1,2.873041928E-1,9.763554573E0,9.812765901E0
7.605033870E-1,-9.600749016E-1,2.896983922E-1,9.763554573E0,9.814920625E0
7.625044020E-1,-9.696516991E-1,2.849099934E-1,9.763554573E0,9.815721880E0
7.645063560E-1,-9.983820915E-1,2.896983922E-1,9.753977776E0,9.809218848E0
7.665086600E-1,-1.005564690E0,3.040636182E-1,9.753977776E0,9.810387224E0
7.685102620E-1,-1.024718285E0,3.208230138E-1,9.765948296E0,9.824801325E0
7.705113170E-1,-1.043871999E0,3.303998411E-1,9.756371498E0,9.817617716E0
7.725127620E-1,-1.055842996E0,3.280056417E-1,9.761159897E0,9.823575452E0
7.745155740E-1,-1.063025594E0,3.447650373E-1,9.765948296E0,9.829681198E0
7.765169810E-1,-1.063025594E0,3.375824392E-1,9.777919769E0,9.841326147E0
7.785183870E-1,-1.063025594E0,3.280056417E-1,9.785101891E0,9.848138409E0
7.805200670E-1,-1.048660398E0,3.303998411E-1,9.794678688E0,9.856195173E0
7.825220980E-1,-1.034295082E0,3.112462163E-1,9.789890289E0,9.849294005E0
7.845237770E-1,-1.022324085E0,2.992752194E-1,9.782708168E0,9.840533080E0
7.865261600E-1,-1.019929886E0,2.920926213E-1,9.794678688E0,9.851969634E0
7.885277620E-1,-1.005564690E0,2.825157940E-1,9.806650162E0,9.862117567E0
7.905304180E-1,-9.864110947E-1,2.729389966E-1,9.811438560E0,9.864675827E0
7.925323710E-1,-9.696516991E-1,2.609679997E-1,9.816226959E0,9.867453594E0
7.945337380E-1,-9.576807022E-1,2.561795712E-1,9.830592155E0,9.880451530E0
7.965359650E-1,-9.528923035E-1,2.489969730E-1,9.821015358E0,9.870275877E0
7.985380740E-1,-9.528923035E-1,2.489969730E-1,9.821015358E0,9.870275877E0
8.005388170E-1,-9.409212470E-1,2.489969730E-1,9.804255486E0,9.852449336E0
8.025391680E-1,-9.289502501E-1,2.418143749E-1,9.804255486E0,9.851134370E0
8.045400670E-1,-9.241618514E-1,2.394201756E-1,9.792284966E0,9.838711399E0
8.065423710E-1,-9.217676520E-1,2.226607651E-1,9.773131371E0,9.819028985E0
8.085437770E-1,-9.265560508E-1,2.130839527E-1,9.761159897E0,9.807352008E0
8.105447150E-1,-9.217676520E-1,2.178723514E-1,9.751583099E0,9.797474007E0
8.125468630E-1,-9.313444495E-1,2.322375625E-1,9.739612579E0,9.786796716E0
8.145481920E-1,-9.385270476E-1,2.394201756E-1,9.732429504E0,9.780508121E0
8.165496370E-1,-9.481038451E-1,2.442085743E-1,9.718064308E0,9.767257170E0
8.185511600E-1,-9.696516991E-1,2.513911724E-1,9.715670586E0,9.767173433E0
8.205518240E-1,-9.744400978E-1,2.585737705E-1,9.715670586E0,9.767837469E0
8.225532700E-1,-9.792284966E-1,2.705447972E-1,9.725247383E0,9.778165452E0
8.245548320E-1,-9.768342972E-1,2.873041928E-1,9.730035782E0,9.783166423E0
8.265569020E-1,-9.576807022E-1,2.920926213E-1,9.732429504E0,9.783795505E0
8.285579180E-1,-9.409212470E-1,2.968810201E-1,9.730035782E0,9.779931873E0
8.305579960E-1,-9.217676520E-1,2.968810201E-1,9.727641106E0,9.775724803E0
8.325590900E-1,-8.954314590E-1,3.112462163E-1,9.734824181E0,9.780872841E0
8.345604570E-1,-8.595184088E-1,3.208230138E-1,9.742006302E0,9.785110428E0
8.365626840E-1,-8.379706144E-1,3.160346150E-1,9.732429504E0,9.773548828E0
8.385655350E-1,-8.188169599E-1,3.064578176E-1,9.722852707E0,9.762081866E0
8.405674490E-1,-8.212111592E-1,3.064578176E-1,9.722852707E0,9.762282977E0
8.425701060E-1,-8.188169599E-1,3.160346150E-1,9.720458984E0,9.760003174E0
8.445711990E-1,-8.259995580E-1,3.160346150E-1,9.720458984E0,9.760608383E0
8.465715900E-1,-8.403648138E-1,3.184288144E-1,9.722852707E0,9.764295914E0
8.485729570E-1,-8.499416113E-1,3.208230138E-1,9.718064308E0,9.760435546E0
8.505745980E-1,-8.571242094E-1,3.303998411E-1,9.727641106E0,9.770917431E0
8.525755740E-1,-8.786720037E-1,3.351882398E-1,9.718064308E0,9.763461965E0
8.545776450E-1,-8.954314590E-1,3.423708379E-1,9.715670586E0,9.762851541E0
8.565787770E-1,-9.002198577E-1,3.423708379E-1,9.720458984E0,9.768056943E0
8.585795590E-1,-9.169792533E-1,3.303998411E-1,9.708487511E0,9.757291876E0
8.605804960E-1,-9.361328483E-1,3.303998411E-1,9.703699112E0,9.754346991E0
8.625814730E-1,-9.481038451E-1,3.280056417E-1,9.701305389E0,9.753041313E0
8.645821760E-1,-9.600749016E-1,3.232172430E-1,9.686940193E0,9.739765064E0
8.665831130E-1,-9.600749016E-1,3.208230138E-1,9.691728592E0,9.744448385E0
8.685840900E-1,-9.696516991E-1,2.968810201E-1,9.698910713E0,9.751780954E0
8.705849490E-1,-9.648633003E-1,2.753331959E-1,9.677363396E0,9.729241073E0
8.725867850E-1,-9.600749016E-1,2.705447972E-1,9.679757118E0,9.731014139E0
8.745871760E-1,-9.600749016E-1,2.513911724E-1,9.682151794E0,9.732882652E0
8.765887770E-1,-9.720458984E-1,2.346317619E-1,9.672574997E0,9.724126303E0
8.785902620E-1,-9.768342972E-1,2.202665508E-1,9.667786598E0,9.719507205E0
8.805918630E-1,-9.816226959E-1,2.130839527E-1,9.653421402E0,9.705541337E0
8.825938170E-1,-9.888052940E-1,2.035071403E-1,9.653421402E0,9.706064899E0
8.845950270E-1,-9.959878922E-1,2.059013397E-1,9.665391922E0,9.718754460E0
8.865967070E-1,-9.983820915E-1,2.011129409E-1,9.660603523E0,9.714137823E0
8.885977230E-1,-9.983820915E-1,2.011129409E-1,9.662998199E0,9.716519306E0
8.905987380E-1,-1.003170490E0,1.987187415E-1,9.667786598E0,9.721725046E0
8.925999490E-1,-1.007958889E0,1.963245422E-1,9.674968719E0,9.729313654E0
8.946015900E-1,-1.007958889E0,1.939303428E-1,9.682151794E0,9.736408654E0
8.966041290E-1,-1.003170490E0,1.939303428E-1,9.703699112E0,9.757342695E0
8.986063170E-1,-1.017535686E0,1.891419291E-1,9.706093788E0,9.761117260E0
9.006086600E-1,-1.031900883E0,2.011129409E-1,9.706093788E0,9.762864460E0
9.026110430E-1,-1.041477680E0,2.059013397E-1,9.722852707E0,9.780640873E0
9.046136600E-1,-1.043871999E0,2.130839527E-1,9.732429504E0,9.790569829E0
9.066168630E-1,-1.051054597E0,2.130839527E-1,9.746794701E0,9.805617139E0
9.086180350E-1,-1.058237195E0,2.274491638E-1,9.744400978E0,9.804333200E0
9.106188950E-1,-1.051054597E0,2.370259613E-1,9.758766174E0,9.818065712E0
9.126202230E-1,-1.041477680E0,2.442085743E-1,9.765948296E0,9.824360524E0
9.146214340E-1,-1.036689281E0,2.466027737E-1,9.777919769E0,9.835814791E0
9.166220200E-1,-1.039083481E0,2.537853718E-1,9.782708168E0,9.841010141E0
9.186229960E-1,-1.022324085E0,2.489969730E-1,9.794678688E0,9.851034292E0
9.206257310E-1,-1.015141487E0,2.489969730E-1,9.785101891E0,9.840768808E0
9.226270590E-1,-9.935936928E-1,2.513911724E-1,9.789890289E0,9.843392597E0
9.246287380E-1,-9.792284966E-1,2.466027737E-1,9.792284966E0,9.844213845E0
9.266311600E-1,-9.624691010E-1,2.442085743E-1,9.789890289E0,9.840118723E0
9.286333090E-1,-9.528923035E-1,2.418143749E-1,9.777919769E0,9.827216948E0
9.306351840E-1,-9.313444495E-1,2.322375625E-1,9.770736694E0,9.817771250E0
9.326376840E-1,-9.265560508E-1,2.370259613E-1,9.744400978E0,9.791222490E0
9.346402230E-1,-9.169792533E-1,2.418143749E-1,9.744400978E0,9.790437966E0
9.366422540E-1,-9.121908545E-1,2.370259613E-1,9.737217903E0,9.782723851E0
9.386436210E-1,-9.026140571E-1,2.250549644E-1,9.725247383E0,9.769636561E0
9.406458090E-1,-9.026140571E-1,2.202665508E-1,9.718064308E0,9.762376933E0
9.426465900E-1,-9.097966552E-1,2.226607651E-1,9.703699112E0,9.748799117E0
9.446486600E-1,-9.169792533E-1,2.202665508E-1,9.686940193E0,9.732737467E0
9.466499490E-1,-9.169792533E-1,2.322375625E-1,9.665391922E0,9.711569711E0
9.486520590E-1,-9.313444495E-1,2.274491638E-1,9.641449928E0,9.688998520E0
9.506531520E-1,-9.289502501E-1,2.250549644E-1,9.631873131E0,9.679182730E0
9.526545200E-1,-9.241618514E-1,2.202665508E-1,9.619902611E0,9.666701543E0
9.546562770E-1,-9.217676520E-1,2.226607651E-1,9.598354340E0,9.645083693E0
9.566578400E-1,-9.145850539E-1,2.370259613E-1,9.579200745E0,9.625680965E0
9.586589340E-1,-9.121908545E-1,2.250549644E-1,9.579200745E0,9.625166430E0
9.606596370E-1,-9.074024558E-1,2.274491638E-1,9.569623947E0,9.615238678E0
9.626618630E-1,-9.050082564E-1,2.346317619E-1,9.564835548E0,9.610419922E0
9.646641290E-1,-9.026140571E-1,2.346317619E-1,9.586383820E0,9.631641549E0
9.666656520E-1,-9.121908545E-1,2.418143749E-1,9.598354340E0,9.644634383E0
9.686667460E-1,-9.145850539E-1,2.418143749E-1,9.603142738E0,9.649626442E0
9.706690510E-1,-9.145850539E-1,2.489969730E-1,9.605537415E0,9.652192204E0
9.726710430E-1,-9.121908545E-1,2.561795712E-1,9.653421402E0,9.699807467E0
9.746737380E-1,-9.193734527E-1,2.657563984E-1,9.672574997E0,9.719803552E0
9.766761600E-1,-9.193734527E-1,2.705447972E-1,9.679757118E0,9.727082805E0
9.786786210E-1,-9.241618514E-1,2.681505978E-1,9.720458984E0,9.767973318E0
9.806803010E-1,-9.337386489E-1,2.657563984E-1,9.742006302E0,9.790259502E0
9.826824100E-1,-9.409212470E-1,2.753331959E-1,9.773131371E0,9.822180916E0
9.846847930E-1,-9.481038451E-1,2.729389966E-1,9.789890289E0,9.839479075E0
9.866874490E-1,-9.528923035E-1,2.681505978E-1,9.821015358E0,9.870777636E0
9.886903010E-1,-9.552865028E-1,2.681505978E-1,9.840168953E0,9.890065827E0
9.906920980E-1,-9.696516991E-1,2.681505978E-1,9.847352028E0,9.898609555E0
9.926950670E-1,-9.840168953E-1,2.561795712E-1,9.842563629E0,9.894946994E0
9.946976060E-1,-9.840168953E-1,2.489969730E-1,9.856928825E0,9.909053164E0
9.967002230E-1,-9.768342972E-1,2.274491638E-1,9.852140427E0,9.903060605E0
9.987022930E-1,-9.840168953E-1,2.154781520E-1,9.852140427E0,9.903503979E0
1.000704637E0,-9.840168953E-1,2.082955539E-1,9.852140427E0,9.903350306E0
1.002707020E0,-9.864110947E-1,1.891419291E-1,9.847352028E0,9.898440457E0
1.004709481E0,-9.935936928E-1,1.795651317E-1,9.835380554E0,9.887071493E0
1.006711199E0,-9.959878922E-1,1.771709323E-1,9.813833237E0,9.865835201E0
1.008712879E0,-9.864110947E-1,1.604115069E-1,9.804255486E0,9.855057804E0
1.010714754E0,-9.624691010E-1,1.628057212E-1,9.809044838E0,9.857495275E0
1.012717449E0,-9.624691010E-1,1.484405100E-1,9.782708168E0,9.831061004E0
1.014719871E0,-9.504981041E-1,1.340752989E-1,9.753977776E0,9.801097147E0
1.016722215E0,-9.481038451E-1,1.292868853E-1,9.742006302E0,9.788886698E0
1.018724051E0,-9.361328483E-1,1.197100878E-1,9.720458984E0,9.766165987E0
1.020726707E0,-9.313444495E-1,1.125274822E-1,9.684545517E0,9.729875990E0
1.022728582E0,-9.289502501E-1,1.101332754E-1,9.651026726E0,9.696256740E0
1.024731160E0,-9.217676520E-1,1.029506698E-1,9.636661530E0,9.681193102E0
1.026733309E0,-9.193734527E-1,1.005564705E-1,9.615114212E0,9.659491729E0
1.028736317E0,-9.145850539E-1,1.077390760E-1,9.588777542E0,9.632898229E0
1.030738543E0,-9.241618514E-1,1.125274822E-1,9.569623947E0,9.614803173E0
1.032740926E0,-9.313444495E-1,1.221042871E-1,9.555258751E0,9.601316667E0
1.034742215E0,-9.361328483E-1,1.436520964E-1,9.531316757E0,9.578255570E0
1.036744598E0,-9.457096457E-1,1.628057212E-1,9.531316757E0,9.579502678E0
1.038747176E0,-9.552865028E-1,1.867477298E-1,9.512163162E0,9.561835339E0
1.040749363E0,-9.696516991E-1,1.963245422E-1,9.521739960E0,9.572998465E0
1.042750770E0,-9.744400978E-1,2.202665508E-1,9.507374763E0,9.559718916E0
1.044753465E0,-9.672574997E-1,2.250549644E-1,9.507374763E0,9.559100988E0
1.046754324E0,-9.600749016E-1,2.322375625E-1,9.507374763E0,9.558548687E0
1.048755965E0,-9.600749016E-1,2.346317619E-1,9.507374763E0,9.558607157E0
1.050757098E0,-9.600749016E-1,2.561795712E-1,9.512163162E0,9.563922826E0
1.052758465E0,-9.457096457E-1,2.633621991E-1,9.521739960E0,9.572212818E0
1.054759676E0,-9.337386489E-1,2.657563984E-1,9.526528358E0,9.575867422E0
1.056761317E0,-9.169792533E-1,2.633621991E-1,9.533711433E0,9.581328942E0
1.058762449E0,-9.050082564E-1,2.777273953E-1,9.540893555E0,9.587743336E0
1.060764520E0,-8.882488012E-1,2.849099934E-1,9.562441826E0,9.607832914E0
1.062766473E0,-8.810662031E-1,2.896983922E-1,9.583989143E0,9.628761640E0
1.064769676E0,-8.762778044E-1,2.944868207E-1,9.593565941E0,9.638002529E0
1.066770926E0,-8.714894056E-1,2.920926213E-1,9.615114212E0,9.658945760E0
1.068771746E0,-8.643068075E-1,2.944868207E-1,9.651026726E0,9.694125314E0
1.070773817E0,-8.595184088E-1,3.064578176E-1,9.682151794E0,9.725057926E0
1.072775457E0,-8.571242094E-1,3.064578176E-1,9.696516991E0,9.739148836E0
1.074777527E0,-8.690952063E-1,3.016694188E-1,9.725247383E0,9.768662528E0
1.076778309E0,-8.762778044E-1,2.968810201E-1,9.756371498E0,9.800142139E0
1.078779246E0,-8.738836050E-1,2.873041928E-1,9.785101891E0,9.828246805E0
1.080782606E0,-8.762778044E-1,2.873041928E-1,9.794678688E0,9.837994567E0
1.082784988E0,-8.882488012E-1,2.657563984E-1,9.794678688E0,9.838462431E0
1.084786629E0,-8.978256583E-1,2.585737705E-1,9.789890289E0,9.834373553E0
1.086788738E0,-9.193734527E-1,2.466027737E-1,9.801861763E0,9.847972101E0
1.088789754E0,-9.576807022E-1,2.322375625E-1,9.806650162E0,9.856037439E0
1.090790809E0,-9.768342972E-1,2.178723514E-1,9.813833237E0,9.864734989E0
1.092792996E0,-9.983820915E-1,2.130839527E-1,9.840168953E0,9.892982189E0
1.094795184E0,-1.012747288E0,2.011129409E-1,9.842563629E0,9.896573259E0
1.096797723E0,-1.019929886E0,1.987187415E-1,9.847352028E0,9.902024443E0
1.098800145E0,-1.034295082E0,1.795651317E-1,9.847352028E0,9.903148586E0
1.100802137E0,-1.041477680E0,1.699883193E-1,9.854534149E0,9.910873578E0
1.102804871E0,-1.034295082E0,1.604115069E-1,9.868899345E0,9.924246695E0
1.104808504E0,-1.027112484E0,1.580173075E-1,9.892841339E0,9.947272957E0
1.106811277E0,-1.022324085E0,1.532289088E-1,9.883264542E0,9.937179863E0
1.108814754E0,-1.019929886E0,1.628057212E-1,9.902418137E0,9.956136180E0
1.110816512E0,-1.007958889E0,1.628057212E-1,9.902418137E0,9.954916965E0
1.112818543E0,-1.003170490E0,1.651999205E-1,9.904812813E0,9.956854870E0
1.114820809E0,-1.010353088E0,1.723825186E-1,9.909601212E0,9.962465823E0
1.116823738E0,-1.007958889E0,1.867477298E-1,9.909601212E0,9.962482221E0
1.118825574E0,-1.000776291E0,2.059013397E-1,9.907206535E0,9.959753505E0
1.120828231E0,-9.983820915E-1,2.082955539E-1,9.902418137E0,9.954799787E0
1.122831473E0,-9.983820915E-1,2.274491638E-1,9.911994934E0,9.964745029E0
1.124833309E0,-9.888052940E-1,2.370259613E-1,9.909601212E0,9.961632064E0
1.126836473E0,-9.911994934E-1,2.418143749E-1,9.895236015E0,9.947695533E0
1.128839402E0,-9.840168953E-1,2.466027737E-1,9.885659218E0,9.937573162E0
1.130842410E0,-9.792284966E-1,2.633621991E-1,9.876082420E0,9.928003428E0
1.132843973E0,-9.768342972E-1,2.705447972E-1,9.878476143E0,9.930341919E0
1.134846551E0,-9.720458984E-1,2.825157940E-1,9.873687744E0,9.925441958E0
1.136849598E0,-9.744400978E-1,2.896983922E-1,9.864110947E0,9.916357367E0
1.138852801E0,-9.648633003E-1,2.968810201E-1,9.840168953E0,9.891816039E0
1.140855262E0,-9.528923035E-1,2.873041928E-1,9.832986832E0,9.883227078E0
1.142859324E0,-9.385270476E-1,2.849099934E-1,9.821015358E0,9.869870789E0
1.144862840E0,-9.337386489E-1,2.801215947E-1,9.813833237E0,9.862132567E0
1.146866160E0,-9.217676520E-1,2.729389966E-1,9.806650162E0,9.853656108E0
1.148869481E0,-9.097966552E-1,2.801215947E-1,9.801861763E0,9.847979086E0
1.150871668E0,-9.121908545E-1,2.825157940E-1,9.787496567E0,9.833971546E0
1.152874442E0,-9.097966552E-1,2.825157940E-1,9.785101891E0,9.831366341E0
1.154877332E0,-9.050082564E-1,2.729389966E-1,9.780313492E0,9.825887626E0
1.156880496E0,-9.121908545E-1,2.801215947E-1,9.780313492E0,9.826753903E0
1.158884363E0,-9.145850539E-1,2.801215947E-1,9.780313492E0,9.826976439E0
1.160889324E0,-9.121908545E-1,2.825157940E-1,9.770736694E0,9.817291015E0
1.162892371E0,-8.978256583E-1,2.777273953E-1,9.758766174E0,9.803914558E0
1.164894871E0,-8.858546019E-1,2.753331959E-1,9.756371498E0,9.800374052E0
1.166897410E0,-8.810662031E-1,2.609679997E-1,9.730035782E0,9.773329948E0
1.168900809E0,-8.810662031E-1,2.537853718E-1,9.698910713E0,9.742153442E0
1.170902762E0,-8.834604025E-1,2.418143749E-1,9.679757118E0,9.722997189E0
1.172906004E0,-8.906430602E-1,2.322375625E-1,9.677363396E0,9.721036037E0
1.174909637E0,-9.121908545E-1,2.466027737E-1,9.667786598E0,9.713856227E0
1.176912996E0,-9.217676520E-1,2.442085743E-1,9.655815125E0,9.702786154E0
1.178915340E0,-9.289502501E-1,2.442085743E-1,9.643844604E0,9.691559480E0
1.180918465E0,-9.600749016E-1,2.513911724E-1,9.639056206E0,9.690012687E0
1.182920965E0,-9.911994934E-1,2.657563984E-1,9.643844604E0,9.698290656E0
1.184923777E0,-9.983820915E-1,2.753331959E-1,9.648633003E0,9.704055544E0
1.186926824E0,-1.022324085E0,2.801215947E-1,9.655815125E0,9.713824188E0
1.188928660E0,-1.027112484E0,2.825157940E-1,9.653421402E0,9.712019357E0
1.190930340E0,-1.024718285E0,2.896983922E-1,9.651026726E0,9.709597807E0
1.192932879E0,-1.027112484E0,2.968810201E-1,9.651026726E0,9.710067727E0
1.194934949E0,-1.027112484E0,2.992752194E-1,9.665391922E0,9.724419094E0
1.196937215E0,-1.019929886E0,3.040636182E-1,9.684545517E0,9.742850380E0
1.198939520E0,-1.007958889E0,3.160346150E-1,9.686940193E0,9.744366029E0
1.200940965E0,-9.935936928E-1,3.303998411E-1,9.715670586E0,9.771931611E0
1.202942723E0,-9.888052940E-1,3.351882398E-1,9.720458984E0,9.776369977E0
1.204944168E0,-9.744400978E-1,3.447650373E-1,9.742006302E0,9.796687360E0
1.206946785E0,-9.576807022E-1,3.519476354E-1,9.758766174E0,9.811958862E0
1.208949520E0,-9.504981041E-1,3.543418646E-1,9.765948296E0,9.818490256E0
1.210951785E0,-9.385270476E-1,3.423708379E-1,9.770736694E0,9.821677370E0
1.212953777E0,-9.193734527E-1,3.375824392E-1,9.777919769E0,9.826847127E0
1.214955731E0,-9.026140571E-1,3.136404157E-1,9.792284966E0,9.838797045E0
1.216957254E0,-8.906430602E-1,3.016694188E-1,9.782708168E0,9.827798767E0
1.218959637E0,-8.762778044E-1,2.849099934E-1,9.763554573E0,9.806938074E0
1.220961981E0,-8.714894056E-1,2.729389966E-1,9.739612579E0,9.782333192E0
1.222965418E0,-8.667010069E-1,2.633621991E-1,9.725247383E0,9.767341857E0
1.224968817E0,-8.619126081E-1,2.585737705E-1,9.722852707E0,9.764405691E0
1.226971004E0,-8.643068075E-1,2.537853718E-1,9.722852707E0,9.764491694E0
1.228973231E0,-8.595184088E-1,2.537853718E-1,9.715670586E0,9.756917230E0
1.230974754E0,-8.786720037E-1,2.585737705E-1,9.718064308E0,9.761132044E0
1.232976942E0,-8.882488012E-1,2.537853718E-1,9.713275909E0,9.757106223E0
1.234979207E0,-8.978256583E-1,2.513911724E-1,9.710882187E0,9.755537980E0
1.236981902E0,-9.050082564E-1,2.657563984E-1,9.718064308E0,9.763730860E0
1.238984871E0,-9.337386489E-1,2.825157940E-1,9.706093788E0,9.754995626E0
1.240987488E0,-9.433154464E-1,2.849099934E-1,9.698910713E0,9.748840278E0
1.242989481E0,-9.624691010E-1,2.992752194E-1,9.679757118E0,9.732091774E0
1.244991629E0,-9.720458984E-1,3.088520169E-1,9.672574997E0,9.726200176E0
1.246994910E0,-9.864110947E-1,3.160346150E-1,9.667786598E0,9.723115881E0
1.248997410E0,-9.959878922E-1,3.136404157E-1,9.660603523E0,9.716873089E0
1.251000535E0,-1.007958889E0,3.112462163E-1,9.643844604E0,9.701370732E0
1.253003309E0,-1.005564690E0,3.112462163E-1,9.631873131E0,9.689221566E0
1.255005262E0,-1.000776291E0,3.184288144E-1,9.629479408E0,9.686579570E0
1.257008426E0,-9.983820915E-1,3.088520169E-1,9.622296333E0,9.678881294E0
1.259011629E0,-9.840168953E-1,2.849099934E-1,9.610325813E0,9.664772382E0
1.261014988E0,-9.696516991E-1,2.825157940E-1,9.595960617E0,9.648963662E0
1.263017840E0,-9.361328483E-1,2.657563984E-1,9.574412346E0,9.623738512E0
1.265020887E0,-9.145850539E-1,2.466027737E-1,9.574412346E0,9.621156402E0
1.267023426E0,-8.834604025E-1,2.394201756E-1,9.576807022E0,9.620449940E0
1.269024988E0,-8.499416113E-1,2.322375625E-1,9.550470352E0,9.591028046E0
1.271027293E0,-8.259995580E-1,2.322375625E-1,9.560047150E0,9.598474413E0
1.273029324E0,-8.188169599E-1,2.298433632E-1,9.564835548E0,9.602570919E0
1.275030887E0,-7.948749661E-1,2.274491638E-1,9.552865028E0,9.588575994E0
1.277032488E0,-7.781155705E-1,2.274491638E-1,9.548076630E0,9.582429978E0
1.279035067E0,-7.733271718E-1,2.394201756E-1,9.564835548E0,9.599033076E0
1.281037488E0,-7.661445141E-1,2.537853718E-1,9.588777542E0,9.622683575E0
1.283039442E0,-7.613561153E-1,2.705447972E-1,9.622296333E0,9.656160953E0
1.285041824E0,-7.709329724E-1,2.825157940E-1,9.646238327E0,9.681119082E0
1.287044246E0,-7.781155705E-1,3.040636182E-1,9.655815125E0,9.691887548E0
1.289046473E0,-7.852981687E-1,3.112462163E-1,9.667786598E0,9.704620813E0
1.291049910E0,-8.020575643E-1,3.184288144E-1,9.696516991E0,9.734841293E0
1.293052801E0,-8.044517636E-1,3.351882398E-1,9.722852707E0,9.761831721E0
1.295055223E0,-8.044517636E-1,3.423708379E-1,9.737217903E0,9.776388542E0
1.297057527E0,-8.164227605E-1,3.423708379E-1,9.732429504E0,9.772612137E0
1.299059832E0,-8.283938169E-1,3.280056417E-1,9.722852707E0,9.763589953E0
1.301062606E0,-8.379706144E-1,3.016694188E-1,9.713275909E0,9.754021124E0
1.303065418E0,-8.355764151E-1,2.681505978E-1,9.713275909E0,9.752836592E0
1.305068074E0,-8.379706144E-1,2.537853718E-1,9.718064308E0,9.757426693E0
1.307069324E0,-8.403648138E-1,2.418143749E-1,9.722852707E0,9.762097724E0
1.309070613E0,-8.475474119E-1,2.250549644E-1,9.725247383E0,9.764702915E0
1.311072527E0,-8.619126081E-1,2.035071403E-1,9.701305389E0,9.741644356E0
1.313074676E0,-8.738836050E-1,1.867477298E-1,9.706093788E0,9.747143371E0
1.315077449E0,-8.906430602E-1,1.651999205E-1,9.713275909E0,9.755422337E0
1.317079676E0,-9.050082564E-1,1.460463107E-1,9.689333916E0,9.732603002E0
1.319083152E0,-9.241618514E-1,1.340752989E-1,9.682151794E0,9.727081509E0
1.321086512E0,-9.433154464E-1,1.244984865E-1,9.674968719E0,9.721644080E0
1.323089481E0,-9.576807022E-1,1.221042871E-1,9.660603523E0,9.708724026E0
1.325091668E0,-9.792284966E-1,1.173158810E-1,9.653421402E0,9.703669215E0
1.327092684E0,-1.007958889E0,1.149216816E-1,9.641449928E0,9.694676108E0
1.329093934E0,-1.031900883E0,1.197100878E-1,9.646238327E0,9.702013389E0
1.331095965E0,-1.048660398E0,1.316810995E-1,9.646238327E0,9.703965293E0
1.333096942E0,-1.070208192E0,1.412578970E-1,9.655815125E0,9.715969591E0
1.335098621E0,-1.091755986E0,1.364694983E-1,9.665391922E0,9.727813529E0
1.337100809E0,-1.096544385E0,1.484405100E-1,9.670180321E0,9.733284729E0
1.339103856E0,-1.101332784E0,1.508347094E-1,9.665391922E0,9.729105098E0
1.341105848E0,-1.098938584E0,1.508347094E-1,9.684545517E0,9.747863304E0
1.343107449E0,-1.101332784E0,1.484405100E-1,9.691728592E0,9.755233036E0
1.345109402E0,-1.098938584E0,1.580173075E-1,9.696516991E0,9.759870759E0
1.347111043E0,-1.098938584E0,1.556231081E-1,9.706093788E0,9.769347020E0
1.349113231E0,-1.084573388E0,1.460463107E-1,9.710882187E0,9.772351908E0
1.351115652E0,-1.063025594E0,1.340752989E-1,9.727641106E0,9.786470307E0
1.353117527E0,-1.060631394E0,1.292868853E-1,9.734824181E0,9.793286266E0
1.355119129E0,-1.051054597E0,1.244984865E-1,9.763554573E0,9.820754225E0
1.357121707E0,-1.036689281E0,1.292868853E-1,9.777919769E0,9.833572839E0
1.359123660E0,-1.029506683E0,1.340752989E-1,9.797073364E0,9.851929085E0
1.361126004E0,-1.005564690E0,1.484405100E-1,9.825803757E0,9.878239438E0
1.363127918E0,-9.816226959E-1,1.556231081E-1,9.852140427E0,9.902144851E0
1.365130496E0,-9.481038451E-1,1.508347094E-1,9.878476143E0,9.925016016E0
1.367133035E0,-9.145850539E-1,1.460463107E-1,9.885659218E0,9.928950273E0
1.369135731E0,-9.050082564E-1,1.532289088E-1,9.883264542E0,9.925796544E0
1.371138465E0,-8.954314590E-1,1.580173075E-1,9.888052940E0,9.929771292E0
1.373141082E0,-8.858546019E-1,1.651999205E-1,9.868899345E0,9.909954777E0
1.375143231E0,-8.882488012E-1,1.747767180E-1,9.861717224E0,9.903181279E0
1.377145340E0,-8.810662031E-1,1.795651317E-1,9.854534149E0,9.895471923E0
1.379147918E0,-8.786720037E-1,1.867477298E-1,9.840168953E0,9.881086187E0
1.381149754E0,-8.762778044E-1,1.747767180E-1,9.818621635E0,9.859195734E0
1.383152684E0,-8.882488012E-1,1.675941199E-1,9.792284966E0,9.833916746E0
1.385154832E0,-9.074024558E-1,1.556231081E-1,9.789890289E0,9.833084442E0
1.387156238E0,-9.145850539E-1,1.556231081E-1,9.777919769E0,9.821832792E0
1.389157801E0,-9.313444495E-1,1.556231081E-1,9.758766174E0,9.804342828E0
1.391159168E0,-9.504981041E-1,1.628057212E-1,9.737217903E0,9.784853849E0
1.393161512E0,-9.744400978E-1,1.675941199E-1,9.718064308E0,9.768233985E0
1.395165027E0,-9.935936928E-1,1.795651317E-1,9.701305389E0,9.753706902E0
1.397167918E0,-1.012747288E0,1.915361285E-1,9.684545517E0,9.739238421E0
1.399170848E0,-1.019929886E0,2.035071403E-1,9.679757118E0,9.735469685E0
1.401172996E0,-1.034295082E0,2.130839527E-1,9.679757118E0,9.737189993E0
1.403175457E0,-1.036689281E0,2.226607651E-1,9.684545517E0,9.742418814E0
1.405178348E0,-1.053448796E0,2.394201756E-1,9.706093788E0,9.766029542E0
1.407182293E0,-1.048660398E0,2.466027737E-1,9.725247383E0,9.784729849E0
1.409184168E0,-1.031900883E0,2.489969730E-1,9.737217903E0,9.794908444E0
1.411185770E0,-1.022324085E0,2.537853718E-1,9.763554573E0,9.820211375E0
1.413187645E0,-1.010353088E0,2.681505978E-1,9.797073364E0,9.852683117E0
1.415191082E0,-1.000776291E0,2.753331959E-1,9.813833237E0,9.868570532E0
1.417194715E0,-9.911994934E-1,2.777273953E-1,9.842563629E0,9.896245133E0
1.419197684E0,-9.840168953E-1,2.777273953E-1,9.854534149E0,9.907434837E0
1.421200535E0,-9.768342972E-1,2.729389966E-1,9.866505623E0,9.918499591E0
1.423202645E0,-9.768342972E-1,2.681505978E-1,9.878476143E0,9.930276980E0
1.425205379E0,-9.696516991E-1,2.442085743E-1,9.888052940E0,9.938483446E0
1.427208035E0,-9.696516991E-1,2.082955539E-1,9.897629738E0,9.947194875E0
1.429211277E0,-9.624691010E-1,1.867477298E-1,9.890447617E0,9.938922252E0
1.431214910E0,-9.648633003E-1,1.628057212E-1,9.897629738E0,9.945880621E0
1.433217918E0,-9.792284966E-1,1.556231081E-1,9.885659218E0,9.935258687E0
1.435221199E0,-9.840168953E-1,1.460463107E-1,9.878476143E0,9.928439438E0
1.437224949E0,-1.000776291E0,1.436520964E-1,9.868899345E0,9.920552575E0
1.439226668E0,-1.027112484E0,1.460463107E-1,9.871294022E0,9.925660444E0
1.441228973E0,-1.055842996E0,1.580173075E-1,9.849745750E0,9.907434847E0
1.443231238E0,-1.084573388E0,1.651999205E-1,9.859322548E0,9.920172960E0
1.445233504E0,-1.108515382E0,1.771709323E-1,9.864110947E0,9.927783270E0
1.447235652E0,-1.130063176E0,1.963245422E-1,9.852140427E0,9.918682226E0
1.449237410E0,-1.154005170E0,2.154781520E-1,9.847352028E0,9.917081260E0
1.451239207E0,-1.161187768E0,2.226607651E-1,9.844957352E0,9.915700687E0
1.453240418E0,-1.177947283E0,2.418143749E-1,9.847352028E0,9.920502808E0
1.455243270E0,-1.197100878E0,2.466027737E-1,9.844957352E0,9.920536714E0
1.457245770E0,-1.192312479E0,2.657563984E-1,9.849745750E0,9.925206641E0
1.459247723E0,-1.177947283E0,2.633621991E-1,9.852140427E0,9.925804271E0
1.461250418E0,-1.173158884E0,2.753331959E-1,9.864110947E0,9.937444083E0
1.463252801E0,-1.161187768E0,2.873041928E-1,9.864110947E0,9.936376880E0
1.465255379E0,-1.144428372E0,2.968810201E-1,9.871294022E0,9.941845920E0
1.467257293E0,-1.134851575E0,2.968810201E-1,9.873687744E0,9.943125067E0
1.469259559E0,-1.113303781E0,2.944868207E-1,9.871294022E0,9.938239958E0
1.471261160E0,-1.096544385E0,3.064578176E-1,9.861717224E0,9.927224818E0
1.473262723E0,-1.074996591E0,3.160346150E-1,9.854534149E0,9.918030996E0
1.475265223E0,-1.046266198E0,3.280056417E-1,9.849745750E0,9.910587874E0
1.477267527E0,-1.022324085E0,3.256114423E-1,9.837775230E0,9.896109884E0
1.479269481E0,-1.007958889E0,3.136404157E-1,9.818621635E0,9.875205428E0
1.481272410E0,-9.911994934E-1,2.944868207E-1,9.785101891E0,9.839584236E0
1.483275184E0,-9.840168953E-1,2.920926213E-1,9.773131371E0,9.826886798E0
1.485278231E0,-9.792284966E-1,2.705447972E-1,9.742006302E0,9.794833828E0
1.487280731E0,-9.648633003E-1,2.585737705E-1,9.722852707E0,9.774031223E0
1.489283738E0,-9.648633003E-1,2.370259613E-1,9.684545517E0,9.735376950E0
1.491286629E0,-9.696516991E-1,2.298433632E-1,9.653421402E0,9.704720354E0
1.493289207E0,-9.792284966E-1,2.226607651E-1,9.629479408E0,9.681701294E0
1.495292762E0,-1.003170490E0,2.106897533E-1,9.617507935E0,9.671980153E0
1.497295848E0,-1.024718285E0,2.250549644E-1,9.583989143E0,9.641241891E0
1.499299402E0,-1.036689281E0,2.322375625E-1,9.572018623E0,9.630794333E0
1.501301902E0,-1.051054597E0,2.394201756E-1,9.562441826E0,9.623010520E0
1.503303738E0,-1.060631394E0,2.609679997E-1,9.536105156E0,9.598455334E0
1.505306981E0,-1.070208192E0,2.705447972E-1,9.519346237E0,9.583135857E0
1.507310301E0,-1.084573388E0,2.777273953E-1,9.516951561E0,9.582577887E0
1.509313660E0,-1.091755986E0,2.753331959E-1,9.533711433E0,9.599968396E0
1.511316785E0,-1.103726983E0,2.801215947E-1,9.538499832E0,9.606230291E0
1.513320535E0,-1.106121182E0,2.849099934E-1,9.543288231E0,9.611400940E0
1.515324598E0,-1.110909581E0,2.896983922E-1,9.543288231E0,9.612096312E0
1.517327371E0,-1.118092179E0,3.016694188E-1,9.555258751E0,9.625180744E0
1.519330770E0,-1.115697980E0,3.160346150E-1,9.586383820E0,9.656262973E0
1.521335106E0,-1.122880578E0,3.280056417E-1,9.603142738E0,9.674130397E0
1.523339676E0,-1.108515382E0,3.375824392E-1,9.627084732E0,9.696573039E0
1.525343465E0,-1.089361787E0,3.447650373E-1,9.643844604E0,9.711298100E0
1.527346824E0,-1.063025594E0,3.447650373E-1,9.674968719E0,9.739297001E0
1.529350731E0,-1.067813993E0,3.327940404E-1,9.679757118E0,9.744161147E0
1.531354168E0,-1.060631394E0,3.256114423E-1,9.674968719E0,9.738376738E0
1.533358113E0,-1.024718285E0,3.208230138E-1,9.660603523E0,9.720094413E0
1.535361199E0,-1.005564690E0,3.208230138E-1,9.674968719E0,9.732374195E0
1.537364246E0,-9.888052940E-1,3.160346150E-1,9.679757118E0,9.735261253E0
1.539367410E0,-9.768342972E-1,3.184288144E-1,9.706093788E0,9.760320629E0
1.541370262E0,-9.864110947E-1,3.136404157E-1,9.732429504E0,9.787316344E0
1.543373426E0,-9.744400978E-1,3.112462163E-1,9.730035782E0,9.783660053E0
1.545376199E0,-9.672574997E-1,3.208230138E-1,9.739612579E0,9.792781406E0
1.547378934E0,-9.624691010E-1,3.280056417E-1,9.744400978E0,9.797310085E0
1.549382488E0,-9.457096457E-1,3.351882398E-1,9.730035782E0,9.781631470E0
1.551385965E0,-9.457096457E-1,3.280056417E-1,9.732429504E0,9.783769135E0
1.553389207E0,-9.409212470E-1,3.303998411E-1,9.725247383E0,9.776243323E0
1.555392527E0,-9.361328483E-1,3.447650373E-1,9.710882187E0,9.761989576E0
1.557395223E0,-9.361328483E-1,3.519476354E-1,9.706093788E0,9.757482691E0
1.559397371E0,-9.313444495E-1,3.734954596E-1,9.691728592E0,9.743536547E0
1.561399051E0,-9.265560508E-1,3.663128614E-1,9.672574997E0,9.723754331E0
1.563401043E0,-9.313444495E-1,3.591302633E-1,9.655815125E0,9.707272673E0
1.565403856E0,-9.241618514E-1,3.423708379E-1,9.648633003E0,9.698835587E0
1.567407254E0,-9.193734527E-1,3.303998411E-1,9.629479408E0,9.678909302E0
1.569410379E0,-9.145850539E-1,3.184288144E-1,9.624691010E0,9.673290017E0
1.571412840E0,-9.026140571E-1,3.016694188E-1,9.615114212E0,9.662098006E0
1.573414598E0,-8.978256583E-1,2.968810201E-1,9.591172218E0,9.637676783E0
1.575415887E0,-9.002198577E-1,2.968810201E-1,9.581595421E0,9.628369797E0
1.577417957E0,-9.026140571E-1,2.896983922E-1,9.576807022E0,9.623610031E0
1.579419559E0,-9.145850539E-1,2.825157940E-1,9.574412346E0,9.622143876E0
1.581421199E0,-9.193734527E-1,2.705447972E-1,9.586383820E0,9.634168193E0
1.583423426E0,-9.145850539E-1,2.585737705E-1,9.583989143E0,9.631000681E0
1.585426043E0,-9.121908545E-1,2.442085743E-1,9.562441826E0,9.608955388E0
1.587428387E0,-9.193734527E-1,2.418143749E-1,9.574412346E0,9.621491231E0
1.589431004E0,-9.193734527E-1,2.346317619E-1,9.552865028E0,9.599871346E0
1.591432684E0,-9.289502501E-1,2.154781520E-1,9.543288231E0,9.590814859E0
1.593435223E0,-9.552865028E-1,2.130839527E-1,9.533711433E0,9.583821303E0
1.595437840E0,-9.624691010E-1,2.202665508E-1,9.531316757E0,9.582320348E0
1.597440496E0,-9.720458984E-1,2.202665508E-1,9.538499832E0,9.590431149E0
1.599444012E0,-9.840168953E-1,2.154781520E-1,9.531316757E0,9.584399784E0
1.601447059E0,-9.959878922E-1,2.226607651E-1,9.540893555E0,9.595322794E0
1.603448817E0,-1.017535686E0,2.322375625E-1,9.550470352E0,9.607330384E0
1.605451942E0,-1.024718285E0,2.322375625E-1,9.569623947E0,9.627132716E0
1.607455731E0,-1.027112484E0,2.442085743E-1,9.567230225E0,9.625304777E0
1.609458777E0,-1.024718285E0,2.442085743E-1,9.579200745E0,9.636948288E0
1.611461746E0,-1.024718285E0,2.442085743E-1,9.581595421E0,9.639328618E0
1.613464871E0,-1.024718285E0,2.418143749E-1,9.591172218E0,9.648787814E0
1.615467488E0,-1.015141487E0,2.585737705E-1,9.600749016E0,9.657730287E0
1.617470340E0,-1.010353088E0,2.513911724E-1,9.619902611E0,9.676080670E0
1.619473426E0,-9.983820915E-1,2.513911724E-1,9.639056206E0,9.693883064E0
1.621476707E0,-9.911994934E-1,2.585737705E-1,9.634267807E0,9.688573322E0
1.623479832E0,-9.816226959E-1,2.370259613E-1,9.634267807E0,9.687047053E0
1.625482879E0,-9.624691010E-1,2.226607651E-1,9.636661530E0,9.687165221E0
1.627485926E0,-9.576807022E-1,2.130839527E-1,9.643844604E0,9.693621400E0
1.629488934E0,-9.528923035E-1,1.987187415E-1,9.660603523E0,9.709518696E0
1.631491785E0,-9.457096457E-1,1.963245422E-1,9.658209801E0,9.706385868E0
1.633494051E0,-9.313444495E-1,1.819593310E-1,9.665391922E0,9.711864532E0
1.635497410E0,-9.265560508E-1,1.604115069E-1,9.658209801E0,9.703878324E0
1.637500574E0,-9.050082564E-1,1.532289088E-1,9.653421402E0,9.696961576E0
1.639504285E0,-8.930372596E-1,1.364694983E-1,9.622296333E0,9.664612056E0
1.641507254E0,-8.882488012E-1,1.316810995E-1,9.627084732E0,9.668872027E0
1.643510418E0,-8.882488012E-1,1.268926859E-1,9.624691010E0,9.666424609E0
1.645513465E0,-8.858546019E-1,1.292868853E-1,9.612719536E0,9.654316669E0
1.647515535E0,-8.882488012E-1,1.268926859E-1,9.600749016E0,9.642586238E0
1.649517801E0,-9.050082564E-1,1.197100878E-1,9.603142738E0,9.646435658E0
1.651520145E0,-9.097966552E-1,1.292868853E-1,9.619902611E0,9.663693460E0
1.653522606E0,-9.169792533E-1,1.364694983E-1,9.631873131E0,9.676386458E0
1.655526238E0,-9.097966552E-1,1.412578970E-1,9.639056206E0,9.682927671E0
1.657529012E0,-9.074024558E-1,1.340752989E-1,9.670180321E0,9.713585478E0
1.659531863E0,-9.026140571E-1,1.364694983E-1,9.682151794E0,9.725091230E0
1.661534520E0,-9.097966552E-1,1.508347094E-1,9.682151794E0,9.725972673E0
1.663537957E0,-9.097966552E-1,1.508347094E-1,9.691728592E0,9.735506364E0
1.665541629E0,-9.026140571E-1,1.628057212E-1,9.708487511E0,9.751715110E0
1.667544793E0,-9.145850539E-1,1.771709323E-1,9.715670586E0,9.760231057E0
1.669547176E0,-9.145850539E-1,1.771709323E-1,9.722852707E0,9.767380412E0
1.671550106E0,-9.409212470E-1,1.939303428E-1,9.732429504E0,9.779730356E0
1.673553543E0,-9.600749016E-1,2.011129409E-1,9.730035782E0,9.779355119E0
1.675557215E0,-9.672574997E-1,2.059013397E-1,9.737217903E0,9.787307849E0
1.677560652E0,-9.816226959E-1,2.274491638E-1,9.742006302E0,9.793977896E0
1.679563973E0,-9.983820915E-1,2.274491638E-1,9.730035782E0,9.783766976E0
1.681568192E0,-1.000776291E0,2.298433632E-1,9.722852707E0,9.776924154E0
1.683571512E0,-1.000776291E0,2.322375625E-1,9.703699112E0,9.757933384E0
1.685573856E0,-1.005564690E0,2.394201756E-1,9.701305389E0,9.756218972E0
1.687576629E0,-1.015141487E0,2.466027737E-1,9.689333916E0,9.745487002E0
1.689579832E0,-1.015141487E0,2.442085743E-1,9.677363396E0,9.733525176E0
1.691581902E0,-1.019929886E0,2.466027737E-1,9.679757118E0,9.736465877E0
1.693584442E0,-1.017535686E0,2.609679997E-1,9.679757118E0,9.736589805E0
1.695587371E0,-1.007958889E0,2.657563984E-1,9.670180321E0,9.726201469E0
1.697588738E0,-9.935936928E-1,2.633621991E-1,9.643844604E0,9.698470335E0
1.699590613E0,-9.864110947E-1,2.537853718E-1,9.629479408E0,9.683196143E0
1.701592645E0,-9.816226959E-1,2.370259613E-1,9.634267807E0,9.687047053E0
1.703595613E0,-9.672574997E-1,2.322375625E-1,9.612719536E0,9.664051854E0
1.705598777E0,-9.481038451E-1,2.298433632E-1,9.562441826E0,9.612076911E0
1.707602410E0,-9.361328483E-1,2.250549644E-1,9.536105156E0,9.584586376E0
1.709604598E0,-9.121908545E-1,2.011129409E-1,9.464279175E0,9.510263870E0
1.711607645E0,-8.954314590E-1,1.891419291E-1,9.397241592E0,9.441701209E0
1.713610457E0,-8.667010069E-1,1.771709323E-1,9.303867340E0,9.345828356E0
1.715612410E0,-8.331822157E-1,1.604115069E-1,9.174580574E0,9.213731772E0
1.717614715E0,-8.140285611E-1,1.580173075E-1,9.078812599E0,9.116602996E0
1.719617254E0,-7.972691655E-1,1.628057212E-1,8.947132111E0,8.984059040E0
1.721619910E0,-7.972691655E-1,1.723825186E-1,8.832210541E0,8.869796891E0
1.723622996E0,-8.020575643E-1,1.771709323E-1,8.765172005E0,8.803574623E0
1.725626551E0,-7.900865674E-1,2.106897533E-1,8.626308441E0,8.664976877E0
1.727629324E0,-7.565677166E-1,2.561795712E-1,8.499416351E0,8.536867165E0
1.729632059E0,-7.062895298E-1,3.112462163E-1,8.341399193E0,8.377031670E0
1.731634559E0,-6.129156351E-1,3.447650373E-1,8.140285492E0,8.170604408E0
1.733636942E0,-5.075707436E-1,3.663128614E-1,7.903259754E0,7.928009076E0
1.735639090E0,-4.118026793E-1,3.782838583E-1,7.589619160E0,7.610190478E0
1.737640652E0,-3.351882398E-1,3.806780577E-1,7.316680431E0,7.334240211E0
1.739643777E0,-3.016694188E-1,3.878606856E-1,7.170634270E0,7.187449908E0
1.741646121E0,-2.370259613E-1,4.094084799E-1,6.871358871E0,6.887624362E0
1.743649324E0,-1.843535304E-1,4.141969085E-1,6.528987885E0,6.544709932E0
1.745651121E0,-1.053448766E-1,3.615244627E-1,6.143521786E0,6.155051374E0
1.747653231E0,-2.873042040E-2,2.944868207E-1,5.734113216E0,5.741742097E0
1.749655652E0,5.985504389E-2,2.442085743E-1,5.264849663E0,5.270850256E0
1.751658152E0,1.077390760E-1,-7.661445439E-2,4.584896088E0,4.586801676E0
1.753660106E0,1.125274822E-1,-4.141969085E-1,3.663128614E0,3.688188276E0
1.755662488E0,1.053448766E-1,-4.477157295E-1,3.361459255E0,3.392779869E0
1.757664051E0,1.149216816E-1,-4.046200812E-1,2.942473888E0,2.972385740E0
1.759665262E0,1.484405100E-1,-2.944868207E-1,2.664746523E0,2.685075623E0
1.761667176E0,1.987187415E-1,-1.819593310E-1,2.422932148E0,2.437867619E0
1.763668973E0,2.729389966E-1,-8.140286058E-2,2.104503393E0,2.123689397E0
1.765671707E0,3.519476354E-1,-2.154781483E-2,1.716642618E0,1.752482047E0
1.767673543E0,4.429273009E-1,-1.939303428E-1,1.312022567E0,1.398283515E0
1.769675731E0,3.375824392E-1,-1.915361285E-1,9.169792533E-1,9.957403993E-1
1.771677957E0,2.849099934E-1,-8.619125932E-2,7.350199223E-1,7.930049960E-1
1.773679637E0,2.873041928E-1,8.858546615E-2,4.285621047E-1,5.235041180E-1
1.775680574E0,3.591302633E-1,2.154781520E-1,1.556231081E-1,4.467929407E-1
1.777682840E0,4.453215301E-1,3.088520169E-1,-4.070143029E-2,5.434679751E-1
1.779684520E0,4.716577232E-1,3.615244627E-1,-1.460463107E-1,6.119562646E-1
1.781686668E0,4.836287498E-1,3.806780577E-1,-1.077390760E-1,6.248361863E-1
1.783688348E0,3.471592367E-1,2.513911724E-1,2.633621916E-2,4.294306156E-1
1.785690106E0,1.173158810E-1,3.112462163E-2,7.900865376E-2,1.448244640E-1
1.787691746E0,7.182604820E-2,-4.788403399E-3,7.900865376E-2,1.068844113E-1
1.789693465E0,3.351882473E-2,-3.591302410E-2,6.464344263E-2,8.119132704E-2
1.791695262E0,1.675941236E-2,-3.830722719E-2,5.506663769E-2,6.914228912E-2
1.793696238E0,2.394201700E-3,-3.591302410E-2,4.788403213E-2,5.990290506E-2
1.795698348E0,4.788403399E-3,-3.112462163E-2,3.830722719E-2,4.958945991E-2
1.797701512E0,7.182605099E-3,-3.351882473E-2,2.873042040E-2,4.472737957E-2
1.799703074E0,0.000000000E0,-3.112462163E-2,2.154781483E-2,3.785565210E-2
1.801704793E0,-2.394201700E-3,-3.112462163E-2,2.633621916E-2,4.084202141E-2
1.803707176E0,-4.788403399E-3,-2.873042040E-2,2.154781483E-2,3.623084580E-2
1.805710106E0,0.000000000E0,-3.351882473E-2,2.633621916E-2,4.262755037E-2
1.807713270E0,-2.394201700E-3,-4.070143029E-2,2.394201607E-2,4.728169585E-2
1.809716199E0,2.394201700E-3,-4.070143029E-2,1.915361360E-2,4.504663743E-2
1.811718973E0,0.000000000E0,-4.070143029E-2,2.394201607E-2,4.722103939E-2
1.813722410E0,9.576806799E-3,-4.070143029E-2,1.915361360E-2,4.599111403E-2
1.815725887E0,9.576806799E-3,-3.591302410E-2,3.351882473E-2,5.004969670E-2
1.817730106E0,0.000000000E0,-3.112462163E-2,5.267243832E-2,6.118110681E-2
1.819732293E0,-4.788403399E-3,-2.633621916E-2,4.788403213E-2,5.485805119E-2
1.821735652E0,-7.182605099E-3,-2.633621916E-2,3.112462163E-2,4.139961748E-2
1.823739402E0,-1.197100803E-2,-2.394201607E-2,3.112462163E-2,4.105200651E-2
1.825742918E0,-4.788403399E-3,-2.633621916E-2,4.070143029E-2,4.871479934E-2
1.827746004E0,-1.675941236E-2,-2.873042040E-2,5.746084079E-2,6.639324652E-2
1.829749129E0,-1.197100803E-2,-3.351882473E-2,6.224924326E-2,7.170624053E-2
1.831751043E0,2.394201700E-3,-3.830722719E-2,6.703764945E-2,7.724779803E-2
1.833752332E0,0.000000000E0,-3.591302410E-2,5.746084079E-2,6.776056024E-2
1.835754207E0,-4.788403399E-3,-3.591302410E-2,5.027823523E-2,6.197237324E-2
1.837756277E0,4.788403399E-3,-4.070143029E-2,5.985504389E-2,7.254075760E-2
1.839759090E0,-7.182605099E-3,-3.591302410E-2,5.985504389E-2,7.017094409E-2
1.841761434E0,-4.788403399E-3,-4.070143029E-2,7.900865376E-2,8.900507066E-2
1.843763152E0,4.788403399E-3,-2.873042040E-2,6.943184882E-2,7.529374140E-2
1.845764754E0,7.182605099E-3,-2.873042040E-2,5.985504389E-2,6.678063455E-2
1.847768152E0,-4.788403399E-3,-2.394201607E-2,6.464344263E-2,6.910082210E-2
1.849770926E0,-2.394201700E-3,-3.351882473E-2,6.943184882E-2,7.713640803E-2
1.851772918E0,-7.182605099E-3,-3.351882473E-2,6.943184882E-2,7.743308762E-2
1.853775926E0,2.394201700E-3,-3.351882473E-2,7.422025502E-2,8.147324756E-2
1.855779012E0,-4.788403399E-3,-4.070143029E-2,7.900865376E-2,8.900507066E-2
1.857781473E0,-4.788403399E-3,-3.112462163E-2,7.422025502E-2,8.062454424E-2
1.859784168E0,-4.788403399E-3,-3.351882473E-2,7.661445439E-2,8.376285000E-2
1.861787918E0,0.000000000E0,-3.351882473E-2,7.900865376E-2,8.582469913E-2
1.863791395E0,7.182605099E-3,-3.351882473E-2,9.097966552E-2,9.722345892E-2
1.865793973E0,7.182605099E-3,-2.394201607E-2,9.576806426E-2,9.897642185E-2
1.867796942E0,4.788403399E-3,-3.112462163E-2,9.816227108E-2,1.030897781E-1
1.869798934E0,2.394201700E-3,-4.070143029E-2,8.619125932E-2,9.534816104E-2
1.871801043E0,-2.394201700E-3,-3.112462163E-2,8.619125932E-2,9.167010122E-2
1.873803777E0,-9.576806799E-3,-3.351882473E-2,8.619125932E-2,9.297397498E-2
1.875806512E0,-4.788403399E-3,-3.112462163E-2,9.337386489E-2,9.854110575E-2
1.877809168E0,-7.182605099E-3,-2.873042040E-2,1.005564705E-1,1.048266694E-1
1.879812254E0,4.788403399E-3,-3.112462163E-2,1.101332754E-1,1.145469739E-1
1.881815106E0,7.182605099E-3,-3.112462163E-2,1.101332754E-1,1.146720116E-1
1.883817957E0,7.182605099E-3,-3.351882473E-2,1.125274822E-1,1.176330552E-1
1.885820067E0,0.000000000E0,-3.830722719E-2,1.101332754E-1,1.166052400E-1
1.887822293E0,2.394201700E-3,-3.591302410E-2,1.077390760E-1,1.135921916E-1
1.889824715E0,2.394201700E-3,-3.591302410E-2,1.221042871E-1,1.272986035E-1
1.891827059E0,0.000000000E0,-2.394201607E-2,1.340752989E-1,1.361962037E-1
1.893829402E0,0.000000000E0,-2.873042040E-2,1.316810995E-1,1.347788894E-1
1.895830887E0,4.788403399E-3,-3.112462163E-2,1.268926859E-1,1.307418243E-1
1.897833231E0,9.576806799E-3,-3.830722719E-2,1.340752989E-1,1.397688973E-1
1.899835613E0,9.576806799E-3,-3.112462163E-2,1.388636976E-1,1.426309357E-1
1.901837254E0,1.197100803E-2,-2.633621916E-2,1.460463107E-1,1.488839358E-1
1.903838113E0,9.576806799E-3,-3.112462163E-2,1.508347094E-1,1.543099701E-1
1.905839676E0,1.197100803E-2,-2.394201607E-2,1.484405100E-1,1.508347115E-1
1.907841902E0,2.394201700E-3,-3.112462163E-2,1.556231081E-1,1.587231113E-1
1.909843270E0,2.394201700E-3,-2.873042040E-2,1.628057212E-1,1.653386588E-1
1.911845574E0,-4.788403399E-3,-4.070143029E-2,1.747767180E-1,1.795172315E-1
1.913847410E0,0.000000000E0,-3.351882473E-2,1.795651317E-1,1.826667680E-1
1.915849207E0,0.000000000E0,-3.351882473E-2,1.819593310E-1,1.850208360E-1
1.917851785E0,0.000000000E0,-2.873042040E-2,1.771709323E-1,1.794853094E-1
1.919853934E0,4.788403399E-3,-3.591302410E-2,1.867477298E-1,1.902298312E-1
1.921857059E0,0.000000000E0,-3.591302410E-2,1.987187415E-1,2.019378210E-1
1.923859949E0,-2.394201700E-3,-3.112462163E-2,1.987187415E-1,2.011556922E-1
1.925862801E0,-2.394201700E-3,-3.591302410E-2,1.987187415E-1,2.019520135E-1
1.927864871E0,0.000000000E0,-3.351882473E-2,2.106897533E-1,2.133393629E-1
1.929867254E0,-4.788403399E-3,-2.633621916E-2,2.130839527E-1,2.147586928E-1
1.931869871E0,2.394201700E-3,-2.633621916E-2,2.082955539E-1,2.099675366E-1
1.933872723E0,2.394201700E-3,-2.394201607E-2,2.130839527E-1,2.144381571E-1
1.935875340E0,4.788403399E-3,-2.394201607E-2,2.250549644E-1,2.263755419E-1
1.937877176E0,-2.394201700E-3,-2.873042040E-2,2.202665508E-1,2.221452738E-1
1.939878777E0,-4.788403399E-3,-2.394201607E-2,2.154781520E-1,2.168570565E-1
1.941880535E0,-9.576806799E-3,-3.591302410E-2,2.274491638E-1,2.304660119E-1
1.943882020E0,0.000000000E0,-3.830722719E-2,2.250549644E-1,2.282918760E-1
1.945884129E0,-4.788403399E-3,-4.309562966E-2,2.274491638E-1,2.315454258E-1
1.947884988E0,-4.788403399E-3,-2.633621916E-2,2.250549644E-1,2.266412634E-1
1.949885574E0,7.182605099E-3,-2.394201607E-2,2.394201756E-1,2.407214789E-1
1.951887098E0,-2.394201700E-3,-2.873042040E-2,2.346317619E-1,2.363963472E-1
1.953888152E0,-7.182605099E-3,-3.112462163E-2,2.370259613E-1,2.391686397E-1
1.955889871E0,0.000000000E0,-2.633621916E-2,2.466027737E-1,2.480050895E-1
1.957891785E0,-2.394201700E-3,-3.351882473E-2,2.537853718E-1,2.560005054E-1
1.959893348E0,-2.394201700E-3,-2.873042040E-2,2.561795712E-1,2.577967066E-1
1.961894910E0,0.000000000E0,-1.915361360E-2,2.609679997E-1,2.616699405E-1
1.963897684E0,-4.788403399E-3,-2.873042040E-2,2.633621991E-1,2.649679486E-1
1.965899285E0,0.000000000E0,-3.351882473E-2,2.585737705E-1,2.607372363E-1
1.967901746E0,4.788403399E-3,-2.873042040E-2,2.609679997E-1,2.625883903E-1
1.969904012E0,0.000000000E0,-2.633621916E-2,2.657563984E-1,2.670581580E-1
1.971905965E0,-2.394201700E-3,-3.112462163E-2,2.681505978E-1,2.699615109E-1
1.973907215E0,0.000000000E0,-2.154781483E-2,2.657563984E-1,2.666285274E-1
1.975908934E0,-2.394201700E-3,-2.873042040E-2,2.896983922E-1,2.911294002E-1
1.977910340E0,2.394201700E-3,-2.394201607E-2,2.801215947E-1,2.811530902E-1
1.979911942E0,2.394201700E-3,-1.915361360E-2,2.777273953E-1,2.783973764E-1
1.981914012E0,2.394201700E-3,-1.197100803E-2,2.944868207E-1,2.947397578E-1
1.983916043E0,-9.576806799E-3,-1.436521020E-2,2.896983922E-1,2.902123928E-1
1.985918152E0,-7.182605099E-3,-1.915361360E-2,3.088520169E-1,3.095287048E-1
1.987921277E0,2.394201700E-3,-2.633621916E-2,3.184288144E-1,3.195250201E-1
1.989922957E0,7.182605099E-3,-2.633621916E-2,3.112462163E-1,3.124410239E-1
1.991925145E0,1.197100803E-2,-2.394201607E-2,3.160346150E-1,3.171662073E-1
1.993927059E0,-2.394201700E-3,-2.873042040E-2,3.208230138E-1,3.221157795E-1
1.995929051E0,0.000000000E0,-2.633621916E-2,3.208230138E-1,3.219021631E-1
1.997931590E0,-2.394201700E-3,-1.915361360E-2,3.327940404E-1,3.333533658E-1
1.999933387E0,-4.788403399E-3,-1.675941236E-2,3.303998411E-1,3.308592778E-1
2.001935770E0,-4.788403399E-3,-2.154781483E-2,3.303998411E-1,3.311363648E-1
2.003938543E0,-4.788403399E-3,-2.394201607E-2,3.471592367E-1,3.480167877E-1
2.005940848E0,0.000000000E0,-3.351882473E-2,3.495534360E-1,3.511568257E-1
2.007942723E0,-2.394201700E-3,-2.633621916E-2,3.423708379E-1,3.433906220E-1
2.009945027E0,2.394201700E-3,-2.633621916E-2,3.471592367E-1,3.481649957E-1
2.011947606E0,-2.394201700E-3,-2.154781483E-2,3.543418646E-1,3.550045035E-1
2.013950418E0,-2.394201700E-3,-2.873042040E-2,3.639186621E-1,3.650588471E-1
2.015952567E0,-7.182605099E-3,-2.394201607E-2,3.830722570E-1,3.838869157E-1
2.017954168E0,4.788403399E-3,-2.394201607E-2,3.902548850E-1,3.910179333E-1
2.019956395E0,2.394201700E-3,-3.351882473E-2,4.118026793E-1,4.131715025E-1
2.021958074E0,-2.394201700E-3,-2.633621916E-2,4.189853072E-1,4.198190280E-1
2.023960067E0,2.394201700E-3,-1.675941236E-2,4.381389022E-1,4.384658570E-1
2.025961981E0,0.000000000E0,-2.633621916E-2,4.572925270E-1,4.580502720E-1
2.027963973E0,-9.576806799E-3,-3.112462163E-2,4.716577232E-1,4.727805676E-1
2.029965965E0,-9.576806799E-3,-1.675941236E-2,4.836287498E-1,4.840138023E-1
2.031967996E0,-4.788403399E-3,-1.675941236E-2,5.195417404E-1,5.198340377E-1
2.033970613E0,-7.182605099E-3,-2.633621916E-2,5.506663918E-1,5.513425989E-1
2.035973113E0,2.394201700E-3,-3.351882473E-2,6.177040339E-1,6.186174240E-1
2.037975848E0,4.788403399E-3,-2.394201607E-2,6.991068721E-1,6.995331068E-1
2.039978582E0,7.182605099E-3,-2.873042040E-2,7.996633649E-1,8.002115495E-1
2.041981199E0,1.436521020E-2,-3.591302410E-2,1.003170490E0,1.003915901E0
2.043984246E0,3.351882473E-2,-6.703764945E-2,1.091755986E0,1.094325679E0
2.045986981E0,2.561795712E-1,-3.758896589E-1,1.347935557E0,1.422621269E0
2.047989598E0,5.746083856E-1,-5.841852427E-1,3.646369219E0,3.737305938E0
2.049992567E0,7.206547260E-1,-5.458779931E-1,1.100614548E1,1.104321349E1
2.051994832E0,5.051765442E-1,-3.112462163E-1,3.024834442E1,3.025416364E1
2.053997606E0,1.436520964E-1,-7.685387731E-1,5.205952072E1,5.206539144E1
2.056000574E0,4.141969085E-1,-1.493981838E0,6.479907227E1,6.481761572E1
2.058003231E0,1.721431017E0,-3.533841610E0,7.844362640E1,7.854205170E1
2.060005574E0,5.437232018E0,-7.180211067E0,7.844362640E1,7.895898585E1
2.062007723E0,8.645462036E0,-1.095586681E1,7.844362640E1,7.967545139E1
2.064010027E0,1.514332581E1,-1.774103546E1,7.844362640E1,8.183805459E1
2.066012801E0,2.373611641E1,-1.997003555E1,7.844362640E1,8.435406372E1
2.068015652E0,2.915658760E1,-1.951753235E1,7.844362640E1,8.593278299E1
2.070017879E0,3.025552750E1,-1.819353867E1,7.844362640E1,8.602211528E1
2.072019637E0,2.721728516E1,-1.666124916E1,7.844362640E1,8.468636465E1
2.074021981E0,2.200750160E1,-1.428620148E1,7.844362640E1,8.271534442E1
2.076023895E0,1.631887817E1,-1.144667816E1,7.844362640E1,8.093660945E1
2.078027059E0,1.369243908E1,-9.964667320E0,7.844362640E1,8.025073212E1
2.080030496E0,9.126696587E0,-6.995857239E0,7.844362640E1,7.928203537E1
2.082033426E0,5.640739441E0,-4.125209332E0,6.587645721E1,6.624607844E1
2.084035965E0,3.126827478E0,-1.608903527E0,5.281848526E1,5.293541353E1
2.086037332E0,1.367089152E0,4.046200812E-1,4.193204880E1,4.195627923E1
2.088039129E0,1.005564705E-1,1.853112102E0,3.224031830E1,3.229368762E1
2.090041473E0,-7.445967197E-1,2.671929121E0,2.321896744E1,2.338405607E1
2.092044871E0,-1.319205165E0,3.016694069E0,1.440112305E1,1.477271439E1
2.094047176E0,-1.563413739E0,3.026270866E0,1.024000072E1,1.079167238E1
2.096049949E0,-1.843535304E0,2.758120298E0,3.624821424E0,4.913774553E0
2.098052449E0,-1.793257117E0,2.185906172E0,-2.059013397E-1,2.834846070E0
2.100055652E0,-1.618480325E0,1.544260144E0,-2.037465572E0,3.025803020E0
2.102057801E0,-1.400607944E0,1.027112484E0,-2.638410330E0,3.158776937E0
2.104060887E0,-1.067813993E0,6.009446383E-1,-2.655169725E0,2.924258445E0
2.106063309E0,-6.727706790E-1,2.825157940E-1,-2.408566952E0,2.516670483E0
2.108065418E0,-4.046200812E-1,1.125274822E-1,-1.987187386E0,2.031081867E0
2.110067137E0,-3.136404157E-1,6.703764945E-2,-1.778891921E0,1.807573186E0
2.112068738E0,-2.059013397E-1,1.197100803E-2,-1.431732655E0,1.446512033E0
2.114070692E0,-1.628057212E-1,-7.182605099E-3,-1.137245774E0,1.148862587E0
2.116073309E0,-1.364694983E-1,-3.591302410E-2,-8.954314590E-1,9.064828553E-1
2.118075692E0,-9.097966552E-2,-6.464344263E-2,-7.015010715E-1,7.103237483E-1
2.120078270E0,-6.943184882E-2,-6.943184882E-2,-5.506663918E-1,5.593523383E-1
2.122081199E0,-5.027823523E-2,-7.182604820E-2,-4.261679053E-1,4.350930540E-1
2.124084168E0,-3.351882473E-2,-7.661445439E-2,-3.375824392E-1,3.477861261E-1
2.126086199E0,-3.112462163E-2,-7.661445439E-2,-2.968810201E-1,3.081831546E-1
2.128088660E0,-2.873042040E-2,-7.422025502E-2,-2.370259613E-1,2.500307774E-1
2.130090809E0,-3.112462163E-2,-7.422025502E-2,-1.843535304E-1,2.011556922E-1
2.132093817E0,-3.351882473E-2,-6.464344263E-2,-1.604115069E-1,1.761650869E-1
2.134096277E0,-3.112462163E-2,-6.703764945E-2,-1.388636976E-1,1.573083438E-1
2.136099012E0,-2.873042040E-2,-5.746084079E-2,-1.268926859E-1,1.422284747E-1
2.138102332E0,-3.112462163E-2,-5.985504389E-2,-1.101332754E-1,1.291538102E-1
2.140105067E0,-2.633621916E-2,-5.267243832E-2,-8.379705995E-2,1.024203566E-1
2.142107645E0,-3.112462163E-2,-5.027823523E-2,-8.140286058E-2,1.006134619E-1
2.144110106E0,-3.830722719E-2,-5.027823523E-2,-8.140286058E-2,1.030619731E-1
2.146112410E0,-3.351882473E-2,-5.027823523E-2,-7.900865376E-2,9.946748171E-2
2.148115965E0,-2.633621916E-2,-5.506663769E-2,-7.661445439E-2,9.795767274E-2
2.150118504E0,-2.394201607E-2,-5.506663769E-2,-6.464344263E-2,8.822884673E-2
2.152120926E0,-2.154781483E-2,-6.224924326E-2,-5.027823523E-2,8.286843517E-2
2.154124285E0,-3.112462163E-2,-5.985504389E-2,-4.548983276E-2,8.136764243E-2
2.156127332E0,-2.633621916E-2,-5.746084079E-2,-3.351882473E-2,7.154618281E-2
2.158130223E0,-2.633621916E-2,-5.506663769E-2,-2.873042040E-2,6.746382796E-2
2.160132957E0,-2.633621916E-2,-5.267243832E-2,-4.309562966E-2,7.297407413E-2
2.162135692E0,-2.394201607E-2,-4.548983276E-2,-3.351882473E-2,6.136820536E-2
2.164138465E0,-2.394201607E-2,-5.985504389E-2,-2.154781483E-2,6.797172012E-2
2.166142293E0,-2.873042040E-2,-6.703764945E-2,-2.633621916E-2,7.754405161E-2
2.168145340E0,-2.394201607E-2,-6.224924326E-2,-1.675941236E-2,6.876820721E-2
2.170149754E0,-2.394201607E-2,-5.027823523E-2,4.788403399E-3,5.589320064E-2
2.172153426E0,-2.633621916E-2,-5.027823523E-2,-2.394201700E-3,5.680871042E-2
2.174155809E0,-1.915361360E-2,-4.548983276E-2,-4.788403399E-3,4.958946063E-2
2.176158895E0,-2.154781483E-2,-5.267243832E-2,-7.182605099E-3,5.736099632E-2
2.178160652E0,-2.873042040E-2,-5.746084079E-2,-2.394201700E-3,6.428777086E-2
2.180163152E0,-2.873042040E-2,-5.506663769E-2,2.394201700E-3,6.215709006E-2
2.182166082E0,-2.873042040E-2,-5.267243832E-2,2.394201700E-3,6.004627396E-2
2.184167879E0,-3.112462163E-2,-4.548983276E-2,9.576806799E-3,5.594445624E-2
2.186169949E0,-2.394201607E-2,-5.506663769E-2,7.182605099E-3,6.047432956E-2
2.188172449E0,-2.633621916E-2,-5.985504389E-2,1.436521020E-2,6.695208722E-2
2.190174715E0,-3.112462163E-2,-5.746084079E-2,7.182605099E-3,6.574252894E-2
2.192176434E0,-3.112462163E-2,-5.985504389E-2,-7.182605099E-3,6.784510422E-2
2.194178895E0,-3.112462163E-2,-5.506663769E-2,9.576806799E-3,6.397493171E-2
2.196182176E0,-2.873042040E-2,-5.267243832E-2,4.788403399E-3,6.018929824E-2
2.198184871E0,-1.675941236E-2,-5.027823523E-2,1.197100803E-2,5.433308268E-2
2.200187723E0,-2.154781483E-2,-4.788403213E-2,2.873042040E-2,5.985504083E-2
2.202189442E0,-2.633621916E-2,-5.267243832E-2,1.915361360E-2,6.192611010E-2
2.204191434E0,-2.394201607E-2,-5.027823523E-2,1.675941236E-2,5.815495657E-2
2.206194207E0,-2.394201607E-2,-4.788403213E-2,2.394201607E-2,5.864572277E-2
2.208197567E0,-2.394201607E-2,-4.309562966E-2,2.394201607E-2,5.480578038E-2
2.210200535E0,-1.915361360E-2,-4.548983276E-2,1.915361360E-2,5.294380712E-2
2.212202879E0,-1.197100803E-2,-5.027823523E-2,1.436521020E-2,5.364294208E-2
2.214205067E0,-1.675941236E-2,-4.788403213E-2,2.394201607E-2,5.609793730E-2
2.216208895E0,-1.197100803E-2,-4.070143029E-2,4.309562966E-2,6.047433139E-2
2.218211707E0,-1.436521020E-2,-5.267243832E-2,4.070143029E-2,6.809810167E-2
2.220213660E0,-1.436521020E-2,-4.070143029E-2,4.788403213E-2,6.446585317E-2
2.222214598E0,-9.576806799E-3,-3.591302410E-2,5.027823523E-2,6.252488677E-2
2.224217684E0,-1.436521020E-2,-5.267243832E-2,4.548983276E-2,7.106384388E-2
2.226220457E0,-1.436521020E-2,-5.746084079E-2,5.267243832E-2,7.926218044E-2
2.228222723E0,-9.576806799E-3,-5.267243832E-2,6.224924326E-2,8.210401497E-2
2.230225184E0,-1.436521020E-2,-5.985504389E-2,6.703764945E-2,9.101116408E-2
2.232229598E0,-7.182605099E-3,-5.027823523E-2,6.943184882E-2,8.602483586E-2
2.234233152E0,-1.197100803E-2,-4.309562966E-2,7.182604820E-2,8.461394406E-2
2.236237137E0,-1.436521020E-2,-4.788403213E-2,6.943184882E-2,8.555712377E-2
2.238240106E0,-1.197100803E-2,-5.027823523E-2,7.900865376E-2,9.441172247E-2
2.240242957E0,-4.788403399E-3,-5.027823523E-2,1.053448766E-1,1.168262504E-1
2.242245027E0,9.576806799E-3,-4.548983276E-2,1.101332754E-1,1.195423710E-1
2.244246668E0,-1.915361360E-2,-2.873042040E-2,1.532289088E-1,1.570713101E-1
2.246249363E0,-6.703764945E-2,-1.915361360E-2,2.418143749E-1,2.516646564E-1
2.248250692E0,-1.316810995E-1,7.182605099E-3,3.902548850E-1,4.119349184E-1
2.250252684E0,-3.256114423E-1,7.182605099E-3,7.254431248E-1,7.951994269E-1
2.252254442E0,-5.075707436E-1,1.436521020E-2,1.079784989E0,1.193218355E0
2.254256160E0,-5.841852427E-1,1.675941236E-2,1.228225470E0,1.360180532E0
2.256257332E0,-6.895300746E-1,1.915361360E-2,1.522712231E0,1.671667168E0
2.258259402E0,-7.781155705E-1,2.154781483E-2,1.836352706E0,1.994522351E0
2.260261473E0,-8.571242094E-1,-4.788403399E-3,2.276885748E0,2.432877627E0
2.262262606E0,-9.768342972E-1,9.576806799E-3,3.062183857E0,3.214228824E0
2.264263426E0,-1.177947283E0,4.548983276E-2,4.209006786E0,4.370968686E0
2.266265184E0,-1.376665950E0,1.005564705E-1,5.734113216E0,5.897912777E0
2.268267410E0,-1.410184860E0,2.011129409E-1,7.627926826E0,7.759789651E0
2.270269285E0,-1.386242747E0,2.801215947E-1,8.796297073E0,8.909263677E0
2.272269754E0,-1.367089152E0,4.979939461E-1,1.118092155E1,1.127519124E1
2.274271981E0,-1.362300754E0,6.799532771E-1,1.364216137E1,1.372686296E1
2.276273192E0,-1.309628367E0,7.996633649E-1,1.607706451E1,1.615012667E1
2.278274129E0,-1.328781962E0,8.331822157E-1,1.902911568E1,1.909364024E1
2.280274637E0,-1.623268723E0,8.906430602E-1,2.239775658E1,2.247415729E1
2.282274871E0,-2.133233786E0,8.092401624E-1,2.646789932E1,2.656605448E1
2.284277567E0,-2.628833532E0,3.519476354E-1,3.204878235E1,3.215834391E1
2.286279324E0,-2.736572504E0,2.873042040E-2,3.410300827E1,3.421264134E1
2.288280652E0,-2.561795712E0,-7.158663273E-1,3.702872467E1,3.712413922E1
2.290281395E0,-1.999158382E0,-1.383848548E0,3.938701248E1,3.946198707E1
2.292282215E0,-1.551442742E0,-2.001552582E0,4.097676086E1,4.105494024E1
2.294283504E0,-1.039083481E0,-2.564189911E0,4.208527756E1,4.217612300E1
2.296284676E0,-3.399766386E-1,-3.052607059E0,4.245159149E1,4.256256118E1
2.298285027E0,5.817909837E-1,-3.466804028E0,4.180276108E1,4.195030446E1
2.300284207E0,1.774103403E0,-3.799597979E0,3.995443726E1,4.017389008E1
2.302284793E0,2.418143749E0,-3.938461781E0,3.858495331E1,3.886074526E1
2.304286238E0,3.699041605E0,-4.074931145E0,3.510617828E1,3.553493670E1
2.306288856E0,4.812345505E0,-4.000710964E0,3.098575783E1,3.161141480E1
2.308291746E0,5.554547787E0,-3.684676409E0,2.663310051E1,2.745454214E1
2.310293934E0,5.908889771E0,-3.148375273E0,2.250789070E1,2.348259758E1
2.312295731E0,5.942408562E0,-2.470816135E0,1.892855835E1,1.999268549E1
2.314297567E0,5.901707172E0,-1.738190413E0,1.600045013E1,1.714251609E1
2.316299324E0,5.746084213E0,-1.036689281E0,1.365892029E1,1.485457209E1
2.318300574E0,5.633556366E0,-7.206547260E-1,1.266053867E1,1.387607798E1
2.320302645E0,5.341464043E0,-1.651999205E-1,1.095826149E1,1.219188353E1
2.322304051E0,4.934449673E0,2.944868207E-1,9.555258751E0,1.075818227E1
2.324305731E0,4.429273129E0,6.727706790E-1,8.410830498E0,9.529593407E0
2.326307567E0,3.871424198E0,9.935936928E-1,7.448361397E0,8.453001907E0
2.328309324E0,3.284844637E0,1.235408068E0,6.670246124E0,7.537149378E0
2.330311082E0,2.688688517E0,1.407790542E0,6.016628742E0,6.738749259E0
2.332312020E0,2.133233786E0,1.517923832E0,5.461174011E0,6.056335586E0
2.334314246E0,1.869871497E0,1.551442742E0,5.224148273E0,5.761520562E0
2.336316824E0,1.379060149E0,1.570596337E0,4.795586109E0,5.231273830E0
2.338319324E0,9.361328483E-1,1.549048543E0,4.441244125E0,4.795888393E0
2.340320926E0,5.434837937E-1,1.482010841E0,4.144362926E0,4.434802683E0
2.342323152E0,2.059013397E-1,1.393425345E0,3.888183594E0,4.135456591E0
2.344325926E0,-8.858546615E-2,1.278503656E0,3.696647406E0,3.912495498E0
2.346329363E0,-3.280056417E-1,1.137245774E0,3.569754839E0,3.760859644E0
2.348331863E0,-5.171475410E-1,9.744400978E-1,3.471592426E0,3.642654123E0
2.350332957E0,-5.889736414E-1,8.786720037E-1,3.454833031E0,3.613146234E0
2.352333934E0,-7.062895298E-1,6.823474765E-1,3.457227230E0,3.594003770E0
2.354336512E0,-7.733271718E-1,4.740519226E-1,3.517082214E0,3.632165668E0
2.356338582E0,-7.829039693E-1,2.513911724E-1,3.663128614E0,3.754283872E0
2.358339559E0,-7.445967197E-1,2.633621916E-2,3.890577793E0,3.961276743E0
2.360339871E0,-6.655880809E-1,-2.250549644E-1,4.220977783E0,4.279054881E0
2.362340301E0,-5.554547906E-1,-4.668693244E-1,4.630385876E0,4.686893465E0
2.364342215E0,-4.022258818E-1,-7.038952708E-1,5.099649429E0,5.163688460E0
2.366343699E0,-3.232172430E-1,-8.140285611E-1,5.360617638E0,5.431697096E0
2.368346199E0,-1.388636976E-1,-1.034295082E0,5.932831764E0,6.023914191E0
2.370348777E0,4.788403213E-2,-1.216254473E0,6.550535679E0,6.662663544E0
2.372349793E0,2.561795712E-1,-1.381454349E0,7.189787865E0,7.325782800E0
2.374351668E0,4.357447028E-1,-1.503558636E0,7.831433773E0,7.986358179E0
2.376353738E0,6.224924326E-1,-1.582567334E0,8.458714485E0,8.627970036E0
2.378355379E0,8.236053586E-1,-1.616086125E0,9.078812599E0,9.258234084E0
2.380356785E0,1.007958889E0,-1.589749932E0,9.684545517E0,9.865784705E0
2.382358738E0,1.101332784E0,-1.561019540E0,9.986215591E0,1.016731123E1
2.384360457E0,1.261744261E0,-1.482010841E0,1.054885292E1,1.072691254E1
2.386362176E0,1.398213744E0,-1.359906554E0,1.105163479E1,1.122243196E1
2.388363699E0,1.498770237E0,-1.216254473E0,1.150653362E1,1.166730060E1
2.390366160E0,1.577778935E0,-1.060631394E0,1.190157700E1,1.205246283E1
2.392367606E0,1.635239720E0,-8.906430602E-1,1.222718811E1,1.236816005E1
2.394369442E0,1.656787634E0,-7.350199223E-1,1.246421432E1,1.259531017E1
2.396371668E0,1.647210717E0,-5.841852427E-1,1.261504841E1,1.273554168E1
2.398373465E0,1.637633920E0,-5.171475410E-1,1.265814400E1,1.277411038E1
2.400375731E0,1.611297727E0,-3.878606856E-1,1.268208599E1,1.278991874E1
2.402377059E0,1.565807939E0,-2.801215947E-1,1.261026001E1,1.271018804E1
2.404379637E0,1.505952835E0,-2.082955539E-1,1.245224285E1,1.254470538E1
2.406381981E0,1.448492050E0,-1.532289088E-1,1.221282291E1,1.229937608E1
2.408384598E0,1.391031146E0,-1.244984865E-1,1.189200020E1,1.197372692E1
2.410386824E0,1.323993564E0,-1.173158810E-1,1.148977375E1,1.156640060E1
2.412387723E0,1.256955862E0,-1.340752989E-1,1.107078838E1,1.114272272E1
2.414388777E0,1.225831270E0,-1.484405100E-1,1.086249352E1,1.093244997E1
2.416391551E0,1.158793569E0,-1.819593310E-1,1.046745014E1,1.053296844E1
2.418393856E0,1.082179189E0,-2.178723514E-1,1.012268448E1,1.018269715E1
2.420396863E0,1.005564690E0,-2.537853718E-1,9.828198433E0,9.882765392E0
2.422398621E0,9.265560508E-1,-2.849099934E-1,9.588777542E0,9.637651922E0
2.424401512E0,8.427590132E-1,-3.040636182E-1,9.404424667E0,9.447004857E0
2.426403738E0,7.852981687E-1,-3.208230138E-1,9.248801231E0,9.287623207E0
2.428406434E0,7.445967197E-1,-3.591302633E-1,9.136273384E0,9.173597450E0
2.430408387E0,7.254431248E-1,-3.734954596E-1,9.088389397E0,9.124943200E0
2.432411199E0,7.015010715E-1,-3.878606856E-1,9.018958092E0,9.054509635E0
2.434413152E0,6.967126727E-1,-4.213795066E-1,8.961497307E0,8.998411150E0
2.436415106E0,7.230489254E-1,-4.453215301E-1,8.932766914E0,8.973039383E0
2.438417176E0,7.565677166E-1,-4.716577232E-1,8.918401718E0,8.962853615E0
2.440419598E0,7.996633649E-1,-5.027823448E-1,8.932766914E0,8.982570697E0
2.442422059E0,8.451532125E-1,-5.386953950E-1,8.954314232E0,9.010228634E0
2.444423856E0,8.810662031E-1,-5.626373887E-1,8.992621422E0,9.053180575E0
2.446425692E0,8.954314590E-1,-5.817909837E-1,9.028534889E0,9.091464156E0
2.448427762E0,9.193734527E-1,-6.057330370E-1,9.117119789E0,9.183356320E0
2.450429481E0,9.457096457E-1,-6.177040339E-1,9.229647636E0,9.298511736E0
2.452430731E0,9.457096457E-1,-6.344634295E-1,9.349357605E0,9.418460501E0
2.454432645E0,9.552865028E-1,-6.344634295E-1,9.488221169E0,9.557272471E0
2.456433699E0,9.720458984E-1,-6.200982332E-1,9.629479408E0,9.698261118E0
2.458433777E0,9.935936928E-1,-5.985504389E-1,9.758766174E0,9.827461946E0
2.460434442E0,9.983820915E-1,-5.746083856E-1,9.861717224E0,9.928766701E0
2.462435027E0,1.007958889E0,-5.602431893E-1,9.907206535E0,9.974096194E0
2.464435887E0,1.029506683E0,-5.339069963E-1,9.995792389E0,1.006284285E1
2.466437410E0,1.036689281E0,-5.051765442E-1,1.008677197E1,1.015248229E1
2.468439402E0,1.046266198E0,-4.740519226E-1,1.012507915E1,1.019002581E1
2.470440770E0,1.053448796E0,-4.333505034E-1,1.014902115E1,1.021274583E1
2.472443035E0,1.048660398E0,-3.926490843E-1,1.013704967E1,1.019870767E1
2.474445184E0,1.041477680E0,-3.663128614E-1,1.012268448E1,1.018271093E1
2.476446981E0,1.039083481E0,-3.519476354E-1,1.011071396E1,1.017005892E1
2.478448738E0,1.041477680E0,-3.399766386E-1,1.004128170E1,1.010087115E1
2.480450770E0,1.029506683E0,-3.208230138E-1,9.967061996E0,1.002522500E1
2.482452449E0,1.024718285E0,-3.232172430E-1,9.892841339E0,9.951021390E0
2.484454793E0,1.024718285E0,-3.208230138E-1,9.821015358E0,9.879540355E0
2.486457488E0,1.015141487E0,-3.327940404E-1,9.739612579E0,9.798026194E0
2.488458817E0,9.983820915E-1,-3.663128614E-1,9.672574997E0,9.730861164E0
2.490460535E0,9.864110947E-1,-3.902548850E-1,9.615114212E0,9.673454762E0
2.492462098E0,9.840168953E-1,-4.118026793E-1,9.583989143E0,9.643169531E0
2.494463582E0,9.720458984E-1,-4.261679053E-1,9.548076630E0,9.606886053E0
2.496464715E0,9.600749016E-1,-4.644751251E-1,9.526528358E0,9.586043163E0
2.498467449E0,9.552865028E-1,-4.812345505E-1,9.504981041E0,9.564979016E0
2.500471238E0,9.481038451E-1,-5.051765442E-1,9.504981041E0,9.565498880E0
2.502474676E0,9.433154464E-1,-5.219359994E-1,9.536105156E0,9.596851711E0
2.504477215E0,9.337386489E-1,-5.315127969E-1,9.543288231E0,9.603578707E0
2.506480027E0,9.169792533E-1,-5.315127969E-1,9.572018623E0,9.630519058E0
2.508482723E0,9.121908545E-1,-5.315127969E-1,9.581595421E0,9.639583436E0
2.510483621E0,9.074024558E-1,-5.339069963E-1,9.615114212E0,9.672582758E0
2.512485027E0,9.121908545E-1,-5.291185975E-1,9.648633003E0,9.706089711E0
2.514486238E0,9.169792533E-1,-5.219359994E-1,9.682151794E0,9.739472856E0
2.516487176E0,9.217676520E-1,-5.147533417E-1,9.706093788E0,9.763343855E0
2.518488192E0,9.289502501E-1,-4.955997467E-1,9.727641106E0,9.784455486E0
2.520489871E0,9.433154464E-1,-4.860229492E-1,9.746794701E0,9.804390306E0
2.522491551E0,9.481038451E-1,-4.596867263E-1,9.763554573E0,9.820244940E0
2.524493817E0,9.528923035E-1,-4.501099288E-1,9.770736694E0,9.827405468E0
2.526496238E0,9.672574997E-1,-4.405331016E-1,9.785101891E0,9.842655917E0
2.528499285E0,9.816226959E-1,-4.381389022E-1,9.789890289E0,9.848730918E0
2.530502606E0,9.888052940E-1,-4.333505034E-1,9.797073364E0,9.856377381E0
2.532505652E0,9.840168953E-1,-4.285621047E-1,9.804255486E0,9.862828213E0
2.534506824E0,9.888052940E-1,-4.213795066E-1,9.806650162E0,9.865378046E0
2.536508738E0,9.911994934E-1,-4.261679053E-1,9.799467087E0,9.858684025E0
2.538510613E0,9.959878922E-1,-4.285621047E-1,9.792284966E0,9.852131861E0
2.540512918E0,1.005564690E0,-4.261679053E-1,9.782708168E0,9.843483049E0
2.542515106E0,1.003170490E0,-4.237737060E-1,9.782708168E0,9.843135389E0
2.544517449E0,9.959878922E-1,-4.333505034E-1,9.773131371E0,9.833304700E0
2.546519559E0,9.911994934E-1,-4.453215301E-1,9.749189377E0,9.809560704E0
2.548521746E0,9.864110947E-1,-4.548983276E-1,9.732429504E0,9.792860838E0
2.550523777E0,9.768342972E-1,-4.453215301E-1,9.720458984E0,9.779562331E0
2.552526238E0,9.696516991E-1,-4.453215301E-1,9.708487511E0,9.766947600E0
2.554527840E0,9.720458984E-1,-4.453215301E-1,9.706093788E0,9.764806251E0
2.556530535E0,9.696516991E-1,-4.572925270E-1,9.698910713E0,9.757981856E0
2.558532645E0,9.648633003E-1,-4.572925270E-1,9.667786598E0,9.726570585E0
2.560534520E0,9.576807022E-1,-4.596867263E-1,9.653421402E0,9.711694444E0
2.562537254E0,9.648633003E-1,-4.716577232E-1,9.655815125E0,9.715358352E0
2.564539363E0,9.624691010E-1,-4.596867263E-1,9.651026726E0,9.709787614E0
2.566541668E0,9.576807022E-1,-4.596867263E-1,9.643844604E0,9.702175167E0
2.568543387E0,9.648633003E-1,-4.668693244E-1,9.646238327E0,9.705608792E0
2.570544598E0,9.648633003E-1,-4.716577232E-1,9.651026726E0,9.710599315E0
2.572546551E0,9.624691010E-1,-4.740519226E-1,9.667786598E0,9.727135740E0
2.574547957E0,9.672574997E-1,-4.836287498E-1,9.679757118E0,9.739978527E0
2.576549637E0,9.720458984E-1,-4.764461517E-1,9.691728592E0,9.751998629E0
2.578552059E0,9.648633003E-1,-4.788403511E-1,9.710882187E0,9.770439198E0
2.580554168E0,9.768342972E-1,-4.716577232E-1,9.713275909E0,9.773658227E0
2.582557059E0,9.696516991E-1,-4.692635238E-1,9.732429504E0,9.791864824E0
2.584559402E0,9.672574997E-1,-4.644751251E-1,9.753977776E0,9.812818487E0
2.586561981E0,9.696516991E-1,-4.644751251E-1,9.746794701E0,9.805914975E0
2.588564988E0,9.648633003E-1,-4.548983276E-1,9.746794701E0,9.804993657E0
2.590568621E0,9.600749016E-1,-4.501099288E-1,9.758766174E0,9.816203951E0
2.592571317E0,9.552865028E-1,-4.525041282E-1,9.763554573E0,9.820607425E0
2.594573895E0,9.528923035E-1,-4.525041282E-1,9.765948296E0,9.822754697E0
2.596576160E0,9.552865028E-1,-4.548983276E-1,9.761159897E0,9.818337299E0
2.598578582E0,9.576807022E-1,-4.453215301E-1,9.739612579E0,9.796709488E0
2.600581317E0,9.528923035E-1,-4.429273009E-1,9.732429504E0,9.788992410E0
2.602584285E0,9.528923035E-1,-4.525041282E-1,9.732429504E0,9.789430412E0
2.604586902E0,9.481038451E-1,-4.477157295E-1,9.730035782E0,9.786365341E0
2.606589637E0,9.504981041E-1,-4.429273009E-1,9.722852707E0,9.779238007E0
2.608591160E0,9.576807022E-1,-4.572925270E-1,9.706093788E0,9.763940055E0
2.610593582E0,9.648633003E-1,-4.501099288E-1,9.703699112E0,9.761933036E0
2.612596746E0,9.552865028E-1,-4.501099288E-1,9.722852707E0,9.780032516E0
2.614599324E0,9.624691010E-1,-4.429273009E-1,9.703699112E0,9.761368133E0
2.616601668E0,9.672574997E-1,-4.477157295E-1,9.686940193E0,9.745401313E0
2.618603543E0,9.840168953E-1,-4.501099288E-1,9.698910713E0,9.759085880E0
2.620606082E0,9.816226959E-1,-4.501099288E-1,9.701305389E0,9.761224735E0
2.622607527E0,9.816226959E-1,-4.525041282E-1,9.706093788E0,9.766094395E0
2.624609129E0,9.816226959E-1,-4.525041282E-1,9.732429504E0,9.792268744E0
2.626612293E0,9.888052940E-1,-4.596867263E-1,9.734824181E0,9.795705673E0
2.628615027E0,9.911994934E-1,-4.620809257E-1,9.713275909E0,9.774647007E0
2.630617723E0,9.888052940E-1,-4.572925270E-1,9.708487511E0,9.769420766E0
2.632620731E0,9.935936928E-1,-4.596867263E-1,9.715670586E0,9.777156808E0
2.634623817E0,9.840168953E-1,-4.620809257E-1,9.708487511E0,9.769162593E0
2.636627684E0,9.816226959E-1,-4.692635238E-1,9.710882187E0,9.771643885E0
2.638629442E0,9.816226959E-1,-4.692635238E-1,9.710882187E0,9.771643885E0
2.640631981E0,9.816226959E-1,-4.692635238E-1,9.708487511E0,9.769264103E0
2.642634715E0,9.696516991E-1,-4.716577232E-1,9.713275909E0,9.772942971E0
2.644636668E0,9.696516991E-1,-4.740519226E-1,9.720458984E0,9.780197979E0
2.646639442E0,9.672574997E-1,-4.644751251E-1,9.718064308E0,9.777121157E0
2.648642606E0,9.648633003E-1,-4.620809257E-1,9.720458984E0,9.779151437E0
2.650645809E0,9.672574997E-1,-4.668693244E-1,9.713275909E0,9.772475783E0
2.652648621E0,9.648633003E-1,-4.692635238E-1,9.708487511E0,9.767594340E0
2.654650770E0,9.624691010E-1,-4.644751251E-1,9.708487511E0,9.767129243E0
2.656653152E0,9.648633003E-1,-4.572925270E-1,9.701305389E0,9.759887494E0
2.658654715E0,9.600749016E-1,-4.572925270E-1,9.698910713E0,9.757034862E0
2.660656356E0,9.528923035E-1,-4.548983276E-1,9.708487511E0,9.765739397E0
2.662658699E0,9.528923035E-1,-4.501099288E-1,9.722852707E0,9.779798947E0
2.664661043E0,9.600749016E-1,-4.525041282E-1,9.720458984E0,9.778232288E0
2.666663504E0,9.624691010E-1,-4.525041282E-1,9.722852707E0,9.780847178E0
2.668666395E0,9.600749016E-1,-4.572925270E-1,9.732429504E0,9.790354658E0
2.670669559E0,9.552865028E-1,-4.548983276E-1,9.739612579E0,9.796915738E0
2.672673465E0,9.648633003E-1,-4.596867263E-1,9.753977776E0,9.812357287E0
2.674676629E0,9.624691010E-1,-4.548983276E-1,9.727641106E0,9.785718203E0
2.676678504E0,9.696516991E-1,-4.501099288E-1,9.739612579E0,9.798105764E0
2.678681121E0,9.744400978E-1,-4.501099288E-1,9.739612579E0,9.798580798E0
2.680684246E0,9.696516991E-1,-4.477157295E-1,9.720458984E0,9.778956829E0
2.682687059E0,9.744400978E-1,-4.405331016E-1,9.713275909E0,9.771966630E0
2.684690340E0,9.744400978E-1,-4.477157295E-1,9.713275909E0,9.772293066E0
2.686692410E0,9.792284966E-1,-4.429273009E-1,9.708487511E0,9.767794162E0
2.688694324E0,9.816226959E-1,-4.453215301E-1,9.708487511E0,9.768143331E0
2.690696942E0,9.744400978E-1,-4.477157295E-1,9.713275909E0,9.772293066E0
2.692699285E0,9.696516991E-1,-4.501099288E-1,9.708487511E0,9.767167098E0
2.694702137E0,9.600749016E-1,-4.548983276E-1,9.715670586E0,9.773583336E0
2.696705418E0,9.624691010E-1,-4.572925270E-1,9.710882187E0,9.769170695E0
2.698708113E0,9.600749016E-1,-4.620809257E-1,9.703699112E0,9.762020234E0
2.700711395E0,9.576807022E-1,-4.644751251E-1,9.708487511E0,9.766658549E0
2.702714285E0,9.648633003E-1,-4.548983276E-1,9.710882187E0,9.769295088E0
2.704717996E0,9.600749016E-1,-4.644751251E-1,9.713275909E0,9.771653384E0
2.706720106E0,9.552865028E-1,-4.596867263E-1,9.713275909E0,9.770957634E0
2.708722723E0,9.648633003E-1,-4.477157295E-1,9.725247383E0,9.783243185E0
2.710726004E0,9.624691010E-1,-4.572925270E-1,9.725247383E0,9.783450306E0
2.712729871E0,9.672574997E-1,-4.525041282E-1,9.722852707E0,9.781319534E0
2.714733934E0,9.696516991E-1,-4.525041282E-1,9.725247383E0,9.783936890E0
2.716736824E0,9.720458984E-1,-4.596867263E-1,9.715670586E0,9.774990539E0
2.718739871E0,9.744400978E-1,-4.596867263E-1,9.713275909E0,9.772848831E0
2.720743699E0,9.792284966E-1,-4.668693244E-1,9.706093788E0,9.766530194E0
2.722746434E0,9.720458984E-1,-4.644751251E-1,9.710882187E0,9.770457677E0
2.724749481E0,9.720458984E-1,-4.548983276E-1,9.698910713E0,9.758108154E0
2.726753231E0,9.744400978E-1,-4.596867263E-1,9.708487511E0,9.768089636E0
2.728756473E0,9.672574997E-1,-4.620809257E-1,9.694122314E0,9.753210410E0
2.730759324E0,9.672574997E-1,-4.620809257E-1,9.701305389E0,9.760349999E0
2.732761707E0,9.696516991E-1,-4.692635238E-1,9.710882187E0,9.770448583E0
2.734764676E0,9.672574997E-1,-4.692635238E-1,9.708487511E0,9.767831134E0
2.736767020E0,9.672574997E-1,-4.692635238E-1,9.710882187E0,9.770211266E0
2.738770067E0,9.672574997E-1,-4.740519226E-1,9.710882187E0,9.770442423E0
2.740772137E0,9.648633003E-1,-4.788403511E-1,9.720458984E0,9.779957676E0
2.742775067E0,9.696516991E-1,-4.692635238E-1,9.715670586E0,9.775207803E0
2.744777488E0,9.696516991E-1,-4.644751251E-1,9.737217903E0,9.796395973E0
2.746779481E0,9.696516991E-1,-4.644751251E-1,9.730035782E0,9.789257269E0
2.748781707E0,9.648633003E-1,-4.572925270E-1,9.746794701E0,9.805105026E0
2.750784988E0,9.672574997E-1,-4.548983276E-1,9.746794701E0,9.805229548E0
2.752788074E0,9.696516991E-1,-4.548983276E-1,9.737217903E0,9.795946580E0
2.754790887E0,9.648633003E-1,-4.644751251E-1,9.718064308E0,9.776884587E0
2.756793777E0,9.624691010E-1,-4.620809257E-1,9.708487511E0,9.767015680E0
2.758796942E0,9.696516991E-1,-4.620809257E-1,9.710882187E0,9.770106245E0
2.760800067E0,9.720458984E-1,-4.548983276E-1,9.706093788E0,9.765247685E0
2.762803387E0,9.672574997E-1,-4.453215301E-1,9.708487511E0,9.766710197E0
2.764805926E0,9.648633003E-1,-4.453215301E-1,9.713275909E0,9.771233358E0
2.766808113E0,9.624691010E-1,-4.477157295E-1,9.718064308E0,9.775866716E0
2.768811473E0,9.576807022E-1,-4.357447028E-1,9.706093788E0,9.762954594E0
2.770813738E0,9.648633003E-1,-4.453215301E-1,9.710882187E0,9.768853838E0
2.772816238E0,9.672574997E-1,-4.501099288E-1,9.713275909E0,9.771689460E0
2.774818621E0,9.768342972E-1,-4.596867263E-1,9.713275909E0,9.773087845E0
2.776821629E0,9.696516991E-1,-4.572925270E-1,9.710882187E0,9.769880947E0
2.778824598E0,9.624691010E-1,-4.572925270E-1,9.715670586E0,9.773930538E0
2.780827254E0,9.648633003E-1,-4.644751251E-1,9.713275909E0,9.772125011E0
2.782829754E0,9.648633003E-1,-4.668693244E-1,9.718064308E0,9.776998622E0
2.784832059E0,9.696516991E-1,-4.572925270E-1,9.727641106E0,9.786538834E0
2.786834363E0,9.648633003E-1,-4.572925270E-1,9.727641106E0,9.786065559E0
2.788837410E0,9.720458984E-1,-4.668693244E-1,9.727641106E0,9.787228498E0
2.790839559E0,9.720458984E-1,-4.668693244E-1,9.722852707E0,9.782469267E0
2.792842410E0,9.840168953E-1,-4.596867263E-1,9.722852707E0,9.783325912E0
2.794845574E0,9.816226959E-1,-4.620809257E-1,9.715670586E0,9.776060394E0
2.796847801E0,9.696516991E-1,-4.644751251E-1,9.725247383E0,9.784497852E0
2.798849168E0,9.672574997E-1,-4.620809257E-1,9.725247383E0,9.784147511E0
2.800851160E0,9.672574997E-1,-4.644751251E-1,9.727641106E0,9.786640164E0
2.802853309E0,9.720458984E-1,-4.620809257E-1,9.718064308E0,9.777482596E0
2.804855145E0,9.792284966E-1,-4.644751251E-1,9.715670586E0,9.775933742E0
2.806857059E0,9.696516991E-1,-4.596867263E-1,9.713275909E0,9.772372547E0
2.808858465E0,9.744400978E-1,-4.644751251E-1,9.698910713E0,9.758798065E0
2.810860613E0,9.744400978E-1,-4.644751251E-1,9.708487511E0,9.768316149E0
2.812862801E0,9.648633003E-1,-4.596867263E-1,9.713275909E0,9.771898586E0
2.814864402E0,9.672574997E-1,-4.644751251E-1,9.713275909E0,9.772361695E0
2.816866707E0,9.720458984E-1,-4.644751251E-1,9.720458984E0,9.779976137E0
2.818868660E0,9.720458984E-1,-4.644751251E-1,9.725247383E0,9.784735409E0
2.820870418E0,9.600749016E-1,-4.668693244E-1,9.718064308E0,9.776527230E0
2.822871043E0,9.696516991E-1,-4.644751251E-1,9.725247383E0,9.784497852E0
2.824873152E0,9.600749016E-1,-4.548983276E-1,9.730035782E0,9.787863537E0
2.826874051E0,9.720458984E-1,-4.668693244E-1,9.725247383E0,9.784849353E0
2.828874598E0,9.576807022E-1,-4.692635238E-1,9.730035782E0,9.788307152E0
2.830876395E0,9.552865028E-1,-4.692635238E-1,9.732429504E0,9.790452728E0
2.832878934E0,9.624691010E-1,-4.572925270E-1,9.727641106E0,9.785829791E0
2.834880848E0,9.600749016E-1,-4.548983276E-1,9.725247383E0,9.783103443E0
2.836882957E0,9.600749016E-1,-4.525041282E-1,9.737217903E0,9.794892358E0
2.838884363E0,9.576807022E-1,-4.572925270E-1,9.734824181E0,9.792500733E0
2.840886277E0,9.600749016E-1,-4.548983276E-1,9.730035782E0,9.787863537E0
2.842887723E0,9.576807022E-1,-4.501099288E-1,9.718064308E0,9.775506390E0
2.844889402E0,9.624691010E-1,-4.596867263E-1,9.708487511E0,9.766902703E0
2.846891629E0,9.648633003E-1,-4.596867263E-1,9.710882187E0,9.769519227E0
2.848894168E0,9.672574997E-1,-4.548983276E-1,9.718064308E0,9.776670878E0
2.850897254E0,9.696516991E-1,-4.548983276E-1,9.706093788E0,9.765009653E0
2.852899324E0,9.672574997E-1,-4.644751251E-1,9.706093788E0,9.765223031E0
2.854901199E0,9.768342972E-1,-4.716577232E-1,9.720458984E0,9.780796957E0
2.856903192E0,9.792284966E-1,-4.620809257E-1,9.730035782E0,9.790097218E0
2.858905887E0,9.768342972E-1,-4.692635238E-1,9.725247383E0,9.785440724E0
2.860907879E0,9.744400978E-1,-4.740519226E-1,9.722852707E0,9.783052872E0
2.862910809E0,9.768342972E-1,-4.692635238E-1,9.722852707E0,9.783060782E0
2.864913582E0,9.720458984E-1,-4.620809257E-1,9.720458984E0,9.779862723E0
2.866916590E0,9.696516991E-1,-4.644751251E-1,9.725247383E0,9.784497852E0
2.868919090E0,9.672574997E-1,-4.692635238E-1,9.713275909E0,9.772590456E0
2.870921707E0,9.744400978E-1,-4.572925270E-1,9.727641106E0,9.787014429E0
2.872924520E0,9.624691010E-1,-4.620809257E-1,9.727641106E0,9.786054723E0
2.874927606E0,9.600749016E-1,-4.620809257E-1,9.718064308E0,9.776299734E0
2.876930731E0,9.672574997E-1,-4.525041282E-1,9.725247383E0,9.783699899E0
2.878934402E0,9.696516991E-1,-4.477157295E-1,9.722852707E0,9.781336236E0
2.880936746E0,9.648633003E-1,-4.501099288E-1,9.727641106E0,9.785732554E0
2.882940106E0,9.648633003E-1,-4.620809257E-1,9.715670586E0,9.774391792E0
2.884941863E0,9.600749016E-1,-4.596867263E-1,9.730035782E0,9.788087250E0
2.886944949E0,9.696516991E-1,-4.596867263E-1,9.710882187E0,9.769993304E0
2.888946746E0,9.600749016E-1,-4.548983276E-1,9.701305389E0,9.759303385E0
2.890949168E0,9.696516991E-1,-4.525041282E-1,9.706093788E0,9.764898414E0
2.892951277E0,9.696516991E-1,-4.501099288E-1,9.708487511E0,9.767167098E0
2.894953113E0,9.672574997E-1,-4.525041282E-1,9.710882187E0,9.769420653E0
2.896954793E0,9.672574997E-1,-4.477157295E-1,9.703699112E0,9.762059870E0
2.898956902E0,9.744400978E-1,-4.596867263E-1,9.703699112E0,9.763330469E0
2.900959715E0,9.768342972E-1,-4.572925270E-1,9.720458984E0,9.780114752E0
2.902962059E0,9.768342972E-1,-4.572925270E-1,9.725247383E0,9.784873957E0
2.904963426E0,9.696516991E-1,-4.525041282E-1,9.720458984E0,9.779177229E0
2.906966199E0,9.672574997E-1,-4.572925270E-1,9.715670586E0,9.774403228E0
2.908967918E0,9.648633003E-1,-4.596867263E-1,9.720458984E0,9.779038600E0
2.910970301E0,9.672574997E-1,-4.477157295E-1,9.720458984E0,9.778719717E0
2.912972527E0,9.672574997E-1,-4.477157295E-1,9.720458984E0,9.778719717E0
2.914974871E0,9.672574997E-1,-4.572925270E-1,9.718064308E0,9.776782570E0
2.916976824E0,9.696516991E-1,-4.429273009E-1,9.710882187E0,9.769219102E0
2.918979715E0,9.696516991E-1,-4.405331016E-1,9.713275909E0,9.771490302E0
2.920981551E0,9.672574997E-1,-4.501099288E-1,9.706093788E0,9.764550304E0
2.922983543E0,9.720458984E-1,-4.548983276E-1,9.722852707E0,9.781905258E0
2.924985887E0,9.672574997E-1,-4.572925270E-1,9.713275909E0,9.772022944E0
2.926986785E0,9.672574997E-1,-4.548983276E-1,9.713275909E0,9.771911197E0
2.928988387E0,9.624691010E-1,-4.477157295E-1,9.710882187E0,9.768727092E0
2.930989637E0,9.696516991E-1,-4.548983276E-1,9.710882187E0,9.769769176E0
2.932991160E0,9.720458984E-1,-4.548983276E-1,9.706093788E0,9.765247685E0
2.934993817E0,9.720458984E-1,-4.596867263E-1,9.710882187E0,9.770231213E0
2.936995692E0,9.696516991E-1,-4.620809257E-1,9.713275909E0,9.772485461E0
2.938997723E0,9.672574997E-1,-4.716577232E-1,9.718064308E0,9.777465008E0
2.940999442E0,9.672574997E-1,-4.836287498E-1,9.703699112E0,9.763772851E0
2.943001356E0,9.696516991E-1,-4.788403511E-1,9.708487511E0,9.768533270E0
2.945003192E0,9.552865028E-1,-4.716577232E-1,9.720458984E0,9.778668426E0
2.947005770E0,9.552865028E-1,-4.668693244E-1,9.720458984E0,9.778438635E0
2.949008660E0,9.600749016E-1,-4.692635238E-1,9.718064308E0,9.776641855E0
2.951011434E0,9.648633003E-1,-4.668693244E-1,9.715670586E0,9.774619332E0
2.953013660E0,9.624691010E-1,-4.644751251E-1,9.722852707E0,9.781408317E0
2.955016356E0,9.600749016E-1,-4.620809257E-1,9.706093788E0,9.764400607E0
2.957017918E0,9.624691010E-1,-4.644751251E-1,9.718064308E0,9.776648598E0
2.959020262E0,9.624691010E-1,-4.716577232E-1,9.727641106E0,9.786511598E0
2.961023113E0,9.672574997E-1,-4.644751251E-1,9.727641106E0,9.786640164E0
2.963025106E0,9.624691010E-1,-4.596867263E-1,9.710882187E0,9.769283060E0
2.965027137E0,9.648633003E-1,-4.525041282E-1,9.713275909E0,9.771563338E0
2.967029598E0,9.576807022E-1,-4.477157295E-1,9.715670586E0,9.773016762E0
2.969031551E0,9.528923035E-1,-4.477157295E-1,9.722852707E0,9.779689048E0
2.971033582E0,9.648633003E-1,-4.572925270E-1,9.710882187E0,9.769406865E0
2.973035106E0,9.552865028E-1,-4.596867263E-1,9.715670586E0,9.773338177E0
2.975035926E0,9.576807022E-1,-4.572925270E-1,9.710882187E0,9.768700099E0
2.977038387E0,9.528923035E-1,-4.501099288E-1,9.703699112E0,9.760757099E0
2.979040809E0,9.624691010E-1,-4.644751251E-1,9.706093788E0,9.764749896E0
2.981042371E0,9.720458984E-1,-4.596867263E-1,9.713275909E0,9.772610399E0
2.983044637E0,9.744400978E-1,-4.668693244E-1,9.710882187E0,9.770810269E0
2.985047293E0,9.648633003E-1,-4.572925270E-1,9.715670586E0,9.774166592E0
2.987050106E0,9.744400978E-1,-4.548983276E-1,9.713275909E0,9.772624769E0
2.989051824E0,9.696516991E-1,-4.525041282E-1,9.730035782E0,9.788696579E0
2.991052996E0,9.648633003E-1,-4.572925270E-1,9.730035782E0,9.788445942E0
2.993055301E0,9.672574997E-1,-4.620809257E-1,9.720458984E0,9.779387952E0
2.995058387E0,9.672574997E-1,-4.620809257E-1,9.715670586E0,9.774628422E0
2.997060965E0,9.648633003E-1,-4.477157295E-1,9.713275909E0,9.771342766E0
2.999063934E0,9.696516991E-1,-4.644751251E-1,9.727641106E0,9.786877083E0
3.001066668E0,9.768342972E-1,-4.692635238E-1,9.725247383E0,9.785440724E0
3.003069090E0,9.744400978E-1,-4.572925270E-1,9.720458984E0,9.779875911E0
3.005071395E0,9.744400978E-1,-4.501099288E-1,9.713275909E0,9.772403049E0
3.007073504E0,9.744400978E-1,-4.525041282E-1,9.708487511E0,9.767754258E0
3.009076160E0,9.744400978E-1,-4.501099288E-1,9.701305389E0,9.760505044E0
3.011078817E0,9.648633003E-1,-4.548983276E-1,9.715670586E0,9.774054870E0
3.013081668E0,9.672574997E-1,-4.548983276E-1,9.720458984E0,9.779051203E0
3.015083348E0,9.696516991E-1,-4.596867263E-1,9.715670586E0,9.774752745E0
3.017085613E0,9.720458984E-1,-4.572925270E-1,9.708487511E0,9.767738706E0
3.019087645E0,9.768342972E-1,-4.548983276E-1,9.725247383E0,9.784762358E0
3.021089012E0,9.792284966E-1,-4.596867263E-1,9.725247383E0,9.785225444E0
3.023089832E0,9.744400978E-1,-4.596867263E-1,9.725247383E0,9.784747419E0
3.025090770E0,9.648633003E-1,-4.548983276E-1,9.713275909E0,9.771674502E0
3.027091590E0,9.624691010E-1,-4.692635238E-1,9.725247383E0,9.784017155E0
3.029092723E0,9.600749016E-1,-4.620809257E-1,9.732429504E0,9.790579485E0
3.031093699E0,9.600749016E-1,-4.596867263E-1,9.734824181E0,9.792847264E0
3.033094324E0,9.600749016E-1,-4.596867263E-1,9.732429504E0,9.790466780E0
3.035095457E0,9.600749016E-1,-4.596867263E-1,9.727641106E0,9.785706780E0
3.037097293E0,9.600749016E-1,-4.548983276E-1,9.727641106E0,9.785483012E0
3.039099285E0,9.600749016E-1,-4.501099288E-1,9.737217903E0,9.794782042E0
3.041100692E0,9.648633003E-1,-4.572925270E-1,9.727641106E0,9.786065559E0
3.043102293E0,9.576807022E-1,-4.620809257E-1,9.725247383E0,9.783205394E0
3.045102371E0,9.624691010E-1,-4.596867263E-1,9.725247383E0,9.783562507E0
3.047103309E0,9.696516991E-1,-4.548983276E-1,9.720458984E0,9.779288306E0
3.049105184E0,9.648633003E-1,-4.596867263E-1,9.720458984E0,9.779038600E0
3.051107176E0,9.576807022E-1,-4.525041282E-1,9.710882187E0,9.768477116E0
3.053108192E0,9.672574997E-1,-4.525041282E-1,9.710882187E0,9.769420653E0
3.055107801E0,9.696516991E-1,-4.525041282E-1,9.710882187E0,9.769657990E0
3.057108543E0,9.672574997E-1,-4.548983276E-1,9.722852707E0,9.781430587E0
3.059110692E0,9.720458984E-1,-4.596867263E-1,9.720458984E0,9.779749894E0
3.061112684E0,9.720458984E-1,-4.692635238E-1,9.718064308E0,9.777824675E0
3.063113738E0,9.672574997E-1,-4.692635238E-1,9.718064308E0,9.777349806E0
3.065116238E0,9.744400978E-1,-4.572925270E-1,9.725247383E0,9.784635232E0
3.067118309E0,9.744400978E-1,-4.548983276E-1,9.713275909E0,9.772624769E0
3.069122020E0,9.792284966E-1,-4.525041282E-1,9.730035782E0,9.789649879E0
3.071124871E0,9.768342972E-1,-4.525041282E-1,9.730035782E0,9.789410684E0
3.073127801E0,9.672574997E-1,-4.572925270E-1,9.727641106E0,9.786301907E0
3.075130418E0,9.744400978E-1,-4.548983276E-1,9.730035782E0,9.789283033E0
3.077131785E0,9.696516991E-1,-4.501099288E-1,9.739612579E0,9.798105764E0
3.079133309E0,9.696516991E-1,-4.453215301E-1,9.732429504E0,9.790746639E0
3.081135418E0,9.816226959E-1,-4.429273009E-1,9.720458984E0,9.779933056E0
3.083137606E0,9.744400978E-1,-4.525041282E-1,9.725247383E0,9.784412612E0
3.085140692E0,9.672574997E-1,-4.596867263E-1,9.720458984E0,9.779275118E0
3.087143074E0,9.600749016E-1,-4.668693244E-1,9.715670586E0,9.774147825E0
3.089144871E0,9.552865028E-1,-4.620809257E-1,9.720458984E0,9.778211184E0
3.091146277E0,9.600749016E-1,-4.668693244E-1,9.722852707E0,9.781287009E0
3.093147762E0,9.600749016E-1,-4.692635238E-1,9.722852707E0,9.781401578E0
3.095149559E0,9.672574997E-1,-4.572925270E-1,9.727641106E0,9.786301907E0
3.097150809E0,9.648633003E-1,-4.477157295E-1,9.725247383E0,9.783243185E0
3.099152723E0,9.696516991E-1,-4.477157295E-1,9.715670586E0,9.774197088E0
3.101154285E0,9.672574997E-1,-4.572925270E-1,9.718064308E0,9.776782570E0
3.103156434E0,9.648633003E-1,-4.644751251E-1,9.710882187E0,9.769745707E0
3.105158504E0,9.648633003E-1,-4.572925270E-1,9.725247383E0,9.783686131E0
3.107160457E0,9.576807022E-1,-4.548983276E-1,9.713275909E0,9.770967900E0
3.109162488E0,9.600749016E-1,-4.548983276E-1,9.720458984E0,9.778343376E0
3.111164402E0,9.600749016E-1,-4.596867263E-1,9.718064308E0,9.776186864E0
3.113166199E0,9.720458984E-1,-4.644751251E-1,9.720458984E0,9.779976137E0
3.115168152E0,9.720458984E-1,-4.620809257E-1,9.725247383E0,9.784622051E0
3.117170106E0,9.672574997E-1,-4.596867263E-1,9.722852707E0,9.781654447E0
3.119172293E0,9.696516991E-1,-4.644751251E-1,9.720458984E0,9.779738464E0
3.121174246E0,9.624691010E-1,-4.620809257E-1,9.725247383E0,9.783675292E0
3.123176473E0,9.720458984E-1,-4.548983276E-1,9.720458984E0,9.779525990E0
3.125178738E0,9.744400978E-1,-4.596867263E-1,9.725247383E0,9.784747419E0
3.127181121E0,9.744400978E-1,-4.572925270E-1,9.718064308E0,9.777495787E0
3.129184051E0,9.696516991E-1,-4.548983276E-1,9.715670586E0,9.774528727E0
3.131185340E0,9.672574997E-1,-4.477157295E-1,9.710882187E0,9.769200033E0
3.133187567E0,9.744400978E-1,-4.501099288E-1,9.703699112E0,9.762884251E0
3.135190457E0,9.720458984E-1,-4.525041282E-1,9.706093788E0,9.765136448E0
3.137193777E0,9.672574997E-1,-4.525041282E-1,9.715670586E0,9.774180374E0
3.139196590E0,9.648633003E-1,-4.501099288E-1,9.713275909E0,9.771452759E0
3.141199090E0,9.600749016E-1,-4.525041282E-1,9.710882187E0,9.768712129E0
3.143201824E0,9.624691010E-1,-4.548983276E-1,9.710882187E0,9.769058916E0
3.145204285E0,9.672574997E-1,-4.572925270E-1,9.725247383E0,9.783922536E0
3.147206863E0,9.672574997E-1,-4.572925270E-1,9.720458984E0,9.779162868E0
3.149210223E0,9.696516991E-1,-4.644751251E-1,9.732429504E0,9.791636514E0
3.151212567E0,9.696516991E-1,-4.596867263E-1,9.734824181E0,9.793790795E0
3.153215340E0,9.696516991E-1,-4.596867263E-1,9.734824181E0,9.793790795E0
3.155217918E0,9.768342972E-1,-4.596867263E-1,9.730035782E0,9.789745321E0
3.157220731E0,9.648633003E-1,-4.620809257E-1,9.737217903E0,9.795809944E0
3.159222567E0,9.624691010E-1,-4.596867263E-1,9.734824181E0,9.793082277E0
3.161224832E0,9.648633003E-1,-4.596867263E-1,9.730035782E0,9.788558085E0
3.163227527E0,9.696516991E-1,-4.596867263E-1,9.720458984E0,9.779512215E0
3.165229012E0,9.672574997E-1,-4.692635238E-1,9.710882187E0,9.770211266E0
3.167231746E0,9.672574997E-1,-4.644751251E-1,9.710882187E0,9.769982449E0
3.169233504E0,9.696516991E-1,-4.548983276E-1,9.713275909E0,9.772148474E0
3.171236121E0,9.672574997E-1,-4.620809257E-1,9.715670586E0,9.774628422E0
3.173237840E0,9.696516991E-1,-4.620809257E-1,9.710882187E0,9.770106245E0
3.175239949E0,9.624691010E-1,-4.596867263E-1,9.698910713E0,9.757383239E0
3.177242176E0,9.624691010E-1,-4.525041282E-1,9.701305389E0,9.759427904E0
3.179245418E0,9.696516991E-1,-4.572925270E-1,9.720458984E0,9.779399968E0
3.181248621E0,9.672574997E-1,-4.644751251E-1,9.720458984E0,9.779501372E0
3.183250301E0,9.672574997E-1,-4.668693244E-1,9.713275909E0,9.772475783E0
3.185252449E0,9.696516991E-1,-4.620809257E-1,9.713275909E0,9.772485461E0
3.187254715E0,9.768342972E-1,-4.764461517E-1,9.718064308E0,9.778649195E0
3.189256942E0,9.816226959E-1,-4.764461517E-1,9.703699112E0,9.764853328E0
3.191258582E0,9.744400978E-1,-4.644751251E-1,9.703699112E0,9.763557093E0
3.193260613E0,9.672574997E-1,-4.596867263E-1,9.720458984E0,9.779275118E0
3.195262488E0,9.720458984E-1,-4.596867263E-1,9.725247383E0,9.784509276E0
3.197264988E0,9.672574997E-1,-4.668693244E-1,9.727641106E0,9.786754085E0
3.199267449E0,9.696516991E-1,-4.668693244E-1,9.727641106E0,9.786991002E0
3.201269949E0,9.744400978E-1,-4.572925270E-1,9.715670586E0,9.775116618E0
3.203272215E0,9.624691010E-1,-4.548983276E-1,9.727641106E0,9.785718203E0
3.205274207E0,9.672574997E-1,-4.501099288E-1,9.734824181E0,9.793109202E0
3.207276121E0,9.672574997E-1,-4.453215301E-1,9.713275909E0,9.771470065E0
3.209278934E0,9.648633003E-1,-4.501099288E-1,9.715670586E0,9.773833182E0
3.211280965E0,9.624691010E-1,-4.525041282E-1,9.713275909E0,9.771327220E0
3.213282918E0,9.648633003E-1,-4.572925270E-1,9.710882187E0,9.769406865E0
3.215285145E0,9.672574997E-1,-4.572925270E-1,9.710882187E0,9.769643615E0
3.217287449E0,9.624691010E-1,-4.548983276E-1,9.703699112E0,9.761918649E0
3.219289168E0,9.696516991E-1,-4.548983276E-1,9.706093788E0,9.765009653E0
3.221291668E0,9.720458984E-1,-4.548983276E-1,9.715670586E0,9.774766526E0
3.223293582E0,9.624691010E-1,-4.572925270E-1,9.727641106E0,9.785829791E0
3.225295496E0,9.576807022E-1,-4.596867263E-1,9.713275909E0,9.771192000E0
3.227297137E0,9.600749016E-1,-4.572925270E-1,9.708487511E0,9.766554665E0
3.229298856E0,9.600749016E-1,-4.596867263E-1,9.713275909E0,9.771426948E0
3.231301238E0,9.648633003E-1,-4.596867263E-1,9.713275909E0,9.771898586E0
3.233303973E0,9.672574997E-1,-4.620809257E-1,9.718064308E0,9.777007709E0
3.235306746E0,9.600749016E-1,-4.644751251E-1,9.722852707E0,9.781173024E0
3.237308465E0,9.696516991E-1,-4.668693244E-1,9.722852707E0,9.782231655E0
3.239309363E0,9.648633003E-1,-4.572925270E-1,9.720458984E0,9.778926348E0
3.241311317E0,9.648633003E-1,-4.596867263E-1,9.725247383E0,9.783798329E0
3.243312957E0,9.648633003E-1,-4.644751251E-1,9.720458984E0,9.779264860E0
3.245314285E0,9.552865028E-1,-4.525041282E-1,9.708487511E0,9.765862073E0
3.247316395E0,9.624691010E-1,-4.572925270E-1,9.710882187E0,9.769170695E0
3.249319754E0,9.672574997E-1,-4.548983276E-1,9.718064308E0,9.776670878E0
3.251322957E0,9.672574997E-1,-4.525041282E-1,9.727641106E0,9.786079324E0
3.253325262E0,9.672574997E-1,-4.572925270E-1,9.727641106E0,9.786301907E0
3.255327996E0,9.672574997E-1,-4.525041282E-1,9.722852707E0,9.781319534E0
3.257330301E0,9.720458984E-1,-4.501099288E-1,9.722852707E0,9.781683748E0
3.259332371E0,9.624691010E-1,-4.572925270E-1,9.718064308E0,9.776309995E0
3.261334988E0,9.672574997E-1,-4.501099288E-1,9.715670586E0,9.774069825E0
3.263337606E0,9.696516991E-1,-4.548983276E-1,9.715670586E0,9.774528727E0
3.265339715E0,9.672574997E-1,-4.596867263E-1,9.715670586E0,9.774515532E0
3.267341746E0,9.624691010E-1,-4.548983276E-1,9.720458984E0,9.778578738E0
3.269344402E0,9.672574997E-1,-4.572925270E-1,9.720458984E0,9.779162868E0
3.271347176E0,9.768342972E-1,-4.548983276E-1,9.713275909E0,9.772863788E0
3.273349637E0,9.768342972E-1,-4.596867263E-1,9.715670586E0,9.775467869E0
3.275351473E0,9.624691010E-1,-4.525041282E-1,9.710882187E0,9.768947722E0
3.277353621E0,9.672574997E-1,-4.501099288E-1,9.725247383E0,9.783589458E0
3.279355379E0,9.696516991E-1,-4.525041282E-1,9.734824181E0,9.793456296E0
3.281356863E0,9.672574997E-1,-4.572925270E-1,9.732429504E0,9.791061617E0
3.283357996E0,9.528923035E-1,-4.501099288E-1,9.720458984E0,9.777419166E0
3.285359871E0,9.576807022E-1,-4.548983276E-1,9.722852707E0,9.780488207E0
3.287361004E0,9.624691010E-1,-4.572925270E-1,9.706093788E0,9.764410881E0
3.289362567E0,9.696516991E-1,-4.548983276E-1,9.722852707E0,9.781667632E0
3.291364988E0,9.744400978E-1,-4.644751251E-1,9.715670586E0,9.775455262E0
3.293367137E0,9.672574997E-1,-4.620809257E-1,9.713275909E0,9.772248193E0
3.295369129E0,9.696516991E-1,-4.620809257E-1,9.718064308E0,9.777244862E0
3.297371942E0,9.744400978E-1,-4.596867263E-1,9.718064308E0,9.777608056E0
3.299375067E0,9.696516991E-1,-4.453215301E-1,9.701305389E0,9.759808499E0
3.301377098E0,9.672574997E-1,-4.548983276E-1,9.715670586E0,9.774291508E0
3.303378582E0,9.696516991E-1,-4.572925270E-1,9.708487511E0,9.767500735E0
3.305380184E0,9.648633003E-1,-4.596867263E-1,9.706093788E0,9.764759582E0
3.307381590E0,9.648633003E-1,-4.572925270E-1,9.727641106E0,9.786065559E0
3.309382723E0,9.648633003E-1,-4.620809257E-1,9.715670586E0,9.774391792E0
3.311384168E0,9.648633003E-1,-4.668693244E-1,9.718064308E0,9.776998622E0
3.313384949E0,9.696516991E-1,-4.620809257E-1,9.713275909E0,9.772485461E0
3.315387059E0,9.720458984E-1,-4.596867263E-1,9.718064308E0,9.777369739E0
3.317388660E0,9.744400978E-1,-4.572925270E-1,9.708487511E0,9.767977258E0
3.319390692E0,9.648633003E-1,-4.572925270E-1,9.715670586E0,9.774166592E0
3.321392410E0,9.720458984E-1,-4.429273009E-1,9.727641106E0,9.786115639E0
3.323393777E0,9.696516991E-1,-4.381389022E-1,9.722852707E0,9.780902559E0
3.325395965E0,9.744400978E-1,-4.453215301E-1,9.720458984E0,9.779323475E0
3.327397215E0,9.768342972E-1,-4.501099288E-1,9.720458984E0,9.779781545E0
3.329399129E0,9.696516991E-1,-4.548983276E-1,9.715670586E0,9.774528727E0
3.331401668E0,9.624691010E-1,-4.572925270E-1,9.703699112E0,9.762030510E0
3.333404481E0,9.528923035E-1,-4.477157295E-1,9.718064308E0,9.774928492E0
3.335407410E0,9.624691010E-1,-4.525041282E-1,9.720458984E0,9.778467652E0
3.337409207E0,9.696516991E-1,-4.548983276E-1,9.710882187E0,9.769769176E0
3.339411395E0,9.696516991E-1,-4.596867263E-1,9.710882187E0,9.769993304E0
3.341414012E0,9.720458984E-1,-4.525041282E-1,9.710882187E0,9.769895908E0
3.343415809E0,9.744400978E-1,-4.548983276E-1,9.708487511E0,9.767865465E0
3.345416512E0,9.720458984E-1,-4.596867263E-1,9.715670586E0,9.774990539E0
3.347418387E0,9.624691010E-1,-4.620809257E-1,9.713275909E0,9.771775399E0
3.349420379E0,9.768342972E-1,-4.548983276E-1,9.710882187E0,9.770484665E0
3.351422996E0,9.768342972E-1,-4.525041282E-1,9.720458984E0,9.779892029E0
3.353424676E0,9.672574997E-1,-4.644751251E-1,9.715670586E0,9.774741896E0
3.355425926E0,9.720458984E-1,-4.596867263E-1,9.715670586E0,9.774990539E0
3.357428856E0,9.672574997E-1,-4.477157295E-1,9.727641106E0,9.785859080E0
3.359431434E0,9.744400978E-1,-4.501099288E-1,9.722852707E0,9.781921959E0
3.361434051E0,9.648633003E-1,-4.572925270E-1,9.715670586E0,9.774166592E0
3.363435809E0,9.744400978E-1,-4.668693244E-1,9.715670586E0,9.775569313E0
3.365437840E0,9.768342972E-1,-4.644751251E-1,9.718064308E0,9.778073240E0
3.367439637E0,9.696516991E-1,-4.525041282E-1,9.722852707E0,9.781556582E0
3.369440379E0,9.696516991E-1,-4.548983276E-1,9.715670586E0,9.774528727E0
3.371440965E0,9.624691010E-1,-4.572925270E-1,9.701305389E0,9.759651094E0
3.373441551E0,9.648633003E-1,-4.548983276E-1,9.718064308E0,9.776434298E0
3.375442645E0,9.624691010E-1,-4.525041282E-1,9.720458984E0,9.778467652E0
3.377443582E0,9.696516991E-1,-4.501099288E-1,9.710882187E0,9.769547390E0
3.379444871E0,9.576807022E-1,-4.525041282E-1,9.701305389E0,9.758956838E0
3.381445926E0,9.648633003E-1,-4.548983276E-1,9.708487511E0,9.766914734E0
3.383446902E0,9.624691010E-1,-4.525041282E-1,9.720458984E0,9.778467652E0
3.385448934E0,9.624691010E-1,-4.572925270E-1,9.720458984E0,9.778690408E0
3.387449754E0,9.576807022E-1,-4.525041282E-1,9.703699112E0,9.761336423E0
3.389450184E0,9.624691010E-1,-4.596867263E-1,9.710882187E0,9.769283060E0
3.391450574E0,9.696516991E-1,-4.596867263E-1,9.718064308E0,9.777132003E0
3.393452137E0,9.744400978E-1,-4.620809257E-1,9.718064308E0,9.777720909E0
3.395452606E0,9.744400978E-1,-4.620809257E-1,9.730035782E0,9.789619431E0
3.397453309E0,9.696516991E-1,-4.620809257E-1,9.718064308E0,9.777244862E0
3.399453582E0,9.672574997E-1,-4.620809257E-1,9.722852707E0,9.781767254E0
3.401454715E0,9.744400978E-1,-4.525041282E-1,9.725247383E0,9.784412612E0
3.403455887E0,9.648633003E-1,-4.525041282E-1,9.732429504E0,9.790602904E0
3.405456942E0,9.672574997E-1,-4.596867263E-1,9.730035782E0,9.788794373E0
3.407458152E0,9.720458984E-1,-4.620809257E-1,9.727641106E0,9.787001251E0
3.409459871E0,9.696516991E-1,-4.572925270E-1,9.732429504E0,9.791298429E0
3.411462020E0,9.696516991E-1,-4.548983276E-1,9.725247383E0,9.784047913E0
3.413463856E0,9.720458984E-1,-4.453215301E-1,9.727641106E0,9.786224296E0
3.415466551E0,9.696516991E-1,-4.596867263E-1,9.727641106E0,9.786650999E0
3.417468699E0,9.648633003E-1,-4.525041282E-1,9.718064308E0,9.776323188E0
3.419472449E0,9.672574997E-1,-4.548983276E-1,9.722852707E0,9.781430587E0
3.421474793E0,9.600749016E-1,-4.596867263E-1,9.718064308E0,9.776186864E0
3.423476981E0,9.624691010E-1,-4.620809257E-1,9.708487511E0,9.767015680E0
3.425478348E0,9.624691010E-1,-4.668693244E-1,9.710882187E0,9.769623666E0
3.427479910E0,9.552865028E-1,-4.548983276E-1,9.713275909E0,9.770733528E0
3.429482059E0,9.552865028E-1,-4.548983276E-1,9.725247383E0,9.782634689E0
3.431483699E0,9.696516991E-1,-4.596867263E-1,9.718064308E0,9.777132003E0
3.433484598E0,9.816226959E-1,-4.596867263E-1,9.718064308E0,9.778326488E0
3.435485535E0,9.840168953E-1,-4.548983276E-1,9.715670586E0,9.775964232E0
3.437487996E0,9.696516991E-1,-4.596867263E-1,9.713275909E0,9.772372547E0
3.439490652E0,9.648633003E-1,-4.596867263E-1,9.713275909E0,9.771898586E0
3.441492176E0,9.696516991E-1,-4.572925270E-1,9.725247383E0,9.784159521E0
3.443494481E0,9.672574997E-1,-4.572925270E-1,9.739612579E0,9.798201709E0
3.445497059E0,9.648633003E-1,-4.525041282E-1,9.732429504E0,9.790602904E0
3.447499207E0,9.744400978E-1,-4.548983276E-1,9.718064308E0,9.777384103E0
3.449500848E0,9.648633003E-1,-4.548983276E-1,9.718064308E0,9.776434298E0
3.451501902E0,9.744400978E-1,-4.525041282E-1,9.725247383E0,9.784412612E0
3.453504324E0,9.624691010E-1,-4.572925270E-1,9.725247383E0,9.783450306E0
3.455506746E0,9.576807022E-1,-4.572925270E-1,9.722852707E0,9.780599856E0
3.457508856E0,9.648633003E-1,-4.596867263E-1,9.727641106E0,9.786177730E0
3.459510184E0,9.720458984E-1,-4.525041282E-1,9.727641106E0,9.786553770E0
3.461511981E0,9.672574997E-1,-4.620809257E-1,9.725247383E0,9.784147511E0
3.463513660E0,9.696516991E-1,-4.525041282E-1,9.720458984E0,9.779177229E0
3.465515262E0,9.624691010E-1,-4.477157295E-1,9.730035782E0,9.787767491E0
3.467516668E0,9.744400978E-1,-4.429273009E-1,9.730035782E0,9.788734056E0
3.469518387E0,9.744400978E-1,-4.477157295E-1,9.720458984E0,9.779432793E0
3.471518856E0,9.672574997E-1,-4.525041282E-1,9.715670586E0,9.774180374E0
3.473520262E0,9.696516991E-1,-4.548983276E-1,9.715670586E0,9.774528727E0
3.475521356E0,9.720458984E-1,-4.596867263E-1,9.710882187E0,9.770231213E0
3.477521512E0,9.624691010E-1,-4.596867263E-1,9.720458984E0,9.778802663E0
3.479522879E0,9.624691010E-1,-4.668693244E-1,9.722852707E0,9.781522300E0
3.481523660E0,9.648633003E-1,-4.716577232E-1,9.730035782E0,9.789127566E0
3.483525184E0,9.552865028E-1,-4.644751251E-1,9.732429504E0,9.790224385E0
3.485527684E0,9.552865028E-1,-4.668693244E-1,9.715670586E0,9.773678642E0
3.487529246E0,9.576807022E-1,-4.620809257E-1,9.713275909E0,9.771304928E0
3.489530770E0,9.624691010E-1,-4.525041282E-1,9.732429504E0,9.790367246E0
3.491531863E0,9.624691010E-1,-4.644751251E-1,9.713275909E0,9.771888907E0
3.493532684E0,9.624691010E-1,-4.692635238E-1,9.715670586E0,9.774497939E0
3.495532488E0,9.720458984E-1,-4.668693244E-1,9.720458984E0,9.780090136E0
3.497532840E0,9.672574997E-1,-4.620809257E-1,9.715670586E0,9.774628422E0
3.499533426E0,9.624691010E-1,-4.668693244E-1,9.715670586E0,9.774383288E0
3.501534051E0,9.624691010E-1,-4.692635238E-1,9.713275909E0,9.772117678E0
3.503534715E0,9.672574997E-1,-4.668693244E-1,9.713275909E0,9.772475783E0
3.505535770E0,9.672574997E-1,-4.620809257E-1,9.718064308E0,9.777007709E0
3.507536238E0,9.696516991E-1,-4.620809257E-1,9.715670586E0,9.774865632E0
3.509536473E0,9.744400978E-1,-4.644751251E-1,9.720458984E0,9.780214390E0
3.511536902E0,9.672574997E-1,-4.620809257E-1,9.715670586E0,9.774628422E0
3.513538777E0,9.720458984E-1,-4.668693244E-1,9.730035782E0,9.789608598E0
3.515540770E0,9.624691010E-1,-4.548983276E-1,9.725247383E0,9.783338690E0
3.517543582E0,9.600749016E-1,-4.525041282E-1,9.715670586E0,9.773472194E0
3.519545262E0,9.768342972E-1,-4.477157295E-1,9.720458984E0,9.779671645E0
3.521547488E0,9.696516991E-1,-4.501099288E-1,9.722852707E0,9.781446116E0
3.523549676E0,9.648633003E-1,-4.596867263E-1,9.701305389E0,9.759999966E0
3.525552215E0,9.552865028E-1,-4.620809257E-1,9.706093788E0,9.763930956E0
3.527554559E0,9.504981041E-1,-4.620809257E-1,9.706093788E0,9.763463630E0
3.529557215E0,9.600749016E-1,-4.620809257E-1,9.710882187E0,9.769160427E0
3.531559676E0,9.672574997E-1,-4.596867263E-1,9.718064308E0,9.776894847E0
3.533562176E0,9.648633003E-1,-4.548983276E-1,9.715670586E0,9.774054870E0
3.535564832E0,9.672574997E-1,-4.501099288E-1,9.715670586E0,9.774069825E0
3.537566902E0,9.624691010E-1,-4.548983276E-1,9.718064308E0,9.776198298E0
3.539568738E0,9.624691010E-1,-4.525041282E-1,9.710882187E0,9.768947722E0
3.541570535E0,9.696516991E-1,-4.501099288E-1,9.720458984E0,9.779066736E0
3.543572762E0,9.792284966E-1,-4.525041282E-1,9.715670586E0,9.775372288E0
3.545574715E0,9.744400978E-1,-4.548983276E-1,9.722852707E0,9.782143464E0
3.547577606E0,9.696516991E-1,-4.620809257E-1,9.725247383E0,9.784384491E0
3.549580184E0,9.744400978E-1,-4.620809257E-1,9.722852707E0,9.782480107E0
3.551583231E0,9.696516991E-1,-4.548983276E-1,9.715670586E0,9.774528727E0
3.553586121E0,9.672574997E-1,-4.596867263E-1,9.715670586E0,9.774515532E0
3.555588856E0,9.744400978E-1,-4.620809257E-1,9.725247383E0,9.784860191E0
3.557591434E0,9.720458984E-1,-4.572925270E-1,9.710882187E0,9.770118860E0
3.559594988E0,9.696516991E-1,-4.596867263E-1,9.715670586E0,9.774752745E0
3.561598660E0,9.696516991E-1,-4.525041282E-1,9.713275909E0,9.772037316E0
3.563601902E0,9.672574997E-1,-4.501099288E-1,9.706093788E0,9.764550304E0
3.565604402E0,9.648633003E-1,-4.572925270E-1,9.708487511E0,9.767026538E0
3.567607254E0,9.600749016E-1,-4.620809257E-1,9.720458984E0,9.778680149E0
3.569609754E0,9.624691010E-1,-4.572925270E-1,9.734824181E0,9.792970185E0
3.571612098E0,9.672574997E-1,-4.525041282E-1,9.730035782E0,9.788459704E0
3.573614598E0,9.720458984E-1,-4.548983276E-1,9.720458984E0,9.779525990E0
3.575617293E0,9.696516991E-1,-4.572925270E-1,9.725247383E0,9.784159521E0
3.577620145E0,9.624691010E-1,-4.525041282E-1,9.713275909E0,9.771327220E0
3.579624090E0,9.696516991E-1,-4.525041282E-1,9.727641106E0,9.786316257E0
3.581627488E0,9.696516991E-1,-4.572925270E-1,9.720458984E0,9.779399968E0
3.583629598E0,9.744400978E-1,-4.596867263E-1,9.720458984E0,9.779988152E0
3.585632098E0,9.720458984E-1,-4.572925270E-1,9.720458984E0,9.779637649E0
3.587634871E0,9.696516991E-1,-4.572925270E-1,9.722852707E0,9.781779267E0
3.589637762E0,9.720458984E-1,-4.572925270E-1,9.715670586E0,9.774878240E0
3.591640965E0,9.744400978E-1,-4.572925270E-1,9.718064308E0,9.777495787E0
3.593643426E0,9.744400978E-1,-4.572925270E-1,9.706093788E0,9.765598117E0
3.595645965E0,9.696516991E-1,-4.572925270E-1,9.703699112E0,9.762741281E0
3.597649715E0,9.624691010E-1,-4.572925270E-1,9.730035782E0,9.788210232E0
3.599653621E0,9.624691010E-1,-4.572925270E-1,9.727641106E0,9.785829791E0
3.601656863E0,9.576807022E-1,-4.620809257E-1,9.722852707E0,9.780824907E0
3.603659715E0,9.648633003E-1,-4.548983276E-1,9.722852707E0,9.781194121E0
3.605661707E0,9.576807022E-1,-4.596867263E-1,9.725247383E0,9.783092603E0
3.607663465E0,9.624691010E-1,-4.596867263E-1,9.720458984E0,9.778802663E0
3.609665340E0,9.600749016E-1,-4.620809257E-1,9.722852707E0,9.781059624E0
3.611667410E0,9.600749016E-1,-4.596867263E-1,9.718064308E0,9.776186864E0
3.613669442E0,9.528923035E-1,-4.572925270E-1,9.720458984E0,9.777752455E0
3.615671160E0,9.576807022E-1,-4.596867263E-1,9.715670586E0,9.773572486E0
3.617673621E0,9.624691010E-1,-4.668693244E-1,9.718064308E0,9.776762636E0
3.619675574E0,9.624691010E-1,-4.668693244E-1,9.710882187E0,9.769623666E0
3.621677527E0,9.720458984E-1,-4.692635238E-1,9.708487511E0,9.768306467E0
3.623679676E0,9.552865028E-1,-4.692635238E-1,9.725247383E0,9.783313203E0
3.625681434E0,9.648633003E-1,-4.692635238E-1,9.720458984E0,9.779493459E0
3.627682137E0,9.648633003E-1,-4.644751251E-1,9.718064308E0,9.776884587E0
3.629683309E0,9.648633003E-1,-4.620809257E-1,9.720458984E0,9.779151437E0
3.631685184E0,9.600749016E-1,-4.716577232E-1,9.725247383E0,9.783897050E0
3.633686981E0,9.576807022E-1,-4.716577232E-1,9.720458984E0,9.778902607E0
3.635687332E0,9.600749016E-1,-4.668693244E-1,9.720458984E0,9.778907590E0
3.637689012E0,9.624691010E-1,-4.764461517E-1,9.720458984E0,9.779604827E0
3.639690340E0,9.648633003E-1,-4.668693244E-1,9.718064308E0,9.776998622E0
3.641690809E0,9.648633003E-1,-4.596867263E-1,9.701305389E0,9.759999966E0
3.643691317E0,9.648633003E-1,-4.572925270E-1,9.713275909E0,9.771786251E0
3.645691902E0,9.672574997E-1,-4.596867263E-1,9.720458984E0,9.779275118E0
3.647692527E0,9.720458984E-1,-4.644751251E-1,9.732429504E0,9.791873898E0
3.649693856E0,9.768342972E-1,-4.596867263E-1,9.727641106E0,9.787365254E0
3.651694481E0,9.720458984E-1,-4.548983276E-1,9.737217903E0,9.796183860E0
3.653695379E0,9.648633003E-1,-4.548983276E-1,9.732429504E0,9.790713852E0
3.655697410E0,9.648633003E-1,-4.668693244E-1,9.727641106E0,9.786517748E0
3.657699598E0,9.720458984E-1,-4.668693244E-1,9.727641106E0,9.787228498E0
3.659700887E0,9.600749016E-1,-4.620809257E-1,9.730035782E0,9.788199983E0
3.661702606E0,9.576807022E-1,-4.572925270E-1,9.722852707E0,9.780599856E0
3.663704988E0,9.648633003E-1,-4.525041282E-1,9.720458984E0,9.778703597E0
3.665706434E0,9.696516991E-1,-4.453215301E-1,9.713275909E0,9.771707352E0
3.667707567E0,9.720458984E-1,-4.525041282E-1,9.727641106E0,9.786553770E0
3.669709559E0,9.720458984E-1,-4.548983276E-1,9.737217903E0,9.796183860E0
3.671711434E0,9.744400978E-1,-4.644751251E-1,9.720458984E0,9.780214390E0
3.673714520E0,9.672574997E-1,-4.596867263E-1,9.718064308E0,9.776894847E0
3.675717410E0,9.672574997E-1,-4.548983276E-1,9.718064308E0,9.776670878E0
3.677719637E0,9.672574997E-1,-4.525041282E-1,9.718064308E0,9.776559771E0
3.679723231E0,9.648633003E-1,-4.501099288E-1,9.718064308E0,9.776212663E0
3.681726473E0,9.720458984E-1,-4.572925270E-1,9.715670586E0,9.774878240E0
3.683727996E0,9.696516991E-1,-4.572925270E-1,9.708487511E0,9.767500735E0
3.685730496E0,9.648633003E-1,-4.525041282E-1,9.718064308E0,9.776323188E0
3.687732137E0,9.720458984E-1,-4.501099288E-1,9.710882187E0,9.769785311E0
3.689733582E0,9.768342972E-1,-4.501099288E-1,9.720458984E0,9.779781545E0
3.691734598E0,9.744400978E-1,-4.572925270E-1,9.706093788E0,9.765598117E0
3.693736043E0,9.672574997E-1,-4.501099288E-1,9.713275909E0,9.771689460E0
3.695737567E0,9.720458984E-1,-4.525041282E-1,9.725247383E0,9.784174461E0
3.697738660E0,9.696516991E-1,-4.596867263E-1,9.730035782E0,9.789031240E0
3.699740652E0,9.816226959E-1,-4.596867263E-1,9.725247383E0,9.785465327E0
3.701741317E0,9.696516991E-1,-4.620809257E-1,9.718064308E0,9.777244862E0
3.703742801E0,9.744400978E-1,-4.620809257E-1,9.718064308E0,9.777720909E0
3.705743192E0,9.648633003E-1,-4.596867263E-1,9.708487511E0,9.767138927E0
3.707744129E0,9.600749016E-1,-4.596867263E-1,9.703699112E0,9.761907199E0
3.709745418E0,9.624691010E-1,-4.572925270E-1,9.713275909E0,9.771550139E0
3.711747059E0,9.744400978E-1,-4.572925270E-1,9.718064308E0,9.777495787E0
3.713749559E0,9.672574997E-1,-4.572925270E-1,9.722852707E0,9.781542224E0
3.715752020E0,9.624691010E-1,-4.548983276E-1,9.715670586E0,9.773818813E0
3.717753856E0,9.624691010E-1,-4.501099288E-1,9.720458984E0,9.778357152E0
3.719756356E0,9.648633003E-1,-4.572925270E-1,9.725247383E0,9.783686131E0
3.721758973E0,9.720458984E-1,-4.525041282E-1,9.730035782E0,9.788934034E0
3.723761199E0,9.696516991E-1,-4.548983276E-1,9.725247383E0,9.784047913E0
3.725763817E0,9.696516991E-1,-4.572925270E-1,9.718064308E0,9.777019728E0
3.727767332E0,9.672574997E-1,-4.716577232E-1,9.715670586E0,9.775085831E0
3.729769871E0,9.672574997E-1,-4.740519226E-1,9.725247383E0,9.784720178E0
3.731772449E0,9.720458984E-1,-4.596867263E-1,9.708487511E0,9.767851087E0
3.733775145E0,9.720458984E-1,-4.525041282E-1,9.713275909E0,9.772275176E0
3.735777957E0,9.672574997E-1,-4.525041282E-1,9.708487511E0,9.767040330E0
3.737781160E0,9.624691010E-1,-4.572925270E-1,9.732429504E0,9.790589731E0
3.739783934E0,9.672574997E-1,-4.548983276E-1,9.737217903E0,9.795709880E0
3.741786121E0,9.624691010E-1,-4.572925270E-1,9.732429504E0,9.790589731E0
3.743787215E0,9.576807022E-1,-4.620809257E-1,9.722852707E0,9.780824907E0
3.745789442E0,9.648633003E-1,-4.525041282E-1,9.722852707E0,9.781083066E0
3.747792254E0,9.672574997E-1,-4.453215301E-1,9.722852707E0,9.780989883E0
3.749795067E0,9.624691010E-1,-4.620809257E-1,9.725247383E0,9.783675292E0
3.751796981E0,9.624691010E-1,-4.548983276E-1,9.730035782E0,9.788098670E0
3.753798348E0,9.624691010E-1,-4.596867263E-1,9.732429504E0,9.790701850E0
3.755799793E0,9.552865028E-1,-4.525041282E-1,9.739612579E0,9.796804861E0
3.757802293E0,9.576807022E-1,-4.620809257E-1,9.734824181E0,9.792725511E0
3.759803934E0,9.576807022E-1,-4.596867263E-1,9.718064308E0,9.775952031E0
3.761805731E0,9.648633003E-1,-4.548983276E-1,9.725247383E0,9.783574518E0
3.763808465E0,9.744400978E-1,-4.644751251E-1,9.718064308E0,9.777834348E0
3.765809168E0,9.600749016E-1,-4.692635238E-1,9.713275909E0,9.771882161E0
3.767810184E0,9.624691010E-1,-4.644751251E-1,9.715670586E0,9.774269223E0
3.769811707E0,9.648633003E-1,-4.812345505E-1,9.710882187E0,9.770556828E0
3.771812645E0,9.600749016E-1,-4.764461517E-1,9.725247383E0,9.784129058E0
3.773813621E0,9.600749016E-1,-4.764461517E-1,9.727641106E0,9.786508378E0
3.775815340E0,9.672574997E-1,-4.668693244E-1,9.732429504E0,9.791513575E0
3.777817527E0,9.696516991E-1,-4.596867263E-1,9.730035782E0,9.789031240E0
3.779819598E0,9.648633003E-1,-4.620809257E-1,9.737217903E0,9.795809944E0
3.781821902E0,9.624691010E-1,-4.716577232E-1,9.730035782E0,9.788891873E0
3.783824090E0,9.600749016E-1,-4.668693244E-1,9.720458984E0,9.778907590E0
3.785826043E0,9.648633003E-1,-4.620809257E-1,9.715670586E0,9.774391792E0
3.787827762E0,9.672574997E-1,-4.548983276E-1,9.722852707E0,9.781430587E0
3.789828621E0,9.672574997E-1,-4.572925270E-1,9.720458984E0,9.779162868E0
3.791829559E0,9.672574997E-1,-4.525041282E-1,9.715670586E0,9.774180374E0
3.793830965E0,9.624691010E-1,-4.525041282E-1,9.722852707E0,9.780847178E0
3.795833113E0,9.696516991E-1,-4.525041282E-1,9.715670586E0,9.774417596E0
3.797835770E0,9.648633003E-1,-4.572925270E-1,9.722852707E0,9.781305762E0
3.799838387E0,9.624691010E-1,-4.596867263E-1,9.725247383E0,9.783562507E0
3.801841160E0,9.720458984E-1,-4.620809257E-1,9.732429504E0,9.791760621E0
3.803843738E0,9.696516991E-1,-4.596867263E-1,9.722852707E0,9.781891487E0
3.805845262E0,9.672574997E-1,-4.572925270E-1,9.727641106E0,9.786301907E0
3.807847371E0,9.624691010E-1,-4.501099288E-1,9.725247383E0,9.783117212E0
3.809849168E0,9.720458984E-1,-4.501099288E-1,9.720458984E0,9.779304425E0
3.811851043E0,9.720458984E-1,-4.572925270E-1,9.715670586E0,9.774878240E0
3.813852449E0,9.720458984E-1,-4.572925270E-1,9.720458984E0,9.779637649E0
3.815854402E0,9.648633003E-1,-4.572925270E-1,9.713275909E0,9.771786251E0
3.817856590E0,9.648633003E-1,-4.548983276E-1,9.718064308E0,9.776434298E0
3.819858621E0,9.600749016E-1,-4.596867263E-1,9.725247383E0,9.783327265E0
3.821860926E0,9.552865028E-1,-4.596867263E-1,9.722852707E0,9.780477951E0
3.823863426E0,9.600749016E-1,-4.548983276E-1,9.725247383E0,9.783103443E0
3.825865262E0,9.672574997E-1,-4.596867263E-1,9.725247383E0,9.784034731E0
3.827866863E0,9.648633003E-1,-4.716577232E-1,9.718064308E0,9.777228446E0
3.829868152E0,9.600749016E-1,-4.572925270E-1,9.722852707E0,9.780834577E0
3.831868934E0,9.624691010E-1,-4.572925270E-1,9.710882187E0,9.769170695E0
3.833870340E0,9.576807022E-1,-4.572925270E-1,9.708487511E0,9.766319600E0
3.835871902E0,9.600749016E-1,-4.644751251E-1,9.701305389E0,9.759754465E0
3.837873543E0,9.600749016E-1,-4.644751251E-1,9.706093788E0,9.764514201E0
3.839875184E0,9.624691010E-1,-4.692635238E-1,9.718064308E0,9.776877258E0
3.841876824E0,9.648633003E-1,-4.620809257E-1,9.715670586E0,9.774391792E0
3.843878348E0,9.696516991E-1,-4.572925270E-1,9.720458984E0,9.779399968E0
3.845879324E0,9.696516991E-1,-4.548983276E-1,9.720458984E0,9.779288306E0
3.847881043E0,9.672574997E-1,-4.572925270E-1,9.713275909E0,9.772022944E0
3.849882879E0,9.672574997E-1,-4.525041282E-1,9.713275909E0,9.771800036E0
3.851883934E0,9.696516991E-1,-4.477157295E-1,9.710882187E0,9.769437376E0
3.853886004E0,9.672574997E-1,-4.477157295E-1,9.713275909E0,9.771579470E0
3.855887293E0,9.672574997E-1,-4.525041282E-1,9.715670586E0,9.774180374E0
3.857888231E0,9.720458984E-1,-4.453215301E-1,9.715670586E0,9.774325523E0
3.859890067E0,9.672574997E-1,-4.453215301E-1,9.725247383E0,9.783370329E0
3.861891434E0,9.744400978E-1,-4.501099288E-1,9.725247383E0,9.784302178E0
3.863892840E0,9.744400978E-1,-4.453215301E-1,9.725247383E0,9.784083065E0
3.865893777E0,9.624691010E-1,-4.525041282E-1,9.713275909E0,9.771327220E0
3.867893895E0,9.672574997E-1,-4.501099288E-1,9.722852707E0,9.781209065E0
3.869894442E0,9.696516991E-1,-4.501099288E-1,9.715670586E0,9.774307049E0
3.871895496E0,9.744400978E-1,-4.572925270E-1,9.713275909E0,9.772736508E0
3.873897488E0,9.720458984E-1,-4.572925270E-1,9.713275909E0,9.772498072E0
3.875899715E0,9.648633003E-1,-4.572925270E-1,9.713275909E0,9.771786251E0
3.877901551E0,9.648633003E-1,-4.596867263E-1,9.715670586E0,9.774278899E0
3.879902957E0,9.744400978E-1,-4.740519226E-1,9.720458984E0,9.780673883E0
3.881905184E0,9.672574997E-1,-4.644751251E-1,9.718064308E0,9.777121157E0
3.883907527E0,9.672574997E-1,-4.644751251E-1,9.713275909E0,9.772361695E0
3.885909402E0,9.672574997E-1,-4.668693244E-1,9.703699112E0,9.762957057E0
3.887910535E0,9.744400978E-1,-4.596867263E-1,9.715670586E0,9.775228914E0
3.889912176E0,9.600749016E-1,-4.620809257E-1,9.710882187E0,9.769160427E0
3.891914402E0,9.648633003E-1,-4.620809257E-1,9.715670586E0,9.774391792E0
3.893915652E0,9.624691010E-1,-4.596867263E-1,9.718064308E0,9.776422278E0
3.895917059E0,9.672574997E-1,-4.501099288E-1,9.713275909E0,9.771689460E0
3.897919481E0,9.720458984E-1,-4.596867263E-1,9.701305389E0,9.760712647E0
3.899921160E0,9.696516991E-1,-4.596867263E-1,9.722852707E0,9.781891487E0
3.901922488E0,9.696516991E-1,-4.572925270E-1,9.720458984E0,9.779399968E0
3.903923387E0,9.696516991E-1,-4.501099288E-1,9.727641106E0,9.786205845E0
3.905924754E0,9.720458984E-1,-4.501099288E-1,9.722852707E0,9.781683748E0
3.907925926E0,9.768342972E-1,-4.525041282E-1,9.722852707E0,9.782271208E0
3.909926434E0,9.768342972E-1,-4.525041282E-1,9.715670586E0,9.775132744E0
3.911929012E0,9.792284966E-1,-4.525041282E-1,9.722852707E0,9.782510577E0
3.913930809E0,9.672574997E-1,-4.525041282E-1,9.720458984E0,9.778940123E0
3.915932371E0,9.600749016E-1,-4.548983276E-1,9.732429504E0,9.790243121E0
3.917934754E0,9.600749016E-1,-4.596867263E-1,9.737217903E0,9.795226807E0
3.919936746E0,9.648633003E-1,-4.548983276E-1,9.725247383E0,9.783574518E0
3.921939285E0,9.624691010E-1,-4.572925270E-1,9.718064308E0,9.776309995E0
3.923942215E0,9.672574997E-1,-4.620809257E-1,9.703699112E0,9.762729245E0
3.925944363E0,9.720458984E-1,-4.644751251E-1,9.698910713E0,9.758559289E0
3.927945848E0,9.672574997E-1,-4.620809257E-1,9.703699112E0,9.762729245E0
3.929948074E0,9.696516991E-1,-4.548983276E-1,9.715670586E0,9.774528727E0
3.931949754E0,9.624691010E-1,-4.572925270E-1,9.718064308E0,9.776309995E0
3.933951824E0,9.648633003E-1,-4.572925270E-1,9.722852707E0,9.781305762E0
3.935954207E0,9.696516991E-1,-4.620809257E-1,9.715670586E0,9.774865632E0
3.937955926E0,9.696516991E-1,-4.644751251E-1,9.708487511E0,9.767839644E0
3.939959207E0,9.744400978E-1,-4.572925270E-1,9.713275909E0,9.772736508E0
3.941962488E0,9.672574997E-1,-4.525041282E-1,9.713275909E0,9.771800036E0
3.943964168E0,9.696516991E-1,-4.525041282E-1,9.713275909E0,9.772037316E0
3.945965574E0,9.696516991E-1,-4.548983276E-1,9.720458984E0,9.779288306E0
3.947967801E0,9.672574997E-1,-4.525041282E-1,9.732429504E0,9.790839143E0
3.949970262E0,9.672574997E-1,-4.525041282E-1,9.732429504E0,9.790839143E0
3.951971668E0,9.624691010E-1,-4.501099288E-1,9.722852707E0,9.780736704E0
3.953974012E0,9.624691010E-1,-4.596867263E-1,9.718064308E0,9.776422278E0
3.955976785E0,9.672574997E-1,-4.572925270E-1,9.725247383E0,9.783922536E0
3.957979832E0,9.720458984E-1,-4.548983276E-1,9.713275909E0,9.772386331E0
3.959983387E0,9.648633003E-1,-4.548983276E-1,9.703699112E0,9.762154994E0
3.961985692E0,9.672574997E-1,-4.596867263E-1,9.710882187E0,9.769755975E0
3.963987840E0,9.744400978E-1,-4.620809257E-1,9.718064308E0,9.777720909E0
3.965990184E0,9.720458984E-1,-4.548983276E-1,9.720458984E0,9.779525990E0
3.967993113E0,9.648633003E-1,-4.548983276E-1,9.722852707E0,9.781194121E0
3.969995848E0,9.624691010E-1,-4.596867263E-1,9.732429504E0,9.790701850E0
3.971998699E0,9.552865028E-1,-4.572925270E-1,9.727641106E0,9.785125969E0
3.974001473E0,9.600749016E-1,-4.620809257E-1,9.718064308E0,9.776299734E0
3.976003856E0,9.576807022E-1,-4.668693244E-1,9.722852707E0,9.781052298E0
3.978006707E0,9.576807022E-1,-4.740519226E-1,9.710882187E0,9.769498984E0
3.980009442E0,9.648633003E-1,-4.620809257E-1,9.708487511E0,9.767251902E0
3.982011512E0,9.648633003E-1,-4.525041282E-1,9.713275909E0,9.771563338E0
3.984013074E0,9.600749016E-1,-4.596867263E-1,9.715670586E0,9.773807376E0
3.986015184E0,9.648633003E-1,-4.668693244E-1,9.718064308E0,9.776998622E0
3.988017059E0,9.720458984E-1,-4.620809257E-1,9.718064308E0,9.777482596E0
3.990018699E0,9.720458984E-1,-4.548983276E-1,9.713275909E0,9.772386331E0
3.992019715E0,9.720458984E-1,-4.525041282E-1,9.725247383E0,9.784174461E0
3.994021512E0,9.672574997E-1,-4.453215301E-1,9.725247383E0,9.783370329E0
3.996023660E0,9.672574997E-1,-4.453215301E-1,9.725247383E0,9.783370329E0
3.998025965E0,9.696516991E-1,-4.501099288E-1,9.720458984E0,9.779066736E0
4.000028152E0,9.768342972E-1,-4.596867263E-1,9.715670586E0,9.775467869E0
4.002030887E0,9.720458984E-1,-4.572925270E-1,9.720458984E0,9.779637649E0
4.004033856E0,9.696516991E-1,-4.548983276E-1,9.710882187E0,9.769769176E0
4.006037098E0,9.672574997E-1,-4.548983276E-1,9.708487511E0,9.767151545E0
4.008040457E0,9.744400978E-1,-4.548983276E-1,9.720458984E0,9.779764254E0
4.010043152E0,9.720458984E-1,-4.620809257E-1,9.710882187E0,9.770344152E0
4.012046160E0,9.696516991E-1,-4.548983276E-1,9.703699112E0,9.762629429E0
4.014047723E0,9.744400978E-1,-4.548983276E-1,9.706093788E0,9.765486297E0
4.016050926E0,9.696516991E-1,-4.620809257E-1,9.722852707E0,9.782004292E0
4.018052801E0,9.720458984E-1,-4.620809257E-1,9.718064308E0,9.777482596E0
4.020055574E0,9.696516991E-1,-4.596867263E-1,9.713275909E0,9.772372547E0
4.022057410E0,9.672574997E-1,-4.572925270E-1,9.703699112E0,9.762503776E0
4.024059520E0,9.672574997E-1,-4.501099288E-1,9.701305389E0,9.759790586E0
4.026060457E0,9.696516991E-1,-4.548983276E-1,9.713275909E0,9.772148474E0
4.028061121E0,9.672574997E-1,-4.501099288E-1,9.710882187E0,9.769310051E0
4.030064168E0,9.696516991E-1,-4.477157295E-1,9.715670586E0,9.774197088E0
4.032066277E0,9.696516991E-1,-4.668693244E-1,9.696516991E0,9.756056229E0
4.034067879E0,9.672574997E-1,-4.596867263E-1,9.701305389E0,9.760236945E0
4.036069871E0,9.648633003E-1,-4.620809257E-1,9.720458984E0,9.779151437E0
4.038071942E0,9.648633003E-1,-4.572925270E-1,9.718064308E0,9.776545992E0
4.040073817E0,9.648633003E-1,-4.477157295E-1,9.715670586E0,9.773723215E0
4.042075652E0,9.648633003E-1,-4.548983276E-1,9.722852707E0,9.781194121E0
4.044077879E0,9.648633003E-1,-4.596867263E-1,9.727641106E0,9.786177730E0
4.046080340E0,9.600749016E-1,-4.596867263E-1,9.730035782E0,9.788087250E0
4.048083152E0,9.624691010E-1,-4.572925270E-1,9.730035782E0,9.788210232E0
4.050084676E0,9.624691010E-1,-4.620809257E-1,9.720458984E0,9.778915503E0
4.052086160E0,9.720458984E-1,-4.501099288E-1,9.725247383E0,9.784064025E0
4.054087762E0,9.744400978E-1,-4.572925270E-1,9.727641106E0,9.787014429E0
4.056089910E0,9.672574997E-1,-4.548983276E-1,9.718064308E0,9.776670878E0
4.058091277E0,9.672574997E-1,-4.501099288E-1,9.720458984E0,9.778829628E0
4.060093699E0,9.696516991E-1,-4.596867263E-1,9.725247383E0,9.784271714E0
4.062095887E0,9.696516991E-1,-4.572925270E-1,9.727641106E0,9.786538834E0
4.064098934E0,9.672574997E-1,-4.548983276E-1,9.722852707E0,9.781430587E0
4.066102293E0,9.672574997E-1,-4.668693244E-1,9.718064308E0,9.777235189E0
4.068105809E0,9.744400978E-1,-4.572925270E-1,9.742006302E0,9.801292606E0
4.070110418E0,9.720458984E-1,-4.525041282E-1,9.734824181E0,9.793693636E0
4.072114051E0,9.720458984E-1,-4.596867263E-1,9.734824181E0,9.794028126E0
4.074116707E0,9.744400978E-1,-4.620809257E-1,9.737217903E0,9.796757871E0
4.076118973E0,9.720458984E-1,-4.572925270E-1,9.734824181E0,9.793916046E0
4.078121629E0,9.696516991E-1,-4.548983276E-1,9.727641106E0,9.786427253E0
4.080123973E0,9.624691010E-1,-4.596867263E-1,9.727641106E0,9.785941965E0
4.082125965E0,9.672574997E-1,-4.596867263E-1,9.713275909E0,9.772135276E0
4.084128973E0,9.624691010E-1,-4.620809257E-1,9.720458984E0,9.778915503E0
4.086131590E0,9.576807022E-1,-4.596867263E-1,9.720458984E0,9.778332531E0
4.088134871E0,9.576807022E-1,-4.620809257E-1,9.725247383E0,9.783205394E0
4.090137606E0,9.720458984E-1,-4.620809257E-1,9.725247383E0,9.784622051E0
4.092139207E0,9.744400978E-1,-4.572925270E-1,9.720458984E0,9.779875911E0
4.094140535E0,9.720458984E-1,-4.572925270E-1,9.722852707E0,9.782016890E0
4.096142254E0,9.720458984E-1,-4.572925270E-1,9.715670586E0,9.774878240E0
4.098144754E0,9.648633003E-1,-4.620809257E-1,9.720458984E0,9.779151437E0
4.100146707E0,9.648633003E-1,-4.668693244E-1,9.732429504E0,9.791277353E0
4.102147684E0,9.624691010E-1,-4.596867263E-1,9.725247383E0,9.783562507E0
4.104149090E0,9.672574997E-1,-4.548983276E-1,9.706093788E0,9.764772203E0
4.106151824E0,9.648633003E-1,-4.596867263E-1,9.715670586E0,9.774278899E0
4.108153856E0,9.600749016E-1,-4.620809257E-1,9.706093788E0,9.764400607E0
4.110155692E0,9.552865028E-1,-4.644751251E-1,9.713275909E0,9.771184081E0
4.112157488E0,9.648633003E-1,-4.572925270E-1,9.722852707E0,9.781305762E0
4.114159949E0,9.648633003E-1,-4.525041282E-1,9.715670586E0,9.773943733E0
4.116163074E0,9.720458984E-1,-4.525041282E-1,9.713275909E0,9.772275176E0
4.118166707E0,9.648633003E-1,-4.548983276E-1,9.715670586E0,9.774054870E0
4.120169676E0,9.696516991E-1,-4.501099288E-1,9.727641106E0,9.786205845E0
4.122172254E0,9.624691010E-1,-4.525041282E-1,9.730035782E0,9.787987693E0
4.124175692E0,9.648633003E-1,-4.548983276E-1,9.730035782E0,9.788334383E0
4.126178348E0,9.696516991E-1,-4.596867263E-1,9.722852707E0,9.781891487E0
4.128181551E0,9.696516991E-1,-4.572925270E-1,9.715670586E0,9.774640444E0
4.130184246E0,9.648633003E-1,-4.596867263E-1,9.727641106E0,9.786177730E0
4.132186238E0,9.648633003E-1,-4.572925270E-1,9.722852707E0,9.781305762E0
4.134188426E0,9.696516991E-1,-4.572925270E-1,9.708487511E0,9.767500735E0
4.136190496E0,9.600749016E-1,-4.644751251E-1,9.715670586E0,9.774033757E0
4.138192410E0,9.624691010E-1,-4.620809257E-1,9.718064308E0,9.776535145E0
4.140195457E0,9.648633003E-1,-4.644751251E-1,9.708487511E0,9.767365462E0
4.142196824E0,9.672574997E-1,-4.644751251E-1,9.708487511E0,9.767602262E0
4.144198192E0,9.648633003E-1,-4.668693244E-1,9.720458984E0,9.779378867E0
4.146200574E0,9.696516991E-1,-4.644751251E-1,9.722852707E0,9.782117681E0
4.148202567E0,9.696516991E-1,-4.620809257E-1,9.730035782E0,9.789143962E0
4.150205027E0,9.648633003E-1,-4.501099288E-1,9.722852707E0,9.780972595E0
4.152206629E0,9.696516991E-1,-4.501099288E-1,9.734824181E0,9.793345965E0
4.154209285E0,9.696516991E-1,-4.501099288E-1,9.720458984E0,9.779066736E0
4.156211863E0,9.624691010E-1,-4.477157295E-1,9.715670586E0,9.773487150E0
4.158214129E0,9.648633003E-1,-4.477157295E-1,9.722852707E0,9.780862709E0
4.160215965E0,9.600749016E-1,-4.548983276E-1,9.730035782E0,9.787863537E0
4.162218387E0,9.648633003E-1,-4.620809257E-1,9.718064308E0,9.776771137E0
4.164221863E0,9.648633003E-1,-4.596867263E-1,9.715670586E0,9.774278899E0
4.166225301E0,9.672574997E-1,-4.572925270E-1,9.718064308E0,9.776782570E0
4.168229207E0,9.648633003E-1,-4.596867263E-1,9.718064308E0,9.776658272E0
4.170232137E0,9.696516991E-1,-4.477157295E-1,9.722852707E0,9.781336236E0
4.172235535E0,9.696516991E-1,-4.525041282E-1,9.718064308E0,9.776796935E0
4.174239481E0,9.696516991E-1,-4.548983276E-1,9.713275909E0,9.772148474E0
4.176242254E0,9.672574997E-1,-4.572925270E-1,9.718064308E0,9.776782570E0
4.178245926E0,9.552865028E-1,-4.572925270E-1,9.727641106E0,9.785125969E0
4.180248934E0,9.576807022E-1,-4.620809257E-1,9.725247383E0,9.783205394E0
4.182251668E0,9.624691010E-1,-4.644751251E-1,9.713275909E0,9.771888907E0
4.184254988E0,9.624691010E-1,-4.501099288E-1,9.710882187E0,9.768837114E0
4.186258934E0,9.672574997E-1,-4.572925270E-1,9.718064308E0,9.776782570E0
4.188263270E0,9.672574997E-1,-4.644751251E-1,9.734824181E0,9.793779967E0
4.190266863E0,9.672574997E-1,-4.644751251E-1,9.734824181E0,9.793779967E0
4.192270184E0,9.672574997E-1,-4.596867263E-1,9.722852707E0,9.781654447E0
4.194272996E0,9.672574997E-1,-4.620809257E-1,9.718064308E0,9.777007709E0
4.196276004E0,9.720458984E-1,-4.572925270E-1,9.708487511E0,9.767738706E0
4.198279949E0,9.744400978E-1,-4.620809257E-1,9.725247383E0,9.784860191E0
4.200283543E0,9.744400978E-1,-4.572925270E-1,9.727641106E0,9.787014429E0
4.202286434E0,9.816226959E-1,-4.620809257E-1,9.718064308E0,9.778439333E0
4.204288465E0,9.672574997E-1,-4.644751251E-1,9.718064308E0,9.777121157E0
4.206291160E0,9.696516991E-1,-4.572925270E-1,9.720458984E0,9.779399968E0
4.208293895E0,9.696516991E-1,-4.572925270E-1,9.720458984E0,9.779399968E0
4.210297723E0,9.696516991E-1,-4.596867263E-1,9.713275909E0,9.772372547E0
4.212302293E0,9.672574997E-1,-4.525041282E-1,9.708487511E0,9.767040330E0
4.214306902E0,9.672574997E-1,-4.525041282E-1,9.703699112E0,9.762280651E0
4.216311317E0,9.624691010E-1,-4.477157295E-1,9.715670586E0,9.773487150E0
4.218315106E0,9.744400978E-1,-4.477157295E-1,9.718064308E0,9.777052561E0
4.220319129E0,9.672574997E-1,-4.453215301E-1,9.730035782E0,9.788130294E0
4.222324324E0,9.720458984E-1,-4.405331016E-1,9.732429504E0,9.790767421E0
4.224327801E0,9.744400978E-1,-4.477157295E-1,9.734824181E0,9.793711488E0
4.226332059E0,9.576807022E-1,-4.501099288E-1,9.725247383E0,9.782647287E0
4.228335184E0,9.720458984E-1,-4.501099288E-1,9.725247383E0,9.784064025E0
4.230337684E0,9.768342972E-1,-4.525041282E-1,9.722852707E0,9.782271208E0
4.232340496E0,9.792284966E-1,-4.548983276E-1,9.713275909E0,9.773103388E0
4.234343934E0,9.768342972E-1,-4.453215301E-1,9.715670586E0,9.774802885E0
4.236347567E0,9.768342972E-1,-4.596867263E-1,9.718064308E0,9.777846953E0
4.238350613E0,9.720458984E-1,-4.644751251E-1,9.718064308E0,9.777596037E0
4.240353465E0,9.672574997E-1,-4.572925270E-1,9.722852707E0,9.781542224E0
4.242356590E0,9.624691010E-1,-4.548983276E-1,9.715670586E0,9.773818813E0
4.244360457E0,9.696516991E-1,-4.548983276E-1,9.720458984E0,9.779288306E0
4.246364051E0,9.696516991E-1,-4.477157295E-1,9.715670586E0,9.774197088E0
4.248367606E0,9.672574997E-1,-4.429273009E-1,9.718064308E0,9.776121192E0
4.250370965E0,9.696516991E-1,-4.501099288E-1,9.713275909E0,9.771926742E0
4.252374402E0,9.600749016E-1,-4.501099288E-1,9.718064308E0,9.775741233E0
4.254378387E0,9.600749016E-1,-4.525041282E-1,9.708487511E0,9.766331632E0
4.256382371E0,9.576807022E-1,-4.572925270E-1,9.713275909E0,9.771079658E0
4.258385692E0,9.576807022E-1,-4.501099288E-1,9.720458984E0,9.777886998E0
4.260389168E0,9.552865028E-1,-4.525041282E-1,9.725247383E0,9.782523649E0
4.262392801E0,9.648633003E-1,-4.620809257E-1,9.720458984E0,9.779151437E0
4.264395848E0,9.648633003E-1,-4.620809257E-1,9.720458984E0,9.779151437E0
4.266399168E0,9.768342972E-1,-4.692635238E-1,9.710882187E0,9.771164022E0
4.268402293E0,9.672574997E-1,-4.620809257E-1,9.713275909E0,9.772248193E0
4.270405692E0,9.768342972E-1,-4.572925270E-1,9.722852707E0,9.782493877E0
4.272409793E0,9.744400978E-1,-4.644751251E-1,9.730035782E0,9.789732732E0
4.274413152E0,9.672574997E-1,-4.572925270E-1,9.734824181E0,9.793441956E0
4.276417215E0,9.624691010E-1,-4.572925270E-1,9.737217903E0,9.795349699E0
4.278420731E0,9.720458984E-1,-4.644751251E-1,9.720458984E0,9.779976137E0
4.280424442E0,9.768342972E-1,-4.572925270E-1,9.727641106E0,9.787253097E0
4.282427567E0,9.624691010E-1,-4.596867263E-1,9.727641106E0,9.785941965E0
4.284430067E0,9.720458984E-1,-4.525041282E-1,9.727641106E0,9.786553770E0
4.286432801E0,9.672574997E-1,-4.525041282E-1,9.725247383E0,9.783699899E0
4.288435340E0,9.648633003E-1,-4.548983276E-1,9.727641106E0,9.785953973E0
4.290437918E0,9.672574997E-1,-4.501099288E-1,9.722852707E0,9.781209065E0
4.292440887E0,9.696516991E-1,-4.644751251E-1,9.725247383E0,9.784497852E0
4.294443660E0,9.648633003E-1,-4.572925270E-1,9.722852707E0,9.781305762E0
4.296447723E0,9.648633003E-1,-4.548983276E-1,9.720458984E0,9.778814680E0
4.298451121E0,9.576807022E-1,-4.477157295E-1,9.720458984E0,9.777777077E0
4.300454246E0,9.600749016E-1,-4.525041282E-1,9.725247383E0,9.782992409E0
4.302457332E0,9.672574997E-1,-4.596867263E-1,9.732429504E0,9.791173730E0
4.304460535E0,9.600749016E-1,-4.620809257E-1,9.730035782E0,9.788199983E0
4.306463348E0,9.552865028E-1,-4.620809257E-1,9.739612579E0,9.797251874E0
4.308465692E0,9.600749016E-1,-4.644751251E-1,9.725247383E0,9.783553425E0
4.310467606E0,9.624691010E-1,-4.692635238E-1,9.732429504E0,9.791156167E0
4.312469481E0,9.624691010E-1,-4.644751251E-1,9.727641106E0,9.786168065E0
4.314472606E0,9.600749016E-1,-4.668693244E-1,9.722852707E0,9.781287009E0
4.316476746E0,9.576807022E-1,-4.692635238E-1,9.718064308E0,9.776407033E0
4.318480262E0,9.648633003E-1,-4.572925270E-1,9.706093788E0,9.764647166E0
4.320484246E0,9.624691010E-1,-4.548983276E-1,9.706093788E0,9.764299047E0
4.322486785E0,9.672574997E-1,-4.501099288E-1,9.708487511E0,9.766929700E0
4.324489559E0,9.720458984E-1,-4.477157295E-1,9.710882187E0,9.769675299E0
4.326492332E0,9.624691010E-1,-4.572925270E-1,9.710882187E0,9.769170695E0
4.328494754E0,9.648633003E-1,-4.572925270E-1,9.715670586E0,9.774166592E0
4.330497410E0,9.672574997E-1,-4.477157295E-1,9.713275909E0,9.771579470E0
4.332500965E0,9.648633003E-1,-4.548983276E-1,9.698910713E0,9.757395283E0
4.334503777E0,9.744400978E-1,-4.668693244E-1,9.689333916E0,9.749394453E0
4.336506121E0,9.792284966E-1,-4.644751251E-1,9.691728592E0,9.752139698E0
4.338509324E0,9.840168953E-1,-4.620809257E-1,9.701305389E0,9.762025112E0
4.340512254E0,9.720458984E-1,-4.668693244E-1,9.715670586E0,9.775330947E0
4.342515262E0,9.672574997E-1,-4.620809257E-1,9.710882187E0,9.769868919E0
4.344518582E0,9.648633003E-1,-4.572925270E-1,9.713275909E0,9.771786251E0
4.346521512E0,9.696516991E-1,-4.572925270E-1,9.713275909E0,9.772260218E0
4.348525067E0,9.720458984E-1,-4.644751251E-1,9.718064308E0,9.777596037E0
4.350528231E0,9.792284966E-1,-4.572925270E-1,9.718064308E0,9.777974167E0
4.352530731E0,9.768342972E-1,-4.477157295E-1,9.720458984E0,9.779671645E0
4.354533660E0,9.720458984E-1,-4.572925270E-1,9.720458984E0,9.779637649E0
4.356535652E0,9.624691010E-1,-4.572925270E-1,9.725247383E0,9.783450306E0
4.358537957E0,9.624691010E-1,-4.620809257E-1,9.727641106E0,9.786054723E0
4.360540379E0,9.648633003E-1,-4.548983276E-1,9.730035782E0,9.788334383E0
4.362543543E0,9.648633003E-1,-4.501099288E-1,9.732429504E0,9.790492541E0
4.364547410E0,9.696516991E-1,-4.525041282E-1,9.718064308E0,9.776796935E0
4.366551238E0,9.696516991E-1,-4.572925270E-1,9.715670586E0,9.774640444E0
4.368554285E0,9.648633003E-1,-4.572925270E-1,9.720458984E0,9.778926348E0
4.370556668E0,9.672574997E-1,-4.596867263E-1,9.720458984E0,9.779275118E0
4.372559481E0,9.720458984E-1,-4.572925270E-1,9.732429504E0,9.791535821E0
4.374561473E0,9.744400978E-1,-4.596867263E-1,9.727641106E0,9.787126589E0
4.376564363E0,9.696516991E-1,-4.596867263E-1,9.715670586E0,9.774752745E0
4.378566785E0,9.672574997E-1,-4.525041282E-1,9.718064308E0,9.776559771E0
4.380569598E0,9.672574997E-1,-4.548983276E-1,9.722852707E0,9.781430587E0
4.382571590E0,9.648633003E-1,-4.453215301E-1,9.732429504E0,9.790273567E0
4.384574988E0,9.624691010E-1,-4.501099288E-1,9.737217903E0,9.795017009E0
4.386576590E0,9.744400978E-1,-4.596867263E-1,9.734824181E0,9.794266038E0
4.388579324E0,9.672574997E-1,-4.453215301E-1,9.720458984E0,9.778610392E0
4.390582215E0,9.648633003E-1,-4.548983276E-1,9.718064308E0,9.776434298E0
4.392584559E0,9.744400978E-1,-4.548983276E-1,9.732429504E0,9.791662272E0
4.394587996E0,9.648633003E-1,-4.548983276E-1,9.734824181E0,9.793094276E0
4.396591981E0,9.648633003E-1,-4.572925270E-1,9.732429504E0,9.790825384E0
4.398595848E0,9.624691010E-1,-4.548983276E-1,9.725247383E0,9.783338690E0
4.400599168E0,9.576807022E-1,-4.572925270E-1,9.725247383E0,9.782980397E0
4.402602332E0,9.624691010E-1,-4.596867263E-1,9.713275909E0,9.771662476E0
4.404605535E0,9.672574997E-1,-4.644751251E-1,9.703699112E0,9.762842858E0
4.406609207E0,9.672574997E-1,-4.548983276E-1,9.701305389E0,9.760012593E0
4.408612762E0,9.624691010E-1,-4.620809257E-1,9.710882187E0,9.769396010E0
4.410616863E0,9.648633003E-1,-4.596867263E-1,9.710882187E0,9.769519227E0
4.412620418E0,9.600749016E-1,-4.596867263E-1,9.720458984E0,9.778567307E0
4.414624324E0,9.600749016E-1,-4.596867263E-1,9.720458984E0,9.778567307E0
4.416627449E0,9.648633003E-1,-4.548983276E-1,9.713275909E0,9.771674502E0
4.418630926E0,9.600749016E-1,-4.525041282E-1,9.710882187E0,9.768712129E0
4.420633856E0,9.552865028E-1,-4.501099288E-1,9.722852707E0,9.780032516E0
4.422637410E0,9.720458984E-1,-4.596867263E-1,9.720458984E0,9.779749894E0
4.424640379E0,9.720458984E-1,-4.620809257E-1,9.722852707E0,9.782241909E0
4.426643738E0,9.720458984E-1,-4.596867263E-1,9.742006302E0,9.801166864E0
4.428645340E0,9.720458984E-1,-4.501099288E-1,9.737217903E0,9.795962672E0
4.430647801E0,9.744400978E-1,-4.548983276E-1,9.732429504E0,9.791662272E0
4.432650496E0,9.696516991E-1,-4.525041282E-1,9.722852707E0,9.781556582E0
4.434652879E0,9.624691010E-1,-4.453215301E-1,9.720458984E0,9.778137906E0
4.436656238E0,9.624691010E-1,-4.525041282E-1,9.713275909E0,9.771327220E0
4.438659363E0,9.672574997E-1,-4.501099288E-1,9.713275909E0,9.771689460E0
4.440661863E0,9.576807022E-1,-4.572925270E-1,9.715670586E0,9.773460171E0
4.442665418E0,9.552865028E-1,-4.453215301E-1,9.710882187E0,9.767912593E0
4.444668035E0,9.648633003E-1,-4.501099288E-1,9.710882187E0,9.769073292E0
4.446671317E0,9.672574997E-1,-4.477157295E-1,9.713275909E0,9.771579470E0
4.448674481E0,9.672574997E-1,-4.477157295E-1,9.710882187E0,9.769200033E0
4.450677371E0,9.648633003E-1,-4.525041282E-1,9.710882187E0,9.769183897E0
4.452680887E0,9.552865028E-1,-4.572925270E-1,9.715670586E0,9.773225859E0
4.454683934E0,9.624691010E-1,-4.453215301E-1,9.710882187E0,9.768617655E0
4.456686902E0,9.648633003E-1,-4.572925270E-1,9.715670586E0,9.774166592E0
4.458690731E0,9.672574997E-1,-4.501099288E-1,9.706093788E0,9.764550304E0
4.460693035E0,9.696516991E-1,-4.572925270E-1,9.713275909E0,9.772260218E0
4.462696824E0,9.768342972E-1,-4.501099288E-1,9.720458984E0,9.779781545E0
4.464700652E0,9.624691010E-1,-4.501099288E-1,9.715670586E0,9.773597119E0
4.466704051E0,9.576807022E-1,-4.525041282E-1,9.715670586E0,9.773237296E0
4.468707527E0,9.576807022E-1,-4.572925270E-1,9.715670586E0,9.773460171E0
4.470710926E0,9.624691010E-1,-4.501099288E-1,9.718064308E0,9.775976658E0
4.472713934E0,9.672574997E-1,-4.501099288E-1,9.720458984E0,9.778829628E0
4.474717137E0,9.648633003E-1,-4.453215301E-1,9.722852707E0,9.780753407E0
4.476720613E0,9.696516991E-1,-4.596867263E-1,9.727641106E0,9.786650999E0
4.478724715E0,9.648633003E-1,-4.501099288E-1,9.725247383E0,9.783353045E0
4.480728660E0,9.720458984E-1,-4.477157295E-1,9.725247383E0,9.783954173E0
4.482731707E0,9.744400978E-1,-4.453215301E-1,9.730035782E0,9.788842684E0
4.484734832E0,9.720458984E-1,-4.453215301E-1,9.730035782E0,9.788604641E0
4.486737567E0,9.624691010E-1,-4.548983276E-1,9.720458984E0,9.778578738E0
4.488740652E0,9.648633003E-1,-4.477157295E-1,9.725247383E0,9.783243185E0
4.490743504E0,9.768342972E-1,-4.501099288E-1,9.722852707E0,9.782160751E0
4.492747410E0,9.792284966E-1,-4.525041282E-1,9.722852707E0,9.782510577E0
4.494750848E0,9.672574997E-1,-4.596867263E-1,9.725247383E0,9.784034731E0
4.496754598E0,9.624691010E-1,-4.572925270E-1,9.718064308E0,9.776309995E0
4.498757723E0,9.648633003E-1,-4.620809257E-1,9.718064308E0,9.776771137E0
4.500761551E0,9.672574997E-1,-4.596867263E-1,9.718064308E0,9.776894847E0
4.502764949E0,9.696516991E-1,-4.620809257E-1,9.715670586E0,9.774865632E0
4.504767449E0,9.696516991E-1,-4.548983276E-1,9.722852707E0,9.781667632E0
4.506771863E0,9.744400978E-1,-4.716577232E-1,9.727641106E0,9.787696153E0
4.508775379E0,9.696516991E-1,-4.716577232E-1,9.727641106E0,9.787220591E0
4.510778504E0,9.600749016E-1,-4.548983276E-1,9.722852707E0,9.780722932E0
4.512781981E0,9.624691010E-1,-4.525041282E-1,9.727641106E0,9.785607198E0
4.514784988E0,9.624691010E-1,-4.477157295E-1,9.730035782E0,9.787767491E0
4.516788192E0,9.624691010E-1,-4.477157295E-1,9.718064308E0,9.775866716E0
4.518792293E0,9.576807022E-1,-4.453215301E-1,9.720458984E0,9.777667741E0
4.520796785E0,9.576807022E-1,-4.525041282E-1,9.722852707E0,9.780377144E0
4.522801629E0,9.600749016E-1,-4.572925270E-1,9.727641106E0,9.785594604E0
4.524805457E0,9.648633003E-1,-4.596867263E-1,9.715670586E0,9.774278899E0
4.526809676E0,9.624691010E-1,-4.620809257E-1,9.713275909E0,9.771775399E0
4.528814520E0,9.648633003E-1,-4.477157295E-1,9.708487511E0,9.766582837E0
4.530818934E0,9.696516991E-1,-4.548983276E-1,9.715670586E0,9.774528727E0
4.532822801E0,9.648633003E-1,-4.548983276E-1,9.710882187E0,9.769295088E0
4.534827762E0,9.648633003E-1,-4.548983276E-1,9.710882187E0,9.769295088E0
4.536832371E0,9.528923035E-1,-4.548983276E-1,9.713275909E0,9.770499738E0
4.538835418E0,9.624691010E-1,-4.548983276E-1,9.725247383E0,9.783338690E0
4.540838504E0,9.576807022E-1,-4.620809257E-1,9.715670586E0,9.773685387E0
4.542841434E0,9.528923035E-1,-4.668693244E-1,9.710882187E0,9.768684843E0
4.544845184E0,9.600749016E-1,-4.644751251E-1,9.730035782E0,9.788313301E0
4.546849168E0,9.624691010E-1,-4.596867263E-1,9.725247383E0,9.783562507E0
4.548852684E0,9.624691010E-1,-4.596867263E-1,9.722852707E0,9.781182107E0
4.550855418E0,9.624691010E-1,-4.596867263E-1,9.720458984E0,9.778802663E0
4.552858856E0,9.648633003E-1,-4.668693244E-1,9.706093788E0,9.765100347E0
4.554862176E0,9.696516991E-1,-4.596867263E-1,9.703699112E0,9.762853720E0
4.556866238E0,9.720458984E-1,-4.572925270E-1,9.715670586E0,9.774878240E0
4.558869871E0,9.768342972E-1,-4.572925270E-1,9.722852707E0,9.782493877E0
4.560872645E0,9.744400978E-1,-4.644751251E-1,9.732429504E0,9.792111861E0
4.562875301E0,9.744400978E-1,-4.668693244E-1,9.727641106E0,9.787466575E0
4.564879363E0,9.768342972E-1,-4.644751251E-1,9.715670586E0,9.775694211E0
4.566883113E0,9.864110947E-1,-4.620809257E-1,9.718064308E0,9.778921184E0
4.568885496E0,9.792284966E-1,-4.620809257E-1,9.722852707E0,9.782958243E0
4.570888777E0,9.624691010E-1,-4.572925270E-1,9.730035782E0,9.788210232E0
4.572891629E0,9.624691010E-1,-4.596867263E-1,9.727641106E0,9.785941965E0
4.574894324E0,9.624691010E-1,-4.668693244E-1,9.708487511E0,9.767243392E0
4.576897137E0,9.672574997E-1,-4.501099288E-1,9.710882187E0,9.769310051E0
4.578900692E0,9.720458984E-1,-4.548983276E-1,9.715670586E0,9.774766526E0
4.580904246E0,9.648633003E-1,-4.620809257E-1,9.727641106E0,9.786290485E0
4.582906277E0,9.672574997E-1,-4.620809257E-1,9.725247383E0,9.784147511E0
4.584908856E0,9.648633003E-1,-4.548983276E-1,9.715670586E0,9.774054870E0
4.586911082E0,9.648633003E-1,-4.572925270E-1,9.713275909E0,9.771786251E0
4.588913777E0,9.696516991E-1,-4.548983276E-1,9.710882187E0,9.769769176E0
4.590915496E0,9.672574997E-1,-4.525041282E-1,9.713275909E0,9.771800036E0
4.592918582E0,9.672574997E-1,-4.453215301E-1,9.713275909E0,9.771470065E0
4.594921551E0,9.648633003E-1,-4.453215301E-1,9.703699112E0,9.761713421E0
4.596923856E0,9.648633003E-1,-4.501099288E-1,9.706093788E0,9.764313430E0
4.598926317E0,9.648633003E-1,-4.620809257E-1,9.722852707E0,9.781530797E0
4.600928856E0,9.576807022E-1,-4.644751251E-1,9.718064308E0,9.776178362E0
4.602931277E0,9.576807022E-1,-4.668693244E-1,9.701305389E0,9.759633474E0
4.604933504E0,9.576807022E-1,-4.572925270E-1,9.715670586E0,9.773460171E0
4.606935887E0,9.576807022E-1,-4.596867263E-1,9.718064308E0,9.775952031E0
4.608938895E0,9.600749016E-1,-4.572925270E-1,9.725247383E0,9.783215061E0
4.610942488E0,9.624691010E-1,-4.572925270E-1,9.730035782E0,9.788210232E0
4.612944988E0,9.600749016E-1,-4.572925270E-1,9.720458984E0,9.778455049E0
4.614947215E0,9.600749016E-1,-4.596867263E-1,9.715670586E0,9.773807376E0
4.616949832E0,9.672574997E-1,-4.620809257E-1,9.706093788E0,9.765109445E0
4.618952137E0,9.720458984E-1,-4.596867263E-1,9.715670586E0,9.774990539E0
4.620955223E0,9.696516991E-1,-4.596867263E-1,9.718064308E0,9.777132003E0
4.622958035E0,9.840168953E-1,-4.644751251E-1,9.718064308E0,9.778793396E0
4.624960613E0,9.768342972E-1,-4.620809257E-1,9.718064308E0,9.777959804E0
4.626963192E0,9.768342972E-1,-4.620809257E-1,9.720458984E0,9.780339815E0
4.628966473E0,9.720458984E-1,-4.596867263E-1,9.718064308E0,9.777369739E0
4.630969442E0,9.744400978E-1,-4.620809257E-1,9.718064308E0,9.777720909E0
4.632971981E0,9.696516991E-1,-4.596867263E-1,9.727641106E0,9.786650999E0
4.634975613E0,9.744400978E-1,-4.644751251E-1,9.722852707E0,9.782593491E0
4.636979129E0,9.696516991E-1,-4.668693244E-1,9.727641106E0,9.786991002E0
4.638981317E0,9.672574997E-1,-4.548983276E-1,9.730035782E0,9.788570676E0
4.640983895E0,9.600749016E-1,-4.572925270E-1,9.737217903E0,9.795114740E0
4.642986551E0,9.648633003E-1,-4.501099288E-1,9.732429504E0,9.790492541E0
4.644989285E0,9.720458984E-1,-4.572925270E-1,9.722852707E0,9.782016890E0
4.646991277E0,9.744400978E-1,-4.596867263E-1,9.725247383E0,9.784747419E0
4.648995106E0,9.720458984E-1,-4.525041282E-1,9.715670586E0,9.774655398E0
4.650998465E0,9.624691010E-1,-4.453215301E-1,9.727641106E0,9.785277692E0
4.653002293E0,9.576807022E-1,-4.501099288E-1,9.730035782E0,9.787407603E0
4.655005223E0,9.720458984E-1,-4.501099288E-1,9.732429504E0,9.791203002E0
4.657007879E0,9.672574997E-1,-4.525041282E-1,9.720458984E0,9.778940123E0
4.659009637E0,9.672574997E-1,-4.525041282E-1,9.720458984E0,9.778940123E0
4.661012606E0,9.720458984E-1,-4.596867263E-1,9.715670586E0,9.774990539E0
4.663014871E0,9.720458984E-1,-4.596867263E-1,9.718064308E0,9.777369739E0
4.665016824E0,9.744400978E-1,-4.620809257E-1,9.734824181E0,9.794378700E0
4.667019832E0,9.696516991E-1,-4.620809257E-1,9.734824181E0,9.793903462E0
4.669022762E0,9.648633003E-1,-4.596867263E-1,9.734824181E0,9.793317870E0
4.671026707E0,9.552865028E-1,-4.548983276E-1,9.730035782E0,9.787395011E0
4.673030340E0,9.600749016E-1,-4.596867263E-1,9.730035782E0,9.788087250E0
4.675033309E0,9.600749016E-1,-4.572925270E-1,9.725247383E0,9.783215061E0
4.677036512E0,9.576807022E-1,-4.572925270E-1,9.725247383E0,9.782980397E0
4.679040106E0,9.648633003E-1,-4.548983276E-1,9.727641106E0,9.785953973E0
4.681043192E0,9.672574997E-1,-4.525041282E-1,9.730035782E0,9.788459704E0
4.683046629E0,9.600749016E-1,-4.501099288E-1,9.715670586E0,9.773361637E0
4.685050379E0,9.600749016E-1,-4.453215301E-1,9.713275909E0,9.770761689E0
4.687054246E0,9.648633003E-1,-4.525041282E-1,9.715670586E0,9.773943733E0
4.689058074E0,9.672574997E-1,-4.572925270E-1,9.713275909E0,9.772022944E0
4.691061551E0,9.648633003E-1,-4.596867263E-1,9.718064308E0,9.776658272E0
4.693065145E0,9.576807022E-1,-4.453215301E-1,9.722852707E0,9.780047462E0
4.695067449E0,9.672574997E-1,-4.525041282E-1,9.715670586E0,9.774180374E0
4.697071160E0,9.672574997E-1,-4.525041282E-1,9.725247383E0,9.783699899E0
4.699074051E0,9.648633003E-1,-4.525041282E-1,9.720458984E0,9.778703597E0
4.701077332E0,9.672574997E-1,-4.501099288E-1,9.727641106E0,9.785968910E0
4.703081043E0,9.696516991E-1,-4.572925270E-1,9.718064308E0,9.777019728E0
4.705084012E0,9.720458984E-1,-4.596867263E-1,9.720458984E0,9.779749894E0
4.707086824E0,9.696516991E-1,-4.572925270E-1,9.727641106E0,9.786538834E0
4.709090145E0,9.624691010E-1,-4.525041282E-1,9.713275909E0,9.771327220E0
4.711094715E0,9.648633003E-1,-4.572925270E-1,9.715670586E0,9.774166592E0
4.713097996E0,9.720458984E-1,-4.596867263E-1,9.713275909E0,9.772610399E0
4.715101473E0,9.672574997E-1,-4.620809257E-1,9.718064308E0,9.777007709E0
4.717105223E0,9.648633003E-1,-4.644751251E-1,9.706093788E0,9.764986173E0
4.719107762E0,9.672574997E-1,-4.596867263E-1,9.713275909E0,9.772135276E0
4.721110652E0,9.672574997E-1,-4.620809257E-1,9.715670586E0,9.774628422E0
4.723114559E0,9.648633003E-1,-4.596867263E-1,9.710882187E0,9.769519227E0
4.725117645E0,9.648633003E-1,-4.668693244E-1,9.708487511E0,9.767479608E0
4.727120965E0,9.672574997E-1,-4.644751251E-1,9.698910713E0,9.758083482E0
4.729124442E0,9.720458984E-1,-4.572925270E-1,9.706093788E0,9.765359507E0
4.731127645E0,9.696516991E-1,-4.572925270E-1,9.720458984E0,9.779399968E0
4.733131590E0,9.768342972E-1,-4.501099288E-1,9.715670586E0,9.775022206E0
4.735135692E0,9.744400978E-1,-4.572925270E-1,9.720458984E0,9.779875911E0
4.737139520E0,9.744400978E-1,-4.548983276E-1,9.718064308E0,9.777384103E0
4.739143660E0,9.648633003E-1,-4.572925270E-1,9.715670586E0,9.774166592E0
4.741147801E0,9.624691010E-1,-4.596867263E-1,9.708487511E0,9.766902703E0
4.743152996E0,9.624691010E-1,-4.525041282E-1,9.720458984E0,9.778467652E0
4.745156824E0,9.648633003E-1,-4.525041282E-1,9.725247383E0,9.783463489E0
4.747160887E0,9.648633003E-1,-4.477157295E-1,9.720458984E0,9.778483187E0
4.749164988E0,9.720458984E-1,-4.501099288E-1,9.715670586E0,9.774544854E0
4.751167606E0,9.672574997E-1,-4.525041282E-1,9.722852707E0,9.781319534E0
4.753169871E0,9.624691010E-1,-4.525041282E-1,9.730035782E0,9.787987693E0
4.755173270E0,9.648633003E-1,-4.596867263E-1,9.732429504E0,9.790937500E0
4.757176395E0,9.624691010E-1,-4.620809257E-1,9.725247383E0,9.783675292E0
4.759179324E0,9.624691010E-1,-4.668693244E-1,9.720458984E0,9.779142938E0
4.761181707E0,9.624691010E-1,-4.644751251E-1,9.718064308E0,9.776648598E0
4.763184402E0,9.624691010E-1,-4.548983276E-1,9.715670586E0,9.773818813E0
4.765187527E0,9.576807022E-1,-4.548983276E-1,9.715670586E0,9.773348441E0
4.767190496E0,9.600749016E-1,-4.596867263E-1,9.708487511E0,9.766667059E0
4.769193192E0,9.696516991E-1,-4.596867263E-1,9.718064308E0,9.777132003E0
4.771196238E0,9.744400978E-1,-4.572925270E-1,9.718064308E0,9.777495787E0
4.773199129E0,9.696516991E-1,-4.620809257E-1,9.720458984E0,9.779625047E0
4.775201981E0,9.624691010E-1,-4.596867263E-1,9.715670586E0,9.774042848E0
4.777204168E0,9.672574997E-1,-4.620809257E-1,9.730035782E0,9.788907098E0
4.779207293E0,9.672574997E-1,-4.644751251E-1,9.718064308E0,9.777121157E0
4.781209051E0,9.624691010E-1,-4.572925270E-1,9.720458984E0,9.778690408E0
4.783211707E0,9.744400978E-1,-4.548983276E-1,9.706093788E0,9.765486297E0
4.785214793E0,9.768342972E-1,-4.620809257E-1,9.725247383E0,9.785098911E0
4.787217684E0,9.696516991E-1,-4.620809257E-1,9.730035782E0,9.789143962E0
4.789220223E0,9.624691010E-1,-4.572925270E-1,9.727641106E0,9.785829791E0
4.791223152E0,9.648633003E-1,-4.453215301E-1,9.727641106E0,9.785513473E0
4.793226395E0,9.672574997E-1,-4.429273009E-1,9.718064308E0,9.776121192E0
4.795229676E0,9.768342972E-1,-4.453215301E-1,9.720458984E0,9.779562331E0
4.797232176E0,9.744400978E-1,-4.596867263E-1,9.718064308E0,9.777608056E0
4.799234442E0,9.696516991E-1,-4.548983276E-1,9.720458984E0,9.779288306E0
4.801237645E0,9.720458984E-1,-4.453215301E-1,9.725247383E0,9.783844907E0
4.803240223E0,9.696516991E-1,-4.548983276E-1,9.727641106E0,9.786427253E0
4.805243543E0,9.696516991E-1,-4.572925270E-1,9.725247383E0,9.784159521E0
4.807247488E0,9.744400978E-1,-4.572925270E-1,9.713275909E0,9.772736508E0
4.809249871E0,9.720458984E-1,-4.572925270E-1,9.715670586E0,9.774878240E0
4.811251785E0,9.672574997E-1,-4.548983276E-1,9.727641106E0,9.786190323E0
4.813253192E0,9.648633003E-1,-4.525041282E-1,9.722852707E0,9.781083066E0
4.815254637E0,9.696516991E-1,-4.548983276E-1,9.708487511E0,9.767388937E0
4.817256317E0,9.696516991E-1,-4.501099288E-1,9.722852707E0,9.781446116E0
4.819258113E0,9.648633003E-1,-4.620809257E-1,9.727641106E0,9.786290485E0
4.821260692E0,9.552865028E-1,-4.548983276E-1,9.732429504E0,9.789774709E0
4.823262957E0,9.552865028E-1,-4.572925270E-1,9.725247383E0,9.782746313E0
4.825264910E0,9.528923035E-1,-4.477157295E-1,9.718064308E0,9.774928492E0
4.827266473E0,9.576807022E-1,-4.453215301E-1,9.713275909E0,9.770526725E0
4.829268387E0,9.624691010E-1,-4.501099288E-1,9.710882187E0,9.768837114E0
4.831270145E0,9.720458984E-1,-4.596867263E-1,9.718064308E0,9.777369739E0
4.833272059E0,9.720458984E-1,-4.644751251E-1,9.710882187E0,9.770457677E0
4.835274793E0,9.672574997E-1,-4.548983276E-1,9.710882187E0,9.769531842E0
4.837277293E0,9.624691010E-1,-4.572925270E-1,9.710882187E0,9.769170695E0
4.839280340E0,9.552865028E-1,-4.572925270E-1,9.706093788E0,9.763705515E0
4.841283934E0,9.576807022E-1,-4.501099288E-1,9.722852707E0,9.780266665E0
4.843286824E0,9.600749016E-1,-4.525041282E-1,9.715670586E0,9.773472194E0
4.845288895E0,9.672574997E-1,-4.525041282E-1,9.720458984E0,9.778940123E0
4.847291512E0,9.648633003E-1,-4.572925270E-1,9.718064308E0,9.776545992E0
4.849293856E0,9.792284966E-1,-4.596867263E-1,9.710882187E0,9.770948428E0
4.851296942E0,9.744400978E-1,-4.548983276E-1,9.715670586E0,9.775004906E0
4.853299285E0,9.744400978E-1,-4.596867263E-1,9.718064308E0,9.777608056E0
4.855301317E0,9.672574997E-1,-4.572925270E-1,9.727641106E0,9.786301907E0
4.857303504E0,9.624691010E-1,-4.525041282E-1,9.725247383E0,9.783227659E0
4.859306473E0,9.648633003E-1,-4.596867263E-1,9.720458984E0,9.779038600E0
4.861308895E0,9.792284966E-1,-4.501099288E-1,9.720458984E0,9.780020975E0
4.863311473E0,9.696516991E-1,-4.501099288E-1,9.727641106E0,9.786205845E0
4.865314324E0,9.744400978E-1,-4.572925270E-1,9.722852707E0,9.782255094E0
4.867317293E0,9.672574997E-1,-4.501099288E-1,9.718064308E0,9.776449249E0
4.869320809E0,9.672574997E-1,-4.501099288E-1,9.722852707E0,9.781209065E0
4.871324129E0,9.648633003E-1,-4.525041282E-1,9.727641106E0,9.785842971E0
4.873327606E0,9.648633003E-1,-4.525041282E-1,9.708487511E0,9.766803516E0
4.875330106E0,9.720458984E-1,-4.620809257E-1,9.715670586E0,9.775103423E0
4.877332723E0,9.696516991E-1,-4.668693244E-1,9.722852707E0,9.782231655E0
4.879336317E0,9.600749016E-1,-4.596867263E-1,9.725247383E0,9.783327265E0
4.881339051E0,9.624691010E-1,-4.596867263E-1,9.730035782E0,9.788322378E0
4.883341434E0,9.624691010E-1,-4.644751251E-1,9.725247383E0,9.783788662E0
4.885343582E0,9.648633003E-1,-4.572925270E-1,9.727641106E0,9.786065559E0
4.887345613E0,9.648633003E-1,-4.548983276E-1,9.718064308E0,9.776434298E0
4.889347527E0,9.600749016E-1,-4.620809257E-1,9.706093788E0,9.764400607E0
4.891349871E0,9.696516991E-1,-4.620809257E-1,9.708487511E0,9.767726089E0
4.893352488E0,9.768342972E-1,-4.620809257E-1,9.706093788E0,9.766062699E0
4.895354402E0,9.648633003E-1,-4.548983276E-1,9.718064308E0,9.776434298E0
4.897356199E0,9.672574997E-1,-4.596867263E-1,9.715670586E0,9.774515532E0
4.899359168E0,9.600749016E-1,-4.572925270E-1,9.710882187E0,9.768935107E0
4.901362098E0,9.576807022E-1,-4.572925270E-1,9.708487511E0,9.766319600E0
4.903365106E0,9.648633003E-1,-4.668693244E-1,9.710882187E0,9.769859825E0
4.905367684E0,9.648633003E-1,-4.620809257E-1,9.703699112E0,9.762492327E0
4.907369832E0,9.624691010E-1,-4.548983276E-1,9.720458984E0,9.778578738E0
4.909372488E0,9.672574997E-1,-4.572925270E-1,9.718064308E0,9.776782570E0
4.911375809E0,9.600749016E-1,-4.548983276E-1,9.718064308E0,9.775962879E0
4.913378934E0,9.600749016E-1,-4.501099288E-1,9.720458984E0,9.778121784E0
4.915381004E0,9.600749016E-1,-4.548983276E-1,9.708487511E0,9.766442856E0
4.917383621E0,9.672574997E-1,-4.620809257E-1,9.713275909E0,9.772248193E0
4.919387527E0,9.696516991E-1,-4.548983276E-1,9.720458984E0,9.779288306E0
4.921391160E0,9.672574997E-1,-4.405331016E-1,9.732429504E0,9.790293180E0
4.923394637E0,9.744400978E-1,-4.453215301E-1,9.739612579E0,9.798362004E0
4.925397645E0,9.792284966E-1,-4.572925270E-1,9.732429504E0,9.792251476E0
4.927400965E0,9.720458984E-1,-4.525041282E-1,9.718064308E0,9.777034679E0
4.929404246E0,9.672574997E-1,-4.572925270E-1,9.720458984E0,9.779162868E0
4.931407137E0,9.672574997E-1,-4.596867263E-1,9.727641106E0,9.786414074E0
4.933410535E0,9.720458984E-1,-4.548983276E-1,9.727641106E0,9.786664764E0
4.935414012E0,9.720458984E-1,-4.572925270E-1,9.720458984E0,9.779637649E0
4.937418895E0,9.672574997E-1,-4.572925270E-1,9.715670586E0,9.774403228E0
4.939422762E0,9.672574997E-1,-4.572925270E-1,9.706093788E0,9.764884032E0
4.941425457E0,9.672574997E-1,-4.620809257E-1,9.706093788E0,9.765109445E0
4.943427567E0,9.696516991E-1,-4.548983276E-1,9.718064308E0,9.776908039E0
4.945429481E0,9.648633003E-1,-4.525041282E-1,9.718064308E0,9.776323188E0
4.947432137E0,9.696516991E-1,-4.572925270E-1,9.718064308E0,9.777019728E0
4.949435067E0,9.672574997E-1,-4.525041282E-1,9.710882187E0,9.769420653E0
4.951436707E0,9.696516991E-1,-4.620809257E-1,9.715670586E0,9.774865632E0
4.953439363E0,9.744400978E-1,-4.620809257E-1,9.720458984E0,9.780100979E0
4.955440965E0,9.696516991E-1,-4.548983276E-1,9.725247383E0,9.784047913E0
4.957444442E0,9.600749016E-1,-4.453215301E-1,9.718064308E0,9.775521929E0
4.959447801E0,9.576807022E-1,-4.405331016E-1,9.715670586E0,9.772690350E0
4.961450223E0,9.528923035E-1,-4.501099288E-1,9.722852707E0,9.779798947E0
4.963452449E0,9.576807022E-1,-4.501099288E-1,9.715670586E0,9.773126736E0
4.965454363E0,9.672574997E-1,-4.453215301E-1,9.715670586E0,9.773850483E0
4.967457254E0,9.696516991E-1,-4.548983276E-1,9.718064308E0,9.776908039E0
4.969459871E0,9.624691010E-1,-4.501099288E-1,9.725247383E0,9.783117212E0
4.971462996E0,9.648633003E-1,-4.572925270E-1,9.732429504E0,9.790825384E0
4.973466160E0,9.672574997E-1,-4.477157295E-1,9.727641106E0,9.785859080E0
4.975469832E0,9.648633003E-1,-4.477157295E-1,9.713275909E0,9.771342766E0
4.977473192E0,9.696516991E-1,-4.477157295E-1,9.720458984E0,9.778956829E0
4.979476629E0,9.624691010E-1,-4.477157295E-1,9.727641106E0,9.785386943E0
4.981479793E0,9.576807022E-1,-4.501099288E-1,9.730035782E0,9.787407603E0
4.983482527E0,9.624691010E-1,-4.548983276E-1,9.732429504E0,9.790478197E0
4.985485613E0,9.624691010E-1,-4.596867263E-1,9.730035782E0,9.788322378E0
4.987489637E0,9.624691010E-1,-4.525041282E-1,9.725247383E0,9.783227659E0
4.989493895E0,9.696516991E-1,-4.501099288E-1,9.722852707E0,9.781446116E0
4.991496942E0,9.624691010E-1,-4.548983276E-1,9.718064308E0,9.776198298E0
4.993500418E0,9.648633003E-1,-4.572925270E-1,9.713275909E0,9.771786251E0
4.995503504E0,9.720458984E-1,-4.620809257E-1,9.715670586E0,9.775103423E0
4.997507215E0,9.720458984E-1,-4.620809257E-1,9.720458984E0,9.779862723E0
4.999510184E0,9.672574997E-1,-4.572925270E-1,9.710882187E0,9.769643615E0
5.001513074E0,9.744400978E-1,-4.716577232E-1,9.696516991E0,9.756763616E0
5.003516160E0,9.744400978E-1,-4.740519226E-1,9.706093788E0,9.766397256E0
5.005519559E0,9.696516991E-1,-4.692635238E-1,9.710882187E0,9.770448583E0
5.007523582E0,9.648633003E-1,-4.644751251E-1,9.710882187E0,9.769745707E0
5.009527645E0,9.696516991E-1,-4.572925270E-1,9.710882187E0,9.769880947E0
5.011531668E0,9.672574997E-1,-4.501099288E-1,9.710882187E0,9.769310051E0
5.013535770E0,9.648633003E-1,-4.525041282E-1,9.713275909E0,9.771563338E0
5.015538973E0,9.672574997E-1,-4.668693244E-1,9.725247383E0,9.784374824E0
5.017542567E0,9.624691010E-1,-4.668693244E-1,9.708487511E0,9.767243392E0
5.019546434E0,9.720458984E-1,-4.716577232E-1,9.727641106E0,9.787458083E0
5.021550340E0,9.648633003E-1,-4.692635238E-1,9.725247383E0,9.784252966E0
5.023554090E0,9.720458984E-1,-4.644751251E-1,9.725247383E0,9.784735409E0
5.025557996E0,9.696516991E-1,-4.525041282E-1,9.734824181E0,9.793456296E0
5.027561473E0,9.672574997E-1,-4.477157295E-1,9.715670586E0,9.773959861E0
5.029564246E0,9.720458984E-1,-4.405331016E-1,9.715670586E0,9.774108531E0
5.031568231E0,9.720458984E-1,-4.429273009E-1,9.715670586E0,9.774216733E0
5.033572488E0,9.720458984E-1,-4.548983276E-1,9.720458984E0,9.779525990E0
5.035576434E0,9.672574997E-1,-4.572925270E-1,9.715670586E0,9.774403228E0
5.037581043E0,9.696516991E-1,-4.572925270E-1,9.713275909E0,9.772260218E0
5.039585809E0,9.648633003E-1,-4.477157295E-1,9.708487511E0,9.766582837E0
5.041590223E0,9.624691010E-1,-4.453215301E-1,9.725247383E0,9.782898073E0
5.043595418E0,9.624691010E-1,-4.429273009E-1,9.722852707E0,9.780408791E0
5.045599949E0,9.600749016E-1,-4.501099288E-1,9.727641106E0,9.785261583E0
5.047604481E0,9.624691010E-1,-4.501099288E-1,9.732429504E0,9.790256880E0
5.049608856E0,9.600749016E-1,-4.453215301E-1,9.725247383E0,9.782662815E0
5.051613543E0,9.624691010E-1,-4.477157295E-1,9.720458984E0,9.778247236E0
5.053617449E0,9.576807022E-1,-4.548983276E-1,9.718064308E0,9.775728040E0
5.055620770E0,9.648633003E-1,-4.596867263E-1,9.725247383E0,9.783798329E0
5.057624324E0,9.696516991E-1,-4.548983276E-1,9.718064308E0,9.776908039E0
5.059628035E0,9.696516991E-1,-4.596867263E-1,9.713275909E0,9.772372547E0
5.061632059E0,9.744400978E-1,-4.668693244E-1,9.715670586E0,9.775569313E0
5.063635535E0,9.720458984E-1,-4.692635238E-1,9.722852707E0,9.782583822E0
5.065639793E0,9.648633003E-1,-4.668693244E-1,9.727641106E0,9.786517748E0
5.067644285E0,9.624691010E-1,-4.572925270E-1,9.734824181E0,9.792970185E0
5.069647957E0,9.672574997E-1,-4.501099288E-1,9.720458984E0,9.778829628E0
5.071652215E0,9.792284966E-1,-4.501099288E-1,9.722852707E0,9.782400123E0
5.073655809E0,9.792284966E-1,-4.548983276E-1,9.713275909E0,9.773103388E0
5.075658973E0,9.720458984E-1,-4.596867263E-1,9.701305389E0,9.760712647E0
5.077661824E0,9.720458984E-1,-4.477157295E-1,9.706093788E0,9.764915731E0
5.079665692E0,9.720458984E-1,-4.453215301E-1,9.710882187E0,9.769565873E0
5.081668231E0,9.720458984E-1,-4.501099288E-1,9.710882187E0,9.769785311E0
5.083671473E0,9.672574997E-1,-4.548983276E-1,9.713275909E0,9.771911197E0
5.085675145E0,9.696516991E-1,-4.548983276E-1,9.718064308E0,9.776908039E0
5.087678699E0,9.696516991E-1,-4.548983276E-1,9.703699112E0,9.762629429E0
5.089681981E0,9.600749016E-1,-4.596867263E-1,9.703699112E0,9.761907199E0
5.091686043E0,9.552865028E-1,-4.620809257E-1,9.703699112E0,9.761550468E0
5.093690027E0,9.576807022E-1,-4.548983276E-1,9.696516991E0,9.754308103E0
5.095694129E0,9.600749016E-1,-4.548983276E-1,9.706093788E0,9.764063341E0
5.097698699E0,9.648633003E-1,-4.525041282E-1,9.708487511E0,9.766803516E0
5.099702645E0,9.624691010E-1,-4.572925270E-1,9.706093788E0,9.764410881E0
5.101706199E0,9.648633003E-1,-4.716577232E-1,9.708487511E0,9.767709657E0
5.103709481E0,9.672574997E-1,-4.620809257E-1,9.725247383E0,9.784147511E0
5.105712488E0,9.672574997E-1,-4.644751251E-1,9.730035782E0,9.789020407E0
5.107715418E0,9.696516991E-1,-4.620809257E-1,9.722852707E0,9.782004292E0
5.109718621E0,9.624691010E-1,-4.668693244E-1,9.718064308E0,9.776762636E0
5.111722918E0,9.624691010E-1,-4.644751251E-1,9.720458984E0,9.779028928E0
5.113726551E0,9.576807022E-1,-4.572925270E-1,9.720458984E0,9.778220270E0
5.115730340E0,9.576807022E-1,-4.477157295E-1,9.720458984E0,9.777777077E0
5.117733856E0,9.648633003E-1,-4.525041282E-1,9.725247383E0,9.783463489E0
5.119736746E0,9.696516991E-1,-4.548983276E-1,9.710882187E0,9.769769176E0
5.121739598E0,9.648633003E-1,-4.548983276E-1,9.715670586E0,9.774054870E0
5.123742488E0,9.624691010E-1,-4.548983276E-1,9.715670586E0,9.773818813E0
5.125746356E0,9.672574997E-1,-4.525041282E-1,9.727641106E0,9.786079324E0
5.127749207E0,9.624691010E-1,-4.525041282E-1,9.725247383E0,9.783227659E0
5.129751473E0,9.696516991E-1,-4.525041282E-1,9.708487511E0,9.767277725E0
5.131754793E0,9.720458984E-1,-4.453215301E-1,9.713275909E0,9.771945220E0
5.133757606E0,9.744400978E-1,-4.501099288E-1,9.708487511E0,9.767643636E0
5.135760301E0,9.648633003E-1,-4.501099288E-1,9.718064308E0,9.776212663E0
5.137763426E0,9.672574997E-1,-4.572925270E-1,9.713275909E0,9.772022944E0
5.139765379E0,9.672574997E-1,-4.572925270E-1,9.706093788E0,9.764884032E0
5.141767059E0,9.744400978E-1,-4.525041282E-1,9.708487511E0,9.767754258E0
5.143769012E0,9.744400978E-1,-4.548983276E-1,9.706093788E0,9.765486297E0
5.145771238E0,9.576807022E-1,-4.525041282E-1,9.722852707E0,9.780377144E0
5.147774012E0,9.624691010E-1,-4.453215301E-1,9.727641106E0,9.785277692E0
5.149776473E0,9.624691010E-1,-4.501099288E-1,9.730035782E0,9.787877300E0
5.151778192E0,9.672574997E-1,-4.453215301E-1,9.715670586E0,9.773850483E0
5.153780145E0,9.768342972E-1,-4.453215301E-1,9.722852707E0,9.781941590E0
5.155782879E0,9.696516991E-1,-4.548983276E-1,9.720458984E0,9.779288306E0
5.157785887E0,9.720458984E-1,-4.596867263E-1,9.715670586E0,9.774990539E0
5.159789012E0,9.744400978E-1,-4.525041282E-1,9.720458984E0,9.779653182E0
5.161792098E0,9.720458984E-1,-4.501099288E-1,9.718064308E0,9.776924162E0
5.163795418E0,9.720458984E-1,-4.429273009E-1,9.720458984E0,9.778976464E0
5.165798152E0,9.672574997E-1,-4.548983276E-1,9.720458984E0,9.779051203E0
5.167801863E0,9.648633003E-1,-4.548983276E-1,9.701305389E0,9.759775609E0
5.169805262E0,9.744400978E-1,-4.477157295E-1,9.710882187E0,9.769913803E0
5.171808895E0,9.648633003E-1,-4.596867263E-1,9.713275909E0,9.771898586E0
5.173812449E0,9.672574997E-1,-4.572925270E-1,9.713275909E0,9.772022944E0
5.175816160E0,9.672574997E-1,-4.525041282E-1,9.713275909E0,9.771800036E0
5.177819481E0,9.624691010E-1,-4.525041282E-1,9.718064308E0,9.776087185E0
5.179822449E0,9.648633003E-1,-4.525041282E-1,9.713275909E0,9.771563338E0
5.181825652E0,9.672574997E-1,-4.477157295E-1,9.715670586E0,9.773959861E0
5.183827606E0,9.744400978E-1,-4.548983276E-1,9.710882187E0,9.770245588E0
5.185830887E0,9.768342972E-1,-4.548983276E-1,9.713275909E0,9.772863788E0
5.187835262E0,9.624691010E-1,-4.620809257E-1,9.710882187E0,9.769396010E0
5.189838856E0,9.696516991E-1,-4.644751251E-1,9.720458984E0,9.779738464E0
5.191842059E0,9.624691010E-1,-4.668693244E-1,9.713275909E0,9.772003000E0
5.193845535E0,9.648633003E-1,-4.740519226E-1,9.713275909E0,9.772584884E0
5.195848074E0,9.720458984E-1,-4.716577232E-1,9.708487511E0,9.768421775E0
5.197850770E0,9.672574997E-1,-4.740519226E-1,9.722852707E0,9.782340060E0
5.199852606E0,9.624691010E-1,-4.716577232E-1,9.713275909E0,9.772232942E0
5.201854988E0,9.720458984E-1,-4.668693244E-1,9.713275909E0,9.772950889E0
5.203855965E0,9.696516991E-1,-4.644751251E-1,9.713275909E0,9.772598961E0
5.205859012E0,9.648633003E-1,-4.668693244E-1,9.715670586E0,9.774619332E0
5.207861668E0,9.672574997E-1,-4.716577232E-1,9.710882187E0,9.770326552E0
5.209863699E0,9.696516991E-1,-4.740519226E-1,9.713275909E0,9.773058812E0
5.211866356E0,9.672574997E-1,-4.668693244E-1,9.708487511E0,9.767716406E0
5.213869363E0,9.672574997E-1,-4.596867263E-1,9.706093788E0,9.764996446E0
5.215872645E0,9.672574997E-1,-4.620809257E-1,9.713275909E0,9.772248193E0
5.217875184E0,9.624691010E-1,-4.596867263E-1,9.703699112E0,9.762142957E0
5.219878309E0,9.624691010E-1,-4.572925270E-1,9.708487511E0,9.766790311E0
5.221881199E0,9.648633003E-1,-4.501099288E-1,9.715670586E0,9.773833182E0
5.223884910E0,9.648633003E-1,-4.501099288E-1,9.710882187E0,9.769073292E0
5.225888348E0,9.576807022E-1,-4.501099288E-1,9.713275909E0,9.770746142E0
5.227891160E0,9.576807022E-1,-4.501099288E-1,9.713275909E0,9.770746142E0
5.229895418E0,9.672574997E-1,-4.477157295E-1,9.722852707E0,9.781099182E0
5.231899246E0,9.576807022E-1,-4.596867263E-1,9.720458984E0,9.778332531E0
5.233902020E0,9.552865028E-1,-4.692635238E-1,9.718064308E0,9.776172792E0
5.235905145E0,9.648633003E-1,-4.644751251E-1,9.718064308E0,9.776884587E0
5.237908192E0,9.624691010E-1,-4.620809257E-1,9.718064308E0,9.776535145E0
5.239910731E0,9.624691010E-1,-4.596867263E-1,9.713275909E0,9.771662476E0
5.241914285E0,9.576807022E-1,-4.620809257E-1,9.722852707E0,9.780824907E0
5.243917996E0,9.576807022E-1,-4.596867263E-1,9.718064308E0,9.775952031E0
5.245921590E0,9.624691010E-1,-4.548983276E-1,9.722852707E0,9.780958236E0
5.247926356E0,9.648633003E-1,-4.525041282E-1,9.730035782E0,9.788223408E0
5.249929910E0,9.696516991E-1,-4.453215301E-1,9.715670586E0,9.774087712E0
5.251934363E0,9.624691010E-1,-4.548983276E-1,9.710882187E0,9.769058916E0
5.253938348E0,9.648633003E-1,-4.525041282E-1,9.708487511E0,9.766803516E0
5.255942723E0,9.672574997E-1,-4.525041282E-1,9.706093788E0,9.764660961E0
5.257946746E0,9.624691010E-1,-4.477157295E-1,9.715670586E0,9.773487150E0
5.259949559E0,9.624691010E-1,-4.596867263E-1,9.718064308E0,9.776422278E0
5.261952996E0,9.528923035E-1,-4.620809257E-1,9.727641106E0,9.785117475E0
5.263956629E0,9.504981041E-1,-4.620809257E-1,9.715670586E0,9.772984209E0
5.265959324E0,9.552865028E-1,-4.548983276E-1,9.713275909E0,9.770733528E0
5.267961434E0,9.600749016E-1,-4.596867263E-1,9.725247383E0,9.783327265E0
5.269963309E0,9.672574997E-1,-4.548983276E-1,9.722852707E0,9.781430587E0
5.271966395E0,9.624691010E-1,-4.525041282E-1,9.725247383E0,9.783227659E0
5.273969910E0,9.624691010E-1,-4.596867263E-1,9.725247383E0,9.783562507E0
5.275973699E0,9.648633003E-1,-4.477157295E-1,9.725247383E0,9.783243185E0
5.277976434E0,9.600749016E-1,-4.525041282E-1,9.715670586E0,9.773472194E0
5.279979832E0,9.672574997E-1,-4.572925270E-1,9.725247383E0,9.783922536E0
5.281983152E0,9.648633003E-1,-4.644751251E-1,9.720458984E0,9.779264860E0
5.283986395E0,9.648633003E-1,-4.644751251E-1,9.722852707E0,9.781644192E0
5.285989676E0,9.624691010E-1,-4.572925270E-1,9.727641106E0,9.785829791E0
5.287993465E0,9.696516991E-1,-4.572925270E-1,9.720458984E0,9.779399968E0
5.289996942E0,9.672574997E-1,-4.548983276E-1,9.722852707E0,9.781430587E0
5.292000535E0,9.624691010E-1,-4.548983276E-1,9.706093788E0,9.764299047E0
5.294003309E0,9.576807022E-1,-4.525041282E-1,9.710882187E0,9.768477116E0
5.296006082E0,9.600749016E-1,-4.548983276E-1,9.710882187E0,9.768823325E0
5.298009559E0,9.624691010E-1,-4.548983276E-1,9.713275909E0,9.771438387E0
5.300011981E0,9.576807022E-1,-4.453215301E-1,9.713275909E0,9.770526725E0
5.302015184E0,9.624691010E-1,-4.453215301E-1,9.708487511E0,9.766237135E0
5.304018192E0,9.600749016E-1,-4.477157295E-1,9.708487511E0,9.766110942E0
5.306021004E0,9.600749016E-1,-4.477157295E-1,9.710882187E0,9.768491492E0
5.308024129E0,9.672574997E-1,-4.525041282E-1,9.713275909E0,9.771800036E0
5.310027254E0,9.624691010E-1,-4.596867263E-1,9.710882187E0,9.769283060E0
5.312030496E0,9.624691010E-1,-4.572925270E-1,9.718064308E0,9.776309995E0
5.314033543E0,9.696516991E-1,-4.501099288E-1,9.710882187E0,9.769547390E0
5.316035731E0,9.648633003E-1,-4.548983276E-1,9.715670586E0,9.774054870E0
5.318038856E0,9.696516991E-1,-4.501099288E-1,9.706093788E0,9.764787760E0
5.320042762E0,9.672574997E-1,-4.501099288E-1,9.710882187E0,9.769310051E0
5.322045926E0,9.648633003E-1,-4.572925270E-1,9.713275909E0,9.771786251E0
5.324048856E0,9.696516991E-1,-4.548983276E-1,9.718064308E0,9.776908039E0
5.326053152E0,9.720458984E-1,-4.477157295E-1,9.727641106E0,9.786333536E0
5.328056824E0,9.648633003E-1,-4.548983276E-1,9.718064308E0,9.776434298E0
5.330059988E0,9.744400978E-1,-4.548983276E-1,9.720458984E0,9.779764254E0
5.332063660E0,9.696516991E-1,-4.525041282E-1,9.715670586E0,9.774417596E0
5.334067137E0,9.696516991E-1,-4.668693244E-1,9.715670586E0,9.775093161E0
5.336070731E0,9.672574997E-1,-4.525041282E-1,9.710882187E0,9.769420653E0
5.338074520E0,9.696516991E-1,-4.501099288E-1,9.703699112E0,9.762407481E0
5.340077918E0,9.648633003E-1,-4.501099288E-1,9.713275909E0,9.771452759E0
5.342082137E0,9.648633003E-1,-4.501099288E-1,9.710882187E0,9.769073292E0
5.344085652E0,9.672574997E-1,-4.596867263E-1,9.715670586E0,9.774515532E0
5.346089598E0,9.696516991E-1,-4.548983276E-1,9.713275909E0,9.772148474E0
5.348092567E0,9.648633003E-1,-4.620809257E-1,9.706093788E0,9.764872585E0
5.350096902E0,9.648633003E-1,-4.692635238E-1,9.722852707E0,9.781872735E0
5.352101395E0,9.696516991E-1,-4.525041282E-1,9.725247383E0,9.783936890E0
5.354106043E0,9.720458984E-1,-4.501099288E-1,9.718064308E0,9.776924162E0
5.356109988E0,9.672574997E-1,-4.525041282E-1,9.720458984E0,9.778940123E0
5.358114520E0,9.672574997E-1,-4.501099288E-1,9.713275909E0,9.771689460E0
5.360118777E0,9.648633003E-1,-4.596867263E-1,9.713275909E0,9.771898586E0
5.362123426E0,9.648633003E-1,-4.596867263E-1,9.713275909E0,9.771898586E0
5.364127801E0,9.696516991E-1,-4.548983276E-1,9.718064308E0,9.776908039E0
5.366131902E0,9.768342972E-1,-4.548983276E-1,9.730035782E0,9.789521646E0
5.368135965E0,9.720458984E-1,-4.548983276E-1,9.722852707E0,9.781905258E0
5.370139285E0,9.696516991E-1,-4.525041282E-1,9.722852707E0,9.781556582E0
5.372141590E0,9.552865028E-1,-4.548983276E-1,9.727641106E0,9.785014373E0
5.374145692E0,9.696516991E-1,-4.548983276E-1,9.727641106E0,9.786427253E0
5.376148152E0,9.672574997E-1,-4.596867263E-1,9.718064308E0,9.776894847E0
5.378151434E0,9.672574997E-1,-4.644751251E-1,9.708487511E0,9.767602262E0
5.380155027E0,9.720458984E-1,-4.668693244E-1,9.715670586E0,9.775330947E0
5.382158621E0,9.720458984E-1,-4.548983276E-1,9.710882187E0,9.770007091E0
5.384161707E0,9.696516991E-1,-4.572925270E-1,9.718064308E0,9.777019728E0
5.386164988E0,9.672574997E-1,-4.620809257E-1,9.713275909E0,9.772248193E0
5.388168934E0,9.720458984E-1,-4.572925270E-1,9.713275909E0,9.772498072E0
5.390173777E0,9.696516991E-1,-4.477157295E-1,9.718064308E0,9.776576481E0
5.392178152E0,9.624691010E-1,-4.548983276E-1,9.722852707E0,9.780958236E0
5.394182059E0,9.600749016E-1,-4.620809257E-1,9.708487511E0,9.766780040E0
5.396185652E0,9.720458984E-1,-4.668693244E-1,9.715670586E0,9.775330947E0
5.398189402E0,9.696516991E-1,-4.572925270E-1,9.713275909E0,9.772260218E0
5.400193348E0,9.648633003E-1,-4.596867263E-1,9.727641106E0,9.786177730E0
5.402196160E0,9.648633003E-1,-4.596867263E-1,9.734824181E0,9.793317870E0
5.404199090E0,9.672574997E-1,-4.477157295E-1,9.725247383E0,9.783479601E0
5.406201746E0,9.648633003E-1,-4.501099288E-1,9.715670586E0,9.773833182E0
5.408204090E0,9.648633003E-1,-4.477157295E-1,9.713275909E0,9.771342766E0
5.410206160E0,9.600749016E-1,-4.596867263E-1,9.718064308E0,9.776186864E0
5.412208856E0,9.648633003E-1,-4.644751251E-1,9.708487511E0,9.767365462E0
5.414211942E0,9.768342972E-1,-4.644751251E-1,9.725247383E0,9.785212264E0
5.416215496E0,9.696516991E-1,-4.644751251E-1,9.720458984E0,9.779738464E0
5.418219090E0,9.696516991E-1,-4.668693244E-1,9.715670586E0,9.775093161E0
5.420221707E0,9.696516991E-1,-4.668693244E-1,9.725247383E0,9.784611798E0
5.422223777E0,9.648633003E-1,-4.525041282E-1,9.720458984E0,9.778703597E0
5.424226824E0,9.792284966E-1,-4.620809257E-1,9.725247383E0,9.785338210E0
5.426229676E0,9.744400978E-1,-4.572925270E-1,9.722852707E0,9.782255094E0
5.428232293E0,9.672574997E-1,-4.548983276E-1,9.718064308E0,9.776670878E0
5.430235262E0,9.744400978E-1,-4.548983276E-1,9.727641106E0,9.786902854E0
5.432239207E0,9.744400978E-1,-4.620809257E-1,9.730035782E0,9.789619431E0
5.434241863E0,9.696516991E-1,-4.620809257E-1,9.732429504E0,9.791523235E0
5.436244129E0,9.696516991E-1,-4.644751251E-1,9.725247383E0,9.784497852E0
5.438247137E0,9.696516991E-1,-4.692635238E-1,9.718064308E0,9.777586950E0
5.440250184E0,9.648633003E-1,-4.644751251E-1,9.703699112E0,9.762605942E0
5.442252645E0,9.576807022E-1,-4.596867263E-1,9.710882187E0,9.768812469E0
5.444255535E0,9.600749016E-1,-4.429273009E-1,9.713275909E0,9.770652860E0
5.446257371E0,9.696516991E-1,-4.453215301E-1,9.708487511E0,9.766947600E0
5.448260418E0,9.720458984E-1,-4.477157295E-1,9.710882187E0,9.769675299E0
5.450264168E0,9.696516991E-1,-4.501099288E-1,9.713275909E0,9.771926742E0
5.452267527E0,9.672574997E-1,-4.477157295E-1,9.720458984E0,9.778719717E0
5.454270106E0,9.648633003E-1,-4.620809257E-1,9.713275909E0,9.772011505E0
5.456272801E0,9.648633003E-1,-4.572925270E-1,9.715670586E0,9.774166592E0
5.458275340E0,9.648633003E-1,-4.620809257E-1,9.722852707E0,9.781530797E0
5.460278387E0,9.696516991E-1,-4.644751251E-1,9.722852707E0,9.782117681E0
5.462281238E0,9.624691010E-1,-4.644751251E-1,9.715670586E0,9.774269223E0
5.464283582E0,9.696516991E-1,-4.644751251E-1,9.722852707E0,9.782117681E0
5.466286121E0,9.744400978E-1,-4.668693244E-1,9.718064308E0,9.777948372E0
5.468288074E0,9.720458984E-1,-4.620809257E-1,9.722852707E0,9.782241909E0
5.470290809E0,9.696516991E-1,-4.572925270E-1,9.718064308E0,9.777019728E0
5.472294051E0,9.648633003E-1,-4.644751251E-1,9.722852707E0,9.781644192E0
5.474297606E0,9.696516991E-1,-4.644751251E-1,9.715670586E0,9.774979104E0
5.476301004E0,9.792284966E-1,-4.453215301E-1,9.725247383E0,9.784561123E0
5.478304793E0,9.648633003E-1,-4.572925270E-1,9.708487511E0,9.767026538E0
5.480308856E0,9.552865028E-1,-4.596867263E-1,9.710882187E0,9.768578046E0
5.482312645E0,9.624691010E-1,-4.572925270E-1,9.706093788E0,9.764410881E0
5.484316434E0,9.672574997E-1,-4.477157295E-1,9.706093788E0,9.764440233E0
5.486319246E0,9.672574997E-1,-4.548983276E-1,9.706093788E0,9.764772203E0
5.488322449E0,9.648633003E-1,-4.644751251E-1,9.713275909E0,9.772125011E0
5.490325692E0,9.624691010E-1,-4.548983276E-1,9.722852707E0,9.780958236E0
5.492329559E0,9.696516991E-1,-4.596867263E-1,9.715670586E0,9.774752745E0
5.494333113E0,9.792284966E-1,-4.572925270E-1,9.718064308E0,9.777974167E0
5.496337332E0,9.696516991E-1,-4.668693244E-1,9.708487511E0,9.767953784E0
5.498340887E0,9.672574997E-1,-4.572925270E-1,9.720458984E0,9.779162868E0
5.500343699E0,9.624691010E-1,-4.572925270E-1,9.722852707E0,9.781069879E0
5.502347020E0,9.648633003E-1,-4.548983276E-1,9.727641106E0,9.785953973E0
5.504350301E0,9.672574997E-1,-4.572925270E-1,9.718064308E0,9.776782570E0
5.506354090E0,9.648633003E-1,-4.548983276E-1,9.703699112E0,9.762154994E0
5.508358621E0,9.624691010E-1,-4.548983276E-1,9.706093788E0,9.764299047E0
5.510362957E0,9.600749016E-1,-4.477157295E-1,9.722852707E0,9.780391503E0
5.512367957E0,9.648633003E-1,-4.453215301E-1,9.739612579E0,9.797414233E0
5.514372879E0,9.672574997E-1,-4.620809257E-1,9.737217903E0,9.796046057E0
5.516377215E0,9.648633003E-1,-4.596867263E-1,9.727641106E0,9.786177730E0
5.518380887E0,9.696516991E-1,-4.525041282E-1,9.703699112E0,9.762518162E0
5.520385379E0,9.600749016E-1,-4.644751251E-1,9.715670586E0,9.774033757E0
5.522389129E0,9.576807022E-1,-4.644751251E-1,9.722852707E0,9.780938310E0
5.524393270E0,9.624691010E-1,-4.548983276E-1,9.722852707E0,9.780958236E0
5.526397488E0,9.648633003E-1,-4.477157295E-1,9.720458984E0,9.778483187E0
5.528400301E0,9.648633003E-1,-4.501099288E-1,9.720458984E0,9.778593099E0
5.530403348E0,9.624691010E-1,-4.501099288E-1,9.715670586E0,9.773597119E0
5.532406160E0,9.648633003E-1,-4.525041282E-1,9.710882187E0,9.769183897E0
5.534409559E0,9.648633003E-1,-4.525041282E-1,9.718064308E0,9.776323188E0
5.536413660E0,9.696516991E-1,-4.572925270E-1,9.715670586E0,9.774640444E0
5.538418035E0,9.744400978E-1,-4.572925270E-1,9.713275909E0,9.772736508E0
5.540422762E0,9.696516991E-1,-4.572925270E-1,9.710882187E0,9.769880947E0
5.542426277E0,9.672574997E-1,-4.525041282E-1,9.715670586E0,9.774180374E0
5.544429871E0,9.624691010E-1,-4.596867263E-1,9.715670586E0,9.774042848E0
5.546433973E0,9.696516991E-1,-4.572925270E-1,9.713275909E0,9.772260218E0
5.548437410E0,9.672574997E-1,-4.596867263E-1,9.720458984E0,9.779275118E0
5.550441160E0,9.720458984E-1,-4.596867263E-1,9.722852707E0,9.782129107E0
5.552444598E0,9.672574997E-1,-4.620809257E-1,9.706093788E0,9.765109445E0
5.554448309E0,9.672574997E-1,-4.572925270E-1,9.713275909E0,9.772022944E0
5.556451942E0,9.624691010E-1,-4.548983276E-1,9.715670586E0,9.773818813E0
5.558454910E0,9.624691010E-1,-4.620809257E-1,9.710882187E0,9.769396010E0
5.560458387E0,9.720458984E-1,-4.596867263E-1,9.722852707E0,9.782129107E0
5.562461434E0,9.720458984E-1,-4.644751251E-1,9.730035782E0,9.789494710E0
5.564464559E0,9.648633003E-1,-4.596867263E-1,9.730035782E0,9.788558085E0
5.566467527E0,9.648633003E-1,-4.477157295E-1,9.722852707E0,9.780862709E0
5.568470731E0,9.648633003E-1,-4.477157295E-1,9.715670586E0,9.773723215E0
5.570474324E0,9.672574997E-1,-4.525041282E-1,9.701305389E0,9.759901296E0
5.572477567E0,9.648633003E-1,-4.477157295E-1,9.708487511E0,9.766582837E0
5.574480262E0,9.672574997E-1,-4.548983276E-1,9.720458984E0,9.779051203E0
5.576482879E0,9.720458984E-1,-4.548983276E-1,9.727641106E0,9.786664764E0
5.578485379E0,9.744400978E-1,-4.620809257E-1,9.713275909E0,9.772961740E0
5.580488699E0,9.744400978E-1,-4.596867263E-1,9.708487511E0,9.768089636E0
5.582491785E0,9.696516991E-1,-4.620809257E-1,9.708487511E0,9.767726089E0
5.584496082E0,9.672574997E-1,-4.572925270E-1,9.708487511E0,9.767263346E0
5.586500223E0,9.672574997E-1,-4.572925270E-1,9.710882187E0,9.769643615E0
5.588503699E0,9.696516991E-1,-4.644751251E-1,9.706093788E0,9.765460470E0
5.590508035E0,9.744400978E-1,-4.596867263E-1,9.720458984E0,9.779988152E0
5.592512449E0,9.672574997E-1,-4.572925270E-1,9.715670586E0,9.774403228E0
5.594516356E0,9.624691010E-1,-4.572925270E-1,9.722852707E0,9.781069879E0
5.596520301E0,9.624691010E-1,-4.525041282E-1,9.722852707E0,9.780847178E0
5.598524207E0,9.648633003E-1,-4.644751251E-1,9.715670586E0,9.774505269E0
5.600527645E0,9.720458984E-1,-4.596867263E-1,9.732429504E0,9.791647929E0
5.602531356E0,9.600749016E-1,-4.548983276E-1,9.722852707E0,9.780722932E0
5.604534715E0,9.624691010E-1,-4.668693244E-1,9.715670586E0,9.774383288E0
5.606537645E0,9.720458984E-1,-4.644751251E-1,9.701305389E0,9.760939331E0
5.608540418E0,9.744400978E-1,-4.572925270E-1,9.715670586E0,9.775116618E0
5.610543504E0,9.672574997E-1,-4.596867263E-1,9.730035782E0,9.788794373E0
5.612547059E0,9.624691010E-1,-4.596867263E-1,9.732429504E0,9.790701850E0
5.614550106E0,9.720458984E-1,-4.548983276E-1,9.715670586E0,9.774766526E0
5.616553660E0,9.720458984E-1,-4.501099288E-1,9.718064308E0,9.776924162E0
5.618557879E0,9.696516991E-1,-4.501099288E-1,9.706093788E0,9.764787760E0
5.620560145E0,9.696516991E-1,-4.596867263E-1,9.710882187E0,9.769993304E0
5.622563309E0,9.720458984E-1,-4.477157295E-1,9.718064308E0,9.776814231E0
5.624566668E0,9.720458984E-1,-4.477157295E-1,9.701305389E0,9.760156190E0
5.626569520E0,9.624691010E-1,-4.477157295E-1,9.708487511E0,9.766346599E0
5.628571824E0,9.600749016E-1,-4.525041282E-1,9.713275909E0,9.771091684E0
5.630574168E0,9.600749016E-1,-4.501099288E-1,9.718064308E0,9.775741233E0
5.632577527E0,9.648633003E-1,-4.620809257E-1,9.718064308E0,9.776771137E0
5.634580652E0,9.648633003E-1,-4.620809257E-1,9.715670586E0,9.774391792E0
5.636583934E0,9.720458984E-1,-4.525041282E-1,9.708487511E0,9.767515701E0
5.638586824E0,9.792284966E-1,-4.501099288E-1,9.710882187E0,9.770502558E0
5.640590027E0,9.720458984E-1,-4.525041282E-1,9.720458984E0,9.779414915E0
5.642593387E0,9.744400978E-1,-4.501099288E-1,9.725247383E0,9.784302178E0
5.644596863E0,9.720458984E-1,-4.501099288E-1,9.725247383E0,9.784064025E0
5.646599793E0,9.672574997E-1,-4.477157295E-1,9.722852707E0,9.781099182E0
5.648602957E0,9.672574997E-1,-4.572925270E-1,9.725247383E0,9.783922536E0
5.650606473E0,9.600749016E-1,-4.692635238E-1,9.725247383E0,9.783781924E0
5.652610184E0,9.648633003E-1,-4.620809257E-1,9.720458984E0,9.779151437E0
5.654613348E0,9.648633003E-1,-4.596867263E-1,9.722852707E0,9.781417987E0
5.656617254E0,9.576807022E-1,-4.548983276E-1,9.730035782E0,9.787628984E0
5.658619676E0,9.624691010E-1,-4.501099288E-1,9.715670586E0,9.773597119E0
5.660623387E0,9.648633003E-1,-4.548983276E-1,9.715670586E0,9.774054870E0
5.662627059E0,9.600749016E-1,-4.501099288E-1,9.718064308E0,9.775741233E0
5.664629676E0,9.600749016E-1,-4.548983276E-1,9.720458984E0,9.778343376E0
5.666632840E0,9.648633003E-1,-4.501099288E-1,9.703699112E0,9.761933036E0
5.668636043E0,9.648633003E-1,-4.525041282E-1,9.715670586E0,9.773943733E0
5.670640027E0,9.648633003E-1,-4.477157295E-1,9.727641106E0,9.785622721E0
5.672642215E0,9.648633003E-1,-4.525041282E-1,9.715670586E0,9.773943733E0
5.674645184E0,9.576807022E-1,-4.525041282E-1,9.727641106E0,9.785137393E0
5.676648738E0,9.576807022E-1,-4.525041282E-1,9.732429504E0,9.789897669E0
5.678654051E0,9.720458984E-1,-4.548983276E-1,9.725247383E0,9.784285481E0
5.680658152E0,9.720458984E-1,-4.501099288E-1,9.720458984E0,9.779304425E0
5.682662098E0,9.696516991E-1,-4.525041282E-1,9.718064308E0,9.776796935E0
5.684665848E0,9.672574997E-1,-4.548983276E-1,9.713275909E0,9.771911197E0
5.686670887E0,9.600749016E-1,-4.620809257E-1,9.710882187E0,9.769160427E0
5.688675418E0,9.624691010E-1,-4.596867263E-1,9.725247383E0,9.783562507E0
5.690679793E0,9.672574997E-1,-4.525041282E-1,9.720458984E0,9.778940123E0
5.692683465E0,9.696516991E-1,-4.596867263E-1,9.730035782E0,9.789031240E0
5.694686473E0,9.648633003E-1,-4.548983276E-1,9.727641106E0,9.785953973E0
5.696690145E0,9.648633003E-1,-4.572925270E-1,9.715670586E0,9.774166592E0
5.698693582E0,9.672574997E-1,-4.620809257E-1,9.720458984E0,9.779387952E0
5.700696746E0,9.672574997E-1,-4.596867263E-1,9.727641106E0,9.786414074E0
5.702699324E0,9.648633003E-1,-4.620809257E-1,9.715670586E0,9.774391792E0
5.704702410E0,9.672574997E-1,-4.572925270E-1,9.725247383E0,9.783922536E0
5.706705574E0,9.648633003E-1,-4.620809257E-1,9.720458984E0,9.779151437E0
5.708709246E0,9.648633003E-1,-4.644751251E-1,9.727641106E0,9.786403824E0
5.710713074E0,9.672574997E-1,-4.620809257E-1,9.732429504E0,9.791286428E0
5.712717059E0,9.672574997E-1,-4.596867263E-1,9.730035782E0,9.788794373E0
5.714720418E0,9.648633003E-1,-4.572925270E-1,9.722852707E0,9.781305762E0
5.716724481E0,9.672574997E-1,-4.692635238E-1,9.725247383E0,9.784489358E0
5.718728387E0,9.624691010E-1,-4.668693244E-1,9.715670586E0,9.774383288E0
5.720731356E0,9.576807022E-1,-4.525041282E-1,9.722852707E0,9.780377144E0
5.722734363E0,9.600749016E-1,-4.501099288E-1,9.713275909E0,9.770981100E0
5.724737645E0,9.600749016E-1,-4.548983276E-1,9.720458984E0,9.778343376E0
5.726740262E0,9.600749016E-1,-4.620809257E-1,9.720458984E0,9.778680149E0
5.728744363E0,9.600749016E-1,-4.692635238E-1,9.710882187E0,9.769502798E0
5.730748465E0,9.648633003E-1,-4.716577232E-1,9.710882187E0,9.770089818E0
5.732752762E0,9.600749016E-1,-4.644751251E-1,9.698910713E0,9.757374133E0
5.734756629E0,9.624691010E-1,-4.501099288E-1,9.696516991E0,9.754557267E0
5.736760965E0,9.648633003E-1,-4.525041282E-1,9.708487511E0,9.766803516E0
5.738764090E0,9.720458984E-1,-4.477157295E-1,9.713275909E0,9.772054620E0
5.740767918E0,9.648633003E-1,-4.596867263E-1,9.718064308E0,9.776658272E0
5.742771317E0,9.648633003E-1,-4.644751251E-1,9.710882187E0,9.769745707E0
5.744775067E0,9.600749016E-1,-4.644751251E-1,9.715670586E0,9.774033757E0
5.746779637E0,9.600749016E-1,-4.644751251E-1,9.703699112E0,9.762133856E0
5.748783660E0,9.576807022E-1,-4.620809257E-1,9.696516991E0,9.754645707E0
5.750787723E0,9.624691010E-1,-4.620809257E-1,9.713275909E0,9.771775399E0
5.752791863E0,9.648633003E-1,-4.692635238E-1,9.713275909E0,9.772353777E0
5.754795574E0,9.648633003E-1,-4.644751251E-1,9.710882187E0,9.769745707E0
5.756799442E0,9.648633003E-1,-4.644751251E-1,9.725247383E0,9.784024478E0
5.758803152E0,9.696516991E-1,-4.644751251E-1,9.727641106E0,9.786877083E0
5.760807098E0,9.696516991E-1,-4.548983276E-1,9.715670586E0,9.774528727E0
5.762810926E0,9.672574997E-1,-4.525041282E-1,9.713275909E0,9.771800036E0
5.764815418E0,9.648633003E-1,-4.572925270E-1,9.708487511E0,9.767026538E0
5.766819402E0,9.600749016E-1,-4.644751251E-1,9.710882187E0,9.769273965E0
5.768822723E0,9.672574997E-1,-4.525041282E-1,9.713275909E0,9.771800036E0
5.770827020E0,9.720458984E-1,-4.620809257E-1,9.718064308E0,9.777482596E0
5.772832020E0,9.672574997E-1,-4.572925270E-1,9.725247383E0,9.783922536E0
5.774836746E0,9.696516991E-1,-4.525041282E-1,9.732429504E0,9.791075960E0
5.776840535E0,9.768342972E-1,-4.548983276E-1,9.722852707E0,9.782382250E0
5.778844520E0,9.744400978E-1,-4.548983276E-1,9.725247383E0,9.784523629E0
5.780847645E0,9.720458984E-1,-4.501099288E-1,9.720458984E0,9.779304425E0
5.782851004E0,9.720458984E-1,-4.596867263E-1,9.713275909E0,9.772610399E0
5.784855848E0,9.672574997E-1,-4.501099288E-1,9.706093788E0,9.764550304E0
5.786860496E0,9.720458984E-1,-4.429273009E-1,9.713275909E0,9.771836404E0
5.788865652E0,9.720458984E-1,-4.525041282E-1,9.718064308E0,9.777034679E0
5.790869832E0,9.696516991E-1,-4.620809257E-1,9.720458984E0,9.779625047E0
5.792874129E0,9.648633003E-1,-4.644751251E-1,9.718064308E0,9.776884587E0
5.794879051E0,9.744400978E-1,-4.572925270E-1,9.713275909E0,9.772736508E0
5.796883582E0,9.792284966E-1,-4.548983276E-1,9.715670586E0,9.775483408E0
5.798888934E0,9.744400978E-1,-4.501099288E-1,9.706093788E0,9.765264414E0
5.800894324E0,9.768342972E-1,-4.525041282E-1,9.715670586E0,9.775132744E0
5.802900184E0,9.744400978E-1,-4.477157295E-1,9.703699112E0,9.762774162E0
5.804906238E0,9.720458984E-1,-4.644751251E-1,9.713275909E0,9.772836807E0
5.806911434E0,9.672574997E-1,-4.620809257E-1,9.713275909E0,9.772248193E0
5.808916512E0,9.600749016E-1,-4.477157295E-1,9.706093788E0,9.763731347E0
5.810920926E0,9.648633003E-1,-4.596867263E-1,9.715670586E0,9.774278899E0
5.812925106E0,9.720458984E-1,-4.548983276E-1,9.715670586E0,9.774766526E0
5.814930262E0,9.672574997E-1,-4.644751251E-1,9.710882187E0,9.769982449E0
5.816935418E0,9.624691010E-1,-4.620809257E-1,9.720458984E0,9.778915503E0
5.818941082E0,9.720458984E-1,-4.620809257E-1,9.734824181E0,9.794140791E0
5.820946043E0,9.696516991E-1,-4.596867263E-1,9.722852707E0,9.781891487E0
5.822950067E0,9.672574997E-1,-4.572925270E-1,9.730035782E0,9.788682232E0
5.824954793E0,9.672574997E-1,-4.548983276E-1,9.722852707E0,9.781430587E0
5.826959988E0,9.792284966E-1,-4.429273009E-1,9.715670586E0,9.774933656E0
5.828965496E0,9.720458984E-1,-4.477157295E-1,9.710882187E0,9.769675299E0
5.830970613E0,9.576807022E-1,-4.429273009E-1,9.706093788E0,9.763277807E0
5.832974793E0,9.720458984E-1,-4.429273009E-1,9.703699112E0,9.762317055E0
5.834978973E0,9.720458984E-1,-4.572925270E-1,9.715670586E0,9.774878240E0
5.836984285E0,9.696516991E-1,-4.572925270E-1,9.718064308E0,9.777019728E0
5.838989324E0,9.696516991E-1,-4.501099288E-1,9.715670586E0,9.774307049E0
5.840994481E0,9.648633003E-1,-4.477157295E-1,9.710882187E0,9.768963272E0
5.842998895E0,9.600749016E-1,-4.620809257E-1,9.715670586E0,9.773920274E0
5.845003738E0,9.600749016E-1,-4.644751251E-1,9.718064308E0,9.776413190E0
5.847009051E0,9.696516991E-1,-4.596867263E-1,9.713275909E0,9.772372547E0
5.849013192E0,9.768342972E-1,-4.620809257E-1,9.718064308E0,9.777959804E0
5.851017215E0,9.768342972E-1,-4.596867263E-1,9.722852707E0,9.782606089E0
5.853020770E0,9.744400978E-1,-4.596867263E-1,9.713275909E0,9.772848831E0
5.855024793E0,9.648633003E-1,-4.548983276E-1,9.708487511E0,9.766914734E0
5.857029168E0,9.720458984E-1,-4.501099288E-1,9.710882187E0,9.769785311E0
5.859034207E0,9.792284966E-1,-4.477157295E-1,9.718064308E0,9.777530962E0
5.861037957E0,9.696516991E-1,-4.548983276E-1,9.715670586E0,9.774528727E0
5.863041160E0,9.744400978E-1,-4.644751251E-1,9.722852707E0,9.782593491E0
5.865044754E0,9.720458984E-1,-4.620809257E-1,9.713275909E0,9.772723310E0
5.867047840E0,9.744400978E-1,-4.525041282E-1,9.706093788E0,9.765375063E0
5.869051277E0,9.624691010E-1,-4.548983276E-1,9.706093788E0,9.764299047E0
5.871055067E0,9.648633003E-1,-4.548983276E-1,9.718064308E0,9.776434298E0
5.873059598E0,9.672574997E-1,-4.548983276E-1,9.722852707E0,9.781430587E0
5.875063465E0,9.696516991E-1,-4.548983276E-1,9.727641106E0,9.786427253E0
5.877067410E0,9.600749016E-1,-4.548983276E-1,9.722852707E0,9.780722932E0
5.879071746E0,9.576807022E-1,-4.596867263E-1,9.720458984E0,9.778332531E0
5.881075535E0,9.576807022E-1,-4.525041282E-1,9.718064308E0,9.775616922E0
5.883078543E0,9.600749016E-1,-4.620809257E-1,9.708487511E0,9.766780040E0
5.885082020E0,9.648633003E-1,-4.572925270E-1,9.718064308E0,9.776545992E0
5.887085262E0,9.624691010E-1,-4.572925270E-1,9.708487511E0,9.766790311E0
5.889088660E0,9.624691010E-1,-4.596867263E-1,9.710882187E0,9.769283060E0
5.891093192E0,9.648633003E-1,-4.620809257E-1,9.710882187E0,9.769632174E0
5.893096043E0,9.648633003E-1,-4.572925270E-1,9.722852707E0,9.781305762E0
5.895099442E0,9.624691010E-1,-4.596867263E-1,9.720458984E0,9.778802663E0
5.897102918E0,9.672574997E-1,-4.620809257E-1,9.720458984E0,9.779387952E0
5.899106356E0,9.648633003E-1,-4.620809257E-1,9.715670586E0,9.774391792E0
5.901109988E0,9.648633003E-1,-4.620809257E-1,9.710882187E0,9.769632174E0
5.903112098E0,9.720458984E-1,-4.596867263E-1,9.710882187E0,9.770231213E0
5.905115301E0,9.720458984E-1,-4.572925270E-1,9.715670586E0,9.774878240E0
5.907118152E0,9.648633003E-1,-4.525041282E-1,9.730035782E0,9.788223408E0
5.909121277E0,9.624691010E-1,-4.501099288E-1,9.734824181E0,9.792637415E0
5.911124715E0,9.576807022E-1,-4.572925270E-1,9.732429504E0,9.790120165E0
5.913127840E0,9.672574997E-1,-4.525041282E-1,9.720458984E0,9.778940123E0
5.915131434E0,9.648633003E-1,-4.501099288E-1,9.730035782E0,9.788113018E0
5.917134910E0,9.624691010E-1,-4.501099288E-1,9.730035782E0,9.787877300E0
5.919138113E0,9.648633003E-1,-4.548983276E-1,9.710882187E0,9.769295088E0
5.921140145E0,9.648633003E-1,-4.525041282E-1,9.710882187E0,9.769183897E0
5.923142059E0,9.624691010E-1,-4.548983276E-1,9.713275909E0,9.771438387E0
5.925144168E0,9.696516991E-1,-4.525041282E-1,9.706093788E0,9.764898414E0
5.927147488E0,9.696516991E-1,-4.501099288E-1,9.703699112E0,9.762407481E0
5.929151199E0,9.720458984E-1,-4.548983276E-1,9.691728592E0,9.750969635E0
5.931155535E0,9.696516991E-1,-4.572925270E-1,9.701305389E0,9.760362039E0
5.933159637E0,9.600749016E-1,-4.620809257E-1,9.708487511E0,9.766780040E0
5.935162918E0,9.624691010E-1,-4.596867263E-1,9.715670586E0,9.774042848E0
5.937167176E0,9.648633003E-1,-4.620809257E-1,9.720458984E0,9.779151437E0
5.939170145E0,9.696516991E-1,-4.620809257E-1,9.725247383E0,9.784384491E0
5.941173426E0,9.696516991E-1,-4.548983276E-1,9.722852707E0,9.781667632E0
5.943176629E0,9.624691010E-1,-4.668693244E-1,9.708487511E0,9.767243392E0
5.945179715E0,9.552865028E-1,-4.620809257E-1,9.708487511E0,9.766310502E0
5.947184363E0,9.672574997E-1,-4.477157295E-1,9.713275909E0,9.771579470E0
5.949188309E0,9.672574997E-1,-4.548983276E-1,9.718064308E0,9.776670878E0
5.951192293E0,9.648633003E-1,-4.596867263E-1,9.715670586E0,9.774278899E0
5.953195770E0,9.600749016E-1,-4.620809257E-1,9.713275909E0,9.771539873E0
5.955199207E0,9.624691010E-1,-4.525041282E-1,9.713275909E0,9.771327220E0
5.957201824E0,9.648633003E-1,-4.572925270E-1,9.708487511E0,9.767026538E0
5.959205496E0,9.600749016E-1,-4.525041282E-1,9.703699112E0,9.761571608E0
5.961209285E0,9.648633003E-1,-4.477157295E-1,9.713275909E0,9.771342766E0
5.963212332E0,9.696516991E-1,-4.525041282E-1,9.715670586E0,9.774417596E0
5.965214793E0,9.600749016E-1,-4.572925270E-1,9.713275909E0,9.771314608E0
5.967217918E0,9.624691010E-1,-4.572925270E-1,9.718064308E0,9.776309995E0
5.969219442E0,9.576807022E-1,-4.548983276E-1,9.718064308E0,9.775728040E0
5.971221356E0,9.648633003E-1,-4.572925270E-1,9.710882187E0,9.769406865E0
5.973223660E0,9.672574997E-1,-4.668693244E-1,9.732429504E0,9.791513575E0
5.975226551E0,9.624691010E-1,-4.596867263E-1,9.730035782E0,9.788322378E0
5.977228777E0,9.672574997E-1,-4.572925270E-1,9.727641106E0,9.786301907E0
5.979231043E0,9.672574997E-1,-4.620809257E-1,9.732429504E0,9.791286428E0
5.981232762E0,9.624691010E-1,-4.596867263E-1,9.730035782E0,9.788322378E0
5.983235262E0,9.624691010E-1,-4.620809257E-1,9.727641106E0,9.786054723E0
5.985238582E0,9.672574997E-1,-4.692635238E-1,9.720458984E0,9.779729965E0
5.987242801E0,9.720458984E-1,-4.596867263E-1,9.720458984E0,9.779749894E0
5.989246238E0,9.696516991E-1,-4.596867263E-1,9.730035782E0,9.789031240E0
5.991248543E0,9.696516991E-1,-4.572925270E-1,9.727641106E0,9.786538834E0
5.993252059E0,9.696516991E-1,-4.644751251E-1,9.722852707E0,9.782117681E0
5.995254715E0,9.648633003E-1,-4.596867263E-1,9.720458984E0,9.779038600E0
5.997257059E0,9.576807022E-1,-4.548983276E-1,9.722852707E0,9.780488207E0
5.999259598E0,9.624691010E-1,-4.525041282E-1,9.713275909E0,9.771327220E0
6.001262762E0,9.672574997E-1,-4.453215301E-1,9.715670586E0,9.773850483E0
6.003266043E0,9.696516991E-1,-4.548983276E-1,9.713275909E0,9.772148474E0
6.005268504E0,9.696516991E-1,-4.596867263E-1,9.718064308E0,9.777132003E0
6.007271238E0,9.624691010E-1,-4.525041282E-1,9.706093788E0,9.764187799E0
6.009273699E0,9.624691010E-1,-4.548983276E-1,9.715670586E0,9.773818813E0
6.011275887E0,9.744400978E-1,-4.548983276E-1,9.727641106E0,9.786902854E0
6.013277996E0,9.792284966E-1,-4.548983276E-1,9.727641106E0,9.787380774E0
6.015280535E0,9.720458984E-1,-4.572925270E-1,9.732429504E0,9.791535821E0
6.017283387E0,9.768342972E-1,-4.548983276E-1,9.730035782E0,9.789521646E0
6.019286785E0,9.768342972E-1,-4.525041282E-1,9.722852707E0,9.782271208E0
6.021289754E0,9.720458984E-1,-4.429273009E-1,9.708487511E0,9.767076716E0
6.023291902E0,9.720458984E-1,-4.477157295E-1,9.706093788E0,9.764915731E0
6.025294207E0,9.696516991E-1,-4.501099288E-1,9.710882187E0,9.769547390E0
6.027296902E0,9.696516991E-1,-4.453215301E-1,9.718064308E0,9.776467132E0
6.029300067E0,9.672574997E-1,-4.405331016E-1,9.722852707E0,9.780773039E0
6.031302684E0,9.672574997E-1,-4.453215301E-1,9.715670586E0,9.773850483E0
6.033305731E0,9.744400978E-1,-4.548983276E-1,9.713275909E0,9.772624769E0
6.035308895E0,9.768342972E-1,-4.572925270E-1,9.713275909E0,9.772975524E0
6.037311082E0,9.672574997E-1,-4.525041282E-1,9.720458984E0,9.778940123E0
6.039313113E0,9.648633003E-1,-4.477157295E-1,9.703699112E0,9.761822935E0
6.041315418E0,9.600749016E-1,-4.453215301E-1,9.708487511E0,9.766001476E0
6.043317762E0,9.696516991E-1,-4.525041282E-1,9.710882187E0,9.769657990E0
6.045320770E0,9.648633003E-1,-4.501099288E-1,9.722852707E0,9.780972595E0
6.047324402E0,9.696516991E-1,-4.477157295E-1,9.718064308E0,9.776576481E0
6.049328309E0,9.768342972E-1,-4.572925270E-1,9.701305389E0,9.761078217E0
6.051330809E0,9.696516991E-1,-4.596867263E-1,9.710882187E0,9.769993304E0
6.053333426E0,9.720458984E-1,-4.596867263E-1,9.730035782E0,9.789268687E0
6.055336551E0,9.696516991E-1,-4.572925270E-1,9.718064308E0,9.777019728E0
6.057339715E0,9.720458984E-1,-4.525041282E-1,9.720458984E0,9.779414915E0
6.059344090E0,9.624691010E-1,-4.477157295E-1,9.713275909E0,9.771106643E0
6.061346902E0,9.624691010E-1,-4.501099288E-1,9.722852707E0,9.780736704E0
6.063349481E0,9.672574997E-1,-4.644751251E-1,9.718064308E0,9.777121157E0
6.065353113E0,9.744400978E-1,-4.620809257E-1,9.720458984E0,9.780100979E0
6.067356590E0,9.768342972E-1,-4.572925270E-1,9.727641106E0,9.787253097E0
6.069360145E0,9.720458984E-1,-4.668693244E-1,9.708487511E0,9.768191744E0
6.071363660E0,9.768342972E-1,-4.525041282E-1,9.715670586E0,9.775132744E0
6.073367684E0,9.648633003E-1,-4.548983276E-1,9.722852707E0,9.781194121E0
6.075371746E0,9.600749016E-1,-4.644751251E-1,9.725247383E0,9.783553425E0
6.077375027E0,9.672574997E-1,-4.525041282E-1,9.725247383E0,9.783699899E0
6.079378231E0,9.600749016E-1,-4.548983276E-1,9.718064308E0,9.775962879E0
6.081380535E0,9.600749016E-1,-4.477157295E-1,9.701305389E0,9.758971229E0
6.083382840E0,9.576807022E-1,-4.453215301E-1,9.703699112E0,9.761006098E0
6.085384910E0,9.696516991E-1,-4.477157295E-1,9.710882187E0,9.769437376E0
6.087386551E0,9.720458984E-1,-4.501099288E-1,9.734824181E0,9.793583308E0
6.089388309E0,9.696516991E-1,-4.548983276E-1,9.715670586E0,9.774528727E0
6.091390262E0,9.696516991E-1,-4.525041282E-1,9.722852707E0,9.781556582E0
6.093393074E0,9.648633003E-1,-4.548983276E-1,9.713275909E0,9.771674502E0
6.095395926E0,9.768342972E-1,-4.572925270E-1,9.718064308E0,9.777734686E0
6.097397293E0,9.648633003E-1,-4.620809257E-1,9.725247383E0,9.783911111E0
6.099399910E0,9.600749016E-1,-4.620809257E-1,9.720458984E0,9.778680149E0
6.101402723E0,9.576807022E-1,-4.620809257E-1,9.715670586E0,9.773685387E0
6.103405184E0,9.648633003E-1,-4.501099288E-1,9.725247383E0,9.783353045E0
6.105407527E0,9.624691010E-1,-4.477157295E-1,9.715670586E0,9.773487150E0
6.107409871E0,9.600749016E-1,-4.548983276E-1,9.715670586E0,9.773583336E0
6.109411863E0,9.624691010E-1,-4.596867263E-1,9.713275909E0,9.771662476E0
6.111414520E0,9.648633003E-1,-4.644751251E-1,9.722852707E0,9.781644192E0
6.113417020E0,9.600749016E-1,-4.668693244E-1,9.718064308E0,9.776527230E0
6.115419871E0,9.672574997E-1,-4.716577232E-1,9.715670586E0,9.775085831E0
6.117422684E0,9.744400978E-1,-4.668693244E-1,9.710882187E0,9.770810269E0
6.119425574E0,9.696516991E-1,-4.692635238E-1,9.715670586E0,9.775207803E0
6.121428270E0,9.672574997E-1,-4.596867263E-1,9.718064308E0,9.776894847E0
6.123430535E0,9.624691010E-1,-4.548983276E-1,9.720458984E0,9.778578738E0
6.125432567E0,9.648633003E-1,-4.596867263E-1,9.715670586E0,9.774278899E0
6.127434129E0,9.552865028E-1,-4.596867263E-1,9.713275909E0,9.770957634E0
6.129436317E0,9.576807022E-1,-4.644751251E-1,9.708487511E0,9.766658549E0
6.131438738E0,9.552865028E-1,-4.668693244E-1,9.718064308E0,9.776058161E0
6.133441082E0,9.624691010E-1,-4.572925270E-1,9.715670586E0,9.773930538E0
6.135442254E0,9.648633003E-1,-4.620809257E-1,9.713275909E0,9.772011505E0
6.137444012E0,9.696516991E-1,-4.572925270E-1,9.720458984E0,9.779399968E0
6.139446629E0,9.720458984E-1,-4.501099288E-1,9.730035782E0,9.788823652E0
6.141448152E0,9.624691010E-1,-4.477157295E-1,9.722852707E0,9.780626816E0
6.143451317E0,9.600749016E-1,-4.453215301E-1,9.718064308E0,9.775521929E0
6.145454285E0,9.552865028E-1,-4.501099288E-1,9.710882187E0,9.768132068E0
6.147457215E0,9.648633003E-1,-4.501099288E-1,9.703699112E0,9.761933036E0
6.149460535E0,9.672574997E-1,-4.525041282E-1,9.710882187E0,9.769420653E0
6.151463387E0,9.768342972E-1,-4.525041282E-1,9.720458984E0,9.779892029E0
6.153466082E0,9.792284966E-1,-4.501099288E-1,9.725247383E0,9.784780225E0
6.155467527E0,9.744400978E-1,-4.525041282E-1,9.732429504E0,9.791551335E0
6.157469051E0,9.720458984E-1,-4.525041282E-1,9.720458984E0,9.779414915E0
6.159471629E0,9.648633003E-1,-4.477157295E-1,9.720458984E0,9.778483187E0
6.161473192E0,9.576807022E-1,-4.525041282E-1,9.725247383E0,9.782757739E0
6.163475223E0,9.648633003E-1,-4.525041282E-1,9.715670586E0,9.773943733E0
6.165477879E0,9.624691010E-1,-4.548983276E-1,9.715670586E0,9.773818813E0
6.167479676E0,9.648633003E-1,-4.525041282E-1,9.722852707E0,9.781083066E0
6.169482371E0,9.696516991E-1,-4.548983276E-1,9.715670586E0,9.774528727E0
6.171486043E0,9.648633003E-1,-4.548983276E-1,9.725247383E0,9.783574518E0
6.173488699E0,9.672574997E-1,-4.596867263E-1,9.715670586E0,9.774515532E0
6.175492762E0,9.576807022E-1,-4.596867263E-1,9.718064308E0,9.775952031E0
6.177496043E0,9.624691010E-1,-4.572925270E-1,9.732429504E0,9.790589731E0
6.179499129E0,9.600749016E-1,-4.525041282E-1,9.730035782E0,9.787752557E0
6.181501668E0,9.648633003E-1,-4.525041282E-1,9.725247383E0,9.783463489E0
6.183504481E0,9.648633003E-1,-4.477157295E-1,9.722852707E0,9.780862709E0
6.185506746E0,9.672574997E-1,-4.525041282E-1,9.720458984E0,9.778940123E0
6.187508973E0,9.696516991E-1,-4.620809257E-1,9.706093788E0,9.765346887E0
6.189511942E0,9.648633003E-1,-4.596867263E-1,9.710882187E0,9.769519227E0
6.191515027E0,9.624691010E-1,-4.501099288E-1,9.698910713E0,9.756936750E0
6.193517996E0,9.648633003E-1,-4.501099288E-1,9.708487511E0,9.766692884E0
6.195520535E0,9.696516991E-1,-4.429273009E-1,9.718064308E0,9.776358366E0
6.197523582E0,9.744400978E-1,-4.525041282E-1,9.727641106E0,9.786791863E0
6.199527020E0,9.672574997E-1,-4.572925270E-1,9.725247383E0,9.783922536E0
6.201530418E0,9.696516991E-1,-4.620809257E-1,9.730035782E0,9.789143962E0
6.203533152E0,9.696516991E-1,-4.572925270E-1,9.713275909E0,9.772260218E0
6.205534949E0,9.792284966E-1,-4.596867263E-1,9.715670586E0,9.775707405E0
6.207536824E0,9.744400978E-1,-4.525041282E-1,9.730035782E0,9.789172070E0
6.209539324E0,9.696516991E-1,-4.477157295E-1,9.722852707E0,9.781336236E0
6.211541629E0,9.696516991E-1,-4.477157295E-1,9.732429504E0,9.790855828E0
6.213545184E0,9.648633003E-1,-4.501099288E-1,9.730035782E0,9.788113018E0
6.215548817E0,9.648633003E-1,-4.548983276E-1,9.722852707E0,9.781194121E0
6.217551512E0,9.576807022E-1,-4.692635238E-1,9.718064308E0,9.776407033E0
6.219554442E0,9.648633003E-1,-4.644751251E-1,9.720458984E0,9.779264860E0
6.221556785E0,9.672574997E-1,-4.572925270E-1,9.715670586E0,9.774403228E0
6.223558817E0,9.648633003E-1,-4.525041282E-1,9.710882187E0,9.769183897E0
6.225560574E0,9.672574997E-1,-4.548983276E-1,9.706093788E0,9.764772203E0
6.227562762E0,9.648633003E-1,-4.525041282E-1,9.706093788E0,9.764424089E0
6.229565613E0,9.600749016E-1,-4.429273009E-1,9.706093788E0,9.763512945E0
6.231568738E0,9.648633003E-1,-4.525041282E-1,9.727641106E0,9.785842971E0
6.233572098E0,9.624691010E-1,-4.668693244E-1,9.727641106E0,9.786281991E0
6.235576317E0,9.624691010E-1,-4.572925270E-1,9.727641106E0,9.785829791E0
6.237579793E0,9.528923035E-1,-4.644751251E-1,9.725247383E0,9.782851197E0
6.239582020E0,9.648633003E-1,-4.716577232E-1,9.725247383E0,9.784368087E0
6.241583582E0,9.696516991E-1,-4.620809257E-1,9.725247383E0,9.784384491E0
6.243585223E0,9.720458984E-1,-4.596867263E-1,9.715670586E0,9.774990539E0
6.245588192E0,9.696516991E-1,-4.596867263E-1,9.725247383E0,9.784271714E0
6.247590887E0,9.672574997E-1,-4.596867263E-1,9.718064308E0,9.776894847E0
6.249593738E0,9.720458984E-1,-4.596867263E-1,9.720458984E0,9.779749894E0
6.251596863E0,9.792284966E-1,-4.525041282E-1,9.722852707E0,9.782510577E0
6.253600106E0,9.816226959E-1,-4.501099288E-1,9.722852707E0,9.782640074E0
6.255603074E0,9.672574997E-1,-4.525041282E-1,9.718064308E0,9.776559771E0
6.257605926E0,9.696516991E-1,-4.501099288E-1,9.718064308E0,9.776686415E0
6.259609285E0,9.720458984E-1,-4.501099288E-1,9.727641106E0,9.786443361E0
6.261611082E0,9.720458984E-1,-4.453215301E-1,9.734824181E0,9.793364403E0
6.263612801E0,9.720458984E-1,-4.525041282E-1,9.713275909E0,9.772275176E0
6.265615106E0,9.696516991E-1,-4.620809257E-1,9.720458984E0,9.779625047E0
6.267617567E0,9.648633003E-1,-4.525041282E-1,9.725247383E0,9.783463489E0
6.269619442E0,9.696516991E-1,-4.501099288E-1,9.722852707E0,9.781446116E0
6.271621356E0,9.672574997E-1,-4.620809257E-1,9.713275909E0,9.772248193E0
6.273623113E0,9.576807022E-1,-4.572925270E-1,9.710882187E0,9.768700099E0
6.275626043E0,9.624691010E-1,-4.525041282E-1,9.708487511E0,9.766567283E0
6.277628270E0,9.720458984E-1,-4.596867263E-1,9.725247383E0,9.784509276E0
6.279629793E0,9.672574997E-1,-4.644751251E-1,9.715670586E0,9.774741896E0
6.281631512E0,9.672574997E-1,-4.596867263E-1,9.715670586E0,9.774515532E0
6.283634051E0,9.648633003E-1,-4.668693244E-1,9.718064308E0,9.776998622E0
6.285636902E0,9.624691010E-1,-4.644751251E-1,9.720458984E0,9.779028928E0
6.287639676E0,9.624691010E-1,-4.644751251E-1,9.730035782E0,9.788548423E0
6.289642215E0,9.624691010E-1,-4.668693244E-1,9.727641106E0,9.786281991E0
6.291644207E0,9.648633003E-1,-4.668693244E-1,9.720458984E0,9.779378867E0
6.293646746E0,9.648633003E-1,-4.548983276E-1,9.718064308E0,9.776434298E0
6.295648973E0,9.600749016E-1,-4.596867263E-1,9.708487511E0,9.766667059E0
6.297652254E0,9.600749016E-1,-4.620809257E-1,9.710882187E0,9.769160427E0
6.299654988E0,9.672574997E-1,-4.644751251E-1,9.706093788E0,9.765223031E0
6.301657410E0,9.624691010E-1,-4.548983276E-1,9.706093788E0,9.764299047E0
6.303660340E0,9.648633003E-1,-4.548983276E-1,9.708487511E0,9.766914734E0
6.305662957E0,9.672574997E-1,-4.596867263E-1,9.710882187E0,9.769755975E0
6.307665418E0,9.744400978E-1,-4.572925270E-1,9.715670586E0,9.775116618E0
6.309667371E0,9.744400978E-1,-4.644751251E-1,9.708487511E0,9.768316149E0
6.311669402E0,9.696516991E-1,-4.620809257E-1,9.710882187E0,9.770106245E0
6.313671082E0,9.648633003E-1,-4.572925270E-1,9.715670586E0,9.774166592E0
6.315672606E0,9.792284966E-1,-4.596867263E-1,9.713275909E0,9.773327439E0
6.317675535E0,9.768342972E-1,-4.548983276E-1,9.708487511E0,9.768104600E0
6.319678348E0,9.648633003E-1,-4.501099288E-1,9.713275909E0,9.771452759E0
6.321681395E0,9.672574997E-1,-4.381389022E-1,9.708487511E0,9.766385335E0
6.323685613E0,9.648633003E-1,-4.381389022E-1,9.703699112E0,9.761388392E0
6.325689129E0,9.624691010E-1,-4.429273009E-1,9.718064308E0,9.775648585E0
6.327692410E0,9.648633003E-1,-4.525041282E-1,9.727641106E0,9.785842971E0
6.329696238E0,9.576807022E-1,-4.501099288E-1,9.710882187E0,9.768366502E0
6.331700262E0,9.600749016E-1,-4.548983276E-1,9.722852707E0,9.780722932E0
6.333704285E0,9.696516991E-1,-4.477157295E-1,9.720458984E0,9.778956829E0
6.335707020E0,9.744400978E-1,-4.477157295E-1,9.713275909E0,9.772293066E0
6.337709285E0,9.792284966E-1,-4.525041282E-1,9.713275909E0,9.772992240E0
6.339712996E0,9.816226959E-1,-4.501099288E-1,9.722852707E0,9.782640074E0
6.341715926E0,9.792284966E-1,-4.525041282E-1,9.727641106E0,9.787269789E0
6.343719442E0,9.696516991E-1,-4.525041282E-1,9.715670586E0,9.774417596E0
6.345722918E0,9.720458984E-1,-4.572925270E-1,9.715670586E0,9.774878240E0
6.347724715E0,9.720458984E-1,-4.620809257E-1,9.710882187E0,9.770344152E0
6.349726356E0,9.648633003E-1,-4.596867263E-1,9.725247383E0,9.783798329E0
6.351728660E0,9.648633003E-1,-4.596867263E-1,9.715670586E0,9.774278899E0
6.353730848E0,9.720458984E-1,-4.477157295E-1,9.713275909E0,9.772054620E0
6.355733113E0,9.672574997E-1,-4.525041282E-1,9.708487511E0,9.767040330E0
6.357736082E0,9.624691010E-1,-4.572925270E-1,9.715670586E0,9.773930538E0
6.359738895E0,9.624691010E-1,-4.548983276E-1,9.706093788E0,9.764299047E0
6.361742215E0,9.624691010E-1,-4.525041282E-1,9.701305389E0,9.759427904E0
6.363745926E0,9.600749016E-1,-4.525041282E-1,9.710882187E0,9.768712129E0
6.365749246E0,9.528923035E-1,-4.477157295E-1,9.706093788E0,9.763027693E0
6.367751356E0,9.528923035E-1,-4.477157295E-1,9.718064308E0,9.774928492E0
6.369753387E0,9.576807022E-1,-4.501099288E-1,9.730035782E0,9.787407603E0
6.371756590E0,9.576807022E-1,-4.525041282E-1,9.720458984E0,9.777997504E0
6.373759754E0,9.600749016E-1,-4.548983276E-1,9.730035782E0,9.787863537E0
6.375763738E0,9.624691010E-1,-4.572925270E-1,9.713275909E0,9.771550139E0
6.377767371E0,9.600749016E-1,-4.572925270E-1,9.720458984E0,9.778455049E0
6.379770926E0,9.672574997E-1,-4.596867263E-1,9.732429504E0,9.791173730E0
6.381774793E0,9.672574997E-1,-4.572925270E-1,9.734824181E0,9.793441956E0
6.383778738E0,9.624691010E-1,-4.596867263E-1,9.722852707E0,9.781182107E0
6.385781707E0,9.648633003E-1,-4.596867263E-1,9.727641106E0,9.786177730E0
6.387784949E0,9.672574997E-1,-4.620809257E-1,9.722852707E0,9.781767254E0
6.389788113E0,9.720458984E-1,-4.548983276E-1,9.722852707E0,9.781905258E0
6.391790887E0,9.696516991E-1,-4.548983276E-1,9.722852707E0,9.781667632E0
6.393793582E0,9.744400978E-1,-4.477157295E-1,9.718064308E0,9.777052561E0
6.395796238E0,9.720458984E-1,-4.525041282E-1,9.725247383E0,9.784174461E0
6.397798699E0,9.552865028E-1,-4.501099288E-1,9.720458984E0,9.777652792E0
6.399801277E0,9.624691010E-1,-4.453215301E-1,9.722852707E0,9.780517512E0
6.401803817E0,9.624691010E-1,-4.548983276E-1,9.727641106E0,9.785718203E0
6.403807137E0,9.600749016E-1,-4.525041282E-1,9.720458984E0,9.778232288E0
6.405810965E0,9.672574997E-1,-4.525041282E-1,9.718064308E0,9.776559771E0
6.407814246E0,9.600749016E-1,-4.548983276E-1,9.718064308E0,9.775962879E0
6.409817606E0,9.648633003E-1,-4.525041282E-1,9.713275909E0,9.771563338E0
6.411820692E0,9.648633003E-1,-4.596867263E-1,9.708487511E0,9.767138927E0
6.413823543E0,9.696516991E-1,-4.525041282E-1,9.708487511E0,9.767277725E0
6.415826238E0,9.624691010E-1,-4.620809257E-1,9.710882187E0,9.769396010E0
6.417829871E0,9.600749016E-1,-4.692635238E-1,9.715670586E0,9.774262479E0
6.419832840E0,9.672574997E-1,-4.644751251E-1,9.720458984E0,9.779501372E0
6.421835145E0,9.624691010E-1,-4.692635238E-1,9.720458984E0,9.779257533E0
6.423838348E0,9.768342972E-1,-4.668693244E-1,9.718064308E0,9.778187261E0
6.425840926E0,9.696516991E-1,-4.668693244E-1,9.727641106E0,9.786991002E0
6.427843934E0,9.624691010E-1,-4.692635238E-1,9.713275909E0,9.772117678E0
6.429846707E0,9.624691010E-1,-4.620809257E-1,9.708487511E0,9.767015680E0
6.431850770E0,9.672574997E-1,-4.620809257E-1,9.698910713E0,9.757969813E0
6.433853973E0,9.624691010E-1,-4.692635238E-1,9.715670586E0,9.774497939E0
6.435857332E0,9.600749016E-1,-4.596867263E-1,9.722852707E0,9.780946808E0
6.437859988E0,9.672574997E-1,-4.644751251E-1,9.722852707E0,9.781880646E0
6.439863231E0,9.744400978E-1,-4.620809257E-1,9.725247383E0,9.784860191E0
6.441866434E0,9.720458984E-1,-4.572925270E-1,9.715670586E0,9.774878240E0
6.443870067E0,9.600749016E-1,-4.572925270E-1,9.713275909E0,9.771314608E0
6.445873035E0,9.576807022E-1,-4.620809257E-1,9.710882187E0,9.768925425E0
6.447876668E0,9.648633003E-1,-4.572925270E-1,9.720458984E0,9.778926348E0
6.449879051E0,9.648633003E-1,-4.548983276E-1,9.720458984E0,9.778814680E0
6.451881277E0,9.648633003E-1,-4.548983276E-1,9.725247383E0,9.783574518E0
6.453883504E0,9.672574997E-1,-4.525041282E-1,9.725247383E0,9.783699899E0
6.455886082E0,9.696516991E-1,-4.548983276E-1,9.722852707E0,9.781667632E0
6.457888856E0,9.696516991E-1,-4.525041282E-1,9.718064308E0,9.776796935E0
6.459891317E0,9.648633003E-1,-4.548983276E-1,9.722852707E0,9.781194121E0
6.461894090E0,9.648633003E-1,-4.453215301E-1,9.720458984E0,9.778373859E0
6.463896668E0,9.624691010E-1,-4.453215301E-1,9.725247383E0,9.782898073E0
6.465899207E0,9.576807022E-1,-4.501099288E-1,9.722852707E0,9.780266665E0
6.467901590E0,9.720458984E-1,-4.548983276E-1,9.720458984E0,9.779525990E0
6.469903504E0,9.744400978E-1,-4.548983276E-1,9.720458984E0,9.779764254E0
6.471906004E0,9.816226959E-1,-4.477157295E-1,9.720458984E0,9.780151091E0
6.473907957E0,9.696516991E-1,-4.405331016E-1,9.715670586E0,9.773870715E0
6.475910301E0,9.768342972E-1,-4.477157295E-1,9.725247383E0,9.784431066E0
6.477912801E0,9.744400978E-1,-4.596867263E-1,9.718064308E0,9.777608056E0
6.479916512E0,9.672574997E-1,-4.525041282E-1,9.710882187E0,9.769420653E0
6.481920067E0,9.648633003E-1,-4.572925270E-1,9.706093788E0,9.764647166E0
6.483922840E0,9.696516991E-1,-4.501099288E-1,9.722852707E0,9.781446116E0
6.485925457E0,9.696516991E-1,-4.501099288E-1,9.725247383E0,9.783826451E0
6.487927488E0,9.744400978E-1,-4.525041282E-1,9.720458984E0,9.779653182E0
6.489929520E0,9.600749016E-1,-4.596867263E-1,9.727641106E0,9.785706780E0
6.491932215E0,9.672574997E-1,-4.572925270E-1,9.715670586E0,9.774403228E0
6.493934402E0,9.720458984E-1,-4.620809257E-1,9.713275909E0,9.772723310E0
6.495936824E0,9.672574997E-1,-4.572925270E-1,9.710882187E0,9.769643615E0
6.497939754E0,9.672574997E-1,-4.525041282E-1,9.720458984E0,9.778940123E0
6.499942371E0,9.600749016E-1,-4.477157295E-1,9.722852707E0,9.780391503E0
6.501944871E0,9.600749016E-1,-4.477157295E-1,9.725247383E0,9.782772095E0
6.503947996E0,9.600749016E-1,-4.501099288E-1,9.720458984E0,9.778121784E0
6.505951317E0,9.552865028E-1,-4.572925270E-1,9.710882187E0,9.768465673E0
6.507953817E0,9.672574997E-1,-4.548983276E-1,9.710882187E0,9.769531842E0
6.509956121E0,9.624691010E-1,-4.572925270E-1,9.715670586E0,9.773930538E0
6.511958231E0,9.576807022E-1,-4.572925270E-1,9.715670586E0,9.773460171E0
6.513960965E0,9.720458984E-1,-4.525041282E-1,9.715670586E0,9.774655398E0
6.515963543E0,9.744400978E-1,-4.548983276E-1,9.706093788E0,9.765486297E0
6.517966629E0,9.720458984E-1,-4.548983276E-1,9.708487511E0,9.767626910E0
6.519969832E0,9.696516991E-1,-4.668693244E-1,9.715670586E0,9.775093161E0
6.521973152E0,9.648633003E-1,-4.548983276E-1,9.720458984E0,9.778814680E0
6.523976199E0,9.696516991E-1,-4.525041282E-1,9.713275909E0,9.772037316E0
6.525978543E0,9.792284966E-1,-4.572925270E-1,9.722852707E0,9.782733241E0
6.527981043E0,9.696516991E-1,-4.596867263E-1,9.720458984E0,9.779512215E0
6.529983856E0,9.696516991E-1,-4.525041282E-1,9.715670586E0,9.774417596E0
6.531985809E0,9.744400978E-1,-4.501099288E-1,9.722852707E0,9.781921959E0
6.533987606E0,9.768342972E-1,-4.501099288E-1,9.718064308E0,9.777401398E0
6.535989949E0,9.792284966E-1,-4.525041282E-1,9.715670586E0,9.775372288E0
6.537991981E0,9.720458984E-1,-4.620809257E-1,9.720458984E0,9.779862723E0
6.539995106E0,9.744400978E-1,-4.596867263E-1,9.720458984E0,9.779988152E0
6.541996512E0,9.816226959E-1,-4.644751251E-1,9.720458984E0,9.780932631E0
6.543998348E0,9.744400978E-1,-4.596867263E-1,9.718064308E0,9.777608056E0
6.546000535E0,9.720458984E-1,-4.525041282E-1,9.713275909E0,9.772275176E0
6.548003231E0,9.648633003E-1,-4.525041282E-1,9.722852707E0,9.781083066E0
6.550005340E0,9.648633003E-1,-4.548983276E-1,9.730035782E0,9.788334383E0
6.552008465E0,9.648633003E-1,-4.572925270E-1,9.722852707E0,9.781305762E0
6.554010887E0,9.576807022E-1,-4.596867263E-1,9.713275909E0,9.771192000E0
6.556012840E0,9.624691010E-1,-4.620809257E-1,9.715670586E0,9.774155743E0
6.558015184E0,9.744400978E-1,-4.596867263E-1,9.727641106E0,9.787126589E0
6.560017098E0,9.720458984E-1,-4.477157295E-1,9.739612579E0,9.798233300E0
6.562019285E0,9.768342972E-1,-4.572925270E-1,9.739612579E0,9.799151744E0
6.564021356E0,9.696516991E-1,-4.548983276E-1,9.720458984E0,9.779288306E0
6.566022567E0,9.696516991E-1,-4.548983276E-1,9.710882187E0,9.769769176E0
6.568024168E0,9.624691010E-1,-4.572925270E-1,9.722852707E0,9.781069879E0
6.570025848E0,9.576807022E-1,-4.596867263E-1,9.730035782E0,9.787852703E0
6.572027684E0,9.528923035E-1,-4.596867263E-1,9.720458984E0,9.777864721E0
6.574029598E0,9.600749016E-1,-4.644751251E-1,9.732429504E0,9.790692775E0
6.576031942E0,9.624691010E-1,-4.644751251E-1,9.732429504E0,9.790927840E0
6.578034012E0,9.600749016E-1,-4.644751251E-1,9.718064308E0,9.776413190E0
6.580036199E0,9.624691010E-1,-4.644751251E-1,9.718064308E0,9.776648598E0
6.582038348E0,9.648633003E-1,-4.596867263E-1,9.713275909E0,9.771898586E0
6.584040926E0,9.576807022E-1,-4.596867263E-1,9.703699112E0,9.761672022E0
6.586043113E0,9.672574997E-1,-4.525041282E-1,9.722852707E0,9.781319534E0
6.588044324E0,9.696516991E-1,-4.548983276E-1,9.725247383E0,9.784047913E0
6.590047020E0,9.648633003E-1,-4.596867263E-1,9.708487511E0,9.767138927E0
6.592048699E0,9.624691010E-1,-4.548983276E-1,9.696516991E0,9.754779393E0
6.594050692E0,9.624691010E-1,-4.572925270E-1,9.701305389E0,9.759651094E0
6.596052723E0,9.672574997E-1,-4.596867263E-1,9.713275909E0,9.772135276E0
6.598055379E0,9.720458984E-1,-4.620809257E-1,9.710882187E0,9.770344152E0
6.600057801E0,9.696516991E-1,-4.620809257E-1,9.718064308E0,9.777244862E0
6.602059715E0,9.744400978E-1,-4.668693244E-1,9.706093788E0,9.766051254E0
6.604060965E0,9.624691010E-1,-4.620809257E-1,9.710882187E0,9.769396010E0
6.606062684E0,9.624691010E-1,-4.572925270E-1,9.715670586E0,9.773930538E0
6.608063699E0,9.672574997E-1,-4.525041282E-1,9.727641106E0,9.786079324E0
6.610065731E0,9.696516991E-1,-4.668693244E-1,9.718064308E0,9.777472336E0
6.612066942E0,9.696516991E-1,-4.596867263E-1,9.713275909E0,9.772372547E0
6.614067957E0,9.600749016E-1,-4.596867263E-1,9.710882187E0,9.769047474E0
6.616069363E0,9.576807022E-1,-4.525041282E-1,9.706093788E0,9.763716963E0
6.618070457E0,9.672574997E-1,-4.525041282E-1,9.722852707E0,9.781319534E0
6.620072645E0,9.696516991E-1,-4.501099288E-1,9.727641106E0,9.786205845E0
6.622074988E0,9.672574997E-1,-4.501099288E-1,9.708487511E0,9.766929700E0
6.624077801E0,9.672574997E-1,-4.548983276E-1,9.701305389E0,9.760012593E0
6.626079207E0,9.576807022E-1,-4.596867263E-1,9.706093788E0,9.764052480E0
6.628081707E0,9.624691010E-1,-4.596867263E-1,9.708487511E0,9.766902703E0
6.630083387E0,9.648633003E-1,-4.596867263E-1,9.715670586E0,9.774278899E0
6.632085496E0,9.600749016E-1,-4.548983276E-1,9.722852707E0,9.780722932E0
6.634087567E0,9.600749016E-1,-4.548983276E-1,9.710882187E0,9.768823325E0
6.636089324E0,9.720458984E-1,-4.572925270E-1,9.718064308E0,9.777257467E0
6.638091199E0,9.720458984E-1,-4.548983276E-1,9.725247383E0,9.784285481E0
6.640093934E0,9.768342972E-1,-4.572925270E-1,9.715670586E0,9.775355576E0
6.642096473E0,9.696516991E-1,-4.525041282E-1,9.727641106E0,9.786316257E0
6.644099871E0,9.648633003E-1,-4.620809257E-1,9.718064308E0,9.776771137E0
6.646102567E0,9.528923035E-1,-4.644751251E-1,9.715670586E0,9.773330845E0
6.648105106E0,9.600749016E-1,-4.596867263E-1,9.710882187E0,9.769047474E0
6.650107293E0,9.648633003E-1,-4.525041282E-1,9.706093788E0,9.764424089E0
6.652108856E0,9.624691010E-1,-4.572925270E-1,9.710882187E0,9.769170695E0
6.654111160E0,9.672574997E-1,-4.572925270E-1,9.718064308E0,9.776782570E0
6.656113582E0,9.648633003E-1,-4.572925270E-1,9.718064308E0,9.776545992E0
6.658116512E0,9.672574997E-1,-4.596867263E-1,9.713275909E0,9.772135276E0
6.660120379E0,9.672574997E-1,-4.572925270E-1,9.713275909E0,9.772022944E0
6.662124481E0,9.672574997E-1,-4.620809257E-1,9.713275909E0,9.772248193E0
6.664127606E0,9.672574997E-1,-4.668693244E-1,9.713275909E0,9.772475783E0
6.666130301E0,9.672574997E-1,-4.572925270E-1,9.713275909E0,9.772022944E0
6.668132527E0,9.672574997E-1,-4.525041282E-1,9.722852707E0,9.781319534E0
6.670135340E0,9.600749016E-1,-4.525041282E-1,9.715670586E0,9.773472194E0
6.672137449E0,9.696516991E-1,-4.596867263E-1,9.708487511E0,9.767613119E0
6.674140574E0,9.672574997E-1,-4.453215301E-1,9.713275909E0,9.771470065E0
6.676143856E0,9.672574997E-1,-4.477157295E-1,9.725247383E0,9.783479601E0
6.678147098E0,9.648633003E-1,-4.572925270E-1,9.725247383E0,9.783686131E0
6.680149363E0,9.624691010E-1,-4.596867263E-1,9.720458984E0,9.778802663E0
6.682150692E0,9.648633003E-1,-4.620809257E-1,9.715670586E0,9.774391792E0
6.684152801E0,9.624691010E-1,-4.620809257E-1,9.718064308E0,9.776535145E0
6.686154168E0,9.696516991E-1,-4.644751251E-1,9.718064308E0,9.777358307E0
6.688156473E0,9.696516991E-1,-4.548983276E-1,9.730035782E0,9.788807549E0
6.690159207E0,9.672574997E-1,-4.572925270E-1,9.722852707E0,9.781542224E0
6.692161590E0,9.744400978E-1,-4.572925270E-1,9.710882187E0,9.770357353E0
6.694163973E0,9.672574997E-1,-4.572925270E-1,9.720458984E0,9.779162868E0
6.696165067E0,9.648633003E-1,-4.596867263E-1,9.710882187E0,9.769519227E0
6.698167606E0,9.648633003E-1,-4.596867263E-1,9.720458984E0,9.779038600E0
6.700169715E0,9.672574997E-1,-4.501099288E-1,9.715670586E0,9.774069825E0
6.702171356E0,9.624691010E-1,-4.548983276E-1,9.715670586E0,9.773818813E0
6.704173699E0,9.648633003E-1,-4.668693244E-1,9.722852707E0,9.781758171E0
6.706175652E0,9.720458984E-1,-4.620809257E-1,9.722852707E0,9.782241909E0
6.708178270E0,9.696516991E-1,-4.572925270E-1,9.718064308E0,9.777019728E0
6.710181434E0,9.696516991E-1,-4.548983276E-1,9.715670586E0,9.774528727E0
6.712183973E0,9.696516991E-1,-4.453215301E-1,9.713275909E0,9.771707352E0
6.714186238E0,9.672574997E-1,-4.548983276E-1,9.706093788E0,9.764772203E0
6.716188113E0,9.744400978E-1,-4.620809257E-1,9.715670586E0,9.775341795E0
6.718190106E0,9.720458984E-1,-4.572925270E-1,9.713275909E0,9.772498072E0
6.720192371E0,9.720458984E-1,-4.620809257E-1,9.725247383E0,9.784622051E0
6.722194090E0,9.720458984E-1,-4.668693244E-1,9.713275909E0,9.772950889E0
6.724196238E0,9.624691010E-1,-4.501099288E-1,9.715670586E0,9.773597119E0
6.726199715E0,9.672574997E-1,-4.453215301E-1,9.710882187E0,9.769090602E0
6.728203035E0,9.672574997E-1,-4.501099288E-1,9.703699112E0,9.762169967E0
6.730205848E0,9.600749016E-1,-4.548983276E-1,9.713275909E0,9.771202853E0
6.732208973E0,9.624691010E-1,-4.525041282E-1,9.718064308E0,9.776087185E0
6.734210379E0,9.648633003E-1,-4.548983276E-1,9.718064308E0,9.776434298E0
6.736212098E0,9.648633003E-1,-4.525041282E-1,9.718064308E0,9.776323188E0
6.738213699E0,9.648633003E-1,-4.477157295E-1,9.720458984E0,9.778483187E0
6.740216473E0,9.648633003E-1,-4.501099288E-1,9.727641106E0,9.785732554E0
6.742218777E0,9.672574997E-1,-4.572925270E-1,9.732429504E0,9.791061617E0
6.744221824E0,9.648633003E-1,-4.477157295E-1,9.718064308E0,9.776102723E0
6.746224363E0,9.696516991E-1,-4.548983276E-1,9.722852707E0,9.781667632E0
6.748226199E0,9.672574997E-1,-4.501099288E-1,9.718064308E0,9.776449249E0
6.750227762E0,9.696516991E-1,-4.501099288E-1,9.718064308E0,9.776686415E0
6.752228738E0,9.816226959E-1,-4.525041282E-1,9.708487511E0,9.768473414E0
6.754230379E0,9.696516991E-1,-4.548983276E-1,9.701305389E0,9.760250159E0
6.756231238E0,9.720458984E-1,-4.620809257E-1,9.703699112E0,9.763204826E0
6.758232254E0,9.672574997E-1,-4.596867263E-1,9.713275909E0,9.772135276E0
6.760234207E0,9.648633003E-1,-4.644751251E-1,9.708487511E0,9.767365462E0
6.762236199E0,9.672574997E-1,-4.548983276E-1,9.720458984E0,9.779051203E0
6.764237918E0,9.720458984E-1,-4.596867263E-1,9.722852707E0,9.782129107E0
6.766239285E0,9.648633003E-1,-4.620809257E-1,9.708487511E0,9.767251902E0
6.768240106E0,9.768342972E-1,-4.644751251E-1,9.713275909E0,9.773314242E0
6.770241746E0,9.744400978E-1,-4.620809257E-1,9.725247383E0,9.784860191E0
6.772243543E0,9.696516991E-1,-4.572925270E-1,9.715670586E0,9.774640444E0
6.774245652E0,9.696516991E-1,-4.548983276E-1,9.710882187E0,9.769769176E0
6.776246942E0,9.744400978E-1,-4.477157295E-1,9.720458984E0,9.779432793E0
6.778248074E0,9.744400978E-1,-4.477157295E-1,9.722852707E0,9.781812084E0
6.780249676E0,9.672574997E-1,-4.477157295E-1,9.706093788E0,9.764440233E0
6.782251902E0,9.576807022E-1,-4.477157295E-1,9.722852707E0,9.780156771E0
6.784253699E0,9.624691010E-1,-4.477157295E-1,9.722852707E0,9.780626816E0
6.786255184E0,9.624691010E-1,-4.477157295E-1,9.725247383E0,9.783007350E0
6.788256590E0,9.696516991E-1,-4.572925270E-1,9.706093788E0,9.765121479E0
6.790258856E0,9.696516991E-1,-4.501099288E-1,9.703699112E0,9.762407481E0
6.792260379E0,9.624691010E-1,-4.501099288E-1,9.710882187E0,9.768837114E0
6.794261902E0,9.648633003E-1,-4.620809257E-1,9.703699112E0,9.762492327E0
6.796264285E0,9.624691010E-1,-4.596867263E-1,9.710882187E0,9.769283060E0
6.798266356E0,9.648633003E-1,-4.668693244E-1,9.710882187E0,9.769859825E0
6.800267567E0,9.600749016E-1,-4.596867263E-1,9.715670586E0,9.773807376E0
6.802269207E0,9.648633003E-1,-4.501099288E-1,9.718064308E0,9.776212663E0
6.804271590E0,9.720458984E-1,-4.548983276E-1,9.720458984E0,9.779525990E0
6.806274051E0,9.696516991E-1,-4.501099288E-1,9.718064308E0,9.776686415E0
6.808275731E0,9.720458984E-1,-4.477157295E-1,9.715670586E0,9.774434896E0
6.810277840E0,9.720458984E-1,-4.596867263E-1,9.710882187E0,9.770231213E0
6.812279012E0,9.672574997E-1,-4.572925270E-1,9.703699112E0,9.762503776E0
6.814281317E0,9.744400978E-1,-4.644751251E-1,9.694122314E0,9.754039066E0
6.816283387E0,9.672574997E-1,-4.692635238E-1,9.691728592E0,9.751174207E0
6.818284442E0,9.720458984E-1,-4.620809257E-1,9.701305389E0,9.760825696E0
6.820286746E0,9.672574997E-1,-4.620809257E-1,9.708487511E0,9.767488705E0
6.822290262E0,9.696516991E-1,-4.644751251E-1,9.708487511E0,9.767839644E0
6.824292762E0,9.744400978E-1,-4.572925270E-1,9.713275909E0,9.772736508E0
6.826295067E0,9.600749016E-1,-4.548983276E-1,9.710882187E0,9.768823325E0
6.828296473E0,9.552865028E-1,-4.525041282E-1,9.708487511E0,9.765862073E0
6.830298231E0,9.624691010E-1,-4.644751251E-1,9.708487511E0,9.767129243E0
6.832300027E0,9.552865028E-1,-4.572925270E-1,9.720458984E0,9.777986072E0
6.834301199E0,9.648633003E-1,-4.596867263E-1,9.727641106E0,9.786177730E0
6.836303231E0,9.648633003E-1,-4.572925270E-1,9.710882187E0,9.769406865E0
6.838306082E0,9.648633003E-1,-4.572925270E-1,9.713275909E0,9.771786251E0
6.840308035E0,9.696516991E-1,-4.620809257E-1,9.720458984E0,9.779625047E0
6.842310340E0,9.624691010E-1,-4.572925270E-1,9.715670586E0,9.773930538E0
6.844313660E0,9.624691010E-1,-4.477157295E-1,9.722852707E0,9.780626816E0
6.846315848E0,9.648633003E-1,-4.548983276E-1,9.720458984E0,9.778814680E0
6.848318231E0,9.624691010E-1,-4.501099288E-1,9.718064308E0,9.775976658E0
6.850321434E0,9.696516991E-1,-4.548983276E-1,9.706093788E0,9.765009653E0
6.852323309E0,9.768342972E-1,-4.620809257E-1,9.715670586E0,9.775580748E0
6.854326668E0,9.720458984E-1,-4.620809257E-1,9.718064308E0,9.777482596E0
6.856329285E0,9.672574997E-1,-4.572925270E-1,9.715670586E0,9.774403228E0
6.858331902E0,9.576807022E-1,-4.668693244E-1,9.730035782E0,9.788192663E0
6.860334754E0,9.648633003E-1,-4.596867263E-1,9.730035782E0,9.788558085E0
6.862336981E0,9.648633003E-1,-4.620809257E-1,9.710882187E0,9.769632174E0
6.864339676E0,9.648633003E-1,-4.501099288E-1,9.715670586E0,9.773833182E0
6.866341629E0,9.600749016E-1,-4.453215301E-1,9.715670586E0,9.773142279E0
6.868344168E0,9.624691010E-1,-4.596867263E-1,9.703699112E0,9.762142957E0
6.870346277E0,9.648633003E-1,-4.596867263E-1,9.701305389E0,9.759999966E0
6.872348543E0,9.696516991E-1,-4.477157295E-1,9.698910713E0,9.757537743E0
6.874350965E0,9.600749016E-1,-4.477157295E-1,9.701305389E0,9.758971229E0
6.876353387E0,9.624691010E-1,-4.525041282E-1,9.720458984E0,9.778467652E0
6.878355301E0,9.696516991E-1,-4.572925270E-1,9.710882187E0,9.769880947E0
6.880357606E0,9.528923035E-1,-4.620809257E-1,9.718064308E0,9.775596985E0
6.882360457E0,9.576807022E-1,-4.572925270E-1,9.718064308E0,9.775839743E0
6.884363973E0,9.600749016E-1,-4.572925270E-1,9.713275909E0,9.771314608E0
6.886365652E0,9.600749016E-1,-4.548983276E-1,9.708487511E0,9.766442856E0
6.888367567E0,9.672574997E-1,-4.548983276E-1,9.722852707E0,9.781430587E0
6.890369637E0,9.600749016E-1,-4.572925270E-1,9.725247383E0,9.783215061E0
6.892372488E0,9.576807022E-1,-4.596867263E-1,9.722852707E0,9.780712089E0
6.894375067E0,9.648633003E-1,-4.620809257E-1,9.732429504E0,9.791050200E0
6.896377527E0,9.648633003E-1,-4.644751251E-1,9.718064308E0,9.776884587E0
6.898379481E0,9.768342972E-1,-4.572925270E-1,9.701305389E0,9.761078217E0
6.900382371E0,9.768342972E-1,-4.596867263E-1,9.706093788E0,9.765949711E0
6.902385223E0,9.744400978E-1,-4.525041282E-1,9.708487511E0,9.767754258E0
6.904387957E0,9.624691010E-1,-4.501099288E-1,9.722852707E0,9.780736704E0
6.906389832E0,9.696516991E-1,-4.501099288E-1,9.725247383E0,9.783826451E0
6.908391434E0,9.600749016E-1,-4.572925270E-1,9.720458984E0,9.778455049E0
6.910394012E0,9.696516991E-1,-4.596867263E-1,9.715670586E0,9.774752745E0
6.912395692E0,9.648633003E-1,-4.620809257E-1,9.708487511E0,9.767251902E0
6.914397293E0,9.696516991E-1,-4.620809257E-1,9.703699112E0,9.762966745E0
6.916398660E0,9.624691010E-1,-4.596867263E-1,9.715670586E0,9.774042848E0
6.918399988E0,9.624691010E-1,-4.596867263E-1,9.725247383E0,9.783562507E0
6.920401277E0,9.624691010E-1,-4.596867263E-1,9.732429504E0,9.790701850E0
6.922402645E0,9.672574997E-1,-4.525041282E-1,9.720458984E0,9.778940123E0
6.924404988E0,9.648633003E-1,-4.525041282E-1,9.722852707E0,9.781083066E0
6.926406512E0,9.528923035E-1,-4.620809257E-1,9.720458984E0,9.777977572E0
6.928408465E0,9.528923035E-1,-4.596867263E-1,9.720458984E0,9.777864721E0
6.930411981E0,9.672574997E-1,-4.548983276E-1,9.720458984E0,9.779051203E0
6.932414442E0,9.720458984E-1,-4.572925270E-1,9.732429504E0,9.791535821E0
6.934416902E0,9.720458984E-1,-4.548983276E-1,9.727641106E0,9.786664764E0
6.936419481E0,9.672574997E-1,-4.548983276E-1,9.718064308E0,9.776670878E0
6.938422371E0,9.600749016E-1,-4.525041282E-1,9.715670586E0,9.773472194E0
6.940424832E0,9.696516991E-1,-4.453215301E-1,9.722852707E0,9.781226940E0
6.942427176E0,9.744400978E-1,-4.453215301E-1,9.734824181E0,9.793602330E0
6.944428895E0,9.720458984E-1,-4.548983276E-1,9.725247383E0,9.784285481E0
6.946431004E0,9.624691010E-1,-4.572925270E-1,9.708487511E0,9.766790311E0
6.948433699E0,9.600749016E-1,-4.620809257E-1,9.718064308E0,9.776299734E0
6.950435535E0,9.648633003E-1,-4.525041282E-1,9.713275909E0,9.771563338E0
6.952437684E0,9.672574997E-1,-4.453215301E-1,9.708487511E0,9.766710197E0
6.954439793E0,9.576807022E-1,-4.548983276E-1,9.701305389E0,9.759068146E0
6.956442020E0,9.552865028E-1,-4.477157295E-1,9.703699112E0,9.760881012E0
6.958444910E0,9.481038451E-1,-4.525041282E-1,9.703699112E0,9.760401495E0
6.960447254E0,9.624691010E-1,-4.525041282E-1,9.713275909E0,9.771327220E0
6.962448699E0,9.768342972E-1,-4.548983276E-1,9.715670586E0,9.775243867E0
6.964451785E0,9.768342972E-1,-4.620809257E-1,9.722852707E0,9.782718885E0
6.966454285E0,9.720458984E-1,-4.596867263E-1,9.720458984E0,9.779749894E0
6.968456277E0,9.720458984E-1,-4.572925270E-1,9.715670586E0,9.774878240E0
6.970459207E0,9.696516991E-1,-4.572925270E-1,9.720458984E0,9.779399968E0
6.972461551E0,9.624691010E-1,-4.501099288E-1,9.720458984E0,9.778357152E0
6.974463856E0,9.672574997E-1,-4.477157295E-1,9.720458984E0,9.778719717E0
6.976465770E0,9.648633003E-1,-4.477157295E-1,9.725247383E0,9.783243185E0
6.978468426E0,9.672574997E-1,-4.525041282E-1,9.710882187E0,9.769420653E0
6.980472215E0,9.744400978E-1,-4.548983276E-1,9.713275909E0,9.772624769E0
6.982475379E0,9.720458984E-1,-4.477157295E-1,9.715670586E0,9.774434896E0
6.984478973E0,9.600749016E-1,-4.572925270E-1,9.722852707E0,9.780834577E0
6.986482059E0,9.696516991E-1,-4.596867263E-1,9.720458984E0,9.779512215E0
6.988485965E0,9.624691010E-1,-4.596867263E-1,9.713275909E0,9.771662476E0
6.990488738E0,9.600749016E-1,-4.548983276E-1,9.715670586E0,9.773583336E0
6.992491629E0,9.672574997E-1,-4.572925270E-1,9.710882187E0,9.769643615E0
6.994493973E0,9.696516991E-1,-4.477157295E-1,9.720458984E0,9.778956829E0
6.996496551E0,9.672574997E-1,-4.477157295E-1,9.732429504E0,9.790619005E0
6.998499363E0,9.624691010E-1,-4.525041282E-1,9.737217903E0,9.795127322E0
7.000502918E0,9.600749016E-1,-4.572925270E-1,9.727641106E0,9.785594604E0
7.002506551E0,9.648633003E-1,-4.620809257E-1,9.713275909E0,9.772011505E0
7.004508973E0,9.624691010E-1,-4.572925270E-1,9.710882187E0,9.769170695E0
7.006512176E0,9.624691010E-1,-4.644751251E-1,9.718064308E0,9.776648598E0
7.008515887E0,9.600749016E-1,-4.644751251E-1,9.725247383E0,9.783553425E0
7.010518817E0,9.696516991E-1,-4.740519226E-1,9.718064308E0,9.777817933E0
7.012522176E0,9.720458984E-1,-4.692635238E-1,9.732429504E0,9.792102202E0
7.014525145E0,9.648633003E-1,-4.668693244E-1,9.722852707E0,9.781758171E0
7.016527840E0,9.696516991E-1,-4.620809257E-1,9.710882187E0,9.770106245E0
7.018529246E0,9.792284966E-1,-4.644751251E-1,9.718064308E0,9.778312712E0
7.020531317E0,9.696516991E-1,-4.644751251E-1,9.730035782E0,9.789257269E0
7.022533348E0,9.744400978E-1,-4.525041282E-1,9.727641106E0,9.786791863E0
7.024535379E0,9.744400978E-1,-4.620809257E-1,9.727641106E0,9.787239333E0
7.026537762E0,9.648633003E-1,-4.572925270E-1,9.715670586E0,9.774166592E0
7.028539598E0,9.624691010E-1,-4.572925270E-1,9.703699112E0,9.762030510E0
7.030542098E0,9.648633003E-1,-4.572925270E-1,9.706093788E0,9.764647166E0
7.032544481E0,9.648633003E-1,-4.477157295E-1,9.701305389E0,9.759443469E0
7.034546863E0,9.600749016E-1,-4.453215301E-1,9.703699112E0,9.761241291E0
7.036549129E0,9.648633003E-1,-4.453215301E-1,9.718064308E0,9.775993369E0
7.038552020E0,9.720458984E-1,-4.381389022E-1,9.713275909E0,9.771620532E0
7.040554207E0,9.720458984E-1,-4.429273009E-1,9.722852707E0,9.781355866E0
7.042555965E0,9.768342972E-1,-4.477157295E-1,9.730035782E0,9.789190515E0
7.044558621E0,9.720458984E-1,-4.548983276E-1,9.725247383E0,9.784285481E0
7.046559910E0,9.696516991E-1,-4.525041282E-1,9.734824181E0,9.793456296E0
7.048562020E0,9.792284966E-1,-4.501099288E-1,9.739612579E0,9.799058148E0
7.050564520E0,9.744400978E-1,-4.620809257E-1,9.720458984E0,9.780100979E0
7.052566824E0,9.672574997E-1,-4.644751251E-1,9.720458984E0,9.779501372E0
7.054568504E0,9.696516991E-1,-4.572925270E-1,9.725247383E0,9.784159521E0
7.056569442E0,9.696516991E-1,-4.716577232E-1,9.715670586E0,9.775323031E0
7.058570574E0,9.696516991E-1,-4.596867263E-1,9.703699112E0,9.762853720E0
7.060572684E0,9.624691010E-1,-4.572925270E-1,9.715670586E0,9.773930538E0
7.062574559E0,9.576807022E-1,-4.620809257E-1,9.715670586E0,9.773685387E0
7.064576863E0,9.672574997E-1,-4.620809257E-1,9.713275909E0,9.772248193E0
7.066578465E0,9.672574997E-1,-4.692635238E-1,9.720458984E0,9.779729965E0
7.068579949E0,9.624691010E-1,-4.596867263E-1,9.710882187E0,9.769283060E0
7.070581082E0,9.648633003E-1,-4.572925270E-1,9.708487511E0,9.767026538E0
7.072583348E0,9.648633003E-1,-4.620809257E-1,9.703699112E0,9.762492327E0
7.074585340E0,9.696516991E-1,-4.596867263E-1,9.691728592E0,9.750955820E0
7.076588817E0,9.696516991E-1,-4.501099288E-1,9.698910713E0,9.757647892E0
7.078591277E0,9.672574997E-1,-4.525041282E-1,9.708487511E0,9.767040330E0
7.080594090E0,9.672574997E-1,-4.548983276E-1,9.710882187E0,9.769531842E0
7.082597567E0,9.624691010E-1,-4.501099288E-1,9.718064308E0,9.775976658E0
7.084600574E0,9.624691010E-1,-4.477157295E-1,9.727641106E0,9.785386943E0
7.086603973E0,9.672574997E-1,-4.525041282E-1,9.722852707E0,9.781319534E0
7.088607254E0,9.648633003E-1,-4.596867263E-1,9.722852707E0,9.781417987E0
7.090610418E0,9.720458984E-1,-4.548983276E-1,9.734824181E0,9.793804549E0
7.092614402E0,9.648633003E-1,-4.525041282E-1,9.737217903E0,9.795362866E0
7.094617762E0,9.648633003E-1,-4.548983276E-1,9.732429504E0,9.790713852E0
7.096620770E0,9.648633003E-1,-4.525041282E-1,9.730035782E0,9.788223408E0
7.098624168E0,9.792284966E-1,-4.525041282E-1,9.725247383E0,9.784890653E0
7.100627684E0,9.696516991E-1,-4.501099288E-1,9.725247383E0,9.783826451E0
7.102630262E0,9.552865028E-1,-4.501099288E-1,9.715670586E0,9.772892416E0
7.104633660E0,9.624691010E-1,-4.596867263E-1,9.701305389E0,9.759763569E0
7.106636590E0,9.720458984E-1,-4.525041282E-1,9.701305389E0,9.760377015E0
7.108638973E0,9.720458984E-1,-4.477157295E-1,9.725247383E0,9.783954173E0
7.110640613E0,9.696516991E-1,-4.572925270E-1,9.720458984E0,9.779399968E0
7.112642410E0,9.648633003E-1,-4.716577232E-1,9.718064308E0,9.777228446E0
7.114644676E0,9.696516991E-1,-4.692635238E-1,9.720458984E0,9.779967052E0
7.116647137E0,9.672574997E-1,-4.692635238E-1,9.713275909E0,9.772590456E0
7.118649363E0,9.672574997E-1,-4.620809257E-1,9.708487511E0,9.767488705E0
7.120651199E0,9.744400978E-1,-4.620809257E-1,9.722852707E0,9.782480107E0
7.122653856E0,9.744400978E-1,-4.692635238E-1,9.720458984E0,9.780442967E0
7.124656902E0,9.624691010E-1,-4.596867263E-1,9.725247383E0,9.783562507E0
7.126660418E0,9.648633003E-1,-4.596867263E-1,9.722852707E0,9.781417987E0
7.128663270E0,9.600749016E-1,-4.596867263E-1,9.722852707E0,9.780946808E0
7.130666863E0,9.672574997E-1,-4.501099288E-1,9.727641106E0,9.785968910E0
7.132670184E0,9.648633003E-1,-4.572925270E-1,9.720458984E0,9.778926348E0
7.134672645E0,9.672574997E-1,-4.596867263E-1,9.718064308E0,9.776894847E0
7.136675027E0,9.720458984E-1,-4.692635238E-1,9.727641106E0,9.787342998E0
7.138677801E0,9.648633003E-1,-4.740519226E-1,9.732429504E0,9.791622464E0
7.140680809E0,9.744400978E-1,-4.668693244E-1,9.727641106E0,9.787466575E0
7.142683387E0,9.768342972E-1,-4.620809257E-1,9.727641106E0,9.787477995E0
7.144685809E0,9.648633003E-1,-4.525041282E-1,9.720458984E0,9.778703597E0
7.146688660E0,9.648633003E-1,-4.525041282E-1,9.730035782E0,9.788223408E0
7.148690926E0,9.648633003E-1,-4.620809257E-1,9.725247383E0,9.783911111E0
7.150692332E0,9.600749016E-1,-4.525041282E-1,9.718064308E0,9.775851763E0
7.152694598E0,9.624691010E-1,-4.525041282E-1,9.715670586E0,9.773707673E0
7.154697215E0,9.552865028E-1,-4.453215301E-1,9.710882187E0,9.767912593E0
7.156699637E0,9.600749016E-1,-4.548983276E-1,9.713275909E0,9.771202853E0
7.158702020E0,9.624691010E-1,-4.548983276E-1,9.710882187E0,9.769058916E0
7.160704832E0,9.696516991E-1,-4.572925270E-1,9.703699112E0,9.762741281E0
7.162707059E0,9.672574997E-1,-4.572925270E-1,9.715670586E0,9.774403228E0
7.164709715E0,9.648633003E-1,-4.548983276E-1,9.718064308E0,9.776434298E0
7.166712371E0,9.672574997E-1,-4.501099288E-1,9.710882187E0,9.769310051E0
7.168714832E0,9.720458984E-1,-4.525041282E-1,9.710882187E0,9.769895908E0
7.170717488E0,9.720458984E-1,-4.477157295E-1,9.722852707E0,9.781573869E0
7.172720809E0,9.624691010E-1,-4.572925270E-1,9.718064308E0,9.776309995E0
7.174723074E0,9.696516991E-1,-4.525041282E-1,9.718064308E0,9.776796935E0
7.176725145E0,9.696516991E-1,-4.525041282E-1,9.725247383E0,9.783936890E0
7.178728543E0,9.528923035E-1,-4.525041282E-1,9.730035782E0,9.787050631E0
7.180730613E0,9.648633003E-1,-4.620809257E-1,9.720458984E0,9.779151437E0
7.182733387E0,9.624691010E-1,-4.572925270E-1,9.713275909E0,9.771550139E0
7.184735613E0,9.624691010E-1,-4.572925270E-1,9.710882187E0,9.769170695E0
7.186738543E0,9.552865028E-1,-4.548983276E-1,9.713275909E0,9.770733528E0
7.188740848E0,9.552865028E-1,-4.548983276E-1,9.739612579E0,9.796915738E0
7.190743152E0,9.600749016E-1,-4.572925270E-1,9.734824181E0,9.792735169E0
7.192745379E0,9.672574997E-1,-4.548983276E-1,9.722852707E0,9.781430587E0
7.194747254E0,9.744400978E-1,-4.501099288E-1,9.708487511E0,9.767643636E0
7.196748621E0,9.672574997E-1,-4.477157295E-1,9.715670586E0,9.773959861E0
7.198750106E0,9.672574997E-1,-4.501099288E-1,9.718064308E0,9.776449249E0
7.200752606E0,9.720458984E-1,-4.501099288E-1,9.722852707E0,9.781683748E0
7.202755301E0,9.696516991E-1,-4.525041282E-1,9.710882187E0,9.769657990E0
7.204758231E0,9.600749016E-1,-4.596867263E-1,9.708487511E0,9.766667059E0
7.206761004E0,9.600749016E-1,-4.548983276E-1,9.710882187E0,9.768823325E0
7.208763387E0,9.624691010E-1,-4.501099288E-1,9.713275909E0,9.771216639E0
7.210764402E0,9.648633003E-1,-4.477157295E-1,9.722852707E0,9.780862709E0
7.212766043E0,9.696516991E-1,-4.572925270E-1,9.725247383E0,9.784159521E0
7.214769051E0,9.696516991E-1,-4.572925270E-1,9.725247383E0,9.784159521E0
7.216771785E0,9.648633003E-1,-4.596867263E-1,9.715670586E0,9.774278899E0
7.218774246E0,9.672574997E-1,-4.548983276E-1,9.715670586E0,9.774291508E0
7.220776434E0,9.624691010E-1,-4.596867263E-1,9.708487511E0,9.766902703E0
7.222778934E0,9.648633003E-1,-4.620809257E-1,9.713275909E0,9.772011505E0
7.224781199E0,9.696516991E-1,-4.548983276E-1,9.715670586E0,9.774528727E0
7.226784285E0,9.720458984E-1,-4.596867263E-1,9.718064308E0,9.777369739E0
7.228786551E0,9.672574997E-1,-4.501099288E-1,9.713275909E0,9.771689460E0
7.230789090E0,9.624691010E-1,-4.620809257E-1,9.730035782E0,9.788435108E0
7.232792137E0,9.600749016E-1,-4.548983276E-1,9.730035782E0,9.787863537E0
7.234794324E0,9.648633003E-1,-4.525041282E-1,9.725247383E0,9.783463489E0
7.236796434E0,9.696516991E-1,-4.501099288E-1,9.727641106E0,9.786205845E0
7.238798973E0,9.648633003E-1,-4.477157295E-1,9.732429504E0,9.790382762E0
7.240801942E0,9.672574997E-1,-4.453215301E-1,9.715670586E0,9.773850483E0
7.242804442E0,9.696516991E-1,-4.501099288E-1,9.703699112E0,9.762407481E0
7.244807215E0,9.696516991E-1,-4.429273009E-1,9.718064308E0,9.776358366E0
7.246809715E0,9.672574997E-1,-4.548983276E-1,9.722852707E0,9.781430587E0
7.248812449E0,9.648633003E-1,-4.572925270E-1,9.732429504E0,9.790825384E0
7.250814676E0,9.672574997E-1,-4.501099288E-1,9.718064308E0,9.776449249E0
7.252816512E0,9.720458984E-1,-4.548983276E-1,9.715670586E0,9.774766526E0
7.254818309E0,9.744400978E-1,-4.548983276E-1,9.722852707E0,9.782143464E0
7.256821277E0,9.744400978E-1,-4.525041282E-1,9.718064308E0,9.777273004E0
7.258823543E0,9.720458984E-1,-4.525041282E-1,9.720458984E0,9.779414915E0
7.260826863E0,9.816226959E-1,-4.596867263E-1,9.732429504E0,9.792603283E0
7.262829442E0,9.720458984E-1,-4.596867263E-1,9.737217903E0,9.796407383E0
7.264832176E0,9.648633003E-1,-4.596867263E-1,9.732429504E0,9.790937500E0
7.266834207E0,9.648633003E-1,-4.620809257E-1,9.725247383E0,9.783911111E0
7.268836981E0,9.624691010E-1,-4.620809257E-1,9.718064308E0,9.776535145E0
7.270839129E0,9.624691010E-1,-4.572925270E-1,9.720458984E0,9.778690408E0
7.272842254E0,9.672574997E-1,-4.548983276E-1,9.720458984E0,9.779051203E0
7.274846551E0,9.720458984E-1,-4.572925270E-1,9.713275909E0,9.772498072E0
7.276849168E0,9.648633003E-1,-4.572925270E-1,9.710882187E0,9.769406865E0
7.278852215E0,9.600749016E-1,-4.548983276E-1,9.715670586E0,9.773583336E0
7.280854598E0,9.576807022E-1,-4.477157295E-1,9.715670586E0,9.773016762E0
7.282857254E0,9.624691010E-1,-4.525041282E-1,9.718064308E0,9.776087185E0
7.284859910E0,9.648633003E-1,-4.477157295E-1,9.713275909E0,9.771342766E0
7.286862215E0,9.624691010E-1,-4.548983276E-1,9.708487511E0,9.766678504E0
7.288865027E0,9.672574997E-1,-4.477157295E-1,9.715670586E0,9.773959861E0
7.290867332E0,9.672574997E-1,-4.501099288E-1,9.722852707E0,9.781209065E0
7.292870809E0,9.624691010E-1,-4.572925270E-1,9.727641106E0,9.785829791E0
7.294874051E0,9.600749016E-1,-4.525041282E-1,9.715670586E0,9.773472194E0
7.296877059E0,9.696516991E-1,-4.596867263E-1,9.720458984E0,9.779512215E0
7.298880184E0,9.696516991E-1,-4.596867263E-1,9.722852707E0,9.781891487E0
7.300883895E0,9.696516991E-1,-4.525041282E-1,9.713275909E0,9.772037316E0
7.302887410E0,9.624691010E-1,-4.525041282E-1,9.713275909E0,9.771327220E0
7.304890613E0,9.648633003E-1,-4.525041282E-1,9.708487511E0,9.766803516E0
7.306892645E0,9.672574997E-1,-4.525041282E-1,9.703699112E0,9.762280651E0
7.308894559E0,9.672574997E-1,-4.596867263E-1,9.706093788E0,9.764996446E0
7.310897840E0,9.720458984E-1,-4.548983276E-1,9.703699112E0,9.762867518E0
7.312900106E0,9.696516991E-1,-4.501099288E-1,9.701305389E0,9.760028157E0
7.314902488E0,9.648633003E-1,-4.620809257E-1,9.720458984E0,9.779151437E0
7.316905496E0,9.696516991E-1,-4.596867263E-1,9.727641106E0,9.786650999E0
7.318907840E0,9.720458984E-1,-4.501099288E-1,9.722852707E0,9.781683748E0
7.320910809E0,9.696516991E-1,-4.572925270E-1,9.718064308E0,9.777019728E0
7.322914442E0,9.624691010E-1,-4.525041282E-1,9.720458984E0,9.778467652E0
7.324917801E0,9.600749016E-1,-4.548983276E-1,9.720458984E0,9.778343376E0
7.326920613E0,9.624691010E-1,-4.620809257E-1,9.713275909E0,9.771775399E0
7.328924207E0,9.672574997E-1,-4.668693244E-1,9.703699112E0,9.762957057E0
7.330926551E0,9.648633003E-1,-4.668693244E-1,9.715670586E0,9.774619332E0
7.332928309E0,9.696516991E-1,-4.692635238E-1,9.720458984E0,9.779967052E0
7.334931942E0,9.720458984E-1,-4.716577232E-1,9.720458984E0,9.780319888E0
7.336934676E0,9.768342972E-1,-4.692635238E-1,9.720458984E0,9.780681795E0
7.338937879E0,9.696516991E-1,-4.668693244E-1,9.715670586E0,9.775093161E0
7.340940457E0,9.744400978E-1,-4.548983276E-1,9.713275909E0,9.772624769E0
7.342942879E0,9.720458984E-1,-4.548983276E-1,9.713275909E0,9.772386331E0
7.344945301E0,9.720458984E-1,-4.453215301E-1,9.713275909E0,9.771945220E0
7.346948543E0,9.600749016E-1,-4.477157295E-1,9.722852707E0,9.780391503E0
7.348952215E0,9.600749016E-1,-4.572925270E-1,9.710882187E0,9.768935107E0
7.350954793E0,9.624691010E-1,-4.596867263E-1,9.708487511E0,9.766902703E0
7.352956629E0,9.696516991E-1,-4.644751251E-1,9.706093788E0,9.765460470E0
7.354958660E0,9.600749016E-1,-4.740519226E-1,9.708487511E0,9.767353725E0
7.356960926E0,9.600749016E-1,-4.548983276E-1,9.713275909E0,9.771202853E0
7.358963856E0,9.624691010E-1,-4.525041282E-1,9.710882187E0,9.768947722E0
7.360966551E0,9.672574997E-1,-4.501099288E-1,9.720458984E0,9.778829628E0
7.362969324E0,9.720458984E-1,-4.548983276E-1,9.713275909E0,9.772386331E0
7.364972098E0,9.768342972E-1,-4.572925270E-1,9.710882187E0,9.770596427E0
7.366975692E0,9.672574997E-1,-4.548983276E-1,9.715670586E0,9.774291508E0
7.368978856E0,9.720458984E-1,-4.501099288E-1,9.713275909E0,9.772164605E0
7.370981238E0,9.696516991E-1,-4.501099288E-1,9.708487511E0,9.767167098E0
7.372984559E0,9.672574997E-1,-4.548983276E-1,9.718064308E0,9.776670878E0
7.374988348E0,9.648633003E-1,-4.429273009E-1,9.713275909E0,9.771124535E0
7.376992293E0,9.672574997E-1,-4.477157295E-1,9.715670586E0,9.773959861E0
7.378996238E0,9.648633003E-1,-4.548983276E-1,9.727641106E0,9.785953973E0
7.380999090E0,9.624691010E-1,-4.525041282E-1,9.720458984E0,9.778467652E0
7.383002762E0,9.672574997E-1,-4.501099288E-1,9.713275909E0,9.771689460E0
7.385006473E0,9.720458984E-1,-4.501099288E-1,9.715670586E0,9.774544854E0
7.387010223E0,9.720458984E-1,-4.548983276E-1,9.710882187E0,9.770007091E0
7.389013738E0,9.672574997E-1,-4.572925270E-1,9.708487511E0,9.767263346E0
7.391017215E0,9.720458984E-1,-4.548983276E-1,9.703699112E0,9.762867518E0
7.393020027E0,9.768342972E-1,-4.572925270E-1,9.715670586E0,9.775355576E0
7.395023113E0,9.744400978E-1,-4.525041282E-1,9.715670586E0,9.774893780E0
7.397025887E0,9.648633003E-1,-4.572925270E-1,9.710882187E0,9.769406865E0
7.399029129E0,9.624691010E-1,-4.548983276E-1,9.710882187E0,9.769058916E0
7.401032567E0,9.624691010E-1,-4.572925270E-1,9.718064308E0,9.776309995E0
7.403034559E0,9.672574997E-1,-4.525041282E-1,9.713275909E0,9.771800036E0
7.405037645E0,9.624691010E-1,-4.620809257E-1,9.715670586E0,9.774155743E0
7.407039676E0,9.576807022E-1,-4.620809257E-1,9.718064308E0,9.776064904E0
7.409041746E0,9.624691010E-1,-4.644751251E-1,9.715670586E0,9.774269223E0
7.411045418E0,9.648633003E-1,-4.620809257E-1,9.713275909E0,9.772011505E0
7.413048426E0,9.672574997E-1,-4.572925270E-1,9.725247383E0,9.783922536E0
7.415051902E0,9.600749016E-1,-4.525041282E-1,9.715670586E0,9.773472194E0
7.417054910E0,9.552865028E-1,-4.501099288E-1,9.722852707E0,9.780032516E0
7.419057059E0,9.624691010E-1,-4.644751251E-1,9.727641106E0,9.786168065E0
7.421059207E0,9.624691010E-1,-4.644751251E-1,9.727641106E0,9.786168065E0
7.423061629E0,9.600749016E-1,-4.572925270E-1,9.708487511E0,9.766554665E0
7.425064207E0,9.672574997E-1,-4.548983276E-1,9.718064308E0,9.776670878E0
7.427068192E0,9.648633003E-1,-4.548983276E-1,9.720458984E0,9.778814680E0
7.429071551E0,9.648633003E-1,-4.548983276E-1,9.727641106E0,9.785953973E0
7.431074324E0,9.624691010E-1,-4.548983276E-1,9.720458984E0,9.778578738E0
7.433077684E0,9.624691010E-1,-4.548983276E-1,9.720458984E0,9.778578738E0
7.435079520E0,9.624691010E-1,-4.525041282E-1,9.706093788E0,9.764187799E0
7.437081473E0,9.672574997E-1,-4.525041282E-1,9.718064308E0,9.776559771E0
7.439084559E0,9.648633003E-1,-4.548983276E-1,9.722852707E0,9.781194121E0
7.441086746E0,9.600749016E-1,-4.548983276E-1,9.718064308E0,9.775962879E0
7.443087723E0,9.696516991E-1,-4.548983276E-1,9.708487511E0,9.767388937E0
7.445088856E0,9.672574997E-1,-4.572925270E-1,9.706093788E0,9.764884032E0
7.447090652E0,9.552865028E-1,-4.620809257E-1,9.710882187E0,9.768691004E0
7.449092215E0,9.576807022E-1,-4.548983276E-1,9.710882187E0,9.768588315E0
7.451094715E0,9.648633003E-1,-4.501099288E-1,9.715670586E0,9.773833182E0
7.453097215E0,9.600749016E-1,-4.525041282E-1,9.725247383E0,9.782992409E0
7.455098231E0,9.600749016E-1,-4.525041282E-1,9.730035782E0,9.787752557E0
7.457099129E0,9.576807022E-1,-4.501099288E-1,9.727641106E0,9.785026968E0
7.459101863E0,9.600749016E-1,-4.668693244E-1,9.718064308E0,9.776527230E0
7.461104559E0,9.672574997E-1,-4.644751251E-1,9.718064308E0,9.777121157E0
7.463107098E0,9.696516991E-1,-4.525041282E-1,9.713275909E0,9.772037316E0
7.465108895E0,9.672574997E-1,-4.525041282E-1,9.713275909E0,9.771800036E0
7.467110106E0,9.720458984E-1,-4.548983276E-1,9.713275909E0,9.772386331E0
7.469110809E0,9.720458984E-1,-4.525041282E-1,9.708487511E0,9.767515701E0
7.471111785E0,9.720458984E-1,-4.548983276E-1,9.706093788E0,9.765247685E0
7.473114090E0,9.816226959E-1,-4.501099288E-1,9.703699112E0,9.763603767E0
7.475114988E0,9.768342972E-1,-4.572925270E-1,9.720458984E0,9.780114752E0
7.477116473E0,9.624691010E-1,-4.501099288E-1,9.722852707E0,9.780736704E0
7.479118309E0,9.576807022E-1,-4.525041282E-1,9.730035782E0,9.787518002E0
7.481120692E0,9.624691010E-1,-4.572925270E-1,9.725247383E0,9.783450306E0
7.483122762E0,9.696516991E-1,-4.572925270E-1,9.715670586E0,9.774640444E0
7.485126160E0,9.720458984E-1,-4.548983276E-1,9.706093788E0,9.765247685E0
7.487128856E0,9.720458984E-1,-4.501099288E-1,9.706093788E0,9.765025796E0
7.489130731E0,9.696516991E-1,-4.525041282E-1,9.701305389E0,9.760138865E0
7.491133543E0,9.672574997E-1,-4.548983276E-1,9.718064308E0,9.776670878E0
7.493135731E0,9.648633003E-1,-4.572925270E-1,9.713275909E0,9.771786251E0
7.495137840E0,9.648633003E-1,-4.477157295E-1,9.725247383E0,9.783243185E0
7.497140692E0,9.672574997E-1,-4.477157295E-1,9.720458984E0,9.778719717E0
7.499142567E0,9.648633003E-1,-4.501099288E-1,9.720458984E0,9.778593099E0
7.501143504E0,9.744400978E-1,-4.501099288E-1,9.715670586E0,9.774783240E0
7.503145184E0,9.720458984E-1,-4.501099288E-1,9.727641106E0,9.786443361E0
7.505146317E0,9.552865028E-1,-4.525041282E-1,9.725247383E0,9.782523649E0
7.507148270E0,9.552865028E-1,-4.548983276E-1,9.715670586E0,9.773114126E0
7.509150262E0,9.552865028E-1,-4.477157295E-1,9.715670586E0,9.772782439E0
7.511152410E0,9.600749016E-1,-4.525041282E-1,9.718064308E0,9.775851763E0
7.513154793E0,9.600749016E-1,-4.501099288E-1,9.722852707E0,9.780501394E0
7.515157137E0,9.552865028E-1,-4.429273009E-1,9.718064308E0,9.774944030E0
7.517159012E0,9.552865028E-1,-4.525041282E-1,9.725247383E0,9.782523649E0
7.519162020E0,9.600749016E-1,-4.525041282E-1,9.720458984E0,9.778232288E0
7.521164559E0,9.672574997E-1,-4.548983276E-1,9.718064308E0,9.776670878E0
7.523165692E0,9.672574997E-1,-4.668693244E-1,9.713275909E0,9.772475783E0
7.525167449E0,9.624691010E-1,-4.620809257E-1,9.713275909E0,9.771775399E0
7.527169442E0,9.648633003E-1,-4.620809257E-1,9.725247383E0,9.783911111E0
7.529171629E0,9.648633003E-1,-4.668693244E-1,9.720458984E0,9.779378867E0
7.531173777E0,9.648633003E-1,-4.692635238E-1,9.713275909E0,9.772353777E0
7.533176434E0,9.600749016E-1,-4.740519226E-1,9.715670586E0,9.774493540E0
7.535178309E0,9.624691010E-1,-4.836287498E-1,9.710882187E0,9.770438904E0
7.537180457E0,9.600749016E-1,-4.860229492E-1,9.713275909E0,9.772701316E0
7.539183738E0,9.648633003E-1,-4.692635238E-1,9.722852707E0,9.781872735E0
7.541187176E0,9.696516991E-1,-4.692635238E-1,9.725247383E0,9.784726329E0
7.543189715E0,9.768342972E-1,-4.668693244E-1,9.718064308E0,9.778187261E0
7.545191512E0,9.744400978E-1,-4.668693244E-1,9.720458984E0,9.780328386E0
7.547194442E0,9.744400978E-1,-4.596867263E-1,9.737217903E0,9.796645236E0
7.549197059E0,9.720458984E-1,-4.596867263E-1,9.737217903E0,9.796407383E0
7.551199949E0,9.768342972E-1,-4.572925270E-1,9.732429504E0,9.792012345E0
7.553203426E0,9.792284966E-1,-4.572925270E-1,9.732429504E0,9.792251476E0
7.555205965E0,9.768342972E-1,-4.429273009E-1,9.730035782E0,9.788972681E0
7.557208309E0,9.696516991E-1,-4.477157295E-1,9.718064308E0,9.776576481E0
7.559211004E0,9.600749016E-1,-4.548983276E-1,9.715670586E0,9.773583336E0
7.561213817E0,9.672574997E-1,-4.548983276E-1,9.713275909E0,9.771911197E0
7.563215652E0,9.672574997E-1,-4.572925270E-1,9.708487511E0,9.767263346E0
7.565217762E0,9.552865028E-1,-4.525041282E-1,9.720458984E0,9.777763300E0
7.567220574E0,9.600749016E-1,-4.429273009E-1,9.706093788E0,9.763512945E0
7.569223465E0,9.600749016E-1,-4.501099288E-1,9.703699112E0,9.761460916E0
7.571226434E0,9.648633003E-1,-4.548983276E-1,9.722852707E0,9.781194121E0
7.573229715E0,9.624691010E-1,-4.525041282E-1,9.715670586E0,9.773707673E0
7.575233152E0,9.600749016E-1,-4.572925270E-1,9.715670586E0,9.773695064E0
7.577235887E0,9.600749016E-1,-4.548983276E-1,9.718064308E0,9.775962879E0
7.579237957E0,9.720458984E-1,-4.548983276E-1,9.720458984E0,9.779525990E0
7.581241160E0,9.624691010E-1,-4.572925270E-1,9.715670586E0,9.773930538E0
7.583244168E0,9.600749016E-1,-4.501099288E-1,9.708487511E0,9.766220994E0
7.585247059E0,9.600749016E-1,-4.405331016E-1,9.708487511E0,9.765784299E0
7.587249754E0,9.624691010E-1,-4.525041282E-1,9.708487511E0,9.766567283E0
7.589252762E0,9.576807022E-1,-4.548983276E-1,9.725247383E0,9.782868776E0
7.591256004E0,9.576807022E-1,-4.477157295E-1,9.727641106E0,9.784917127E0
7.593259051E0,9.552865028E-1,-4.453215301E-1,9.720458984E0,9.777433530E0
7.595262723E0,9.600749016E-1,-4.548983276E-1,9.727641106E0,9.785483012E0
7.597266512E0,9.720458984E-1,-4.477157295E-1,9.708487511E0,9.767295037E0
7.599270613E0,9.720458984E-1,-4.525041282E-1,9.706093788E0,9.765136448E0
7.601274363E0,9.744400978E-1,-4.620809257E-1,9.703699112E0,9.763443488E0
7.603277879E0,9.648633003E-1,-4.548983276E-1,9.713275909E0,9.771674502E0
7.605281746E0,9.672574997E-1,-4.620809257E-1,9.718064308E0,9.777007709E0
7.607284949E0,9.792284966E-1,-4.548983276E-1,9.713275909E0,9.773103388E0
7.609287488E0,9.840168953E-1,-4.525041282E-1,9.708487511E0,9.768714295E0
7.611290379E0,9.768342972E-1,-4.572925270E-1,9.710882187E0,9.770596427E0
7.613294012E0,9.648633003E-1,-4.477157295E-1,9.706093788E0,9.764203356E0
7.615296824E0,9.720458984E-1,-4.620809257E-1,9.715670586E0,9.775103423E0
7.617298973E0,9.768342972E-1,-4.716577232E-1,9.715670586E0,9.776038113E0
7.619302059E0,9.792284966E-1,-4.692635238E-1,9.715670586E0,9.776162418E0
7.621305770E0,9.672574997E-1,-4.525041282E-1,9.725247383E0,9.783699899E0
7.623308113E0,9.648633003E-1,-4.620809257E-1,9.737217903E0,9.795809944E0
7.625310731E0,9.696516991E-1,-4.692635238E-1,9.732429504E0,9.791864824E0
7.627312879E0,9.720458984E-1,-4.596867263E-1,9.715670586E0,9.774990539E0
7.629315418E0,9.744400978E-1,-4.572925270E-1,9.720458984E0,9.779875911E0
7.631318192E0,9.744400978E-1,-4.572925270E-1,9.722852707E0,9.782255094E0
7.633321395E0,9.696516991E-1,-4.596867263E-1,9.713275909E0,9.772372547E0
7.635325145E0,9.744400978E-1,-4.572925270E-1,9.722852707E0,9.782255094E0
7.637328035E0,9.696516991E-1,-4.525041282E-1,9.718064308E0,9.776796935E0
7.639331199E0,9.672574997E-1,-4.548983276E-1,9.708487511E0,9.767151545E0
7.641334246E0,9.768342972E-1,-4.501099288E-1,9.708487511E0,9.767882777E0
7.643337059E0,9.792284966E-1,-4.477157295E-1,9.703699112E0,9.763253263E0
7.645338738E0,9.792284966E-1,-4.453215301E-1,9.696516991E0,9.756005405E0
7.647342098E0,9.720458984E-1,-4.525041282E-1,9.708487511E0,9.767515701E0
7.649344715E0,9.744400978E-1,-4.477157295E-1,9.722852707E0,9.781812084E0
7.651347527E0,9.696516991E-1,-4.525041282E-1,9.725247383E0,9.783936890E0
7.653349988E0,9.600749016E-1,-4.572925270E-1,9.722852707E0,9.780834577E0
7.655353192E0,9.672574997E-1,-4.572925270E-1,9.718064308E0,9.776782570E0
7.657355457E0,9.624691010E-1,-4.501099288E-1,9.722852707E0,9.780736704E0
7.659359012E0,9.576807022E-1,-4.548983276E-1,9.737217903E0,9.794768875E0
7.661362684E0,9.696516991E-1,-4.548983276E-1,9.720458984E0,9.779288306E0
7.663365770E0,9.576807022E-1,-4.525041282E-1,9.710882187E0,9.768477116E0
7.665367957E0,9.481038451E-1,-4.525041282E-1,9.722852707E0,9.779444036E0
7.667370418E0,9.576807022E-1,-4.525041282E-1,9.732429504E0,9.789897669E0
7.669372410E0,9.600749016E-1,-4.477157295E-1,9.720458984E0,9.778011866E0
7.671374988E0,9.600749016E-1,-4.525041282E-1,9.722852707E0,9.780611871E0
7.673377449E0,9.624691010E-1,-4.525041282E-1,9.727641106E0,9.785607198E0
7.675380067E0,9.552865028E-1,-4.548983276E-1,9.718064308E0,9.775493782E0
7.677382098E0,9.648633003E-1,-4.525041282E-1,9.701305389E0,9.759664309E0
7.679384285E0,9.744400978E-1,-4.548983276E-1,9.710882187E0,9.770245588E0
7.681387020E0,9.672574997E-1,-4.525041282E-1,9.708487511E0,9.767040330E0
7.683390027E0,9.672574997E-1,-4.572925270E-1,9.713275909E0,9.772022944E0
7.685393543E0,9.648633003E-1,-4.548983276E-1,9.720458984E0,9.778814680E0
7.687396356E0,9.792284966E-1,-4.620809257E-1,9.727641106E0,9.787717237E0
7.689398817E0,9.744400978E-1,-4.644751251E-1,9.720458984E0,9.780214390E0
7.691402137E0,9.696516991E-1,-4.644751251E-1,9.720458984E0,9.779738464E0
7.693405496E0,9.792284966E-1,-4.668693244E-1,9.713275909E0,9.773667904E0
7.695407996E0,9.720458984E-1,-4.644751251E-1,9.710882187E0,9.770457677E0
7.697411121E0,9.672574997E-1,-4.644751251E-1,9.708487511E0,9.767602262E0
7.699413699E0,9.696516991E-1,-4.644751251E-1,9.718064308E0,9.777358307E0
7.701416981E0,9.624691010E-1,-4.668693244E-1,9.708487511E0,9.767243392E0
7.703420379E0,9.648633003E-1,-4.668693244E-1,9.722852707E0,9.781758171E0
7.705424363E0,9.600749016E-1,-4.644751251E-1,9.727641106E0,9.785932885E0
7.707428152E0,9.672574997E-1,-4.692635238E-1,9.720458984E0,9.779729965E0
7.709430809E0,9.696516991E-1,-4.548983276E-1,9.725247383E0,9.784047913E0
7.711433192E0,9.720458984E-1,-4.572925270E-1,9.727641106E0,9.786776342E0
7.713436043E0,9.720458984E-1,-4.596867263E-1,9.715670586E0,9.774990539E0
7.715439598E0,9.624691010E-1,-4.668693244E-1,9.713275909E0,9.772003000E0
7.717442723E0,9.648633003E-1,-4.668693244E-1,9.708487511E0,9.767479608E0
7.719446434E0,9.624691010E-1,-4.501099288E-1,9.713275909E0,9.771216639E0
7.721450770E0,9.600749016E-1,-4.548983276E-1,9.713275909E0,9.771202853E0
7.723455027E0,9.624691010E-1,-4.620809257E-1,9.713275909E0,9.771775399E0
7.725458035E0,9.600749016E-1,-4.668693244E-1,9.706093788E0,9.764628380E0
7.727461277E0,9.600749016E-1,-4.525041282E-1,9.708487511E0,9.766331632E0
7.729463973E0,9.624691010E-1,-4.572925270E-1,9.708487511E0,9.766790311E0
7.731467059E0,9.720458984E-1,-4.501099288E-1,9.708487511E0,9.767405076E0
7.733471082E0,9.696516991E-1,-4.477157295E-1,9.708487511E0,9.767057056E0
7.735473738E0,9.816226959E-1,-4.548983276E-1,9.715670586E0,9.775723530E0
7.737476434E0,9.744400978E-1,-4.501099288E-1,9.715670586E0,9.774783240E0
7.739478699E0,9.672574997E-1,-4.525041282E-1,9.718064308E0,9.776559771E0
7.741481043E0,9.648633003E-1,-4.501099288E-1,9.722852707E0,9.780972595E0
7.743483699E0,9.672574997E-1,-4.501099288E-1,9.722852707E0,9.781209065E0
7.745486356E0,9.672574997E-1,-4.525041282E-1,9.722852707E0,9.781319534E0
7.747489520E0,9.672574997E-1,-4.477157295E-1,9.708487511E0,9.766819656E0
7.749493309E0,9.648633003E-1,-4.453215301E-1,9.718064308E0,9.775993369E0
7.751497723E0,9.648633003E-1,-4.525041282E-1,9.718064308E0,9.776323188E0
7.753501590E0,9.672574997E-1,-4.596867263E-1,9.710882187E0,9.769755975E0
7.755505418E0,9.744400978E-1,-4.572925270E-1,9.710882187E0,9.770357353E0
7.757509832E0,9.672574997E-1,-4.596867263E-1,9.708487511E0,9.767375733E0
7.759513035E0,9.648633003E-1,-4.501099288E-1,9.713275909E0,9.771452759E0
7.761516746E0,9.696516991E-1,-4.548983276E-1,9.715670586E0,9.774528727E0
7.763521473E0,9.696516991E-1,-4.572925270E-1,9.722852707E0,9.781779267E0
7.765524832E0,9.696516991E-1,-4.620809257E-1,9.718064308E0,9.777244862E0
7.767528817E0,9.672574997E-1,-4.644751251E-1,9.710882187E0,9.769982449E0
7.769532098E0,9.720458984E-1,-4.572925270E-1,9.715670586E0,9.774878240E0
7.771535184E0,9.672574997E-1,-4.596867263E-1,9.722852707E0,9.781654447E0
7.773538113E0,9.672574997E-1,-4.596867263E-1,9.718064308E0,9.776894847E0
7.775541004E0,9.648633003E-1,-4.596867263E-1,9.715670586E0,9.774278899E0
7.777543582E0,9.600749016E-1,-4.620809257E-1,9.720458984E0,9.778680149E0
7.779546512E0,9.720458984E-1,-4.572925270E-1,9.718064308E0,9.777257467E0
7.781549910E0,9.696516991E-1,-4.548983276E-1,9.713275909E0,9.772148474E0
7.783552606E0,9.720458984E-1,-4.501099288E-1,9.706093788E0,9.765025796E0
7.785554793E0,9.648633003E-1,-4.501099288E-1,9.715670586E0,9.773833182E0
7.787557449E0,9.720458984E-1,-4.477157295E-1,9.718064308E0,9.776814231E0
7.789559910E0,9.600749016E-1,-4.501099288E-1,9.720458984E0,9.778121784E0
7.791562996E0,9.720458984E-1,-4.477157295E-1,9.703699112E0,9.762535483E0
7.793565692E0,9.696516991E-1,-4.525041282E-1,9.708487511E0,9.767277725E0
7.795568543E0,9.696516991E-1,-4.477157295E-1,9.703699112E0,9.762297386E0
7.797571902E0,9.648633003E-1,-4.453215301E-1,9.713275909E0,9.771233358E0
7.799575379E0,9.696516991E-1,-4.453215301E-1,9.722852707E0,9.781226940E0
7.801578660E0,9.672574997E-1,-4.596867263E-1,9.720458984E0,9.779275118E0
7.803582332E0,9.768342972E-1,-4.620809257E-1,9.722852707E0,9.782718885E0
7.805584559E0,9.720458984E-1,-4.644751251E-1,9.713275909E0,9.772836807E0
7.807585731E0,9.696516991E-1,-4.596867263E-1,9.715670586E0,9.774752745E0
7.809587723E0,9.648633003E-1,-4.548983276E-1,9.718064308E0,9.776434298E0
7.811590027E0,9.624691010E-1,-4.548983276E-1,9.720458984E0,9.778578738E0
7.813592293E0,9.672574997E-1,-4.501099288E-1,9.730035782E0,9.788349316E0
7.815595184E0,9.648633003E-1,-4.501099288E-1,9.727641106E0,9.785732554E0
7.817596668E0,9.648633003E-1,-4.548983276E-1,9.720458984E0,9.778814680E0
7.819598504E0,9.624691010E-1,-4.596867263E-1,9.710882187E0,9.769283060E0
7.821600574E0,9.648633003E-1,-4.572925270E-1,9.706093788E0,9.764647166E0
7.823603270E0,9.696516991E-1,-4.453215301E-1,9.708487511E0,9.766947600E0
7.825605301E0,9.696516991E-1,-4.333505034E-1,9.706093788E0,9.764029583E0
7.827608035E0,9.600749016E-1,-4.429273009E-1,9.730035782E0,9.787314480E0
7.829610496E0,9.648633003E-1,-4.620809257E-1,9.718064308E0,9.776771137E0
7.831614168E0,9.648633003E-1,-4.572925270E-1,9.715670586E0,9.774166592E0
7.833617371E0,9.624691010E-1,-4.572925270E-1,9.720458984E0,9.778690408E0
7.835620301E0,9.672574997E-1,-4.596867263E-1,9.725247383E0,9.784034731E0
7.837623035E0,9.672574997E-1,-4.620809257E-1,9.727641106E0,9.786526827E0
7.839626082E0,9.600749016E-1,-4.572925270E-1,9.718064308E0,9.776074579E0
7.841628621E0,9.552865028E-1,-4.644751251E-1,9.718064308E0,9.775944115E0
7.843631356E0,9.624691010E-1,-4.644751251E-1,9.715670586E0,9.774269223E0
7.845634442E0,9.648633003E-1,-4.572925270E-1,9.708487511E0,9.767026538E0
7.847636824E0,9.528923035E-1,-4.620809257E-1,9.713275909E0,9.770836782E0
7.849639168E0,9.624691010E-1,-4.596867263E-1,9.710882187E0,9.769283060E0
7.851641434E0,9.672574997E-1,-4.572925270E-1,9.718064308E0,9.776782570E0
7.853644637E0,9.696516991E-1,-4.716577232E-1,9.722852707E0,9.782461356E0
7.855647254E0,9.648633003E-1,-4.620809257E-1,9.713275909E0,9.772011505E0
7.857649637E0,9.624691010E-1,-4.572925270E-1,9.725247383E0,9.783450306E0
7.859652567E0,9.648633003E-1,-4.596867263E-1,9.722852707E0,9.781417987E0
7.861656043E0,9.552865028E-1,-4.596867263E-1,9.713275909E0,9.770957634E0
7.863657957E0,9.648633003E-1,-4.548983276E-1,9.713275909E0,9.771674502E0
7.865660496E0,9.624691010E-1,-4.525041282E-1,9.720458984E0,9.778467652E0
7.867662918E0,9.576807022E-1,-4.596867263E-1,9.720458984E0,9.778332531E0
7.869664754E0,9.648633003E-1,-4.620809257E-1,9.713275909E0,9.772011505E0
7.871666551E0,9.696516991E-1,-4.596867263E-1,9.708487511E0,9.767613119E0
7.873668426E0,9.696516991E-1,-4.501099288E-1,9.710882187E0,9.769547390E0
7.875671317E0,9.648633003E-1,-4.572925270E-1,9.713275909E0,9.771786251E0
7.877673856E0,9.576807022E-1,-4.501099288E-1,9.708487511E0,9.765985922E0
7.879675223E0,9.672574997E-1,-4.477157295E-1,9.708487511E0,9.766819656E0
7.881677020E0,9.744400978E-1,-4.501099288E-1,9.706093788E0,9.765264414E0
7.883679129E0,9.768342972E-1,-4.477157295E-1,9.708487511E0,9.767772743E0
7.885680692E0,9.720458984E-1,-4.405331016E-1,9.720458984E0,9.778868314E0
7.887682723E0,9.696516991E-1,-4.501099288E-1,9.725247383E0,9.783826451E0
7.889684949E0,9.648633003E-1,-4.548983276E-1,9.715670586E0,9.774054870E0
7.891687371E0,9.576807022E-1,-4.572925270E-1,9.722852707E0,9.780599856E0
7.893689871E0,9.648633003E-1,-4.548983276E-1,9.718064308E0,9.776434298E0
7.895692449E0,9.720458984E-1,-4.668693244E-1,9.713275909E0,9.772950889E0
7.897694481E0,9.672574997E-1,-4.668693244E-1,9.708487511E0,9.767716406E0
7.899697098E0,9.648633003E-1,-4.596867263E-1,9.708487511E0,9.767138927E0
7.901699559E0,9.576807022E-1,-4.501099288E-1,9.710882187E0,9.768366502E0
7.903700731E0,9.600749016E-1,-4.501099288E-1,9.718064308E0,9.775741233E0
7.905702606E0,9.624691010E-1,-4.477157295E-1,9.725247383E0,9.783007350E0
7.907704637E0,9.576807022E-1,-4.501099288E-1,9.722852707E0,9.780266665E0
7.909706981E0,9.552865028E-1,-4.501099288E-1,9.727641106E0,9.784792932E0
7.911710027E0,9.576807022E-1,-4.405331016E-1,9.720458984E0,9.777450824E0
7.913712957E0,9.672574997E-1,-4.548983276E-1,9.722852707E0,9.781430587E0
7.915717254E0,9.696516991E-1,-4.548983276E-1,9.715670586E0,9.774528727E0
7.917721043E0,9.672574997E-1,-4.548983276E-1,9.710882187E0,9.769531842E0
7.919724129E0,9.648633003E-1,-4.620809257E-1,9.708487511E0,9.767251902E0
7.921727098E0,9.648633003E-1,-4.620809257E-1,9.722852707E0,9.781530797E0
7.923730731E0,9.624691010E-1,-4.525041282E-1,9.715670586E0,9.773707673E0
7.925734949E0,9.600749016E-1,-4.525041282E-1,9.715670586E0,9.773472194E0
7.927737879E0,9.648633003E-1,-4.548983276E-1,9.730035782E0,9.788334383E0
7.929740496E0,9.720458984E-1,-4.501099288E-1,9.730035782E0,9.788823652E0
7.931743621E0,9.696516991E-1,-4.525041282E-1,9.734824181E0,9.793456296E0
7.933747840E0,9.648633003E-1,-4.596867263E-1,9.718064308E0,9.776658272E0
7.935752332E0,9.648633003E-1,-4.548983276E-1,9.715670586E0,9.774054870E0
7.937755613E0,9.672574997E-1,-4.572925270E-1,9.725247383E0,9.783922536E0
7.939758504E0,9.672574997E-1,-4.572925270E-1,9.718064308E0,9.776782570E0
7.941761160E0,9.576807022E-1,-4.572925270E-1,9.720458984E0,9.778220270E0
7.943763934E0,9.672574997E-1,-4.548983276E-1,9.715670586E0,9.774291508E0
7.945766356E0,9.648633003E-1,-4.525041282E-1,9.718064308E0,9.776323188E0
7.947768856E0,9.696516991E-1,-4.501099288E-1,9.718064308E0,9.776686415E0
7.949772567E0,9.744400978E-1,-4.596867263E-1,9.710882187E0,9.770469704E0
7.951775652E0,9.744400978E-1,-4.644751251E-1,9.715670586E0,9.775455262E0
7.953780145E0,9.672574997E-1,-4.644751251E-1,9.710882187E0,9.769982449E0
7.955784051E0,9.696516991E-1,-4.620809257E-1,9.708487511E0,9.767726089E0
7.957788426E0,9.744400978E-1,-4.477157295E-1,9.706093788E0,9.765154351E0
7.959791473E0,9.624691010E-1,-4.525041282E-1,9.708487511E0,9.766567283E0
7.961794715E0,9.600749016E-1,-4.620809257E-1,9.710882187E0,9.769160427E0
7.963798738E0,9.624691010E-1,-4.644751251E-1,9.703699112E0,9.762369608E0
7.965803504E0,9.600749016E-1,-4.596867263E-1,9.701305389E0,9.759527753E0
7.967806238E0,9.768342972E-1,-4.525041282E-1,9.715670586E0,9.775132744E0
7.969809871E0,9.744400978E-1,-4.501099288E-1,9.713275909E0,9.772403049E0
7.971813504E0,9.768342972E-1,-4.548983276E-1,9.713275909E0,9.772863788E0
7.973818035E0,9.720458984E-1,-4.548983276E-1,9.706093788E0,9.765247685E0
7.975822762E0,9.744400978E-1,-4.548983276E-1,9.713275909E0,9.772624769E0
7.977827098E0,9.672574997E-1,-4.525041282E-1,9.715670586E0,9.774180374E0
7.979831317E0,9.696516991E-1,-4.548983276E-1,9.715670586E0,9.774528727E0
7.981835223E0,9.624691010E-1,-4.572925270E-1,9.718064308E0,9.776309995E0
7.983838387E0,9.600749016E-1,-4.548983276E-1,9.720458984E0,9.778343376E0
7.985841434E0,9.672574997E-1,-4.596867263E-1,9.720458984E0,9.779275118E0
7.987845340E0,9.600749016E-1,-4.596867263E-1,9.706093788E0,9.764287600E0
7.989848777E0,9.672574997E-1,-4.644751251E-1,9.725247383E0,9.784260875E0
7.991852098E0,9.600749016E-1,-4.620809257E-1,9.727641106E0,9.785819540E0
7.993854715E0,9.696516991E-1,-4.596867263E-1,9.715670586E0,9.774752745E0
7.995857840E0,9.696516991E-1,-4.596867263E-1,9.713275909E0,9.772372547E0
7.997860613E0,9.696516991E-1,-4.572925270E-1,9.730035782E0,9.788919102E0
7.999863348E0,9.720458984E-1,-4.668693244E-1,9.715670586E0,9.775330947E0
8.001866863E0,9.720458984E-1,-4.596867263E-1,9.720458984E0,9.779749894E0
8.003870809E0,9.648633003E-1,-4.668693244E-1,9.718064308E0,9.776998622E0
8.005874637E0,9.648633003E-1,-4.620809257E-1,9.718064308E0,9.776771137E0
8.007877293E0,9.576807022E-1,-4.620809257E-1,9.713275909E0,9.771304928E0
8.009880067E0,9.624691010E-1,-4.620809257E-1,9.725247383E0,9.783675292E0
8.011883035E0,9.648633003E-1,-4.572925270E-1,9.720458984E0,9.778926348E0
8.013885379E0,9.648633003E-1,-4.525041282E-1,9.720458984E0,9.778703597E0
8.015887840E0,9.600749016E-1,-4.429273009E-1,9.713275909E0,9.770652860E0
8.017890731E0,9.648633003E-1,-4.548983276E-1,9.722852707E0,9.781194121E0
8.019893934E0,9.696516991E-1,-4.596867263E-1,9.722852707E0,9.781891487E0
8.021896707E0,9.696516991E-1,-4.596867263E-1,9.710882187E0,9.769993304E0
8.023900223E0,9.792284966E-1,-4.668693244E-1,9.710882187E0,9.771288976E0
8.025903270E0,9.792284966E-1,-4.716577232E-1,9.720458984E0,9.781036362E0
8.027906043E0,9.768342972E-1,-4.620809257E-1,9.715670586E0,9.775580748E0
8.029908543E0,9.744400978E-1,-4.477157295E-1,9.725247383E0,9.784192330E0
8.031912996E0,9.744400978E-1,-4.453215301E-1,9.715670586E0,9.774563913E0
8.033916512E0,9.672574997E-1,-4.525041282E-1,9.722852707E0,9.781319534E0
8.035920535E0,9.576807022E-1,-4.525041282E-1,9.710882187E0,9.768477116E0
8.037924949E0,9.720458984E-1,-4.548983276E-1,9.713275909E0,9.772386331E0
8.039928738E0,9.648633003E-1,-4.548983276E-1,9.727641106E0,9.785953973E0
8.041932801E0,9.576807022E-1,-4.477157295E-1,9.718064308E0,9.775396442E0
8.043936981E0,9.624691010E-1,-4.548983276E-1,9.720458984E0,9.778578738E0
8.045940340E0,9.648633003E-1,-4.477157295E-1,9.720458984E0,9.778483187E0
8.047943348E0,9.696516991E-1,-4.453215301E-1,9.720458984E0,9.778847506E0
8.049948035E0,9.672574997E-1,-4.453215301E-1,9.727641106E0,9.785749834E0
8.051951590E0,9.696516991E-1,-4.572925270E-1,9.727641106E0,9.786538834E0
8.053955926E0,9.696516991E-1,-4.596867263E-1,9.720458984E0,9.779512215E0
8.055960262E0,9.768342972E-1,-4.572925270E-1,9.722852707E0,9.782493877E0
8.057963699E0,9.816226959E-1,-4.453215301E-1,9.722852707E0,9.782420924E0
8.059967918E0,9.768342972E-1,-4.477157295E-1,9.718064308E0,9.777291471E0
8.061971785E0,9.720458984E-1,-4.477157295E-1,9.715670586E0,9.774434896E0
8.063975613E0,9.720458984E-1,-4.525041282E-1,9.725247383E0,9.784174461E0
8.065978621E0,9.624691010E-1,-4.572925270E-1,9.720458984E0,9.778690408E0
8.067982645E0,9.600749016E-1,-4.548983276E-1,9.718064308E0,9.775962879E0
8.069985652E0,9.576807022E-1,-4.501099288E-1,9.722852707E0,9.780266665E0
8.071987527E0,9.600749016E-1,-4.548983276E-1,9.710882187E0,9.768823325E0
8.073990887E0,9.457096457E-1,-4.620809257E-1,9.720458984E0,9.777280214E0
8.075995223E0,9.481038451E-1,-4.548983276E-1,9.718064308E0,9.774794488E0
8.077998817E0,9.552865028E-1,-4.525041282E-1,9.720458984E0,9.777763300E0
8.080001277E0,9.672574997E-1,-4.525041282E-1,9.715670586E0,9.774180374E0
8.082004207E0,9.672574997E-1,-4.501099288E-1,9.706093788E0,9.764550304E0
8.084007606E0,9.672574997E-1,-4.548983276E-1,9.701305389E0,9.760012593E0
8.086010301E0,9.672574997E-1,-4.477157295E-1,9.713275909E0,9.771579470E0
8.088012684E0,9.624691010E-1,-4.525041282E-1,9.725247383E0,9.783227659E0
8.090015496E0,9.672574997E-1,-4.548983276E-1,9.720458984E0,9.779051203E0
8.092018309E0,9.624691010E-1,-4.572925270E-1,9.727641106E0,9.785829791E0
8.094021473E0,9.648633003E-1,-4.548983276E-1,9.722852707E0,9.781194121E0
8.096024051E0,9.696516991E-1,-4.620809257E-1,9.720458984E0,9.779625047E0
8.098027098E0,9.672574997E-1,-4.572925270E-1,9.718064308E0,9.776782570E0
8.100029559E0,9.600749016E-1,-4.525041282E-1,9.703699112E0,9.761571608E0
8.102031981E0,9.600749016E-1,-4.596867263E-1,9.708487511E0,9.766667059E0
8.104034988E0,9.696516991E-1,-4.620809257E-1,9.708487511E0,9.767726089E0
8.106039168E0,9.696516991E-1,-4.477157295E-1,9.701305389E0,9.759918035E0
8.108042215E0,9.696516991E-1,-4.572925270E-1,9.706093788E0,9.765121479E0
8.110045184E0,9.696516991E-1,-4.572925270E-1,9.720458984E0,9.779399968E0
8.112049012E0,9.648633003E-1,-4.548983276E-1,9.710882187E0,9.769295088E0
8.114052996E0,9.744400978E-1,-4.548983276E-1,9.708487511E0,9.767865465E0
8.116056981E0,9.792284966E-1,-4.548983276E-1,9.713275909E0,9.773103388E0
8.118061004E0,9.648633003E-1,-4.620809257E-1,9.715670586E0,9.774391792E0
8.120063699E0,9.672574997E-1,-4.596867263E-1,9.727641106E0,9.786414074E0
8.122067606E0,9.648633003E-1,-4.596867263E-1,9.718064308E0,9.776658272E0
8.124071043E0,9.720458984E-1,-4.548983276E-1,9.725247383E0,9.784285481E0
8.126075379E0,9.672574997E-1,-4.548983276E-1,9.720458984E0,9.779051203E0
8.128080613E0,9.720458984E-1,-4.525041282E-1,9.720458984E0,9.779414915E0
8.130084715E0,9.672574997E-1,-4.525041282E-1,9.732429504E0,9.790839143E0
8.132088582E0,9.600749016E-1,-4.405331016E-1,9.727641106E0,9.784825737E0
8.134093348E0,9.552865028E-1,-4.405331016E-1,9.725247383E0,9.781977222E0
8.136098152E0,9.528923035E-1,-4.525041282E-1,9.715670586E0,9.772769242E0
8.138102606E0,9.576807022E-1,-4.596867263E-1,9.713275909E0,9.771192000E0
8.140106707E0,9.576807022E-1,-4.548983276E-1,9.708487511E0,9.766207788E0
8.142110770E0,9.576807022E-1,-4.501099288E-1,9.710882187E0,9.768366502E0
8.144114715E0,9.600749016E-1,-4.501099288E-1,9.713275909E0,9.770981100E0
8.146119012E0,9.624691010E-1,-4.548983276E-1,9.713275909E0,9.771438387E0
8.148123660E0,9.672574997E-1,-4.572925270E-1,9.715670586E0,9.774403228E0
8.150127567E0,9.720458984E-1,-4.525041282E-1,9.715670586E0,9.774655398E0
8.152131824E0,9.624691010E-1,-4.548983276E-1,9.722852707E0,9.780958236E0
8.154136160E0,9.624691010E-1,-4.572925270E-1,9.720458984E0,9.778690408E0
8.156141082E0,9.720458984E-1,-4.692635238E-1,9.706093788E0,9.765927406E0
8.158146160E0,9.696516991E-1,-4.620809257E-1,9.708487511E0,9.767726089E0
8.160151707E0,9.720458984E-1,-4.548983276E-1,9.706093788E0,9.765247685E0
8.162157020E0,9.768342972E-1,-4.548983276E-1,9.715670586E0,9.775243867E0
8.164161902E0,9.696516991E-1,-4.525041282E-1,9.715670586E0,9.774417596E0
8.166166199E0,9.720458984E-1,-4.525041282E-1,9.713275909E0,9.772275176E0
8.168170848E0,9.768342972E-1,-4.572925270E-1,9.708487511E0,9.768216390E0
8.170174051E0,9.768342972E-1,-4.620809257E-1,9.720458984E0,9.780339815E0
8.172177254E0,9.720458984E-1,-4.548983276E-1,9.710882187E0,9.770007091E0
8.174180379E0,9.696516991E-1,-4.572925270E-1,9.720458984E0,9.779399968E0
8.176184285E0,9.696516991E-1,-4.525041282E-1,9.725247383E0,9.783936890E0
8.178188231E0,9.624691010E-1,-4.525041282E-1,9.706093788E0,9.764187799E0
8.180191512E0,9.624691010E-1,-4.644751251E-1,9.701305389E0,9.759990275E0
8.182195496E0,9.672574997E-1,-4.644751251E-1,9.710882187E0,9.769982449E0
8.184199129E0,9.672574997E-1,-4.501099288E-1,9.718064308E0,9.776449249E0
8.186203309E0,9.624691010E-1,-4.501099288E-1,9.720458984E0,9.778357152E0
8.188206902E0,9.576807022E-1,-4.548983276E-1,9.710882187E0,9.768588315E0
8.190210731E0,9.576807022E-1,-4.572925270E-1,9.698910713E0,9.756799568E0
8.192214832E0,9.600749016E-1,-4.596867263E-1,9.718064308E0,9.776186864E0
8.194217723E0,9.720458984E-1,-4.596867263E-1,9.713275909E0,9.772610399E0
8.196221512E0,9.720458984E-1,-4.596867263E-1,9.713275909E0,9.772610399E0
8.198225027E0,9.720458984E-1,-4.525041282E-1,9.720458984E0,9.779414915E0
8.200228387E0,9.648633003E-1,-4.501099288E-1,9.718064308E0,9.776212663E0
8.202230613E0,9.600749016E-1,-4.525041282E-1,9.718064308E0,9.775851763E0
8.204233973E0,9.600749016E-1,-4.525041282E-1,9.718064308E0,9.775851763E0
8.206237957E0,9.648633003E-1,-4.501099288E-1,9.713275909E0,9.771452759E0
8.208242918E0,9.672574997E-1,-4.501099288E-1,9.713275909E0,9.771689460E0
8.210246356E0,9.600749016E-1,-4.429273009E-1,9.720458984E0,9.777793784E0
8.212250340E0,9.648633003E-1,-4.405331016E-1,9.725247383E0,9.782917114E0
8.214254168E0,9.624691010E-1,-4.548983276E-1,9.713275909E0,9.771438387E0
8.216258152E0,9.600749016E-1,-4.548983276E-1,9.710882187E0,9.768823325E0
8.218262254E0,9.696516991E-1,-4.501099288E-1,9.710882187E0,9.769547390E0
8.220266238E0,9.720458984E-1,-4.525041282E-1,9.703699112E0,9.762756254E0
8.222269402E0,9.672574997E-1,-4.525041282E-1,9.706093788E0,9.764660961E0
8.224272684E0,9.720458984E-1,-4.501099288E-1,9.708487511E0,9.767405076E0
8.226276512E0,9.648633003E-1,-4.548983276E-1,9.708487511E0,9.766914734E0
8.228279988E0,9.648633003E-1,-4.501099288E-1,9.718064308E0,9.776212663E0
8.230284324E0,9.696516991E-1,-4.477157295E-1,9.718064308E0,9.776576481E0
8.232288309E0,9.792284966E-1,-4.548983276E-1,9.715670586E0,9.775483408E0
8.234291629E0,9.696516991E-1,-4.620809257E-1,9.734824181E0,9.793903462E0
8.236295418E0,9.600749016E-1,-4.644751251E-1,9.734824181E0,9.793073204E0
8.238299988E0,9.648633003E-1,-4.620809257E-1,9.722852707E0,9.781530797E0
8.240303348E0,9.600749016E-1,-4.572925270E-1,9.703699112E0,9.761794749E0
8.242307410E0,9.720458984E-1,-4.548983276E-1,9.708487511E0,9.767626910E0
8.244311746E0,9.720458984E-1,-4.501099288E-1,9.710882187E0,9.769785311E0
8.246314715E0,9.696516991E-1,-4.572925270E-1,9.715670586E0,9.774640444E0
8.248318426E0,9.648633003E-1,-4.525041282E-1,9.722852707E0,9.781083066E0
8.250321356E0,9.648633003E-1,-4.405331016E-1,9.713275909E0,9.771016298E0
8.252324168E0,9.648633003E-1,-4.501099288E-1,9.715670586E0,9.773833182E0
8.254326981E0,9.672574997E-1,-4.572925270E-1,9.718064308E0,9.776782570E0
8.256331512E0,9.720458984E-1,-4.620809257E-1,9.715670586E0,9.775103423E0
8.258334442E0,9.648633003E-1,-4.692635238E-1,9.715670586E0,9.774733980E0
8.260337176E0,9.648633003E-1,-4.501099288E-1,9.720458984E0,9.778593099E0
8.262339402E0,9.624691010E-1,-4.525041282E-1,9.715670586E0,9.773707673E0
8.264341512E0,9.600749016E-1,-4.548983276E-1,9.720458984E0,9.778343376E0
8.266344090E0,9.720458984E-1,-4.644751251E-1,9.727641106E0,9.787114582E0
8.268347176E0,9.600749016E-1,-4.572925270E-1,9.720458984E0,9.778455049E0
8.270350418E0,9.552865028E-1,-4.620809257E-1,9.706093788E0,9.763930956E0
8.272352957E0,9.600749016E-1,-4.644751251E-1,9.715670586E0,9.774033757E0
8.274355809E0,9.624691010E-1,-4.596867263E-1,9.718064308E0,9.776422278E0
8.276360418E0,9.600749016E-1,-4.572925270E-1,9.725247383E0,9.783215061E0
8.278365067E0,9.600749016E-1,-4.596867263E-1,9.734824181E0,9.792847264E0
8.280369598E0,9.648633003E-1,-4.596867263E-1,9.718064308E0,9.776658272E0
8.282373465E0,9.600749016E-1,-4.596867263E-1,9.713275909E0,9.771426948E0
8.284375848E0,9.576807022E-1,-4.668693244E-1,9.713275909E0,9.771532540E0
8.286378817E0,9.624691010E-1,-4.716577232E-1,9.725247383E0,9.784132278E0
8.288383231E0,9.624691010E-1,-4.740519226E-1,9.727641106E0,9.786627278E0
8.290386942E0,9.624691010E-1,-4.668693244E-1,9.718064308E0,9.776762636E0
8.292390379E0,9.624691010E-1,-4.548983276E-1,9.713275909E0,9.771438387E0
8.294393231E0,9.696516991E-1,-4.620809257E-1,9.715670586E0,9.774865632E0
8.296396356E0,9.696516991E-1,-4.596867263E-1,9.725247383E0,9.784271714E0
8.298399598E0,9.744400978E-1,-4.453215301E-1,9.718064308E0,9.776943217E0
8.300402449E0,9.672574997E-1,-4.572925270E-1,9.708487511E0,9.767263346E0
8.302404598E0,9.672574997E-1,-4.548983276E-1,9.720458984E0,9.779051203E0
8.304407801E0,9.672574997E-1,-4.525041282E-1,9.720458984E0,9.778940123E0
8.306411121E0,9.648633003E-1,-4.525041282E-1,9.715670586E0,9.773943733E0
8.308414246E0,9.576807022E-1,-4.501099288E-1,9.706093788E0,9.763606296E0
8.310416590E0,9.576807022E-1,-4.548983276E-1,9.706093788E0,9.763828216E0
8.312418699E0,9.672574997E-1,-4.596867263E-1,9.713275909E0,9.772135276E0
8.314421238E0,9.720458984E-1,-4.501099288E-1,9.725247383E0,9.784064025E0
8.316423895E0,9.696516991E-1,-4.572925270E-1,9.722852707E0,9.781779267E0
8.318425652E0,9.648633003E-1,-4.572925270E-1,9.725247383E0,9.783686131E0
8.320428152E0,9.600749016E-1,-4.548983276E-1,9.722852707E0,9.780722932E0
8.322431199E0,9.720458984E-1,-4.572925270E-1,9.722852707E0,9.782016890E0
8.324434481E0,9.648633003E-1,-4.501099288E-1,9.725247383E0,9.783353045E0
8.326437059E0,9.672574997E-1,-4.596867263E-1,9.713275909E0,9.772135276E0
8.328438895E0,9.720458984E-1,-4.572925270E-1,9.710882187E0,9.770118860E0
8.330440731E0,9.672574997E-1,-4.548983276E-1,9.708487511E0,9.767151545E0
8.332442527E0,9.744400978E-1,-4.572925270E-1,9.708487511E0,9.767977258E0
8.334444793E0,9.696516991E-1,-4.477157295E-1,9.722852707E0,9.781336236E0
8.336447020E0,9.672574997E-1,-4.501099288E-1,9.715670586E0,9.774069825E0
8.338449207E0,9.720458984E-1,-4.453215301E-1,9.718064308E0,9.776704884E0
8.340451902E0,9.696516991E-1,-4.572925270E-1,9.715670586E0,9.774640444E0
8.342454793E0,9.600749016E-1,-4.572925270E-1,9.720458984E0,9.778455049E0
8.344457918E0,9.624691010E-1,-4.620809257E-1,9.715670586E0,9.774155743E0
8.346460731E0,9.624691010E-1,-4.525041282E-1,9.713275909E0,9.771327220E0
8.348463738E0,9.528923035E-1,-4.525041282E-1,9.715670586E0,9.772769242E0
8.350466746E0,9.624691010E-1,-4.477157295E-1,9.710882187E0,9.768727092E0
8.352469363E0,9.648633003E-1,-4.453215301E-1,9.708487511E0,9.766473376E0
8.354472957E0,9.624691010E-1,-4.548983276E-1,9.708487511E0,9.766678504E0
8.356475926E0,9.624691010E-1,-4.548983276E-1,9.722852707E0,9.780958236E0
8.358479910E0,9.624691010E-1,-4.620809257E-1,9.730035782E0,9.788435108E0
8.360483543E0,9.696516991E-1,-4.668693244E-1,9.720458984E0,9.779852466E0
8.362486981E0,9.696516991E-1,-4.668693244E-1,9.706093788E0,9.765574638E0
8.364489793E0,9.600749016E-1,-4.620809257E-1,9.713275909E0,9.771539873E0
8.366493973E0,9.624691010E-1,-4.596867263E-1,9.720458984E0,9.778802663E0
8.368498192E0,9.672574997E-1,-4.525041282E-1,9.722852707E0,9.781319534E0
8.370502215E0,9.720458984E-1,-4.548983276E-1,9.725247383E0,9.784285481E0
8.372506121E0,9.720458984E-1,-4.525041282E-1,9.718064308E0,9.777034679E0
8.374509246E0,9.672574997E-1,-4.453215301E-1,9.720458984E0,9.778610392E0
8.376511981E0,9.696516991E-1,-4.548983276E-1,9.713275909E0,9.772148474E0
8.378514520E0,9.672574997E-1,-4.548983276E-1,9.713275909E0,9.771911197E0
8.380517176E0,9.720458984E-1,-4.572925270E-1,9.703699112E0,9.762979368E0
8.382520067E0,9.576807022E-1,-4.620809257E-1,9.696516991E0,9.754645707E0
8.384523426E0,9.600749016E-1,-4.620809257E-1,9.698910713E0,9.757260457E0
8.386526395E0,9.600749016E-1,-4.548983276E-1,9.701305389E0,9.759303385E0
8.388528895E0,9.696516991E-1,-4.716577232E-1,9.713275909E0,9.772942971E0
8.390532020E0,9.672574997E-1,-4.620809257E-1,9.708487511E0,9.767488705E0
8.392534285E0,9.744400978E-1,-4.572925270E-1,9.703699112E0,9.763218036E0
8.394536942E0,9.816226959E-1,-4.501099288E-1,9.710882187E0,9.770742803E0
8.396540301E0,9.768342972E-1,-4.525041282E-1,9.706093788E0,9.765614259E0
8.398543270E0,9.672574997E-1,-4.548983276E-1,9.713275909E0,9.771911197E0
8.400546043E0,9.648633003E-1,-4.644751251E-1,9.708487511E0,9.767365462E0
8.402549481E0,9.648633003E-1,-4.596867263E-1,9.710882187E0,9.769519227E0
8.404554012E0,9.696516991E-1,-4.572925270E-1,9.725247383E0,9.784159521E0
8.406558152E0,9.720458984E-1,-4.525041282E-1,9.720458984E0,9.779414915E0
8.408561434E0,9.624691010E-1,-4.572925270E-1,9.715670586E0,9.773930538E0
8.410564676E0,9.552865028E-1,-4.596867263E-1,9.710882187E0,9.768578046E0
8.412568973E0,9.552865028E-1,-4.477157295E-1,9.703699112E0,9.760881012E0
8.414573074E0,9.600749016E-1,-4.525041282E-1,9.708487511E0,9.766331632E0
8.416576707E0,9.576807022E-1,-4.501099288E-1,9.715670586E0,9.773126736E0
8.418580067E0,9.576807022E-1,-4.453215301E-1,9.713275909E0,9.770526725E0
8.420584481E0,9.528923035E-1,-4.453215301E-1,9.725247383E0,9.781960523E0
8.422588582E0,9.504981041E-1,-4.525041282E-1,9.722852707E0,9.779676446E0
8.424592527E0,9.600749016E-1,-4.572925270E-1,9.715670586E0,9.773695064E0
8.426595574E0,9.648633003E-1,-4.548983276E-1,9.713275909E0,9.771674502E0
8.428597840E0,9.696516991E-1,-4.596867263E-1,9.715670586E0,9.774752745E0
8.430599910E0,9.576807022E-1,-4.596867263E-1,9.720458984E0,9.778332531E0
8.432601043E0,9.624691010E-1,-4.548983276E-1,9.713275909E0,9.771438387E0
8.434602488E0,9.696516991E-1,-4.572925270E-1,9.713275909E0,9.772260218E0
8.436604012E0,9.696516991E-1,-4.596867263E-1,9.708487511E0,9.767613119E0
8.438605809E0,9.648633003E-1,-4.525041282E-1,9.720458984E0,9.778703597E0
8.440608465E0,9.696516991E-1,-4.620809257E-1,9.710882187E0,9.770106245E0
8.442610731E0,9.744400978E-1,-4.644751251E-1,9.718064308E0,9.777834348E0
8.444612801E0,9.744400978E-1,-4.620809257E-1,9.722852707E0,9.782480107E0
8.446615067E0,9.744400978E-1,-4.692635238E-1,9.722852707E0,9.782822012E0
8.448618035E0,9.720458984E-1,-4.692635238E-1,9.715670586E0,9.775445586E0
8.450620613E0,9.648633003E-1,-4.525041282E-1,9.713275909E0,9.771563338E0
8.452623426E0,9.672574997E-1,-4.548983276E-1,9.710882187E0,9.769531842E0
8.454625027E0,9.720458984E-1,-4.596867263E-1,9.718064308E0,9.777369739E0
8.456626981E0,9.720458984E-1,-4.572925270E-1,9.708487511E0,9.767738706E0
8.458629481E0,9.792284966E-1,-4.644751251E-1,9.718064308E0,9.778312712E0
8.460632762E0,9.792284966E-1,-4.620809257E-1,9.713275909E0,9.773440342E0
8.462635809E0,9.816226959E-1,-4.644751251E-1,9.715670586E0,9.776173852E0
8.464639129E0,9.792284966E-1,-4.572925270E-1,9.710882187E0,9.770836083E0
8.466642801E0,9.672574997E-1,-4.644751251E-1,9.720458984E0,9.779501372E0
8.468646043E0,9.624691010E-1,-4.692635238E-1,9.715670586E0,9.774497939E0
8.470648426E0,9.696516991E-1,-4.620809257E-1,9.718064308E0,9.777244862E0
8.472651160E0,9.720458984E-1,-4.644751251E-1,9.718064308E0,9.777596037E0
8.474654090E0,9.744400978E-1,-4.620809257E-1,9.710882187E0,9.770582640E0
8.476656395E0,9.696516991E-1,-4.572925270E-1,9.722852707E0,9.781779267E0
8.478658895E0,9.672574997E-1,-4.572925270E-1,9.715670586E0,9.774403228E0
8.480661863E0,9.696516991E-1,-4.620809257E-1,9.715670586E0,9.774865632E0
8.482664871E0,9.672574997E-1,-4.572925270E-1,9.713275909E0,9.772022944E0
8.484667996E0,9.624691010E-1,-4.620809257E-1,9.715670586E0,9.774155743E0
8.486671395E0,9.624691010E-1,-4.453215301E-1,9.710882187E0,9.768617655E0
8.488674051E0,9.528923035E-1,-4.453215301E-1,9.713275909E0,9.770058541E0
8.490677137E0,9.528923035E-1,-4.525041282E-1,9.713275909E0,9.770388560E0
8.492680067E0,9.672574997E-1,-4.477157295E-1,9.718064308E0,9.776339312E0
8.494682918E0,9.696516991E-1,-4.525041282E-1,9.718064308E0,9.776796935E0
8.496685301E0,9.696516991E-1,-4.572925270E-1,9.718064308E0,9.777019728E0
8.498687215E0,9.672574997E-1,-4.525041282E-1,9.715670586E0,9.774180374E0
8.500690848E0,9.600749016E-1,-4.501099288E-1,9.713275909E0,9.770981100E0
8.502693270E0,9.648633003E-1,-4.572925270E-1,9.730035782E0,9.788445942E0
8.504695379E0,9.576807022E-1,-4.596867263E-1,9.725247383E0,9.783092603E0
8.506697215E0,9.696516991E-1,-4.572925270E-1,9.718064308E0,9.777019728E0
8.508699207E0,9.648633003E-1,-4.572925270E-1,9.715670586E0,9.774166592E0
8.510702020E0,9.600749016E-1,-4.620809257E-1,9.722852707E0,9.781059624E0
8.512704207E0,9.576807022E-1,-4.668693244E-1,9.720458984E0,9.778672822E0
8.514707098E0,9.552865028E-1,-4.644751251E-1,9.720458984E0,9.778324617E0
8.516710262E0,9.528923035E-1,-4.596867263E-1,9.713275909E0,9.770723848E0
8.518712645E0,9.528923035E-1,-4.572925270E-1,9.722852707E0,9.780132154E0
8.520715301E0,9.648633003E-1,-4.620809257E-1,9.718064308E0,9.776771137E0
8.522719051E0,9.720458984E-1,-4.668693244E-1,9.713275909E0,9.772950889E0
8.524722684E0,9.672574997E-1,-4.692635238E-1,9.715670586E0,9.774970601E0
8.526725809E0,9.816226959E-1,-4.692635238E-1,9.725247383E0,9.785919887E0
8.528729129E0,9.792284966E-1,-4.668693244E-1,9.727641106E0,9.787944467E0
8.530732254E0,9.792284966E-1,-4.644751251E-1,9.725247383E0,9.785451561E0
8.532736434E0,9.768342972E-1,-4.525041282E-1,9.713275909E0,9.772752638E0
8.534739442E0,9.768342972E-1,-4.525041282E-1,9.713275909E0,9.772752638E0
8.536742645E0,9.696516991E-1,-4.596867263E-1,9.710882187E0,9.769993304E0
8.538746668E0,9.744400978E-1,-4.548983276E-1,9.710882187E0,9.770245588E0
8.540749988E0,9.624691010E-1,-4.501099288E-1,9.722852707E0,9.780736704E0
8.542752059E0,9.600749016E-1,-4.548983276E-1,9.710882187E0,9.768823325E0
8.544755848E0,9.576807022E-1,-4.620809257E-1,9.715670586E0,9.773685387E0
8.546758856E0,9.648633003E-1,-4.692635238E-1,9.718064308E0,9.777113242E0
8.548761317E0,9.600749016E-1,-4.596867263E-1,9.727641106E0,9.785706780E0
8.550764090E0,9.576807022E-1,-4.644751251E-1,9.730035782E0,9.788078759E0
8.552766277E0,9.720458984E-1,-4.644751251E-1,9.715670586E0,9.775216893E0
8.554769051E0,9.648633003E-1,-4.644751251E-1,9.713275909E0,9.772125011E0
8.556771629E0,9.481038451E-1,-4.620809257E-1,9.722852707E0,9.779891842E0
8.558775106E0,9.504981041E-1,-4.668693244E-1,9.718064308E0,9.775591415E0
8.560778270E0,9.600749016E-1,-4.692635238E-1,9.713275909E0,9.771882161E0
8.562781590E0,9.600749016E-1,-4.620809257E-1,9.718064308E0,9.776299734E0
8.564784090E0,9.600749016E-1,-4.548983276E-1,9.718064308E0,9.775962879E0
8.566787137E0,9.576807022E-1,-4.596867263E-1,9.713275909E0,9.771192000E0
8.568789793E0,9.624691010E-1,-4.572925270E-1,9.715670586E0,9.773930538E0
8.570793152E0,9.600749016E-1,-4.596867263E-1,9.727641106E0,9.785706780E0
8.572795692E0,9.624691010E-1,-4.572925270E-1,9.727641106E0,9.785829791E0
8.574798504E0,9.648633003E-1,-4.477157295E-1,9.725247383E0,9.783243185E0
8.576802176E0,9.648633003E-1,-4.525041282E-1,9.725247383E0,9.783463489E0
8.578805496E0,9.624691010E-1,-4.501099288E-1,9.720458984E0,9.778357152E0
8.580808934E0,9.576807022E-1,-4.525041282E-1,9.725247383E0,9.782757739E0
8.582812059E0,9.504981041E-1,-4.572925270E-1,9.727641106E0,9.784659656E0
8.584814559E0,9.528923035E-1,-4.572925270E-1,9.727641106E0,9.784892523E0
8.586818035E0,9.552865028E-1,-4.501099288E-1,9.732429504E0,9.789553376E0
8.588820926E0,9.600749016E-1,-4.525041282E-1,9.730035782E0,9.787752557E0
8.590824090E0,9.600749016E-1,-4.501099288E-1,9.718064308E0,9.775741233E0
8.592827527E0,9.648633003E-1,-4.572925270E-1,9.725247383E0,9.783686131E0
8.594831356E0,9.624691010E-1,-4.572925270E-1,9.722852707E0,9.781069879E0
8.596835574E0,9.600749016E-1,-4.525041282E-1,9.710882187E0,9.768712129E0
8.598839246E0,9.624691010E-1,-4.477157295E-1,9.706093788E0,9.763967061E0
8.600842879E0,9.696516991E-1,-4.525041282E-1,9.701305389E0,9.760138865E0
8.602847254E0,9.648633003E-1,-4.477157295E-1,9.713275909E0,9.771342766E0
8.604851121E0,9.576807022E-1,-4.405331016E-1,9.715670586E0,9.772690350E0
8.606855926E0,9.648633003E-1,-4.501099288E-1,9.715670586E0,9.773833182E0
8.608859910E0,9.720458984E-1,-4.477157295E-1,9.722852707E0,9.781573869E0
8.610863738E0,9.648633003E-1,-4.477157295E-1,9.720458984E0,9.778483187E0
8.612867137E0,9.600749016E-1,-4.596867263E-1,9.703699112E0,9.761907199E0
8.614871317E0,9.624691010E-1,-4.620809257E-1,9.701305389E0,9.759876629E0
8.616874715E0,9.648633003E-1,-4.596867263E-1,9.703699112E0,9.762379297E0
8.618878113E0,9.744400978E-1,-4.596867263E-1,9.701305389E0,9.760951370E0
8.620880613E0,9.720458984E-1,-4.620809257E-1,9.706093788E0,9.765584910E0
8.622885106E0,9.744400978E-1,-4.644751251E-1,9.710882187E0,9.770696162E0
8.624888582E0,9.672574997E-1,-4.525041282E-1,9.718064308E0,9.776559771E0
8.626891942E0,9.648633003E-1,-4.525041282E-1,9.713275909E0,9.771563338E0
8.628895184E0,9.672574997E-1,-4.596867263E-1,9.713275909E0,9.772135276E0
8.630898348E0,9.672574997E-1,-4.572925270E-1,9.718064308E0,9.776782570E0
8.632902723E0,9.720458984E-1,-4.620809257E-1,9.720458984E0,9.779862723E0
8.634906863E0,9.648633003E-1,-4.596867263E-1,9.720458984E0,9.779038600E0
8.636909910E0,9.624691010E-1,-4.620809257E-1,9.720458984E0,9.778915503E0
8.638913113E0,9.600749016E-1,-4.620809257E-1,9.727641106E0,9.785819540E0
8.640915301E0,9.624691010E-1,-4.596867263E-1,9.730035782E0,9.788322378E0
8.642917879E0,9.600749016E-1,-4.596867263E-1,9.722852707E0,9.780946808E0
8.644920770E0,9.624691010E-1,-4.572925270E-1,9.722852707E0,9.781069879E0
8.646923309E0,9.648633003E-1,-4.525041282E-1,9.713275909E0,9.771563338E0
8.648927527E0,9.672574997E-1,-4.453215301E-1,9.727641106E0,9.785749834E0
8.650931981E0,9.648633003E-1,-4.429273009E-1,9.722852707E0,9.780644690E0
8.652935848E0,9.696516991E-1,-4.525041282E-1,9.718064308E0,9.776796935E0
8.654939402E0,9.720458984E-1,-4.525041282E-1,9.708487511E0,9.767515701E0
8.656943426E0,9.624691010E-1,-4.501099288E-1,9.715670586E0,9.773597119E0
8.658947176E0,9.624691010E-1,-4.572925270E-1,9.715670586E0,9.773930538E0
8.660950613E0,9.648633003E-1,-4.596867263E-1,9.725247383E0,9.783798329E0
8.662955301E0,9.672574997E-1,-4.716577232E-1,9.732429504E0,9.791743059E0
8.664959090E0,9.720458984E-1,-4.692635238E-1,9.722852707E0,9.782583822E0
8.666962801E0,9.696516991E-1,-4.668693244E-1,9.720458984E0,9.779852466E0
8.668965809E0,9.624691010E-1,-4.620809257E-1,9.722852707E0,9.781294920E0
8.670968231E0,9.672574997E-1,-4.525041282E-1,9.730035782E0,9.788459704E0
8.672971746E0,9.720458984E-1,-4.477157295E-1,9.725247383E0,9.783954173E0
8.674976317E0,9.720458984E-1,-4.525041282E-1,9.718064308E0,9.777034679E0
8.676980262E0,9.648633003E-1,-4.596867263E-1,9.710882187E0,9.769519227E0
8.678984559E0,9.672574997E-1,-4.548983276E-1,9.713275909E0,9.771911197E0
8.680988465E0,9.696516991E-1,-4.572925270E-1,9.718064308E0,9.777019728E0
8.682991981E0,9.696516991E-1,-4.644751251E-1,9.722852707E0,9.782117681E0
8.684997293E0,9.768342972E-1,-4.644751251E-1,9.720458984E0,9.780453223E0
8.687001942E0,9.696516991E-1,-4.548983276E-1,9.718064308E0,9.776908039E0
8.689006043E0,9.648633003E-1,-4.644751251E-1,9.722852707E0,9.781644192E0
8.691010027E0,9.672574997E-1,-4.620809257E-1,9.722852707E0,9.781767254E0
8.693013270E0,9.648633003E-1,-4.596867263E-1,9.710882187E0,9.769519227E0
8.695016746E0,9.696516991E-1,-4.668693244E-1,9.710882187E0,9.770333885E0
8.697019754E0,9.624691010E-1,-4.692635238E-1,9.715670586E0,9.774497939E0
8.699021981E0,9.744400978E-1,-4.596867263E-1,9.720458984E0,9.779988152E0
8.701025223E0,9.672574997E-1,-4.620809257E-1,9.720458984E0,9.779387952E0
8.703027996E0,9.696516991E-1,-4.620809257E-1,9.715670586E0,9.774865632E0
8.705030301E0,9.744400978E-1,-4.620809257E-1,9.718064308E0,9.777720909E0
8.707033348E0,9.696516991E-1,-4.644751251E-1,9.725247383E0,9.784497852E0
8.709037137E0,9.648633003E-1,-4.668693244E-1,9.718064308E0,9.776998622E0
8.711040223E0,9.648633003E-1,-4.596867263E-1,9.701305389E0,9.759999966E0
8.713043699E0,9.672574997E-1,-4.501099288E-1,9.710882187E0,9.769310051E0
8.715047762E0,9.600749016E-1,-4.453215301E-1,9.713275909E0,9.770761689E0
8.717051746E0,9.576807022E-1,-4.548983276E-1,9.725247383E0,9.782868776E0
8.719056785E0,9.600749016E-1,-4.548983276E-1,9.715670586E0,9.773583336E0
8.721061473E0,9.720458984E-1,-4.525041282E-1,9.715670586E0,9.774655398E0
8.723065535E0,9.744400978E-1,-4.548983276E-1,9.720458984E0,9.779764254E0
8.725069090E0,9.696516991E-1,-4.525041282E-1,9.713275909E0,9.772037316E0
8.727073660E0,9.672574997E-1,-4.501099288E-1,9.703699112E0,9.762169967E0
8.729078074E0,9.672574997E-1,-4.477157295E-1,9.722852707E0,9.781099182E0
8.731081004E0,9.672574997E-1,-4.596867263E-1,9.725247383E0,9.784034731E0
8.733084949E0,9.648633003E-1,-4.596867263E-1,9.720458984E0,9.779038600E0
8.735087957E0,9.600749016E-1,-4.525041282E-1,9.715670586E0,9.773472194E0
8.737091160E0,9.600749016E-1,-4.620809257E-1,9.713275909E0,9.771539873E0
8.739094754E0,9.672574997E-1,-4.596867263E-1,9.715670586E0,9.774515532E0
8.741097801E0,9.624691010E-1,-4.644751251E-1,9.713275909E0,9.771888907E0
8.743101512E0,9.720458984E-1,-4.548983276E-1,9.725247383E0,9.784285481E0
8.745104442E0,9.696516991E-1,-4.548983276E-1,9.725247383E0,9.784047913E0
8.747107723E0,9.720458984E-1,-4.453215301E-1,9.715670586E0,9.774325523E0
8.749111590E0,9.744400978E-1,-4.548983276E-1,9.720458984E0,9.779764254E0
8.751115301E0,9.600749016E-1,-4.548983276E-1,9.730035782E0,9.787863537E0
8.753118699E0,9.648633003E-1,-4.572925270E-1,9.720458984E0,9.778926348E0
8.755123387E0,9.672574997E-1,-4.596867263E-1,9.710882187E0,9.769755975E0
8.757127254E0,9.600749016E-1,-4.501099288E-1,9.710882187E0,9.768601518E0
8.759131121E0,9.600749016E-1,-4.572925270E-1,9.698910713E0,9.757034862E0
8.761135574E0,9.600749016E-1,-4.620809257E-1,9.715670586E0,9.773920274E0
8.763140340E0,9.600749016E-1,-4.453215301E-1,9.708487511E0,9.766001476E0
8.765143504E0,9.648633003E-1,-4.525041282E-1,9.706093788E0,9.764424089E0
8.767147684E0,9.528923035E-1,-4.501099288E-1,9.710882187E0,9.767898215E0
8.769151004E0,9.648633003E-1,-4.525041282E-1,9.710882187E0,9.769183897E0
8.771154481E0,9.672574997E-1,-4.501099288E-1,9.718064308E0,9.776449249E0
8.773157762E0,9.720458984E-1,-4.548983276E-1,9.720458984E0,9.779525990E0
8.775162020E0,9.696516991E-1,-4.501099288E-1,9.715670586E0,9.774307049E0
8.777165731E0,9.672574997E-1,-4.405331016E-1,9.713275909E0,9.771253010E0
8.779168817E0,9.816226959E-1,-4.572925270E-1,9.722852707E0,9.782973185E0
8.781172527E0,9.744400978E-1,-4.572925270E-1,9.720458984E0,9.779875911E0
8.783175340E0,9.720458984E-1,-4.501099288E-1,9.725247383E0,9.784064025E0
8.785180848E0,9.720458984E-1,-4.525041282E-1,9.708487511E0,9.767515701E0
8.787186707E0,9.624691010E-1,-4.501099288E-1,9.710882187E0,9.768837114E0
8.789191121E0,9.672574997E-1,-4.548983276E-1,9.715670586E0,9.774291508E0
8.791194481E0,9.624691010E-1,-4.596867263E-1,9.708487511E0,9.766902703E0
8.793197293E0,9.648633003E-1,-4.668693244E-1,9.710882187E0,9.769859825E0
8.795200770E0,9.648633003E-1,-4.548983276E-1,9.718064308E0,9.776434298E0
8.797204832E0,9.720458984E-1,-4.477157295E-1,9.713275909E0,9.772054620E0
8.799209207E0,9.672574997E-1,-4.477157295E-1,9.710882187E0,9.769200033E0
8.801212371E0,9.624691010E-1,-4.501099288E-1,9.713275909E0,9.771216639E0
8.803215223E0,9.624691010E-1,-4.596867263E-1,9.737217903E0,9.795461763E0
8.805217918E0,9.624691010E-1,-4.596867263E-1,9.737217903E0,9.795461763E0
8.807220770E0,9.576807022E-1,-4.596867263E-1,9.715670586E0,9.773572486E0
8.809223817E0,9.648633003E-1,-4.525041282E-1,9.706093788E0,9.764424089E0
8.811227059E0,9.600749016E-1,-4.525041282E-1,9.720458984E0,9.778232288E0
8.813230652E0,9.528923035E-1,-4.525041282E-1,9.725247383E0,9.782290140E0
8.815235652E0,9.600749016E-1,-4.525041282E-1,9.720458984E0,9.778232288E0
8.817240067E0,9.600749016E-1,-4.477157295E-1,9.715670586E0,9.773251666E0
8.819244559E0,9.576807022E-1,-4.501099288E-1,9.701305389E0,9.758846117E0
8.821248309E0,9.600749016E-1,-4.525041282E-1,9.706093788E0,9.763952091E0
8.823251707E0,9.720458984E-1,-4.477157295E-1,9.718064308E0,9.776814231E0
8.825255340E0,9.672574997E-1,-4.501099288E-1,9.713275909E0,9.771689460E0
8.827258387E0,9.648633003E-1,-4.596867263E-1,9.715670586E0,9.774278899E0
8.829262293E0,9.720458984E-1,-4.596867263E-1,9.715670586E0,9.774990539E0
8.831266238E0,9.648633003E-1,-4.644751251E-1,9.703699112E0,9.762605942E0
8.833269559E0,9.744400978E-1,-4.692635238E-1,9.718064308E0,9.778062981E0
8.835273152E0,9.720458984E-1,-4.620809257E-1,9.722852707E0,9.782241909E0
8.837276668E0,9.720458984E-1,-4.572925270E-1,9.715670586E0,9.774878240E0
8.839280184E0,9.768342972E-1,-4.596867263E-1,9.718064308E0,9.777846953E0
8.841283426E0,9.720458984E-1,-4.525041282E-1,9.725247383E0,9.784174461E0
8.843285965E0,9.648633003E-1,-4.525041282E-1,9.732429504E0,9.790602904E0
8.845289363E0,9.744400978E-1,-4.477157295E-1,9.730035782E0,9.788951895E0
8.847292332E0,9.768342972E-1,-4.453215301E-1,9.725247383E0,9.784321804E0
8.849294871E0,9.744400978E-1,-4.548983276E-1,9.710882187E0,9.770245588E0
8.851297527E0,9.672574997E-1,-4.596867263E-1,9.725247383E0,9.784034731E0
8.853300496E0,9.696516991E-1,-4.572925270E-1,9.732429504E0,9.791298429E0
8.855303387E0,9.672574997E-1,-4.572925270E-1,9.722852707E0,9.781542224E0
8.857305535E0,9.672574997E-1,-4.596867263E-1,9.722852707E0,9.781654447E0
8.859308582E0,9.696516991E-1,-4.572925270E-1,9.706093788E0,9.765121479E0
8.861312293E0,9.720458984E-1,-4.525041282E-1,9.708487511E0,9.767515701E0
8.863314910E0,9.672574997E-1,-4.572925270E-1,9.708487511E0,9.767263346E0
8.865318543E0,9.600749016E-1,-4.525041282E-1,9.710882187E0,9.768712129E0
8.867321434E0,9.696516991E-1,-4.525041282E-1,9.718064308E0,9.776796935E0
8.869324754E0,9.672574997E-1,-4.572925270E-1,9.720458984E0,9.779162868E0
8.871328152E0,9.648633003E-1,-4.525041282E-1,9.725247383E0,9.783463489E0
8.873331277E0,9.672574997E-1,-4.620809257E-1,9.715670586E0,9.774628422E0
8.875334559E0,9.744400978E-1,-4.572925270E-1,9.715670586E0,9.775116618E0
8.877338192E0,9.672574997E-1,-4.525041282E-1,9.720458984E0,9.778940123E0
8.879341590E0,9.576807022E-1,-4.525041282E-1,9.725247383E0,9.782757739E0
8.881344324E0,9.648633003E-1,-4.548983276E-1,9.718064308E0,9.776434298E0
8.883347332E0,9.696516991E-1,-4.572925270E-1,9.730035782E0,9.788919102E0
8.885350496E0,9.720458984E-1,-4.572925270E-1,9.732429504E0,9.791535821E0
8.887354793E0,9.648633003E-1,-4.596867263E-1,9.720458984E0,9.779038600E0
8.889357879E0,9.672574997E-1,-4.572925270E-1,9.725247383E0,9.783922536E0
8.891361317E0,9.648633003E-1,-4.525041282E-1,9.727641106E0,9.785842971E0
8.893365340E0,9.672574997E-1,-4.525041282E-1,9.722852707E0,9.781319534E0
8.895368777E0,9.672574997E-1,-4.429273009E-1,9.706093788E0,9.764221848E0
8.897371356E0,9.624691010E-1,-4.596867263E-1,9.718064308E0,9.776422278E0
8.899374285E0,9.624691010E-1,-4.572925270E-1,9.727641106E0,9.785829791E0
8.901377371E0,9.648633003E-1,-4.596867263E-1,9.722852707E0,9.781417987E0
8.903380574E0,9.720458984E-1,-4.525041282E-1,9.718064308E0,9.777034679E0
8.905383543E0,9.816226959E-1,-4.548983276E-1,9.725247383E0,9.785241554E0
8.907386238E0,9.744400978E-1,-4.644751251E-1,9.722852707E0,9.782593491E0
8.909389168E0,9.696516991E-1,-4.596867263E-1,9.730035782E0,9.789031240E0
8.911391473E0,9.672574997E-1,-4.668693244E-1,9.715670586E0,9.774855956E0
8.913394207E0,9.648633003E-1,-4.620809257E-1,9.713275909E0,9.772011505E0
8.915397762E0,9.624691010E-1,-4.548983276E-1,9.706093788E0,9.764299047E0
8.917401004E0,9.576807022E-1,-4.548983276E-1,9.708487511E0,9.766207788E0
8.919403348E0,9.624691010E-1,-4.572925270E-1,9.715670586E0,9.773930538E0
8.921406004E0,9.672574997E-1,-4.572925270E-1,9.715670586E0,9.774403228E0
8.923407762E0,9.624691010E-1,-4.572925270E-1,9.720458984E0,9.778690408E0
8.925410223E0,9.600749016E-1,-4.548983276E-1,9.715670586E0,9.773583336E0
8.927411512E0,9.696516991E-1,-4.501099288E-1,9.715670586E0,9.774307049E0
8.929412762E0,9.648633003E-1,-4.477157295E-1,9.715670586E0,9.773723215E0
8.931414090E0,9.648633003E-1,-4.453215301E-1,9.713275909E0,9.771233358E0
8.933415145E0,9.648633003E-1,-4.453215301E-1,9.720458984E0,9.778373859E0
8.935416356E0,9.624691010E-1,-4.548983276E-1,9.715670586E0,9.773818813E0
8.937418152E0,9.672574997E-1,-4.548983276E-1,9.720458984E0,9.779051203E0
8.939420027E0,9.720458984E-1,-4.548983276E-1,9.727641106E0,9.786664764E0
8.941422723E0,9.648633003E-1,-4.548983276E-1,9.730035782E0,9.788334383E0
8.943424949E0,9.648633003E-1,-4.548983276E-1,9.720458984E0,9.778814680E0
8.945427996E0,9.552865028E-1,-4.548983276E-1,9.722852707E0,9.780254064E0
8.947429285E0,9.624691010E-1,-4.477157295E-1,9.722852707E0,9.780626816E0
8.949431473E0,9.624691010E-1,-4.405331016E-1,9.720458984E0,9.777920998E0
8.951434363E0,9.672574997E-1,-4.381389022E-1,9.725247383E0,9.783046020E0
8.953437293E0,9.696516991E-1,-4.525041282E-1,9.722852707E0,9.781556582E0
8.955438777E0,9.600749016E-1,-4.572925270E-1,9.718064308E0,9.776074579E0
8.957440418E0,9.624691010E-1,-4.572925270E-1,9.720458984E0,9.778690408E0
8.959442723E0,9.600749016E-1,-4.644751251E-1,9.706093788E0,9.764514201E0
8.961445848E0,9.576807022E-1,-4.620809257E-1,9.718064308E0,9.776064904E0
8.963449324E0,9.624691010E-1,-4.596867263E-1,9.698910713E0,9.757383239E0
8.965452527E0,9.624691010E-1,-4.572925270E-1,9.698910713E0,9.757270738E0
8.967454871E0,9.600749016E-1,-4.572925270E-1,9.710882187E0,9.768935107E0
8.969457762E0,9.624691010E-1,-4.572925270E-1,9.718064308E0,9.776309995E0
8.971460613E0,9.720458984E-1,-4.596867263E-1,9.718064308E0,9.777369739E0
8.973462762E0,9.744400978E-1,-4.572925270E-1,9.713275909E0,9.772736508E0
8.975465887E0,9.696516991E-1,-4.596867263E-1,9.713275909E0,9.772372547E0
8.977468426E0,9.720458984E-1,-4.668693244E-1,9.722852707E0,9.782469267E0
8.979470574E0,9.744400978E-1,-4.596867263E-1,9.718064308E0,9.777608056E0
8.981472332E0,9.768342972E-1,-4.596867263E-1,9.708487511E0,9.768328766E0
8.983474090E0,9.720458984E-1,-4.596867263E-1,9.715670586E0,9.774990539E0
8.985477020E0,9.720458984E-1,-4.548983276E-1,9.708487511E0,9.767626910E0
8.987479598E0,9.672574997E-1,-4.525041282E-1,9.718064308E0,9.776559771E0
8.989482254E0,9.696516991E-1,-4.548983276E-1,9.720458984E0,9.779288306E0
8.991485301E0,9.672574997E-1,-4.548983276E-1,9.708487511E0,9.767151545E0
8.993488387E0,9.624691010E-1,-4.525041282E-1,9.713275909E0,9.771327220E0
8.995491199E0,9.624691010E-1,-4.548983276E-1,9.722852707E0,9.780958236E0
8.997494402E0,9.624691010E-1,-4.572925270E-1,9.725247383E0,9.783450306E0
8.999497371E0,9.696516991E-1,-4.429273009E-1,9.710882187E0,9.769219102E0
9.001501121E0,9.672574997E-1,-4.453215301E-1,9.701305389E0,9.759570923E0
9.003504949E0,9.648633003E-1,-4.596867263E-1,9.706093788E0,9.764759582E0
9.005509793E0,9.720458984E-1,-4.525041282E-1,9.715670586E0,9.774655398E0
9.007513856E0,9.672574997E-1,-4.548983276E-1,9.720458984E0,9.779051203E0
9.009517801E0,9.600749016E-1,-4.548983276E-1,9.713275909E0,9.771202853E0
9.011521668E0,9.576807022E-1,-4.501099288E-1,9.713275909E0,9.770746142E0
9.013525496E0,9.624691010E-1,-4.525041282E-1,9.720458984E0,9.778467652E0
9.015528895E0,9.576807022E-1,-4.548983276E-1,9.720458984E0,9.778108594E0
9.017533074E0,9.624691010E-1,-4.548983276E-1,9.715670586E0,9.773818813E0
9.019537371E0,9.672574997E-1,-4.525041282E-1,9.722852707E0,9.781319534E0
9.021541746E0,9.672574997E-1,-4.548983276E-1,9.722852707E0,9.781430587E0
9.023546590E0,9.648633003E-1,-4.525041282E-1,9.720458984E0,9.778703597E0
9.025551121E0,9.600749016E-1,-4.620809257E-1,9.710882187E0,9.769160427E0
9.027556395E0,9.600749016E-1,-4.548983276E-1,9.708487511E0,9.766442856E0
9.029560379E0,9.624691010E-1,-4.548983276E-1,9.715670586E0,9.773818813E0
9.031564051E0,9.600749016E-1,-4.548983276E-1,9.715670586E0,9.773583336E0
9.033568777E0,9.600749016E-1,-4.548983276E-1,9.720458984E0,9.778343376E0
9.035573152E0,9.624691010E-1,-4.572925270E-1,9.715670586E0,9.773930538E0
9.037577840E0,9.600749016E-1,-4.596867263E-1,9.708487511E0,9.766667059E0
9.039581590E0,9.576807022E-1,-4.548983276E-1,9.713275909E0,9.770967900E0
9.041585418E0,9.600749016E-1,-4.525041282E-1,9.713275909E0,9.771091684E0
9.043589168E0,9.648633003E-1,-4.525041282E-1,9.708487511E0,9.766803516E0
9.045592449E0,9.624691010E-1,-4.596867263E-1,9.708487511E0,9.766902703E0
9.047597137E0,9.576807022E-1,-4.620809257E-1,9.703699112E0,9.761785060E0
9.049601082E0,9.600749016E-1,-4.525041282E-1,9.703699112E0,9.761571608E0
9.051605965E0,9.648633003E-1,-4.501099288E-1,9.718064308E0,9.776212663E0
9.053610574E0,9.648633003E-1,-4.572925270E-1,9.718064308E0,9.776545992E0
9.055614598E0,9.720458984E-1,-4.525041282E-1,9.713275909E0,9.772275176E0
9.057618621E0,9.696516991E-1,-4.572925270E-1,9.727641106E0,9.786538834E0
9.059623309E0,9.720458984E-1,-4.548983276E-1,9.718064308E0,9.777145781E0
9.061627137E0,9.720458984E-1,-4.453215301E-1,9.710882187E0,9.769565873E0
9.063629754E0,9.696516991E-1,-4.501099288E-1,9.713275909E0,9.771926742E0
9.065632840E0,9.648633003E-1,-4.501099288E-1,9.732429504E0,9.790492541E0
9.067636590E0,9.672574997E-1,-4.477157295E-1,9.730035782E0,9.788239513E0
9.069639246E0,9.576807022E-1,-4.525041282E-1,9.732429504E0,9.789897669E0
9.071642723E0,9.600749016E-1,-4.501099288E-1,9.725247383E0,9.782881959E0
9.073646356E0,9.552865028E-1,-4.620809257E-1,9.725247383E0,9.782971315E0
9.075649871E0,9.576807022E-1,-4.644751251E-1,9.718064308E0,9.776178362E0
9.077654442E0,9.720458984E-1,-4.477157295E-1,9.710882187E0,9.769675299E0
9.079658348E0,9.696516991E-1,-4.453215301E-1,9.708487511E0,9.766947600E0
9.081661590E0,9.672574997E-1,-4.525041282E-1,9.710882187E0,9.769420653E0
9.083664910E0,9.720458984E-1,-4.572925270E-1,9.715670586E0,9.774878240E0
9.085667684E0,9.648633003E-1,-4.572925270E-1,9.708487511E0,9.767026538E0
9.087669520E0,9.624691010E-1,-4.572925270E-1,9.720458984E0,9.778690408E0
9.089672332E0,9.648633003E-1,-4.572925270E-1,9.725247383E0,9.783686131E0
9.091674168E0,9.648633003E-1,-4.596867263E-1,9.718064308E0,9.776658272E0
9.093677606E0,9.624691010E-1,-4.644751251E-1,9.722852707E0,9.781408317E0
9.095681746E0,9.672574997E-1,-4.644751251E-1,9.713275909E0,9.772361695E0
9.097684207E0,9.648633003E-1,-4.692635238E-1,9.696516991E0,9.755696346E0
9.099687176E0,9.600749016E-1,-4.644751251E-1,9.706093788E0,9.764514201E0
9.101690379E0,9.672574997E-1,-4.572925270E-1,9.725247383E0,9.783922536E0
9.103692606E0,9.696516991E-1,-4.572925270E-1,9.722852707E0,9.781779267E0
9.105695145E0,9.672574997E-1,-4.692635238E-1,9.720458984E0,9.779729965E0
9.107697567E0,9.696516991E-1,-4.620809257E-1,9.718064308E0,9.777244862E0
9.109700887E0,9.672574997E-1,-4.572925270E-1,9.715670586E0,9.774403228E0
9.111703934E0,9.648633003E-1,-4.572925270E-1,9.715670586E0,9.774166592E0
9.113706512E0,9.744400978E-1,-4.620809257E-1,9.718064308E0,9.777720909E0
9.115709090E0,9.720458984E-1,-4.572925270E-1,9.713275909E0,9.772498072E0
9.117713152E0,9.720458984E-1,-4.548983276E-1,9.715670586E0,9.774766526E0
9.119717606E0,9.744400978E-1,-4.453215301E-1,9.718064308E0,9.776943217E0
9.121721473E0,9.648633003E-1,-4.477157295E-1,9.715670586E0,9.773723215E0
9.123725692E0,9.576807022E-1,-4.692635238E-1,9.718064308E0,9.776407033E0
9.125728895E0,9.600749016E-1,-4.668693244E-1,9.706093788E0,9.764628380E0
9.127731629E0,9.672574997E-1,-4.644751251E-1,9.715670586E0,9.774741896E0
9.129733973E0,9.696516991E-1,-4.525041282E-1,9.725247383E0,9.783936890E0
9.131736824E0,9.720458984E-1,-4.548983276E-1,9.725247383E0,9.784285481E0
9.133740926E0,9.696516991E-1,-4.572925270E-1,9.730035782E0,9.788919102E0
9.135743934E0,9.696516991E-1,-4.548983276E-1,9.720458984E0,9.779288306E0
9.137747176E0,9.648633003E-1,-4.477157295E-1,9.727641106E0,9.785622721E0
9.139751121E0,9.744400978E-1,-4.525041282E-1,9.720458984E0,9.779653182E0
9.141754637E0,9.672574997E-1,-4.572925270E-1,9.708487511E0,9.767263346E0
9.143758543E0,9.672574997E-1,-4.596867263E-1,9.701305389E0,9.760236945E0
9.145761902E0,9.624691010E-1,-4.548983276E-1,9.703699112E0,9.761918649E0
9.147766356E0,9.624691010E-1,-4.644751251E-1,9.710882187E0,9.769509546E0
9.149769363E0,9.576807022E-1,-4.692635238E-1,9.703699112E0,9.762127690E0
9.151772996E0,9.576807022E-1,-4.596867263E-1,9.706093788E0,9.764052480E0
9.153777723E0,9.600749016E-1,-4.692635238E-1,9.722852707E0,9.781401578E0
9.155781824E0,9.648633003E-1,-4.596867263E-1,9.720458984E0,9.779038600E0
9.157786121E0,9.720458984E-1,-4.548983276E-1,9.718064308E0,9.777145781E0
9.159790067E0,9.672574997E-1,-4.501099288E-1,9.722852707E0,9.781209065E0
9.161792918E0,9.600749016E-1,-4.525041282E-1,9.725247383E0,9.782992409E0
9.163795262E0,9.696516991E-1,-4.596867263E-1,9.725247383E0,9.784271714E0
9.165798738E0,9.648633003E-1,-4.572925270E-1,9.725247383E0,9.783686131E0
9.167801199E0,9.600749016E-1,-4.548983276E-1,9.722852707E0,9.780722932E0
9.169804520E0,9.624691010E-1,-4.548983276E-1,9.734824181E0,9.792858678E0
9.171807996E0,9.672574997E-1,-4.525041282E-1,9.730035782E0,9.788459704E0
9.173812840E0,9.696516991E-1,-4.477157295E-1,9.734824181E0,9.793236218E0
9.175817215E0,9.696516991E-1,-4.429273009E-1,9.727641106E0,9.785878116E0
9.177820848E0,9.648633003E-1,-4.405331016E-1,9.725247383E0,9.782917114E0
9.179824520E0,9.720458984E-1,-4.477157295E-1,9.725247383E0,9.783954173E0
9.181828035E0,9.768342972E-1,-4.548983276E-1,9.720458984E0,9.780003098E0
9.183830809E0,9.696516991E-1,-4.572925270E-1,9.718064308E0,9.777019728E0
9.185833660E0,9.696516991E-1,-4.596867263E-1,9.710882187E0,9.769993304E0
9.187837215E0,9.696516991E-1,-4.644751251E-1,9.708487511E0,9.767839644E0
9.189840027E0,9.672574997E-1,-4.692635238E-1,9.708487511E0,9.767831134E0
9.191843152E0,9.696516991E-1,-4.644751251E-1,9.703699112E0,9.763080355E0
9.193846824E0,9.648633003E-1,-4.668693244E-1,9.703699112E0,9.762720144E0
9.195850340E0,9.576807022E-1,-4.596867263E-1,9.713275909E0,9.771192000E0
9.197853582E0,9.600749016E-1,-4.596867263E-1,9.708487511E0,9.766667059E0
9.199856199E0,9.552865028E-1,-4.525041282E-1,9.708487511E0,9.765862073E0
9.201858973E0,9.552865028E-1,-4.548983276E-1,9.706093788E0,9.763593673E0
9.203862723E0,9.504981041E-1,-4.548983276E-1,9.701305389E0,9.758365918E0
9.205866004E0,9.672574997E-1,-4.525041282E-1,9.706093788E0,9.764660961E0
9.207868426E0,9.672574997E-1,-4.501099288E-1,9.708487511E0,9.766929700E0
9.209871121E0,9.648633003E-1,-4.429273009E-1,9.718064308E0,9.775884598E0
9.211873152E0,9.648633003E-1,-4.548983276E-1,9.720458984E0,9.778814680E0
9.213875731E0,9.720458984E-1,-4.477157295E-1,9.727641106E0,9.786333536E0
9.215879012E0,9.672574997E-1,-4.453215301E-1,9.722852707E0,9.780989883E0
9.217881824E0,9.744400978E-1,-4.477157295E-1,9.720458984E0,9.779432793E0
9.219884481E0,9.744400978E-1,-4.501099288E-1,9.722852707E0,9.781921959E0
9.221886082E0,9.648633003E-1,-4.572925270E-1,9.710882187E0,9.769406865E0
9.223887918E0,9.648633003E-1,-4.525041282E-1,9.713275909E0,9.771563338E0
9.225889598E0,9.720458984E-1,-4.596867263E-1,9.698910713E0,9.758332549E0
9.227891082E0,9.648633003E-1,-4.596867263E-1,9.710882187E0,9.769519227E0
9.229892684E0,9.600749016E-1,-4.620809257E-1,9.708487511E0,9.766780040E0
9.231893895E0,9.696516991E-1,-4.525041282E-1,9.715670586E0,9.774417596E0
9.233895223E0,9.720458984E-1,-4.525041282E-1,9.720458984E0,9.779414915E0
9.235896824E0,9.600749016E-1,-4.525041282E-1,9.715670586E0,9.773472194E0
9.237898582E0,9.624691010E-1,-4.572925270E-1,9.715670586E0,9.773930538E0
9.239900262E0,9.696516991E-1,-4.620809257E-1,9.710882187E0,9.770106245E0
9.241901434E0,9.720458984E-1,-4.548983276E-1,9.727641106E0,9.786664764E0
9.243902176E0,9.624691010E-1,-4.525041282E-1,9.730035782E0,9.787987693E0
9.245902410E0,9.768342972E-1,-4.572925270E-1,9.727641106E0,9.787253097E0
9.247902059E0,9.744400978E-1,-4.548983276E-1,9.725247383E0,9.784523629E0
9.249902996E0,9.648633003E-1,-4.525041282E-1,9.713275909E0,9.771563338E0
9.251904051E0,9.648633003E-1,-4.548983276E-1,9.727641106E0,9.785953973E0
9.253904754E0,9.600749016E-1,-4.620809257E-1,9.730035782E0,9.788199983E0
9.255905574E0,9.576807022E-1,-4.596867263E-1,9.720458984E0,9.778332531E0
9.257906512E0,9.528923035E-1,-4.477157295E-1,9.725247383E0,9.782069811E0
9.259907918E0,9.552865028E-1,-4.548983276E-1,9.722852707E0,9.780254064E0
9.261909402E0,9.504981041E-1,-4.596867263E-1,9.715670586E0,9.772871301E0
9.263911902E0,9.528923035E-1,-4.596867263E-1,9.725247383E0,9.782625020E0
9.265914402E0,9.648633003E-1,-4.548983276E-1,9.710882187E0,9.769295088E0
9.267917606E0,9.744400978E-1,-4.572925270E-1,9.718064308E0,9.777495787E0
9.269919988E0,9.672574997E-1,-4.596867263E-1,9.720458984E0,9.779275118E0
9.271923074E0,9.624691010E-1,-4.548983276E-1,9.730035782E0,9.788098670E0
9.273925301E0,9.600749016E-1,-4.548983276E-1,9.720458984E0,9.778343376E0
9.275927840E0,9.672574997E-1,-4.572925270E-1,9.715670586E0,9.774403228E0
9.277930223E0,9.672574997E-1,-4.572925270E-1,9.715670586E0,9.774403228E0
9.279932606E0,9.624691010E-1,-4.572925270E-1,9.715670586E0,9.773930538E0
9.281935223E0,9.576807022E-1,-4.572925270E-1,9.713275909E0,9.771079658E0
9.283937957E0,9.552865028E-1,-4.548983276E-1,9.715670586E0,9.773114126E0
9.285941746E0,9.504981041E-1,-4.644751251E-1,9.718064308E0,9.775477364E0
9.287944324E0,9.528923035E-1,-4.668693244E-1,9.718064308E0,9.775824497E0
9.289947059E0,9.528923035E-1,-4.525041282E-1,9.727641106E0,9.784669908E0
9.291949402E0,9.648633003E-1,-4.596867263E-1,9.725247383E0,9.783798329E0
9.293952332E0,9.648633003E-1,-4.644751251E-1,9.713275909E0,9.772125011E0
9.295954168E0,9.720458984E-1,-4.644751251E-1,9.708487511E0,9.768077606E0
9.297956668E0,9.768342972E-1,-4.548983276E-1,9.708487511E0,9.768104600E0
9.299958465E0,9.696516991E-1,-4.548983276E-1,9.715670586E0,9.774528727E0
9.301960262E0,9.600749016E-1,-4.501099288E-1,9.725247383E0,9.782881959E0
9.303962254E0,9.648633003E-1,-4.525041282E-1,9.720458984E0,9.778703597E0
9.305964520E0,9.624691010E-1,-4.525041282E-1,9.713275909E0,9.771327220E0
9.307966981E0,9.648633003E-1,-4.620809257E-1,9.722852707E0,9.781530797E0
9.309969442E0,9.600749016E-1,-4.644751251E-1,9.713275909E0,9.771653384E0
9.311971277E0,9.696516991E-1,-4.620809257E-1,9.725247383E0,9.784384491E0
9.313973934E0,9.672574997E-1,-4.525041282E-1,9.725247383E0,9.783699899E0
9.315976238E0,9.600749016E-1,-4.572925270E-1,9.730035782E0,9.787975102E0
9.317979324E0,9.504981041E-1,-4.572925270E-1,9.708487511E0,9.765617894E0
9.319981824E0,9.552865028E-1,-4.620809257E-1,9.706093788E0,9.763930956E0
9.321984559E0,9.672574997E-1,-4.644751251E-1,9.710882187E0,9.769982449E0
9.323985848E0,9.624691010E-1,-4.644751251E-1,9.720458984E0,9.779028928E0
9.325986902E0,9.600749016E-1,-4.644751251E-1,9.722852707E0,9.781173024E0
9.327988152E0,9.672574997E-1,-4.572925270E-1,9.713275909E0,9.772022944E0
9.329989402E0,9.672574997E-1,-4.548983276E-1,9.720458984E0,9.779051203E0
9.331991434E0,9.648633003E-1,-4.501099288E-1,9.722852707E0,9.780972595E0
9.333993309E0,9.696516991E-1,-4.596867263E-1,9.730035782E0,9.789031240E0
9.335995340E0,9.696516991E-1,-4.644751251E-1,9.727641106E0,9.786877083E0
9.337996824E0,9.744400978E-1,-4.644751251E-1,9.713275909E0,9.773075234E0
9.339999442E0,9.768342972E-1,-4.596867263E-1,9.710882187E0,9.770708776E0
9.342001082E0,9.696516991E-1,-4.525041282E-1,9.725247383E0,9.783936890E0
9.344002723E0,9.624691010E-1,-4.525041282E-1,9.732429504E0,9.790367246E0
9.346005067E0,9.648633003E-1,-4.620809257E-1,9.737217903E0,9.795809944E0
9.348008113E0,9.648633003E-1,-4.525041282E-1,9.732429504E0,9.790602904E0
9.350010262E0,9.624691010E-1,-4.525041282E-1,9.730035782E0,9.787987693E0
9.352013465E0,9.624691010E-1,-4.548983276E-1,9.725247383E0,9.783338690E0
9.354015887E0,9.672574997E-1,-4.572925270E-1,9.710882187E0,9.769643615E0
9.356017684E0,9.768342972E-1,-4.501099288E-1,9.708487511E0,9.767882777E0
9.358019988E0,9.720458984E-1,-4.477157295E-1,9.713275909E0,9.772054620E0
9.360021043E0,9.744400978E-1,-4.572925270E-1,9.708487511E0,9.767977258E0
9.362022176E0,9.672574997E-1,-4.525041282E-1,9.703699112E0,9.762280651E0
9.364022957E0,9.672574997E-1,-4.525041282E-1,9.710882187E0,9.769420653E0
9.366025106E0,9.696516991E-1,-4.501099288E-1,9.720458984E0,9.779066736E0
9.368027020E0,9.672574997E-1,-4.477157295E-1,9.718064308E0,9.776339312E0
9.370029324E0,9.624691010E-1,-4.548983276E-1,9.710882187E0,9.769058916E0
9.372031160E0,9.624691010E-1,-4.525041282E-1,9.698910713E0,9.757047493E0
9.374032137E0,9.696516991E-1,-4.501099288E-1,9.706093788E0,9.764787760E0
9.376032723E0,9.672574997E-1,-4.596867263E-1,9.713275909E0,9.772135276E0
9.378034207E0,9.600749016E-1,-4.620809257E-1,9.722852707E0,9.781059624E0
9.380035652E0,9.696516991E-1,-4.548983276E-1,9.725247383E0,9.784047913E0
9.382037918E0,9.744400978E-1,-4.596867263E-1,9.730035782E0,9.789506714E0
9.384039949E0,9.696516991E-1,-4.620809257E-1,9.725247383E0,9.784384491E0
9.386043035E0,9.648633003E-1,-4.572925270E-1,9.720458984E0,9.778926348E0
9.388045965E0,9.744400978E-1,-4.548983276E-1,9.727641106E0,9.786902854E0
9.390048504E0,9.648633003E-1,-4.525041282E-1,9.730035782E0,9.788223408E0
9.392051863E0,9.648633003E-1,-4.572925270E-1,9.722852707E0,9.781305762E0
9.394054363E0,9.624691010E-1,-4.620809257E-1,9.706093788E0,9.764636305E0
9.396056902E0,9.624691010E-1,-4.596867263E-1,9.720458984E0,9.778802663E0
9.398059871E0,9.624691010E-1,-4.572925270E-1,9.708487511E0,9.766790311E0
9.400062371E0,9.672574997E-1,-4.548983276E-1,9.708487511E0,9.767151545E0
9.402065496E0,9.696516991E-1,-4.525041282E-1,9.708487511E0,9.767277725E0
9.404068270E0,9.696516991E-1,-4.477157295E-1,9.720458984E0,9.778956829E0
9.406070965E0,9.696516991E-1,-4.477157295E-1,9.718064308E0,9.776576481E0
9.408072879E0,9.744400978E-1,-4.525041282E-1,9.718064308E0,9.777273004E0
9.410074676E0,9.672574997E-1,-4.620809257E-1,9.715670586E0,9.774628422E0
9.412076981E0,9.672574997E-1,-4.572925270E-1,9.718064308E0,9.776782570E0
9.414078504E0,9.696516991E-1,-4.501099288E-1,9.734824181E0,9.793345965E0
9.416080184E0,9.672574997E-1,-4.477157295E-1,9.737217903E0,9.795378958E0
9.418082488E0,9.576807022E-1,-4.525041282E-1,9.734824181E0,9.792278292E0
9.420084324E0,9.552865028E-1,-4.525041282E-1,9.713275909E0,9.770622354E0
9.422086629E0,9.624691010E-1,-4.572925270E-1,9.730035782E0,9.788210232E0
9.424089754E0,9.576807022E-1,-4.501099288E-1,9.718064308E0,9.775506390E0
9.426091942E0,9.576807022E-1,-4.501099288E-1,9.720458984E0,9.777886998E0
9.428094871E0,9.552865028E-1,-4.572925270E-1,9.710882187E0,9.768465673E0
9.430097684E0,9.552865028E-1,-4.572925270E-1,9.710882187E0,9.768465673E0
9.432100613E0,9.552865028E-1,-4.525041282E-1,9.713275909E0,9.770622354E0
9.434103504E0,9.648633003E-1,-4.572925270E-1,9.718064308E0,9.776545992E0
9.436106238E0,9.672574997E-1,-4.596867263E-1,9.715670586E0,9.774515532E0
9.438108387E0,9.648633003E-1,-4.525041282E-1,9.706093788E0,9.764424089E0
9.440111395E0,9.696516991E-1,-4.453215301E-1,9.703699112E0,9.762187877E0
9.442113777E0,9.720458984E-1,-4.548983276E-1,9.713275909E0,9.772386331E0
9.444117137E0,9.744400978E-1,-4.596867263E-1,9.718064308E0,9.777608056E0
9.446119012E0,9.720458984E-1,-4.596867263E-1,9.722852707E0,9.782129107E0
9.448121082E0,9.696516991E-1,-4.548983276E-1,9.718064308E0,9.776908039E0
9.450122684E0,9.624691010E-1,-4.596867263E-1,9.718064308E0,9.776422278E0
9.452124285E0,9.576807022E-1,-4.525041282E-1,9.710882187E0,9.768477116E0
9.454125574E0,9.624691010E-1,-4.548983276E-1,9.715670586E0,9.773818813E0
9.456127215E0,9.744400978E-1,-4.620809257E-1,9.715670586E0,9.775341795E0
9.458129324E0,9.792284966E-1,-4.668693244E-1,9.708487511E0,9.768909108E0
9.460130340E0,9.720458984E-1,-4.525041282E-1,9.701305389E0,9.760377015E0
9.462131199E0,9.600749016E-1,-4.525041282E-1,9.715670586E0,9.773472194E0
9.464131902E0,9.648633003E-1,-4.572925270E-1,9.720458984E0,9.778926348E0
9.466133309E0,9.696516991E-1,-4.740519226E-1,9.718064308E0,9.777817933E0
9.468136121E0,9.696516991E-1,-4.644751251E-1,9.715670586E0,9.774979104E0
9.470137137E0,9.648633003E-1,-4.525041282E-1,9.722852707E0,9.781083066E0
9.472137567E0,9.672574997E-1,-4.501099288E-1,9.718064308E0,9.776449249E0
9.474137996E0,9.648633003E-1,-4.548983276E-1,9.708487511E0,9.766914734E0
9.476139754E0,9.720458984E-1,-4.572925270E-1,9.708487511E0,9.767738706E0
9.478142332E0,9.648633003E-1,-4.501099288E-1,9.722852707E0,9.780972595E0
9.480144715E0,9.624691010E-1,-4.429273009E-1,9.722852707E0,9.780408791E0
9.482147332E0,9.624691010E-1,-4.477157295E-1,9.713275909E0,9.771106643E0
9.484150652E0,9.648633003E-1,-4.477157295E-1,9.720458984E0,9.778483187E0
9.486152059E0,9.672574997E-1,-4.453215301E-1,9.718064308E0,9.776229960E0
9.488152957E0,9.672574997E-1,-4.453215301E-1,9.725247383E0,9.783370329E0
9.490154637E0,9.696516991E-1,-4.501099288E-1,9.725247383E0,9.783826451E0
9.492155184E0,9.600749016E-1,-4.429273009E-1,9.725247383E0,9.782554118E0
9.494155770E0,9.624691010E-1,-4.525041282E-1,9.715670586E0,9.773707673E0
9.496157567E0,9.600749016E-1,-4.453215301E-1,9.718064308E0,9.775521929E0
9.498160106E0,9.600749016E-1,-4.477157295E-1,9.718064308E0,9.775631289E0
9.500162449E0,9.624691010E-1,-4.596867263E-1,9.713275909E0,9.771662476E0
9.502164168E0,9.552865028E-1,-4.548983276E-1,9.727641106E0,9.785014373E0
9.504166942E0,9.576807022E-1,-4.596867263E-1,9.722852707E0,9.780712089E0
9.506168817E0,9.624691010E-1,-4.501099288E-1,9.730035782E0,9.787877300E0
9.508171512E0,9.600749016E-1,-4.501099288E-1,9.710882187E0,9.768601518E0
9.510173817E0,9.504981041E-1,-4.453215301E-1,9.713275909E0,9.769825321E0
9.512175613E0,9.504981041E-1,-4.477157295E-1,9.713275909E0,9.769934745E0
9.514177176E0,9.648633003E-1,-4.453215301E-1,9.718064308E0,9.775993369E0
9.516179090E0,9.648633003E-1,-4.548983276E-1,9.708487511E0,9.766914734E0
9.518181199E0,9.672574997E-1,-4.525041282E-1,9.694122314E0,9.752761378E0
9.520182957E0,9.600749016E-1,-4.620809257E-1,9.715670586E0,9.773920274E0
9.522184793E0,9.576807022E-1,-4.644751251E-1,9.710882187E0,9.769038966E0
9.524187918E0,9.768342972E-1,-4.525041282E-1,9.713275909E0,9.772752638E0
9.526190223E0,9.720458984E-1,-4.525041282E-1,9.720458984E0,9.779414915E0
9.528193348E0,9.696516991E-1,-4.501099288E-1,9.720458984E0,9.779066736E0
9.530195731E0,9.600749016E-1,-4.525041282E-1,9.713275909E0,9.771091684E0
9.532198934E0,9.696516991E-1,-4.501099288E-1,9.708487511E0,9.767167098E0
9.534201629E0,9.552865028E-1,-4.572925270E-1,9.718064308E0,9.775605488E0
9.536204246E0,9.576807022E-1,-4.525041282E-1,9.732429504E0,9.789897669E0
9.538206902E0,9.528923035E-1,-4.525041282E-1,9.718064308E0,9.775148982E0
9.540209676E0,9.576807022E-1,-4.548983276E-1,9.713275909E0,9.770967900E0
9.542211512E0,9.576807022E-1,-4.477157295E-1,9.715670586E0,9.773016762E0
9.544213621E0,9.552865028E-1,-4.525041282E-1,9.715670586E0,9.773002978E0
9.546215809E0,9.672574997E-1,-4.620809257E-1,9.708487511E0,9.767488705E0
9.548216902E0,9.696516991E-1,-4.620809257E-1,9.715670586E0,9.774865632E0
9.550218543E0,9.696516991E-1,-4.501099288E-1,9.722852707E0,9.781446116E0
9.552220379E0,9.648633003E-1,-4.525041282E-1,9.725247383E0,9.783463489E0
9.554222488E0,9.600749016E-1,-4.525041282E-1,9.720458984E0,9.778232288E0
9.556224871E0,9.624691010E-1,-4.548983276E-1,9.718064308E0,9.776198298E0
9.558227215E0,9.624691010E-1,-4.572925270E-1,9.713275909E0,9.771550139E0
9.560228738E0,9.624691010E-1,-4.620809257E-1,9.720458984E0,9.778915503E0
9.562231473E0,9.528923035E-1,-4.668693244E-1,9.725247383E0,9.782965163E0
9.564234324E0,9.576807022E-1,-4.572925270E-1,9.722852707E0,9.780599856E0
9.566236785E0,9.600749016E-1,-4.572925270E-1,9.718064308E0,9.776074579E0
9.568238856E0,9.624691010E-1,-4.572925270E-1,9.720458984E0,9.778690408E0
9.570241082E0,9.624691010E-1,-4.572925270E-1,9.718064308E0,9.776309995E0
9.572242645E0,9.720458984E-1,-4.620809257E-1,9.713275909E0,9.772723310E0
9.574243192E0,9.648633003E-1,-4.525041282E-1,9.710882187E0,9.769183897E0
9.576244246E0,9.624691010E-1,-4.501099288E-1,9.713275909E0,9.771216639E0
9.578246043E0,9.624691010E-1,-4.596867263E-1,9.722852707E0,9.781182107E0
9.580247801E0,9.696516991E-1,-4.596867263E-1,9.713275909E0,9.772372547E0
9.582250106E0,9.576807022E-1,-4.548983276E-1,9.720458984E0,9.778108594E0
9.584253035E0,9.600749016E-1,-4.596867263E-1,9.720458984E0,9.778567307E0
9.586255496E0,9.576807022E-1,-4.548983276E-1,9.727641106E0,9.785248402E0
9.588259481E0,9.600749016E-1,-4.596867263E-1,9.708487511E0,9.766667059E0
9.590262996E0,9.672574997E-1,-4.477157295E-1,9.713275909E0,9.771579470E0
9.592265926E0,9.696516991E-1,-4.548983276E-1,9.706093788E0,9.765009653E0
9.594269012E0,9.744400978E-1,-4.572925270E-1,9.718064308E0,9.777495787E0
9.596271082E0,9.768342972E-1,-4.501099288E-1,9.720458984E0,9.779781545E0
9.598272801E0,9.696516991E-1,-4.477157295E-1,9.734824181E0,9.793236218E0
9.600276043E0,9.624691010E-1,-4.477157295E-1,9.725247383E0,9.783007350E0
9.602278465E0,9.648633003E-1,-4.477157295E-1,9.727641106E0,9.785622721E0
9.604280418E0,9.744400978E-1,-4.477157295E-1,9.725247383E0,9.784192330E0
9.606282567E0,9.696516991E-1,-4.501099288E-1,9.718064308E0,9.776686415E0
9.608284793E0,9.672574997E-1,-4.477157295E-1,9.725247383E0,9.783479601E0
9.610286902E0,9.672574997E-1,-4.501099288E-1,9.730035782E0,9.788349316E0
9.612288817E0,9.648633003E-1,-4.525041282E-1,9.718064308E0,9.776323188E0
9.614291668E0,9.600749016E-1,-4.668693244E-1,9.730035782E0,9.788427203E0
9.616294246E0,9.600749016E-1,-4.548983276E-1,9.718064308E0,9.775962879E0
9.618296277E0,9.600749016E-1,-4.525041282E-1,9.710882187E0,9.768712129E0
9.620300340E0,9.672574997E-1,-4.548983276E-1,9.715670586E0,9.774291508E0
9.622303543E0,9.552865028E-1,-4.525041282E-1,9.720458984E0,9.777763300E0
9.624305926E0,9.528923035E-1,-4.572925270E-1,9.722852707E0,9.780132154E0
9.626308738E0,9.600749016E-1,-4.525041282E-1,9.722852707E0,9.780611871E0
9.628311942E0,9.624691010E-1,-4.572925270E-1,9.701305389E0,9.759651094E0
9.630315418E0,9.624691010E-1,-4.572925270E-1,9.706093788E0,9.764410881E0
9.632318152E0,9.672574997E-1,-4.548983276E-1,9.715670586E0,9.774291508E0
9.634320613E0,9.624691010E-1,-4.525041282E-1,9.713275909E0,9.771327220E0
9.636322723E0,9.552865028E-1,-4.596867263E-1,9.725247383E0,9.782858522E0
9.638326863E0,9.648633003E-1,-4.620809257E-1,9.715670586E0,9.774391792E0
9.640329949E0,9.696516991E-1,-4.668693244E-1,9.715670586E0,9.775093161E0
9.642332527E0,9.696516991E-1,-4.644751251E-1,9.720458984E0,9.779738464E0
9.644335262E0,9.672574997E-1,-4.716577232E-1,9.703699112E0,9.763187212E0
9.646336902E0,9.672574997E-1,-4.572925270E-1,9.718064308E0,9.776782570E0
9.648338777E0,9.696516991E-1,-4.548983276E-1,9.718064308E0,9.776908039E0
9.650341004E0,9.672574997E-1,-4.477157295E-1,9.706093788E0,9.764440233E0
9.652343348E0,9.552865028E-1,-4.501099288E-1,9.715670586E0,9.772892416E0
9.654346004E0,9.576807022E-1,-4.548983276E-1,9.715670586E0,9.773348441E0
9.656350340E0,9.600749016E-1,-4.644751251E-1,9.708487511E0,9.766893606E0
9.658353699E0,9.648633003E-1,-4.668693244E-1,9.730035782E0,9.788898021E0
9.660355848E0,9.672574997E-1,-4.596867263E-1,9.730035782E0,9.788794373E0
9.662357957E0,9.720458984E-1,-4.501099288E-1,9.708487511E0,9.767405076E0
9.664360418E0,9.744400978E-1,-4.572925270E-1,9.706093788E0,9.765598117E0
9.666363465E0,9.720458984E-1,-4.525041282E-1,9.708487511E0,9.767515701E0
9.668366043E0,9.744400978E-1,-4.572925270E-1,9.722852707E0,9.782255094E0
9.670368231E0,9.744400978E-1,-4.548983276E-1,9.727641106E0,9.786902854E0
9.672371356E0,9.696516991E-1,-4.477157295E-1,9.722852707E0,9.781336236E0
9.674373934E0,9.672574997E-1,-4.501099288E-1,9.720458984E0,9.778829628E0
9.676376863E0,9.672574997E-1,-4.501099288E-1,9.718064308E0,9.776449249E0
9.678378934E0,9.648633003E-1,-4.501099288E-1,9.718064308E0,9.776212663E0
9.680381082E0,9.648633003E-1,-4.572925270E-1,9.701305389E0,9.759887494E0
9.682384207E0,9.576807022E-1,-4.548983276E-1,9.698910713E0,9.756687647E0
9.684387098E0,9.552865028E-1,-4.453215301E-1,9.718064308E0,9.775052811E0
9.686388387E0,9.624691010E-1,-4.596867263E-1,9.718064308E0,9.776422278E0
9.688391395E0,9.552865028E-1,-4.620809257E-1,9.713275909E0,9.771070565E0
9.690393582E0,9.528923035E-1,-4.596867263E-1,9.715670586E0,9.773104448E0
9.692396160E0,9.624691010E-1,-4.548983276E-1,9.710882187E0,9.769058916E0
9.694399090E0,9.720458984E-1,-4.501099288E-1,9.703699112E0,9.762645575E0
9.696401551E0,9.720458984E-1,-4.501099288E-1,9.701305389E0,9.760266310E0
9.698403856E0,9.528923035E-1,-4.501099288E-1,9.701305389E0,9.758377373E0
9.700406473E0,9.648633003E-1,-4.548983276E-1,9.718064308E0,9.776434298E0
9.702409988E0,9.648633003E-1,-4.525041282E-1,9.715670586E0,9.773943733E0
9.704413387E0,9.648633003E-1,-4.596867263E-1,9.708487511E0,9.767138927E0
9.706416356E0,9.624691010E-1,-4.572925270E-1,9.713275909E0,9.771550139E0
9.708419168E0,9.576807022E-1,-4.572925270E-1,9.708487511E0,9.766319600E0
9.710422293E0,9.576807022E-1,-4.572925270E-1,9.710882187E0,9.768700099E0
9.712425496E0,9.696516991E-1,-4.572925270E-1,9.713275909E0,9.772260218E0
9.714428465E0,9.672574997E-1,-4.525041282E-1,9.734824181E0,9.793219536E0
9.716430731E0,9.552865028E-1,-4.501099288E-1,9.720458984E0,9.777652792E0
9.718433621E0,9.576807022E-1,-4.596867263E-1,9.718064308E0,9.775952031E0
9.720438699E0,9.600749016E-1,-4.548983276E-1,9.730035782E0,9.787863537E0
9.722441668E0,9.624691010E-1,-4.596867263E-1,9.730035782E0,9.788322378E0
9.724445184E0,9.600749016E-1,-4.620809257E-1,9.715670586E0,9.773920274E0
9.726449481E0,9.648633003E-1,-4.548983276E-1,9.732429504E0,9.790713852E0
9.728452879E0,9.744400978E-1,-4.501099288E-1,9.734824181E0,9.793821230E0
9.730456160E0,9.792284966E-1,-4.572925270E-1,9.720458984E0,9.780354174E0
9.732460067E0,9.696516991E-1,-4.548983276E-1,9.718064308E0,9.776908039E0
9.734464402E0,9.672574997E-1,-4.548983276E-1,9.722852707E0,9.781430587E0
9.736468192E0,9.624691010E-1,-4.548983276E-1,9.713275909E0,9.771438387E0
9.738472332E0,9.672574997E-1,-4.572925270E-1,9.710882187E0,9.769643615E0
9.740476004E0,9.576807022E-1,-4.572925270E-1,9.720458984E0,9.778220270E0
9.742480067E0,9.600749016E-1,-4.572925270E-1,9.715670586E0,9.773695064E0
9.744484637E0,9.624691010E-1,-4.596867263E-1,9.710882187E0,9.769283060E0
9.746488270E0,9.600749016E-1,-4.572925270E-1,9.713275909E0,9.771314608E0
9.748491942E0,9.576807022E-1,-4.572925270E-1,9.722852707E0,9.780599856E0
9.750495535E0,9.600749016E-1,-4.572925270E-1,9.727641106E0,9.785594604E0
9.752499090E0,9.624691010E-1,-4.501099288E-1,9.734824181E0,9.792637415E0
9.754502293E0,9.672574997E-1,-4.501099288E-1,9.730035782E0,9.788349316E0
9.756506317E0,9.648633003E-1,-4.620809257E-1,9.715670586E0,9.774391792E0
9.758509246E0,9.600749016E-1,-4.620809257E-1,9.718064308E0,9.776299734E0
9.760512840E0,9.672574997E-1,-4.525041282E-1,9.722852707E0,9.781319534E0
9.762516707E0,9.744400978E-1,-4.596867263E-1,9.722852707E0,9.782367308E0
9.764520457E0,9.696516991E-1,-4.525041282E-1,9.718064308E0,9.776796935E0
9.766522606E0,9.624691010E-1,-4.501099288E-1,9.710882187E0,9.768837114E0
9.768525340E0,9.648633003E-1,-4.525041282E-1,9.710882187E0,9.769183897E0
9.770529598E0,9.648633003E-1,-4.548983276E-1,9.708487511E0,9.766914734E0
9.772532879E0,9.600749016E-1,-4.501099288E-1,9.713275909E0,9.770981100E0
9.774536277E0,9.624691010E-1,-4.525041282E-1,9.713275909E0,9.771327220E0
9.776540496E0,9.696516991E-1,-4.572925270E-1,9.708487511E0,9.767500735E0
9.778543699E0,9.648633003E-1,-4.525041282E-1,9.715670586E0,9.773943733E0
9.780547332E0,9.696516991E-1,-4.525041282E-1,9.698910713E0,9.757758627E0
9.782550926E0,9.624691010E-1,-4.477157295E-1,9.703699112E0,9.761586582E0
9.784555262E0,9.672574997E-1,-4.453215301E-1,9.715670586E0,9.773850483E0
9.786558973E0,9.648633003E-1,-4.477157295E-1,9.713275909E0,9.771342766E0
9.788562996E0,9.696516991E-1,-4.572925270E-1,9.718064308E0,9.777019728E0
9.790566981E0,9.672574997E-1,-4.572925270E-1,9.710882187E0,9.769643615E0
9.792571629E0,9.672574997E-1,-4.596867263E-1,9.708487511E0,9.767375733E0
9.794575692E0,9.696516991E-1,-4.596867263E-1,9.708487511E0,9.767613119E0
9.796580301E0,9.672574997E-1,-4.596867263E-1,9.715670586E0,9.774515532E0
9.798584871E0,9.648633003E-1,-4.501099288E-1,9.715670586E0,9.773833182E0
9.800589168E0,9.624691010E-1,-4.501099288E-1,9.718064308E0,9.775976658E0
9.802593152E0,9.624691010E-1,-4.501099288E-1,9.720458984E0,9.778357152E0
9.804596902E0,9.720458984E-1,-4.501099288E-1,9.727641106E0,9.786443361E0
9.806601902E0,9.720458984E-1,-4.548983276E-1,9.715670586E0,9.774766526E0
9.808606238E0,9.624691010E-1,-4.572925270E-1,9.713275909E0,9.771550139E0
9.810610731E0,9.672574997E-1,-4.620809257E-1,9.718064308E0,9.777007709E0
9.812614559E0,9.648633003E-1,-4.596867263E-1,9.720458984E0,9.779038600E0
9.814617801E0,9.672574997E-1,-4.644751251E-1,9.715670586E0,9.774741896E0
9.816621082E0,9.600749016E-1,-4.501099288E-1,9.715670586E0,9.773361637E0
9.818623817E0,9.552865028E-1,-4.429273009E-1,9.715670586E0,9.772564240E0
9.820626707E0,9.576807022E-1,-4.477157295E-1,9.725247383E0,9.782537420E0
9.822628973E0,9.624691010E-1,-4.572925270E-1,9.720458984E0,9.778690408E0
9.824632215E0,9.648633003E-1,-4.596867263E-1,9.725247383E0,9.783798329E0
9.826635223E0,9.648633003E-1,-4.668693244E-1,9.715670586E0,9.774619332E0
9.828638387E0,9.624691010E-1,-4.572925270E-1,9.713275909E0,9.771550139E0
9.830640770E0,9.648633003E-1,-4.548983276E-1,9.715670586E0,9.774054870E0
9.832643934E0,9.672574997E-1,-4.596867263E-1,9.708487511E0,9.767375733E0
9.834647176E0,9.696516991E-1,-4.572925270E-1,9.706093788E0,9.765121479E0
9.836650027E0,9.672574997E-1,-4.501099288E-1,9.701305389E0,9.759790586E0
9.838652527E0,9.600749016E-1,-4.477157295E-1,9.710882187E0,9.768491492E0
9.840655926E0,9.672574997E-1,-4.572925270E-1,9.718064308E0,9.776782570E0
9.842659481E0,9.696516991E-1,-4.548983276E-1,9.713275909E0,9.772148474E0
9.844662567E0,9.720458984E-1,-4.525041282E-1,9.706093788E0,9.765136448E0
9.846665184E0,9.744400978E-1,-4.620809257E-1,9.708487511E0,9.768202600E0
9.848668895E0,9.624691010E-1,-4.620809257E-1,9.701305389E0,9.759876629E0
9.850672098E0,9.624691010E-1,-4.692635238E-1,9.701305389E0,9.760219326E0
9.852675301E0,9.576807022E-1,-4.644751251E-1,9.710882187E0,9.769038966E0
9.854678777E0,9.576807022E-1,-4.596867263E-1,9.720458984E0,9.778332531E0
9.856681746E0,9.528923035E-1,-4.548983276E-1,9.720458984E0,9.777640774E0
9.858684520E0,9.552865028E-1,-4.525041282E-1,9.720458984E0,9.777763300E0
9.860688699E0,9.576807022E-1,-4.572925270E-1,9.720458984E0,9.778220270E0
9.862692488E0,9.600749016E-1,-4.644751251E-1,9.715670586E0,9.774033757E0
9.864696863E0,9.600749016E-1,-4.668693244E-1,9.722852707E0,9.781287009E0
9.866702215E0,9.600749016E-1,-4.644751251E-1,9.718064308E0,9.776413190E0
9.868706160E0,9.576807022E-1,-4.548983276E-1,9.720458984E0,9.778108594E0
9.870709832E0,9.576807022E-1,-4.596867263E-1,9.727641106E0,9.785472175E0
9.872714051E0,9.624691010E-1,-4.644751251E-1,9.725247383E0,9.783788662E0
9.874717371E0,9.576807022E-1,-4.525041282E-1,9.715670586E0,9.773237296E0
9.876720652E0,9.648633003E-1,-4.620809257E-1,9.715670586E0,9.774391792E0
9.878724012E0,9.648633003E-1,-4.644751251E-1,9.730035782E0,9.788784125E0
9.880727684E0,9.648633003E-1,-4.620809257E-1,9.727641106E0,9.786290485E0
9.882730848E0,9.672574997E-1,-4.572925270E-1,9.703699112E0,9.762503776E0
9.884734090E0,9.696516991E-1,-4.596867263E-1,9.703699112E0,9.762853720E0
9.886737918E0,9.672574997E-1,-4.572925270E-1,9.706093788E0,9.764884032E0
9.888742527E0,9.552865028E-1,-4.501099288E-1,9.727641106E0,9.784792932E0
9.890746317E0,9.600749016E-1,-4.572925270E-1,9.725247383E0,9.783215061E0
9.892750027E0,9.672574997E-1,-4.525041282E-1,9.708487511E0,9.767040330E0
9.894754285E0,9.672574997E-1,-4.548983276E-1,9.710882187E0,9.769531842E0
9.896758387E0,9.672574997E-1,-4.572925270E-1,9.708487511E0,9.767263346E0
9.898762293E0,9.696516991E-1,-4.453215301E-1,9.713275909E0,9.771707352E0
9.900766004E0,9.672574997E-1,-4.453215301E-1,9.715670586E0,9.773850483E0
9.902769598E0,9.648633003E-1,-4.525041282E-1,9.727641106E0,9.785842971E0
9.904772996E0,9.648633003E-1,-4.572925270E-1,9.742006302E0,9.800345118E0
9.906776238E0,9.672574997E-1,-4.572925270E-1,9.722852707E0,9.781542224E0
9.908780613E0,9.696516991E-1,-4.548983276E-1,9.718064308E0,9.776908039E0
9.910784481E0,9.744400978E-1,-4.525041282E-1,9.713275909E0,9.772513616E0
9.912788270E0,9.720458984E-1,-4.572925270E-1,9.713275909E0,9.772498072E0
9.914792449E0,9.768342972E-1,-4.668693244E-1,9.713275909E0,9.773428319E0
9.916797098E0,9.744400978E-1,-4.596867263E-1,9.713275909E0,9.772848831E0
9.918800613E0,9.672574997E-1,-4.501099288E-1,9.715670586E0,9.774069825E0
9.920804754E0,9.744400978E-1,-4.572925270E-1,9.715670586E0,9.775116618E0
9.922809363E0,9.720458984E-1,-4.525041282E-1,9.708487511E0,9.767515701E0
9.924814012E0,9.696516991E-1,-4.548983276E-1,9.708487511E0,9.767388937E0
9.926818231E0,9.696516991E-1,-4.548983276E-1,9.701305389E0,9.760250159E0
9.928823309E0,9.576807022E-1,-4.572925270E-1,9.710882187E0,9.768700099E0
9.930827567E0,9.672574997E-1,-4.596867263E-1,9.725247383E0,9.784034731E0
9.932831317E0,9.648633003E-1,-4.477157295E-1,9.718064308E0,9.776102723E0
9.934835301E0,9.672574997E-1,-4.477157295E-1,9.710882187E0,9.769200033E0
9.936840184E0,9.648633003E-1,-4.405331016E-1,9.722852707E0,9.780536558E0
9.938844246E0,9.672574997E-1,-4.429273009E-1,9.715670586E0,9.773741688E0
9.940848817E0,9.624691010E-1,-4.405331016E-1,9.715670586E0,9.773160753E0
9.942852645E0,9.696516991E-1,-4.429273009E-1,9.722852707E0,9.781118227E0
9.944856629E0,9.696516991E-1,-4.453215301E-1,9.720458984E0,9.778847506E0
9.946860379E0,9.624691010E-1,-4.453215301E-1,9.713275909E0,9.770997233E0
9.948863660E0,9.648633003E-1,-4.453215301E-1,9.708487511E0,9.766473376E0
9.950867098E0,9.672574997E-1,-4.501099288E-1,9.710882187E0,9.769310051E0
9.952870301E0,9.624691010E-1,-4.501099288E-1,9.718064308E0,9.775976658E0
9.954874285E0,9.648633003E-1,-4.477157295E-1,9.737217903E0,9.795142830E0
9.956877215E0,9.696516991E-1,-4.501099288E-1,9.742006302E0,9.800485200E0
9.958881043E0,9.648633003E-1,-4.525041282E-1,9.732429504E0,9.790602904E0
9.960884442E0,9.720458984E-1,-4.572925270E-1,9.727641106E0,9.786776342E0
9.962888270E0,9.720458984E-1,-4.525041282E-1,9.722852707E0,9.781794210E0
9.964891824E0,9.672574997E-1,-4.548983276E-1,9.718064308E0,9.776670878E0
9.966894324E0,9.648633003E-1,-4.525041282E-1,9.713275909E0,9.771563338E0
9.968896043E0,9.720458984E-1,-4.548983276E-1,9.718064308E0,9.777145781E0
9.970897840E0,9.672574997E-1,-4.548983276E-1,9.708487511E0,9.767151545E0
9.972899481E0,9.672574997E-1,-4.548983276E-1,9.706093788E0,9.764772203E0
9.974902879E0,9.600749016E-1,-4.596867263E-1,9.706093788E0,9.764287600E0
9.976906746E0,9.576807022E-1,-4.548983276E-1,9.720458984E0,9.778108594E0
9.978909988E0,9.600749016E-1,-4.572925270E-1,9.713275909E0,9.771314608E0
9.980912762E0,9.600749016E-1,-4.596867263E-1,9.715670586E0,9.773807376E0
9.982915457E0,9.624691010E-1,-4.477157295E-1,9.727641106E0,9.785386943E0
9.984917059E0,9.672574997E-1,-4.525041282E-1,9.720458984E0,9.778940123E0
9.986919402E0,9.600749016E-1,-4.572925270E-1,9.718064308E0,9.776074579E0
9.988922840E0,9.648633003E-1,-4.644751251E-1,9.720458984E0,9.779264860E0
9.990925692E0,9.576807022E-1,-4.620809257E-1,9.722852707E0,9.780824907E0
9.992929129E0,9.624691010E-1,-4.716577232E-1,9.720458984E0,9.779372712E0
9.994931863E0,9.672574997E-1,-4.740519226E-1,9.713275909E0,9.772821557E0
9.996935223E0,9.720458984E-1,-4.692635238E-1,9.701305389E0,9.761168359E0
9.998937762E0,9.672574997E-1,-4.692635238E-1,9.698910713E0,9.758312577E0
1.000094124E1,9.624691010E-1,-4.620809257E-1,9.703699112E0,9.762255990E0
1.000294475E1,9.552865028E-1,-4.596867263E-1,9.725247383E0,9.782858522E0
1.000494761E1,9.576807022E-1,-4.644751251E-1,9.718064308E0,9.776178362E0
1.000695057E1,9.648633003E-1,-4.716577232E-1,9.727641106E0,9.786747349E0
1.000895425E1,9.696516991E-1,-4.716577232E-1,9.722852707E0,9.782461356E0
1.001095831E1,9.648633003E-1,-4.596867263E-1,9.701305389E0,9.759999966E0
1.001296132E1,9.624691010E-1,-4.548983276E-1,9.703699112E0,9.761918649E0
1.001496448E1,9.624691010E-1,-4.477157295E-1,9.713275909E0,9.771106643E0
1.001696819E1,9.720458984E-1,-4.596867263E-1,9.708487511E0,9.767851087E0
1.001897175E1,9.720458984E-1,-4.620809257E-1,9.718064308E0,9.777482596E0
1.002097534E1,9.672574997E-1,-4.644751251E-1,9.718064308E0,9.777121157E0
1.002297952E1,9.576807022E-1,-4.572925270E-1,9.722852707E0,9.780599856E0
1.002498304E1,9.552865028E-1,-4.548983276E-1,9.727641106E0,9.785014373E0
1.002698624E1,9.624691010E-1,-4.596867263E-1,9.722852707E0,9.781182107E0
1.002899011E1,9.624691010E-1,-4.620809257E-1,9.727641106E0,9.786054723E0
1.003099284E1,9.672574997E-1,-4.572925270E-1,9.720458984E0,9.779162868E0
1.003299678E1,9.672574997E-1,-4.453215301E-1,9.732429504E0,9.790509813E0
1.003500085E1,9.624691010E-1,-4.596867263E-1,9.720458984E0,9.778802663E0
1.003700436E1,9.600749016E-1,-4.572925270E-1,9.708487511E0,9.766554665E0
1.003900659E1,9.696516991E-1,-4.501099288E-1,9.706093788E0,9.764787760E0
1.004100936E1,9.624691010E-1,-4.525041282E-1,9.710882187E0,9.768947722E0
1.004301222E1,9.600749016E-1,-4.548983276E-1,9.713275909E0,9.771202853E0
1.004501550E1,9.624691010E-1,-4.572925270E-1,9.713275909E0,9.771550139E0
1.004701768E1,9.648633003E-1,-4.572925270E-1,9.718064308E0,9.776545992E0
1.004902116E1,9.600749016E-1,-4.596867263E-1,9.708487511E0,9.766667059E0
1.005102409E1,9.624691010E-1,-4.572925270E-1,9.708487511E0,9.766790311E0
1.005302616E1,9.600749016E-1,-4.572925270E-1,9.710882187E0,9.768935107E0
1.005502882E1,9.672574997E-1,-4.572925270E-1,9.713275909E0,9.772022944E0
1.005703097E1,9.720458984E-1,-4.620809257E-1,9.701305389E0,9.760825696E0
1.005903292E1,9.744400978E-1,-4.620809257E-1,9.708487511E0,9.768202600E0
1.006103456E1,9.720458984E-1,-4.596867263E-1,9.708487511E0,9.767851087E0
1.006303757E1,9.624691010E-1,-4.572925270E-1,9.706093788E0,9.764410881E0
1.006503999E1,9.552865028E-1,-4.572925270E-1,9.713275909E0,9.770845288E0
1.006704245E1,9.552865028E-1,-4.548983276E-1,9.718064308E0,9.775493782E0
1.006904612E1,9.576807022E-1,-4.572925270E-1,9.710882187E0,9.768700099E0
1.007104999E1,9.648633003E-1,-4.501099288E-1,9.715670586E0,9.773833182E0
1.007305405E1,9.600749016E-1,-4.453215301E-1,9.708487511E0,9.766001476E0
1.007505749E1,9.576807022E-1,-4.525041282E-1,9.718064308E0,9.775616922E0
1.007706089E1,9.648633003E-1,-4.620809257E-1,9.718064308E0,9.776771137E0
1.007906491E1,9.624691010E-1,-4.596867263E-1,9.734824181E0,9.793082277E0
1.008106952E1,9.672574997E-1,-4.596867263E-1,9.708487511E0,9.767375733E0
1.008307339E1,9.696516991E-1,-4.429273009E-1,9.710882187E0,9.769219102E0
1.008507745E1,9.576807022E-1,-4.525041282E-1,9.715670586E0,9.773237296E0
1.008708245E1,9.576807022E-1,-4.668693244E-1,9.703699112E0,9.762012894E0
1.008908667E1,9.624691010E-1,-4.620809257E-1,9.710882187E0,9.769396010E0
1.009109104E1,9.648633003E-1,-4.572925270E-1,9.720458984E0,9.778926348E0
1.009309495E1,9.648633003E-1,-4.620809257E-1,9.720458984E0,9.779151437E0
1.009509768E1,9.624691010E-1,-4.596867263E-1,9.715670586E0,9.774042848E0
1.009710159E1,9.648633003E-1,-4.620809257E-1,9.713275909E0,9.772011505E0
1.009910612E1,9.672574997E-1,-4.525041282E-1,9.710882187E0,9.769420653E0
1.010110936E1,9.624691010E-1,-4.548983276E-1,9.715670586E0,9.773818813E0
1.010311350E1,9.600749016E-1,-4.596867263E-1,9.708487511E0,9.766667059E0
1.010511761E1,9.624691010E-1,-4.644751251E-1,9.715670586E0,9.774269223E0
1.010712100E1,9.672574997E-1,-4.644751251E-1,9.713275909E0,9.772361695E0
1.010912483E1,9.648633003E-1,-4.572925270E-1,9.713275909E0,9.771786251E0
1.011112819E1,9.648633003E-1,-4.548983276E-1,9.715670586E0,9.774054870E0
1.011313116E1,9.624691010E-1,-4.620809257E-1,9.718064308E0,9.776535145E0
1.011513456E1,9.648633003E-1,-4.596867263E-1,9.713275909E0,9.771898586E0
1.011713862E1,9.624691010E-1,-4.572925270E-1,9.713275909E0,9.771550139E0
1.011914272E1,9.600749016E-1,-4.596867263E-1,9.715670586E0,9.773807376E0
1.012114804E1,9.600749016E-1,-4.525041282E-1,9.713275909E0,9.771091684E0
1.012315280E1,9.528923035E-1,-4.548983276E-1,9.720458984E0,9.777640774E0
1.012515686E1,9.624691010E-1,-4.548983276E-1,9.725247383E0,9.783338690E0
1.012716011E1,9.648633003E-1,-4.548983276E-1,9.718064308E0,9.776434298E0
1.012916448E1,9.648633003E-1,-4.548983276E-1,9.715670586E0,9.774054870E0
1.013116870E1,9.768342972E-1,-4.548983276E-1,9.708487511E0,9.768104600E0
1.013317300E1,9.720458984E-1,-4.596867263E-1,9.701305389E0,9.760712647E0
1.013517690E1,9.648633003E-1,-4.620809257E-1,9.713275909E0,9.772011505E0
1.013718042E1,9.720458984E-1,-4.644751251E-1,9.715670586E0,9.775216893E0
1.013918370E1,9.696516991E-1,-4.668693244E-1,9.710882187E0,9.770333885E0
1.014118655E1,9.672574997E-1,-4.620809257E-1,9.720458984E0,9.779387952E0
1.014318936E1,9.672574997E-1,-4.596867263E-1,9.722852707E0,9.781654447E0
1.014519261E1,9.720458984E-1,-4.548983276E-1,9.727641106E0,9.786664764E0
1.014719612E1,9.672574997E-1,-4.596867263E-1,9.715670586E0,9.774515532E0
1.014919956E1,9.624691010E-1,-4.620809257E-1,9.715670586E0,9.774155743E0
1.015120284E1,9.648633003E-1,-4.572925270E-1,9.722852707E0,9.781305762E0
1.015320702E1,9.696516991E-1,-4.548983276E-1,9.722852707E0,9.781667632E0
1.015521038E1,9.600749016E-1,-4.572925270E-1,9.722852707E0,9.780834577E0
1.015721432E1,9.600749016E-1,-4.525041282E-1,9.722852707E0,9.780611871E0
1.015921800E1,9.600749016E-1,-4.548983276E-1,9.713275909E0,9.771202853E0
1.016122120E1,9.648633003E-1,-4.501099288E-1,9.718064308E0,9.776212663E0
1.016322499E1,9.696516991E-1,-4.548983276E-1,9.718064308E0,9.776908039E0
1.016522897E1,9.648633003E-1,-4.453215301E-1,9.713275909E0,9.771233358E0
1.016723151E1,9.672574997E-1,-4.501099288E-1,9.713275909E0,9.771689460E0
1.016923487E1,9.648633003E-1,-4.548983276E-1,9.718064308E0,9.776434298E0
1.017123737E1,9.696516991E-1,-4.525041282E-1,9.715670586E0,9.774417596E0
1.017324182E1,9.696516991E-1,-4.572925270E-1,9.715670586E0,9.774640444E0
1.017524475E1,9.648633003E-1,-4.620809257E-1,9.713275909E0,9.772011505E0
1.017724761E1,9.600749016E-1,-4.548983276E-1,9.710882187E0,9.768823325E0
1.017925065E1,9.672574997E-1,-4.548983276E-1,9.718064308E0,9.776670878E0
1.018125417E1,9.696516991E-1,-4.572925270E-1,9.727641106E0,9.786538834E0
1.018325651E1,9.744400978E-1,-4.548983276E-1,9.727641106E0,9.786902854E0
1.018525964E1,9.720458984E-1,-4.501099288E-1,9.722852707E0,9.781683748E0
1.018726300E1,9.624691010E-1,-4.596867263E-1,9.739612579E0,9.797842204E0
1.018926632E1,9.528923035E-1,-4.596867263E-1,9.734824181E0,9.792145702E0
1.019126843E1,9.576807022E-1,-4.548983276E-1,9.730035782E0,9.787628984E0
1.019327128E1,9.624691010E-1,-4.572925270E-1,9.730035782E0,9.788210232E0
1.019527401E1,9.672574997E-1,-4.572925270E-1,9.720458984E0,9.779162868E0
1.019727804E1,9.696516991E-1,-4.501099288E-1,9.718064308E0,9.776686415E0
1.019928159E1,9.600749016E-1,-4.525041282E-1,9.718064308E0,9.775851763E0
1.020128557E1,9.576807022E-1,-4.596867263E-1,9.725247383E0,9.783092603E0
1.020329007E1,9.624691010E-1,-4.548983276E-1,9.734824181E0,9.792858678E0
1.020529495E1,9.624691010E-1,-4.501099288E-1,9.715670586E0,9.773597119E0
1.020729792E1,9.648633003E-1,-4.525041282E-1,9.713275909E0,9.771563338E0
1.020930175E1,9.696516991E-1,-4.644751251E-1,9.708487511E0,9.767839644E0
1.021130507E1,9.648633003E-1,-4.572925270E-1,9.715670586E0,9.774166592E0
1.021330823E1,9.696516991E-1,-4.620809257E-1,9.720458984E0,9.779625047E0
1.021531100E1,9.672574997E-1,-4.620809257E-1,9.715670586E0,9.774628422E0
1.021731327E1,9.624691010E-1,-4.477157295E-1,9.730035782E0,9.787767491E0
1.021931589E1,9.600749016E-1,-4.620809257E-1,9.734824181E0,9.792959942E0
1.022131893E1,9.624691010E-1,-4.620809257E-1,9.722852707E0,9.781294920E0
1.022332112E1,9.624691010E-1,-4.572925270E-1,9.718064308E0,9.776309995E0
1.022532331E1,9.648633003E-1,-4.596867263E-1,9.708487511E0,9.767138927E0
1.022732596E1,9.672574997E-1,-4.525041282E-1,9.718064308E0,9.776559771E0
1.022932768E1,9.624691010E-1,-4.525041282E-1,9.720458984E0,9.778467652E0
1.023133018E1,9.648633003E-1,-4.596867263E-1,9.718064308E0,9.776658272E0
1.023333268E1,9.696516991E-1,-4.596867263E-1,9.698910713E0,9.758094349E0
1.023533507E1,9.672574997E-1,-4.572925270E-1,9.710882187E0,9.769643615E0
1.023733843E1,9.696516991E-1,-4.548983276E-1,9.713275909E0,9.772148474E0
1.023934143E1,9.672574997E-1,-4.572925270E-1,9.710882187E0,9.769643615E0
1.024134503E1,9.696516991E-1,-4.548983276E-1,9.708487511E0,9.767388937E0
1.024334839E1,9.648633003E-1,-4.572925270E-1,9.710882187E0,9.769406865E0
1.024535104E1,9.672574997E-1,-4.596867263E-1,9.715670586E0,9.774515532E0
1.024735350E1,9.648633003E-1,-4.644751251E-1,9.722852707E0,9.781644192E0
1.024935663E1,9.744400978E-1,-4.644751251E-1,9.713275909E0,9.773075234E0
1.025136050E1,9.600749016E-1,-4.572925270E-1,9.713275909E0,9.771314608E0
1.025336464E1,9.576807022E-1,-4.572925270E-1,9.713275909E0,9.771079658E0
1.025536866E1,9.600749016E-1,-4.596867263E-1,9.715670586E0,9.773807376E0
1.025737237E1,9.696516991E-1,-4.572925270E-1,9.713275909E0,9.772260218E0
1.025937503E1,9.672574997E-1,-4.644751251E-1,9.718064308E0,9.777121157E0
1.026137796E1,9.672574997E-1,-4.501099288E-1,9.715670586E0,9.774069825E0
1.026338268E1,9.624691010E-1,-4.525041282E-1,9.715670586E0,9.773707673E0
1.026538675E1,9.576807022E-1,-4.548983276E-1,9.718064308E0,9.775728040E0
1.026738987E1,9.648633003E-1,-4.572925270E-1,9.718064308E0,9.776545992E0
1.026939397E1,9.648633003E-1,-4.525041282E-1,9.710882187E0,9.769183897E0
1.027139874E1,9.672574997E-1,-4.548983276E-1,9.715670586E0,9.774291508E0
1.027340397E1,9.600749016E-1,-4.572925270E-1,9.722852707E0,9.780834577E0
1.027540796E1,9.576807022E-1,-4.620809257E-1,9.718064308E0,9.776064904E0
1.027741210E1,9.648633003E-1,-4.668693244E-1,9.713275909E0,9.772239101E0
1.027941530E1,9.696516991E-1,-4.620809257E-1,9.718064308E0,9.777244862E0
1.028141925E1,9.648633003E-1,-4.477157295E-1,9.715670586E0,9.773723215E0
1.028342276E1,9.696516991E-1,-4.548983276E-1,9.727641106E0,9.786427253E0
1.028542604E1,9.624691010E-1,-4.572925270E-1,9.722852707E0,9.781069879E0
1.028742999E1,9.648633003E-1,-4.501099288E-1,9.722852707E0,9.780972595E0
1.028943276E1,9.672574997E-1,-4.477157295E-1,9.722852707E0,9.781099182E0
1.029143589E1,9.600749016E-1,-4.453215301E-1,9.710882187E0,9.768382053E0
1.029343909E1,9.576807022E-1,-4.477157295E-1,9.727641106E0,9.784917127E0
1.029544225E1,9.696516991E-1,-4.548983276E-1,9.718064308E0,9.776908039E0
1.029744495E1,9.624691010E-1,-4.548983276E-1,9.713275909E0,9.771438387E0
1.029944792E1,9.744400978E-1,-4.525041282E-1,9.718064308E0,9.777273004E0
1.030145093E1,9.696516991E-1,-4.548983276E-1,9.727641106E0,9.786427253E0
1.030345425E1,9.720458984E-1,-4.525041282E-1,9.713275909E0,9.772275176E0
1.030545698E1,9.720458984E-1,-4.548983276E-1,9.713275909E0,9.772386331E0
1.030745952E1,9.672574997E-1,-4.644751251E-1,9.710882187E0,9.769982449E0
1.030946296E1,9.672574997E-1,-4.668693244E-1,9.708487511E0,9.767716406E0
1.031146772E1,9.672574997E-1,-4.620809257E-1,9.722852707E0,9.781767254E0
1.031347124E1,9.672574997E-1,-4.668693244E-1,9.715670586E0,9.774855956E0
1.031547503E1,9.624691010E-1,-4.644751251E-1,9.706093788E0,9.764749896E0
1.031747807E1,9.672574997E-1,-4.572925270E-1,9.706093788E0,9.764884032E0
1.031948120E1,9.624691010E-1,-4.525041282E-1,9.715670586E0,9.773707673E0
1.032148413E1,9.576807022E-1,-4.548983276E-1,9.715670586E0,9.773348441E0
1.032348753E1,9.576807022E-1,-4.548983276E-1,9.708487511E0,9.766207788E0
1.032549128E1,9.600749016E-1,-4.501099288E-1,9.710882187E0,9.768601518E0
1.032749495E1,9.552865028E-1,-4.525041282E-1,9.710882187E0,9.768242684E0
1.032949874E1,9.648633003E-1,-4.572925270E-1,9.722852707E0,9.781305762E0
1.033150261E1,9.672574997E-1,-4.525041282E-1,9.715670586E0,9.774180374E0
1.033350671E1,9.600749016E-1,-4.501099288E-1,9.706093788E0,9.763841426E0
1.033551014E1,9.624691010E-1,-4.501099288E-1,9.720458984E0,9.778357152E0
1.033751350E1,9.576807022E-1,-4.525041282E-1,9.720458984E0,9.777997504E0
1.033951753E1,9.552865028E-1,-4.525041282E-1,9.725247383E0,9.782523649E0
1.034152175E1,9.648633003E-1,-4.620809257E-1,9.725247383E0,9.783911111E0
1.034352569E1,9.600749016E-1,-4.596867263E-1,9.725247383E0,9.783327265E0
1.034553022E1,9.624691010E-1,-4.620809257E-1,9.722852707E0,9.781294920E0
1.034753534E1,9.696516991E-1,-4.596867263E-1,9.722852707E0,9.781891487E0
1.034954054E1,9.768342972E-1,-4.596867263E-1,9.722852707E0,9.782606089E0
1.035154589E1,9.600749016E-1,-4.548983276E-1,9.710882187E0,9.768823325E0
1.035354987E1,9.600749016E-1,-4.572925270E-1,9.701305389E0,9.759415276E0
1.035555370E1,9.576807022E-1,-4.620809257E-1,9.713275909E0,9.771304928E0
1.035755866E1,9.576807022E-1,-4.644751251E-1,9.710882187E0,9.769038966E0
1.035956319E1,9.648633003E-1,-4.596867263E-1,9.715670586E0,9.774278899E0
1.036156698E1,9.624691010E-1,-4.429273009E-1,9.710882187E0,9.768508802E0
1.036357143E1,9.696516991E-1,-4.501099288E-1,9.708487511E0,9.767167098E0
1.036557557E1,9.696516991E-1,-4.596867263E-1,9.715670586E0,9.774752745E0
1.036757948E1,9.720458984E-1,-4.596867263E-1,9.720458984E0,9.779749894E0
1.036958276E1,9.720458984E-1,-4.572925270E-1,9.706093788E0,9.765359507E0
1.037158616E1,9.648633003E-1,-4.620809257E-1,9.708487511E0,9.767251902E0
1.037359065E1,9.672574997E-1,-4.596867263E-1,9.718064308E0,9.776894847E0
1.037559511E1,9.624691010E-1,-4.596867263E-1,9.720458984E0,9.778802663E0
1.037759858E1,9.672574997E-1,-4.596867263E-1,9.725247383E0,9.784034731E0
1.037960249E1,9.624691010E-1,-4.548983276E-1,9.727641106E0,9.785718203E0
1.038160733E1,9.648633003E-1,-4.548983276E-1,9.722852707E0,9.781194121E0
1.038361093E1,9.600749016E-1,-4.501099288E-1,9.722852707E0,9.780501394E0
1.038561577E1,9.600749016E-1,-4.548983276E-1,9.715670586E0,9.773583336E0
1.038761999E1,9.624691010E-1,-4.477157295E-1,9.708487511E0,9.766346599E0
1.038962475E1,9.576807022E-1,-4.548983276E-1,9.708487511E0,9.766207788E0
1.039162874E1,9.576807022E-1,-4.525041282E-1,9.725247383E0,9.782757739E0
1.039363225E1,9.600749016E-1,-4.572925270E-1,9.720458984E0,9.778455049E0
1.039563632E1,9.600749016E-1,-4.596867263E-1,9.718064308E0,9.776186864E0
1.039763991E1,9.672574997E-1,-4.572925270E-1,9.720458984E0,9.779162868E0
1.039964417E1,9.672574997E-1,-4.596867263E-1,9.715670586E0,9.774515532E0
1.040164823E1,9.696516991E-1,-4.596867263E-1,9.715670586E0,9.774752745E0
1.040365233E1,9.720458984E-1,-4.548983276E-1,9.715670586E0,9.774766526E0
1.040565620E1,9.696516991E-1,-4.548983276E-1,9.713275909E0,9.772148474E0
1.040766085E1,9.696516991E-1,-4.525041282E-1,9.713275909E0,9.772037316E0
1.040966495E1,9.624691010E-1,-4.525041282E-1,9.720458984E0,9.778467652E0
1.041166956E1,9.600749016E-1,-4.620809257E-1,9.715670586E0,9.773920274E0
1.041367386E1,9.600749016E-1,-4.596867263E-1,9.718064308E0,9.776186864E0
1.041567698E1,9.624691010E-1,-4.548983276E-1,9.715670586E0,9.773818813E0
1.041767972E1,9.696516991E-1,-4.548983276E-1,9.713275909E0,9.772148474E0
1.041968284E1,9.648633003E-1,-4.620809257E-1,9.725247383E0,9.783911111E0
1.042168554E1,9.600749016E-1,-4.572925270E-1,9.725247383E0,9.783215061E0
1.042368788E1,9.624691010E-1,-4.620809257E-1,9.715670586E0,9.774155743E0
1.042569077E1,9.648633003E-1,-4.525041282E-1,9.730035782E0,9.788223408E0
1.042769354E1,9.696516991E-1,-4.525041282E-1,9.718064308E0,9.776796935E0
1.042969651E1,9.648633003E-1,-4.596867263E-1,9.708487511E0,9.767138927E0
1.043169909E1,9.552865028E-1,-4.596867263E-1,9.713275909E0,9.770957634E0
1.043370186E1,9.576807022E-1,-4.620809257E-1,9.722852707E0,9.780824907E0
1.043570428E1,9.696516991E-1,-4.740519226E-1,9.725247383E0,9.784957144E0
1.043770675E1,9.720458984E-1,-4.620809257E-1,9.710882187E0,9.770344152E0
1.043970925E1,9.600749016E-1,-4.644751251E-1,9.706093788E0,9.764514201E0
1.044171178E1,9.528923035E-1,-4.572925270E-1,9.722852707E0,9.780132154E0
1.044371468E1,9.624691010E-1,-4.501099288E-1,9.715670586E0,9.773597119E0
1.044571784E1,9.600749016E-1,-4.572925270E-1,9.720458984E0,9.778455049E0
1.044772163E1,9.600749016E-1,-4.501099288E-1,9.713275909E0,9.770981100E0
1.044972479E1,9.648633003E-1,-4.596867263E-1,9.713275909E0,9.771898586E0
1.045172878E1,9.672574997E-1,-4.596867263E-1,9.710882187E0,9.769755975E0
1.045373311E1,9.648633003E-1,-4.477157295E-1,9.708487511E0,9.766582837E0
1.045573823E1,9.672574997E-1,-4.405331016E-1,9.715670586E0,9.773633481E0
1.045774331E1,9.648633003E-1,-4.525041282E-1,9.722852707E0,9.781083066E0
1.045974772E1,9.624691010E-1,-4.501099288E-1,9.722852707E0,9.780736704E0
1.046175245E1,9.672574997E-1,-4.596867263E-1,9.706093788E0,9.764996446E0
1.046375585E1,9.624691010E-1,-4.548983276E-1,9.708487511E0,9.766678504E0
1.046575928E1,9.648633003E-1,-4.620809257E-1,9.718064308E0,9.776771137E0
1.046776222E1,9.696516991E-1,-4.620809257E-1,9.715670586E0,9.774865632E0
1.046976452E1,9.696516991E-1,-4.548983276E-1,9.718064308E0,9.776908039E0
1.047176768E1,9.624691010E-1,-4.548983276E-1,9.725247383E0,9.783338690E0
1.047377171E1,9.624691010E-1,-4.596867263E-1,9.720458984E0,9.778802663E0
1.047577573E1,9.696516991E-1,-4.548983276E-1,9.722852707E0,9.781667632E0
1.047777932E1,9.672574997E-1,-4.620809257E-1,9.720458984E0,9.779387952E0
1.047978304E1,9.768342972E-1,-4.692635238E-1,9.718064308E0,9.778301867E0
1.048178874E1,9.696516991E-1,-4.692635238E-1,9.715670586E0,9.775207803E0
1.048379249E1,9.672574997E-1,-4.668693244E-1,9.713275909E0,9.772475783E0
1.048579600E1,9.624691010E-1,-4.596867263E-1,9.722852707E0,9.781182107E0
1.048780030E1,9.648633003E-1,-4.596867263E-1,9.713275909E0,9.771898586E0
1.048980468E1,9.720458984E-1,-4.620809257E-1,9.713275909E0,9.772723310E0
1.049180862E1,9.696516991E-1,-4.572925270E-1,9.737217903E0,9.796058052E0
1.049381311E1,9.600749016E-1,-4.525041282E-1,9.737217903E0,9.794892358E0
1.049581706E1,9.624691010E-1,-4.525041282E-1,9.734824181E0,9.792747755E0
1.049782011E1,9.720458984E-1,-4.548983276E-1,9.727641106E0,9.786664764E0
1.049982339E1,9.720458984E-1,-4.548983276E-1,9.720458984E0,9.779525990E0
1.050182663E1,9.600749016E-1,-4.572925270E-1,9.713275909E0,9.771314608E0
1.050383011E1,9.648633003E-1,-4.620809257E-1,9.718064308E0,9.776771137E0
1.050583358E1,9.672574997E-1,-4.572925270E-1,9.727641106E0,9.786301907E0
1.050783714E1,9.648633003E-1,-4.596867263E-1,9.739612579E0,9.798077682E0
1.050984069E1,9.648633003E-1,-4.596867263E-1,9.742006302E0,9.800457125E0
1.051184346E1,9.624691010E-1,-4.525041282E-1,9.720458984E0,9.778467652E0
1.051384651E1,9.576807022E-1,-4.525041282E-1,9.722852707E0,9.780377144E0
1.051584921E1,9.600749016E-1,-4.525041282E-1,9.725247383E0,9.782992409E0
1.051785210E1,9.576807022E-1,-4.525041282E-1,9.718064308E0,9.775616922E0
1.051985464E1,9.600749016E-1,-4.477157295E-1,9.718064308E0,9.775631289E0
1.052185682E1,9.648633003E-1,-4.548983276E-1,9.715670586E0,9.774054870E0
1.052386042E1,9.648633003E-1,-4.501099288E-1,9.718064308E0,9.776212663E0
1.052586280E1,9.696516991E-1,-4.548983276E-1,9.715670586E0,9.774528727E0
1.052786534E1,9.624691010E-1,-4.548983276E-1,9.713275909E0,9.771438387E0
1.052986815E1,9.600749016E-1,-4.525041282E-1,9.715670586E0,9.773472194E0
1.053187022E1,9.528923035E-1,-4.548983276E-1,9.718064308E0,9.775260105E0
1.053387245E1,9.600749016E-1,-4.596867263E-1,9.730035782E0,9.788087250E0
1.053587428E1,9.600749016E-1,-4.596867263E-1,9.734824181E0,9.792847264E0
1.053787651E1,9.744400978E-1,-4.548983276E-1,9.727641106E0,9.786902854E0
1.053987862E1,9.768342972E-1,-4.596867263E-1,9.710882187E0,9.770708776E0
1.054188085E1,9.624691010E-1,-4.596867263E-1,9.732429504E0,9.790701850E0
1.054388468E1,9.648633003E-1,-4.572925270E-1,9.715670586E0,9.774166592E0
1.054588749E1,9.648633003E-1,-4.453215301E-1,9.718064308E0,9.775993369E0
1.054789179E1,9.624691010E-1,-4.477157295E-1,9.725247383E0,9.783007350E0
1.054989514E1,9.552865028E-1,-4.453215301E-1,9.727641106E0,9.784573831E0
1.055189917E1,9.672574997E-1,-4.525041282E-1,9.718064308E0,9.776559771E0
1.055390347E1,9.600749016E-1,-4.620809257E-1,9.713275909E0,9.771539873E0
1.055590679E1,9.552865028E-1,-4.501099288E-1,9.715670586E0,9.772892416E0
1.055790991E1,9.528923035E-1,-4.429273009E-1,9.710882187E0,9.767569871E0
1.055991382E1,9.528923035E-1,-4.477157295E-1,9.713275909E0,9.770167962E0
1.056191776E1,9.576807022E-1,-4.525041282E-1,9.701305389E0,9.758956838E0
1.056392151E1,9.552865028E-1,-4.572925270E-1,9.701305389E0,9.758945384E0
1.056592421E1,9.552865028E-1,-4.572925270E-1,9.718064308E0,9.775605488E0
1.056792827E1,9.504981041E-1,-4.548983276E-1,9.708487511E0,9.765506074E0
1.056993034E1,9.600749016E-1,-4.644751251E-1,9.722852707E0,9.781173024E0
1.057193323E1,9.576807022E-1,-4.596867263E-1,9.715670586E0,9.773572486E0
1.057393706E1,9.696516991E-1,-4.525041282E-1,9.715670586E0,9.774417596E0
1.057594159E1,9.624691010E-1,-4.620809257E-1,9.725247383E0,9.783675292E0
1.057794593E1,9.672574997E-1,-4.620809257E-1,9.715670586E0,9.774628422E0
1.057994968E1,9.624691010E-1,-4.572925270E-1,9.718064308E0,9.776309995E0
1.058195331E1,9.600749016E-1,-4.572925270E-1,9.713275909E0,9.771314608E0
1.058395694E1,9.576807022E-1,-4.620809257E-1,9.713275909E0,9.771304928E0
1.058595975E1,9.672574997E-1,-4.644751251E-1,9.722852707E0,9.781880646E0
1.058796206E1,9.696516991E-1,-4.525041282E-1,9.713275909E0,9.772037316E0
1.058996546E1,9.600749016E-1,-4.525041282E-1,9.722852707E0,9.780611871E0
1.059196956E1,9.624691010E-1,-4.644751251E-1,9.720458984E0,9.779028928E0
1.059397331E1,9.576807022E-1,-4.620809257E-1,9.720458984E0,9.778445376E0
1.059597765E1,9.576807022E-1,-4.644751251E-1,9.718064308E0,9.776178362E0
1.059798182E1,9.648633003E-1,-4.596867263E-1,9.710882187E0,9.769519227E0
1.059998514E1,9.672574997E-1,-4.525041282E-1,9.713275909E0,9.771800036E0
1.060198893E1,9.720458984E-1,-4.453215301E-1,9.703699112E0,9.762425977E0
1.060399198E1,9.624691010E-1,-4.596867263E-1,9.706093788E0,9.764523300E0
1.060599522E1,9.624691010E-1,-4.596867263E-1,9.715670586E0,9.774042848E0
1.060799858E1,9.648633003E-1,-4.525041282E-1,9.722852707E0,9.781083066E0
1.061000225E1,9.648633003E-1,-4.453215301E-1,9.718064308E0,9.775993369E0
1.061200600E1,9.648633003E-1,-4.477157295E-1,9.710882187E0,9.768963272E0
1.061400928E1,9.696516991E-1,-4.501099288E-1,9.715670586E0,9.774307049E0
1.061601253E1,9.600749016E-1,-4.620809257E-1,9.720458984E0,9.778680149E0
1.061801612E1,9.672574997E-1,-4.620809257E-1,9.722852707E0,9.781767254E0
1.062001823E1,9.672574997E-1,-4.501099288E-1,9.725247383E0,9.783589458E0
1.062202171E1,9.696516991E-1,-4.477157295E-1,9.730035782E0,9.788476394E0
1.062402495E1,9.648633003E-1,-4.548983276E-1,9.725247383E0,9.783574518E0
1.062602854E1,9.744400978E-1,-4.572925270E-1,9.722852707E0,9.782255094E0
1.062803085E1,9.720458984E-1,-4.525041282E-1,9.722852707E0,9.781794210E0
1.063003413E1,9.696516991E-1,-4.572925270E-1,9.727641106E0,9.786538834E0
1.063203733E1,9.528923035E-1,-4.548983276E-1,9.710882187E0,9.768120038E0
1.063403991E1,9.624691010E-1,-4.644751251E-1,9.718064308E0,9.776648598E0
1.063604280E1,9.624691010E-1,-4.644751251E-1,9.718064308E0,9.776648598E0
1.063804608E1,9.672574997E-1,-4.572925270E-1,9.713275909E0,9.772022944E0
1.064004870E1,9.624691010E-1,-4.620809257E-1,9.706093788E0,9.764636305E0
1.064205171E1,9.672574997E-1,-4.548983276E-1,9.713275909E0,9.771911197E0
1.064405413E1,9.672574997E-1,-4.525041282E-1,9.715670586E0,9.774180374E0
1.064605643E1,9.720458984E-1,-4.548983276E-1,9.720458984E0,9.779525990E0
1.064805843E1,9.744400978E-1,-4.644751251E-1,9.708487511E0,9.768316149E0
1.065006097E1,9.768342972E-1,-4.596867263E-1,9.715670586E0,9.775467869E0
1.065206343E1,9.744400978E-1,-4.477157295E-1,9.718064308E0,9.777052561E0
1.065406651E1,9.696516991E-1,-4.548983276E-1,9.715670586E0,9.774528727E0
1.065606944E1,9.744400978E-1,-4.453215301E-1,9.715670586E0,9.774563913E0
1.065807241E1,9.696516991E-1,-4.501099288E-1,9.710882187E0,9.769547390E0
1.066007557E1,9.720458984E-1,-4.525041282E-1,9.715670586E0,9.774655398E0
1.066207788E1,9.576807022E-1,-4.453215301E-1,9.727641106E0,9.784807871E0
1.066408124E1,9.600749016E-1,-4.477157295E-1,9.730035782E0,9.787532350E0
1.066608526E1,9.600749016E-1,-4.525041282E-1,9.739612579E0,9.797272937E0
1.066808862E1,9.648633003E-1,-4.596867263E-1,9.732429504E0,9.790937500E0
1.067009175E1,9.696516991E-1,-4.620809257E-1,9.722852707E0,9.782004292E0
1.067209479E1,9.624691010E-1,-4.572925270E-1,9.718064308E0,9.776309995E0
1.067409768E1,9.600749016E-1,-4.572925270E-1,9.713275909E0,9.771314608E0
1.067610038E1,9.600749016E-1,-4.572925270E-1,9.715670586E0,9.773695064E0
1.067810452E1,9.672574997E-1,-4.525041282E-1,9.722852707E0,9.781319534E0
1.068010807E1,9.624691010E-1,-4.501099288E-1,9.713275909E0,9.771216639E0
1.068211042E1,9.624691010E-1,-4.501099288E-1,9.708487511E0,9.766456648E0
1.068411292E1,9.576807022E-1,-4.548983276E-1,9.706093788E0,9.763828216E0
1.068611499E1,9.576807022E-1,-4.525041282E-1,9.710882187E0,9.768477116E0
1.068811796E1,9.600749016E-1,-4.596867263E-1,9.715670586E0,9.773807376E0
1.069012089E1,9.672574997E-1,-4.548983276E-1,9.718064308E0,9.776670878E0
1.069212397E1,9.672574997E-1,-4.548983276E-1,9.708487511E0,9.767151545E0
1.069412690E1,9.648633003E-1,-4.548983276E-1,9.710882187E0,9.769295088E0
1.069613038E1,9.672574997E-1,-4.525041282E-1,9.706093788E0,9.764660961E0
1.069813350E1,9.576807022E-1,-4.596867263E-1,9.708487511E0,9.766431997E0
1.070013718E1,9.624691010E-1,-4.572925270E-1,9.710882187E0,9.769170695E0
1.070214054E1,9.744400978E-1,-4.548983276E-1,9.718064308E0,9.777384103E0
1.070414428E1,9.552865028E-1,-4.572925270E-1,9.718064308E0,9.775605488E0
1.070614737E1,9.528923035E-1,-4.548983276E-1,9.722852707E0,9.780020501E0
1.070815018E1,9.648633003E-1,-4.548983276E-1,9.706093788E0,9.764535335E0
1.071015257E1,9.576807022E-1,-4.572925270E-1,9.706093788E0,9.763940055E0
1.071215440E1,9.624691010E-1,-4.501099288E-1,9.710882187E0,9.768837114E0
1.071415729E1,9.600749016E-1,-4.572925270E-1,9.720458984E0,9.778455049E0
1.071615968E1,9.624691010E-1,-4.620809257E-1,9.720458984E0,9.778915503E0
1.071816225E1,9.648633003E-1,-4.572925270E-1,9.725247383E0,9.783686131E0
1.072016503E1,9.624691010E-1,-4.620809257E-1,9.713275909E0,9.771775399E0
1.072216772E1,9.576807022E-1,-4.620809257E-1,9.725247383E0,9.783205394E0
1.072416948E1,9.576807022E-1,-4.596867263E-1,9.739612579E0,9.797372985E0
1.072617194E1,9.624691010E-1,-4.572925270E-1,9.732429504E0,9.790589731E0
1.072817456E1,9.696516991E-1,-4.644751251E-1,9.725247383E0,9.784497852E0
1.073017749E1,9.696516991E-1,-4.572925270E-1,9.708487511E0,9.767500735E0
1.073218093E1,9.648633003E-1,-4.548983276E-1,9.708487511E0,9.766914734E0
1.073418491E1,9.648633003E-1,-4.525041282E-1,9.708487511E0,9.766803516E0
1.073618843E1,9.624691010E-1,-4.525041282E-1,9.710882187E0,9.768947722E0
1.073819151E1,9.648633003E-1,-4.548983276E-1,9.713275909E0,9.771674502E0
1.074019409E1,9.696516991E-1,-4.548983276E-1,9.708487511E0,9.767388937E0
1.074219718E1,9.696516991E-1,-4.548983276E-1,9.713275909E0,9.772148474E0
1.074420022E1,9.672574997E-1,-4.477157295E-1,9.713275909E0,9.771579470E0
1.074620311E1,9.720458984E-1,-4.477157295E-1,9.713275909E0,9.772054620E0
1.074820671E1,9.744400978E-1,-4.477157295E-1,9.718064308E0,9.777052561E0
1.075021077E1,9.720458984E-1,-4.620809257E-1,9.713275909E0,9.772723310E0
1.075221452E1,9.600749016E-1,-4.525041282E-1,9.713275909E0,9.771091684E0
1.075421718E1,9.648633003E-1,-4.548983276E-1,9.713275909E0,9.771674502E0
1.075622112E1,9.624691010E-1,-4.525041282E-1,9.720458984E0,9.778467652E0
1.075822569E1,9.624691010E-1,-4.596867263E-1,9.727641106E0,9.785941965E0
1.076022975E1,9.576807022E-1,-4.596867263E-1,9.725247383E0,9.783092603E0
1.076223347E1,9.576807022E-1,-4.620809257E-1,9.722852707E0,9.780824907E0
1.076423722E1,9.600749016E-1,-4.620809257E-1,9.718064308E0,9.776299734E0
1.076624042E1,9.624691010E-1,-4.572925270E-1,9.708487511E0,9.766790311E0
1.076824350E1,9.648633003E-1,-4.620809257E-1,9.718064308E0,9.776771137E0
1.077024682E1,9.648633003E-1,-4.692635238E-1,9.725247383E0,9.784252966E0
1.077224960E1,9.600749016E-1,-4.596867263E-1,9.720458984E0,9.778567307E0
1.077425186E1,9.624691010E-1,-4.548983276E-1,9.720458984E0,9.778578738E0
1.077625456E1,9.744400978E-1,-4.572925270E-1,9.718064308E0,9.777495787E0
1.077825655E1,9.720458984E-1,-4.620809257E-1,9.720458984E0,9.779862723E0
1.078025858E1,9.768342972E-1,-4.620809257E-1,9.718064308E0,9.777959804E0
1.078226073E1,9.744400978E-1,-4.548983276E-1,9.713275909E0,9.772624769E0
1.078426339E1,9.720458984E-1,-4.572925270E-1,9.710882187E0,9.770118860E0
1.078626608E1,9.672574997E-1,-4.620809257E-1,9.708487511E0,9.767488705E0
1.078826843E1,9.696516991E-1,-4.548983276E-1,9.715670586E0,9.774528727E0
1.079027143E1,9.720458984E-1,-4.548983276E-1,9.710882187E0,9.770007091E0
1.079227526E1,9.648633003E-1,-4.644751251E-1,9.708487511E0,9.767365462E0
1.079427905E1,9.624691010E-1,-4.572925270E-1,9.710882187E0,9.769170695E0
1.079628315E1,9.648633003E-1,-4.477157295E-1,9.720458984E0,9.778483187E0
1.079828675E1,9.600749016E-1,-4.501099288E-1,9.703699112E0,9.761460916E0
1.080028995E1,9.672574997E-1,-4.572925270E-1,9.708487511E0,9.767263346E0
1.080229378E1,9.720458984E-1,-4.548983276E-1,9.718064308E0,9.777145781E0
1.080429737E1,9.672574997E-1,-4.596867263E-1,9.710882187E0,9.769755975E0
1.080630077E1,9.672574997E-1,-4.525041282E-1,9.718064308E0,9.776559771E0
1.080830464E1,9.624691010E-1,-4.453215301E-1,9.718064308E0,9.775757359E0
1.081030729E1,9.648633003E-1,-4.501099288E-1,9.718064308E0,9.776212663E0
1.081231096E1,9.672574997E-1,-4.429273009E-1,9.718064308E0,9.776121192E0
1.081431421E1,9.648633003E-1,-4.477157295E-1,9.720458984E0,9.778483187E0
1.081631710E1,9.600749016E-1,-4.572925270E-1,9.727641106E0,9.785594604E0
1.081832077E1,9.672574997E-1,-4.644751251E-1,9.722852707E0,9.781880646E0
1.082032456E1,9.624691010E-1,-4.572925270E-1,9.727641106E0,9.785829791E0
1.082232913E1,9.624691010E-1,-4.572925270E-1,9.730035782E0,9.788210232E0
1.082433382E1,9.672574997E-1,-4.572925270E-1,9.715670586E0,9.774403228E0
1.082633819E1,9.648633003E-1,-4.548983276E-1,9.722852707E0,9.781194121E0
1.082834268E1,9.600749016E-1,-4.548983276E-1,9.708487511E0,9.766442856E0
1.083034694E1,9.672574997E-1,-4.525041282E-1,9.715670586E0,9.774180374E0
1.083235050E1,9.624691010E-1,-4.596867263E-1,9.713275909E0,9.771662476E0
1.083435401E1,9.600749016E-1,-4.596867263E-1,9.706093788E0,9.764287600E0
1.083635823E1,9.624691010E-1,-4.548983276E-1,9.715670586E0,9.773818813E0
1.083836264E1,9.624691010E-1,-4.548983276E-1,9.718064308E0,9.776198298E0
1.084036620E1,9.672574997E-1,-4.596867263E-1,9.718064308E0,9.776894847E0
1.084236940E1,9.648633003E-1,-4.572925270E-1,9.715670586E0,9.774166592E0
1.084437288E1,9.624691010E-1,-4.572925270E-1,9.725247383E0,9.783450306E0
1.084637608E1,9.624691010E-1,-4.644751251E-1,9.708487511E0,9.767129243E0
1.084837835E1,9.672574997E-1,-4.501099288E-1,9.718064308E0,9.776449249E0
1.085038147E1,9.768342972E-1,-4.501099288E-1,9.720458984E0,9.779781545E0
1.085238550E1,9.672574997E-1,-4.548983276E-1,9.720458984E0,9.779051203E0
1.085438956E1,9.672574997E-1,-4.525041282E-1,9.715670586E0,9.774180374E0
1.085639257E1,9.720458984E-1,-4.477157295E-1,9.708487511E0,9.767295037E0
1.085839640E1,9.672574997E-1,-4.453215301E-1,9.708487511E0,9.766710197E0
1.086039886E1,9.552865028E-1,-4.429273009E-1,9.718064308E0,9.774944030E0
1.086240155E1,9.624691010E-1,-4.429273009E-1,9.718064308E0,9.775648585E0
1.086440464E1,9.720458984E-1,-4.596867263E-1,9.713275909E0,9.772610399E0
1.086640702E1,9.672574997E-1,-4.668693244E-1,9.720458984E0,9.779615376E0
1.086841014E1,9.672574997E-1,-4.644751251E-1,9.718064308E0,9.777121157E0
1.087041331E1,9.672574997E-1,-4.572925270E-1,9.713275909E0,9.772022944E0
1.087241659E1,9.648633003E-1,-4.572925270E-1,9.713275909E0,9.771786251E0
1.087441999E1,9.672574997E-1,-4.572925270E-1,9.720458984E0,9.779162868E0
1.087642354E1,9.624691010E-1,-4.572925270E-1,9.722852707E0,9.781069879E0
1.087842655E1,9.672574997E-1,-4.548983276E-1,9.727641106E0,9.786190323E0
1.088042991E1,9.552865028E-1,-4.572925270E-1,9.720458984E0,9.777986072E0
1.088243354E1,9.672574997E-1,-4.644751251E-1,9.734824181E0,9.793779967E0
1.088443702E1,9.624691010E-1,-4.644751251E-1,9.722852707E0,9.781408317E0
1.088644042E1,9.624691010E-1,-4.596867263E-1,9.715670586E0,9.774042848E0
1.088844428E1,9.696516991E-1,-4.572925270E-1,9.710882187E0,9.769880947E0
1.089044768E1,9.648633003E-1,-4.548983276E-1,9.715670586E0,9.774054870E0
1.089245186E1,9.624691010E-1,-4.596867263E-1,9.710882187E0,9.769283060E0
1.089445655E1,9.672574997E-1,-4.716577232E-1,9.710882187E0,9.770326552E0
1.089646081E1,9.624691010E-1,-4.644751251E-1,9.694122314E0,9.752850422E0
1.089846362E1,9.576807022E-1,-4.596867263E-1,9.720458984E0,9.778332531E0
1.090046722E1,9.648633003E-1,-4.525041282E-1,9.718064308E0,9.776323188E0
1.090247112E1,9.696516991E-1,-4.572925270E-1,9.720458984E0,9.779399968E0
1.090447487E1,9.672574997E-1,-4.596867263E-1,9.718064308E0,9.776894847E0
1.090647804E1,9.624691010E-1,-4.525041282E-1,9.727641106E0,9.785607198E0
1.090848151E1,9.600749016E-1,-4.501099288E-1,9.730035782E0,9.787642161E0
1.091048448E1,9.600749016E-1,-4.501099288E-1,9.725247383E0,9.782881959E0
1.091248749E1,9.528923035E-1,-4.453215301E-1,9.715670586E0,9.772439303E0
1.091448991E1,9.528923035E-1,-4.453215301E-1,9.720458984E0,9.777199899E0
1.091649218E1,9.552865028E-1,-4.501099288E-1,9.720458984E0,9.777652792E0
1.091849538E1,9.600749016E-1,-4.548983276E-1,9.720458984E0,9.778343376E0
1.092049862E1,9.576807022E-1,-4.548983276E-1,9.713275909E0,9.770967900E0
1.092250304E1,9.528923035E-1,-4.525041282E-1,9.710882187E0,9.768008834E0
1.092450667E1,9.576807022E-1,-4.477157295E-1,9.718064308E0,9.775396442E0
1.092651042E1,9.576807022E-1,-4.572925270E-1,9.725247383E0,9.782980397E0
1.092851386E1,9.672574997E-1,-4.548983276E-1,9.713275909E0,9.771911197E0
1.093051667E1,9.624691010E-1,-4.572925270E-1,9.706093788E0,9.764410881E0
1.093251956E1,9.600749016E-1,-4.572925270E-1,9.713275909E0,9.771314608E0
1.093452229E1,9.600749016E-1,-4.477157295E-1,9.727641106E0,9.785151745E0
1.093652464E1,9.600749016E-1,-4.405331016E-1,9.739612579E0,9.796727332E0
1.093852714E1,9.648633003E-1,-4.501099288E-1,9.730035782E0,9.788113018E0
1.094052995E1,9.648633003E-1,-4.525041282E-1,9.710882187E0,9.769183897E0
1.094253214E1,9.600749016E-1,-4.572925270E-1,9.722852707E0,9.780834577E0
1.094453436E1,9.576807022E-1,-4.620809257E-1,9.725247383E0,9.783205394E0
1.094653780E1,9.600749016E-1,-4.596867263E-1,9.715670586E0,9.773807376E0
1.094854112E1,9.672574997E-1,-4.596867263E-1,9.725247383E0,9.784034731E0
1.095054315E1,9.696516991E-1,-4.572925270E-1,9.708487511E0,9.767500735E0
1.095254554E1,9.672574997E-1,-4.596867263E-1,9.703699112E0,9.762616218E0
1.095454893E1,9.672574997E-1,-4.525041282E-1,9.710882187E0,9.769420653E0
1.095655284E1,9.648633003E-1,-4.501099288E-1,9.708487511E0,9.766692884E0
1.095855643E1,9.624691010E-1,-4.548983276E-1,9.720458984E0,9.778578738E0
1.096056112E1,9.672574997E-1,-4.572925270E-1,9.708487511E0,9.767263346E0
1.096256557E1,9.672574997E-1,-4.477157295E-1,9.715670586E0,9.773959861E0
1.096456866E1,9.696516991E-1,-4.548983276E-1,9.725247383E0,9.784047913E0
1.096657198E1,9.672574997E-1,-4.572925270E-1,9.725247383E0,9.783922536E0
1.096857475E1,9.624691010E-1,-4.644751251E-1,9.722852707E0,9.781408317E0
1.097057764E1,9.672574997E-1,-4.668693244E-1,9.722852707E0,9.781994623E0
1.097258140E1,9.600749016E-1,-4.644751251E-1,9.701305389E0,9.759754465E0
1.097458401E1,9.600749016E-1,-4.668693244E-1,9.715670586E0,9.774147825E0
1.097658835E1,9.552865028E-1,-4.596867263E-1,9.730035782E0,9.787618735E0
1.097859214E1,9.672574997E-1,-4.596867263E-1,9.725247383E0,9.784034731E0
1.098059604E1,9.672574997E-1,-4.596867263E-1,9.734824181E0,9.793554043E0
1.098259983E1,9.624691010E-1,-4.668693244E-1,9.713275909E0,9.772003000E0
1.098460323E1,9.624691010E-1,-4.668693244E-1,9.708487511E0,9.767243392E0
1.098660690E1,9.624691010E-1,-4.644751251E-1,9.718064308E0,9.776648598E0
1.098860956E1,9.624691010E-1,-4.572925270E-1,9.722852707E0,9.781069879E0
1.099061331E1,9.744400978E-1,-4.525041282E-1,9.720458984E0,9.779653182E0
1.099261659E1,9.744400978E-1,-4.525041282E-1,9.706093788E0,9.765375063E0
1.099461987E1,9.600749016E-1,-4.477157295E-1,9.715670586E0,9.773251666E0
1.099662300E1,9.576807022E-1,-4.501099288E-1,9.715670586E0,9.773126736E0
1.099862596E1,9.648633003E-1,-4.572925270E-1,9.710882187E0,9.769406865E0
1.100063007E1,9.696516991E-1,-4.620809257E-1,9.708487511E0,9.767726089E0
1.100263409E1,9.744400978E-1,-4.572925270E-1,9.708487511E0,9.767977258E0
1.100463768E1,9.792284966E-1,-4.548983276E-1,9.720458984E0,9.780242523E0
1.100664124E1,9.792284966E-1,-4.572925270E-1,9.720458984E0,9.780354174E0
1.100864405E1,9.672574997E-1,-4.548983276E-1,9.720458984E0,9.779051203E0
1.101064784E1,9.648633003E-1,-4.525041282E-1,9.715670586E0,9.773943733E0
1.101265116E1,9.672574997E-1,-4.548983276E-1,9.722852707E0,9.781430587E0
1.101465499E1,9.624691010E-1,-4.572925270E-1,9.720458984E0,9.778690408E0
1.101665729E1,9.624691010E-1,-4.548983276E-1,9.730035782E0,9.788098670E0
1.101866011E1,9.672574997E-1,-4.572925270E-1,9.725247383E0,9.783922536E0
1.102066304E1,9.768342972E-1,-4.548983276E-1,9.710882187E0,9.770484665E0
1.102266663E1,9.648633003E-1,-4.620809257E-1,9.713275909E0,9.772011505E0
1.102467026E1,9.696516991E-1,-4.596867263E-1,9.718064308E0,9.777132003E0
1.102667386E1,9.696516991E-1,-4.596867263E-1,9.722852707E0,9.781891487E0
1.102867768E1,9.648633003E-1,-4.644751251E-1,9.710882187E0,9.769745707E0
1.103068167E1,9.648633003E-1,-4.548983276E-1,9.710882187E0,9.769295088E0
1.103268503E1,9.648633003E-1,-4.572925270E-1,9.710882187E0,9.769406865E0
1.103468975E1,9.648633003E-1,-4.620809257E-1,9.710882187E0,9.769632174E0
1.103669362E1,9.648633003E-1,-4.596867263E-1,9.715670586E0,9.774278899E0
1.103869675E1,9.648633003E-1,-4.596867263E-1,9.715670586E0,9.774278899E0
1.104070050E1,9.600749016E-1,-4.501099288E-1,9.710882187E0,9.768601518E0
1.104270405E1,9.696516991E-1,-4.620809257E-1,9.710882187E0,9.770106245E0
1.104470745E1,9.552865028E-1,-4.501099288E-1,9.703699112E0,9.760991123E0
1.104671171E1,9.648633003E-1,-4.501099288E-1,9.708487511E0,9.766692884E0
1.104871632E1,9.696516991E-1,-4.596867263E-1,9.710882187E0,9.769993304E0
1.105072022E1,9.648633003E-1,-4.501099288E-1,9.715670586E0,9.773833182E0
1.105272362E1,9.600749016E-1,-4.525041282E-1,9.718064308E0,9.775851763E0
1.105472780E1,9.600749016E-1,-4.596867263E-1,9.725247383E0,9.783327265E0
1.105673284E1,9.624691010E-1,-4.620809257E-1,9.727641106E0,9.786054723E0
1.105873702E1,9.600749016E-1,-4.548983276E-1,9.727641106E0,9.785483012E0
1.106074136E1,9.624691010E-1,-4.668693244E-1,9.722852707E0,9.781522300E0
1.106274526E1,9.648633003E-1,-4.596867263E-1,9.727641106E0,9.786177730E0
1.106474815E1,9.696516991E-1,-4.548983276E-1,9.732429504E0,9.791186903E0
1.106675190E1,9.720458984E-1,-4.548983276E-1,9.727641106E0,9.786664764E0
1.106875413E1,9.672574997E-1,-4.548983276E-1,9.722852707E0,9.781430587E0
1.107075768E1,9.648633003E-1,-4.596867263E-1,9.720458984E0,9.779038600E0
1.107276030E1,9.648633003E-1,-4.429273009E-1,9.730035782E0,9.787785352E0
1.107476393E1,9.552865028E-1,-4.501099288E-1,9.720458984E0,9.777652792E0
1.107676815E1,9.576807022E-1,-4.548983276E-1,9.713275909E0,9.770967900E0
1.107877120E1,9.600749016E-1,-4.596867263E-1,9.706093788E0,9.764287600E0
1.108077432E1,9.624691010E-1,-4.596867263E-1,9.698910713E0,9.757383239E0
1.108277761E1,9.624691010E-1,-4.644751251E-1,9.706093788E0,9.764749896E0
1.108478042E1,9.576807022E-1,-4.572925270E-1,9.715670586E0,9.773460171E0
1.108678358E1,9.576807022E-1,-4.572925270E-1,9.715670586E0,9.773460171E0
1.108878682E1,9.648633003E-1,-4.596867263E-1,9.715670586E0,9.774278899E0
1.109078940E1,9.528923035E-1,-4.620809257E-1,9.718064308E0,9.775596985E0
1.109279214E1,9.648633003E-1,-4.596867263E-1,9.725247383E0,9.783798329E0
1.109479554E1,9.792284966E-1,-4.572925270E-1,9.718064308E0,9.777974167E0
1.109679780E1,9.744400978E-1,-4.620809257E-1,9.715670586E0,9.775341795E0
1.109880042E1,9.720458984E-1,-4.548983276E-1,9.708487511E0,9.767626910E0
1.110080350E1,9.672574997E-1,-4.453215301E-1,9.706093788E0,9.764330748E0
1.110280620E1,9.648633003E-1,-4.525041282E-1,9.722852707E0,9.781083066E0
1.110480921E1,9.696516991E-1,-4.572925270E-1,9.718064308E0,9.777019728E0
1.110681307E1,9.696516991E-1,-4.596867263E-1,9.722852707E0,9.781891487E0
1.110881565E1,9.600749016E-1,-4.596867263E-1,9.718064308E0,9.776186864E0
1.111081932E1,9.600749016E-1,-4.596867263E-1,9.722852707E0,9.780946808E0
1.111282225E1,9.576807022E-1,-4.548983276E-1,9.725247383E0,9.782868776E0
1.111482479E1,9.576807022E-1,-4.644751251E-1,9.734824181E0,9.792838776E0
1.111682640E1,9.576807022E-1,-4.692635238E-1,9.739612579E0,9.797826993E0
1.111882921E1,9.552865028E-1,-4.644751251E-1,9.725247383E0,9.783084693E0
1.112083280E1,9.648633003E-1,-4.620809257E-1,9.730035782E0,9.788670813E0
1.112283682E1,9.576807022E-1,-4.668693244E-1,9.715670586E0,9.773912943E0
1.112484050E1,9.648633003E-1,-4.620809257E-1,9.718064308E0,9.776771137E0
1.112684358E1,9.672574997E-1,-4.596867263E-1,9.722852707E0,9.781654447E0
1.112884612E1,9.720458984E-1,-4.596867263E-1,9.715670586E0,9.774990539E0
1.113084975E1,9.648633003E-1,-4.548983276E-1,9.713275909E0,9.771674502E0
1.113285311E1,9.528923035E-1,-4.572925270E-1,9.722852707E0,9.780132154E0
1.113485608E1,9.624691010E-1,-4.477157295E-1,9.720458984E0,9.778247236E0
1.113685819E1,9.576807022E-1,-4.572925270E-1,9.710882187E0,9.768700099E0
1.113886093E1,9.624691010E-1,-4.525041282E-1,9.720458984E0,9.778467652E0
1.114086366E1,9.552865028E-1,-4.572925270E-1,9.739612579E0,9.797027200E0
1.114286643E1,9.600749016E-1,-4.572925270E-1,9.734824181E0,9.792735169E0
1.114486804E1,9.648633003E-1,-4.501099288E-1,9.737217903E0,9.795252556E0
1.114687089E1,9.648633003E-1,-4.477157295E-1,9.727641106E0,9.785622721E0
1.114887347E1,9.624691010E-1,-4.381389022E-1,9.722852707E0,9.780193108E0
1.115087600E1,9.528923035E-1,-4.381389022E-1,9.722852707E0,9.779255299E0
1.115287761E1,9.648633003E-1,-4.477157295E-1,9.722852707E0,9.780862709E0
1.115487917E1,9.648633003E-1,-4.525041282E-1,9.722852707E0,9.781083066E0
1.115688265E1,9.576807022E-1,-4.525041282E-1,9.720458984E0,9.777997504E0
1.115888690E1,9.648633003E-1,-4.644751251E-1,9.710882187E0,9.769745707E0
1.116089022E1,9.648633003E-1,-4.501099288E-1,9.715670586E0,9.773833182E0
1.116289194E1,9.648633003E-1,-4.548983276E-1,9.713275909E0,9.771674502E0
1.116489503E1,9.720458984E-1,-4.548983276E-1,9.720458984E0,9.779525990E0
1.116689690E1,9.600749016E-1,-4.572925270E-1,9.713275909E0,9.771314608E0
1.116889839E1,9.744400978E-1,-4.596867263E-1,9.718064308E0,9.777608056E0
1.117090050E1,9.696516991E-1,-4.501099288E-1,9.727641106E0,9.786205845E0
1.117290155E1,9.768342972E-1,-4.572925270E-1,9.732429504E0,9.792012345E0
1.117490382E1,9.672574997E-1,-4.477157295E-1,9.725247383E0,9.783479601E0
1.117690651E1,9.696516991E-1,-4.429273009E-1,9.722852707E0,9.781118227E0
1.117891011E1,9.720458984E-1,-4.477157295E-1,9.720458984E0,9.779194521E0
1.118091413E1,9.600749016E-1,-4.525041282E-1,9.718064308E0,9.775851763E0
1.118291718E1,9.600749016E-1,-4.548983276E-1,9.713275909E0,9.771202853E0
1.118491968E1,9.552865028E-1,-4.548983276E-1,9.718064308E0,9.775493782E0
1.118692261E1,9.624691010E-1,-4.620809257E-1,9.715670586E0,9.774155743E0
1.118892534E1,9.672574997E-1,-4.620809257E-1,9.708487511E0,9.767488705E0
1.119092905E1,9.648633003E-1,-4.548983276E-1,9.708487511E0,9.766914734E0
1.119293288E1,9.576807022E-1,-4.429273009E-1,9.710882187E0,9.768038174E0
1.119493565E1,9.600749016E-1,-4.429273009E-1,9.710882187E0,9.768273197E0
1.119693823E1,9.552865028E-1,-4.572925270E-1,9.708487511E0,9.766085117E0
1.119894100E1,9.600749016E-1,-4.620809257E-1,9.710882187E0,9.769160427E0
1.120094386E1,9.648633003E-1,-4.620809257E-1,9.725247383E0,9.783911111E0
1.120294718E1,9.648633003E-1,-4.572925270E-1,9.734824181E0,9.793205781E0
1.120495077E1,9.720458984E-1,-4.501099288E-1,9.727641106E0,9.786443361E0
1.120695499E1,9.696516991E-1,-4.572925270E-1,9.727641106E0,9.786538834E0
1.120895882E1,9.696516991E-1,-4.525041282E-1,9.722852707E0,9.781556582E0
1.121096288E1,9.720458984E-1,-4.548983276E-1,9.720458984E0,9.779525990E0
1.121296706E1,9.624691010E-1,-4.525041282E-1,9.727641106E0,9.785607198E0
1.121497202E1,9.600749016E-1,-4.644751251E-1,9.720458984E0,9.778793577E0
1.121697608E1,9.672574997E-1,-4.596867263E-1,9.720458984E0,9.779275118E0
1.121898030E1,9.672574997E-1,-4.668693244E-1,9.727641106E0,9.786754085E0
1.122098475E1,9.720458984E-1,-4.572925270E-1,9.713275909E0,9.772498072E0
1.122298893E1,9.720458984E-1,-4.477157295E-1,9.708487511E0,9.767295037E0
1.122499222E1,9.672574997E-1,-4.525041282E-1,9.715670586E0,9.774180374E0
1.122699604E1,9.696516991E-1,-4.477157295E-1,9.722852707E0,9.781336236E0
1.122899952E1,9.624691010E-1,-4.405331016E-1,9.730035782E0,9.787441571E0
1.123100292E1,9.528923035E-1,-4.405331016E-1,9.715670586E0,9.772222269E0
1.123300714E1,9.600749016E-1,-4.525041282E-1,9.713275909E0,9.771091684E0
1.123501089E1,9.576807022E-1,-4.501099288E-1,9.713275909E0,9.770746142E0
1.123701479E1,9.624691010E-1,-4.525041282E-1,9.715670586E0,9.773707673E0
1.123901995E1,9.648633003E-1,-4.525041282E-1,9.732429504E0,9.790602904E0
1.124102362E1,9.672574997E-1,-4.525041282E-1,9.730035782E0,9.788459704E0
1.124302811E1,9.672574997E-1,-4.572925270E-1,9.732429504E0,9.791061617E0
1.124503222E1,9.600749016E-1,-4.620809257E-1,9.732429504E0,9.790579485E0
1.124703667E1,9.624691010E-1,-4.596867263E-1,9.725247383E0,9.783562507E0
1.124903999E1,9.624691010E-1,-4.572925270E-1,9.722852707E0,9.781069879E0
1.125104304E1,9.576807022E-1,-4.572925270E-1,9.722852707E0,9.780599856E0
1.125304581E1,9.576807022E-1,-4.572925270E-1,9.725247383E0,9.782980397E0
1.125504839E1,9.696516991E-1,-4.596867263E-1,9.720458984E0,9.779512215E0
1.125705085E1,9.624691010E-1,-4.620809257E-1,9.727641106E0,9.786054723E0
1.125905436E1,9.624691010E-1,-4.572925270E-1,9.722852707E0,9.781069879E0
1.126105768E1,9.672574997E-1,-4.572925270E-1,9.722852707E0,9.781542224E0
1.126306182E1,9.600749016E-1,-4.525041282E-1,9.710882187E0,9.768712129E0
1.126506507E1,9.624691010E-1,-4.525041282E-1,9.722852707E0,9.780847178E0
1.126706862E1,9.624691010E-1,-4.620809257E-1,9.718064308E0,9.776535145E0
1.126907190E1,9.552865028E-1,-4.596867263E-1,9.722852707E0,9.780477951E0
1.127107503E1,9.528923035E-1,-4.620809257E-1,9.715670586E0,9.773217354E0
1.127307800E1,9.528923035E-1,-4.548983276E-1,9.722852707E0,9.780020501E0
1.127508237E1,9.576807022E-1,-4.501099288E-1,9.725247383E0,9.782647287E0
1.127708718E1,9.720458984E-1,-4.548983276E-1,9.718064308E0,9.777145781E0
1.127909120E1,9.720458984E-1,-4.596867263E-1,9.722852707E0,9.782129107E0
1.128109542E1,9.696516991E-1,-4.596867263E-1,9.720458984E0,9.779512215E0
1.128309800E1,9.648633003E-1,-4.453215301E-1,9.706093788E0,9.764093869E0
1.128510073E1,9.624691010E-1,-4.453215301E-1,9.713275909E0,9.770997233E0
1.128710468E1,9.624691010E-1,-4.453215301E-1,9.718064308E0,9.775757359E0
1.128910874E1,9.600749016E-1,-4.501099288E-1,9.715670586E0,9.773361637E0
1.129111296E1,9.624691010E-1,-4.429273009E-1,9.722852707E0,9.780408791E0
1.129311628E1,9.744400978E-1,-4.477157295E-1,9.727641106E0,9.786571635E0
1.129511921E1,9.720458984E-1,-4.548983276E-1,9.727641106E0,9.786664764E0
1.129712175E1,9.648633003E-1,-4.525041282E-1,9.718064308E0,9.776323188E0
1.129912569E1,9.528923035E-1,-4.596867263E-1,9.720458984E0,9.777864721E0
1.130112975E1,9.600749016E-1,-4.644751251E-1,9.722852707E0,9.781173024E0
1.130313436E1,9.672574997E-1,-4.525041282E-1,9.718064308E0,9.776559771E0
1.130513784E1,9.672574997E-1,-4.572925270E-1,9.713275909E0,9.772022944E0
1.130714100E1,9.648633003E-1,-4.525041282E-1,9.720458984E0,9.778703597E0
1.130914460E1,9.552865028E-1,-4.525041282E-1,9.730035782E0,9.787284026E0
1.131114819E1,9.720458984E-1,-4.644751251E-1,9.718064308E0,9.777596037E0
1.131315194E1,9.600749016E-1,-4.596867263E-1,9.725247383E0,9.783327265E0
1.131515526E1,9.576807022E-1,-4.596867263E-1,9.722852707E0,9.780712089E0
1.131715831E1,9.648633003E-1,-4.644751251E-1,9.718064308E0,9.776884587E0
1.131916178E1,9.672574997E-1,-4.596867263E-1,9.706093788E0,9.764996446E0
1.132116561E1,9.648633003E-1,-4.572925270E-1,9.715670586E0,9.774166592E0
1.132316932E1,9.672574997E-1,-4.596867263E-1,9.727641106E0,9.786414074E0
1.132517178E1,9.576807022E-1,-4.668693244E-1,9.715670586E0,9.773912943E0
1.132717472E1,9.672574997E-1,-4.596867263E-1,9.715670586E0,9.774515532E0
1.132917694E1,9.672574997E-1,-4.525041282E-1,9.708487511E0,9.767040330E0
1.133118022E1,9.624691010E-1,-4.644751251E-1,9.715670586E0,9.774269223E0
1.133318343E1,9.552865028E-1,-4.620809257E-1,9.722852707E0,9.780590772E0
1.133518581E1,9.600749016E-1,-4.548983276E-1,9.722852707E0,9.780722932E0
1.133718854E1,9.576807022E-1,-4.429273009E-1,9.725247383E0,9.782319438E0
1.133919003E1,9.552865028E-1,-4.453215301E-1,9.725247383E0,9.782194040E0
1.134119229E1,9.576807022E-1,-4.501099288E-1,9.710882187E0,9.768366502E0
1.134319425E1,9.624691010E-1,-4.596867263E-1,9.718064308E0,9.776422278E0
1.134519596E1,9.744400978E-1,-4.596867263E-1,9.718064308E0,9.777608056E0
1.134719839E1,9.696516991E-1,-4.620809257E-1,9.720458984E0,9.779625047E0
1.134920054E1,9.696516991E-1,-4.525041282E-1,9.725247383E0,9.783936890E0
1.135120327E1,9.672574997E-1,-4.572925270E-1,9.720458984E0,9.779162868E0
1.135320589E1,9.696516991E-1,-4.596867263E-1,9.725247383E0,9.784271714E0
1.135520850E1,9.720458984E-1,-4.548983276E-1,9.722852707E0,9.781905258E0
1.135721178E1,9.720458984E-1,-4.525041282E-1,9.720458984E0,9.779414915E0
1.135921596E1,9.672574997E-1,-4.501099288E-1,9.713275909E0,9.771689460E0
1.136121882E1,9.672574997E-1,-4.525041282E-1,9.715670586E0,9.774180374E0
1.136322198E1,9.720458984E-1,-4.596867263E-1,9.718064308E0,9.777369739E0
1.136522432E1,9.696516991E-1,-4.548983276E-1,9.708487511E0,9.767388937E0
1.136722679E1,9.624691010E-1,-4.572925270E-1,9.710882187E0,9.769170695E0
1.136922979E1,9.600749016E-1,-4.620809257E-1,9.722852707E0,9.781059624E0
1.137123315E1,9.648633003E-1,-4.716577232E-1,9.725247383E0,9.784368087E0
1.137323663E1,9.624691010E-1,-4.596867263E-1,9.725247383E0,9.783562507E0
1.137523999E1,9.624691010E-1,-4.548983276E-1,9.713275909E0,9.771438387E0
1.137724257E1,9.720458984E-1,-4.548983276E-1,9.720458984E0,9.779525990E0
1.137924589E1,9.648633003E-1,-4.548983276E-1,9.720458984E0,9.778814680E0
1.138124905E1,9.600749016E-1,-4.548983276E-1,9.718064308E0,9.775962879E0
1.138325229E1,9.600749016E-1,-4.572925270E-1,9.725247383E0,9.783215061E0
1.138525479E1,9.672574997E-1,-4.572925270E-1,9.715670586E0,9.774403228E0
1.138725761E1,9.600749016E-1,-4.477157295E-1,9.713275909E0,9.770871102E0
1.138925960E1,9.576807022E-1,-4.501099288E-1,9.701305389E0,9.758846117E0
1.139126311E1,9.648633003E-1,-4.477157295E-1,9.718064308E0,9.776102723E0
1.139326581E1,9.552865028E-1,-4.477157295E-1,9.732429504E0,9.789443587E0
1.139526882E1,9.648633003E-1,-4.477157295E-1,9.720458984E0,9.778483187E0
1.139727112E1,9.744400978E-1,-4.405331016E-1,9.722852707E0,9.781485965E0
1.139927366E1,9.744400978E-1,-4.548983276E-1,9.720458984E0,9.779764254E0
1.140127628E1,9.744400978E-1,-4.525041282E-1,9.722852707E0,9.782032419E0
1.140327913E1,9.744400978E-1,-4.501099288E-1,9.720458984E0,9.779542695E0
1.140528241E1,9.720458984E-1,-4.429273009E-1,9.715670586E0,9.774216733E0
1.140728468E1,9.744400978E-1,-4.453215301E-1,9.706093788E0,9.765044874E0
1.140928807E1,9.696516991E-1,-4.405331016E-1,9.710882187E0,9.769110844E0
1.141129100E1,9.672574997E-1,-4.429273009E-1,9.718064308E0,9.776121192E0
1.141329393E1,9.696516991E-1,-4.525041282E-1,9.722852707E0,9.781556582E0
1.141529647E1,9.672574997E-1,-4.572925270E-1,9.718064308E0,9.776782570E0
1.141729921E1,9.648633003E-1,-4.572925270E-1,9.718064308E0,9.776545992E0
1.141930104E1,9.624691010E-1,-4.548983276E-1,9.706093788E0,9.764299047E0
1.142130409E1,9.600749016E-1,-4.548983276E-1,9.703699112E0,9.761682886E0
1.142330725E1,9.576807022E-1,-4.644751251E-1,9.722852707E0,9.780938310E0
1.142531042E1,9.600749016E-1,-4.548983276E-1,9.722852707E0,9.780722932E0
1.142731311E1,9.648633003E-1,-4.596867263E-1,9.713275909E0,9.771898586E0
1.142931554E1,9.696516991E-1,-4.596867263E-1,9.708487511E0,9.767613119E0
1.143131862E1,9.648633003E-1,-4.596867263E-1,9.703699112E0,9.762379297E0
1.143332233E1,9.624691010E-1,-4.525041282E-1,9.718064308E0,9.776087185E0
1.143532632E1,9.624691010E-1,-4.525041282E-1,9.725247383E0,9.783227659E0
1.143732862E1,9.672574997E-1,-4.525041282E-1,9.727641106E0,9.786079324E0
1.143933128E1,9.600749016E-1,-4.548983276E-1,9.720458984E0,9.778343376E0
1.144133382E1,9.600749016E-1,-4.620809257E-1,9.725247383E0,9.783440053E0
1.144333718E1,9.576807022E-1,-4.620809257E-1,9.725247383E0,9.783205394E0
1.144534108E1,9.528923035E-1,-4.644751251E-1,9.722852707E0,9.780470625E0
1.144734448E1,9.552865028E-1,-4.620809257E-1,9.727641106E0,9.785350917E0
1.144934843E1,9.624691010E-1,-4.596867263E-1,9.720458984E0,9.778802663E0
1.145135136E1,9.600749016E-1,-4.525041282E-1,9.715670586E0,9.773472194E0
1.145335444E1,9.576807022E-1,-4.477157295E-1,9.715670586E0,9.773016762E0
1.145535753E1,9.624691010E-1,-4.477157295E-1,9.713275909E0,9.771106643E0
1.145736018E1,9.672574997E-1,-4.548983276E-1,9.703699112E0,9.762391921E0
1.145936417E1,9.648633003E-1,-4.548983276E-1,9.708487511E0,9.766914734E0
1.146136745E1,9.552865028E-1,-4.644751251E-1,9.710882187E0,9.768804548E0
1.146337128E1,9.528923035E-1,-4.596867263E-1,9.718064308E0,9.775484107E0
1.146537557E1,9.648633003E-1,-4.572925270E-1,9.720458984E0,9.778926348E0
1.146737890E1,9.648633003E-1,-4.596867263E-1,9.720458984E0,9.779038600E0
1.146938222E1,9.576807022E-1,-4.620809257E-1,9.718064308E0,9.776064904E0
1.147138507E1,9.648633003E-1,-4.668693244E-1,9.703699112E0,9.762720144E0
1.147338827E1,9.648633003E-1,-4.572925270E-1,9.718064308E0,9.776545992E0
1.147539233E1,9.696516991E-1,-4.525041282E-1,9.732429504E0,9.791075960E0
1.147739503E1,9.672574997E-1,-4.548983276E-1,9.730035782E0,9.788570676E0
1.147939804E1,9.552865028E-1,-4.596867263E-1,9.722852707E0,9.780477951E0
1.148140085E1,9.600749016E-1,-4.644751251E-1,9.713275909E0,9.771653384E0
1.148340382E1,9.576807022E-1,-4.596867263E-1,9.706093788E0,9.764052480E0
1.148540667E1,9.600749016E-1,-4.596867263E-1,9.708487511E0,9.766667059E0
1.148740948E1,9.624691010E-1,-4.548983276E-1,9.713275909E0,9.771438387E0
1.148941292E1,9.648633003E-1,-4.572925270E-1,9.713275909E0,9.771786251E0
1.149141557E1,9.624691010E-1,-4.501099288E-1,9.722852707E0,9.780736704E0
1.149341807E1,9.576807022E-1,-4.548983276E-1,9.730035782E0,9.787628984E0
1.149542182E1,9.624691010E-1,-4.596867263E-1,9.727641106E0,9.785941965E0
1.149742444E1,9.576807022E-1,-4.596867263E-1,9.722852707E0,9.780712089E0
1.149942745E1,9.696516991E-1,-4.548983276E-1,9.710882187E0,9.769769176E0
1.150142952E1,9.672574997E-1,-4.572925270E-1,9.710882187E0,9.769643615E0
1.150343128E1,9.672574997E-1,-4.501099288E-1,9.720458984E0,9.778829628E0
1.150543370E1,9.696516991E-1,-4.453215301E-1,9.706093788E0,9.764568209E0
1.150743679E1,9.720458984E-1,-4.453215301E-1,9.708487511E0,9.767185584E0
1.150944108E1,9.648633003E-1,-4.525041282E-1,9.720458984E0,9.778703597E0
1.151144526E1,9.696516991E-1,-4.572925270E-1,9.715670586E0,9.774640444E0
1.151344991E1,9.648633003E-1,-4.501099288E-1,9.718064308E0,9.776212663E0
1.151545468E1,9.648633003E-1,-4.453215301E-1,9.715670586E0,9.773613834E0
1.151745925E1,9.624691010E-1,-4.453215301E-1,9.708487511E0,9.766237135E0
1.151946319E1,9.528923035E-1,-4.525041282E-1,9.718064308E0,9.775148982E0
1.152146823E1,9.648633003E-1,-4.572925270E-1,9.718064308E0,9.776545992E0
1.152347136E1,9.768342972E-1,-4.548983276E-1,9.727641106E0,9.787141524E0
1.152547374E1,9.696516991E-1,-4.596867263E-1,9.730035782E0,9.789031240E0
1.152747706E1,9.720458984E-1,-4.548983276E-1,9.715670586E0,9.774766526E0
1.152948073E1,9.696516991E-1,-4.429273009E-1,9.715670586E0,9.773978921E0
1.153148401E1,9.720458984E-1,-4.572925270E-1,9.732429504E0,9.791535821E0
1.153348690E1,9.744400978E-1,-4.596867263E-1,9.732429504E0,9.791885898E0
1.153548979E1,9.648633003E-1,-4.525041282E-1,9.727641106E0,9.785842971E0
1.153749335E1,9.672574997E-1,-4.548983276E-1,9.713275909E0,9.771911197E0
1.153949643E1,9.624691010E-1,-4.596867263E-1,9.718064308E0,9.776422278E0
1.154150046E1,9.696516991E-1,-4.572925270E-1,9.727641106E0,9.786538834E0
1.154350378E1,9.672574997E-1,-4.596867263E-1,9.720458984E0,9.779275118E0
1.154550827E1,9.648633003E-1,-4.644751251E-1,9.713275909E0,9.772125011E0
1.154751194E1,9.624691010E-1,-4.596867263E-1,9.720458984E0,9.778802663E0
1.154951518E1,9.672574997E-1,-4.572925270E-1,9.734824181E0,9.793441956E0
1.155152015E1,9.696516991E-1,-4.644751251E-1,9.737217903E0,9.796395973E0
1.155352452E1,9.696516991E-1,-4.692635238E-1,9.718064308E0,9.777586950E0
1.155552909E1,9.696516991E-1,-4.572925270E-1,9.713275909E0,9.772260218E0
1.155753323E1,9.792284966E-1,-4.548983276E-1,9.710882187E0,9.770724322E0
1.155953811E1,9.696516991E-1,-4.596867263E-1,9.715670586E0,9.774752745E0
1.156154198E1,9.744400978E-1,-4.644751251E-1,9.718064308E0,9.777834348E0
1.156354671E1,9.696516991E-1,-4.596867263E-1,9.722852707E0,9.781891487E0
1.156555124E1,9.672574997E-1,-4.596867263E-1,9.718064308E0,9.776894847E0
1.156755534E1,9.744400978E-1,-4.501099288E-1,9.713275909E0,9.772403049E0
1.156955890E1,9.696516991E-1,-4.668693244E-1,9.718064308E0,9.777472336E0
1.157156198E1,9.624691010E-1,-4.525041282E-1,9.718064308E0,9.776087185E0
1.157356483E1,9.576807022E-1,-4.501099288E-1,9.718064308E0,9.775506390E0
1.157556780E1,9.648633003E-1,-4.477157295E-1,9.720458984E0,9.778483187E0
1.157757081E1,9.648633003E-1,-4.548983276E-1,9.713275909E0,9.771674502E0
1.157957335E1,9.672574997E-1,-4.572925270E-1,9.715670586E0,9.774403228E0
1.158157632E1,9.648633003E-1,-4.572925270E-1,9.710882187E0,9.769406865E0
1.158357932E1,9.624691010E-1,-4.596867263E-1,9.715670586E0,9.774042848E0
1.158558304E1,9.624691010E-1,-4.620809257E-1,9.727641106E0,9.786054723E0
1.158758694E1,9.624691010E-1,-4.620809257E-1,9.718064308E0,9.776535145E0
1.158959011E1,9.648633003E-1,-4.596867263E-1,9.732429504E0,9.790937500E0
1.159159362E1,9.720458984E-1,-4.572925270E-1,9.725247383E0,9.784397087E0
1.159359858E1,9.696516991E-1,-4.596867263E-1,9.720458984E0,9.779512215E0
1.159560222E1,9.720458984E-1,-4.644751251E-1,9.727641106E0,9.787114582E0
1.159760538E1,9.624691010E-1,-4.644751251E-1,9.722852707E0,9.781408317E0
1.159960905E1,9.648633003E-1,-4.572925270E-1,9.718064308E0,9.776545992E0
1.160161159E1,9.600749016E-1,-4.501099288E-1,9.720458984E0,9.778121784E0
1.160361487E1,9.648633003E-1,-4.572925270E-1,9.718064308E0,9.776545992E0
1.160561917E1,9.576807022E-1,-4.572925270E-1,9.722852707E0,9.780599856E0
1.160762304E1,9.528923035E-1,-4.596867263E-1,9.720458984E0,9.777864721E0
1.160962628E1,9.552865028E-1,-4.620809257E-1,9.715670586E0,9.773451080E0
1.161163046E1,9.696516991E-1,-4.548983276E-1,9.730035782E0,9.788807549E0
1.161363483E1,9.672574997E-1,-4.525041282E-1,9.734824181E0,9.793219536E0
1.161563819E1,9.648633003E-1,-4.501099288E-1,9.737217903E0,9.795252556E0
1.161764046E1,9.576807022E-1,-4.596867263E-1,9.732429504E0,9.790232289E0
1.161964315E1,9.648633003E-1,-4.501099288E-1,9.720458984E0,9.778593099E0
1.162164526E1,9.624691010E-1,-4.572925270E-1,9.718064308E0,9.776309995E0
1.162364870E1,9.696516991E-1,-4.572925270E-1,9.710882187E0,9.769880947E0
1.162565307E1,9.672574997E-1,-4.668693244E-1,9.715670586E0,9.774855956E0
1.162765604E1,9.720458984E-1,-4.668693244E-1,9.720458984E0,9.780090136E0
1.162965882E1,9.696516991E-1,-4.525041282E-1,9.720458984E0,9.779177229E0
1.163166214E1,9.696516991E-1,-4.572925270E-1,9.722852707E0,9.781779267E0
1.163366585E1,9.672574997E-1,-4.477157295E-1,9.727641106E0,9.785859080E0
1.163566983E1,9.648633003E-1,-4.572925270E-1,9.730035782E0,9.788445942E0
1.163767499E1,9.624691010E-1,-4.572925270E-1,9.710882187E0,9.769170695E0
1.163967936E1,9.672574997E-1,-4.572925270E-1,9.715670586E0,9.774403228E0
1.164168331E1,9.624691010E-1,-4.501099288E-1,9.718064308E0,9.775976658E0
1.164368741E1,9.672574997E-1,-4.548983276E-1,9.730035782E0,9.788570676E0
1.164569026E1,9.648633003E-1,-4.525041282E-1,9.725247383E0,9.783463489E0
1.164769319E1,9.600749016E-1,-4.525041282E-1,9.720458984E0,9.778232288E0
1.164969530E1,9.576807022E-1,-4.477157295E-1,9.739612579E0,9.796818611E0
1.165169874E1,9.600749016E-1,-4.548983276E-1,9.739612579E0,9.797383809E0
1.165370218E1,9.552865028E-1,-4.620809257E-1,9.725247383E0,9.782971315E0
1.165570554E1,9.600749016E-1,-4.596867263E-1,9.732429504E0,9.790466780E0
1.165770878E1,9.648633003E-1,-4.596867263E-1,9.722852707E0,9.781417987E0
1.165971140E1,9.624691010E-1,-4.548983276E-1,9.718064308E0,9.776198298E0
1.166171436E1,9.600749016E-1,-4.596867263E-1,9.720458984E0,9.778567307E0
1.166371757E1,9.624691010E-1,-4.525041282E-1,9.720458984E0,9.778467652E0
1.166572030E1,9.528923035E-1,-4.572925270E-1,9.715670586E0,9.772992128E0
1.166772296E1,9.576807022E-1,-4.572925270E-1,9.720458984E0,9.778220270E0
1.166972561E1,9.552865028E-1,-4.572925270E-1,9.713275909E0,9.770845288E0
1.167172893E1,9.600749016E-1,-4.572925270E-1,9.710882187E0,9.768935107E0
1.167373190E1,9.744400978E-1,-4.525041282E-1,9.715670586E0,9.774893780E0
1.167573495E1,9.648633003E-1,-4.525041282E-1,9.718064308E0,9.776323188E0
1.167773815E1,9.624691010E-1,-4.477157295E-1,9.708487511E0,9.766346599E0
1.167974046E1,9.672574997E-1,-4.477157295E-1,9.708487511E0,9.766819656E0
1.168174436E1,9.744400978E-1,-4.477157295E-1,9.725247383E0,9.784192330E0
1.168374811E1,9.600749016E-1,-4.525041282E-1,9.715670586E0,9.773472194E0
1.168575276E1,9.552865028E-1,-4.596867263E-1,9.708487511E0,9.766197517E0
1.168775663E1,9.528923035E-1,-4.525041282E-1,9.708487511E0,9.765628166E0
1.168976065E1,9.504981041E-1,-4.668693244E-1,9.706093788E0,9.763691425E0
1.169176405E1,9.600749016E-1,-4.572925270E-1,9.710882187E0,9.768935107E0
1.169376749E1,9.744400978E-1,-4.620809257E-1,9.722852707E0,9.782480107E0
1.169577132E1,9.744400978E-1,-4.644751251E-1,9.722852707E0,9.782593491E0
1.169777491E1,9.744400978E-1,-4.572925270E-1,9.734824181E0,9.794153960E0
1.169977858E1,9.648633003E-1,-4.525041282E-1,9.737217903E0,9.795362866E0
1.170178182E1,9.624691010E-1,-4.620809257E-1,9.722852707E0,9.781294920E0
1.170378569E1,9.696516991E-1,-4.644751251E-1,9.715670586E0,9.774979104E0
1.170578823E1,9.744400978E-1,-4.620809257E-1,9.710882187E0,9.770582640E0
1.170779120E1,9.624691010E-1,-4.596867263E-1,9.710882187E0,9.769283060E0
1.170979475E1,9.624691010E-1,-4.548983276E-1,9.722852707E0,9.780958236E0
1.171179757E1,9.624691010E-1,-4.548983276E-1,9.722852707E0,9.780958236E0
1.171380057E1,9.672574997E-1,-4.525041282E-1,9.725247383E0,9.783699899E0
1.171580343E1,9.624691010E-1,-4.572925270E-1,9.718064308E0,9.776309995E0
1.171780643E1,9.696516991E-1,-4.572925270E-1,9.710882187E0,9.769880947E0
1.171980968E1,9.624691010E-1,-4.525041282E-1,9.718064308E0,9.776087185E0
1.172181319E1,9.648633003E-1,-4.596867263E-1,9.718064308E0,9.776658272E0
1.172381761E1,9.576807022E-1,-4.644751251E-1,9.715670586E0,9.773798872E0
1.172582163E1,9.576807022E-1,-4.644751251E-1,9.715670586E0,9.773798872E0
1.172782526E1,9.576807022E-1,-4.644751251E-1,9.708487511E0,9.766658549E0
1.172982866E1,9.648633003E-1,-4.620809257E-1,9.708487511E0,9.767251902E0
1.173183210E1,9.696516991E-1,-4.572925270E-1,9.722852707E0,9.781779267E0
1.173383538E1,9.624691010E-1,-4.525041282E-1,9.725247383E0,9.783227659E0
1.173583854E1,9.696516991E-1,-4.620809257E-1,9.727641106E0,9.786763749E0
1.173784222E1,9.672574997E-1,-4.668693244E-1,9.720458984E0,9.779615376E0
1.173984620E1,9.696516991E-1,-4.596867263E-1,9.725247383E0,9.784271714E0
1.174184905E1,9.720458984E-1,-4.620809257E-1,9.730035782E0,9.789381407E0
1.174385132E1,9.720458984E-1,-4.644751251E-1,9.722852707E0,9.782355296E0
1.174585409E1,9.720458984E-1,-4.572925270E-1,9.720458984E0,9.779637649E0
1.174785663E1,9.648633003E-1,-4.525041282E-1,9.722852707E0,9.781083066E0
1.174985874E1,9.648633003E-1,-4.644751251E-1,9.720458984E0,9.779264860E0
1.175186093E1,9.720458984E-1,-4.644751251E-1,9.725247383E0,9.784735409E0
1.175386319E1,9.576807022E-1,-4.548983276E-1,9.718064308E0,9.775728040E0
1.175586589E1,9.552865028E-1,-4.548983276E-1,9.710882187E0,9.768353886E0
1.175786948E1,9.576807022E-1,-4.501099288E-1,9.722852707E0,9.780266665E0
1.175987319E1,9.576807022E-1,-4.548983276E-1,9.720458984E0,9.778108594E0
1.176187667E1,9.600749016E-1,-4.525041282E-1,9.710882187E0,9.768712129E0
1.176388030E1,9.672574997E-1,-4.525041282E-1,9.727641106E0,9.786079324E0
1.176588499E1,9.672574997E-1,-4.429273009E-1,9.730035782E0,9.788021658E0
1.176788893E1,9.600749016E-1,-4.501099288E-1,9.722852707E0,9.780501394E0
1.176989311E1,9.600749016E-1,-4.525041282E-1,9.715670586E0,9.773472194E0
1.177189761E1,9.600749016E-1,-4.548983276E-1,9.701305389E0,9.759303385E0
1.177390143E1,9.600749016E-1,-4.644751251E-1,9.715670586E0,9.774033757E0
1.177590464E1,9.624691010E-1,-4.596867263E-1,9.715670586E0,9.774042848E0
1.177790702E1,9.648633003E-1,-4.596867263E-1,9.713275909E0,9.771898586E0
1.177991034E1,9.624691010E-1,-4.572925270E-1,9.720458984E0,9.778690408E0
1.178191378E1,9.648633003E-1,-4.429273009E-1,9.713275909E0,9.771124535E0
1.178391667E1,9.696516991E-1,-4.453215301E-1,9.715670586E0,9.774087712E0
1.178591878E1,9.648633003E-1,-4.477157295E-1,9.720458984E0,9.778483187E0
1.178792159E1,9.696516991E-1,-4.548983276E-1,9.713275909E0,9.772148474E0
1.178992468E1,9.672574997E-1,-4.548983276E-1,9.725247383E0,9.783810925E0
1.179192741E1,9.600749016E-1,-4.525041282E-1,9.725247383E0,9.782992409E0
1.179392932E1,9.624691010E-1,-4.596867263E-1,9.722852707E0,9.781182107E0
1.179593155E1,9.720458984E-1,-4.572925270E-1,9.725247383E0,9.784397087E0
1.179793464E1,9.624691010E-1,-4.620809257E-1,9.730035782E0,9.788435108E0
1.179993757E1,9.552865028E-1,-4.525041282E-1,9.725247383E0,9.782523649E0
1.180194038E1,9.624691010E-1,-4.477157295E-1,9.715670586E0,9.773487150E0
1.180394409E1,9.648633003E-1,-4.572925270E-1,9.718064308E0,9.776545992E0
1.180594745E1,9.528923035E-1,-4.572925270E-1,9.722852707E0,9.780132154E0
1.180795104E1,9.504981041E-1,-4.620809257E-1,9.727641106E0,9.784884614E0
1.180995444E1,9.600749016E-1,-4.501099288E-1,9.734824181E0,9.792402391E0
1.181195737E1,9.576807022E-1,-4.405331016E-1,9.725247383E0,9.782211325E0
1.181396104E1,9.624691010E-1,-4.525041282E-1,9.725247383E0,9.783227659E0
1.181596487E1,9.672574997E-1,-4.501099288E-1,9.725247383E0,9.783589458E0
1.181796874E1,9.720458984E-1,-4.572925270E-1,9.725247383E0,9.784397087E0
1.181997343E1,9.696516991E-1,-4.572925270E-1,9.720458984E0,9.779399968E0
1.182197761E1,9.696516991E-1,-4.548983276E-1,9.730035782E0,9.788807549E0
1.182398198E1,9.696516991E-1,-4.548983276E-1,9.725247383E0,9.784047913E0
1.182598659E1,9.672574997E-1,-4.620809257E-1,9.720458984E0,9.779387952E0
1.182799124E1,9.648633003E-1,-4.572925270E-1,9.727641106E0,9.786065559E0
1.182999569E1,9.648633003E-1,-4.596867263E-1,9.727641106E0,9.786177730E0
1.183199878E1,9.744400978E-1,-4.501099288E-1,9.722852707E0,9.781921959E0
1.183400237E1,9.720458984E-1,-4.596867263E-1,9.718064308E0,9.777369739E0
1.183600667E1,9.600749016E-1,-4.525041282E-1,9.720458984E0,9.778232288E0
1.183801096E1,9.600749016E-1,-4.548983276E-1,9.722852707E0,9.780722932E0
1.184001436E1,9.600749016E-1,-4.548983276E-1,9.734824181E0,9.792623659E0
1.184201737E1,9.624691010E-1,-4.548983276E-1,9.727641106E0,9.785718203E0
1.184402073E1,9.672574997E-1,-4.525041282E-1,9.725247383E0,9.783699899E0
1.184602569E1,9.648633003E-1,-4.525041282E-1,9.710882187E0,9.769183897E0
1.184802983E1,9.600749016E-1,-4.620809257E-1,9.730035782E0,9.788199983E0
1.185003358E1,9.600749016E-1,-4.572925270E-1,9.720458984E0,9.778455049E0
1.185203706E1,9.600749016E-1,-4.548983276E-1,9.727641106E0,9.785483012E0
1.185403987E1,9.648633003E-1,-4.501099288E-1,9.725247383E0,9.783353045E0
1.185604343E1,9.696516991E-1,-4.501099288E-1,9.718064308E0,9.776686415E0
1.185804675E1,9.696516991E-1,-4.596867263E-1,9.713275909E0,9.772372547E0
1.186004983E1,9.672574997E-1,-4.620809257E-1,9.708487511E0,9.767488705E0
1.186205272E1,9.576807022E-1,-4.596867263E-1,9.718064308E0,9.775952031E0
1.186405550E1,9.624691010E-1,-4.572925270E-1,9.720458984E0,9.778690408E0
1.186605815E1,9.576807022E-1,-4.453215301E-1,9.730035782E0,9.787188560E0
1.186806085E1,9.672574997E-1,-4.572925270E-1,9.727641106E0,9.786301907E0
1.187006405E1,9.624691010E-1,-4.525041282E-1,9.725247383E0,9.783227659E0
1.187206706E1,9.576807022E-1,-4.525041282E-1,9.725247383E0,9.782757739E0
1.187407147E1,9.552865028E-1,-4.572925270E-1,9.727641106E0,9.785125969E0
1.187607557E1,9.600749016E-1,-4.572925270E-1,9.725247383E0,9.783215061E0
1.187807995E1,9.600749016E-1,-4.620809257E-1,9.742006302E0,9.800099458E0
1.188008366E1,9.624691010E-1,-4.548983276E-1,9.746794701E0,9.804758345E0
1.188208628E1,9.624691010E-1,-4.453215301E-1,9.730035782E0,9.787658267E0
1.188408995E1,9.624691010E-1,-4.548983276E-1,9.720458984E0,9.778578738E0
1.188609346E1,9.672574997E-1,-4.525041282E-1,9.715670586E0,9.774180374E0
1.188809694E1,9.720458984E-1,-4.548983276E-1,9.713275909E0,9.772386331E0
1.189009909E1,9.744400978E-1,-4.548983276E-1,9.713275909E0,9.772624769E0
1.189210210E1,9.720458984E-1,-4.477157295E-1,9.713275909E0,9.772054620E0
1.189410640E1,9.696516991E-1,-4.453215301E-1,9.727641106E0,9.785986775E0
1.189611061E1,9.696516991E-1,-4.429273009E-1,9.732429504E0,9.790638032E0
1.189811448E1,9.672574997E-1,-4.548983276E-1,9.734824181E0,9.793330454E0
1.190011776E1,9.624691010E-1,-4.620809257E-1,9.720458984E0,9.778915503E0
1.190212104E1,9.624691010E-1,-4.572925270E-1,9.718064308E0,9.776309995E0
1.190412479E1,9.648633003E-1,-4.572925270E-1,9.710882187E0,9.769406865E0
1.190612835E1,9.720458984E-1,-4.572925270E-1,9.710882187E0,9.770118860E0
1.190813167E1,9.768342972E-1,-4.477157295E-1,9.710882187E0,9.770152889E0
1.191013421E1,9.720458984E-1,-4.572925270E-1,9.722852707E0,9.782016890E0
1.191213749E1,9.744400978E-1,-4.596867263E-1,9.715670586E0,9.775228914E0
1.191414069E1,9.720458984E-1,-4.716577232E-1,9.722852707E0,9.782698963E0
1.191614417E1,9.600749016E-1,-4.644751251E-1,9.713275909E0,9.771653384E0
1.191814675E1,9.672574997E-1,-4.644751251E-1,9.715670586E0,9.774741896E0
1.192015136E1,9.552865028E-1,-4.572925270E-1,9.718064308E0,9.775605488E0
1.192215507E1,9.576807022E-1,-4.572925270E-1,9.718064308E0,9.775839743E0
1.192415901E1,9.600749016E-1,-4.596867263E-1,9.718064308E0,9.776186864E0
1.192616292E1,9.648633003E-1,-4.596867263E-1,9.737217903E0,9.795697299E0
1.192816604E1,9.552865028E-1,-4.548983276E-1,9.739612579E0,9.796915738E0
1.193017007E1,9.552865028E-1,-4.525041282E-1,9.725247383E0,9.782523649E0
1.193217452E1,9.504981041E-1,-4.572925270E-1,9.725247383E0,9.782279886E0
1.193417815E1,9.552865028E-1,-4.572925270E-1,9.718064308E0,9.775605488E0
1.193618245E1,9.528923035E-1,-4.644751251E-1,9.710882187E0,9.768570711E0
1.193818671E1,9.576807022E-1,-4.644751251E-1,9.706093788E0,9.764279087E0
1.194019050E1,9.576807022E-1,-4.525041282E-1,9.720458984E0,9.777997504E0
1.194219440E1,9.600749016E-1,-4.453215301E-1,9.710882187E0,9.768382053E0
1.194419858E1,9.648633003E-1,-4.501099288E-1,9.703699112E0,9.761933036E0
1.194620225E1,9.648633003E-1,-4.548983276E-1,9.708487511E0,9.766914734E0
1.194820714E1,9.672574997E-1,-4.644751251E-1,9.715670586E0,9.774741896E0
1.195021163E1,9.672574997E-1,-4.596867263E-1,9.720458984E0,9.779275118E0
1.195221557E1,9.600749016E-1,-4.620809257E-1,9.722852707E0,9.781059624E0
1.195421956E1,9.600749016E-1,-4.596867263E-1,9.730035782E0,9.788087250E0
1.195622456E1,9.624691010E-1,-4.525041282E-1,9.720458984E0,9.778467652E0
1.195823038E1,9.648633003E-1,-4.572925270E-1,9.713275909E0,9.771786251E0
1.196023491E1,9.648633003E-1,-4.668693244E-1,9.710882187E0,9.769859825E0
1.196223979E1,9.576807022E-1,-4.477157295E-1,9.720458984E0,9.777777077E0
1.196424479E1,9.600749016E-1,-4.477157295E-1,9.720458984E0,9.778011866E0
1.196624972E1,9.552865028E-1,-4.572925270E-1,9.732429504E0,9.789886251E0
1.196825452E1,9.576807022E-1,-4.501099288E-1,9.718064308E0,9.775506390E0
1.197025952E1,9.576807022E-1,-4.525041282E-1,9.720458984E0,9.777997504E0
1.197226554E1,9.600749016E-1,-4.548983276E-1,9.725247383E0,9.783103443E0
1.197427042E1,9.672574997E-1,-4.525041282E-1,9.720458984E0,9.778940123E0
1.197627600E1,9.648633003E-1,-4.501099288E-1,9.730035782E0,9.788113018E0
1.197828093E1,9.696516991E-1,-4.501099288E-1,9.732429504E0,9.790965602E0
1.198028569E1,9.720458984E-1,-4.525041282E-1,9.718064308E0,9.777034679E0
1.198229030E1,9.768342972E-1,-4.596867263E-1,9.725247383E0,9.784986142E0
1.198429444E1,9.696516991E-1,-4.525041282E-1,9.727641106E0,9.786316257E0
1.198629846E1,9.648633003E-1,-4.477157295E-1,9.715670586E0,9.773723215E0
1.198830358E1,9.624691010E-1,-4.501099288E-1,9.720458984E0,9.778357152E0
1.199030866E1,9.672574997E-1,-4.525041282E-1,9.718064308E0,9.776559771E0
1.199231272E1,9.648633003E-1,-4.548983276E-1,9.727641106E0,9.785953973E0
1.199431741E1,9.696516991E-1,-4.548983276E-1,9.715670586E0,9.774528727E0
1.199632175E1,9.744400978E-1,-4.548983276E-1,9.718064308E0,9.777384103E0
1.199832495E1,9.696516991E-1,-4.572925270E-1,9.713275909E0,9.772260218E0
1.200032929E1,9.648633003E-1,-4.477157295E-1,9.706093788E0,9.764203356E0
1.200233386E1,9.504981041E-1,-4.501099288E-1,9.715670586E0,9.772425519E0
1.200433913E1,9.504981041E-1,-4.548983276E-1,9.715670586E0,9.772647239E0
1.200634378E1,9.552865028E-1,-4.501099288E-1,9.713275909E0,9.770511765E0
1.200834815E1,9.648633003E-1,-4.572925270E-1,9.715670586E0,9.774166592E0
1.201035268E1,9.648633003E-1,-4.572925270E-1,9.713275909E0,9.771786251E0
1.201235647E1,9.624691010E-1,-4.525041282E-1,9.718064308E0,9.776087185E0
1.201436104E1,9.672574997E-1,-4.525041282E-1,9.727641106E0,9.786079324E0
1.201636542E1,9.576807022E-1,-4.501099288E-1,9.725247383E0,9.782647287E0
1.201837014E1,9.624691010E-1,-4.501099288E-1,9.715670586E0,9.773597119E0
1.202037518E1,9.672574997E-1,-4.572925270E-1,9.720458984E0,9.779162868E0
1.202237893E1,9.648633003E-1,-4.596867263E-1,9.718064308E0,9.776658272E0
1.202438315E1,9.624691010E-1,-4.525041282E-1,9.727641106E0,9.785607198E0
1.202638804E1,9.672574997E-1,-4.548983276E-1,9.722852707E0,9.781430587E0
1.202839331E1,9.672574997E-1,-4.525041282E-1,9.730035782E0,9.788459704E0
1.203039776E1,9.600749016E-1,-4.620809257E-1,9.718064308E0,9.776299734E0
1.203240190E1,9.648633003E-1,-4.572925270E-1,9.710882187E0,9.769406865E0
1.203440612E1,9.648633003E-1,-4.596867263E-1,9.715670586E0,9.774278899E0
1.203641042E1,9.696516991E-1,-4.596867263E-1,9.725247383E0,9.784271714E0
1.203841550E1,9.648633003E-1,-4.501099288E-1,9.718064308E0,9.776212663E0
1.204041874E1,9.624691010E-1,-4.525041282E-1,9.720458984E0,9.778467652E0
1.204242358E1,9.720458984E-1,-4.572925270E-1,9.720458984E0,9.779637649E0
1.204442772E1,9.672574997E-1,-4.596867263E-1,9.725247383E0,9.784034731E0
1.204643257E1,9.744400978E-1,-4.644751251E-1,9.713275909E0,9.773075234E0
1.204843663E1,9.672574997E-1,-4.596867263E-1,9.715670586E0,9.774515532E0
1.205044159E1,9.600749016E-1,-4.644751251E-1,9.708487511E0,9.766893606E0
1.205244514E1,9.576807022E-1,-4.620809257E-1,9.703699112E0,9.761785060E0
1.205444897E1,9.600749016E-1,-4.525041282E-1,9.722852707E0,9.780611871E0
1.205645311E1,9.624691010E-1,-4.548983276E-1,9.734824181E0,9.792858678E0
1.205845823E1,9.696516991E-1,-4.596867263E-1,9.725247383E0,9.784271714E0
1.206046350E1,9.552865028E-1,-4.572925270E-1,9.722852707E0,9.780365715E0
1.206246733E1,9.648633003E-1,-4.644751251E-1,9.722852707E0,9.781644192E0
1.206447081E1,9.624691010E-1,-4.572925270E-1,9.710882187E0,9.769170695E0
1.206647409E1,9.672574997E-1,-4.572925270E-1,9.720458984E0,9.779162868E0
1.206847823E1,9.648633003E-1,-4.548983276E-1,9.722852707E0,9.781194121E0
1.207048093E1,9.600749016E-1,-4.548983276E-1,9.715670586E0,9.773583336E0
1.207248350E1,9.624691010E-1,-4.644751251E-1,9.720458984E0,9.779028928E0
1.207448647E1,9.672574997E-1,-4.620809257E-1,9.720458984E0,9.779387952E0
1.207648921E1,9.696516991E-1,-4.620809257E-1,9.703699112E0,9.762966745E0
1.207849140E1,9.576807022E-1,-4.668693244E-1,9.706093788E0,9.764393269E0
1.208049354E1,9.576807022E-1,-4.644751251E-1,9.706093788E0,9.764279087E0
1.208249597E1,9.552865028E-1,-4.620809257E-1,9.708487511E0,9.766310502E0
1.208449761E1,9.624691010E-1,-4.620809257E-1,9.713275909E0,9.771775399E0
1.208649905E1,9.696516991E-1,-4.644751251E-1,9.720458984E0,9.779738464E0
1.208850061E1,9.648633003E-1,-4.668693244E-1,9.725247383E0,9.784138430E0
1.209050272E1,9.720458984E-1,-4.572925270E-1,9.737217903E0,9.796295329E0
1.209250538E1,9.624691010E-1,-4.501099288E-1,9.725247383E0,9.783117212E0
1.209450788E1,9.600749016E-1,-4.501099288E-1,9.720458984E0,9.778121784E0
1.209651108E1,9.600749016E-1,-4.548983276E-1,9.725247383E0,9.783103443E0
1.209851468E1,9.624691010E-1,-4.596867263E-1,9.727641106E0,9.785941965E0
1.210051761E1,9.648633003E-1,-4.548983276E-1,9.718064308E0,9.776434298E0
1.210251991E1,9.720458984E-1,-4.572925270E-1,9.703699112E0,9.762979368E0
1.210452311E1,9.696516991E-1,-4.596867263E-1,9.710882187E0,9.769993304E0
1.210652698E1,9.648633003E-1,-4.620809257E-1,9.718064308E0,9.776771137E0
1.210852925E1,9.648633003E-1,-4.525041282E-1,9.730035782E0,9.788223408E0
1.211053311E1,9.624691010E-1,-4.525041282E-1,9.732429504E0,9.790367246E0
1.211253557E1,9.672574997E-1,-4.620809257E-1,9.734824181E0,9.793666713E0
1.211453917E1,9.648633003E-1,-4.620809257E-1,9.734824181E0,9.793430543E0
1.211654100E1,9.648633003E-1,-4.620809257E-1,9.732429504E0,9.791050200E0
1.211854304E1,9.672574997E-1,-4.572925270E-1,9.732429504E0,9.791061617E0
1.212054593E1,9.720458984E-1,-4.501099288E-1,9.725247383E0,9.784064025E0
1.212255022E1,9.672574997E-1,-4.620809257E-1,9.722852707E0,9.781767254E0
1.212455343E1,9.648633003E-1,-4.525041282E-1,9.725247383E0,9.783463489E0
1.212655608E1,9.600749016E-1,-4.501099288E-1,9.727641106E0,9.785261583E0
1.212855897E1,9.624691010E-1,-4.477157295E-1,9.722852707E0,9.780626816E0
1.213056210E1,9.696516991E-1,-4.525041282E-1,9.718064308E0,9.776796935E0
1.213256479E1,9.648633003E-1,-4.525041282E-1,9.715670586E0,9.773943733E0
1.213456757E1,9.624691010E-1,-4.501099288E-1,9.710882187E0,9.768837114E0
1.213657046E1,9.600749016E-1,-4.453215301E-1,9.715670586E0,9.773142279E0
1.213857456E1,9.672574997E-1,-4.453215301E-1,9.722852707E0,9.780989883E0
1.214057839E1,9.672574997E-1,-4.596867263E-1,9.727641106E0,9.786414074E0
1.214258171E1,9.672574997E-1,-4.620809257E-1,9.725247383E0,9.784147511E0
1.214458511E1,9.720458984E-1,-4.501099288E-1,9.727641106E0,9.786443361E0
1.214658897E1,9.696516991E-1,-4.572925270E-1,9.720458984E0,9.779399968E0
1.214859186E1,9.696516991E-1,-4.548983276E-1,9.725247383E0,9.784047913E0
1.215059589E1,9.696516991E-1,-4.525041282E-1,9.713275909E0,9.772037316E0
1.215259909E1,9.696516991E-1,-4.668693244E-1,9.718064308E0,9.777472336E0
1.215460249E1,9.552865028E-1,-4.548983276E-1,9.718064308E0,9.775493782E0
1.215660550E1,9.576807022E-1,-4.596867263E-1,9.722852707E0,9.780712089E0
1.215860827E1,9.648633003E-1,-4.501099288E-1,9.727641106E0,9.785732554E0
1.216061069E1,9.648633003E-1,-4.477157295E-1,9.725247383E0,9.783243185E0
1.216261339E1,9.672574997E-1,-4.572925270E-1,9.720458984E0,9.779162868E0
1.216461600E1,9.672574997E-1,-4.525041282E-1,9.713275909E0,9.771800036E0
1.216662018E1,9.696516991E-1,-4.548983276E-1,9.713275909E0,9.772148474E0
1.216862323E1,9.648633003E-1,-4.620809257E-1,9.715670586E0,9.774391792E0
1.217062694E1,9.576807022E-1,-4.596867263E-1,9.720458984E0,9.778332531E0
1.217262932E1,9.600749016E-1,-4.525041282E-1,9.722852707E0,9.780611871E0
1.217463132E1,9.672574997E-1,-4.572925270E-1,9.718064308E0,9.776782570E0
1.217663475E1,9.672574997E-1,-4.572925270E-1,9.718064308E0,9.776782570E0
1.217863772E1,9.552865028E-1,-4.596867263E-1,9.713275909E0,9.770957634E0
1.218064100E1,9.672574997E-1,-4.548983276E-1,9.727641106E0,9.786190323E0
1.218264319E1,9.696516991E-1,-4.525041282E-1,9.725247383E0,9.783936890E0
1.218464608E1,9.648633003E-1,-4.525041282E-1,9.725247383E0,9.783463489E0
1.218664862E1,9.648633003E-1,-4.572925270E-1,9.720458984E0,9.778926348E0
1.218865222E1,9.600749016E-1,-4.572925270E-1,9.710882187E0,9.768935107E0
1.219065577E1,9.552865028E-1,-4.525041282E-1,9.718064308E0,9.775382662E0
1.219265917E1,9.504981041E-1,-4.501099288E-1,9.720458984E0,9.777186122E0
1.219466108E1,9.552865028E-1,-4.525041282E-1,9.708487511E0,9.765862073E0
1.219666452E1,9.481038451E-1,-4.572925270E-1,9.718064308E0,9.774906202E0
1.219866870E1,9.576807022E-1,-4.620809257E-1,9.720458984E0,9.778445376E0
1.220067186E1,9.648633003E-1,-4.620809257E-1,9.727641106E0,9.786290485E0
1.220267499E1,9.648633003E-1,-4.620809257E-1,9.734824181E0,9.793430543E0
1.220467905E1,9.624691010E-1,-4.644751251E-1,9.725247383E0,9.783788662E0
1.220668245E1,9.648633003E-1,-4.620809257E-1,9.725247383E0,9.783911111E0
1.220868655E1,9.648633003E-1,-4.644751251E-1,9.722852707E0,9.781644192E0
1.221069007E1,9.600749016E-1,-4.620809257E-1,9.720458984E0,9.778680149E0
1.221269354E1,9.696516991E-1,-4.596867263E-1,9.722852707E0,9.781891487E0
1.221469745E1,9.720458984E-1,-4.596867263E-1,9.722852707E0,9.782129107E0
1.221670057E1,9.672574997E-1,-4.596867263E-1,9.730035782E0,9.788794373E0
1.221870409E1,9.672574997E-1,-4.525041282E-1,9.725247383E0,9.783699899E0
1.222070757E1,9.648633003E-1,-4.764461517E-1,9.720458984E0,9.779840745E0
1.222271124E1,9.648633003E-1,-4.692635238E-1,9.722852707E0,9.781872735E0
1.222471507E1,9.624691010E-1,-4.692635238E-1,9.718064308E0,9.776877258E0
1.222671862E1,9.576807022E-1,-4.572925270E-1,9.715670586E0,9.773460171E0
1.222872300E1,9.600749016E-1,-4.548983276E-1,9.703699112E0,9.761682886E0
1.223072675E1,9.624691010E-1,-4.525041282E-1,9.708487511E0,9.766567283E0
1.223272991E1,9.600749016E-1,-4.501099288E-1,9.713275909E0,9.770981100E0
1.223473300E1,9.576807022E-1,-4.572925270E-1,9.710882187E0,9.768700099E0
1.223673608E1,9.600749016E-1,-4.572925270E-1,9.718064308E0,9.776074579E0
1.223873936E1,9.624691010E-1,-4.525041282E-1,9.718064308E0,9.776087185E0
1.224074214E1,9.696516991E-1,-4.501099288E-1,9.720458984E0,9.779066736E0
1.224274522E1,9.720458984E-1,-4.620809257E-1,9.710882187E0,9.770344152E0
1.224474819E1,9.648633003E-1,-4.525041282E-1,9.722852707E0,9.781083066E0
1.224675085E1,9.624691010E-1,-4.525041282E-1,9.720458984E0,9.778467652E0
1.224875311E1,9.744400978E-1,-4.501099288E-1,9.720458984E0,9.779542695E0
1.225075491E1,9.720458984E-1,-4.620809257E-1,9.713275909E0,9.772723310E0
1.225275761E1,9.672574997E-1,-4.548983276E-1,9.715670586E0,9.774291508E0
1.225476077E1,9.720458984E-1,-4.572925270E-1,9.715670586E0,9.774878240E0
1.225676397E1,9.672574997E-1,-4.572925270E-1,9.718064308E0,9.776782570E0
1.225876706E1,9.600749016E-1,-4.548983276E-1,9.720458984E0,9.778343376E0
1.226077007E1,9.576807022E-1,-4.596867263E-1,9.713275909E0,9.771192000E0
1.226277272E1,9.600749016E-1,-4.668693244E-1,9.715670586E0,9.774147825E0
1.226477534E1,9.576807022E-1,-4.572925270E-1,9.720458984E0,9.778220270E0
1.226677780E1,9.672574997E-1,-4.548983276E-1,9.722852707E0,9.781430587E0
1.226878038E1,9.672574997E-1,-4.572925270E-1,9.725247383E0,9.783922536E0
1.227078311E1,9.648633003E-1,-4.572925270E-1,9.722852707E0,9.781305762E0
1.227278428E1,9.672574997E-1,-4.572925270E-1,9.727641106E0,9.786301907E0
1.227478651E1,9.648633003E-1,-4.644751251E-1,9.715670586E0,9.774505269E0
1.227678823E1,9.720458984E-1,-4.572925270E-1,9.720458984E0,9.779637649E0
1.227879057E1,9.720458984E-1,-4.596867263E-1,9.730035782E0,9.789268687E0
1.228079323E1,9.648633003E-1,-4.548983276E-1,9.739612579E0,9.797854197E0
1.228279593E1,9.672574997E-1,-4.525041282E-1,9.732429504E0,9.790839143E0
1.228479843E1,9.648633003E-1,-4.477157295E-1,9.715670586E0,9.773723215E0
1.228680093E1,9.552865028E-1,-4.453215301E-1,9.713275909E0,9.770292343E0
1.228880421E1,9.648633003E-1,-4.596867263E-1,9.706093788E0,9.764759582E0
1.229080768E1,9.672574997E-1,-4.525041282E-1,9.713275909E0,9.771800036E0
1.229281054E1,9.648633003E-1,-4.525041282E-1,9.720458984E0,9.778703597E0
1.229481366E1,9.624691010E-1,-4.477157295E-1,9.715670586E0,9.773487150E0
1.229681667E1,9.672574997E-1,-4.477157295E-1,9.710882187E0,9.769200033E0
1.229881987E1,9.576807022E-1,-4.525041282E-1,9.713275909E0,9.770856728E0
1.230082300E1,9.624691010E-1,-4.525041282E-1,9.706093788E0,9.764187799E0
1.230282557E1,9.624691010E-1,-4.525041282E-1,9.710882187E0,9.768947722E0
1.230482815E1,9.624691010E-1,-4.572925270E-1,9.720458984E0,9.778690408E0
1.230683124E1,9.624691010E-1,-4.572925270E-1,9.737217903E0,9.795349699E0
1.230883472E1,9.696516991E-1,-4.501099288E-1,9.727641106E0,9.786205845E0
1.231083815E1,9.672574997E-1,-4.453215301E-1,9.718064308E0,9.776229960E0
1.231284069E1,9.720458984E-1,-4.453215301E-1,9.725247383E0,9.783844907E0
1.231484390E1,9.648633003E-1,-4.548983276E-1,9.730035782E0,9.788334383E0
1.231684761E1,9.696516991E-1,-4.644751251E-1,9.720458984E0,9.779738464E0
1.231885100E1,9.648633003E-1,-4.596867263E-1,9.708487511E0,9.767138927E0
1.232085343E1,9.576807022E-1,-4.501099288E-1,9.706093788E0,9.763606296E0
1.232285655E1,9.672574997E-1,-4.620809257E-1,9.715670586E0,9.774628422E0
1.232486030E1,9.696516991E-1,-4.596867263E-1,9.713275909E0,9.772372547E0
1.232686499E1,9.648633003E-1,-4.572925270E-1,9.722852707E0,9.781305762E0
1.232886940E1,9.648633003E-1,-4.620809257E-1,9.725247383E0,9.783911111E0
1.233087261E1,9.624691010E-1,-4.668693244E-1,9.727641106E0,9.786281991E0
1.233287702E1,9.576807022E-1,-4.596867263E-1,9.706093788E0,9.764052480E0
1.233488128E1,9.648633003E-1,-4.596867263E-1,9.713275909E0,9.771898586E0
1.233688522E1,9.672574997E-1,-4.692635238E-1,9.718064308E0,9.777349806E0
1.233888901E1,9.648633003E-1,-4.644751251E-1,9.725247383E0,9.784024478E0
1.234089331E1,9.600749016E-1,-4.596867263E-1,9.722852707E0,9.780946808E0
1.234289698E1,9.624691010E-1,-4.596867263E-1,9.722852707E0,9.781182107E0
1.234490120E1,9.600749016E-1,-4.572925270E-1,9.713275909E0,9.771314608E0
1.234690460E1,9.648633003E-1,-4.644751251E-1,9.718064308E0,9.776884587E0
1.234890780E1,9.624691010E-1,-4.596867263E-1,9.727641106E0,9.785941965E0
1.235091054E1,9.648633003E-1,-4.668693244E-1,9.718064308E0,9.776998622E0
1.235291331E1,9.648633003E-1,-4.644751251E-1,9.730035782E0,9.788784125E0
1.235491655E1,9.624691010E-1,-4.620809257E-1,9.720458984E0,9.778915503E0
1.235691983E1,9.648633003E-1,-4.501099288E-1,9.725247383E0,9.783353045E0
1.235892296E1,9.672574997E-1,-4.525041282E-1,9.718064308E0,9.776559771E0
1.236092589E1,9.624691010E-1,-4.453215301E-1,9.706093788E0,9.763857571E0
1.236292890E1,9.720458984E-1,-4.548983276E-1,9.718064308E0,9.777145781E0
1.236493143E1,9.696516991E-1,-4.548983276E-1,9.718064308E0,9.776908039E0
1.236693554E1,9.720458984E-1,-4.548983276E-1,9.725247383E0,9.784285481E0
1.236893960E1,9.696516991E-1,-4.429273009E-1,9.708487511E0,9.766838729E0
1.237094241E1,9.744400978E-1,-4.477157295E-1,9.715670586E0,9.774673284E0
1.237294397E1,9.648633003E-1,-4.525041282E-1,9.722852707E0,9.781083066E0
1.237494640E1,9.624691010E-1,-4.548983276E-1,9.730035782E0,9.788098670E0
1.237694835E1,9.600749016E-1,-4.596867263E-1,9.727641106E0,9.785706780E0
1.237895147E1,9.576807022E-1,-4.453215301E-1,9.720458984E0,9.777667741E0
1.238095460E1,9.552865028E-1,-4.525041282E-1,9.710882187E0,9.768242684E0
1.238295706E1,9.648633003E-1,-4.477157295E-1,9.720458984E0,9.778483187E0
1.238495901E1,9.600749016E-1,-4.477157295E-1,9.715670586E0,9.773251666E0
1.238696124E1,9.624691010E-1,-4.620809257E-1,9.722852707E0,9.781294920E0
1.238896421E1,9.696516991E-1,-4.596867263E-1,9.722852707E0,9.781891487E0
1.239096745E1,9.624691010E-1,-4.596867263E-1,9.720458984E0,9.778802663E0
1.239297112E1,9.648633003E-1,-4.620809257E-1,9.734824181E0,9.793430543E0
1.239497378E1,9.648633003E-1,-4.525041282E-1,9.722852707E0,9.781083066E0
1.239697616E1,9.576807022E-1,-4.596867263E-1,9.720458984E0,9.778332531E0
1.239897839E1,9.720458984E-1,-4.596867263E-1,9.715670586E0,9.774990539E0
1.240098112E1,9.696516991E-1,-4.620809257E-1,9.718064308E0,9.777244862E0
1.240298417E1,9.648633003E-1,-4.572925270E-1,9.708487511E0,9.767026538E0
1.240498733E1,9.720458984E-1,-4.596867263E-1,9.713275909E0,9.772610399E0
1.240699061E1,9.720458984E-1,-4.620809257E-1,9.715670586E0,9.775103423E0
1.240899382E1,9.768342972E-1,-4.572925270E-1,9.718064308E0,9.777734686E0
1.241099628E1,9.792284966E-1,-4.620809257E-1,9.715670586E0,9.775820281E0
1.241299925E1,9.768342972E-1,-4.620809257E-1,9.710882187E0,9.770821709E0
1.241500057E1,9.768342972E-1,-4.572925270E-1,9.722852707E0,9.782493877E0
1.241700292E1,9.672574997E-1,-4.477157295E-1,9.725247383E0,9.783479601E0
1.241900487E1,9.576807022E-1,-4.548983276E-1,9.725247383E0,9.782868776E0
1.242100815E1,9.624691010E-1,-4.572925270E-1,9.732429504E0,9.790589731E0
1.242300979E1,9.648633003E-1,-4.572925270E-1,9.730035782E0,9.788445942E0
1.242501186E1,9.672574997E-1,-4.501099288E-1,9.737217903E0,9.795488682E0
1.242701370E1,9.720458984E-1,-4.525041282E-1,9.727641106E0,9.786553770E0
1.242901581E1,9.720458984E-1,-4.548983276E-1,9.713275909E0,9.772386331E0
1.243101804E1,9.744400978E-1,-4.501099288E-1,9.727641106E0,9.786681457E0
1.243302140E1,9.696516991E-1,-4.453215301E-1,9.725247383E0,9.783607328E0
1.243502503E1,9.648633003E-1,-4.453215301E-1,9.734824181E0,9.792654098E0
1.243702858E1,9.624691010E-1,-4.453215301E-1,9.727641106E0,9.785277692E0
1.243903159E1,9.624691010E-1,-4.525041282E-1,9.718064308E0,9.776087185E0
1.244103460E1,9.672574997E-1,-4.572925270E-1,9.715670586E0,9.774403228E0
1.244303749E1,9.648633003E-1,-4.453215301E-1,9.715670586E0,9.773613834E0
1.244504014E1,9.648633003E-1,-4.501099288E-1,9.722852707E0,9.780972595E0
1.244704276E1,9.672574997E-1,-4.572925270E-1,9.722852707E0,9.781542224E0
1.244904538E1,9.672574997E-1,-4.572925270E-1,9.720458984E0,9.779162868E0
1.245104827E1,9.576807022E-1,-4.620809257E-1,9.720458984E0,9.778445376E0
1.245305136E1,9.576807022E-1,-4.525041282E-1,9.720458984E0,9.777997504E0
1.245505370E1,9.624691010E-1,-4.525041282E-1,9.715670586E0,9.773707673E0
1.245705632E1,9.648633003E-1,-4.596867263E-1,9.713275909E0,9.771898586E0
1.245905870E1,9.672574997E-1,-4.620809257E-1,9.713275909E0,9.772248193E0
1.246106136E1,9.600749016E-1,-4.572925270E-1,9.706093788E0,9.764175177E0
1.246306429E1,9.576807022E-1,-4.525041282E-1,9.718064308E0,9.775616922E0
1.246506714E1,9.648633003E-1,-4.548983276E-1,9.725247383E0,9.783574518E0
1.246706983E1,9.648633003E-1,-4.525041282E-1,9.722852707E0,9.781083066E0
1.246907319E1,9.672574997E-1,-4.453215301E-1,9.725247383E0,9.783370329E0
1.247107632E1,9.576807022E-1,-4.525041282E-1,9.722852707E0,9.780377144E0
1.247307925E1,9.576807022E-1,-4.572925270E-1,9.727641106E0,9.785359997E0
1.247508143E1,9.576807022E-1,-4.668693244E-1,9.715670586E0,9.773912943E0
1.247708300E1,9.600749016E-1,-4.620809257E-1,9.722852707E0,9.781059624E0
1.247908542E1,9.720458984E-1,-4.572925270E-1,9.713275909E0,9.772498072E0
1.248108772E1,9.720458984E-1,-4.548983276E-1,9.722852707E0,9.781905258E0
1.248309081E1,9.768342972E-1,-4.572925270E-1,9.722852707E0,9.782493877E0
1.248509335E1,9.768342972E-1,-4.620809257E-1,9.713275909E0,9.773200751E0
1.248709612E1,9.672574997E-1,-4.692635238E-1,9.718064308E0,9.777349806E0
1.248909847E1,9.600749016E-1,-4.692635238E-1,9.718064308E0,9.776641855E0
1.249110132E1,9.600749016E-1,-4.596867263E-1,9.722852707E0,9.780946808E0
1.249310522E1,9.672574997E-1,-4.453215301E-1,9.713275909E0,9.771470065E0
1.249510901E1,9.720458984E-1,-4.525041282E-1,9.713275909E0,9.772275176E0
1.249711272E1,9.600749016E-1,-4.548983276E-1,9.706093788E0,9.764063341E0
1.249911757E1,9.576807022E-1,-4.572925270E-1,9.710882187E0,9.768700099E0
1.250112194E1,9.624691010E-1,-4.477157295E-1,9.710882187E0,9.768727092E0
1.250312565E1,9.648633003E-1,-4.501099288E-1,9.706093788E0,9.764313430E0
1.250512987E1,9.600749016E-1,-4.525041282E-1,9.710882187E0,9.768712129E0
1.250713421E1,9.552865028E-1,-4.525041282E-1,9.708487511E0,9.765862073E0
1.250913800E1,9.576807022E-1,-4.620809257E-1,9.718064308E0,9.776064904E0
1.251114261E1,9.504981041E-1,-4.668693244E-1,9.720458984E0,9.777972002E0
1.251314741E1,9.481038451E-1,-4.668693244E-1,9.713275909E0,9.770598588E0
1.251515218E1,9.624691010E-1,-4.572925270E-1,9.720458984E0,9.778690408E0
1.251715757E1,9.672574997E-1,-4.525041282E-1,9.727641106E0,9.786079324E0
1.251916265E1,9.672574997E-1,-4.525041282E-1,9.730035782E0,9.788459704E0
1.252116800E1,9.672574997E-1,-4.525041282E-1,9.725247383E0,9.783699899E0
1.252317374E1,9.600749016E-1,-4.572925270E-1,9.718064308E0,9.776074579E0
1.252517921E1,9.624691010E-1,-4.572925270E-1,9.715670586E0,9.773930538E0
1.252718366E1,9.672574997E-1,-4.525041282E-1,9.725247383E0,9.783699899E0
1.252918843E1,9.720458984E-1,-4.501099288E-1,9.715670586E0,9.774544854E0
1.253119335E1,9.624691010E-1,-4.572925270E-1,9.720458984E0,9.778690408E0
1.253319839E1,9.576807022E-1,-4.644751251E-1,9.713275909E0,9.771418442E0
1.253520390E1,9.624691010E-1,-4.620809257E-1,9.703699112E0,9.762255990E0
1.253720901E1,9.672574997E-1,-4.572925270E-1,9.703699112E0,9.762503776E0
1.253921382E1,9.720458984E-1,-4.596867263E-1,9.720458984E0,9.779749894E0
1.254121796E1,9.672574997E-1,-4.644751251E-1,9.722852707E0,9.781880646E0
1.254322167E1,9.552865028E-1,-4.620809257E-1,9.725247383E0,9.782971315E0
1.254522612E1,9.528923035E-1,-4.596867263E-1,9.730035782E0,9.787385348E0
1.254723077E1,9.528923035E-1,-4.620809257E-1,9.715670586E0,9.773217354E0
1.254923514E1,9.600749016E-1,-4.668693244E-1,9.703699112E0,9.762248063E0
1.255124089E1,9.648633003E-1,-4.644751251E-1,9.710882187E0,9.769745707E0
1.255324612E1,9.648633003E-1,-4.644751251E-1,9.715670586E0,9.774505269E0
1.255525061E1,9.744400978E-1,-4.716577232E-1,9.718064308E0,9.778178174E0
1.255725522E1,9.744400978E-1,-4.788403511E-1,9.718064308E0,9.778527266E0
1.255925956E1,9.720458984E-1,-4.668693244E-1,9.718064308E0,9.777710064E0
1.256126335E1,9.648633003E-1,-4.453215301E-1,9.715670586E0,9.773613834E0
1.256326686E1,9.648633003E-1,-4.572925270E-1,9.727641106E0,9.786065559E0
1.256526964E1,9.672574997E-1,-4.596867263E-1,9.730035782E0,9.788794373E0
1.256727245E1,9.648633003E-1,-4.572925270E-1,9.739612579E0,9.797965648E0
1.256927604E1,9.696516991E-1,-4.620809257E-1,9.734824181E0,9.793903462E0
1.257127858E1,9.672574997E-1,-4.668693244E-1,9.727641106E0,9.786754085E0
1.257328108E1,9.600749016E-1,-4.620809257E-1,9.725247383E0,9.783440053E0
1.257528397E1,9.457096457E-1,-4.548983276E-1,9.715670586E0,9.772182671E0
1.257728718E1,9.576807022E-1,-4.525041282E-1,9.722852707E0,9.780377144E0
1.257929077E1,9.576807022E-1,-4.548983276E-1,9.725247383E0,9.782868776E0
1.258129456E1,9.624691010E-1,-4.572925270E-1,9.727641106E0,9.785829791E0
1.258329850E1,9.648633003E-1,-4.501099288E-1,9.722852707E0,9.780972595E0
1.258530253E1,9.624691010E-1,-4.525041282E-1,9.720458984E0,9.778467652E0
1.258730550E1,9.624691010E-1,-4.596867263E-1,9.718064308E0,9.776422278E0
1.258930893E1,9.528923035E-1,-4.548983276E-1,9.715670586E0,9.772880392E0
1.259131245E1,9.576807022E-1,-4.525041282E-1,9.715670586E0,9.773237296E0
1.259331596E1,9.624691010E-1,-4.501099288E-1,9.708487511E0,9.766456648E0
1.259531944E1,9.624691010E-1,-4.572925270E-1,9.727641106E0,9.785829791E0
1.259732233E1,9.624691010E-1,-4.620809257E-1,9.727641106E0,9.786054723E0
1.259932589E1,9.600749016E-1,-4.548983276E-1,9.722852707E0,9.780722932E0
1.260132968E1,9.600749016E-1,-4.572925270E-1,9.722852707E0,9.780834577E0
1.260333413E1,9.672574997E-1,-4.548983276E-1,9.718064308E0,9.776670878E0
1.260533792E1,9.576807022E-1,-4.548983276E-1,9.713275909E0,9.770967900E0
1.260734011E1,9.624691010E-1,-4.572925270E-1,9.715670586E0,9.773930538E0
1.260934307E1,9.576807022E-1,-4.644751251E-1,9.710882187E0,9.769038966E0
1.261134546E1,9.528923035E-1,-4.596867263E-1,9.710882187E0,9.768344203E0
1.261334921E1,9.600749016E-1,-4.525041282E-1,9.725247383E0,9.782992409E0
1.261535323E1,9.648633003E-1,-4.548983276E-1,9.708487511E0,9.766914734E0
1.261735659E1,9.624691010E-1,-4.548983276E-1,9.708487511E0,9.766678504E0
1.261936065E1,9.648633003E-1,-4.525041282E-1,9.708487511E0,9.766803516E0
1.262136386E1,9.648633003E-1,-4.620809257E-1,9.722852707E0,9.781530797E0
1.262336804E1,9.624691010E-1,-4.620809257E-1,9.720458984E0,9.778915503E0
1.262537147E1,9.648633003E-1,-4.548983276E-1,9.722852707E0,9.781194121E0
1.262737499E1,9.720458984E-1,-4.429273009E-1,9.720458984E0,9.778976464E0
1.262937722E1,9.648633003E-1,-4.453215301E-1,9.720458984E0,9.778373859E0
1.263138054E1,9.672574997E-1,-4.572925270E-1,9.720458984E0,9.779162868E0
1.263338327E1,9.576807022E-1,-4.620809257E-1,9.722852707E0,9.780824907E0
1.263538600E1,9.576807022E-1,-4.644751251E-1,9.715670586E0,9.773798872E0
1.263738890E1,9.672574997E-1,-4.572925270E-1,9.718064308E0,9.776782570E0
1.263939225E1,9.672574997E-1,-4.596867263E-1,9.708487511E0,9.767375733E0
1.264139585E1,9.672574997E-1,-4.596867263E-1,9.715670586E0,9.774515532E0
1.264339932E1,9.672574997E-1,-4.620809257E-1,9.706093788E0,9.765109445E0
1.264540218E1,9.696516991E-1,-4.596867263E-1,9.703699112E0,9.762853720E0
1.264740600E1,9.744400978E-1,-4.692635238E-1,9.701305389E0,9.761407072E0
1.264940952E1,9.624691010E-1,-4.620809257E-1,9.710882187E0,9.769396010E0
1.265141280E1,9.672574997E-1,-4.548983276E-1,9.715670586E0,9.774291508E0
1.265341507E1,9.768342972E-1,-4.525041282E-1,9.715670586E0,9.775132744E0
1.265541866E1,9.768342972E-1,-4.572925270E-1,9.715670586E0,9.775355576E0
1.265742257E1,9.648633003E-1,-4.620809257E-1,9.722852707E0,9.781530797E0
1.265942596E1,9.648633003E-1,-4.596867263E-1,9.722852707E0,9.781417987E0
1.266143022E1,9.696516991E-1,-4.620809257E-1,9.727641106E0,9.786763749E0
1.266343397E1,9.696516991E-1,-4.501099288E-1,9.715670586E0,9.774307049E0
1.266543870E1,9.624691010E-1,-4.572925270E-1,9.718064308E0,9.776309995E0
1.266744198E1,9.624691010E-1,-4.572925270E-1,9.720458984E0,9.778690408E0
1.266944597E1,9.696516991E-1,-4.572925270E-1,9.715670586E0,9.774640444E0
1.267144987E1,9.624691010E-1,-4.477157295E-1,9.727641106E0,9.785386943E0
1.267345393E1,9.624691010E-1,-4.572925270E-1,9.730035782E0,9.788210232E0
1.267545780E1,9.648633003E-1,-4.548983276E-1,9.720458984E0,9.778814680E0
1.267746128E1,9.648633003E-1,-4.525041282E-1,9.720458984E0,9.778703597E0
1.267946456E1,9.504981041E-1,-4.548983276E-1,9.715670586E0,9.772647239E0
1.268146858E1,9.504981041E-1,-4.477157295E-1,9.708487511E0,9.765174129E0
1.268347229E1,9.576807022E-1,-4.525041282E-1,9.706093788E0,9.763716963E0
1.268547651E1,9.624691010E-1,-4.572925270E-1,9.713275909E0,9.771550139E0
1.268748077E1,9.648633003E-1,-4.668693244E-1,9.713275909E0,9.772239101E0
1.268948518E1,9.672574997E-1,-4.596867263E-1,9.710882187E0,9.769755975E0
1.269148964E1,9.720458984E-1,-4.548983276E-1,9.710882187E0,9.770007091E0
1.269349382E1,9.600749016E-1,-4.596867263E-1,9.718064308E0,9.776186864E0
1.269549862E1,9.624691010E-1,-4.644751251E-1,9.720458984E0,9.779028928E0
1.269750276E1,9.624691010E-1,-4.596867263E-1,9.720458984E0,9.778802663E0
1.269950764E1,9.600749016E-1,-4.620809257E-1,9.713275909E0,9.771539873E0
1.270151265E1,9.672574997E-1,-4.548983276E-1,9.706093788E0,9.764772203E0
1.270351628E1,9.720458984E-1,-4.548983276E-1,9.715670586E0,9.774766526E0
1.270552011E1,9.720458984E-1,-4.548983276E-1,9.706093788E0,9.765247685E0
1.270752370E1,9.600749016E-1,-4.572925270E-1,9.718064308E0,9.776074579E0
1.270952749E1,9.696516991E-1,-4.548983276E-1,9.725247383E0,9.784047913E0
1.271153167E1,9.696516991E-1,-4.596867263E-1,9.739612579E0,9.798550377E0
1.271353530E1,9.696516991E-1,-4.644751251E-1,9.734824181E0,9.794016714E0
1.271553831E1,9.720458984E-1,-4.644751251E-1,9.732429504E0,9.791873898E0
1.271754229E1,9.720458984E-1,-4.572925270E-1,9.720458984E0,9.779637649E0
1.271954573E1,9.624691010E-1,-4.644751251E-1,9.722852707E0,9.781408317E0
1.272155096E1,9.552865028E-1,-4.596867263E-1,9.720458984E0,9.778098335E0
1.272355616E1,9.696516991E-1,-4.572925270E-1,9.710882187E0,9.769880947E0
1.272555940E1,9.696516991E-1,-4.548983276E-1,9.720458984E0,9.779288306E0
1.272756425E1,9.648633003E-1,-4.716577232E-1,9.706093788E0,9.765330451E0
1.272956831E1,9.648633003E-1,-4.596867263E-1,9.715670586E0,9.774278899E0
1.273157249E1,9.648633003E-1,-4.596867263E-1,9.720458984E0,9.779038600E0
1.273357718E1,9.672574997E-1,-4.548983276E-1,9.722852707E0,9.781430587E0
1.273558120E1,9.672574997E-1,-4.548983276E-1,9.720458984E0,9.779051203E0
1.273758600E1,9.624691010E-1,-4.501099288E-1,9.710882187E0,9.768837114E0
1.273959089E1,9.648633003E-1,-4.548983276E-1,9.713275909E0,9.771674502E0
1.274159557E1,9.720458984E-1,-4.501099288E-1,9.708487511E0,9.767405076E0
1.274360038E1,9.696516991E-1,-4.525041282E-1,9.703699112E0,9.762518162E0
1.274560331E1,9.576807022E-1,-4.548983276E-1,9.706093788E0,9.763828216E0
1.274760749E1,9.600749016E-1,-4.548983276E-1,9.713275909E0,9.771202853E0
1.274961237E1,9.624691010E-1,-4.525041282E-1,9.715670586E0,9.773707673E0
1.275161526E1,9.672574997E-1,-4.572925270E-1,9.715670586E0,9.774403228E0
1.275361800E1,9.648633003E-1,-4.548983276E-1,9.708487511E0,9.766914734E0
1.275562190E1,9.648633003E-1,-4.548983276E-1,9.722852707E0,9.781194121E0
1.275762593E1,9.624691010E-1,-4.548983276E-1,9.713275909E0,9.771438387E0
1.275963007E1,9.600749016E-1,-4.525041282E-1,9.720458984E0,9.778232288E0
1.276163386E1,9.504981041E-1,-4.501099288E-1,9.715670586E0,9.772425519E0
1.276363749E1,9.481038451E-1,-4.525041282E-1,9.715670586E0,9.772303506E0
1.276564132E1,9.528923035E-1,-4.596867263E-1,9.722852707E0,9.780244393E0
1.276764542E1,9.624691010E-1,-4.644751251E-1,9.725247383E0,9.783788662E0
1.276964995E1,9.624691010E-1,-4.644751251E-1,9.720458984E0,9.779028928E0
1.277165417E1,9.720458984E-1,-4.644751251E-1,9.718064308E0,9.777596037E0
1.277365749E1,9.744400978E-1,-4.596867263E-1,9.727641106E0,9.787126589E0
1.277566136E1,9.648633003E-1,-4.596867263E-1,9.725247383E0,9.783798329E0
1.277766612E1,9.720458984E-1,-4.596867263E-1,9.725247383E0,9.784509276E0
1.277966948E1,9.720458984E-1,-4.525041282E-1,9.718064308E0,9.777034679E0
1.278167304E1,9.768342972E-1,-4.525041282E-1,9.720458984E0,9.779892029E0
1.278367604E1,9.600749016E-1,-4.548983276E-1,9.710882187E0,9.768823325E0
1.278567932E1,9.600749016E-1,-4.596867263E-1,9.710882187E0,9.769047474E0
1.278768280E1,9.648633003E-1,-4.572925270E-1,9.706093788E0,9.764647166E0
1.278968608E1,9.624691010E-1,-4.572925270E-1,9.710882187E0,9.769170695E0
1.279168960E1,9.696516991E-1,-4.596867263E-1,9.715670586E0,9.774752745E0
1.279369331E1,9.696516991E-1,-4.453215301E-1,9.710882187E0,9.769327947E0
1.279569722E1,9.648633003E-1,-4.501099288E-1,9.710882187E0,9.769073292E0
1.279770077E1,9.648633003E-1,-4.477157295E-1,9.715670586E0,9.773723215E0
1.279970464E1,9.672574997E-1,-4.548983276E-1,9.710882187E0,9.769531842E0
1.280170827E1,9.696516991E-1,-4.548983276E-1,9.715670586E0,9.774528727E0
1.280371335E1,9.720458984E-1,-4.453215301E-1,9.713275909E0,9.771945220E0
1.280571675E1,9.744400978E-1,-4.453215301E-1,9.715670586E0,9.774563913E0
1.280772018E1,9.744400978E-1,-4.548983276E-1,9.713275909E0,9.772624769E0
1.280972362E1,9.744400978E-1,-4.572925270E-1,9.720458984E0,9.779875911E0
1.281172690E1,9.696516991E-1,-4.548983276E-1,9.718064308E0,9.776908039E0
1.281372972E1,9.648633003E-1,-4.548983276E-1,9.720458984E0,9.778814680E0
1.281573304E1,9.600749016E-1,-4.668693244E-1,9.727641106E0,9.786046815E0
1.281773620E1,9.600749016E-1,-4.620809257E-1,9.718064308E0,9.776299734E0
1.281973878E1,9.600749016E-1,-4.596867263E-1,9.708487511E0,9.766667059E0
1.282174261E1,9.648633003E-1,-4.692635238E-1,9.713275909E0,9.772353777E0
1.282374632E1,9.576807022E-1,-4.572925270E-1,9.720458984E0,9.778220270E0
1.282574968E1,9.624691010E-1,-4.501099288E-1,9.713275909E0,9.771216639E0
1.282775237E1,9.576807022E-1,-4.548983276E-1,9.708487511E0,9.766207788E0
1.282975589E1,9.576807022E-1,-4.572925270E-1,9.710882187E0,9.768700099E0
1.283175952E1,9.552865028E-1,-4.525041282E-1,9.710882187E0,9.768242684E0
1.283376307E1,9.576807022E-1,-4.477157295E-1,9.715670586E0,9.773016762E0
1.283576612E1,9.552865028E-1,-4.501099288E-1,9.718064308E0,9.775272127E0
1.283776987E1,9.576807022E-1,-4.548983276E-1,9.715670586E0,9.773348441E0
1.283977354E1,9.576807022E-1,-4.572925270E-1,9.730035782E0,9.787740551E0
1.284177725E1,9.624691010E-1,-4.525041282E-1,9.734824181E0,9.792747755E0
1.284378057E1,9.696516991E-1,-4.548983276E-1,9.722852707E0,9.781667632E0
1.284578440E1,9.648633003E-1,-4.572925270E-1,9.732429504E0,9.790825384E0
1.284778835E1,9.720458984E-1,-4.596867263E-1,9.730035782E0,9.789268687E0
1.284979249E1,9.768342972E-1,-4.620809257E-1,9.725247383E0,9.785098911E0
1.285179655E1,9.768342972E-1,-4.477157295E-1,9.718064308E0,9.777291471E0
1.285380022E1,9.720458984E-1,-4.596867263E-1,9.718064308E0,9.777369739E0
1.285580390E1,9.672574997E-1,-4.668693244E-1,9.710882187E0,9.770096565E0
1.285780780E1,9.648633003E-1,-4.668693244E-1,9.696516991E0,9.755581474E0
1.285981104E1,9.672574997E-1,-4.572925270E-1,9.708487511E0,9.767263346E0
1.286181495E1,9.624691010E-1,-4.572925270E-1,9.715670586E0,9.773930538E0
1.286381948E1,9.624691010E-1,-4.501099288E-1,9.715670586E0,9.773597119E0
1.286582300E1,9.600749016E-1,-4.477157295E-1,9.720458984E0,9.778011866E0
1.286782647E1,9.648633003E-1,-4.477157295E-1,9.713275909E0,9.771342766E0
1.286983003E1,9.672574997E-1,-4.501099288E-1,9.718064308E0,9.776449249E0
1.287183315E1,9.720458984E-1,-4.548983276E-1,9.722852707E0,9.781905258E0
1.287383620E1,9.672574997E-1,-4.596867263E-1,9.720458984E0,9.779275118E0
1.287583968E1,9.696516991E-1,-4.572925270E-1,9.706093788E0,9.765121479E0
1.287784374E1,9.696516991E-1,-4.644751251E-1,9.703699112E0,9.763080355E0
1.287984737E1,9.768342972E-1,-4.668693244E-1,9.713275909E0,9.773428319E0
1.288185171E1,9.744400978E-1,-4.596867263E-1,9.715670586E0,9.775228914E0
1.288385589E1,9.648633003E-1,-4.644751251E-1,9.713275909E0,9.772125011E0
1.288586011E1,9.576807022E-1,-4.692635238E-1,9.715670586E0,9.774027599E0
1.288786405E1,9.528923035E-1,-4.644751251E-1,9.701305389E0,9.759050525E0
1.288986753E1,9.552865028E-1,-4.644751251E-1,9.713275909E0,9.771184081E0
1.289187143E1,9.528923035E-1,-4.525041282E-1,9.725247383E0,9.782290140E0
1.289387491E1,9.624691010E-1,-4.525041282E-1,9.730035782E0,9.787987693E0
1.289587866E1,9.528923035E-1,-4.572925270E-1,9.722852707E0,9.780132154E0
1.289788237E1,9.504981041E-1,-4.644751251E-1,9.727641106E0,9.784997970E0
1.289988679E1,9.481038451E-1,-4.644751251E-1,9.734824181E0,9.791906856E0
1.290188917E1,9.528923035E-1,-4.644751251E-1,9.730035782E0,9.787611414E0
1.290389112E1,9.672574997E-1,-4.548983276E-1,9.720458984E0,9.779051203E0
1.290589272E1,9.672574997E-1,-4.477157295E-1,9.722852707E0,9.781099182E0
1.290789515E1,9.672574997E-1,-4.572925270E-1,9.722852707E0,9.781542224E0
1.290989749E1,9.624691010E-1,-4.596867263E-1,9.725247383E0,9.783562507E0
1.291190100E1,9.600749016E-1,-4.501099288E-1,9.715670586E0,9.773361637E0
1.291390397E1,9.624691010E-1,-4.548983276E-1,9.708487511E0,9.766678504E0
1.291590733E1,9.600749016E-1,-4.596867263E-1,9.720458984E0,9.778567307E0
1.291791136E1,9.720458984E-1,-4.548983276E-1,9.730035782E0,9.789045001E0
1.291991511E1,9.720458984E-1,-4.548983276E-1,9.722852707E0,9.781905258E0
1.292191878E1,9.672574997E-1,-4.525041282E-1,9.722852707E0,9.781319534E0
1.292392186E1,9.672574997E-1,-4.596867263E-1,9.715670586E0,9.774515532E0
1.292592647E1,9.720458984E-1,-4.596867263E-1,9.718064308E0,9.777369739E0
1.292792991E1,9.696516991E-1,-4.548983276E-1,9.725247383E0,9.784047913E0
1.292993249E1,9.696516991E-1,-4.477157295E-1,9.734824181E0,9.793236218E0
1.293193514E1,9.672574997E-1,-4.453215301E-1,9.725247383E0,9.783370329E0
1.293393722E1,9.600749016E-1,-4.501099288E-1,9.718064308E0,9.775741233E0
1.293593964E1,9.552865028E-1,-4.405331016E-1,9.713275909E0,9.770075261E0
1.293794182E1,9.696516991E-1,-4.501099288E-1,9.703699112E0,9.762407481E0
1.293994479E1,9.720458984E-1,-4.525041282E-1,9.708487511E0,9.767515701E0
1.294194843E1,9.720458984E-1,-4.525041282E-1,9.713275909E0,9.772275176E0
1.294395194E1,9.720458984E-1,-4.572925270E-1,9.713275909E0,9.772498072E0
1.294595604E1,9.696516991E-1,-4.572925270E-1,9.720458984E0,9.779399968E0
1.294795979E1,9.744400978E-1,-4.596867263E-1,9.713275909E0,9.772848831E0
1.294996327E1,9.744400978E-1,-4.572925270E-1,9.718064308E0,9.777495787E0
1.295196749E1,9.720458984E-1,-4.596867263E-1,9.722852707E0,9.782129107E0
1.295397089E1,9.672574997E-1,-4.572925270E-1,9.730035782E0,9.788682232E0
1.295597511E1,9.600749016E-1,-4.548983276E-1,9.737217903E0,9.795003257E0
1.295797858E1,9.600749016E-1,-4.596867263E-1,9.732429504E0,9.790466780E0
1.295998253E1,9.576807022E-1,-4.548983276E-1,9.725247383E0,9.782868776E0
1.296198640E1,9.672574997E-1,-4.501099288E-1,9.720458984E0,9.778829628E0
1.296399085E1,9.744400978E-1,-4.501099288E-1,9.718064308E0,9.777162490E0
1.296599362E1,9.768342972E-1,-4.501099288E-1,9.720458984E0,9.779781545E0
1.296799757E1,9.648633003E-1,-4.525041282E-1,9.722852707E0,9.781083066E0
1.297000054E1,9.696516991E-1,-4.548983276E-1,9.715670586E0,9.774528727E0
1.297200393E1,9.696516991E-1,-4.525041282E-1,9.710882187E0,9.769657990E0
1.297400772E1,9.672574997E-1,-4.572925270E-1,9.710882187E0,9.769643615E0
1.297601116E1,9.600749016E-1,-4.596867263E-1,9.718064308E0,9.776186864E0
1.297801464E1,9.576807022E-1,-4.525041282E-1,9.718064308E0,9.775616922E0
1.298001975E1,9.648633003E-1,-4.525041282E-1,9.722852707E0,9.781083066E0
1.298202475E1,9.624691010E-1,-4.644751251E-1,9.727641106E0,9.786168065E0
1.298402987E1,9.528923035E-1,-4.548983276E-1,9.725247383E0,9.782401182E0
1.298603472E1,9.481038451E-1,-4.548983276E-1,9.730035782E0,9.786696568E0
1.298803893E1,9.624691010E-1,-4.501099288E-1,9.722852707E0,9.780736704E0
1.299004350E1,9.576807022E-1,-4.501099288E-1,9.722852707E0,9.780266665E0
1.299204827E1,9.600749016E-1,-4.525041282E-1,9.727641106E0,9.785372005E0
1.299405354E1,9.552865028E-1,-4.453215301E-1,9.722852707E0,9.779813307E0
1.299605858E1,9.624691010E-1,-4.644751251E-1,9.715670586E0,9.774269223E0
1.299806358E1,9.600749016E-1,-4.525041282E-1,9.715670586E0,9.773472194E0
1.300006776E1,9.648633003E-1,-4.620809257E-1,9.696516991E0,9.755353490E0
1.300207300E1,9.672574997E-1,-4.548983276E-1,9.715670586E0,9.774291508E0
1.300407737E1,9.648633003E-1,-4.477157295E-1,9.722852707E0,9.780862709E0
1.300608300E1,9.576807022E-1,-4.548983276E-1,9.732429504E0,9.790008625E0
1.300808706E1,9.600749016E-1,-4.572925270E-1,9.727641106E0,9.785594604E0
1.301009104E1,9.696516991E-1,-4.596867263E-1,9.722852707E0,9.781891487E0
1.301209577E1,9.624691010E-1,-4.572925270E-1,9.720458984E0,9.778690408E0
1.301409999E1,9.624691010E-1,-4.572925270E-1,9.708487511E0,9.766790311E0
1.301610479E1,9.600749016E-1,-4.596867263E-1,9.706093788E0,9.764287600E0
1.301810866E1,9.600749016E-1,-4.525041282E-1,9.715670586E0,9.773472194E0
1.302011311E1,9.648633003E-1,-4.572925270E-1,9.722852707E0,9.781305762E0
1.302211749E1,9.600749016E-1,-4.525041282E-1,9.703699112E0,9.761571608E0
1.302412171E1,9.648633003E-1,-4.501099288E-1,9.706093788E0,9.764313430E0
1.302612464E1,9.624691010E-1,-4.525041282E-1,9.718064308E0,9.776087185E0
1.302812854E1,9.552865028E-1,-4.548983276E-1,9.725247383E0,9.782634689E0
1.303013225E1,9.576807022E-1,-4.620809257E-1,9.720458984E0,9.778445376E0
1.303213565E1,9.624691010E-1,-4.596867263E-1,9.708487511E0,9.766902703E0
1.303413886E1,9.720458984E-1,-4.501099288E-1,9.725247383E0,9.784064025E0
1.303614272E1,9.744400978E-1,-4.477157295E-1,9.720458984E0,9.779432793E0
1.303814600E1,9.696516991E-1,-4.501099288E-1,9.715670586E0,9.774307049E0
1.304014932E1,9.720458984E-1,-4.548983276E-1,9.715670586E0,9.774766526E0
1.304215202E1,9.648633003E-1,-4.620809257E-1,9.713275909E0,9.772011505E0
1.304415554E1,9.648633003E-1,-4.596867263E-1,9.725247383E0,9.783798329E0
1.304615960E1,9.672574997E-1,-4.548983276E-1,9.725247383E0,9.783810925E0
1.304816390E1,9.576807022E-1,-4.596867263E-1,9.722852707E0,9.780712089E0
1.305016714E1,9.528923035E-1,-4.596867263E-1,9.722852707E0,9.780244393E0
1.305217034E1,9.481038451E-1,-4.596867263E-1,9.725247383E0,9.782159754E0
1.305417432E1,9.576807022E-1,-4.525041282E-1,9.737217903E0,9.794657973E0
1.305617858E1,9.576807022E-1,-4.501099288E-1,9.734824181E0,9.792167947E0
1.305818210E1,9.600749016E-1,-4.620809257E-1,9.725247383E0,9.783440053E0
1.306018499E1,9.648633003E-1,-4.548983276E-1,9.725247383E0,9.783574518E0
1.306218811E1,9.600749016E-1,-4.620809257E-1,9.708487511E0,9.766780040E0
1.306419218E1,9.600749016E-1,-4.525041282E-1,9.701305389E0,9.759192080E0
1.306619651E1,9.672574997E-1,-4.501099288E-1,9.708487511E0,9.766929700E0
1.306820011E1,9.720458984E-1,-4.477157295E-1,9.713275909E0,9.772054620E0
1.307020382E1,9.600749016E-1,-4.525041282E-1,9.715670586E0,9.773472194E0
1.307220807E1,9.600749016E-1,-4.548983276E-1,9.722852707E0,9.780722932E0
1.307421253E1,9.624691010E-1,-4.548983276E-1,9.725247383E0,9.783338690E0
1.307621640E1,9.648633003E-1,-4.501099288E-1,9.722852707E0,9.780972595E0
1.307822159E1,9.576807022E-1,-4.453215301E-1,9.732429504E0,9.789568308E0
1.308022702E1,9.648633003E-1,-4.572925270E-1,9.722852707E0,9.781305762E0
1.308223155E1,9.624691010E-1,-4.644751251E-1,9.727641106E0,9.786168065E0
1.308423690E1,9.600749016E-1,-4.525041282E-1,9.720458984E0,9.778232288E0
1.308624159E1,9.600749016E-1,-4.572925270E-1,9.718064308E0,9.776074579E0
1.308824706E1,9.576807022E-1,-4.525041282E-1,9.722852707E0,9.780377144E0
1.309025081E1,9.624691010E-1,-4.572925270E-1,9.715670586E0,9.773930538E0
1.309225472E1,9.576807022E-1,-4.548983276E-1,9.722852707E0,9.780488207E0
1.309425854E1,9.648633003E-1,-4.501099288E-1,9.722852707E0,9.780972595E0
1.309626390E1,9.624691010E-1,-4.525041282E-1,9.708487511E0,9.766567283E0
1.309826749E1,9.648633003E-1,-4.525041282E-1,9.708487511E0,9.766803516E0
1.310027237E1,9.648633003E-1,-4.548983276E-1,9.715670586E0,9.774054870E0
1.310227604E1,9.648633003E-1,-4.572925270E-1,9.725247383E0,9.783686131E0
1.310427968E1,9.624691010E-1,-4.501099288E-1,9.718064308E0,9.775976658E0
1.310628393E1,9.720458984E-1,-4.525041282E-1,9.715670586E0,9.774655398E0
1.310828874E1,9.624691010E-1,-4.525041282E-1,9.713275909E0,9.771327220E0
1.311029100E1,9.576807022E-1,-4.548983276E-1,9.706093788E0,9.763828216E0
1.311229417E1,9.648633003E-1,-4.525041282E-1,9.706093788E0,9.764424089E0
1.311429858E1,9.696516991E-1,-4.548983276E-1,9.708487511E0,9.767388937E0
1.311630194E1,9.816226959E-1,-4.548983276E-1,9.718064308E0,9.778102551E0
1.311830608E1,9.768342972E-1,-4.525041282E-1,9.720458984E0,9.779892029E0
1.312031089E1,9.720458984E-1,-4.572925270E-1,9.708487511E0,9.767738706E0
1.312231479E1,9.720458984E-1,-4.548983276E-1,9.706093788E0,9.765247685E0
1.312431928E1,9.696516991E-1,-4.644751251E-1,9.713275909E0,9.772598961E0
1.312632350E1,9.696516991E-1,-4.596867263E-1,9.727641106E0,9.786650999E0
1.312832831E1,9.648633003E-1,-4.525041282E-1,9.734824181E0,9.792983356E0
1.313033186E1,9.648633003E-1,-4.548983276E-1,9.722852707E0,9.781194121E0
1.313233636E1,9.672574997E-1,-4.596867263E-1,9.722852707E0,9.781654447E0
1.313434011E1,9.672574997E-1,-4.572925270E-1,9.722852707E0,9.781542224E0
1.313634350E1,9.696516991E-1,-4.525041282E-1,9.713275909E0,9.772037316E0
1.313834784E1,9.624691010E-1,-4.548983276E-1,9.713275909E0,9.771438387E0
1.314035284E1,9.600749016E-1,-4.596867263E-1,9.708487511E0,9.766667059E0
1.314235745E1,9.624691010E-1,-4.644751251E-1,9.720458984E0,9.779028928E0
1.314436108E1,9.576807022E-1,-4.668693244E-1,9.713275909E0,9.771532540E0
1.314636522E1,9.624691010E-1,-4.620809257E-1,9.710882187E0,9.769396010E0
1.314836780E1,9.624691010E-1,-4.596867263E-1,9.708487511E0,9.766902703E0
1.315037054E1,9.672574997E-1,-4.548983276E-1,9.706093788E0,9.764772203E0
1.315237444E1,9.504981041E-1,-4.644751251E-1,9.715670586E0,9.773097703E0
1.315437905E1,9.504981041E-1,-4.548983276E-1,9.718064308E0,9.775027009E0
1.315638374E1,9.481038451E-1,-4.501099288E-1,9.725247383E0,9.781714395E0
1.315838776E1,9.576807022E-1,-4.548983276E-1,9.715670586E0,9.773348441E0
1.316039272E1,9.576807022E-1,-4.477157295E-1,9.722852707E0,9.780156771E0
1.316239694E1,9.600749016E-1,-4.501099288E-1,9.720458984E0,9.778121784E0
1.316440159E1,9.624691010E-1,-4.477157295E-1,9.715670586E0,9.773487150E0
1.316640679E1,9.672574997E-1,-4.525041282E-1,9.718064308E0,9.776559771E0
1.316841093E1,9.600749016E-1,-4.644751251E-1,9.725247383E0,9.783553425E0
1.317041565E1,9.600749016E-1,-4.644751251E-1,9.727641106E0,9.785932885E0
1.317241991E1,9.576807022E-1,-4.692635238E-1,9.720458984E0,9.778787422E0
1.317442538E1,9.624691010E-1,-4.620809257E-1,9.720458984E0,9.778915503E0
1.317643018E1,9.672574997E-1,-4.572925270E-1,9.718064308E0,9.776782570E0
1.317843483E1,9.672574997E-1,-4.548983276E-1,9.718064308E0,9.776670878E0
1.318044014E1,9.672574997E-1,-4.548983276E-1,9.727641106E0,9.786190323E0
1.318244675E1,9.624691010E-1,-4.548983276E-1,9.720458984E0,9.778578738E0
1.318445241E1,9.720458984E-1,-4.525041282E-1,9.722852707E0,9.781794210E0
1.318645772E1,9.696516991E-1,-4.501099288E-1,9.730035782E0,9.788586194E0
1.318846311E1,9.672574997E-1,-4.548983276E-1,9.730035782E0,9.788570676E0
1.319046878E1,9.720458984E-1,-4.525041282E-1,9.720458984E0,9.779414915E0
1.319247370E1,9.720458984E-1,-4.572925270E-1,9.710882187E0,9.770118860E0
1.319447890E1,9.672574997E-1,-4.548983276E-1,9.710882187E0,9.769531842E0
1.319648448E1,9.696516991E-1,-4.572925270E-1,9.713275909E0,9.772260218E0
1.319848835E1,9.696516991E-1,-4.572925270E-1,9.713275909E0,9.772260218E0
1.320049190E1,9.744400978E-1,-4.525041282E-1,9.727641106E0,9.786791863E0
1.320249679E1,9.768342972E-1,-4.525041282E-1,9.725247383E0,9.784651342E0
1.320450210E1,9.744400978E-1,-4.525041282E-1,9.720458984E0,9.779653182E0
1.320650772E1,9.648633003E-1,-4.548983276E-1,9.722852707E0,9.781194121E0
1.320851335E1,9.696516991E-1,-4.548983276E-1,9.718064308E0,9.776908039E0
1.321051772E1,9.744400978E-1,-4.596867263E-1,9.718064308E0,9.777608056E0
1.321252311E1,9.720458984E-1,-4.620809257E-1,9.718064308E0,9.777482596E0
1.321452807E1,9.720458984E-1,-4.620809257E-1,9.701305389E0,9.760825696E0
1.321653296E1,9.600749016E-1,-4.548983276E-1,9.708487511E0,9.766442856E0
1.321853843E1,9.528923035E-1,-4.453215301E-1,9.706093788E0,9.762918192E0
1.322054284E1,9.528923035E-1,-4.429273009E-1,9.708487511E0,9.765189096E0
1.322254710E1,9.648633003E-1,-4.525041282E-1,9.715670586E0,9.773943733E0
1.322455143E1,9.624691010E-1,-4.525041282E-1,9.713275909E0,9.771327220E0
1.322655472E1,9.624691010E-1,-4.596867263E-1,9.715670586E0,9.774042848E0
1.322855866E1,9.528923035E-1,-4.525041282E-1,9.710882187E0,9.768008834E0
1.323056335E1,9.576807022E-1,-4.548983276E-1,9.715670586E0,9.773348441E0
1.323256757E1,9.552865028E-1,-4.572925270E-1,9.718064308E0,9.775605488E0
1.323457132E1,9.576807022E-1,-4.620809257E-1,9.713275909E0,9.771304928E0
1.323657479E1,9.576807022E-1,-4.620809257E-1,9.706093788E0,9.764165491E0
1.323857819E1,9.552865028E-1,-4.525041282E-1,9.715670586E0,9.773002978E0
1.324058194E1,9.600749016E-1,-4.548983276E-1,9.720458984E0,9.778343376E0
1.324258686E1,9.576807022E-1,-4.716577232E-1,9.708487511E0,9.767002769E0
1.324459132E1,9.600749016E-1,-4.644751251E-1,9.715670586E0,9.774033757E0
1.324659643E1,9.672574997E-1,-4.572925270E-1,9.730035782E0,9.788682232E0
1.324860042E1,9.624691010E-1,-4.429273009E-1,9.732429504E0,9.789929286E0
1.325060507E1,9.624691010E-1,-4.501099288E-1,9.730035782E0,9.787877300E0
1.325260960E1,9.600749016E-1,-4.501099288E-1,9.727641106E0,9.785261583E0
1.325461456E1,9.576807022E-1,-4.501099288E-1,9.713275909E0,9.770746142E0
1.325661882E1,9.648633003E-1,-4.501099288E-1,9.720458984E0,9.778593099E0
1.325862386E1,9.696516991E-1,-4.548983276E-1,9.722852707E0,9.781667632E0
1.326062823E1,9.648633003E-1,-4.525041282E-1,9.720458984E0,9.778703597E0
1.326263417E1,9.648633003E-1,-4.525041282E-1,9.727641106E0,9.785842971E0
1.326463913E1,9.576807022E-1,-4.572925270E-1,9.727641106E0,9.785359997E0
1.326664339E1,9.696516991E-1,-4.620809257E-1,9.718064308E0,9.777244862E0
1.326864823E1,9.696516991E-1,-4.644751251E-1,9.713275909E0,9.772598961E0
1.327065292E1,9.648633003E-1,-4.572925270E-1,9.715670586E0,9.774166592E0
1.327265737E1,9.648633003E-1,-4.644751251E-1,9.715670586E0,9.774505269E0
1.327466210E1,9.744400978E-1,-4.596867263E-1,9.722852707E0,9.782367308E0
1.327666593E1,9.648633003E-1,-4.692635238E-1,9.708487511E0,9.767594340E0
1.327867104E1,9.648633003E-1,-4.644751251E-1,9.701305389E0,9.760226667E0
1.328067636E1,9.648633003E-1,-4.644751251E-1,9.710882187E0,9.769745707E0
1.328268046E1,9.648633003E-1,-4.572925270E-1,9.708487511E0,9.767026538E0
1.328468550E1,9.672574997E-1,-4.548983276E-1,9.715670586E0,9.774291508E0
1.328669132E1,9.672574997E-1,-4.644751251E-1,9.722852707E0,9.781880646E0
1.328869503E1,9.648633003E-1,-4.548983276E-1,9.718064308E0,9.776434298E0
1.329069839E1,9.648633003E-1,-4.572925270E-1,9.708487511E0,9.767026538E0
1.329270198E1,9.696516991E-1,-4.596867263E-1,9.701305389E0,9.760474505E0
1.329470600E1,9.624691010E-1,-4.548983276E-1,9.706093788E0,9.764299047E0
1.329670940E1,9.576807022E-1,-4.572925270E-1,9.708487511E0,9.766319600E0
1.329871428E1,9.624691010E-1,-4.548983276E-1,9.715670586E0,9.773818813E0
1.330071800E1,9.648633003E-1,-4.548983276E-1,9.708487511E0,9.766914734E0
1.330272210E1,9.696516991E-1,-4.596867263E-1,9.715670586E0,9.774752745E0
1.330472698E1,9.648633003E-1,-4.620809257E-1,9.727641106E0,9.786290485E0
1.330673026E1,9.600749016E-1,-4.596867263E-1,9.722852707E0,9.780946808E0
1.330873311E1,9.624691010E-1,-4.525041282E-1,9.730035782E0,9.787987693E0
1.331073647E1,9.648633003E-1,-4.572925270E-1,9.730035782E0,9.788445942E0
1.331273972E1,9.696516991E-1,-4.596867263E-1,9.722852707E0,9.781891487E0
1.331474413E1,9.648633003E-1,-4.501099288E-1,9.720458984E0,9.778593099E0
1.331674862E1,9.624691010E-1,-4.501099288E-1,9.718064308E0,9.775976658E0
1.331875421E1,9.648633003E-1,-4.525041282E-1,9.715670586E0,9.773943733E0
1.332075983E1,9.648633003E-1,-4.620809257E-1,9.715670586E0,9.774391792E0
1.332276491E1,9.672574997E-1,-4.620809257E-1,9.725247383E0,9.784147511E0
1.332476901E1,9.696516991E-1,-4.596867263E-1,9.722852707E0,9.781891487E0
1.332677432E1,9.696516991E-1,-4.572925270E-1,9.722852707E0,9.781779267E0
1.332877831E1,9.672574997E-1,-4.620809257E-1,9.725247383E0,9.784147511E0
1.333078268E1,9.648633003E-1,-4.620809257E-1,9.713275909E0,9.772011505E0
1.333278698E1,9.720458984E-1,-4.644751251E-1,9.715670586E0,9.775216893E0
1.333479050E1,9.672574997E-1,-4.620809257E-1,9.732429504E0,9.791286428E0
1.333679432E1,9.648633003E-1,-4.596867263E-1,9.734824181E0,9.793317870E0
1.333879854E1,9.648633003E-1,-4.548983276E-1,9.737217903E0,9.795473759E0
1.334080296E1,9.648633003E-1,-4.548983276E-1,9.730035782E0,9.788334383E0
1.334280811E1,9.624691010E-1,-4.477157295E-1,9.732429504E0,9.790147098E0
1.334481253E1,9.624691010E-1,-4.525041282E-1,9.718064308E0,9.776087185E0
1.334681686E1,9.552865028E-1,-4.620809257E-1,9.718064308E0,9.775830654E0
1.334882155E1,9.600749016E-1,-4.501099288E-1,9.720458984E0,9.778121784E0
1.335082612E1,9.600749016E-1,-4.548983276E-1,9.725247383E0,9.783103443E0
1.335282972E1,9.552865028E-1,-4.572925270E-1,9.739612579E0,9.797027200E0
1.335483358E1,9.624691010E-1,-4.572925270E-1,9.730035782E0,9.788210232E0
1.335683804E1,9.624691010E-1,-4.548983276E-1,9.732429504E0,9.790478197E0
1.335884280E1,9.768342972E-1,-4.572925270E-1,9.730035782E0,9.789633191E0
1.336084745E1,9.720458984E-1,-4.572925270E-1,9.727641106E0,9.786776342E0
1.336285143E1,9.696516991E-1,-4.596867263E-1,9.727641106E0,9.786650999E0
1.336485620E1,9.696516991E-1,-4.572925270E-1,9.722852707E0,9.781779267E0
1.336686050E1,9.648633003E-1,-4.572925270E-1,9.713275909E0,9.771786251E0
1.336886401E1,9.648633003E-1,-4.572925270E-1,9.720458984E0,9.778926348E0
1.337086663E1,9.624691010E-1,-4.596867263E-1,9.710882187E0,9.769283060E0
1.337286893E1,9.720458984E-1,-4.501099288E-1,9.713275909E0,9.772164605E0
1.337487147E1,9.648633003E-1,-4.620809257E-1,9.722852707E0,9.781530797E0
1.337687401E1,9.648633003E-1,-4.596867263E-1,9.715670586E0,9.774278899E0
1.337887628E1,9.672574997E-1,-4.525041282E-1,9.718064308E0,9.776559771E0
1.338087921E1,9.624691010E-1,-4.525041282E-1,9.720458984E0,9.778467652E0
1.338288233E1,9.648633003E-1,-4.501099288E-1,9.720458984E0,9.778593099E0
1.338488667E1,9.792284966E-1,-4.477157295E-1,9.725247383E0,9.784670382E0
1.338689003E1,9.672574997E-1,-4.572925270E-1,9.708487511E0,9.767263346E0
1.338889515E1,9.600749016E-1,-4.525041282E-1,9.727641106E0,9.785372005E0
1.339089964E1,9.672574997E-1,-4.453215301E-1,9.734824181E0,9.792890286E0
1.339290339E1,9.648633003E-1,-4.548983276E-1,9.720458984E0,9.778814680E0
1.339490679E1,9.648633003E-1,-4.525041282E-1,9.718064308E0,9.776323188E0
1.339691202E1,9.672574997E-1,-4.596867263E-1,9.725247383E0,9.784034731E0
1.339891694E1,9.648633003E-1,-4.596867263E-1,9.722852707E0,9.781417987E0
1.340092089E1,9.624691010E-1,-4.525041282E-1,9.727641106E0,9.785607198E0
1.340292468E1,9.648633003E-1,-4.525041282E-1,9.727641106E0,9.785842971E0
1.340492827E1,9.672574997E-1,-4.525041282E-1,9.727641106E0,9.786079324E0
1.340693104E1,9.672574997E-1,-4.501099288E-1,9.713275909E0,9.771689460E0
1.340893390E1,9.696516991E-1,-4.477157295E-1,9.708487511E0,9.767057056E0
1.341093690E1,9.648633003E-1,-4.477157295E-1,9.710882187E0,9.768963272E0
1.341293991E1,9.600749016E-1,-4.596867263E-1,9.718064308E0,9.776186864E0
1.341494382E1,9.576807022E-1,-4.620809257E-1,9.718064308E0,9.776064904E0
1.341694741E1,9.600749016E-1,-4.620809257E-1,9.710882187E0,9.769160427E0
1.341895077E1,9.648633003E-1,-4.572925270E-1,9.713275909E0,9.771786251E0
1.342095495E1,9.624691010E-1,-4.620809257E-1,9.713275909E0,9.771775399E0
1.342295921E1,9.648633003E-1,-4.572925270E-1,9.708487511E0,9.767026538E0
1.342496323E1,9.720458984E-1,-4.572925270E-1,9.713275909E0,9.772498072E0
1.342696780E1,9.672574997E-1,-4.548983276E-1,9.701305389E0,9.760012593E0
1.342897276E1,9.552865028E-1,-4.668693244E-1,9.708487511E0,9.766538231E0
1.343097870E1,9.552865028E-1,-4.644751251E-1,9.710882187E0,9.768804548E0
1.343298386E1,9.576807022E-1,-4.692635238E-1,9.722852707E0,9.781166870E0
1.343498737E1,9.672574997E-1,-4.644751251E-1,9.713275909E0,9.772361695E0
1.343699331E1,9.720458984E-1,-4.596867263E-1,9.708487511E0,9.767851087E0
1.343899972E1,9.696516991E-1,-4.525041282E-1,9.730035782E0,9.788696579E0
1.344100456E1,9.744400978E-1,-4.548983276E-1,9.734824181E0,9.794042466E0
1.344300901E1,9.672574997E-1,-4.525041282E-1,9.737217903E0,9.795598989E0
1.344501382E1,9.768342972E-1,-4.525041282E-1,9.727641106E0,9.787030536E0
1.344701925E1,9.720458984E-1,-4.548983276E-1,9.730035782E0,9.789045001E0
1.344902511E1,9.648633003E-1,-4.525041282E-1,9.725247383E0,9.783463489E0
1.345102952E1,9.744400978E-1,-4.572925270E-1,9.710882187E0,9.770357353E0
1.345303487E1,9.720458984E-1,-4.525041282E-1,9.720458984E0,9.779414915E0
1.345504003E1,9.720458984E-1,-4.477157295E-1,9.715670586E0,9.774434896E0
1.345704452E1,9.744400978E-1,-4.572925270E-1,9.718064308E0,9.777495787E0
1.345904897E1,9.720458984E-1,-4.620809257E-1,9.730035782E0,9.789381407E0
1.346105249E1,9.672574997E-1,-4.596867263E-1,9.722852707E0,9.781654447E0
1.346305640E1,9.720458984E-1,-4.572925270E-1,9.725247383E0,9.784397087E0
1.346506073E1,9.720458984E-1,-4.548983276E-1,9.732429504E0,9.791424298E0
1.346706503E1,9.624691010E-1,-4.572925270E-1,9.720458984E0,9.778690408E0
1.346906835E1,9.672574997E-1,-4.477157295E-1,9.722852707E0,9.781099182E0
1.347107081E1,9.648633003E-1,-4.620809257E-1,9.720458984E0,9.779151437E0
1.347307390E1,9.648633003E-1,-4.620809257E-1,9.718064308E0,9.776771137E0
1.347507714E1,9.624691010E-1,-4.596867263E-1,9.720458984E0,9.778802663E0
1.347708140E1,9.576807022E-1,-4.644751251E-1,9.725247383E0,9.783318769E0
1.347908581E1,9.624691010E-1,-4.596867263E-1,9.732429504E0,9.790701850E0
1.348108983E1,9.648633003E-1,-4.572925270E-1,9.734824181E0,9.793205781E0
1.348309413E1,9.624691010E-1,-4.572925270E-1,9.718064308E0,9.776309995E0
1.348509886E1,9.600749016E-1,-4.525041282E-1,9.713275909E0,9.771091684E0
1.348710475E1,9.624691010E-1,-4.572925270E-1,9.713275909E0,9.771550139E0
1.348910897E1,9.672574997E-1,-4.572925270E-1,9.722852707E0,9.781542224E0
1.349111393E1,9.696516991E-1,-4.548983276E-1,9.713275909E0,9.772148474E0
1.349311850E1,9.696516991E-1,-4.548983276E-1,9.722852707E0,9.781667632E0
1.349512335E1,9.672574997E-1,-4.572925270E-1,9.718064308E0,9.776782570E0
1.349712936E1,9.672574997E-1,-4.572925270E-1,9.722852707E0,9.781542224E0
1.349913413E1,9.624691010E-1,-4.548983276E-1,9.727641106E0,9.785718203E0
1.350113882E1,9.624691010E-1,-4.596867263E-1,9.720458984E0,9.778802663E0
1.350314323E1,9.576807022E-1,-4.572925270E-1,9.715670586E0,9.773460171E0
1.350514768E1,9.576807022E-1,-4.525041282E-1,9.722852707E0,9.780377144E0
1.350715206E1,9.624691010E-1,-4.429273009E-1,9.718064308E0,9.775648585E0
1.350915678E1,9.672574997E-1,-4.429273009E-1,9.720458984E0,9.778501651E0
1.351116182E1,9.600749016E-1,-4.453215301E-1,9.706093788E0,9.763621854E0
1.351316643E1,9.576807022E-1,-4.501099288E-1,9.703699112E0,9.761225729E0
1.351517186E1,9.552865028E-1,-4.477157295E-1,9.727641106E0,9.784683089E0
1.351717565E1,9.672574997E-1,-4.477157295E-1,9.730035782E0,9.788239513E0
1.351918018E1,9.672574997E-1,-4.596867263E-1,9.725247383E0,9.784034731E0
1.352118432E1,9.696516991E-1,-4.572925270E-1,9.725247383E0,9.784159521E0
1.352318811E1,9.744400978E-1,-4.620809257E-1,9.725247383E0,9.784860191E0
1.352519276E1,9.696516991E-1,-4.620809257E-1,9.739612579E0,9.798662990E0
1.352719792E1,9.792284966E-1,-4.572925270E-1,9.730035782E0,9.789872380E0
1.352920311E1,9.816226959E-1,-4.501099288E-1,9.722852707E0,9.782640074E0
1.353120780E1,9.768342972E-1,-4.596867263E-1,9.706093788E0,9.765949711E0
1.353321194E1,9.672574997E-1,-4.668693244E-1,9.710882187E0,9.770096565E0
1.353521757E1,9.576807022E-1,-4.620809257E-1,9.710882187E0,9.768925425E0
1.353722323E1,9.624691010E-1,-4.477157295E-1,9.713275909E0,9.771106643E0
1.353922761E1,9.624691010E-1,-4.525041282E-1,9.713275909E0,9.771327220E0
1.354123167E1,9.672574997E-1,-4.548983276E-1,9.698910713E0,9.757632325E0
1.354323663E1,9.672574997E-1,-4.477157295E-1,9.715670586E0,9.773959861E0
1.354524124E1,9.720458984E-1,-4.381389022E-1,9.720458984E0,9.778760749E0
1.354724503E1,9.648633003E-1,-4.477157295E-1,9.710882187E0,9.768963272E0
1.354924921E1,9.600749016E-1,-4.525041282E-1,9.708487511E0,9.766331632E0
1.355125331E1,9.624691010E-1,-4.620809257E-1,9.710882187E0,9.769396010E0
1.355325706E1,9.552865028E-1,-4.644751251E-1,9.720458984E0,9.778324617E0
1.355526202E1,9.672574997E-1,-4.501099288E-1,9.706093788E0,9.764550304E0
1.355726663E1,9.624691010E-1,-4.501099288E-1,9.718064308E0,9.775976658E0
1.355927112E1,9.552865028E-1,-4.501099288E-1,9.732429504E0,9.789553376E0
1.356127522E1,9.552865028E-1,-4.548983276E-1,9.725247383E0,9.782634689E0
1.356327964E1,9.648633003E-1,-4.477157295E-1,9.722852707E0,9.780862709E0
1.356528491E1,9.624691010E-1,-4.501099288E-1,9.718064308E0,9.775976658E0
1.356728948E1,9.624691010E-1,-4.525041282E-1,9.725247383E0,9.783227659E0
1.356929425E1,9.600749016E-1,-4.572925270E-1,9.727641106E0,9.785594604E0
1.357129932E1,9.672574997E-1,-4.525041282E-1,9.725247383E0,9.783699899E0
1.357330358E1,9.648633003E-1,-4.477157295E-1,9.730035782E0,9.788003212E0
1.357530807E1,9.576807022E-1,-4.548983276E-1,9.732429504E0,9.790008625E0
1.357731265E1,9.576807022E-1,-4.572925270E-1,9.725247383E0,9.782980397E0
1.357931718E1,9.624691010E-1,-4.477157295E-1,9.720458984E0,9.778247236E0
1.358132206E1,9.600749016E-1,-4.572925270E-1,9.722852707E0,9.780834577E0
1.358332600E1,9.672574997E-1,-4.548983276E-1,9.722852707E0,9.781430587E0
1.358533050E1,9.648633003E-1,-4.548983276E-1,9.715670586E0,9.774054870E0
1.358733432E1,9.600749016E-1,-4.525041282E-1,9.713275909E0,9.771091684E0
1.358933905E1,9.528923035E-1,-4.501099288E-1,9.715670586E0,9.772658677E0
1.359134315E1,9.528923035E-1,-4.644751251E-1,9.710882187E0,9.768570711E0
1.359334643E1,9.600749016E-1,-4.477157295E-1,9.722852707E0,9.780391503E0
1.359535034E1,9.648633003E-1,-4.429273009E-1,9.715670586E0,9.773505037E0
1.359735503E1,9.648633003E-1,-4.501099288E-1,9.720458984E0,9.778593099E0
1.359935917E1,9.552865028E-1,-4.572925270E-1,9.722852707E0,9.780365715E0
1.360136417E1,9.576807022E-1,-4.525041282E-1,9.722852707E0,9.780377144E0
1.360336987E1,9.648633003E-1,-4.572925270E-1,9.713275909E0,9.771786251E0
1.360537417E1,9.648633003E-1,-4.644751251E-1,9.701305389E0,9.760226667E0
1.360737815E1,9.648633003E-1,-4.644751251E-1,9.713275909E0,9.772125011E0
1.360938276E1,9.648633003E-1,-4.644751251E-1,9.715670586E0,9.774505269E0
1.361138659E1,9.624691010E-1,-4.596867263E-1,9.722852707E0,9.781182107E0
1.361339007E1,9.624691010E-1,-4.548983276E-1,9.734824181E0,9.792858678E0
1.361539413E1,9.648633003E-1,-4.548983276E-1,9.734824181E0,9.793094276E0
1.361739835E1,9.672574997E-1,-4.620809257E-1,9.732429504E0,9.791286428E0
1.361940194E1,9.624691010E-1,-4.740519226E-1,9.720458984E0,9.779488477E0
1.362140573E1,9.576807022E-1,-4.596867263E-1,9.715670586E0,9.773572486E0
1.362340909E1,9.648633003E-1,-4.596867263E-1,9.722852707E0,9.781417987E0
1.362541354E1,9.648633003E-1,-4.644751251E-1,9.727641106E0,9.786403824E0
1.362741878E1,9.624691010E-1,-4.596867263E-1,9.718064308E0,9.776422278E0
1.362942354E1,9.624691010E-1,-4.596867263E-1,9.727641106E0,9.785941965E0
1.363142878E1,9.672574997E-1,-4.620809257E-1,9.727641106E0,9.786526827E0
1.363343354E1,9.528923035E-1,-4.620809257E-1,9.713275909E0,9.770836782E0
1.363543960E1,9.576807022E-1,-4.620809257E-1,9.718064308E0,9.776064904E0
1.363744499E1,9.552865028E-1,-4.596867263E-1,9.701305389E0,9.759057867E0
1.363944944E1,9.600749016E-1,-4.644751251E-1,9.718064308E0,9.776413190E0
1.364145417E1,9.600749016E-1,-4.548983276E-1,9.730035782E0,9.787863537E0
1.364345858E1,9.624691010E-1,-4.596867263E-1,9.725247383E0,9.783562507E0
1.364546323E1,9.576807022E-1,-4.501099288E-1,9.722852707E0,9.780266665E0
1.364746796E1,9.576807022E-1,-4.501099288E-1,9.732429504E0,9.789787298E0
1.364947272E1,9.624691010E-1,-4.572925270E-1,9.725247383E0,9.783450306E0
1.365147612E1,9.648633003E-1,-4.644751251E-1,9.732429504E0,9.791163485E0
1.365348011E1,9.744400978E-1,-4.548983276E-1,9.734824181E0,9.794042466E0
1.365548417E1,9.720458984E-1,-4.596867263E-1,9.715670586E0,9.774990539E0
1.365748807E1,9.672574997E-1,-4.525041282E-1,9.710882187E0,9.769420653E0
1.365949171E1,9.696516991E-1,-4.525041282E-1,9.710882187E0,9.769657990E0
1.366149483E1,9.744400978E-1,-4.453215301E-1,9.710882187E0,9.769804380E0
1.366349843E1,9.648633003E-1,-4.501099288E-1,9.710882187E0,9.769073292E0
1.366550268E1,9.672574997E-1,-4.453215301E-1,9.703699112E0,9.761950358E0
1.366750722E1,9.600749016E-1,-4.405331016E-1,9.706093788E0,9.763404624E0
1.366951288E1,9.624691010E-1,-4.477157295E-1,9.708487511E0,9.766346599E0
1.367151698E1,9.672574997E-1,-4.453215301E-1,9.715670586E0,9.773850483E0
1.367352167E1,9.648633003E-1,-4.453215301E-1,9.710882187E0,9.768853838E0
1.367552636E1,9.648633003E-1,-4.501099288E-1,9.710882187E0,9.769073292E0
1.367753128E1,9.696516991E-1,-4.644751251E-1,9.706093788E0,9.765460470E0
1.367953671E1,9.720458984E-1,-4.668693244E-1,9.720458984E0,9.780090136E0
1.368154241E1,9.696516991E-1,-4.692635238E-1,9.727641106E0,9.787105504E0
1.368354831E1,9.720458984E-1,-4.596867263E-1,9.722852707E0,9.782129107E0
1.368555417E1,9.720458984E-1,-4.644751251E-1,9.730035782E0,9.789494710E0
1.368755983E1,9.648633003E-1,-4.572925270E-1,9.734824181E0,9.793205781E0
1.368956546E1,9.672574997E-1,-4.453215301E-1,9.713275909E0,9.771470065E0
1.369157050E1,9.648633003E-1,-4.525041282E-1,9.713275909E0,9.771563338E0
1.369357491E1,9.624691010E-1,-4.501099288E-1,9.718064308E0,9.775976658E0
1.369557995E1,9.648633003E-1,-4.596867263E-1,9.720458984E0,9.779038600E0
1.369758624E1,9.672574997E-1,-4.644751251E-1,9.727641106E0,9.786640164E0
1.369959222E1,9.648633003E-1,-4.572925270E-1,9.722852707E0,9.781305762E0
1.370159749E1,9.696516991E-1,-4.596867263E-1,9.720458984E0,9.779512215E0
1.370360272E1,9.624691010E-1,-4.501099288E-1,9.720458984E0,9.778357152E0
1.370560729E1,9.600749016E-1,-4.501099288E-1,9.718064308E0,9.775741233E0
1.370761347E1,9.624691010E-1,-4.453215301E-1,9.718064308E0,9.775757359E0
1.370962022E1,9.600749016E-1,-4.453215301E-1,9.708487511E0,9.766001476E0
1.371162636E1,9.600749016E-1,-4.477157295E-1,9.708487511E0,9.766110942E0
1.371363163E1,9.576807022E-1,-4.477157295E-1,9.722852707E0,9.780156771E0
1.371563667E1,9.576807022E-1,-4.453215301E-1,9.722852707E0,9.780047462E0
1.371764292E1,9.648633003E-1,-4.596867263E-1,9.708487511E0,9.767138927E0
1.371964909E1,9.672574997E-1,-4.596867263E-1,9.708487511E0,9.767375733E0
1.372165483E1,9.768342972E-1,-4.596867263E-1,9.713275909E0,9.773087845E0
1.372365968E1,9.696516991E-1,-4.572925270E-1,9.720458984E0,9.779399968E0
1.372566479E1,9.720458984E-1,-4.572925270E-1,9.725247383E0,9.784397087E0
1.372766987E1,9.744400978E-1,-4.596867263E-1,9.725247383E0,9.784747419E0
1.372967518E1,9.624691010E-1,-4.572925270E-1,9.715670586E0,9.773930538E0
1.373168026E1,9.600749016E-1,-4.525041282E-1,9.715670586E0,9.773472194E0
1.373368483E1,9.624691010E-1,-4.453215301E-1,9.715670586E0,9.773377766E0
1.373568948E1,9.648633003E-1,-4.381389022E-1,9.727641106E0,9.785189235E0
1.373769374E1,9.576807022E-1,-4.453215301E-1,9.725247383E0,9.782428137E0
1.373969886E1,9.600749016E-1,-4.596867263E-1,9.722852707E0,9.780946808E0
1.374170386E1,9.600749016E-1,-4.644751251E-1,9.720458984E0,9.778793577E0
1.374370827E1,9.552865028E-1,-4.572925270E-1,9.715670586E0,9.773225859E0
1.374571386E1,9.624691010E-1,-4.644751251E-1,9.715670586E0,9.774269223E0
1.374771831E1,9.600749016E-1,-4.668693244E-1,9.725247383E0,9.783667382E0
1.374972358E1,9.600749016E-1,-4.501099288E-1,9.725247383E0,9.782881959E0
1.375172819E1,9.696516991E-1,-4.525041282E-1,9.713275909E0,9.772037316E0
1.375373218E1,9.672574997E-1,-4.477157295E-1,9.720458984E0,9.778719717E0
1.375573753E1,9.648633003E-1,-4.453215301E-1,9.718064308E0,9.775993369E0
1.375774300E1,9.672574997E-1,-4.453215301E-1,9.715670586E0,9.773850483E0
1.375974804E1,9.696516991E-1,-4.525041282E-1,9.730035782E0,9.788696579E0
1.376175245E1,9.600749016E-1,-4.644751251E-1,9.722852707E0,9.781173024E0
1.376375628E1,9.624691010E-1,-4.620809257E-1,9.725247383E0,9.783675292E0
1.376576124E1,9.600749016E-1,-4.620809257E-1,9.720458984E0,9.778680149E0
1.376776534E1,9.552865028E-1,-4.525041282E-1,9.713275909E0,9.770622354E0
1.376976858E1,9.552865028E-1,-4.668693244E-1,9.718064308E0,9.776058161E0
1.377177268E1,9.624691010E-1,-4.668693244E-1,9.706093788E0,9.764864073E0
1.377377624E1,9.648633003E-1,-4.668693244E-1,9.715670586E0,9.774619332E0
1.377577991E1,9.552865028E-1,-4.644751251E-1,9.725247383E0,9.783084693E0
1.377778272E1,9.576807022E-1,-4.644751251E-1,9.722852707E0,9.780938310E0
1.377978612E1,9.576807022E-1,-4.644751251E-1,9.708487511E0,9.766658549E0
1.378179003E1,9.576807022E-1,-4.572925270E-1,9.715670586E0,9.773460171E0
1.378379343E1,9.720458984E-1,-4.548983276E-1,9.715670586E0,9.774766526E0
1.378579753E1,9.648633003E-1,-4.525041282E-1,9.713275909E0,9.771563338E0
1.378780194E1,9.576807022E-1,-4.572925270E-1,9.710882187E0,9.768700099E0
1.378980616E1,9.624691010E-1,-4.596867263E-1,9.715670586E0,9.774042848E0
1.379181018E1,9.720458984E-1,-4.596867263E-1,9.715670586E0,9.774990539E0
1.379381413E1,9.768342972E-1,-4.572925270E-1,9.715670586E0,9.775355576E0
1.379581862E1,9.792284966E-1,-4.548983276E-1,9.713275909E0,9.773103388E0
1.379782440E1,9.744400978E-1,-4.572925270E-1,9.713275909E0,9.772736508E0
1.379982932E1,9.696516991E-1,-4.620809257E-1,9.739612579E0,9.798662990E0
1.380183421E1,9.648633003E-1,-4.644751251E-1,9.725247383E0,9.784024478E0
1.380383944E1,9.576807022E-1,-4.668693244E-1,9.715670586E0,9.773912943E0
1.380584503E1,9.600749016E-1,-4.620809257E-1,9.722852707E0,9.781059624E0
1.380784975E1,9.600749016E-1,-4.620809257E-1,9.734824181E0,9.792959942E0
1.380985456E1,9.576807022E-1,-4.525041282E-1,9.732429504E0,9.789897669E0
1.381185858E1,9.576807022E-1,-4.477157295E-1,9.715670586E0,9.773016762E0
1.381386214E1,9.552865028E-1,-4.501099288E-1,9.703699112E0,9.760991123E0
1.381586667E1,9.576807022E-1,-4.357447028E-1,9.706093788E0,9.762954594E0
1.381787136E1,9.576807022E-1,-4.429273009E-1,9.720458984E0,9.777558989E0
1.381987690E1,9.528923035E-1,-4.501099288E-1,9.713275909E0,9.770277969E0
1.382188116E1,9.481038451E-1,-4.453215301E-1,9.708487511E0,9.764831894E0
1.382388585E1,9.481038451E-1,-4.477157295E-1,9.710882187E0,9.767322208E0
1.382589034E1,9.481038451E-1,-4.429273009E-1,9.710882187E0,9.767103887E0
1.382789475E1,9.576807022E-1,-4.429273009E-1,9.720458984E0,9.777558989E0
1.382989995E1,9.648633003E-1,-4.525041282E-1,9.718064308E0,9.776323188E0
1.383190464E1,9.744400978E-1,-4.525041282E-1,9.708487511E0,9.767754258E0
1.383390983E1,9.624691010E-1,-4.548983276E-1,9.713275909E0,9.771438387E0
1.383591546E1,9.648633003E-1,-4.644751251E-1,9.710882187E0,9.769745707E0
1.383792065E1,9.672574997E-1,-4.572925270E-1,9.713275909E0,9.772022944E0
1.383992464E1,9.624691010E-1,-4.572925270E-1,9.713275909E0,9.771550139E0
1.384192882E1,9.624691010E-1,-4.596867263E-1,9.737217903E0,9.795461763E0
1.384393190E1,9.576807022E-1,-4.596867263E-1,9.713275909E0,9.771192000E0
1.384593608E1,9.624691010E-1,-4.620809257E-1,9.703699112E0,9.762255990E0
1.384794061E1,9.696516991E-1,-4.548983276E-1,9.715670586E0,9.774528727E0
1.384994534E1,9.696516991E-1,-4.572925270E-1,9.725247383E0,9.784159521E0
1.385194940E1,9.648633003E-1,-4.548983276E-1,9.715670586E0,9.774054870E0
1.385395382E1,9.744400978E-1,-4.668693244E-1,9.720458984E0,9.780328386E0
1.385595846E1,9.768342972E-1,-4.596867263E-1,9.720458984E0,9.780226991E0
1.385796432E1,9.720458984E-1,-4.596867263E-1,9.718064308E0,9.777369739E0
1.385996886E1,9.600749016E-1,-4.596867263E-1,9.713275909E0,9.771426948E0
1.386197354E1,9.648633003E-1,-4.668693244E-1,9.710882187E0,9.769859825E0
1.386397823E1,9.696516991E-1,-4.644751251E-1,9.708487511E0,9.767839644E0
1.386598206E1,9.600749016E-1,-4.716577232E-1,9.710882187E0,9.769618092E0
1.386798675E1,9.600749016E-1,-4.692635238E-1,9.718064308E0,9.776641855E0
1.386999136E1,9.624691010E-1,-4.716577232E-1,9.725247383E0,9.784132278E0
1.387199600E1,9.624691010E-1,-4.668693244E-1,9.720458984E0,9.779142938E0
1.387399987E1,9.648633003E-1,-4.644751251E-1,9.715670586E0,9.774505269E0
1.387600378E1,9.600749016E-1,-4.620809257E-1,9.720458984E0,9.778680149E0
1.387800807E1,9.576807022E-1,-4.620809257E-1,9.720458984E0,9.778445376E0
1.388001237E1,9.624691010E-1,-4.596867263E-1,9.727641106E0,9.785941965E0
1.388201577E1,9.528923035E-1,-4.572925270E-1,9.718064308E0,9.775371814E0
1.388401792E1,9.528923035E-1,-4.572925270E-1,9.710882187E0,9.768231828E0
1.388602163E1,9.504981041E-1,-4.548983276E-1,9.713275909E0,9.770266528E0
1.388802503E1,9.552865028E-1,-4.572925270E-1,9.706093788E0,9.763705515E0
1.389002905E1,9.600749016E-1,-4.620809257E-1,9.706093788E0,9.764400607E0
1.389203296E1,9.648633003E-1,-4.620809257E-1,9.706093788E0,9.764872585E0
1.389403596E1,9.648633003E-1,-4.548983276E-1,9.715670586E0,9.774054870E0
1.389604050E1,9.696516991E-1,-4.453215301E-1,9.708487511E0,9.766947600E0
1.389804440E1,9.720458984E-1,-4.548983276E-1,9.710882187E0,9.770007091E0
1.390004843E1,9.624691010E-1,-4.620809257E-1,9.715670586E0,9.774155743E0
1.390205307E1,9.624691010E-1,-4.596867263E-1,9.720458984E0,9.778802663E0
1.390405694E1,9.672574997E-1,-4.572925270E-1,9.730035782E0,9.788682232E0
1.390606073E1,9.744400978E-1,-4.477157295E-1,9.727641106E0,9.786571635E0
1.390806475E1,9.720458984E-1,-4.453215301E-1,9.725247383E0,9.783844907E0
1.391006839E1,9.792284966E-1,-4.596867263E-1,9.720458984E0,9.780466410E0
1.391207292E1,9.720458984E-1,-4.644751251E-1,9.708487511E0,9.768077606E0
1.391407796E1,9.696516991E-1,-4.716577232E-1,9.710882187E0,9.770563867E0
1.391608292E1,9.648633003E-1,-4.572925270E-1,9.725247383E0,9.783686131E0
1.391808854E1,9.600749016E-1,-4.548983276E-1,9.722852707E0,9.780722932E0
1.392009417E1,9.648633003E-1,-4.477157295E-1,9.720458984E0,9.778483187E0
1.392209917E1,9.720458984E-1,-4.501099288E-1,9.725247383E0,9.784064025E0
1.392410456E1,9.672574997E-1,-4.548983276E-1,9.722852707E0,9.781430587E0
1.392610979E1,9.624691010E-1,-4.548983276E-1,9.725247383E0,9.783338690E0
1.392811413E1,9.600749016E-1,-4.596867263E-1,9.715670586E0,9.773807376E0
1.393011905E1,9.696516991E-1,-4.596867263E-1,9.722852707E0,9.781891487E0
1.393212483E1,9.696516991E-1,-4.453215301E-1,9.718064308E0,9.776467132E0
1.393413030E1,9.576807022E-1,-4.501099288E-1,9.720458984E0,9.777886998E0
1.393613425E1,9.648633003E-1,-4.572925270E-1,9.710882187E0,9.769406865E0
1.393813854E1,9.672574997E-1,-4.596867263E-1,9.708487511E0,9.767375733E0
1.394014343E1,9.696516991E-1,-4.525041282E-1,9.703699112E0,9.762518162E0
1.394214819E1,9.552865028E-1,-4.548983276E-1,9.701305389E0,9.758833488E0
1.394415366E1,9.528923035E-1,-4.596867263E-1,9.703699112E0,9.761203414E0
1.394615823E1,9.648633003E-1,-4.525041282E-1,9.718064308E0,9.776323188E0
1.394816315E1,9.576807022E-1,-4.477157295E-1,9.720458984E0,9.777777077E0
1.395016780E1,9.600749016E-1,-4.525041282E-1,9.727641106E0,9.785372005E0
1.395217366E1,9.624691010E-1,-4.548983276E-1,9.732429504E0,9.790478197E0
1.395417878E1,9.672574997E-1,-4.548983276E-1,9.725247383E0,9.783810925E0
1.395618456E1,9.648633003E-1,-4.501099288E-1,9.718064308E0,9.776212663E0
1.395819022E1,9.576807022E-1,-4.548983276E-1,9.732429504E0,9.790008625E0
1.396019413E1,9.624691010E-1,-4.572925270E-1,9.727641106E0,9.785829791E0
1.396219792E1,9.696516991E-1,-4.596867263E-1,9.722852707E0,9.781891487E0
1.396420233E1,9.624691010E-1,-4.548983276E-1,9.725247383E0,9.783338690E0
1.396620690E1,9.672574997E-1,-4.525041282E-1,9.720458984E0,9.778940123E0
1.396821171E1,9.600749016E-1,-4.525041282E-1,9.715670586E0,9.773472194E0
1.397021722E1,9.624691010E-1,-4.572925270E-1,9.720458984E0,9.778690408E0
1.397222245E1,9.576807022E-1,-4.572925270E-1,9.713275909E0,9.771079658E0
1.397422749E1,9.552865028E-1,-4.572925270E-1,9.706093788E0,9.763705515E0
1.397623167E1,9.624691010E-1,-4.477157295E-1,9.718064308E0,9.775866716E0
1.397823581E1,9.648633003E-1,-4.668693244E-1,9.730035782E0,9.788898021E0
1.398023882E1,9.624691010E-1,-4.620809257E-1,9.730035782E0,9.788435108E0
1.398224366E1,9.576807022E-1,-4.572925270E-1,9.713275909E0,9.771079658E0
1.398424757E1,9.624691010E-1,-4.572925270E-1,9.710882187E0,9.769170695E0
1.398625042E1,9.720458984E-1,-4.596867263E-1,9.710882187E0,9.770231213E0
1.398825296E1,9.696516991E-1,-4.596867263E-1,9.730035782E0,9.789031240E0
1.399025589E1,9.672574997E-1,-4.596867263E-1,9.730035782E0,9.788794373E0
1.399225901E1,9.744400978E-1,-4.548983276E-1,9.725247383E0,9.784523629E0
1.399426257E1,9.720458984E-1,-4.572925270E-1,9.722852707E0,9.782016890E0
1.399626655E1,9.600749016E-1,-4.548983276E-1,9.720458984E0,9.778343376E0
1.399827128E1,9.576807022E-1,-4.501099288E-1,9.715670586E0,9.773126736E0
1.400027546E1,9.600749016E-1,-4.501099288E-1,9.725247383E0,9.782881959E0
1.400228050E1,9.648633003E-1,-4.548983276E-1,9.730035782E0,9.788334383E0
1.400428436E1,9.624691010E-1,-4.644751251E-1,9.732429504E0,9.790927840E0
1.400628948E1,9.648633003E-1,-4.620809257E-1,9.732429504E0,9.791050200E0
1.400829358E1,9.648633003E-1,-4.548983276E-1,9.734824181E0,9.793094276E0
1.401029827E1,9.624691010E-1,-4.596867263E-1,9.727641106E0,9.785941965E0
1.401230264E1,9.624691010E-1,-4.525041282E-1,9.722852707E0,9.780847178E0
1.401430671E1,9.624691010E-1,-4.572925270E-1,9.732429504E0,9.790589731E0
1.401631147E1,9.600749016E-1,-4.501099288E-1,9.715670586E0,9.773361637E0
1.401831608E1,9.600749016E-1,-4.572925270E-1,9.708487511E0,9.766554665E0
1.402032124E1,9.648633003E-1,-4.644751251E-1,9.706093788E0,9.764986173E0
1.402232593E1,9.600749016E-1,-4.501099288E-1,9.708487511E0,9.766220994E0
1.402432999E1,9.552865028E-1,-4.548983276E-1,9.715670586E0,9.773114126E0
1.402633397E1,9.552865028E-1,-4.572925270E-1,9.710882187E0,9.768465673E0
1.402833882E1,9.600749016E-1,-4.548983276E-1,9.694122314E0,9.752163029E0
1.403034253E1,9.672574997E-1,-4.596867263E-1,9.703699112E0,9.762616218E0
1.403234768E1,9.600749016E-1,-4.620809257E-1,9.718064308E0,9.776299734E0
1.403435194E1,9.600749016E-1,-4.548983276E-1,9.725247383E0,9.783103443E0
1.403635515E1,9.600749016E-1,-4.501099288E-1,9.718064308E0,9.775741233E0
1.403836011E1,9.696516991E-1,-4.477157295E-1,9.727641106E0,9.786096018E0
1.404036456E1,9.648633003E-1,-4.525041282E-1,9.725247383E0,9.783463489E0
1.404236870E1,9.672574997E-1,-4.548983276E-1,9.725247383E0,9.783810925E0
1.404437194E1,9.648633003E-1,-4.525041282E-1,9.730035782E0,9.788223408E0
1.404637659E1,9.744400978E-1,-4.596867263E-1,9.732429504E0,9.791885898E0
1.404838104E1,9.744400978E-1,-4.620809257E-1,9.730035782E0,9.789619431E0
1.405038682E1,9.744400978E-1,-4.596867263E-1,9.730035782E0,9.789506714E0
1.405239233E1,9.720458984E-1,-4.620809257E-1,9.732429504E0,9.791760621E0
1.405439733E1,9.720458984E-1,-4.548983276E-1,9.722852707E0,9.781905258E0
1.405640182E1,9.696516991E-1,-4.525041282E-1,9.727641106E0,9.786316257E0
1.405840667E1,9.672574997E-1,-4.477157295E-1,9.720458984E0,9.778719717E0
1.406041136E1,9.600749016E-1,-4.572925270E-1,9.710882187E0,9.768935107E0
1.406241698E1,9.576807022E-1,-4.572925270E-1,9.710882187E0,9.768700099E0
1.406442175E1,9.576807022E-1,-4.525041282E-1,9.708487511E0,9.766096562E0
1.406642768E1,9.552865028E-1,-4.525041282E-1,9.720458984E0,9.777763300E0
1.406843229E1,9.576807022E-1,-4.453215301E-1,9.720458984E0,9.777667741E0
1.407043737E1,9.552865028E-1,-4.453215301E-1,9.720458984E0,9.777433530E0
1.407244307E1,9.600749016E-1,-4.525041282E-1,9.725247383E0,9.782992409E0
1.407444768E1,9.696516991E-1,-4.525041282E-1,9.710882187E0,9.769657990E0
1.407645222E1,9.696516991E-1,-4.620809257E-1,9.725247383E0,9.784384491E0
1.407845620E1,9.624691010E-1,-4.596867263E-1,9.720458984E0,9.778802663E0
1.408046069E1,9.696516991E-1,-4.548983276E-1,9.720458984E0,9.779288306E0
1.408246651E1,9.744400978E-1,-4.572925270E-1,9.730035782E0,9.789394582E0
1.408447214E1,9.720458984E-1,-4.596867263E-1,9.722852707E0,9.782129107E0
1.408647737E1,9.696516991E-1,-4.596867263E-1,9.720458984E0,9.779512215E0
1.408848315E1,9.744400978E-1,-4.692635238E-1,9.718064308E0,9.778062981E0
1.409048772E1,9.696516991E-1,-4.596867263E-1,9.708487511E0,9.767613119E0
1.409249225E1,9.648633003E-1,-4.548983276E-1,9.710882187E0,9.769295088E0
1.409449667E1,9.600749016E-1,-4.572925270E-1,9.715670586E0,9.773695064E0
1.409650175E1,9.576807022E-1,-4.572925270E-1,9.722852707E0,9.780599856E0
1.409850647E1,9.528923035E-1,-4.525041282E-1,9.708487511E0,9.765628166E0
1.410051089E1,9.576807022E-1,-4.501099288E-1,9.713275909E0,9.770746142E0
1.410251640E1,9.552865028E-1,-4.596867263E-1,9.708487511E0,9.766197517E0
1.410452073E1,9.576807022E-1,-4.548983276E-1,9.713275909E0,9.770967900E0
1.410652518E1,9.696516991E-1,-4.572925270E-1,9.715670586E0,9.774640444E0
1.410852929E1,9.744400978E-1,-4.620809257E-1,9.718064308E0,9.777720909E0
1.411053397E1,9.744400978E-1,-4.620809257E-1,9.718064308E0,9.777720909E0
1.411253765E1,9.744400978E-1,-4.644751251E-1,9.708487511E0,9.768316149E0
1.411454280E1,9.672574997E-1,-4.620809257E-1,9.703699112E0,9.762729245E0
1.411654741E1,9.720458984E-1,-4.620809257E-1,9.706093788E0,9.765584910E0
1.411855202E1,9.720458984E-1,-4.525041282E-1,9.718064308E0,9.777034679E0
1.412055632E1,9.696516991E-1,-4.453215301E-1,9.715670586E0,9.774087712E0
1.412256112E1,9.672574997E-1,-4.620809257E-1,9.725247383E0,9.784147511E0
1.412456733E1,9.672574997E-1,-4.525041282E-1,9.720458984E0,9.778940123E0
1.412657225E1,9.720458984E-1,-4.525041282E-1,9.718064308E0,9.777034679E0
1.412857772E1,9.648633003E-1,-4.525041282E-1,9.718064308E0,9.776323188E0
1.413058261E1,9.696516991E-1,-4.477157295E-1,9.722852707E0,9.781336236E0
1.413258706E1,9.648633003E-1,-4.477157295E-1,9.730035782E0,9.788003212E0
1.413459284E1,9.648633003E-1,-4.501099288E-1,9.722852707E0,9.780972595E0
1.413659862E1,9.648633003E-1,-4.453215301E-1,9.718064308E0,9.775993369E0
1.413860452E1,9.672574997E-1,-4.429273009E-1,9.715670586E0,9.773741688E0
1.414060979E1,9.600749016E-1,-4.477157295E-1,9.722852707E0,9.780391503E0
1.414261401E1,9.576807022E-1,-4.548983276E-1,9.732429504E0,9.790008625E0
1.414461862E1,9.624691010E-1,-4.596867263E-1,9.718064308E0,9.776422278E0
1.414662307E1,9.624691010E-1,-4.596867263E-1,9.708487511E0,9.766902703E0
1.414862671E1,9.648633003E-1,-4.548983276E-1,9.727641106E0,9.785953973E0
1.415062964E1,9.648633003E-1,-4.572925270E-1,9.727641106E0,9.786065559E0
1.415263276E1,9.624691010E-1,-4.548983276E-1,9.713275909E0,9.771438387E0
1.415463577E1,9.720458984E-1,-4.501099288E-1,9.720458984E0,9.779304425E0
1.415663940E1,9.744400978E-1,-4.548983276E-1,9.715670586E0,9.775004906E0
1.415864335E1,9.600749016E-1,-4.620809257E-1,9.718064308E0,9.776299734E0
1.416064792E1,9.504981041E-1,-4.501099288E-1,9.715670586E0,9.772425519E0
1.416265186E1,9.528923035E-1,-4.596867263E-1,9.725247383E0,9.782625020E0
1.416465569E1,9.504981041E-1,-4.596867263E-1,9.718064308E0,9.775251016E0
1.416665999E1,9.552865028E-1,-4.572925270E-1,9.720458984E0,9.777986072E0
1.416866323E1,9.528923035E-1,-4.596867263E-1,9.720458984E0,9.777864721E0
1.417066686E1,9.600749016E-1,-4.644751251E-1,9.715670586E0,9.774033757E0
1.417267069E1,9.648633003E-1,-4.620809257E-1,9.718064308E0,9.776771137E0
1.417467382E1,9.648633003E-1,-4.572925270E-1,9.722852707E0,9.781305762E0
1.417667753E1,9.624691010E-1,-4.548983276E-1,9.730035782E0,9.788098670E0
1.417868202E1,9.624691010E-1,-4.644751251E-1,9.730035782E0,9.788548423E0
1.418068589E1,9.696516991E-1,-4.572925270E-1,9.727641106E0,9.786538834E0
1.418269022E1,9.696516991E-1,-4.620809257E-1,9.715670586E0,9.774865632E0
1.418469444E1,9.768342972E-1,-4.572925270E-1,9.720458984E0,9.780114752E0
1.418669870E1,9.672574997E-1,-4.572925270E-1,9.725247383E0,9.783922536E0
1.418870370E1,9.696516991E-1,-4.548983276E-1,9.725247383E0,9.784047913E0
1.419070932E1,9.672574997E-1,-4.572925270E-1,9.713275909E0,9.772022944E0
1.419271405E1,9.648633003E-1,-4.525041282E-1,9.713275909E0,9.771563338E0
1.419471893E1,9.624691010E-1,-4.548983276E-1,9.722852707E0,9.780958236E0
1.419672405E1,9.648633003E-1,-4.525041282E-1,9.710882187E0,9.769183897E0
1.419872819E1,9.648633003E-1,-4.501099288E-1,9.715670586E0,9.773833182E0
1.420073292E1,9.672574997E-1,-4.477157295E-1,9.734824181E0,9.792999452E0
1.420273710E1,9.576807022E-1,-4.525041282E-1,9.725247383E0,9.782757739E0
1.420474081E1,9.552865028E-1,-4.525041282E-1,9.725247383E0,9.782523649E0
1.420674507E1,9.576807022E-1,-4.548983276E-1,9.708487511E0,9.766207788E0
1.420875015E1,9.528923035E-1,-4.477157295E-1,9.708487511E0,9.765407460E0
1.421075393E1,9.672574997E-1,-4.381389022E-1,9.710882187E0,9.768765818E0
1.421275761E1,9.648633003E-1,-4.572925270E-1,9.713275909E0,9.771786251E0
1.421476143E1,9.648633003E-1,-4.596867263E-1,9.710882187E0,9.769519227E0
1.421676542E1,9.624691010E-1,-4.548983276E-1,9.713275909E0,9.771438387E0
1.421876995E1,9.672574997E-1,-4.620809257E-1,9.725247383E0,9.784147511E0
1.422077432E1,9.624691010E-1,-4.620809257E-1,9.713275909E0,9.771775399E0
1.422277784E1,9.672574997E-1,-4.644751251E-1,9.725247383E0,9.784260875E0
1.422478155E1,9.648633003E-1,-4.644751251E-1,9.718064308E0,9.776884587E0
1.422678472E1,9.696516991E-1,-4.596867263E-1,9.706093788E0,9.765233890E0
1.422878753E1,9.696516991E-1,-4.572925270E-1,9.718064308E0,9.777019728E0
1.423079100E1,9.672574997E-1,-4.548983276E-1,9.727641106E0,9.786190323E0
1.423279448E1,9.600749016E-1,-4.644751251E-1,9.720458984E0,9.778793577E0
1.423479948E1,9.672574997E-1,-4.596867263E-1,9.713275909E0,9.772135276E0
1.423680362E1,9.624691010E-1,-4.548983276E-1,9.710882187E0,9.769058916E0
1.423880847E1,9.648633003E-1,-4.548983276E-1,9.710882187E0,9.769295088E0
1.424081331E1,9.624691010E-1,-4.548983276E-1,9.715670586E0,9.773818813E0
1.424281702E1,9.624691010E-1,-4.525041282E-1,9.720458984E0,9.778467652E0
1.424482030E1,9.624691010E-1,-4.572925270E-1,9.720458984E0,9.778690408E0
1.424682327E1,9.624691010E-1,-4.525041282E-1,9.720458984E0,9.778467652E0
1.424882647E1,9.624691010E-1,-4.477157295E-1,9.715670586E0,9.773487150E0
1.425083050E1,9.648633003E-1,-4.453215301E-1,9.713275909E0,9.771233358E0
1.425283354E1,9.648633003E-1,-4.477157295E-1,9.710882187E0,9.768963272E0
1.425483678E1,9.672574997E-1,-4.572925270E-1,9.722852707E0,9.781542224E0
1.425683987E1,9.672574997E-1,-4.525041282E-1,9.706093788E0,9.764660961E0
1.425884378E1,9.672574997E-1,-4.692635238E-1,9.725247383E0,9.784489358E0
1.426084729E1,9.792284966E-1,-4.668693244E-1,9.727641106E0,9.787944467E0
1.426285108E1,9.768342972E-1,-4.644751251E-1,9.730035782E0,9.789971333E0
1.426485643E1,9.744400978E-1,-4.644751251E-1,9.725247383E0,9.784973547E0
1.426686093E1,9.648633003E-1,-4.429273009E-1,9.725247383E0,9.783025219E0
1.426886487E1,9.696516991E-1,-4.477157295E-1,9.720458984E0,9.778956829E0
1.427086870E1,9.696516991E-1,-4.596867263E-1,9.720458984E0,9.779512215E0
1.427287265E1,9.672574997E-1,-4.525041282E-1,9.722852707E0,9.781319534E0
1.427487718E1,9.744400978E-1,-4.548983276E-1,9.715670586E0,9.775004906E0
1.427688198E1,9.720458984E-1,-4.548983276E-1,9.725247383E0,9.784285481E0
1.427888714E1,9.696516991E-1,-4.525041282E-1,9.718064308E0,9.776796935E0
1.428089186E1,9.576807022E-1,-4.548983276E-1,9.713275909E0,9.770967900E0
1.428289671E1,9.648633003E-1,-4.572925270E-1,9.710882187E0,9.769406865E0
1.428490155E1,9.672574997E-1,-4.548983276E-1,9.710882187E0,9.769531842E0
1.428690725E1,9.600749016E-1,-4.525041282E-1,9.713275909E0,9.771091684E0
1.428891280E1,9.528923035E-1,-4.501099288E-1,9.718064308E0,9.775038444E0
1.429091858E1,9.576807022E-1,-4.501099288E-1,9.708487511E0,9.765985922E0
1.429292452E1,9.624691010E-1,-4.525041282E-1,9.708487511E0,9.766567283E0
1.429492964E1,9.648633003E-1,-4.477157295E-1,9.713275909E0,9.771342766E0
1.429693518E1,9.648633003E-1,-4.453215301E-1,9.713275909E0,9.771233358E0
1.429894026E1,9.648633003E-1,-4.548983276E-1,9.713275909E0,9.771674502E0
1.430094596E1,9.576807022E-1,-4.620809257E-1,9.715670586E0,9.773685387E0
1.430295124E1,9.600749016E-1,-4.501099288E-1,9.718064308E0,9.775741233E0
1.430495604E1,9.576807022E-1,-4.477157295E-1,9.703699112E0,9.761115621E0
1.430696163E1,9.552865028E-1,-4.453215301E-1,9.715670586E0,9.772673048E0
1.430896647E1,9.696516991E-1,-4.405331016E-1,9.734824181E0,9.792910479E0
1.431097077E1,9.720458984E-1,-4.525041282E-1,9.725247383E0,9.784174461E0
1.431297585E1,9.696516991E-1,-4.572925270E-1,9.718064308E0,9.777019728E0
1.431498167E1,9.720458984E-1,-4.620809257E-1,9.727641106E0,9.787001251E0
1.431698722E1,9.672574997E-1,-4.620809257E-1,9.722852707E0,9.781767254E0
1.431899268E1,9.600749016E-1,-4.548983276E-1,9.718064308E0,9.775962879E0
1.432099792E1,9.648633003E-1,-4.525041282E-1,9.725247383E0,9.783463489E0
1.432300163E1,9.744400978E-1,-4.548983276E-1,9.722852707E0,9.782143464E0
1.432500628E1,9.672574997E-1,-4.572925270E-1,9.718064308E0,9.776782570E0
1.432700932E1,9.648633003E-1,-4.596867263E-1,9.725247383E0,9.783798329E0
1.432901307E1,9.648633003E-1,-4.572925270E-1,9.720458984E0,9.778926348E0
1.433101733E1,9.624691010E-1,-4.572925270E-1,9.708487511E0,9.766790311E0
1.433302057E1,9.648633003E-1,-4.501099288E-1,9.715670586E0,9.773833182E0
1.433502491E1,9.624691010E-1,-4.548983276E-1,9.715670586E0,9.773818813E0
1.433702862E1,9.576807022E-1,-4.572925270E-1,9.713275909E0,9.771079658E0
1.433903327E1,9.648633003E-1,-4.596867263E-1,9.720458984E0,9.779038600E0
1.434103784E1,9.672574997E-1,-4.596867263E-1,9.722852707E0,9.781654447E0
1.434304257E1,9.624691010E-1,-4.501099288E-1,9.722852707E0,9.780736704E0
1.434504761E1,9.624691010E-1,-4.572925270E-1,9.727641106E0,9.785829791E0
1.434705179E1,9.576807022E-1,-4.596867263E-1,9.718064308E0,9.775952031E0
1.434905624E1,9.481038451E-1,-4.644751251E-1,9.722852707E0,9.780005256E0
1.435106073E1,9.552865028E-1,-4.668693244E-1,9.715670586E0,9.773678642E0
1.435306542E1,9.600749016E-1,-4.644751251E-1,9.706093788E0,9.764514201E0
1.435506987E1,9.552865028E-1,-4.548983276E-1,9.710882187E0,9.768353886E0
1.435707456E1,9.528923035E-1,-4.692635238E-1,9.720458984E0,9.778319634E0
1.435907800E1,9.552865028E-1,-4.716577232E-1,9.720458984E0,9.778668426E0
1.436108190E1,9.576807022E-1,-4.716577232E-1,9.722852707E0,9.781282027E0
1.436308577E1,9.504981041E-1,-4.668693244E-1,9.722852707E0,9.780351649E0
1.436508886E1,9.528923035E-1,-4.644751251E-1,9.718064308E0,9.775710449E0
1.436709370E1,9.504981041E-1,-4.572925270E-1,9.708487511E0,9.765617894E0
1.436909733E1,9.504981041E-1,-4.477157295E-1,9.718064308E0,9.774695387E0
1.437110116E1,9.528923035E-1,-4.596867263E-1,9.715670586E0,9.773104448E0
1.437310620E1,9.624691010E-1,-4.572925270E-1,9.715670586E0,9.773930538E0
1.437511089E1,9.696516991E-1,-4.644751251E-1,9.718064308E0,9.777358307E0
1.437711585E1,9.624691010E-1,-4.668693244E-1,9.727641106E0,9.786281991E0
1.437911960E1,9.648633003E-1,-4.668693244E-1,9.727641106E0,9.786517748E0
1.438112370E1,9.624691010E-1,-4.620809257E-1,9.718064308E0,9.776535145E0
1.438312788E1,9.648633003E-1,-4.596867263E-1,9.710882187E0,9.769519227E0
1.438513229E1,9.600749016E-1,-4.548983276E-1,9.722852707E0,9.780722932E0
1.438713694E1,9.696516991E-1,-4.501099288E-1,9.730035782E0,9.788586194E0
1.438914057E1,9.720458984E-1,-4.525041282E-1,9.727641106E0,9.786553770E0
1.439114300E1,9.696516991E-1,-4.620809257E-1,9.725247383E0,9.784384491E0
1.439314632E1,9.720458984E-1,-4.572925270E-1,9.732429504E0,9.791535821E0
1.439514991E1,9.720458984E-1,-4.572925270E-1,9.734824181E0,9.793916046E0
1.439715382E1,9.672574997E-1,-4.668693244E-1,9.730035782E0,9.789134300E0
1.439915706E1,9.672574997E-1,-4.572925270E-1,9.722852707E0,9.781542224E0
1.440116120E1,9.696516991E-1,-4.644751251E-1,9.701305389E0,9.760701195E0
1.440316550E1,9.624691010E-1,-4.572925270E-1,9.708487511E0,9.766790311E0
1.440516921E1,9.600749016E-1,-4.501099288E-1,9.713275909E0,9.770981100E0
1.440717315E1,9.648633003E-1,-4.501099288E-1,9.715670586E0,9.773833182E0
1.440917788E1,9.624691010E-1,-4.548983276E-1,9.708487511E0,9.766678504E0
1.441118210E1,9.600749016E-1,-4.572925270E-1,9.706093788E0,9.764175177E0
1.441318647E1,9.720458984E-1,-4.596867263E-1,9.710882187E0,9.770231213E0
1.441519026E1,9.624691010E-1,-4.620809257E-1,9.715670586E0,9.774155743E0
1.441719573E1,9.696516991E-1,-4.620809257E-1,9.718064308E0,9.777244862E0
1.441920018E1,9.648633003E-1,-4.692635238E-1,9.718064308E0,9.777113242E0
1.442120393E1,9.624691010E-1,-4.644751251E-1,9.713275909E0,9.771888907E0
1.442320807E1,9.672574997E-1,-4.620809257E-1,9.720458984E0,9.779387952E0
1.442521218E1,9.720458984E-1,-4.477157295E-1,9.732429504E0,9.791093231E0
1.442721678E1,9.672574997E-1,-4.477157295E-1,9.730035782E0,9.788239513E0
1.442922108E1,9.648633003E-1,-4.525041282E-1,9.725247383E0,9.783463489E0
1.443122526E1,9.648633003E-1,-4.548983276E-1,9.730035782E0,9.788334383E0
1.443322929E1,9.696516991E-1,-4.525041282E-1,9.725247383E0,9.783936890E0
1.443523374E1,9.528923035E-1,-4.548983276E-1,9.725247383E0,9.782401182E0
1.443723663E1,9.600749016E-1,-4.525041282E-1,9.727641106E0,9.785372005E0
1.443924069E1,9.624691010E-1,-4.548983276E-1,9.722852707E0,9.780958236E0
1.444124429E1,9.624691010E-1,-4.572925270E-1,9.718064308E0,9.776309995E0
1.444324784E1,9.648633003E-1,-4.548983276E-1,9.713275909E0,9.771674502E0
1.444525089E1,9.624691010E-1,-4.668693244E-1,9.710882187E0,9.769623666E0
1.444725585E1,9.648633003E-1,-4.716577232E-1,9.708487511E0,9.767709657E0
1.444925925E1,9.672574997E-1,-4.548983276E-1,9.701305389E0,9.760012593E0
1.445126331E1,9.624691010E-1,-4.477157295E-1,9.703699112E0,9.761586582E0
1.445326788E1,9.648633003E-1,-4.453215301E-1,9.706093788E0,9.764093869E0
1.445527206E1,9.624691010E-1,-4.548983276E-1,9.713275909E0,9.771438387E0
1.445727632E1,9.624691010E-1,-4.548983276E-1,9.722852707E0,9.780958236E0
1.445928073E1,9.576807022E-1,-4.620809257E-1,9.720458984E0,9.778445376E0
1.446128487E1,9.576807022E-1,-4.525041282E-1,9.718064308E0,9.775616922E0
1.446328890E1,9.672574997E-1,-4.572925270E-1,9.715670586E0,9.774403228E0
1.446529241E1,9.696516991E-1,-4.620809257E-1,9.732429504E0,9.791523235E0
1.446729663E1,9.624691010E-1,-4.572925270E-1,9.722852707E0,9.781069879E0
1.446930030E1,9.648633003E-1,-4.477157295E-1,9.722852707E0,9.780862709E0
1.447130366E1,9.720458984E-1,-4.572925270E-1,9.718064308E0,9.777257467E0
1.447330710E1,9.696516991E-1,-4.525041282E-1,9.720458984E0,9.779177229E0
1.447531054E1,9.648633003E-1,-4.525041282E-1,9.715670586E0,9.773943733E0
1.447731432E1,9.672574997E-1,-4.525041282E-1,9.713275909E0,9.771800036E0
1.447931886E1,9.576807022E-1,-4.525041282E-1,9.725247383E0,9.782757739E0
1.448132300E1,9.720458984E-1,-4.620809257E-1,9.715670586E0,9.775103423E0
1.448332737E1,9.768342972E-1,-4.596867263E-1,9.708487511E0,9.768328766E0
1.448533218E1,9.672574997E-1,-4.596867263E-1,9.713275909E0,9.772135276E0
1.448733663E1,9.720458984E-1,-4.548983276E-1,9.725247383E0,9.784285481E0
1.448934163E1,9.792284966E-1,-4.525041282E-1,9.720458984E0,9.780131456E0
1.449134640E1,9.768342972E-1,-4.548983276E-1,9.722852707E0,9.782382250E0
1.449335034E1,9.672574997E-1,-4.501099288E-1,9.734824181E0,9.793109202E0
1.449535417E1,9.672574997E-1,-4.453215301E-1,9.720458984E0,9.778610392E0
1.449735807E1,9.552865028E-1,-4.525041282E-1,9.722852707E0,9.780142997E0
1.449936190E1,9.576807022E-1,-4.596867263E-1,9.722852707E0,9.780712089E0
1.450136507E1,9.648633003E-1,-4.572925270E-1,9.718064308E0,9.776545992E0
1.450336936E1,9.624691010E-1,-4.644751251E-1,9.708487511E0,9.767129243E0
1.450537386E1,9.576807022E-1,-4.692635238E-1,9.710882187E0,9.769267804E0
1.450737741E1,9.600749016E-1,-4.620809257E-1,9.722852707E0,9.781059624E0
1.450938147E1,9.600749016E-1,-4.620809257E-1,9.730035782E0,9.788199983E0
1.451138589E1,9.624691010E-1,-4.525041282E-1,9.730035782E0,9.787987693E0
1.451338987E1,9.672574997E-1,-4.620809257E-1,9.720458984E0,9.779387952E0
1.451539405E1,9.624691010E-1,-4.572925270E-1,9.722852707E0,9.781069879E0
1.451739862E1,9.624691010E-1,-4.525041282E-1,9.720458984E0,9.778467652E0
1.451940366E1,9.528923035E-1,-4.572925270E-1,9.725247383E0,9.782512809E0
1.452140761E1,9.600749016E-1,-4.572925270E-1,9.727641106E0,9.785594604E0
1.452341190E1,9.624691010E-1,-4.572925270E-1,9.732429504E0,9.790589731E0
1.452541655E1,9.600749016E-1,-4.572925270E-1,9.732429504E0,9.790354658E0
1.452742151E1,9.552865028E-1,-4.572925270E-1,9.722852707E0,9.780365715E0
1.452942690E1,9.648633003E-1,-4.572925270E-1,9.718064308E0,9.776545992E0
1.453143245E1,9.672574997E-1,-4.525041282E-1,9.713275909E0,9.771800036E0
1.453343765E1,9.600749016E-1,-4.572925270E-1,9.720458984E0,9.778455049E0
1.453544233E1,9.624691010E-1,-4.596867263E-1,9.720458984E0,9.778802663E0
1.453744710E1,9.696516991E-1,-4.525041282E-1,9.710882187E0,9.769657990E0
1.453945178E1,9.696516991E-1,-4.620809257E-1,9.708487511E0,9.767726089E0
1.454145682E1,9.624691010E-1,-4.572925270E-1,9.713275909E0,9.771550139E0
1.454346128E1,9.624691010E-1,-4.572925270E-1,9.715670586E0,9.773930538E0
1.454546577E1,9.600749016E-1,-4.596867263E-1,9.715670586E0,9.773807376E0
1.454747014E1,9.624691010E-1,-4.572925270E-1,9.720458984E0,9.778690408E0
1.454947448E1,9.672574997E-1,-4.501099288E-1,9.722852707E0,9.781209065E0
1.455147854E1,9.624691010E-1,-4.525041282E-1,9.722852707E0,9.780847178E0
1.455348198E1,9.624691010E-1,-4.548983276E-1,9.713275909E0,9.771438387E0
1.455548542E1,9.624691010E-1,-4.501099288E-1,9.710882187E0,9.768837114E0
1.455748905E1,9.648633003E-1,-4.525041282E-1,9.710882187E0,9.769183897E0
1.455949292E1,9.720458984E-1,-4.525041282E-1,9.715670586E0,9.774655398E0
1.456149612E1,9.744400978E-1,-4.501099288E-1,9.715670586E0,9.774783240E0
1.456349972E1,9.624691010E-1,-4.572925270E-1,9.715670586E0,9.773930538E0
1.456550319E1,9.600749016E-1,-4.596867263E-1,9.722852707E0,9.780946808E0
1.456750604E1,9.624691010E-1,-4.572925270E-1,9.730035782E0,9.788210232E0
1.456950874E1,9.600749016E-1,-4.501099288E-1,9.720458984E0,9.778121784E0
1.457151276E1,9.576807022E-1,-4.525041282E-1,9.715670586E0,9.773237296E0
1.457351733E1,9.648633003E-1,-4.548983276E-1,9.713275909E0,9.771674502E0
1.457552128E1,9.648633003E-1,-4.548983276E-1,9.708487511E0,9.766914734E0
1.457752456E1,9.624691010E-1,-4.525041282E-1,9.722852707E0,9.780847178E0
1.457952718E1,9.648633003E-1,-4.596867263E-1,9.715670586E0,9.774278899E0
1.458152995E1,9.648633003E-1,-4.620809257E-1,9.727641106E0,9.786290485E0
1.458353346E1,9.648633003E-1,-4.548983276E-1,9.718064308E0,9.776434298E0
1.458553612E1,9.648633003E-1,-4.477157295E-1,9.720458984E0,9.778483187E0
1.458753991E1,9.600749016E-1,-4.548983276E-1,9.706093788E0,9.764063341E0
1.458954440E1,9.600749016E-1,-4.620809257E-1,9.708487511E0,9.766780040E0
1.459154761E1,9.624691010E-1,-4.668693244E-1,9.725247383E0,9.783902616E0
1.459355112E1,9.648633003E-1,-4.620809257E-1,9.734824181E0,9.793430543E0
1.459555405E1,9.648633003E-1,-4.644751251E-1,9.722852707E0,9.781644192E0
1.459755890E1,9.600749016E-1,-4.620809257E-1,9.720458984E0,9.778680149E0
1.459956495E1,9.576807022E-1,-4.548983276E-1,9.718064308E0,9.775728040E0
1.460156917E1,9.672574997E-1,-4.548983276E-1,9.727641106E0,9.786190323E0
1.460357315E1,9.696516991E-1,-4.572925270E-1,9.715670586E0,9.774640444E0
1.460557710E1,9.600749016E-1,-4.501099288E-1,9.718064308E0,9.775741233E0
1.460758089E1,9.552865028E-1,-4.405331016E-1,9.730035782E0,9.786737865E0
1.460958472E1,9.648633003E-1,-4.548983276E-1,9.718064308E0,9.776434298E0
1.461158897E1,9.720458984E-1,-4.572925270E-1,9.713275909E0,9.772498072E0
1.461359296E1,9.744400978E-1,-4.572925270E-1,9.718064308E0,9.777495787E0
1.461559710E1,9.648633003E-1,-4.453215301E-1,9.720458984E0,9.778373859E0
1.461760050E1,9.624691010E-1,-4.501099288E-1,9.713275909E0,9.771216639E0
1.461960315E1,9.552865028E-1,-4.477157295E-1,9.710882187E0,9.768022037E0
1.462160647E1,9.576807022E-1,-4.477157295E-1,9.720458984E0,9.777777077E0
1.462360972E1,9.576807022E-1,-4.525041282E-1,9.725247383E0,9.782757739E0
1.462561339E1,9.624691010E-1,-4.620809257E-1,9.720458984E0,9.778915503E0
1.462761718E1,9.600749016E-1,-4.477157295E-1,9.725247383E0,9.782772095E0
1.462962011E1,9.648633003E-1,-4.477157295E-1,9.715670586E0,9.773723215E0
1.463162319E1,9.624691010E-1,-4.525041282E-1,9.713275909E0,9.771327220E0
1.463362620E1,9.600749016E-1,-4.596867263E-1,9.710882187E0,9.769047474E0
1.463562948E1,9.552865028E-1,-4.596867263E-1,9.720458984E0,9.778098335E0
1.463763268E1,9.600749016E-1,-4.596867263E-1,9.718064308E0,9.776186864E0
1.463963557E1,9.600749016E-1,-4.644751251E-1,9.713275909E0,9.771653384E0
1.464163878E1,9.624691010E-1,-4.572925270E-1,9.725247383E0,9.783450306E0
1.464364288E1,9.624691010E-1,-4.525041282E-1,9.718064308E0,9.776087185E0
1.464564628E1,9.648633003E-1,-4.572925270E-1,9.730035782E0,9.788445942E0
1.464764952E1,9.696516991E-1,-4.596867263E-1,9.734824181E0,9.793790795E0
1.464965339E1,9.720458984E-1,-4.644751251E-1,9.715670586E0,9.775216893E0
1.465165718E1,9.744400978E-1,-4.548983276E-1,9.710882187E0,9.770245588E0
1.465366159E1,9.744400978E-1,-4.429273009E-1,9.713275909E0,9.772074856E0
1.465566628E1,9.720458984E-1,-4.501099288E-1,9.725247383E0,9.784064025E0
1.465767057E1,9.624691010E-1,-4.548983276E-1,9.703699112E0,9.761918649E0
1.465967472E1,9.624691010E-1,-4.572925270E-1,9.708487511E0,9.766790311E0
1.466167850E1,9.600749016E-1,-4.596867263E-1,9.713275909E0,9.771426948E0
1.466368182E1,9.576807022E-1,-4.668693244E-1,9.715670586E0,9.773912943E0
1.466568503E1,9.648633003E-1,-4.596867263E-1,9.713275909E0,9.771898586E0
1.466768788E1,9.648633003E-1,-4.572925270E-1,9.725247383E0,9.783686131E0
1.466969108E1,9.672574997E-1,-4.548983276E-1,9.710882187E0,9.769531842E0
1.467169405E1,9.672574997E-1,-4.572925270E-1,9.718064308E0,9.776782570E0
1.467369737E1,9.576807022E-1,-4.692635238E-1,9.727641106E0,9.785926735E0
1.467570046E1,9.624691010E-1,-4.668693244E-1,9.722852707E0,9.781522300E0
1.467770468E1,9.600749016E-1,-4.620809257E-1,9.715670586E0,9.773920274E0
1.467970854E1,9.672574997E-1,-4.620809257E-1,9.710882187E0,9.769868919E0
1.468171265E1,9.720458984E-1,-4.572925270E-1,9.720458984E0,9.779637649E0
1.468371612E1,9.696516991E-1,-4.548983276E-1,9.725247383E0,9.784047913E0
1.468572018E1,9.624691010E-1,-4.548983276E-1,9.722852707E0,9.780958236E0
1.468772472E1,9.648633003E-1,-4.572925270E-1,9.730035782E0,9.788445942E0
1.468972921E1,9.672574997E-1,-4.572925270E-1,9.713275909E0,9.772022944E0
1.469173257E1,9.576807022E-1,-4.572925270E-1,9.706093788E0,9.763940055E0
1.469373714E1,9.624691010E-1,-4.453215301E-1,9.715670586E0,9.773377766E0
1.469574167E1,9.624691010E-1,-4.548983276E-1,9.732429504E0,9.790478197E0
1.469774690E1,9.672574997E-1,-4.525041282E-1,9.725247383E0,9.783699899E0
1.469975155E1,9.648633003E-1,-4.501099288E-1,9.718064308E0,9.776212663E0
1.470175557E1,9.576807022E-1,-4.477157295E-1,9.710882187E0,9.768256474E0
1.470375917E1,9.600749016E-1,-4.525041282E-1,9.713275909E0,9.771091684E0
1.470576311E1,9.576807022E-1,-4.548983276E-1,9.710882187E0,9.768588315E0
1.470776682E1,9.600749016E-1,-4.453215301E-1,9.710882187E0,9.768382053E0
1.470977143E1,9.576807022E-1,-4.548983276E-1,9.715670586E0,9.773348441E0
1.471177663E1,9.624691010E-1,-4.548983276E-1,9.720458984E0,9.778578738E0
1.471378073E1,9.648633003E-1,-4.525041282E-1,9.722852707E0,9.781083066E0
1.471578421E1,9.672574997E-1,-4.620809257E-1,9.718064308E0,9.777007709E0
1.471778854E1,9.672574997E-1,-4.644751251E-1,9.720458984E0,9.779501372E0
1.471979198E1,9.600749016E-1,-4.596867263E-1,9.720458984E0,9.778567307E0
1.472179636E1,9.504981041E-1,-4.572925270E-1,9.713275909E0,9.770378293E0
1.472380030E1,9.696516991E-1,-4.596867263E-1,9.722852707E0,9.781891487E0
1.472580335E1,9.648633003E-1,-4.644751251E-1,9.739612579E0,9.798303502E0
1.472780643E1,9.648633003E-1,-4.644751251E-1,9.722852707E0,9.781644192E0
1.472980995E1,9.672574997E-1,-4.620809257E-1,9.727641106E0,9.786526827E0
1.473181323E1,9.600749016E-1,-4.548983276E-1,9.715670586E0,9.773583336E0
1.473381729E1,9.600749016E-1,-4.548983276E-1,9.718064308E0,9.775962879E0
1.473582190E1,9.576807022E-1,-4.572925270E-1,9.715670586E0,9.773460171E0
1.473782596E1,9.576807022E-1,-4.620809257E-1,9.720458984E0,9.778445376E0
1.473983104E1,9.648633003E-1,-4.572925270E-1,9.732429504E0,9.790825384E0
1.474183557E1,9.576807022E-1,-4.620809257E-1,9.718064308E0,9.776064904E0
1.474384061E1,9.672574997E-1,-4.572925270E-1,9.722852707E0,9.781542224E0
1.474584514E1,9.696516991E-1,-4.620809257E-1,9.715670586E0,9.774865632E0
1.474784870E1,9.672574997E-1,-4.572925270E-1,9.710882187E0,9.769643615E0
1.474985245E1,9.624691010E-1,-4.596867263E-1,9.713275909E0,9.771662476E0
1.475185589E1,9.648633003E-1,-4.620809257E-1,9.710882187E0,9.769632174E0
1.475385893E1,9.552865028E-1,-4.525041282E-1,9.718064308E0,9.775382662E0
1.475586264E1,9.552865028E-1,-4.548983276E-1,9.727641106E0,9.785014373E0
1.475786608E1,9.624691010E-1,-4.501099288E-1,9.725247383E0,9.783117212E0
1.475986890E1,9.600749016E-1,-4.453215301E-1,9.710882187E0,9.768382053E0
1.476187140E1,9.624691010E-1,-4.525041282E-1,9.720458984E0,9.778467652E0
1.476387472E1,9.504981041E-1,-4.548983276E-1,9.713275909E0,9.770266528E0
1.476587823E1,9.528923035E-1,-4.620809257E-1,9.734824181E0,9.792258389E0
1.476788136E1,9.552865028E-1,-4.620809257E-1,9.725247383E0,9.782971315E0
1.476988436E1,9.624691010E-1,-4.596867263E-1,9.727641106E0,9.785941965E0
1.477188776E1,9.696516991E-1,-4.572925270E-1,9.720458984E0,9.779399968E0
1.477389124E1,9.696516991E-1,-4.548983276E-1,9.715670586E0,9.774528727E0
1.477589511E1,9.600749016E-1,-4.596867263E-1,9.720458984E0,9.778567307E0
1.477789897E1,9.624691010E-1,-4.620809257E-1,9.722852707E0,9.781294920E0
1.477990350E1,9.600749016E-1,-4.644751251E-1,9.725247383E0,9.783553425E0
1.478190764E1,9.744400978E-1,-4.668693244E-1,9.730035782E0,9.789846617E0
1.478391136E1,9.696516991E-1,-4.620809257E-1,9.730035782E0,9.789143962E0
1.478591542E1,9.648633003E-1,-4.596867263E-1,9.725247383E0,9.783798329E0
1.478791882E1,9.720458984E-1,-4.525041282E-1,9.715670586E0,9.774655398E0
1.478992194E1,9.768342972E-1,-4.596867263E-1,9.722852707E0,9.782606089E0
1.479192417E1,9.744400978E-1,-4.572925270E-1,9.718064308E0,9.777495787E0
1.479392729E1,9.792284966E-1,-4.572925270E-1,9.710882187E0,9.770836083E0
1.479593042E1,9.720458984E-1,-4.572925270E-1,9.710882187E0,9.770118860E0
1.479793409E1,9.624691010E-1,-4.525041282E-1,9.725247383E0,9.783227659E0
1.479993761E1,9.624691010E-1,-4.501099288E-1,9.730035782E0,9.787877300E0
1.480194186E1,9.648633003E-1,-4.525041282E-1,9.720458984E0,9.778703597E0
1.480394526E1,9.672574997E-1,-4.572925270E-1,9.720458984E0,9.779162868E0
1.480594972E1,9.816226959E-1,-4.620809257E-1,9.715670586E0,9.776060394E0
1.480795319E1,9.720458984E-1,-4.596867263E-1,9.718064308E0,9.777369739E0
1.480995678E1,9.576807022E-1,-4.548983276E-1,9.710882187E0,9.768588315E0
1.481196073E1,9.672574997E-1,-4.548983276E-1,9.720458984E0,9.779051203E0
1.481396413E1,9.648633003E-1,-4.501099288E-1,9.734824181E0,9.792873019E0
1.481596843E1,9.624691010E-1,-4.525041282E-1,9.727641106E0,9.785607198E0
1.481797339E1,9.624691010E-1,-4.548983276E-1,9.720458984E0,9.778578738E0
1.481997800E1,9.624691010E-1,-4.572925270E-1,9.732429504E0,9.790589731E0
1.482198210E1,9.576807022E-1,-4.548983276E-1,9.737217903E0,9.794768875E0
1.482398675E1,9.696516991E-1,-4.572925270E-1,9.730035782E0,9.788919102E0
1.482599143E1,9.600749016E-1,-4.668693244E-1,9.734824181E0,9.793187051E0
1.482799585E1,9.624691010E-1,-4.572925270E-1,9.727641106E0,9.785829791E0
1.483000073E1,9.696516991E-1,-4.501099288E-1,9.718064308E0,9.776686415E0
1.483200475E1,9.648633003E-1,-4.548983276E-1,9.708487511E0,9.766914734E0
1.483401018E1,9.648633003E-1,-4.596867263E-1,9.708487511E0,9.767138927E0
1.483601557E1,9.696516991E-1,-4.572925270E-1,9.715670586E0,9.774640444E0
1.483802022E1,9.576807022E-1,-4.548983276E-1,9.703699112E0,9.761447704E0
1.484002546E1,9.552865028E-1,-4.429273009E-1,9.715670586E0,9.772564240E0
1.484203089E1,9.648633003E-1,-4.429273009E-1,9.722852707E0,9.780644690E0
1.484403475E1,9.528923035E-1,-4.501099288E-1,9.718064308E0,9.775038444E0
1.484603839E1,9.600749016E-1,-4.620809257E-1,9.710882187E0,9.769160427E0
1.484804147E1,9.624691010E-1,-4.668693244E-1,9.706093788E0,9.764864073E0
1.485004561E1,9.600749016E-1,-4.620809257E-1,9.706093788E0,9.764400607E0
1.485204995E1,9.624691010E-1,-4.596867263E-1,9.727641106E0,9.785941965E0
1.485405456E1,9.624691010E-1,-4.596867263E-1,9.708487511E0,9.766902703E0
1.485605878E1,9.672574997E-1,-4.572925270E-1,9.710882187E0,9.769643615E0
1.485806225E1,9.672574997E-1,-4.525041282E-1,9.701305389E0,9.759901296E0
1.486006655E1,9.720458984E-1,-4.453215301E-1,9.708487511E0,9.767185584E0
1.486207065E1,9.696516991E-1,-4.477157295E-1,9.703699112E0,9.762297386E0
1.486407393E1,9.648633003E-1,-4.596867263E-1,9.718064308E0,9.776658272E0
1.486607823E1,9.624691010E-1,-4.668693244E-1,9.718064308E0,9.776762636E0
1.486808265E1,9.672574997E-1,-4.644751251E-1,9.706093788E0,9.765223031E0
1.487008796E1,9.744400978E-1,-4.596867263E-1,9.710882187E0,9.770469704E0
1.487209261E1,9.648633003E-1,-4.596867263E-1,9.718064308E0,9.776658272E0
1.487409741E1,9.600749016E-1,-4.548983276E-1,9.727641106E0,9.785483012E0
1.487610179E1,9.648633003E-1,-4.548983276E-1,9.725247383E0,9.783574518E0
1.487810604E1,9.600749016E-1,-4.548983276E-1,9.720458984E0,9.778343376E0
1.488011096E1,9.552865028E-1,-4.501099288E-1,9.720458984E0,9.777652792E0
1.488211659E1,9.552865028E-1,-4.501099288E-1,9.725247383E0,9.782413195E0
1.488412245E1,9.600749016E-1,-4.477157295E-1,9.725247383E0,9.782772095E0
1.488612772E1,9.600749016E-1,-4.572925270E-1,9.708487511E0,9.766554665E0
1.488813190E1,9.696516991E-1,-4.525041282E-1,9.708487511E0,9.767277725E0
1.489013679E1,9.600749016E-1,-4.501099288E-1,9.710882187E0,9.768601518E0
1.489214057E1,9.648633003E-1,-4.572925270E-1,9.710882187E0,9.769406865E0
1.489414491E1,9.648633003E-1,-4.596867263E-1,9.713275909E0,9.771898586E0
1.489614956E1,9.648633003E-1,-4.596867263E-1,9.710882187E0,9.769519227E0
1.489815413E1,9.672574997E-1,-4.596867263E-1,9.710882187E0,9.769755975E0
1.490015811E1,9.648633003E-1,-4.548983276E-1,9.722852707E0,9.781194121E0
1.490216319E1,9.624691010E-1,-4.620809257E-1,9.725247383E0,9.783675292E0
1.490416784E1,9.648633003E-1,-4.620809257E-1,9.718064308E0,9.776771137E0
1.490617241E1,9.624691010E-1,-4.548983276E-1,9.708487511E0,9.766678504E0
1.490817554E1,9.624691010E-1,-4.596867263E-1,9.715670586E0,9.774042848E0
1.491017968E1,9.696516991E-1,-4.572925270E-1,9.725247383E0,9.784159521E0
1.491218444E1,9.672574997E-1,-4.525041282E-1,9.710882187E0,9.769420653E0
1.491418913E1,9.648633003E-1,-4.525041282E-1,9.713275909E0,9.771563338E0
1.491619339E1,9.600749016E-1,-4.548983276E-1,9.727641106E0,9.785483012E0
1.491819815E1,9.552865028E-1,-4.525041282E-1,9.727641106E0,9.784903360E0
1.492020261E1,9.624691010E-1,-4.477157295E-1,9.734824181E0,9.792527660E0
1.492220573E1,9.696516991E-1,-4.477157295E-1,9.739612579E0,9.797996070E0
1.492420886E1,9.768342972E-1,-4.501099288E-1,9.722852707E0,9.782160751E0
1.492621140E1,9.696516991E-1,-4.548983276E-1,9.715670586E0,9.774528727E0
1.492821511E1,9.648633003E-1,-4.453215301E-1,9.708487511E0,9.766473376E0
1.493021850E1,9.720458984E-1,-4.477157295E-1,9.710882187E0,9.769675299E0
1.493222171E1,9.672574997E-1,-4.453215301E-1,9.710882187E0,9.769090602E0
1.493422542E1,9.672574997E-1,-4.501099288E-1,9.713275909E0,9.771689460E0
1.493622909E1,9.624691010E-1,-4.572925270E-1,9.722852707E0,9.781069879E0
1.493823233E1,9.672574997E-1,-4.477157295E-1,9.706093788E0,9.764440233E0
1.494023530E1,9.624691010E-1,-4.596867263E-1,9.710882187E0,9.769283060E0
1.494223964E1,9.576807022E-1,-4.596867263E-1,9.710882187E0,9.768812469E0
1.494424436E1,9.576807022E-1,-4.548983276E-1,9.720458984E0,9.778108594E0
1.494624862E1,9.552865028E-1,-4.572925270E-1,9.727641106E0,9.785125969E0
1.494825272E1,9.576807022E-1,-4.596867263E-1,9.732429504E0,9.790232289E0
1.495025632E1,9.600749016E-1,-4.548983276E-1,9.725247383E0,9.783103443E0
1.495226014E1,9.552865028E-1,-4.644751251E-1,9.715670586E0,9.773564568E0
1.495426413E1,9.624691010E-1,-4.644751251E-1,9.718064308E0,9.776648598E0
1.495626811E1,9.600749016E-1,-4.620809257E-1,9.698910713E0,9.757260457E0
1.495827136E1,9.600749016E-1,-4.596867263E-1,9.696516991E0,9.754767934E0
1.496027569E1,9.600749016E-1,-4.596867263E-1,9.715670586E0,9.773807376E0
1.496228007E1,9.552865028E-1,-4.525041282E-1,9.718064308E0,9.775382662E0
1.496428472E1,9.576807022E-1,-4.525041282E-1,9.727641106E0,9.785137393E0
1.496628913E1,9.720458984E-1,-4.596867263E-1,9.715670586E0,9.774990539E0
1.496829327E1,9.552865028E-1,-4.644751251E-1,9.718064308E0,9.775944115E0
1.497029741E1,9.648633003E-1,-4.620809257E-1,9.710882187E0,9.769632174E0
1.497230233E1,9.744400978E-1,-4.501099288E-1,9.715670586E0,9.774783240E0
1.497430690E1,9.672574997E-1,-4.620809257E-1,9.715670586E0,9.774628422E0
1.497631097E1,9.624691010E-1,-4.644751251E-1,9.718064308E0,9.776648598E0
1.497831515E1,9.600749016E-1,-4.572925270E-1,9.713275909E0,9.771314608E0
1.498031960E1,9.600749016E-1,-4.525041282E-1,9.715670586E0,9.773472194E0
1.498232479E1,9.744400978E-1,-4.501099288E-1,9.718064308E0,9.777162490E0
1.498432886E1,9.744400978E-1,-4.477157295E-1,9.727641106E0,9.786571635E0
1.498633225E1,9.624691010E-1,-4.453215301E-1,9.725247383E0,9.782898073E0
1.498833636E1,9.600749016E-1,-4.501099288E-1,9.718064308E0,9.775741233E0
1.499034015E1,9.648633003E-1,-4.453215301E-1,9.722852707E0,9.780753407E0
1.499234444E1,9.672574997E-1,-4.405331016E-1,9.725247383E0,9.783153538E0
1.499434870E1,9.600749016E-1,-4.429273009E-1,9.725247383E0,9.782554118E0
1.499635280E1,9.600749016E-1,-4.453215301E-1,9.722852707E0,9.780282196E0
1.499835678E1,9.648633003E-1,-4.501099288E-1,9.715670586E0,9.773833182E0
1.500036081E1,9.600749016E-1,-4.501099288E-1,9.727641106E0,9.785261583E0
1.500236483E1,9.672574997E-1,-4.477157295E-1,9.718064308E0,9.776339312E0
1.500436901E1,9.696516991E-1,-4.453215301E-1,9.720458984E0,9.778847506E0
1.500637307E1,9.672574997E-1,-4.429273009E-1,9.715670586E0,9.773741688E0
