"Time (s)","Acceleration x (m/s^2)","Acceleration y (m/s^2)","Acceleration z (m/s^2)","Absolute acceleration (m/s^2)"
6.474130000E-3,-1.438915253E0,-9.574412346E0,1.539471745E0,9.803561706E0
8.470067000E-3,-1.448492050E0,-9.545681953E0,1.553836942E0,9.779191297E0
1.046577000E-2,-1.453280449E0,-9.538499832E0,1.546654344E0,9.771752288E0
1.246120000E-2,-1.465251446E0,-9.526528358E0,1.532289028E0,9.759590874E0
1.445709900E-2,-1.467645645E0,-9.521739960E0,1.525106430E0,9.754151179E0
1.645319200E-2,-1.462857246E0,-9.516951561E0,1.527500629E0,9.749132090E0
1.844873900E-2,-1.436521053E0,-9.519346237E0,1.537077546E0,9.749059078E0
2.044432500E-2,-1.412579060E0,-9.531316757E0,1.544260144E0,9.758387065E0
2.244092700E-2,-1.379060149E0,-9.550470352E0,1.558625340E0,9.774589700E0
2.443717700E-2,-1.367089152E0,-9.557653427E0,1.568202138E0,9.781458466E0
2.643350500E-2,-1.362300754E0,-9.574412346E0,1.582567334E0,9.799477255E0
2.842967700E-2,-1.350329757E0,-9.579200745E0,1.594538331E0,9.804439293E0
3.042510600E-2,-1.350329757E0,-9.586383820E0,1.599326730E0,9.812236808E0
3.242084900E-2,-1.335964561E0,-9.595960617E0,1.594538331E0,9.818849931E0
3.441655200E-2,-1.328781962E0,-9.595960617E0,1.596932530E0,9.818264367E0
3.641323100E-2,-1.312022567E0,-9.595960617E0,1.587355733E0,9.814456766E0
3.840991100E-2,-1.295263171E0,-9.598354340E0,1.587355733E0,9.814571358E0
4.040690300E-2,-1.295263171E0,-9.598354340E0,1.580173135E0,9.813412243E0
4.240362200E-2,-1.292868972E0,-9.591172218E0,1.549048543E0,9.801104330E0
4.439995000E-2,-1.285686255E0,-9.591172218E0,1.546654344E0,9.799781290E0
4.639666900E-2,-1.276109457E0,-9.591172218E0,1.561019540E0,9.800807205E0
4.839370000E-2,-1.297657371E0,-9.591172218E0,1.568202138E0,9.804782360E0
5.039026300E-2,-1.302445769E0,-9.610325813E0,1.570596337E0,9.824535616E0
5.238788000E-2,-1.316810966E0,-9.615114212E0,1.568202138E0,9.830751262E0
5.438397400E-2,-1.333570361E0,-9.629479408E0,1.572990537E0,9.847821222E0
5.637971600E-2,-1.335964561E0,-9.629479408E0,1.575384736E0,9.848528420E0
5.837530200E-2,-1.357512355E0,-9.617507935E0,1.587355733E0,9.841696850E0
6.037186400E-2,-1.376665950E0,-9.617507935E0,1.589749932E0,9.844743412E0
6.236924700E-2,-1.400607944E0,-9.619902611E0,1.582567334E0,9.849301915E0
6.436541900E-2,-1.426944256E0,-9.634267807E0,1.594538331E0,9.869034328E0
6.636127800E-2,-1.446097851E0,-9.627084732E0,1.613691926E0,9.867925874E0
6.835631700E-2,-1.465251446E0,-9.624691010E0,1.625662923E0,9.870380883E0
7.035182500E-2,-1.482010841E0,-9.619902611E0,1.640028119E0,9.870591401E0
7.234729400E-2,-1.484405041E0,-9.607931137E0,1.644816518E0,9.860082172E0
7.434397400E-2,-1.489193439E0,-9.607931137E0,1.659181833E0,9.863210542E0
7.634104400E-2,-1.493981838E0,-9.615114212E0,1.661576033E0,9.871334153E0
7.833772400E-2,-1.505952835E0,-9.619902611E0,1.690306425E0,9.882689714E0
8.033440300E-2,-1.527500629E0,-9.619902611E0,1.687912226E0,9.885587089E0
8.232998900E-2,-1.534683347E0,-9.617507935E0,1.711854219E0,9.888486068E0
8.432627800E-2,-1.551442742E0,-9.615114212E0,1.735796213E0,9.892946193E0
8.632202000E-2,-1.563413739E0,-9.607931137E0,1.721431017E0,9.885339043E0
8.831846600E-2,-1.565807939E0,-9.615114212E0,1.721431017E0,9.892699356E0
9.031502800E-2,-1.568202138E0,-9.617507935E0,1.719036818E0,9.894988853E0
9.231241100E-2,-1.563413739E0,-9.615114212E0,1.726219416E0,9.893155073E0
9.430975500E-2,-1.561019540E0,-9.617507935E0,1.719036818E0,9.893853064E0
9.630756700E-2,-1.541865945E0,-9.610325813E0,1.707065821E0,9.881790655E0
9.830420800E-2,-1.539471745E0,-9.607931137E0,1.704671621E0,9.878674978E0
1.003013560E-1,-1.525106430E0,-9.605537415E0,1.704671621E0,9.874117884E0
1.022984270E-1,-1.505952835E0,-9.603142738E0,1.692700624E0,9.866786701E0
1.042957700E-1,-1.491587639E0,-9.617507935E0,1.697489023E0,9.879410992E0
1.062931140E-1,-1.486799240E0,-9.619902611E0,1.699883223E0,9.881432143E0
1.082898720E-1,-1.477222443E0,-9.615114212E0,1.702277422E0,9.875745839E0
1.102874500E-1,-1.474828243E0,-9.610325813E0,1.707065821E0,9.871552781E0
1.122797270E-1,-1.493981838E0,-9.603142738E0,1.709460020E0,9.867856188E0
1.142820990E-1,-1.515529633E0,-9.600749016E0,1.707065821E0,9.868398322E0
1.162789740E-1,-1.520318031E0,-9.586383820E0,1.707065821E0,9.855160849E0
1.182762780E-1,-1.520318031E0,-9.574412346E0,1.697489023E0,9.841859970E0
1.202737000E-1,-1.515529633E0,-9.564835548E0,1.692700624E0,9.830978819E0
1.222704190E-1,-1.513135433E0,-9.562441826E0,1.690306425E0,9.827868961E0
1.242679970E-1,-1.513135433E0,-9.545681953E0,1.687912226E0,9.811150314E0
1.262642470E-1,-1.496376038E0,-9.524134636E0,1.685518026E0,9.787198416E0
1.282619810E-1,-1.496376038E0,-9.524134636E0,1.692700624E0,9.788437935E0
1.302592470E-1,-1.489193439E0,-9.526528358E0,1.678335428E0,9.787198244E0
1.322573330E-1,-1.477222443E0,-9.521739960E0,1.668758631E0,9.779083463E0
1.342547550E-1,-1.474828243E0,-9.512163162E0,1.666364431E0,9.768988524E0
1.362510440E-1,-1.470039845E0,-9.504981041E0,1.663970232E0,9.760864647E0
1.382471380E-1,-1.462857246E0,-9.516951561E0,1.656787634E0,9.770223314E0
1.402441690E-1,-1.467645645E0,-9.531316757E0,1.659181833E0,9.785339402E0
1.422417470E-1,-1.455674648E0,-9.538499832E0,1.656787634E0,9.790143666E0
1.442385830E-1,-1.448492050E0,-9.555258751E0,1.644816518E0,9.803393310E0
1.462351060E-1,-1.419761658E0,-9.569623947E0,1.632845521E0,9.811198202E0
1.482336220E-1,-1.403002143E0,-9.586383820E0,1.623268723E0,9.823551858E0
1.502315130E-1,-1.393425345E0,-9.610325813E0,1.625662923E0,9.845952284E0
1.522298330E-1,-1.395819545E0,-9.619902611E0,1.628057122E0,9.856034113E0
1.542282310E-1,-1.391031146E0,-9.636661530E0,1.608903527E0,9.868575563E0
1.562270600E-1,-1.388636947E0,-9.639056206E0,1.594538331E0,9.868245518E0
1.582251850E-1,-1.379060149E0,-9.634267807E0,1.587355733E0,9.861065931E0
1.602244030E-1,-1.398213744E0,-9.636661530E0,1.596932530E0,9.867646154E0
1.622233880E-1,-1.417367458E0,-9.629479408E0,1.604115129E0,9.864531896E0
1.642218250E-1,-1.431732655E0,-9.624691010E0,1.613691926E0,9.863495174E0
1.662202240E-1,-1.438915253E0,-9.617507935E0,1.604115129E0,9.855968817E0
1.682180360E-1,-1.448492050E0,-9.617507935E0,1.608903527E0,9.858151888E0
1.702170200E-1,-1.458068848E0,-9.617507935E0,1.613691926E0,9.860346103E0
1.722166690E-1,-1.448492050E0,-9.607931137E0,1.625662923E0,9.851560785E0
1.742146770E-1,-1.458068848E0,-9.603142738E0,1.620874524E0,9.847514887E0
1.762134270E-1,-1.467645645E0,-9.605537415E0,1.628057122E0,9.852456686E0
1.782120990E-1,-1.467645645E0,-9.593565941E0,1.620874524E0,9.839599861E0
1.802104970E-1,-1.465251446E0,-9.581595421E0,1.606509328E0,9.825212712E0
1.822085830E-1,-1.448492050E0,-9.579200745E0,1.599326730E0,9.819219018E0
1.842072940E-1,-1.446097851E0,-9.576807022E0,1.594538331E0,9.815751842E0
1.862060830E-1,-1.438915253E0,-9.572018623E0,1.604115129E0,9.811585141E0
1.882040520E-1,-1.436521053E0,-9.576807022E0,1.608903527E0,9.816689668E0
1.902028020E-1,-1.436521053E0,-9.569623947E0,1.620874524E0,9.811652738E0
1.922016300E-1,-1.441309452E0,-9.567230225E0,1.611297727E0,9.808442663E0
1.941997550E-1,-1.453280449E0,-9.564835548E0,1.604115129E0,9.806696104E0
1.961983100E-1,-1.462857246E0,-9.552865028E0,1.589749932E0,9.794104677E0
1.981969810E-1,-1.470039845E0,-9.560047150E0,1.584961534E0,9.801409170E0
2.001953800E-1,-1.462857246E0,-9.564835548E0,1.580173135E0,9.804232633E0
2.021948330E-1,-1.455674648E0,-9.572018623E0,1.563413739E0,9.807486514E0
2.041938950E-1,-1.460463047E0,-9.581595421E0,1.551442742E0,9.815645557E0
2.061927630E-1,-1.460463047E0,-9.603142738E0,1.537077546E0,9.834424749E0
2.081915130E-1,-1.453280449E0,-9.607931137E0,1.527500629E0,9.836545276E0
2.101900670E-1,-1.450886250E0,-9.610325813E0,1.508347034E0,9.835575424E0
2.121883880E-1,-1.455674648E0,-9.603142738E0,1.493981838E0,9.827070818E0
2.141866300E-1,-1.458068848E0,-9.603142738E0,1.493981838E0,9.827425754E0
2.161850670E-1,-1.465251446E0,-9.603142738E0,1.493981838E0,9.828493984E0
2.181832700E-1,-1.465251446E0,-9.600749016E0,1.486799240E0,9.825065671E0
2.201810440E-1,-1.479616642E0,-9.612719536E0,1.486799240E0,9.838913266E0
2.221792860E-1,-1.479616642E0,-9.605537415E0,1.484405041E0,9.831534608E0
2.241786610E-1,-1.493981838E0,-9.603142738E0,1.482010841E0,9.831006475E0
2.261773330E-1,-1.493981838E0,-9.600749016E0,1.479616642E0,9.828307525E0
2.281765130E-1,-1.496376038E0,-9.595960617E0,1.496376038E0,9.826532586E0
2.301759270E-1,-1.505952835E0,-9.588777542E0,1.505952835E0,9.822445858E0
2.321767470E-1,-1.517923832E0,-9.583989143E0,1.498770237E0,9.818515819E0
2.341764740E-1,-1.520318031E0,-9.569623947E0,1.503558636E0,9.805598298E0
2.361761610E-1,-1.520318031E0,-9.560047150E0,1.525106430E0,9.799582544E0
2.381754190E-1,-1.513135433E0,-9.564835548E0,1.532289028E0,9.804262725E0
2.401748330E-1,-1.513135433E0,-9.579200745E0,1.549048543E0,9.820907144E0
2.421745600E-1,-1.498770237E0,-9.586383820E0,1.541865945E0,9.824582309E0
2.441737000E-1,-1.493981838E0,-9.598354340E0,1.558625340E0,9.838175680E0
2.461729190E-1,-1.489193439E0,-9.603142738E0,1.558625340E0,9.842121748E0
2.481724110E-1,-1.472434044E0,-9.615114212E0,1.572990537E0,9.853566996E0
2.501724890E-1,-1.465251446E0,-9.615114212E0,1.587355733E0,9.854799913E0
2.521723720E-1,-1.460463047E0,-9.615114212E0,1.592144132E0,9.854861570E0
2.541722940E-1,-1.458068848E0,-9.617507935E0,1.596932530E0,9.857617214E0
2.561721770E-1,-1.462857246E0,-9.619902611E0,1.601720929E0,9.861439423E0
2.581718640E-1,-1.460463047E0,-9.605537415E0,1.608903527E0,9.848242071E0
2.601727630E-1,-1.467645645E0,-9.595960617E0,1.606509328E0,9.839579062E0
2.621724500E-1,-1.462857246E0,-9.593565941E0,1.608903527E0,9.836921741E0
2.641724110E-1,-1.436521053E0,-9.593565941E0,1.596932530E0,9.831088124E0
2.661725670E-1,-1.429338455E0,-9.574412346E0,1.599326730E0,9.811739202E0
2.681719030E-1,-1.426944256E0,-9.567230225E0,1.604115129E0,9.805164426E0
2.701718250E-1,-1.429338455E0,-9.550470352E0,1.611297727E0,9.790340787E0
2.721727630E-1,-1.422155857E0,-9.538499832E0,1.611297727E0,9.777616616E0
2.741738950E-1,-1.414973259E0,-9.540893555E0,1.637633920E0,9.783283907E0
2.761748330E-1,-1.410184860E0,-9.548076630E0,1.642422318E0,9.790400387E0
2.781747550E-1,-1.398213744E0,-9.552865028E0,1.632845521E0,9.791752469E0
2.801754580E-1,-1.383848548E0,-9.555258751E0,1.647210717E0,9.794453009E0
2.821754580E-1,-1.376665950E0,-9.562441826E0,1.663970232E0,9.803280050E0
2.841753800E-1,-1.376665950E0,-9.567230225E0,1.663970232E0,9.807950869E0
2.861754190E-1,-1.391031146E0,-9.557653427E0,1.671152830E0,9.801859949E0
2.881767470E-1,-1.403002143E0,-9.560047150E0,1.680729628E0,9.807536316E0
2.901779970E-1,-1.412579060E0,-9.555258751E0,1.683123827E0,9.804654773E0
2.921784270E-1,-1.410184860E0,-9.557653427E0,1.675941229E0,9.805413779E0
2.941780360E-1,-1.414973259E0,-9.560047150E0,1.680729628E0,9.809255981E0
2.961780750E-1,-1.407790542E0,-9.564835548E0,1.671152830E0,9.811254000E0
2.981793250E-1,-1.407790542E0,-9.579200745E0,1.651999116E0,9.822019252E0
3.001798330E-1,-1.395819545E0,-9.591172218E0,1.618480325E0,9.826412127E0
3.021797160E-1,-1.388636947E0,-9.600749016E0,1.604115129E0,9.832389312E0
3.041804580E-1,-1.400607944E0,-9.605537415E0,1.608903527E0,9.839543800E0
3.061812390E-1,-1.412579060E0,-9.612719536E0,1.599326730E0,9.846705158E0
3.081811610E-1,-1.429338455E0,-9.619902611E0,1.594538331E0,9.855358296E0
3.101813170E-1,-1.460463047E0,-9.641449928E0,1.592144132E0,9.880558282E0
3.121816300E-1,-1.489193439E0,-9.641449928E0,1.594538331E0,9.885231728E0
3.141810440E-1,-1.517923832E0,-9.631873131E0,1.592144132E0,9.879878324E0
3.161801060E-1,-1.541865945E0,-9.617507935E0,1.587355733E0,9.868814908E0
3.181796380E-1,-1.537077546E0,-9.603142738E0,1.587355733E0,9.854067995E0
3.201787390E-1,-1.522712231E0,-9.610325813E0,1.577778935E0,9.857301920E0
3.221776450E-1,-1.510741234E0,-9.610325813E0,1.584961534E0,9.856612216E0
3.241765520E-1,-1.503558636E0,-9.607931137E0,1.584961534E0,9.853178795E0
3.261770600E-1,-1.486799240E0,-9.607931137E0,1.599326730E0,9.852956851E0
3.281774500E-1,-1.482010841E0,-9.600749016E0,1.625662923E0,9.849544037E0
3.301772550E-1,-1.479616642E0,-9.588777542E0,1.644816518E0,9.840698224E0
3.321775670E-1,-1.479616642E0,-9.588777542E0,1.668758631E0,9.844728311E0
3.341770600E-1,-1.472434044E0,-9.583989143E0,1.685518026E0,9.841843371E0
3.361767860E-1,-1.462857246E0,-9.572018623E0,1.721431017E0,9.834979237E0
3.381771770E-1,-1.438915253E0,-9.572018623E0,1.750161409E0,9.836517808E0
3.401762000E-1,-1.436521053E0,-9.572018623E0,1.762132406E0,9.838304929E0
3.421751060E-1,-1.419761658E0,-9.567230225E0,1.790862918E0,9.836402154E0
3.441726060E-1,-1.419761658E0,-9.567230225E0,1.817199111E0,9.841231119E0
3.461697550E-1,-1.422155857E0,-9.569623947E0,1.829170108E0,9.846120711E0
3.481679970E-1,-1.429338455E0,-9.552865028E0,1.848323703E0,9.834456730E0
3.501669030E-1,-1.441309452E0,-9.536105156E0,1.857900500E0,9.821734508E0
3.521653410E-1,-1.446097851E0,-9.540893555E0,1.853112102E0,9.826183047E0
3.541645990E-1,-1.453280449E0,-9.538499832E0,1.843535304E0,9.823116895E0
3.561631140E-1,-1.455674648E0,-9.533711433E0,1.841141105E0,9.818372724E0
3.581618640E-1,-1.453280449E0,-9.526528358E0,1.829170108E0,9.808803694E0
3.601604190E-1,-1.448492050E0,-9.521739960E0,1.805228114E0,9.799005543E0
3.621578800E-1,-1.450886250E0,-9.516951561E0,1.786074519E0,9.791195030E0
3.641563170E-1,-1.453280449E0,-9.516951561E0,1.759738207E0,9.786780351E0
3.661548330E-1,-1.458068848E0,-9.516951561E0,1.726219416E0,9.781521622E0
3.681524110E-1,-1.455674648E0,-9.516951561E0,1.719036818E0,9.779899962E0
3.701505360E-1,-1.460463047E0,-9.521739960E0,1.702277422E0,9.782342899E0
3.721479580E-1,-1.458068848E0,-9.524134636E0,1.690306425E0,9.782241110E0
3.741449110E-1,-1.458068848E0,-9.516951561E0,1.668758631E0,9.771544768E0
3.761427630E-1,-1.465251446E0,-9.526528358E0,1.663970232E0,9.781129858E0
3.781403800E-1,-1.462857246E0,-9.540893555E0,1.656787634E0,9.793546161E0
3.801379190E-1,-1.465251446E0,-9.564835548E0,1.649604917E0,9.816019420E0
3.821354190E-1,-1.453280449E0,-9.586383820E0,1.642422318E0,9.834039347E0
3.841333100E-1,-1.448492050E0,-9.591172218E0,1.635239720E0,9.836804496E0
3.861317080E-1,-1.441309452E0,-9.595960617E0,1.637633920E0,9.840816935E0
3.881305360E-1,-1.429338455E0,-9.610325813E0,1.640028119E0,9.853479735E0
3.901289350E-1,-1.424550056E0,-9.603142738E0,1.625662923E0,9.843397445E0
3.921276450E-1,-1.417367458E0,-9.598354340E0,1.625662923E0,9.837688574E0
3.941259270E-1,-1.403002143E0,-9.598354340E0,1.620874524E0,9.834838853E0
3.961240910E-1,-1.395819545E0,-9.600749016E0,1.620874524E0,9.836154131E0
3.981220200E-1,-1.379060149E0,-9.595960617E0,1.637633920E0,9.831892591E0
4.001196770E-1,-1.364694953E0,-9.579200745E0,1.649604917E0,9.815532365E0
4.021178020E-1,-1.359906554E0,-9.581595421E0,1.656787634E0,9.818414429E0
4.041155360E-1,-1.355118155E0,-9.588777542E0,1.673547029E0,9.827601927E0
4.061138170E-1,-1.362300754E0,-9.591172218E0,1.687912226E0,9.833386779E0
4.081122940E-1,-1.374271750E0,-9.569623947E0,1.699883223E0,9.816105557E0
4.101103020E-1,-1.388636947E0,-9.564835548E0,1.721431017E0,9.817215307E0
4.121073330E-1,-1.400607944E0,-9.562441826E0,1.742978811E0,9.820385503E0
4.141056920E-1,-1.419761658E0,-9.562441826E0,1.747767210E0,9.823986312E0
4.161046770E-1,-1.434126854E0,-9.574412346E0,1.747767210E0,9.837722390E0
4.181026060E-1,-1.438915253E0,-9.574412346E0,1.764526606E0,9.841412653E0
4.201014740E-1,-1.453280449E0,-9.564835548E0,1.771709204E0,9.835499816E0
4.220985440E-1,-1.477222443E0,-9.557653427E0,1.762132406E0,9.830362953E0
4.240958490E-1,-1.498770237E0,-9.560047150E0,1.771709204E0,9.837670823E0
4.260931920E-1,-1.505952835E0,-9.552865028E0,1.757344007E0,9.829210658E0
4.280901450E-1,-1.496376038E0,-9.552865028E0,1.754949808E0,9.827320099E0
4.300878410E-1,-1.479616642E0,-9.555258751E0,1.747767210E0,9.825829503E0
4.320858100E-1,-1.472434044E0,-9.550470352E0,1.747767210E0,9.820093491E0
4.340831920E-1,-1.467645645E0,-9.550470352E0,1.742978811E0,9.818525491E0
4.360811220E-1,-1.458068848E0,-9.548076630E0,1.747767210E0,9.815621341E0
4.380783880E-1,-1.446097851E0,-9.548076630E0,1.745373011E0,9.813424136E0
4.400752630E-1,-1.448492050E0,-9.564835548E0,1.731007814E0,9.827542742E0
4.420726450E-1,-1.450886250E0,-9.557653427E0,1.738190413E0,9.822174701E0
4.440712000E-1,-1.470039845E0,-9.562441826E0,1.745373011E0,9.830953045E0
4.460696770E-1,-1.484405041E0,-9.567230225E0,1.735796213E0,9.836073454E0
4.480689350E-1,-1.489193439E0,-9.569623947E0,1.733402014E0,9.838703275E0
4.500679190E-1,-1.501164436E0,-9.576807022E0,1.747767210E0,9.850046580E0
4.520654580E-1,-1.515529633E0,-9.572018623E0,1.738190413E0,9.845896430E0
4.540630750E-1,-1.529894829E0,-9.569623947E0,1.740584612E0,9.846213255E0
4.560615910E-1,-1.529894829E0,-9.569623947E0,1.740584612E0,9.846213255E0
4.580602240E-1,-1.541865945E0,-9.574412346E0,1.738190413E0,9.852310809E0
4.600582700E-1,-1.553836942E0,-9.576807022E0,1.735796213E0,9.856096107E0
4.620572940E-1,-1.577778935E0,-9.569623947E0,1.733402014E0,9.852500769E0
4.640563560E-1,-1.584961534E0,-9.564835548E0,1.735796213E0,9.849424888E0
4.660551450E-1,-1.604115129E0,-9.555258751E0,1.745373011E0,9.844921640E0
4.680534660E-1,-1.635239720E0,-9.557653427E0,1.752555609E0,9.853638878E0
4.700514350E-1,-1.654393315E0,-9.562441826E0,1.764526606E0,9.863613185E0
4.720495200E-1,-1.666364431E0,-9.567230225E0,1.786074519E0,9.874144357E0
4.740483490E-1,-1.671152830E0,-9.555258751E0,1.814804912E0,9.868598606E0
4.760463950E-1,-1.673547029E0,-9.550470352E0,1.814804912E0,9.864368225E0
4.780449500E-1,-1.668758631E0,-9.552865028E0,1.807622313E0,9.864556961E0
4.800433490E-1,-1.668758631E0,-9.552865028E0,1.814804912E0,9.865875657E0
4.820416300E-1,-1.675941229E0,-9.560047150E0,1.807622313E0,9.872729052E0
4.840403410E-1,-1.661576033E0,-9.560047150E0,1.798045516E0,9.868551266E0
4.860396380E-1,-1.649604917E0,-9.569623947E0,1.790862918E0,9.874517146E0
4.880381920E-1,-1.632845521E0,-9.557653427E0,1.774103403E0,9.857097261E0
4.900368640E-1,-1.618480325E0,-9.562441826E0,1.757344007E0,9.856370031E0
4.920356140E-1,-1.611297727E0,-9.581595421E0,1.738190413E0,9.870387889E0
4.940336610E-1,-1.577778935E0,-9.576807022E0,1.721431017E0,9.857380172E0
4.960324890E-1,-1.565807939E0,-9.576807022E0,1.707065821E0,9.852972189E0
4.980314350E-1,-1.546654344E0,-9.591172218E0,1.690306425E0,9.861027329E0
5.000315130E-1,-1.515529633E0,-9.595960617E0,1.678335428E0,9.858808246E0
5.020301060E-1,-1.477222443E0,-9.593565941E0,1.647210717E0,9.845404855E0
5.040288170E-1,-1.443703651E0,-9.598354340E0,1.613691926E0,9.839547139E0
5.060272160E-1,-1.422155857E0,-9.588777542E0,1.618480325E0,9.827851271E0
5.080253020E-1,-1.422155857E0,-9.572018623E0,1.606509328E0,9.809533120E0
5.100237780E-1,-1.419761658E0,-9.569623947E0,1.604115129E0,9.806457617E0
5.120219420E-1,-1.436521053E0,-9.555258751E0,1.596932530E0,9.793710024E0
5.140198720E-1,-1.441309452E0,-9.548076630E0,1.575384736E0,9.783914213E0
5.160183490E-1,-1.446097851E0,-9.548076630E0,1.556231141E0,9.781555177E0
5.180167080E-1,-1.443703651E0,-9.531316757E0,1.558625340E0,9.765223618E0
5.200135830E-1,-1.441309452E0,-9.514557838E0,1.539471745E0,9.745468539E0
5.220119810E-1,-1.438915253E0,-9.507374763E0,1.525106430E0,9.735841084E0
5.240094420E-1,-1.436521053E0,-9.507374763E0,1.517923832E0,9.734364920E0
5.260067470E-1,-1.436521053E0,-9.509769440E0,1.520318031E0,9.737077305E0
5.280048330E-1,-1.448492050E0,-9.507374763E0,1.515529633E0,9.735765721E0
5.300032310E-1,-1.443703651E0,-9.516951561E0,1.505952835E0,9.742922620E0
5.320007700E-1,-1.424550056E0,-9.533711433E0,1.505952835E0,9.756479411E0
5.339978800E-1,-1.410184860E0,-9.543288231E0,1.508347034E0,9.764122202E0
5.359963170E-1,-1.405396342E0,-9.552865028E0,1.517923832E0,9.774275517E0
5.379948330E-1,-1.407790542E0,-9.567230225E0,1.544260144E0,9.792778348E0
5.399933880E-1,-1.410184860E0,-9.569623947E0,1.561019540E0,9.798117464E0
5.419912780E-1,-1.417367458E0,-9.572018623E0,1.572990537E0,9.803406054E0
5.439877630E-1,-1.426944256E0,-9.560047150E0,1.589749932E0,9.795814221E0
5.459842470E-1,-1.424550056E0,-9.552865028E0,1.587355733E0,9.788067804E0
5.479813950E-1,-1.422155857E0,-9.533711433E0,1.616086125E0,9.773735997E0
5.499783490E-1,-1.419761658E0,-9.538499832E0,1.618480325E0,9.778454928E0
5.519757310E-1,-1.429338455E0,-9.540893555E0,1.618480325E0,9.782184664E0
5.539729580E-1,-1.436521053E0,-9.545681953E0,1.620874524E0,9.788302760E0
5.559701450E-1,-1.438915253E0,-9.533711433E0,1.613691926E0,9.775793187E0
5.579672940E-1,-1.441309452E0,-9.536105156E0,1.620874524E0,9.779668129E0
5.599656920E-1,-1.455674648E0,-9.548076630E0,1.651999116E0,9.798666087E0
5.619627240E-1,-1.453280449E0,-9.552865028E0,1.647210717E0,9.802171059E0
5.639603020E-1,-1.450886250E0,-9.557653427E0,1.637633920E0,9.804879132E0
5.659586610E-1,-1.450886250E0,-9.572018623E0,1.628057122E0,9.817289923E0
5.679562780E-1,-1.448492050E0,-9.581595421E0,1.635239720E0,9.827467068E0
5.699529580E-1,-1.436521053E0,-9.591172218E0,1.644816518E0,9.836645700E0
5.719505360E-1,-1.429338455E0,-9.595960617E0,1.644816518E0,9.840268795E0
5.739488170E-1,-1.412579060E0,-9.588777542E0,1.642422318E0,9.830441772E0
5.759465910E-1,-1.400607944E0,-9.598354340E0,1.628057122E0,9.835683943E0
5.779445990E-1,-1.400607944E0,-9.612719536E0,1.625662923E0,9.849307561E0
5.799431920E-1,-1.381454349E0,-9.619902611E0,1.623268723E0,9.853219966E0
5.819420200E-1,-1.376665950E0,-9.622296333E0,1.608903527E0,9.852530965E0
5.839403020E-1,-1.369483352E0,-9.624691010E0,1.613691926E0,9.854651862E0
5.859384660E-1,-1.371877551E0,-9.622296333E0,1.608903527E0,9.851863037E0
5.879365910E-1,-1.374271750E0,-9.629479408E0,1.613691926E0,9.859994835E0
5.899353800E-1,-1.371877551E0,-9.643844604E0,1.601720929E0,9.871742334E0
5.919346380E-1,-1.359906554E0,-9.641449928E0,1.604115129E0,9.868134976E0
5.939335050E-1,-1.359906554E0,-9.622296333E0,1.608903527E0,9.850203202E0
5.959326450E-1,-1.347935557E0,-9.612719536E0,1.608903527E0,9.839201070E0
5.979310050E-1,-1.338358760E0,-9.615114212E0,1.596932530E0,9.838283335E0
5.999292080E-1,-1.340752959E0,-9.605537415E0,1.594538331E0,9.828861583E0
6.019270600E-1,-1.345541358E0,-9.600749016E0,1.611297727E0,9.827570584E0
6.039253800E-1,-1.345541358E0,-9.607931137E0,1.613691926E0,9.834979609E0
6.059231920E-1,-1.333570361E0,-9.607931137E0,1.623268723E0,9.834925114E0
6.079207700E-1,-1.331176162E0,-9.603142738E0,1.623268723E0,9.829922776E0
6.099188560E-1,-1.331176162E0,-9.598354340E0,1.632845521E0,9.826831661E0
6.119166300E-1,-1.323993564E0,-9.605537415E0,1.628057122E0,9.832084111E0
6.139145600E-1,-1.326387763E0,-9.607931137E0,1.642422318E0,9.837133541E0
6.159122550E-1,-1.323993564E0,-9.607931137E0,1.642422318E0,9.836811006E0
6.179093250E-1,-1.331176162E0,-9.610325813E0,1.632845521E0,9.838525129E0
6.199081140E-1,-1.333570361E0,-9.619902611E0,1.642422318E0,9.849796304E0
6.219070600E-1,-1.340752959E0,-9.619902611E0,1.637633920E0,9.849974091E0
6.239055360E-1,-1.352723956E0,-9.622296333E0,1.625662923E0,9.851965731E0
6.259034270E-1,-1.364694953E0,-9.629479408E0,1.625662923E0,9.860631112E0
6.279016690E-1,-1.371877551E0,-9.615114212E0,1.628057122E0,9.847996716E0
6.298997550E-1,-1.381454349E0,-9.612719536E0,1.632845521E0,9.847790488E0
6.318980360E-1,-1.398213744E0,-9.612719536E0,1.649604917E0,9.852947525E0
6.338963950E-1,-1.403002143E0,-9.610325813E0,1.654393315E0,9.852095944E0
6.358950670E-1,-1.403002143E0,-9.607931137E0,1.671152830E0,9.852588874E0
6.378938950E-1,-1.410184860E0,-9.610325813E0,1.695094824E0,9.860037020E0
6.398920600E-1,-1.405396342E0,-9.617507935E0,1.695094824E0,9.866354150E0
6.418910440E-1,-1.400607944E0,-9.607931137E0,1.695094824E0,9.856337545E0
6.438910050E-1,-1.386242747E0,-9.595960617E0,1.711854219E0,9.845535739E0
6.458906920E-1,-1.388636947E0,-9.586383820E0,1.726219416E0,9.839049790E0
6.478888560E-1,-1.395819545E0,-9.583989143E0,1.726219416E0,9.837733152E0
6.498875670E-1,-1.403002143E0,-9.581595421E0,1.728613615E0,9.836843541E0
6.518865130E-1,-1.424550056E0,-9.581595421E0,1.728613615E0,9.839939975E0
6.538856140E-1,-1.436521053E0,-9.576807022E0,1.740584612E0,9.839129040E0
6.558840130E-1,-1.443703651E0,-9.579200745E0,1.738190413E0,9.842086824E0
6.578824110E-1,-1.446097851E0,-9.579200745E0,1.723825216E0,9.839911548E0
6.598807310E-1,-1.436521053E0,-9.586383820E0,1.716642618E0,9.844247526E0
6.618783880E-1,-1.429338455E0,-9.591172218E0,1.709460020E0,9.846615992E0
6.638763950E-1,-1.407790542E0,-9.595960617E0,1.721431017E0,9.850261881E0
6.658750280E-1,-1.400607944E0,-9.593565941E0,1.714248419E0,9.845651716E0
6.678739350E-1,-1.388636947E0,-9.603142738E0,1.714248419E0,9.853289332E0
6.698716300E-1,-1.381454349E0,-9.595960617E0,1.707065821E0,9.844031186E0
6.718689350E-1,-1.371877551E0,-9.576807022E0,1.685518026E0,9.820297947E0
6.738663170E-1,-1.364694953E0,-9.564835548E0,1.678335428E0,9.806389814E0
6.758638560E-1,-1.362300754E0,-9.562441826E0,1.668758631E0,9.802087144E0
6.778612390E-1,-1.364694953E0,-9.555258751E0,1.663970232E0,9.794598463E0
6.798586610E-1,-1.367089152E0,-9.548076630E0,1.651999116E0,9.785898076E0
6.818568640E-1,-1.367089152E0,-9.543288231E0,1.651999116E0,9.781226103E0
6.838547550E-1,-1.364694953E0,-9.533711433E0,1.663970232E0,9.773578820E0
6.858520600E-1,-1.357512355E0,-9.531316757E0,1.678335428E0,9.772699153E0
6.878493640E-1,-1.359906554E0,-9.531316757E0,1.675941229E0,9.772621141E0
6.898474110E-1,-1.379060149E0,-9.536105156E0,1.666364431E0,9.778337224E0
6.918463170E-1,-1.400607944E0,-9.543288231E0,1.661576033E0,9.787588456E0
6.938445600E-1,-1.410184860E0,-9.545681953E0,1.663970232E0,9.791703745E0
6.958429970E-1,-1.407790542E0,-9.550470352E0,1.661576033E0,9.795621117E0
6.978423720E-1,-1.400607944E0,-9.564835548E0,1.675941229E0,9.811042793E0
6.998412000E-1,-1.374271750E0,-9.567230225E0,1.695094824E0,9.812943670E0
7.018406140E-1,-1.362300754E0,-9.574412346E0,1.697489023E0,9.818691567E0
7.038390910E-1,-1.359906554E0,-9.579200745E0,1.707065821E0,9.824688619E0
7.058385050E-1,-1.355118155E0,-9.576807022E0,1.714248419E0,9.822943835E0
7.078381920E-1,-1.355118155E0,-9.576807022E0,1.709460020E0,9.822109321E0
7.098372940E-1,-1.376665950E0,-9.567230225E0,1.716642618E0,9.817024253E0
7.118362390E-1,-1.391031146E0,-9.562441826E0,1.719036818E0,9.814802540E0
7.138352240E-1,-1.410184860E0,-9.548076630E0,1.723825216E0,9.804384838E0
7.158342470E-1,-1.429338455E0,-9.540893555E0,1.716642618E0,9.798904026E0
7.178338170E-1,-1.458068848E0,-9.538499832E0,1.728613615E0,9.802910223E0
7.198335050E-1,-1.486799240E0,-9.533711433E0,1.735796213E0,9.803836707E0
7.218326450E-1,-1.522712231E0,-9.528923035E0,1.721431017E0,9.802160552E0
7.238314350E-1,-1.544260144E0,-9.533711433E0,1.716642618E0,9.809345287E0
7.258301850E-1,-1.561019540E0,-9.536105156E0,1.714248419E0,9.813904992E0
7.278291690E-1,-1.568202138E0,-9.543288231E0,1.721431017E0,9.823285242E0
7.298273330E-1,-1.596932530E0,-9.552865028E0,1.731007814E0,9.838892814E0
7.318260830E-1,-1.604115129E0,-9.569623947E0,1.745373011E0,9.858864782E0
7.338258100E-1,-1.613691926E0,-9.591172218E0,1.742978811E0,9.880919051E0
7.358252240E-1,-1.599326730E0,-9.615114212E0,1.754949808E0,9.903944473E0
7.378238950E-1,-1.577778935E0,-9.627084732E0,1.747767210E0,9.910844415E0
7.398226060E-1,-1.565807939E0,-9.641449928E0,1.754949808E0,9.924170497E0
7.418211610E-1,-1.549048543E0,-9.660603523E0,1.762132406E0,9.941424568E0
7.438197550E-1,-1.537077546E0,-9.667786598E0,1.762132406E0,9.946547929E0
7.458183880E-1,-1.510741234E0,-9.677363396E0,1.754949808E0,9.950555271E0
7.478174110E-1,-1.491587639E0,-9.691728592E0,1.762132406E0,9.962908581E0
7.498156920E-1,-1.498770237E0,-9.689333916E0,1.759738207E0,9.961233985E0
7.518147550E-1,-1.498770237E0,-9.679757118E0,1.754949808E0,9.951073255E0
7.538129190E-1,-1.491587639E0,-9.674968719E0,1.752555609E0,9.944913502E0
7.558114740E-1,-1.498770237E0,-9.658209801E0,1.757344007E0,9.930538089E0
7.578092080E-1,-1.505952835E0,-9.631873131E0,1.754949808E0,9.905590481E0
7.598075670E-1,-1.510741234E0,-9.619902611E0,1.750161409E0,9.893832942E0
7.618063170E-1,-1.517923832E0,-9.588777542E0,1.726219416E0,9.860455415E0
7.638044810E-1,-1.529894829E0,-9.550470352E0,1.726219416E0,9.825064662E0
7.658016690E-1,-1.534683347E0,-9.528923035E0,1.704671621E0,9.801098536E0
7.677991690E-1,-1.561019540E0,-9.500192642E0,1.699883223E0,9.776504754E0
7.697967470E-1,-1.568202138E0,-9.478644371E0,1.683123827E0,9.753812735E0
7.717940130E-1,-1.568202138E0,-9.473855972E0,1.683123827E0,9.749159489E0
7.737923330E-1,-1.565807939E0,-9.469067574E0,1.675941229E0,9.742883260E0
7.757892080E-1,-1.568202138E0,-9.461885452E0,1.671152830E0,9.735465374E0
7.777872940E-1,-1.568202138E0,-9.454702377E0,1.644816518E0,9.723994877E0
7.797845990E-1,-1.570596337E0,-9.469067574E0,1.651999116E0,9.739564397E0
7.817815130E-1,-1.565807939E0,-9.464279175E0,1.649604917E0,9.733731616E0
7.837784660E-1,-1.553836942E0,-9.473855972E0,1.644816518E0,9.740317120E0
7.857765520E-1,-1.529894829E0,-9.483432770E0,1.647210717E0,9.746249455E0
7.877745600E-1,-1.522712231E0,-9.507374763E0,1.632845521E0,9.766013103E0
7.897725670E-1,-1.513135433E0,-9.514557838E0,1.642422318E0,9.773123389E0
7.917699890E-1,-1.501164436E0,-9.533711433E0,1.654393315E0,9.791943913E0
7.937666690E-1,-1.482010841E0,-9.548076630E0,1.661576033E0,9.804231656E0
7.957632700E-1,-1.467645645E0,-9.574412346E0,1.656787634E0,9.826917155E0
7.977601450E-1,-1.453280449E0,-9.588777542E0,1.654393315E0,9.838378731E0
7.997574500E-1,-1.441309452E0,-9.595960617E0,1.647210717E0,9.842415163E0
8.017544030E-1,-1.438915253E0,-9.598354340E0,1.663970232E0,9.847216869E0
8.037521380E-1,-1.448492050E0,-9.583989143E0,1.649604917E0,9.832200847E0
8.057499890E-1,-1.455674648E0,-9.583989143E0,1.642422318E0,9.832059177E0
8.077487390E-1,-1.474828243E0,-9.593565941E0,1.649604917E0,9.845446774E0
8.097472940E-1,-1.496376038E0,-9.581595421E0,1.632845521E0,9.834241026E0
8.117465130E-1,-1.508347034E0,-9.562441826E0,1.625662923E0,9.816220474E0
8.137450670E-1,-1.513135433E0,-9.564835548E0,1.611297727E0,9.816921018E0
8.157449500E-1,-1.529894829E0,-9.538499832E0,1.611297727E0,9.793867346E0
8.177439350E-1,-1.541865945E0,-9.509769440E0,1.606509328E0,9.766982011E0
8.197437000E-1,-1.551442742E0,-9.509769440E0,1.606509328E0,9.768498431E0
8.217441300E-1,-1.553836942E0,-9.512163162E0,1.608903527E0,9.771603135E0
8.237435440E-1,-1.549048543E0,-9.519346237E0,1.608903527E0,9.777835892E0
8.257424500E-1,-1.544260144E0,-9.516951561E0,1.604115129E0,9.773959881E0
8.277417080E-1,-1.551442742E0,-9.512163162E0,1.604115129E0,9.770435402E0
8.297408880E-1,-1.539471745E0,-9.507374763E0,1.608903527E0,9.764666851E0
8.317399890E-1,-1.522712231E0,-9.504981041E0,1.604115129E0,9.758919124E0
8.337391690E-1,-1.496376038E0,-9.524134636E0,1.613691926E0,9.775084830E0
8.357380360E-1,-1.484405041E0,-9.526528358E0,1.620874524E0,9.776780406E0
8.377365520E-1,-1.479616642E0,-9.533711433E0,1.635239720E0,9.785444704E0
8.397347550E-1,-1.472434044E0,-9.543288231E0,1.628057122E0,9.792496222E0
8.417325280E-1,-1.472434044E0,-9.545681953E0,1.625662923E0,9.794431372E0
8.437312390E-1,-1.458068848E0,-9.560047150E0,1.628057122E0,9.806683245E0
8.457303800E-1,-1.448492050E0,-9.564835548E0,1.642422318E0,9.812326909E0
8.477292080E-1,-1.443703651E0,-9.579200745E0,1.647210717E0,9.826427137E0
8.497276850E-1,-1.426944256E0,-9.598354340E0,1.663970232E0,9.845474741E0
8.517261220E-1,-1.422155857E0,-9.607931137E0,1.663970232E0,9.854119187E0
8.537257700E-1,-1.422155857E0,-9.615114212E0,1.663970232E0,9.861122934E0
8.557255360E-1,-1.412579060E0,-9.624691010E0,1.678335428E0,9.871517940E0
8.577249890E-1,-1.393425345E0,-9.636661530E0,1.678335428E0,9.880470102E0
8.597247160E-1,-1.388636947E0,-9.639056206E0,1.668758631E0,9.880509727E0
8.617247160E-1,-1.379060149E0,-9.639056206E0,1.666364431E0,9.878764186E0
8.637232700E-1,-1.371877551E0,-9.641449928E0,1.651999116E0,9.877687271E0
8.657222940E-1,-1.369483352E0,-9.639056206E0,1.630451322E0,9.871436608E0
8.677215910E-1,-1.364694953E0,-9.641449928E0,1.623268723E0,9.871927389E0
8.697212780E-1,-1.369483352E0,-9.641449928E0,1.620874524E0,9.872197101E0
8.717209660E-1,-1.371877551E0,-9.631873131E0,1.599326730E0,9.859658920E0
8.737197550E-1,-1.367089152E0,-9.624691010E0,1.592144132E0,9.850813810E0
8.757175280E-1,-1.371877551E0,-9.610325813E0,1.580173135E0,9.835515105E0
8.777151850E-1,-1.374271750E0,-9.610325813E0,1.565807939E0,9.833551728E0
8.797139740E-1,-1.374271750E0,-9.615114212E0,1.546654344E0,9.835201259E0
8.817117860E-1,-1.379060149E0,-9.615114212E0,1.544260144E0,9.835495290E0
8.837104580E-1,-1.383848548E0,-9.619902611E0,1.534683347E0,9.839350386E0
8.857093250E-1,-1.386242747E0,-9.622296333E0,1.529894829E0,9.841282125E0
8.877083880E-1,-1.395819545E0,-9.622296333E0,1.527500629E0,9.842263820E0
8.897078800E-1,-1.398213744E0,-9.612719536E0,1.525106430E0,9.832869783E0
8.917060050E-1,-1.393425345E0,-9.619902611E0,1.527500629E0,9.839584270E0
8.937045990E-1,-1.391031146E0,-9.612719536E0,1.532289028E0,9.832967720E0
8.957032310E-1,-1.386242747E0,-9.617507935E0,1.522712231E0,9.835485772E0
8.977021770E-1,-1.374271750E0,-9.612719536E0,1.534683347E0,9.830984320E0
8.997006530E-1,-1.367089152E0,-9.607931137E0,1.539471745E0,9.826049396E0
9.016991300E-1,-1.350329757E0,-9.610325813E0,1.537077546E0,9.825698961E0
9.036971380E-1,-1.338358760E0,-9.600749016E0,1.541865945E0,9.815443771E0
9.056942470E-1,-1.309628367E0,-9.607931137E0,1.541865945E0,9.818595510E0
9.076925280E-1,-1.297657371E0,-9.605537415E0,1.553836942E0,9.816550968E0
9.096904970E-1,-1.290474772E0,-9.612719536E0,1.570596337E0,9.825297699E0
9.116884270E-1,-1.271321058E0,-9.634267807E0,1.572990537E0,9.844271057E0
9.136870600E-1,-1.261744261E0,-9.643844604E0,1.580173135E0,9.853562019E0
9.156847550E-1,-1.242590666E0,-9.651026726E0,1.594538331E0,9.860471637E0
9.176830750E-1,-1.237802267E0,-9.660603523E0,1.596932530E0,9.869630611E0
9.196815520E-1,-1.235408068E0,-9.670180321E0,1.594538331E0,9.878318329E0
9.216798720E-1,-1.237802267E0,-9.667786598E0,1.599326730E0,9.877049061E0
9.236789350E-1,-1.256955862E0,-9.665391922E0,1.589749932E0,9.875578155E0
9.256785830E-1,-1.278503656E0,-9.648633003E0,1.577778935E0,9.860024178E0
9.276779970E-1,-1.314416766E0,-9.617507935E0,1.556231141E0,9.830870036E0
9.296778410E-1,-1.331176162E0,-9.600749016E0,1.549048543E0,9.815597945E0
9.316770990E-1,-1.371877551E0,-9.574412346E0,1.532289028E0,9.792820301E0
9.336761610E-1,-1.393425345E0,-9.567230225E0,1.522712231E0,9.787348001E0
9.356753800E-1,-1.393425345E0,-9.557653427E0,1.508347034E0,9.775760022E0
9.376753410E-1,-1.405396342E0,-9.521739960E0,1.520318031E0,9.744230994E0
9.396748720E-1,-1.424550056E0,-9.490615845E0,1.532289028E0,9.718489679E0
9.416737000E-1,-1.458068848E0,-9.478644371E0,1.546654344E0,9.714051860E0
9.436722550E-1,-1.470039845E0,-9.471462250E0,1.563413739E0,9.711533185E0
9.456716300E-1,-1.472434044E0,-9.476250648E0,1.568202138E0,9.717337409E0
9.476703800E-1,-1.472434044E0,-9.476250648E0,1.589749932E0,9.720838092E0
9.496691300E-1,-1.474828243E0,-9.483432770E0,1.604115129E0,9.730560148E0
9.516672160E-1,-1.479616642E0,-9.490615845E0,1.625662923E0,9.741859908E0
9.536664740E-1,-1.505952835E0,-9.495404243E0,1.628057122E0,9.750957167E0
9.556646380E-1,-1.515529633E0,-9.512163162E0,1.642422318E0,9.771163143E0
9.576629970E-1,-1.508347034E0,-9.531316757E0,1.644816518E0,9.789102680E0
9.596609270E-1,-1.484405041E0,-9.548076630E0,1.651999116E0,9.802975402E0
9.616589350E-1,-1.482010841E0,-9.557653427E0,1.659181833E0,9.813153393E0
9.636581920E-1,-1.472434044E0,-9.576807022E0,1.642422318E0,9.827555435E0
9.656570990E-1,-1.465251446E0,-9.579200745E0,1.632845521E0,9.827218996E0
9.676548330E-1,-1.460463047E0,-9.576807022E0,1.608903527E0,9.820221770E0
9.696537000E-1,-1.462857246E0,-9.595960617E0,1.596932530E0,9.837306796E0
9.716522160E-1,-1.453280449E0,-9.600749016E0,1.589749932E0,9.839395844E0
9.736507310E-1,-1.434126854E0,-9.615114212E0,1.570596337E0,9.847533397E0
9.756490910E-1,-1.436521053E0,-9.612719536E0,1.551442742E0,9.842507008E0
9.776474890E-1,-1.436521053E0,-9.615114212E0,1.546654344E0,9.844092325E0
9.796460050E-1,-1.450886250E0,-9.617507935E0,1.541865945E0,9.847785557E0
9.816455360E-1,-1.443703651E0,-9.605537415E0,1.551442742E0,9.836544304E0
9.836447160E-1,-1.441309452E0,-9.610325813E0,1.549048543E0,9.840492191E0
9.856436610E-1,-1.441309452E0,-9.600749016E0,1.553836942E0,9.831895231E0
9.876428410E-1,-1.446097851E0,-9.588777542E0,1.558625340E0,9.821668224E0
9.896426450E-1,-1.438915253E0,-9.593565941E0,1.565807939E0,9.826430637E0
9.916428800E-1,-1.436521053E0,-9.600749016E0,1.575384736E0,9.834623097E0
9.936425280E-1,-1.443703651E0,-9.595960617E0,1.587355733E0,9.832926249E0
9.956412000E-1,-1.450886250E0,-9.595960617E0,1.611297727E0,9.837876368E0
9.976404970E-1,-1.462857246E0,-9.588777542E0,1.620874524E0,9.834217829E0
9.996397940E-1,-1.465251446E0,-9.593565941E0,1.632845521E0,9.841222168E0
1.001638622E0,-1.450886250E0,-9.605537415E0,1.640028119E0,9.851959813E0
1.003636864E0,-1.455674648E0,-9.607931137E0,1.668758631E0,9.859821742E0
1.005636474E0,-1.460463047E0,-9.617507935E0,1.678335428E0,9.871485248E0
1.007634950E0,-1.472434044E0,-9.615114212E0,1.685518026E0,9.872155506E0
1.009633974E0,-1.479616642E0,-9.615114212E0,1.707065821E0,9.876930719E0
1.011633427E0,-1.455674648E0,-9.629479408E0,1.707065821E0,9.887362443E0
1.013631786E0,-1.455674648E0,-9.636661530E0,1.699883223E0,9.893120695E0
1.015630497E0,-1.465251446E0,-9.627084732E0,1.711854219E0,9.887272986E0
1.017628974E0,-1.472434044E0,-9.622296333E0,1.709460020E0,9.883263747E0
1.019627997E0,-1.474828243E0,-9.615114212E0,1.716642618E0,9.877874343E0
1.021627020E0,-1.467645645E0,-9.607931137E0,1.714248419E0,9.869395732E0
1.023626708E0,-1.465251446E0,-9.600749016E0,1.721431017E0,9.863299053E0
1.025625888E0,-1.460463047E0,-9.591172218E0,1.704671621E0,9.850352388E0
1.027624442E0,-1.450886250E0,-9.586383820E0,1.697489023E0,9.843032796E0
1.029623231E0,-1.434126854E0,-9.579200745E0,1.690306425E0,9.832341662E0
1.031622411E0,-1.410184860E0,-9.586383820E0,1.673547029E0,9.833012546E0
1.033621161E0,-1.403002143E0,-9.588777542E0,1.663970232E0,9.832693766E0
1.035619481E0,-1.398213744E0,-9.605537415E0,1.654393315E0,9.846744027E0
1.037617333E0,-1.391031146E0,-9.610325813E0,1.637633920E0,9.847597410E0
1.039615966E0,-1.388636947E0,-9.615114212E0,1.637633920E0,9.851932741E0
1.041615185E0,-1.388636947E0,-9.627084732E0,1.635239720E0,9.863218641E0
1.043614286E0,-1.395819545E0,-9.615114212E0,1.625662923E0,9.850965103E0
1.045612997E0,-1.405396342E0,-9.624691010E0,1.625662923E0,9.861673075E0
1.047612060E0,-1.417367458E0,-9.612719536E0,1.632845521E0,9.852892564E0
1.049610341E0,-1.424550056E0,-9.612719536E0,1.630451322E0,9.853531918E0
1.051607919E0,-1.429338455E0,-9.607931137E0,1.632845521E0,9.849950947E0
1.053605927E0,-1.424550056E0,-9.627084732E0,1.640028119E0,9.869133474E0
1.055603466E0,-1.419761658E0,-9.627084732E0,1.644816518E0,9.869240345E0
1.057601981E0,-1.419761658E0,-9.617507935E0,1.640028119E0,9.859101088E0
1.059600575E0,-1.403002143E0,-9.615114212E0,1.628057122E0,9.852380744E0
1.061598036E0,-1.381454349E0,-9.619902611E0,1.628057122E0,9.854009963E0
1.063596513E0,-1.369483352E0,-9.627084732E0,1.630451322E0,9.859747289E0
1.065596395E0,-1.350329757E0,-9.629479408E0,1.640028119E0,9.861032216E0
1.067595067E0,-1.338358760E0,-9.634267807E0,1.637633920E0,9.863679091E0
1.069594989E0,-1.328781962E0,-9.643844604E0,1.637633920E0,9.871739721E0
1.071593505E0,-1.300051570E0,-9.646238327E0,1.640028119E0,9.870650443E0
1.073592020E0,-1.295263171E0,-9.643844604E0,1.647210717E0,9.868877777E0
1.075591981E0,-1.300051570E0,-9.631873131E0,1.656787634E0,9.859414757E0
1.077592099E0,-1.307234168E0,-9.646238327E0,1.656787634E0,9.874397212E0
1.079591044E0,-1.295263171E0,-9.651026726E0,1.642422318E0,9.875098714E0
1.081589833E0,-1.273715258E0,-9.648633003E0,1.651999116E0,9.871553599E0
1.083588505E0,-1.278503656E0,-9.643844604E0,1.647210717E0,9.866692126E0
1.085588505E0,-1.276109457E0,-9.648633003E0,1.647210717E0,9.871062624E0
1.087587880E0,-1.271321058E0,-9.670180321E0,1.632845521E0,9.889126815E0
1.089587450E0,-1.280897856E0,-9.670180321E0,1.616086125E0,9.887609474E0
1.091586239E0,-1.290474772E0,-9.655815125E0,1.582567334E0,9.869377398E0
1.093585028E0,-1.316810966E0,-9.655815125E0,1.568202138E0,9.870563043E0
1.095584794E0,-1.312022567E0,-9.653421402E0,1.553836942E0,9.865310802E0
1.097584403E0,-1.307234168E0,-9.646238327E0,1.541865945E0,9.855766110E0
1.099582724E0,-1.321599364E0,-9.634267807E0,1.517923832E0,9.842247397E0
1.101582724E0,-1.321599364E0,-9.639056206E0,1.503558636E0,9.844730468E0
1.103582489E0,-1.316810966E0,-9.643844604E0,1.493981838E0,9.847320022E0
1.105581669E0,-1.333570361E0,-9.627084732E0,1.474828243E0,9.830274090E0
1.107581708E0,-1.352723956E0,-9.605537415E0,1.458068848E0,9.809290285E0
1.109581513E0,-1.357512355E0,-9.600749016E0,1.455674648E0,9.804907452E0
1.111580731E0,-1.350329757E0,-9.605537415E0,1.443703651E0,9.806835356E0
1.113579520E0,-1.335964561E0,-9.591172218E0,1.438915253E0,9.790090037E0
1.115578856E0,-1.323993564E0,-9.581595421E0,1.441309452E0,9.779432637E0
1.117578349E0,-1.321599364E0,-9.581595421E0,1.438915253E0,9.778756199E0
1.119576708E0,-1.309628367E0,-9.588777542E0,1.441309452E0,9.784536481E0
1.121575810E0,-1.307234168E0,-9.593565941E0,1.453280449E0,9.790678868E0
1.123575810E0,-1.321599364E0,-9.583989143E0,1.486799240E0,9.788260558E0
1.125575536E0,-1.326387763E0,-9.595960617E0,1.498770237E0,9.802452595E0
1.127574989E0,-1.309628367E0,-9.586383820E0,1.513135433E0,9.793031198E0
1.129574989E0,-1.309628367E0,-9.579200745E0,1.532289028E0,9.788979673E0
1.131573895E0,-1.297657371E0,-9.583989143E0,1.551442742E0,9.795087398E0
1.133573700E0,-1.297657371E0,-9.581595421E0,1.561019540E0,9.794267071E0
1.135573310E0,-1.285686255E0,-9.564835548E0,1.563413739E0,9.776672784E0
1.137572489E0,-1.288080573E0,-9.567230225E0,1.575384736E0,9.781251597E0
1.139571552E0,-1.285686255E0,-9.579200745E0,1.594538331E0,9.795745431E0
1.141570380E0,-1.280897856E0,-9.576807022E0,1.596932530E0,9.793167290E0
1.143569560E0,-1.290474772E0,-9.588777542E0,1.623268723E0,9.810452652E0
1.145569286E0,-1.300051570E0,-9.593565941E0,1.628057122E0,9.817189595E0
1.147568388E0,-1.309628367E0,-9.598354340E0,1.637633920E0,9.824732940E0
1.149567841E0,-1.314416766E0,-9.595960617E0,1.637633920E0,9.823033974E0
1.151567255E0,-1.312022567E0,-9.593565941E0,1.625662923E0,9.818385337E0
1.153565419E0,-1.314416766E0,-9.595960617E0,1.640028119E0,9.823433403E0
1.155563895E0,-1.316810966E0,-9.615114212E0,1.637633920E0,9.842065702E0
1.157561708E0,-1.309628367E0,-9.615114212E0,1.623268723E0,9.838727007E0
1.159561161E0,-1.316810966E0,-9.619902611E0,1.632845521E0,9.845948500E0
1.161559872E0,-1.331176162E0,-9.622296333E0,1.642422318E0,9.851810380E0
1.163558544E0,-1.335964561E0,-9.617507935E0,1.635239720E0,9.846586674E0
1.165556708E0,-1.352723956E0,-9.617507935E0,1.623268723E0,9.846894044E0
1.167555106E0,-1.371877551E0,-9.643844604E0,1.628057122E0,9.876049654E0
1.169554442E0,-1.388636947E0,-9.634267807E0,1.637633920E0,9.870626809E0
1.171553427E0,-1.398213744E0,-9.636661530E0,1.640028119E0,9.874712114E0
1.173551786E0,-1.422155857E0,-9.636661530E0,1.620874524E0,9.874968706E0
1.175550224E0,-1.436521053E0,-9.643844604E0,1.613691926E0,9.882880811E0
1.177548817E0,-1.434126854E0,-9.634267807E0,1.584961534E0,9.868532772E0
1.179546005E0,-1.434126854E0,-9.631873131E0,1.577778935E0,9.865043650E0
1.181543388E0,-1.419761658E0,-9.624691010E0,1.580173135E0,9.856335390E0
1.183541395E0,-1.422155857E0,-9.622296333E0,1.582567334E0,9.854726449E0
1.185540106E0,-1.424550056E0,-9.624691010E0,1.575384736E0,9.856259785E0
1.187538192E0,-1.436521053E0,-9.615114212E0,1.553836942E0,9.845223374E0
1.189536395E0,-1.446097851E0,-9.607931137E0,1.541865945E0,9.837727904E0
1.191535692E0,-1.443703651E0,-9.605537415E0,1.529894829E0,9.833168739E0
1.193534247E0,-1.467645645E0,-9.581595421E0,1.544260144E0,9.815584238E0
1.195531786E0,-1.479616642E0,-9.567230225E0,1.551442742E0,9.804495610E0
1.197528505E0,-1.508347034E0,-9.545681953E0,1.551442742E0,9.787856217E0
1.199525731E0,-1.515529633E0,-9.545681953E0,1.553836942E0,9.789345395E0
1.201523270E0,-1.515529633E0,-9.540893555E0,1.558625340E0,9.785437795E0
1.203521200E0,-1.508347034E0,-9.545681953E0,1.556231141E0,9.788616353E0
1.205518856E0,-1.498770237E0,-9.540893555E0,1.558625340E0,9.782856178E0
1.207516083E0,-1.486799240E0,-9.548076630E0,1.561019540E0,9.788417712E0
1.209514325E0,-1.477222443E0,-9.552865028E0,1.568202138E0,9.792786853E0
1.211512841E0,-1.477222443E0,-9.550470352E0,1.565807939E0,9.790067650E0
1.213511083E0,-1.458068848E0,-9.552865028E0,1.582567334E0,9.792227243E0
1.215509247E0,-1.446097851E0,-9.552865028E0,1.594538331E0,9.792394076E0
1.217507177E0,-1.438915253E0,-9.552865028E0,1.584961534E0,9.789780918E0
1.219506317E0,-1.438915253E0,-9.548076630E0,1.584961534E0,9.785108456E0
1.221505849E0,-1.446097851E0,-9.538499832E0,1.589749932E0,9.777601080E0
1.223504052E0,-1.453280449E0,-9.540893555E0,1.599326730E0,9.782562030E0
1.225502958E0,-1.453280449E0,-9.540893555E0,1.601720929E0,9.782953737E0
1.227502177E0,-1.448492050E0,-9.545681953E0,1.594538331E0,9.785740936E0
1.229500341E0,-1.446097851E0,-9.543288231E0,1.582567334E0,9.781107740E0
1.231498114E0,-1.453280449E0,-9.557653427E0,1.582567334E0,9.796187139E0
1.233495497E0,-1.462857246E0,-9.567230225E0,1.592144132E0,9.808504903E0
1.235494599E0,-1.477222443E0,-9.572018623E0,1.582567334E0,9.813778377E0
1.237492997E0,-1.477222443E0,-9.569623947E0,1.601720929E0,9.814550350E0
1.239491747E0,-1.470039845E0,-9.581595421E0,1.606509328E0,9.825927955E0
1.241489989E0,-1.465251446E0,-9.583989143E0,1.604115129E0,9.827156000E0
1.243488427E0,-1.470039845E0,-9.583989143E0,1.601720929E0,9.827480602E0
1.245487606E0,-1.482010841E0,-9.576807022E0,1.613691926E0,9.824234856E0
1.247487177E0,-1.484405041E0,-9.581595421E0,1.618480325E0,9.830051256E0
1.249486630E0,-1.479616642E0,-9.579200745E0,1.618480325E0,9.826995007E0
1.251485067E0,-1.484405041E0,-9.581595421E0,1.620874524E0,9.830445735E0
1.253484833E0,-1.477222443E0,-9.588777542E0,1.608903527E0,9.834399395E0
1.255483310E0,-1.477222443E0,-9.574412346E0,1.611297727E0,9.820786032E0
1.257482567E0,-1.479616642E0,-9.572018623E0,1.618480325E0,9.819994119E0
1.259481630E0,-1.496376038E0,-9.569623947E0,1.632845521E0,9.822577474E0
1.261479716E0,-1.501164436E0,-9.572018623E0,1.632845521E0,9.825640930E0
1.263477567E0,-1.493981838E0,-9.586383820E0,1.637633920E0,9.839338460E0
1.265476513E0,-1.501164436E0,-9.595960617E0,1.632845521E0,9.848966409E0
1.267475028E0,-1.501164436E0,-9.593565941E0,1.632845521E0,9.846633263E0
1.269474638E0,-1.522712231E0,-9.591172218E0,1.632845521E0,9.847609941E0
1.271472489E0,-1.537077546E0,-9.603142738E0,1.632845521E0,9.861497976E0
1.273471239E0,-1.541865945E0,-9.598354340E0,1.635239720E0,9.857979791E0
1.275468935E0,-1.551442742E0,-9.600749016E0,1.613691926E0,9.858263431E0
1.277468114E0,-1.549048543E0,-9.612719536E0,1.613691926E0,9.869545577E0
1.279467724E0,-1.544260144E0,-9.622296333E0,1.611297727E0,9.877732861E0
1.281467333E0,-1.544260144E0,-9.619902611E0,1.611297727E0,9.875401055E0
1.283466552E0,-1.539471745E0,-9.607931137E0,1.608903527E0,9.862600294E0
1.285465849E0,-1.532289028E0,-9.607931137E0,1.604115129E0,9.860701585E0
1.287464794E0,-1.520318031E0,-9.607931137E0,1.592144132E0,9.856907760E0
1.289463895E0,-1.517923832E0,-9.600749016E0,1.599326730E0,9.850701519E0
1.291462841E0,-1.515529633E0,-9.595960617E0,1.606509328E0,9.846835149E0
1.293460692E0,-1.508347034E0,-9.598354340E0,1.601720929E0,9.847285247E0
1.295459130E0,-1.498770237E0,-9.607931137E0,1.596932530E0,9.854382095E0
1.297457724E0,-1.503558636E0,-9.595960617E0,1.594538331E0,9.843053450E0
1.299457138E0,-1.501164436E0,-9.583989143E0,1.604115129E0,9.832574836E0
1.301455810E0,-1.501164436E0,-9.595960617E0,1.601720929E0,9.843854162E0
1.303454872E0,-1.489193439E0,-9.595960617E0,1.596932530E0,9.841257581E0
1.305453153E0,-1.479616642E0,-9.583989143E0,1.594538331E0,9.827749783E0
1.307451825E0,-1.482010841E0,-9.579200745E0,1.601720929E0,9.824609558E0
1.309449716E0,-1.474828243E0,-9.595960617E0,1.589749932E0,9.837930847E0
1.311448153E0,-1.467645645E0,-9.588777542E0,1.582567334E0,9.828690547E0
1.313445419E0,-1.462857246E0,-9.600749016E0,1.558625340E0,9.835834786E0
1.315444442E0,-1.467645645E0,-9.600749016E0,1.553836942E0,9.835790494E0
1.317443192E0,-1.460463047E0,-9.607931137E0,1.553836942E0,9.841732687E0
1.319441942E0,-1.460463047E0,-9.607931137E0,1.551442742E0,9.841354969E0
1.321440067E0,-1.453280449E0,-9.619902611E0,1.539471745E0,9.850102718E0
1.323437724E0,-1.438915253E0,-9.624691010E0,1.534683347E0,9.851924031E0
1.325435810E0,-1.429338455E0,-9.619902611E0,1.522712231E0,9.843992442E0
1.327433466E0,-1.395819545E0,-9.622296333E0,1.513135433E0,9.840044602E0
1.329430341E0,-1.376665950E0,-9.627084732E0,1.515529633E0,9.842398064E0
1.331427880E0,-1.376665950E0,-9.622296333E0,1.517923832E0,9.838083585E0
1.333426044E0,-1.359906554E0,-9.622296333E0,1.527500629E0,9.837234913E0
1.335424052E0,-1.357512355E0,-9.617507935E0,1.532289028E0,9.832965388E0
1.337422020E0,-1.350329757E0,-9.617507935E0,1.539471745E0,9.833098320E0
1.339420341E0,-1.335964561E0,-9.622296333E0,1.544260144E0,9.836570918E0
1.341418974E0,-1.323993564E0,-9.605537415E0,1.558625340E0,9.820825878E0
1.343416552E0,-1.328781962E0,-9.591172218E0,1.565807939E0,9.808567710E0
1.345415067E0,-1.321599364E0,-9.579200745E0,1.580173135E0,9.798196718E0
1.347413192E0,-1.316810966E0,-9.576807022E0,1.572990537E0,9.794055497E0
1.349411474E0,-1.321599364E0,-9.574412346E0,1.584961534E0,9.794289138E0
1.351410106E0,-1.321599364E0,-9.576807022E0,1.589749932E0,9.797405905E0
1.353408466E0,-1.333570361E0,-9.574412346E0,1.589749932E0,9.796687528E0
1.355407606E0,-1.343147159E0,-9.562441826E0,1.608903527E0,9.789428406E0
1.357405731E0,-1.359906554E0,-9.557653427E0,1.611297727E0,9.787459590E0
1.359404442E0,-1.362300754E0,-9.560047150E0,1.596932530E0,9.787775966E0
1.361401981E0,-1.362300754E0,-9.557653427E0,1.604115129E0,9.786612679E0
1.363399325E0,-1.364694953E0,-9.572018623E0,1.587355733E0,9.798246326E0
1.365396981E0,-1.371877551E0,-9.572018623E0,1.577778935E0,9.797702532E0
1.367394286E0,-1.364694953E0,-9.579200745E0,1.582567334E0,9.804488696E0
1.369392802E0,-1.364694953E0,-9.583989143E0,1.580173135E0,9.808781135E0
1.371391708E0,-1.367089152E0,-9.593565941E0,1.556231141E0,9.814646992E0
1.373391513E0,-1.367089152E0,-9.600749016E0,1.549048543E0,9.820532868E0
1.375390145E0,-1.379060149E0,-9.610325813E0,1.527500629E0,9.828195526E0
1.377388817E0,-1.371877551E0,-9.612719536E0,1.520318031E0,9.828417564E0
1.379387020E0,-1.369483352E0,-9.607931137E0,1.508347034E0,9.821554671E0
1.381385341E0,-1.367089152E0,-9.603142738E0,1.498770237E0,9.815069813E0
1.383383349E0,-1.364694953E0,-9.619902611E0,1.501164436E0,9.831501066E0
1.385381083E0,-1.362300754E0,-9.617507935E0,1.510741234E0,9.830293042E0
1.387379052E0,-1.357512355E0,-9.619902611E0,1.498770237E0,9.830141314E0
1.389376278E0,-1.345541358E0,-9.631873131E0,1.513135433E0,9.842410294E0
1.391373661E0,-1.335964561E0,-9.636661530E0,1.498770237E0,9.843594819E0
1.393371395E0,-1.331176162E0,-9.639056206E0,1.503558636E0,9.846020672E0
1.395369325E0,-1.314416766E0,-9.622296333E0,1.508347034E0,9.828091826E0
1.397366669E0,-1.312022567E0,-9.617507935E0,1.508347034E0,9.823083674E0
1.399365185E0,-1.312022567E0,-9.612719536E0,1.513135433E0,9.819132290E0
1.401362411E0,-1.316810966E0,-9.617507935E0,1.513135433E0,9.824460740E0
1.403360067E0,-1.323993564E0,-9.615114212E0,1.510741234E0,9.822714459E0
1.405357489E0,-1.314416766E0,-9.619902611E0,1.513135433E0,9.826484443E0
1.407356161E0,-1.331176162E0,-9.603142738E0,1.520318031E0,9.813447271E0
1.409354403E0,-1.352723956E0,-9.595960617E0,1.527500629E0,9.810483191E0
1.411352177E0,-1.355118155E0,-9.581595421E0,1.527500629E0,9.796763455E0
1.413350341E0,-1.357512355E0,-9.574412346E0,1.520318031E0,9.788951858E0
1.415348310E0,-1.355118155E0,-9.576807022E0,1.517923832E0,9.790590928E0
1.417347450E0,-1.359906554E0,-9.576807022E0,1.529894829E0,9.793117826E0
1.419345536E0,-1.362300754E0,-9.569623947E0,1.532289028E0,9.786801086E0
1.421343388E0,-1.386242747E0,-9.564835548E0,1.529894829E0,9.785107368E0
1.423342177E0,-1.391031146E0,-9.569623947E0,1.534683347E0,9.791216631E0
1.425341591E0,-1.400607944E0,-9.576807022E0,1.546654344E0,9.801483307E0
1.427339794E0,-1.403002143E0,-9.583989143E0,1.544260144E0,9.808465849E0
1.429338192E0,-1.395819545E0,-9.591172218E0,1.525106430E0,9.811465046E0
1.431335810E0,-1.386242747E0,-9.598354340E0,1.520318031E0,9.816386397E0
1.433334794E0,-1.400607944E0,-9.600749016E0,1.529894829E0,9.822253431E0
1.435333856E0,-1.407790542E0,-9.605537415E0,1.515529633E0,9.825734237E0
1.437333270E0,-1.403002143E0,-9.622296333E0,1.527500629E0,9.843285016E0
1.439331591E0,-1.403002143E0,-9.639056206E0,1.515529633E0,9.857821748E0
1.441330575E0,-1.374271750E0,-9.658209801E0,1.501164436E0,9.870315804E0
1.443329677E0,-1.357512355E0,-9.662998199E0,1.501164436E0,9.872682952E0
1.445329091E0,-1.343147159E0,-9.672574997E0,1.520318031E0,9.883021718E0
1.447328505E0,-1.333570361E0,-9.667786598E0,1.525106430E0,9.877775926E0
1.449327177E0,-1.314416766E0,-9.665391922E0,1.537077546E0,9.874720240E0
1.451325653E0,-1.302445769E0,-9.660603523E0,1.549048543E0,9.870317969E0
1.453323778E0,-1.309628367E0,-9.651026726E0,1.558625340E0,9.863404903E0
1.455322685E0,-1.314416766E0,-9.634267807E0,1.558625340E0,9.847645432E0
1.457321903E0,-1.319205165E0,-9.634267807E0,1.570596337E0,9.850187374E0
1.459321161E0,-1.321599364E0,-9.627084732E0,1.577778935E0,9.844631618E0
1.461320419E0,-1.328781962E0,-9.624691010E0,1.584961534E0,9.844411694E0
1.463318817E0,-1.328781962E0,-9.627084732E0,1.606509328E0,9.850243355E0
1.465318388E0,-1.326387763E0,-9.629479408E0,1.616086125E0,9.853827304E0
1.467317177E0,-1.326387763E0,-9.624691010E0,1.618480325E0,9.849541111E0
1.469316747E0,-1.321599364E0,-9.627084732E0,1.637633920E0,9.854401563E0
1.471316474E0,-1.319205165E0,-9.629479408E0,1.651999116E0,9.858817222E0
1.473315341E0,-1.312022567E0,-9.629479408E0,1.661576033E0,9.859468130E0
1.475314442E0,-1.314416766E0,-9.631873131E0,1.668758631E0,9.863337509E0
1.477313231E0,-1.314416766E0,-9.639056206E0,1.671152830E0,9.870757203E0
1.479312333E0,-1.323993564E0,-9.648633003E0,1.680729628E0,9.883012186E0
1.481311474E0,-1.323993564E0,-9.653421402E0,1.697489023E0,9.890549666E0
1.483311435E0,-1.321599364E0,-9.665391922E0,1.690306425E0,9.900684910E0
1.485310458E0,-1.312022567E0,-9.686940193E0,1.685518026E0,9.919636311E0
1.487309755E0,-1.307234168E0,-9.684545517E0,1.666364431E0,9.913427937E0
1.489308583E0,-1.307234168E0,-9.674968719E0,1.659181833E0,9.902866517E0
1.491307177E0,-1.314416766E0,-9.677363396E0,1.659181833E0,9.906156575E0
1.493305888E0,-1.323993564E0,-9.674968719E0,1.630451322E0,9.900320712E0
1.495305106E0,-1.316810966E0,-9.662998199E0,1.630451322E0,9.887663871E0
1.497303153E0,-1.326387763E0,-9.653421402E0,1.625662923E0,9.878796951E0
1.499301747E0,-1.345541358E0,-9.648633003E0,1.606509328E0,9.873574459E0
1.501299911E0,-1.352723956E0,-9.639056206E0,1.604115129E0,9.864808766E0
1.503298778E0,-1.359906554E0,-9.639056206E0,1.601720929E0,9.865407255E0
1.505297020E0,-1.355118155E0,-9.636661530E0,1.606509328E0,9.863187257E0
1.507295263E0,-1.350329757E0,-9.615114212E0,1.613691926E0,9.842652762E0
1.509294560E0,-1.352723956E0,-9.603142738E0,1.596932530E0,9.828550557E0
1.511293349E0,-1.350329757E0,-9.598354340E0,1.606509328E0,9.825104005E0
1.513292372E0,-1.340752959E0,-9.591172218E0,1.616086125E0,9.818346978E0
1.515291903E0,-1.340752959E0,-9.593565941E0,1.630451322E0,9.823059476E0
1.517291513E0,-1.333570361E0,-9.591172218E0,1.642422318E0,9.821738415E0
1.519291942E0,-1.326387763E0,-9.595960617E0,1.649604917E0,9.826645462E0
1.521291552E0,-1.319205165E0,-9.595960617E0,1.642422318E0,9.824475228E0
1.523290770E0,-1.316810966E0,-9.600749016E0,1.649604917E0,9.830034037E0
1.525290614E0,-1.328781962E0,-9.600749016E0,1.642422318E0,9.830442220E0
1.527291239E0,-1.335964561E0,-9.595960617E0,1.642422318E0,9.826739670E0
1.529290653E0,-1.333570361E0,-9.583989143E0,1.630451322E0,9.812727925E0
1.531290497E0,-1.328781962E0,-9.579200745E0,1.613691926E0,9.804629011E0
1.533290106E0,-1.338358760E0,-9.574412346E0,1.606509328E0,9.800073885E0
1.535289989E0,-1.343147159E0,-9.569623947E0,1.592144132E0,9.793705617E0
1.537290341E0,-1.340752959E0,-9.567230225E0,1.580173135E0,9.789099029E0
1.539288700E0,-1.331176162E0,-9.572018623E0,1.575384736E0,9.791700954E0
1.541287567E0,-1.328781962E0,-9.567230225E0,1.565807939E0,9.785157647E0
1.543286122E0,-1.321599364E0,-9.576807022E0,1.549048543E0,9.790883975E0
1.545285380E0,-1.304839969E0,-9.576807022E0,1.546654344E0,9.788257237E0
1.547283935E0,-1.302445769E0,-9.588777542E0,1.541865945E0,9.798896383E0
1.549282489E0,-1.307234168E0,-9.593565941E0,1.546654344E0,9.804973651E0
1.551281435E0,-1.319205165E0,-9.593565941E0,1.534683347E0,9.804695952E0
1.553280028E0,-1.319205165E0,-9.581595421E0,1.527500629E0,9.791860459E0
1.555279833E0,-1.321599364E0,-9.576807022E0,1.525106430E0,9.787124565E0
1.557278466E0,-1.343147159E0,-9.564835548E0,1.532289028E0,9.779469977E0
1.559276630E0,-1.355118155E0,-9.567230225E0,1.541865945E0,9.784967551E0
1.561273935E0,-1.364694953E0,-9.564835548E0,1.546654344E0,9.784713130E0
1.563272372E0,-1.364694953E0,-9.564835548E0,1.551442742E0,9.785471167E0
1.565270185E0,-1.369483352E0,-9.569623947E0,1.561019540E0,9.792342373E0
1.567267567E0,-1.376665950E0,-9.560047150E0,1.558625340E0,9.783609947E0
1.569265341E0,-1.381454349E0,-9.560047150E0,1.568202138E0,9.785815018E0
1.571264481E0,-1.386242747E0,-9.572018623E0,1.575384736E0,9.799339087E0
1.573262606E0,-1.395819545E0,-9.581595421E0,1.596932530E0,9.813535373E0
1.575260458E0,-1.405396342E0,-9.583989143E0,1.618480325E0,9.820767044E0
1.577258856E0,-1.405396342E0,-9.591172218E0,1.632845521E0,9.830152995E0
1.579257606E0,-1.412579060E0,-9.607931137E0,1.651999116E0,9.850726948E0
1.581255263E0,-1.419761658E0,-9.615114212E0,1.663970232E0,9.860777931E0
1.583253388E0,-1.419761658E0,-9.617507935E0,1.673547029E0,9.864732216E0
1.585252294E0,-1.417367458E0,-9.622296333E0,1.683123827E0,9.870685035E0
1.587249755E0,-1.419761658E0,-9.634267807E0,1.680729628E0,9.882291810E0
1.589248661E0,-1.412579060E0,-9.641449928E0,1.695094824E0,9.890717000E0
1.591247411E0,-1.414973259E0,-9.629479408E0,1.680729628E0,9.876936523E0
1.593246161E0,-1.412579060E0,-9.631873131E0,1.687912226E0,9.880152190E0
1.595244481E0,-1.410184860E0,-9.634267807E0,1.699883223E0,9.884196502E0
1.597243153E0,-1.412579060E0,-9.634267807E0,1.697489023E0,9.884126909E0
1.599242450E0,-1.412579060E0,-9.629479408E0,1.687912226E0,9.877818633E0
1.601241903E0,-1.419761658E0,-9.622296333E0,1.683123827E0,9.871029111E0
1.603241044E0,-1.414973259E0,-9.612719536E0,1.690306425E0,9.862234129E0
1.605240653E0,-1.414973259E0,-9.610325813E0,1.678335428E0,9.857855820E0
1.607239520E0,-1.422155857E0,-9.615114212E0,1.673547029E0,9.862743445E0
1.609238505E0,-1.424550056E0,-9.605537415E0,1.668758631E0,9.852941046E0
1.611238192E0,-1.422155857E0,-9.586383820E0,1.656787634E0,9.831898458E0
1.613237255E0,-1.422155857E0,-9.588777542E0,1.663970232E0,9.835445031E0
1.615236122E0,-1.419761658E0,-9.588777542E0,1.661576033E0,9.834694343E0
1.617234833E0,-1.414973259E0,-9.598354340E0,1.642422318E0,9.840127358E0
1.619232958E0,-1.422155857E0,-9.583989143E0,1.613691926E0,9.822391604E0
1.621231356E0,-1.414973259E0,-9.588777542E0,1.611297727E0,9.825634048E0
1.623229130E0,-1.422155857E0,-9.600749016E0,1.613691926E0,9.838745376E0
1.625227411E0,-1.426944256E0,-9.595960617E0,1.613691926E0,9.834766479E0
1.627226513E0,-1.438915253E0,-9.598354340E0,1.599326730E0,9.836499841E0
1.629225106E0,-1.438915253E0,-9.605537415E0,1.594538331E0,9.842732274E0
1.631223505E0,-1.450886250E0,-9.603142738E0,1.596932530E0,9.842541078E0
1.633221356E0,-1.467645645E0,-9.593565941E0,1.582567334E0,9.833362119E0
1.635219833E0,-1.486799240E0,-9.593565941E0,1.572990537E0,9.834702775E0
1.637219052E0,-1.503558636E0,-9.581595421E0,1.572990537E0,9.825576757E0
1.639217919E0,-1.517923832E0,-9.567230225E0,1.558625340E0,9.811488158E0
1.641215927E0,-1.503558636E0,-9.562441826E0,1.541865945E0,9.801955562E0
1.643212802E0,-1.498770237E0,-9.557653427E0,1.529894829E0,9.794673524E0
1.645210263E0,-1.503558636E0,-9.540893555E0,1.541865945E0,9.780934975E0
1.647207841E0,-1.513135433E0,-9.538499832E0,1.546654344E0,9.780833172E0
1.649204677E0,-1.529894829E0,-9.533711433E0,1.546654344E0,9.778771474E0
1.651201708E0,-1.529894829E0,-9.531316757E0,1.556231141E0,9.777956467E0
1.653199286E0,-1.525106430E0,-9.531316757E0,1.563413739E0,9.778354221E0
1.655196981E0,-1.517923832E0,-9.524134636E0,1.568202138E0,9.771002572E0
1.657194911E0,-1.498770237E0,-9.531316757E0,1.561019540E0,9.773898575E0
1.659192372E0,-1.489193439E0,-9.531316757E0,1.568202138E0,9.773584510E0
1.661189872E0,-1.484405041E0,-9.536105156E0,1.563413739E0,9.776759299E0
1.663188036E0,-1.460463047E0,-9.540893555E0,1.584961534E0,9.781293636E0
1.665186630E0,-1.441309452E0,-9.564835548E0,1.604115129E0,9.804929237E0
1.667186708E0,-1.424550056E0,-9.583989143E0,1.608903527E0,9.821953030E0
1.669184950E0,-1.422155857E0,-9.593565941E0,1.606509328E0,9.830559850E0
1.671181708E0,-1.419761658E0,-9.612719536E0,1.611297727E0,9.849689356E0
1.673179052E0,-1.414973259E0,-9.622296333E0,1.606509328E0,9.857566042E0
1.675175810E0,-1.414973259E0,-9.624691010E0,1.601720929E0,9.859124519E0
1.677172685E0,-1.410184860E0,-9.629479408E0,1.601720929E0,9.863113350E0
1.679169950E0,-1.417367458E0,-9.634267807E0,1.601720929E0,9.868817387E0
1.681168114E0,-1.412579060E0,-9.610325813E0,1.604115129E0,9.845147393E0
1.683165888E0,-1.412579060E0,-9.600749016E0,1.604115129E0,9.835799236E0
1.685163388E0,-1.410184860E0,-9.593565941E0,1.594538331E0,9.826885635E0
1.687161083E0,-1.410184860E0,-9.598354340E0,1.584961534E0,9.830011721E0
1.689159481E0,-1.403002143E0,-9.610325813E0,1.589749932E0,9.841447155E0
1.691157645E0,-1.391031146E0,-9.610325813E0,1.587355733E0,9.839361164E0
1.693155380E0,-1.393425345E0,-9.607931137E0,1.594538331E0,9.838522624E0
1.695153388E0,-1.407790542E0,-9.607931137E0,1.599326730E0,9.841344468E0
1.697151669E0,-1.414973259E0,-9.615114212E0,1.608903527E0,9.850946208E0
1.699149130E0,-1.424550056E0,-9.607931137E0,1.601720929E0,9.844145140E0
1.701146122E0,-1.436521053E0,-9.586383820E0,1.592144132E0,9.823302419E0
1.703143544E0,-1.467645645E0,-9.579200745E0,1.587355733E0,9.820120614E0
1.705140810E0,-1.465251446E0,-9.562441826E0,1.587355733E0,9.803415410E0
1.707138153E0,-1.453280449E0,-9.560047150E0,1.580173135E0,9.798136185E0
1.709136083E0,-1.448492050E0,-9.562441826E0,1.575384736E0,9.798992803E0
1.711133270E0,-1.436521053E0,-9.567230225E0,1.561019540E0,9.799605549E0
1.713132724E0,-1.414973259E0,-9.562441826E0,1.549048543E0,9.789892460E0
1.715130302E0,-1.386242747E0,-9.555258751E0,1.541865945E0,9.777626979E0
1.717128427E0,-1.374271750E0,-9.562441826E0,1.553836942E0,9.784851852E0
1.719126630E0,-1.367089152E0,-9.572018623E0,1.541865945E0,9.791313695E0
1.721124130E0,-1.367089152E0,-9.560047150E0,1.539471745E0,9.779233483E0
1.723121591E0,-1.367089152E0,-9.555258751E0,1.539471745E0,9.774552460E0
1.725119364E0,-1.352723956E0,-9.560047150E0,1.546654344E0,9.778369152E0
1.727117177E0,-1.355118155E0,-9.564835548E0,1.561019540E0,9.785663303E0
1.729114599E0,-1.350329757E0,-9.557653427E0,1.575384736E0,9.780284584E0
1.731112645E0,-1.357512355E0,-9.557653427E0,1.570596337E0,9.780508764E0
1.733111044E0,-1.335964561E0,-9.560047150E0,1.553836942E0,9.777203693E0
1.735108778E0,-1.331176162E0,-9.555258751E0,1.556231141E0,9.772249236E0
1.737106825E0,-1.331176162E0,-9.564835548E0,1.556231141E0,9.781613589E0
1.739104911E0,-1.319205165E0,-9.576807022E0,1.549048543E0,9.790561087E0
1.741102138E0,-1.285686255E0,-9.600749016E0,1.546654344E0,9.809154422E0
1.743100224E0,-1.249773264E0,-9.610325813E0,1.525106430E0,9.810517064E0
1.745098349E0,-1.247379065E0,-9.593565941E0,1.520318031E0,9.793050031E0
1.747097020E0,-1.259350061E0,-9.581595421E0,1.522712231E0,9.783229831E0
1.749096317E0,-1.273715258E0,-9.581595421E0,1.520318031E0,9.784717077E0
1.751095770E0,-1.283292055E0,-9.579200745E0,1.515529633E0,9.782880735E0
1.753094520E0,-1.280897856E0,-9.572018623E0,1.522712231E0,9.776650366E0
1.755093700E0,-1.285686255E0,-9.569623947E0,1.527500629E0,9.775681552E0
1.757091903E0,-1.316810966E0,-9.579200745E0,1.525106430E0,9.788821566E0
1.759090419E0,-1.345541358E0,-9.564835548E0,1.532289028E0,9.779799092E0
1.761088270E0,-1.386242747E0,-9.516951561E0,1.558625340E0,9.742861434E0
1.763084833E0,-1.431732655E0,-9.567230225E0,1.568202138E0,9.800051557E0
1.765083231E0,-1.410184860E0,-9.629479408E0,1.572990537E0,9.858488436E0
1.767080341E0,-1.364694953E0,-9.658209801E0,1.561019540E0,9.878268617E0
1.769079052E0,-1.331176162E0,-9.662998199E0,1.549048543E0,9.876493080E0
1.771077567E0,-1.319205165E0,-9.665391922E0,1.541865945E0,9.876105197E0
1.773076200E0,-1.312022567E0,-9.660603523E0,1.532289028E0,9.868970226E0
1.775074872E0,-1.333570361E0,-9.646238327E0,1.527500629E0,9.857057469E0
1.777074247E0,-1.355118155E0,-9.636661530E0,1.532289028E0,9.851370479E0
1.779072372E0,-1.381454349E0,-9.636661530E0,1.539471745E0,9.856147057E0
1.781070106E0,-1.410184860E0,-9.634267807E0,1.546654344E0,9.858999806E0
1.783068739E0,-1.422155857E0,-9.629479408E0,1.549048543E0,9.856416811E0
1.785066825E0,-1.431732655E0,-9.622296333E0,1.553836942E0,9.851540710E0
1.787064130E0,-1.455674648E0,-9.598354340E0,1.549048543E0,9.830917867E0
1.789062255E0,-1.462857246E0,-9.598354340E0,1.551442742E0,9.832361463E0
1.791061435E0,-1.462857246E0,-9.605537415E0,1.549048543E0,9.838996480E0
1.793059989E0,-1.450886250E0,-9.610325813E0,1.539471745E0,9.840396659E0
1.795057450E0,-1.424550056E0,-9.612719536E0,1.551442742E0,9.840766958E0
1.797055302E0,-1.412579060E0,-9.617507935E0,1.561019540E0,9.845233389E0
1.799052802E0,-1.405396342E0,-9.615114212E0,1.565807939E0,9.842627428E0
1.801050067E0,-1.405396342E0,-9.615114212E0,1.568202138E0,9.843008592E0
1.803047060E0,-1.412579060E0,-9.603142738E0,1.589749932E0,9.835803724E0
1.805043388E0,-1.424550056E0,-9.493009567E0,1.620874524E0,9.735184011E0
1.807041317E0,-1.477222443E0,-9.330204010E0,1.704671621E0,9.598999862E0
1.809039677E0,-1.510741234E0,-9.483432770E0,1.733402014E0,9.758202638E0
1.811037997E0,-1.448492050E0,-9.639056206E0,1.733402014E0,9.900212942E0
1.813035888E0,-1.350329757E0,-9.744400978E0,1.716642618E0,9.986170575E0
1.815033661E0,-1.247379065E0,-9.804255486E0,1.695094824E0,1.002759825E1
1.817032411E0,-1.213860273E0,-9.840168953E0,1.668758631E0,1.005420992E1
1.819030849E0,-1.132457376E0,-9.861717224E0,1.620874524E0,1.005798989E1
1.821028700E0,-1.091755986E0,-9.797073364E0,1.592144132E0,9.985464465E0
1.823027216E0,-1.106121182E0,-9.737217903E0,1.608903527E0,9.931036558E0
1.825025770E0,-1.173158884E0,-9.694122314E0,1.618480325E0,9.898069902E0
1.827024599E0,-1.264138460E0,-9.670180321E0,1.625662923E0,9.887022475E0
1.829023231E0,-1.359906554E0,-9.660603523E0,1.632845521E0,9.891551484E0
1.831022177E0,-1.429338455E0,-9.629479408E0,1.642422318E0,9.872559606E0
1.833020263E0,-1.460463047E0,-9.607931137E0,1.642422318E0,9.856106945E0
1.835018153E0,-1.486799240E0,-9.588777542E0,1.635239720E0,9.840184738E0
1.837015145E0,-1.491587639E0,-9.567230225E0,1.604115129E0,9.814780344E0
1.839013153E0,-1.498770237E0,-9.552865028E0,1.596932530E0,9.800700790E0
1.841010458E0,-1.477222443E0,-9.538499832E0,1.592144132E0,9.782642185E0
1.843008036E0,-1.460463047E0,-9.536105156E0,1.589749932E0,9.777400406E0
1.845005419E0,-1.448492050E0,-9.536105156E0,1.582567334E0,9.774453956E0
1.847003388E0,-1.443703651E0,-9.536105156E0,1.584961534E0,9.774133457E0
1.849001239E0,-1.436521053E0,-9.538499832E0,1.592144132E0,9.776578886E0
1.850999442E0,-1.431732655E0,-9.533711433E0,1.589749932E0,9.770814548E0
1.852997099E0,-1.436521053E0,-9.536105156E0,1.589749932E0,9.773852829E0
1.854995497E0,-1.426944256E0,-9.538499832E0,1.601720929E0,9.776740709E0
1.856993974E0,-1.434126854E0,-9.545681953E0,1.596932530E0,9.784015397E0
1.858991903E0,-1.426944256E0,-9.550470352E0,1.584961534E0,9.785691438E0
1.860989364E0,-1.431732655E0,-9.552865028E0,1.582567334E0,9.788340412E0
1.862988153E0,-1.426944256E0,-9.560047150E0,1.582567334E0,9.794651131E0
1.864986708E0,-1.417367458E0,-9.564835548E0,1.582567334E0,9.797934933E0
1.866985888E0,-1.417367458E0,-9.574412346E0,1.558625340E0,9.803449150E0
1.868983544E0,-1.410184860E0,-9.576807022E0,1.539471745E0,9.801725732E0
1.870982099E0,-1.403002143E0,-9.600749016E0,1.539471745E0,9.824091303E0
1.872981552E0,-1.395819545E0,-9.610325813E0,1.529894829E0,9.830933457E0
1.874981083E0,-1.386242747E0,-9.615114212E0,1.532289028E0,9.834632679E0
1.876978817E0,-1.388636947E0,-9.619902611E0,1.549048543E0,9.842275662E0
1.878977567E0,-1.391031146E0,-9.619902611E0,1.556231141E0,9.843746708E0
1.880975145E0,-1.388636947E0,-9.619902611E0,1.549048543E0,9.842275662E0
1.882973075E0,-1.393425345E0,-9.631873131E0,1.551442742E0,9.855028604E0
1.884971474E0,-1.403002143E0,-9.622296333E0,1.558625340E0,9.848163011E0
1.886969755E0,-1.395819545E0,-9.622296333E0,1.558625340E0,9.847142320E0
1.888968231E0,-1.405396342E0,-9.612719536E0,1.556231141E0,9.838768781E0
1.890967255E0,-1.414973259E0,-9.610325813E0,1.580173135E0,9.841618703E0
1.892965770E0,-1.417367458E0,-9.605537415E0,1.594538331E0,9.839605278E0
1.894964208E0,-1.419761658E0,-9.600749016E0,1.594538331E0,9.835276169E0
1.896962489E0,-1.426944256E0,-9.603142738E0,1.611297727E0,9.841382054E0
1.898960458E0,-1.434126854E0,-9.603142738E0,1.616086125E0,9.843211094E0
1.900958583E0,-1.434126854E0,-9.598354340E0,1.620874524E0,9.839327217E0
1.902956474E0,-1.436521053E0,-9.603142738E0,1.642422318E0,9.847918270E0
1.904954286E0,-1.441309452E0,-9.600749016E0,1.647210717E0,9.847083718E0
1.906952606E0,-1.441309452E0,-9.607931137E0,1.632845521E0,9.851695193E0
1.908950263E0,-1.446097851E0,-9.610325813E0,1.632845521E0,9.854732149E0
1.910948310E0,-1.431732655E0,-9.605537415E0,1.640028119E0,9.849157306E0
1.912945302E0,-1.434126854E0,-9.612719536E0,1.635239720E0,9.855714365E0
1.914943466E0,-1.429338455E0,-9.607931137E0,1.628057122E0,9.849158296E0
1.916941825E0,-1.429338455E0,-9.605537415E0,1.618480325E0,9.845244334E0
1.918939286E0,-1.426944256E0,-9.603142738E0,1.620874524E0,9.842954566E0
1.920937411E0,-1.424550056E0,-9.603142738E0,1.613691926E0,9.841427485E0
1.922936747E0,-1.417367458E0,-9.600749016E0,1.611297727E0,9.837661945E0
1.924935849E0,-1.412579060E0,-9.598354340E0,1.606509328E0,9.833852645E0
1.926935341E0,-1.398213744E0,-9.600749016E0,1.604115129E0,9.833746422E0
1.928934091E0,-1.393425345E0,-9.595960617E0,1.594538331E0,9.826833002E0
1.930932333E0,-1.381454349E0,-9.598354340E0,1.587355733E0,9.826317742E0
1.932930380E0,-1.388636947E0,-9.605537415E0,1.599326730E0,9.836285253E0
1.934928153E0,-1.400607944E0,-9.607931137E0,1.601720929E0,9.840708983E0
1.936926630E0,-1.407790542E0,-9.603142738E0,1.604115129E0,9.837449365E0
1.938924013E0,-1.419761658E0,-9.595960617E0,1.611297727E0,9.833334312E0
1.940921981E0,-1.424550056E0,-9.600749016E0,1.616086125E0,9.839484686E0
1.942919794E0,-1.438915253E0,-9.595960617E0,1.635239720E0,9.840068405E0
1.944917216E0,-1.443703651E0,-9.583989143E0,1.642422318E0,9.830293953E0
1.946914481E0,-1.453280449E0,-9.569623947E0,1.649604917E0,9.818906402E0
1.948911747E0,-1.453280449E0,-9.567230225E0,1.663970232E0,9.818997666E0
1.950908895E0,-1.458068848E0,-9.562441826E0,1.673547029E0,9.816670418E0
1.952905185E0,-1.443703651E0,-9.574412346E0,1.673547029E0,9.826210443E0
1.954902020E0,-1.443703651E0,-9.581595421E0,1.680729628E0,9.834434560E0
1.956899599E0,-1.446097851E0,-9.583989143E0,1.683123827E0,9.837527774E0
1.958897645E0,-1.438915253E0,-9.579200745E0,1.663970232E0,9.828548262E0
1.960895770E0,-1.441309452E0,-9.579200745E0,1.668758631E0,9.829710841E0
1.962894638E0,-1.446097851E0,-9.581595421E0,1.668758631E0,9.832747590E0
1.964893778E0,-1.443703651E0,-9.581595421E0,1.637633920E0,9.827161131E0
1.966892138E0,-1.443703651E0,-9.574412346E0,1.618480325E0,9.816981744E0
1.968890380E0,-1.448492050E0,-9.572018623E0,1.599326730E0,9.812212581E0
1.970888270E0,-1.443703651E0,-9.581595421E0,1.592144132E0,9.819682988E0
1.972885888E0,-1.426944256E0,-9.586383820E0,1.577778935E0,9.819588129E0
1.974883466E0,-1.436521053E0,-9.586383820E0,1.568202138E0,9.819450362E0
1.976882216E0,-1.443703651E0,-9.583989143E0,1.546654344E0,9.814747465E0
1.978881122E0,-1.453280449E0,-9.595960617E0,1.532289028E0,9.825598908E0
1.980879442E0,-1.465251446E0,-9.591172218E0,1.527500629E0,9.821955228E0
1.982878075E0,-1.467645645E0,-9.581595421E0,1.527500629E0,9.812961465E0
1.984876044E0,-1.474828243E0,-9.574412346E0,1.527500629E0,9.807025456E0
1.986872958E0,-1.482010841E0,-9.576807022E0,1.532289028E0,9.811192514E0
1.988871513E0,-1.482010841E0,-9.583989143E0,1.541865945E0,9.819702370E0
1.990869442E0,-1.467645645E0,-9.574412346E0,1.539471745E0,9.807819776E0
1.992867724E0,-1.455674648E0,-9.557653427E0,1.553836942E0,9.791942451E0
1.994865966E0,-1.438915253E0,-9.555258751E0,1.561019540E0,9.788269965E0
1.996864403E0,-1.434126854E0,-9.540893555E0,1.556231141E0,9.772779800E0
1.998863856E0,-1.419761658E0,-9.550470352E0,1.577778935E0,9.783485753E0
2.000862685E0,-1.412579060E0,-9.560047150E0,1.608903527E0,9.796859275E0
2.002861161E0,-1.412579060E0,-9.562441826E0,1.625662923E0,9.801961702E0
2.004859755E0,-1.407790542E0,-9.567230225E0,1.635239720E0,9.807536761E0
2.006859677E0,-1.395819545E0,-9.583989143E0,1.651999116E0,9.824981485E0
2.008859325E0,-1.383848548E0,-9.588777542E0,1.678335428E0,9.832420931E0
2.010858349E0,-1.398213744E0,-9.583989143E0,1.690306425E0,9.831835301E0
2.012857255E0,-1.400607944E0,-9.583989143E0,1.704671621E0,9.834655858E0
2.014857099E0,-1.407790542E0,-9.593565941E0,1.714248419E0,9.846676054E0
2.016856474E0,-1.405396342E0,-9.593565941E0,1.714248419E0,9.846334038E0
2.018855028E0,-1.407790542E0,-9.591172218E0,1.707065821E0,9.843095674E0
2.020854013E0,-1.424550056E0,-9.595960617E0,1.702277422E0,9.849342691E0
2.022853427E0,-1.424550056E0,-9.595960617E0,1.687912226E0,9.846870097E0
2.024852606E0,-1.436521053E0,-9.607931137E0,1.666364431E0,9.856607119E0
2.026851552E0,-1.446097851E0,-9.603142738E0,1.644816518E0,9.849719327E0
2.028850067E0,-1.453280449E0,-9.610325813E0,1.616086125E0,9.853025965E0
2.030850185E0,-1.465251446E0,-9.598354340E0,1.596932530E0,9.839998035E0
2.032849911E0,-1.467645645E0,-9.591172218E0,1.572990537E0,9.829489686E0
2.034848895E0,-1.470039845E0,-9.598354340E0,1.568202138E0,9.836090744E0
2.036847841E0,-1.472434044E0,-9.603142738E0,1.575384736E0,9.842268516E0
2.038846278E0,-1.477222443E0,-9.603142738E0,1.565807939E0,9.841457773E0
2.040845341E0,-1.496376038E0,-9.591172218E0,1.546654344E0,9.829642182E0
2.042843427E0,-1.505952835E0,-9.576807022E0,1.544260144E0,9.816713609E0
2.044842489E0,-1.503558636E0,-9.579200745E0,1.544260144E0,9.818681931E0
2.046841747E0,-1.498770237E0,-9.581595421E0,1.551442742E0,9.821418310E0
2.048840380E0,-1.489193439E0,-9.579200745E0,1.558625340E0,9.818762496E0
2.050839169E0,-1.489193439E0,-9.572018623E0,1.572990537E0,9.814047934E0
2.052837958E0,-1.482010841E0,-9.560047150E0,1.599326730E0,9.805544535E0
2.054836591E0,-1.462857246E0,-9.569623947E0,1.625662923E0,9.816335047E0
2.056834481E0,-1.455674648E0,-9.572018623E0,1.637633920E0,9.819591339E0
2.058833114E0,-1.431732655E0,-9.586383820E0,1.671152830E0,9.835718830E0
2.060832020E0,-1.400607944E0,-9.586383820E0,1.680729628E0,9.832868830E0
2.062831630E0,-1.383848548E0,-9.588777542E0,1.683123827E0,9.833239414E0
2.064831005E0,-1.376665950E0,-9.586383820E0,1.687912226E0,9.830717754E0
2.066830927E0,-1.362300754E0,-9.588777542E0,1.695094824E0,9.832286843E0
2.068831435E0,-1.347935557E0,-9.598354340E0,1.697489023E0,9.840061244E0
2.070831239E0,-1.355118155E0,-9.612719536E0,1.709460020E0,9.857128164E0
2.072831044E0,-1.364694953E0,-9.612719536E0,1.697489023E0,9.856380582E0
2.074830497E0,-1.374271750E0,-9.593565941E0,1.692700624E0,9.838209477E0
2.076829755E0,-1.379060149E0,-9.588777542E0,1.680729628E0,9.832157125E0
2.078829052E0,-1.379060149E0,-9.595960617E0,1.649604917E0,9.833893605E0
2.080827411E0,-1.383848548E0,-9.588777542E0,1.640028119E0,9.825954599E0
2.082825224E0,-1.383848548E0,-9.593565941E0,1.628057122E0,9.828637457E0
2.084824208E0,-1.386242747E0,-9.605537415E0,1.608903527E0,9.837509265E0
2.086823544E0,-1.391031146E0,-9.605537415E0,1.599326730E0,9.836623540E0
2.088822802E0,-1.405396342E0,-9.605537415E0,1.584961534E0,9.836340324E0
2.090822411E0,-1.412579060E0,-9.622296333E0,1.587355733E0,9.854119167E0
2.092822099E0,-1.417367458E0,-9.617507935E0,1.594538331E0,9.851291381E0
2.094822958E0,-1.429338455E0,-9.619902611E0,1.587355733E0,9.854198744E0
2.096821942E0,-1.424550056E0,-9.619902611E0,1.584961534E0,9.853119920E0
2.098820692E0,-1.410184860E0,-9.624691010E0,1.599326730E0,9.858049724E0
2.100819560E0,-1.398213744E0,-9.619902611E0,1.594538331E0,9.850892366E0
2.102818270E0,-1.395819545E0,-9.629479408E0,1.604115129E0,9.861458879E0
2.104817216E0,-1.403002143E0,-9.624691010E0,1.616086125E0,9.859757928E0
2.106815888E0,-1.393425345E0,-9.631873131E0,1.620874524E0,9.866197263E0
2.108813114E0,-1.410184860E0,-9.634267807E0,1.628057122E0,9.872097422E0
2.110811435E0,-1.407790542E0,-9.622296333E0,1.632845521E0,9.860864335E0
2.112814989E0,-1.407790542E0,-9.619902611E0,1.632845521E0,9.858528539E0
2.114807411E0,-1.403002143E0,-9.627084732E0,1.628057122E0,9.864063333E0
2.116805966E0,-1.410184860E0,-9.622296333E0,1.616086125E0,9.858445234E0
2.118804091E0,-1.407790542E0,-9.627084732E0,1.616086125E0,9.862776942E0
2.120802099E0,-1.395819545E0,-9.612719536E0,1.601720929E0,9.844704110E0
2.122801005E0,-1.388636947E0,-9.615114212E0,1.599326730E0,9.845637606E0
2.124799286E0,-1.391031146E0,-9.607931137E0,1.601720929E0,9.839350503E0
2.126798192E0,-1.395819545E0,-9.607931137E0,1.601720929E0,9.840028601E0
2.128796669E0,-1.407790542E0,-9.595960617E0,1.599326730E0,9.829658202E0
2.130795614E0,-1.412579060E0,-9.586383820E0,1.599326730E0,9.820996911E0
2.132793935E0,-1.414973259E0,-9.583989143E0,1.589749932E0,9.817448858E0
2.134792450E0,-1.419761658E0,-9.576807022E0,1.558625340E0,9.806134246E0
2.136790810E0,-1.431732655E0,-9.576807022E0,1.546654344E0,9.805979339E0
2.138788974E0,-1.438915253E0,-9.581595421E0,1.546654344E0,9.811706659E0
2.140786786E0,-1.419761658E0,-9.579200745E0,1.522712231E0,9.802829316E0
2.142784794E0,-1.407790542E0,-9.579200745E0,1.522712231E0,9.801102675E0
2.144783427E0,-1.393425345E0,-9.581595421E0,1.510741234E0,9.799537952E0
2.146782372E0,-1.391031146E0,-9.588777542E0,1.501164436E0,9.804749720E0
2.148781708E0,-1.379060149E0,-9.588777542E0,1.498770237E0,9.802692175E0
2.150780341E0,-1.374271750E0,-9.579200745E0,1.498770237E0,9.792651427E0
2.152778817E0,-1.362300754E0,-9.583989143E0,1.498770237E0,9.795663503E0
2.154777685E0,-1.367089152E0,-9.591172218E0,1.482010841E0,9.800809834E0
2.156776786E0,-1.367089152E0,-9.598354340E0,1.486799240E0,9.808563134E0
2.158776005E0,-1.367089152E0,-9.598354340E0,1.486799240E0,9.808563134E0
2.160773895E0,-1.374271750E0,-9.607931137E0,1.493981838E0,9.820027765E0
2.162770653E0,-1.369483352E0,-9.600749016E0,1.498770237E0,9.813061629E0
2.164767841E0,-1.374271750E0,-9.593565941E0,1.503558636E0,9.807436917E0
2.166765263E0,-1.371877551E0,-9.591172218E0,1.527500629E0,9.808460160E0
2.168762372E0,-1.383848548E0,-9.598354340E0,1.549048543E0,9.820539406E0
2.170759833E0,-1.395819545E0,-9.595960617E0,1.546654344E0,9.819516894E0
2.172756864E0,-1.400607944E0,-9.586383820E0,1.551442742E0,9.811596808E0
2.174755419E0,-1.407790542E0,-9.583989143E0,1.549048543E0,9.809906906E0
2.176754052E0,-1.410184860E0,-9.586383820E0,1.561019540E0,9.814487153E0
2.178752724E0,-1.422155857E0,-9.581595421E0,1.556231141E0,9.810777413E0
2.180751044E0,-1.426944256E0,-9.579200745E0,1.582567334E0,9.813346839E0
2.182749208E0,-1.424550056E0,-9.567230225E0,1.589749932E0,9.802476314E0
2.184747606E0,-1.431732655E0,-9.581595421E0,1.599326730E0,9.819097473E0
2.186746122E0,-1.426944256E0,-9.572018623E0,1.613691926E0,9.811407242E0
2.188744169E0,-1.426944256E0,-9.567230225E0,1.611297727E0,9.806342052E0
2.190742919E0,-1.438915253E0,-9.567230225E0,1.606509328E0,9.807305619E0
2.192741942E0,-1.443703651E0,-9.557653427E0,1.611297727E0,9.799454048E0
2.194740966E0,-1.443703651E0,-9.555258751E0,1.601720929E0,9.795547967E0
2.196739481E0,-1.436521053E0,-9.560047150E0,1.589749932E0,9.797213843E0
2.198738622E0,-1.443703651E0,-9.562441826E0,1.575384736E0,9.798286124E0
2.200737880E0,-1.436521053E0,-9.564835548E0,1.563413739E0,9.797649429E0
2.202736669E0,-1.426944256E0,-9.562441826E0,1.549048543E0,9.791629842E0
2.204734208E0,-1.426944256E0,-9.562441826E0,1.553836942E0,9.792388515E0
2.206733036E0,-1.417367458E0,-9.560047150E0,1.558625340E0,9.789420053E0
2.208731825E0,-1.407790542E0,-9.557653427E0,1.529894829E0,9.781165137E0
2.210730067E0,-1.395819545E0,-9.567230225E0,1.522712231E0,9.787689151E0
2.212728349E0,-1.381454349E0,-9.595960617E0,1.520318031E0,9.813370634E0
2.214726903E0,-1.371877551E0,-9.600749016E0,1.510741234E0,9.815231467E0
2.216724755E0,-1.357512355E0,-9.615114212E0,1.510741234E0,9.827288547E0
2.218723661E0,-1.338358760E0,-9.624691010E0,1.505952835E0,9.833299301E0
2.220722724E0,-1.335964561E0,-9.624691010E0,1.501164436E0,9.832241504E0
2.222721317E0,-1.333570361E0,-9.617507935E0,1.496376038E0,9.824154418E0
2.224719950E0,-1.326387763E0,-9.617507935E0,1.491587639E0,9.822453719E0
2.226717919E0,-1.338358760E0,-9.598354340E0,1.505952835E0,9.807522834E0
2.228716981E0,-1.338358760E0,-9.595960617E0,1.517923832E0,9.807025905E0
2.230714716E0,-1.347935557E0,-9.595960617E0,1.520318031E0,9.808708241E0
2.232713153E0,-1.352723956E0,-9.591172218E0,1.522712231E0,9.805054776E0
2.234711864E0,-1.359906554E0,-9.591172218E0,1.517923832E0,9.805305866E0
2.236710067E0,-1.364694953E0,-9.588777542E0,1.513135433E0,9.802888651E0
2.238708231E0,-1.367089152E0,-9.583989143E0,1.529894829E0,9.801140691E0
2.240705966E0,-1.374271750E0,-9.574412346E0,1.525106430E0,9.792034734E0
2.242703661E0,-1.381454349E0,-9.567230225E0,1.537077546E0,9.787896489E0
2.244702567E0,-1.376665950E0,-9.569623947E0,1.553836942E0,9.792207150E0
2.246701200E0,-1.379060149E0,-9.581595421E0,1.561019540E0,9.805384220E0
2.248699599E0,-1.383848548E0,-9.595960617E0,1.565807939E0,9.820857980E0
2.250697763E0,-1.398213744E0,-9.607931137E0,1.582567334E0,9.837269020E0
2.252696122E0,-1.398213744E0,-9.612719536E0,1.584961534E0,9.842331107E0
2.254694716E0,-1.407790542E0,-9.619902611E0,1.577778935E0,9.849557697E0
2.256693661E0,-1.431732655E0,-9.619902611E0,1.587355733E0,9.854546304E0
2.258692294E0,-1.438915253E0,-9.624691010E0,1.584961534E0,9.859881196E0
2.260692177E0,-1.436521053E0,-9.622296333E0,1.601720929E0,9.859903113E0
2.262691591E0,-1.443703651E0,-9.615114212E0,1.584961534E0,9.851233659E0
2.264691317E0,-1.441309452E0,-9.612719536E0,1.570596337E0,9.846244089E0
2.266690849E0,-1.446097851E0,-9.612719536E0,1.570596337E0,9.846946162E0
2.268689286E0,-1.448492050E0,-9.603142738E0,1.582567334E0,9.839867836E0
2.270687489E0,-1.441309452E0,-9.603142738E0,1.582567334E0,9.838813077E0
2.272685849E0,-1.438915253E0,-9.615114212E0,1.596932530E0,9.852466286E0
2.274683231E0,-1.438915253E0,-9.612719536E0,1.584961534E0,9.848195624E0
2.276681005E0,-1.431732655E0,-9.617507935E0,1.584961534E0,9.851823198E0
2.278679911E0,-1.431732655E0,-9.610325813E0,1.596932530E0,9.846746373E0
2.280678544E0,-1.417367458E0,-9.610325813E0,1.584961534E0,9.842733147E0
2.282677020E0,-1.412579060E0,-9.600749016E0,1.584961534E0,9.832693646E0
2.284675302E0,-1.410184860E0,-9.600749016E0,1.594538331E0,9.833898286E0
2.286673153E0,-1.403002143E0,-9.610325813E0,1.596932530E0,9.842609957E0
2.288670380E0,-1.400607944E0,-9.595960617E0,1.608903527E0,9.830194980E0
2.290668153E0,-1.393425345E0,-9.588777542E0,1.628057122E0,9.825317244E0
2.292665614E0,-1.376665950E0,-9.591172218E0,1.616086125E0,9.823315531E0
2.294663427E0,-1.364694953E0,-9.605537415E0,1.616086125E0,9.835673627E0
2.296661786E0,-1.352723956E0,-9.605537415E0,1.620874524E0,9.834807845E0
2.298659130E0,-1.350329757E0,-9.605537415E0,1.620874524E0,9.834478822E0
2.300656825E0,-1.350329757E0,-9.612719536E0,1.606509328E0,9.839138151E0
2.302655419E0,-1.347935557E0,-9.617507935E0,1.608903527E0,9.843879301E0
2.304653427E0,-1.350329757E0,-9.615114212E0,1.606509328E0,9.841477734E0
2.306651513E0,-1.362300754E0,-9.629479408E0,1.599326730E0,9.855992239E0
2.308649520E0,-1.371877551E0,-9.624691010E0,1.592144132E0,9.851479482E0
2.310647216E0,-1.374271750E0,-9.619902611E0,1.584961534E0,9.845976445E0
2.312645106E0,-1.379060149E0,-9.619902611E0,1.589749932E0,9.847417833E0
2.314643270E0,-1.386242747E0,-9.622296333E0,1.587355733E0,9.850378363E0
2.316640106E0,-1.386242747E0,-9.615114212E0,1.577778935E0,9.841822831E0
2.318637606E0,-1.391031146E0,-9.619902611E0,1.563413739E0,9.844884784E0
2.320635302E0,-1.393425345E0,-9.607931137E0,1.561019540E0,9.833145831E0
2.322633739E0,-1.400607944E0,-9.593565941E0,1.568202138E0,9.821276293E0
2.324632724E0,-1.412579060E0,-9.588777542E0,1.561019540E0,9.817169468E0
2.326632020E0,-1.424550056E0,-9.600749016E0,1.558625340E0,9.830210449E0
2.328631356E0,-1.429338455E0,-9.603142738E0,1.565807939E0,9.834384240E0
2.330631200E0,-1.436521053E0,-9.595960617E0,1.575384736E0,9.829948625E0
2.332630185E0,-1.453280449E0,-9.595960617E0,1.572990537E0,9.832028451E0
2.334629560E0,-1.462857246E0,-9.598354340E0,1.570596337E0,9.835401883E0
2.336628153E0,-1.458068848E0,-9.581595421E0,1.580173135E0,9.819871828E0
2.338626474E0,-1.460463047E0,-9.574412346E0,1.604115129E0,9.817102904E0
2.340624208E0,-1.455674648E0,-9.564835548E0,1.611297727E0,9.808228592E0
2.342622958E0,-1.455674648E0,-9.562441826E0,1.604115129E0,9.804716605E0
2.344622177E0,-1.455674648E0,-9.564835548E0,1.608903527E0,9.807835557E0
2.346620731E0,-1.462857246E0,-9.572018623E0,1.635239720E0,9.820259711E0
2.348620145E0,-1.458068848E0,-9.576807022E0,1.663970232E0,9.829038327E0
2.350619169E0,-1.455674648E0,-9.574412346E0,1.666364431E0,9.826755867E0
2.352618388E0,-1.460463047E0,-9.586383820E0,1.685518026E0,9.842391887E0
2.354617841E0,-1.455674648E0,-9.588777542E0,1.683123827E0,9.843604485E0
2.356617685E0,-1.455674648E0,-9.581595421E0,1.685518026E0,9.837018375E0
2.358616942E0,-1.453280449E0,-9.581595421E0,1.704671621E0,9.839964441E0
2.360616669E0,-1.453280449E0,-9.574412346E0,1.714248419E0,9.834634893E0
2.362617177E0,-1.450886250E0,-9.564835548E0,1.707065821E0,9.823707228E0
2.364617411E0,-1.453280449E0,-9.572018623E0,1.695094824E0,9.828983216E0
2.366616278E0,-1.441309452E0,-9.572018623E0,1.680729628E0,9.824752696E0
2.368615341E0,-1.434126854E0,-9.564835548E0,1.683123827E0,9.817112850E0
2.370614364E0,-1.419761658E0,-9.579200745E0,1.673547029E0,9.827388754E0
2.372614325E0,-1.395819545E0,-9.605537415E0,1.656787634E0,9.846806918E0
2.374614247E0,-1.388636947E0,-9.615114212E0,1.656787634E0,9.855134659E0
2.376615185E0,-1.383848548E0,-9.617507935E0,1.647210717E0,9.855191466E0
2.378616200E0,-1.374271750E0,-9.622296333E0,1.632845521E0,9.856134844E0
2.380617020E0,-1.359906554E0,-9.639056206E0,1.604115129E0,9.865796254E0
2.382616708E0,-1.364694953E0,-9.641449928E0,1.584961534E0,9.865700791E0
2.384616786E0,-1.359906554E0,-9.639056206E0,1.570596337E0,9.860401778E0
2.386616513E0,-1.369483352E0,-9.634267807E0,1.556231141E0,9.854768196E0
2.388615653E0,-1.376665950E0,-9.624691010E0,1.556231141E0,9.846407544E0
2.390614520E0,-1.391031146E0,-9.610325813E0,1.558625340E0,9.834767045E0
2.392613270E0,-1.395819545E0,-9.605537415E0,1.553836942E0,9.830008671E0
2.394612528E0,-1.405396342E0,-9.598354340E0,1.546654344E0,9.823221700E0
2.396612489E0,-1.410184860E0,-9.591172218E0,1.549048543E0,9.817268319E0
2.398612333E0,-1.417367458E0,-9.583989143E0,1.558625340E0,9.812802422E0
2.400612958E0,-1.424550056E0,-9.576807022E0,1.561019540E0,9.807209471E0
2.402613935E0,-1.422155857E0,-9.588777542E0,1.575384736E0,9.820846150E0
2.404614950E0,-1.422155857E0,-9.579200745E0,1.601720929E0,9.815758968E0
2.406616161E0,-1.412579060E0,-9.579200745E0,1.613691926E0,9.816336798E0
2.408616395E0,-1.405396342E0,-9.591172218E0,1.608903527E0,9.826204453E0
2.410616630E0,-1.383848548E0,-9.605537415E0,1.616086125E0,9.838349465E0
2.412617763E0,-1.376665950E0,-9.603142738E0,1.611297727E0,9.834217811E0
2.414618544E0,-1.388636947E0,-9.598354340E0,1.608903527E0,9.830833594E0
2.416619286E0,-1.381454349E0,-9.600749016E0,1.594538331E0,9.829819442E0
2.418619755E0,-1.386242747E0,-9.605537415E0,1.596932530E0,9.835558524E0
2.420620224E0,-1.391031146E0,-9.610325813E0,1.592144132E0,9.840134797E0
2.422620419E0,-1.386242747E0,-9.610325813E0,1.565807939E0,9.835231858E0
2.424620380E0,-1.383848548E0,-9.607931137E0,1.563413739E0,9.832173720E0
2.426619950E0,-1.381454349E0,-9.595960617E0,1.551442742E0,9.818240721E0
2.428619208E0,-1.376665950E0,-9.598354340E0,1.539471745E0,9.818023651E0
2.430617724E0,-1.371877551E0,-9.605537415E0,1.534683347E0,9.823627131E0
2.432617958E0,-1.374271750E0,-9.615114212E0,1.544260144E0,9.834825039E0
2.434617411E0,-1.379060149E0,-9.610325813E0,1.537077546E0,9.829688526E0
2.436616864E0,-1.376665950E0,-9.622296333E0,1.541865945E0,9.841806057E0
2.438616317E0,-1.379060149E0,-9.619902611E0,1.534683347E0,9.838678067E0
2.440616122E0,-1.383848548E0,-9.605537415E0,1.539471745E0,9.826055113E0
2.442615731E0,-1.395819545E0,-9.598354340E0,1.534683347E0,9.819978167E0
2.444615067E0,-1.393425345E0,-9.583989143E0,1.532289028E0,9.805222678E0
2.446614833E0,-1.391031146E0,-9.591172218E0,1.527500629E0,9.811157442E0
2.448614286E0,-1.383848548E0,-9.588777542E0,1.546654344E0,9.810801762E0
2.450614950E0,-1.376665950E0,-9.576807022E0,1.541865945E0,9.797335988E0
2.452615106E0,-1.391031146E0,-9.564835548E0,1.541865945E0,9.787665570E0
2.454615419E0,-1.398213744E0,-9.560047150E0,1.553836942E0,9.785903761E0
2.456615419E0,-1.405396342E0,-9.550470352E0,1.570596337E0,9.780255400E0
2.458615067E0,-1.410184860E0,-9.540893555E0,1.563413739E0,9.770441837E0
2.460614677E0,-1.410184860E0,-9.536105156E0,1.561019540E0,9.765382987E0
2.462613935E0,-1.400607944E0,-9.531316757E0,1.580173135E0,9.762409993E0
2.464612880E0,-1.410184860E0,-9.526528358E0,1.606509328E0,9.763413139E0
2.466611474E0,-1.422155857E0,-9.531316757E0,1.625662923E0,9.772988609E0
2.468609716E0,-1.426944256E0,-9.538499832E0,1.635239720E0,9.782287969E0
2.470609130E0,-1.426944256E0,-9.550470352E0,1.635239720E0,9.793960527E0
2.472608739E0,-1.434126854E0,-9.557653427E0,1.635239720E0,9.802013457E0
2.474607724E0,-1.436521053E0,-9.555258751E0,1.654393315E0,9.803243329E0
2.476606747E0,-1.458068848E0,-9.545681953E0,1.647210717E0,9.795882394E0
2.478606708E0,-1.460463047E0,-9.543288231E0,1.632845521E0,9.791500757E0
2.480606395E0,-1.455674648E0,-9.552865028E0,1.618480325E0,9.797739407E0
2.482606317E0,-1.446097851E0,-9.550470352E0,1.620874524E0,9.794381918E0
2.484606122E0,-1.434126854E0,-9.545681953E0,1.613691926E0,9.786764809E0
2.486605185E0,-1.426944256E0,-9.545681953E0,1.613691926E0,9.785714869E0
2.488604208E0,-1.405396342E0,-9.552865028E0,1.601720929E0,9.787639096E0
2.490602216E0,-1.381454349E0,-9.567230225E0,1.601720929E0,9.798255979E0
2.492600536E0,-1.371877551E0,-9.574412346E0,1.594538331E0,9.802753301E0
2.494598427E0,-1.355118155E0,-9.588777542E0,1.587355733E0,9.813291914E0
2.496596200E0,-1.350329757E0,-9.612719536E0,1.584961534E0,9.835642856E0
2.498593661E0,-1.338358760E0,-9.617507935E0,1.577778935E0,9.837532689E0
2.500591200E0,-1.328781962E0,-9.631873131E0,1.580173135E0,9.850664376E0
2.502589716E0,-1.326387763E0,-9.641449928E0,1.584961534E0,9.860474851E0
2.504587216E0,-1.319205165E0,-9.653421402E0,1.570596337E0,9.868921921E0
2.506584599E0,-1.323993564E0,-9.662998199E0,1.565807939E0,9.878170259E0
2.508582880E0,-1.323993564E0,-9.677363396E0,1.570596337E0,9.892982063E0
2.510581239E0,-1.345541358E0,-9.662998199E0,1.563413739E0,9.880702317E0
2.512580106E0,-1.364694953E0,-9.646238327E0,1.570596337E0,9.868083858E0
2.514578583E0,-1.395819545E0,-9.646238327E0,1.575384736E0,9.873199235E0
2.516576630E0,-1.403002143E0,-9.636661530E0,1.572990537E0,9.864479696E0
2.518575185E0,-1.419761658E0,-9.627084732E0,1.582567334E0,9.859056901E0
2.520573856E0,-1.438915253E0,-9.615114212E0,1.592144132E0,9.851691294E0
2.522571552E0,-1.446097851E0,-9.612719536E0,1.584961534E0,9.849247633E0
2.524570224E0,-1.458068848E0,-9.591172218E0,1.589749932E0,9.830760608E0
2.526568427E0,-1.458068848E0,-9.595960617E0,1.589749932E0,9.835432363E0
2.528567255E0,-1.455674648E0,-9.586383820E0,1.604115129E0,9.828068415E0
2.530565458E0,-1.443703651E0,-9.576807022E0,1.618480325E0,9.819317264E0
2.532564481E0,-1.436521053E0,-9.579200745E0,1.618480325E0,9.820598668E0
2.534563075E0,-1.422155857E0,-9.579200745E0,1.616086125E0,9.818113289E0
2.536562216E0,-1.410184860E0,-9.586383820E0,1.630451322E0,9.825769567E0
2.538560106E0,-1.400607944E0,-9.588777542E0,1.640028119E0,9.828328932E0
2.540557919E0,-1.381454349E0,-9.612719536E0,1.637633920E0,9.848585576E0
2.542556239E0,-1.369483352E0,-9.622296333E0,1.632845521E0,9.855468323E0
2.544554325E0,-1.367089152E0,-9.631873131E0,1.644816518E0,9.866475264E0
2.546552567E0,-1.359906554E0,-9.646238327E0,1.635239720E0,9.877918234E0
2.548550263E0,-1.357512355E0,-9.646238327E0,1.635239720E0,9.877588906E0
2.550546981E0,-1.352723956E0,-9.648633003E0,1.628057122E0,9.878084375E0
2.552544599E0,-1.359906554E0,-9.651026726E0,1.606509328E0,9.877881095E0
2.554542724E0,-1.359906554E0,-9.662998199E0,1.594538331E0,9.887640392E0
2.556540341E0,-1.359906554E0,-9.651026726E0,1.572990537E0,9.872485094E0
2.558538583E0,-1.371877551E0,-9.655815125E0,1.565807939E0,9.877680306E0
2.560537099E0,-1.379060149E0,-9.646238327E0,1.541865945E0,9.865549724E0
2.562536278E0,-1.386242747E0,-9.643844604E0,1.529894829E0,9.862351946E0
2.564534755E0,-1.391031146E0,-9.639056206E0,1.520318031E0,9.856862539E0
2.566533935E0,-1.400607944E0,-9.631873131E0,1.515529633E0,9.850457486E0
2.568531903E0,-1.393425345E0,-9.631873131E0,1.527500629E0,9.851287854E0
2.570530653E0,-1.376665950E0,-9.624691010E0,1.513135433E0,9.839688258E0
2.572528778E0,-1.386242747E0,-9.617507935E0,1.505952835E0,9.832905052E0
2.574526435E0,-1.383848548E0,-9.622296333E0,1.522712231E0,9.839831100E0
2.576524364E0,-1.388636947E0,-9.615114212E0,1.527500629E0,9.834225544E0
2.578522020E0,-1.383848548E0,-9.615114212E0,1.529894829E0,9.833922732E0
2.580520341E0,-1.381454349E0,-9.610325813E0,1.539471745E0,9.830399362E0
2.582519286E0,-1.386242747E0,-9.595960617E0,1.558625340E0,9.820053058E0
2.584517763E0,-1.371877551E0,-9.593565941E0,1.561019540E0,9.816075462E0
2.586517020E0,-1.376665950E0,-9.581595421E0,1.568202138E0,9.806193853E0
2.588516161E0,-1.388636947E0,-9.576807022E0,1.582567334E0,9.805511954E0
2.590515770E0,-1.383848548E0,-9.579200745E0,1.580173135E0,9.806786979E0
2.592513935E0,-1.379060149E0,-9.579200745E0,1.594538331E0,9.808437505E0
2.594512020E0,-1.376665950E0,-9.572018623E0,1.596932530E0,9.801476581E0
2.596511005E0,-1.359906554E0,-9.593565941E0,1.577778935E0,9.817089165E0
2.598510302E0,-1.352723956E0,-9.591172218E0,1.577778935E0,9.813757333E0
2.600508895E0,-1.367089152E0,-9.579200745E0,1.582567334E0,9.804822233E0
2.602506239E0,-1.395819545E0,-9.576807022E0,1.587355733E0,9.807305602E0
2.604505106E0,-1.407790542E0,-9.579200745E0,1.577778935E0,9.809808738E0
2.606503895E0,-1.386242747E0,-9.586383820E0,1.568202138E0,9.812221035E0
2.608504364E0,-1.379060149E0,-9.586383820E0,1.556231141E0,9.809302574E0
2.610504208E0,-1.376665950E0,-9.586383820E0,1.544260144E0,9.807074144E0
2.612503270E0,-1.367089152E0,-9.607931137E0,1.539471745E0,9.826049396E0
2.614501786E0,-1.350329757E0,-9.591172218E0,1.520318031E0,9.804353211E0
2.616501083E0,-1.340752959E0,-9.598354340E0,1.503558636E0,9.807482506E0
2.618500770E0,-1.338358760E0,-9.600749016E0,1.505952835E0,9.809866450E0
2.620499794E0,-1.345541358E0,-9.603142738E0,1.529894829E0,9.816894121E0
2.622499013E0,-1.343147159E0,-9.612719536E0,1.527500629E0,9.825562546E0
2.624498974E0,-1.355118155E0,-9.603142738E0,1.520318031E0,9.816723618E0
2.626497528E0,-1.362300754E0,-9.595960617E0,1.510741234E0,9.809213148E0
2.628496395E0,-1.374271750E0,-9.593565941E0,1.532289028E0,9.811882591E0
2.630494989E0,-1.371877551E0,-9.591172218E0,1.541865945E0,9.810707575E0
2.632493427E0,-1.376665950E0,-9.586383820E0,1.553836942E0,9.808586703E0
2.634491981E0,-1.367089152E0,-9.579200745E0,1.551442742E0,9.799846644E0
2.636491786E0,-1.367089152E0,-9.593565941E0,1.549048543E0,9.813510666E0
2.638490419E0,-1.362300754E0,-9.581595421E0,1.541865945E0,9.800009426E0
2.640489091E0,-1.345541358E0,-9.595960617E0,1.541865945E0,9.811742572E0
2.642487645E0,-1.343147159E0,-9.598354340E0,1.541865945E0,9.813755699E0
2.644486786E0,-1.338358760E0,-9.603142738E0,1.551442742E0,9.819293722E0
2.646486786E0,-1.319205165E0,-9.610325813E0,1.546654344E0,9.822973285E0
2.648486669E0,-1.321599364E0,-9.629479408E0,1.544260144E0,9.841658293E0
2.650485966E0,-1.314416766E0,-9.629479408E0,1.553836942E0,9.842203734E0
2.652485263E0,-1.309628367E0,-9.627084732E0,1.544260144E0,9.837714485E0
2.654484481E0,-1.316810966E0,-9.634267807E0,1.541865945E0,9.845326703E0
2.656483583E0,-1.333570361E0,-9.641449928E0,1.537077546E0,9.853860868E0
2.658482919E0,-1.343147159E0,-9.636661530E0,1.527500629E0,9.848987151E0
2.660481981E0,-1.347935557E0,-9.639056206E0,1.520318031E0,9.850873145E0
2.662482450E0,-1.338358760E0,-9.643844604E0,1.522712231E0,9.854623050E0
2.664482020E0,-1.352723956E0,-9.624691010E0,1.515529633E0,9.836735698E0
2.666482411E0,-1.388636947E0,-9.600749016E0,1.537077546E0,9.821675092E0
2.668482685E0,-1.417367458E0,-9.586383820E0,1.541865945E0,9.812493864E0
2.670483192E0,-1.438915253E0,-9.576807022E0,1.537077546E0,9.805524832E0
2.672482489E0,-1.450886250E0,-9.572018623E0,1.541865945E0,9.803364832E0
2.674481708E0,-1.460463047E0,-9.564835548E0,1.549048543E0,9.798907223E0
2.676481708E0,-1.472434044E0,-9.560047150E0,1.556231141E0,9.797163818E0
2.678480927E0,-1.472434044E0,-9.564835548E0,1.546654344E0,9.800320441E0
2.680479560E0,-1.472434044E0,-9.550470352E0,1.546654344E0,9.786300916E0
2.682479560E0,-1.458068848E0,-9.557653427E0,1.553836942E0,9.792298660E0
2.684479481E0,-1.467645645E0,-9.552865028E0,1.568202138E0,9.791346789E0
2.686478349E0,-1.467645645E0,-9.552865028E0,1.580173135E0,9.793271217E0
2.688476942E0,-1.460463047E0,-9.550470352E0,1.592144132E0,9.791800610E0
2.690476317E0,-1.453280449E0,-9.552865028E0,1.592144132E0,9.793067816E0
2.692475224E0,-1.438915253E0,-9.562441826E0,1.601720929E0,9.801850882E0
2.694475653E0,-1.424550056E0,-9.572018623E0,1.596932530E0,9.808316721E0
2.696475067E0,-1.403002143E0,-9.588777542E0,1.589749932E0,9.820406031E0
2.698474950E0,-1.371877551E0,-9.605537415E0,1.568202138E0,9.828919319E0
2.700475341E0,-1.369483352E0,-9.622296333E0,1.546654344E0,9.841555316E0
2.702475145E0,-1.359906554E0,-9.631873131E0,1.532289028E0,9.847346623E0
2.704474833E0,-1.362300754E0,-9.639056206E0,1.529894829E0,9.854331335E0
2.706474286E0,-1.347935557E0,-9.641449928E0,1.517923832E0,9.852846276E0
2.708474872E0,-1.350329757E0,-9.634267807E0,1.505952835E0,9.844308029E0
2.710473466E0,-1.369483352E0,-9.636661530E0,1.489193439E0,9.846747036E0
2.712472333E0,-1.374271750E0,-9.634267807E0,1.484405041E0,9.844348498E0
2.714470614E0,-1.376665950E0,-9.631873131E0,1.484405041E0,9.842339532E0
2.716468739E0,-1.379060149E0,-9.636661530E0,1.479616642E0,9.846639921E0
2.718468544E0,-1.383848548E0,-9.631873131E0,1.477222443E0,9.842266149E0
2.720467216E0,-1.383848548E0,-9.631873131E0,1.486799240E0,9.843708081E0
2.722467060E0,-1.383848548E0,-9.629479408E0,1.503558636E0,9.843911776E0
2.724467099E0,-1.400607944E0,-9.631873131E0,1.515529633E0,9.850457486E0
2.726466317E0,-1.414973259E0,-9.636661530E0,1.532289028E0,9.859782169E0
2.728466044E0,-1.417367458E0,-9.631873131E0,1.558625340E0,9.859575218E0
2.730466083E0,-1.434126854E0,-9.624691010E0,1.580173135E0,9.858414883E0
2.732465067E0,-1.453280449E0,-9.631873131E0,1.604115129E0,9.872091441E0
2.734463310E0,-1.465251446E0,-9.639056206E0,1.611297727E0,9.882036566E0
2.736461747E0,-1.470039845E0,-9.634267807E0,1.616086125E0,9.878859635E0
2.738460263E0,-1.479616642E0,-9.627084732E0,1.628057122E0,9.875251685E0
2.740458935E0,-1.479616642E0,-9.624691010E0,1.632845521E0,9.873708874E0
2.742457450E0,-1.474828243E0,-9.617507935E0,1.649604917E0,9.868777716E0
2.744456395E0,-1.458068848E0,-9.610325813E0,1.651999116E0,9.859687017E0
2.746456239E0,-1.455674648E0,-9.595960617E0,1.661576033E0,9.846942864E0
2.748454677E0,-1.458068848E0,-9.586383820E0,1.663970232E0,9.838369602E0
2.750453114E0,-1.450886250E0,-9.574412346E0,1.678335428E0,9.828084884E0
2.752451474E0,-1.441309452E0,-9.564835548E0,1.685518026E0,9.818575407E0
2.754449208E0,-1.414973259E0,-9.555258751E0,1.678335428E0,9.804179156E0
2.756447411E0,-1.400607944E0,-9.550470352E0,1.678335428E0,9.797448462E0
2.758445497E0,-1.405396342E0,-9.538499832E0,1.651999116E0,9.781984410E0
2.760442724E0,-1.407790542E0,-9.543288231E0,1.637633920E0,9.784583247E0
2.762441044E0,-1.405396342E0,-9.545681953E0,1.635239720E0,9.786173500E0
2.764438544E0,-1.414973259E0,-9.555258751E0,1.620874524E0,9.794506284E0
2.766435653E0,-1.414973259E0,-9.555258751E0,1.616086125E0,9.793714999E0
2.768433153E0,-1.400607944E0,-9.572018623E0,1.611297727E0,9.807217929E0
2.770431317E0,-1.393425345E0,-9.572018623E0,1.599326730E0,9.804234835E0
2.772429403E0,-1.403002143E0,-9.586383820E0,1.587355733E0,9.817681395E0
2.774426708E0,-1.417367458E0,-9.591172218E0,1.556231141E0,9.819438395E0
2.776424481E0,-1.419761658E0,-9.595960617E0,1.546654344E0,9.822948793E0
2.778421864E0,-1.412579060E0,-9.600749016E0,1.520318031E0,9.822480755E0
2.780420028E0,-1.403002143E0,-9.603142738E0,1.517923832E0,9.823077839E0
2.782418231E0,-1.393425345E0,-9.607931137E0,1.520318031E0,9.826766602E0
2.784416786E0,-1.376665950E0,-9.610325813E0,1.534683347E0,9.828978805E0
2.786414716E0,-1.379060149E0,-9.615114212E0,1.537077546E0,9.834370117E0
2.788411474E0,-1.395819545E0,-9.610325813E0,1.541865945E0,9.832803518E0
2.790408661E0,-1.403002143E0,-9.605537415E0,1.556231141E0,9.831409838E0
2.792405575E0,-1.410184860E0,-9.598354340E0,1.563413739E0,9.826560430E0
2.794402489E0,-1.417367458E0,-9.581595421E0,1.572990537E0,9.812757031E0
2.796400185E0,-1.431732655E0,-9.569623947E0,1.592144132E0,9.806247183E0
2.798397880E0,-1.434126854E0,-9.562441826E0,1.606509328E0,9.801932755E0
2.800394560E0,-1.448492050E0,-9.569623947E0,1.623268723E0,9.813808285E0
2.802391903E0,-1.448492050E0,-9.569623947E0,1.628057122E0,9.814601454E0
2.804388427E0,-1.467645645E0,-9.572018623E0,1.654393315E0,9.824181468E0
2.806385731E0,-1.470039845E0,-9.569623947E0,1.680729628E0,9.826676535E0
2.808383310E0,-1.477222443E0,-9.567230225E0,1.661576033E0,9.822164488E0
2.810381435E0,-1.474828243E0,-9.588777542E0,1.659181833E0,9.842390840E0
2.812379794E0,-1.472434044E0,-9.595960617E0,1.656787634E0,9.848627693E0
2.814377685E0,-1.470039845E0,-9.603142738E0,1.651999116E0,9.854464403E0
2.816376435E0,-1.472434044E0,-9.624691010E0,1.649604917E0,9.875420772E0
2.818374208E0,-1.462857246E0,-9.629479408E0,1.628057122E0,9.875089619E0
2.820371552E0,-1.446097851E0,-9.641449928E0,1.608903527E0,9.881160168E0
2.822370067E0,-1.438915253E0,-9.636661530E0,1.606509328E0,9.875049102E0
2.824368583E0,-1.431732655E0,-9.634267807E0,1.572990537E0,9.866269498E0
2.826366903E0,-1.429338455E0,-9.641449928E0,1.556231141E0,9.870279657E0
2.828365341E0,-1.429338455E0,-9.646238327E0,1.544260144E0,9.873077619E0
2.830364286E0,-1.405396342E0,-9.641449928E0,1.515529633E0,9.860503317E0
2.832362880E0,-1.386242747E0,-9.627084732E0,1.501164436E0,9.841540736E0
2.834361747E0,-1.379060149E0,-9.624691010E0,1.496376038E0,9.837460301E0
2.836360185E0,-1.374271750E0,-9.631873131E0,1.477222443E0,9.840924194E0
2.838358661E0,-1.374271750E0,-9.629479408E0,1.472434044E0,9.837863515E0
2.840357020E0,-1.374271750E0,-9.643844604E0,1.467645645E0,9.851210349E0
2.842356278E0,-1.364694953E0,-9.655815125E0,1.472434044E0,9.862313118E0
2.844355536E0,-1.359906554E0,-9.653421402E0,1.467645645E0,9.858593933E0
2.846354052E0,-1.345541358E0,-9.658209801E0,1.482010841E0,9.863460561E0
2.848352997E0,-1.340752959E0,-9.660603523E0,1.496376038E0,9.867320821E0
2.850351200E0,-1.350329757E0,-9.655815125E0,1.508347034E0,9.865762360E0
2.852349091E0,-1.371877551E0,-9.641449928E0,1.532289028E0,9.858372807E0
2.854347177E0,-1.379060149E0,-9.629479408E0,1.544260144E0,9.849539074E0
2.856345458E0,-1.388636947E0,-9.617507935E0,1.561019540E0,9.841826733E0
2.858343583E0,-1.386242747E0,-9.605537415E0,1.556231141E0,9.829032167E0
2.860342216E0,-1.386242747E0,-9.607931137E0,1.561019540E0,9.832130578E0
2.862340614E0,-1.400607944E0,-9.600749016E0,1.584961534E0,9.830980996E0
2.864339013E0,-1.426944256E0,-9.583989143E0,1.601720929E0,9.821126603E0
2.866338036E0,-1.443703651E0,-9.581595421E0,1.616086125E0,9.823593304E0
2.868337060E0,-1.450886250E0,-9.581595421E0,1.630451322E0,9.827024638E0
2.870335731E0,-1.446097851E0,-9.586383820E0,1.635239720E0,9.831783291E0
2.872335224E0,-1.441309452E0,-9.595960617E0,1.628057122E0,9.839227769E0
2.874334950E0,-1.438915253E0,-9.595960617E0,1.620874524E0,9.837691370E0
2.876334169E0,-1.436521053E0,-9.591172218E0,1.630451322E0,9.834253849E0
2.878332880E0,-1.426944256E0,-9.581595421E0,1.616086125E0,9.821144286E0
2.880331395E0,-1.424550056E0,-9.588777542E0,1.606509328E0,9.826233756E0
2.882330731E0,-1.424550056E0,-9.600749016E0,1.596932530E0,9.836356949E0
2.884330106E0,-1.424550056E0,-9.605537415E0,1.594538331E0,9.840642478E0
2.886329442E0,-1.429338455E0,-9.607931137E0,1.582567334E0,9.841741133E0
2.888328817E0,-1.434126854E0,-9.600749016E0,1.565807939E0,9.832744073E0
2.890327802E0,-1.434126854E0,-9.598354340E0,1.558625340E0,9.829264409E0
2.892327372E0,-1.446097851E0,-9.598354340E0,1.549048543E0,9.829504383E0
2.894327958E0,-1.455674648E0,-9.595960617E0,1.517923832E0,9.823723408E0
2.896327802E0,-1.441309452E0,-9.588777542E0,1.505952835E0,9.812742819E0
2.898328192E0,-1.443703651E0,-9.598354340E0,1.496376038E0,9.820989131E0
2.900328427E0,-1.422155857E0,-9.593565941E0,1.474828243E0,9.809900769E0
2.902327802E0,-1.412579060E0,-9.593565941E0,1.477222443E0,9.808877265E0
2.904327841E0,-1.393425345E0,-9.583989143E0,1.477222443E0,9.796768255E0
2.906326278E0,-1.388636947E0,-9.583989143E0,1.467645645E0,9.794648754E0
2.908325458E0,-1.391031146E0,-9.581595421E0,1.477222443E0,9.794086206E0
2.910323895E0,-1.383848548E0,-9.583989143E0,1.486799240E0,9.796859532E0
2.912322255E0,-1.362300754E0,-9.576807022E0,1.474828243E0,9.784999460E0
2.914321708E0,-1.350329757E0,-9.574412346E0,1.493981838E0,9.783902287E0
2.916320497E0,-1.355118155E0,-9.574412346E0,1.503558636E0,9.786031144E0
2.918319130E0,-1.355118155E0,-9.569623947E0,1.508347034E0,9.782083545E0
2.920316942E0,-1.352723956E0,-9.555258751E0,1.515529633E0,9.768810673E0
2.922315458E0,-1.350329757E0,-9.560047150E0,1.520318031E0,9.773907042E0
2.924314403E0,-1.343147159E0,-9.557653427E0,1.532289028E0,9.772445599E0
2.926313622E0,-1.352723956E0,-9.560047150E0,1.539471745E0,9.777235645E0
2.928312763E0,-1.364694953E0,-9.560047150E0,1.558625340E0,9.781932671E0
2.930311552E0,-1.367089152E0,-9.564835548E0,1.561019540E0,9.787328227E0
2.932310653E0,-1.374271750E0,-9.564835548E0,1.570596337E0,9.789865922E0
2.934308505E0,-1.376665950E0,-9.572018623E0,1.584961534E0,9.799533291E0
2.936307489E0,-1.364694953E0,-9.574412346E0,1.596932530E0,9.802140460E0
2.938306278E0,-1.362300754E0,-9.581595421E0,1.587355733E0,9.807269364E0
2.940304520E0,-1.352723956E0,-9.600749016E0,1.589749932E0,9.825047003E0
2.942302763E0,-1.343147159E0,-9.617507935E0,1.596932530E0,9.841275155E0
2.944301317E0,-1.340752959E0,-9.629479408E0,1.582567334E0,9.850330529E0
2.946299052E0,-1.340752959E0,-9.634267807E0,1.582567334E0,9.855011621E0
2.948296981E0,-1.340752959E0,-9.641449928E0,1.568202138E0,9.859737987E0
2.950296044E0,-1.340752959E0,-9.643844604E0,1.556231141E0,9.860183194E0
2.952295302E0,-1.355118155E0,-9.636661530E0,1.556231141E0,9.855122831E0
2.954294403E0,-1.369483352E0,-9.636661530E0,1.546654344E0,9.855600933E0
2.956293739E0,-1.381454349E0,-9.622296333E0,1.532289028E0,9.840981278E0
2.958292724E0,-1.391031146E0,-9.610325813E0,1.537077546E0,9.831375146E0
2.960291708E0,-1.395819545E0,-9.595960617E0,1.522712231E0,9.815774290E0
2.962289911E0,-1.379060149E0,-9.591172218E0,1.522712231E0,9.808722850E0
2.964288466E0,-1.371877551E0,-9.588777542E0,1.534683347E0,9.807239966E0
2.966287138E0,-1.374271750E0,-9.593565941E0,1.544260144E0,9.813759203E0
2.968284950E0,-1.376665950E0,-9.598354340E0,1.541865945E0,9.818399348E0
2.970283700E0,-1.379060149E0,-9.598354340E0,1.539471745E0,9.818359648E0
2.972282333E0,-1.371877551E0,-9.615114212E0,1.563413739E0,9.837516549E0
2.974281122E0,-1.383848548E0,-9.636661530E0,1.570596337E0,9.861392148E0
2.976280497E0,-1.381454349E0,-9.651026726E0,1.577778935E0,9.876240142E0
2.978279716E0,-1.381454349E0,-9.648633003E0,1.589749932E0,9.875820968E0
2.980278778E0,-1.391031146E0,-9.653421402E0,1.604115129E0,9.884163989E0
2.982277685E0,-1.393425345E0,-9.658209801E0,1.606509328E0,9.889566369E0
2.984276747E0,-1.395819545E0,-9.658209801E0,1.608903527E0,9.890293187E0
2.986275419E0,-1.388636947E0,-9.655815125E0,1.613691926E0,9.887723698E0
2.988274247E0,-1.374271750E0,-9.655815125E0,1.606509328E0,9.884546564E0
2.990272099E0,-1.359906554E0,-9.648633003E0,1.613691926E0,9.876713335E0
2.992270927E0,-1.357512355E0,-9.636661530E0,1.618480325E0,9.865473318E0
2.994269091E0,-1.364694953E0,-9.629479408E0,1.618480325E0,9.859449505E0
2.996267294E0,-1.381454349E0,-9.624691010E0,1.623268723E0,9.857895034E0
2.998266591E0,-1.376665950E0,-9.615114212E0,1.628057122E0,9.848664907E0
3.000265614E0,-1.379060149E0,-9.615114212E0,1.620874524E0,9.847815109E0
3.002264325E0,-1.398213744E0,-9.619902611E0,1.625662923E0,9.855978280E0
3.004263192E0,-1.395819545E0,-9.624691010E0,1.625662923E0,9.860312833E0
3.006262763E0,-1.393425345E0,-9.622296333E0,1.608903527E0,9.854886680E0
3.008262450E0,-1.381454349E0,-9.619902611E0,1.587355733E0,9.847367190E0
3.010262294E0,-1.383848548E0,-9.595960617E0,1.584961534E0,9.823929969E0
3.012261513E0,-1.405396342E0,-9.588777542E0,1.584961534E0,9.819974373E0
3.014260302E0,-1.419761658E0,-9.574412346E0,1.568202138E0,9.805322681E0
3.016259911E0,-1.424550056E0,-9.572018623E0,1.568202138E0,9.803679989E0
3.018258974E0,-1.438915253E0,-9.569623947E0,1.568202138E0,9.803440087E0
3.020258114E0,-1.438915253E0,-9.557653427E0,1.556231141E0,9.789845326E0
3.022256395E0,-1.446097851E0,-9.555258751E0,1.556231141E0,9.788565991E0
3.024255380E0,-1.441309452E0,-9.560047150E0,1.561019540E0,9.793296505E0
3.026254325E0,-1.441309452E0,-9.560047150E0,1.544260144E0,9.790639092E0
3.028253856E0,-1.438915253E0,-9.564835548E0,1.537077546E0,9.793832935E0
3.030252333E0,-1.431732655E0,-9.564835548E0,1.534683347E0,9.792404732E0
3.032250927E0,-1.431732655E0,-9.562441826E0,1.537077546E0,9.790442250E0
3.034250028E0,-1.429338455E0,-9.564835548E0,1.527500629E0,9.790931808E0
3.036248583E0,-1.419761658E0,-9.572018623E0,1.527500629E0,9.796556633E0
3.038246747E0,-1.407790542E0,-9.595960617E0,1.534683347E0,9.819347603E0
3.040244755E0,-1.383848548E0,-9.595960617E0,1.556231141E0,9.819335636E0
3.042243192E0,-1.376665950E0,-9.607931137E0,1.544260144E0,9.828137630E0
3.044241474E0,-1.369483352E0,-9.617507935E0,1.537077546E0,9.835372433E0
3.046240497E0,-1.374271750E0,-9.622296333E0,1.537077546E0,9.840722380E0
3.048240067E0,-1.364694953E0,-9.610325813E0,1.537077546E0,9.827683447E0
3.050238310E0,-1.355118155E0,-9.612719536E0,1.544260144E0,9.829825099E0
3.052236747E0,-1.362300754E0,-9.610325813E0,1.534683347E0,9.826977081E0
3.054235028E0,-1.376665950E0,-9.607931137E0,1.529894829E0,9.825890701E0
3.056233466E0,-1.381454349E0,-9.603142738E0,1.546654344E0,9.824505394E0
3.058231669E0,-1.395819545E0,-9.595960617E0,1.539471745E0,9.818388138E0
3.060230302E0,-1.407790542E0,-9.595960617E0,1.539471745E0,9.820097129E0
3.062229481E0,-1.407790542E0,-9.595960617E0,1.537077546E0,9.819722081E0
3.064228388E0,-1.410184860E0,-9.598354340E0,1.532289028E0,9.821656532E0
3.066227450E0,-1.412579060E0,-9.591172218E0,1.534683347E0,9.815356188E0
3.068226005E0,-1.407790542E0,-9.581595421E0,1.546654344E0,9.807190458E0
3.070223974E0,-1.407790542E0,-9.581595421E0,1.553836942E0,9.808325762E0
3.072222138E0,-1.417367458E0,-9.574412346E0,1.546654344E0,9.801553037E0
3.074221591E0,-1.424550056E0,-9.567230225E0,1.553836942E0,9.796716097E0
3.076221122E0,-1.426944256E0,-9.569623947E0,1.577778935E0,9.803226957E0
3.078220067E0,-1.419761658E0,-9.569623947E0,1.592144132E0,9.804506545E0
3.080218856E0,-1.414973259E0,-9.569623947E0,1.606509328E0,9.806157455E0
3.082217255E0,-1.424550056E0,-9.583989143E0,1.616086125E0,9.823132144E0
3.084215497E0,-1.424550056E0,-9.579200745E0,1.618480325E0,9.818854736E0
3.086214052E0,-1.429338455E0,-9.579200745E0,1.613691926E0,9.818762496E0
3.088213466E0,-1.443703651E0,-9.583989143E0,1.625662923E0,9.827507724E0
3.090212411E0,-1.443703651E0,-9.603142738E0,1.625662923E0,9.846187619E0
3.092211044E0,-1.436521053E0,-9.612719536E0,1.616086125E0,9.852903327E0
3.094210106E0,-1.426944256E0,-9.619902611E0,1.616086125E0,9.858520706E0
3.096208895E0,-1.431732655E0,-9.629479408E0,1.604115129E0,9.866606175E0
3.098207411E0,-1.429338455E0,-9.615114212E0,1.587355733E0,9.849524250E0
3.100207450E0,-1.424550056E0,-9.607931137E0,1.570596337E0,9.839128846E0
3.102207216E0,-1.426944256E0,-9.615114212E0,1.556231141E0,9.844208784E0
3.104205614E0,-1.424550056E0,-9.617507935E0,1.537077546E0,9.843191003E0
3.106204560E0,-1.436521053E0,-9.605537415E0,1.529894829E0,9.832116758E0
3.108204091E0,-1.436521053E0,-9.607931137E0,1.510741234E0,9.831493912E0
3.110203856E0,-1.431732655E0,-9.605537415E0,1.491587639E0,9.825530067E0
3.112203388E0,-1.414973259E0,-9.605537415E0,1.489193439E0,9.822738694E0
3.114203661E0,-1.410184860E0,-9.624691010E0,1.482010841E0,9.839697887E0
3.116203153E0,-1.388636947E0,-9.629479408E0,1.489193439E0,9.842402316E0
3.118203505E0,-1.369483352E0,-9.643844604E0,1.489193439E0,9.853776967E0
3.120203505E0,-1.357512355E0,-9.655815125E0,1.484405041E0,9.863116335E0
3.122203349E0,-1.359906554E0,-9.648633003E0,1.484405041E0,9.856415322E0
3.124202724E0,-1.355118155E0,-9.641449928E0,1.477222443E0,9.847643783E0
3.126201825E0,-1.352723956E0,-9.639056206E0,1.482010841E0,9.845690569E0
3.128201122E0,-1.352723956E0,-9.634267807E0,1.493981838E0,9.842812607E0
3.130201278E0,-1.338358760E0,-9.615114212E0,1.493981838E0,9.822097903E0
3.132200770E0,-1.333570361E0,-9.600749016E0,1.517923832E0,9.811059287E0
3.134199677E0,-1.331176162E0,-9.593565941E0,1.513135433E0,9.802964668E0
3.136199052E0,-1.328781962E0,-9.581595421E0,1.522712231E0,9.792409553E0
3.138200224E0,-1.328781962E0,-9.576807022E0,1.534683347E0,9.789593823E0
3.140200028E0,-1.328781962E0,-9.579200745E0,1.546654344E0,9.793818870E0
3.142200927E0,-1.340752959E0,-9.567230225E0,1.556231141E0,9.785262798E0
3.144201435E0,-1.350329757E0,-9.557653427E0,1.563413739E0,9.778363463E0
3.146202060E0,-1.340752959E0,-9.564835548E0,1.580173135E0,9.786758641E0
3.148201981E0,-1.326387763E0,-9.569623947E0,1.589749932E0,9.791032215E0
3.150201317E0,-1.312022567E0,-9.572018623E0,1.594538331E0,9.792216104E0
3.152201005E0,-1.321599364E0,-9.574412346E0,1.599326730E0,9.796624043E0
3.154201435E0,-1.319205165E0,-9.588777542E0,1.601720929E0,9.810732233E0
3.156202216E0,-1.321599364E0,-9.583989143E0,1.599326730E0,9.805983825E0
3.158202528E0,-1.323993564E0,-9.581595421E0,1.616086125E0,9.806715257E0
3.160202802E0,-1.326387763E0,-9.588777542E0,1.618480325E0,9.814450459E0
3.162202841E0,-1.326387763E0,-9.595960617E0,1.630451322E0,9.823448283E0
3.164202020E0,-1.343147159E0,-9.598354340E0,1.628057122E0,9.827666066E0
3.166201981E0,-1.362300754E0,-9.603142738E0,1.630451322E0,9.835374182E0
3.168200966E0,-1.371877551E0,-9.603142738E0,1.635239720E0,9.837500059E0
3.170200888E0,-1.391031146E0,-9.595960617E0,1.606509328E0,9.828443419E0
3.172200224E0,-1.400607944E0,-9.600749016E0,1.599326730E0,9.833307189E0
3.174199872E0,-1.417367458E0,-9.600749016E0,1.589749932E0,9.834155633E0
3.176200341E0,-1.424550056E0,-9.610325813E0,1.570596337E0,9.841467266E0
3.178200145E0,-1.429338455E0,-9.612719536E0,1.558625340E0,9.842596113E0
3.180200224E0,-1.441309452E0,-9.622296333E0,1.558625340E0,9.853693349E0
3.182200731E0,-1.441309452E0,-9.617507935E0,1.558625340E0,9.849017452E0
3.184200966E0,-1.438915253E0,-9.634267807E0,1.546654344E0,9.863150254E0
3.186200888E0,-1.426944256E0,-9.641449928E0,1.549048543E0,9.868803272E0
3.188201239E0,-1.422155857E0,-9.636661530E0,1.553836942E0,9.864186837E0
3.190202138E0,-1.412579060E0,-9.646238327E0,1.553836942E0,9.872168085E0
3.192202255E0,-1.412579060E0,-9.651026726E0,1.556231141E0,9.877223893E0
3.194202255E0,-1.391031146E0,-9.658209801E0,1.563413739E0,9.882319906E0
3.196202099E0,-1.383848548E0,-9.655815125E0,1.565807939E0,9.879350030E0
3.198202763E0,-1.379060149E0,-9.655815125E0,1.561019540E0,9.877922586E0
3.200203661E0,-1.395819545E0,-9.653421402E0,1.577778935E0,9.880599341E0
3.202203974E0,-1.405396342E0,-9.631873131E0,1.589749932E0,9.862830412E0
3.204203349E0,-1.405396342E0,-9.631873131E0,1.589749932E0,9.862830412E0
3.206203505E0,-1.398213744E0,-9.622296333E0,1.587355733E0,9.852070169E0
3.208203622E0,-1.400607944E0,-9.612719536E0,1.575384736E0,9.841133906E0
3.210204325E0,-1.405396342E0,-9.598354340E0,1.575384736E0,9.827786219E0
3.212205028E0,-1.417367458E0,-9.586383820E0,1.563413739E0,9.815902799E0
3.214204833E0,-1.407790542E0,-9.581595421E0,1.561019540E0,9.809466195E0
3.216205067E0,-1.407790542E0,-9.576807022E0,1.570596337E0,9.806318361E0
3.218206044E0,-1.403002143E0,-9.572018623E0,1.577778935E0,9.802109054E0
3.220207177E0,-1.403002143E0,-9.579200745E0,1.577778935E0,9.809122707E0
3.222208036E0,-1.400607944E0,-9.579200745E0,1.577778935E0,9.808780550E0
3.224209599E0,-1.391031146E0,-9.581595421E0,1.572990537E0,9.808987597E0
3.226210224E0,-1.386242747E0,-9.586383820E0,1.561019540E0,9.811075664E0
3.228211942E0,-1.403002143E0,-9.583989143E0,1.558625340E0,9.810737784E0
3.230212958E0,-1.398213744E0,-9.598354340E0,1.565807939E0,9.825230898E0
3.232213349E0,-1.400607944E0,-9.607931137E0,1.551442742E0,9.832650605E0
3.234213505E0,-1.391031146E0,-9.617507935E0,1.544260144E0,9.839520614E0
3.236213817E0,-1.383848548E0,-9.610325813E0,1.541865945E0,9.831111312E0
3.238214755E0,-1.369483352E0,-9.617507935E0,1.537077546E0,9.835372433E0
3.240215966E0,-1.355118155E0,-9.622296333E0,1.513135433E0,9.834353603E0
3.242216161E0,-1.367089152E0,-9.607931137E0,1.513135433E0,9.821957663E0
3.244216669E0,-1.359906554E0,-9.600749016E0,1.515529633E0,9.814303723E0
3.246216317E0,-1.362300754E0,-9.607931137E0,1.513135433E0,9.821292324E0
3.248215810E0,-1.357512355E0,-9.605537415E0,1.520318031E0,9.819396913E0
3.250215263E0,-1.345541358E0,-9.607931137E0,1.517923832E0,9.819720721E0
3.252214950E0,-1.343147159E0,-9.605537415E0,1.517923832E0,9.817050783E0
3.254214560E0,-1.355118155E0,-9.607931137E0,1.525106430E0,9.822150252E0
3.256214052E0,-1.367089152E0,-9.615114212E0,1.532289028E0,9.831951166E0
3.258212099E0,-1.371877551E0,-9.605537415E0,1.546654344E0,9.825504399E0
3.260211669E0,-1.383848548E0,-9.607931137E0,1.553836942E0,9.830655460E0
3.262210966E0,-1.393425345E0,-9.605537415E0,1.561019540E0,9.830806946E0
3.264210536E0,-1.400607944E0,-9.583989143E0,1.570596337E0,9.812304692E0
3.266209833E0,-1.412579060E0,-9.581595421E0,1.575384736E0,9.812450636E0
3.268208622E0,-1.422155857E0,-9.576807022E0,1.596932530E0,9.812642535E0
3.270207450E0,-1.422155857E0,-9.572018623E0,1.589749932E0,9.806802366E0
3.272206083E0,-1.417367458E0,-9.572018623E0,1.594538331E0,9.806886536E0
3.274205770E0,-1.429338455E0,-9.564835548E0,1.589749932E0,9.800836308E0
3.276204716E0,-1.436521053E0,-9.560047150E0,1.589749932E0,9.797213843E0
3.278203153E0,-1.436521053E0,-9.574412346E0,1.604115129E0,9.813569679E0
3.280201942E0,-1.417367458E0,-9.579200745E0,1.620874524E0,9.818210206E0
3.282200263E0,-1.410184860E0,-9.588777542E0,1.620874524E0,9.826520763E0
3.284198544E0,-1.386242747E0,-9.598354340E0,1.616086125E0,9.831673782E0
3.286197724E0,-1.376665950E0,-9.605537415E0,1.625662923E0,9.838919560E0
3.288196903E0,-1.371877551E0,-9.610325813E0,1.623268723E0,9.842530752E0
3.290196200E0,-1.359906554E0,-9.619902611E0,1.623268723E0,9.850221999E0
3.292194247E0,-1.355118155E0,-9.617507935E0,1.635239720E0,9.849203675E0
3.294192880E0,-1.357512355E0,-9.617507935E0,1.620874524E0,9.847158620E0
3.296191395E0,-1.357512355E0,-9.615114212E0,1.594538331E0,9.840518970E0
3.298189872E0,-1.357512355E0,-9.624691010E0,1.582567334E0,9.847945785E0
3.300187997E0,-1.347935557E0,-9.629479408E0,1.575384736E0,9.850159441E0
3.302186552E0,-1.340752959E0,-9.622296333E0,1.568202138E0,9.841009256E0
3.304185224E0,-1.338358760E0,-9.615114212E0,1.556231141E0,9.831758787E0
3.306184286E0,-1.321599364E0,-9.607931137E0,1.549048543E0,9.821329696E0
3.308183153E0,-1.316810966E0,-9.603142738E0,1.539471745E0,9.814495139E0
3.310181630E0,-1.319205165E0,-9.593565941E0,1.532289028E0,9.804321465E0
3.312180145E0,-1.319205165E0,-9.593565941E0,1.539471745E0,9.805446598E0
3.314178388E0,-1.316810966E0,-9.588777542E0,1.539471745E0,9.800439741E0
3.316177333E0,-1.323993564E0,-9.588777542E0,1.532289028E0,9.800281801E0
3.318176669E0,-1.323993564E0,-9.586383820E0,1.534683347E0,9.798314481E0
3.320175927E0,-1.335964561E0,-9.600749016E0,1.529894829E0,9.813244171E0
3.322175419E0,-1.347935557E0,-9.595960617E0,1.527500629E0,9.809824086E0
3.324174911E0,-1.359906554E0,-9.610325813E0,1.537077546E0,9.827019663E0
3.326173427E0,-1.383848548E0,-9.612719536E0,1.544260144E0,9.833826980E0
3.328172216E0,-1.398213744E0,-9.612719536E0,1.546654344E0,9.836234961E0
3.330170927E0,-1.403002143E0,-9.615114212E0,1.537077546E0,9.837756030E0
3.332170888E0,-1.419761658E0,-9.615114212E0,1.517923832E0,9.837186449E0
3.334170380E0,-1.429338455E0,-9.605537415E0,1.522712231E0,9.829954729E0
3.336169638E0,-1.426944256E0,-9.603142738E0,1.525106430E0,9.827638067E0
3.338168739E0,-1.417367458E0,-9.598354340E0,1.529894829E0,9.822317177E0
3.340167763E0,-1.410184860E0,-9.600749016E0,1.525106430E0,9.822879040E0
3.342167528E0,-1.405396342E0,-9.595960617E0,1.505952835E0,9.814555160E0
3.344167372E0,-1.407790542E0,-9.595960617E0,1.503558636E0,9.814531214E0
3.346167333E0,-1.405396342E0,-9.603142738E0,1.496376038E0,9.820113573E0
3.348166786E0,-1.393425345E0,-9.605537415E0,1.489193439E0,9.819657851E0
3.350166239E0,-1.386242747E0,-9.595960617E0,1.503558636E0,9.811463586E0
3.352165810E0,-1.386242747E0,-9.595960617E0,1.501164436E0,9.811096971E0
3.354165067E0,-1.379060149E0,-9.605537415E0,1.501164436E0,9.819452662E0
3.356164560E0,-1.371877551E0,-9.607931137E0,1.501164436E0,9.820788330E0
3.358163817E0,-1.374271750E0,-9.624691010E0,1.513135433E0,9.839353572E0
3.360163935E0,-1.371877551E0,-9.624691010E0,1.520318031E0,9.840126623E0
3.362163270E0,-1.371877551E0,-9.617507935E0,1.520318031E0,9.833100925E0
3.364162138E0,-1.362300754E0,-9.631873131E0,1.505952835E0,9.843614036E0
3.366161669E0,-1.369483352E0,-9.624691010E0,1.517923832E0,9.839423481E0
3.368161044E0,-1.371877551E0,-9.624691010E0,1.522712231E0,9.840496816E0
3.370159950E0,-1.369483352E0,-9.624691010E0,1.510741234E0,9.838317984E0
3.372159130E0,-1.381454349E0,-9.622296333E0,1.505952835E0,9.836915003E0
3.374158310E0,-1.371877551E0,-9.615114212E0,1.534683347E0,9.832991523E0
3.376157489E0,-1.374271750E0,-9.610325813E0,1.529894829E0,9.827897195E0
3.378157255E0,-1.381454349E0,-9.593565941E0,1.520318031E0,9.811029023E0
3.380156356E0,-1.391031146E0,-9.588777542E0,1.517923832E0,9.807329665E0
3.382154599E0,-1.400607944E0,-9.593565941E0,1.522712231E0,9.814115478E0
3.384153622E0,-1.403002143E0,-9.579200745E0,1.537077546E0,9.802658277E0
3.386152138E0,-1.407790542E0,-9.583989143E0,1.551442742E0,9.810285250E0
3.388150419E0,-1.407790542E0,-9.579200745E0,1.544260144E0,9.804473495E0
3.390148739E0,-1.414973259E0,-9.576807022E0,1.549048543E0,9.803924390E0
3.392147489E0,-1.412579060E0,-9.569623947E0,1.553836942E0,9.797320620E0
3.394145575E0,-1.410184860E0,-9.569623947E0,1.556231141E0,9.797355725E0
3.396143036E0,-1.417367458E0,-9.567230225E0,1.570596337E0,9.798346674E0
3.398140770E0,-1.419761658E0,-9.564835548E0,1.565807939E0,9.795588636E0
3.400139325E0,-1.422155857E0,-9.581595421E0,1.570596337E0,9.813066338E0
3.402137645E0,-1.438915253E0,-9.581595421E0,1.568202138E0,9.815126380E0
3.404136669E0,-1.448492050E0,-9.583989143E0,1.572990537E0,9.819637282E0
3.406134794E0,-1.453280449E0,-9.591172218E0,1.572990537E0,9.827355077E0
3.408132606E0,-1.453280449E0,-9.595960617E0,1.572990537E0,9.832028451E0
3.410131708E0,-1.453280449E0,-9.607931137E0,1.570596337E0,9.843329602E0
3.412130770E0,-1.448492050E0,-9.603142738E0,1.563413739E0,9.836805487E0
3.414129364E0,-1.448492050E0,-9.610325813E0,1.565807939E0,9.844198594E0
3.416127919E0,-1.465251446E0,-9.615114212E0,1.551442742E0,9.849079028E0
3.418125888E0,-1.472434044E0,-9.622296333E0,1.532289028E0,9.854164521E0
3.420123661E0,-1.467645645E0,-9.629479408E0,1.529894829E0,9.860093083E0
3.422122880E0,-1.462857246E0,-9.629479408E0,1.522712231E0,9.858269500E0
3.424121786E0,-1.462857246E0,-9.636661530E0,1.520318031E0,9.864915797E0
3.426119013E0,-1.450886250E0,-9.629479408E0,1.510741234E0,9.854657968E0
3.428116708E0,-1.443703651E0,-9.627084732E0,1.501164436E0,9.849798746E0
3.430114794E0,-1.436521053E0,-9.619902611E0,1.508347034E0,9.842826309E0
3.432113310E0,-1.419761658E0,-9.610325813E0,1.517923832E0,9.832506199E0
3.434111981E0,-1.414973259E0,-9.603142738E0,1.520318031E0,9.825164970E0
3.436110341E0,-1.412579060E0,-9.600749016E0,1.534683347E0,9.824714461E0
3.438109677E0,-1.405396342E0,-9.593565941E0,1.544260144E0,9.818166108E0
3.440109052E0,-1.388636947E0,-9.591172218E0,1.549048543E0,9.814196273E0
3.442108935E0,-1.383848548E0,-9.591172218E0,1.546654344E0,9.813142258E0
3.444108817E0,-1.374271750E0,-9.593565941E0,1.544260144E0,9.813759203E0
3.446107841E0,-1.364694953E0,-9.591172218E0,1.546654344E0,9.810459546E0
3.448106981E0,-1.359906554E0,-9.598354340E0,1.544260144E0,9.816439846E0
3.450106005E0,-1.364694953E0,-9.605537415E0,1.549048543E0,9.824881308E0
3.452105341E0,-1.374271750E0,-9.615114212E0,1.549048543E0,9.835578048E0
3.454105341E0,-1.379060149E0,-9.615114212E0,1.549048543E0,9.836248248E0
3.456104481E0,-1.400607944E0,-9.598354340E0,1.549048543E0,9.822915047E0
3.458104599E0,-1.410184860E0,-9.591172218E0,1.551442742E0,9.817646380E0
3.460103231E0,-1.412579060E0,-9.583989143E0,1.539471745E0,9.809087662E0
3.462101317E0,-1.419761658E0,-9.574412346E0,1.515529633E0,9.797036542E0
3.464099911E0,-1.429338455E0,-9.557653427E0,1.520318031E0,9.782796858E0
3.466097333E0,-1.431732655E0,-9.557653427E0,1.505952835E0,9.780924873E0
3.468095067E0,-1.436521053E0,-9.550470352E0,1.505952835E0,9.774608464E0
3.470092606E0,-1.436521053E0,-9.557653427E0,1.510741234E0,9.782365299E0
3.472090770E0,-1.429338455E0,-9.564835548E0,1.515529633E0,9.789071333E0
3.474089755E0,-1.429338455E0,-9.576807022E0,1.510741234E0,9.800029604E0
3.476088114E0,-1.434126854E0,-9.591172218E0,1.510741234E0,9.814766601E0
3.478086044E0,-1.414973259E0,-9.615114212E0,1.508347034E0,9.835023203E0
3.480083231E0,-1.407790542E0,-9.627084732E0,1.517923832E0,9.847168497E0
3.482080536E0,-1.400607944E0,-9.627084732E0,1.520318031E0,9.846513594E0
3.484079208E0,-1.398213744E0,-9.627084732E0,1.513135433E0,9.845066833E0
3.486077567E0,-1.400607944E0,-9.629479408E0,1.522712231E0,9.849224783E0
3.488075224E0,-1.405396342E0,-9.634267807E0,1.529894829E0,9.855700546E0
3.490073974E0,-1.400607944E0,-9.634267807E0,1.525106430E0,9.854276656E0
3.492071435E0,-1.410184860E0,-9.629479408E0,1.527500629E0,9.851332559E0
3.494069638E0,-1.422155857E0,-9.619902611E0,1.522712231E0,9.842952101E0
3.496067958E0,-1.419761658E0,-9.607931137E0,1.527500629E0,9.831649001E0
3.498065770E0,-1.417367458E0,-9.595960617E0,1.520318031E0,9.818490596E0
3.500063583E0,-1.422155857E0,-9.591172218E0,1.525106430E0,9.815246376E0
3.502062333E0,-1.436521053E0,-9.588777542E0,1.522712231E0,9.814626841E0
3.504060653E0,-1.434126854E0,-9.583989143E0,1.503558636E0,9.806643478E0
3.506058544E0,-1.446097851E0,-9.576807022E0,1.503558636E0,9.801383591E0
3.508057606E0,-1.441309452E0,-9.574412346E0,1.510741234E0,9.799443034E0
3.510055731E0,-1.429338455E0,-9.576807022E0,1.515529633E0,9.800768910E0
3.512054364E0,-1.405396342E0,-9.576807022E0,1.513135433E0,9.796935769E0
3.514053700E0,-1.371877551E0,-9.588777542E0,1.522712231E0,9.805373797E0
3.516052606E0,-1.359906554E0,-9.598354340E0,1.525106430E0,9.813444935E0
3.518051005E0,-1.340752959E0,-9.610325813E0,1.527500629E0,9.822893612E0
3.520050380E0,-1.331176162E0,-9.615114212E0,1.549048543E0,9.829649163E0
3.522048739E0,-1.326387763E0,-9.627084732E0,1.546654344E0,9.840335594E0
3.524047411E0,-1.314416766E0,-9.631873131E0,1.549048543E0,9.843791080E0
3.526047099E0,-1.309628367E0,-9.624691010E0,1.544260144E0,9.835372026E0
3.528046786E0,-1.309628367E0,-9.617507935E0,1.541865945E0,9.827967029E0
3.530046005E0,-1.304839969E0,-9.617507935E0,1.534683347E0,9.826205737E0
3.532044794E0,-1.304839969E0,-9.612719536E0,1.544260144E0,9.823020086E0
3.534042763E0,-1.319205165E0,-9.605537415E0,1.541865945E0,9.817535428E0
3.536041356E0,-1.319205165E0,-9.593565941E0,1.541865945E0,9.805822776E0
3.538039716E0,-1.323993564E0,-9.581595421E0,1.544260144E0,9.795134974E0
3.540039013E0,-1.335964561E0,-9.581595421E0,1.539471745E0,9.796006603E0
3.542038114E0,-1.335964561E0,-9.581595421E0,1.551442742E0,9.797895014E0
3.544036630E0,-1.335964561E0,-9.576807022E0,1.556231141E0,9.793972096E0
3.546035458E0,-1.328781962E0,-9.579200745E0,1.546654344E0,9.793818870E0
3.548034755E0,-1.326387763E0,-9.591172218E0,1.546654344E0,9.805204163E0
3.550034325E0,-1.312022567E0,-9.615114212E0,1.563413739E0,9.829348251E0
3.552033310E0,-1.302445769E0,-9.619902611E0,1.577778935E0,9.835053512E0
3.554031825E0,-1.307234168E0,-9.636661530E0,1.596932530E0,9.855166164E0
3.556029286E0,-1.323993564E0,-9.651026726E0,1.601720929E0,9.872222939E0
3.558027724E0,-1.347935557E0,-9.658209801E0,1.604115129E0,9.882870644E0
3.560026591E0,-1.367089152E0,-9.651026726E0,1.606509328E0,9.878872498E0
3.562024794E0,-1.376665950E0,-9.653421402E0,1.606509328E0,9.882541481E0
3.564023036E0,-1.388636947E0,-9.651026726E0,1.599326730E0,9.880712293E0
3.566022606E0,-1.393425345E0,-9.646238327E0,1.589749932E0,9.875163437E0
3.568020653E0,-1.403002143E0,-9.636661530E0,1.582567334E0,9.866011343E0
3.570019208E0,-1.395819545E0,-9.622296333E0,1.563413739E0,9.847901373E0
3.572016942E0,-1.391031146E0,-9.624691010E0,1.549048543E0,9.847293845E0
3.574015575E0,-1.391031146E0,-9.622296333E0,1.539471745E0,9.843451002E0
3.576012763E0,-1.395819545E0,-9.612719536E0,1.532289028E0,9.833646259E0
3.578009325E0,-1.398213744E0,-9.610325813E0,1.534683347E0,9.832019980E0
3.580007020E0,-1.405396342E0,-9.603142738E0,1.539471745E0,9.826772745E0
3.582004481E0,-1.403002143E0,-9.603142738E0,1.537077546E0,9.826055813E0
3.584002685E0,-1.400607944E0,-9.607931137E0,1.525106430E0,9.828529543E0
3.586000028E0,-1.393425345E0,-9.610325813E0,1.529894829E0,9.830593808E0
3.587998817E0,-1.403002143E0,-9.600749016E0,1.527500629E0,9.822222501E0
3.589996942E0,-1.417367458E0,-9.586383820E0,1.515529633E0,9.808390047E0
3.591994169E0,-1.414973259E0,-9.581595421E0,1.534683347E0,9.806343514E0
3.593992645E0,-1.422155857E0,-9.581595421E0,1.534683347E0,9.807382478E0
3.595989794E0,-1.431732655E0,-9.567230225E0,1.525106430E0,9.793247785E0
3.597986356E0,-1.441309452E0,-9.579200745E0,1.513135433E0,9.804490741E0
3.599984403E0,-1.436521053E0,-9.581595421E0,1.522712231E0,9.807610111E0
3.601981942E0,-1.441309452E0,-9.586383820E0,1.513135433E0,9.811508880E0
3.603979481E0,-1.436521053E0,-9.595960617E0,1.522712231E0,9.821644742E0
3.605976552E0,-1.434126854E0,-9.615114212E0,1.515529633E0,9.838900915E0
3.607974442E0,-1.443703651E0,-9.627084732E0,1.498770237E0,9.849434141E0
3.609971591E0,-1.441309452E0,-9.629479408E0,1.498770237E0,9.851424203E0
3.611969481E0,-1.438915253E0,-9.627084732E0,1.486799240E0,9.846918783E0
3.613966395E0,-1.441309452E0,-9.617507935E0,1.477222443E0,9.836463691E0
3.615963583E0,-1.434126854E0,-9.610325813E0,1.472434044E0,9.827672364E0
3.617961513E0,-1.426944256E0,-9.605537415E0,1.477222443E0,9.822662830E0
3.619958895E0,-1.424550056E0,-9.593565941E0,1.467645645E0,9.809170916E0
3.621956317E0,-1.417367458E0,-9.591172218E0,1.470039845E0,9.806147673E0
3.623954911E0,-1.410184860E0,-9.586383820E0,1.472434044E0,9.800787626E0
3.625953036E0,-1.405396342E0,-9.579200745E0,1.470039845E0,9.792713767E0
3.627951630E0,-1.388636947E0,-9.579200745E0,1.477222443E0,9.791403659E0
3.629949716E0,-1.374271750E0,-9.581595421E0,1.477222443E0,9.791719961E0
3.631946903E0,-1.367089152E0,-9.583989143E0,1.472434044E0,9.792335915E0
3.633944872E0,-1.357512355E0,-9.583989143E0,1.470039845E0,9.790643740E0
3.635942763E0,-1.345541358E0,-9.603142738E0,1.484405041E0,9.809907763E0
3.637940536E0,-1.340752959E0,-9.595960617E0,1.493981838E0,9.803675861E0
3.639937411E0,-1.343147159E0,-9.593565941E0,1.501164436E0,9.802757082E0
3.641934755E0,-1.343147159E0,-9.586383820E0,1.486799240E0,9.793537206E0
3.643932216E0,-1.340752959E0,-9.600749016E0,1.482010841E0,9.806546604E0
3.645930653E0,-1.338358760E0,-9.612719536E0,1.491587639E0,9.819389733E0
3.647929442E0,-1.328781962E0,-9.607931137E0,1.482010841E0,9.811949774E0
3.649926747E0,-1.321599364E0,-9.605537415E0,1.484405041E0,9.808997514E0
3.651924950E0,-1.321599364E0,-9.595960617E0,1.489193439E0,9.800346022E0
3.653922685E0,-1.316810966E0,-9.583989143E0,1.503558636E0,9.790175054E0
3.655920263E0,-1.316810966E0,-9.586383820E0,1.510741234E0,9.793624708E0
3.657918583E0,-1.321599364E0,-9.583989143E0,1.522712231E0,9.793779930E0
3.659917685E0,-1.316810966E0,-9.588777542E0,1.515529633E0,9.796707403E0
3.661917450E0,-1.319205165E0,-9.595960617E0,1.517923832E0,9.804430386E0
3.663916317E0,-1.326387763E0,-9.588777542E0,1.532289028E0,9.800605538E0
3.665914560E0,-1.338358760E0,-9.603142738E0,1.549048543E0,9.818915725E0
3.667912411E0,-1.347935557E0,-9.603142738E0,1.558625340E0,9.821740868E0
3.669910731E0,-1.347935557E0,-9.610325813E0,1.570596337E0,9.830669629E0
3.671908427E0,-1.347935557E0,-9.617507935E0,1.582567334E0,9.839609164E0
3.673906669E0,-1.345541358E0,-9.634267807E0,1.606509328E0,9.859537005E0
3.675904911E0,-1.338358760E0,-9.639056206E0,1.616086125E0,9.864803245E0
3.677902528E0,-1.357512355E0,-9.648633003E0,1.623268723E0,9.877953228E0
3.679899833E0,-1.376665950E0,-9.655815125E0,1.632845521E0,9.889194070E0
3.681896669E0,-1.388636947E0,-9.658209801E0,1.640028119E0,9.894393430E0
3.683894052E0,-1.395819545E0,-9.679757118E0,1.654393315E0,9.918821871E0
3.685891278E0,-1.400607944E0,-9.691728592E0,1.647210717E0,9.929985340E0
3.687889013E0,-1.412579060E0,-9.689333916E0,1.642422318E0,9.928550871E0
3.689886786E0,-1.419761658E0,-9.686940193E0,1.630451322E0,9.925265991E0
3.691883270E0,-1.422155857E0,-9.694122314E0,1.618480325E0,9.930660265E0
3.693880692E0,-1.426944256E0,-9.694122314E0,1.613691926E0,9.930567909E0
3.695877880E0,-1.436521053E0,-9.682151794E0,1.596932530E0,9.917552602E0
3.697875653E0,-1.448492050E0,-9.674968719E0,1.587355733E0,9.910744027E0
3.699873583E0,-1.446097851E0,-9.662998199E0,1.577778935E0,9.897177353E0
3.701870770E0,-1.446097851E0,-9.655815125E0,1.570596337E0,9.889021062E0
3.703869052E0,-1.443703651E0,-9.651026726E0,1.565807939E0,9.883235887E0
3.705866356E0,-1.438915253E0,-9.634267807E0,1.565807939E0,9.866171891E0
3.707864716E0,-1.438915253E0,-9.624691010E0,1.553836942E0,9.854925843E0
3.709862489E0,-1.434126854E0,-9.624691010E0,1.556231141E0,9.854605635E0
3.711860810E0,-1.424550056E0,-9.612719536E0,1.561019540E0,9.842281328E0
3.713859208E0,-1.407790542E0,-9.605537415E0,1.544260144E0,9.830206642E0
3.715856864E0,-1.405396342E0,-9.593565941E0,1.556231141E0,9.820056095E0
3.717855145E0,-1.403002143E0,-9.595960617E0,1.561019540E0,9.822813099E0
3.719852919E0,-1.398213744E0,-9.603142738E0,1.570596337E0,9.830672662E0
3.721850653E0,-1.391031146E0,-9.607931137E0,1.568202138E0,9.833949681E0
3.723848895E0,-1.393425345E0,-9.624691010E0,1.580173135E0,9.852576229E0
3.725846239E0,-1.393425345E0,-9.634267807E0,1.580173135E0,9.861931733E0
3.727843778E0,-1.391031146E0,-9.622296333E0,1.577778935E0,9.849514747E0
3.729841239E0,-1.386242747E0,-9.629479408E0,1.558625340E0,9.852809527E0
3.731838739E0,-1.381454349E0,-9.624691010E0,1.541865945E0,9.844818116E0
3.733836435E0,-1.381454349E0,-9.617507935E0,1.534683347E0,9.836672606E0
3.735834872E0,-1.371877551E0,-9.619902611E0,1.525106430E0,9.836184417E0
3.737833310E0,-1.371877551E0,-9.605537415E0,1.513135433E0,9.820283900E0
3.739830575E0,-1.374271750E0,-9.595960617E0,1.508347034E0,9.810514451E0
3.741828739E0,-1.371877551E0,-9.586383820E0,1.493981838E0,9.798611355E0
3.743827645E0,-1.357512355E0,-9.579200745E0,1.482010841E0,9.787761891E0
3.745825380E0,-1.355118155E0,-9.586383820E0,1.462857246E0,9.791580632E0
3.747824052E0,-1.355118155E0,-9.583989143E0,1.450886250E0,9.787454420E0
3.749822567E0,-1.357512355E0,-9.579200745E0,1.443703651E0,9.782034908E0
3.751820770E0,-1.364694953E0,-9.581595421E0,1.431732655E0,9.783620062E0
3.753817880E0,-1.367089152E0,-9.574412346E0,1.426944256E0,9.776219844E0
3.755815731E0,-1.359906554E0,-9.574412346E0,1.426944256E0,9.775218029E0
3.757814247E0,-1.367089152E0,-9.569623947E0,1.412579060E0,9.769442913E0
3.759812060E0,-1.359906554E0,-9.583989143E0,1.400607944E0,9.780792215E0
3.761810614E0,-1.352723956E0,-9.595960617E0,1.410184860E0,9.792902716E0
3.763809442E0,-1.347935557E0,-9.598354340E0,1.403002143E0,9.793556622E0
3.765808661E0,-1.335964561E0,-9.610325813E0,1.398213744E0,9.802967164E0
3.767807841E0,-1.323993564E0,-9.615114212E0,1.393425345E0,9.805356417E0
3.769806942E0,-1.316810966E0,-9.622296333E0,1.388636947E0,9.810753815E0
3.771806005E0,-1.309628367E0,-9.624691010E0,1.393425345E0,9.812820068E0
3.773804520E0,-1.309628367E0,-9.619902611E0,1.395819545E0,9.808463942E0
3.775804052E0,-1.307234168E0,-9.617507935E0,1.393425345E0,9.805455330E0
3.777802724E0,-1.297657371E0,-9.607931137E0,1.381454349E0,9.793093051E0
3.779802060E0,-1.302445769E0,-9.603142738E0,1.383848548E0,9.789369348E0
3.781800497E0,-1.297657371E0,-9.600749016E0,1.395819545E0,9.788085028E0
3.783799560E0,-1.302445769E0,-9.576807022E0,1.403002143E0,9.766269131E0
3.785798192E0,-1.314416766E0,-9.576807022E0,1.417367458E0,9.769946504E0
3.787796395E0,-1.323993564E0,-9.574412346E0,1.429338455E0,9.770636578E0
3.789795028E0,-1.331176162E0,-9.572018623E0,1.426944256E0,9.768917054E0
3.791793075E0,-1.338358760E0,-9.557653427E0,1.441309452E0,9.757936059E0
3.793790966E0,-1.340752959E0,-9.560047150E0,1.458068848E0,9.763098113E0
3.795789325E0,-1.340752959E0,-9.560047150E0,1.460463047E0,9.763455962E0
3.797787841E0,-1.359906554E0,-9.562441826E0,1.470039845E0,9.769885191E0
3.799785849E0,-1.364694953E0,-9.562441826E0,1.477222443E0,9.771636103E0
3.801784013E0,-1.371877551E0,-9.560047150E0,1.498770237E0,9.773579781E0
3.803782489E0,-1.393425345E0,-9.572018623E0,1.498770237E0,9.788334227E0
3.805781005E0,-1.398213744E0,-9.583989143E0,1.513135433E0,9.802929583E0
3.807778895E0,-1.410184860E0,-9.593565941E0,1.520318031E0,9.815115675E0
3.809776942E0,-1.412579060E0,-9.595960617E0,1.522712231E0,9.818171536E0
3.811775927E0,-1.405396342E0,-9.605537415E0,1.527500629E0,9.827245091E0
3.813774364E0,-1.410184860E0,-9.622296333E0,1.529894829E0,9.844683146E0
3.815772802E0,-1.414973259E0,-9.641449928E0,1.522712231E0,9.862979194E0
3.817770888E0,-1.410184860E0,-9.648633003E0,1.525106430E0,9.869685395E0
3.819769286E0,-1.422155857E0,-9.658209801E0,1.517923832E0,9.879657717E0
3.821767138E0,-1.443703651E0,-9.660603523E0,1.522712231E0,9.885858243E0
3.823764950E0,-1.446097851E0,-9.658209801E0,1.522712231E0,9.883869085E0
3.825763075E0,-1.450886250E0,-9.653421402E0,1.525106430E0,9.880261398E0
3.827760692E0,-1.446097851E0,-9.648633003E0,1.520318031E0,9.874142228E0
3.829758895E0,-1.443703651E0,-9.648633003E0,1.517923832E0,9.873423511E0
3.831756200E0,-1.446097851E0,-9.646238327E0,1.525106430E0,9.872540832E0
3.833753935E0,-1.438915253E0,-9.651026726E0,1.527500629E0,9.876540494E0
3.835750653E0,-1.431732655E0,-9.639056206E0,1.537077546E0,9.865286124E0
3.837747997E0,-1.429338455E0,-9.643844604E0,1.544260144E0,9.870738907E0
3.839745263E0,-1.434126854E0,-9.641449928E0,1.549048543E0,9.869844373E0
3.841743114E0,-1.434126854E0,-9.639056206E0,1.556231141E0,9.868636164E0
3.843740927E0,-1.431732655E0,-9.646238327E0,1.556231141E0,9.875303925E0
3.845738349E0,-1.422155857E0,-9.634267807E0,1.551442742E0,9.861471393E0
3.847736474E0,-1.422155857E0,-9.629479408E0,1.551442742E0,9.856793370E0
3.849734052E0,-1.419761658E0,-9.636661530E0,1.556231141E0,9.864219379E0
3.851732724E0,-1.398213744E0,-9.636661530E0,1.551442742E0,9.860386488E0
3.853730419E0,-1.391031146E0,-9.636661530E0,1.549048543E0,9.858994090E0
3.855728739E0,-1.381454349E0,-9.641449928E0,1.534683347E0,9.860082444E0
3.857727333E0,-1.376665950E0,-9.641449928E0,1.529894829E0,9.858668472E0
3.859725224E0,-1.371877551E0,-9.646238327E0,1.527500629E0,9.862313119E0
3.861723075E0,-1.367089152E0,-9.651026726E0,1.513135433E0,9.864118230E0
3.863720497E0,-1.362300754E0,-9.639056206E0,1.520318031E0,9.852849070E0
3.865719130E0,-1.352723956E0,-9.629479408E0,1.515529633E0,9.841420926E0
3.867716552E0,-1.357512355E0,-9.622296333E0,1.513135433E0,9.834683796E0
3.869714442E0,-1.371877551E0,-9.612719536E0,1.508347034E0,9.826572936E0
3.871712177E0,-1.381454349E0,-9.617507935E0,1.503558636E0,9.831864704E0
3.873710067E0,-1.383848548E0,-9.605537415E0,1.491587639E0,9.818666891E0
3.875708817E0,-1.374271750E0,-9.607931137E0,1.472434044E0,9.816772667E0
3.877708817E0,-1.371877551E0,-9.605537415E0,1.465251446E0,9.813019863E0
3.879707567E0,-1.362300754E0,-9.619902611E0,1.462857246E0,9.825392659E0
3.881705497E0,-1.359906554E0,-9.617507935E0,1.455674648E0,9.821649219E0
3.883703231E0,-1.359906554E0,-9.622296333E0,1.446097851E0,9.824923997E0
3.885701122E0,-1.340752959E0,-9.646238327E0,1.448492050E0,9.846098800E0
3.887699911E0,-1.328781962E0,-9.655815125E0,1.450886250E0,9.854212202E0
3.889698036E0,-1.326387763E0,-9.651026726E0,1.448492050E0,9.848845139E0
3.891696044E0,-1.323993564E0,-9.636661530E0,1.465251446E0,9.836928697E0
3.893693349E0,-1.343147159E0,-9.643844604E0,1.477222443E0,9.848348551E0
3.895691278E0,-1.357512355E0,-9.653421402E0,1.479616642E0,9.860053244E0
3.897689560E0,-1.350329757E0,-9.643844604E0,1.474828243E0,9.848971903E0
3.899688427E0,-1.369483352E0,-9.627084732E0,1.472434044E0,9.834851656E0
3.901686591E0,-1.364694953E0,-9.615114212E0,1.482010841E0,9.823908070E0
3.903684403E0,-1.364694953E0,-9.603142738E0,1.484405041E0,9.812553240E0
3.905683466E0,-1.371877551E0,-9.595960617E0,1.472434044E0,9.804721831E0
3.907681981E0,-1.376665950E0,-9.593565941E0,1.489193439E0,9.805580743E0
3.909679755E0,-1.379060149E0,-9.581595421E0,1.479616642E0,9.792754623E0
3.911677294E0,-1.381454349E0,-9.586383820E0,1.493981838E0,9.799956765E0
3.913675028E0,-1.381454349E0,-9.574412346E0,1.496376038E0,9.788612217E0
3.915672763E0,-1.398213744E0,-9.572018623E0,1.508347034E0,9.790487882E0
3.917669599E0,-1.400607944E0,-9.586383820E0,1.501164436E0,9.803772336E0
3.919666630E0,-1.405396342E0,-9.586383820E0,1.491587639E0,9.802995833E0
3.921664911E0,-1.407790542E0,-9.579200745E0,1.498770237E0,9.797411563E0
3.923662333E0,-1.417367458E0,-9.574412346E0,1.498770237E0,9.794111216E0
3.925660106E0,-1.424550056E0,-9.569623947E0,1.486799240E0,9.788647370E0
3.927656942E0,-1.426944256E0,-9.579200745E0,1.486799240E0,9.798358475E0
3.929654716E0,-1.426944256E0,-9.586383820E0,1.477222443E0,9.803933435E0
3.931652060E0,-1.424550056E0,-9.581595421E0,1.470039845E0,9.797822759E0
3.933649520E0,-1.419761658E0,-9.583989143E0,1.465251446E0,9.798751597E0
3.935646708E0,-1.414973259E0,-9.586383820E0,1.450886250E0,9.798263875E0
3.937644950E0,-1.410184860E0,-9.583989143E0,1.436521053E0,9.793112987E0
3.939643310E0,-1.398213744E0,-9.576807022E0,1.446097851E0,9.785777098E0
3.941641239E0,-1.400607944E0,-9.572018623E0,1.458068848E0,9.783210511E0
3.943640302E0,-1.393425345E0,-9.567230225E0,1.467645645E0,9.778932053E0
3.945638153E0,-1.383848548E0,-9.567230225E0,1.484405041E0,9.780101702E0
3.947636161E0,-1.388636947E0,-9.583989143E0,1.484405041E0,9.797174021E0
3.949633153E0,-1.386242747E0,-9.581595421E0,1.486799240E0,9.794856392E0
3.951631044E0,-1.381454349E0,-9.583989143E0,1.498770237E0,9.798345587E0
3.953628661E0,-1.376665950E0,-9.586383820E0,1.508347034E0,9.801483288E0
3.955626786E0,-1.388636947E0,-9.581595421E0,1.510741234E0,9.798858222E0
3.957623583E0,-1.403002143E0,-9.586383820E0,1.515529633E0,9.806324480E0
3.959621395E0,-1.407790542E0,-9.591172218E0,1.517923832E0,9.812061531E0
3.961618778E0,-1.405396342E0,-9.591172218E0,1.508347034E0,9.810241290E0
3.963617138E0,-1.398213744E0,-9.600749016E0,1.505952835E0,9.818211511E0
3.965615341E0,-1.398213744E0,-9.605537415E0,1.503558636E0,9.822527132E0
3.967612802E0,-1.393425345E0,-9.619902611E0,1.501164436E0,9.835530240E0
3.969610067E0,-1.386242747E0,-9.617507935E0,1.513135433E0,9.834007660E0
3.971609560E0,-1.369483352E0,-9.629479408E0,1.508347034E0,9.842635272E0
3.973607489E0,-1.357512355E0,-9.639056206E0,1.501164436E0,9.849250682E0
3.975604599E0,-1.347935557E0,-9.639056206E0,1.496376038E0,9.847206510E0
3.977602528E0,-1.333570361E0,-9.655815125E0,1.489193439E0,9.860571623E0
3.979600028E0,-1.328781962E0,-9.667786598E0,1.486799240E0,9.871288224E0
3.981597997E0,-1.319205165E0,-9.665391922E0,1.493981838E0,9.868742828E0
3.983596552E0,-1.319205165E0,-9.662998199E0,1.493981838E0,9.866398441E0
3.985594286E0,-1.316810966E0,-9.655815125E0,1.477222443E0,9.856517792E0
3.987592450E0,-1.323993564E0,-9.662998199E0,1.465251446E0,9.862730604E0
3.989590810E0,-1.326387763E0,-9.662998199E0,1.453280449E0,9.861280990E0
3.991587763E0,-1.340752959E0,-9.646238327E0,1.446097851E0,9.845746866E0
3.993585302E0,-1.347935557E0,-9.646238327E0,1.441309452E0,9.846025445E0
3.995583114E0,-1.355118155E0,-9.646238327E0,1.438915253E0,9.846661169E0
3.997581825E0,-1.352723956E0,-9.646238327E0,1.455674648E0,9.848795086E0
3.999580653E0,-1.367089152E0,-9.653421402E0,1.455674648E0,9.857812445E0
4.001578817E0,-1.376665950E0,-9.641449928E0,1.450886250E0,9.846717055E0
4.003576864E0,-1.391031146E0,-9.648633003E0,1.448492050E0,9.855415552E0
4.005575028E0,-1.393425345E0,-9.643844604E0,1.465251446E0,9.853544273E0
4.007572724E0,-1.388636947E0,-9.646238327E0,1.472434044E0,9.856281674E0
4.009570653E0,-1.388636947E0,-9.648633003E0,1.498770237E0,9.862593149E0
4.011568466E0,-1.395819545E0,-9.648633003E0,1.501164436E0,9.863971092E0
4.013566669E0,-1.400607944E0,-9.655815125E0,1.508347034E0,9.872769576E0
4.015564833E0,-1.400607944E0,-9.651026726E0,1.498770237E0,9.866627169E0
4.017562724E0,-1.414973259E0,-9.653421402E0,1.513135433E0,9.873209859E0
4.019560341E0,-1.417367458E0,-9.646238327E0,1.513135433E0,9.866530455E0
4.021559091E0,-1.417367458E0,-9.651026726E0,1.534683347E0,9.874537982E0
4.023557685E0,-1.419761658E0,-9.641449928E0,1.541865945E0,9.866642310E0
4.025556630E0,-1.417367458E0,-9.634267807E0,1.539471745E0,9.858905616E0
4.027555536E0,-1.417367458E0,-9.634267807E0,1.539471745E0,9.858905616E0
4.029554677E0,-1.414973259E0,-9.641449928E0,1.544260144E0,9.866328873E0
4.031553075E0,-1.414973259E0,-9.643844604E0,1.546654344E0,9.869043912E0
4.033550145E0,-1.403002143E0,-9.624691010E0,1.529894829E0,9.845997676E0
4.035548075E0,-1.379060149E0,-9.622296333E0,1.520318031E0,9.838788571E0
4.037546552E0,-1.355118155E0,-9.622296333E0,1.493981838E0,9.831424804E0
4.039545458E0,-1.338358760E0,-9.624691010E0,1.489193439E0,9.830746579E0
4.041544325E0,-1.333570361E0,-9.617507935E0,1.474828243E0,9.820895434E0
4.043543270E0,-1.323993564E0,-9.615114212E0,1.460463047E0,9.815107365E0
4.045543036E0,-1.309628367E0,-9.603142738E0,1.455674648E0,9.800738013E0
4.047541474E0,-1.302445769E0,-9.607931137E0,1.419761658E0,9.799205523E0
4.049539599E0,-1.280897856E0,-9.612719536E0,1.407790542E0,9.799334181E0
4.051538231E0,-1.285686255E0,-9.605537415E0,1.419761658E0,9.794644523E0
4.053537685E0,-1.300051570E0,-9.593565941E0,1.426944256E0,9.785847508E0
4.055538349E0,-1.316810966E0,-9.576807022E0,1.431732655E0,9.772363187E0
4.057539325E0,-1.326387763E0,-9.581595421E0,1.434126854E0,9.778701097E0
4.059538935E0,-1.328781962E0,-9.588777542E0,1.424550056E0,9.784664487E0
4.061539286E0,-1.333570361E0,-9.591172218E0,1.429338455E0,9.788360580E0
4.063539013E0,-1.323993564E0,-9.579200745E0,1.443703651E0,9.777439649E0
4.065539208E0,-1.326387763E0,-9.591172218E0,1.446097851E0,9.789846169E0
4.067539052E0,-1.319205165E0,-9.595960617E0,1.446097851E0,9.793567349E0
4.069537841E0,-1.319205165E0,-9.588777542E0,1.453280449E0,9.787593222E0
4.071536356E0,-1.321599364E0,-9.598354340E0,1.453280449E0,9.797298351E0
4.073535341E0,-1.323993564E0,-9.595960617E0,1.453280449E0,9.795276575E0
4.075534677E0,-1.340752959E0,-9.595960617E0,1.462857246E0,9.798981069E0
4.077534364E0,-1.355118155E0,-9.595960617E0,1.477222443E0,9.803111319E0
4.079534716E0,-1.376665950E0,-9.603142738E0,1.489193439E0,9.814950672E0
4.081533778E0,-1.391031146E0,-9.607931137E0,1.489193439E0,9.821660017E0
4.083533270E0,-1.374271750E0,-9.624691010E0,1.501164436E0,9.837519735E0
4.085532802E0,-1.403002143E0,-9.615114212E0,1.508347034E0,9.833308045E0
4.087532958E0,-1.422155857E0,-9.605537415E0,1.505952835E0,9.826330457E0
4.089532450E0,-1.429338455E0,-9.603142738E0,1.513135433E0,9.826135441E0
4.091532528E0,-1.458068848E0,-9.617507935E0,1.527500629E0,9.846607629E0
4.093531356E0,-1.460463047E0,-9.622296333E0,1.520318031E0,9.850528207E0
4.095530145E0,-1.453280449E0,-9.617507935E0,1.515529633E0,9.844049624E0
4.097528661E0,-1.448492050E0,-9.605537415E0,1.529894829E0,9.833872911E0
4.099527528E0,-1.438915253E0,-9.615114212E0,1.527500629E0,9.841450939E0
4.101527255E0,-1.436521053E0,-9.629479408E0,1.513135433E0,9.852920646E0
4.103526200E0,-1.431732655E0,-9.634267807E0,1.517923832E0,9.857640049E0
4.105526044E0,-1.426944256E0,-9.636661530E0,1.522712231E0,9.860023726E0
4.107525966E0,-1.422155857E0,-9.639056206E0,1.525106430E0,9.862042458E0
4.109526435E0,-1.412579060E0,-9.646238327E0,1.527500629E0,9.868057136E0
4.111526239E0,-1.414973259E0,-9.655815125E0,1.517923832E0,9.876285122E0
4.113525731E0,-1.434126854E0,-9.646238327E0,1.510741234E0,9.868585145E0
4.115524677E0,-1.438915253E0,-9.646238327E0,1.508347034E0,9.868915936E0
4.117521981E0,-1.436521053E0,-9.648633003E0,1.508347034E0,9.870907878E0
4.119520341E0,-1.434126854E0,-9.648633003E0,1.489193439E0,9.867650975E0
4.121518974E0,-1.438915253E0,-9.646238327E0,1.482010841E0,9.864925093E0
4.123517411E0,-1.441309452E0,-9.643844604E0,1.498770237E0,9.865466229E0
4.125515888E0,-1.443703651E0,-9.641449928E0,1.493981838E0,9.862749043E0
4.127513661E0,-1.448492050E0,-9.646238327E0,1.491587639E0,9.867769594E0
4.129512333E0,-1.443703651E0,-9.655815125E0,1.474828243E0,9.873913322E0
4.131511044E0,-1.441309452E0,-9.655815125E0,1.470039845E0,9.872849427E0
4.133509364E0,-1.431732655E0,-9.651026726E0,1.465251446E0,9.866059855E0
4.135507958E0,-1.424550056E0,-9.660603523E0,1.470039845E0,9.875101034E0
4.137505302E0,-1.422155857E0,-9.658209801E0,1.472434044E0,9.872770931E0
4.139503700E0,-1.410184860E0,-9.662998199E0,1.458068848E0,9.873607259E0
4.141501669E0,-1.391031146E0,-9.655815125E0,1.474828243E0,9.866349462E0
4.143500927E0,-1.381454349E0,-9.651026726E0,1.482010841E0,9.861393873E0
4.145499599E0,-1.369483352E0,-9.641449928E0,1.477222443E0,9.849630831E0
4.147497606E0,-1.369483352E0,-9.624691010E0,1.486799240E0,9.834669982E0
4.149495185E0,-1.369483352E0,-9.612719536E0,1.510741234E0,9.826606769E0
4.151493935E0,-1.364694953E0,-9.610325813E0,1.510741234E0,9.823598812E0
4.153492802E0,-1.357512355E0,-9.610325813E0,1.508347034E0,9.822235632E0
4.155490849E0,-1.350329757E0,-9.607931137E0,1.505952835E0,9.818534775E0
4.157489247E0,-1.345541358E0,-9.598354340E0,1.505952835E0,9.808505570E0
4.159488075E0,-1.338358760E0,-9.595960617E0,1.505952835E0,9.805180176E0
4.161486200E0,-1.357512355E0,-9.591172218E0,1.493981838E0,9.801296141E0
4.163483778E0,-1.376665950E0,-9.588777542E0,1.498770237E0,9.802355641E0
4.165481435E0,-1.383848548E0,-9.576807022E0,1.493981838E0,9.790926988E0
4.167479599E0,-1.381454349E0,-9.569623947E0,1.496376038E0,9.783928651E0
4.169477528E0,-1.388636947E0,-9.557653427E0,1.498770237E0,9.773605467E0
4.171475653E0,-1.398213744E0,-9.564835548E0,1.474828243E0,9.778353598E0
4.173474442E0,-1.414973259E0,-9.562441826E0,1.477222443E0,9.778784645E0
4.175473583E0,-1.419761658E0,-9.569623947E0,1.474828243E0,9.786140404E0
4.177470536E0,-1.414973259E0,-9.569623947E0,1.458068848E0,9.782934967E0
4.179467606E0,-1.410184860E0,-9.583989143E0,1.462857246E0,9.797010797E0
4.181464677E0,-1.417367458E0,-9.581595421E0,1.462857246E0,9.795705827E0
4.183461864E0,-1.414973259E0,-9.586383820E0,1.460463047E0,9.799686545E0
4.185458505E0,-1.407790542E0,-9.605537415E0,1.458068848E0,9.817035601E0
4.187456825E0,-1.405396342E0,-9.619902611E0,1.458068848E0,9.830749203E0
4.189455185E0,-1.400607944E0,-9.627084732E0,1.448492050E0,9.835679553E0
4.191453310E0,-1.412579060E0,-9.622296333E0,1.438915253E0,9.831299173E0
4.193450341E0,-1.414973259E0,-9.619902611E0,1.441309452E0,9.829651494E0
4.195448192E0,-1.414973259E0,-9.600749016E0,1.434126854E0,9.809854781E0
4.197445380E0,-1.412579060E0,-9.595960617E0,1.431732655E0,9.804473375E0
4.199443231E0,-1.417367458E0,-9.598354340E0,1.426944256E0,9.806809188E0
4.201441552E0,-1.422155857E0,-9.600749016E0,1.422155857E0,9.809150637E0
4.203438700E0,-1.419761658E0,-9.595960617E0,1.414973259E0,9.803077713E0
4.205435145E0,-1.424550056E0,-9.583989143E0,1.414973259E0,9.792054947E0
4.207432763E0,-1.422155857E0,-9.576807022E0,1.405396342E0,9.783296934E0
4.209431278E0,-1.422155857E0,-9.576807022E0,1.410184860E0,9.783985965E0
4.211429052E0,-1.426944256E0,-9.569623947E0,1.424550056E0,9.779734928E0
4.213426786E0,-1.424550056E0,-9.574412346E0,1.424550056E0,9.784071622E0
4.215424091E0,-1.412579060E0,-9.579200745E0,1.431732655E0,9.788070540E0
4.217422099E0,-1.400607944E0,-9.581595421E0,1.443703651E0,9.790452168E0
4.219420145E0,-1.386242747E0,-9.593565941E0,1.465251446E0,9.803322815E0
4.221418700E0,-1.376665950E0,-9.605537415E0,1.474828243E0,9.815124885E0
4.223416747E0,-1.367089152E0,-9.617507935E0,1.496376038E0,9.828760495E0
4.225414403E0,-1.362300754E0,-9.627084732E0,1.510741234E0,9.839662741E0
4.227412138E0,-1.359906554E0,-9.636661530E0,1.505952835E0,9.847968583E0
4.229408310E0,-1.355118155E0,-9.636661530E0,1.510741234E0,9.848041923E0
4.231406083E0,-1.350329757E0,-9.641449928E0,1.517923832E0,9.853174104E0
4.233404560E0,-1.359906554E0,-9.636661530E0,1.520318031E0,9.850175541E0
4.235402450E0,-1.379060149E0,-9.629479408E0,1.513135433E0,9.844707177E0
4.237400302E0,-1.393425345E0,-9.627084732E0,1.517923832E0,9.845125057E0
4.239397333E0,-1.400607944E0,-9.622296333E0,1.513135433E0,9.840724982E0
4.241394950E0,-1.424550056E0,-9.622296333E0,1.493981838E0,9.841235254E0
4.243392528E0,-1.438915253E0,-9.610325813E0,1.491587639E0,9.831259992E0
4.245390731E0,-1.443703651E0,-9.607931137E0,1.479616642E0,9.827811881E0
4.247388778E0,-1.434126854E0,-9.615114212E0,1.479616642E0,9.833433101E0
4.249387138E0,-1.436521053E0,-9.622296333E0,1.458068848E0,9.837588334E0
4.251386005E0,-1.438915253E0,-9.627084732E0,1.462857246E0,9.843332203E0
4.253383700E0,-1.429338455E0,-9.636661530E0,1.448492050E0,9.849181848E0
4.255381747E0,-1.417367458E0,-9.636661530E0,1.446097851E0,9.847099824E0
4.257380028E0,-1.405396342E0,-9.660603523E0,1.453280449E0,9.869874537E0
4.259378427E0,-1.393425345E0,-9.672574997E0,1.460463047E0,9.880956106E0
4.261376161E0,-1.386242747E0,-9.674968719E0,1.462857246E0,9.882643371E0
4.263373192E0,-1.388636947E0,-9.684545517E0,1.460463047E0,9.892001150E0
4.265370731E0,-1.379060149E0,-9.689333916E0,1.472434044E0,9.897123857E0
4.267367958E0,-1.391031146E0,-9.672574997E0,1.482010841E0,9.883826731E0
4.269366395E0,-1.391031146E0,-9.660603523E0,1.493981838E0,9.873915627E0
4.271364286E0,-1.388636947E0,-9.646238327E0,1.496376038E0,9.859886798E0
4.273362489E0,-1.381454349E0,-9.631873131E0,1.503558636E0,9.845917159E0
4.275359989E0,-1.376665950E0,-9.622296333E0,1.517923832E0,9.838083585E0
4.277357997E0,-1.379060149E0,-9.612719536E0,1.525106430E0,9.830164464E0
4.279356083E0,-1.371877551E0,-9.605537415E0,1.515529633E0,9.820653090E0
4.281353895E0,-1.355118155E0,-9.607931137E0,1.517923832E0,9.821037558E0
4.283351942E0,-1.357512355E0,-9.607931137E0,1.522712231E0,9.822109400E0
4.285350067E0,-1.345541358E0,-9.624691010E0,1.522712231E0,9.836859820E0
4.287348427E0,-1.340752959E0,-9.634267807E0,1.527500629E0,9.846318746E0
4.289346005E0,-1.352723956E0,-9.639056206E0,1.529894829E0,9.853011967E0
4.291345263E0,-1.359906554E0,-9.639056206E0,1.529894829E0,9.854000637E0
4.293344091E0,-1.369483352E0,-9.643844604E0,1.529894829E0,9.860010223E0
4.295341552E0,-1.381454349E0,-9.639056206E0,1.513135433E0,9.854410155E0
4.297338974E0,-1.386242747E0,-9.641449928E0,1.503558636E0,9.855958312E0
4.299337841E0,-1.383848548E0,-9.629479408E0,1.493981838E0,9.842453567E0
4.301336239E0,-1.388636947E0,-9.622296333E0,1.479616642E0,9.833929261E0
4.303334755E0,-1.386242747E0,-9.615114212E0,1.477222443E0,9.826203560E0
4.305332528E0,-1.393425345E0,-9.612719536E0,1.460463047E0,9.822370558E0
4.307330224E0,-1.400607944E0,-9.612719536E0,1.455674648E0,9.822681313E0
4.309328231E0,-1.403002143E0,-9.619902611E0,1.450886250E0,9.829344442E0
4.311326317E0,-1.400607944E0,-9.610325813E0,1.438915253E0,9.817868504E0
4.313323778E0,-1.395819545E0,-9.603142738E0,1.429338455E0,9.808754818E0
4.315321591E0,-1.395819545E0,-9.603142738E0,1.424550056E0,9.808058193E0
4.317320302E0,-1.388636947E0,-9.607931137E0,1.426944256E0,9.812075378E0
4.319318427E0,-1.376665950E0,-9.619902611E0,1.424550056E0,9.821765536E0
4.321315888E0,-1.362300754E0,-9.624691010E0,1.412579060E0,9.822724671E0
4.323314364E0,-1.357512355E0,-9.627084732E0,1.410184860E0,9.824063394E0
4.325312919E0,-1.340752959E0,-9.622296333E0,1.431732655E0,9.820186537E0
4.327310067E0,-1.333570361E0,-9.624691010E0,1.424550056E0,9.820510669E0
4.329307724E0,-1.331176162E0,-9.624691010E0,1.434126854E0,9.821579651E0
4.331305888E0,-1.333570361E0,-9.629479408E0,1.429338455E0,9.825899043E0
4.333303974E0,-1.345541358E0,-9.631873131E0,1.438915253E0,9.831273501E0
4.335302958E0,-1.355118155E0,-9.636661530E0,1.441309452E0,9.837629978E0
4.337301474E0,-1.355118155E0,-9.641449928E0,1.446097851E0,9.843022957E0
4.339299638E0,-1.347935557E0,-9.627084732E0,1.443703651E0,9.827612677E0
4.341297645E0,-1.359906554E0,-9.612719536E0,1.443703651E0,9.815192456E0
4.343296942E0,-1.371877551E0,-9.595960617E0,1.450886250E0,9.801509021E0
4.345296044E0,-1.364694953E0,-9.600749016E0,1.448492050E0,9.804840804E0
4.347295653E0,-1.369483352E0,-9.600749016E0,1.455674648E0,9.806572031E0
4.349295106E0,-1.376665950E0,-9.588777542E0,1.441309452E0,9.793734570E0
4.351294716E0,-1.388636947E0,-9.593565941E0,1.436521053E0,9.799408797E0
4.353293583E0,-1.395819545E0,-9.588777542E0,1.434126854E0,9.795391099E0
4.355291786E0,-1.403002143E0,-9.581595421E0,1.431732655E0,9.789036940E0
4.357289911E0,-1.407790542E0,-9.576807022E0,1.424550056E0,9.783989463E0
4.359288583E0,-1.407790542E0,-9.574412346E0,1.429338455E0,9.782344013E0
4.361288192E0,-1.405396342E0,-9.572018623E0,1.429338455E0,9.779656836E0
4.363287489E0,-1.391031146E0,-9.569623947E0,1.434126854E0,9.775959798E0
4.365285810E0,-1.381454349E0,-9.574412346E0,1.429338455E0,9.778588666E0
4.367284677E0,-1.381454349E0,-9.591172218E0,1.431732655E0,9.795348847E0
4.369282880E0,-1.383848548E0,-9.600749016E0,1.429338455E0,9.804714524E0
4.371282216E0,-1.369483352E0,-9.607931137E0,1.431732655E0,9.810080722E0
4.373280224E0,-1.374271750E0,-9.603142738E0,1.410184860E0,9.802938061E0
4.375278622E0,-1.376665950E0,-9.605537415E0,1.422155857E0,9.807348543E0
4.377276513E0,-1.376665950E0,-9.607931137E0,1.422155857E0,9.809693020E0
4.379274716E0,-1.381454349E0,-9.610325813E0,1.412579060E0,9.811328042E0
4.381273739E0,-1.381454349E0,-9.619902611E0,1.405396342E0,9.819678265E0
4.383273114E0,-1.381454349E0,-9.629479408E0,1.417367458E0,9.830779232E0
4.385272685E0,-1.374271750E0,-9.639056206E0,1.417367458E0,9.839154328E0
4.387271513E0,-1.367089152E0,-9.641449928E0,1.410184860E0,9.839466998E0
4.389270224E0,-1.362300754E0,-9.646238327E0,1.431732655E0,9.846605283E0
4.391268466E0,-1.367089152E0,-9.646238327E0,1.446097851E0,9.849367777E0
4.393266513E0,-1.367089152E0,-9.646238327E0,1.448492050E0,9.849719581E0
4.395263778E0,-1.357512355E0,-9.639056206E0,1.450886250E0,9.841713024E0
4.397262567E0,-1.357512355E0,-9.631873131E0,1.446097851E0,9.833972686E0
4.399260458E0,-1.338358760E0,-9.619902611E0,1.458068848E0,9.821389676E0
4.401257685E0,-1.345541358E0,-9.617507935E0,1.460463047E0,9.820381496E0
4.403255810E0,-1.333570361E0,-9.624691010E0,1.474828243E0,9.827929858E0
4.405254130E0,-1.321599364E0,-9.622296333E0,1.489193439E0,9.826133965E0
4.407251435E0,-1.309628367E0,-9.622296333E0,1.489193439E0,9.824531047E0
4.409249794E0,-1.312022567E0,-9.619902611E0,1.496376038E0,9.823597646E0
4.411248231E0,-1.323993564E0,-9.622296333E0,1.513135433E0,9.830113149E0
4.413247411E0,-1.340752959E0,-9.622296333E0,1.517923832E0,9.833122494E0
4.415245145E0,-1.340752959E0,-9.622296333E0,1.513135433E0,9.832384455E0
4.417243974E0,-1.352723956E0,-9.622296333E0,1.517923832E0,9.834761898E0
4.419242685E0,-1.350329757E0,-9.634267807E0,1.508347034E0,9.844674571E0
4.421240575E0,-1.350329757E0,-9.624691010E0,1.489193439E0,9.832383464E0
4.423238544E0,-1.352723956E0,-9.631873131E0,1.484405041E0,9.839019282E0
4.425235888E0,-1.357512355E0,-9.646238327E0,1.470039845E0,9.851587222E0
4.427234052E0,-1.362300754E0,-9.631873131E0,1.465251446E0,9.837469449E0
4.429231239E0,-1.379060149E0,-9.627084732E0,1.453280449E0,9.833340805E0
4.431228739E0,-1.386242747E0,-9.629479408E0,1.455674648E0,9.837048913E0
4.433226474E0,-1.379060149E0,-9.629479408E0,1.448492050E0,9.834978891E0
4.435223622E0,-1.381454349E0,-9.631873131E0,1.448492050E0,9.837658530E0
4.437221435E0,-1.383848548E0,-9.636661530E0,1.446097851E0,9.842331087E0
4.439220614E0,-1.391031146E0,-9.646238327E0,1.436521053E0,9.851318401E0
4.441219364E0,-1.386242747E0,-9.643844604E0,1.422155857E0,9.846214247E0
4.443217450E0,-1.379060149E0,-9.646238327E0,1.424550056E0,9.847896406E0
4.445216005E0,-1.376665950E0,-9.660603523E0,1.429338455E0,9.862326196E0
4.447214052E0,-1.369483352E0,-9.662998199E0,1.417367458E0,9.861944502E0
4.449212489E0,-1.371877551E0,-9.658209801E0,1.412579060E0,9.856898304E0
4.451210927E0,-1.371877551E0,-9.648633003E0,1.431732655E0,9.850280465E0
4.453209403E0,-1.359906554E0,-9.641449928E0,1.434126854E0,9.841931842E0
4.455207567E0,-1.335964561E0,-9.648633003E0,1.436521053E0,9.846040467E0
4.457205810E0,-1.338358760E0,-9.648633003E0,1.453280449E0,9.848824654E0
4.459204052E0,-1.326387763E0,-9.653421402E0,1.486799240E0,9.856897141E0
4.461201864E0,-1.319205165E0,-9.651026726E0,1.491587639E0,9.854311382E0
4.463200224E0,-1.321599364E0,-9.639056206E0,1.491587639E0,9.842909280E0
4.465197802E0,-1.326387763E0,-9.634267807E0,1.510741234E0,9.841786411E0
4.467196708E0,-1.326387763E0,-9.639056206E0,1.525106430E0,9.848688169E0
4.469194755E0,-1.331176162E0,-9.641449928E0,1.553836942E0,9.856165377E0
4.471192763E0,-1.340752959E0,-9.631873131E0,1.568202138E0,9.850373417E0
4.473191005E0,-1.359906554E0,-9.624691010E0,1.575384736E0,9.847124450E0
4.475189208E0,-1.381454349E0,-9.617507935E0,1.584961534E0,9.844642099E0
4.477186474E0,-1.383848548E0,-9.615114212E0,1.589749932E0,9.843412160E0
4.479184716E0,-1.393425345E0,-9.622296333E0,1.587355733E0,9.851391736E0
4.481183349E0,-1.400607944E0,-9.627084732E0,1.584961534E0,9.856701584E0
4.483181044E0,-1.407790542E0,-9.624691010E0,1.584961534E0,9.855387070E0
4.485179872E0,-1.412579060E0,-9.627084732E0,1.565807939E0,9.855348524E0
4.487178622E0,-1.407790542E0,-9.636661530E0,1.537077546E0,9.859499329E0
4.489176239E0,-1.391031146E0,-9.651026726E0,1.534683347E0,9.870792141E0
4.491174755E0,-1.376665950E0,-9.660603523E0,1.522712231E0,9.876290908E0
4.493173895E0,-1.379060149E0,-9.660603523E0,1.515529633E0,9.875520108E0
4.495172606E0,-1.379060149E0,-9.665391922E0,1.503558636E0,9.878375194E0
4.497170458E0,-1.393425345E0,-9.667786598E0,1.467645645E0,9.877333428E0
4.499168388E0,-1.393425345E0,-9.662998199E0,1.465251446E0,9.872291031E0
4.501167411E0,-1.398213744E0,-9.667786598E0,1.455674648E0,9.876238559E0
4.503166864E0,-1.403002143E0,-9.670180321E0,1.446097851E0,9.877854091E0
4.505165692E0,-1.407790542E0,-9.670180321E0,1.453280449E0,9.879589349E0
4.507163935E0,-1.400607944E0,-9.660603523E0,1.448492050E0,9.868489867E0
4.509162880E0,-1.405396342E0,-9.646238327E0,1.438915253E0,9.853706401E0
4.511161825E0,-1.410184860E0,-9.634267807E0,1.448492050E0,9.844077749E0
4.513160145E0,-1.407790542E0,-9.624691010E0,1.462857246E0,9.836488325E0
4.515157880E0,-1.405396342E0,-9.610325813E0,1.458068848E0,9.821378003E0
4.517156513E0,-1.400607944E0,-9.593565941E0,1.470039845E0,9.806081135E0
4.519155614E0,-1.400607944E0,-9.576807022E0,1.470039845E0,9.789686026E0
4.521154208E0,-1.400607944E0,-9.569623947E0,1.479616642E0,9.784102949E0
4.523152411E0,-1.393425345E0,-9.550470352E0,1.486799240E0,9.765433432E0
4.525151435E0,-1.395819545E0,-9.552865028E0,1.482010841E0,9.767389548E0
4.527150145E0,-1.405396342E0,-9.557653427E0,1.477222443E0,9.772720402E0
4.529148622E0,-1.422155857E0,-9.550470352E0,1.474828243E0,9.767759701E0
4.531147372E0,-1.438915253E0,-9.552865028E0,1.493981838E0,9.775463625E0
4.533145770E0,-1.438915253E0,-9.560047150E0,1.503558636E0,9.783949467E0
4.535144247E0,-1.436521053E0,-9.560047150E0,1.491587639E0,9.781765072E0
4.537141825E0,-1.441309452E0,-9.579200745E0,1.484405041E0,9.800097865E0
4.539140028E0,-1.434126854E0,-9.581595421E0,1.482010841E0,9.801022741E0
4.541137919E0,-1.412579060E0,-9.598354340E0,1.470039845E0,9.812481988E0
4.543135380E0,-1.410184860E0,-9.612719536E0,1.470039845E0,9.826190277E0
4.545133817E0,-1.393425345E0,-9.610325813E0,1.472434044E0,9.821815435E0
4.547132645E0,-1.391031146E0,-9.615114212E0,1.467645645E0,9.825445165E0
4.549131044E0,-1.383848548E0,-9.610325813E0,1.458068848E0,9.818317769E0
4.551129911E0,-1.381454349E0,-9.603142738E0,1.455674648E0,9.810594032E0
4.553129169E0,-1.381454349E0,-9.598354340E0,1.441309452E0,9.803784733E0
4.555128153E0,-1.379060149E0,-9.595960617E0,1.426944256E0,9.799001835E0
4.557126474E0,-1.374271750E0,-9.588777542E0,1.414973259E0,9.789557034E0
4.559125419E0,-1.359906554E0,-9.598354340E0,1.410184860E0,9.796242811E0
4.561123817E0,-1.367089152E0,-9.586383820E0,1.388636947E0,9.782433238E0
4.563122685E0,-1.383848548E0,-9.598354340E0,1.386242747E0,9.796178428E0
4.565122255E0,-1.383848548E0,-9.600749016E0,1.388636947E0,9.798863763E0
4.567122060E0,-1.388636947E0,-9.624691010E0,1.400607944E0,9.824698072E0
4.569120810E0,-1.393425345E0,-9.624691010E0,1.391031146E0,9.824015415E0
4.571120028E0,-1.393425345E0,-9.631873131E0,1.393425345E0,9.831390969E0
4.573119130E0,-1.395819545E0,-9.641449928E0,1.395819545E0,9.841452186E0
4.575117177E0,-1.400607944E0,-9.641449928E0,1.398213744E0,9.842472301E0
4.577114911E0,-1.403002143E0,-9.634267807E0,1.414973259E0,9.838174654E0
4.579112997E0,-1.405396342E0,-9.639056206E0,1.419761658E0,9.843894889E0
4.581110888E0,-1.395819545E0,-9.653421402E0,1.446097851E0,9.860428792E0
4.583109481E0,-1.386242747E0,-9.655815125E0,1.455674648E0,9.862830393E0
4.585108622E0,-1.381454349E0,-9.648633003E0,1.467645645E0,9.856902084E0
4.587107685E0,-1.376665950E0,-9.648633003E0,1.472434044E0,9.856946281E0
4.589105849E0,-1.381454349E0,-9.646238327E0,1.489193439E0,9.857790172E0
4.591104247E0,-1.381454349E0,-9.639056206E0,1.496376038E0,9.851850684E0
4.593102450E0,-1.383848548E0,-9.648633003E0,1.493981838E0,9.861193506E0
4.595101825E0,-1.369483352E0,-9.651026726E0,1.503558636E0,9.862985860E0
4.597102060E0,-1.376665950E0,-9.639056206E0,1.493981838E0,9.850816992E0
4.599101630E0,-1.374271750E0,-9.643844604E0,1.489193439E0,9.854443602E0
4.601100810E0,-1.367089152E0,-9.648633003E0,1.496376038E0,9.859218672E0
4.603099364E0,-1.367089152E0,-9.648633003E0,1.491587639E0,9.858493052E0
4.605097177E0,-1.364694953E0,-9.651026726E0,1.503558636E0,9.862322128E0
4.607095497E0,-1.376665950E0,-9.660603523E0,1.496376038E0,9.872264726E0
4.609094169E0,-1.364694953E0,-9.648633003E0,1.498770237E0,9.859250649E0
4.611092567E0,-1.374271750E0,-9.636661530E0,1.508347034E0,9.850328881E0
4.613091083E0,-1.369483352E0,-9.639056206E0,1.501164436E0,9.850907768E0
4.615090614E0,-1.367089152E0,-9.639056206E0,1.467645645E0,9.845522893E0
4.617090028E0,-1.369483352E0,-9.639056206E0,1.458068848E0,9.844432637E0
4.619089325E0,-1.371877551E0,-9.624691010E0,1.450886250E0,9.829638648E0
4.621088544E0,-1.357512355E0,-9.624691010E0,1.434126854E0,9.825183798E0
4.623086825E0,-1.359906554E0,-9.617507935E0,1.431732655E0,9.818129308E0
4.625086513E0,-1.362300754E0,-9.617507935E0,1.431732655E0,9.818461214E0
4.627085497E0,-1.374271750E0,-9.605537415E0,1.434126854E0,9.808755869E0
4.629084755E0,-1.388636947E0,-9.593565941E0,1.434126854E0,9.799058111E0
4.631084208E0,-1.403002143E0,-9.588777542E0,1.436521053E0,9.796767962E0
4.633083466E0,-1.405396342E0,-9.588777542E0,1.438915253E0,9.797462464E0
4.635083153E0,-1.422155857E0,-9.591172218E0,1.436521053E0,9.801872502E0
4.637083153E0,-1.429338455E0,-9.586383820E0,1.426944256E0,9.796832808E0
4.639082958E0,-1.422155857E0,-9.593565941E0,1.419761658E0,9.801773202E0
4.641081669E0,-1.412579060E0,-9.595960617E0,1.414973259E0,9.802040047E0
4.643081044E0,-1.410184860E0,-9.593565941E0,1.422155857E0,9.800390609E0
4.645079794E0,-1.407790542E0,-9.593565941E0,1.424550056E0,9.800394101E0
4.647079638E0,-1.398213744E0,-9.612719536E0,1.431732655E0,9.818820547E0
4.649079286E0,-1.395819545E0,-9.619902611E0,1.438915253E0,9.826561736E0
4.651078388E0,-1.393425345E0,-9.629479408E0,1.434126854E0,9.834898459E0
4.653076942E0,-1.391031146E0,-9.629479408E0,1.417367458E0,9.832129568E0
4.655075849E0,-1.388636947E0,-9.624691010E0,1.410184860E0,9.826067929E0
4.657075731E0,-1.386242747E0,-9.619902611E0,1.407790542E0,9.820695974E0
4.659075067E0,-1.379060149E0,-9.612719536E0,1.410184860E0,9.812991649E0
4.661074442E0,-1.376665950E0,-9.610325813E0,1.400607944E0,9.808938474E0
4.663073388E0,-1.362300754E0,-9.598354340E0,1.400607944E0,9.795201477E0
4.665072841E0,-1.362300754E0,-9.600749016E0,1.398213744E0,9.797206065E0
4.667071435E0,-1.374271750E0,-9.598354340E0,1.405396342E0,9.797559275E0
4.669070614E0,-1.379060149E0,-9.583989143E0,1.403002143E0,9.783816730E0
4.671069677E0,-1.367089152E0,-9.583989143E0,1.400607944E0,9.781793458E0
4.673068856E0,-1.357512355E0,-9.572018623E0,1.405396342E0,9.769417547E0
4.675067724E0,-1.355118155E0,-9.560047150E0,1.405396342E0,9.757355461E0
4.677067060E0,-1.359906554E0,-9.555258751E0,1.410184860E0,9.754021579E0
4.679066474E0,-1.376665950E0,-9.545681953E0,1.429338455E0,9.749782639E0
4.681065927E0,-1.383848548E0,-9.545681953E0,1.431732655E0,9.751150658E0
4.683065653E0,-1.376665950E0,-9.545681953E0,1.417367458E0,9.748034859E0
4.685063817E0,-1.388636947E0,-9.555258751E0,1.434126854E0,9.761557365E0
4.687063036E0,-1.393425345E0,-9.560047150E0,1.436521053E0,9.767278456E0
4.689061669E0,-1.381454349E0,-9.569623947E0,1.429338455E0,9.773900298E0
4.691061083E0,-1.383848548E0,-9.581595421E0,1.434126854E0,9.786660689E0
4.693059794E0,-1.391031146E0,-9.591172218E0,1.426944256E0,9.796005414E0
4.695058153E0,-1.386242747E0,-9.600749016E0,1.424550056E0,9.804355842E0
4.697057138E0,-1.386242747E0,-9.607931137E0,1.446097851E0,9.814540676E0
4.699055770E0,-1.388636947E0,-9.612719536E0,1.465251446E0,9.822405573E0
4.701055224E0,-1.391031146E0,-9.612719536E0,1.489193439E0,9.826344265E0
4.703054599E0,-1.383848548E0,-9.617507935E0,1.491587639E0,9.830377885E0
4.705053427E0,-1.381454349E0,-9.634267807E0,1.482010841E0,9.844993064E0
4.707052020E0,-1.383848548E0,-9.646238327E0,1.472434044E0,9.855608184E0
4.709049872E0,-1.388636947E0,-9.651026726E0,1.482010841E0,9.862402626E0
4.711048427E0,-1.388636947E0,-9.653421402E0,1.489193439E0,9.865827610E0
4.713047177E0,-1.383848548E0,-9.660603523E0,1.491587639E0,9.872544298E0
4.715045888E0,-1.388636947E0,-9.665391922E0,1.491587639E0,9.877901967E0
4.717044169E0,-1.388636947E0,-9.679757118E0,1.498770237E0,9.893044155E0
4.719041903E0,-1.393425345E0,-9.677363396E0,1.503558636E0,9.892102156E0
4.721040927E0,-1.393425345E0,-9.665391922E0,1.505952835E0,9.880755494E0
4.723039481E0,-1.398213744E0,-9.653421402E0,1.508347034E0,9.870089018E0
4.725037763E0,-1.407790542E0,-9.641449928E0,1.508347034E0,9.859743491E0
4.727035966E0,-1.410184860E0,-9.643844604E0,1.505952835E0,9.862061348E0
4.729034560E0,-1.407790542E0,-9.643844604E0,1.479616642E0,9.857731908E0
4.731034052E0,-1.398213744E0,-9.653421402E0,1.465251446E0,9.863595097E0
4.733033310E0,-1.393425345E0,-9.651026726E0,1.458068848E0,9.859508904E0
4.735032255E0,-1.383848548E0,-9.653421402E0,1.465251446E0,9.861569011E0
4.737032060E0,-1.371877551E0,-9.658209801E0,1.472434044E0,9.865653885E0
4.739031474E0,-1.359906554E0,-9.667786598E0,1.462857246E0,9.871949902E0
4.741029755E0,-1.364694953E0,-9.677363396E0,1.448492050E0,9.879872662E0
4.743028661E0,-1.367089152E0,-9.679757118E0,1.443703651E0,9.881847542E0
4.745027724E0,-1.364694953E0,-9.665391922E0,1.455674648E0,9.869203717E0
4.747026278E0,-1.364694953E0,-9.670180321E0,1.453280449E0,9.873540592E0
4.749024560E0,-1.379060149E0,-9.662998199E0,1.455674648E0,9.868856559E0
4.751024560E0,-1.381454349E0,-9.653421402E0,1.453280449E0,9.859461696E0
4.753022958E0,-1.369483352E0,-9.648633003E0,1.460463047E0,9.854164388E0
4.755021708E0,-1.369483352E0,-9.641449928E0,1.470039845E0,9.848556164E0
4.757019520E0,-1.371877551E0,-9.627084732E0,1.455674648E0,9.832690229E0
4.759017724E0,-1.376665950E0,-9.624691010E0,1.460463047E0,9.831726119E0
4.761017138E0,-1.383848548E0,-9.617507935E0,1.465251446E0,9.826416309E0
4.763015575E0,-1.391031146E0,-9.612719536E0,1.477222443E0,9.824537173E0
4.765013895E0,-1.398213744E0,-9.593565941E0,1.479616642E0,9.807179745E0
4.767012802E0,-1.407790542E0,-9.588777542E0,1.479616642E0,9.803866297E0
4.769011395E0,-1.414973259E0,-9.574412346E0,1.470039845E0,9.789409494E0
4.771010263E0,-1.412579060E0,-9.569623947E0,1.472434044E0,9.784740370E0
4.773008856E0,-1.412579060E0,-9.572018623E0,1.472434044E0,9.787082412E0
4.775008935E0,-1.403002143E0,-9.576807022E0,1.455674648E0,9.787882122E0
4.777009560E0,-1.403002143E0,-9.579200745E0,1.443703651E0,9.788451469E0
4.779009325E0,-1.410184860E0,-9.574412346E0,1.431732655E0,9.783038971E0
4.781008935E0,-1.400607944E0,-9.567230225E0,1.434126854E0,9.774984226E0
4.783008505E0,-1.400607944E0,-9.574412346E0,1.434126854E0,9.782013812E0
4.785008231E0,-1.403002143E0,-9.586383820E0,1.410184860E0,9.790597075E0
4.787007099E0,-1.400607944E0,-9.583989143E0,1.412579060E0,9.788254702E0
4.789006786E0,-1.395819545E0,-9.583989143E0,1.405396342E0,9.786536618E0
4.791006278E0,-1.403002143E0,-9.588777542E0,1.412579060E0,9.793285933E0
4.793005106E0,-1.403002143E0,-9.605537415E0,1.405396342E0,9.808664686E0
4.795004403E0,-1.405396342E0,-9.605537415E0,1.412579060E0,9.810039118E0
4.797003778E0,-1.403002143E0,-9.612719536E0,1.422155857E0,9.818111792E0
4.799002645E0,-1.395819545E0,-9.617507935E0,1.429338455E0,9.822819325E0
4.801002177E0,-1.391031146E0,-9.641449928E0,1.434126854E0,9.846280729E0
4.803001513E0,-1.386242747E0,-9.662998199E0,1.450886250E0,9.869157718E0
4.805000575E0,-1.371877551E0,-9.672574997E0,1.455674648E0,9.877233609E0
4.806999716E0,-1.347935557E0,-9.686940193E0,1.462857246E0,9.889069314E0
4.808998427E0,-1.345541358E0,-9.698910713E0,1.474828243E0,9.902245650E0
4.810997020E0,-1.350329757E0,-9.703699112E0,1.484405041E0,9.909017370E0
4.812996239E0,-1.352723956E0,-9.701305389E0,1.474828243E0,9.905569479E0
4.814995458E0,-1.355118155E0,-9.691728592E0,1.458068848E0,9.894034217E0
4.816994599E0,-1.364694953E0,-9.677363396E0,1.470039845E0,9.883054778E0
4.818993349E0,-1.359906554E0,-9.665391922E0,1.470039845E0,9.870671912E0
4.820992606E0,-1.359906554E0,-9.660603523E0,1.474828243E0,9.866697756E0
4.822991552E0,-1.355118155E0,-9.646238327E0,1.472434044E0,9.851615151E0
4.824989677E0,-1.357512355E0,-9.631873131E0,1.465251446E0,9.836807490E0
4.826988622E0,-1.369483352E0,-9.612719536E0,1.470039845E0,9.820431695E0
4.828988544E0,-1.386242747E0,-9.595960617E0,1.472434044E0,9.806742126E0
4.830987880E0,-1.391031146E0,-9.586383820E0,1.472434044E0,9.798050030E0
4.832986513E0,-1.405396342E0,-9.579200745E0,1.470039845E0,9.792713767E0
4.834986669E0,-1.414973259E0,-9.569623947E0,1.474828243E0,9.785446855E0
4.836985575E0,-1.417367458E0,-9.567230225E0,1.482010841E0,9.784537844E0
4.838983856E0,-1.417367458E0,-9.564835548E0,1.474828243E0,9.781110772E0
4.840982802E0,-1.419761658E0,-9.564835548E0,1.472434044E0,9.781097293E0
4.842981122E0,-1.417367458E0,-9.562441826E0,1.477222443E0,9.779131369E0
4.844980458E0,-1.414973259E0,-9.569623947E0,1.477222443E0,9.785807987E0
4.846979716E0,-1.405396342E0,-9.569623947E0,1.479616642E0,9.784789562E0
4.848978700E0,-1.398213744E0,-9.569623947E0,1.472434044E0,9.782676841E0
4.850977489E0,-1.395819545E0,-9.572018623E0,1.460463047E0,9.782883268E0
4.852977099E0,-1.386242747E0,-9.567230225E0,1.458068848E0,9.776478297E0
4.854976200E0,-1.371877551E0,-9.576807022E0,1.458068848E0,9.783825710E0
4.856974950E0,-1.364694953E0,-9.583989143E0,1.455674648E0,9.789495845E0
4.858974911E0,-1.367089152E0,-9.583989143E0,1.458068848E0,9.790186179E0
4.860974442E0,-1.367089152E0,-9.481039047E0,1.460463047E0,9.689787742E0
4.862974091E0,-1.400607944E0,-9.064447403E0,1.527500629E0,9.298342191E0
4.864973817E0,-1.508347034E0,-8.860940933E0,1.647210717E0,9.138089962E0
4.866973075E0,-1.608903527E0,-9.035717010E0,1.673547029E0,9.329175318E0
4.868972177E0,-1.651999116E0,-9.521739960E0,1.661576033E0,9.805787467E0
4.870971552E0,-1.561019540E0,-9.909601212E0,1.611297727E0,1.016037689E1
4.872970380E0,-1.362300754E0,-1.011310768E1,1.517923832E0,1.031672928E1
4.874969013E0,-1.089361787E0,-1.003649330E1,1.412579060E0,1.019378666E1
4.876968739E0,-9.145850539E-1,-9.828198433E0,1.319205165E0,9.958426207E0
4.878968349E0,-9.002198577E-1,-9.679757118E0,1.283292055E0,9.805862132E0
4.880968310E0,-1.012747288E0,-9.639056206E0,1.288080573E0,9.777331598E0
4.882967606E0,-1.089361787E0,-9.641449928E0,1.300051570E0,9.789504579E0
4.884966708E0,-1.254561663E0,-9.667786598E0,1.340752959E0,9.840611829E0
4.886966864E0,-1.395819545E0,-9.684545517E0,1.367089152E0,9.879659246E0
4.888967333E0,-1.493981838E0,-9.703699112E0,1.359906554E0,9.911765939E0
4.890967294E0,-1.544260144E0,-9.694122314E0,1.362300754E0,9.910429364E0
4.892967216E0,-1.575384736E0,-9.662998199E0,1.369483352E0,9.885891761E0
4.894967411E0,-1.563413739E0,-9.658209801E0,1.371877551E0,9.879642053E0
4.896967294E0,-1.534683347E0,-9.646238327E0,1.379060149E0,9.864429722E0
4.898966239E0,-1.520318031E0,-9.648633003E0,1.388636947E0,9.865890650E0
4.900965536E0,-1.489193439E0,-9.651026726E0,1.407790542E0,9.866199277E0
4.902964950E0,-1.470039845E0,-9.643844604E0,1.434126854E0,9.860095118E0
4.904964794E0,-1.453280449E0,-9.636661530E0,1.493981838E0,9.859475201E0
4.906964052E0,-1.453280449E0,-9.643844604E0,1.529894829E0,9.871997822E0
4.908963388E0,-1.448492050E0,-9.653421402E0,1.561019540E0,9.885517487E0
4.910962216E0,-1.438915253E0,-9.660603523E0,1.582567334E0,9.894556933E0
4.912960692E0,-1.434126854E0,-9.672574997E0,1.594538331E0,9.907470888E0
4.914958739E0,-1.434126854E0,-9.670180321E0,1.596932530E0,9.905518703E0
4.916956825E0,-1.429338455E0,-9.665391922E0,1.608903527E0,9.902089678E0
4.918956044E0,-1.417367458E0,-9.651026726E0,1.618480325E0,9.887908067E0
4.920956122E0,-1.398213744E0,-9.655815125E0,1.601720929E0,9.887126849E0
4.922954872E0,-1.383848548E0,-9.655815125E0,1.596932530E0,9.884330834E0
4.924953466E0,-1.364694953E0,-9.651026726E0,1.599326730E0,9.877375925E0
4.926951942E0,-1.347935557E0,-9.648633003E0,1.575384736E0,9.868884748E0
4.928949755E0,-1.345541358E0,-9.643844604E0,1.556231141E0,9.860835445E0
4.930947567E0,-1.347935557E0,-9.646238327E0,1.544260144E0,9.861621749E0
4.932945927E0,-1.345541358E0,-9.641449928E0,1.532289028E0,9.854742408E0
4.934944208E0,-1.362300754E0,-9.641449928E0,1.503558636E0,9.852619379E0
4.936942606E0,-1.383848548E0,-9.646238327E0,1.479616642E0,9.856683827E0
4.938941161E0,-1.417367458E0,-9.658209801E0,1.465251446E0,9.871013568E0
4.940939833E0,-1.419761658E0,-9.643844604E0,1.455674648E0,9.855884060E0
4.942938739E0,-1.414973259E0,-9.631873131E0,1.426944256E0,9.839273309E0
4.944937255E0,-1.417367458E0,-9.629479408E0,1.417367458E0,9.835890132E0
4.946936005E0,-1.422155857E0,-9.617507935E0,1.407790542E0,9.823485143E0
4.948935458E0,-1.426944256E0,-9.600749016E0,1.383848548E0,9.804365781E0
4.950934599E0,-1.438915253E0,-9.600749016E0,1.371877551E0,9.804433017E0
4.952933270E0,-1.419761658E0,-9.595960617E0,1.379060149E0,9.797958472E0
4.954932138E0,-1.422155857E0,-9.591172218E0,1.398213744E0,9.796331634E0
4.956930770E0,-1.417367458E0,-9.586383820E0,1.403002143E0,9.791634198E0
4.958929677E0,-1.403002143E0,-9.593565941E0,1.424550056E0,9.799707411E0
4.960929247E0,-1.398213744E0,-9.598354340E0,1.431732655E0,9.804757320E0
4.962927880E0,-1.383848548E0,-9.598354340E0,1.446097851E0,9.804827476E0
4.964925653E0,-1.379060149E0,-9.600749016E0,1.458068848E0,9.808269640E0
4.966923739E0,-1.379060149E0,-9.605537415E0,1.491587639E0,9.817993156E0
4.968922294E0,-1.367089152E0,-9.610325813E0,1.498770237E0,9.822097903E0
4.970921395E0,-1.359906554E0,-9.615114212E0,1.503558636E0,9.826517985E0
4.972920575E0,-1.340752959E0,-9.629479408E0,1.508347034E0,9.838678923E0
4.974919325E0,-1.340752959E0,-9.646238327E0,1.517923832E0,9.856552395E0
4.976919052E0,-1.328781962E0,-9.648633003E0,1.522712231E0,9.858013637E0
4.978917880E0,-1.312022567E0,-9.653421402E0,1.522712231E0,9.860456405E0
4.980917450E0,-1.304839969E0,-9.662998199E0,1.510741234E0,9.867040115E0
4.982917099E0,-1.290474772E0,-9.660603523E0,1.503558636E0,9.861707466E0
4.984916435E0,-1.271321058E0,-9.662998199E0,1.505952835E0,9.861931118E0
4.986916591E0,-1.268926859E0,-9.672574997E0,1.501164436E0,9.870277459E0
4.988916122E0,-1.278503656E0,-9.660603523E0,1.498770237E0,9.859419063E0
4.990914833E0,-1.292868972E0,-9.655815125E0,1.486799240E0,9.854788069E0
4.992913075E0,-1.297657371E0,-9.643844604E0,1.484405041E0,9.843328285E0
4.994911591E0,-1.316810966E0,-9.634267807E0,1.479616642E0,9.835770062E0
4.996910067E0,-1.331176162E0,-9.631873131E0,1.479616642E0,9.835358427E0
4.998908075E0,-1.345541358E0,-9.622296333E0,1.470039845E0,9.826499143E0
5.000906552E0,-1.355118155E0,-9.605537415E0,1.474828243E0,9.812125793E0
5.002906122E0,-1.379060149E0,-9.595960617E0,1.470039845E0,9.805370172E0
5.004905067E0,-1.391031146E0,-9.588777542E0,1.472434044E0,9.800392054E0
5.006902997E0,-1.395819545E0,-9.572018623E0,1.460463047E0,9.782883268E0
5.008901005E0,-1.403002143E0,-9.569623947E0,1.453280449E0,9.780498022E0
5.010898739E0,-1.438915253E0,-9.576807022E0,1.472434044E0,9.795599617E0
5.012896083E0,-1.450886250E0,-9.586383820E0,1.470039845E0,9.806367461E0
5.014894130E0,-1.462857246E0,-9.579200745E0,1.489193439E0,9.804016286E0
5.016892099E0,-1.450886250E0,-9.574412346E0,1.493981838E0,9.798286810E0
5.018891122E0,-1.453280449E0,-9.581595421E0,1.484405041E0,9.804205893E0
5.020889091E0,-1.462857246E0,-9.593565941E0,1.496376038E0,9.819144567E0
5.022887919E0,-1.460463047E0,-9.593565941E0,1.496376038E0,9.818788164E0
5.024886044E0,-1.458068848E0,-9.600749016E0,1.508347034E0,9.827281272E0
5.026884755E0,-1.470039845E0,-9.603142738E0,1.520318031E0,9.833246387E0
5.028882958E0,-1.472434044E0,-9.600749016E0,1.525106430E0,9.832008610E0
5.030881435E0,-1.460463047E0,-9.607931137E0,1.522712231E0,9.836866655E0
5.032879286E0,-1.443703651E0,-9.612719536E0,1.515529633E0,9.837961536E0
5.034877489E0,-1.424550056E0,-9.610325813E0,1.522712231E0,9.833939070E0
5.036876317E0,-1.400607944E0,-9.617507935E0,1.513135433E0,9.836042920E0
5.038874599E0,-1.395819545E0,-9.617507935E0,1.508347034E0,9.834626676E0
5.040873231E0,-1.383848548E0,-9.636661530E0,1.501164436E0,9.850572415E0
5.042872802E0,-1.381454349E0,-9.627084732E0,1.501164436E0,9.840867402E0
5.044871903E0,-1.379060149E0,-9.629479408E0,1.496376038E0,9.842145184E0
5.046871630E0,-1.388636947E0,-9.636661530E0,1.489193439E0,9.849429177E0
5.048871591E0,-1.388636947E0,-9.641449928E0,1.491587639E0,9.854476291E0
5.050871200E0,-1.388636947E0,-9.651026726E0,1.479616642E0,9.862043137E0
5.052870302E0,-1.393425345E0,-9.643844604E0,1.470039845E0,9.854257460E0
5.054868505E0,-1.395819545E0,-9.643844604E0,1.462857246E0,9.853527403E0
5.056867216E0,-1.405396342E0,-9.639056206E0,1.446097851E0,9.847727779E0
5.058865106E0,-1.407790542E0,-9.636661530E0,1.441309452E0,9.845023747E0
5.060863427E0,-1.412579060E0,-9.612719536E0,1.426944256E0,9.820179549E0
5.062861278E0,-1.419761658E0,-9.595960617E0,1.417367458E0,9.803423578E0
5.064858114E0,-1.429338455E0,-9.595960617E0,1.422155857E0,9.805508445E0
5.066855692E0,-1.431732655E0,-9.572018623E0,1.417367458E0,9.781734480E0
5.068852997E0,-1.438915253E0,-9.569623947E0,1.424550056E0,9.781488765E0
5.070850770E0,-1.441309452E0,-9.569623947E0,1.426944256E0,9.782190212E0
5.072848974E0,-1.436521053E0,-9.569623947E0,1.431732655E0,9.782185524E0
5.074846864E0,-1.446097851E0,-9.583989143E0,1.441309452E0,9.799051986E0
5.076844560E0,-1.448492050E0,-9.579200745E0,1.453280449E0,9.796491218E0
5.078841630E0,-1.446097851E0,-9.574412346E0,1.479616642E0,9.795398724E0
5.080839130E0,-1.436521053E0,-9.572018623E0,1.484405041E0,9.792374155E0
5.082837333E0,-1.436521053E0,-9.581595421E0,1.489193439E0,9.802461969E0
5.084834950E0,-1.426944256E0,-9.583989143E0,1.491587639E0,9.803767209E0
5.086832645E0,-1.422155857E0,-9.586383820E0,1.508347034E0,9.807975978E0
5.088830380E0,-1.419761658E0,-9.588777542E0,1.517923832E0,9.811445901E0
5.090827997E0,-1.424550056E0,-9.586383820E0,1.527500629E0,9.811287162E0
5.092824872E0,-1.414973259E0,-9.591172218E0,1.534683347E0,9.815701036E0
5.094822841E0,-1.426944256E0,-9.598354340E0,1.539471745E0,9.825199702E0
5.096820145E0,-1.434126854E0,-9.600749016E0,1.522712231E0,9.825973440E0
5.098817333E0,-1.426944256E0,-9.603142738E0,1.515529633E0,9.826156442E0
5.100815145E0,-1.424550056E0,-9.603142738E0,1.513135433E0,9.825440049E0
5.102812802E0,-1.422155857E0,-9.605537415E0,1.491587639E0,9.824139147E0
5.104810458E0,-1.422155857E0,-9.612719536E0,1.508347034E0,9.833718266E0
5.106807880E0,-1.426944256E0,-9.619902611E0,1.503558636E0,9.840700418E0
5.108806200E0,-1.426944256E0,-9.624691010E0,1.489193439E0,9.843197856E0
5.110804794E0,-1.436521053E0,-9.634267807E0,1.482010841E0,9.852870904E0
5.112802958E0,-1.436521053E0,-9.643844604E0,1.467645645E0,9.860086979E0
5.114801200E0,-1.438915253E0,-9.653421402E0,1.460463047E0,9.868737213E0
5.116798817E0,-1.436521053E0,-9.651026726E0,1.467645645E0,9.867111702E0
5.118796044E0,-1.434126854E0,-9.658209801E0,1.458068848E0,9.872370594E0
5.120792880E0,-1.441309452E0,-9.655815125E0,1.455674648E0,9.870720710E0
5.122790028E0,-1.441309452E0,-9.660603523E0,1.455674648E0,9.875404906E0
5.124786552E0,-1.429338455E0,-9.662998199E0,1.455674648E0,9.876007863E0
5.126784013E0,-1.419761658E0,-9.662998199E0,1.462857246E0,9.875687758E0
5.128781356E0,-1.419761658E0,-9.658209801E0,1.455674648E0,9.869940648E0
5.130779130E0,-1.424550056E0,-9.653421402E0,1.467645645E0,9.867718651E0
5.132776708E0,-1.424550056E0,-9.653421402E0,1.474828243E0,9.868789489E0
5.134774364E0,-1.414973259E0,-9.653421402E0,1.498770237E0,9.871018504E0
5.136771864E0,-1.388636947E0,-9.655815125E0,1.501164436E0,9.869983432E0
5.138770966E0,-1.376665950E0,-9.662998199E0,1.491587639E0,9.873883584E0
5.140770302E0,-1.367089152E0,-9.658209801E0,1.484405041E0,9.866783044E0
5.142768622E0,-1.350329757E0,-9.648633003E0,1.501164436E0,9.857636834E0
5.144766513E0,-1.338358760E0,-9.658209801E0,1.498770237E0,9.865015608E0
5.146764130E0,-1.333570361E0,-9.655815125E0,1.501164436E0,9.862386643E0
5.148762294E0,-1.323993564E0,-9.651026726E0,1.493981838E0,9.855316208E0
5.150761122E0,-1.338358760E0,-9.646238327E0,1.501164436E0,9.853659863E0
5.152760575E0,-1.345541358E0,-9.631873131E0,1.491587639E0,9.839120654E0
5.154758935E0,-1.347935557E0,-9.636661530E0,1.489193439E0,9.843773301E0
5.156756942E0,-1.345541358E0,-9.646238327E0,1.477222443E0,9.851019315E0
5.158755341E0,-1.340752959E0,-9.648633003E0,1.477222443E0,9.852711478E0
5.160753935E0,-1.338358760E0,-9.636661530E0,1.472434044E0,9.839944696E0
5.162752450E0,-1.335964561E0,-9.634267807E0,1.472434044E0,9.837275004E0
5.164751317E0,-1.333570361E0,-9.636661530E0,1.479616642E0,9.840371982E0
5.166750575E0,-1.319205165E0,-9.627084732E0,1.470039845E0,9.827618219E0
5.168749364E0,-1.321599364E0,-9.636661530E0,1.474828243E0,9.838037846E0
5.170747606E0,-1.326387763E0,-9.631873131E0,1.479616642E0,9.834711481E0
5.172746395E0,-1.323993564E0,-9.629479408E0,1.470039845E0,9.830607803E0
5.174745067E0,-1.338358760E0,-9.622296333E0,1.479616642E0,9.826955597E0
5.176745419E0,-1.343147159E0,-9.612719536E0,1.472434044E0,9.817152498E0
5.178744716E0,-1.347935557E0,-9.612719536E0,1.472434044E0,9.817808776E0
5.180743817E0,-1.350329757E0,-9.610325813E0,1.470039845E0,9.815435285E0
5.182743778E0,-1.350329757E0,-9.610325813E0,1.472434044E0,9.815794145E0
5.184743661E0,-1.345541358E0,-9.600749016E0,1.458068848E0,9.803613006E0
5.186742958E0,-1.319205165E0,-9.617507935E0,1.467645645E0,9.817878838E0
5.188741083E0,-1.307234168E0,-9.631873131E0,1.467645645E0,9.830352228E0
5.190739442E0,-1.319205165E0,-9.619902611E0,1.470039845E0,9.820582755E0
5.192738075E0,-1.340752959E0,-9.598354340E0,1.465251446E0,9.801682831E0
5.194736552E0,-1.347935557E0,-9.593565941E0,1.450886250E0,9.795841395E0
5.196734833E0,-1.357512355E0,-9.595960617E0,1.443703651E0,9.798447846E0
5.198733349E0,-1.367089152E0,-9.603142738E0,1.436521053E0,9.805757285E0
5.200731903E0,-1.369483352E0,-9.610325813E0,1.419761658E0,9.810686523E0
5.202730380E0,-1.379060149E0,-9.617507935E0,1.395819545E0,9.815629270E0
5.204730185E0,-1.381454349E0,-9.627084732E0,1.398213744E0,9.825689708E0
5.206729052E0,-1.393425345E0,-9.622296333E0,1.391031146E0,9.821669337E0
5.208727372E0,-1.417367458E0,-9.617507935E0,1.395819545E0,9.821084542E0
5.210727099E0,-1.426944256E0,-9.622296333E0,1.398213744E0,9.827500105E0
5.212725966E0,-1.436521053E0,-9.619902611E0,1.419761658E0,9.829640998E0
5.214725458E0,-1.431732655E0,-9.627084732E0,1.426944256E0,9.837011169E0
5.216725536E0,-1.436521053E0,-9.629479408E0,1.434126854E0,9.841096801E0
5.218725224E0,-1.436521053E0,-9.629479408E0,1.448492050E0,9.843200477E0
5.220724911E0,-1.431732655E0,-9.627084732E0,1.455674648E0,9.841219818E0
5.222725145E0,-1.422155857E0,-9.622296333E0,1.446097851E0,9.833733421E0
5.224724325E0,-1.422155857E0,-9.619902611E0,1.465251446E0,9.834226727E0
5.226724638E0,-1.436521053E0,-9.610325813E0,1.489193439E0,9.830546886E0
5.228723935E0,-1.446097851E0,-9.593565941E0,1.508347034E0,9.818493634E0
5.230722567E0,-1.450886250E0,-9.586383820E0,1.532289028E0,9.815891977E0
5.232721395E0,-1.448492050E0,-9.593565941E0,1.558625340E0,9.826695764E0
5.234719638E0,-1.450886250E0,-9.595960617E0,1.556231141E0,9.829007398E0
5.236718153E0,-1.453280449E0,-9.593565941E0,1.558625340E0,9.827402733E0
5.238715927E0,-1.446097851E0,-9.583989143E0,1.561019540E0,9.817373829E0
5.240714247E0,-1.446097851E0,-9.576807022E0,1.568202138E0,9.811508023E0
5.242713114E0,-1.455674648E0,-9.579200745E0,1.568202138E0,9.815260238E0
5.244712060E0,-1.474828243E0,-9.579200745E0,1.558625340E0,9.816594023E0
5.246711317E0,-1.482010841E0,-9.572018623E0,1.565807939E0,9.811811818E0
5.248710380E0,-1.489193439E0,-9.569623947E0,1.570596337E0,9.811328781E0
5.250710224E0,-1.489193439E0,-9.569623947E0,1.553836942E0,9.808659890E0
5.252710067E0,-1.491587639E0,-9.569623947E0,1.563413739E0,9.810545280E0
5.254709442E0,-1.496376038E0,-9.557653427E0,1.556231141E0,9.798455779E0
5.256708856E0,-1.491587639E0,-9.557653427E0,1.551442742E0,9.796966229E0
5.258708075E0,-1.484405041E0,-9.540893555E0,1.541865945E0,9.778008935E0
5.260706864E0,-1.474828243E0,-9.538499832E0,1.527500629E0,9.771967845E0
5.262706122E0,-1.470039845E0,-9.533711433E0,1.534683347E0,9.767697979E0
5.264705224E0,-1.453280449E0,-9.550470352E0,1.541865945E0,9.782681565E0
5.266704325E0,-1.441309452E0,-9.548076630E0,1.537077546E0,9.777819166E0
5.268703895E0,-1.424550056E0,-9.557653427E0,1.534683347E0,9.784341310E0
5.270703349E0,-1.417367458E0,-9.555258751E0,1.534683347E0,9.780958710E0
5.272702138E0,-1.414973259E0,-9.564835548E0,1.532289028E0,9.789593355E0
5.274701083E0,-1.405396342E0,-9.576807022E0,1.513135433E0,9.796935769E0
5.276699481E0,-1.393425345E0,-9.588777542E0,1.527500629E0,9.809156290E0
5.278698544E0,-1.393425345E0,-9.591172218E0,1.525106430E0,9.811124723E0
5.280697567E0,-1.391031146E0,-9.593565941E0,1.522712231E0,9.812753316E0
5.282696083E0,-1.393425345E0,-9.600749016E0,1.527500629E0,9.820859129E0
5.284694677E0,-1.376665950E0,-9.612719536E0,1.529894829E0,9.830572933E0
5.286693739E0,-1.381454349E0,-9.610325813E0,1.517923832E0,9.827047935E0
5.288691747E0,-1.381454349E0,-9.605537415E0,1.520318031E0,9.822735467E0
5.290689716E0,-1.381454349E0,-9.605537415E0,1.505952835E0,9.820522343E0
5.292688075E0,-1.391031146E0,-9.610325813E0,1.482010841E0,9.822916370E0
5.294686161E0,-1.391031146E0,-9.605537415E0,1.479616642E0,9.817870547E0
5.296685067E0,-1.386242747E0,-9.607931137E0,1.465251446E0,9.817381091E0
5.298682216E0,-1.383848548E0,-9.603142738E0,1.455674648E0,9.810931451E0
5.300680380E0,-1.379060149E0,-9.598354340E0,1.470039845E0,9.807712785E0
5.302678075E0,-1.379060149E0,-9.586383820E0,1.474828243E0,9.796717817E0
5.304675966E0,-1.379060149E0,-9.586383820E0,1.467645645E0,9.795639100E0
5.306673192E0,-1.371877551E0,-9.591172218E0,1.470039845E0,9.799675999E0
5.308670692E0,-1.364694953E0,-9.595960617E0,1.479616642E0,9.804800757E0
5.310668700E0,-1.364694953E0,-9.600749016E0,1.489193439E0,9.810936300E0
5.312665888E0,-1.367089152E0,-9.598354340E0,1.484405041E0,9.808200503E0
5.314664442E0,-1.357512355E0,-9.617507935E0,1.477222443E0,9.824534839E0
5.316662372E0,-1.345541358E0,-9.627084732E0,1.486799240E0,9.833708048E0
5.318660927E0,-1.345541358E0,-9.627084732E0,1.489193439E0,9.834070321E0
5.320659716E0,-1.345541358E0,-9.619902611E0,1.474828243E0,9.824872830E0
5.322658427E0,-1.350329757E0,-9.634267807E0,1.479616642E0,9.840313615E0
5.324657333E0,-1.347935557E0,-9.646238327E0,1.489193439E0,9.853148798E0
5.326655849E0,-1.352723956E0,-9.651026726E0,1.477222443E0,9.856691387E0
5.328655224E0,-1.347935557E0,-9.658209801E0,1.474828243E0,9.862710843E0
5.330653895E0,-1.350329757E0,-9.662998199E0,1.465251446E0,9.866300545E0
5.332652763E0,-1.369483352E0,-9.658209801E0,1.458068848E0,9.863187414E0
5.334652099E0,-1.376665950E0,-9.658209801E0,1.460463047E0,9.864541449E0
5.336650927E0,-1.388636947E0,-9.646238327E0,1.455674648E0,9.853791915E0
5.338650614E0,-1.379060149E0,-9.651026726E0,1.450886250E0,9.856429103E0
5.340649677E0,-1.381454349E0,-9.658209801E0,1.443703651E0,9.862743680E0
5.342649013E0,-1.386242747E0,-9.665391922E0,1.453280449E0,9.871853627E0
5.344649247E0,-1.388636947E0,-9.658209801E0,1.453280449E0,9.865158549E0
5.346649052E0,-1.398213744E0,-9.646238327E0,1.458068848E0,9.855500003E0
5.348647528E0,-1.400607944E0,-9.651026726E0,1.458068848E0,9.860526570E0
5.350645770E0,-1.405396342E0,-9.648633003E0,1.460463047E0,9.859219544E0
5.352644169E0,-1.419761658E0,-9.641449928E0,1.458068848E0,9.853894897E0
5.354642958E0,-1.417367458E0,-9.639056206E0,1.479616642E0,9.854420351E0
5.356641591E0,-1.414973259E0,-9.636661530E0,1.491587639E0,9.853538879E0
5.358641239E0,-1.410184860E0,-9.624691010E0,1.503558636E0,9.842966369E0
5.360640575E0,-1.414973259E0,-9.615114212E0,1.520318031E0,9.836866246E0
5.362638778E0,-1.403002143E0,-9.598354340E0,1.525106430E0,9.819509696E0
5.364636942E0,-1.400607944E0,-9.600749016E0,1.534683347E0,9.823000420E0
5.366635341E0,-1.400607944E0,-9.603142738E0,1.539471745E0,9.826089065E0
5.368635028E0,-1.414973259E0,-9.595960617E0,1.551442742E0,9.823012983E0
5.370633895E0,-1.414973259E0,-9.588777542E0,1.563413739E0,9.817895222E0
5.372632255E0,-1.414973259E0,-9.591172218E0,1.584961534E0,9.823687541E0
5.374630653E0,-1.417367458E0,-9.600749016E0,1.587355733E0,9.833768881E0
5.376629130E0,-1.419761658E0,-9.593565941E0,1.592144132E0,9.827876351E0
5.378627567E0,-1.436521053E0,-9.581595421E0,1.589749932E0,9.818241614E0
5.380626278E0,-1.436521053E0,-9.579200745E0,1.587355733E0,9.815517198E0
5.382625067E0,-1.438915253E0,-9.581595421E0,1.599326730E0,9.820147346E0
5.384623895E0,-1.434126854E0,-9.583989143E0,1.606509328E0,9.822954747E0
5.386623466E0,-1.436521053E0,-9.581595421E0,1.618480325E0,9.822934496E0
5.388623231E0,-1.441309452E0,-9.581595421E0,1.618480325E0,9.823635901E0
5.390622255E0,-1.446097851E0,-9.586383820E0,1.606509328E0,9.827045637E0
5.392620849E0,-1.446097851E0,-9.588777542E0,1.601720929E0,9.828599274E0
5.394619677E0,-1.458068848E0,-9.583989143E0,1.599326730E0,9.825307051E0
5.396618739E0,-1.458068848E0,-9.581595421E0,1.596932530E0,9.822582607E0
5.398617841E0,-1.465251446E0,-9.576807022E0,1.575384736E0,9.815499560E0
5.400617138E0,-1.470039845E0,-9.579200745E0,1.563413739E0,9.816637233E0
5.402615224E0,-1.453280449E0,-9.591172218E0,1.529894829E0,9.820549209E0
5.404613505E0,-1.450886250E0,-9.588777542E0,1.505952835E0,9.814154044E0
5.406612880E0,-1.436521053E0,-9.600749016E0,1.498770237E0,9.822641530E0
5.408611395E0,-1.443703651E0,-9.617507935E0,1.479616642E0,9.837174620E0
5.410610888E0,-1.436521053E0,-9.624691010E0,1.484405041E0,9.843867537E0
5.412609833E0,-1.426944256E0,-9.631873131E0,1.482010841E0,9.849137325E0
5.414608544E0,-1.424550056E0,-9.643844604E0,1.472434044E0,9.859064034E0
5.416607685E0,-1.414973259E0,-9.631873131E0,1.477222443E0,9.846690585E0
5.418607020E0,-1.410184860E0,-9.627084732E0,1.470039845E0,9.840243845E0
5.420606591E0,-1.400607944E0,-9.634267807E0,1.472434044E0,9.846262276E0
5.422606474E0,-1.386242747E0,-9.639056206E0,1.467645645E0,9.848200710E0
5.424605302E0,-1.381454349E0,-9.634267807E0,1.453280449E0,9.840709139E0
5.426604052E0,-1.379060149E0,-9.629479408E0,1.453280449E0,9.835685265E0
5.428603427E0,-1.379060149E0,-9.634267807E0,1.458068848E0,9.841081640E0
5.430602060E0,-1.383848548E0,-9.636661530E0,1.465251446E0,9.845163485E0
5.432602060E0,-1.388636947E0,-9.631873131E0,1.460463047E0,9.840439263E0
5.434601864E0,-1.403002143E0,-9.607931137E0,1.474828243E0,9.821195146E0
5.436601161E0,-1.405396342E0,-9.591172218E0,1.479616642E0,9.805865021E0
5.438600653E0,-1.407790542E0,-9.574412346E0,1.479616642E0,9.789816719E0
5.440599013E0,-1.419761658E0,-9.564835548E0,1.486799240E0,9.783270119E0
5.442598349E0,-1.426944256E0,-9.555258751E0,1.510741234E0,9.778623563E0
5.444598192E0,-1.431732655E0,-9.548076630E0,1.513135433E0,9.772676428E0
5.446598349E0,-1.438915253E0,-9.543288231E0,1.520318031E0,9.770168590E0
5.448598231E0,-1.438915253E0,-9.552865028E0,1.510741234E0,9.778038987E0
5.450598935E0,-1.436521053E0,-9.560047150E0,1.510741234E0,9.784704048E0
5.452598388E0,-1.441309452E0,-9.560047150E0,1.532289028E0,9.788758047E0
5.454597880E0,-1.443703651E0,-9.569623947E0,1.532289028E0,9.798463777E0
5.456596747E0,-1.436521053E0,-9.576807022E0,1.544260144E0,9.806302304E0
5.458595614E0,-1.429338455E0,-9.591172218E0,1.549048543E0,9.820037899E0
5.460593622E0,-1.429338455E0,-9.595960617E0,1.551442742E0,9.825092527E0
5.462592020E0,-1.436521053E0,-9.586383820E0,1.568202138E0,9.819450362E0
5.464590575E0,-1.438915253E0,-9.593565941E0,1.565807939E0,9.826430637E0
5.466589989E0,-1.448492050E0,-9.600749016E0,1.553836942E0,9.832950733E0
5.468589950E0,-1.450886250E0,-9.600749016E0,1.558625340E0,9.834061497E0
5.470589325E0,-1.446097851E0,-9.610325813E0,1.577778935E0,9.845757848E0
5.472588661E0,-1.455674648E0,-9.605537415E0,1.580173135E0,9.842879906E0
5.474587685E0,-1.450886250E0,-9.603142738E0,1.568202138E0,9.837920477E0
5.476586395E0,-1.448492050E0,-9.612719536E0,1.558625340E0,9.845395830E0
5.478585145E0,-1.441309452E0,-9.624691010E0,1.570596337E0,9.857931975E0
5.480583778E0,-1.441309452E0,-9.624691010E0,1.570596337E0,9.857931975E0
5.482583505E0,-1.436521053E0,-9.629479408E0,1.568202138E0,9.861527486E0
5.484582645E0,-1.434126854E0,-9.639056206E0,1.589749932E0,9.873977376E0
5.486582138E0,-1.438915253E0,-9.639056206E0,1.594538331E0,9.875446022E0
5.488580731E0,-1.438915253E0,-9.646238327E0,1.587355733E0,9.881299975E0
5.490577763E0,-1.443703651E0,-9.646238327E0,1.589749932E0,9.882383262E0
5.492575341E0,-1.448492050E0,-9.636661530E0,1.596932530E0,9.874895856E0
5.494573270E0,-1.458068848E0,-9.622296333E0,1.594538331E0,9.861901641E0
5.496571356E0,-1.467645645E0,-9.619902611E0,1.575384736E0,9.857907843E0
5.498569520E0,-1.465251446E0,-9.619902611E0,1.553836942E0,9.854130975E0
5.500567255E0,-1.453280449E0,-9.619902611E0,1.546654344E0,9.851227840E0
5.502564911E0,-1.443703651E0,-9.607931137E0,1.529894829E0,9.835507061E0
5.504563270E0,-1.429338455E0,-9.605537415E0,1.532289028E0,9.831442779E0
5.506561786E0,-1.422155857E0,-9.605537415E0,1.534683347E0,9.830774602E0
5.508561278E0,-1.419761658E0,-9.607931137E0,1.532289028E0,9.832394091E0
5.510560536E0,-1.422155857E0,-9.600749016E0,1.522712231E0,9.824233379E0
5.512559716E0,-1.426944256E0,-9.588777542E0,1.515529633E0,9.812117749E0
5.514557919E0,-1.422155857E0,-9.576807022E0,1.503558636E0,9.797879801E0
5.516556356E0,-1.419761658E0,-9.569623947E0,1.508347034E0,9.791247951E0
5.518553739E0,-1.412579060E0,-9.567230225E0,1.501164436E0,9.786764963E0
5.520551239E0,-1.398213744E0,-9.579200745E0,1.489193439E0,9.794579403E0
5.522550302E0,-1.386242747E0,-9.581595421E0,1.491587639E0,9.795584385E0
5.524548583E0,-1.381454349E0,-9.595960617E0,1.484405041E0,9.807871054E0
5.526547216E0,-1.383848548E0,-9.603142738E0,1.484405041E0,9.815235381E0
5.528546005E0,-1.386242747E0,-9.600749016E0,1.493981838E0,9.814684526E0
5.530545224E0,-1.379060149E0,-9.603142738E0,1.491587639E0,9.815650311E0
5.532544677E0,-1.388636947E0,-9.607931137E0,1.489193439E0,9.821321215E0
5.534544520E0,-1.383848548E0,-9.603142738E0,1.493981838E0,9.816688290E0
5.536544364E0,-1.381454349E0,-9.600749016E0,1.493981838E0,9.814009350E0
5.538543935E0,-1.374271750E0,-9.615114212E0,1.486799240E0,9.825966422E0
5.540543505E0,-1.386242747E0,-9.619902611E0,1.472434044E0,9.830170762E0
5.542543935E0,-1.400607944E0,-9.619902611E0,1.467645645E0,9.831490863E0
5.544544052E0,-1.405396342E0,-9.622296333E0,1.462857246E0,9.833802770E0
5.546544247E0,-1.403002143E0,-9.612719536E0,1.462857246E0,9.824089943E0
5.548543778E0,-1.405396342E0,-9.605537415E0,1.467645645E0,9.818119557E0
5.550542685E0,-1.405396342E0,-9.603142738E0,1.465251446E0,9.815419050E0
5.552541864E0,-1.407790542E0,-9.595960617E0,1.470039845E0,9.809452152E0
5.554540302E0,-1.426944256E0,-9.583989143E0,1.465251446E0,9.799794876E0
5.556539325E0,-1.441309452E0,-9.572018623E0,1.489193439E0,9.793804703E0
5.558538935E0,-1.450886250E0,-9.560047150E0,1.496376038E0,9.784616173E0
5.560538192E0,-1.450886250E0,-9.560047150E0,1.496376038E0,9.784616173E0
5.562536981E0,-1.453280449E0,-9.569623947E0,1.501164436E0,9.795061062E0
5.564536435E0,-1.458068848E0,-9.560047150E0,1.501164436E0,9.786417165E0
5.566535966E0,-1.446097851E0,-9.560047150E0,1.508347034E0,9.785745310E0
5.568536044E0,-1.438915253E0,-9.564835548E0,1.508347034E0,9.789364992E0
5.570535536E0,-1.424550056E0,-9.583989143E0,1.508347034E0,9.805982946E0
5.572534403E0,-1.403002143E0,-9.598354340E0,1.517923832E0,9.818396702E0
5.574532724E0,-1.383848548E0,-9.605537415E0,1.525106430E0,9.823814710E0
5.576531474E0,-1.359906554E0,-9.619902611E0,1.513135433E0,9.832672623E0
5.578530497E0,-1.352723956E0,-9.624691010E0,1.508347034E0,9.835631648E0
5.580529794E0,-1.355118155E0,-9.619902611E0,1.489193439E0,9.828355333E0
5.582529403E0,-1.347935557E0,-9.610325813E0,1.498770237E0,9.819450327E0
5.584529520E0,-1.343147159E0,-9.600749016E0,1.496376038E0,9.809055367E0
5.586528778E0,-1.343147159E0,-9.603142738E0,1.489193439E0,9.810305390E0
5.588528036E0,-1.352723956E0,-9.612719536E0,1.496376038E0,9.822086348E0
5.590527567E0,-1.357512355E0,-9.598354340E0,1.501164436E0,9.809421007E0
5.592527294E0,-1.381454349E0,-9.593565941E0,1.498770237E0,9.807713077E0
5.594526395E0,-1.412579060E0,-9.598354340E0,1.498770237E0,9.816827280E0
5.596526474E0,-1.426944256E0,-9.591172218E0,1.484405041E0,9.809699932E0
5.598526278E0,-1.436521053E0,-9.583989143E0,1.484405041E0,9.804075630E0
5.600525810E0,-1.441309452E0,-9.583989143E0,1.493981838E0,9.806232843E0
5.602525263E0,-1.446097851E0,-9.574412346E0,1.491587639E0,9.797214117E0
5.604524989E0,-1.438915253E0,-9.579200745E0,1.482010841E0,9.799383661E0
5.606524755E0,-1.438915253E0,-9.586383820E0,1.505952835E0,9.810052282E0
5.608524442E0,-1.429338455E0,-9.603142738E0,1.517923832E0,9.826873950E0
5.610523388E0,-1.417367458E0,-9.612719536E0,1.534683347E0,9.837101217E0
5.612522685E0,-1.414973259E0,-9.615114212E0,1.553836942E0,9.842102411E0
5.614522802E0,-1.414973259E0,-9.634267807E0,1.546654344E0,9.859685855E0
5.616523505E0,-1.419761658E0,-9.634267807E0,1.551442742E0,9.861126402E0
5.618522958E0,-1.441309452E0,-9.631873131E0,1.561019540E0,9.863424099E0
5.620522411E0,-1.441309452E0,-9.629479408E0,1.568202138E0,9.862226146E0
5.622521825E0,-1.453280449E0,-9.627084732E0,1.570596337E0,9.862026027E0
5.624519599E0,-1.467645645E0,-9.619902611E0,1.577778935E0,9.858290742E0
5.626518192E0,-1.474828243E0,-9.610325813E0,1.584961534E0,9.851171689E0
5.628516903E0,-1.479616642E0,-9.595960617E0,1.570596337E0,9.835573111E0
5.630515966E0,-1.486799240E0,-9.588777542E0,1.575384736E0,9.830415240E0
5.632515106E0,-1.482010841E0,-9.579200745E0,1.570596337E0,9.819583285E0
5.634513622E0,-1.465251446E0,-9.579200745E0,1.570596337E0,9.817067870E0
5.636512567E0,-1.450886250E0,-9.586383820E0,1.572990537E0,9.822327874E0
5.638511317E0,-1.438915253E0,-9.586383820E0,1.561019540E0,9.818656417E0
5.640509481E0,-1.414973259E0,-9.588777542E0,1.546654344E0,9.815240381E0
5.642507060E0,-1.405396342E0,-9.581595421E0,1.537077546E0,9.805341252E0
5.644504950E0,-1.400607944E0,-9.586383820E0,1.532289028E0,9.808586392E0
5.646503231E0,-1.405396342E0,-9.586383820E0,1.527500629E0,9.808524445E0
5.648501083E0,-1.414973259E0,-9.579200745E0,1.522712231E0,9.802136949E0
5.650498817E0,-1.414973259E0,-9.586383820E0,1.505952835E0,9.806569125E0
5.652496044E0,-1.417367458E0,-9.588777542E0,1.491587639E0,9.807059648E0
5.654494442E0,-1.414973259E0,-9.607931137E0,1.489193439E0,9.825079499E0
5.656492724E0,-1.422155857E0,-9.615114212E0,1.477222443E0,9.831334331E0
5.658491474E0,-1.431732655E0,-9.607931137E0,1.477222443E0,9.825700243E0
5.660488856E0,-1.438915253E0,-9.595960617E0,1.470039845E0,9.813967313E0
5.662487606E0,-1.438915253E0,-9.591172218E0,1.458068848E0,9.807498478E0
5.664486005E0,-1.431732655E0,-9.583989143E0,1.460463047E0,9.799778498E0
5.666484833E0,-1.436521053E0,-9.593565941E0,1.458068848E0,9.809488517E0
5.668483192E0,-1.453280449E0,-9.595960617E0,1.465251446E0,9.815367850E0
5.670481278E0,-1.443703651E0,-9.603142738E0,1.482010841E0,9.823491580E0
5.672480185E0,-1.446097851E0,-9.593565941E0,1.482010841E0,9.814482288E0
5.674479950E0,-1.441309452E0,-9.607931137E0,1.486799240E0,9.828544432E0
5.676478427E0,-1.443703651E0,-9.603142738E0,1.486799240E0,9.824215117E0
5.678477567E0,-1.434126854E0,-9.607931137E0,1.486799240E0,9.827493706E0
5.680475810E0,-1.429338455E0,-9.598354340E0,1.501164436E0,9.819618583E0
5.682475185E0,-1.419761658E0,-9.591172218E0,1.510741234E0,9.812677859E0
5.684474911E0,-1.405396342E0,-9.598354340E0,1.527500629E0,9.820224187E0
5.686474794E0,-1.405396342E0,-9.591172218E0,1.539471745E0,9.815074969E0
5.688475106E0,-1.400607944E0,-9.593565941E0,1.563413739E0,9.820512848E0
5.690475302E0,-1.398213744E0,-9.581595421E0,1.577778935E0,9.810777688E0
5.692475380E0,-1.386242747E0,-9.581595421E0,1.589749932E0,9.811011396E0
5.694474677E0,-1.379060149E0,-9.586383820E0,1.599326730E0,9.816231844E0
5.696473935E0,-1.362300754E0,-9.588777542E0,1.618480325E0,9.819368445E0
5.698473349E0,-1.364694953E0,-9.593565941E0,1.628057122E0,9.825958975E0
5.700472255E0,-1.359906554E0,-9.603142738E0,1.623268723E0,9.833854668E0
5.702470614E0,-1.357512355E0,-9.607931137E0,1.642422318E0,9.841378542E0
5.704469130E0,-1.355118155E0,-9.615114212E0,1.637633920E0,9.847264157E0
5.706468427E0,-1.357512355E0,-9.627084732E0,1.630451322E0,9.858091689E0
5.708467567E0,-1.357512355E0,-9.634267807E0,1.628057122E0,9.864711144E0
5.710466161E0,-1.364694953E0,-9.646238327E0,1.628057122E0,9.877392175E0
5.712465263E0,-1.379060149E0,-9.653421402E0,1.618480325E0,9.884828285E0
5.714464520E0,-1.388636947E0,-9.641449928E0,1.601720929E0,9.871746513E0
5.716463739E0,-1.400607944E0,-9.629479408E0,1.575384736E0,9.857505433E0
5.718462880E0,-1.417367458E0,-9.617507935E0,1.561019540E0,9.845921561E0
5.720461903E0,-1.431732655E0,-9.607931137E0,1.570596337E0,9.840171339E0
5.722461591E0,-1.438915253E0,-9.600749016E0,1.549048543E0,9.830788888E0
5.724460810E0,-1.446097851E0,-9.605537415E0,1.551442742E0,9.836895984E0
5.726460497E0,-1.446097851E0,-9.607931137E0,1.556231141E0,9.839989588E0
5.728459520E0,-1.458068848E0,-9.603142738E0,1.551442742E0,9.836325015E0
5.730459052E0,-1.460463047E0,-9.595960617E0,1.541865945E0,9.828161734E0
5.732458778E0,-1.462857246E0,-9.600749016E0,1.525106430E0,9.830578956E0
5.734457919E0,-1.458068848E0,-9.610325813E0,1.529894829E0,9.839964695E0
5.736456122E0,-1.458068848E0,-9.605537415E0,1.537077546E0,9.836407940E0
5.738454481E0,-1.453280449E0,-9.607931137E0,1.539471745E0,9.838411358E0
5.740453895E0,-1.448492050E0,-9.607931137E0,1.544260144E0,9.838455638E0
5.742452841E0,-1.448492050E0,-9.607931137E0,1.553836942E0,9.839963374E0
5.744451825E0,-1.434126854E0,-9.610325813E0,1.563413739E0,9.841714515E0
5.746449989E0,-1.422155857E0,-9.607931137E0,1.561019540E0,9.837258257E0
5.748448036E0,-1.414973259E0,-9.600749016E0,1.546654344E0,9.826935974E0
5.750445927E0,-1.403002143E0,-9.605537415E0,1.541865945E0,9.829146180E0
5.752443427E0,-1.398213744E0,-9.617507935E0,1.541865945E0,9.840163166E0
5.754443349E0,-1.381454349E0,-9.607931137E0,1.556231141E0,9.830697443E0
5.756442645E0,-1.379060149E0,-9.600749016E0,1.568202138E0,9.825245366E0
5.758440302E0,-1.376665950E0,-9.600749016E0,1.561019540E0,9.823765714E0
5.760438700E0,-1.374271750E0,-9.605537415E0,1.556231141E0,9.827350977E0
5.762437567E0,-1.371877551E0,-9.605537415E0,1.563413739E0,9.828156468E0
5.764435849E0,-1.371877551E0,-9.610325813E0,1.565807939E0,9.833217416E0
5.766434052E0,-1.367089152E0,-9.607931137E0,1.551442742E0,9.827932034E0
5.768433427E0,-1.383848548E0,-9.598354340E0,1.537077546E0,9.818658270E0
5.770432177E0,-1.398213744E0,-9.583989143E0,1.539471745E0,9.807029256E0
5.772431825E0,-1.403002143E0,-9.579200745E0,1.534683347E0,9.802283147E0
5.774430067E0,-1.407790542E0,-9.586383820E0,1.529894829E0,9.809240905E0
5.776429560E0,-1.419761658E0,-9.581595421E0,1.532289028E0,9.806661187E0
5.778429052E0,-1.417367458E0,-9.576807022E0,1.529894829E0,9.801262237E0
5.780427880E0,-1.410184860E0,-9.574412346E0,1.520318031E0,9.796395257E0
5.782427138E0,-1.407790542E0,-9.576807022E0,1.513135433E0,9.797279509E0
5.784425692E0,-1.400607944E0,-9.579200745E0,1.517923832E0,9.799330706E0
5.786423700E0,-1.398213744E0,-9.588777542E0,1.517923832E0,9.808350992E0
5.788421669E0,-1.391031146E0,-9.600749016E0,1.527500629E0,9.820519716E0
5.790420302E0,-1.386242747E0,-9.615114212E0,1.537077546E0,9.835379893E0
5.792419208E0,-1.386242747E0,-9.629479408E0,1.537077546E0,9.849423842E0
5.794419442E0,-1.381454349E0,-9.653421402E0,1.546654344E0,9.873656898E0
5.796419872E0,-1.383848548E0,-9.665391922E0,1.546654344E0,9.885695599E0
5.798419872E0,-1.381454349E0,-9.662998199E0,1.563413739E0,9.885656925E0
5.800419286E0,-1.381454349E0,-9.662998199E0,1.572990537E0,9.887176015E0
5.802418622E0,-1.391031146E0,-9.655815125E0,1.572990537E0,9.881499512E0
5.804417450E0,-1.407790542E0,-9.641449928E0,1.570596337E0,9.869458130E0
5.806416395E0,-1.414973259E0,-9.624691010E0,1.572990537E0,9.854497734E0
5.808415770E0,-1.422155857E0,-9.617507935E0,1.568202138E0,9.847753251E0
5.810414677E0,-1.431732655E0,-9.607931137E0,1.575384736E0,9.840936754E0
5.812414091E0,-1.436521053E0,-9.600749016E0,1.582567334E0,9.835776216E0
5.814412645E0,-1.443703651E0,-9.586383820E0,1.577778935E0,9.822037535E0
5.816411122E0,-1.443703651E0,-9.583989143E0,1.589749932E0,9.821630872E0
5.818410888E0,-1.448492050E0,-9.579200745E0,1.599326730E0,9.819219018E0
5.820409872E0,-1.460463047E0,-9.567230225E0,1.604115129E0,9.810098462E0
5.822409442E0,-1.458068848E0,-9.567230225E0,1.601720929E0,9.809351093E0
5.824409052E0,-1.450886250E0,-9.574412346E0,1.606509328E0,9.816074312E0
5.826408895E0,-1.443703651E0,-9.564835548E0,1.611297727E0,9.806459079E0
5.828406981E0,-1.443703651E0,-9.562441826E0,1.601720929E0,9.802554965E0
5.830406552E0,-1.448492050E0,-9.564835548E0,1.577778935E0,9.801713863E0
5.832406161E0,-1.446097851E0,-9.569623947E0,1.592144132E0,9.808354827E0
5.834404520E0,-1.450886250E0,-9.574412346E0,1.592144132E0,9.813733521E0
5.836403622E0,-1.455674648E0,-9.586383820E0,1.577778935E0,9.823804242E0
5.838403544E0,-1.448492050E0,-9.588777542E0,1.563413739E0,9.822782014E0
5.840402567E0,-1.446097851E0,-9.593565941E0,1.553836942E0,9.825584751E0
5.842402177E0,-1.431732655E0,-9.593565941E0,1.539471745E0,9.821218820E0
5.844401395E0,-1.431732655E0,-9.598354340E0,1.537077546E0,9.825521452E0
5.846400575E0,-1.422155857E0,-9.595960617E0,1.527500629E0,9.820297634E0
5.848398700E0,-1.426944256E0,-9.593565941E0,1.529894829E0,9.819025184E0
5.850396825E0,-1.424550056E0,-9.593565941E0,1.529894829E0,9.818677534E0
5.852395263E0,-1.405396342E0,-9.581595421E0,1.513135433E0,9.801616628E0
5.854394013E0,-1.395819545E0,-9.598354340E0,1.520318031E0,9.817743384E0
5.856392567E0,-1.403002143E0,-9.607931137E0,1.522712231E0,9.828499798E0
5.858390263E0,-1.403002143E0,-9.600749016E0,1.517923832E0,9.820737724E0
5.860387411E0,-1.393425345E0,-9.607931137E0,1.520318031E0,9.826766602E0
5.862384442E0,-1.393425345E0,-9.612719536E0,1.529894829E0,9.832933909E0
5.864381435E0,-1.395819545E0,-9.617507935E0,1.522712231E0,9.836840123E0
5.866379481E0,-1.414973259E0,-9.617507935E0,1.522712231E0,9.839576248E0
5.868378075E0,-1.414973259E0,-9.624691010E0,1.527500629E0,9.847338957E0
5.870375966E0,-1.424550056E0,-9.619902611E0,1.534683347E0,9.845157291E0
5.872373349E0,-1.431732655E0,-9.610325813E0,1.549048543E0,9.839094065E0
5.874369677E0,-1.450886250E0,-9.610325813E0,1.572990537E0,9.845696135E0
5.876366708E0,-1.462857246E0,-9.598354340E0,1.577778935E0,9.836551414E0
5.878364403E0,-1.472434044E0,-9.593565941E0,1.587355733E0,9.834849653E0
5.880362177E0,-1.474828243E0,-9.588777542E0,1.592144132E0,9.831312020E0
5.882359364E0,-1.467645645E0,-9.583989143E0,1.599326730E0,9.826732805E0
5.884355575E0,-1.458068848E0,-9.588777542E0,1.592144132E0,9.828811854E0
5.886352724E0,-1.450886250E0,-9.603142738E0,1.596932530E0,9.842541078E0
5.888350497E0,-1.436521053E0,-9.598354340E0,1.594538331E0,9.835372451E0
5.890349950E0,-1.426944256E0,-9.607931137E0,1.594538331E0,9.843325817E0
5.892348817E0,-1.414973259E0,-9.617507935E0,1.594538331E0,9.850947197E0
5.894347567E0,-1.424550056E0,-9.617507935E0,1.589749932E0,9.851553511E0
5.896345575E0,-1.424550056E0,-9.617507935E0,1.587355733E0,9.851167441E0
5.898344169E0,-1.434126854E0,-9.622296333E0,1.584961534E0,9.856845825E0
5.900342255E0,-1.436521053E0,-9.622296333E0,1.582567334E0,9.856809769E0
5.902340263E0,-1.438915253E0,-9.622296333E0,1.565807939E0,9.854482144E0
5.904338895E0,-1.448492050E0,-9.605537415E0,1.568202138E0,9.839905294E0
5.906337255E0,-1.458068848E0,-9.591172218E0,1.556231141E0,9.825395903E0
5.908335067E0,-1.462857246E0,-9.593565941E0,1.558625340E0,9.828823517E0
5.910332763E0,-1.465251446E0,-9.591172218E0,1.561019540E0,9.827223836E0
5.912331513E0,-1.477222443E0,-9.593565941E0,1.561019540E0,9.831351668E0
5.914329677E0,-1.479616642E0,-9.595960617E0,1.561019540E0,9.834048382E0
5.916328505E0,-1.482010841E0,-9.588777542E0,1.580173135E0,9.830460723E0
5.918326786E0,-1.484405041E0,-9.581595421E0,1.594538331E0,9.826137676E0
5.920325458E0,-1.484405041E0,-9.574412346E0,1.606509328E0,9.821084579E0
5.922323583E0,-1.496376038E0,-9.576807022E0,1.618480325E0,9.827199629E0
5.924322099E0,-1.503558636E0,-9.576807022E0,1.623268723E0,9.829085545E0
5.926321083E0,-1.501164436E0,-9.581595421E0,1.632845521E0,9.834970766E0
5.928319286E0,-1.505952835E0,-9.583989143E0,1.651999116E0,9.841231779E0
5.930316864E0,-1.503558636E0,-9.581595421E0,1.644816518E0,9.837330977E0
5.932315302E0,-1.513135433E0,-9.586383820E0,1.651999116E0,9.844665289E0
5.934312958E0,-1.520318031E0,-9.588777542E0,1.656787634E0,9.848906890E0
5.936310888E0,-1.522712231E0,-9.603142738E0,1.659181833E0,9.863665006E0
5.938309520E0,-1.517923832E0,-9.607931137E0,1.656787634E0,9.867186973E0
5.940308583E0,-1.515529633E0,-9.605537415E0,1.647210717E0,9.862884073E0
5.942306474E0,-1.520318031E0,-9.600749016E0,1.642422318E0,9.858159040E0
5.944304481E0,-1.532289028E0,-9.600749016E0,1.632845521E0,9.858421569E0
5.946302567E0,-1.546654344E0,-9.579200745E0,1.620874524E0,9.837706073E0
5.948300497E0,-1.553836942E0,-9.576807022E0,1.611297727E0,9.834933774E0
5.950299325E0,-1.558625340E0,-9.564835548E0,1.604115129E0,9.822859938E0
5.952297450E0,-1.553836942E0,-9.560047150E0,1.599326730E0,9.816657106E0
5.954295888E0,-1.544260144E0,-9.543288231E0,1.594538331E0,9.798042771E0
5.956293739E0,-1.529894829E0,-9.543288231E0,1.589749932E0,9.795010633E0
5.958291708E0,-1.517923832E0,-9.536105156E0,1.584961534E0,9.785371601E0
5.960289560E0,-1.496376038E0,-9.528923035E0,1.589749932E0,9.775828369E0
5.962287841E0,-1.477222443E0,-9.528923035E0,1.584961534E0,9.772137095E0
5.964286317E0,-1.460463047E0,-9.536105156E0,1.599326730E0,9.778962105E0
5.966284403E0,-1.448492050E0,-9.538499832E0,1.594538331E0,9.778735131E0
5.968281864E0,-1.431732655E0,-9.545681953E0,1.587355733E0,9.782106142E0
5.970278935E0,-1.417367458E0,-9.555258751E0,1.589749932E0,9.789750005E0
5.972277099E0,-1.412579060E0,-9.555258751E0,1.608903527E0,9.792186679E0
5.974276513E0,-1.412579060E0,-9.552865028E0,1.611297727E0,9.790244645E0
5.976275536E0,-1.412579060E0,-9.555258751E0,1.596932530E0,9.790226908E0
5.978273544E0,-1.429338455E0,-9.560047150E0,1.604115129E0,9.798504747E0
5.980272333E0,-1.436521053E0,-9.567230225E0,1.594538331E0,9.805000734E0
5.982270692E0,-1.441309452E0,-9.557653427E0,1.570596337E0,9.792491247E0
5.984269364E0,-1.450886250E0,-9.560047150E0,1.570596337E0,9.796241385E0
5.986267606E0,-1.453280449E0,-9.564835548E0,1.558625340E0,9.799357942E0
5.988265966E0,-1.455674648E0,-9.564835548E0,1.556231141E0,9.799332789E0
5.990263778E0,-1.455674648E0,-9.567230225E0,1.553836942E0,9.801290328E0
5.992261864E0,-1.465251446E0,-9.574412346E0,1.551442742E0,9.809347998E0
5.994259091E0,-1.462857246E0,-9.583989143E0,1.546654344E0,9.817583149E0
5.996256747E0,-1.470039845E0,-9.591172218E0,1.549048543E0,9.826044629E0
5.998255341E0,-1.474828243E0,-9.598354340E0,1.553836942E0,9.834527626E0
6.000253192E0,-1.474828243E0,-9.605537415E0,1.551442742E0,9.841160600E0
6.002250145E0,-1.467645645E0,-9.615114212E0,1.551442742E0,9.849435498E0
6.004247489E0,-1.474828243E0,-9.612719536E0,1.558625340E0,9.849304959E0
6.006245458E0,-1.477222443E0,-9.595960617E0,1.568202138E0,9.834831176E0
6.008243895E0,-1.484405041E0,-9.593565941E0,1.565807939E0,9.833194816E0
6.010241513E0,-1.479616642E0,-9.588777542E0,1.570596337E0,9.828565155E0
6.012239950E0,-1.477222443E0,-9.588777542E0,1.575384736E0,9.828971358E0
6.014237919E0,-1.479616642E0,-9.586383820E0,1.575384736E0,9.826996347E0
6.016236708E0,-1.484405041E0,-9.586383820E0,1.577778935E0,9.828102535E0
6.018235770E0,-1.474828243E0,-9.579200745E0,1.575384736E0,9.819268930E0
6.020234169E0,-1.472434044E0,-9.579200745E0,1.568202138E0,9.817759768E0
6.022233270E0,-1.479616642E0,-9.574412346E0,1.572990537E0,9.814934356E0
6.024232489E0,-1.482010841E0,-9.567230225E0,1.572990537E0,9.808289837E0
6.026231200E0,-1.477222443E0,-9.569623947E0,1.551442742E0,9.806470477E0
6.028230380E0,-1.462857246E0,-9.572018623E0,1.546654344E0,9.805897792E0
6.030228739E0,-1.450886250E0,-9.572018623E0,1.546654344E0,9.804119088E0
6.032226903E0,-1.424550056E0,-9.579200745E0,1.558625340E0,9.809166260E0
6.034224794E0,-1.414973259E0,-9.581595421E0,1.563413739E0,9.810880830E0
6.036223349E0,-1.410184860E0,-9.581595421E0,1.563413739E0,9.810191368E0
6.038222294E0,-1.398213744E0,-9.598354340E0,1.553836942E0,9.823330237E0
6.040221513E0,-1.388636947E0,-9.603142738E0,1.561019540E0,9.827789427E0
6.042219872E0,-1.374271750E0,-9.607931137E0,1.558625340E0,9.830070017E0
6.044219013E0,-1.376665950E0,-9.612719536E0,1.568202138E0,9.836607340E0
6.046218856E0,-1.379060149E0,-9.612719536E0,1.580173135E0,9.838858211E0
6.048218153E0,-1.381454349E0,-9.617507935E0,1.587355733E0,9.845027842E0
6.050216981E0,-1.393425345E0,-9.622296333E0,1.601720929E0,9.853716601E0
6.052216200E0,-1.398213744E0,-9.617507935E0,1.601720929E0,9.849719310E0
6.054216435E0,-1.403002143E0,-9.622296333E0,1.611297727E0,9.856636450E0
6.056216278E0,-1.403002143E0,-9.629479408E0,1.628057122E0,9.866400493E0
6.058215888E0,-1.400607944E0,-9.627084732E0,1.625662923E0,9.863328190E0
6.060215380E0,-1.412579060E0,-9.619902611E0,1.635239720E0,9.859610275E0
6.062214247E0,-1.417367458E0,-9.610325813E0,1.651999116E0,9.853750242E0
6.064213622E0,-1.426944256E0,-9.617507935E0,1.654393315E0,9.862537504E0
6.066213739E0,-1.434126854E0,-9.610325813E0,1.656787634E0,9.856978611E0
6.068213270E0,-1.450886250E0,-9.605537415E0,1.647210717E0,9.853158026E0
6.070212294E0,-1.462857246E0,-9.595960617E0,1.642422318E0,9.844793678E0
6.072211552E0,-1.470039845E0,-9.591172218E0,1.644816518E0,9.841596570E0
6.074210614E0,-1.470039845E0,-9.588777542E0,1.637633920E0,9.838064685E0
6.076209208E0,-1.472434044E0,-9.588777542E0,1.620874524E0,9.835646953E0
6.078207763E0,-1.484405041E0,-9.581595421E0,1.601720929E0,9.827305789E0
6.080206513E0,-1.493981838E0,-9.586383820E0,1.589749932E0,9.831482153E0
6.082204755E0,-1.493981838E0,-9.579200745E0,1.580173135E0,9.822933155E0
6.084203505E0,-1.493981838E0,-9.579200745E0,1.584961534E0,9.823704581E0
6.086202567E0,-1.479616642E0,-9.586383820E0,1.587355733E0,9.828922544E0
6.088200614E0,-1.477222443E0,-9.591172218E0,1.568202138E0,9.830159135E0
6.090199130E0,-1.462857246E0,-9.586383820E0,1.572990537E0,9.824103282E0
6.092197060E0,-1.448492050E0,-9.588777542E0,1.556231141E0,9.821641377E0
6.094195067E0,-1.441309452E0,-9.588777542E0,1.551442742E0,9.819826998E0
6.096192880E0,-1.426944256E0,-9.583989143E0,1.546654344E0,9.812296238E0
6.098190653E0,-1.424550056E0,-9.579200745E0,1.546654344E0,9.807271253E0
6.100188036E0,-1.414973259E0,-9.581595421E0,1.546654344E0,9.808224090E0
6.102185302E0,-1.407790542E0,-9.576807022E0,1.527500629E0,9.799508412E0
6.104183075E0,-1.398213744E0,-9.574412346E0,1.522712231E0,9.795051096E0
6.106181435E0,-1.395819545E0,-9.567230225E0,1.496376038E0,9.783626506E0
6.108179989E0,-1.388636947E0,-9.562441826E0,1.505952835E0,9.779391606E0
6.110178974E0,-1.386242747E0,-9.564835548E0,1.505952835E0,9.781392639E0
6.112177528E0,-1.374271750E0,-9.567230225E0,1.505952835E0,9.782045336E0
6.114175770E0,-1.374271750E0,-9.572018623E0,1.501164436E0,9.785992951E0
6.116174638E0,-1.376665950E0,-9.572018623E0,1.503558636E0,9.786697003E0
6.118173192E0,-1.379060149E0,-9.564835548E0,1.510741234E0,9.781115736E0
6.120171435E0,-1.391031146E0,-9.550470352E0,1.510741234E0,9.768766077E0
6.122169286E0,-1.403002143E0,-9.552865028E0,1.508347034E0,9.772448825E0
6.124168231E0,-1.410184860E0,-9.550470352E0,1.501164436E0,9.770035821E0
6.126167020E0,-1.414973259E0,-9.550470352E0,1.510741234E0,9.772204068E0
6.128165653E0,-1.410184860E0,-9.564835548E0,1.513135433E0,9.785922504E0
6.130164560E0,-1.405396342E0,-9.572018623E0,1.510741234E0,9.791885338E0
6.132162997E0,-1.407790542E0,-9.574412346E0,1.527500629E0,9.797168170E0
6.134161669E0,-1.422155857E0,-9.586383820E0,1.544260144E0,9.813563135E0
6.136160419E0,-1.429338455E0,-9.591172218E0,1.558625340E0,9.821553130E0
6.138159520E0,-1.438915253E0,-9.583989143E0,1.568202138E0,9.817463163E0
6.140158583E0,-1.458068848E0,-9.579200745E0,1.577778935E0,9.817150199E0
6.142156981E0,-1.467645645E0,-9.581595421E0,1.592144132E0,9.823231519E0
6.144155263E0,-1.472434044E0,-9.583989143E0,1.596932530E0,9.827059755E0
6.146152919E0,-1.474828243E0,-9.583989143E0,1.620874524E0,9.831337675E0
6.148151513E0,-1.472434044E0,-9.588777542E0,1.628057122E0,9.836833167E0
6.150150849E0,-1.465251446E0,-9.586383820E0,1.647210717E0,9.836616272E0
6.152149755E0,-1.474828243E0,-9.600749016E0,1.644816518E0,9.851645618E0
6.154149208E0,-1.462857246E0,-9.612719536E0,1.632845521E0,9.859539172E0
6.156148114E0,-1.462857246E0,-9.612719536E0,1.651999116E0,9.862729302E0
6.158146630E0,-1.455674648E0,-9.624691010E0,1.649604917E0,9.872935840E0
6.160144481E0,-1.453280449E0,-9.636661530E0,1.651999116E0,9.884653286E0
6.162142372E0,-1.443703651E0,-9.641449928E0,1.647210717E0,9.887119909E0
6.164140458E0,-1.434126854E0,-9.643844604E0,1.644816518E0,9.887663018E0
6.166138544E0,-1.419761658E0,-9.655815125E0,1.630451322E0,9.894890621E0
6.168135927E0,-1.400607944E0,-9.679757118E0,1.623268723E0,9.914353324E0
6.170134247E0,-1.395819545E0,-9.686940193E0,1.608903527E0,9.918351328E0
6.172132958E0,-1.388636947E0,-9.684545517E0,1.596932530E0,9.913068543E0
6.174132333E0,-1.398213744E0,-9.679757118E0,1.577778935E0,9.906668760E0
6.176130810E0,-1.395819545E0,-9.677363396E0,1.572990537E0,9.903230469E0
6.178129560E0,-1.398213744E0,-9.660603523E0,1.575384736E0,9.887572967E0
6.180129130E0,-1.410184860E0,-9.653421402E0,1.561019540E0,9.879977131E0
6.182127958E0,-1.429338455E0,-9.639056206E0,1.544260144E0,9.866060630E0
6.184126630E0,-1.429338455E0,-9.622296333E0,1.537077546E0,9.848563475E0
6.186125067E0,-1.424550056E0,-9.617507935E0,1.520318031E0,9.840587820E0
6.188123153E0,-1.426944256E0,-9.612719536E0,1.520318031E0,9.836255065E0
6.190122411E0,-1.436521053E0,-9.605537415E0,1.529894829E0,9.832116758E0
6.192121864E0,-1.441309452E0,-9.605537415E0,1.520318031E0,9.831331999E0
6.194120497E0,-1.436521053E0,-9.600749016E0,1.527500629E0,9.827066326E0
6.196118895E0,-1.434126854E0,-9.605537415E0,1.525106430E0,9.831023267E0
6.198116747E0,-1.419761658E0,-9.607931137E0,1.532289028E0,9.832394091E0
6.200114872E0,-1.412579060E0,-9.612719536E0,1.527500629E0,9.835294335E0
6.202114169E0,-1.422155857E0,-9.600749016E0,1.532289028E0,9.825722295E0
6.204112255E0,-1.436521053E0,-9.581595421E0,1.558625340E0,9.813250048E0
6.206110575E0,-1.429338455E0,-9.579200745E0,1.558625340E0,9.809862806E0
6.208108778E0,-1.426944256E0,-9.586383820E0,1.553836942E0,9.815769653E0
6.210107020E0,-1.405396342E0,-9.603142738E0,1.563413739E0,9.830551961E0
6.212106161E0,-1.405396342E0,-9.610325813E0,1.570596337E0,9.838713024E0
6.214105341E0,-1.414973259E0,-9.595960617E0,1.582567334E0,9.827976844E0
6.216104247E0,-1.424550056E0,-9.598354340E0,1.592144132E0,9.833243200E0
6.218103075E0,-1.434126854E0,-9.581595421E0,1.587355733E0,9.817504208E0
6.220102020E0,-1.429338455E0,-9.562441826E0,1.589749932E0,9.798500239E0
6.222101669E0,-1.417367458E0,-9.560047150E0,1.592144132E0,9.794812655E0
6.224100927E0,-1.395819545E0,-9.562441826E0,1.582567334E0,9.792503523E0
6.226099755E0,-1.379060149E0,-9.562441826E0,1.580173135E0,9.789741963E0
6.228099325E0,-1.367089152E0,-9.557653427E0,1.563413739E0,9.780691913E0
6.230098817E0,-1.345541358E0,-9.576807022E0,1.556231141E0,9.795283031E0
6.232097880E0,-1.338358760E0,-9.569623947E0,1.549048543E0,9.786136012E0
6.234095810E0,-1.326387763E0,-9.579200745E0,1.551442742E0,9.794251681E0
6.236094130E0,-1.316810966E0,-9.576807022E0,1.546654344E0,9.789860240E0
6.238091903E0,-1.316810966E0,-9.583989143E0,1.549048543E0,9.797264435E0
6.240090224E0,-1.323993564E0,-9.603142738E0,1.546654344E0,9.816590501E0
6.242088505E0,-1.316810966E0,-9.598354340E0,1.532289028E0,9.808685274E0
6.244087216E0,-1.312022567E0,-9.627084732E0,1.520318031E0,9.834303766E0
6.246085810E0,-1.302445769E0,-9.634267807E0,1.517923832E0,9.839693792E0
6.248083974E0,-1.312022567E0,-9.643844604E0,1.513135433E0,9.849605109E0
6.250082177E0,-1.312022567E0,-9.655815125E0,1.508347034E0,9.860592260E0
6.252081356E0,-1.326387763E0,-9.665391922E0,1.503558636E0,9.871159713E0
6.254079247E0,-1.333570361E0,-9.662998199E0,1.501164436E0,9.869419374E0
6.256076435E0,-1.340752959E0,-9.662998199E0,1.489193439E0,9.868578915E0
6.258074208E0,-1.355118155E0,-9.655815125E0,1.477222443E0,9.861708629E0
6.260072567E0,-1.374271750E0,-9.651026726E0,1.477222443E0,9.859671691E0
6.262071122E0,-1.379060149E0,-9.653421402E0,1.477222443E0,9.862684107E0
6.264069403E0,-1.393425345E0,-9.660603523E0,1.470039845E0,9.870659136E0
6.266067724E0,-1.407790542E0,-9.660603523E0,1.467645645E0,9.872341079E0
6.268065614E0,-1.436521053E0,-9.639056206E0,1.477222443E0,9.856834351E0
6.270064325E0,-1.446097851E0,-9.636661530E0,1.477222443E0,9.855893190E0
6.272063739E0,-1.462857246E0,-9.617507935E0,1.484405041E0,9.840725000E0
6.274062763E0,-1.489193439E0,-9.629479408E0,1.505952835E0,9.859638164E0
6.276062099E0,-1.501164436E0,-9.631873131E0,1.520318031E0,9.865994202E0
6.278061356E0,-1.505952835E0,-9.622296333E0,1.537077546E0,9.859974039E0
6.280061200E0,-1.501164436E0,-9.619902611E0,1.558625340E0,9.860290759E0
6.282060380E0,-1.508347034E0,-9.627084732E0,1.551442742E0,9.867261312E0
6.284060458E0,-1.513135433E0,-9.624691010E0,1.558625340E0,9.866791212E0
6.286058622E0,-1.513135433E0,-9.615114212E0,1.565807939E0,9.858587863E0
6.288056513E0,-1.503558636E0,-9.612719536E0,1.594538331E0,9.859392371E0
6.290054872E0,-1.496376038E0,-9.610325813E0,1.599326730E0,9.856741321E0
6.292053622E0,-1.491587639E0,-9.622296333E0,1.606509328E0,9.868854677E0
6.294052997E0,-1.491587639E0,-9.617507935E0,1.613691926E0,9.865358290E0
6.296052060E0,-1.491587639E0,-9.603142738E0,1.616086125E0,9.851746977E0
6.298050536E0,-1.479616642E0,-9.610325813E0,1.625662923E0,9.858519543E0
6.300049599E0,-1.479616642E0,-9.615114212E0,1.632845521E0,9.864373838E0
6.302049286E0,-1.489193439E0,-9.615114212E0,1.630451322E0,9.865418892E0
6.304048466E0,-1.486799240E0,-9.624691010E0,1.623268723E0,9.873208716E0
6.306048114E0,-1.489193439E0,-9.617507935E0,1.628057122E0,9.867356584E0
6.308047880E0,-1.496376038E0,-9.615114212E0,1.632845521E0,9.866901593E0
6.310046513E0,-1.517923832E0,-9.615114212E0,1.616086125E0,9.867433731E0
6.312045692E0,-1.510741234E0,-9.605537415E0,1.594538331E0,9.853488752E0
6.314045302E0,-1.508347034E0,-9.607931137E0,1.565807939E0,9.850847984E0
6.316044286E0,-1.508347034E0,-9.603142738E0,1.549048543E0,9.843526432E0
6.318044208E0,-1.508347034E0,-9.600749016E0,1.544260144E0,9.840438600E0
6.320042958E0,-1.513135433E0,-9.603142738E0,1.541865945E0,9.843133641E0
6.322041591E0,-1.529894829E0,-9.603142738E0,1.541865945E0,9.845723906E0
6.324040106E0,-1.525106430E0,-9.600749016E0,1.527500629E0,9.840405960E0
6.326037802E0,-1.515529633E0,-9.595960617E0,1.539471745E0,9.836120347E0
6.328036864E0,-1.489193439E0,-9.603142738E0,1.525106430E0,9.836869277E0
6.330035419E0,-1.472434044E0,-9.617507935E0,1.513135433E0,9.846527293E0
6.332032958E0,-1.462857246E0,-9.622296333E0,1.505952835E0,9.848676662E0
6.334030419E0,-1.436521053E0,-9.622296333E0,1.501164436E0,9.844067966E0
6.336028622E0,-1.422155857E0,-9.636661530E0,1.496376038E0,9.855298776E0
6.338026161E0,-1.403002143E0,-9.641449928E0,1.496376038E0,9.857236579E0
6.340024325E0,-1.395819545E0,-9.648633003E0,1.496376038E0,9.863243497E0
6.342023114E0,-1.376665950E0,-9.651026726E0,1.489193439E0,9.861806280E0
6.344021395E0,-1.359906554E0,-9.653421402E0,1.486799240E0,9.861463511E0
6.346019599E0,-1.345541358E0,-9.662998199E0,1.472434044E0,9.866715652E0
6.348019169E0,-1.335964561E0,-9.672574997E0,1.470039845E0,9.874437985E0
6.350018661E0,-1.321599364E0,-9.684545517E0,1.453280449E0,9.881754440E0
6.352017489E0,-1.321599364E0,-9.682151794E0,1.446097851E0,9.878354481E0
6.354015849E0,-1.314416766E0,-9.684545517E0,1.407790542E0,9.874208197E0
6.356013974E0,-1.307234168E0,-9.677363396E0,1.386242747E0,9.863158339E0
6.358012372E0,-1.300051570E0,-9.679757118E0,1.369483352E0,9.862216617E0
6.360010927E0,-1.290474772E0,-9.677363396E0,1.355118155E0,9.856623795E0
6.362010067E0,-1.285686255E0,-9.684545517E0,1.362300754E0,9.864039454E0
6.364008075E0,-1.285686255E0,-9.682151794E0,1.359906554E0,9.861358849E0
6.366005692E0,-1.297657371E0,-9.691728592E0,1.343147159E0,9.870033538E0
6.368004716E0,-1.309628367E0,-9.677363396E0,1.340752959E0,9.857185564E0
6.370003388E0,-1.316810966E0,-9.658209801E0,1.355118155E0,9.841308495E0
6.372002138E0,-1.338358760E0,-9.648633003E0,1.371877551E0,9.837142421E0
6.374000380E0,-1.359906554E0,-9.631873131E0,1.374271750E0,9.823998610E0
6.375998114E0,-1.367089152E0,-9.629479408E0,1.381454349E0,9.823656272E0
6.377996435E0,-1.369483352E0,-9.624691010E0,1.391031146E0,9.820648111E0
6.379995536E0,-1.369483352E0,-9.612719536E0,1.414973259E0,9.812339723E0
6.381993310E0,-1.364694953E0,-9.610325813E0,1.429338455E0,9.811409836E0
6.383991356E0,-1.359906554E0,-9.615114212E0,1.438915253E0,9.816834737E0
6.385988661E0,-1.364694953E0,-9.610325813E0,1.467645645E0,9.817063629E0
6.387985731E0,-1.364694953E0,-9.622296333E0,1.489193439E0,9.832022993E0
6.389983895E0,-1.398213744E0,-9.622296333E0,1.501164436E0,9.838550862E0
6.391981669E0,-1.407790542E0,-9.624691010E0,1.522712231E0,9.845567722E0
6.393977997E0,-1.422155857E0,-9.622296333E0,1.527500629E0,9.846033322E0
6.395974169E0,-1.429338455E0,-9.627084732E0,1.561019540E0,9.857005167E0
6.397970614E0,-1.429338455E0,-9.631873131E0,1.572990537E0,9.863583915E0
6.399968935E0,-1.441309452E0,-9.648633003E0,1.570596337E0,9.881308852E0
6.401966278E0,-1.453280449E0,-9.658209801E0,1.584961534E0,9.894702809E0
6.403963544E0,-1.465251446E0,-9.662998199E0,1.589749932E0,9.901908950E0
6.405960302E0,-1.470039845E0,-9.674968719E0,1.611297727E0,9.917777837E0
6.407956981E0,-1.479616642E0,-9.672574997E0,1.613691926E0,9.917256380E0
6.409955028E0,-1.484405041E0,-9.674968719E0,1.608903527E0,9.919528648E0
6.411953075E0,-1.486799240E0,-9.674968719E0,1.594538331E0,9.917567453E0
6.413949677E0,-1.484405041E0,-9.674968719E0,1.584961534E0,9.915673508E0
6.415946591E0,-1.472434044E0,-9.682151794E0,1.570596337E0,9.918613726E0
6.417943310E0,-1.462857246E0,-9.696516991E0,1.551442742E0,9.928210698E0
6.419939989E0,-1.460463047E0,-9.703699112E0,1.537077546E0,9.932639939E0
6.421936239E0,-1.446097851E0,-9.706093788E0,1.515529633E0,9.929566239E0
6.423932606E0,-1.431732655E0,-9.710882187E0,1.508347034E0,9.931072551E0
6.425929677E0,-1.417367458E0,-9.715670586E0,1.501164436E0,9.932606914E0
6.427926981E0,-1.414973259E0,-9.725247383E0,1.477222443E0,9.938046696E0
6.429925028E0,-1.405396342E0,-9.746794701E0,1.453280449E0,9.954253858E0
6.431923856E0,-1.395819545E0,-9.763554573E0,1.429338455E0,9.965857641E0
6.433921630E0,-1.388636947E0,-9.792284966E0,1.403002143E0,9.989272868E0
6.435919364E0,-1.379060149E0,-9.821015358E0,1.393425345E0,1.001477827E1
6.437917528E0,-1.352723956E0,-9.835380554E0,1.362300754E0,1.002099976E1
6.439915341E0,-1.338358760E0,-9.844957352E0,1.340752959E0,1.002556771E1
6.441912489E0,-1.307234168E0,-9.866505623E0,1.326387763E0,1.004072203E1
6.443909599E0,-1.283292055E0,-9.900024414E0,1.307234168E0,1.006807743E1
6.445907606E0,-1.264138460E0,-9.904812813E0,1.297657371E0,1.006912496E1
6.447905224E0,-1.256955862E0,-9.900024414E0,1.268926859E0,1.005985074E1
6.449904091E0,-1.242590666E0,-9.878476143E0,1.280897856E0,1.003837745E1
6.451902567E0,-1.242590666E0,-9.852140427E0,1.273715258E0,1.001154599E1
6.453901044E0,-1.249773264E0,-9.821015358E0,1.276109457E0,9.982120577E0
6.455899716E0,-1.247379065E0,-9.809044838E0,1.280897856E0,9.970657675E0
6.457898505E0,-1.242590666E0,-9.753977776E0,1.295263171E0,9.917752805E0
6.459896825E0,-1.247379065E0,-9.713275909E0,1.302445769E0,9.879273678E0
6.461895419E0,-1.249773264E0,-9.653421402E0,1.307234168E0,9.821371551E0
6.463893544E0,-1.252167463E0,-9.615114212E0,1.328781962E0,9.786930375E0
6.465892372E0,-1.266532660E0,-9.576807022E0,1.352723956E0,9.754445131E0
6.467891005E0,-1.271321058E0,-9.533711433E0,1.359906554E0,9.713766353E0
6.469889442E0,-1.278503656E0,-9.516951561E0,1.364694953E0,9.698934525E0
6.471888153E0,-1.283292055E0,-9.509769440E0,1.369483352E0,9.693195446E0
6.473886005E0,-1.309628367E0,-9.488221169E0,1.381454349E0,9.677286992E0
6.475884052E0,-1.326387763E0,-9.490615845E0,1.374271750E0,9.680894404E0
6.477881747E0,-1.338358760E0,-9.509769440E0,1.376665950E0,9.701655946E0
6.479878974E0,-1.338358760E0,-9.536105156E0,1.374271750E0,9.727133625E0
6.481876161E0,-1.333570361E0,-9.557653427E0,1.359906554E0,9.745588478E0
6.483874091E0,-1.321599364E0,-9.572018623E0,1.350329757E0,9.756718498E0
6.485871747E0,-1.326387763E0,-9.581595421E0,1.350329757E0,9.766763320E0
6.487869560E0,-1.323993564E0,-9.600749016E0,1.326387763E0,9.781955077E0
6.489867333E0,-1.326387763E0,-9.591172218E0,1.321599364E0,9.772231777E0
6.491865145E0,-1.321599364E0,-9.572018623E0,1.307234168E0,9.750847480E0
6.493862997E0,-1.312022567E0,-9.555258751E0,1.297657371E0,9.731818312E0
6.495860653E0,-1.302445769E0,-9.540893555E0,1.273715258E0,9.713257196E0
6.497858231E0,-1.283292055E0,-9.519346237E0,1.264138460E0,9.688283508E0
6.499857294E0,-1.247379065E0,-9.516951561E0,1.261744261E0,9.680925582E0
6.501856669E0,-1.228225470E0,-9.512163162E0,1.266532660E0,9.674393563E0
6.503854403E0,-1.194706678E0,-9.521739960E0,1.254561663E0,9.678056668E0
6.505852177E0,-1.161187768E0,-9.538499832E0,1.268926859E0,9.692342929E0
6.507848778E0,-1.139639974E0,-9.572018623E0,1.283292055E0,9.724667516E0
6.509845614E0,-1.110909581E0,-9.607931137E0,1.314416766E0,9.760847928E0
6.511843075E0,-1.074996591E0,-9.643844604E0,1.343147159E0,9.796091094E0
6.513841317E0,-1.055842996E0,-9.662998199E0,1.359906554E0,9.815176232E0
6.515838466E0,-1.053448796E0,-9.698910713E0,1.367089152E0,9.851271803E0
6.517835497E0,-1.055842996E0,-9.713275909E0,1.362300754E0,9.865008701E0
6.519833310E0,-1.055842996E0,-9.744400978E0,1.343147159E0,9.893037913E0
6.521831513E0,-1.079784989E0,-9.756371498E0,1.345541358E0,9.907734452E0
6.523829286E0,-1.103726983E0,-9.763554573E0,1.345541358E0,9.917443859E0
6.525827450E0,-1.125274777E0,-9.765948296E0,1.343147159E0,9.921896680E0
6.527825575E0,-1.154005170E0,-9.749189377E0,1.335964561E0,9.907735500E0
6.529823739E0,-1.197100878E0,-9.710882187E0,1.309628367E0,9.871646763E0
6.531821005E0,-1.242590666E0,-9.665391922E0,1.300051570E0,9.831274925E0
6.533818192E0,-1.261744261E0,-9.646238327E0,1.292868972E0,9.813940219E0
6.535815849E0,-1.271321058E0,-9.612719536E0,1.261744261E0,9.778171234E0
6.537813036E0,-1.278503656E0,-9.595960617E0,1.247379065E0,9.760788200E0
6.539810380E0,-1.290474772E0,-9.569623947E0,1.228225470E0,9.734041577E0
6.541808153E0,-1.292868972E0,-9.562441826E0,1.221042871E0,9.726394478E0
6.543806513E0,-1.295263171E0,-9.552865028E0,1.221042871E0,9.717298114E0
6.545805380E0,-1.300051570E0,-9.545681953E0,1.230619669E0,9.712085400E0
6.547803231E0,-1.302445769E0,-9.543288231E0,1.244984865E0,9.711884604E0
6.549802060E0,-1.302445769E0,-9.552865028E0,1.283292055E0,9.726275430E0
6.551799755E0,-1.309628367E0,-9.552865028E0,1.316810966E0,9.731718647E0
6.553798466E0,-1.326387763E0,-9.548076630E0,1.359906554E0,9.735215337E0
6.555797060E0,-1.340752959E0,-9.540893555E0,1.386242747E0,9.733855211E0
6.557796083E0,-1.340752959E0,-9.533711433E0,1.400607944E0,9.728873255E0
6.559795380E0,-1.335964561E0,-9.536105156E0,1.398213744E0,9.730216058E0
6.561794403E0,-1.304839969E0,-9.536105156E0,1.426944256E0,9.730163349E0
6.563793661E0,-1.302445769E0,-9.533711433E0,1.438915253E0,9.729259776E0
6.565791591E0,-1.278503656E0,-9.545681953E0,1.462857246E0,9.741384238E0
6.567789325E0,-1.264138460E0,-9.552865028E0,1.472434044E0,9.747991501E0
6.569787880E0,-1.261744261E0,-9.581595421E0,1.491587639E0,9.778742408E0
6.571786942E0,-1.256955862E0,-9.591172218E0,1.491587639E0,9.787510217E0
6.573785653E0,-1.256955862E0,-9.598354340E0,1.508347034E0,9.797114618E0
6.575784208E0,-1.252167463E0,-9.600749016E0,1.537077546E0,9.803311298E0
6.577781513E0,-1.252167463E0,-9.615114212E0,1.546654344E0,9.818884067E0
6.579779833E0,-1.252167463E0,-9.619902611E0,1.549048543E0,9.823950376E0
6.581777216E0,-1.237802267E0,-9.648633003E0,1.556231141E0,9.851402370E0
6.583775458E0,-1.216254473E0,-9.667786598E0,1.568202138E0,9.869378430E0
6.585774442E0,-1.199495077E0,-9.665391922E0,1.572990537E0,9.865743189E0
6.587772138E0,-1.228225470E0,-9.607931137E0,1.592144132E0,9.816099097E0
6.589770966E0,-1.244984865E0,-9.670180321E0,1.604115129E0,9.881070797E0
6.591768974E0,-1.204283476E0,-9.722852707E0,1.618480325E0,9.929936657E0
6.593766747E0,-1.189918280E0,-9.655815125E0,1.649604917E0,9.867718460E0
6.595763974E0,-1.209071875E0,-9.646238327E0,1.654393315E0,9.861479904E0
6.597761395E0,-1.249773264E0,-9.665391922E0,1.663970232E0,9.886886828E0
6.599758583E0,-1.237802267E0,-9.718064308E0,1.675941229E0,9.938898699E0
6.601755341E0,-1.189918280E0,-9.718064308E0,1.690306425E0,9.935482637E0
6.603752997E0,-1.122880578E0,-9.682151794E0,1.697489023E0,9.893755260E0
6.605750927E0,-1.053448796E0,-9.603142738E0,1.719036818E0,9.812501842E0
6.607748661E0,-1.017535686E0,-9.516951561E0,1.742978811E0,9.728603241E0
6.609746317E0,-1.007958889E0,-9.471462250E0,1.769315004E0,9.687881804E0
6.611744013E0,-9.983820915E-1,-9.421183586E0,1.817199111E0,9.646640844E0
6.613740575E0,-9.744400978E-1,-9.418789864E0,1.860294700E0,9.650069034E0
6.615739013E0,-9.528923035E-1,-9.440337181E0,1.896207690E0,9.675927523E0
6.617738036E0,-9.361328483E-1,-9.485827446E0,1.922544003E0,9.723859444E0
6.619735614E0,-9.217676520E-1,-9.509769440E0,1.951274395E0,9.751555884E0
6.621733778E0,-9.145850539E-1,-9.519346237E0,1.982398987E0,9.766489868E0
6.623732567E0,-9.409212470E-1,-9.524134636E0,2.018311977E0,9.781004887E0
6.625730770E0,-9.433154464E-1,-9.555258751E0,2.027888775E0,9.813518569E0
6.627729169E0,-9.433154464E-1,-9.629479408E0,2.011129379E0,9.882376186E0
6.629728153E0,-9.433154464E-1,-9.684545517E0,1.975216389E0,9.928834055E0
6.631727763E0,-9.169792533E-1,-9.718064308E0,1.927332401E0,9.949685173E0
6.633726200E0,-9.002198577E-1,-9.710882187E0,1.881842494E0,9.932419635E0
6.635724052E0,-9.026140571E-1,-9.682151794E0,1.841141105E0,9.896897295E0
6.637722528E0,-9.265560508E-1,-9.660603523E0,1.810016513E0,9.872280705E0
6.639720770E0,-9.816226959E-1,-9.593565941E0,1.795651317E0,9.809406416E0
6.641719130E0,-1.017535686E0,-9.560047150E0,1.798045516E0,9.780738625E0
6.643716903E0,-1.110909581E0,-9.478644371E0,1.793257117E0,9.710540165E0
6.645714950E0,-1.182735682E0,-9.392453194E0,1.821987510E0,9.640367170E0
6.647713349E0,-1.230619669E0,-9.337387085E0,1.867477298E0,9.601494353E0
6.649711786E0,-1.280897856E0,-9.397241592E0,1.920149803E0,9.676560553E0
6.651710810E0,-1.328781962E0,-9.481039047E0,1.939303398E0,9.768145197E0
6.653709208E0,-1.340752959E0,-9.583989143E0,1.936909199E0,9.869249396E0
6.655708192E0,-1.316810966E0,-9.662998199E0,1.912967205E0,9.938157216E0
6.657706005E0,-1.297657371E0,-9.689333916E0,1.905784607E0,9.959875569E0
6.659704013E0,-1.235408068E0,-9.689333916E0,1.886630893E0,9.948306436E0
6.661703192E0,-1.201889277E0,-9.603142738E0,1.898601890E0,9.862534026E0
6.663701786E0,-1.244984865E0,-9.526528358E0,1.929726601E0,9.799417056E0
6.665700888E0,-1.302445769E0,-9.500192642E0,1.951274395E0,9.785575966E0
6.667699013E0,-1.379060149E0,-9.478644371E0,1.972822189E0,9.779495560E0
6.669697489E0,-1.446097851E0,-9.493009567E0,2.013523579E0,9.811356014E0
6.671695927E0,-1.467645645E0,-9.509769440E0,2.027888775E0,9.833719104E0
6.673694677E0,-1.462857246E0,-9.519346237E0,2.044648170E0,9.845734622E0
6.675693114E0,-1.460463047E0,-9.509769440E0,2.061407566E0,9.839617282E0
6.677691630E0,-1.422155857E0,-9.536105156E0,2.063801765E0,9.859974977E0
6.679690067E0,-1.355118155E0,-9.564835548E0,2.063801765E0,9.878345105E0
6.681688231E0,-1.307234168E0,-9.617507935E0,2.054224968E0,9.920945533E0
6.683686122E0,-1.244984865E0,-9.689333916E0,2.035071373E0,9.978712068E0
6.685683583E0,-1.163581967E0,-9.720458984E0,1.999158382E0,9.991890717E0
6.687680888E0,-1.132457376E0,-9.701305389E0,1.984793186E0,9.966804400E0
6.689679208E0,-1.096544385E0,-9.629479408E0,1.970427990E0,9.889988358E0
6.691677567E0,-1.089361787E0,-9.586383820E0,1.958456993E0,9.844847263E0
6.693676552E0,-1.103726983E0,-9.560047150E0,1.960851192E0,9.821285667E0
6.695675419E0,-1.125274777E0,-9.538499832E0,1.963245392E0,9.803242058E0
6.697674169E0,-1.154005170E0,-9.481039047E0,1.963245392E0,9.750700581E0
6.699672411E0,-1.189918280E0,-9.466673851E0,1.994369984E0,9.747375593E0
6.701671005E0,-1.216254473E0,-9.490615845E0,1.994369984E0,9.773872093E0
6.703670380E0,-1.228225470E0,-9.507374763E0,1.989581585E0,9.790666350E0
6.705668075E0,-1.237802267E0,-9.538499832E0,1.987187386E0,9.821611233E0
6.707666435E0,-1.240196466E0,-9.536105156E0,1.970427990E0,9.816209823E0
6.709664130E0,-1.271321058E0,-9.521739960E0,1.963245392E0,9.804800945E0
6.711662255E0,-1.307234168E0,-9.507374763E0,1.951274395E0,9.793186807E0
6.713660263E0,-1.345541358E0,-9.466673851E0,1.948880196E0,9.758408137E0
6.715658114E0,-1.398213744E0,-9.476250648E0,1.953668594E0,9.776049765E0
6.717656005E0,-1.434126854E0,-9.490615845E0,1.932120800E0,9.790893715E0
6.719653700E0,-1.450886250E0,-9.507374763E0,1.927332401E0,9.808662293E0
6.721651278E0,-1.491587639E0,-9.524134636E0,1.932120800E0,9.831941061E0
6.723648935E0,-1.520318031E0,-9.579200745E0,1.910573006E0,9.885481426E0
6.725646942E0,-1.486799240E0,-9.636661530E0,1.877054095E0,9.929710444E0
6.727644091E0,-1.460463047E0,-9.634267807E0,1.877054095E0,9.923477242E0
6.729642411E0,-1.443703651E0,-9.603142738E0,1.874659896E0,9.890347841E0
6.731640770E0,-1.436521053E0,-9.545681953E0,1.872265697E0,9.833057283E0
6.733638739E0,-1.436521053E0,-9.531316757E0,1.872265697E0,9.819112521E0
6.735637294E0,-1.422155857E0,-9.533711433E0,1.865083098E0,9.817979219E0
6.737634403E0,-1.400607944E0,-9.540893555E0,1.853112102E0,9.819591483E0
6.739632294E0,-1.379060149E0,-9.536105156E0,1.869871497E0,9.815066370E0
6.741630341E0,-1.352723956E0,-9.509769440E0,1.884236693E0,9.788560916E0
6.743628192E0,-1.314416766E0,-9.512163162E0,1.867477298E0,9.782454238E0
6.745626513E0,-1.266532660E0,-9.536105156E0,1.857900500E0,9.797611994E0
6.747624716E0,-1.216254473E0,-9.533711433E0,1.860294700E0,9.789362850E0
6.749622763E0,-1.201889277E0,-9.514557838E0,1.848323703E0,9.766660084E0
6.751621395E0,-1.194706678E0,-9.469067574E0,1.843535304E0,9.720554880E0
6.753618270E0,-1.194706678E0,-9.397241592E0,1.848323703E0,9.651516674E0
6.755615770E0,-1.221042871E0,-9.315838814E0,1.865083098E0,9.578848233E0
6.757613856E0,-1.259350061E0,-9.272743225E0,1.898601890E0,9.548529658E0
6.759612802E0,-1.249773264E0,-9.267954826E0,1.915361404E0,9.545969264E0
6.761611630E0,-1.249773264E0,-9.258378029E0,1.941697598E0,9.541995939E0
6.763609950E0,-1.261744261E0,-9.224859238E0,1.963245392E0,9.515479967E0
6.765608895E0,-1.271321058E0,-9.208099365E0,1.975216389E0,9.502990631E0
6.767607528E0,-1.278503656E0,-9.157821655E0,2.001552582E0,9.460786532E0
6.769605614E0,-1.300051570E0,-9.090784073E0,2.032677174E0,9.405544409E0
6.771603778E0,-1.302445769E0,-9.052476883E0,2.073378563E0,9.377771663E0
6.773601513E0,-1.268926859E0,-9.066842079E0,2.102109194E0,9.393437269E0
6.775599364E0,-1.216254473E0,-9.066842079E0,2.116474390E0,9.389694568E0
6.777597567E0,-1.154005170E0,-9.088389397E0,2.140416384E0,9.408078021E0
6.779596630E0,-1.106121182E0,-9.090784073E0,2.183511972E0,9.414541076E0
6.781595185E0,-1.094150186E0,-9.085995674E0,2.202665567E0,9.412981335E0
6.783593739E0,-1.058237195E0,-9.097966194E0,2.219424963E0,9.424367459E0
6.785591981E0,-1.031900883E0,-9.076418877E0,2.229001760E0,9.402906354E0
6.787590770E0,-1.007958889E0,-9.069235802E0,2.255337954E0,9.399657889E0
6.789588505E0,-9.816226959E-1,-9.105149269E0,2.269703150E0,9.434981649E0
6.791586474E0,-9.528923035E-1,-9.136273384E0,2.252943754E0,9.458078592E0
6.793584911E0,-9.265560508E-1,-9.143456459E0,2.236184359E0,9.458426012E0
6.795583974E0,-9.385270476E-1,-9.119514465E0,2.262520552E0,9.442741993E0
6.797582372E0,-9.624691010E-1,-9.088389397E0,2.272097349E0,9.417409143E0
6.799580966E0,-1.012747288E0,-9.033323288E0,2.279279947E0,9.371323480E0
6.801578583E0,-1.053448796E0,-8.990227699E0,2.276885748E0,9.333710793E0
6.803576317E0,-1.074996591E0,-9.026140213E0,2.281674147E0,9.371918786E0
6.805574442E0,-1.086967587E0,-9.074024200E0,2.303221941E0,9.424661534E0
6.807573192E0,-1.084573388E0,-9.083600998E0,2.324769735E0,9.438890869E0
6.809570810E0,-1.089361787E0,-9.059659004E0,2.353500366E0,9.423539375E0
6.811568817E0,-1.101332784E0,-9.038111687E0,2.367865562E0,9.407825683E0
6.813566356E0,-1.142034173E0,-8.944737434E0,2.415749550E0,9.335331580E0
6.815563935E0,-1.177947283E0,-8.872911453E0,2.463633537E0,9.283620396E0
6.817561981E0,-1.221042871E0,-8.841787338E0,2.513911724E0,9.272966148E0
6.819561435E0,-1.244984865E0,-8.911218643E0,2.564189911E0,9.356007424E0
6.821559755E0,-1.266532660E0,-8.971074104E0,2.616862535E0,9.430389445E0
6.823558036E0,-1.254561663E0,-8.997409821E0,2.662352324E0,9.466542576E0
6.825555692E0,-1.266532660E0,-9.002198219E0,2.717418909E0,9.488310876E0
6.827553778E0,-1.261744261E0,-8.990227699E0,2.741360903E0,9.483208964E0
6.829551747E0,-1.254561663E0,-8.956708908E0,2.777273893E0,9.460962409E0
6.831550927E0,-1.261744261E0,-9.016563416E0,2.825158119E0,9.532677106E0
6.833549208E0,-1.249773264E0,-9.090784073E0,2.873042107E0,9.615542586E0
6.835548036E0,-1.221042871E0,-9.167398453E0,2.887407303E0,9.688615021E0
6.837545575E0,-1.165976286E0,-9.224859238E0,2.889801502E0,9.736964690E0
6.839542763E0,-1.130063176E0,-9.265560150E0,2.904166698E0,9.775573226E0
6.841540419E0,-1.118092179E0,-9.294290543E0,2.913743496E0,9.804278044E0
6.843538700E0,-1.130063176E0,-9.296685219E0,2.925714493E0,9.811483279E0
6.845537333E0,-1.154005170E0,-9.260771751E0,2.942473888E0,9.785283539E0
6.847537099E0,-1.168370485E0,-9.325415611E0,2.949656487E0,9.850326863E0
6.849534950E0,-1.192312479E0,-9.440337181E0,2.952050686E0,9.962739502E0
6.851533739E0,-1.197100878E0,-9.550470352E0,2.944868088E0,1.006562380E1
6.853532372E0,-1.182735682E0,-9.636661530E0,2.916137695E0,1.013745373E1
6.855531552E0,-1.175553083E0,-9.665391922E0,2.875436306E0,1.015233274E1
6.857530653E0,-1.168370485E0,-9.646238327E0,2.849100113E0,1.012582712E1
6.859529872E0,-1.173158884E0,-9.629479408E0,2.829946518E0,1.010503700E1
6.861526747E0,-1.204283476E0,-9.555258751E0,2.808398485E0,1.003196743E1
6.863524169E0,-1.276109457E0,-9.437943459E0,2.817975283E0,9.931979499E0
6.865522372E0,-1.333570361E0,-9.404424667E0,2.851494312E0,9.917289602E0
6.867521239E0,-1.388636947E0,-9.421183586E0,2.894589901E0,9.953173536E0
6.869519403E0,-1.431732655E0,-9.469067574E0,2.944868088E0,1.001924883E1
6.871518075E0,-1.467645645E0,-9.512163162E0,2.971204281E0,1.007289862E1
6.873516552E0,-1.482010841E0,-9.524134636E0,2.985569477E0,1.009054616E1
6.875515614E0,-1.489193439E0,-9.500192642E0,3.028665066E0,1.008187331E1
6.877513544E0,-1.472434044E0,-9.488221169E0,3.090914488E0,1.008702906E1
6.879512255E0,-1.455674648E0,-9.454702377E0,3.165134668E0,1.007613335E1
6.881510614E0,-1.434126854E0,-9.416395187E0,3.239354849E0,1.006074739E1
6.883508388E0,-1.424550056E0,-9.430760384E0,3.308786631E0,1.009537782E1
6.885505341E0,-1.431732655E0,-9.469067574E0,3.366247654E0,1.015109464E1
6.887502606E0,-1.414973259E0,-9.512163162E0,3.402160645E0,1.020088694E1
6.889501005E0,-1.386242747E0,-9.521739960E0,3.411737442E0,1.020907210E1
6.891499989E0,-1.345541358E0,-9.533711433E0,3.445256233E0,1.022604155E1
6.893498739E0,-1.335964561E0,-9.531316757E0,3.481169224E0,1.023471248E1
6.895496747E0,-1.309628367E0,-9.509769440E0,3.512293816E0,1.022189068E1
6.897493778E0,-1.297657371E0,-9.454702377E0,3.521870613E0,1.017245714E1
6.899491278E0,-1.292868972E0,-9.440337181E0,3.538630009E0,1.016431890E1
6.901489520E0,-1.288080573E0,-9.397241592E0,3.557783842E0,1.013040606E1
6.903486474E0,-1.319205165E0,-9.382876396E0,3.579331636E0,1.012868633E1
6.905484481E0,-1.350329757E0,-9.390059471E0,3.574543238E0,1.013774959E1
6.907483036E0,-1.398213744E0,-9.404424667E0,3.557783842E0,1.015165163E1
6.909481317E0,-1.422155857E0,-9.399636269E0,3.555389643E0,1.014970368E1
6.911481044E0,-1.508347034E0,-9.464279175E0,3.541024208E0,1.021697331E1
6.913479677E0,-1.601720929E0,-9.567230225E0,3.507505417E0,1.031503749E1
6.915478270E0,-1.620874524E0,-9.619902611E0,3.452438831E0,1.034838607E1
6.917476161E0,-1.618480325E0,-9.583989143E0,3.421314240E0,1.030425726E1
6.919473739E0,-1.640028119E0,-9.490615845E0,3.390189648E0,1.021052727E1
6.921471317E0,-1.678335428E0,-9.437943459E0,3.380612850E0,1.016465099E1
6.923470224E0,-1.745373011E0,-9.344569206E0,3.373430252E0,1.008698827E1
6.925468075E0,-1.810016513E0,-9.279925346E0,3.380612850E0,1.004100182E1
6.927464989E0,-1.855506301E0,-9.255983353E0,3.368641853E0,1.002316713E1
6.929462919E0,-1.891419291E0,-9.260771751E0,3.378218651E0,1.003751571E1
6.931460185E0,-1.908178806E0,-9.267954826E0,3.378218651E0,1.004731279E1
6.933458505E0,-1.924938202E0,-9.263166428E0,3.385401249E0,1.004851138E1
6.935457255E0,-1.929726601E0,-9.255983353E0,3.385401249E0,1.004280908E1
6.937455653E0,-1.941697598E0,-9.251194954E0,3.385401249E0,1.004070412E1
6.939452685E0,-1.936909199E0,-9.220070839E0,3.383007050E0,1.001029771E1
6.941449950E0,-1.953668594E0,-9.172186852E0,3.368641853E0,9.964616428E0
6.943447060E0,-1.953668594E0,-9.100360870E0,3.385401249E0,9.904258204E0
6.945444677E0,-1.968033791E0,-9.026140213E0,3.390189648E0,9.840617358E0
6.947441825E0,-1.980004787E0,-8.973467827E0,3.402160645E0,9.798889776E0
6.949439442E0,-2.003946781E0,-8.913613319E0,3.418920040E0,9.754861319E0
6.951437216E0,-2.013523579E0,-8.872911453E0,3.421314240E0,9.720505439E0
6.953434638E0,-2.020706177E0,-8.834604263E0,3.428496838E0,9.689585982E0
6.955432255E0,-2.008735180E0,-8.822632790E0,3.442862034E0,9.681279117E0
6.957429677E0,-1.982398987E0,-8.822632790E0,3.459621429E0,9.681825010E0
6.959427489E0,-1.963245392E0,-8.820239067E0,3.459621429E0,9.675739254E0
6.961425302E0,-1.908178806E0,-8.815450668E0,3.464409828E0,9.662062528E0
6.963423739E0,-1.853112102E0,-8.791508675E0,3.473986626E0,9.632924390E0
6.965420927E0,-1.805228114E0,-8.755595207E0,3.497928619E0,9.599729194E0
6.967419286E0,-1.778891921E0,-8.743624687E0,3.497928619E0,9.583889282E0
6.969417255E0,-1.723825216E0,-8.726864815E0,3.507505417E0,9.562025785E0
6.971415849E0,-1.675941229E0,-8.707711220E0,3.512293816E0,9.537778648E0
6.973413739E0,-1.623268723E0,-8.690952301E0,3.517082214E0,9.515120627E0
6.975411591E0,-1.582567334E0,-8.669404030E0,3.531447411E0,9.493903645E0
6.977409989E0,-1.539471745E0,-8.652645111E0,3.541024208E0,9.475077473E0
6.979408856E0,-1.489193439E0,-8.645462036E0,3.531447411E0,9.456893345E0
6.981407606E0,-1.458068848E0,-8.640673637E0,3.531447411E0,9.447662488E0
6.983406552E0,-1.446097851E0,-8.645462036E0,3.545812607E0,9.455580355E0
6.985405067E0,-1.422155857E0,-8.647856712E0,3.562572241E0,9.460437303E0
6.987402411E0,-1.383848548E0,-8.638279915E0,3.579331636E0,9.452329430E0
6.989401005E0,-1.340752959E0,-8.643068314E0,3.612850428E0,9.463241336E0
6.991399052E0,-1.323993564E0,-8.631096840E0,3.639186621E0,9.460046029E0
6.993396474E0,-1.314416766E0,-8.611943245E0,3.670311213E0,9.453276802E0
6.995393544E0,-1.309628367E0,-8.595184326E0,3.715801001E0,9.455130731E0
6.997392020E0,-1.309628367E0,-8.583212852E0,3.737348795E0,9.452748031E0
6.999389833E0,-1.307234168E0,-8.556877136E0,3.790021181E0,9.449511524E0
7.001387802E0,-1.328781962E0,-8.530540466E0,3.852270603E0,9.453875975E0
7.003385419E0,-1.335964561E0,-8.504204750E0,3.916913986E0,9.457722501E0
7.005383310E0,-1.340752959E0,-8.477868080E0,3.979163170E0,9.460740204E0
7.007381864E0,-1.350329757E0,-8.441955566E0,4.060565948E0,9.464576063E0
7.009380419E0,-1.441309452E0,-8.322244644E0,4.173093796E0,9.420819533E0
7.011378778E0,-1.505952835E0,-8.221688271E0,4.256890774E0,9.380041099E0
7.013377802E0,-1.501164436E0,-8.236053467E0,4.271255970E0,9.398388103E0
7.015376317E0,-1.482010841E0,-8.281543732E0,4.328716755E0,9.461401136E0
7.017375497E0,-1.501164436E0,-8.305485725E0,4.407725334E0,9.521692624E0
7.019373895E0,-1.510741234E0,-8.367734909E0,4.453215122E0,9.598565076E0
7.021372333E0,-1.520318031E0,-8.386888504E0,4.503493309E0,9.640161704E0
7.023370380E0,-1.510741234E0,-8.410830498E0,4.520252705E0,9.667320893E0
7.025369677E0,-1.501164436E0,-8.437167168E0,4.529829502E0,9.693226491E0
7.027369013E0,-1.474828243E0,-8.410830498E0,4.537012100E0,9.669625991E0
7.029369091E0,-1.458068848E0,-8.408436775E0,4.544194698E0,9.668375211E0
7.031367060E0,-1.424550056E0,-8.475474358E0,4.548983097E0,9.724004096E0
7.033365653E0,-1.379060149E0,-8.561665535E0,4.520252705E0,9.779397126E0
7.035364442E0,-1.352723956E0,-8.623914719E0,4.505887508E0,9.823685124E0
7.037362567E0,-1.333570361E0,-8.686163902E0,4.477157116E0,9.862696847E0
7.039360028E0,-1.264138460E0,-8.810662270E0,4.431667328E0,9.943112741E0
7.041357372E0,-1.206677675E0,-8.899248123E0,4.402936935E0,1.000192691E1
7.043355341E0,-1.161187768E0,-8.978256226E0,4.343081951E0,1.004090647E1
7.045353192E0,-1.130063176E0,-9.014169693E0,4.309563160E0,1.005507994E1
7.047352099E0,-1.096544385E0,-9.088389397E0,4.249708176E0,1.009263350E1
7.049350731E0,-1.103726983E0,-9.167398453E0,4.177882195E0,1.013479685E1
7.051348466E0,-1.132457376E0,-9.203310966E0,4.115632534E0,1.014503936E1
7.053346474E0,-1.189918280E0,-9.212887764E0,4.031835556E0,1.012664329E1
7.055344520E0,-1.254561663E0,-9.210494041E0,3.952826977E0,1.010108739E1
7.057344364E0,-1.328781962E0,-9.203310966E0,3.897760391E0,1.008261525E1
7.059343895E0,-1.374271750E0,-9.160215378E0,3.871424198E0,1.003922776E1
7.061342216E0,-1.474828243E0,-9.129091263E0,3.825934410E0,1.000765706E1
7.063341161E0,-1.582567334E0,-9.054870605E0,3.806780815E0,9.949210080E0
7.065338739E0,-1.680729628E0,-8.968679428E0,3.821146011E0,9.892584071E0
7.067336747E0,-1.747767210E0,-8.875306129E0,3.849876404E0,9.830935736E0
7.069335536E0,-1.810016513E0,-8.791508675E0,3.909731388E0,9.790443508E0
7.071333544E0,-1.893813491E0,-8.698134422E0,3.998316765E0,9.758617162E0
7.073330770E0,-1.980004787E0,-8.628703117E0,4.091690540E0,9.752787700E0
7.075328974E0,-2.020706177E0,-8.590395927E0,4.134786129E0,9.745491880E0
7.077327060E0,-2.104503393E0,-8.504204750E0,4.232948780E0,9.729763015E0
7.079325458E0,-2.145204782E0,-8.477868080E0,4.314351559E0,9.751398880E0
7.081323114E0,-2.164358377E0,-8.437167168E0,4.376600742E0,9.748070120E0
7.083321395E0,-2.169146776E0,-8.370129585E0,4.453215122E0,9.726016242E0
7.085318583E0,-2.157175779E0,-8.353369713E0,4.493916512E0,9.727665625E0
7.087315458E0,-2.102109194E0,-8.391676903E0,4.505887508E0,9.754082558E0
7.089312372E0,-2.035071373E0,-8.401253700E0,4.517858505E0,9.753646739E0
7.091309520E0,-2.008735180E0,-8.394071579E0,4.520252705E0,9.743107267E0
7.093307060E0,-1.982398987E0,-8.355764389E0,4.539406300E0,9.713645753E0
7.095305458E0,-1.984793186E0,-8.276755333E0,4.565742493E0,9.658679379E0
7.097303974E0,-1.972822189E0,-8.264783859E0,4.563348293E0,9.644834228E0
7.099303114E0,-1.853112102E0,-8.305485725E0,4.501099110E0,9.626786109E0
7.101301278E0,-1.802833915E0,-8.343792915E0,4.472368717E0,9.636969040E0
7.103299403E0,-1.747767210E0,-8.300697327E0,4.441244125E0,9.575015181E0
7.105297489E0,-1.656787634E0,-8.307879448E0,4.393360138E0,9.542925101E0
7.107295927E0,-1.620874524E0,-8.334216118E0,4.378994942E0,9.553114111E0
7.109294442E0,-1.623268723E0,-8.449137688E0,4.340687752E0,9.636622809E0
7.111292958E0,-1.659181833E0,-8.547300339E0,4.290409565E0,9.706536028E0
7.113291435E0,-1.651999116E0,-8.592789650E0,4.237737179E0,9.722322328E0
7.115288895E0,-1.644816518E0,-8.576030731E0,4.185064793E0,9.683413231E0
7.117287372E0,-1.640028119E0,-8.537723541E0,4.146757126E0,9.632134247E0
7.119285145E0,-1.642422318E0,-8.504204750E0,4.113238335E0,9.588419009E0
7.121282411E0,-1.640028119E0,-8.511386871E0,4.098873138E0,9.588230270E0
7.123279169E0,-1.628057122E0,-8.516175270E0,4.084507942E0,9.584310948E0
7.125276591E0,-1.616086125E0,-8.501810074E0,4.067748547E0,9.562378738E0
7.127274208E0,-1.630451322E0,-8.429984093E0,4.089296341E0,9.510275910E0
7.129272411E0,-1.628057122E0,-8.386888504E0,4.108449936E0,9.479969918E0
7.131269950E0,-1.584961534E0,-8.319850922E0,4.134786129E0,9.424886140E0
7.133268388E0,-1.544260144E0,-8.219294548E0,4.194641590E0,9.356097495E0
7.135266786E0,-1.596932530E0,-8.269572258E0,4.242525578E0,9.430537743E0
7.137265536E0,-1.632845521E0,-8.319850922E0,4.264073372E0,9.490438640E0
7.139263466E0,-1.719036818E0,-8.413225174E0,4.304774761E0,9.605651001E0
7.141261005E0,-1.762132406E0,-8.453926086E0,4.338293552E0,9.664096845E0
7.143259638E0,-1.795651317E0,-8.444349289E0,4.400542736E0,9.690003867E0
7.145257763E0,-1.810016513E0,-8.398859978E0,4.465186119E0,9.682711179E0
7.147255731E0,-1.821987510E0,-8.343792915E0,4.548983097E0,9.676350857E0
7.149253310E0,-1.824381709E0,-8.291120529E0,4.620809078E0,9.665553517E0
7.151250888E0,-1.826775908E0,-8.238448143E0,4.721365929E0,9.669562258E0
7.153248075E0,-1.857900500E0,-8.207323074E0,4.774038315E0,9.674884400E0
7.155245849E0,-1.920149803E0,-8.101978302E0,4.867412090E0,9.644725405E0
7.157243661E0,-1.929726601E0,-8.018181801E0,4.958391666E0,9.622927416E0
7.159242372E0,-1.905784607E0,-8.018181801E0,5.058948040E0,9.670377947E0
7.161239911E0,-1.936909199E0,-8.106766701E0,5.130774021E0,9.787549522E0
7.163237255E0,-1.975216389E0,-8.214506149E0,5.197812080E0,9.919518208E0
7.165234520E0,-1.991975784E0,-8.360552788E0,5.219359875E0,1.005527364E1
7.167232333E0,-2.011129379E0,-8.497021675E0,5.183446884E0,1.015441482E1
7.169230106E0,-2.003946781E0,-8.549694061E0,5.149928093E0,1.018011938E1
7.171227880E0,-1.944091797E0,-8.611943245E0,5.085284233E0,1.018848247E1
7.173225302E0,-1.884236693E0,-8.640673637E0,5.003881454E0,1.016122131E1
7.175222020E0,-1.798045516E0,-8.609549522E0,4.915296078E0,1.007558664E1
7.177218544E0,-1.747767210E0,-8.611943245E0,4.841075897E0,1.003275997E1
7.179216122E0,-1.752555609E0,-8.688557625E0,4.745307922E0,1.005387647E1
7.181212958E0,-1.781286120E0,-8.777143478E0,4.654327869E0,1.009326487E1
7.183210145E0,-1.778891921E0,-8.801085472E0,4.599261284E0,1.008844717E1
7.185208505E0,-1.776497602E0,-8.784325600E0,4.515464306E0,1.003542415E1
7.187207216E0,-1.793257117E0,-8.707711220E0,4.441244125E0,9.938040811E0
7.189205536E0,-1.810016513E0,-8.623914719E0,4.367023945E0,9.834579960E0
7.191202841E0,-1.860294700E0,-8.513781548E0,4.328716755E0,9.730517014E0
7.193199911E0,-1.922544003E0,-8.396465302E0,4.316745758E0,9.634889669E0
7.195196825E0,-2.018311977E0,-8.307879448E0,4.314351559E0,9.576433236E0
7.197194677E0,-2.078166962E0,-8.245630264E0,4.328716755E0,9.541854386E0
7.199192606E0,-2.106897593E0,-8.226476669E0,4.343081951E0,9.538149542E0
7.201190145E0,-2.157175779E0,-8.200140953E0,4.374206543E0,9.540932967E0
7.203188466E0,-2.190694571E0,-8.173804283E0,4.400542736E0,9.538081334E0
7.205185888E0,-2.214636564E0,-8.149862289E0,4.419696331E0,9.531977030E0
7.207182802E0,-2.221819162E0,-8.130708694E0,4.467580318E0,9.539611007E0
7.209179872E0,-2.229001760E0,-8.085219383E0,4.544194698E0,9.538811602E0
7.211177216E0,-2.240972757E0,-7.967903137E0,4.613626480E0,9.476021771E0
7.213175614E0,-2.248155355E0,-7.879317760E0,4.687847137E0,9.440008562E0
7.215173153E0,-2.229001760E0,-7.891288757E0,4.716577530E0,9.459756376E0
7.217171825E0,-2.159569979E0,-7.934384346E0,4.776432514E0,9.509600675E0
7.219169833E0,-2.109291792E0,-7.908048153E0,4.862623692E0,9.520054969E0
7.221168427E0,-2.056619167E0,-7.905653954E0,4.896142483E0,9.523720809E0
7.223166005E0,-1.996764183E0,-7.922413349E0,4.908113480E0,9.531069111E0
7.225162802E0,-1.944091797E0,-7.912836552E0,4.922478676E0,9.519625598E0
7.227159677E0,-1.905784607E0,-7.884106159E0,4.939238071E0,9.496695090E0
7.229156395E0,-1.891419291E0,-7.838616371E0,4.912901878E0,9.442350259E0
7.231153700E0,-1.889025092E0,-7.809885979E0,4.912901878E0,9.418032686E0
7.233151161E0,-1.872265697E0,-7.788338184E0,4.912901878E0,9.396818365E0
7.235149442E0,-1.843535304E0,-7.778761387E0,4.896142483E0,9.374431308E0
7.237147177E0,-1.843535304E0,-7.738059998E0,4.903325081E0,9.344452461E0
7.239144950E0,-1.908178806E0,-7.563282967E0,5.109226227E0,9.324622685E0
7.241142450E0,-1.975216389E0,-7.596801758E0,5.049371243E0,9.333221666E0
7.243140185E0,-1.757344007E0,-7.663839817E0,4.865017891E0,9.246139615E0
7.245136083E0,-1.675941229E0,-7.659051418E0,4.831499100E0,9.209409926E0
7.247132294E0,-1.635239720E0,-7.572859764E0,4.769249916E0,9.097689746E0
7.249128856E0,-1.563413739E0,-7.501033783E0,4.707000732E0,8.992531692E0
7.251124989E0,-1.505952835E0,-7.450755596E0,4.637568474E0,8.904419927E0
7.253121161E0,-1.496376038E0,-7.414842606E0,4.580107689E0,8.842873885E0
7.255118075E0,-1.503558636E0,-7.376535416E0,4.551377296E0,8.797101716E0
7.257114716E0,-1.539471745E0,-7.304709435E0,4.575319290E0,8.755700988E0
7.259111083E0,-1.558625340E0,-7.266402245E0,4.651933670E0,8.767576712E0
7.261108036E0,-1.575384736E0,-7.254431248E0,4.707000732E0,8.790020801E0
7.263105263E0,-1.599326730E0,-7.204153061E0,4.814739704E0,8.811321452E0
7.265102450E0,-1.596932530E0,-7.129932880E0,4.910507679E0,8.803364246E0
7.267099286E0,-1.558625340E0,-7.091625214E0,5.044582844E0,8.841282553E0
7.269096747E0,-1.558625340E0,-7.096413612E0,5.190629482E0,8.929223568E0
7.271093935E0,-1.613691926E0,-7.122750282E0,5.358223438E0,9.058042373E0
7.273091474E0,-1.742978811E0,-7.115567684E0,5.705382824E0,9.285508698E0
7.275088622E0,-1.766920805E0,-7.187393665E0,5.762843609E0,9.380351981E0
7.277086122E0,-1.697489023E0,-7.211335659E0,5.710171223E0,9.353656310E0
7.279083310E0,-1.594538331E0,-7.211335659E0,5.669469833E0,9.310682181E0
7.281080927E0,-1.575384736E0,-7.158663273E0,5.652710438E0,9.256426536E0
7.283078505E0,-1.539471745E0,-7.110779285E0,5.633556366E0,9.201636410E0
7.285075185E0,-1.508347034E0,-7.058106422E0,5.583278179E0,9.124964234E0
7.287072216E0,-1.498770237E0,-6.947973251E0,5.571307182E0,9.031063517E0
7.289068778E0,-1.441309452E0,-6.818686485E0,5.583278179E0,8.929997399E0
7.291064481E0,-1.429338455E0,-6.816292286E0,5.583278179E0,8.926244685E0
7.293061239E0,-1.393425345E0,-6.892906666E0,5.600037575E0,8.989672816E0
7.295057724E0,-1.364694953E0,-7.017405033E0,5.619191170E0,9.092946449E0
7.297053856E0,-1.379060149E0,-7.117961884E0,5.628767967E0,9.178791702E0
7.299050575E0,-1.403002143E0,-7.074865818E0,5.698200226E0,9.191932722E0
7.301047606E0,-1.350329757E0,-7.115567684E0,5.784391403E0,9.268973936E0
7.303044013E0,-1.278503656E0,-7.235277653E0,5.827486992E0,9.377815255E0
7.305040536E0,-1.233013868E0,-7.335834026E0,5.817910194E0,9.443667883E0
7.307037528E0,-1.221042871E0,-7.376535416E0,5.793968201E0,9.459084942E0
7.309034013E0,-1.189918280E0,-7.424419403E0,5.726930618E0,9.451753451E0
7.311031356E0,-1.223437071E0,-7.491456985E0,5.693411827E0,9.488607077E0
7.313027802E0,-1.199495077E0,-7.563282967E0,5.710171223E0,9.552386773E0
7.315023505E0,-1.118092179E0,-7.594407558E0,5.688623428E0,9.554349418E0
7.317020536E0,-1.070208192E0,-7.551311970E0,5.623979568E0,9.476117571E0
7.319017411E0,-1.110909581E0,-7.565677166E0,5.647922039E0,9.506451201E0
7.321014442E0,-1.244984865E0,-7.474697590E0,5.908889771E0,9.609165921E0
7.323011200E0,-1.374271750E0,-7.455543995E0,5.990292549E0,9.662161452E0
7.325008427E0,-1.388636947E0,-7.577648163E0,5.659893036E0,9.559469307E0
7.327005145E0,-1.187524080E0,-7.599195957E0,5.516240597E0,9.465035814E0
7.329002294E0,-1.221042871E0,-7.469909191E0,5.518634796E0,9.367273831E0
7.330999364E0,-1.254561663E0,-7.410054207E0,5.647922039E0,9.401162251E0
7.332996356E0,-1.225831270E0,-7.285555840E0,5.714959621E0,9.340382737E0
7.334993427E0,-1.228225470E0,-7.053318024E0,5.729324818E0,9.169678065E0
7.336989599E0,-1.230619669E0,-6.921637058E0,5.755661011E0,9.085764580E0
7.338985927E0,-1.302445769E0,-6.770802498E0,5.877765179E0,9.060256892E0
7.340982645E0,-1.422155857E0,-6.643909931E0,6.275202751E0,9.248904585E0
7.342979247E0,-1.647210717E0,-6.610390663E0,6.426037312E0,9.365069321E0
7.344976278E0,-1.510741234E0,-6.677428722E0,6.141127586E0,9.196947398E0
7.346973036E0,-1.403002143E0,-6.696582317E0,6.169857979E0,9.213022155E0
7.348969052E0,-1.525106430E0,-6.540958881E0,6.265625954E0,9.185214276E0
7.350966825E0,-1.549048543E0,-6.495469093E0,6.488286495E0,9.310667633E0
7.352964677E0,-1.565807939E0,-6.507440090E0,6.555324078E0,9.368607409E0
7.354962489E0,-1.580173135E0,-6.519411087E0,6.576871872E0,9.394408533E0
7.356960028E0,-1.577778935E0,-6.548141479E0,6.598419666E0,9.429034166E0
7.358958270E0,-1.565807939E0,-6.576871872E0,6.607996464E0,9.453709081E0
7.360956083E0,-1.584961534E0,-6.581660271E0,6.603208065E0,9.456887000E0
7.362953935E0,-1.642422318E0,-6.488286495E0,6.564900875E0,9.375144597E0
7.364951278E0,-1.723825216E0,-6.394912720E0,6.651092529E0,9.386347208E0
7.366948974E0,-1.549048543E0,-6.610390663E0,6.959944248E0,9.723046850E0
7.368946786E0,-1.438915253E0,-6.751648903E0,7.036558628E0,9.857403174E0
7.370945302E0,-1.321599364E0,-7.043741226E0,6.928819656E0,9.968423003E0
7.372943231E0,-1.345541358E0,-7.232883453E0,6.636727333E0,9.908139800E0
7.374940849E0,-1.472434044E0,-7.299921036E0,6.239289761E0,9.715227525E0
7.376939091E0,-1.651999116E0,-7.199364662E0,5.817910194E0,9.402554528E0
7.378936708E0,-1.774103403E0,-7.048529625E0,5.489904404E0,9.108691625E0
7.380935106E0,-1.795651317E0,-6.902483463E0,5.315127850E0,8.894898857E0
7.382932020E0,-1.774103403E0,-6.766014099E0,5.353435040E0,8.808272044E0
7.384929520E0,-1.788468719E0,-6.701370716E0,5.453991413E0,8.823435395E0
7.386926825E0,-1.831564307E0,-6.562506676E0,5.578489780E0,8.805718024E0
7.388924364E0,-1.917755604E0,-6.478709698E0,5.820304394E0,8.917814146E0
7.390922841E0,-1.728613615E0,-6.603208065E0,5.607220173E0,8.833537222E0
7.392920536E0,-1.589749932E0,-6.584054470E0,5.770026207E0,8.897768290E0
7.394918661E0,-1.781286120E0,-6.438008308E0,6.002263546E0,8.980428659E0
7.396916200E0,-1.889025092E0,-6.349422932E0,6.119579315E0,9.018472063E0
7.398914560E0,-1.905784607E0,-6.339846134E0,6.165069580E0,9.046200689E0
7.400912216E0,-1.965639591E0,-6.282385349E0,6.229712963E0,9.063190844E0
7.402910380E0,-2.185906172E0,-6.011840343E0,6.368576527E0,9.026581694E0
7.404909442E0,-2.013523579E0,-6.107608318E0,6.842628479E0,9.390352553E0
7.406907841E0,-1.893813491E0,-6.260837555E0,7.161057472E0,9.698729842E0
7.408906825E0,-1.731007814E0,-6.581660271E0,7.264008045E0,9.953916458E0
7.410905692E0,-1.719036818E0,-6.811503887E0,7.101202011E0,9.988931013E0
7.412904794E0,-1.860294700E0,-6.835445881E0,6.833051682E0,9.842490134E0
7.414902450E0,-1.951274395E0,-6.787561893E0,6.720524311E0,9.749046889E0
7.416900106E0,-2.070984364E0,-6.689399719E0,6.550535679E0,9.588877021E0
7.418899325E0,-2.068590164E0,-6.596025467E0,6.440402508E0,9.448036923E0
7.420897880E0,-1.989581585E0,-6.502651691E0,6.368576527E0,9.316741967E0
7.422895810E0,-1.915361404E0,-6.414066315E0,6.339846134E0,9.219680309E0
7.424894520E0,-1.884236693E0,-6.284779549E0,6.351817131E0,9.132052494E0
7.426892880E0,-1.865083098E0,-6.227318764E0,6.406883717E0,9.127222628E0
7.428891161E0,-1.802833915E0,-6.291962147E0,6.442796707E0,9.184150869E0
7.430889950E0,-1.776497602E0,-6.308721542E0,6.459556103E0,9.202270170E0
7.432888739E0,-1.795651317E0,-6.315904140E0,6.497863293E0,9.237815550E0
7.434886981E0,-2.035071373E0,-6.059724331E0,6.545747280E0,9.149239417E0
7.436885888E0,-2.049436569E0,-6.052541733E0,6.775590897E0,9.313543025E0
7.438884442E0,-1.908178806E0,-6.165069580E0,7.005434036E0,9.524984794E0
7.440883544E0,-1.857900500E0,-6.349422932E0,7.062894821E0,9.677367880E0
7.442882802E0,-1.687912226E0,-6.768408298E0,6.993463039E0,9.877698308E0
7.444882645E0,-1.584961534E0,-7.082048416E0,6.806715488E0,9.949818520E0
7.446881708E0,-1.587355733E0,-7.180211067E0,6.670246124E0,9.928107199E0
7.448881083E0,-1.644816518E0,-7.292738438E0,6.406883717E0,9.845690136E0
7.450881161E0,-1.697489023E0,-7.335834026E0,6.172252178E0,9.736150512E0
7.452881044E0,-1.668758631E0,-7.398083210E0,6.042964935E0,9.697103473E0
7.454880341E0,-1.584961534E0,-7.469909191E0,6.023811340E0,9.726147719E0
7.456879286E0,-1.529894829E0,-7.438784599E0,6.009446144E0,9.684499856E0
7.458877880E0,-1.520318031E0,-7.378929615E0,5.975927353E0,9.616219471E0
7.460877489E0,-1.551442742E0,-7.242460251E0,5.959167957E0,9.506412983E0
7.462877294E0,-1.589749932E0,-7.177816868E0,5.971138954E0,9.471159393E0
7.464876942E0,-1.666364431E0,-7.046135426E0,6.038176537E0,9.427850802E0
7.466876278E0,-1.762132406E0,-7.007828236E0,6.110002518E0,9.462922274E0
7.468875770E0,-1.881842494E0,-7.086836815E0,6.205770969E0,9.606049164E0
7.470875536E0,-1.958456993E0,-7.125144482E0,6.380547523E0,9.762920894E0
7.472875575E0,-1.924938202E0,-6.931213856E0,6.612784863E0,9.771183973E0
7.474875653E0,-1.905784607E0,-6.653486729E0,6.773196697E0,9.683857399E0
7.476876903E0,-1.889025092E0,-6.509834290E0,6.840234280E0,9.629909827E0
7.478877411E0,-1.915361404E0,-6.244078159E0,6.995857239E0,9.570743956E0
7.480877255E0,-1.970427990E0,-5.997475147E0,7.165845871E0,9.549955060E0
7.482877138E0,-2.056619167E0,-5.786785603E0,7.436390400E0,9.644504766E0
7.484877333E0,-2.296039343E0,-5.576095581E0,7.790732384E0,9.851910965E0
7.486876942E0,-2.149993181E0,-5.793968201E0,8.288725853E0,1.033902870E1
7.488877997E0,-2.111685991E0,-5.832275391E0,8.341399193E0,1.039488309E1
7.490878036E0,-2.205059767E0,-5.810727596E0,8.113949776E0,1.022071547E1
7.492878505E0,-2.226607561E0,-5.853823185E0,7.953537941E0,1.012342792E1
7.494879091E0,-2.298433542E0,-5.861005783E0,7.838616371E0,1.005376010E1
7.496879638E0,-2.415749550E0,-5.717353821E0,7.936778545E0,1.007553643E1
7.498879677E0,-2.379836559E0,-5.518634796E0,7.659051418E0,9.735503104E0
7.500880458E0,-2.391807556E0,-5.434837818E0,7.802703381E0,9.805120374E0
7.502881552E0,-2.300827742E0,-4.891354084E0,7.886500359E0,9.561173619E0
7.504881981E0,-2.195482969E0,-4.750096321E0,7.395689011E0,9.059788986E0
7.506881435E0,-2.006340981E0,-4.845864296E0,7.163451672E0,8.878223063E0
7.508881981E0,-1.994369984E0,-4.888959885E0,7.101202011E0,8.849096586E0
7.510882724E0,-2.013523579E0,-4.984727859E0,7.003039837E0,8.828610083E0
7.512882724E0,-2.027888775E0,-5.066130638E0,6.916848660E0,8.810267187E0
7.514882333E0,-2.066195965E0,-5.161899090E0,6.833051682E0,8.809367926E0
7.516883310E0,-2.094926596E0,-5.195417881E0,6.789956093E0,8.802533053E0
7.518884052E0,-2.123656988E0,-5.255272865E0,6.751648903E0,8.815473600E0
7.520884755E0,-2.118868589E0,-5.343858242E0,6.701370716E0,8.829201237E0
7.522884755E0,-2.133233786E0,-5.374982834E0,6.663063526E0,8.822558722E0
7.524886161E0,-2.142810583E0,-5.422866821E0,6.646304131E0,8.841520251E0
7.526887997E0,-2.140416384E0,-5.516240597E0,6.622362137E0,8.880651603E0
7.528889520E0,-2.212242365E0,-5.647922039E0,6.617573261E0,8.976932411E0
7.530890536E0,-2.284068346E0,-5.726930618E0,6.675034523E0,9.086847000E0
7.532892724E0,-2.339135170E0,-5.525817394E0,7.053318024E0,9.260426900E0
7.534893075E0,-2.415749550E0,-5.202600479E0,7.445967197E0,9.399219390E0
7.536893856E0,-2.489969730E0,-4.960785866E0,7.441178799E0,9.283344633E0
7.538895145E0,-2.284068346E0,-4.841075897E0,7.242460251E0,9.005898874E0
7.540896513E0,-2.166752577E0,-4.754884720E0,7.264008045E0,8.948159493E0
7.542898622E0,-2.130839586E0,-4.584896088E0,7.381323814E0,8.946825735E0
7.544900185E0,-2.142810583E0,-4.474762917E0,7.486668587E0,8.981388917E0
7.546901747E0,-2.147598982E0,-4.450820923E0,7.596801758E0,9.062747112E0
7.548903466E0,-2.154781580E0,-4.474762917E0,7.773972988E0,9.225033487E0
7.550905380E0,-2.159569979E0,-4.496310711E0,7.931990147E0,9.370006413E0
7.552906083E0,-2.128445387E0,-4.474762917E0,8.025363922E0,9.431874098E0
7.554908270E0,-2.094926596E0,-4.429273129E0,8.037335396E0,9.413072726E0
7.556909950E0,-2.085349798E0,-4.402936935E0,8.037335396E0,9.398579558E0
7.558911356E0,-2.092532396E0,-4.378994942E0,8.049305916E0,9.399234770E0
7.560912294E0,-2.106897593E0,-4.369418144E0,8.082824707E0,9.426711390E0
7.562913036E0,-2.126051188E0,-4.359841347E0,8.113949776E0,9.453279388E0
7.564914950E0,-2.121262789E0,-4.302380562E0,8.159439087E0,9.465024064E0
7.566916747E0,-2.099714994E0,-4.211400986E0,8.202534676E0,9.456546749E0
7.568918505E0,-2.078166962E0,-4.113238335E0,8.209717751E0,9.414721083E0
7.570919599E0,-2.049436569E0,-4.043806553E0,8.159439087E0,9.334292041E0
7.572920927E0,-2.023100376E0,-4.007893562E0,8.130708694E0,9.287872190E0
7.574921513E0,-1.994369984E0,-3.986345768E0,8.075642586E0,9.224124207E0
7.576921630E0,-1.977610588E0,-3.960009575E0,8.013393402E0,9.154621417E0
7.578922450E0,-1.982398987E0,-3.950432777E0,7.941566944E0,9.088691347E0
7.580924208E0,-1.977610588E0,-3.938461781E0,7.910442352E0,9.055248370E0
7.582925810E0,-1.989581585E0,-3.904942989E0,7.879317760E0,9.016133484E0
7.584927177E0,-2.018311977E0,-3.869029999E0,7.867346764E0,8.996561647E0
7.586928544E0,-2.018311977E0,-3.845088005E0,7.881711960E0,8.998870397E0
7.588930302E0,-2.023100376E0,-3.828328609E0,7.903259754E0,9.011689620E0
7.590932255E0,-2.003946781E0,-3.818751812E0,7.946355343E0,9.041196344E0
7.592933153E0,-1.996764183E0,-3.828328609E0,8.015787125E0,9.104724618E0
7.594933192E0,-1.977610588E0,-3.828328609E0,8.061277390E0,9.140636560E0
7.596934872E0,-1.953668594E0,-3.799597979E0,8.125920296E0,9.180650654E0
7.598935927E0,-1.932120800E0,-3.732560396E0,8.207323074E0,9.220913726E0
7.600936200E0,-1.968033791E0,-3.677493811E0,8.281543732E0,9.272598574E0
7.602937060E0,-1.965639591E0,-3.617638826E0,8.305485725E0,9.269959159E0
7.604938388E0,-1.965639591E0,-3.584120035E0,8.312667847E0,9.263374232E0
7.606939169E0,-2.001552582E0,-3.509899616E0,8.315062523E0,9.244775433E0
7.608939950E0,-2.066195965E0,-3.418920040E0,8.324639320E0,9.233515031E0
7.610939638E0,-2.166752577E0,-3.339911461E0,8.312667847E0,9.216847185E0
7.612940966E0,-2.219424963E0,-3.275267839E0,8.243236542E0,9.143531882E0
7.614942724E0,-2.284068346E0,-3.193865061E0,8.171410561E0,9.065853120E0
7.616942255E0,-2.341529369E0,-3.119644880E0,8.142680168E0,9.028742121E0
7.618942333E0,-2.432508945E0,-3.052607059E0,8.087613106E0,8.980255864E0
7.620943349E0,-2.497152328E0,-3.014299870E0,8.068459511E0,8.967820936E0
7.622944013E0,-2.619256735E0,-2.954444885E0,8.030152321E0,8.948329270E0
7.624945145E0,-2.755726099E0,-2.875436306E0,8.020575523E0,8.954986991E0
7.626946513E0,-2.899378300E0,-2.770091295E0,8.034940720E0,8.979981775E0
7.628948075E0,-2.992752075E0,-2.676717520E0,8.090007782E0,9.031589427E0
7.630950341E0,-3.112462282E0,-2.619256735E0,8.128314972E0,9.089413159E0
7.632951942E0,-3.327940464E0,-2.530671120E0,8.207323074E0,9.210843398E0
7.634954286E0,-3.512293816E0,-2.442085743E0,8.293514252E0,9.331793465E0
7.636955731E0,-3.579331636E0,-2.401384354E0,8.339004517E0,9.387079317E0
7.638957802E0,-3.648763418E0,-2.327163935E0,8.439560890E0,9.484479663E0
7.640959872E0,-3.660734415E0,-2.269703150E0,8.528146744E0,9.554151754E0
7.642962255E0,-3.610456228E0,-2.245761156E0,8.604761124E0,9.597955581E0
7.644965067E0,-3.502717018E0,-2.245761156E0,8.678980827E0,9.624820927E0
7.646966591E0,-3.375824451E0,-2.243366957E0,8.741230011E0,9.635247176E0
7.648968856E0,-3.292027235E0,-2.224213362E0,8.796297073E0,9.651912277E0
7.650971200E0,-3.294421434E0,-2.207453966E0,8.832210541E0,9.681632540E0
7.652972685E0,-3.308786631E0,-2.190694571E0,8.834604263E0,9.684908061E0
7.654974247E0,-3.351882458E0,-2.161964178E0,8.856152534E0,9.712911141E0
7.656975145E0,-3.430891037E0,-2.114080191E0,8.872911453E0,9.745199127E0
7.658976395E0,-3.495534420E0,-2.051830769E0,8.880094528E0,9.761395864E0
7.660977216E0,-3.524264812E0,-2.042253971E0,8.863334656E0,9.754483327E0
7.662978114E0,-3.500322819E0,-2.056619167E0,8.844181061E0,9.731468588E0
7.664978739E0,-3.462015629E0,-2.087743998E0,8.815450668E0,9.698267768E0
7.666979677E0,-3.383007050E0,-2.114080191E0,8.829815865E0,9.689154759E0
7.668980536E0,-3.359065056E0,-2.123656988E0,8.860940933E0,9.711308422E0
7.670981669E0,-3.332728863E0,-2.149993181E0,8.899248123E0,9.743006184E0
7.672984052E0,-3.246537447E0,-2.178723574E0,8.932766914E0,9.750957212E0
7.674986864E0,-3.193865061E0,-2.195482969E0,8.961497307E0,9.763675203E0
7.676989286E0,-3.141192675E0,-2.200271368E0,9.006986618E0,9.789488927E0
7.678992841E0,-3.114856482E0,-2.185906172E0,9.057265282E0,9.824182972E0
7.680996083E0,-3.126827478E0,-2.159569979E0,9.107542992E0,9.868542543E0
7.682998270E0,-3.157952070E0,-2.133233786E0,9.165003777E0,9.925756489E0
7.684999911E0,-3.191470861E0,-2.116474390E0,9.193734169E0,9.959402496E0
7.687003075E0,-3.253720045E0,-2.080561161E0,9.255983353E0,1.002938965E1
7.689005849E0,-3.318363667E0,-2.023100376E0,9.318233490E0,1.009623434E1
7.691008270E0,-3.383007050E0,-1.965639591E0,9.361329079E0,1.014608091E1
7.693011239E0,-3.433285236E0,-1.924938202E0,9.411606789E0,1.020152817E1
7.695014169E0,-3.488351822E0,-1.893813491E0,9.442731857E0,1.024306170E1
7.697016825E0,-3.497928619E0,-1.877054095E0,9.418789864E0,1.022117602E1
7.699020067E0,-3.495534420E0,-1.879448295E0,9.397241592E0,1.020094291E1
7.701022880E0,-3.488351822E0,-1.886630893E0,9.394847870E0,1.019760467E1
7.703024403E0,-3.526659012E0,-1.886630893E0,9.416395187E0,1.023060107E1
7.705026552E0,-3.529053211E0,-1.898601890E0,9.404424667E0,1.022262731E1
7.707028856E0,-3.485957623E0,-1.915361404E0,9.380482674E0,1.018891383E1
7.709030263E0,-3.450044632E0,-1.939303398E0,9.373299599E0,1.017459832E1
7.711031786E0,-3.392583847E0,-1.956062794E0,9.366117477E0,1.015184532E1
7.713033036E0,-3.337517262E0,-1.958456993E0,9.387664795E0,1.015395615E1
7.715035106E0,-3.292027235E0,-1.977610588E0,9.387664795E0,1.014281210E1
7.717038270E0,-3.270479441E0,-1.994369984E0,9.378087997E0,1.013025577E1
7.719041513E0,-3.239354849E0,-2.011129379E0,9.356540680E0,1.010360899E1
7.721046083E0,-3.203441858E0,-2.032677174E0,9.349357605E0,1.008981188E1
7.723050575E0,-3.201047659E0,-2.047042370E0,9.375694275E0,1.011635961E1
7.725054286E0,-3.201047659E0,-2.025494576E0,9.375694275E0,1.011202144E1
7.727058700E0,-3.186682463E0,-2.013523579E0,9.375694275E0,1.010509107E1
7.729062606E0,-3.191470861E0,-1.987187386E0,9.397241592E0,1.012139069E1
7.731066747E0,-3.198653460E0,-1.972822189E0,9.418789864E0,1.014085863E1
7.733070614E0,-3.203441858E0,-1.968033791E0,9.437943459E0,1.015923095E1
7.735075224E0,-3.251325846E0,-1.958456993E0,9.483432770E0,1.021480155E1
7.737079716E0,-3.292027235E0,-1.939303398E0,9.531316757E0,1.026860945E1
7.739083153E0,-3.344699860E0,-1.903390408E0,9.574412346E0,1.031887998E1
7.741086786E0,-3.394978046E0,-1.865083098E0,9.583989143E0,1.033717847E1
7.743090224E0,-3.459621429E0,-1.845929503E0,9.605537415E0,1.037510410E1
7.745093114E0,-3.524264812E0,-1.788468719E0,9.610325813E0,1.039121865E1
7.747096903E0,-3.579331636E0,-1.747767210E0,9.612719536E0,1.040531989E1
7.749100692E0,-3.615244627E0,-1.735796213E0,9.610325813E0,1.041351739E1
7.751103036E0,-3.679888010E0,-1.702277422E0,9.610325813E0,1.043061295E1
7.753105224E0,-3.746925592E0,-1.635239720E0,9.603142738E0,1.043713614E1
7.755108036E0,-3.825934410E0,-1.572990537E0,9.593565941E0,1.044741982E1
7.757111435E0,-3.902548790E0,-1.505952835E0,9.607931137E0,1.047903248E1
7.759114989E0,-3.976768970E0,-1.419761658E0,9.603142738E0,1.049050833E1
7.761118935E0,-4.019864559E0,-1.335964561E0,9.605537415E0,1.049811704E1
7.763122958E0,-4.036623955E0,-1.300051570E0,9.617507935E0,1.051099072E1
7.765126786E0,-4.055777550E0,-1.261744261E0,9.627084732E0,1.052245649E1
7.767130770E0,-4.098873138E0,-1.182735682E0,9.619902611E0,1.052340966E1
7.769133739E0,-4.127603531E0,-1.074996591E0,9.591172218E0,1.049682395E1
7.771137880E0,-4.125209332E0,-1.034295082E0,9.557653427E0,1.046115947E1
7.773140927E0,-4.209006786E0,-8.882488012E-1,9.552865028E0,1.047673395E1
7.775144013E0,-4.764461517E0,-4.309562966E-2,9.528923035E0,1.065374699E1
7.777147802E0,-5.008669853E0,2.059013397E-1,9.368511200E0,1.062535511E1
7.779151395E0,-4.515464306E0,-3.399766386E-1,9.272743225E0,1.031933956E1
7.781154520E0,-4.266467571E0,-5.530605912E-1,9.275136948E0,1.022432330E1
7.783157411E0,-4.015076160E0,-7.398083210E-1,9.346963882E0,1.019970033E1
7.785160653E0,-4.055777550E0,-7.326257229E-1,9.473855972E0,1.033150613E1
7.787164755E0,-4.103661537E0,-7.326257229E-1,9.579200745E0,1.044690698E1
7.789168856E0,-4.082113743E0,-7.182605267E-1,9.641449928E0,1.049462279E1
7.791172997E0,-4.065354347E0,-6.560112834E-1,9.682151794E0,1.052147899E1
7.793176864E0,-4.091690540E0,-5.219359994E-1,9.739612579E0,1.057706963E1
7.795178711E0,-4.132391930E0,-3.758896589E-1,9.785101891E0,1.062855470E1
7.797182919E0,-4.141968727E0,-3.040636182E-1,9.801861763E0,1.064541468E1
7.799186747E0,-4.115632534E0,-1.915361285E-1,9.849745750E0,1.067673211E1
7.801191356E0,-4.027047157E0,-9.576806426E-2,9.868899345E0,1.065933650E1
7.803193817E0,-3.943250179E0,7.182604820E-2,9.871294022E0,1.062999655E1
7.805196122E0,-4.266467571E0,8.331822157E-1,9.765948296E0,1.068974669E1
7.807199130E0,-4.122815132E0,7.445967197E-1,9.684545517E0,1.055189323E1
7.809202333E0,-3.569754839E0,2.920926213E-1,9.646238327E0,1.028972213E1
7.811205497E0,-3.150769472E0,5.746084079E-2,9.615114212E0,1.011835319E1
7.813208466E0,-3.033453465E0,-3.112462163E-2,9.622296333E0,1.008917219E1
7.815211942E0,-2.913743496E0,-1.795651317E-1,9.686940193E0,1.011726026E1
7.817215927E0,-2.834734917E0,-3.064578176E-1,9.691728592E0,1.010243741E1
7.819218817E0,-2.736572504E0,-3.902548850E-1,9.662998199E0,1.005060506E1
7.821222645E0,-2.681505919E0,-4.740519226E-1,9.634267807E0,1.001170891E1
7.823226942E0,-2.853888512E0,-2.370259613E-1,9.593565941E0,1.001186139E1
7.825229989E0,-3.220201254E0,1.771709323E-1,9.514557838E0,1.004628770E1
7.827232724E0,-3.028665066E0,-1.292868853E-1,9.459490776E0,9.933352552E0
7.829236278E0,-2.887407303E0,-2.418143749E-1,9.447520256E0,9.881863899E0
7.831240927E0,-2.722207308E0,-3.040636182E-1,9.471462250E0,9.859587439E0
7.833244911E0,-2.652775526E0,-3.399766386E-1,9.516951561E0,9.885604135E0
7.835248505E0,-2.578555346E0,-4.405331016E-1,9.536105156E0,9.888393127E0
7.837253075E0,-2.533065319E0,-4.644751251E-1,9.538499832E0,9.880037252E0
7.839256786E0,-2.499546528E0,-4.477157295E-1,9.552865028E0,9.884604821E0
7.841260497E0,-2.523488522E0,-4.381389022E-1,9.603142738E0,9.938828425E0
7.843263895E0,-2.549824715E0,-4.501099288E-1,9.672574997E0,1.001313698E1
7.845266356E0,-2.614468336E0,-3.351882398E-1,9.708487511E0,1.005994660E1
7.847268817E0,-2.731784105E0,-6.224924326E-2,9.765948296E0,1.014101896E1
7.849271825E0,-2.762908697E0,1.388636976E-1,9.813833237E0,1.019628709E1
7.851275614E0,-2.770091295E0,2.801215947E-1,9.904812813E0,1.028869237E1
7.853278505E0,-2.777273893E0,3.399766386E-1,1.002931118E1,1.041229644E1
7.855281395E0,-2.770091295E0,3.423708379E-1,1.016817474E1,1.054430658E1
7.857283700E0,-2.758120298E0,2.920926213E-1,1.032858658E1,1.069449608E1
7.859286122E0,-2.717418909E0,2.250549644E-1,1.046745014E1,1.081677067E1
7.861289130E0,-2.681505919E0,1.819593310E-1,1.052491093E1,1.086265774E1
7.863292567E0,-2.636016130E0,1.268926859E-1,1.064940929E1,1.097153595E1
7.865295653E0,-2.686294317E0,1.651999205E-1,1.077630138E1,1.110730119E1
7.867299013E0,-2.724601507E0,1.963245422E-1,1.087446404E1,1.121231309E1
7.869303349E0,-2.693476915E0,2.059013397E-1,1.095347309E1,1.128165706E1
7.871306278E0,-2.645592928E0,1.771709323E-1,1.099656868E1,1.131172287E1
7.873308700E0,-2.597708941E0,1.556231081E-1,1.102769279E1,1.133059216E1
7.875311591E0,-2.554613113E0,1.412578970E-1,1.105642319E1,1.134859003E1
7.877315067E0,-2.535459518E0,1.268926859E-1,1.105163479E1,1.133945714E1
7.879318895E0,-2.492363930E0,1.029506698E-1,1.105402946E1,1.133199207E1
7.881322763E0,-2.477998734E0,8.379705995E-2,1.105881786E1,1.133335573E1
7.883325302E0,-2.466027737E0,8.619125932E-2,1.108275986E1,1.135413087E1
7.885327489E0,-2.451662540E0,8.140286058E-2,1.108275986E1,1.135098417E1
7.887330380E0,-2.418143749E0,5.985504389E-2,1.109712505E1,1.135769282E1
7.889333231E0,-2.420537949E0,5.027823523E-2,1.108036518E1,1.134178224E1
7.891336356E0,-2.475604534E0,1.364694983E-1,1.109712505E1,1.137072672E1
7.893339677E0,-2.506729126E0,1.699883193E-1,1.109712505E1,1.137799505E1
7.895344052E0,-2.573766708E0,2.202665508E-1,1.108515358E1,1.138215368E1
7.897347138E0,-2.590526342E0,2.561795712E-1,1.109233665E1,1.139369945E1
7.899349794E0,-2.619256735E0,2.873041928E-1,1.108515358E1,1.139401946E1
7.901352333E0,-2.640804529E0,2.873041928E-1,1.107797146E1,1.139200790E1
7.903355302E0,-2.693476915E0,3.064578176E-1,1.106839466E1,1.139552959E1
7.905358895E0,-2.707842112E0,3.256114423E-1,1.108036518E1,1.141108778E1
7.907361513E0,-2.729389906E0,3.471592367E-1,1.109712505E1,1.143312176E1
7.909364130E0,-2.736572504E0,3.734954596E-1,1.111149025E1,1.144960888E1
7.911367138E0,-2.741360903E0,4.333505034E-1,1.113303757E1,1.147376912E1
7.913368661E0,-2.765302896E0,4.955997467E-1,1.115458584E1,1.150292591E1
7.915370849E0,-2.767697096E0,5.482721925E-1,1.117613316E1,1.152678194E1
7.917372724E0,-2.794033289E0,6.703764796E-1,1.121204662E1,1.157436893E1
7.919374911E0,-2.882618904E0,8.092401624E-1,1.126950741E1,1.166045276E1
7.921376708E0,-2.954444885E0,9.313444495E-1,1.135330486E1,1.176833371E1
7.923378739E0,-2.975992680E0,1.005564690E0,1.141555405E1,1.183987192E1
7.925380966E0,-2.959233284E0,1.029506683E0,1.145864964E1,1.187929279E1
7.927383935E0,-2.937685490E0,1.067813993E0,1.152808094E1,1.194432388E1
7.929385849E0,-2.952050686E0,1.132457376E0,1.160469532E1,1.202771867E1
7.931387841E0,-2.966415882E0,1.180341482E0,1.169567490E1,1.212359850E1
7.933389481E0,-3.009511471E0,1.206677675E0,1.177468395E1,1.221296084E1
7.935390849E0,-3.011905670E0,1.213860273E0,1.186326981E1,1.229968305E1
7.937392841E0,-3.035847664E0,1.218648672E0,1.194227791E1,1.238222425E1
7.939395302E0,-3.083731890E0,1.254561663E0,1.201889229E1,1.247145137E1
7.941398700E0,-3.102885485E0,1.280897856E0,1.206677628E1,1.252500249E1
7.943401903E0,-3.126827478E0,1.335964561E0,1.213860226E1,1.260585246E1
7.945404286E0,-3.134010077E0,1.374271750E0,1.222000504E1,1.269012077E1
7.947406552E0,-3.114856482E0,1.391031146E0,1.227746677E1,1.274258565E1
7.949409247E0,-3.076549292E0,1.422155857E0,1.232056236E1,1.277826044E1
7.951411630E0,-3.035847664E0,1.458068848E0,1.236844635E1,1.281876753E1
7.953414989E0,-3.014299870E0,1.462857246E0,1.239238834E1,1.283733788E1
7.955417724E0,-2.985569477E0,1.458068848E0,1.241393566E1,1.285089057E1
7.957419716E0,-2.987963676E0,1.453280449E0,1.242351246E1,1.286015602E1
7.959421864E0,-2.983175278E0,1.446097851E0,1.243548393E1,1.286980164E1
7.961424169E0,-3.002328873E0,1.455674648E0,1.242351246E1,1.286377196E1
7.963426122E0,-3.031059265E0,1.448492050E0,1.242351246E1,1.286969741E1
7.965427372E0,-3.107673883E0,1.446097851E0,1.242111874E1,1.288538034E1
7.967428622E0,-3.208230257E0,1.453280449E0,1.243308926E1,1.292232463E1
7.969430927E0,-3.268085241E0,1.431732655E0,1.243308926E1,1.293491198E1
7.971432724E0,-3.363853455E0,1.422155857E0,1.243548393E1,1.296068277E1
7.973434169E0,-3.423708439E0,1.426944256E0,1.243787766E1,1.297916600E1
7.975436552E0,-3.567360640E0,1.467645645E0,1.244984913E1,1.303375575E1
7.977438817E0,-3.651157618E0,1.496376038E0,1.245224285E1,1.306248235E1
7.979440106E0,-3.706224203E0,1.489193439E0,1.245224285E1,1.307716127E1
7.981441864E0,-3.823540211E0,1.517923832E0,1.251928043E1,1.317785776E1
7.983443192E0,-3.881000996E0,1.527500629E0,1.255519390E1,1.322982694E1
7.985444716E0,-3.885789394E0,1.534683347E0,1.257434750E1,1.325023876E1
7.987446669E0,-3.866635799E0,1.534683347E0,1.255998230E1,1.323099697E1
7.989449208E0,-3.859453201E0,1.541865945E0,1.254082870E1,1.321155230E1
7.991450888E0,-3.823540211E0,1.551442742E0,1.252646351E1,1.318858303E1
7.993452528E0,-3.734954596E0,1.565807939E0,1.248336792E1,1.312387576E1
7.995454325E0,-3.670311213E0,1.580173135E0,1.244027233E1,1.306631192E1
7.997456200E0,-3.588908434E0,1.594538331E0,1.238759995E1,1.299520868E1
7.999458270E0,-3.509899616E0,1.596932530E0,1.230380249E1,1.289391890E1
8.001460497E0,-3.433285236E0,1.630451322E0,1.223676491E1,1.281343960E1
8.003463349E0,-3.351882458E0,1.632845521E0,1.215536213E1,1.271432771E1
8.005465927E0,-3.301604033E0,1.635239720E0,1.212663174E1,1.267398104E1
8.007469169E0,-3.191470861E0,1.666364431E0,1.206438255E1,1.259013833E1
8.009471981E0,-3.105279684E0,1.675941229E0,1.200931549E1,1.251699642E1
8.011473310E0,-3.078943491E0,1.695094824E0,1.198297977E1,1.248779579E1
8.013474794E0,-3.009511471E0,1.733402014E0,1.195424938E1,1.244853084E1
8.015476669E0,-2.913743496E0,1.766920805E0,1.192312431E1,1.240051627E1
8.017477880E0,-2.870647907E0,1.805228114E0,1.190875912E1,1.238216506E1
8.019478583E0,-2.806004286E0,1.843535304E0,1.186087513E1,1.232690721E1
8.021479208E0,-2.770091295E0,1.860294700E0,1.182735634E1,1.228903821E1
8.023480653E0,-2.703053713E0,1.877054095E0,1.173398209E1,1.218672093E1
8.025482841E0,-2.683900118E0,1.884236693E0,1.161906052E1,1.207295469E1
8.027485302E0,-2.655169725E0,1.889025092E0,1.149935055E1,1.195212973E1
8.029486981E0,-2.588132143E0,1.905784607E0,1.138442898E1,1.182944065E1
8.031488505E0,-2.528276920E0,1.889025092E0,1.122880554E1,1.166390474E1
8.033489755E0,-2.482787132E0,1.903390408E0,1.107078838E1,1.150432451E1
8.035491552E0,-2.413355350E0,1.924938202E0,1.092234802E1,1.135021398E1
8.037493700E0,-2.379836559E0,1.927332401E0,1.083855152E1,1.126287846E1
8.039495458E0,-2.308010340E0,1.917755604E0,1.066616821E1,1.108024560E1
8.041497333E0,-2.185906172E0,1.893813491E0,1.052730465E1,1.091736500E1
8.043499247E0,-2.051830769E0,1.889025092E0,1.039801788E1,1.076555624E1
8.045499794E0,-1.900996208E0,1.877054095E0,1.027112484E1,1.061287539E1
8.047500653E0,-1.747767210E0,1.881842494E0,1.015859795E1,1.047822187E1
8.049501981E0,-1.628057122E0,1.951274395E0,1.010113716E1,1.041590196E1
8.051503153E0,-1.501164436E0,2.027888775E0,1.005804157E1,1.036966865E1
8.053504755E0,-1.417367458E0,2.044648170E0,1.004607010E1,1.034954304E1
8.055506200E0,-1.228225470E0,2.080561161E0,1.005325317E1,1.033949573E1
8.057508036E0,-1.120486379E0,2.128445387E0,1.006282997E1,1.034631898E1
8.059509989E0,-1.086967587E0,2.111685991E0,1.007958889E1,1.035561821E1
8.061511513E0,-1.122880578E0,2.085349798E0,1.008198357E1,1.035644424E1
8.063513544E0,-1.120486379E0,2.018311977E0,1.005564690E1,1.031722383E1
8.065514950E0,-1.098938584E0,2.018311977E0,1.007240677E1,1.033124520E1
8.067516005E0,-1.118092179E0,2.042253971E0,1.008677197E1,1.035199981E1
8.069517685E0,-1.149216771E0,2.051830769E0,1.008916569E1,1.035963189E1
8.071519794E0,-1.237802267E0,2.047042370E0,1.009874249E1,1.037820489E1
8.073522372E0,-1.335964561E0,2.059013367E0,1.009156036E1,1.038575601E1
8.075524403E0,-1.395819545E0,2.054224968E0,1.008916569E1,1.039035210E1
8.077526083E0,-1.474828243E0,2.066195965E0,1.008198357E1,1.039666662E1
8.079528192E0,-1.561019540E0,2.073378563E0,1.007001209E1,1.039907805E1
8.081530810E0,-1.604115129E0,2.102109194E0,1.005564690E1,1.039750369E1
8.083533817E0,-1.625662923E0,2.116474390E0,1.002931118E1,1.037831039E1
8.085536630E0,-1.642422318E0,2.109291792E0,1.001015759E1,1.036098054E1
8.087540028E0,-1.716642618E0,2.082955360E0,9.976638794E0,1.033532228E1
8.089542099E0,-1.731007814E0,2.056619167E0,9.926360130E0,1.028390470E1
8.091543935E0,-1.659181833E0,1.977610588E0,9.868899345E0,1.020093144E1
8.093546161E0,-1.534683347E0,1.855506301E0,9.763554573E0,1.005610036E1
8.095548192E0,-1.575384736E0,1.764526606E0,9.655815125E0,9.941335772E0
8.097549403E0,-1.819593310E0,1.735796213E0,9.550470352E0,9.876000823E0
8.099550927E0,-2.059013367E0,1.711854219E0,9.433155060E0,9.805834758E0
8.101552255E0,-2.126051188E0,1.709460020E0,9.373299599E0,9.762227849E0
8.103553114E0,-2.221819162E0,1.793257117E0,9.282320023E0,9.711524931E0
8.105554677E0,-2.355894566E0,1.872265697E0,9.186552048E0,9.666869016E0
8.107555888E0,-2.463633537E0,1.922544003E0,9.109937668E0,9.631024346E0
8.109556825E0,-2.535459518E0,1.910573006E0,9.062053680E0,9.602065459E0
8.111557685E0,-2.578555346E0,1.862688899E0,9.047688484E0,9.590579988E0
8.113558505E0,-2.604891539E0,1.783680320E0,9.038111687E0,9.573632449E0
8.115559130E0,-2.631227732E0,1.692700624E0,9.052476883E0,9.577887684E0
8.117560849E0,-2.664746523E0,1.659181833E0,9.057265282E0,9.585813099E0
8.119562255E0,-2.722207308E0,1.611297727E0,9.064447403E0,9.600567677E0
8.121563388E0,-2.753331900E0,1.568202138E0,9.085995674E0,9.622650980E0
8.123565302E0,-2.767697096E0,1.496376038E0,9.114726067E0,9.642485143E0
8.125566747E0,-2.724601507E0,1.434126854E0,9.095572472E0,9.602583600E0
8.127567802E0,-2.645592928E0,1.412579060E0,9.078812599E0,9.561348218E0
8.129569520E0,-2.576161146E0,1.422155857E0,9.102754593E0,9.566570687E0
8.131571122E0,-2.463633537E0,1.429338455E0,9.112331390E0,9.547098093E0
8.133573153E0,-2.406172752E0,1.436521053E0,9.119514465E0,9.540377568E0
8.135575028E0,-2.327163935E0,1.424550056E0,9.112331390E0,9.512077492E0
8.137577685E0,-2.300827742E0,1.424550056E0,9.088389397E0,9.482719704E0
8.139579169E0,-2.262520552E0,1.448492050E0,9.059659004E0,9.449579342E0
8.141581317E0,-2.159569979E0,1.460463047E0,9.035717010E0,9.404300968E0
8.143583661E0,-2.066195965E0,1.455674648E0,8.997409821E0,9.345669474E0
8.145585653E0,-2.039859772E0,1.450886250E0,8.923190117E0,9.267654539E0
8.147588427E0,-1.989581585E0,1.501164436E0,8.848969460E0,9.193268736E0
8.149591161E0,-1.970427990E0,1.532289028E0,8.827422142E0,9.173542271E0
8.151592645E0,-1.936909199E0,1.551442742E0,8.762778282E0,9.107407702E0
8.153594677E0,-1.898601890E0,1.568202138E0,8.695740700E0,9.037690712E0
8.155597020E0,-1.841141105E0,1.620874524E0,8.640673637E0,8.982108644E0
8.157598817E0,-1.807622313E0,1.608903527E0,8.583212852E0,8.917825512E0
8.159601903E0,-1.752555609E0,1.604115129E0,8.501810074E0,8.827537088E0
8.161604169E0,-1.654393315E0,1.623268723E0,8.449137688E0,8.761275378E0
8.163606591E0,-1.532289028E0,1.565807939E0,8.358158112E0,8.640513363E0
8.165609013E0,-1.470039845E0,1.544260144E0,8.319850922E0,8.588694656E0
8.167611513E0,-1.364694953E0,1.498770237E0,8.214506149E0,8.460899232E0
8.169614911E0,-1.273715258E0,1.455674648E0,8.140285492E0,8.366934154E0
8.171618231E0,-1.173158884E0,1.450886250E0,8.063671112E0,8.276724260E0
8.173621630E0,-1.034295082E0,1.443703651E0,7.987056732E0,8.182122084E0
8.175624364E0,-9.481038451E-1,1.395819545E0,7.903259754E0,8.081381555E0
8.177626747E0,-9.337386489E-1,1.398213744E0,7.886500359E0,8.063730988E0
8.179629442E0,-9.289502501E-1,1.441309452E0,7.857769966E0,8.042690492E0
8.181631903E0,-9.217676520E-1,1.450886250E0,7.855375767E0,8.041247102E0
8.183634638E0,-8.714894056E-1,1.386242747E0,7.852981567E0,8.021875232E0
8.185637489E0,-8.164227605E-1,1.312022567E0,7.879317760E0,8.029420758E0
8.187639091E0,-6.200982332E-1,1.230619669E0,7.891288757E0,8.010704391E0
8.189641239E0,-3.088520169E-1,1.182735682E0,7.872135162E0,7.966477595E0
8.191642685E0,-1.268926859E-1,1.177947283E0,7.917624950E0,8.005775816E0
8.193645380E0,-1.005564705E-1,1.259350061E0,8.008605003E0,8.107640118E0
8.195647333E0,-1.819593310E-1,1.379060149E0,8.094796181E0,8.213442719E0
8.197649950E0,-2.274491638E-1,1.424550056E0,8.135497093E0,8.262408180E0
8.199652645E0,-3.232172430E-1,1.472434044E0,8.212111473E0,8.349329688E0
8.201655263E0,-3.734954596E-1,1.537077546E0,8.293514252E0,8.443013969E0
8.203657567E0,-4.046200812E-1,1.570596337E0,8.353369713E0,8.509364008E0
8.205659755E0,-4.285621047E-1,1.623268723E0,8.401253700E0,8.567364272E0
8.207661591E0,-4.548983276E-1,1.651999116E0,8.413225174E0,8.585941497E0
8.209663817E0,-4.955997467E-1,1.642422318E0,8.413225174E0,8.586357086E0
8.211666278E0,-5.434837937E-1,1.678335428E0,8.432378769E0,8.614940287E0
8.213668739E0,-5.674257874E-1,1.699883223E0,8.441955566E0,8.630074668E0
8.215671278E0,-5.985504389E-1,1.714248419E0,8.463502884E0,8.656084065E0
8.217673036E0,-6.200982332E-1,1.731007814E0,8.453926086E0,8.651576512E0
8.219675380E0,-6.488286853E-1,1.752555609E0,8.449137688E0,8.653343717E0
8.221677255E0,-6.727706790E-1,1.776497602E0,8.437167168E0,8.648372907E0
8.223679091E0,-6.655880809E-1,1.812410712E0,8.396465302E0,8.615594561E0
8.225681435E0,-6.272808313E-1,1.850717902E0,8.379706383E0,8.604540491E0
8.227683583E0,-5.985504389E-1,1.879448295E0,8.336610794E0,8.566776993E0
8.229686005E0,-5.841852427E-1,1.903390408E0,8.317456245E0,8.552440929E0
8.231688349E0,-5.410895944E-1,1.898601890E0,8.281543732E0,8.513602860E0
8.233690536E0,-4.884171486E-1,1.936909199E0,8.216899872E0,8.456217361E0
8.235692645E0,-4.357447028E-1,1.987187386E0,8.185775757E0,8.434791752E0
8.237694911E0,-3.950432837E-1,1.972822189E0,8.130708694E0,8.375948332E0
8.239697294E0,-4.477157295E-1,1.948880196E0,8.078036308E0,8.321854000E0
8.241699052E0,-5.267243981E-1,1.912967205E0,8.058882713E0,8.299546536E0
8.243700497E0,-6.200982332E-1,1.893813491E0,8.015787125E0,8.259775698E0
8.245702450E0,-6.536170840E-1,1.891419291E0,7.999027729E0,8.245551943E0
8.247705028E0,-7.182605267E-1,1.912967205E0,7.991845131E0,8.248935101E0
8.249706395E0,-8.259995580E-1,1.927332401E0,7.989450932E0,8.260037024E0
8.251709442E0,-9.409212470E-1,1.963245392E0,7.994239330E0,8.285380361E0
8.253711903E0,-9.959878922E-1,2.030282974E0,8.008605003E0,8.321766335E0
8.255713739E0,-1.077390790E0,2.020706177E0,7.991845131E0,8.313459747E0
8.257715458E0,-1.225831270E0,2.027888775E0,8.003816605E0,8.347219623E0
8.259717685E0,-1.340752959E0,2.068590164E0,8.037335396E0,8.406868860E0
8.261719716E0,-1.376665950E0,2.102109194E0,8.070854187E0,8.452973412E0
8.263721083E0,-1.424550056E0,2.157175779E0,8.125920296E0,8.527211201E0
8.265723349E0,-1.424550056E0,2.221819162E0,8.171410561E0,8.587070152E0
8.267724833E0,-1.403002143E0,2.291250944E0,8.245630264E0,8.672292912E0
8.269726161E0,-1.379060149E0,2.339135170E0,8.310274124E0,8.742654989E0
8.271727372E0,-1.343147159E0,2.394201756E0,8.382100105E0,8.820195492E0
8.273728544E0,-1.304839969E0,2.449268341E0,8.453926086E0,8.897774386E0
8.275730536E0,-1.261744261E0,2.499546528E0,8.535328865E0,8.982848672E0
8.277733466E0,-1.249773264E0,2.518700123E0,8.588001251E0,9.036567325E0
8.279735575E0,-1.211466074E0,2.566584110E0,8.676587105E0,9.128974084E0
8.281736786E0,-1.197100878E0,2.624045134E0,8.762778282E0,9.225234230E0
8.283737997E0,-1.187524080E0,2.712630510E0,8.863334656E0,9.344906578E0
8.285739560E0,-1.187524080E0,2.796427488E0,8.975862503E0,9.476092434E0
8.287741786E0,-1.165976286E0,2.825158119E0,9.054870605E0,9.556762045E0
8.289743349E0,-1.127668977E0,2.861071110E0,9.148244858E0,9.651308160E0
8.291745731E0,-1.098938584E0,2.930502892E0,9.241618156E0,9.757203460E0
8.293748036E0,-1.086967587E0,2.954444885E0,9.275136948E0,9.794815389E0
8.295749599E0,-1.058237195E0,2.987963676E0,9.344569206E0,9.867561327E0
8.297751942E0,-1.017535686E0,3.014299870E0,9.397241592E0,9.921165865E0
8.299754794E0,-9.840168953E-1,3.035847664E0,9.449913979E0,9.974243555E0
8.301757294E0,-9.528923035E-1,3.033453465E0,9.509769440E0,1.002724082E1
8.303760028E0,-9.385270476E-1,3.019088268E0,9.545681953E0,1.005563379E1
8.305762020E0,-9.385270476E-1,2.973598480E0,9.569623947E0,1.006483102E1
8.307764208E0,-9.504981041E-1,2.925714493E0,9.595960617E0,1.007698924E1
8.309767372E0,-9.481038451E-1,2.911349297E0,9.612719536E0,1.008856940E1
8.311770145E0,-9.624691010E-1,2.901772499E0,9.598354340E0,1.007348184E1
8.313770927E0,-9.720458984E-1,2.875436306E0,9.569623947E0,1.003945764E1
8.315771825E0,-9.600749016E-1,2.849100113E0,9.536105156E0,9.998820771E0
8.317773231E0,-9.361328483E-1,2.822763920E0,9.488221169E0,9.943373763E0
8.319775497E0,-8.978256583E-1,2.817975283E0,9.423578262E0,9.876786060E0
8.321777724E0,-8.475474119E-1,2.820369720E0,9.349357605E0,9.802209424E0
8.323779950E0,-8.020575643E-1,2.837129116E0,9.260771751E0,9.718770055E0
8.325782099E0,-7.661445141E-1,2.853888512E0,9.215282440E0,9.677452532E0
8.327784247E0,-6.871358752E-1,2.849100113E0,9.117119789E0,9.576606936E0
8.329785810E0,-6.440402865E-1,2.846705914E0,9.018958092E0,9.479458186E0
8.331788231E0,-6.248866320E-1,2.906560898E0,8.916007042E0,9.398604212E0
8.333791630E0,-6.344634295E-1,2.983175278E0,8.803479195E0,9.316819442E0
8.335794599E0,-6.153098345E-1,3.040636063E0,8.719682693E0,9.255103464E0
8.337797372E0,-6.057330370E-1,3.100491285E0,8.647856712E0,9.206811850E0
8.339800067E0,-5.913678408E-1,3.145981073E0,8.576030731E0,9.153972686E0
8.341802763E0,-5.698199868E-1,3.162740469E0,8.549694061E0,9.133722715E0
8.343804950E0,-5.267243981E-1,3.210624456E0,8.518569946E0,9.118748923E0
8.345808153E0,-5.123591423E-1,3.258508444E0,8.513781548E0,9.130436211E0
8.347810380E0,-4.979939461E-1,3.251325846E0,8.473079681E0,9.089125206E0
8.349812294E0,-4.477157295E-1,3.303998232E0,8.453926086E0,9.087668566E0
8.351814013E0,-3.998316824E-1,3.421314240E0,8.468291283E0,9.142057413E0
8.353815419E0,-3.711012602E-1,3.543418407E0,8.542511940E0,9.255703128E0
8.355817450E0,-2.968810201E-1,3.641580820E0,8.643068314E0,9.383596277E0
8.357819364E0,-2.825157940E-1,3.682282209E0,8.698134422E0,9.449685702E0
8.359821083E0,-2.801215947E-1,3.739742994E0,8.813055992E0,9.577792109E0
8.361823622E0,-2.873041928E-1,3.821146011E0,8.925583839E0,9.713379814E0
8.363825731E0,-3.184288144E-1,3.914519787E0,9.052476883E0,9.867735292E0
8.365827177E0,-3.471592367E-1,4.000710964E0,9.174580574E0,1.001494565E1
8.367829169E0,-3.687070608E-1,4.086902142E0,9.287108421E0,1.015328010E1
8.369830575E0,-3.998316824E-1,4.168305397E0,9.382876396E0,1.027487249E1
8.371832450E0,-4.094084799E-1,4.252102375E0,9.464279175E0,1.038366844E1
8.373833778E0,-4.022258818E-1,4.292803764E0,9.495404243E0,1.042845394E1
8.375835185E0,-3.806780577E-1,4.359841347E0,9.526528358E0,1.048369567E1
8.377836044E0,-3.543418646E-1,4.438849926E0,9.550470352E0,1.053757234E1
8.379836552E0,-3.471592367E-1,4.517858505E0,9.579200745E0,1.059682273E1
8.381837763E0,-3.184288144E-1,4.580107689E0,9.576807022E0,1.062045273E1
8.383839052E0,-2.920926213E-1,4.661510944E0,9.564835548E0,1.064429807E1
8.385840185E0,-2.753331959E-1,4.721365929E0,9.521739960E0,1.063158673E1
8.387842450E0,-2.442085743E-1,4.733336926E0,9.497797966E0,1.061472008E1
8.389845302E0,-2.370259613E-1,4.733336926E0,9.478644371E0,1.059742227E1
8.391847099E0,-2.322375625E-1,4.771644115E0,9.435548782E0,1.057601544E1
8.393848895E0,-2.489969730E-1,4.824316502E0,9.385271072E0,1.055553610E1
8.395851005E0,-2.825157940E-1,4.857835293E0,9.342175484E0,1.053349997E1
8.397852880E0,-2.920926213E-1,4.898536682E0,9.253589630E0,1.047424941E1
8.399855028E0,-2.801215947E-1,4.896142483E0,9.138668060E0,1.037139977E1
8.401857489E0,-1.843535304E-1,4.910507679E0,9.030928612E0,1.028128122E1
8.403859599E0,-1.268926859E-1,4.987122059E0,8.935160637E0,1.023350301E1
8.405861122E0,-1.125274822E-1,5.020640850E0,8.880094528E0,1.020174376E1
8.407862020E0,-7.661445439E-2,5.078101635E0,8.753201485E0,1.011985782E1
8.409862880E0,-1.436521020E-2,5.087678432E0,8.604761124E0,9.996328935E0
8.411864052E0,6.943184882E-2,5.123591423E0,8.446743965E0,9.879448034E0
8.413864247E0,1.364694983E-1,5.171475887E0,8.300697327E0,9.780816064E0
8.415863622E0,2.106897533E-1,5.279214859E0,8.190564156E0,9.746786182E0
8.417863310E0,2.992752194E-1,5.355829239E0,8.080430984E0,9.698857530E0
8.419864950E0,3.974374831E-1,5.403713226E0,7.979874134E0,9.645541166E0
8.421865810E0,4.405331016E-1,5.427655220E0,7.958326340E0,9.643052874E0
8.423866825E0,5.003881454E-1,5.415684223E0,7.958326340E0,9.639241777E0
8.425868036E0,5.147533417E-1,5.439626217E0,7.999027729E0,9.687050583E0
8.427869364E0,4.860229492E-1,5.351040840E0,8.080430984E0,9.703773559E0
8.429870380E0,3.950432837E-1,5.293580055E0,8.214506149E0,9.780396734E0
8.431871122E0,2.370259613E-1,5.214571476E0,8.398859978E0,9.888821260E0
8.433871942E0,8.619125932E-2,5.106832027E0,8.611943245E0,1.001262846E1
8.435873622E0,-8.140286058E-2,5.044582844E0,8.856152534E0,1.019244231E1
8.437876239E0,-1.699883193E-1,5.018246651E0,8.995016098E0,1.030155377E1
8.439878856E0,-3.495534360E-1,4.999093056E0,9.248801231E0,1.051919404E1
8.441879989E0,-5.410895944E-1,4.989516258E0,9.476250648E0,1.072321672E1
8.443882020E0,-7.230489254E-1,4.977545261E0,9.682151794E0,1.091067459E1
8.445884950E0,-8.954314590E-1,4.975151062E0,9.840168953E0,1.106267827E1
8.447886786E0,-1.039083481E0,4.977545261E0,9.938331604E0,1.116360544E1
8.449887763E0,-1.125274777E0,4.953603268E0,9.959878922E0,1.118050163E1
8.451889247E0,-1.187524080E0,4.963180065E0,9.931148529E0,1.116562049E1
8.453891005E0,-1.206677675E0,4.958391666E0,9.900024414E0,1.113787243E1
8.455892685E0,-1.237802267E0,4.960785866E0,9.813833237E0,1.106584265E1
8.457894325E0,-1.259350061E0,4.958391666E0,9.660603523E0,1.093155391E1
8.459895888E0,-1.285686255E0,4.967968464E0,9.504981041E0,1.080177598E1
8.461897685E0,-1.292868972E0,4.927267075E0,9.315838814E0,1.061764210E1
8.463899130E0,-1.300051570E0,4.946420670E0,9.114726067E0,1.045157609E1
8.465900810E0,-1.288080573E0,4.927267075E0,8.904036522E0,1.025763027E1
8.467902528E0,-1.252167463E0,4.944026470E0,8.707711220E0,1.009136045E1
8.469903505E0,-1.240196466E0,4.951209068E0,8.616731644E0,1.001501986E1
8.471904755E0,-1.235408068E0,4.948814869E0,8.437167168E0,9.859147606E0
8.473907060E0,-1.237802267E0,4.963180065E0,8.269572258E0,9.723740851E0
8.475908935E0,-1.247379065E0,4.970362663E0,8.104372978E0,9.588603699E0
8.477910497E0,-1.261744261E0,4.982333660E0,7.979874134E0,9.491787949E0
8.479911786E0,-1.259350061E0,5.003881454E0,7.879317760E0,9.418515836E0
8.481913192E0,-1.237802267E0,5.023035049E0,7.776367188E0,9.339963715E0
8.483913544E0,-1.223437071E0,4.989516258E0,7.694964409E0,9.252272586E0
8.485913778E0,-1.204283476E0,4.982333660E0,7.651868820E0,9.210051239E0
8.487914755E0,-1.165976286E0,4.970362663E0,7.570465565E0,9.131043455E0
8.489915575E0,-1.120486379E0,4.972756863E0,7.496245384E0,9.065180384E0
8.491916630E0,-1.074996591E0,4.982333660E0,7.436390400E0,9.015496024E0
8.493917020E0,-1.027112484E0,4.994304657E0,7.371747017E0,8.963297002E0
8.495917919E0,-9.768342972E-1,4.965574265E0,7.321468830E0,8.900283077E0
8.497918075E0,-9.193734527E-1,4.963180065E0,7.280767441E0,8.859344131E0
8.499919247E0,-8.738836050E-1,4.939238071E0,7.268796444E0,8.831486116E0
8.501919325E0,-8.523358107E-1,4.924872875E0,7.254431248E0,8.809518823E0
8.503919911E0,-8.164227605E-1,4.893748283E0,7.252037048E0,8.786771861E0
8.505920966E0,-7.637503147E-1,4.860229492E0,7.295132637E0,8.799096854E0
8.507922177E0,-7.278373241E-1,4.776432514E0,7.350199223E0,8.795992459E0
8.509923622E0,-7.134721279E-1,4.687847137E0,7.436390400E0,8.819572294E0
8.511925380E0,-7.230489254E-1,4.577713490E0,7.546523571E0,8.855974173E0
8.513926356E0,-7.086837292E-1,4.508281708E0,7.678205013E0,8.932058487E0
8.515926044E0,-7.015010715E-1,4.479551315E0,7.754819393E0,8.983078958E0
8.517926864E0,-6.823474765E-1,4.422090530E0,7.884106159E0,9.065297164E0
8.519928856E0,-7.110779285E-1,4.374206543E0,8.003816605E0,9.148791994E0
8.521929950E0,-7.469909191E-1,4.369418144E0,8.111555099E0,9.243762031E0
8.523931239E0,-7.709329724E-1,4.345476151E0,8.233659744E0,9.341876332E0
8.525932685E0,-8.140285611E-1,4.302380562E0,8.331821442E0,9.412351966E0
8.527934286E0,-8.882488012E-1,4.271255970E0,8.396465302E0,9.462200751E0
8.529935653E0,-1.005564690E0,4.254496574E0,8.429984093E0,9.496132542E0
8.531936942E0,-1.084573388E0,4.213795185E0,8.434772491E0,9.490930211E0
8.533938544E0,-1.259350061E0,4.110844135E0,8.408436775E0,9.443876910E0
8.535939325E0,-1.383848548E0,4.113238335E0,8.360552788E0,9.419798794E0
8.537940302E0,-1.477222443E0,4.146757126E0,8.276755333E0,9.374564504E0
8.539941864E0,-1.735796213E0,4.019864559E0,8.161833763E0,9.262171988E0
8.541942567E0,-1.857900500E0,4.015076160E0,8.030152321E0,9.168204685E0
8.543943270E0,-1.879448295E0,4.077325344E0,7.912836552E0,9.097795895E0
8.545944833E0,-1.845929503E0,4.139574528E0,7.781155586E0,9.004993907E0
8.547946395E0,-1.814804912E0,4.153939724E0,7.711723804E0,8.945357239E0
8.549947958E0,-1.740584612E0,4.137180328E0,7.568071365E0,8.798954486E0
8.551950653E0,-1.651999116E0,4.139574528E0,7.457938194E0,8.688269129E0
8.553952528E0,-1.565807939E0,4.146757126E0,7.364564419E0,8.595589464E0
8.555954247E0,-1.462857246E0,4.146757126E0,7.299921036E0,8.521994667E0
8.557956083E0,-1.350329757E0,4.106055737E0,7.252037048E0,8.442459684E0
8.559957919E0,-1.240196466E0,4.089296341E0,7.223306656E0,8.392651005E0
8.561960028E0,-1.074996591E0,4.077325344E0,7.235277653E0,8.374332352E0
8.563962450E0,-1.005564690E0,4.041412354E0,7.244854450E0,8.356559708E0
8.565964052E0,-8.379706144E-1,3.993528366E0,7.280767441E0,8.346258928E0
8.567965419E0,-6.464344859E-1,3.967192173E0,7.338228226E0,8.366963892E0
8.569966825E0,-4.572925270E-1,3.933673382E0,7.398083210E0,8.391337075E0
8.571968231E0,-2.657563984E-1,3.914519787E0,7.496245384E0,8.460956594E0
8.573970888E0,-6.943184882E-2,3.926490784E0,7.608773232E0,8.562451795E0
8.575973622E0,1.005564705E-1,3.916913986E0,7.728483200E0,8.664974285E0
8.577976435E0,2.729389966E-1,3.948038578E0,7.869740963E0,8.808764223E0
8.579978505E0,3.639186621E-1,3.979163170E0,7.953537941E0,8.900839404E0
8.581980497E0,5.722141862E-1,4.039018154E0,8.123526573E0,9.090257461E0
8.583982841E0,6.799532771E-1,4.060565948E0,8.307879448E0,9.272075992E0
8.585984481E0,4.357447028E-1,3.825934410E0,8.456320763E0,9.291771004E0
8.587985966E0,5.267243832E-2,3.509899616E0,8.571242332E0,9.262200863E0
8.589987802E0,-2.896983922E-1,3.258508444E0,8.659827232E0,9.257127531E0
8.591989755E0,-5.530605912E-1,3.095702887E0,8.741230011E0,9.289690764E0
8.593992255E0,-7.278373241E-1,3.050212860E0,8.805873871E0,9.347564404E0
8.595994052E0,-7.972691655E-1,3.069366693E0,8.832210541E0,9.384273710E0
8.597995966E0,-9.504981041E-1,3.122039080E0,8.884882927E0,9.465290238E0
8.599997645E0,-1.113303781E0,3.134010077E0,8.918401718E0,9.518369276E0
8.601999052E0,-1.235408068E0,3.131615877E0,8.944737434E0,9.557278842E0
8.604000575E0,-1.309628367E0,3.069366693E0,8.954314232E0,9.555934372E0
8.606003192E0,-1.338358760E0,3.011905670E0,8.944737434E0,9.532633828E0
8.608003778E0,-1.319205165E0,2.961627483E0,8.908824921E0,9.480437811E0
8.610005185E0,-1.273715258E0,2.906560898E0,8.875306129E0,9.425577208E0
8.612006786E0,-1.233013868E0,2.882618904E0,8.848969460E0,9.387975045E0
8.614007645E0,-1.149216771E0,2.844311714E0,8.781931877E0,9.302318840E0
8.616008231E0,-1.046266198E0,2.817975283E0,8.681375504E0,9.187052753E0
8.618009091E0,-9.193734527E-1,2.803610086E0,8.588001251E0,9.080707162E0
8.620011395E0,-8.092401624E-1,2.794033289E0,8.461109161E0,8.947170497E0
8.622014052E0,-6.895300746E-1,2.786850691E0,8.346187592E0,8.826145014E0
8.624016552E0,-5.770025849E-1,2.774879694E0,8.219294548E0,8.694233271E0
8.626018817E0,-4.764461517E-1,2.798821688E0,8.111555099E0,8.594052007E0
8.628019833E0,-4.429273009E-1,2.806004286E0,8.056488991E0,8.542649443E0
8.630020302E0,-3.854664862E-1,2.822763920E0,7.975085735E0,8.468681895E0
8.632021630E0,-3.495534360E-1,2.822763920E0,7.927201748E0,8.422037242E0
8.634023114E0,-3.184288144E-1,2.844311714E0,7.886500359E0,8.389779136E0
8.636024442E0,-3.232172430E-1,2.851494312E0,7.891288757E0,8.396899871E0
8.638024872E0,-3.615244627E-1,2.825158119E0,7.922413349E0,8.418839089E0
8.640025458E0,-4.070142806E-1,2.794033289E0,8.006210327E0,8.489504488E0
8.642026513E0,-4.812345505E-1,2.736572504E0,8.145073891E0,8.605965631E0
8.644026981E0,-5.195417404E-1,2.712630510E0,8.216899872E0,8.668663761E0
8.646027020E0,-5.937620401E-1,2.669534922E0,8.401253700E0,8.835158957E0
8.648028349E0,-6.560112834E-1,2.616862535E0,8.595184326E0,9.008635520E0
8.650028700E0,-7.182605267E-1,2.552218914E0,8.798690796E0,9.189487434E0
8.652029520E0,-7.661445141E-1,2.494758129E0,9.011775017E0,9.382051188E0
8.654030614E0,-8.044517636E-1,2.432508945E0,9.224859238E0,9.574041485E0
8.656032255E0,-8.475474119E-1,2.360682964E0,9.409213066E0,9.737784717E0
8.658033544E0,-8.738836050E-1,2.317587137E0,9.560047150E0,9.875696644E0
8.660034599E0,-8.834604025E-1,2.308010340E0,9.619902611E0,9.932267629E0
8.662036161E0,-9.289502501E-1,2.284068346E0,9.715670586E0,1.002368055E1
8.664037138E0,-9.528923035E-1,2.257732153E0,9.787496567E0,1.008962077E1
8.666038505E0,-9.624691010E-1,2.252943754E0,9.799467087E0,1.010107210E1
8.668039403E0,-9.409212470E-1,2.233790159E0,9.777919769E0,1.007387047E1
8.670040966E0,-9.145850539E-1,2.243366957E0,9.744400978E0,1.004104136E1
8.672041395E0,-8.810662031E-1,2.238578558E0,9.660603523E0,9.955640213E0
8.674042841E0,-8.331822157E-1,2.243366957E0,9.557653427E0,9.852696430E0
8.676043583E0,-8.116343617E-1,2.243366957E0,9.507374763E0,9.802123267E0
8.678044325E0,-7.805097699E-1,2.238578558E0,9.382876396E0,9.677747616E0
8.680044989E0,-7.493851185E-1,2.262520552E0,9.265560150E0,9.567193016E0
8.682045692E0,-7.230489254E-1,2.284068346E0,9.136273384E0,9.445171216E0
8.684046825E0,-6.895300746E-1,2.293645144E0,9.002198219E0,9.315354666E0
8.686048114E0,-6.607996821E-1,2.315192938E0,8.906430244E0,9.226119133E0
8.688048778E0,-6.416460276E-1,2.336740971E0,8.813055992E0,9.140132598E0
8.690050575E0,-6.200982332E-1,2.351106167E0,8.734047890E0,9.066190742E0
8.692051591E0,-6.177040339E-1,2.363077164E0,8.707711220E0,9.043778339E0
8.694052841E0,-6.177040339E-1,2.389413357E0,8.647856712E0,8.993124050E0
8.696053544E0,-6.272808313E-1,2.410961151E0,8.609549522E0,8.962731609E0
8.698054950E0,-6.488286853E-1,2.413355350E0,8.623914719E0,8.978706354E0
8.700055341E0,-6.775590777E-1,2.446874142E0,8.638279915E0,9.003674764E0
8.702056317E0,-7.254431248E-1,2.458845139E0,8.681375504E0,9.051986952E0
8.704057763E0,-7.876923680E-1,2.480392933E0,8.746018410E0,9.125001172E0
8.706058427E0,-8.690952063E-1,2.487575531E0,8.822632790E0,9.207725443E0
8.708058505E0,-9.097966552E-1,2.487575531E0,8.887276649E0,9.273588745E0
8.710058505E0,-9.935936928E-1,2.485181332E0,9.016563416E0,9.405411767E0
8.712058778E0,-1.096544385E0,2.485181332E0,9.155426979E0,9.549888953E0
8.714059950E0,-1.177947283E0,2.458845139E0,9.308655739E0,9.699719113E0
8.716061474E0,-1.261744261E0,2.422932148E0,9.478644371E0,9.864446152E0
8.718062919E0,-1.364694953E0,2.377442360E0,9.634267807E0,1.001667313E1
8.720064286E0,-1.453280449E0,2.324769735E0,9.811438560E0,1.018729135E1
8.722065849E0,-1.525106430E0,2.286462545E0,9.962273598E0,1.033444511E1
8.724067372E0,-1.556231141E0,2.264914751E0,1.002931118E1,1.039897961E1
8.726068544E0,-1.613691926E0,2.205059767E0,1.014902115E1,1.051041962E1
8.728069950E0,-1.651999116E0,2.161964178E0,1.027351952E1,1.062771817E1
8.730071708E0,-1.709460020E0,2.126051188E0,1.038365269E1,1.073604165E1
8.732074599E0,-1.742978811E0,2.070984364E0,1.044350815E1,1.078859647E1
8.734076552E0,-1.776497602E0,2.032677174E0,1.046984386E1,1.081227778E1
8.736078153E0,-1.802833915E0,1.982398987E0,1.046984386E1,1.080730061E1
8.738080380E0,-1.802833915E0,1.927332401E0,1.047223854E1,1.079965742E1
8.740082841E0,-1.800439715E0,1.903390408E0,1.046026707E1,1.078339767E1
8.742085536E0,-1.798045516E0,1.862688899E0,1.043393135E1,1.075032563E1
8.744087841E0,-1.793257117E0,1.838746905E0,1.037886429E1,1.069194020E1
8.746089794E0,-1.795651317E0,1.810016513E0,1.032858658E1,1.063861947E1
8.748091278E0,-1.812410712E0,1.786074519E0,1.026633644E1,1.057698249E1
8.750092567E0,-1.824381709E0,1.769315004E0,1.020169353E1,1.051348635E1
8.752093388E0,-1.838746905E0,1.766920805E0,1.012747288E1,1.044359642E1
8.754094520E0,-1.836352706E0,1.754949808E0,1.007001209E1,1.038543132E1
8.756096161E0,-1.843535304E0,1.752555609E0,1.004367638E1,1.036076777E1
8.758096864E0,-1.867477298E0,1.754949808E0,1.000058079E1,1.032370749E1
8.760097763E0,-1.889025092E0,1.759738207E0,9.964667320E0,1.029367229E1
8.762099247E0,-1.903390408E0,1.771709204E0,9.940725327E0,1.027520650E1
8.764100810E0,-1.924938202E0,1.781286120E0,9.945513725E0,1.028550488E1
8.766103114E0,-1.939303398E0,1.771709204E0,9.950302124E0,1.029117892E1
8.768104599E0,-1.970427990E0,1.781286120E0,9.964667320E0,1.031262147E1
8.770106630E0,-2.013523579E0,1.802833915E0,1.001015759E1,1.036859403E1
8.772109208E0,-2.027888775E0,1.812410712E0,1.002691650E1,1.038923578E1
8.774111513E0,-2.049436569E0,1.817199111E0,1.005564690E1,1.042201695E1
8.776113661E0,-2.066195965E0,1.810016513E0,1.009874249E1,1.046565456E1
8.778116200E0,-2.070984364E0,1.814804912E0,1.013465595E1,1.050208286E1
8.780117841E0,-2.075772762E0,1.831564307E0,1.018253994E1,1.055213628E1
8.782119599E0,-2.087743998E0,1.845929503E0,1.023042393E1,1.060319313E1
8.784121903E0,-2.097320795E0,1.860294700E0,1.026154804E1,1.063761341E1
8.786123427E0,-2.094926596E0,1.869871497E0,1.027591324E1,1.065267712E1
8.788124286E0,-2.085349798E0,1.869871497E0,1.027351952E1,1.064848846E1
8.790125419E0,-2.092532396E0,1.872265697E0,1.027591324E1,1.065262707E1
8.792126317E0,-2.104503393E0,1.853112102E0,1.025915432E1,1.063546926E1
8.794126747E0,-2.102109194E0,1.860294700E0,1.024718285E1,1.062470309E1
8.796127958E0,-2.097320795E0,1.867477298E0,1.019929886E1,1.057884319E1
8.798129755E0,-2.097320795E0,1.872265697E0,1.016338634E1,1.054507256E1
8.800131864E0,-2.094926596E0,1.877054095E0,1.012507915E1,1.050853355E1
8.802133310E0,-2.090138197E0,1.857900500E0,1.008198357E1,1.046264138E1
8.804133739E0,-2.087743998E0,1.850717902E0,1.007719517E1,1.045627535E1
8.806134833E0,-2.090138197E0,1.831564307E0,1.004128170E1,1.041876402E1
8.808136903E0,-2.092532396E0,1.807622313E0,1.000297451E1,1.037813516E1
8.810138231E0,-2.070984364E0,1.795651317E0,9.976638794E0,1.034633566E1
8.812139716E0,-2.013523579E0,1.786074519E0,9.945513725E0,1.030328019E1
8.814140653E0,-1.975216389E0,1.769315004E0,9.919178009E0,1.026752393E1
8.816142411E0,-1.960851192E0,1.754949808E0,9.890447617E0,1.023453664E1
8.818143661E0,-1.956062794E0,1.745373011E0,9.876082420E0,1.021809731E1
8.820144872E0,-1.951274395E0,1.742978811E0,9.842563629E0,1.018437557E1
8.822145497E0,-1.929726601E0,1.716642618E0,9.811438560E0,1.014569038E1
8.824146200E0,-1.903390408E0,1.699883223E0,9.801861763E0,1.012862242E1
8.826145614E0,-1.884236693E0,1.699883223E0,9.789890289E0,1.011345158E1
8.828145458E0,-1.843535304E0,1.714248419E0,9.777919769E0,1.009678093E1
8.830146552E0,-1.807622313E0,1.728613615E0,9.763554573E0,1.007881944E1
8.832147294E0,-1.783680320E0,1.747767210E0,9.765948296E0,1.008017618E1
8.834148310E0,-1.766920805E0,1.757344007E0,9.763554573E0,1.007657010E1
8.836149286E0,-1.740584612E0,1.759738207E0,9.761159897E0,1.007008222E1
8.838150770E0,-1.733402014E0,1.747767210E0,9.758766174E0,1.006443689E1
8.840151356E0,-1.735796213E0,1.745373011E0,9.765948296E0,1.007139819E1
8.842152099E0,-1.754949808E0,1.735796213E0,9.780313492E0,1.008699010E1
8.844153466E0,-1.759738207E0,1.738190413E0,9.794678688E0,1.010216388E1
8.846154638E0,-1.766920805E0,1.731007814E0,9.813833237E0,1.012075689E1
8.848154716E0,-1.788468719E0,1.735796213E0,9.840168953E0,1.015088833E1
8.850155536E0,-1.790862918E0,1.740584612E0,9.852140427E0,1.016373434E1
8.852156552E0,-1.795651317E0,1.747767210E0,9.859322548E0,1.017277224E1
8.854158583E0,-1.805228114E0,1.740584612E0,9.878476143E0,1.019179936E1
8.856160927E0,-1.793257117E0,1.721431017E0,9.876082420E0,1.018411016E1
8.858162919E0,-1.766920805E0,1.695094824E0,9.878476143E0,1.017740863E1
8.860164638E0,-1.752555609E0,1.565807939E0,9.852140427E0,1.012856735E1
8.862166395E0,-1.659181833E0,1.596932530E0,9.856928825E0,1.012235762E1
8.864168427E0,-1.637633920E0,1.716642618E0,9.907206535E0,1.018731800E1
8.866170067E0,-1.651999116E0,1.740584612E0,9.916783333E0,1.020300581E1
8.868171903E0,-1.699883223E0,1.735796213E0,9.907206535E0,1.020075158E1
8.870175067E0,-1.723825216E0,1.714248419E0,9.868899345E0,1.016392618E1
8.872177958E0,-1.745373011E0,1.632845521E0,9.830592155E0,1.011696860E1
8.874180224E0,-1.733402014E0,1.553836942E0,9.782708168E0,1.005586749E1
8.876182177E0,-1.699883223E0,1.661576033E0,9.768342972E0,1.005340551E1
8.878184091E0,-1.719036818E0,1.786074519E0,9.749189377E0,1.005941565E1
8.880186435E0,-1.738190413E0,1.865083098E0,9.718064308E0,1.004692066E1
8.882188661E0,-1.742978811E0,1.881842494E0,9.686940193E0,1.002078423E1
8.884190224E0,-1.750161409E0,1.889025092E0,9.619902611E0,9.958614713E0
8.886192216E0,-1.757344007E0,1.850717902E0,9.560047150E0,9.894842910E0
8.888194794E0,-1.738190413E0,1.788468719E0,9.500192642E0,9.822096849E0
8.890196239E0,-1.685518026E0,1.800439715E0,9.476250648E0,9.791929357E0
8.892199091E0,-1.699883223E0,1.838746905E0,9.447520256E0,9.773752204E0
8.894202372E0,-1.716642618E0,1.841141105E0,9.421183586E0,9.751685116E0
8.896204755E0,-1.695094824E0,1.896207690E0,9.414001465E0,9.751531862E0
8.898206591E0,-1.685518026E0,1.948880196E0,9.418789864E0,9.764871096E0
8.900208349E0,-1.675941229E0,2.035071373E0,9.416395187E0,9.778486223E0
8.902209520E0,-1.649604917E0,2.123656988E0,9.442731857E0,9.818161758E0
8.904210731E0,-1.659181833E0,2.212242365E0,9.478644371E0,9.873783457E0
8.906213583E0,-1.692700624E0,2.245761156E0,9.488221169E0,9.896212382E0
8.908216005E0,-1.754949808E0,2.236184359E0,9.502586365E0,9.918644914E0
8.910219052E0,-1.793257117E0,2.154781580E0,9.516951561E0,9.921251018E0
8.912221122E0,-1.774103403E0,2.035071373E0,9.514557838E0,9.890185501E0
8.914223778E0,-1.757344007E0,2.008735180E0,9.528923035E0,9.895637887E0
8.916226786E0,-1.721431017E0,2.011129379E0,9.560047150E0,9.919801794E0
8.918229911E0,-1.719036818E0,2.042253971E0,9.593565941E0,9.958031750E0
8.920232802E0,-1.707065821E0,2.003946781E0,9.641449928E0,9.994370072E0
8.922236395E0,-1.685518026E0,1.963245392E0,9.677363396E0,1.001731829E1
8.924239286E0,-1.635239720E0,1.989581585E0,9.720458984E0,1.005583247E1
8.926243270E0,-1.601720929E0,2.056619167E0,9.768342972E0,1.011017887E1
8.928246669E0,-1.623268723E0,2.114080191E0,9.801861763E0,1.015779653E1
8.930249364E0,-1.637633920E0,2.114080191E0,9.828198433E0,1.018551247E1
8.932251903E0,-1.659181833E0,2.075772762E0,9.849745750E0,1.020192179E1
8.934253661E0,-1.632845521E0,2.018311977E0,9.844957352E0,1.018150053E1
8.936255888E0,-1.620874524E0,1.989581585E0,9.821015358E0,1.015076410E1
8.938258778E0,-1.584961534E0,1.994369984E0,9.792284966E0,1.011822413E1
8.940261825E0,-1.556231141E0,1.991975784E0,9.768342972E0,1.009011136E1
8.942265028E0,-1.556231141E0,2.047042370E0,9.749189377E0,1.008260538E1
8.944267997E0,-1.572990537E0,2.104503393E0,9.732429504E0,1.008084410E1
8.946270575E0,-1.584961534E0,2.106897593E0,9.718064308E0,1.006935422E1
8.948273075E0,-1.577778935E0,2.106897593E0,9.696516991E0,1.004742980E1
8.950275419E0,-1.544260144E0,2.094926596E0,9.665391922E0,1.000965823E1
8.952277997E0,-1.517923832E0,2.075772762E0,9.617507935E0,9.955369616E0
8.954280536E0,-1.479616642E0,2.073378563E0,9.576807022E0,9.909762702E0
8.956283739E0,-1.438915253E0,2.032677174E0,9.531316757E0,9.851307158E0
8.958285692E0,-1.362300754E0,1.970427990E0,9.493009567E0,9.790591425E0
8.960287450E0,-1.295263171E0,1.968033791E0,9.440337181E0,9.729893616E0
8.962289481E0,-1.276109457E0,1.991975784E0,9.435548782E0,9.727589819E0
8.964291513E0,-1.280897856E0,2.082955360E0,9.435548782E0,9.747255161E0
8.966293270E0,-1.338358760E0,2.116474390E0,9.411606789E0,9.739045659E0
8.968296239E0,-1.371877551E0,2.118868589E0,9.409213066E0,9.741916785E0
8.970298270E0,-1.386242747E0,2.099714994E0,9.404424667E0,9.735177211E0
8.972300224E0,-1.374271750E0,2.070984364E0,9.392453194E0,9.715748868E0
8.974302020E0,-1.355118155E0,2.039859772E0,9.378087997E0,9.692569710E0
8.976303583E0,-1.335964561E0,2.030282974E0,9.361329079E0,9.671676813E0
8.978305575E0,-1.326387763E0,2.025494576E0,9.356540680E0,9.664718634E0
8.980306864E0,-1.295263171E0,2.018311977E0,9.346963882E0,9.649716252E0
8.982309247E0,-1.271321058E0,2.011129379E0,9.354146004E0,9.651991819E0
8.984311161E0,-1.268926859E0,1.999158382E0,9.349357605E0,9.644547539E0
8.986313583E0,-1.266532660E0,2.011129379E0,9.344569206E0,9.642080689E0
8.988315458E0,-1.261744261E0,2.025494576E0,9.356540680E0,9.656059256E0
8.990316903E0,-1.259350061E0,2.035071373E0,9.351752281E0,9.653121195E0
8.992319872E0,-1.264138460E0,2.056619167E0,9.361329079E0,9.667585560E0
8.994321669E0,-1.271321058E0,2.075772762E0,9.363722801E0,9.674936408E0
8.996324052E0,-1.297657371E0,2.109291792E0,9.346963882E0,9.669475701E0
8.998325770E0,-1.307234168E0,2.142810583E0,9.356540680E0,9.687381063E0
9.000328427E0,-1.300051570E0,2.157175779E0,9.361329079E0,9.694226300E0
9.002330849E0,-1.292868972E0,2.188300371E0,9.356540680E0,9.695618711E0
9.004331435E0,-1.268926859E0,2.207453966E0,9.332598686E0,9.673697671E0
9.006333075E0,-1.252167463E0,2.209848166E0,9.337387085E0,9.676680725E0
9.008334130E0,-1.228225470E0,2.221819162E0,9.339780807E0,9.678663323E0
9.010336591E0,-1.225831270E0,2.226607561E0,9.332598686E0,9.672530267E0
9.012337685E0,-1.216254473E0,2.243366957E0,9.320627213E0,9.663646407E0
9.014338856E0,-1.204283476E0,2.255337954E0,9.303867340E0,9.648771707E0
9.016339442E0,-1.211466074E0,2.267308950E0,9.301473618E0,9.650168464E0
9.018339833E0,-1.225831270E0,2.272097349E0,9.284713745E0,9.636959998E0
9.020340888E0,-1.244984865E0,2.276885748E0,9.267954826E0,9.624405576E0
9.022342294E0,-1.256955862E0,2.293645144E0,9.239224434E0,9.602292134E0
9.024344364E0,-1.276109457E0,2.298433542E0,9.220070839E0,9.587541831E0
9.026345302E0,-1.278503656E0,2.298433542E0,9.210494041E0,9.578651723E0
9.028346552E0,-1.276109457E0,2.310404539E0,9.200917244E0,9.572006196E0
9.030347841E0,-1.292868972E0,2.312798738E0,9.198522568E0,9.572531829E0
9.032349520E0,-1.304839969E0,2.315192938E0,9.188945770E0,9.565534489E0
9.034351786E0,-1.292868972E0,2.305616140E0,9.179368973E0,9.552391884E0
9.036352763E0,-1.295263171E0,2.298433542E0,9.172186852E0,9.544082725E0
9.038354208E0,-1.297657371E0,2.293645144E0,9.172186852E0,9.543255961E0
9.040355185E0,-1.312022567E0,2.298433542E0,9.181763649E0,9.555573435E0
9.042357060E0,-1.319205165E0,2.303221941E0,9.186552048E0,9.562315206E0
9.044359247E0,-1.328781962E0,2.308010340E0,9.217676163E0,9.594692651E0
9.046362177E0,-1.333570361E0,2.312798738E0,9.222464561E0,9.601109337E0
9.048364013E0,-1.347935557E0,2.300827742E0,9.234436035E0,9.611740084E0
9.050365380E0,-1.359906554E0,2.291250944E0,9.232041359E0,9.608837827E0
9.052366161E0,-1.371877551E0,2.269703150E0,9.244012833E0,9.616931613E0
9.054368310E0,-1.374271750E0,2.248155355E0,9.258378029E0,9.626026650E0
9.056370927E0,-1.388636947E0,2.236184359E0,9.279925346E0,9.646027550E0
9.058373231E0,-1.386242747E0,2.224213362E0,9.287108421E0,9.649827815E0
9.060374403E0,-1.386242747E0,2.197877169E0,9.303867340E0,9.659931702E0
9.062376161E0,-1.374271750E0,2.181117773E0,9.327810287E0,9.677496698E0
9.064379403E0,-1.369483352E0,2.166752577E0,9.327810287E0,9.673590137E0
9.066382450E0,-1.374271750E0,2.164358377E0,9.344569206E0,9.689893894E0
9.068384794E0,-1.383848548E0,2.157175779E0,9.366117477E0,9.710437722E0
9.070387958E0,-1.400607944E0,2.149993181E0,9.368511200E0,9.713556269E0
9.072390302E0,-1.405396342E0,2.159569979E0,9.385271072E0,9.732532788E0
9.074392528E0,-1.414973259E0,2.178723574E0,9.380482674E0,9.733572876E0
9.076394520E0,-1.436521053E0,2.202665567E0,9.390059471E0,9.751335560E0
9.078396864E0,-1.448492050E0,2.209848166E0,9.385271072E0,9.750121601E0
9.080398583E0,-1.465251446E0,2.209848166E0,9.390059471E0,9.757233603E0
9.082400770E0,-1.484405041E0,2.209848166E0,9.387664795E0,9.757824427E0
9.084402763E0,-1.493981838E0,2.205059767E0,9.392453194E0,9.762809396E0
9.086404677E0,-1.491587639E0,2.209848166E0,9.394847870E0,9.765829668E0
9.088406317E0,-1.489193439E0,2.209848166E0,9.404424667E0,9.774677966E0
9.090408544E0,-1.479616642E0,2.214636564E0,9.409213066E0,9.778914615E0
9.092410653E0,-1.458068848E0,2.205059767E0,9.409213066E0,9.773512361E0
9.094412685E0,-1.438915253E0,2.185906172E0,9.411606789E0,9.768674692E0
9.096414989E0,-1.412579060E0,2.173935175E0,9.440337181E0,9.789859031E0
9.098417450E0,-1.391031146E0,2.164358377E0,9.449913979E0,9.793890393E0
9.100419364E0,-1.391031146E0,2.161964178E0,9.449913979E0,9.793361576E0
9.102421786E0,-1.395819545E0,2.157175779E0,9.464279175E0,9.806849639E0
9.104424481E0,-1.407790542E0,2.157175779E0,9.473855972E0,9.817801614E0
9.106425966E0,-1.414973259E0,2.157175779E0,9.481039047E0,9.825765013E0
9.108427567E0,-1.424550056E0,2.142810583E0,9.476250648E0,9.819384218E0
9.110428466E0,-1.453280449E0,2.130839586E0,9.478644371E0,9.823298861E0
9.112429247E0,-1.482010841E0,2.126051188E0,9.466673851E0,9.815007060E0
9.114430966E0,-1.503558636E0,2.138022184E0,9.457097054E0,9.811651854E0
9.116433661E0,-1.525106430E0,2.145204782E0,9.418789864E0,9.779644967E0
9.118435692E0,-1.546654344E0,2.140416384E0,9.378087997E0,9.742795104E0
9.120437411E0,-1.558625340E0,2.118868589E0,9.351752281E0,9.714637810E0
9.122438935E0,-1.570596337E0,2.111685991E0,9.344569206E0,9.708087568E0
9.124440224E0,-1.594538331E0,2.087743998E0,9.323021889E0,9.686070649E0
9.126441591E0,-1.613691926E0,2.061407566E0,9.306262016E0,9.667466861E0
9.128443388E0,-1.628057122E0,2.059013367E0,9.294290543E0,9.657843586E0
9.130445263E0,-1.647210717E0,2.054224968E0,9.282320023E0,9.648554729E0
9.132447177E0,-1.661576033E0,2.047042370E0,9.263166428E0,9.631067939E0
9.134448036E0,-1.654393315E0,2.037465572E0,9.244012833E0,9.609373364E0
9.136449677E0,-1.659181833E0,2.018311977E0,9.239224434E0,9.601548611E0
9.138451122E0,-1.663970232E0,2.013523579E0,9.236829758E0,9.599067564E0
9.140451708E0,-1.659181833E0,2.006340981E0,9.222464561E0,9.582908800E0
9.142453114E0,-1.637633920E0,1.951274395E0,9.227252960E0,9.572435104E0
9.144454794E0,-1.616086125E0,1.980004787E0,9.227252960E0,9.574672345E0
9.146455927E0,-1.651999116E0,2.044648170E0,9.253589630E0,9.619698969E0
9.148457528E0,-1.690306425E0,2.059013367E0,9.251194954E0,9.627111713E0
9.150458661E0,-1.726219416E0,2.059013367E0,9.263166428E0,9.644979097E0
9.152460575E0,-1.757344007E0,2.037465572E0,9.272743225E0,9.655220911E0
9.154462880E0,-1.764526606E0,2.032677174E0,9.275136948E0,9.657820460E0
9.156464989E0,-1.778891921E0,2.025494576E0,9.284713745E0,9.668143259E0
9.158466122E0,-1.764526606E0,2.020706177E0,9.301473618E0,9.680610469E0
9.160466552E0,-1.716642618E0,1.975216389E0,9.320627213E0,9.681034722E0
9.162468270E0,-1.651999116E0,1.946485996E0,9.323021889E0,9.666263288E0
9.164470302E0,-1.651999116E0,2.006340981E0,9.351752281E0,9.706172054E0
9.166472685E0,-1.666364431E0,2.047042370E0,9.373299599E0,9.737859018E0
9.168474989E0,-1.678335428E0,2.032677174E0,9.390059471E0,9.753040714E0
9.170476747E0,-1.685518026E0,2.027888775E0,9.385271072E0,9.748672576E0
9.172478700E0,-1.680729628E0,2.008735180E0,9.380482674E0,9.739267133E0
9.174479833E0,-1.671152830E0,1.999158382E0,9.402029991E0,9.756410917E0
9.176481942E0,-1.663970232E0,1.980004787E0,9.402029991E0,9.751276011E0
9.178484403E0,-1.642422318E0,1.948880196E0,9.399636269E0,9.739037276E0
9.180485692E0,-1.618480325E0,1.941697598E0,9.409213066E0,9.742841405E0
9.182486669E0,-1.618480325E0,1.939303398E0,9.428366661E0,9.760864415E0
9.184488974E0,-1.616086125E0,1.922544003E0,9.430760384E0,9.759464699E0
9.186491317E0,-1.611297727E0,1.915361404E0,9.416395187E0,9.743376622E0
9.188493466E0,-1.628057122E0,1.917755604E0,9.416395187E0,9.746633002E0
9.190495028E0,-1.661576033E0,1.917755604E0,9.402029991E0,9.738418220E0
9.192497177E0,-1.661576033E0,1.893813491E0,9.390059471E0,9.722169579E0
9.194498192E0,-1.644816518E0,1.841141105E0,9.399636269E0,9.718455841E0
9.196499052E0,-1.623268723E0,1.786074519E0,9.406818390E0,9.711503270E0
9.198499833E0,-1.620874524E0,1.824381709E0,9.409213066E0,9.720539767E0
9.200501278E0,-1.675941229E0,1.886630893E0,9.418789864E0,9.750987520E0
9.202503974E0,-1.714248419E0,1.893813491E0,9.404424667E0,9.745172164E0
9.204507099E0,-1.778891921E0,1.879448295E0,9.392453194E0,9.742430875E0
9.206510224E0,-1.836352706E0,1.853112102E0,9.390059471E0,9.745739202E0
9.208512606E0,-1.862688899E0,1.850717902E0,9.390059471E0,9.750281204E0
9.210514403E0,-1.881842494E0,1.843535304E0,9.390059471E0,9.752598139E0
9.212517294E0,-1.884236693E0,1.838746905E0,9.397241592E0,9.759072069E0
9.214519911E0,-1.867477298E0,1.826775908E0,9.409213066E0,9.765135544E0
9.216521552E0,-1.845929503E0,1.821987510E0,9.423578262E0,9.773992096E0
9.218523310E0,-1.841141105E0,1.821987510E0,9.430760384E0,9.780014339E0
9.220525575E0,-1.824381709E0,1.826775908E0,9.452308655E0,9.798551819E0
9.222527919E0,-1.798045516E0,1.826775908E0,9.471462250E0,9.812169742E0
9.224530224E0,-1.783680320E0,1.831564307E0,9.483432770E0,9.821997780E0
9.226532997E0,-1.781286120E0,1.831564307E0,9.490615845E0,9.828499233E0
9.228535380E0,-1.771709204E0,1.829170108E0,9.502586365E0,9.837884143E0
9.230537763E0,-1.769315004E0,1.843535304E0,9.524134636E0,9.860945115E0
9.232540067E0,-1.754949808E0,1.855506301E0,9.536105156E0,9.872185878E0
9.234541513E0,-1.754949808E0,1.853112102E0,9.538499832E0,9.874049440E0
9.236543075E0,-1.757344007E0,1.865083098E0,9.550470352E0,9.888289886E0
9.238544716E0,-1.752555609E0,1.865083098E0,9.560047150E0,9.896690741E0
9.240546200E0,-1.754949808E0,1.872265697E0,9.560047150E0,9.898471052E0
9.242547138E0,-1.759738207E0,1.874659896E0,9.569623947E0,9.909022695E0
9.244548583E0,-1.766920805E0,1.877054095E0,9.586383820E0,9.926937894E0
9.246550614E0,-1.786074519E0,1.872265697E0,9.605537415E0,9.947954063E0
9.248551981E0,-1.790862918E0,1.867477298E0,9.610325813E0,9.952538555E0
9.250552997E0,-1.786074519E0,1.860294700E0,9.617507935E0,9.957269577E0
9.252554481E0,-1.781286120E0,1.845929503E0,9.629479408E0,9.965305296E0
9.254555536E0,-1.776497602E0,1.836352706E0,9.619902611E0,9.953424598E0
9.256556356E0,-1.766920805E0,1.836352706E0,9.615114212E0,9.947091118E0
9.258558114E0,-1.762132406E0,1.814804912E0,9.619902611E0,9.946916795E0
9.260559716E0,-1.754949808E0,1.802833915E0,9.615114212E0,9.938836967E0
9.262561435E0,-1.740584612E0,1.795651317E0,9.624691010E0,9.944278529E0
9.264564013E0,-1.726219416E0,1.776497602E0,9.627084732E0,9.940650765E0
9.266565614E0,-1.721431017E0,1.771709204E0,9.629479408E0,9.941285225E0
9.268566942E0,-1.723825216E0,1.752555609E0,9.634267807E0,9.942944268E0
9.270567177E0,-1.716642618E0,1.762132406E0,9.634267807E0,9.943394223E0
9.272567450E0,-1.709460020E0,1.754949808E0,9.641449928E0,9.947846958E0
9.274568270E0,-1.690306425E0,1.752555609E0,9.653421402E0,9.955758722E0
9.276568739E0,-1.690306425E0,1.757344007E0,9.655815125E0,9.958923611E0
9.278569442E0,-1.687912226E0,1.754949808E0,9.653421402E0,9.955774268E0
9.280569677E0,-1.687912226E0,1.750161409E0,9.653421402E0,9.954931311E0
9.282570145E0,-1.695094824E0,1.752555609E0,9.655815125E0,9.958893681E0
9.284571591E0,-1.699883223E0,1.762132406E0,9.670180321E0,9.975324607E0
9.286571513E0,-1.702277422E0,1.778891921E0,9.670180321E0,9.978706946E0
9.288572255E0,-1.697489023E0,1.788468719E0,9.684545517E0,9.993523463E0
9.290573310E0,-1.685518026E0,1.805228114E0,9.706093788E0,1.001539196E1
9.292573622E0,-1.671152830E0,1.829170108E0,9.732429504E0,1.004284816E1
9.294574716E0,-1.656787634E0,1.829170108E0,9.734824181E0,1.004278897E1
9.296575653E0,-1.642422318E0,1.838746905E0,9.761159897E0,1.006770996E1
9.298577294E0,-1.635239720E0,1.841141105E0,9.773131371E0,1.007858652E1
9.300578270E0,-1.608903527E0,1.843535304E0,9.785101891E0,1.008639737E1
9.302579520E0,-1.608903527E0,1.836352706E0,9.811438560E0,1.011064234E1
9.304581356E0,-1.596932530E0,1.829170108E0,9.821015358E0,1.011673858E1
9.306582763E0,-1.587355733E0,1.833958507E0,9.840168953E0,1.013469423E1
9.308583739E0,-1.589749932E0,1.841141105E0,9.835380554E0,1.013172325E1
9.310585067E0,-1.596932530E0,1.833958507E0,9.847352028E0,1.014317205E1
9.312586239E0,-1.611297727E0,1.833958507E0,9.852140427E0,1.015009139E1
9.314586669E0,-1.618480325E0,1.838746905E0,9.856928825E0,1.015674725E1
9.316586942E0,-1.632845521E0,1.853112102E0,9.861717224E0,1.016630098E1
9.318587841E0,-1.640028119E0,1.862688899E0,9.854534149E0,1.016224116E1
9.320589403E0,-1.637633920E0,1.857900500E0,9.844957352E0,1.015169072E1
9.322590810E0,-1.632845521E0,1.867477298E0,9.818621635E0,1.012714110E1
9.324592606E0,-1.628057122E0,1.874659896E0,9.811438560E0,1.012073349E1
9.326592919E0,-1.604115129E0,1.867477298E0,9.789890289E0,1.009468220E1
9.328593817E0,-1.599326730E0,1.869871497E0,9.773131371E0,1.007811303E1
9.330595224E0,-1.601720929E0,1.867477298E0,9.739612579E0,1.004554800E1
9.332596356E0,-1.596932530E0,1.865083098E0,9.710882187E0,1.001648448E1
9.334596591E0,-1.592144132E0,1.862688899E0,9.684545517E0,9.989742476E0
9.336596591E0,-1.582567334E0,1.865083098E0,9.674968719E0,9.979382449E0
9.338596942E0,-1.584961534E0,1.865083098E0,9.653421402E0,9.958874575E0
9.340596903E0,-1.582567334E0,1.862688899E0,9.627084732E0,9.932516788E0
9.342597841E0,-1.582567334E0,1.862688899E0,9.612719536E0,9.918593962E0
9.344599755E0,-1.587355733E0,1.860294700E0,9.605537415E0,9.911949537E0
9.346601083E0,-1.580173135E0,1.865083098E0,9.569623947E0,9.876901568E0
9.348601317E0,-1.565807939E0,1.865083098E0,9.540893555E0,9.846773039E0
9.350601474E0,-1.546654344E0,1.860294700E0,9.516951561E0,9.819633549E0
9.352602528E0,-1.525106430E0,1.853112102E0,9.488221169E0,9.787048331E0
9.354603622E0,-1.496376038E0,1.843535304E0,9.488221169E0,9.780802861E0
9.356604247E0,-1.467645645E0,1.831564307E0,9.464279175E0,9.750958509E0
9.358606005E0,-1.448492050E0,1.817199111E0,9.461885452E0,9.743080526E0
9.360606981E0,-1.441309452E0,1.817199111E0,9.464279175E0,9.744340195E0
9.362608036E0,-1.424550056E0,1.810016513E0,9.459490776E0,9.735885598E0
9.364608583E0,-1.431732655E0,1.805228114E0,9.457097054E0,9.733724447E0
9.366609208E0,-1.458068848E0,1.826775908E0,9.437943459E0,9.723057735E0
9.368610497E0,-1.472434044E0,1.831564307E0,9.435548782E0,9.723799188E0
9.370611747E0,-1.477222443E0,1.831564307E0,9.447520256E0,9.736141584E0
9.372611786E0,-1.486799240E0,1.845929503E0,9.454702377E0,9.747277813E0
9.374612567E0,-1.501164436E0,1.862688899E0,9.452308655E0,9.750345815E0
9.376612880E0,-1.510741234E0,1.869871497E0,9.447520256E0,9.748558739E0
9.378613192E0,-1.525106430E0,1.879448295E0,9.437943459E0,9.743359392E0
9.380613661E0,-1.529894829E0,1.886630893E0,9.447520256E0,9.754772847E0
9.382613856E0,-1.534683347E0,1.910573006E0,9.454702377E0,9.767135672E0
9.384613739E0,-1.539471745E0,1.917755604E0,9.461885452E0,9.776248571E0
9.386613856E0,-1.546654344E0,1.922544003E0,9.445125580E0,9.762105937E0
9.388615185E0,-1.546654344E0,1.920149803E0,9.447520256E0,9.763951757E0
9.390616239E0,-1.546654344E0,1.920149803E0,9.425971985E0,9.743103345E0
9.392617606E0,-1.549048543E0,1.917755604E0,9.414001465E0,9.731431628E0
9.394617685E0,-1.551442742E0,1.903390408E0,9.418789864E0,9.733625847E0
9.396619481E0,-1.556231141E0,1.896207690E0,9.416395187E0,9.730670958E0
9.398620067E0,-1.556231141E0,1.891419291E0,9.414001465E0,9.727422366E0
9.400620067E0,-1.561019540E0,1.877054095E0,9.409213066E0,9.720771811E0
9.402620224E0,-1.577778935E0,1.862688899E0,9.387664795E0,9.699858071E0
9.404620145E0,-1.589749932E0,1.860294700E0,9.375694275E0,9.689770088E0
9.406620927E0,-1.575384736E0,1.865083098E0,9.375694275E0,9.688344294E0
9.408620497E0,-1.568202138E0,1.860294700E0,9.373299599E0,9.683940297E0
9.410621435E0,-1.570596337E0,1.867477298E0,9.358934402E0,9.671809420E0
9.412622919E0,-1.568202138E0,1.857900500E0,9.356540680E0,9.667259473E0
9.414625028E0,-1.563413739E0,1.857900500E0,9.342175484E0,9.652579943E0
9.416626903E0,-1.561019540E0,1.862688899E0,9.332598686E0,9.643847270E0
9.418629364E0,-1.549048543E0,1.872265697E0,9.332598686E0,9.643771486E0
9.420631864E0,-1.549048543E0,1.886630893E0,9.332598686E0,9.646570673E0
9.422633739E0,-1.551442742E0,1.886630893E0,9.334992409E0,9.649271163E0
9.424635614E0,-1.551442742E0,1.884236693E0,9.330204010E0,9.644170745E0
9.426636708E0,-1.546654344E0,1.896207690E0,9.330204010E0,9.645747775E0
9.428637880E0,-1.537077546E0,1.896207690E0,9.346963882E0,9.660431916E0
9.430639442E0,-1.537077546E0,1.896207690E0,9.349357605E0,9.662747985E0
9.432641435E0,-1.529894829E0,1.905784607E0,9.349357605E0,9.663492163E0
9.434642880E0,-1.522712231E0,1.908178806E0,9.358934402E0,9.672096569E0
9.436645302E0,-1.522712231E0,1.915361404E0,9.356540680E0,9.671200305E0
9.438647020E0,-1.534683347E0,1.924938202E0,9.351752281E0,9.670362495E0
9.440649481E0,-1.532289028E0,1.927332401E0,9.361329079E0,9.679721172E0
9.442652606E0,-1.544260144E0,1.932120800E0,9.368511200E0,9.689521778E0
9.444655536E0,-1.558625340E0,1.941697598E0,9.370905876E0,9.696049683E0
9.446657919E0,-1.572990537E0,1.944091797E0,9.366117477E0,9.694222441E0
9.448659755E0,-1.592144132E0,1.946485996E0,9.382876396E0,9.714015654E0
9.450661903E0,-1.606509328E0,1.951274395E0,9.378087997E0,9.712717358E0
9.452663349E0,-1.616086125E0,1.951274395E0,9.394847870E0,9.730486762E0
9.454665106E0,-1.620874524E0,1.936909199E0,9.392453194E0,9.726100373E0
9.456667177E0,-1.625662923E0,1.929726601E0,9.390059471E0,9.723160061E0
9.458669403E0,-1.630451322E0,1.920149803E0,9.397241592E0,9.729002843E0
9.460671708E0,-1.647210717E0,1.903390408E0,9.392453194E0,9.723907403E0
9.462673974E0,-1.654393315E0,1.893813491E0,9.385271072E0,9.716319256E0
9.464676474E0,-1.668758631E0,1.879448295E0,9.397241592E0,9.727550093E0
9.466678700E0,-1.668758631E0,1.869871497E0,9.399636269E0,9.728018131E0
9.468681200E0,-1.673547029E0,1.872265697E0,9.399636269E0,9.729301130E0
9.470683817E0,-1.678335428E0,1.869871497E0,9.416395187E0,9.745856943E0
9.472685927E0,-1.671152830E0,1.862688899E0,9.428366661E0,9.754817252E0
9.474687645E0,-1.663970232E0,1.843535304E0,9.435548782E0,9.756895007E0
9.476689950E0,-1.649604917E0,1.824381709E0,9.449913979E0,9.764754948E0
9.478691435E0,-1.649604917E0,1.814804912E0,9.466673851E0,9.779193579E0
9.480693544E0,-1.628057122E0,1.788468719E0,9.471462250E0,9.775366361E0
9.482695849E0,-1.613691926E0,1.769315004E0,9.483432770E0,9.781102919E0
9.484698505E0,-1.601720929E0,1.745373011E0,9.488221169E0,9.779477380E0
9.486701083E0,-1.596932530E0,1.740584612E0,9.495404243E0,9.784811191E0
9.488703310E0,-1.596932530E0,1.733402014E0,9.504981041E0,9.792831084E0
9.490704755E0,-1.596932530E0,1.726219416E0,9.531316757E0,9.817129219E0
9.492706942E0,-1.613691926E0,1.735796213E0,9.550470352E0,9.840146039E0
9.494708895E0,-1.647210717E0,1.738190413E0,9.567230225E0,9.862378173E0
9.496711278E0,-1.680729628E0,1.738190413E0,9.572018623E0,9.872674335E0
9.498713153E0,-1.699883223E0,1.740584612E0,9.581595421E0,9.885656709E0
9.500714677E0,-1.719036818E0,1.757344007E0,9.595960617E0,9.905847046E0
9.502716278E0,-1.731007814E0,1.783680320E0,9.622296333E0,9.938133138E0
9.504718075E0,-1.731007814E0,1.793257117E0,9.634267807E0,9.951445891E0
9.506719872E0,-1.726219416E0,1.800439715E0,9.629479408E0,9.947275522E0
9.508719989E0,-1.733402014E0,1.793257117E0,9.641449928E0,9.958815710E0
9.510721513E0,-1.742978811E0,1.795651317E0,9.651026726E0,9.970188346E0
9.512723310E0,-1.745373011E0,1.805228114E0,9.662998199E0,9.983922560E0
9.514724013E0,-1.733402014E0,1.800439715E0,9.677363396E0,9.994880089E0
9.516724520E0,-1.721431017E0,1.798045516E0,9.674968719E0,9.990060668E0
9.518724716E0,-1.704671621E0,1.793257117E0,9.665391922E0,9.977047531E0
9.520725106E0,-1.695094824E0,1.790862918E0,9.653421402E0,9.963387035E0
9.522726395E0,-1.697489023E0,1.805228114E0,9.648633003E0,9.961748660E0
9.524726669E0,-1.704671621E0,1.817199111E0,9.639056206E0,9.955878790E0
9.526727489E0,-1.709460020E0,1.838746905E0,9.627084732E0,9.949070518E0
9.528728817E0,-1.695094824E0,1.850717902E0,9.603142738E0,9.925666409E0
9.530730536E0,-1.695094824E0,1.872265697E0,9.579200745E0,9.906554003E0
9.532731864E0,-1.685518026E0,1.879448295E0,9.572018623E0,9.899335202E0
9.534731669E0,-1.687912226E0,1.884236693E0,9.548076630E0,9.877507931E0
9.536733231E0,-1.695094824E0,1.886630893E0,9.543288231E0,9.874566970E0
9.538733505E0,-1.690306425E0,1.893813491E0,9.538499832E0,9.870493625E0
9.540734130E0,-1.683123827E0,1.898601890E0,9.524134636E0,9.856304354E0
9.542734091E0,-1.675941229E0,1.898601890E0,9.500192642E0,9.831944283E0
9.544735028E0,-1.680729628E0,1.908178806E0,9.495404243E0,9.829989836E0
9.546735888E0,-1.687912226E0,1.912967205E0,9.500192642E0,9.836775460E0
9.548736200E0,-1.678335428E0,1.912967205E0,9.476250648E0,9.812012010E0
9.550736708E0,-1.680729628E0,1.917755604E0,9.488221169E0,9.824916263E0
9.552738036E0,-1.680729628E0,1.915361404E0,9.493009567E0,9.829073814E0
9.554738231E0,-1.673547029E0,1.920149803E0,9.488221169E0,9.824157769E0
9.556738544E0,-1.687912226E0,1.915361404E0,9.495404243E0,9.832617085E0
9.558738778E0,-1.678335428E0,1.915361404E0,9.488221169E0,9.824039905E0
9.560739091E0,-1.685518026E0,1.917755604E0,9.478644371E0,9.816489020E0
9.562739560E0,-1.692700624E0,1.924938202E0,9.481039047E0,9.821442048E0
9.564741161E0,-1.702277422E0,1.941697598E0,9.488221169E0,9.833324917E0
9.566742372E0,-1.721431017E0,1.948880196E0,9.476250648E0,9.826534746E0
9.568743270E0,-1.726219416E0,1.948880196E0,9.471462250E0,9.822757486E0
9.570744091E0,-1.721431017E0,1.963245392E0,9.461885452E0,9.815545503E0
9.572744599E0,-1.726219416E0,1.956062794E0,9.445125580E0,9.798796474E0
9.574744599E0,-1.731007814E0,1.944091797E0,9.423578262E0,9.776487520E0
9.576743310E0,-1.733402014E0,1.934514999E0,9.416395187E0,9.768087282E0
9.578743778E0,-1.742978811E0,1.929726601E0,9.404424667E0,9.757306145E0
9.580744755E0,-1.740584612E0,1.910573006E0,9.390059471E0,9.739257717E0
9.582744638E0,-1.742978811E0,1.898601890E0,9.394847870E0,9.741962368E0
9.584744716E0,-1.733402014E0,1.874659896E0,9.399636269E0,9.740235842E0
9.586745263E0,-1.723825216E0,1.865083098E0,9.394847870E0,9.732074539E0
9.588745497E0,-1.707065821E0,1.853112102E0,9.390059471E0,9.722207314E0
9.590745575E0,-1.707065821E0,1.838746905E0,9.385271072E0,9.714853421E0
9.592745575E0,-1.699883223E0,1.833958507E0,9.399636269E0,9.726570246E0
9.594746630E0,-1.695094824E0,1.826775908E0,9.411606789E0,9.735953935E0
9.596747255E0,-1.678335428E0,1.836352706E0,9.423578262E0,9.746426439E0
9.598747685E0,-1.675941229E0,1.841141105E0,9.433155060E0,9.756177220E0
9.600748036E0,-1.675941229E0,1.848323703E0,9.435548782E0,9.759849401E0
9.602748505E0,-1.663970232E0,1.853112102E0,9.442731857E0,9.765654424E0
9.604749169E0,-1.663970232E0,1.857900500E0,9.457097054E0,9.780453767E0
9.606749638E0,-1.661576033E0,1.872265697E0,9.454702377E0,9.780470888E0
9.608750341E0,-1.663970232E0,1.884236693E0,9.461885452E0,9.790118547E0
9.610751239E0,-1.666364431E0,1.896207690E0,9.464279175E0,9.795149530E0
9.612752020E0,-1.663970232E0,1.898601890E0,9.442731857E0,9.774388523E0
9.614752997E0,-1.666364431E0,1.903390408E0,9.433155060E0,9.766477351E0
9.616753466E0,-1.668758631E0,1.905784607E0,9.435548782E0,9.769664844E0
9.618753466E0,-1.673547029E0,1.903390408E0,9.430760384E0,9.765392778E0
9.620752802E0,-1.675941229E0,1.896207690E0,9.428366661E0,9.762094063E0
9.622752528E0,-1.680729628E0,1.900996208E0,9.430760384E0,9.766159945E0
9.624752606E0,-1.685518026E0,1.912967205E0,9.409213066E0,9.748523225E0
9.626752294E0,-1.687912226E0,1.920149803E0,9.392453194E0,9.734176901E0
9.628752216E0,-1.687912226E0,1.927332401E0,9.363722801E0,9.707881466E0
9.630752060E0,-1.685518026E0,1.934514999E0,9.356540680E0,9.701967470E0
9.632752294E0,-1.678335428E0,1.941697598E0,9.337387085E0,9.683687156E0
9.634752841E0,-1.680729628E0,1.939303398E0,9.325415611E0,9.672079718E0
9.636754247E0,-1.683123827E0,1.946485996E0,9.315838814E0,9.664707257E0
9.638755419E0,-1.687912226E0,1.936909199E0,9.308655739E0,9.656693875E0
9.640756278E0,-1.692700624E0,1.939303398E0,9.296685219E0,9.646475477E0
9.642756825E0,-1.695094824E0,1.948880196E0,9.294290543E0,9.646518396E0
9.644757919E0,-1.695094824E0,1.936909199E0,9.296685219E0,9.646414866E0
9.646757958E0,-1.697489023E0,1.929726601E0,9.301473618E0,9.650011668E0
9.648757997E0,-1.702277422E0,1.910573006E0,9.315838814E0,9.660894909E0
9.650757880E0,-1.695094824E0,1.886630893E0,9.323021889E0,9.661855915E0
9.652758895E0,-1.704671621E0,1.867477298E0,9.334992409E0,9.671373225E0
9.654759130E0,-1.711854219E0,1.850717902E0,9.349357605E0,9.683289175E0
9.656758661E0,-1.711854219E0,1.836352706E0,9.363722801E0,9.694428339E0
9.658758778E0,-1.709460020E0,1.819593310E0,9.380482674E0,9.707040155E0
9.660759052E0,-1.714248419E0,1.810016513E0,9.399636269E0,9.724606388E0
9.662758739E0,-1.719036818E0,1.800439715E0,9.406818390E0,9.730616783E0
9.664758661E0,-1.735796213E0,1.805228114E0,9.423578262E0,9.750675069E0
9.666758739E0,-1.752555609E0,1.798045516E0,9.440337181E0,9.768540573E0
9.668758895E0,-1.747767210E0,1.786074519E0,9.449913979E0,9.774744325E0
9.670758544E0,-1.740584612E0,1.795651317E0,9.449913979E0,9.775217268E0
9.672758700E0,-1.733402014E0,1.800439715E0,9.466673851E0,9.791025458E0
9.674759560E0,-1.733402014E0,1.805228114E0,9.478644371E0,9.803480514E0
9.676760849E0,-1.733402014E0,1.824381709E0,9.490615845E0,9.818596655E0
9.678762372E0,-1.738190413E0,1.831564307E0,9.488221169E0,9.818466004E0
9.680763583E0,-1.733402014E0,1.838746905E0,9.490615845E0,9.821275978E0
9.682763817E0,-1.728613615E0,1.845929503E0,9.521739960E0,9.851857318E0
9.684763974E0,-1.721431017E0,1.855506301E0,9.531316757E0,9.861654400E0
9.686764442E0,-1.723825216E0,1.865083098E0,9.526528358E0,9.859252046E0
9.688765028E0,-1.704671621E0,1.867477298E0,9.519346237E0,9.849432957E0
9.690766161E0,-1.685518026E0,1.867477298E0,9.533711433E0,9.860025161E0
9.692767724E0,-1.666364431E0,1.853112102E0,9.528923035E0,9.849424810E0
9.694768388E0,-1.659181833E0,1.855506301E0,9.528923035E0,9.848662965E0
9.696769130E0,-1.632845521E0,1.860294700E0,9.528923035E0,9.845164045E0
9.698769755E0,-1.616086125E0,1.855506301E0,9.521739960E0,9.834539636E0
9.700769247E0,-1.608903527E0,1.850717902E0,9.543288231E0,9.853328248E0
9.702770497E0,-1.594538331E0,1.853112102E0,9.552865028E0,9.860720420E0
9.704771395E0,-1.606509328E0,1.850717902E0,9.545681953E0,9.855256107E0
9.706771513E0,-1.611297727E0,1.845929503E0,9.528923035E0,9.838907983E0
9.708771864E0,-1.628057122E0,1.838746905E0,9.514557838E0,9.826411911E0
9.710772294E0,-1.632845521E0,1.845929503E0,9.507374763E0,9.821599418E0
9.712772802E0,-1.632845521E0,1.841141105E0,9.488221169E0,9.802159252E0
9.714774130E0,-1.625662923E0,1.843535304E0,9.478644371E0,9.792144886E0
9.716773622E0,-1.625662923E0,1.845929503E0,9.461885452E0,9.776375196E0
9.718773661E0,-1.649604917E0,1.831564307E0,9.452308655E0,9.768416612E0
9.720774208E0,-1.673547029E0,1.833958507E0,9.447520256E0,9.768306018E0
9.722775106E0,-1.704671621E0,1.833958507E0,9.430760384E0,9.757486897E0
9.724775497E0,-1.716642618E0,1.831564307E0,9.421183586E0,9.749881530E0
9.726777528E0,-1.711854219E0,1.826775908E0,9.435548782E0,9.762025195E0
9.728778231E0,-1.707065821E0,1.824381709E0,9.423578262E0,9.749167636E0
9.730778661E0,-1.707065821E0,1.829170108E0,9.437943459E0,9.763949699E0
9.732780106E0,-1.709460020E0,1.821987510E0,9.442731857E0,9.767654630E0
9.734781669E0,-1.716642618E0,1.821987510E0,9.442731857E0,9.768914233E0
9.736783739E0,-1.711854219E0,1.829170108E0,9.449913979E0,9.776358338E0
9.738784520E0,-1.707065821E0,1.826775908E0,9.445125580E0,9.770444266E0
9.740784716E0,-1.699883223E0,1.817199111E0,9.445125580E0,9.767405633E0
9.742785888E0,-1.673547029E0,1.817199111E0,9.459490776E0,9.776754984E0
9.744787372E0,-1.673547029E0,1.810016513E0,9.481039047E0,9.796275866E0
9.746786981E0,-1.659181833E0,1.795651317E0,9.490615845E0,9.800461067E0
9.748788544E0,-1.644816518E0,1.786074519E0,9.504981041E0,9.810206326E0
9.750789091E0,-1.644816518E0,1.786074519E0,9.507374763E0,9.812525590E0
9.752789638E0,-1.661576033E0,1.781286120E0,9.524134636E0,9.830714914E0
9.754789481E0,-1.668758631E0,1.783680320E0,9.519346237E0,9.827727287E0
9.756788817E0,-1.671152830E0,1.788468719E0,9.516951561E0,9.826685054E0
9.758787997E0,-1.663970232E0,1.783680320E0,9.519346237E0,9.826915345E0
9.760788231E0,-1.649604917E0,1.781286120E0,9.514557838E0,9.819418898E0
9.762786864E0,-1.654393315E0,1.810016513E0,9.528923035E0,9.839387746E0
9.764786122E0,-1.671152830E0,1.817199111E0,9.540893555E0,9.855131365E0
9.766786513E0,-1.675941229E0,1.829170108E0,9.521739960E0,9.839622663E0
9.768786239E0,-1.673547029E0,1.841141105E0,9.528923035E0,9.848397556E0
9.770786278E0,-1.680729628E0,1.850717902E0,9.531316757E0,9.853730662E0
9.772787606E0,-1.680729628E0,1.853112102E0,9.524134636E0,9.847233982E0
9.774788505E0,-1.680729628E0,1.853112102E0,9.504981041E0,9.828710044E0
9.776789091E0,-1.678335428E0,1.850717902E0,9.509769440E0,9.832480936E0
9.778789052E0,-1.673547029E0,1.853112102E0,9.519346237E0,9.841378811E0
9.780790106E0,-1.663970232E0,1.845929503E0,9.502586365E0,9.822189180E0
9.782791200E0,-1.644816518E0,1.843535304E0,9.502586365E0,9.818512688E0
9.784792958E0,-1.628057122E0,1.824381709E0,9.512163162E0,9.821414696E0
9.786793661E0,-1.637633920E0,1.814804912E0,9.526528358E0,9.835146379E0
9.788794169E0,-1.649604917E0,1.817199111E0,9.528923035E0,9.839907682E0
9.790794403E0,-1.661576033E0,1.833958507E0,9.524134636E0,9.840395281E0
9.792795028E0,-1.671152830E0,1.841141105E0,9.502586365E0,9.822509861E0
9.794795185E0,-1.666364431E0,1.836352706E0,9.490615845E0,9.809217644E0
9.796796825E0,-1.666364431E0,1.836352706E0,9.488221169E0,9.806900765E0
9.798796552E0,-1.685518026E0,1.833958507E0,9.488221169E0,9.809725570E0
9.800795849E0,-1.714248419E0,1.860294700E0,9.478644371E0,9.810404840E0
9.802796630E0,-1.754949808E0,1.853112102E0,9.481039047E0,9.818552577E0
9.804797294E0,-1.774103403E0,1.845929503E0,9.483432770E0,9.822952495E0
9.806797020E0,-1.802833915E0,1.857900500E0,9.478644371E0,9.825818210E0
9.808796005E0,-1.800439715E0,1.855506301E0,9.476250648E0,9.822617429E0
9.810795536E0,-1.795651317E0,1.850717902E0,9.454702377E0,9.800046808E0
9.812795106E0,-1.793257117E0,1.850717902E0,9.476250648E0,9.820399900E0
9.814795263E0,-1.786074519E0,1.845929503E0,9.459490776E0,9.802014266E0
9.816795497E0,-1.764526606E0,1.838746905E0,9.454702377E0,9.792136711E0
9.818795536E0,-1.781286120E0,1.845929503E0,9.476250648E0,9.817319508E0
9.820794638E0,-1.793257117E0,1.853112102E0,9.476250648E0,9.820851384E0
9.822793817E0,-1.793257117E0,1.860294700E0,9.469067574E0,9.815279322E0
9.824792919E0,-1.774103403E0,1.857900500E0,9.461885452E0,9.804412959E0
9.826791942E0,-1.754949808E0,1.860294700E0,9.461885452E0,9.801419362E0
9.828791278E0,-1.742978811E0,1.862688899E0,9.464279175E0,9.802049039E0
9.830791356E0,-1.738190413E0,1.862688899E0,9.459490776E0,9.796574993E0
9.832791708E0,-1.747767210E0,1.857900500E0,9.461885452E0,9.799681668E0
9.834791474E0,-1.750161409E0,1.865083098E0,9.449913979E0,9.789916962E0
9.836790927E0,-1.747767210E0,1.865083098E0,9.440337181E0,9.780244950E0
9.838790497E0,-1.745373011E0,1.860294700E0,9.435548782E0,9.774282794E0
9.840789794E0,-1.740584612E0,1.872265697E0,9.430760384E0,9.771092827E0
9.842789520E0,-1.740584612E0,1.872265697E0,9.433155060E0,9.773404116E0
9.844789989E0,-1.735796213E0,1.872265697E0,9.425971985E0,9.765619038E0
9.846789560E0,-1.728613615E0,1.865083098E0,9.411606789E0,9.749101617E0
9.848790067E0,-1.709460020E0,1.853112102E0,9.414001465E0,9.745753003E0
9.850790497E0,-1.695094824E0,1.853112102E0,9.418789864E0,9.747870199E0
9.852791435E0,-1.663970232E0,1.853112102E0,9.404424667E0,9.728618849E0
9.854792528E0,-1.647210717E0,1.845929503E0,9.390059471E0,9.710508522E0
9.856792489E0,-1.632845521E0,1.833958507E0,9.423578262E0,9.738244994E0
9.858793075E0,-1.606509328E0,1.836352706E0,9.425971985E0,9.736632444E0
9.860793856E0,-1.599326730E0,1.833958507E0,9.445125580E0,9.753545356E0
9.862794364E0,-1.596932530E0,1.841141105E0,9.459490776E0,9.768416444E0
9.864794872E0,-1.601720929E0,1.848323703E0,9.466673851E0,9.777511148E0
9.866795888E0,-1.611297727E0,1.853112102E0,9.466673851E0,9.779990727E0
9.868797528E0,-1.623268723E0,1.853112102E0,9.476250648E0,9.791238541E0
9.870799638E0,-1.640028119E0,1.862688899E0,9.476250648E0,9.795847514E0
9.872800692E0,-1.656787634E0,1.872265697E0,9.478644371E0,9.802806905E0
9.874801161E0,-1.644816518E0,1.872265697E0,9.464279175E0,9.786898411E0
9.876801630E0,-1.635239720E0,1.869871497E0,9.449913979E0,9.770941744E0
9.878802645E0,-1.659181833E0,1.889025092E0,9.461885452E0,9.790228622E0
9.880804208E0,-1.699883223E0,1.903390408E0,9.464279175E0,9.802299644E0
9.882804755E0,-1.704671621E0,1.903390408E0,9.464279175E0,9.803131167E0
9.884805145E0,-1.697489023E0,1.912967205E0,9.454702377E0,9.794504048E0
9.886805458E0,-1.685518026E0,1.908178806E0,9.442731857E0,9.779943880E0
9.888806317E0,-1.673547029E0,1.903390408E0,9.433155060E0,9.767705416E0
9.890806395E0,-1.661576033E0,1.900996208E0,9.411606789E0,9.744381142E0
9.892806122E0,-1.649604917E0,1.886630893E0,9.404424667E0,9.732614029E0
9.894807489E0,-1.635239720E0,1.884236693E0,9.409213066E0,9.734353979E0
9.896808153E0,-1.644816518E0,1.891419291E0,9.416395187E0,9.744300213E0
9.898809091E0,-1.647210717E0,1.891419291E0,9.425971985E0,9.753959091E0
9.900809325E0,-1.663970232E0,1.884236693E0,9.433155060E0,9.762354185E0
9.902808817E0,-1.673547029E0,1.881842494E0,9.433155060E0,9.763529342E0
9.904809130E0,-1.680729628E0,1.872265697E0,9.437943459E0,9.767548702E0
9.906808349E0,-1.678335428E0,1.857900500E0,9.452308655E0,9.778279142E0
9.908807294E0,-1.702277422E0,1.857900500E0,9.481039047E0,9.810180636E0
9.910807138E0,-1.759738207E0,1.862688899E0,9.493009567E0,9.832777793E0
9.912807099E0,-1.783680320E0,1.874659896E0,9.485827446E0,9.832435484E0
9.914807450E0,-1.786074519E0,1.874659896E0,9.473855972E0,9.821321647E0
9.916806239E0,-1.781286120E0,1.867477298E0,9.459490776E0,9.805223987E0
9.918805810E0,-1.774103403E0,1.865083098E0,9.442731857E0,9.787295989E0
9.920805419E0,-1.762132406E0,1.857900500E0,9.430760384E0,9.772212968E0
9.922804364E0,-1.757344007E0,1.850717902E0,9.435548782E0,9.774609738E0
9.924803778E0,-1.750161409E0,1.855506301E0,9.440337181E0,9.778851399E0
9.926804208E0,-1.742978811E0,1.867477298E0,9.423578262E0,9.763671126E0
9.928804286E0,-1.733402014E0,1.869871497E0,9.418789864E0,9.757802235E0
9.930804560E0,-1.728613615E0,1.872265697E0,9.414001465E0,9.752789726E0
9.932805810E0,-1.719036818E0,1.881842494E0,9.409213066E0,9.748318279E0
9.934807020E0,-1.702277422E0,1.884236693E0,9.411606789E0,9.748150526E0
9.936807372E0,-1.678335428E0,1.886630893E0,9.418789864E0,9.751399306E0
9.938807255E0,-1.659181833E0,1.872265697E0,9.435548782E0,9.761549263E0
9.940807489E0,-1.651999116E0,1.869871497E0,9.459490776E0,9.783020302E0
9.942808466E0,-1.637633920E0,1.872265697E0,9.493009567E0,9.813483293E0
9.944809716E0,-1.640028119E0,1.862688899E0,9.497797966E0,9.816693352E0
9.946810927E0,-1.644816518E0,1.855506301E0,9.502586365E0,9.820767416E0
9.948811083E0,-1.654393315E0,1.857900500E0,9.521739960E0,9.841358817E0
9.950812099E0,-1.666364431E0,1.853112102E0,9.540893555E0,9.861006272E0
9.952812333E0,-1.668758631E0,1.848323703E0,9.538499832E0,9.858196332E0
9.954812489E0,-1.680729628E0,1.850717902E0,9.536105156E0,9.858362459E0
9.956812645E0,-1.678335428E0,1.850717902E0,9.516951561E0,9.839427503E0
9.958812763E0,-1.685518026E0,1.860294700E0,9.509769440E0,9.835516366E0
9.960812724E0,-1.680729628E0,1.838746905E0,9.495404243E0,9.816748138E0
9.962812255E0,-1.673547029E0,1.819593310E0,9.493009567E0,9.809633536E0
9.964812645E0,-1.668758631E0,1.800439715E0,9.507374763E0,9.819191078E0
9.966812958E0,-1.711854219E0,1.814804912E0,9.519346237E0,9.840828955E0
9.968813661E0,-1.740584612E0,1.824381709E0,9.493009567E0,9.822180718E0
9.970814091E0,-1.754949808E0,1.824381709E0,9.481039047E0,9.813170684E0
9.972814481E0,-1.752555609E0,1.821987510E0,9.459490776E0,9.791478713E0
9.974815302E0,-1.735796213E0,1.812410712E0,9.445125580E0,9.772830619E0
9.976815731E0,-1.723825216E0,1.805228114E0,9.445125580E0,9.769381717E0
9.978816864E0,-1.716642618E0,1.805228114E0,9.445125580E0,9.768116893E0
9.980817020E0,-1.699883223E0,1.807622313E0,9.445125580E0,9.765628429E0
9.982816786E0,-1.680729628E0,1.798045516E0,9.461885452E0,9.776763067E0
9.984816630E0,-1.663970232E0,1.790862918E0,9.464279175E0,9.774894742E0
9.986817958E0,-1.661576033E0,1.800439715E0,9.469067574E0,9.780882312E0
9.988818036E0,-1.656787634E0,1.812410712E0,9.478644371E0,9.791551305E0
9.990817724E0,-1.649604917E0,1.819593310E0,9.497797966E0,9.810213168E0
9.992818153E0,-1.644816518E0,1.817199111E0,9.507374763E0,9.818238583E0
9.994818661E0,-1.654393315E0,1.814804912E0,9.519346237E0,9.830996231E0
9.996818856E0,-1.668758631E0,1.812410712E0,9.526528358E0,9.839935494E0
9.998819247E0,-1.683123827E0,1.819593310E0,9.533711433E0,9.850658827E0
1.000081847E1,-1.687912226E0,1.833958507E0,9.528923035E0,9.849508906E0
1.000281710E1,-1.699883223E0,1.836352706E0,9.519346237E0,9.842750988E0
1.000481671E1,-1.716642618E0,1.838746905E0,9.493009567E0,9.820645738E0
1.000681683E1,-1.721431017E0,1.836352706E0,9.488221169E0,9.816407538E0
1.000881764E1,-1.726219416E0,1.833958507E0,9.466673851E0,9.795976270E0
1.001081769E1,-1.719036818E0,1.845929503E0,9.437943459E0,9.769202631E0
1.001281761E1,-1.716642618E0,1.862688899E0,9.411606789E0,9.746528313E0
1.001481776E1,-1.711854219E0,1.879448295E0,9.394847870E0,9.732725068E0
1.001681862E1,-1.709460020E0,1.884236693E0,9.378087997E0,9.717053873E0
1.001881866E1,-1.707065821E0,1.891419291E0,9.358934402E0,9.699546062E0
1.002081847E1,-1.697489023E0,1.891419291E0,9.349357605E0,9.688623408E0
1.002281827E1,-1.685518026E0,1.889025092E0,9.354146004E0,9.690688019E0
1.002481808E1,-1.671152830E0,1.889025092E0,9.361329079E0,9.695135363E0
1.002681804E1,-1.656787634E0,1.879448295E0,9.375694275E0,9.704685172E0
1.002881733E1,-1.647210717E0,1.857900500E0,9.392453194E0,9.715105476E0
1.003081698E1,-1.644816518E0,1.845929503E0,9.404424667E0,9.723995086E0
1.003281679E1,-1.637633920E0,1.843535304E0,9.418789864E0,9.736224616E0
1.003481792E1,-1.647210717E0,1.831564307E0,9.428366661E0,9.744846271E0
1.003681847E1,-1.644816518E0,1.821987510E0,9.454702377E0,9.768134771E0
1.003881870E1,-1.647210717E0,1.805228114E0,9.478644371E0,9.788608216E0
1.004081929E1,-1.649604917E0,1.800439715E0,9.493009567E0,9.802041124E0
1.004281968E1,-1.666364431E0,1.800439715E0,9.516951561E0,9.828057824E0
1.004482007E1,-1.675941229E0,1.812410712E0,9.531316757E0,9.845791523E0
1.004682065E1,-1.685518026E0,1.807622313E0,9.538499832E0,9.853499302E0
1.004882081E1,-1.663970232E0,1.798045516E0,9.533711433E0,9.843445449E0
1.005082085E1,-1.640028119E0,1.781286120E0,9.536105156E0,9.838697781E0
1.005281972E1,-1.668758631E0,1.795651317E0,9.545681953E0,9.855412877E0
1.005481843E1,-1.702277422E0,1.821987510E0,9.548076630E0,9.868290340E0
1.005681745E1,-1.719036818E0,1.824381709E0,9.533711433E0,9.857743651E0
1.005881659E1,-1.750161409E0,1.841141105E0,9.500192642E0,9.833947619E0
1.006081628E1,-1.752555609E0,1.848323703E0,9.488221169E0,9.824158621E0
1.006281565E1,-1.738190413E0,1.848323703E0,9.471462250E0,9.805417052E0
1.006481636E1,-1.726219416E0,1.848323703E0,9.459490776E0,9.791736298E0
1.006681667E1,-1.711854219E0,1.843535304E0,9.454702377E0,9.783683577E0
1.006881772E1,-1.690306425E0,1.833958507E0,9.435548782E0,9.759616818E0
1.007081811E1,-1.678335428E0,1.817199111E0,9.442731857E0,9.761362986E0
1.007281749E1,-1.690306425E0,1.817199111E0,9.447520256E0,9.768059552E0
1.007481722E1,-1.721431017E0,1.826775908E0,9.454702377E0,9.782220198E0
1.007681733E1,-1.733402014E0,1.843535304E0,9.461885452E0,9.794415821E0
1.007881659E1,-1.733402014E0,1.853112102E0,9.452308655E0,9.786973276E0
1.008081628E1,-1.735796213E0,1.848323703E0,9.449913979E0,9.784179230E0
1.008281511E1,-1.728613615E0,1.862688899E0,9.449913979E0,9.785631771E0
1.008481452E1,-1.731007814E0,1.869871497E0,9.442731857E0,9.780490397E0
1.008681460E1,-1.714248419E0,1.860294700E0,9.435548782E0,9.768772944E0
1.008881417E1,-1.711854219E0,1.862688899E0,9.437943459E0,9.771122327E0
1.009081257E1,-1.711854219E0,1.865083098E0,9.440337181E0,9.773891033E0
1.009281136E1,-1.695094824E0,1.877054095E0,9.442731857E0,9.775574841E0
1.009481058E1,-1.687912226E0,1.872265697E0,9.461885452E0,9.791920283E0
1.009680972E1,-1.675941229E0,1.860294700E0,9.466673851E0,9.792210638E0
1.009880862E1,-1.663970232E0,1.850717902E0,9.471462250E0,9.792984777E0
1.010080823E1,-1.637633920E0,1.836352706E0,9.466673851E0,9.781203909E0
1.010280788E1,-1.630451322E0,1.831564307E0,9.469067574E0,9.781423211E0
1.010480776E1,-1.606509328E0,1.826775908E0,9.485827446E0,9.792798618E0
1.010680764E1,-1.611297727E0,1.817199111E0,9.493009567E0,9.798761331E0
1.010880745E1,-1.604115129E0,1.802833915E0,9.481039047E0,9.783327496E0
1.011080667E1,-1.613691926E0,1.795651317E0,9.469067574E0,9.771980659E0
1.011280612E1,-1.608903527E0,1.783680320E0,9.461885452E0,9.762036793E0
1.011480679E1,-1.620874524E0,1.805228114E0,9.471462250E0,9.777253189E0
1.011680811E1,-1.671152830E0,1.829170108E0,9.493009567E0,9.811006356E0
1.011880862E1,-1.687912226E0,1.833958507E0,9.481039047E0,9.803190955E0
1.012080960E1,-1.726219416E0,1.850717902E0,9.481039047E0,9.813006249E0
1.012280944E1,-1.728613615E0,1.855506301E0,9.471462250E0,9.805080612E0
1.012480890E1,-1.714248419E0,1.857900500E0,9.476250648E0,9.807638261E0
1.012680835E1,-1.726219416E0,1.855506301E0,9.473855972E0,9.806971198E0
1.012880894E1,-1.738190413E0,1.853112102E0,9.464279175E0,9.799383178E0
1.013080987E1,-1.728613615E0,1.857900500E0,9.466673851E0,9.800908790E0
1.013280983E1,-1.699883223E0,1.855506301E0,9.473855972E0,9.802369794E0
1.013480987E1,-1.695094824E0,1.850717902E0,9.473855972E0,9.800635194E0
1.013680999E1,-1.719036818E0,1.862688899E0,9.493009567E0,9.825575208E0
1.013880909E1,-1.745373011E0,1.889025092E0,9.509769440E0,9.851419062E0
1.014080866E1,-1.750161409E0,1.896207690E0,9.514557838E0,9.858269596E0
1.014280925E1,-1.747767210E0,1.896207690E0,9.516951561E0,9.860155214E0
1.014480929E1,-1.740584612E0,1.903390408E0,9.519346237E0,9.862579917E0
1.014680960E1,-1.735796213E0,1.889025092E0,9.524134636E0,9.863596953E0
1.014881026E1,-1.742978811E0,1.886630893E0,9.524134636E0,9.864405295E0
1.015081124E1,-1.738190413E0,1.881842494E0,9.528923035E0,9.867269697E0
1.015281265E1,-1.726219416E0,1.874659896E0,9.524134636E0,9.859174598E0
1.015481339E1,-1.723825216E0,1.853112102E0,9.521739960E0,9.852366705E0
1.015681429E1,-1.723825216E0,1.836352706E0,9.526528358E0,9.853857478E0
1.015881573E1,-1.728613615E0,1.826775908E0,9.512163162E0,9.839027557E0
1.016081686E1,-1.728613615E0,1.812410712E0,9.509769440E0,9.834055746E0
1.016281858E1,-1.723825216E0,1.795651317E0,9.509769440E0,9.830139970E0
1.016481983E1,-1.702277422E0,1.769315004E0,9.512163162E0,9.823923454E0
1.016682046E1,-1.695094824E0,1.759738207E0,9.495404243E0,9.804729816E0
1.016882222E1,-1.683123827E0,1.735796213E0,9.483432770E0,9.786796790E0
1.017082323E1,-1.673547029E0,1.721431017E0,9.488221169E0,9.787258316E0
1.017282319E1,-1.661576033E0,1.695094824E0,9.495404243E0,9.787588218E0
1.017482218E1,-1.651999116E0,1.702277422E0,9.478644371E0,9.770954335E0
1.017682171E1,-1.635239720E0,1.692700624E0,9.449913979E0,9.738589146E0
1.017882155E1,-1.644816518E0,1.721431017E0,9.466673851E0,9.761488612E0
1.018082167E1,-1.695094824E0,1.774103403E0,9.483432770E0,9.795727969E0
1.018282206E1,-1.707065821E0,1.800439715E0,9.478644371E0,9.797977138E0
1.018482210E1,-1.728613615E0,1.829170108E0,9.454702377E0,9.783934043E0
1.018682284E1,-1.728613615E0,1.857900500E0,9.445125580E0,9.780096959E0
1.018882378E1,-1.702277422E0,1.862688899E0,9.423578262E0,9.755572029E0
1.019082440E1,-1.671152830E0,1.841141105E0,9.416395187E0,9.739150408E0
1.019282483E1,-1.663970232E0,1.805228114E0,9.423578262E0,9.738145241E0
1.019482550E1,-1.618480325E0,1.793257117E0,9.402029991E0,9.707389845E0
1.019682659E1,-1.620874524E0,1.905784607E0,9.394847870E0,9.722263918E0
1.019882815E1,-1.640028119E0,1.960851192E0,9.394847870E0,9.736415980E0
1.020082948E1,-1.671152830E0,2.008735180E0,9.378087997E0,9.735312183E0
1.020283155E1,-1.680729628E0,1.996764183E0,9.394847870E0,9.750645403E0
1.020483202E1,-1.735796213E0,1.989581585E0,9.440337181E0,9.802621561E0
1.020683229E1,-1.781286120E0,1.999158382E0,9.449913979E0,9.821939151E0
1.020883280E1,-1.800439715E0,1.996764183E0,9.447520256E0,9.822641669E0
1.021083370E1,-1.788468719E0,1.963245392E0,9.459490776E0,9.825218500E0
1.021283468E1,-1.762132406E0,1.934514999E0,9.461885452E0,9.817063472E0
1.021483546E1,-1.745373011E0,1.910573006E0,9.464279175E0,9.811686728E0
1.021683667E1,-1.728613615E0,1.879448295E0,9.459490776E0,9.798081275E0
1.021883726E1,-1.711854219E0,1.877054095E0,9.452308655E0,9.787743144E0
1.022083710E1,-1.695094824E0,1.869871497E0,9.449913979E0,9.781136952E0
1.022283776E1,-1.687912226E0,1.855506301E0,9.430760384E0,9.758647075E0
1.022483815E1,-1.685518026E0,1.857900500E0,9.433155060E0,9.761003005E0
1.022683792E1,-1.692700624E0,1.850717902E0,9.428366661E0,9.756253894E0
1.022883819E1,-1.699883223E0,1.850717902E0,9.430760384E0,9.759815630E0
1.023083843E1,-1.704671621E0,1.850717902E0,9.425971985E0,9.756024290E0
1.023283843E1,-1.697489023E0,1.855506301E0,9.416395187E0,9.746428625E0
1.023483753E1,-1.719036818E0,1.855506301E0,9.430760384E0,9.764078688E0
1.023683772E1,-1.750161409E0,1.853112102E0,9.445125580E0,9.783020323E0
1.023883800E1,-1.757344007E0,1.848323703E0,9.449913979E0,9.788024963E0
1.024083862E1,-1.750161409E0,1.831564307E0,9.442731857E0,9.776649615E0
1.024283772E1,-1.747767210E0,1.814804912E0,9.435548782E0,9.766155227E0
1.024483741E1,-1.747767210E0,1.807622313E0,9.433155060E0,9.762510078E0
1.024683659E1,-1.747767210E0,1.788468719E0,9.445125580E0,9.770553096E0
1.024883616E1,-1.742978811E0,1.786074519E0,9.459490776E0,9.783148934E0
1.025083604E1,-1.742978811E0,1.769315004E0,9.464279175E0,9.784734591E0
1.025283644E1,-1.733402014E0,1.762132406E0,9.488221169E0,9.804903574E0
1.025483737E1,-1.731007814E0,1.766920805E0,9.519346237E0,9.835463892E0
1.025683800E1,-1.731007814E0,1.764526606E0,9.540893555E0,9.855891234E0
1.025883866E1,-1.745373011E0,1.757344007E0,9.550470352E0,9.866411144E0
1.026083909E1,-1.747767210E0,1.759738207E0,9.557653427E0,9.874214288E0
1.026284132E1,-1.750161409E0,1.771709204E0,9.569623947E0,9.888362906E0
1.026484339E1,-1.759738207E0,1.788468719E0,9.591172218E0,9.913923715E0
1.026684558E1,-1.762132406E0,1.805228114E0,9.598354340E0,9.924331977E0
1.026884726E1,-1.766920805E0,1.805228114E0,9.593565941E0,9.920552663E0
1.027084843E1,-1.754949808E0,1.819593310E0,9.593565941E0,9.921052167E0
1.027284940E1,-1.742978811E0,1.814804912E0,9.595960617E0,9.920380646E0
1.027485085E1,-1.721431017E0,1.819593310E0,9.598354340E0,9.919811016E0
1.027685206E1,-1.714248419E0,1.821987510E0,9.603142738E0,9.923640289E0
1.027885245E1,-1.711854219E0,1.824381709E0,9.574412346E0,9.895867080E0
1.028085339E1,-1.704671621E0,1.817199111E0,9.550470352E0,9.870136873E0
1.028285405E1,-1.702277422E0,1.821987510E0,9.540893555E0,9.861340514E0
1.028485397E1,-1.692700624E0,1.829170108E0,9.531316757E0,9.851756078E0
1.028685425E1,-1.690306425E0,1.841141105E0,9.526528358E0,9.848943037E0
1.028885491E1,-1.685518026E0,1.843535304E0,9.509769440E0,9.832360257E0
1.029085573E1,-1.683123827E0,1.841141105E0,9.493009567E0,9.815290980E0
1.029285644E1,-1.687912226E0,1.850717902E0,9.485827446E0,9.810969716E0
1.029485686E1,-1.685518026E0,1.850717902E0,9.469067574E0,9.794353908E0
1.029685804E1,-1.673547029E0,1.855506301E0,9.447520256E0,9.772374444E0
1.029885886E1,-1.671152830E0,1.872265697E0,9.440337181E0,9.768218707E0
1.030085964E1,-1.661576033E0,1.872265697E0,9.425971985E0,9.752700221E0
1.030286054E1,-1.673547029E0,1.862688899E0,9.414001465E0,9.741344526E0
1.030486159E1,-1.680729628E0,1.850717902E0,9.414001465E0,9.740299401E0
1.030686198E1,-1.680729628E0,1.838746905E0,9.409213066E0,9.733402940E0
1.030886288E1,-1.673547029E0,1.838746905E0,9.416395187E0,9.739109208E0
1.031086397E1,-1.671152830E0,1.833958507E0,9.411606789E0,9.733164847E0
1.031286538E1,-1.671152830E0,1.829170108E0,9.402029991E0,9.723002778E0
1.031486597E1,-1.673547029E0,1.821987510E0,9.392453194E0,9.712804700E0
1.031686558E1,-1.678335428E0,1.821987510E0,9.394847870E0,9.715946418E0
1.031886440E1,-1.687912226E0,1.821987510E0,9.390059471E0,9.712976013E0
1.032086401E1,-1.695094824E0,1.824381709E0,9.380482674E0,9.705419634E0
1.032286280E1,-1.695094824E0,1.836352706E0,9.366117477E0,9.693796693E0
1.032486253E1,-1.690306425E0,1.845929503E0,9.370905876E0,9.699405574E0
1.032686206E1,-1.697489023E0,1.853112102E0,9.363722801E0,9.695091446E0
1.032886128E1,-1.685518026E0,1.862688899E0,9.380482674E0,9.711026524E0
1.033086132E1,-1.680729628E0,1.869871497E0,9.368511200E0,9.700014103E0
1.033286132E1,-1.683123827E0,1.891419291E0,9.378087997E0,9.713851308E0
1.033486058E1,-1.675941229E0,1.893813491E0,9.361329079E0,9.696895929E0
1.033686007E1,-1.666364431E0,1.905784607E0,9.380482674E0,9.716081544E0
1.033885952E1,-1.656787634E0,1.915361404E0,9.382876396E0,9.718637972E0
1.034085983E1,-1.654393315E0,1.915361404E0,9.385271072E0,9.720542148E0
1.034285979E1,-1.647210717E0,1.915361404E0,9.409213066E0,9.742443378E0
1.034486014E1,-1.649604917E0,1.893813491E0,9.423578262E0,9.752515224E0
1.034686046E1,-1.644816518E0,1.881842494E0,9.411606789E0,9.737817769E0
1.034886069E1,-1.656787634E0,1.874659896E0,9.430760384E0,9.756973732E0
1.035086054E1,-1.671152830E0,1.891419291E0,9.445125580E0,9.776533943E0
1.035286132E1,-1.685518026E0,1.886630893E0,9.459490776E0,9.791951434E0
1.035486218E1,-1.699883223E0,1.872265697E0,9.454702377E0,9.787051591E0
1.035686319E1,-1.704671621E0,1.872265697E0,9.464279175E0,9.797135524E0
1.035886440E1,-1.704671621E0,1.862688899E0,9.481039047E0,9.811504303E0
1.036086519E1,-1.709460020E0,1.865083098E0,9.471462250E0,9.803539446E0
1.036286612E1,-1.719036818E0,1.857900500E0,9.471462250E0,9.803850213E0
1.036486686E1,-1.728613615E0,1.848323703E0,9.481039047E0,9.812976458E0
1.036686698E1,-1.735796213E0,1.841141105E0,9.490615845E0,9.822147330E0
1.036886706E1,-1.750161409E0,1.833958507E0,9.502586365E0,9.834918219E0
1.037086804E1,-1.764526606E0,1.833958507E0,9.507374763E0,9.842110182E0
1.037286851E1,-1.762132406E0,1.833958507E0,9.507374763E0,9.841681224E0
1.037486815E1,-1.757344007E0,1.824381709E0,9.521739960E0,9.852926390E0
1.037686835E1,-1.757344007E0,1.810016513E0,9.536105156E0,9.864163385E0
1.037886890E1,-1.752555609E0,1.800439715E0,9.526528358E0,9.852298051E0
1.038086897E1,-1.742978811E0,1.793257117E0,9.540893555E0,9.863183870E0
1.038286964E1,-1.731007814E0,1.790862918E0,9.540893555E0,9.860640338E0
1.038486999E1,-1.721431017E0,1.778891921E0,9.548076630E0,9.863749213E0
1.038687104E1,-1.716642618E0,1.781286120E0,9.543288231E0,9.858711497E0
1.038887136E1,-1.721431017E0,1.786074519E0,9.528923035E0,9.846510099E0
1.039087222E1,-1.728613615E0,1.800439715E0,9.514557838E0,9.836488147E0
1.039287175E1,-1.721431017E0,1.819593310E0,9.519346237E0,9.843383430E0
1.039487054E1,-1.723825216E0,1.833958507E0,9.504981041E0,9.832580626E0
1.039687085E1,-1.719036818E0,1.843535304E0,9.507374763E0,9.835846933E0
1.039887112E1,-1.709460020E0,1.848323703E0,9.488221169E0,9.816562281E0
1.040087132E1,-1.695094824E0,1.857900500E0,9.481039047E0,9.808936851E0
1.040287167E1,-1.687912226E0,1.855506301E0,9.483432770E0,9.809559033E0
1.040487214E1,-1.685518026E0,1.865083098E0,9.478644371E0,9.806334947E0
1.040687335E1,-1.678335428E0,1.865083098E0,9.461885452E0,9.788902956E0
1.040887397E1,-1.671152830E0,1.865083098E0,9.454702377E0,9.780730228E0
1.041087390E1,-1.663970232E0,1.867477298E0,9.449913979E0,9.775333375E0
1.041287432E1,-1.680729628E0,1.869871497E0,9.437943459E0,9.767090059E0
1.041487370E1,-1.683123827E0,1.865083098E0,9.433155060E0,9.761959596E0
1.041687343E1,-1.685518026E0,1.860294700E0,9.428366661E0,9.756831724E0
1.041887413E1,-1.685518026E0,1.862688899E0,9.428366661E0,9.757288499E0
1.042087421E1,-1.678335428E0,1.860294700E0,9.428366661E0,9.755593476E0
1.042287468E1,-1.683123827E0,1.841141105E0,9.423578262E0,9.748155397E0
1.042487425E1,-1.685518026E0,1.826775908E0,9.428366661E0,9.750496353E0
1.042687394E1,-1.692700624E0,1.814804912E0,9.425971985E0,9.747189345E0
1.042887476E1,-1.695094824E0,1.805228114E0,9.433155060E0,9.752774446E0
1.043087503E1,-1.699883223E0,1.798045516E0,9.430760384E0,9.749964721E0
1.043287432E1,-1.707065821E0,1.802833915E0,9.423578262E0,9.745158342E0
1.043487413E1,-1.704671621E0,1.798045516E0,9.430760384E0,9.750800707E0
1.043687386E1,-1.702277422E0,1.788468719E0,9.437943459E0,9.755569973E0
1.043887292E1,-1.695094824E0,1.786074519E0,9.435548782E0,9.751563437E0
1.044087147E1,-1.687912226E0,1.783680320E0,9.442731857E0,9.756830843E0
1.044287042E1,-1.695094824E0,1.778891921E0,9.454702377E0,9.768787027E0
1.044486964E1,-1.697489023E0,1.774103403E0,9.471462250E0,9.784554615E0
1.044686913E1,-1.702277422E0,1.774103403E0,9.476250648E0,9.790021331E0
1.044886831E1,-1.704671621E0,1.783680320E0,9.481039047E0,9.796811840E0
1.045086729E1,-1.702277422E0,1.788468719E0,9.488221169E0,9.804218976E0
1.045286600E1,-1.695094824E0,1.788468719E0,9.497797966E0,9.812244036E0
1.045486589E1,-1.709460020E0,1.800439715E0,9.509769440E0,9.828507085E0
1.045686624E1,-1.714248419E0,1.805228114E0,9.533711433E0,9.853382662E0
1.045886663E1,-1.699883223E0,1.802833915E0,9.528923035E0,9.845820804E0
1.046086624E1,-1.697489023E0,1.807622313E0,9.536105156E0,9.853236471E0
1.046286682E1,-1.683123827E0,1.802833915E0,9.545681953E0,9.859166288E0
1.046486636E1,-1.680729628E0,1.805228114E0,9.543288231E0,9.856878354E0
1.046686472E1,-1.678335428E0,1.805228114E0,9.533711433E0,9.847198183E0
1.046886374E1,-1.671152830E0,1.814804912E0,9.531316757E0,9.845418619E0
1.047086339E1,-1.656787634E0,1.819593310E0,9.531316757E0,9.843874451E0
1.047286308E1,-1.656787634E0,1.824381709E0,9.519346237E0,9.833171750E0
1.047486335E1,-1.649604917E0,1.826775908E0,9.516951561E0,9.830090214E0
1.047686284E1,-1.654393315E0,1.831564307E0,9.497797966E0,9.813246723E0
1.047886257E1,-1.649604917E0,1.829170108E0,9.481039047E0,9.795772613E0
1.048086124E1,-1.656787634E0,1.836352706E0,9.459490776E0,9.777479341E0
1.048286093E1,-1.659181833E0,1.841141105E0,9.452308655E0,9.771838303E0
1.048486077E1,-1.663970232E0,1.841141105E0,9.440337181E0,9.761073895E0
1.048686132E1,-1.673547029E0,1.833958507E0,9.437943459E0,9.759044020E0
1.048886140E1,-1.663970232E0,1.829170108E0,9.425971985E0,9.744927300E0
1.049086085E1,-1.659181833E0,1.829170108E0,9.418789864E0,9.737163351E0
1.049286065E1,-1.656787634E0,1.821987510E0,9.411606789E0,9.728459595E0
1.049486058E1,-1.666364431E0,1.824381709E0,9.421183586E0,9.739806939E0
1.049686069E1,-1.678335428E0,1.821987510E0,9.423578262E0,9.743730064E0
1.049886003E1,-1.687912226E0,1.819593310E0,9.416395187E0,9.737990851E0
1.050085929E1,-1.687912226E0,1.814804912E0,9.425971985E0,9.746358931E0
1.050285936E1,-1.683123827E0,1.817199111E0,9.435548782E0,9.755239579E0
1.050485979E1,-1.685518026E0,1.821987510E0,9.442731857E0,9.763492942E0
1.050686007E1,-1.678335428E0,1.810016513E0,9.452308655E0,9.769294165E0
1.050886050E1,-1.666364431E0,1.793257117E0,9.459490776E0,9.771105733E0
1.051086140E1,-1.651999116E0,1.783680320E0,9.469067574E0,9.776188279E0
1.051286089E1,-1.644816518E0,1.778891921E0,9.478644371E0,9.783382695E0
1.051486026E1,-1.635239720E0,1.766920805E0,9.500192642E0,9.800493779E0
1.051685964E1,-1.625662923E0,1.764526606E0,9.500192642E0,9.798468978E0
1.051885972E1,-1.630451322E0,1.762132406E0,9.509769440E0,9.808118929E0
1.052085917E1,-1.632845521E0,1.764526606E0,9.526528358E0,9.825196242E0
1.052285811E1,-1.651999116E0,1.771709204E0,9.528923035E0,9.832010414E0
1.052485675E1,-1.659181833E0,1.778891921E0,9.548076630E0,9.853076075E0
1.052685671E1,-1.659181833E0,1.786074519E0,9.538499832E0,9.845096525E0
1.052885659E1,-1.656787634E0,1.781286120E0,9.540893555E0,9.846145201E0
1.053085745E1,-1.647210717E0,1.786074519E0,9.548076630E0,9.852366856E0
1.053285804E1,-1.663970232E0,1.788468719E0,9.548076630E0,9.855616907E0
1.053485788E1,-1.663970232E0,1.798045516E0,9.528923035E0,9.838807794E0
1.053685761E1,-1.695094824E0,1.810016513E0,9.528923035E0,9.846313038E0
1.053885722E1,-1.714248419E0,1.824381709E0,9.524134636E0,9.847647274E0
1.054085647E1,-1.723825216E0,1.831564307E0,9.507374763E0,9.834448438E0
1.054285663E1,-1.733402014E0,1.843535304E0,9.504981041E0,9.836054572E0
1.054485573E1,-1.735796213E0,1.848323703E0,9.497797966E0,9.830435148E0
1.054685499E1,-1.716642618E0,1.853112102E0,9.493009567E0,9.823345509E0
1.054885518E1,-1.719036818E0,1.855506301E0,9.490615845E0,9.821903091E0
1.055085522E1,-1.716642618E0,1.845929503E0,9.471462250E0,9.801169051E0
1.055285585E1,-1.704671621E0,1.841141105E0,9.459490776E0,9.786606748E0
1.055485616E1,-1.687912226E0,1.826775908E0,9.461885452E0,9.783324293E0
1.055685632E1,-1.673547029E0,1.821987510E0,9.471462250E0,9.789228534E0
1.055885561E1,-1.668758631E0,1.817199111E0,9.471462250E0,9.787520888E0
1.056085448E1,-1.666364431E0,1.812410712E0,9.466673851E0,9.781590710E0
1.056285405E1,-1.654393315E0,1.805228114E0,9.466673851E0,9.778229880E0
1.056485468E1,-1.647210717E0,1.812410712E0,9.469067574E0,9.780663395E0
1.056685491E1,-1.632845521E0,1.812410712E0,9.478644371E0,9.787528605E0
1.056885503E1,-1.616086125E0,1.800439715E0,9.469067574E0,9.773257300E0
1.057085460E1,-1.608903527E0,1.793257117E0,9.485827446E0,9.786994635E0
1.057285417E1,-1.613691926E0,1.793257117E0,9.497797966E0,9.799384620E0
1.057485257E1,-1.613691926E0,1.781286120E0,9.502586365E0,9.801843168E0
1.057685190E1,-1.618480325E0,1.774103403E0,9.507374763E0,9.805972483E0
1.057885093E1,-1.623268723E0,1.783680320E0,9.497797966E0,9.799218491E0
1.058085097E1,-1.642422318E0,1.798045516E0,9.500192642E0,9.807353312E0
1.058285030E1,-1.647210717E0,1.790862918E0,9.497797966E0,9.804522392E0
1.058484948E1,-1.654393315E0,1.805228114E0,9.490615845E0,9.801410863E0
1.058684960E1,-1.659181833E0,1.812410712E0,9.481039047E0,9.794274775E0
1.058884956E1,-1.651999116E0,1.817199111E0,9.476250648E0,9.789312542E0
1.059084917E1,-1.642422318E0,1.826775908E0,9.464279175E0,9.777895560E0
1.059284976E1,-1.642422318E0,1.826775908E0,9.469067574E0,9.782530450E0
1.059485030E1,-1.647210717E0,1.833958507E0,9.461885452E0,9.777728942E0
1.059684983E1,-1.649604917E0,1.841141105E0,9.457097054E0,9.774849443E0
1.059885003E1,-1.656787634E0,1.841141105E0,9.452308655E0,9.771432072E0
1.060084936E1,-1.661576033E0,1.841141105E0,9.447520256E0,9.767613550E0
1.060284886E1,-1.668758631E0,1.843535304E0,9.437943459E0,9.760028407E0
1.060484804E1,-1.661576033E0,1.848323703E0,9.425971985E0,9.748132297E0
1.060684827E1,-1.656787634E0,1.850717902E0,9.430760384E0,9.752401931E0
1.060884870E1,-1.659181833E0,1.850717902E0,9.452308655E0,9.773647222E0
1.061084948E1,-1.644816518E0,1.848323703E0,9.452308655E0,9.770765620E0
1.061284964E1,-1.649604917E0,1.848323703E0,9.449913979E0,9.769256425E0
1.061484976E1,-1.635239720E0,1.848323703E0,9.454702377E0,9.771474121E0
1.061685011E1,-1.630451322E0,1.845929503E0,9.471462250E0,9.786440844E0
1.061885007E1,-1.637633920E0,1.836352706E0,9.471462250E0,9.785838404E0
1.062085018E1,-1.640028119E0,1.826775908E0,9.493009567E0,9.805306374E0
1.062285061E1,-1.642422318E0,1.826775908E0,9.497797966E0,9.810342884E0
1.062485007E1,-1.647210717E0,1.838746905E0,9.495404243E0,9.811064931E0
1.062684897E1,-1.659181833E0,1.838746905E0,9.493009567E0,9.810764760E0
1.062884870E1,-1.654393315E0,1.841141105E0,9.483432770E0,9.801138450E0
1.063084784E1,-1.666364431E0,1.843535304E0,9.476250648E0,9.796668780E0
1.063284655E1,-1.673547029E0,1.838746905E0,9.464279175E0,9.785414153E0
1.063484585E1,-1.668758631E0,1.841141105E0,9.457097054E0,9.778100051E0
1.063684546E1,-1.666364431E0,1.831564307E0,9.454702377E0,9.773576381E0
1.063884558E1,-1.671152830E0,1.831564307E0,9.449913979E0,9.769762218E0
1.064084655E1,-1.675941229E0,1.838746905E0,9.452308655E0,9.774247188E0
1.064284632E1,-1.678335428E0,1.841141105E0,9.459490776E0,9.782053778E0
1.064484632E1,-1.685518026E0,1.845929503E0,9.454702377E0,9.779561534E0
1.064684632E1,-1.680729628E0,1.838746905E0,9.461885452E0,9.784330257E0
1.064884616E1,-1.680729628E0,1.831564307E0,9.454702377E0,9.776035850E0
1.065084604E1,-1.675941229E0,1.829170108E0,9.466673851E0,9.786345390E0
1.065284538E1,-1.659181833E0,1.821987510E0,9.466673851E0,9.782148877E0
1.065484429E1,-1.656787634E0,1.824381709E0,9.466673851E0,9.782189309E0
1.065684245E1,-1.654393315E0,1.831564307E0,9.459490776E0,9.776175673E0
1.065884003E1,-1.649604917E0,1.819593310E0,9.471462250E0,9.784718358E0
1.066083913E1,-1.644816518E0,1.819593310E0,9.478644371E0,9.790865146E0
1.066283874E1,-1.647210717E0,1.821987510E0,9.483432770E0,9.796348234E0
1.066483870E1,-1.644816518E0,1.814804912E0,9.495404243E0,9.806204158E0
1.066683745E1,-1.640028119E0,1.819593310E0,9.500192642E0,9.810926169E0
1.066883698E1,-1.647210717E0,1.826775908E0,9.500192642E0,9.813463894E0
1.067083663E1,-1.647210717E0,1.826775908E0,9.493009567E0,9.806510287E0
1.067283558E1,-1.640028119E0,1.831564307E0,9.478644371E0,9.792293866E0
1.067483479E1,-1.640028119E0,1.833958507E0,9.481039047E0,9.795059849E0
1.067683417E1,-1.640028119E0,1.838746905E0,9.466673851E0,9.782054805E0
1.067883390E1,-1.642422318E0,1.841141105E0,9.452308655E0,9.769006630E0
1.068083284E1,-1.647210717E0,1.845929503E0,9.459490776E0,9.777664579E0
1.068283198E1,-1.647210717E0,1.848323703E0,9.454702377E0,9.773484573E0
1.068483171E1,-1.640028119E0,1.848323703E0,9.435548782E0,9.753746642E0
1.068683124E1,-1.637633920E0,1.845929503E0,9.435548782E0,9.752890926E0
1.068883073E1,-1.647210717E0,1.838746905E0,9.440337181E0,9.757779431E0
1.069083077E1,-1.647210717E0,1.845929503E0,9.452308655E0,9.770716339E0
1.069283022E1,-1.661576033E0,1.850717902E0,9.457097054E0,9.778684796E0
1.069482925E1,-1.663970232E0,1.850717902E0,9.469067574E0,9.790668741E0
1.069682784E1,-1.673547029E0,1.845929503E0,9.469067574E0,9.791397046E0
1.069882694E1,-1.687912226E0,1.853112102E0,9.464279175E0,9.790589995E0
1.070082640E1,-1.695094824E0,1.850717902E0,9.466673851E0,9.793692716E0
1.070282589E1,-1.697489023E0,1.836352706E0,9.476250648E0,9.800662559E0
1.070482530E1,-1.697489023E0,1.829170108E0,9.473855972E0,9.797003585E0
1.070682378E1,-1.699883223E0,1.821987510E0,9.481039047E0,9.803027230E0
1.070882194E1,-1.709460020E0,1.810016513E0,9.471462250E0,9.793212470E0
1.071082085E1,-1.697489023E0,1.805228114E0,9.483432770E0,9.801827107E0
1.071282014E1,-1.687912226E0,1.783680320E0,9.495404243E0,9.807816521E0
1.071481894E1,-1.680729628E0,1.771709204E0,9.504981041E0,9.813687899E0
1.071681800E1,-1.675941229E0,1.766920805E0,9.500192642E0,9.807367046E0
1.071881710E1,-1.673547029E0,1.759738207E0,9.497797966E0,9.803346593E0
1.072081601E1,-1.668758631E0,1.762132406E0,9.500192642E0,9.805280528E0
1.072281432E1,-1.678335428E0,1.764526606E0,9.509769440E0,9.816622573E0
1.072481264E1,-1.685518026E0,1.776497602E0,9.504981041E0,9.815374641E0
1.072681120E1,-1.702277422E0,1.795651317E0,9.488221169E0,9.805531756E0
1.072881108E1,-1.695094824E0,1.810016513E0,9.485827446E0,9.804612617E0
1.073081034E1,-1.690306425E0,1.812410712E0,9.473855972E0,9.792645985E0
1.073280909E1,-1.692700624E0,1.817199111E0,9.469067574E0,9.789315028E0
1.073480847E1,-1.692700624E0,1.807622313E0,9.447520256E0,9.766697130E0
1.073680632E1,-1.687912226E0,1.810016513E0,9.442731857E0,9.761679793E0
1.073880479E1,-1.678335428E0,1.814804912E0,9.445125580E0,9.763233271E0
1.074080276E1,-1.685518026E0,1.824381709E0,9.449913979E0,9.770886031E0
1.074280030E1,-1.678335428E0,1.821987510E0,9.447520256E0,9.766887287E0
1.074479882E1,-1.673547029E0,1.810016513E0,9.449913979E0,9.766155520E0
1.074679753E1,-1.671152830E0,1.814804912E0,9.466673851E0,9.782851448E0
1.074879640E1,-1.668758631E0,1.814804912E0,9.466673851E0,9.782442744E0
1.075079593E1,-1.668758631E0,1.821987510E0,9.457097054E0,9.774511677E0
1.075279530E1,-1.675941229E0,1.821987510E0,9.464279175E0,9.782688679E0
1.075479452E1,-1.671152830E0,1.836352706E0,9.478644371E0,9.798451008E0
1.075679390E1,-1.675941229E0,1.836352706E0,9.454702377E0,9.776112075E0
1.075879331E1,-1.685518026E0,1.826775908E0,9.452308655E0,9.773649275E0
1.076079179E1,-1.697489023E0,1.831564307E0,9.466673851E0,9.790506146E0
1.076279058E1,-1.699883223E0,1.843535304E0,9.459490776E0,9.786224560E0
1.076478995E1,-1.704671621E0,1.845929503E0,9.454702377E0,9.782880870E0
1.076678788E1,-1.707065821E0,1.848323703E0,9.437943459E0,9.767556038E0
1.076878694E1,-1.716642618E0,1.857900500E0,9.442731857E0,9.775675991E0
1.077078604E1,-1.716642618E0,1.848323703E0,9.452308655E0,9.783113068E0
1.077278511E1,-1.719036818E0,1.850717902E0,9.452308655E0,9.783986061E0
1.077478405E1,-1.702277422E0,1.848323703E0,9.449913979E0,9.778288354E0
1.077678257E1,-1.692700624E0,1.829170108E0,9.445125580E0,9.768392698E0
1.077878147E1,-1.687912226E0,1.826775908E0,9.442731857E0,9.764801218E0
1.078078104E1,-1.678335428E0,1.805228114E0,9.433155060E0,9.749875524E0
1.078278077E1,-1.675941229E0,1.783680320E0,9.442731857E0,9.754767010E0
1.078478007E1,-1.663970232E0,1.769315004E0,9.452308655E0,9.759375565E0
1.078677917E1,-1.661576033E0,1.747767210E0,9.457097054E0,9.759723859E0
1.078877823E1,-1.654393315E0,1.731007814E0,9.464279175E0,9.762478455E0
1.079077726E1,-1.644816518E0,1.719036818E0,9.459490776E0,9.754100404E0
1.079277694E1,-1.640028119E0,1.723825216E0,9.473855972E0,9.768071078E0
1.079477593E1,-1.642422318E0,1.731007814E0,9.483432770E0,9.779030434E0
1.079677433E1,-1.647210717E0,1.738190413E0,9.490615845E0,9.788074283E0
1.079877347E1,-1.651999116E0,1.742978811E0,9.507374763E0,9.805980375E0
1.080077276E1,-1.659181833E0,1.754949808E0,9.514557838E0,9.816289729E0
1.080277245E1,-1.656787634E0,1.754949808E0,9.516951561E0,9.818205595E0
1.080477163E1,-1.666364431E0,1.771709204E0,9.531316757E0,9.836753684E0
1.080677128E1,-1.671152830E0,1.795651317E0,9.531316757E0,9.841906043E0
1.080876999E1,-1.685518026E0,1.814804912E0,9.536105156E0,9.852501684E0
1.081077034E1,-1.690306425E0,1.824381709E0,9.531316757E0,9.850457023E0
1.081276952E1,-1.690306425E0,1.841141105E0,9.526528358E0,9.848943037E0
1.081476862E1,-1.685518026E0,1.853112102E0,9.507374763E0,9.831844708E0
1.081676764E1,-1.687912226E0,1.860294700E0,9.483432770E0,9.810465899E0
1.081876620E1,-1.666364431E0,1.862688899E0,9.490615845E0,9.814182058E0
1.082076460E1,-1.647210717E0,1.865083098E0,9.493009567E0,9.813718396E0
1.082276354E1,-1.625662923E0,1.853112102E0,9.478644371E0,9.793952395E0
1.082476315E1,-1.604115129E0,1.855506301E0,9.476250648E0,9.788534892E0
1.082676268E1,-1.599326730E0,1.848323703E0,9.476250648E0,9.786392229E0
1.082876218E1,-1.601720929E0,1.841141105E0,9.471462250E0,9.780792793E0
1.083076155E1,-1.604115129E0,1.853112102E0,9.478644371E0,9.790398813E0
1.083276065E1,-1.606509328E0,1.848323703E0,9.485827446E0,9.796841076E0
1.083475901E1,-1.608903527E0,1.841141105E0,9.469067574E0,9.779652951E0
1.083675761E1,-1.616086125E0,1.838746905E0,9.476250648E0,9.787341360E0
1.083875585E1,-1.620874524E0,1.833958507E0,9.497797966E0,9.808098910E0
1.084075432E1,-1.628057122E0,1.829170108E0,9.495404243E0,9.806076434E0
1.084275327E1,-1.630451322E0,1.826775908E0,9.493009567E0,9.803709113E0
1.084475222E1,-1.637633920E0,1.831564307E0,9.493009567E0,9.805799473E0
1.084675171E1,-1.649604917E0,1.829170108E0,9.495404243E0,9.809676927E0
1.084875065E1,-1.668758631E0,1.821987510E0,9.509769440E0,9.825482617E0
1.085075007E1,-1.661576033E0,1.817199111E0,9.500192642E0,9.814107589E0
1.085274944E1,-1.663970232E0,1.821987510E0,9.502586365E0,9.817717812E0
1.085474862E1,-1.671152830E0,1.800439715E0,9.514557838E0,9.826553099E0
1.085674722E1,-1.668758631E0,1.788468719E0,9.514557838E0,9.823959822E0
1.085874663E1,-1.654393315E0,1.793257117E0,9.528923035E0,9.836318546E0
1.086074589E1,-1.659181833E0,1.781286120E0,9.526528358E0,9.832629718E0
1.086274597E1,-1.654393315E0,1.776497602E0,9.531316757E0,9.835596581E0
1.086474655E1,-1.656787634E0,1.764526606E0,9.533711433E0,9.836165569E0
1.086674628E1,-1.656787634E0,1.762132406E0,9.526528358E0,9.828774005E0
1.086874686E1,-1.663970232E0,1.752555609E0,9.531316757E0,9.832916517E0
1.087074608E1,-1.671152830E0,1.754949808E0,9.519346237E0,9.822960521E0
1.087274651E1,-1.680729628E0,1.762132406E0,9.502586365E0,9.809643741E0
1.087474647E1,-1.687912226E0,1.771709204E0,9.495404243E0,9.805646482E0
1.087674655E1,-1.697489023E0,1.781286120E0,9.473855972E0,9.788176348E0
1.087874675E1,-1.704671621E0,1.793257117E0,9.464279175E0,9.782344132E0
1.088074667E1,-1.704671621E0,1.805228114E0,9.452308655E0,9.772967450E0
1.088274710E1,-1.699883223E0,1.802833915E0,9.430760384E0,9.750848912E0
1.088474726E1,-1.690306425E0,1.810016513E0,9.428366661E0,9.748199500E0
1.088674780E1,-1.673547029E0,1.805228114E0,9.414001465E0,9.730520633E0
1.088874792E1,-1.671152830E0,1.810016513E0,9.414001465E0,9.730998671E0
1.089074784E1,-1.675941229E0,1.810016513E0,9.404424667E0,9.722558413E0
1.089274780E1,-1.663970232E0,1.817199111E0,9.399636269E0,9.717210069E0
1.089474718E1,-1.656787634E0,1.821987510E0,9.402029991E0,9.719195013E0
1.089674690E1,-1.654393315E0,1.814804912E0,9.402029991E0,9.717443186E0
1.089874663E1,-1.654393315E0,1.821987510E0,9.399636269E0,9.716471464E0
1.090074604E1,-1.637633920E0,1.814804912E0,9.414001465E0,9.726190688E0
1.090274565E1,-1.632845521E0,1.812410712E0,9.433155060E0,9.743481486E0
1.090474534E1,-1.628057122E0,1.819593310E0,9.447520256E0,9.757926460E0
1.090674460E1,-1.620874524E0,1.817199111E0,9.457097054E0,9.765558433E0
1.090874409E1,-1.620874524E0,1.798045516E0,9.476250648E0,9.780568913E0
1.091074483E1,-1.601720929E0,1.798045516E0,9.493009567E0,9.793656531E0
1.091274468E1,-1.592144132E0,1.795651317E0,9.512163162E0,9.810226022E0
1.091474288E1,-1.589749932E0,1.786074519E0,9.521739960E0,9.817377394E0
1.091674140E1,-1.582567334E0,1.781286120E0,9.528923035E0,9.822315094E0
1.091874054E1,-1.592144132E0,1.786074519E0,9.528923035E0,9.824732023E0
1.092073940E1,-1.594538331E0,1.783680320E0,9.531316757E0,9.827007026E0
1.092273905E1,-1.601720929E0,1.783680320E0,9.531316757E0,9.828175036E0
1.092473886E1,-1.613691926E0,1.781286120E0,9.526528358E0,9.825055951E0
1.092673729E1,-1.618480325E0,1.781286120E0,9.526528358E0,9.825843545E0
1.092873581E1,-1.616086125E0,1.776497602E0,9.533711433E0,9.831547782E0
1.093073374E1,-1.604115129E0,1.778891921E0,9.526528358E0,9.823053720E0
1.093273280E1,-1.616086125E0,1.781286120E0,9.526528358E0,9.825449464E0
1.093473108E1,-1.611297727E0,1.788468719E0,9.507374763E0,9.807399024E0
1.093672897E1,-1.611297727E0,1.788468719E0,9.507374763E0,9.807399024E0
1.093872686E1,-1.616086125E0,1.790862918E0,9.519346237E0,9.820227958E0
1.094072472E1,-1.618480325E0,1.795651317E0,9.521739960E0,9.823816675E0
1.094272354E1,-1.616086125E0,1.800439715E0,9.516951561E0,9.819658067E0
1.094472222E1,-1.613691926E0,1.800439715E0,9.519346237E0,9.821585289E0
1.094672179E1,-1.618480325E0,1.798045516E0,9.512163162E0,9.814972963E0
1.094872101E1,-1.618480325E0,1.802833915E0,9.519346237E0,9.822812299E0
1.095072077E1,-1.618480325E0,1.800439715E0,9.516951561E0,9.820052380E0
1.095272069E1,-1.608903527E0,1.800439715E0,9.509769440E0,9.811517137E0
1.095472026E1,-1.601720929E0,1.800439715E0,9.504981041E0,9.805700265E0
1.095671823E1,-1.608903527E0,1.802833915E0,9.512163162E0,9.814276780E0
1.095871616E1,-1.616086125E0,1.788468719E0,9.507374763E0,9.808186867E0
1.096071472E1,-1.625662923E0,1.783680320E0,9.514557838E0,9.815859936E0
1.096271444E1,-1.635239720E0,1.790862918E0,9.514557838E0,9.818758058E0
1.096471444E1,-1.651999116E0,1.793257117E0,9.509769440E0,9.817361507E0
1.096671374E1,-1.656787634E0,1.795651317E0,9.509769440E0,9.818605996E0
1.096871237E1,-1.666364431E0,1.793257117E0,9.481039047E0,9.791968286E0
1.097071206E1,-1.668758631E0,1.795651317E0,9.469067574E0,9.781224858E0
1.097271300E1,-1.680729628E0,1.812410712E0,9.457097054E0,9.774782317E0
1.097471315E1,-1.683123827E0,1.812410712E0,9.437943459E0,9.756665165E0
1.097671331E1,-1.683123827E0,1.800439715E0,9.423578262E0,9.740550100E0
1.097871343E1,-1.678335428E0,1.790862918E0,9.404424667E0,9.719424012E0
1.098071229E1,-1.675941229E0,1.788468719E0,9.409213066E0,9.723203684E0
1.098271202E1,-1.671152830E0,1.786074519E0,9.414001465E0,9.726573783E0
1.098471175E1,-1.673547029E0,1.783680320E0,9.418789864E0,9.731180691E0
1.098671155E1,-1.675941229E0,1.783680320E0,9.404424667E0,9.717689942E0
1.098871054E1,-1.675941229E0,1.795651317E0,9.404424667E0,9.719894340E0
1.099070999E1,-1.671152830E0,1.798045516E0,9.399636269E0,9.714879384E0
1.099270882E1,-1.661576033E0,1.795651317E0,9.402029991E0,9.715110216E0
1.099470753E1,-1.632845521E0,1.783680320E0,9.411606789E0,9.717306331E0
1.099670554E1,-1.649604917E0,1.805228114E0,9.440337181E0,9.751923452E0
1.099870444E1,-1.675941229E0,1.819593310E0,9.454702377E0,9.772977840E0
1.100070354E1,-1.711854219E0,1.848323703E0,9.466673851E0,9.796155326E0
1.100270190E1,-1.714248419E0,1.862688899E0,9.466673851E0,9.799294433E0
1.100469995E1,-1.714248419E0,1.877054095E0,9.476250648E0,9.811284629E0
1.100669780E1,-1.702277422E0,1.877054095E0,9.481039047E0,9.813826059E0
1.100869655E1,-1.695094824E0,1.869871497E0,9.478644371E0,9.808897236E0
1.101069554E1,-1.678335428E0,1.879448295E0,9.483432770E0,9.812473327E0
1.101269358E1,-1.673547029E0,1.881842494E0,9.497797966E0,9.825999035E0
1.101469315E1,-1.663970232E0,1.879448295E0,9.502586365E0,9.828543658E0
1.101669292E1,-1.649604917E0,1.872265697E0,9.495404243E0,9.817804081E0
1.101869167E1,-1.640028119E0,1.867477298E0,9.507374763E0,9.826868198E0
1.102069030E1,-1.649604917E0,1.860294700E0,9.502586365E0,9.822476285E0
1.102268952E1,-1.649604917E0,1.850717902E0,9.490615845E0,9.809084679E0
1.102468823E1,-1.656787634E0,1.836352706E0,9.497797966E0,9.814545467E0
1.102668651E1,-1.656787634E0,1.836352706E0,9.488221169E0,9.805278041E0
1.102868538E1,-1.663970232E0,1.814804912E0,9.478644371E0,9.793212594E0
1.103068546E1,-1.659181833E0,1.805228114E0,9.473855972E0,9.785994067E0
1.103268499E1,-1.659181833E0,1.807622313E0,9.461885452E0,9.774848290E0
1.103468417E1,-1.666364431E0,1.790862918E0,9.476250648E0,9.786893622E0
1.103668288E1,-1.661576033E0,1.774103403E0,9.478644371E0,9.785345007E0
1.103868253E1,-1.671152830E0,1.759738207E0,9.476250648E0,9.782063008E0
1.104068202E1,-1.671152830E0,1.754949808E0,9.464279175E0,9.769604952E0
1.104268093E1,-1.673547029E0,1.754949808E0,9.454702377E0,9.760737960E0
1.104467925E1,-1.678335428E0,1.745373011E0,9.457097054E0,9.762162744E0
1.104667823E1,-1.680729628E0,1.750161409E0,9.459490776E0,9.765750498E0
1.104867800E1,-1.671152830E0,1.735796213E0,9.454702377E0,9.756902035E0
1.105067764E1,-1.675941229E0,1.733402014E0,9.476250648E0,9.778179171E0
1.105267647E1,-1.680729628E0,1.733402014E0,9.457097054E0,9.760441553E0
1.105467526E1,-1.680729628E0,1.728613615E0,9.461885452E0,9.764232352E0
1.105667347E1,-1.685518026E0,1.723825216E0,9.478644371E0,9.780452112E0
1.105867257E1,-1.690306425E0,1.728613615E0,9.481039047E0,9.784443891E0
1.106067112E1,-1.692700624E0,1.723825216E0,9.473855972E0,9.777052509E0
1.106267007E1,-1.704671621E0,1.721431017E0,9.488221169E0,9.792628402E0
1.106466874E1,-1.704671621E0,1.733402014E0,9.488221169E0,9.794739855E0
1.106666757E1,-1.704671621E0,1.747767210E0,9.493009567E0,9.801929718E0
1.106866683E1,-1.719036818E0,1.759738207E0,9.497797966E0,9.811214621E0
1.107066608E1,-1.723825216E0,1.778891921E0,9.497797966E0,9.815507936E0
1.107266585E1,-1.721431017E0,1.788468719E0,9.519346237E0,9.837677464E0
1.107466511E1,-1.714248419E0,1.788468719E0,9.512163162E0,9.829471808E0
1.107666335E1,-1.707065821E0,1.793257117E0,9.514557838E0,9.831411682E0
1.107866261E1,-1.692700624E0,1.795651317E0,9.519346237E0,9.833999788E0
1.108066128E1,-1.699883223E0,1.790862918E0,9.524134636E0,9.839000636E0
1.108266073E1,-1.692700624E0,1.798045516E0,9.519346237E0,9.834437242E0
1.108465964E1,-1.683123827E0,1.795651317E0,9.509769440E0,9.823084254E0
1.108665917E1,-1.678335428E0,1.795651317E0,9.524134636E0,9.836173749E0
1.108865796E1,-1.673547029E0,1.790862918E0,9.509769440E0,9.820573529E0
1.109065726E1,-1.668758631E0,1.786074519E0,9.516951561E0,9.825842690E0
1.109265636E1,-1.661576033E0,1.790862918E0,9.519346237E0,9.827816527E0
1.109465530E1,-1.642422318E0,1.790862918E0,9.512163162E0,9.817636635E0
1.109665491E1,-1.632845521E0,1.788468719E0,9.507374763E0,9.810962223E0
1.109865483E1,-1.623268723E0,1.795651317E0,9.500192642E0,9.803725070E0
1.110065483E1,-1.628057122E0,1.805228114E0,9.497797966E0,9.803957606E0
1.110265495E1,-1.625662923E0,1.805228114E0,9.493009567E0,9.798921325E0
1.110465499E1,-1.637633920E0,1.817199111E0,9.488221169E0,9.798489598E0
1.110665444E1,-1.640028119E0,1.841141105E0,9.488221169E0,9.803358289E0
1.110865401E1,-1.647210717E0,1.841141105E0,9.483432770E0,9.799928613E0
1.111065319E1,-1.661576033E0,1.836352706E0,9.481039047E0,9.799139125E0
1.111265229E1,-1.663970232E0,1.833958507E0,9.481039047E0,9.799097007E0
1.111465214E1,-1.661576033E0,1.843535304E0,9.461885452E0,9.781959601E0
1.111665120E1,-1.663970232E0,1.841141105E0,9.440337181E0,9.761073895E0
1.111865058E1,-1.661576033E0,1.841141105E0,9.442731857E0,9.762982147E0
1.112065003E1,-1.661576033E0,1.845929503E0,9.430760384E0,9.752309063E0
1.112265046E1,-1.656787634E0,1.848323703E0,9.430760384E0,9.751947866E0
1.112465030E1,-1.649604917E0,1.845929503E0,9.416395187E0,9.736382821E0
1.112665003E1,-1.647210717E0,1.853112102E0,9.423578262E0,9.744288321E0
1.112864933E1,-1.651999116E0,1.860294700E0,9.423578262E0,9.746467294E0
1.113064835E1,-1.647210717E0,1.869871497E0,9.428366661E0,9.752118768E0
1.113264858E1,-1.647210717E0,1.865083098E0,9.423578262E0,9.746571981E0
1.113464913E1,-1.640028119E0,1.853112102E0,9.428366661E0,9.747708171E0
1.113664976E1,-1.642422318E0,1.860294700E0,9.430760384E0,9.751794135E0
1.113864940E1,-1.640028119E0,1.857900500E0,9.442731857E0,9.762513582E0
1.114064952E1,-1.632845521E0,1.845929503E0,9.442731857E0,9.759038127E0
1.114264894E1,-1.623268723E0,1.843535304E0,9.449913979E0,9.763938650E0
1.114464772E1,-1.616086125E0,1.833958507E0,9.459490776E0,9.770215141E0
1.114664694E1,-1.613691926E0,1.821987510E0,9.452308655E0,9.760623905E0
1.114864702E1,-1.616086125E0,1.817199111E0,9.449913979E0,9.757808216E0
1.115064706E1,-1.611297727E0,1.817199111E0,9.447520256E0,9.754697943E0
1.115264772E1,-1.611297727E0,1.802833915E0,9.461885452E0,9.765949355E0
1.115464823E1,-1.613691926E0,1.800439715E0,9.471462250E0,9.775181939E0
1.115664886E1,-1.608903527E0,1.800439715E0,9.466673851E0,9.769752685E0
1.115864909E1,-1.611297727E0,1.810016513E0,9.469067574E0,9.774235564E0
1.116064890E1,-1.604115129E0,1.810016513E0,9.481039047E0,9.784653624E0
1.116264862E1,-1.604115129E0,1.810016513E0,9.478644371E0,9.782333272E0
1.116464952E1,-1.608903527E0,1.821987510E0,9.469067574E0,9.776065147E0
1.116665034E1,-1.616086125E0,1.819593310E0,9.469067574E0,9.776803920E0
1.116865038E1,-1.613691926E0,1.819593310E0,9.471462250E0,9.778727862E0
1.117065046E1,-1.618480325E0,1.821987510E0,9.471462250E0,9.779964938E0
1.117265120E1,-1.620874524E0,1.821987510E0,9.473855972E0,9.782679576E0
1.117465163E1,-1.620874524E0,1.812410712E0,9.466673851E0,9.773943964E0
1.117665268E1,-1.620874524E0,1.814804912E0,9.471462250E0,9.779025935E0
1.117865378E1,-1.604115129E0,1.810016513E0,9.466673851E0,9.770734820E0
1.118065350E1,-1.613691926E0,1.814804912E0,9.457097054E0,9.763923555E0
1.118265413E1,-1.620874524E0,1.814804912E0,9.461885452E0,9.769750632E0
1.118465472E1,-1.618480325E0,1.810016513E0,9.459490776E0,9.766145815E0
1.118665554E1,-1.613691926E0,1.805228114E0,9.459490776E0,9.764467006E0
1.118865616E1,-1.611297727E0,1.798045516E0,9.459490776E0,9.762746221E0
1.119065589E1,-1.604115129E0,1.788468719E0,9.452308655E0,9.752842899E0
1.119265561E1,-1.606509328E0,1.788468719E0,9.461885452E0,9.762518573E0
1.119465597E1,-1.599326730E0,1.798045516E0,9.469067574E0,9.770059078E0
1.119665452E1,-1.604115129E0,1.800439715E0,9.471462250E0,9.773605561E0
1.119865401E1,-1.618480325E0,1.800439715E0,9.471462250E0,9.775973551E0
1.120065479E1,-1.625662923E0,1.795651317E0,9.471462250E0,9.776284608E0
1.120265585E1,-1.630451322E0,1.800439715E0,9.476250648E0,9.782600934E0
1.120465612E1,-1.630451322E0,1.798045516E0,9.473855972E0,9.779840805E0
1.120665651E1,-1.625662923E0,1.788468719E0,9.478644371E0,9.781927183E0
1.120865655E1,-1.628057122E0,1.793257117E0,9.478644371E0,9.783201940E0
1.121065655E1,-1.625662923E0,1.778891921E0,9.485827446E0,9.787142522E0
1.121265726E1,-1.630451322E0,1.776497602E0,9.495404243E0,9.796786054E0
1.121465741E1,-1.625662923E0,1.774103403E0,9.502586365E0,9.802518577E0
1.121665784E1,-1.628057122E0,1.776497602E0,9.507374763E0,9.807991059E0
1.121865901E1,-1.632845521E0,1.771709204E0,9.507374763E0,9.807920926E0
1.122065995E1,-1.628057122E0,1.778891921E0,9.519346237E0,9.820029493E0
1.122266089E1,-1.630451322E0,1.778891921E0,9.538499832E0,9.838994208E0
1.122466085E1,-1.632845521E0,1.786074519E0,9.531316757E0,9.833730005E0
1.122666218E1,-1.635239720E0,1.788468719E0,9.531316757E0,9.834562950E0
1.122866186E1,-1.637633920E0,1.798045516E0,9.519346237E0,9.825108921E0
1.123066241E1,-1.637633920E0,1.800439715E0,9.516951561E0,9.823227323E0
1.123266249E1,-1.647210717E0,1.802833915E0,9.512163162E0,9.820629374E0
1.123466335E1,-1.649604917E0,1.805228114E0,9.502586365E0,9.812196112E0
1.123666444E1,-1.651999116E0,1.805228114E0,9.497797966E0,9.807961859E0
1.123866554E1,-1.656787634E0,1.817199111E0,9.490615845E0,9.804027080E0
1.124066601E1,-1.671152830E0,1.821987510E0,9.466673851E0,9.784186429E0
1.124266640E1,-1.680729628E0,1.826775908E0,9.459490776E0,9.779771370E0
1.124466764E1,-1.671152830E0,1.829170108E0,9.452308655E0,9.771630057E0
1.124666831E1,-1.678335428E0,1.829170108E0,9.433155060E0,9.754336855E0
1.124866874E1,-1.687912226E0,1.821987510E0,9.423578262E0,9.745384212E0
1.125067011E1,-1.690306425E0,1.826775908E0,9.421183586E0,9.744380237E0
1.125267011E1,-1.678335428E0,1.824381709E0,9.414001465E0,9.734916641E0
1.125467034E1,-1.680729628E0,1.819593310E0,9.423578262E0,9.743695355E0
1.125667054E1,-1.671152830E0,1.817199111E0,9.418789864E0,9.736969081E0
1.125867108E1,-1.675941229E0,1.812410712E0,9.421183586E0,9.739215151E0
1.126067147E1,-1.668758631E0,1.810016513E0,9.425971985E0,9.742169317E0
1.126267229E1,-1.668758631E0,1.805228114E0,9.428366661E0,9.743597991E0
1.126467311E1,-1.668758631E0,1.800439715E0,9.425971985E0,9.740394571E0
1.126667374E1,-1.683123827E0,1.798045516E0,9.433155060E0,9.749373717E0
1.126867347E1,-1.685518026E0,1.798045516E0,9.445125580E0,9.761369572E0
1.127067417E1,-1.685518026E0,1.800439715E0,9.457097054E0,9.773394439E0
1.127267425E1,-1.687912226E0,1.807622313E0,9.459490776E0,9.777449149E0
1.127467464E1,-1.711854219E0,1.802833915E0,9.478644371E0,9.799252732E0
1.127667636E1,-1.704671621E0,1.802833915E0,9.485827446E0,9.804949658E0
1.127867745E1,-1.711854219E0,1.807622313E0,9.493009567E0,9.814029445E0
1.128067811E1,-1.716642618E0,1.807622313E0,9.490615845E0,9.812550607E0
1.128267870E1,-1.707065821E0,1.805228114E0,9.490615845E0,9.810438898E0
1.128468030E1,-1.704671621E0,1.819593310E0,9.504981041E0,9.826570599E0
1.128668104E1,-1.690306425E0,1.819593310E0,9.514557838E0,9.833354793E0
1.128868272E1,-1.690306425E0,1.807622313E0,9.528923035E0,9.845049946E0
1.129068327E1,-1.675941229E0,1.800439715E0,9.514557838E0,9.827368571E0
1.129268366E1,-1.671152830E0,1.793257117E0,9.516951561E0,9.827557676E0
1.129468425E1,-1.666364431E0,1.776497602E0,9.521739960E0,9.828338924E0
1.129668479E1,-1.663970232E0,1.766920805E0,9.519346237E0,9.823887156E0
1.129868573E1,-1.656787634E0,1.750161409E0,9.516951561E0,9.817350826E0
1.130068698E1,-1.656787634E0,1.731007814E0,9.514557838E0,9.811633105E0
1.130268792E1,-1.654393315E0,1.738190413E0,9.512163162E0,9.810176919E0
1.130468897E1,-1.654393315E0,1.726219416E0,9.504981041E0,9.801097658E0
1.130668936E1,-1.659181833E0,1.733402014E0,9.500192642E0,9.798531887E0
1.130869030E1,-1.661576033E0,1.728613615E0,9.507374763E0,9.805055575E0
1.131069093E1,-1.661576033E0,1.726219416E0,9.524134636E0,9.820886363E0
1.131269155E1,-1.659181833E0,1.723825216E0,9.528923035E0,9.824705183E0
1.131469124E1,-1.656787634E0,1.714248419E0,9.536105156E0,9.829592792E0
1.131669089E1,-1.656787634E0,1.711854219E0,9.538499832E0,9.831498827E0
1.131869140E1,-1.661576033E0,1.711854219E0,9.533711433E0,9.827661648E0
1.132069233E1,-1.649604917E0,1.716642618E0,9.538499832E0,9.831125943E0
1.132269229E1,-1.659181833E0,1.723825216E0,9.536105156E0,9.831671235E0
1.132469241E1,-1.668758631E0,1.733402014E0,9.526528358E0,9.825689822E0
1.132669440E1,-1.663970232E0,1.740584612E0,9.524134636E0,9.823826764E0
1.132869452E1,-1.656787634E0,1.740584612E0,9.531316757E0,9.829576755E0
1.133069499E1,-1.659181833E0,1.738190413E0,9.516951561E0,9.815628216E0
1.133269518E1,-1.651999116E0,1.745373011E0,9.516951561E0,9.815691267E0
1.133469714E1,-1.635239720E0,1.754949808E0,9.512163162E0,9.809949327E0
1.133669886E1,-1.628057122E0,1.762132406E0,9.512163162E0,9.810042234E0
1.133870054E1,-1.620874524E0,1.774103403E0,9.509769440E0,9.808689612E0
1.134070194E1,-1.623268723E0,1.776497602E0,9.500192642E0,9.800234962E0
1.134270311E1,-1.616086125E0,1.774103403E0,9.500192642E0,9.798614060E0
1.134470487E1,-1.616086125E0,1.776497602E0,9.502586365E0,9.801368563E0
1.134670640E1,-1.611297727E0,1.790862918E0,9.507374763E0,9.807835911E0
1.134870800E1,-1.606509328E0,1.786074519E0,9.509769440E0,9.808498825E0
1.135070948E1,-1.608903527E0,1.783680320E0,9.514557838E0,9.813098232E0
1.135271097E1,-1.625662923E0,1.793257117E0,9.519346237E0,9.822245355E0
1.135471100E1,-1.620874524E0,1.793257117E0,9.519346237E0,9.821453971E0
1.135671101E1,-1.628057122E0,1.798045516E0,9.531316757E0,9.835117528E0
1.135871190E1,-1.616086125E0,1.798045516E0,9.528923035E0,9.830822765E0
1.136071331E1,-1.618480325E0,1.795651317E0,9.536105156E0,9.837740785E0
1.136271358E1,-1.608903527E0,1.795651317E0,9.536105156E0,9.836169771E0
1.136471534E1,-1.616086125E0,1.800439715E0,9.524134636E0,9.826619871E0
1.136671636E1,-1.635239720E0,1.802833915E0,9.533711433E0,9.839505717E0
1.136871749E1,-1.642422318E0,1.821987510E0,9.519346237E0,9.830317510E0
1.137071710E1,-1.647210717E0,1.824381709E0,9.512163162E0,9.824607870E0
1.137271729E1,-1.651999116E0,1.836352706E0,9.504981041E0,9.820690247E0
1.137471847E1,-1.651999116E0,1.841141105E0,9.488221169E0,9.805368050E0
1.137671976E1,-1.656787634E0,1.838746905E0,9.490615845E0,9.808043870E0
1.137872097E1,-1.668758631E0,1.836352706E0,9.471462250E0,9.791095127E0
1.138072198E1,-1.671152830E0,1.824381709E0,9.459490776E0,9.777683066E0
1.138272308E1,-1.683123827E0,1.812410712E0,9.437943459E0,9.756665165E0
1.138472331E1,-1.687912226E0,1.810016513E0,9.430760384E0,9.750099942E0
1.138672347E1,-1.685518026E0,1.819593310E0,9.416395187E0,9.737576144E0
1.138872538E1,-1.683123827E0,1.817199111E0,9.406818390E0,9.727453451E0
1.139072604E1,-1.680729628E0,1.812410712E0,9.392453194E0,9.712253171E0
1.139272714E1,-1.671152830E0,1.810016513E0,9.397241592E0,9.714785695E0
1.139472823E1,-1.663970232E0,1.805228114E0,9.387664795E0,9.703396095E0
1.139672878E1,-1.647210717E0,1.795651317E0,9.387664795E0,9.698758534E0
1.139872901E1,-1.647210717E0,1.795651317E0,9.375694275E0,9.687172443E0
1.140072874E1,-1.649604917E0,1.783680320E0,9.375694275E0,9.685368088E0
1.140272831E1,-1.640028119E0,1.788468719E0,9.382876396E0,9.691577893E0
1.140472894E1,-1.635239720E0,1.795651317E0,9.382876396E0,9.692096887E0
1.140672839E1,-1.630451322E0,1.795651317E0,9.399636269E0,9.707517558E0
1.140872811E1,-1.628057122E0,1.793257117E0,9.406818390E0,9.713628225E0
1.141072858E1,-1.632845521E0,1.786074519E0,9.423578262E0,9.729340880E0
1.141272917E1,-1.632845521E0,1.795651317E0,9.447520256E0,9.754290704E0
1.141472964E1,-1.635239720E0,1.810016513E0,9.466673851E0,9.775892927E0
1.141672976E1,-1.637633920E0,1.817199111E0,9.469067574E0,9.779943669E0
1.141872944E1,-1.635239720E0,1.817199111E0,9.485827446E0,9.795771735E0
1.142072909E1,-1.635239720E0,1.819593310E0,9.485827446E0,9.796216162E0
1.142272983E1,-1.632845521E0,1.817199111E0,9.488221169E0,9.797690445E0
1.142473132E1,-1.632845521E0,1.819593310E0,9.493009567E0,9.802771800E0
1.142673190E1,-1.625662923E0,1.812410712E0,9.504981041E0,9.811843717E0
1.142873257E1,-1.630451322E0,1.812410712E0,9.516951561E0,9.824233869E0
1.143073288E1,-1.635239720E0,1.817199111E0,9.521739960E0,9.830552040E0
1.143273350E1,-1.635239720E0,1.814804912E0,9.524134636E0,9.832429322E0
1.143473347E1,-1.632845521E0,1.807622313E0,9.521739960E0,9.828388209E0
1.143673397E1,-1.632845521E0,1.800439715E0,9.516951561E0,9.822430182E0
1.143873401E1,-1.635239720E0,1.793257117E0,9.516951561E0,9.821514499E0
1.144073378E1,-1.628057122E0,1.788468719E0,9.528923035E0,9.831051040E0
1.144273257E1,-1.613691926E0,1.800439715E0,9.514557838E0,9.816944314E0
1.144473182E1,-1.613691926E0,1.800439715E0,9.504981041E0,9.807662789E0
1.144673214E1,-1.608903527E0,1.802833915E0,9.493009567E0,9.795713926E0
1.144873237E1,-1.594538331E0,1.798045516E0,9.471462250E0,9.771597480E0
1.145073229E1,-1.582567334E0,1.802833915E0,9.464279175E0,9.763570545E0
1.145273171E1,-1.575384736E0,1.805228114E0,9.457097054E0,9.755889006E0
1.145473229E1,-1.577778935E0,1.807622313E0,9.452308655E0,9.752077917E0
1.145673280E1,-1.570596337E0,1.814804912E0,9.442731857E0,9.742970525E0
1.145873284E1,-1.568202138E0,1.819593310E0,9.433155060E0,9.734197047E0
1.146073276E1,-1.563413739E0,1.826775908E0,9.437943459E0,9.739412173E0
1.146273366E1,-1.568202138E0,1.824381709E0,9.423578262E0,9.725813788E0
1.146473476E1,-1.563413739E0,1.821987510E0,9.423578262E0,9.724593990E0
1.146673604E1,-1.563413739E0,1.829170108E0,9.428366661E0,9.730581879E0
1.146873761E1,-1.568202138E0,1.821987510E0,9.449913979E0,9.750885633E0
1.147073874E1,-1.575384736E0,1.824381709E0,9.461885452E0,9.764091458E0
1.147273976E1,-1.594538331E0,1.817199111E0,9.476250648E0,9.779779724E0
1.147473983E1,-1.599326730E0,1.821987510E0,9.476250648E0,9.781452388E0
1.147674077E1,-1.604115129E0,1.819593310E0,9.478644371E0,9.784109784E0
1.147874136E1,-1.606509328E0,1.819593310E0,9.478644371E0,9.784502601E0
1.148074194E1,-1.604115129E0,1.824381709E0,9.490615845E0,9.796598546E0
1.148274268E1,-1.604115129E0,1.819593310E0,9.483432770E0,9.788748759E0
1.148474374E1,-1.608903527E0,1.812410712E0,9.481039047E0,9.785882922E0
1.148674444E1,-1.604115129E0,1.805228114E0,9.483432770E0,9.786088646E0
1.148874495E1,-1.606509328E0,1.800439715E0,9.485827446E0,9.787919990E0
1.149074604E1,-1.611297727E0,1.798045516E0,9.490615845E0,9.792907492E0
1.149274683E1,-1.608903527E0,1.793257117E0,9.493009567E0,9.793955906E0
1.149474772E1,-1.616086125E0,1.798045516E0,9.502586365E0,9.805297021E0
1.149674788E1,-1.618480325E0,1.790862918E0,9.509769440E0,9.811339529E0
1.149874847E1,-1.616086125E0,1.793257117E0,9.504981041E0,9.806741051E0
1.150074929E1,-1.618480325E0,1.798045516E0,9.516951561E0,9.819613702E0
1.150274917E1,-1.618480325E0,1.798045516E0,9.521739960E0,9.824254582E0
1.150474979E1,-1.618480325E0,1.793257117E0,9.519346237E0,9.821059130E0
1.150674987E1,-1.620874524E0,1.800439715E0,9.516951561E0,9.820447261E0
1.150875046E1,-1.613691926E0,1.790862918E0,9.514557838E0,9.815192432E0
1.151075112E1,-1.611297727E0,1.783680320E0,9.531316757E0,9.829740331E0
1.151275210E1,-1.613691926E0,1.783680320E0,9.533711433E0,9.832454974E0
1.151475214E1,-1.611297727E0,1.788468719E0,9.528923035E0,9.828289522E0
1.151675304E1,-1.601720929E0,1.790862918E0,9.526528358E0,9.824838039E0
1.151875347E1,-1.596932530E0,1.798045516E0,9.528923035E0,9.827692272E0
1.152075425E1,-1.601720929E0,1.790862918E0,9.528923035E0,9.827160023E0
1.152275507E1,-1.594538331E0,1.795651317E0,9.521739960E0,9.819900611E0
1.152475565E1,-1.592144132E0,1.790862918E0,9.519346237E0,9.816316300E0
1.152675608E1,-1.596932530E0,1.798045516E0,9.514557838E0,9.813764418E0
1.152875612E1,-1.596932530E0,1.790862918E0,9.516951561E0,9.814772056E0
1.153075761E1,-1.604115129E0,1.781286120E0,9.507374763E0,9.804914099E0
1.153275831E1,-1.608903527E0,1.788468719E0,9.495404243E0,9.795401608E0
1.153475847E1,-1.613691926E0,1.781286120E0,9.493009567E0,9.792559038E0
1.153675886E1,-1.613691926E0,1.781286120E0,9.476250648E0,9.776313632E0
1.153875909E1,-1.620874524E0,1.778891921E0,9.471462250E0,9.772424870E0
1.154075940E1,-1.611297727E0,1.771709204E0,9.476250648E0,9.774178238E0
1.154275952E1,-1.623268723E0,1.766920805E0,9.488221169E0,9.786896925E0
1.154476015E1,-1.640028119E0,1.769315004E0,9.464279175E0,9.766921117E0
1.154676112E1,-1.647210717E0,1.769315004E0,9.471462250E0,9.775089559E0
1.154876226E1,-1.659181833E0,1.766920805E0,9.464279175E0,9.769722298E0
1.155076354E1,-1.666364431E0,1.771709204E0,9.466673851E0,9.774131047E0
1.155276456E1,-1.673547029E0,1.786074519E0,9.464279175E0,9.775653541E0
1.155476534E1,-1.671152830E0,1.788468719E0,9.449913979E0,9.761774754E0
1.155676565E1,-1.666364431E0,1.788468719E0,9.447520256E0,9.758638725E0
1.155876581E1,-1.673547029E0,1.800439715E0,9.459490776E0,9.773653798E0
1.156076585E1,-1.673547029E0,1.802833915E0,9.459490776E0,9.774095126E0
1.156276604E1,-1.673547029E0,1.798045516E0,9.457097054E0,9.770896173E0
1.156476667E1,-1.659181833E0,1.793257117E0,9.457097054E0,9.767565722E0
1.156676827E1,-1.654393315E0,1.793257117E0,9.461885452E0,9.771390108E0
1.156876995E1,-1.651999116E0,1.786074519E0,9.464279175E0,9.771987698E0
1.157077108E1,-1.649604917E0,1.793257117E0,9.476250648E0,9.784492517E0
1.157277272E1,-1.651999116E0,1.790862918E0,9.485827446E0,9.793733374E0
1.157477401E1,-1.647210717E0,1.793257117E0,9.500192642E0,9.807279667E0
1.157677456E1,-1.644816518E0,1.798045516E0,9.500192642E0,9.807754549E0
1.157877522E1,-1.644816518E0,1.807622313E0,9.495404243E0,9.804877437E0
1.158077612E1,-1.635239720E0,1.812410712E0,9.488221169E0,9.797202788E0
1.158277663E1,-1.630451322E0,1.810016513E0,9.476250648E0,9.784368025E0
1.158477768E1,-1.613691926E0,1.812410712E0,9.478644371E0,9.784351452E0
1.158677757E1,-1.606509328E0,1.802833915E0,9.476250648E0,9.779080156E0
1.158877757E1,-1.596932530E0,1.790862918E0,9.483432770E0,9.782273795E0
1.159077792E1,-1.584961534E0,1.783680320E0,9.483432770E0,9.779014043E0
1.159277808E1,-1.575384736E0,1.781286120E0,9.488221169E0,9.781674614E0
1.159477843E1,-1.589749932E0,1.788468719E0,9.471462250E0,9.769059441E0
1.159677827E1,-1.594538331E0,1.793257117E0,9.471462250E0,9.770717513E0
1.159877913E1,-1.596932530E0,1.793257117E0,9.493009567E0,9.791996489E0
1.160077862E1,-1.599326730E0,1.798045516E0,9.478644371E0,9.779341122E0
1.160277866E1,-1.599326730E0,1.800439715E0,9.473855972E0,9.775140722E0
1.160477850E1,-1.611297727E0,1.793257117E0,9.481039047E0,9.782747716E0
1.160677819E1,-1.611297727E0,1.807622313E0,9.471462250E0,9.776112517E0
1.160877663E1,-1.608903527E0,1.807622313E0,9.471462250E0,9.775718190E0
1.161077624E1,-1.613691926E0,1.802833915E0,9.476250648E0,9.780262681E0
1.161277514E1,-1.608903527E0,1.800439715E0,9.473855972E0,9.776712163E0
1.161477448E1,-1.608903527E0,1.800439715E0,9.461885452E0,9.765112905E0
1.161677358E1,-1.601720929E0,1.788468719E0,9.459490776E0,9.759410640E0
1.161877370E1,-1.599326730E0,1.788468719E0,9.447520256E0,9.747415316E0
1.162077304E1,-1.589749932E0,1.783680320E0,9.442731857E0,9.740328807E0
1.162277245E1,-1.592144132E0,1.788468719E0,9.457097054E0,9.755522947E0
1.162477210E1,-1.594538331E0,1.774103403E0,9.466673851E0,9.762576974E0
1.162677229E1,-1.589749932E0,1.788468719E0,9.471462250E0,9.769059441E0
1.162877233E1,-1.594538331E0,1.790862918E0,9.469067574E0,9.767956961E0
1.163077264E1,-1.594538331E0,1.786074519E0,9.481039047E0,9.778686829E0
1.163277226E1,-1.596932530E0,1.790862918E0,9.485827446E0,9.784595333E0
1.163477222E1,-1.608903527E0,1.798045516E0,9.502586365E0,9.804115761E0
1.163677171E1,-1.608903527E0,1.786074519E0,9.512163162E0,9.811211993E0
1.163877226E1,-1.604115129E0,1.790862918E0,9.514557838E0,9.813622481E0
1.164077229E1,-1.601720929E0,1.786074519E0,9.524134636E0,9.821645111E0
1.164277292E1,-1.606509328E0,1.788468719E0,9.531316757E0,9.829826637E0
1.164477405E1,-1.601720929E0,1.790862918E0,9.531316757E0,9.829481118E0
1.164677472E1,-1.596932530E0,1.793257117E0,9.540893555E0,9.838425403E0
1.164877597E1,-1.592144132E0,1.793257117E0,9.548076630E0,9.844615856E0
1.165077784E1,-1.589749932E0,1.786074519E0,9.543288231E0,9.838278167E0
1.165277913E1,-1.584961534E0,1.786074519E0,9.548076630E0,9.842150810E0
1.165477976E1,-1.582567334E0,1.781286120E0,9.562441826E0,9.854836035E0
1.165678014E1,-1.587355733E0,1.771709204E0,9.555258751E0,9.846909237E0
1.165878030E1,-1.604115129E0,1.764526606E0,9.552865028E0,9.846012885E0
1.166078112E1,-1.608903527E0,1.754949808E0,9.548076630E0,9.840436307E0
1.166278198E1,-1.611297727E0,1.757344007E0,9.536105156E0,9.829640882E0
1.166478311E1,-1.616086125E0,1.759738207E0,9.521739960E0,9.816921349E0
1.166678366E1,-1.625662923E0,1.762132406E0,9.514557838E0,9.811967255E0
1.166878503E1,-1.630451322E0,1.766920805E0,9.495404243E0,9.795053976E0
1.167078503E1,-1.623268723E0,1.752555609E0,9.476250648E0,9.772705811E0
1.167278460E1,-1.623268723E0,1.757344007E0,9.454702377E0,9.752674318E0
1.167478538E1,-1.630451322E0,1.764526606E0,9.437943459E0,9.738927168E0
1.167678624E1,-1.632845521E0,1.769315004E0,9.445125580E0,9.747156370E0
1.167878636E1,-1.630451322E0,1.766920805E0,9.454702377E0,9.755602374E0
1.168078597E1,-1.632845521E0,1.769315004E0,9.435548782E0,9.737876612E0
1.168278542E1,-1.632845521E0,1.774103403E0,9.435548782E0,9.738747774E0
1.168478558E1,-1.630451322E0,1.783680320E0,9.442731857E0,9.747054526E0
1.168678542E1,-1.632845521E0,1.790862918E0,9.423578262E0,9.730221054E0
1.168878530E1,-1.630451322E0,1.805228114E0,9.430760384E0,9.739428190E0
1.169078405E1,-1.632845521E0,1.817199111E0,9.449913979E0,9.760597897E0
1.169278390E1,-1.628057122E0,1.812410712E0,9.447520256E0,9.756589649E0
1.169478343E1,-1.620874524E0,1.817199111E0,9.466673851E0,9.774833023E0
1.169678237E1,-1.618480325E0,1.819593310E0,9.473855972E0,9.781837525E0
1.169878183E1,-1.611297727E0,1.821987510E0,9.483432770E0,9.790373637E0
1.170078186E1,-1.611297727E0,1.819593310E0,9.495404243E0,9.801525490E0
1.170278163E1,-1.608903527E0,1.817199111E0,9.507374763E0,9.812286077E0
1.170478163E1,-1.601720929E0,1.810016513E0,9.516951561E0,9.819064962E0
1.170678186E1,-1.596932530E0,1.810016513E0,9.514557838E0,9.815964759E0
1.170878222E1,-1.587355733E0,1.810016513E0,9.516951561E0,9.816731891E0
1.171078151E1,-1.575384736E0,1.821987510E0,9.514557838E0,9.814697469E0
1.171278132E1,-1.568202138E0,1.821987510E0,9.502586365E0,9.801940831E0
1.171478202E1,-1.549048543E0,1.817199111E0,9.504981041E0,9.800327984E0
1.171678218E1,-1.544260144E0,1.810016513E0,9.516951561E0,9.809855564E0
1.171878229E1,-1.546654344E0,1.807622313E0,9.514557838E0,9.807469039E0
1.172078202E1,-1.544260144E0,1.810016513E0,9.521739960E0,9.814501059E0
1.172278222E1,-1.544260144E0,1.807622313E0,9.516951561E0,9.809414092E0
1.172478179E1,-1.541865945E0,1.798045516E0,9.512163162E0,9.802630580E0
1.172678151E1,-1.561019540E0,1.793257117E0,9.500192642E0,9.793171771E0
1.172878112E1,-1.570596337E0,1.790862918E0,9.504981041E0,9.798909502E0
1.173078093E1,-1.587355733E0,1.790862918E0,9.512163162E0,9.808574628E0
1.173278155E1,-1.604115129E0,1.793257117E0,9.500192642E0,9.800133503E0
1.173478175E1,-1.616086125E0,1.793257117E0,9.504981041E0,9.806741051E0
1.173678186E1,-1.630451322E0,1.795651317E0,9.497797966E0,9.802596664E0
1.173878155E1,-1.640028119E0,1.793257117E0,9.490615845E0,9.796798070E0
1.174078147E1,-1.632845521E0,1.795651317E0,9.476250648E0,9.782120143E0
1.174278108E1,-1.618480325E0,1.795651317E0,9.483432770E0,9.786691949E0
1.174478042E1,-1.608903527E0,1.788468719E0,9.476250648E0,9.776835749E0
1.174677952E1,-1.599326730E0,1.781286120E0,9.466673851E0,9.764667943E0
1.174877976E1,-1.596932530E0,1.774103403E0,9.459490776E0,9.756003389E0
1.175077987E1,-1.582567334E0,1.766920805E0,9.461885452E0,9.754681174E0
1.175277925E1,-1.582567334E0,1.762132406E0,9.466673851E0,9.758460113E0
1.175477878E1,-1.582567334E0,1.762132406E0,9.464279175E0,9.756137057E0
1.175677913E1,-1.577778935E0,1.766920805E0,9.483432770E0,9.774809082E0
1.175877870E1,-1.577778935E0,1.766920805E0,9.493009567E0,9.784100681E0
1.176077835E1,-1.582567334E0,1.764526606E0,9.488221169E0,9.779796238E0
1.176277858E1,-1.584961534E0,1.757344007E0,9.488221169E0,9.778890631E0
1.176477792E1,-1.589749932E0,1.757344007E0,9.493009567E0,9.784313642E0
1.176677706E1,-1.596932530E0,1.754949808E0,9.495404243E0,9.787376772E0
1.176877651E1,-1.604115129E0,1.788468719E0,9.490615845E0,9.789974199E0
1.177077741E1,-1.608903527E0,1.798045516E0,9.490615845E0,9.792513842E0
1.177277780E1,-1.625662923E0,1.802833915E0,9.495404243E0,9.800800570E0
1.177477796E1,-1.620874524E0,1.805228114E0,9.500192642E0,9.805087608E0
1.177677792E1,-1.623268723E0,1.817199111E0,9.500192642E0,9.807694642E0
1.177877831E1,-1.625662923E0,1.821987510E0,9.500192642E0,9.808979491E0
1.178077858E1,-1.623268723E0,1.812410712E0,9.497797966E0,9.804488775E0
1.178277894E1,-1.608903527E0,1.798045516E0,9.478644371E0,9.780911887E0
1.178477940E1,-1.587355733E0,1.783680320E0,9.481039047E0,9.777081115E0
1.178678054E1,-1.575384736E0,1.778891921E0,9.481039047E0,9.774272093E0
1.178878128E1,-1.558625340E0,1.766920805E0,9.483432770E0,9.771735730E0
1.179078257E1,-1.549048543E0,1.757344007E0,9.490615845E0,9.775458990E0
1.179278354E1,-1.539471745E0,1.745373011E0,9.490615845E0,9.771800720E0
1.179478288E1,-1.539471745E0,1.735796213E0,9.490615845E0,9.770094721E0
1.179678257E1,-1.534683347E0,1.731007814E0,9.497797966E0,9.775469668E0
1.179878304E1,-1.515529633E0,1.721431017E0,9.495404243E0,9.768462344E0
1.180078245E1,-1.520318031E0,1.728613615E0,9.507374763E0,9.782108507E0
1.180278097E1,-1.527500629E0,1.728613615E0,9.514557838E0,9.790208071E0
1.180478042E1,-1.549048543E0,1.738190413E0,9.524134636E0,9.804590652E0
1.180678038E1,-1.601720929E0,1.774103403E0,9.540893555E0,9.835730915E0
1.180877968E1,-1.649604917E0,1.810016513E0,9.528923035E0,9.838583758E0
1.181077968E1,-1.642422318E0,1.831564307E0,9.512163162E0,9.825142590E0
1.181277940E1,-1.644816518E0,1.845929503E0,9.507374763E0,9.823596694E0
1.181477886E1,-1.632845521E0,1.853112102E0,9.481039047E0,9.797464487E0
1.181677839E1,-1.635239720E0,1.853112102E0,9.473855972E0,9.790913154E0
1.181877804E1,-1.630451322E0,1.850717902E0,9.461885452E0,9.778077755E0
1.182077726E1,-1.620874524E0,1.845929503E0,9.459490776E0,9.773262285E0
1.182277647E1,-1.616086125E0,1.857900500E0,9.452308655E0,9.767787239E0
1.182477542E1,-1.606509328E0,1.855506301E0,9.449913979E0,9.763434337E0
1.182677436E1,-1.592144132E0,1.850717902E0,9.425971985E0,9.736992736E0
1.182877409E1,-1.582567334E0,1.836352706E0,9.418789864E0,9.725755144E0
1.183077468E1,-1.563413739E0,1.826775908E0,9.411606789E0,9.713892890E0
1.183277483E1,-1.558625340E0,1.817199111E0,9.414001465E0,9.713647571E0
1.183477436E1,-1.556231141E0,1.810016513E0,9.411606789E0,9.709601304E0
1.183677354E1,-1.549048543E0,1.810016513E0,9.421183586E0,9.717736945E0
1.183877206E1,-1.551442742E0,1.800439715E0,9.430760384E0,9.725625901E0
1.184077261E1,-1.553836942E0,1.800439715E0,9.442731857E0,9.737616615E0
1.184277167E1,-1.558625340E0,1.805228114E0,9.442731857E0,9.739268269E0
1.184477155E1,-1.556231141E0,1.805228114E0,9.466673851E0,9.762101091E0
1.184677194E1,-1.553836942E0,1.798045516E0,9.464279175E0,9.758071388E0
1.184877335E1,-1.549048543E0,1.795651317E0,9.473855972E0,9.766159021E0
1.185077358E1,-1.549048543E0,1.795651317E0,9.481039047E0,9.773127261E0
1.185277472E1,-1.541865945E0,1.786074519E0,9.502586365E0,9.791147042E0
1.185477546E1,-1.539471745E0,1.769315004E0,9.490615845E0,9.776105459E0
1.185677600E1,-1.534683347E0,1.769315004E0,9.493009567E0,9.777676575E0
1.185877671E1,-1.534683347E0,1.757344007E0,9.504981041E0,9.787143379E0
1.186077804E1,-1.541865945E0,1.759738207E0,9.502586365E0,9.786377101E0
1.186277948E1,-1.546654344E0,1.766920805E0,9.502586365E0,9.788426656E0
1.186478144E1,-1.549048543E0,1.766920805E0,9.504981041E0,9.791129920E0
1.186678155E1,-1.549048543E0,1.759738207E0,9.497797966E0,9.782862370E0
1.186878261E1,-1.556231141E0,1.766920805E0,9.500192642E0,9.787620995E0
1.187078284E1,-1.582567334E0,1.774103403E0,9.514557838E0,9.807077705E0
1.187278257E1,-1.587355733E0,1.781286120E0,9.507374763E0,9.802186152E0
1.187478288E1,-1.577778935E0,1.774103403E0,9.493009567E0,9.785400344E0
1.187678284E1,-1.570596337E0,1.762132406E0,9.490615845E0,9.779758309E0
1.187878347E1,-1.561019540E0,1.747767210E0,9.490615845E0,9.775646339E0
1.188078347E1,-1.561019540E0,1.740584612E0,9.493009567E0,9.776688981E0
1.188278468E1,-1.561019540E0,1.740584612E0,9.497797966E0,9.781338507E0
1.188478429E1,-1.577778935E0,1.726219416E0,9.500192642E0,9.783807034E0
1.188678390E1,-1.584961534E0,1.719036818E0,9.514557838E0,9.797652857E0
1.188878335E1,-1.589749932E0,1.733402014E0,9.521739960E0,9.807931446E0
1.189078308E1,-1.599326730E0,1.747767210E0,9.514557838E0,9.805067418E0
1.189278311E1,-1.606509328E0,1.764526606E0,9.521739960E0,9.816208954E0
1.189478315E1,-1.601720929E0,1.754949808E0,9.548076630E0,9.839264510E0
1.189678362E1,-1.611297727E0,1.757344007E0,9.545681953E0,9.838931968E0
1.189878401E1,-1.640028119E0,1.778891921E0,9.555258751E0,9.856831057E0
1.190078390E1,-1.663970232E0,1.793257117E0,9.560047150E0,9.868083376E0
1.190278499E1,-1.673547029E0,1.790862918E0,9.569623947E0,9.878545042E0
1.190478511E1,-1.675941229E0,1.790862918E0,9.576807022E0,9.885909252E0
1.190678511E1,-1.675941229E0,1.795651317E0,9.576807022E0,9.886777806E0
1.190878433E1,-1.668758631E0,1.793257117E0,9.588777542E0,9.896725782E0
1.191078386E1,-1.656787634E0,1.790862918E0,9.593565941E0,9.898921291E0
1.191278397E1,-1.651999116E0,1.783680320E0,9.595960617E0,9.899145252E0
1.191478425E1,-1.637633920E0,1.778891921E0,9.593565941E0,9.893574116E0
1.191678491E1,-1.637633920E0,1.781286120E0,9.583989143E0,9.884719166E0
1.191878522E1,-1.644816518E0,1.769315004E0,9.567230225E0,9.867511902E0
1.192078554E1,-1.637633920E0,1.786074519E0,9.548076630E0,9.850770242E0
1.192278628E1,-1.632845521E0,1.786074519E0,9.550470352E0,9.852295704E0
1.192478671E1,-1.642422318E0,1.793257117E0,9.548076630E0,9.852872144E0
1.192678690E1,-1.632845521E0,1.786074519E0,9.528923035E0,9.831409913E0
1.192878690E1,-1.625662923E0,1.783680320E0,9.509769440E0,9.811218590E0
1.193078702E1,-1.637633920E0,1.800439715E0,9.504981041E0,9.811630477E0
1.193278702E1,-1.651999116E0,1.819593310E0,9.495404243E0,9.808298662E0
1.193478698E1,-1.659181833E0,1.829170108E0,9.497797966E0,9.813608604E0
1.193678788E1,-1.647210717E0,1.824381709E0,9.490615845E0,9.803747288E0
1.193878835E1,-1.630451322E0,1.821987510E0,9.469067574E0,9.779634488E0
1.194078811E1,-1.601720929E0,1.817199111E0,9.459490776E0,9.764716498E0
1.194278831E1,-1.592144132E0,1.817199111E0,9.459490776E0,9.763150172E0
1.194478890E1,-1.580173135E0,1.817199111E0,9.466673851E0,9.768166335E0
1.194679061E1,-1.565807939E0,1.812410712E0,9.442731857E0,9.741754052E0
1.194879144E1,-1.561019540E0,1.814804912E0,9.440337181E0,9.739110070E0
1.195079264E1,-1.551442742E0,1.812410712E0,9.433155060E0,9.730170685E0
1.195279374E1,-1.546654344E0,1.817199111E0,9.445125580E0,9.741906871E0
1.195479456E1,-1.541865945E0,1.824381709E0,9.428366661E0,9.726243731E0
1.195679460E1,-1.534683347E0,1.821987510E0,9.414001465E0,9.710731952E0
1.195879522E1,-1.537077546E0,1.824381709E0,9.414001465E0,9.711560100E0
1.196079597E1,-1.549048543E0,1.817199111E0,9.425971985E0,9.723719034E0
1.196279733E1,-1.546654344E0,1.821987510E0,9.421183586E0,9.719592497E0
1.196479831E1,-1.549048543E0,1.819593310E0,9.421183586E0,9.719525264E0
1.196679925E1,-1.556231141E0,1.819593310E0,9.421183586E0,9.720672577E0
1.196880085E1,-1.563413739E0,1.817199111E0,9.421183586E0,9.721377232E0
1.197080347E1,-1.553836942E0,1.802833915E0,9.428366661E0,9.724130669E0
1.197280522E1,-1.541865945E0,1.795651317E0,9.425971985E0,9.718573049E0
1.197480675E1,-1.541865945E0,1.790862918E0,9.423578262E0,9.715367613E0
1.197680804E1,-1.537077546E0,1.788468719E0,9.428366661E0,9.718812975E0
1.197880905E1,-1.541865945E0,1.783680320E0,9.437943459E0,9.727982463E0
1.198081026E1,-1.558625340E0,1.788468719E0,9.442731857E0,9.736175750E0
1.198281120E1,-1.570596337E0,1.793257117E0,9.449913979E0,9.745943677E0
1.198481315E1,-1.580173135E0,1.802833915E0,9.452308655E0,9.751579163E0
1.198681511E1,-1.582567334E0,1.807622313E0,9.459490776E0,9.759814729E0
1.198881612E1,-1.575384736E0,1.807622313E0,9.461885452E0,9.760973917E0
1.199081764E1,-1.570596337E0,1.800439715E0,9.466673851E0,9.763517288E0
1.199281835E1,-1.575384736E0,1.805228114E0,9.490615845E0,9.788384684E0
1.199481983E1,-1.572990537E0,1.810016513E0,9.495404243E0,9.793526472E0
1.199682034E1,-1.580173135E0,1.819593310E0,9.502586365E0,9.803418515E0
1.199882198E1,-1.584961534E0,1.819593310E0,9.497797966E0,9.799550453E0
1.200082464E1,-1.587355733E0,1.819593310E0,9.504981041E0,9.806899746E0
1.200282726E1,-1.594538331E0,1.826775908E0,9.519346237E0,9.823319983E0
1.200482936E1,-1.599326730E0,1.817199111E0,9.502586365E0,9.806080064E0
1.200683089E1,-1.601720929E0,1.812410712E0,9.507374763E0,9.810225146E0
1.200883194E1,-1.601720929E0,1.807622313E0,9.519346237E0,9.820945023E0
1.201083245E1,-1.592144132E0,1.814804912E0,9.514557838E0,9.816071040E0
1.201283292E1,-1.589749932E0,1.802833915E0,9.497797966E0,9.797228239E0
1.201483452E1,-1.572990537E0,1.805228114E0,9.495404243E0,9.792642622E0
1.201683624E1,-1.551442742E0,1.805228114E0,9.504981041E0,9.798494156E0
1.201883870E1,-1.561019540E0,1.805228114E0,9.504981041E0,9.800015058E0
1.202084159E1,-1.563413739E0,1.793257117E0,9.495404243E0,9.788908793E0
1.202284358E1,-1.565807939E0,1.793257117E0,9.490615845E0,9.784646887E0
1.202484530E1,-1.572990537E0,1.788468719E0,9.478644371E0,9.773311552E0
1.202684616E1,-1.568202138E0,1.786074519E0,9.476250648E0,9.769782315E0
1.202884659E1,-1.570596337E0,1.776497602E0,9.466673851E0,9.759130616E0
1.203084718E1,-1.563413739E0,1.776497602E0,9.485827446E0,9.776560161E0
1.203284776E1,-1.563413739E0,1.769315004E0,9.483432770E0,9.772933807E0
1.203484917E1,-1.561019540E0,1.764526606E0,9.483432770E0,9.771685282E0
1.203685140E1,-1.563413739E0,1.752555609E0,9.473855972E0,9.760617842E0
1.203885308E1,-1.558625340E0,1.757344007E0,9.464279175E0,9.751417908E0
1.204085472E1,-1.568202138E0,1.750161409E0,9.457097054E0,9.744691251E0
1.204285769E1,-1.582567334E0,1.750161409E0,9.473855972E0,9.763274620E0
1.204485979E1,-1.592144132E0,1.754949808E0,9.466673851E0,9.758723562E0
1.204686144E1,-1.611297727E0,1.757344007E0,9.466673851E0,9.762297482E0
1.204886245E1,-1.616086125E0,1.762132406E0,9.459490776E0,9.756987789E0
1.205086370E1,-1.611297727E0,1.783680320E0,9.452308655E0,9.753149991E0
1.205286394E1,-1.613691926E0,1.793257117E0,9.457097054E0,9.759941465E0
1.205486522E1,-1.611297727E0,1.795651317E0,9.457097054E0,9.759986101E0
1.205686686E1,-1.606509328E0,1.805228114E0,9.464279175E0,9.767922044E0
1.205886851E1,-1.594538331E0,1.814804912E0,9.445125580E0,9.749177738E0
1.206087007E1,-1.587355733E0,1.807622313E0,9.447520256E0,9.748991519E0
1.206287155E1,-1.577778935E0,1.819593310E0,9.440337181E0,9.742703540E0
1.206487269E1,-1.570596337E0,1.817199111E0,9.440337181E0,9.741096014E0
1.206687405E1,-1.575384736E0,1.819593310E0,9.449913979E0,9.751596335E0
1.206887452E1,-1.565807939E0,1.821987510E0,9.452308655E0,9.752821740E0
1.207087476E1,-1.565807939E0,1.824381709E0,9.454702377E0,9.755589176E0
1.207287432E1,-1.582567334E0,1.821987510E0,9.449913979E0,9.753206245E0
1.207487366E1,-1.575384736E0,1.814804912E0,9.454702377E0,9.755344739E0
1.207687292E1,-1.565807939E0,1.812410712E0,9.466673851E0,9.764962923E0
1.207887257E1,-1.561019540E0,1.812410712E0,9.466673851E0,9.764196249E0
1.208087151E1,-1.553836942E0,1.800439715E0,9.476250648E0,9.770123784E0
1.208287054E1,-1.553836942E0,1.795651317E0,9.490615845E0,9.783177500E0
1.208487038E1,-1.568202138E0,1.788468719E0,9.502586365E0,9.795765714E0
1.208687065E1,-1.575384736E0,1.790862918E0,9.509769440E0,9.804322611E0
1.208887054E1,-1.582567334E0,1.790862918E0,9.528923035E0,9.824056370E0
1.209087058E1,-1.582567334E0,1.774103403E0,9.524134636E0,9.816369126E0
1.209287104E1,-1.589749932E0,1.776497602E0,9.516951561E0,9.810994628E0
1.209487229E1,-1.587355733E0,1.771709204E0,9.526528358E0,9.819032248E0
1.209687276E1,-1.594538331E0,1.771709204E0,9.536105156E0,9.829486636E0
1.209887323E1,-1.589749932E0,1.750161409E0,9.533711433E0,9.822526330E0
1.210087382E1,-1.582567334E0,1.750161409E0,9.538499832E0,9.826014623E0
1.210287483E1,-1.587355733E0,1.740584612E0,9.538499832E0,9.825085855E0
1.210487604E1,-1.601720929E0,1.733402014E0,9.548076630E0,9.835444057E0
1.210687686E1,-1.608903527E0,1.738190413E0,9.538499832E0,9.828166437E0
1.210887729E1,-1.623268723E0,1.745373011E0,9.536105156E0,9.829477598E0
1.211087772E1,-1.620874524E0,1.742978811E0,9.533711433E0,9.826335179E0
1.211287823E1,-1.613691926E0,1.757344007E0,9.540893555E0,9.834678918E0
1.211487843E1,-1.606509328E0,1.774103403E0,9.545681953E0,9.841156388E0
1.211687905E1,-1.596932530E0,1.774103403E0,9.536105156E0,9.830307113E0
1.211887882E1,-1.594538331E0,1.776497602E0,9.533711433E0,9.828028791E0
1.212087929E1,-1.596932530E0,1.781286120E0,9.531316757E0,9.826961528E0
1.212288038E1,-1.601720929E0,1.776497602E0,9.524134636E0,9.819908056E0
1.212488100E1,-1.608903527E0,1.790862918E0,9.516951561E0,9.816726927E0
1.212688144E1,-1.592144132E0,1.798045516E0,9.504981041E0,9.803701097E0
1.212888276E1,-1.580173135E0,1.788468719E0,9.495404243E0,9.790723632E0
1.213088366E1,-1.575384736E0,1.788468719E0,9.490615845E0,9.785307687E0
1.213288519E1,-1.570596337E0,1.783680320E0,9.488221169E0,9.781340873E0
1.213488565E1,-1.570596337E0,1.778891921E0,9.478644371E0,9.771178457E0
1.213688683E1,-1.570596337E0,1.783680320E0,9.469067574E0,9.762762368E0
1.213888733E1,-1.572990537E0,1.786074519E0,9.459490776E0,9.754297881E0
1.214088909E1,-1.568202138E0,1.786074519E0,9.447520256E0,9.741917631E0
1.214288979E1,-1.572990537E0,1.781286120E0,9.447520256E0,9.741812894E0
1.214489038E1,-1.582567334E0,1.786074519E0,9.447520256E0,9.744240378E0
1.214689132E1,-1.580173135E0,1.781286120E0,9.449913979E0,9.745296382E0
1.214889136E1,-1.577778935E0,1.781286120E0,9.445125580E0,9.740265080E0
1.215089132E1,-1.584961534E0,1.781286120E0,9.454702377E0,9.750716915E0
1.215289061E1,-1.584961534E0,1.771709204E0,9.457097054E0,9.751294337E0
1.215489038E1,-1.592144132E0,1.766920805E0,9.454702377E0,9.749273261E0
1.215688983E1,-1.601720929E0,1.771709204E0,9.478644371E0,9.774925194E0
1.215888936E1,-1.616086125E0,1.771709204E0,9.483432770E0,9.781931556E0
1.216088835E1,-1.618480325E0,1.776497602E0,9.488221169E0,9.787837516E0
1.216288804E1,-1.620874524E0,1.778891921E0,9.497797966E0,9.797951668E0
1.216488718E1,-1.625662923E0,1.778891921E0,9.497797966E0,9.798744951E0
1.216688714E1,-1.637633920E0,1.776497602E0,9.504981041E0,9.807265326E0
1.216888679E1,-1.637633920E0,1.776497602E0,9.502586365E0,9.804944477E0
1.217088573E1,-1.632845521E0,1.783680320E0,9.519346237E0,9.821692968E0
1.217288530E1,-1.628057122E0,1.762132406E0,9.519346237E0,9.817007354E0
1.217488511E1,-1.620874524E0,1.766920805E0,9.512163162E0,9.809714133E0
1.217688460E1,-1.613691926E0,1.757344007E0,9.538499832E0,9.832356719E0
1.217888417E1,-1.613691926E0,1.747767210E0,9.543288231E0,9.835295731E0
1.218088362E1,-1.613691926E0,1.750161409E0,9.536105156E0,9.828752115E0
1.218288308E1,-1.618480325E0,1.764526606E0,9.521739960E0,9.818175216E0
1.218488276E1,-1.620874524E0,1.771709204E0,9.516951561E0,9.815220565E0
1.218688241E1,-1.618480325E0,1.766920805E0,9.519346237E0,9.816284454E0
1.218888222E1,-1.616086125E0,1.764526606E0,9.507374763E0,9.803849417E0
1.219088194E1,-1.616086125E0,1.776497602E0,9.502586365E0,9.801368563E0
1.219288140E1,-1.611297727E0,1.771709204E0,9.509769440E0,9.806678778E0
1.219488198E1,-1.606509328E0,1.766920805E0,9.504981041E0,9.800384989E0
1.219688249E1,-1.604115129E0,1.764526606E0,9.514557838E0,9.808850613E0
1.219888335E1,-1.592144132E0,1.762132406E0,9.516951561E0,9.808792003E0
1.220088460E1,-1.587355733E0,1.774103403E0,9.509769440E0,9.803206409E0
1.220288456E1,-1.587355733E0,1.778891921E0,9.502586365E0,9.797106834E0
1.220488507E1,-1.580173135E0,1.778891921E0,9.497797966E0,9.791300721E0
1.220688503E1,-1.563413739E0,1.786074519E0,9.483432770E0,9.775981885E0
1.220888550E1,-1.577778935E0,1.793257117E0,9.483432770E0,9.779604008E0
1.221088460E1,-1.572990537E0,1.810016513E0,9.483432770E0,9.781919858E0
1.221289077E1,-1.572990537E0,1.810016513E0,9.485827446E0,9.784241480E0
1.221488116E1,-1.575384736E0,1.807622313E0,9.473855972E0,9.772578088E0
1.221688022E1,-1.572990537E0,1.810016513E0,9.454702377E0,9.754068692E0
1.221888042E1,-1.575384736E0,1.805228114E0,9.449913979E0,9.748926085E0
1.222087936E1,-1.565807939E0,1.800439715E0,9.449913979E0,9.746497416E0
1.222287917E1,-1.568202138E0,1.800439715E0,9.452308655E0,9.749204071E0
1.222488069E1,-1.563413739E0,1.793257117E0,9.449913979E0,9.744788751E0
1.222688058E1,-1.558625340E0,1.793257117E0,9.440337181E0,9.734734210E0
1.222888136E1,-1.558625340E0,1.800439715E0,9.445125580E0,9.740702918E0
1.223088229E1,-1.546654344E0,1.810016513E0,9.449913979E0,9.745212857E0
1.223288296E1,-1.529894829E0,1.814804912E0,9.447520256E0,9.741136178E0
1.223488413E1,-1.520318031E0,1.810016513E0,9.435548782E0,9.727132543E0
1.223688479E1,-1.527500629E0,1.817199111E0,9.442731857E0,9.736562828E0
1.223888503E1,-1.529894829E0,1.812410712E0,9.454702377E0,9.747656530E0
1.224088522E1,-1.537077546E0,1.814804912E0,9.452308655E0,9.746910442E0
1.224288561E1,-1.534683347E0,1.814804912E0,9.461885452E0,9.755821142E0
1.224488679E1,-1.529894829E0,1.810016513E0,9.478644371E0,9.770436893E0
1.224688694E1,-1.532289028E0,1.805228114E0,9.485827446E0,9.776895241E0
1.224888764E1,-1.534683347E0,1.798045516E0,9.490615845E0,9.780593528E0
1.225088788E1,-1.544260144E0,1.798045516E0,9.502586365E0,9.793715061E0
1.225288894E1,-1.544260144E0,1.812410712E0,9.500192642E0,9.794040648E0
1.225488835E1,-1.551442742E0,1.810016513E0,9.512163162E0,9.806343987E0
1.225688811E1,-1.553836942E0,1.807622313E0,9.502586365E0,9.796992155E0
1.225888780E1,-1.551442742E0,1.812410712E0,9.504981041E0,9.799819986E0
1.226088702E1,-1.549048543E0,1.812410712E0,9.502586365E0,9.797118535E0
1.226288589E1,-1.556231141E0,1.805228114E0,9.481039047E0,9.776032187E0
1.226488476E1,-1.551442742E0,1.807622313E0,9.485827446E0,9.780357629E0
1.226688382E1,-1.553836942E0,1.812410712E0,9.488221169E0,9.783945154E0
1.226888288E1,-1.556231141E0,1.817199111E0,9.483432770E0,9.780570795E0
1.227088140E1,-1.561019540E0,1.817199111E0,9.476250648E0,9.774370617E0
1.227288058E1,-1.570596337E0,1.817199111E0,9.478644371E0,9.778225022E0
1.227487976E1,-1.577778935E0,1.819593310E0,9.476250648E0,9.777506458E0
1.227687925E1,-1.580173135E0,1.817199111E0,9.478644371E0,9.779767832E0
1.227887894E1,-1.572990537E0,1.817199111E0,9.478644371E0,9.778609868E0
1.228087948E1,-1.568202138E0,1.817199111E0,9.485827446E0,9.784804182E0
1.228287995E1,-1.551442742E0,1.810016513E0,9.495404243E0,9.790088667E0
1.228488034E1,-1.544260144E0,1.786074519E0,9.493009567E0,9.782230432E0
1.228688061E1,-1.544260144E0,1.790862918E0,9.485827446E0,9.776136850E0
1.228887972E1,-1.541865945E0,1.788468719E0,9.485827446E0,9.775320623E0
1.229087960E1,-1.541865945E0,1.788468719E0,9.488221169E0,9.777643473E0
1.229287925E1,-1.539471745E0,1.798045516E0,9.490615845E0,9.781346024E0
1.229487897E1,-1.537077546E0,1.800439715E0,9.488221169E0,9.779086435E0
1.229687784E1,-1.539471745E0,1.802833915E0,9.490615845E0,9.782227379E0
1.229887690E1,-1.534683347E0,1.798045516E0,9.483432770E0,9.773623573E0
1.230087593E1,-1.522712231E0,1.795651317E0,9.476250648E0,9.764340354E0
1.230287452E1,-1.522712231E0,1.798045516E0,9.478644371E0,9.767103938E0
1.230487335E1,-1.520318031E0,1.793257117E0,9.483432770E0,9.770498201E0
1.230687280E1,-1.525106430E0,1.793257117E0,9.485827446E0,9.773568593E0
1.230887292E1,-1.522712231E0,1.786074519E0,9.490615845E0,9.776528210E0
1.231087179E1,-1.522712231E0,1.776497602E0,9.504981041E0,9.788731320E0
1.231287210E1,-1.529894829E0,1.788468719E0,9.509769440E0,9.796678689E0
1.231487159E1,-1.532289028E0,1.786074519E0,9.507374763E0,9.794291539E0
1.231687128E1,-1.525106430E0,1.764526606E0,9.519346237E0,9.800890600E0
1.231887069E1,-1.522712231E0,1.769315004E0,9.521739960E0,9.803706441E0
1.232086968E1,-1.541865945E0,1.788468719E0,9.533711433E0,9.821793352E0
1.232286858E1,-1.549048543E0,1.790862918E0,9.531316757E0,9.821035613E0
1.232486737E1,-1.561019540E0,1.788468719E0,9.512163162E0,9.803909954E0
1.232686686E1,-1.551442742E0,1.786074519E0,9.507374763E0,9.797306347E0
1.232886608E1,-1.558625340E0,1.783680320E0,9.493009567E0,9.784071702E0
1.233086651E1,-1.570596337E0,1.790862918E0,9.495404243E0,9.789620248E0
1.233286593E1,-1.577778935E0,1.793257117E0,9.509769440E0,9.805145193E0
1.233486589E1,-1.570596337E0,1.798045516E0,9.507374763E0,9.802546375E0
1.233686534E1,-1.563413739E0,1.790862918E0,9.504981041E0,9.797760821E0
1.233886499E1,-1.561019540E0,1.783680320E0,9.497797966E0,9.789099228E0
1.234086444E1,-1.546654344E0,1.786074519E0,9.493009567E0,9.782608675E0
1.234286452E1,-1.553836942E0,1.793257117E0,9.495404243E0,9.787383822E0
1.234486358E1,-1.549048543E0,1.776497602E0,9.504981041E0,9.792862692E0
1.234686370E1,-1.541865945E0,1.774103403E0,9.493009567E0,9.779674029E0
1.234886268E1,-1.539471745E0,1.766920805E0,9.490615845E0,9.775672432E0
1.235086222E1,-1.532289028E0,1.771709204E0,9.497797966E0,9.782383624E0
1.235286257E1,-1.522712231E0,1.771709204E0,9.493009567E0,9.776238371E0
1.235486245E1,-1.520318031E0,1.762132406E0,9.485827446E0,9.767159253E0
1.235686218E1,-1.527500629E0,1.757344007E0,9.476250648E0,9.758116749E0
1.235886218E1,-1.529894829E0,1.750161409E0,9.478644371E0,9.759525719E0
1.236086237E1,-1.522712231E0,1.740584612E0,9.500192642E0,9.777624843E0
1.236286159E1,-1.520318031E0,1.731007814E0,9.504981041E0,9.780205497E0
1.236486038E1,-1.527500629E0,1.728613615E0,9.507374763E0,9.783227387E0
1.236685995E1,-1.549048543E0,1.726219416E0,9.512163162E0,9.790844340E0
1.236885835E1,-1.561019540E0,1.738190413E0,9.512163162E0,9.794862732E0
1.237085823E1,-1.582567334E0,1.747767210E0,9.504981041E0,9.793052342E0
1.237285850E1,-1.584961534E0,1.771709204E0,9.502586365E0,9.795417509E0
1.237485792E1,-1.587355733E0,1.793257117E0,9.502586365E0,9.799725350E0
1.237685726E1,-1.577778935E0,1.788468719E0,9.504981041E0,9.799626080E0
1.237885675E1,-1.582567334E0,1.790862918E0,9.500192642E0,9.796191586E0
1.238085608E1,-1.575384736E0,1.786074519E0,9.490615845E0,9.784870381E0
1.238285616E1,-1.575384736E0,1.783680320E0,9.497797966E0,9.791400245E0
1.238485507E1,-1.577778935E0,1.793257117E0,9.495404243E0,9.791213367E0
1.238685386E1,-1.565807939E0,1.795651317E0,9.502586365E0,9.796696676E0
1.238885335E1,-1.563413739E0,1.802833915E0,9.512163162E0,9.806922079E0
1.239085280E1,-1.539471745E0,1.798045516E0,9.514557838E0,9.804578104E0
1.239285269E1,-1.539471745E0,1.807622313E0,9.524134636E0,9.815631016E0
1.239485218E1,-1.539471745E0,1.802833915E0,9.528923035E0,9.819397007E0
1.239685147E1,-1.541865945E0,1.805228114E0,9.516951561E0,9.808596543E0
1.239885097E1,-1.541865945E0,1.800439715E0,9.519346237E0,9.810040089E0
1.240084991E1,-1.537077546E0,1.793257117E0,9.514557838E0,9.803325422E0
1.240284960E1,-1.532289028E0,1.793257117E0,9.514557838E0,9.802575764E0
1.240484917E1,-1.546654344E0,1.793257117E0,9.512163162E0,9.802507780E0
1.240684917E1,-1.553836942E0,1.788468719E0,9.509769440E0,9.800446132E0
1.240884811E1,-1.558625340E0,1.786074519E0,9.507374763E0,9.798446307E0
1.241084663E1,-1.561019540E0,1.783680320E0,9.504981041E0,9.796068705E0
1.241284550E1,-1.563413739E0,1.764526606E0,9.500192642E0,9.788333714E0
1.241484464E1,-1.553836942E0,1.754949808E0,9.500192642E0,9.785086525E0
1.241684468E1,-1.551442742E0,1.757344007E0,9.502586365E0,9.787460353E0
1.241884429E1,-1.551442742E0,1.769315004E0,9.481039047E0,9.768702656E0
1.242084456E1,-1.556231141E0,1.771709204E0,9.493009567E0,9.781515195E0
1.242284429E1,-1.549048543E0,1.771709204E0,9.483432770E0,9.771079878E0
1.242484444E1,-1.556231141E0,1.781286120E0,9.473855972E0,9.764670122E0
1.242684538E1,-1.558625340E0,1.781286120E0,9.476250648E0,9.767375264E0
1.242884593E1,-1.568202138E0,1.781286120E0,9.478644371E0,9.771230081E0
1.243084546E1,-1.565807939E0,1.778891921E0,9.473855972E0,9.765764586E0
1.243284530E1,-1.563413739E0,1.778891921E0,9.471462250E0,9.763058749E0
1.243484526E1,-1.563413739E0,1.764526606E0,9.476250648E0,9.765098208E0
1.243684550E1,-1.577778935E0,1.762132406E0,9.488221169E0,9.778590795E0
1.243884514E1,-1.608903527E0,1.778891921E0,9.497797966E0,9.795978421E0
1.244084468E1,-1.618480325E0,1.781286120E0,9.483432770E0,9.784066430E0
1.244284491E1,-1.611297727E0,1.766920805E0,9.478644371E0,9.775632389E0
1.244484425E1,-1.601720929E0,1.764526606E0,9.478644371E0,9.773625898E0
1.244684339E1,-1.599326730E0,1.764526606E0,9.478644371E0,9.773233817E0
1.244884280E1,-1.589749932E0,1.757344007E0,9.476250648E0,9.768054523E0
1.245084194E1,-1.580173135E0,1.762132406E0,9.485827446E0,9.776654852E0
1.245284249E1,-1.589749932E0,1.757344007E0,9.483432770E0,9.775022246E0
1.245484222E1,-1.601720929E0,1.759738207E0,9.481039047E0,9.775085161E0
1.245684171E1,-1.604115129E0,1.769315004E0,9.493009567E0,9.788814615E0
1.245884100E1,-1.613691926E0,1.778891921E0,9.481039047E0,9.780519389E0
1.246084014E1,-1.608903527E0,1.783680320E0,9.478644371E0,9.778281299E0
1.246283897E1,-1.608903527E0,1.783680320E0,9.481039047E0,9.780602612E0
1.246483761E1,-1.604115129E0,1.798045516E0,9.488221169E0,9.789407233E0
1.246683694E1,-1.606509328E0,1.814804912E0,9.473855972E0,9.778974183E0
1.246883608E1,-1.601720929E0,1.812410712E0,9.476250648E0,9.780064871E0
1.247083425E1,-1.596932530E0,1.826775908E0,9.476250648E0,9.781954308E0
1.247283276E1,-1.592144132E0,1.821987510E0,9.466673851E0,9.771001751E0
1.247483175E1,-1.582567334E0,1.814804912E0,9.471462250E0,9.772749530E0
1.247683089E1,-1.570596337E0,1.805228114E0,9.485827446E0,9.782972132E0
1.247882999E1,-1.568202138E0,1.802833915E0,9.490615845E0,9.786789932E0
1.248082921E1,-1.568202138E0,1.802833915E0,9.481039047E0,9.777503234E0
1.248282843E1,-1.570596337E0,1.807622313E0,9.478644371E0,9.776449785E0
1.248482788E1,-1.546654344E0,1.807622313E0,9.483432770E0,9.777276471E0
1.248682761E1,-1.532289028E0,1.805228114E0,9.500192642E0,9.790833389E0
1.248882722E1,-1.534683347E0,1.795651317E0,9.481039047E0,9.770860660E0
1.249082690E1,-1.546654344E0,1.800439715E0,9.488221169E0,9.780596289E0
1.249282659E1,-1.565807939E0,1.814804912E0,9.483432770E0,9.781654690E0
1.249482526E1,-1.563413739E0,1.814804912E0,9.473855972E0,9.771986818E0
1.249682374E1,-1.561019540E0,1.807622313E0,9.483432770E0,9.779559169E0
1.249882296E1,-1.556231141E0,1.807622313E0,9.483432770E0,9.778795984E0
1.250082241E1,-1.546654344E0,1.807622313E0,9.495404243E0,9.788888590E0
1.250282194E1,-1.541865945E0,1.810016513E0,9.488221169E0,9.781607808E0
1.250482163E1,-1.544260144E0,1.805228114E0,9.493009567E0,9.785745683E0
1.250682058E1,-1.546654344E0,1.793257117E0,9.485827446E0,9.776954182E0
1.250882019E1,-1.539471745E0,1.800439715E0,9.497797966E0,9.788754907E0
1.251082046E1,-1.539471745E0,1.798045516E0,9.497797966E0,9.788314826E0
1.251282108E1,-1.539471745E0,1.786074519E0,9.502586365E0,9.790770300E0
1.251482167E1,-1.527500629E0,1.788468719E0,9.514557838E0,9.800953494E0
1.251682089E1,-1.517923832E0,1.769315004E0,9.504981041E0,9.786686514E0
1.251882073E1,-1.517923832E0,1.764526606E0,9.514557838E0,9.795124183E0
1.252082108E1,-1.515529633E0,1.778891921E0,9.504981041E0,9.788051447E0
1.252282097E1,-1.505952835E0,1.788468719E0,9.490615845E0,9.774369719E0
1.252482007E1,-1.510741234E0,1.788468719E0,9.493009567E0,9.777432694E0
1.252681905E1,-1.508347034E0,1.786074519E0,9.483432770E0,9.767326659E0
1.252881847E1,-1.510741234E0,1.788468719E0,9.483432770E0,9.768134752E0
1.253081788E1,-1.510741234E0,1.798045516E0,9.490615845E0,9.776865339E0
1.253281675E1,-1.508347034E0,1.802833915E0,9.495404243E0,9.782025488E0
1.253481659E1,-1.515529633E0,1.805228114E0,9.481039047E0,9.769635614E0
1.253681718E1,-1.515529633E0,1.802833915E0,9.493009567E0,9.780811359E0
1.253881729E1,-1.510741234E0,1.802833915E0,9.490615845E0,9.777747098E0
1.254081726E1,-1.508347034E0,1.802833915E0,9.481039047E0,9.768081814E0
1.254281772E1,-1.520318031E0,1.798045516E0,9.476250648E0,9.764407865E0
1.254481796E1,-1.522712231E0,1.790862918E0,9.476250648E0,9.763460907E0
1.254681839E1,-1.532289028E0,1.798045516E0,9.485827446E0,9.775571578E0
1.254881804E1,-1.539471745E0,1.786074519E0,9.488221169E0,9.776828544E0
1.255081808E1,-1.546654344E0,1.781286120E0,9.495404243E0,9.784059569E0
1.255281811E1,-1.558625340E0,1.781286120E0,9.493009567E0,9.783635512E0
1.255481792E1,-1.565807939E0,1.795651317E0,9.500192642E0,9.794374834E0
1.255681726E1,-1.572990537E0,1.800439715E0,9.500192642E0,9.796404577E0
1.255881675E1,-1.582567334E0,1.798045516E0,9.504981041E0,9.802150358E0
1.256081647E1,-1.587355733E0,1.788468719E0,9.495404243E0,9.791885433E0
1.256281573E1,-1.596932530E0,1.786074519E0,9.495404243E0,9.793005537E0
1.256481554E1,-1.594538331E0,1.781286120E0,9.488221169E0,9.784777651E0
1.256681394E1,-1.599326730E0,1.774103403E0,9.495404243E0,9.791220078E0
1.256881280E1,-1.599326730E0,1.771709204E0,9.507374763E0,9.802396359E0
1.257081229E1,-1.594538331E0,1.764526606E0,9.533711433E0,9.825871988E0
1.257281198E1,-1.592144132E0,1.759738207E0,9.533711433E0,9.824624939E0
1.257481214E1,-1.587355733E0,1.759738207E0,9.526528358E0,9.816879308E0
1.257681226E1,-1.589749932E0,1.766920805E0,9.548076630E0,9.839465499E0
1.257881202E1,-1.592144132E0,1.762132406E0,9.555258751E0,9.845963810E0
1.258081218E1,-1.599326730E0,1.771709204E0,9.557653427E0,9.851169399E0
1.258281288E1,-1.604115129E0,1.778891921E0,9.550470352E0,9.846274715E0
1.258481261E1,-1.599326730E0,1.774103403E0,9.560047150E0,9.853922588E0
1.258681339E1,-1.599326730E0,1.762132406E0,9.550470352E0,9.842481423E0
1.258881405E1,-1.599326730E0,1.764526606E0,9.536105156E0,9.828972565E0
1.259081464E1,-1.606509328E0,1.771709204E0,9.524134636E0,9.819825166E0
1.259281511E1,-1.601720929E0,1.764526606E0,9.519346237E0,9.813104344E0
1.259481464E1,-1.594538331E0,1.769315004E0,9.516951561E0,9.810473744E0
1.259681464E1,-1.589749932E0,1.759738207E0,9.488221169E0,9.780098381E0
1.259881499E1,-1.580173135E0,1.754949808E0,9.473855972E0,9.763746358E0
1.260081589E1,-1.587355733E0,1.757344007E0,9.466673851E0,9.758374352E0
1.260281593E1,-1.584961534E0,1.762132406E0,9.457097054E0,9.749558880E0
1.260481589E1,-1.584961534E0,1.762132406E0,9.449913979E0,9.742591436E0
1.260681632E1,-1.572990537E0,1.759738207E0,9.437943459E0,9.728604962E0
1.260881710E1,-1.570596337E0,1.762132406E0,9.433155060E0,9.724006266E0
1.261081722E1,-1.565807939E0,1.759738207E0,9.433155060E0,9.722800391E0
1.261281769E1,-1.556231141E0,1.769315004E0,9.435548782E0,9.725323222E0
1.261481796E1,-1.556231141E0,1.771709204E0,9.430760384E0,9.721113634E0
1.261681929E1,-1.565807939E0,1.776497602E0,9.428366661E0,9.721203430E0
1.261882050E1,-1.558625340E0,1.781286120E0,9.430760384E0,9.723247123E0
1.262082182E1,-1.561019540E0,1.783680320E0,9.442731857E0,9.735680891E0
1.262282288E1,-1.563413739E0,1.778891921E0,9.466673851E0,9.758413436E0
1.262482374E1,-1.556231141E0,1.778891921E0,9.476250648E0,9.766557131E0
1.262682433E1,-1.561019540E0,1.771709204E0,9.488221169E0,9.777631433E0
1.262882495E1,-1.561019540E0,1.774103403E0,9.490615845E0,9.780389256E0
1.263082495E1,-1.556231141E0,1.783680320E0,9.507374763E0,9.797629598E0
1.263282405E1,-1.556231141E0,1.774103403E0,9.512163162E0,9.800538060E0
1.263482483E1,-1.551442742E0,1.771709204E0,9.516951561E0,9.803993834E0
1.263682632E1,-1.551442742E0,1.774103403E0,9.516951561E0,9.804426780E0
1.263882741E1,-1.546654344E0,1.778891921E0,9.533711433E0,9.820806984E0
1.264082839E1,-1.549048543E0,1.778891921E0,9.536105156E0,9.823507999E0
1.264282925E1,-1.553836942E0,1.778891921E0,9.543288231E0,9.831236747E0
1.264482976E1,-1.549048543E0,1.774103403E0,9.536105156E0,9.822641998E0
1.264682983E1,-1.539471745E0,1.769315004E0,9.531316757E0,9.815622648E0
1.264883034E1,-1.525106430E0,1.769315004E0,9.531316757E0,9.813379863E0
1.265083003E1,-1.532289028E0,1.766920805E0,9.519346237E0,9.802442123E0
1.265282956E1,-1.534683347E0,1.764526606E0,9.516951561E0,9.800059904E0
1.265483003E1,-1.532289028E0,1.769315004E0,9.512163162E0,9.795898799E0
1.265683054E1,-1.539471745E0,1.764526606E0,9.512163162E0,9.796161259E0
1.265883155E1,-1.534683347E0,1.769315004E0,9.521739960E0,9.805572927E0
1.266083058E1,-1.529894829E0,1.764526606E0,9.519346237E0,9.801636859E0
1.266282995E1,-1.532289028E0,1.754949808E0,9.507374763E0,9.788663514E0
1.266483042E1,-1.537077546E0,1.752555609E0,9.504981041E0,9.786660469E0
1.266683073E1,-1.544260144E0,1.754949808E0,9.500192642E0,9.783570333E0
1.266883019E1,-1.549048543E0,1.757344007E0,9.502586365E0,9.787081126E0
1.267083120E1,-1.561019540E0,1.771709204E0,9.497797966E0,9.786925039E0
1.267283284E1,-1.568202138E0,1.783680320E0,9.497797966E0,9.790247169E0
1.267483347E1,-1.570596337E0,1.788468719E0,9.481039047E0,9.775249083E0
1.267683444E1,-1.563413739E0,1.795651317E0,9.459490776E0,9.754516488E0
1.267883573E1,-1.563413739E0,1.793257117E0,9.452308655E0,9.747110983E0
1.268083741E1,-1.568202138E0,1.793257117E0,9.454702377E0,9.750201335E0
1.268283800E1,-1.568202138E0,1.795651317E0,9.449913979E0,9.745998964E0
1.268483878E1,-1.549048543E0,1.800439715E0,9.447520256E0,9.741497500E0
1.268683862E1,-1.539471745E0,1.790862918E0,9.466673851E0,9.756796454E0
1.268883913E1,-1.556231141E0,1.800439715E0,9.473855972E0,9.768182304E0
1.269083976E1,-1.565807939E0,1.812410712E0,9.473855972E0,9.771925812E0
1.269284093E1,-1.561019540E0,1.812410712E0,9.471462250E0,9.768838812E0
1.269484144E1,-1.553836942E0,1.810016513E0,9.485827446E0,9.781180468E0
1.269684179E1,-1.551442742E0,1.802833915E0,9.481039047E0,9.774829212E0
1.269884241E1,-1.553836942E0,1.807622313E0,9.488221169E0,9.783059267E0
1.270084261E1,-1.556231141E0,1.807622313E0,9.495404243E0,9.790406301E0
1.270284249E1,-1.551442742E0,1.805228114E0,9.493009567E0,9.786881718E0
1.270484276E1,-1.539471745E0,1.805228114E0,9.493009567E0,9.784991183E0
1.270684222E1,-1.541865945E0,1.795651317E0,9.495404243E0,9.785929490E0
1.270884182E1,-1.537077546E0,1.783680320E0,9.495404243E0,9.782986487E0
1.271084124E1,-1.534683347E0,1.774103403E0,9.485827446E0,9.771571941E0
1.271284104E1,-1.537077546E0,1.771709204E0,9.497797966E0,9.783134829E0
1.271484089E1,-1.537077546E0,1.769315004E0,9.495404243E0,9.780377534E0
1.271684104E1,-1.539471745E0,1.759738207E0,9.493009567E0,9.776701001E0
1.271884104E1,-1.553836942E0,1.747767210E0,9.500192642E0,9.783800882E0
1.272084077E1,-1.561019540E0,1.740584612E0,9.497797966E0,9.781338507E0
1.272284065E1,-1.565807939E0,1.740584612E0,9.502586365E0,9.786753134E0
1.272484054E1,-1.565807939E0,1.738190413E0,9.507374763E0,9.790977239E0
1.272684097E1,-1.568202138E0,1.731007814E0,9.495404243E0,9.778463465E0
1.272884108E1,-1.575384736E0,1.723825216E0,9.495404243E0,9.778349155E0
1.273084120E1,-1.577778935E0,1.721431017E0,9.495404243E0,9.778313396E0
1.273284183E1,-1.582567334E0,1.723825216E0,9.507374763E0,9.791132092E0
1.273484218E1,-1.584961534E0,1.728613615E0,9.509769440E0,9.794688504E0
1.273684296E1,-1.601720929E0,1.731007814E0,9.526528358E0,9.814104165E0
1.273884390E1,-1.599326730E0,1.740584612E0,9.524134636E0,9.813084191E0
1.274084413E1,-1.616086125E0,1.735796213E0,9.536105156E0,9.826597804E0
1.274284425E1,-1.618480325E0,1.738190413E0,9.538499832E0,9.829738731E0
1.274484522E1,-1.630451322E0,1.740584612E0,9.552865028E0,9.846077217E0
1.274684561E1,-1.630451322E0,1.735796213E0,9.557653427E0,9.849878123E0
1.274884538E1,-1.623268723E0,1.740584612E0,9.545681953E0,9.837920517E0
1.275084526E1,-1.623268723E0,1.752555609E0,9.555258751E0,9.849336135E0
1.275284526E1,-1.632845521E0,1.754949808E0,9.555258751E0,9.851345244E0
1.275484616E1,-1.623268723E0,1.750161409E0,9.560047150E0,9.853556100E0
1.275684702E1,-1.618480325E0,1.750161409E0,9.583989143E0,9.876000781E0
1.275884823E1,-1.611297727E0,1.750161409E0,9.586383820E0,9.877150402E0
1.276084878E1,-1.599326730E0,1.738190413E0,9.595960617E0,9.882388986E0
1.276284831E1,-1.604115129E0,1.735796213E0,9.598354340E0,9.885068531E0
1.276484862E1,-1.604115129E0,1.740584612E0,9.603142738E0,9.890559670E0
1.276684944E1,-1.625662923E0,1.750161409E0,9.607931137E0,9.900413407E0
1.276884972E1,-1.620874524E0,1.752555609E0,9.598354340E0,9.890757879E0
1.277085007E1,-1.623268723E0,1.754949808E0,9.583989143E0,9.877636260E0
1.277285089E1,-1.616086125E0,1.757344007E0,9.560047150E0,9.853653831E0
1.277485058E1,-1.618480325E0,1.766920805E0,9.550470352E0,9.846470009E0
1.277685097E1,-1.635239720E0,1.764526606E0,9.552865028E0,9.851131576E0
1.277885182E1,-1.647210717E0,1.769315004E0,9.540893555E0,9.842379212E0
1.278085272E1,-1.647210717E0,1.778891921E0,9.521739960E0,9.825542808E0
1.278285292E1,-1.656787634E0,1.788468719E0,9.502586365E0,9.810337060E0
1.278485374E1,-1.649604917E0,1.798045516E0,9.500192642E0,9.808558727E0
1.278685390E1,-1.642422318E0,1.807622313E0,9.483432770E0,9.792882446E0
1.278885409E1,-1.628057122E0,1.812410712E0,9.471462250E0,9.779775035E0
1.279085538E1,-1.611297727E0,1.810016513E0,9.459490776E0,9.764958058E0
1.279285604E1,-1.596932530E0,1.812410712E0,9.459490776E0,9.763042141E0
1.279485686E1,-1.587355733E0,1.814804912E0,9.454702377E0,9.757285080E0
1.279685710E1,-1.563413739E0,1.807622313E0,9.437943459E0,9.735837800E0
1.279885761E1,-1.551442742E0,1.812410712E0,9.435548782E0,9.732491356E0
1.280085780E1,-1.541865945E0,1.810016513E0,9.428366661E0,9.723559444E0
1.280285710E1,-1.527500629E0,1.812410712E0,9.433155060E0,9.726381914E0
1.280485655E1,-1.532289028E0,1.802833915E0,9.430760384E0,9.723032511E0
1.280685530E1,-1.539471745E0,1.805228114E0,9.433155060E0,9.726933545E0
1.280885394E1,-1.541865945E0,1.802833915E0,9.433155060E0,9.726868720E0
1.281085296E1,-1.541865945E0,1.800439715E0,9.414001465E0,9.707850295E0
1.281285319E1,-1.541865945E0,1.790862918E0,9.402029991E0,9.694467935E0
1.281485261E1,-1.551442742E0,1.800439715E0,9.394847870E0,9.690806171E0
1.281685292E1,-1.553836942E0,1.800439715E0,9.409213066E0,9.705116328E0
1.281885347E1,-1.539471745E0,1.805228114E0,9.394847870E0,9.689787836E0
1.282085370E1,-1.532289028E0,1.805228114E0,9.387664795E0,9.681684177E0
1.282285397E1,-1.537077546E0,1.810016513E0,9.387664795E0,9.683337104E0
1.282485390E1,-1.537077546E0,1.812410712E0,9.370905876E0,9.667539341E0
1.282685347E1,-1.529894829E0,1.812410712E0,9.378087997E0,9.673362666E0
1.282885343E1,-1.527500629E0,1.812410712E0,9.392453194E0,9.686912189E0
1.283085276E1,-1.520318031E0,1.800439715E0,9.397241592E0,9.688193827E0
1.283285198E1,-1.508347034E0,1.798045516E0,9.423578262E0,9.711431703E0
1.283485085E1,-1.501164436E0,1.795651317E0,9.428366661E0,9.714522953E0
1.283685065E1,-1.486799240E0,1.798045516E0,9.447520256E0,9.731350299E0
1.283884968E1,-1.491587639E0,1.802833915E0,9.471462250E0,9.756210379E0
1.284084979E1,-1.498770237E0,1.805228114E0,9.485827446E0,9.771698066E0
1.284284894E1,-1.510741234E0,1.819593310E0,9.509769440E0,9.799437417E0
1.284484796E1,-1.520318031E0,1.814804912E0,9.524134636E0,9.813970876E0
1.284684659E1,-1.529894829E0,1.807622313E0,9.528923035E0,9.818780516E0
1.284884569E1,-1.537077546E0,1.800439715E0,9.543288231E0,9.832524641E0
1.285084460E1,-1.544260144E0,1.786074519E0,9.569623947E0,9.856596982E0
1.285284409E1,-1.551442742E0,1.783680320E0,9.583989143E0,9.871237915E0
1.285484378E1,-1.563413739E0,1.786074519E0,9.581595421E0,9.871235764E0
1.285684311E1,-1.561019540E0,1.788468719E0,9.574412346E0,9.864318229E0
1.285884218E1,-1.565807939E0,1.795651317E0,9.567230225E0,9.859412372E0
1.286084140E1,-1.568202138E0,1.778891921E0,9.560047150E0,9.849782531E0
1.286284069E1,-1.570596337E0,1.778891921E0,9.555258751E0,9.845516701E0
1.286483897E1,-1.570596337E0,1.788468719E0,9.538499832E0,9.830990401E0
1.286683894E1,-1.556231141E0,1.800439715E0,9.516951561E0,9.809984992E0
1.286883843E1,-1.549048543E0,1.798045516E0,9.502586365E0,9.794471231E0
1.287083769E1,-1.549048543E0,1.786074519E0,9.488221169E0,9.778341092E0
1.287283640E1,-1.546654344E0,1.783680320E0,9.488221169E0,9.777525049E0
1.287483577E1,-1.539471745E0,1.790862918E0,9.478644371E0,9.768411455E0
1.287683413E1,-1.539471745E0,1.783680320E0,9.466673851E0,9.755480641E0
1.287883222E1,-1.539471745E0,1.790862918E0,9.445125580E0,9.735890327E0
1.288083042E1,-1.551442742E0,1.793257117E0,9.445125580E0,9.738230994E0
1.288282913E1,-1.556231141E0,1.798045516E0,9.440337181E0,9.735234416E0
1.288482858E1,-1.549048543E0,1.800439715E0,9.433155060E0,9.727566445E0
1.288682768E1,-1.544260144E0,1.805228114E0,9.430760384E0,9.725370397E0
1.288882686E1,-1.546654344E0,1.800439715E0,9.423578262E0,9.717898440E0
1.289082679E1,-1.561019540E0,1.805228114E0,9.416395187E0,9.714120077E0
1.289282659E1,-1.561019540E0,1.795651317E0,9.399636269E0,9.696097547E0
1.289482604E1,-1.561019540E0,1.802833915E0,9.394847870E0,9.692789001E0
1.289682495E1,-1.558625340E0,1.805228114E0,9.392453194E0,9.690528288E0
1.289882351E1,-1.570596337E0,1.798045516E0,9.387664795E0,9.686484958E0
1.290082272E1,-1.575384736E0,1.795651317E0,9.397241592E0,9.696099745E0
1.290282182E1,-1.575384736E0,1.795651317E0,9.399636269E0,9.698420629E0
1.290482085E1,-1.580173135E0,1.802833915E0,9.399636269E0,9.700531905E0
1.290682089E1,-1.589749932E0,1.802833915E0,9.411606789E0,9.713694319E0
1.290881976E1,-1.580173135E0,1.800439715E0,9.428366661E0,9.727930314E0
1.291081882E1,-1.582567334E0,1.793257117E0,9.425971985E0,9.724671630E0
1.291281768E1,-1.582567334E0,1.805228114E0,9.437943459E0,9.738487800E0
1.291481682E1,-1.582567334E0,1.802833915E0,9.454702377E0,9.754287598E0
1.291681624E1,-1.580173135E0,1.807622313E0,9.476250648E0,9.775672453E0
1.291881671E1,-1.582567334E0,1.807622313E0,9.483432770E0,9.783021767E0
1.292081686E1,-1.584961534E0,1.793257117E0,9.502586365E0,9.799337823E0
1.292281737E1,-1.587355733E0,1.798045516E0,9.512163162E0,9.809888579E0
1.292481651E1,-1.604115129E0,1.798045516E0,9.526528358E0,9.826540367E0
1.292681667E1,-1.599326730E0,1.781286120E0,9.528923035E0,9.825029284E0
1.292881663E1,-1.596932530E0,1.786074519E0,9.533711433E0,9.830153071E0
1.293081679E1,-1.584961534E0,1.774103403E0,9.543288231E0,9.835339151E0
1.293281749E1,-1.587355733E0,1.754949808E0,9.538499832E0,9.827640922E0
1.293481726E1,-1.589749932E0,1.747767210E0,9.543288231E0,9.831395899E0
1.293681722E1,-1.587355733E0,1.740584612E0,9.548076630E0,9.834383577E0
1.293881784E1,-1.587355733E0,1.723825216E0,9.555258751E0,9.838406446E0
1.294081784E1,-1.575384736E0,1.707065821E0,9.557653427E0,9.835885818E0
1.294281784E1,-1.577778935E0,1.709460020E0,9.560047150E0,9.839011202E0
1.294481698E1,-1.587355733E0,1.695094824E0,9.548076630E0,9.826434349E0
1.294681604E1,-1.592144132E0,1.704671621E0,9.550470352E0,9.831190783E0
1.294881546E1,-1.596932530E0,1.723825216E0,9.538499832E0,9.823682911E0
1.295081526E1,-1.601720929E0,1.723825216E0,9.526528358E0,9.812839848E0
1.295281554E1,-1.613691926E0,1.723825216E0,9.526528358E0,9.814800944E0
1.295481550E1,-1.604115129E0,1.723825216E0,9.514557838E0,9.801610561E0
1.295681546E1,-1.608903527E0,1.726219416E0,9.507374763E0,9.795844983E0
1.295881444E1,-1.618480325E0,1.735796213E0,9.509769440E0,9.801437744E0
1.296081421E1,-1.611297727E0,1.742978811E0,9.502586365E0,9.794559874E0
1.296281331E1,-1.606509328E0,1.740584612E0,9.481039047E0,9.772441273E0
1.296481296E1,-1.608903527E0,1.745373011E0,9.495404243E0,9.787624801E0
1.296681311E1,-1.606509328E0,1.747767210E0,9.502586365E0,9.794626591E0
1.296881284E1,-1.611297727E0,1.754949808E0,9.493009567E0,9.787408229E0
1.297081308E1,-1.606509328E0,1.774103403E0,9.495404243E0,9.792395869E0
1.297281288E1,-1.601720929E0,1.786074519E0,9.481039047E0,9.779860609E0
1.297481073E1,-1.596932530E0,1.783680320E0,9.476250648E0,9.773997920E0
1.297680823E1,-1.580173135E0,1.790862918E0,9.488221169E0,9.784195320E0
1.297880710E1,-1.572990537E0,1.788468719E0,9.483432770E0,9.777955650E0
1.298080585E1,-1.565807939E0,1.788468719E0,9.502586365E0,9.795382712E0
1.298280436E1,-1.561019540E0,1.783680320E0,9.502586365E0,9.793745203E0
1.298480253E1,-1.556231141E0,1.778891921E0,9.490615845E0,9.780495946E0
1.298680112E1,-1.558625340E0,1.766920805E0,9.483432770E0,9.771735730E0
1.298879999E1,-1.558625340E0,1.766920805E0,9.476250648E0,9.764765662E0
1.299079886E1,-1.558625340E0,1.759738207E0,9.476250648E0,9.763468536E0
1.299279843E1,-1.568202138E0,1.764526606E0,9.464279175E0,9.754249965E0
1.299479710E1,-1.568202138E0,1.759738207E0,9.454702377E0,9.744092238E0
1.299679644E1,-1.568202138E0,1.759738207E0,9.454702377E0,9.744092238E0
1.299879542E1,-1.570596337E0,1.759738207E0,9.473855972E0,9.763062962E0
1.300079394E1,-1.572990537E0,1.750161409E0,9.473855972E0,9.761726854E0
1.300279272E1,-1.572990537E0,1.747767210E0,9.469067574E0,9.756650561E0
1.300479108E1,-1.568202138E0,1.752555609E0,9.483432770E0,9.770680949E0
1.300678948E1,-1.565807939E0,1.747767210E0,9.488221169E0,9.774087459E0
1.300878796E1,-1.556231141E0,1.747767210E0,9.483432770E0,9.767908818E0
1.301078577E1,-1.553836942E0,1.738190413E0,9.488221169E0,9.770468571E0
1.301278378E1,-1.553836942E0,1.731007814E0,9.483432770E0,9.764542713E0
1.301478206E1,-1.563413739E0,1.735796213E0,9.490615845E0,9.773895852E0
1.301677956E1,-1.570596337E0,1.738190413E0,9.502586365E0,9.787094890E0
1.301877784E1,-1.575384736E0,1.740584612E0,9.504981041E0,9.790614712E0
1.302077550E1,-1.577778935E0,1.726219416E0,9.519346237E0,9.802406471E0
1.302277350E1,-1.592144132E0,1.723825216E0,9.533711433E0,9.818255956E0
1.302477167E1,-1.601720929E0,1.735796213E0,9.536105156E0,9.824245517E0
1.302676972E1,-1.604115129E0,1.735796213E0,9.543288231E0,9.831608419E0
1.302876808E1,-1.599326730E0,1.740584612E0,9.538499832E0,9.827027009E0
1.303076624E1,-1.589749932E0,1.742978811E0,9.543288231E0,9.830545775E0
1.303276421E1,-1.594538331E0,1.747767210E0,9.550470352E0,9.839142577E0
1.303476222E1,-1.589749932E0,1.752555609E0,9.564835548E0,9.853163709E0
1.303676042E1,-1.587355733E0,1.757344007E0,9.564835548E0,9.853630562E0
1.303875874E1,-1.589749932E0,1.745373011E0,9.574412346E0,9.861186722E0
1.304075761E1,-1.589749932E0,1.747767210E0,9.572018623E0,9.859286769E0
1.304275554E1,-1.596932530E0,1.747767210E0,9.567230225E0,9.855799201E0
1.304475354E1,-1.596932530E0,1.750161409E0,9.562441826E0,9.851576125E0
1.304675288E1,-1.596932530E0,1.766920805E0,9.569623947E0,9.861536651E0
1.304875175E1,-1.601720929E0,1.769315004E0,9.569623947E0,9.862742418E0
1.305075026E1,-1.596932530E0,1.776497602E0,9.564835548E0,9.858611277E0
1.305274932E1,-1.599326730E0,1.771709204E0,9.567230225E0,9.860461128E0
1.305474890E1,-1.604115129E0,1.771709204E0,9.545681953E0,9.840334486E0
1.305674940E1,-1.604115129E0,1.774103403E0,9.533711433E0,9.829154690E0
1.305874968E1,-1.604115129E0,1.774103403E0,9.531316757E0,9.826832010E0
1.306074847E1,-1.604115129E0,1.776497602E0,9.526528358E0,9.822620406E0
1.306274776E1,-1.599326730E0,1.788468719E0,9.514557838E0,9.812404252E0
1.306474636E1,-1.599326730E0,1.793257117E0,9.493009567E0,9.792387233E0
1.306674487E1,-1.611297727E0,1.800439715E0,9.483432770E0,9.786386495E0
1.306874444E1,-1.613691926E0,1.802833915E0,9.469067574E0,9.773303048E0
1.307074409E1,-1.601720929E0,1.814804912E0,9.471462250E0,9.775869473E0
1.307274432E1,-1.589749932E0,1.817199111E0,9.471462250E0,9.774360061E0
1.307474409E1,-1.587355733E0,1.819593310E0,9.459490776E0,9.762816386E0
1.307674343E1,-1.582567334E0,1.824381709E0,9.442731857E0,9.746695487E0
1.307874374E1,-1.570596337E0,1.824381709E0,9.435548782E0,9.737798637E0
1.308074362E1,-1.563413739E0,1.812410712E0,9.428366661E0,9.727445348E0
1.308274304E1,-1.561019540E0,1.800439715E0,9.425971985E0,9.722515777E0
1.308474339E1,-1.556231141E0,1.795651317E0,9.423578262E0,9.718541366E0
1.308674261E1,-1.549048543E0,1.800439715E0,9.430760384E0,9.725244263E0
1.308874222E1,-1.539471745E0,1.793257117E0,9.425971985E0,9.717751396E0
1.309074253E1,-1.537077546E0,1.800439715E0,9.428366661E0,9.721023014E0
1.309274226E1,-1.534683347E0,1.800439715E0,9.435548782E0,9.727611062E0
1.309474222E1,-1.537077546E0,1.795651317E0,9.425971985E0,9.717814512E0
1.309674120E1,-1.539471745E0,1.798045516E0,9.433155060E0,9.725603082E0
1.309874042E1,-1.539471745E0,1.800439715E0,9.442731857E0,9.735334681E0
1.310073878E1,-1.532289028E0,1.817199111E0,9.457097054E0,9.751246431E0
1.310273792E1,-1.532289028E0,1.812410712E0,9.445125580E0,9.738744245E0
1.310473800E1,-1.541865945E0,1.824381709E0,9.457097054E0,9.754096775E0
1.310673718E1,-1.537077546E0,1.826775908E0,9.457097054E0,9.753789124E0
1.310873694E1,-1.527500629E0,1.836352706E0,9.461885452E0,9.758725621E0
1.311073640E1,-1.520318031E0,1.833958507E0,9.464279175E0,9.759474936E0
1.311273581E1,-1.508347034E0,1.836352706E0,9.469067574E0,9.762711854E0
1.311473460E1,-1.505952835E0,1.821987510E0,9.471462250E0,9.761973652E0
1.311673507E1,-1.491587639E0,1.817199111E0,9.478644371E0,9.765845862E0
1.311873483E1,-1.496376038E0,1.812410712E0,9.483432770E0,9.770336275E0
1.312073382E1,-1.496376038E0,1.800439715E0,9.495404243E0,9.779745710E0
1.312273370E1,-1.496376038E0,1.790862918E0,9.497797966E0,9.780311725E0
1.312473304E1,-1.496376038E0,1.771709204E0,9.495404243E0,9.774497250E0
1.312673280E1,-1.508347034E0,1.764526606E0,9.485827446E0,9.765735367E0
1.312873202E1,-1.522712231E0,1.745373011E0,9.485827446E0,9.764522611E0
1.313073261E1,-1.532289028E0,1.747767210E0,9.485827446E0,9.766448803E0
1.313273210E1,-1.558625340E0,1.752555609E0,9.471462250E0,9.757528440E0
1.313473210E1,-1.565807939E0,1.759738207E0,9.466673851E0,9.755324026E0
1.313673124E1,-1.587355733E0,1.774103403E0,9.471462250E0,9.766050289E0
1.313872987E1,-1.599326730E0,1.783680320E0,9.466673851E0,9.765104980E0
1.314072843E1,-1.611297727E0,1.795651317E0,9.466673851E0,9.769265981E0
1.314272726E1,-1.613691926E0,1.802833915E0,9.452308655E0,9.757066704E0
1.314472581E1,-1.616086125E0,1.805228114E0,9.454702377E0,9.760224380E0
1.314672487E1,-1.611297727E0,1.819593310E0,9.457097054E0,9.764419330E0
1.314872440E1,-1.599326730E0,1.810016513E0,9.445125580E0,9.749071904E0
1.315072362E1,-1.577778935E0,1.810016513E0,9.449913979E0,9.750201041E0
1.315272276E1,-1.570596337E0,1.802833915E0,9.452308655E0,9.750031891E0
1.315472214E1,-1.558625340E0,1.800439715E0,9.478644371E0,9.773208032E0
1.315672182E1,-1.549048543E0,1.798045516E0,9.509769440E0,9.801440397E0
1.315872144E1,-1.563413739E0,1.805228114E0,9.531316757E0,9.825940677E0
1.316072065E1,-1.570596337E0,1.802833915E0,9.533711433E0,9.828969258E0
1.316272042E1,-1.563413739E0,1.810016513E0,9.538499832E0,9.833788758E0
1.316472073E1,-1.558625340E0,1.812410712E0,9.548076630E0,9.842759413E0
1.316672058E1,-1.551442742E0,1.821987510E0,9.557653427E0,9.852682483E0
1.316871917E1,-1.549048543E0,1.817199111E0,9.548076630E0,9.842130426E0
1.317071835E1,-1.544260144E0,1.810016513E0,9.548076630E0,9.840054192E0
1.317271761E1,-1.532289028E0,1.802833915E0,9.550470352E0,9.839187148E0
1.317471663E1,-1.532289028E0,1.795651317E0,9.545681953E0,9.833225171E0
1.317671655E1,-1.537077546E0,1.793257117E0,9.531316757E0,9.819591519E0
1.317871511E1,-1.529894829E0,1.788468719E0,9.509769440E0,9.796678689E0
1.318071413E1,-1.517923832E0,1.778891921E0,9.495404243E0,9.779123221E0
1.318271284E1,-1.508347034E0,1.759738207E0,9.481039047E0,9.760219810E0
1.318471120E1,-1.503558636E0,1.750161409E0,9.478644371E0,9.755431956E0
1.318671003E1,-1.493981838E0,1.731007814E0,9.476250648E0,9.748215023E0
1.318870882E1,-1.493981838E0,1.709460020E0,9.466673851E0,9.735098823E0
1.319070796E1,-1.484405041E0,1.699883223E0,9.466673851E0,9.731956386E0
1.319270698E1,-1.477222443E0,1.678335428E0,9.469067574E0,9.729452023E0
1.319470679E1,-1.493981838E0,1.671152830E0,9.476250648E0,9.737764624E0
1.319670569E1,-1.503558636E0,1.661576033E0,9.476250648E0,9.737599799E0
1.319870476E1,-1.527500629E0,1.673547029E0,9.471462250E0,9.738717317E0
1.320070362E1,-1.544260144E0,1.680729628E0,9.461885452E0,9.733286587E0
1.320270253E1,-1.580173135E0,1.704671621E0,9.464279175E0,9.745533991E0
1.320470132E1,-1.596932530E0,1.728613615E0,9.481039047E0,9.768746079E0
1.320669976E1,-1.620874524E0,1.752555609E0,9.476250648E0,9.772308414E0
1.320869839E1,-1.635239720E0,1.752555609E0,9.473855972E0,9.772379807E0
1.321069733E1,-1.644816518E0,1.766920805E0,9.452308655E0,9.755694205E0
1.321269694E1,-1.625662923E0,1.754949808E0,9.447520256E0,9.745679440E0
1.321469632E1,-1.635239720E0,1.776497602E0,9.473855972E0,9.776701880E0
1.321669515E1,-1.647210717E0,1.781286120E0,9.481039047E0,9.786541003E0
1.321869491E1,-1.647210717E0,1.788468719E0,9.481039047E0,9.787850884E0
1.322069429E1,-1.628057122E0,1.786074519E0,9.478644371E0,9.781887921E0
1.322269374E1,-1.611297727E0,1.793257117E0,9.481039047E0,9.782747716E0
1.322469311E1,-1.592144132E0,1.788468719E0,9.497797966E0,9.794983895E0
1.322669202E1,-1.587355733E0,1.798045516E0,9.514557838E0,9.812210595E0
1.322869019E1,-1.587355733E0,1.798045516E0,9.502586365E0,9.800602712E0
1.323068921E1,-1.587355733E0,1.786074519E0,9.504981041E0,9.800735942E0
1.323268913E1,-1.570596337E0,1.783680320E0,9.509769440E0,9.802244801E0
1.323468909E1,-1.563413739E0,1.790862918E0,9.509769440E0,9.802406200E0
1.323668936E1,-1.563413739E0,1.805228114E0,9.524134636E0,9.818974062E0
1.323868979E1,-1.561019540E0,1.810016513E0,9.543288231E0,9.838053265E0
1.324069038E1,-1.565807939E0,1.769315004E0,9.557653427E0,9.845352666E0
1.324269128E1,-1.561019540E0,1.733402014E0,9.555258751E0,9.835874864E0
1.324469077E1,-1.563413739E0,1.695094824E0,9.538499832E0,9.813286301E0
1.324669112E1,-1.565807939E0,1.692700624E0,9.526528358E0,9.801618870E0
1.324869030E1,-1.580173135E0,1.697489023E0,9.521739960E0,9.800099386E0
1.325068936E1,-1.582567334E0,1.723825216E0,9.514557838E0,9.798107144E0
1.325268761E1,-1.565807939E0,1.735796213E0,9.481039047E0,9.764980512E0
1.325468628E1,-1.551442742E0,1.745373011E0,9.481039047E0,9.764394653E0
1.325668479E1,-1.541865945E0,1.747767210E0,9.469067574E0,9.751680959E0
1.325868272E1,-1.527500629E0,1.745373011E0,9.466673851E0,9.746666041E0
1.326068112E1,-1.529894829E0,1.742978811E0,9.454702377E0,9.734985895E0
1.326268061E1,-1.525106430E0,1.735796213E0,9.454702377E0,9.732951000E0
1.326468073E1,-1.505952835E0,1.731007814E0,9.457097054E0,9.731442168E0
1.326667956E1,-1.513135433E0,1.719036818E0,9.447520256E0,9.721126756E0
1.326867847E1,-1.563413739E0,1.683123827E0,9.449913979E0,9.725124294E0
1.327067698E1,-1.740584612E0,1.508347034E0,9.430760384E0,9.707934228E0
1.327267515E1,-1.733402014E0,1.594538331E0,9.409213066E0,9.699511614E0
1.327467331E1,-1.582567334E0,1.747767210E0,9.430760384E0,9.721031375E0
1.327667190E1,-1.414973259E0,1.790862918E0,9.454702377E0,9.726290987E0
1.327867104E1,-1.362300754E0,1.843535304E0,9.452308655E0,9.726285245E0
1.328067003E1,-1.312022567E0,1.900996208E0,9.430760384E0,9.709502109E0
1.328266956E1,-1.290474772E0,1.771709204E0,9.356540680E0,9.609845583E0
1.328466921E1,-1.307234168E0,1.731007814E0,9.330204010E0,9.579037326E0
1.328666804E1,-1.398213744E0,1.843535304E0,9.394847870E0,9.675577016E0
1.328866698E1,-1.556231141E0,1.924938202E0,9.447520256E0,9.766415997E0
1.329066761E1,-1.704671621E0,1.960851192E0,9.497797966E0,9.846776576E0
1.329266694E1,-1.759738207E0,1.982398987E0,9.540893555E0,9.902284288E0
1.329466640E1,-1.762132406E0,1.982398987E0,9.552865028E0,9.914244631E0
1.329666620E1,-1.733402014E0,1.963245392E0,9.567230225E0,9.919219182E0
1.329866561E1,-1.695094824E0,1.934514999E0,9.579200745E0,9.918507027E0
1.330066561E1,-1.673547029E0,1.898601890E0,9.579200745E0,9.907902689E0
1.330266542E1,-1.620874524E0,1.865083098E0,9.581595421E0,9.895086659E0
1.330466569E1,-1.563413739E0,1.826775908E0,9.574412346E0,9.871714365E0
1.330666483E1,-1.529894829E0,1.795651317E0,9.562441826E0,9.849123591E0
1.330866495E1,-1.508347034E0,1.769315004E0,9.543288231E0,9.822420100E0
1.331066456E1,-1.501164436E0,1.757344007E0,9.528923035E0,9.805209168E0
1.331266444E1,-1.503558636E0,1.745373011E0,9.524134636E0,9.798783398E0
1.331466347E1,-1.522712231E0,1.735796213E0,9.516951561E0,9.793059177E0
1.331666226E1,-1.527500629E0,1.740584612E0,9.497797966E0,9.776045170E0
1.331866136E1,-1.537077546E0,1.745373011E0,9.490615845E0,9.771423819E0
1.332066116E1,-1.558625340E0,1.752555609E0,9.483432770E0,9.769148438E0
1.332266093E1,-1.572990537E0,1.766920805E0,9.481039047E0,9.771714782E0
1.332465960E1,-1.572990537E0,1.776497602E0,9.478644371E0,9.771127984E0
1.332665991E1,-1.580173135E0,1.774103403E0,9.459490776E0,9.753274105E0
1.332865999E1,-1.589749932E0,1.766920805E0,9.457097054E0,9.751204985E0
1.333066050E1,-1.589749932E0,1.771709204E0,9.466673851E0,9.761361183E0
1.333265944E1,-1.584961534E0,1.771709204E0,9.473855972E0,9.767548492E0
1.333465866E1,-1.582567334E0,1.766920805E0,9.485827446E0,9.777906260E0
1.333665804E1,-1.580173135E0,1.762132406E0,9.485827446E0,9.776654852E0
1.333865804E1,-1.582567334E0,1.762132406E0,9.502586365E0,9.793302691E0
1.334065831E1,-1.584961534E0,1.762132406E0,9.509769440E0,9.800659594E0
1.334265835E1,-1.584961534E0,1.771709204E0,9.509769440E0,9.802386003E0
1.334465847E1,-1.580173135E0,1.774103403E0,9.504981041E0,9.797400401E0
1.334665921E1,-1.580173135E0,1.776497602E0,9.507374763E0,9.800156415E0
1.334865808E1,-1.582567334E0,1.776497602E0,9.497797966E0,9.791252693E0
1.335065733E1,-1.584961534E0,1.774103403E0,9.500192642E0,9.793528791E0
1.335265647E1,-1.580173135E0,1.769315004E0,9.495404243E0,9.787242945E0
1.335465483E1,-1.570596337E0,1.781286120E0,9.481039047E0,9.773937513E0
1.335665331E1,-1.565807939E0,1.783680320E0,9.469067574E0,9.761993172E0
1.335865214E1,-1.558625340E0,1.778891921E0,9.464279175E0,9.755324173E0
1.336065190E1,-1.553836942E0,1.783680320E0,9.466673851E0,9.757757864E0
1.336265218E1,-1.556231141E0,1.788468719E0,9.461885452E0,9.754370919E0
1.336465159E1,-1.551442742E0,1.800439715E0,9.469067574E0,9.762776166E0
1.336665097E1,-1.549048543E0,1.807622313E0,9.469067574E0,9.763723190E0
1.336865065E1,-1.546654344E0,1.798045516E0,9.461885452E0,9.754608329E0
1.337064964E1,-1.558625340E0,1.795651317E0,9.464279175E0,9.758394176E0
1.337264940E1,-1.551442742E0,1.795651317E0,9.461885452E0,9.754927706E0
1.337464948E1,-1.546654344E0,1.805228114E0,9.452308655E0,9.746646967E0
1.337664999E1,-1.539471745E0,1.807622313E0,9.473855972E0,9.766853059E0
1.337864866E1,-1.529894829E0,1.795651317E0,9.490615845E0,9.779403405E0
1.338064800E1,-1.534683347E0,1.795651317E0,9.485827446E0,9.775507095E0
1.338264741E1,-1.522712231E0,1.800439715E0,9.504981041E0,9.793104732E0
1.338464624E1,-1.513135433E0,1.795651317E0,9.502586365E0,9.788416119E0
1.338664526E1,-1.517923832E0,1.800439715E0,9.514557838E0,9.801657349E0
1.338864429E1,-1.513135433E0,1.800439715E0,9.512163162E0,9.798592248E0
1.339064405E1,-1.510741234E0,1.793257117E0,9.509769440E0,9.794581408E0
1.339264409E1,-1.517923832E0,1.781286120E0,9.519346237E0,9.802807036E0
1.339464358E1,-1.517923832E0,1.776497602E0,9.521739960E0,9.804262764E0
1.339664272E1,-1.529894829E0,1.769315004E0,9.514557838E0,9.797850001E0
1.339864222E1,-1.529894829E0,1.759738207E0,9.516951561E0,9.798450069E0
1.340064163E1,-1.527500629E0,1.750161409E0,9.516951561E0,9.796361067E0
1.340264124E1,-1.539471745E0,1.747767210E0,9.507374763E0,9.788505421E0
1.340464022E1,-1.551442742E0,1.740584612E0,9.509769440E0,9.791441373E0
1.340663929E1,-1.568202138E0,1.733402014E0,9.514557838E0,9.797486991E0
1.340863819E1,-1.572990537E0,1.742978811E0,9.519346237E0,9.804602345E0
1.341063698E1,-1.575384736E0,1.747767210E0,9.521739960E0,9.808162883E0
1.341263616E1,-1.592144132E0,1.745373011E0,9.514557838E0,9.803471872E0
1.341463538E1,-1.592144132E0,1.759738207E0,9.507374763E0,9.799070180E0
1.341663444E1,-1.589749932E0,1.764526606E0,9.514557838E0,9.806511605E0
1.341863374E1,-1.587355733E0,1.771709204E0,9.521739960E0,9.814386562E0
1.342063253E1,-1.575384736E0,1.781286120E0,9.512163162E0,9.804900068E0
1.342263190E1,-1.580173135E0,1.776497602E0,9.495404243E0,9.788543948E0
1.342463194E1,-1.577778935E0,1.776497602E0,9.497797966E0,9.790479881E0
1.342663229E1,-1.570596337E0,1.766920805E0,9.495404243E0,9.785268710E0
1.342863261E1,-1.565807939E0,1.764526606E0,9.500192642E0,9.788716406E0
1.343063268E1,-1.553836942E0,1.757344007E0,9.500192642E0,9.785516207E0
1.343263327E1,-1.551442742E0,1.747767210E0,9.504981041E0,9.788070770E0
1.343463401E1,-1.551442742E0,1.745373011E0,9.493009567E0,9.776018217E0
1.343663472E1,-1.539471745E0,1.742978811E0,9.485827446E0,9.766722620E0
1.343863581E1,-1.527500629E0,1.742978811E0,9.490615845E0,9.769494481E0
1.344063663E1,-1.532289028E0,1.742978811E0,9.476250648E0,9.756290850E0
1.344263784E1,-1.532289028E0,1.742978811E0,9.481039047E0,9.760941871E0
1.344463827E1,-1.537077546E0,1.754949808E0,9.469067574E0,9.752214975E0
1.344663948E1,-1.527500629E0,1.757344007E0,9.473855972E0,9.755791260E0
1.344864034E1,-1.529894829E0,1.766920805E0,9.481039047E0,9.764870134E0
1.345064136E1,-1.525106430E0,1.771709204E0,9.469067574E0,9.753365770E0
1.345264120E1,-1.534683347E0,1.774103403E0,9.476250648E0,9.762275463E0
1.345464128E1,-1.525106430E0,1.766920805E0,9.469067574E0,9.752497089E0
1.345664140E1,-1.517923832E0,1.771709204E0,9.473855972E0,9.756894652E0
1.345864163E1,-1.515529633E0,1.769315004E0,9.471462250E0,9.753763520E0
1.346064061E1,-1.513135433E0,1.754949808E0,9.471462250E0,9.750796112E0
1.346264026E1,-1.508347034E0,1.754949808E0,9.485827446E0,9.764009522E0
1.346463995E1,-1.505952835E0,1.759738207E0,9.500192642E0,9.778457585E0
1.346663948E1,-1.508347034E0,1.762132406E0,9.509769440E0,9.788561497E0
1.346863921E1,-1.517923832E0,1.762132406E0,9.521739960E0,9.801670023E0
1.347063722E1,-1.539471745E0,1.762132406E0,9.538499832E0,9.821306579E0
1.347263589E1,-1.541865945E0,1.757344007E0,9.533711433E0,9.816173503E0
1.347463452E1,-1.544260144E0,1.750161409E0,9.538499832E0,9.819917688E0
1.347663292E1,-1.551442742E0,1.754949808E0,9.543288231E0,9.826554517E0
1.347863233E1,-1.546654344E0,1.754949808E0,9.555258751E0,9.837426406E0
1.348063128E1,-1.546654344E0,1.740584612E0,9.555258751E0,9.834873881E0
1.348262991E1,-1.551442742E0,1.742978811E0,9.555258751E0,9.836052029E0
1.348462874E1,-1.553836942E0,1.750161409E0,9.550470352E0,9.833054365E0
1.348662764E1,-1.561019540E0,1.747767210E0,9.548076630E0,9.831441377E0
1.348862726E1,-1.568202138E0,1.754949808E0,9.564835548E0,9.850136336E0
1.349062604E1,-1.561019540E0,1.750161409E0,9.564835548E0,9.848143278E0
1.349262519E1,-1.563413739E0,1.750161409E0,9.562441826E0,9.846198310E0
1.349462374E1,-1.565807939E0,1.747767210E0,9.540893555E0,9.825227455E0
1.349662300E1,-1.541865945E0,1.757344007E0,9.521739960E0,9.804546925E0
1.349862272E1,-1.537077546E0,1.759738207E0,9.512163162E0,9.794923888E0
1.350062366E1,-1.529894829E0,1.762132406E0,9.500192642E0,9.782604410E0
1.350262339E1,-1.522712231E0,1.757344007E0,9.502586365E0,9.782947312E0
1.350462304E1,-1.515529633E0,1.747767210E0,9.488221169E0,9.766158980E0
1.350662233E1,-1.517923832E0,1.754949808E0,9.459490776E0,9.739913107E0
1.350862214E1,-1.517923832E0,1.759738207E0,9.435548782E0,9.717528088E0
1.351062237E1,-1.513135433E0,1.754949808E0,9.433155060E0,9.713590585E0
1.351262249E1,-1.517923832E0,1.757344007E0,9.425971985E0,9.707795763E0
1.351462265E1,-1.522712231E0,1.757344007E0,9.430760384E0,9.713194732E0
1.351662167E1,-1.525106430E0,1.766920805E0,9.433155060E0,9.717632075E0
1.351862112E1,-1.522712231E0,1.766920805E0,9.437943459E0,9.721905081E0
1.352062061E1,-1.532289028E0,1.757344007E0,9.430760384E0,9.714700666E0
1.352262034E1,-1.529894829E0,1.769315004E0,9.433155060E0,9.718820307E0
1.352461952E1,-1.537077546E0,1.771709204E0,9.423578262E0,9.711096135E0
1.352661819E1,-1.537077546E0,1.764526606E0,9.435548782E0,9.721406398E0
1.352861690E1,-1.539471745E0,1.771709204E0,9.445125580E0,9.732385318E0
1.353061538E1,-1.546654344E0,1.766920805E0,9.440337181E0,9.728006727E0
1.353261425E1,-1.539471745E0,1.769315004E0,9.442731857E0,9.729626600E0
1.353461323E1,-1.541865945E0,1.788468719E0,9.464279175E0,9.754411886E0
1.353661257E1,-1.561019540E0,1.795651317E0,9.461885452E0,9.756455400E0
1.353861245E1,-1.565807939E0,1.814804912E0,9.466673851E0,9.765407578E0
1.354061100E1,-1.570596337E0,1.812410712E0,9.461885452E0,9.761090193E0
1.354260944E1,-1.558625340E0,1.802833915E0,9.466673851E0,9.762040610E0
1.354460815E1,-1.561019540E0,1.802833915E0,9.473855972E0,9.769387858E0
1.354660788E1,-1.553836942E0,1.802833915E0,9.478644371E0,9.772886906E0
1.354860745E1,-1.544260144E0,1.790862918E0,9.476250648E0,9.766844718E0
1.355060585E1,-1.553836942E0,1.783680320E0,9.476250648E0,9.767049251E0
1.355260534E1,-1.558625340E0,1.759738207E0,9.483432770E0,9.770439530E0
1.355460503E1,-1.568202138E0,1.747767210E0,9.483432770E0,9.769823195E0
1.355660444E1,-1.568202138E0,1.745373011E0,9.490615845E0,9.776368140E0
1.355860436E1,-1.572990537E0,1.723825216E0,9.497797966E0,9.780288278E0
1.356060397E1,-1.572990537E0,1.719036818E0,9.490615845E0,9.772470308E0
1.356260276E1,-1.572990537E0,1.721431017E0,9.478644371E0,9.761266469E0
1.356460288E1,-1.577778935E0,1.716642618E0,9.490615845E0,9.772821361E0
1.356660233E1,-1.572990537E0,1.716642618E0,9.500192642E0,9.781350691E0
1.356860132E1,-1.582567334E0,1.709460020E0,9.521739960E0,9.802566235E0
1.357060034E1,-1.584961534E0,1.707065821E0,9.526528358E0,9.807187127E0
1.357259948E1,-1.596932530E0,1.697489023E0,9.524134636E0,9.805141664E0
1.357459886E1,-1.599326730E0,1.702277422E0,9.524134636E0,9.806361964E0
1.357659811E1,-1.601720929E0,1.704671621E0,9.528923035E0,9.811818867E0
1.357859772E1,-1.604115129E0,1.704671621E0,9.531316757E0,9.814534620E0
1.358059772E1,-1.611297727E0,1.707065821E0,9.538499832E0,9.823102011E0
1.358259710E1,-1.608903527E0,1.716642618E0,9.540893555E0,9.826702512E0
1.358459601E1,-1.606509328E0,1.719036818E0,9.538499832E0,9.824405267E0
1.358659554E1,-1.606509328E0,1.728613615E0,9.536105156E0,9.823760929E0
1.358859515E1,-1.606509328E0,1.735796213E0,9.548076630E0,9.836647195E0
1.359059546E1,-1.608903527E0,1.747767210E0,9.550470352E0,9.841480820E0
1.359259507E1,-1.604115129E0,1.750161409E0,9.560047150E0,9.850418865E0
1.359459421E1,-1.601720929E0,1.742978811E0,9.572018623E0,9.860376544E0
1.359659331E1,-1.606509328E0,1.735796213E0,9.583989143E0,9.871509946E0
1.359859280E1,-1.601720929E0,1.738190413E0,9.600749016E0,9.887426233E0
1.360059069E1,-1.604115129E0,1.742978811E0,9.607931137E0,9.895630410E0
1.360258843E1,-1.584961534E0,1.735796213E0,9.605537415E0,9.888955485E0
1.360458663E1,-1.570596337E0,1.740584612E0,9.588777542E0,9.871223956E0
1.360658526E1,-1.563413739E0,1.742978811E0,9.583989143E0,9.865854527E0
1.360858308E1,-1.556231141E0,1.738190413E0,9.569623947E0,9.849916942E0
1.361058171E1,-1.546654344E0,1.745373011E0,9.567230225E0,9.847352983E0
1.361258101E1,-1.551442742E0,1.747767210E0,9.550470352E0,9.832250442E0
1.361458026E1,-1.558625340E0,1.754949808E0,9.536105156E0,9.820716029E0
1.361657929E1,-1.561019540E0,1.769315004E0,9.519346237E0,9.807405894E0
1.361857894E1,-1.556231141E0,1.778891921E0,9.512163162E0,9.801406014E0
1.362057823E1,-1.544260144E0,1.783680320E0,9.490615845E0,9.779470537E0
1.362257737E1,-1.546654344E0,1.790862918E0,9.495404243E0,9.785807652E0
1.362457741E1,-1.534683347E0,1.805228114E0,9.476250648E0,9.767979723E0
1.362657694E1,-1.527500629E0,1.807622313E0,9.469067574E0,9.760327726E0
1.362857726E1,-1.515529633E0,1.802833915E0,9.449913979E0,9.738989393E0
1.363057745E1,-1.501164436E0,1.802833915E0,9.452308655E0,9.739088443E0
1.363257722E1,-1.486799240E0,1.812410712E0,9.440337181E0,9.727043264E0
1.363457726E1,-1.484405041E0,1.812410712E0,9.433155060E0,9.719707058E0
1.363657628E1,-1.479616642E0,1.800439715E0,9.435548782E0,9.719075542E0
1.363857526E1,-1.479616642E0,1.802833915E0,9.435548782E0,9.719519348E0
1.364057429E1,-1.479616642E0,1.805228114E0,9.430760384E0,9.715315505E0
1.364257327E1,-1.479616642E0,1.805228114E0,9.430760384E0,9.715315505E0
1.364457101E1,-1.484405041E0,1.802833915E0,9.440337181E0,9.724897662E0
1.364656897E1,-1.501164436E0,1.800439715E0,9.445125580E0,9.731673805E0
1.364856784E1,-1.505952835E0,1.802833915E0,9.445125580E0,9.732856789E0
1.365056655E1,-1.517923832E0,1.795651317E0,9.440337181E0,9.728742082E0
1.365256514E1,-1.522712231E0,1.788468719E0,9.442731857E0,9.730491140E0
1.365456468E1,-1.522712231E0,1.786074519E0,9.445125580E0,9.732374425E0
1.365656421E1,-1.510741234E0,1.786074519E0,9.459490776E0,9.744453140E0
1.365856386E1,-1.508347034E0,1.790862918E0,9.471462250E0,9.756582287E0
1.366056257E1,-1.496376038E0,1.778891921E0,9.459490776E0,9.740922105E0
1.366256058E1,-1.489193439E0,1.776497602E0,9.464279175E0,9.744035156E0
1.366455901E1,-1.484405041E0,1.771709204E0,9.464279175E0,9.742432557E0
1.366655827E1,-1.489193439E0,1.766920805E0,9.483432770E0,9.760901768E0
1.366855811E1,-1.489193439E0,1.762132406E0,9.495404243E0,9.771668714E0
1.367055792E1,-1.486799240E0,1.757344007E0,9.493009567E0,9.768114485E0
1.367255804E1,-1.491587639E0,1.759738207E0,9.507374763E0,9.783235004E0
1.367455769E1,-1.489193439E0,1.754949808E0,9.514557838E0,9.788991613E0
1.367655714E1,-1.498770237E0,1.754949808E0,9.516951561E0,9.792779384E0
1.367855589E1,-1.501164436E0,1.757344007E0,9.519346237E0,9.795902481E0
1.368055593E1,-1.501164436E0,1.764526606E0,9.528923035E0,9.806499019E0
1.368255604E1,-1.505952835E0,1.776497602E0,9.543288231E0,9.823349120E0
1.368455581E1,-1.510741234E0,1.783680320E0,9.536105156E0,9.818409041E0
1.368655511E1,-1.510741234E0,1.793257117E0,9.531316757E0,9.815503517E0
1.368855444E1,-1.520318031E0,1.793257117E0,9.531316757E0,9.816982079E0
1.369055401E1,-1.513135433E0,1.795651317E0,9.519346237E0,9.804687413E0
1.369255284E1,-1.510741234E0,1.807622313E0,9.502586365E0,9.790249492E0
1.369455284E1,-1.496376038E0,1.802833915E0,9.490615845E0,9.775537862E0
1.369655226E1,-1.493981838E0,1.812410712E0,9.471462250E0,9.758350858E0
1.369855077E1,-1.493981838E0,1.819593310E0,9.457097054E0,9.745747084E0
1.370054979E1,-1.489193439E0,1.819593310E0,9.464279175E0,9.751984271E0
1.370254870E1,-1.479616642E0,1.814804912E0,9.445125580E0,9.731042056E0
1.370454772E1,-1.493981838E0,1.798045516E0,9.442731857E0,9.727802133E0
1.370654694E1,-1.498770237E0,1.790862918E0,9.440337181E0,9.724889115E0
1.370854600E1,-1.503558636E0,1.781286120E0,9.440337181E0,9.723869338E0
1.371054499E1,-1.515529633E0,1.781286120E0,9.423578262E0,9.709461240E0
1.371254366E1,-1.525106430E0,1.771709204E0,9.414001465E0,9.699913747E0
1.371454210E1,-1.527500629E0,1.766920805E0,9.411606789E0,9.697092845E0
1.371654034E1,-1.527500629E0,1.757344007E0,9.411606789E0,9.695352416E0
1.371853913E1,-1.541865945E0,1.759738207E0,9.423578262E0,9.709678492E0
1.372053796E1,-1.544260144E0,1.757344007E0,9.425971985E0,9.711948580E0
1.372253686E1,-1.556231141E0,1.745373011E0,9.428366661E0,9.714024923E0
1.372453604E1,-1.551442742E0,1.738190413E0,9.440337181E0,9.723592268E0
1.372653460E1,-1.565807939E0,1.738190413E0,9.466673851E0,9.751460107E0
1.372853378E1,-1.561019540E0,1.733402014E0,9.469067574E0,9.752164132E0
1.373053319E1,-1.575384736E0,1.726219416E0,9.478644371E0,9.762498125E0
1.373253218E1,-1.577778935E0,1.721431017E0,9.478644371E0,9.762039245E0
1.373453089E1,-1.570596337E0,1.726219416E0,9.493009567E0,9.775675781E0
1.373653054E1,-1.572990537E0,1.726219416E0,9.512163162E0,9.794660827E0
1.373853007E1,-1.565807939E0,1.733402014E0,9.524134636E0,9.806404928E0
1.374053003E1,-1.561019540E0,1.738190413E0,9.531316757E0,9.813464579E0
1.374252944E1,-1.570596337E0,1.735796213E0,9.536105156E0,9.819219057E0
1.374452874E1,-1.565807939E0,1.719036818E0,9.550470352E0,9.829462143E0
1.374652718E1,-1.561019540E0,1.714248419E0,9.557653427E0,9.834844619E0
1.374852573E1,-1.561019540E0,1.714248419E0,9.562441826E0,9.839498123E0
1.375052460E1,-1.556231141E0,1.697489023E0,9.557653427E0,9.831178128E0
1.375252327E1,-1.549048543E0,1.685518026E0,9.560047150E0,9.830311486E0
1.375452327E1,-1.541865945E0,1.680729628E0,9.562441826E0,9.830691550E0
1.375652229E1,-1.534683347E0,1.675941229E0,9.557653427E0,9.824091358E0
1.375852112E1,-1.544260144E0,1.685518026E0,9.548076630E0,9.817916161E0
1.376051991E1,-1.553836942E0,1.697489023E0,9.540893555E0,9.814506001E0
1.376251995E1,-1.549048543E0,1.709460020E0,9.524134636E0,9.799538025E0
1.376451940E1,-1.549048543E0,1.719036818E0,9.509769440E0,9.787254659E0
1.376651792E1,-1.551442742E0,1.728613615E0,9.524134636E0,9.803275992E0
1.376851667E1,-1.563413739E0,1.740584612E0,9.507374763E0,9.791019978E0
1.377051608E1,-1.563413739E0,1.745373011E0,9.500192642E0,9.784899065E0
1.377251499E1,-1.577778935E0,1.742978811E0,9.497797966E0,9.784453368E0
1.377451366E1,-1.594538331E0,1.747767210E0,9.493009567E0,9.783377400E0
1.377651140E1,-1.596932530E0,1.752555609E0,9.490615845E0,9.782302070E0
1.377850991E1,-1.594538331E0,1.757344007E0,9.497797966E0,9.789738334E0
1.378050894E1,-1.572990537E0,1.759738207E0,9.488221169E0,9.777388134E0
1.378250749E1,-1.568202138E0,1.757344007E0,9.488221169E0,9.776188258E0
1.378450729E1,-1.563413739E0,1.757344007E0,9.476250648E0,9.763802888E0
1.378650706E1,-1.551442742E0,1.762132406E0,9.478644371E0,9.765079842E0
1.378850651E1,-1.553836942E0,1.764526606E0,9.485827446E0,9.772864765E0
1.379050624E1,-1.549048543E0,1.778891921E0,9.478644371E0,9.767738068E0
1.379250608E1,-1.546654344E0,1.766920805E0,9.478644371E0,9.765185503E0
1.379450565E1,-1.544260144E0,1.764526606E0,9.476250648E0,9.762049984E0
1.379650479E1,-1.541865945E0,1.764526606E0,9.471462250E0,9.757023208E0
1.379850433E1,-1.541865945E0,1.759738207E0,9.461885452E0,9.746861313E0
1.380050354E1,-1.546654344E0,1.757344007E0,9.454702377E0,9.740215329E0
1.380250319E1,-1.549048543E0,1.750161409E0,9.449913979E0,9.734654105E0
1.380450202E1,-1.544260144E0,1.750161409E0,9.445125580E0,9.729244656E0
1.380650011E1,-1.546654344E0,1.738190413E0,9.466673851E0,9.748402914E0
1.380849874E1,-1.546654344E0,1.728613615E0,9.452308655E0,9.732747998E0
1.381049745E1,-1.539471745E0,1.721431017E0,9.452308655E0,9.730335909E0
1.381249659E1,-1.537077546E0,1.723825216E0,9.457097054E0,9.735032894E0
1.381449472E1,-1.532289028E0,1.728613615E0,9.464279175E0,9.742104239E0
1.381649378E1,-1.532289028E0,1.721431017E0,9.471462250E0,9.747811629E0
1.381849280E1,-1.537077546E0,1.721431017E0,9.478644371E0,9.755543616E0
1.382049214E1,-1.537077546E0,1.731007814E0,9.471462250E0,9.750261155E0
1.382249147E1,-1.539471745E0,1.728613615E0,9.483432770E0,9.761842827E0
1.382449038E1,-1.532289028E0,1.735796213E0,9.504981041E0,9.782921994E0
1.382648960E1,-1.537077546E0,1.735796213E0,9.512163162E0,9.790650842E0
1.382848897E1,-1.529894829E0,1.742978811E0,9.519346237E0,9.797780673E0
1.383048772E1,-1.517923832E0,1.742978811E0,9.533711433E0,9.809878776E0
1.383248628E1,-1.515529633E0,1.745373011E0,9.557653427E0,9.833203753E0
1.383448444E1,-1.520318031E0,1.745373011E0,9.562441826E0,9.838596828E0
1.383648354E1,-1.515529633E0,1.742978811E0,9.567230225E0,9.842088161E0
1.383848284E1,-1.513135433E0,1.747767210E0,9.569623947E0,9.844895710E0
1.384048229E1,-1.522712231E0,1.757344007E0,9.564835548E0,9.843423671E0
1.384248151E1,-1.529894829E0,1.762132406E0,9.560047150E0,9.840741350E0
1.384448097E1,-1.529894829E0,1.754949808E0,9.548076630E0,9.827827549E0
1.384647956E1,-1.520318031E0,1.745373011E0,9.543288231E0,9.819981880E0
1.384847874E1,-1.522712231E0,1.750161409E0,9.550470352E0,9.828184036E0
1.385047882E1,-1.527500629E0,1.757344007E0,9.531316757E0,9.811601055E0
1.385247964E1,-1.537077546E0,1.757344007E0,9.531316757E0,9.813096579E0
1.385447964E1,-1.544260144E0,1.766920805E0,9.524134636E0,9.808969828E0
1.385648030E1,-1.539471745E0,1.769315004E0,9.519346237E0,9.803999267E0
1.385847936E1,-1.544260144E0,1.769315004E0,9.512163162E0,9.797778473E0
1.386047983E1,-1.539471745E0,1.774103403E0,9.512163162E0,9.797890802E0
1.386248007E1,-1.537077546E0,1.762132406E0,9.497797966E0,9.781405022E0
1.386447948E1,-1.549048543E0,1.762132406E0,9.483432770E0,9.769347937E0
1.386647932E1,-1.572990537E0,1.752555609E0,9.473855972E0,9.762156390E0
1.386847886E1,-1.568202138E0,1.745373011E0,9.469067574E0,9.755451071E0
1.387047925E1,-1.570596337E0,1.740584612E0,9.478644371E0,9.764277073E0
1.387247917E1,-1.570596337E0,1.735796213E0,9.488221169E0,9.772722358E0
1.387447808E1,-1.580173135E0,1.726219416E0,9.476250648E0,9.760948056E0
1.387647714E1,-1.594538331E0,1.711854219E0,9.481039047E0,9.765403155E0
1.387847636E1,-1.592144132E0,1.711854219E0,9.497797966E0,9.781284885E0
1.388047612E1,-1.589749932E0,1.716642618E0,9.481039047E0,9.765463027E0
1.388247491E1,-1.596932530E0,1.711854219E0,9.495404243E0,9.779741312E0
1.388447425E1,-1.611297727E0,1.731007814E0,9.497797966E0,9.787790078E0
1.388647460E1,-1.613691926E0,1.731007814E0,9.481039047E0,9.771923613E0
1.388847382E1,-1.616086125E0,1.733402014E0,9.481039047E0,9.772743643E0
1.389047268E1,-1.611297727E0,1.738190413E0,9.488221169E0,9.779771327E0
1.389247288E1,-1.611297727E0,1.742978811E0,9.478644371E0,9.771333308E0
1.389447280E1,-1.616086125E0,1.740584612E0,9.483432770E0,9.776342172E0
1.389647245E1,-1.611297727E0,1.738190413E0,9.490615845E0,9.782094632E0
1.389847144E1,-1.604115129E0,1.745373011E0,9.493009567E0,9.784515468E0
1.390047069E1,-1.599326730E0,1.745373011E0,9.485827446E0,9.776763026E0
1.390246976E1,-1.572990537E0,1.750161409E0,9.478644371E0,9.766374112E0
1.390446929E1,-1.563413739E0,1.745373011E0,9.483432770E0,9.768627671E0
1.390646808E1,-1.558625340E0,1.738190413E0,9.490615845E0,9.773556567E0
1.390846667E1,-1.544260144E0,1.747767210E0,9.500192642E0,9.782284490E0
1.391046686E1,-1.529894829E0,1.752555609E0,9.497797966E0,9.778557948E0
1.391246702E1,-1.520318031E0,1.750161409E0,9.504981041E0,9.783613671E0
1.391446745E1,-1.508347034E0,1.759738207E0,9.516951561E0,9.795108797E0
1.391646714E1,-1.496376038E0,1.762132406E0,9.516951561E0,9.793703022E0
1.391846616E1,-1.493981838E0,1.766920805E0,9.524134636E0,9.801180104E0
1.392046511E1,-1.501164436E0,1.762132406E0,9.526528358E0,9.803741523E0
1.392246511E1,-1.503558636E0,1.774103403E0,9.516951561E0,9.796963737E0
1.392446394E1,-1.508347034E0,1.783680320E0,9.502586365E0,9.785487922E0
1.392646382E1,-1.508347034E0,1.795651317E0,9.524134636E0,9.808599033E0
1.392846288E1,-1.508347034E0,1.795651317E0,9.514557838E0,9.799300245E0
1.393046268E1,-1.503558636E0,1.788468719E0,9.500192642E0,9.783300525E0
1.393246284E1,-1.489193439E0,1.778891921E0,9.488221169E0,9.767727193E0
1.393446304E1,-1.477222443E0,1.776497602E0,9.490615845E0,9.767800110E0
1.393646202E1,-1.479616642E0,1.766920805E0,9.490615845E0,9.766425326E0
1.393846065E1,-1.474828243E0,1.764526606E0,9.481039047E0,9.755960942E0
1.394045987E1,-1.467645645E0,1.757344007E0,9.495404243E0,9.767545416E0
1.394245913E1,-1.465251446E0,1.764526606E0,9.500192642E0,9.773135432E0
1.394445870E1,-1.465251446E0,1.757344007E0,9.493009567E0,9.764857931E0
1.394645776E1,-1.470039845E0,1.754949808E0,9.495404243E0,9.767474992E0
1.394845608E1,-1.489193439E0,1.747767210E0,9.483432770E0,9.757452763E0
1.395045542E1,-1.493981838E0,1.750161409E0,9.488221169E0,9.763267262E0
1.395245600E1,-1.501164436E0,1.754949808E0,9.495404243E0,9.772207798E0
1.395445655E1,-1.505952835E0,1.764526606E0,9.495404243E0,9.774668784E0
1.395645663E1,-1.508347034E0,1.764526606E0,9.507374763E0,9.786666430E0
1.395845569E1,-1.510741234E0,1.754949808E0,9.519346237E0,9.796945477E0
1.396045495E1,-1.508347034E0,1.752555609E0,9.514557838E0,9.791494922E0
1.396245472E1,-1.503558636E0,1.750161409E0,9.524134636E0,9.799637447E0
1.396445499E1,-1.496376038E0,1.750161409E0,9.519346237E0,9.793883754E0
1.396645538E1,-1.496376038E0,1.745373011E0,9.514557838E0,9.788374689E0
1.396845546E1,-1.505952835E0,1.750161409E0,9.519346237E0,9.795351534E0
1.397045507E1,-1.501164436E0,1.750161409E0,9.514557838E0,9.789962742E0
1.397245464E1,-1.510741234E0,1.747767210E0,9.526528358E0,9.802641066E0
1.397445358E1,-1.510741234E0,1.747767210E0,9.524134636E0,9.800314784E0
1.397645296E1,-1.505952835E0,1.757344007E0,9.524134636E0,9.801290347E0
1.397845229E1,-1.520318031E0,1.759738207E0,9.519346237E0,9.799285599E0
1.398045175E1,-1.522712231E0,1.759738207E0,9.514557838E0,9.795005970E0
1.398245046E1,-1.517923832E0,1.754949808E0,9.509769440E0,9.788751523E0
1.398444905E1,-1.517923832E0,1.747767210E0,9.516951561E0,9.794444854E0
1.398644823E1,-1.529894829E0,1.752555609E0,9.509769440E0,9.790186114E0
1.398844671E1,-1.539471745E0,1.759738207E0,9.507374763E0,9.790649963E0
1.399044534E1,-1.537077546E0,1.759738207E0,9.516951561E0,9.799574121E0
1.399244413E1,-1.539471745E0,1.764526606E0,9.502586365E0,9.786862368E0
1.399444358E1,-1.541865945E0,1.762132406E0,9.481039047E0,9.765887703E0
1.399644300E1,-1.539471745E0,1.757344007E0,9.493009567E0,9.776270345E0
1.399844257E1,-1.539471745E0,1.754949808E0,9.485827446E0,9.768866076E0
1.400044222E1,-1.546654344E0,1.750161409E0,9.485827446E0,9.769141567E0
1.400244128E1,-1.532289028E0,1.740584612E0,9.497797966E0,9.776794498E0
1.400443936E1,-1.527500629E0,1.733402014E0,9.502586365E0,9.779421677E0
1.400643761E1,-1.515529633E0,1.740584612E0,9.502586365E0,9.778834924E0
1.400843589E1,-1.515529633E0,1.738190413E0,9.502586365E0,9.778409052E0
1.401043507E1,-1.515529633E0,1.731007814E0,9.500192642E0,9.774808354E0
1.401243425E1,-1.510741234E0,1.728613615E0,9.504981041E0,9.778297842E0
1.401443315E1,-1.508347034E0,1.733402014E0,9.516951561E0,9.790411653E0
1.401643245E1,-1.510741234E0,1.742978811E0,9.521739960E0,9.797134585E0
1.401843144E1,-1.498770237E0,1.742978811E0,9.502586365E0,9.776678116E0
1.402043061E1,-1.491587639E0,1.742978811E0,9.507374763E0,9.780234338E0
1.402242917E1,-1.479616642E0,1.740584612E0,9.495404243E0,9.766350493E0
1.402442757E1,-1.474828243E0,1.733402014E0,9.509769440E0,9.778318653E0
1.402642655E1,-1.465251446E0,1.721431017E0,9.500192642E0,9.765446574E0
1.402842558E1,-1.462857246E0,1.723825216E0,9.493009567E0,9.758522191E0
1.403042468E1,-1.467645645E0,1.726219416E0,9.495404243E0,9.761993595E0
1.403242401E1,-1.472434044E0,1.728613615E0,9.502586365E0,9.770123575E0
1.403442265E1,-1.484405041E0,1.726219416E0,9.509769440E0,9.778497154E0
1.403642186E1,-1.491587639E0,1.728613615E0,9.500192642E0,9.770701047E0
1.403842097E1,-1.508347034E0,1.738190413E0,9.512163162E0,9.786606394E0
1.404042132E1,-1.522712231E0,1.745373011E0,9.502586365E0,9.780804011E0
1.404242034E1,-1.515529633E0,1.754949808E0,9.488221169E0,9.767446946E0
1.404441979E1,-1.520318031E0,1.757344007E0,9.485827446E0,9.766296494E0
1.404641944E1,-1.537077546E0,1.754949808E0,9.481039047E0,9.763839287E0
1.404841847E1,-1.549048543E0,1.754949808E0,9.485827446E0,9.770379857E0
1.405041819E1,-1.544260144E0,1.757344007E0,9.471462250E0,9.756105499E0
1.405241808E1,-1.534683347E0,1.754949808E0,9.466673851E0,9.749513609E0
1.405441659E1,-1.534683347E0,1.757344007E0,9.473855972E0,9.756918464E0
1.405641503E1,-1.532289028E0,1.764526606E0,9.476250648E0,9.760163429E0
1.405841378E1,-1.525106430E0,1.762132406E0,9.478644371E0,9.760930250E0
1.406041237E1,-1.520318031E0,1.762132406E0,9.471462250E0,9.753208430E0
1.406241108E1,-1.522712231E0,1.754949808E0,9.473855972E0,9.754611645E0
1.406440929E1,-1.520318031E0,1.759738207E0,9.490615845E0,9.771378336E0
1.406640737E1,-1.517923832E0,1.750161409E0,9.493009567E0,9.771611349E0
1.406840636E1,-1.515529633E0,1.747767210E0,9.485827446E0,9.763833398E0
1.407040503E1,-1.510741234E0,1.742978811E0,9.500192642E0,9.776194272E0
1.407240507E1,-1.496376038E0,1.726219416E0,9.512163162E0,9.782649066E0
1.407440530E1,-1.493981838E0,1.721431017E0,9.526528358E0,9.795409590E0
1.407640487E1,-1.486799240E0,1.723825216E0,9.524134636E0,9.792409607E0
1.407840460E1,-1.486799240E0,1.723825216E0,9.528923035E0,9.797066885E0
1.408040507E1,-1.489193439E0,1.719036818E0,9.538499832E0,9.805904534E0
1.408240538E1,-1.501164436E0,1.719036818E0,9.540893555E0,9.810057699E0
1.408440476E1,-1.510741234E0,1.723825216E0,9.540893555E0,9.812367822E0
1.408640507E1,-1.513135433E0,1.731007814E0,9.543288231E0,9.816329108E0
1.408840526E1,-1.517923832E0,1.750161409E0,9.543288231E0,9.820463735E0
1.409040526E1,-1.513135433E0,1.759738207E0,9.531316757E0,9.809804102E0
1.409240554E1,-1.510741234E0,1.754949808E0,9.526528358E0,9.803924238E0
1.409440519E1,-1.508347034E0,1.747767210E0,9.524134636E0,9.799945998E0
1.409640499E1,-1.513135433E0,1.757344007E0,9.519346237E0,9.797744107E0
1.409840382E1,-1.513135433E0,1.752555609E0,9.519346237E0,9.796886382E0
1.410040429E1,-1.517923832E0,1.747767210E0,9.519346237E0,9.796771701E0
1.410240425E1,-1.508347034E0,1.738190413E0,9.514557838E0,9.788933933E0
1.410440440E1,-1.508347034E0,1.738190413E0,9.514557838E0,9.788933933E0
1.410640425E1,-1.503558636E0,1.707065821E0,9.514557838E0,9.782718086E0
1.410840460E1,-1.503558636E0,1.711854219E0,9.531316757E0,9.799853701E0
1.411040472E1,-1.491587639E0,1.742978811E0,9.548076630E0,9.819805301E0
1.411240421E1,-1.474828243E0,1.759738207E0,9.512163162E0,9.785348483E0
1.411440417E1,-1.479616642E0,1.771709204E0,9.471462250E0,9.748682786E0
1.411640401E1,-1.520318031E0,1.776497602E0,9.442731857E0,9.727923498E0
1.411840413E1,-1.558625340E0,1.793257117E0,9.418789864E0,9.713839948E0
1.412040417E1,-1.570596337E0,1.788468719E0,9.399636269E0,9.696316579E0
1.412240452E1,-1.565807939E0,1.774103403E0,9.397241592E0,9.690580320E0
1.412440432E1,-1.561019540E0,1.783680320E0,9.392453194E0,9.686922859E0
1.412640397E1,-1.558625340E0,1.783680320E0,9.394847870E0,9.688859321E0
1.412840382E1,-1.561019540E0,1.783680320E0,9.404424667E0,9.698530858E0
1.413040386E1,-1.558625340E0,1.783680320E0,9.404424667E0,9.698145790E0
1.413240315E1,-1.553836942E0,1.776497602E0,9.411606789E0,9.703025060E0
1.413440226E1,-1.541865945E0,1.771709204E0,9.428366661E0,9.716501530E0
1.413640253E1,-1.537077546E0,1.774103403E0,9.430760384E0,9.718502543E0
1.413840272E1,-1.539471745E0,1.774103403E0,9.433155060E0,9.721205199E0
1.414040276E1,-1.539471745E0,1.783680320E0,9.447520256E0,9.736895179E0
1.414240327E1,-1.532289028E0,1.774103403E0,9.464279175E0,9.750278604E0
1.414440413E1,-1.527500629E0,1.769315004E0,9.478644371E0,9.762603796E0
1.414640417E1,-1.527500629E0,1.769315004E0,9.493009567E0,9.776551764E0
1.414840413E1,-1.541865945E0,1.769315004E0,9.504981041E0,9.790428528E0
1.415040432E1,-1.539471745E0,1.754949808E0,9.516951561E0,9.799091238E0
1.415240511E1,-1.532289028E0,1.742978811E0,9.524134636E0,9.802807015E0
1.415440550E1,-1.529894829E0,1.740584612E0,9.536105156E0,9.813639209E0
1.415640640E1,-1.525106430E0,1.735796213E0,9.557653427E0,9.832989228E0
1.415840710E1,-1.515529633E0,1.723825216E0,9.540893555E0,9.813106199E0
1.416040726E1,-1.527500629E0,1.721431017E0,9.543288231E0,9.816869826E0
1.416240714E1,-1.515529633E0,1.721431017E0,9.557653427E0,9.828982340E0
1.416440788E1,-1.513135433E0,1.716642618E0,9.545681953E0,9.816133896E0
1.416640929E1,-1.515529633E0,1.723825216E0,9.548076630E0,9.820090161E0
1.416840917E1,-1.520318031E0,1.719036818E0,9.543288231E0,9.815335183E0
1.417040968E1,-1.520318031E0,1.719036818E0,9.533711433E0,9.806024077E0
1.417240964E1,-1.520318031E0,1.719036818E0,9.526528358E0,9.799040619E0
1.417440952E1,-1.525106430E0,1.716642618E0,9.526528358E0,9.799364983E0
1.417640897E1,-1.525106430E0,1.723825216E0,9.526528358E0,9.800625774E0
1.417840890E1,-1.532289028E0,1.728613615E0,9.502586365E0,9.779323203E0
1.418040948E1,-1.527500629E0,1.728613615E0,9.500192642E0,9.776247922E0
1.418240905E1,-1.522712231E0,1.731007814E0,9.493009567E0,9.768944223E0
1.418440858E1,-1.529894829E0,1.740584612E0,9.493009567E0,9.771767682E0
1.418640843E1,-1.529894829E0,1.740584612E0,9.495404243E0,9.774094062E0
1.418840870E1,-1.522712231E0,1.745373011E0,9.490615845E0,9.769174407E0
1.419040792E1,-1.525106430E0,1.735796213E0,9.495404243E0,9.772494045E0
1.419240729E1,-1.513135433E0,1.733402014E0,9.483432770E0,9.758573588E0
1.419440718E1,-1.501164436E0,1.719036818E0,9.488221169E0,9.758838209E0
1.419640608E1,-1.503558636E0,1.726219416E0,9.483432770E0,9.755819758E0
1.419840565E1,-1.498770237E0,1.719036818E0,9.504981041E0,9.774766718E0
1.420040468E1,-1.505952835E0,1.726219416E0,9.497797966E0,9.770153203E0
1.420240417E1,-1.513135433E0,1.723825216E0,9.500192642E0,9.773167985E0
1.420440374E1,-1.505952835E0,1.716642618E0,9.504981041E0,9.775449883E0
1.420640300E1,-1.501164436E0,1.709460020E0,9.509769440E0,9.778111424E0
1.420840284E1,-1.510741234E0,1.692700624E0,9.507374763E0,9.774341378E0
1.421040304E1,-1.520318031E0,1.685518026E0,9.512163162E0,9.779242607E0
1.421240448E1,-1.522712231E0,1.704671621E0,9.497797966E0,9.768967401E0
1.421440597E1,-1.522712231E0,1.716642618E0,9.516951561E0,9.789682397E0
1.421640612E1,-1.529894829E0,1.723825216E0,9.507374763E0,9.782756588E0
1.421840651E1,-1.529894829E0,1.733402014E0,9.500192642E0,9.777470070E0
1.422040780E1,-1.534683347E0,1.738190413E0,9.493009567E0,9.772092382E0
1.422240815E1,-1.537077546E0,1.747767210E0,9.495404243E0,9.776502409E0
1.422440890E1,-1.546654344E0,1.757344007E0,9.500192642E0,9.784378256E0
1.422640874E1,-1.534683347E0,1.769315004E0,9.504981041E0,9.789299931E0
1.422840972E1,-1.532289028E0,1.764526606E0,9.507374763E0,9.790385013E0
1.423040960E1,-1.527500629E0,1.759738207E0,9.500192642E0,9.781799271E0
1.423241018E1,-1.515529633E0,1.762132406E0,9.516951561E0,9.796647779E0
1.423441007E1,-1.513135433E0,1.766920805E0,9.521739960E0,9.801791664E0
1.423640952E1,-1.508347034E0,1.764526606E0,9.514557838E0,9.793644663E0
1.423840890E1,-1.491587639E0,1.745373011E0,9.509769440E0,9.782989084E0
1.424040897E1,-1.486799240E0,1.740584612E0,9.531316757E0,9.802357160E0
1.424240780E1,-1.482010841E0,1.740584612E0,9.545681953E0,9.815601606E0
1.424440764E1,-1.489193439E0,1.742978811E0,9.552865028E0,9.824098050E0
1.424640784E1,-1.493981838E0,1.740584612E0,9.557653427E0,9.829056697E0
1.424840827E1,-1.505952835E0,1.735796213E0,9.550470352E0,9.823052804E0
1.425040784E1,-1.508347034E0,1.740584612E0,9.543288231E0,9.817285563E0
1.425240722E1,-1.515529633E0,1.750161409E0,9.538499832E0,9.815440595E0
1.425440780E1,-1.525106430E0,1.754949808E0,9.533711433E0,9.813126523E0
1.425640851E1,-1.534683347E0,1.747767210E0,9.526528358E0,9.806359455E0
1.425840890E1,-1.529894829E0,1.745373011E0,9.521739960E0,9.800532485E0
1.426040874E1,-1.515529633E0,1.752555609E0,9.509769440E0,9.787951575E0
1.426240890E1,-1.508347034E0,1.747767210E0,9.488221169E0,9.765046950E0
1.426440850E1,-1.513135433E0,1.747767210E0,9.478644371E0,9.756483392E0
1.426640765E1,-1.525106430E0,1.754949808E0,9.478644371E0,9.759636139E0
1.426840761E1,-1.534683347E0,1.752555609E0,9.466673851E0,9.749082928E0
1.427040694E1,-1.544260144E0,1.754949808E0,9.466673851E0,9.751025691E0
1.427240624E1,-1.537077546E0,1.766920805E0,9.452308655E0,9.738108411E0
1.427440601E1,-1.541865945E0,1.766920805E0,9.452308655E0,9.738865367E0
1.427640558E1,-1.529894829E0,1.754949808E0,9.452308655E0,9.734812064E0
1.427840628E1,-1.546654344E0,1.747767210E0,9.459490776E0,9.743140953E0
1.428040628E1,-1.546654344E0,1.742978811E0,9.471462250E0,9.753907522E0
1.428240577E1,-1.551442742E0,1.735796213E0,9.476250648E0,9.758037171E0
1.428440479E1,-1.539471745E0,1.742978811E0,9.493009567E0,9.773698329E0
1.428640366E1,-1.527500629E0,1.731007814E0,9.502586365E0,9.778997589E0
1.428840276E1,-1.532289028E0,1.735796213E0,9.512163162E0,9.789900213E0
1.429040311E1,-1.527500629E0,1.723825216E0,9.524134636E0,9.798671957E0
1.429240249E1,-1.527500629E0,1.723825216E0,9.540893555E0,9.814962118E0
1.429440194E1,-1.517923832E0,1.714248419E0,9.540893555E0,9.811798521E0
1.429640171E1,-1.515529633E0,1.716642618E0,9.540893555E0,9.811847011E0
1.429840104E1,-1.510741234E0,1.702277422E0,9.543288231E0,9.810934601E0
1.430040073E1,-1.508347034E0,1.695094824E0,9.557653427E0,9.823298645E0
1.430240026E1,-1.508347034E0,1.697489023E0,9.564835548E0,9.830699814E0
1.430439968E1,-1.505952835E0,1.699883223E0,9.548076630E0,9.814441616E0
1.430640030E1,-1.508347034E0,1.697489023E0,9.555258751E0,9.821382263E0
1.430839999E1,-1.503558636E0,1.711854219E0,9.550470352E0,9.818483457E0
1.431039952E1,-1.493981838E0,1.714248419E0,9.533711433E0,9.801136825E0
1.431239831E1,-1.486799240E0,1.709460020E0,9.524134636E0,9.789891016E0
1.431439792E1,-1.486799240E0,1.711854219E0,9.514557838E0,9.780993186E0
1.431639737E1,-1.489193439E0,1.716642618E0,9.519346237E0,9.786854028E0
1.431839640E1,-1.493981838E0,1.719036818E0,9.519346237E0,9.788003989E0
1.432039554E1,-1.484405041E0,1.726219416E0,9.502586365E0,9.771511624E0
1.432239538E1,-1.479616642E0,1.726219416E0,9.500192642E0,9.768457356E0
1.432439589E1,-1.477222443E0,1.721431017E0,9.500192642E0,9.767249927E0
1.432639432E1,-1.470039845E0,1.721431017E0,9.497797966E0,9.763836751E0
1.432839366E1,-1.462857246E0,1.716642618E0,9.502586365E0,9.766573648E0
1.433039245E1,-1.465251446E0,1.711854219E0,9.507374763E0,9.770751330E0
1.433239163E1,-1.460463047E0,1.704671621E0,9.504981041E0,9.766448804E0
1.433439085E1,-1.465251446E0,1.699883223E0,9.500192642E0,9.761671220E0
1.433638968E1,-1.462857246E0,1.704671621E0,9.471462250E0,9.734189941E0
1.433838819E1,-1.458068848E0,1.690306425E0,9.449913979E0,9.709993552E0
1.434038694E1,-1.467645645E0,1.680729628E0,9.495404243E0,9.754052366E0
1.434238558E1,-1.508347034E0,1.687912226E0,9.560047150E0,9.824391073E0
1.434438417E1,-1.529894829E0,1.690306425E0,9.574412346E0,9.842107791E0
1.434638319E1,-1.584961534E0,1.709460020E0,9.569623947E0,9.849469991E0
1.434838210E1,-1.606509328E0,1.747767210E0,9.538499832E0,9.829473103E0
1.435038175E1,-1.594538331E0,1.771709204E0,9.531316757E0,9.824841226E0
1.435238124E1,-1.570596337E0,1.766920805E0,9.533711433E0,9.822445504E0
1.435438018E1,-1.517923832E0,1.766920805E0,9.516951561E0,9.797880837E0
1.435637894E1,-1.489193439E0,1.738190413E0,9.500192642E0,9.772034755E0
1.435837780E1,-1.472434044E0,1.714248419E0,9.502586365E0,9.767592194E0
1.436037698E1,-1.446097851E0,1.687912226E0,9.497797966E0,9.754404794E0
1.436237647E1,-1.431732655E0,1.692700624E0,9.488221169E0,9.743789547E0
1.436437491E1,-1.431732655E0,1.695094824E0,9.478644371E0,9.734880789E0
1.436637347E1,-1.441309452E0,1.695094824E0,9.481039047E0,9.738625201E0
1.436837128E1,-1.465251446E0,1.709460020E0,9.493009567E0,9.756354135E0
1.437037014E1,-1.493981838E0,1.711854219E0,9.500192642E0,9.768115829E0
1.437236909E1,-1.510741234E0,1.735796213E0,9.495404243E0,9.770262500E0
1.437436808E1,-1.517923832E0,1.750161409E0,9.500192642E0,9.778589773E0
1.437636749E1,-1.520318031E0,1.771709204E0,9.495404243E0,9.778191150E0
1.437836663E1,-1.517923832E0,1.757344007E0,9.493009567E0,9.772900356E0
1.438036561E1,-1.515529633E0,1.759738207E0,9.481039047E0,9.761332391E0
1.438236460E1,-1.503558636E0,1.752555609E0,9.471462250E0,9.748883879E0
1.438436374E1,-1.501164436E0,1.742978811E0,9.466673851E0,9.742144713E0
1.438636269E1,-1.503558636E0,1.742978811E0,9.464279175E0,9.740187062E0
1.438836167E1,-1.486799240E0,1.738190413E0,9.459490776E0,9.732103762E0
1.439036093E1,-1.482010841E0,1.733402014E0,9.464279175E0,9.735174317E0
1.439236050E1,-1.484405041E0,1.742978811E0,9.469067574E0,9.741903006E0
1.439435972E1,-1.491587639E0,1.757344007E0,9.476250648E0,9.752559561E0
1.439635979E1,-1.501164436E0,1.754949808E0,9.476250648E0,9.753597790E0
1.439836011E1,-1.508347034E0,1.764526606E0,9.459490776E0,9.740155577E0
1.440036065E1,-1.517923832E0,1.781286120E0,9.464279175E0,9.749341173E0
1.440236081E1,-1.520318031E0,1.786074519E0,9.469067574E0,9.755238071E0
1.440436077E1,-1.529894829E0,1.793257117E0,9.471462250E0,9.760376346E0
1.440636011E1,-1.525106430E0,1.790862918E0,9.476250648E0,9.763834593E0
1.440836030E1,-1.515529633E0,1.798045516E0,9.466673851E0,9.754368844E0
1.441036042E1,-1.493981838E0,1.793257117E0,9.469067574E0,9.752486531E0
1.441236069E1,-1.472434044E0,1.795651317E0,9.478644371E0,9.758951008E0
1.441436132E1,-1.465251446E0,1.793257117E0,9.471462250E0,9.750452812E0
1.441636108E1,-1.460463047E0,1.788468719E0,9.483432770E0,9.760485119E0
1.441836104E1,-1.453280449E0,1.776497602E0,9.504981041E0,9.778171219E0
1.442036112E1,-1.448492050E0,1.769315004E0,9.509769440E0,9.780813852E0
1.442236104E1,-1.448492050E0,1.766920805E0,9.516951561E0,9.787364577E0
1.442436081E1,-1.453280449E0,1.762132406E0,9.531316757E0,9.801180225E0
1.442636061E1,-1.458068848E0,1.745373011E0,9.524134636E0,9.791906468E0
1.442836007E1,-1.462857246E0,1.750161409E0,9.516951561E0,9.786489835E0
1.443036065E1,-1.467645645E0,1.735796213E0,9.516951561E0,9.784648141E0
1.443236034E1,-1.472434044E0,1.726219416E0,9.526528358E0,9.792989230E0
1.443435968E1,-1.482010841E0,1.707065821E0,9.521739960E0,9.786417205E0
1.443635858E1,-1.482010841E0,1.699883223E0,9.533711433E0,9.796816462E0
1.443835886E1,-1.482010841E0,1.697489023E0,9.528923035E0,9.791741383E0
1.444035972E1,-1.479616642E0,1.687912226E0,9.519346237E0,9.780402132E0
1.444236132E1,-1.489193439E0,1.692700624E0,9.524134636E0,9.787342493E0
1.444436304E1,-1.503558636E0,1.692700624E0,9.521739960E0,9.787208787E0
1.444636327E1,-1.508347034E0,1.690306425E0,9.519346237E0,9.785203083E0
1.444836378E1,-1.513135433E0,1.702277422E0,9.519346237E0,9.788017166E0
1.445036417E1,-1.525106430E0,1.695094824E0,9.528923035E0,9.797942145E0
1.445236507E1,-1.522712231E0,1.699883223E0,9.526528358E0,9.796070542E0
1.445436526E1,-1.529894829E0,1.699883223E0,9.528923035E0,9.799518119E0
1.445636519E1,-1.539471745E0,1.704671621E0,9.526528358E0,9.799521476E0
1.445836495E1,-1.544260144E0,1.714248419E0,9.519346237E0,9.794965024E0
1.446036518E1,-1.546654344E0,1.711854219E0,9.543288231E0,9.818194069E0
1.446236569E1,-1.553836942E0,1.711854219E0,9.545681953E0,9.821654548E0
1.446436585E1,-1.565807939E0,1.707065821E0,9.555258751E0,9.832029191E0
1.446636604E1,-1.568202138E0,1.719036818E0,9.576807022E0,9.855433946E0
1.446836612E1,-1.563413739E0,1.714248419E0,9.576807022E0,9.853838993E0
1.447036679E1,-1.556231141E0,1.697489023E0,9.583989143E0,9.856783058E0
1.447236757E1,-1.556231141E0,1.687912226E0,9.588777542E0,9.859795018E0
1.447436796E1,-1.565807939E0,1.685518026E0,9.581595421E0,9.853917816E0
1.447636890E1,-1.558625340E0,1.687912226E0,9.588777542E0,9.860173192E0
1.447837022E1,-1.556231141E0,1.678335428E0,9.583989143E0,9.853502579E0
1.448037120E1,-1.551442742E0,1.683123827E0,9.581595421E0,9.851236024E0
1.448237253E1,-1.541865945E0,1.687912226E0,9.576807022E0,9.845894119E0
1.448437425E1,-1.541865945E0,1.692700624E0,9.576807022E0,9.846716140E0
1.448637522E1,-1.541865945E0,1.695094824E0,9.567230225E0,9.837814352E0
1.448837550E1,-1.549048543E0,1.702277422E0,9.524134636E0,9.798287625E0
1.449037487E1,-1.544260144E0,1.711854219E0,9.504981041E0,9.780585302E0
1.449237413E1,-1.544260144E0,1.728613615E0,9.512163162E0,9.790510326E0
1.449437350E1,-1.537077546E0,1.733402014E0,9.516951561E0,9.794879118E0
1.449637354E1,-1.529894829E0,1.745373011E0,9.512163162E0,9.791228378E0
1.449837265E1,-1.522712231E0,1.752555609E0,9.497797966E0,9.777436776E0
1.450037237E1,-1.520318031E0,1.759738207E0,9.504981041E0,9.785331372E0
1.450237272E1,-1.513135433E0,1.762132406E0,9.502586365E0,9.782322683E0
1.450437269E1,-1.505952835E0,1.778891921E0,9.512163162E0,9.793548817E0
1.450637202E1,-1.493981838E0,1.788468719E0,9.514557838E0,9.795785469E0
1.450837159E1,-1.493981838E0,1.793257117E0,9.500192642E0,9.782709904E0
1.451037206E1,-1.491587639E0,1.798045516E0,9.507374763E0,9.790197968E0
1.451237198E1,-1.484405041E0,1.802833915E0,9.490615845E0,9.773712578E0
1.451437116E1,-1.474828243E0,1.807622313E0,9.493009567E0,9.775471724E0
1.451636976E1,-1.470039845E0,1.805228114E0,9.495404243E0,9.776633748E0
1.451836894E1,-1.458068848E0,1.800439715E0,9.485827446E0,9.764654129E0
1.452036925E1,-1.455674648E0,1.798045516E0,9.476250648E0,9.754551897E0
1.452236851E1,-1.448492050E0,1.795651317E0,9.473855972E0,9.750714838E0
1.452436796E1,-1.450886250E0,1.783680320E0,9.454702377E0,9.730261221E0
1.452636698E1,-1.450886250E0,1.786074519E0,9.442731857E0,9.719069813E0
1.452836597E1,-1.448492050E0,1.776497602E0,9.430760384E0,9.705324022E0
1.453036479E1,-1.448492050E0,1.769315004E0,9.425971985E0,9.699358363E0
1.453236382E1,-1.446097851E0,1.769315004E0,9.418789864E0,9.692021310E0
1.453436323E1,-1.448492050E0,1.764526606E0,9.418789864E0,9.691505861E0
1.453636249E1,-1.462857246E0,1.757344007E0,9.406818390E0,9.680725257E0
1.453836249E1,-1.472434044E0,1.747767210E0,9.399636269E0,9.673464437E0
1.454036249E1,-1.479616642E0,1.750161409E0,9.409213066E0,9.684297646E0
1.454236179E1,-1.479616642E0,1.742978811E0,9.416395187E0,9.689981366E0
1.454436108E1,-1.484405041E0,1.731007814E0,9.411606789E0,9.683913915E0
1.454636073E1,-1.489193439E0,1.735796213E0,9.428366661E0,9.701792798E0
1.454835905E1,-1.491587639E0,1.735796213E0,9.435548782E0,9.709140178E0
1.455035831E1,-1.493981838E0,1.735796213E0,9.449913979E0,9.723468745E0
1.455235808E1,-1.510741234E0,1.733402014E0,9.469067574E0,9.744242522E0
1.455435780E1,-1.525106430E0,1.735796213E0,9.485827446E0,9.763189051E0
1.455635764E1,-1.534683347E0,1.726219416E0,9.502586365E0,9.779275743E0
1.455835808E1,-1.534683347E0,1.726219416E0,9.533711433E0,9.809522931E0
1.456035835E1,-1.539471745E0,1.723825216E0,9.536105156E0,9.812178564E0
1.456235847E1,-1.537077546E0,1.721431017E0,9.536105156E0,9.811382862E0
1.456435851E1,-1.544260144E0,1.726219416E0,9.562441826E0,9.838946414E0
1.456635831E1,-1.549048543E0,1.728613615E0,9.567230225E0,9.844772755E0
1.456835808E1,-1.541865945E0,1.735796213E0,9.572018623E0,9.849562407E0
1.457035769E1,-1.537077546E0,1.733402014E0,9.579200745E0,9.855372993E0
1.457235788E1,-1.532289028E0,1.731007814E0,9.576807022E0,9.851879539E0
1.457435772E1,-1.527500629E0,1.726219416E0,9.562441826E0,9.836329870E0
1.457635788E1,-1.525106430E0,1.719036818E0,9.555258751E0,9.827716266E0
1.457835850E1,-1.517923832E0,1.721431017E0,9.552865028E0,9.824695810E0
1.458035901E1,-1.501164436E0,1.726219416E0,9.538499832E0,9.808991140E0
1.458235940E1,-1.501164436E0,1.731007814E0,9.538499832E0,9.809834951E0
1.458435956E1,-1.503558636E0,1.723825216E0,9.521739960E0,9.792639777E0
1.458635890E1,-1.503558636E0,1.719036818E0,9.507374763E0,9.777829567E0
1.458835913E1,-1.498770237E0,1.723825216E0,9.490615845E0,9.761643033E0
1.459035983E1,-1.493981838E0,1.728613615E0,9.483432770E0,9.754772363E0
1.459235932E1,-1.489193439E0,1.731007814E0,9.457097054E0,9.728862720E0
1.459435964E1,-1.484405041E0,1.728613615E0,9.447520256E0,9.718395050E0
1.459635995E1,-1.477222443E0,1.745373011E0,9.435548782E0,9.708660768E0
1.459836015E1,-1.482010841E0,1.752555609E0,9.428366661E0,9.703705745E0
1.460035983E1,-1.484405041E0,1.738190413E0,9.433155060E0,9.706141284E0
1.460236022E1,-1.486799240E0,1.740584612E0,9.416395187E0,9.690650396E0
1.460436034E1,-1.479616642E0,1.735796213E0,9.428366661E0,9.700327407E0
1.460636054E1,-1.474828243E0,1.740584612E0,9.414001465E0,9.686494553E0
1.460836007E1,-1.470039845E0,1.745373011E0,9.411606789E0,9.684301030E0
1.461035936E1,-1.470039845E0,1.752555609E0,9.411606789E0,9.685598105E0
1.461235929E1,-1.486799240E0,1.750161409E0,9.418789864E0,9.694701617E0
1.461435862E1,-1.498770237E0,1.747767210E0,9.440337181E0,9.717045257E0
1.461635745E1,-1.501164436E0,1.747767210E0,9.447520256E0,9.724393239E0
1.461835722E1,-1.501164436E0,1.747767210E0,9.464279175E0,9.740675807E0
1.462035589E1,-1.508347034E0,1.750161409E0,9.449913979E0,9.728260376E0
1.462235554E1,-1.496376038E0,1.750161409E0,9.459490776E0,9.735716304E0
1.462435460E1,-1.505952835E0,1.733402014E0,9.473855972E0,9.748154875E0
1.462635347E1,-1.505952835E0,1.731007814E0,9.478644371E0,9.752383355E0
1.462835202E1,-1.513135433E0,1.731007814E0,9.488221169E0,9.762802253E0
1.463035081E1,-1.508347034E0,1.726219416E0,9.493009567E0,9.765867851E0
1.463234976E1,-1.496376038E0,1.716642618E0,9.497797966E0,9.766993874E0
1.463434854E1,-1.491587639E0,1.702277422E0,9.504981041E0,9.770734194E0
1.463634718E1,-1.489193439E0,1.709460020E0,9.502586365E0,9.769293643E0
1.463834561E1,-1.477222443E0,1.702277422E0,9.507374763E0,9.770880690E0
1.464034503E1,-1.479616642E0,1.702277422E0,9.533711433E0,9.796870292E0
1.464234370E1,-1.482010841E0,1.702277422E0,9.533711433E0,9.797232173E0
1.464434104E1,-1.479616642E0,1.714248419E0,9.538499832E0,9.803616276E0
1.464633944E1,-1.493981838E0,1.723825216E0,9.550470352E0,9.819116002E0
1.464833808E1,-1.493981838E0,1.723825216E0,9.567230225E0,9.835418104E0
1.465033714E1,-1.491587639E0,1.719036818E0,9.567230225E0,9.834216564E0
1.465233655E1,-1.498770237E0,1.723825216E0,9.572018623E0,9.840804140E0
1.465433663E1,-1.496376038E0,1.716642618E0,9.579200745E0,9.846171339E0
1.465633561E1,-1.493981838E0,1.721431017E0,9.583989143E0,9.851302167E0
1.465833507E1,-1.493981838E0,1.716642618E0,9.583989143E0,9.850466563E0
1.466033370E1,-1.503558636E0,1.707065821E0,9.569623947E0,9.836283077E0
1.466233284E1,-1.513135433E0,1.711854219E0,9.581595421E0,9.850228145E0
1.466433269E1,-1.515529633E0,1.699883223E0,9.581595421E0,9.848522927E0
1.466633261E1,-1.503558636E0,1.702277422E0,9.562441826E0,9.828465326E0
1.466833198E1,-1.513135433E0,1.692700624E0,9.560047150E0,9.825951137E0
1.467033007E1,-1.508347034E0,1.692700624E0,9.555258751E0,9.820555788E0
1.467232894E1,-1.503558636E0,1.692700624E0,9.550470352E0,9.815162144E0
1.467432753E1,-1.501164436E0,1.695094824E0,9.543288231E0,9.808220602E0
1.467632620E1,-1.498770237E0,1.697489023E0,9.540893555E0,9.805938559E0
1.467832538E1,-1.501164436E0,1.690306425E0,9.533711433E0,9.798075534E0
1.468032452E1,-1.510741234E0,1.687912226E0,9.543288231E0,9.808452325E0
1.468232339E1,-1.517923832E0,1.692700624E0,9.543288231E0,9.810386252E0
1.468432147E1,-1.513135433E0,1.692700624E0,9.533711433E0,9.800329991E0
1.468632046E1,-1.508347034E0,1.695094824E0,9.528923035E0,9.795347438E0
1.468831932E1,-1.505952835E0,1.704671621E0,9.516951561E0,9.784997000E0
1.469031874E1,-1.515529633E0,1.716642618E0,9.509769440E0,9.781585083E0
1.469231768E1,-1.522712231E0,1.731007814E0,9.495404243E0,9.771271275E0
1.469431788E1,-1.522712231E0,1.733402014E0,9.485827446E0,9.762389944E0
1.469631784E1,-1.515529633E0,1.731007814E0,9.483432770E0,9.758520135E0
1.469831690E1,-1.513135433E0,1.728613615E0,9.483432770E0,9.757724170E0
1.470031519E1,-1.508347034E0,1.731007814E0,9.471462250E0,9.745773237E0
1.470231522E1,-1.498770237E0,1.740584612E0,9.471462250E0,9.746001445E0
1.470431514E1,-1.501164436E0,1.745373011E0,9.469067574E0,9.744899298E0
1.470631515E1,-1.513135433E0,1.754949808E0,9.454702377E0,9.734517179E0
1.470831519E1,-1.508347034E0,1.747767210E0,9.461885452E0,9.739459806E0
1.471031436E1,-1.508347034E0,1.740584612E0,9.449913979E0,9.726542025E0
1.471231417E1,-1.510741234E0,1.745373011E0,9.457097054E0,9.734749648E0
1.471431394E1,-1.508347034E0,1.731007814E0,9.457097054E0,9.731812961E0
1.471631311E1,-1.505952835E0,1.731007814E0,9.449913979E0,9.724461743E0
1.471831206E1,-1.508347034E0,1.716642618E0,9.459490776E0,9.731594854E0
1.472031054E1,-1.510741234E0,1.711854219E0,9.466673851E0,9.738105450E0
1.472231022E1,-1.515529633E0,1.721431017E0,9.493009567E0,9.766134622E0
1.472431007E1,-1.513135433E0,1.738190413E0,9.488221169E0,9.764078333E0
1.472630890E1,-1.513135433E0,1.721431017E0,9.504981041E0,9.777400891E0
1.472830819E1,-1.508347034E0,1.716642618E0,9.526528358E0,9.796770653E0
1.473030858E1,-1.520318031E0,1.726219416E0,9.528923035E0,9.802631003E0
1.473230808E1,-1.513135433E0,1.716642618E0,9.538499832E0,9.809149798E0
1.473430737E1,-1.510741234E0,1.711854219E0,9.548076630E0,9.817257828E0
1.473630632E1,-1.510741234E0,1.709460020E0,9.543288231E0,9.812183391E0
1.473830503E1,-1.513135433E0,1.709460020E0,9.557653427E0,9.826523873E0
1.474030366E1,-1.510741234E0,1.709460020E0,9.567230225E0,9.835470848E0
1.474230233E1,-1.513135433E0,1.704671621E0,9.560047150E0,9.828020435E0
1.474430171E1,-1.513135433E0,1.711854219E0,9.560047150E0,9.829268804E0
1.474630061E1,-1.527500629E0,1.721431017E0,9.560047150E0,9.833162483E0
1.474829995E1,-1.525106430E0,1.714248419E0,9.552865028E0,9.824552281E0
1.475029948E1,-1.517923832E0,1.716642618E0,9.552865028E0,9.823857943E0
1.475229909E1,-1.522712231E0,1.719036818E0,9.548076630E0,9.820361879E0
1.475429897E1,-1.515529633E0,1.721431017E0,9.533711433E0,9.805702856E0
1.475629843E1,-1.513135433E0,1.719036818E0,9.516951561E0,9.788617545E0
1.475829878E1,-1.513135433E0,1.721431017E0,9.497797966E0,9.770418097E0
1.476029851E1,-1.513135433E0,1.721431017E0,9.493009567E0,9.765763372E0
1.476229780E1,-1.520318031E0,1.716642618E0,9.483432770E0,9.756727212E0
1.476429686E1,-1.520318031E0,1.719036818E0,9.473855972E0,9.747840862E0
1.476629659E1,-1.513135433E0,1.723825216E0,9.473855972E0,9.747568887E0
1.476829636E1,-1.515529633E0,1.733402014E0,9.478644371E0,9.754291964E0
1.477029522E1,-1.515529633E0,1.721431017E0,9.473855972E0,9.747517725E0
1.477229421E1,-1.505952835E0,1.728613615E0,9.473855972E0,9.747304548E0
1.477429276E1,-1.505952835E0,1.719036818E0,9.469067574E0,9.740955920E0
1.477629155E1,-1.491587639E0,1.702277422E0,9.481039047E0,9.747444974E0
1.477829124E1,-1.474828243E0,1.687912226E0,9.497797966E0,9.758705459E0
1.478028960E1,-1.465251446E0,1.687912226E0,9.531316757E0,9.789893187E0
1.478228804E1,-1.462857246E0,1.687912226E0,9.533711433E0,9.791866661E0
1.478428710E1,-1.446097851E0,1.675941229E0,9.536105156E0,9.789651656E0
1.478628686E1,-1.458068848E0,1.683123827E0,9.545681953E0,9.801985235E0
1.478828569E1,-1.477222443E0,1.692700624E0,9.543288231E0,9.804171143E0
1.479028468E1,-1.491587639E0,1.707065821E0,9.545681953E0,9.811164628E0
1.479228374E1,-1.493981838E0,1.726219416E0,9.540893555E0,9.810222476E0
1.479428386E1,-1.510741234E0,1.742978811E0,9.536105156E0,9.811096562E0
1.479628300E1,-1.508347034E0,1.754949808E0,9.524134636E0,9.801229523E0
1.479828202E1,-1.503558636E0,1.764526606E0,9.519346237E0,9.797560691E0
1.480028104E1,-1.503558636E0,1.769315004E0,9.500192642E0,9.779817196E0
1.480227979E1,-1.489193439E0,1.774103403E0,9.490615845E0,9.769182622E0
1.480427819E1,-1.489193439E0,1.764526606E0,9.483432770E0,9.760468654E0
1.480627675E1,-1.479616642E0,1.764526606E0,9.478644371E0,9.754358957E0
1.480827542E1,-1.477222443E0,1.766920805E0,9.461885452E0,9.738145182E0
1.481027354E1,-1.472434044E0,1.764526606E0,9.457097054E0,9.732332754E0
1.481227229E1,-1.467645645E0,1.759738207E0,9.459490776E0,9.733068788E0
1.481427077E1,-1.462857246E0,1.762132406E0,9.457097054E0,9.730454595E0
1.481626999E1,-1.453280449E0,1.766920805E0,9.449913979E0,9.722906325E0
1.481826909E1,-1.453280449E0,1.766920805E0,9.447520256E0,9.720579827E0
1.482026909E1,-1.460463047E0,1.764526606E0,9.457097054E0,9.730528821E0
1.482226858E1,-1.460463047E0,1.769315004E0,9.471462250E0,9.745359154E0
1.482426839E1,-1.470039845E0,1.764526606E0,9.464279175E0,9.738950230E0
1.482626835E1,-1.462857246E0,1.769315004E0,9.481039047E0,9.755025798E0
1.482826745E1,-1.458068848E0,1.766920805E0,9.485827446E0,9.758529409E0
1.483026597E1,-1.460463047E0,1.774103403E0,9.490615845E0,9.764844305E0
1.483226476E1,-1.462857246E0,1.766920805E0,9.481039047E0,9.754591835E0
1.483426378E1,-1.460463047E0,1.771709204E0,9.478644371E0,9.752774217E0
1.483626233E1,-1.462857246E0,1.762132406E0,9.497797966E0,9.770016793E0
1.483826151E1,-1.460463047E0,1.754949808E0,9.512163162E0,9.782333524E0
1.484025913E1,-1.465251446E0,1.750161409E0,9.509769440E0,9.779864087E0
1.484225784E1,-1.477222443E0,1.740584612E0,9.516951561E0,9.786939662E0
1.484425644E1,-1.474828243E0,1.740584612E0,9.516951561E0,9.786578572E0
1.484625593E1,-1.460463047E0,1.728613615E0,9.521739960E0,9.786960161E0
1.484825499E1,-1.467645645E0,1.709460020E0,9.536105156E0,9.798649848E0
1.485025374E1,-1.479616642E0,1.704671621E0,9.536105156E0,9.799615926E0
1.485225249E1,-1.489193439E0,1.699883223E0,9.516951561E0,9.781598391E0
1.485425144E1,-1.496376038E0,1.687912226E0,9.528923035E0,9.792270581E0
1.485625104E1,-1.498770237E0,1.690306425E0,9.533711433E0,9.797709004E0
1.485825073E1,-1.503558636E0,1.690306425E0,9.521739960E0,9.786794993E0
1.486024976E1,-1.503558636E0,1.695094824E0,9.516951561E0,9.782964890E0
1.486224866E1,-1.503558636E0,1.709460020E0,9.514557838E0,9.783136153E0
1.486424823E1,-1.493981838E0,1.728613615E0,9.514557838E0,9.785034370E0
1.486624679E1,-1.496376038E0,1.731007814E0,9.502586365E0,9.774184207E0
1.486824515E1,-1.498770237E0,1.731007814E0,9.512163162E0,9.783861625E0
1.487024374E1,-1.496376038E0,1.740584612E0,9.514557838E0,9.787522000E0
1.487224249E1,-1.491587639E0,1.745373011E0,9.521739960E0,9.794625694E0
1.487424089E1,-1.498770237E0,1.745373011E0,9.519346237E0,9.793395323E0
1.487623956E1,-1.503558636E0,1.747767210E0,9.516951561E0,9.792228848E0
1.487823764E1,-1.505952835E0,1.752555609E0,9.531316757E0,9.807412718E0
1.488023573E1,-1.503558636E0,1.754949808E0,9.538499832E0,9.814454465E0
1.488223487E1,-1.508347034E0,1.752555609E0,9.536105156E0,9.812434126E0
1.488423288E1,-1.505952835E0,1.745373011E0,9.536105156E0,9.810786025E0
1.488623147E1,-1.503558636E0,1.735796213E0,9.538499832E0,9.811047656E0
1.488823065E1,-1.493981838E0,1.716642618E0,9.531316757E0,9.799226640E0
1.489022952E1,-1.486799240E0,1.719036818E0,9.533711433E0,9.800883290E0
1.489222800E1,-1.486799240E0,1.716642618E0,9.536105156E0,9.802792225E0
1.489422749E1,-1.484405041E0,1.707065821E0,9.524134636E0,9.789109898E0
1.489622542E1,-1.484405041E0,1.699883223E0,9.538499832E0,9.801838621E0
1.489822315E1,-1.477222443E0,1.695094824E0,9.514557838E0,9.776622293E0
1.490022155E1,-1.477222443E0,1.690306425E0,9.512163162E0,9.773462538E0
1.490221944E1,-1.479616642E0,1.680729628E0,9.504981041E0,9.765182132E0
1.490421796E1,-1.496376038E0,1.683123827E0,9.507374763E0,9.770477059E0
1.490621710E1,-1.501164436E0,1.685518026E0,9.514557838E0,9.778613222E0
1.490821499E1,-1.505952835E0,1.685518026E0,9.516951561E0,9.781678382E0
1.491021358E1,-1.501164436E0,1.692700624E0,9.519346237E0,9.784512397E0
1.491221257E1,-1.510741234E0,1.704671621E0,9.512163162E0,9.781078286E0
1.491421108E1,-1.513135433E0,1.719036818E0,9.516951561E0,9.788617545E0
1.491620890E1,-1.505952835E0,1.728613615E0,9.507374763E0,9.779886189E0
1.491820733E1,-1.491587639E0,1.735796213E0,9.509769440E0,9.781285037E0
1.492020608E1,-1.491587639E0,1.742978811E0,9.526528358E0,9.798854596E0
1.492220390E1,-1.489193439E0,1.742978811E0,9.536105156E0,9.807801679E0
1.492420226E1,-1.479616642E0,1.738190413E0,9.543288231E0,9.812488042E0
1.492620061E1,-1.474828243E0,1.735796213E0,9.531316757E0,9.799699279E0
1.492820015E1,-1.472434044E0,1.728613615E0,9.521739960E0,9.788753695E0
1.493019968E1,-1.465251446E0,1.726219416E0,9.521739960E0,9.787253299E0
1.493219933E1,-1.460463047E0,1.721431017E0,9.519346237E0,9.783364955E0
1.493419933E1,-1.458068848E0,1.723825216E0,9.531316757E0,9.795077196E0
1.493620003E1,-1.465251446E0,1.726219416E0,9.519346237E0,9.784924530E0
1.493820011E1,-1.465251446E0,1.726219416E0,9.509769440E0,9.775607913E0
1.494019890E1,-1.472434044E0,1.728613615E0,9.502586365E0,9.770123575E0
1.494219827E1,-1.470039845E0,1.731007814E0,9.493009567E0,9.760872699E0
1.494419905E1,-1.467645645E0,1.735796213E0,9.483432770E0,9.752049494E0
1.494619843E1,-1.470039845E0,1.740584612E0,9.485827446E0,9.755591949E0
1.494819815E1,-1.477222443E0,1.740584612E0,9.457097054E0,9.728746354E0
1.495019733E1,-1.489193439E0,1.738190413E0,9.449913979E0,9.723161894E0
1.495219597E1,-1.508347034E0,1.747767210E0,9.452308655E0,9.730156212E0
1.495419515E1,-1.513135433E0,1.757344007E0,9.447520256E0,9.727973879E0
1.495619569E1,-1.529894829E0,1.766920805E0,9.452308655E0,9.736977263E0
1.495819479E1,-1.525106430E0,1.766920805E0,9.454702377E0,9.738549984E0
1.496019327E1,-1.529894829E0,1.759738207E0,9.449913979E0,9.733351476E0
1.496219226E1,-1.539471745E0,1.752555609E0,9.447520256E0,9.731241617E0
1.496419147E1,-1.529894829E0,1.752555609E0,9.464279175E0,9.746004804E0
1.496618987E1,-1.525106430E0,1.735796213E0,9.471462250E0,9.749232547E0
1.496818862E1,-1.517923832E0,1.735796213E0,9.466673851E0,9.743459091E0
1.497018819E1,-1.515529633E0,1.731007814E0,9.471462250E0,9.746887466E0
1.497218772E1,-1.486799240E0,1.711854219E0,9.476250648E0,9.743733535E0
1.497418745E1,-1.484405041E0,1.692700624E0,9.483432770E0,9.747009327E0
1.497618644E1,-1.460463047E0,1.683123827E0,9.504981041E0,9.762710828E0
1.497818503E1,-1.458068848E0,1.678335428E0,9.516951561E0,9.773184823E0
1.498018284E1,-1.453280449E0,1.680729628E0,9.536105156E0,9.791536023E0
1.498218050E1,-1.462857246E0,1.668758631E0,9.538499832E0,9.793246946E0
1.498417733E1,-1.467645645E0,1.663970232E0,9.538499832E0,9.793148611E0
1.498617464E1,-1.477222443E0,1.678335428E0,9.545681953E0,9.804031819E0
1.498817296E1,-1.491587639E0,1.695094824E0,9.545681953E0,9.809088852E0
1.499017175E1,-1.491587639E0,1.707065821E0,9.545681953E0,9.811164628E0
1.499216991E1,-1.498770237E0,1.726219416E0,9.545681953E0,9.815609489E0
1.499416851E1,-1.503558636E0,1.738190413E0,9.533711433E0,9.806816414E0
1.499616694E1,-1.503558636E0,1.738190413E0,9.526528358E0,9.799833521E0
1.499816558E1,-1.505952835E0,1.752555609E0,9.538499832E0,9.814393723E0
1.500016436E1,-1.503558636E0,1.750161409E0,9.540893555E0,9.815926006E0
1.500216218E1,-1.501164436E0,1.747767210E0,9.521739960E0,9.796515541E0
1.500415948E1,-1.474828243E0,1.747767210E0,9.526528358E0,9.797170568E0
1.500615726E1,-1.472434044E0,1.742978811E0,9.500192642E0,9.770347864E0
1.500815581E1,-1.472434044E0,1.740584612E0,9.493009567E0,9.762936415E0
1.501015499E1,-1.484405041E0,1.735796213E0,9.485827446E0,9.756913915E0
1.501215366E1,-1.486799240E0,1.728613615E0,9.497797966E0,9.767642664E0
1.501415186E1,-1.479616642E0,1.726219416E0,9.497797966E0,9.766128459E0
1.501614995E1,-1.474828243E0,1.726219416E0,9.504981041E0,9.772390517E0
1.501814776E1,-1.467645645E0,1.731007814E0,9.504981041E0,9.772156179E0
1.502014604E1,-1.453280449E0,1.726219416E0,9.500192642E0,9.764502946E0
1.502214530E1,-1.450886250E0,1.728613615E0,9.497797966E0,9.762240631E0
1.502414456E1,-1.455674648E0,1.731007814E0,9.495404243E0,9.761049046E0
1.502614343E1,-1.450886250E0,1.728613615E0,9.485827446E0,9.750594765E0
1.502814136E1,-1.465251446E0,1.716642618E0,9.497797966E0,9.762273807E0
1.503014073E1,-1.467645645E0,1.728613615E0,9.507374763E0,9.774060756E0
1.503213933E1,-1.467645645E0,1.731007814E0,9.512163162E0,9.779142080E0
1.503413710E1,-1.474828243E0,1.731007814E0,9.500192642E0,9.768580585E0
1.503613464E1,-1.484405041E0,1.723825216E0,9.495404243E0,9.764104334E0
1.503813280E1,-1.479616642E0,1.719036818E0,9.495404243E0,9.762533213E0
1.504013015E1,-1.489193439E0,1.723825216E0,9.493009567E0,9.762504859E0
1.504212839E1,-1.491587639E0,1.716642618E0,9.502586365E0,9.770918236E0
1.504412675E1,-1.501164436E0,1.714248419E0,9.502586365E0,9.771964487E0
1.504612565E1,-1.498770237E0,1.716642618E0,9.512163162E0,9.781330284E0
1.504812456E1,-1.496376038E0,1.721431017E0,9.519346237E0,9.788790465E0
1.505012319E1,-1.503558636E0,1.721431017E0,9.524134636E0,9.794547150E0
1.505212167E1,-1.513135433E0,1.728613615E0,9.526528358E0,9.799613586E0
1.505411960E1,-1.510741234E0,1.728613615E0,9.548076630E0,9.820194063E0
1.505611710E1,-1.501164436E0,1.735796213E0,9.531316757E0,9.803697378E0
1.505811511E1,-1.501164436E0,1.750161409E0,9.533711433E0,9.808578558E0
1.506011323E1,-1.496376038E0,1.752555609E0,9.526528358E0,9.801292515E0
1.506211112E1,-1.501164436E0,1.750161409E0,9.521739960E0,9.796942966E0
1.506411038E1,-1.496376038E0,1.754949808E0,9.531316757E0,9.806374927E0
1.506610874E1,-1.493981838E0,1.752555609E0,9.516951561E0,9.791618860E0
1.506810679E1,-1.493981838E0,1.747767210E0,9.504981041E0,9.779127596E0
1.507010476E1,-1.489193439E0,1.745373011E0,9.504981041E0,9.777969556E0
1.507210311E1,-1.479616642E0,1.740584612E0,9.497797966E0,9.768677823E0
1.507410104E1,-1.477222443E0,1.750161409E0,9.493009567E0,9.765371562E0
1.507610026E1,-1.477222443E0,1.738190413E0,9.483432770E0,9.753921732E0
1.507809843E1,-1.477222443E0,1.731007814E0,9.488221169E0,9.757300607E0
1.508009663E1,-1.472434044E0,1.731007814E0,9.497797966E0,9.765890449E0
1.508209468E1,-1.467645645E0,1.716642618E0,9.497797966E0,9.762633447E0
1.508409350E1,-1.474828243E0,1.714248419E0,9.497797966E0,9.763295150E0
1.508609206E1,-1.470039845E0,1.711854219E0,9.493009567E0,9.757494179E0
1.508808995E1,-1.486799240E0,1.714248419E0,9.490615845E0,9.758125267E0
1.509008823E1,-1.486799240E0,1.721431017E0,9.497797966E0,9.766374093E0
1.509208698E1,-1.482010841E0,1.731007814E0,9.502586365E0,9.771995283E0
1.509408550E1,-1.477222443E0,1.726219416E0,9.509769440E0,9.777409392E0
1.509608362E1,-1.472434044E0,1.726219416E0,9.514557838E0,9.781344813E0
1.509808237E1,-1.462857246E0,1.731007814E0,9.524134636E0,9.790070477E0
1.510008116E1,-1.453280449E0,1.731007814E0,9.521739960E0,9.786314116E0
1.510207987E1,-1.448492050E0,1.735796213E0,9.516951561E0,9.781793533E0
1.510407847E1,-1.448492050E0,1.733402014E0,9.509769440E0,9.774381134E0
1.510607722E1,-1.436521053E0,1.728613615E0,9.507374763E0,9.769435637E0
1.510807632E1,-1.429338455E0,1.723825216E0,9.512163162E0,9.772196776E0
1.511007585E1,-1.429338455E0,1.719036818E0,9.521739960E0,9.780676248E0
1.511207429E1,-1.438915253E0,1.716642618E0,9.524134636E0,9.783990983E0
1.511407288E1,-1.446097851E0,1.716642618E0,9.528923035E0,9.789710674E0
1.511607171E1,-1.465251446E0,1.719036818E0,9.519346237E0,9.783659957E0
1.511807018E1,-1.486799240E0,1.723825216E0,9.516951561E0,9.785423464E0
1.512006874E1,-1.496376038E0,1.726219416E0,9.512163162E0,9.782649066E0
1.512206792E1,-1.493981838E0,1.735796213E0,9.507374763E0,9.779322324E0
1.512406593E1,-1.493981838E0,1.735796213E0,9.500192642E0,9.772340071E0
1.512606378E1,-1.486799240E0,1.735796213E0,9.488221169E0,9.759605597E0
1.512806276E1,-1.479616642E0,1.752555609E0,9.481039047E0,9.754528076E0
1.513006101E1,-1.479616642E0,1.750161409E0,9.488221169E0,9.761079413E0
1.513205890E1,-1.472434044E0,1.740584612E0,9.485827446E0,9.755953010E0
1.513405690E1,-1.479616642E0,1.735796213E0,9.481039047E0,9.751530922E0
1.513605436E1,-1.470039845E0,1.735796213E0,9.488221169E0,9.757066495E0
1.513805284E1,-1.470039845E0,1.742978811E0,9.478644371E0,9.749035408E0
1.514005128E1,-1.470039845E0,1.747767210E0,9.485827446E0,9.756876022E0
1.514204929E1,-1.474828243E0,1.740584612E0,9.493009567E0,9.763297792E0
1.514404788E1,-1.479616642E0,1.740584612E0,9.488221169E0,9.759366841E0
1.514604679E1,-1.498770237E0,1.747767210E0,9.497797966E0,9.772879240E0
1.514804546E1,-1.513135433E0,1.742978811E0,9.493009567E0,9.769584670E0
1.515004417E1,-1.515529633E0,1.752555609E0,9.509769440E0,9.787951575E0
1.515204237E1,-1.525106430E0,1.757344007E0,9.521739960E0,9.801925293E0
1.515404147E1,-1.525106430E0,1.754949808E0,9.519346237E0,9.799170946E0
1.515604011E1,-1.520318031E0,1.757344007E0,9.514557838E0,9.794204191E0
1.515803858E1,-1.522712231E0,1.754949808E0,9.521739960E0,9.801124080E0
1.516003640E1,-1.522712231E0,1.750161409E0,9.528923035E0,9.807246897E0
1.516203374E1,-1.522712231E0,1.745373011E0,9.521739960E0,9.799413827E0
1.516403171E1,-1.513135433E0,1.745373011E0,9.519346237E0,9.795604043E0
1.516602890E1,-1.508347034E0,1.740584612E0,9.521739960E0,9.796340002E0
1.516802659E1,-1.510741234E0,1.738190413E0,9.528923035E0,9.803265741E0
1.517002495E1,-1.508347034E0,1.731007814E0,9.531316757E0,9.803953180E0
1.517202222E1,-1.510741234E0,1.723825216E0,9.514557838E0,9.786762657E0
1.517401894E1,-1.508347034E0,1.711854219E0,9.500192642E0,9.770323223E0
1.517601612E1,-1.505952835E0,1.716642618E0,9.507374763E0,9.777777391E0
1.517801448E1,-1.508347034E0,1.709460020E0,9.497797966E0,9.767575469E0
1.518001249E1,-1.496376038E0,1.704671621E0,9.509769440E0,9.776541381E0
1.518201003E1,-1.501164436E0,1.699883223E0,9.495404243E0,9.762468918E0
1.518400718E1,-1.501164436E0,1.692700624E0,9.495404243E0,9.761220816E0
1.518600495E1,-1.503558636E0,1.695094824E0,9.497797966E0,9.764333118E0
1.518800300E1,-1.501164436E0,1.685518026E0,9.504981041E0,9.769295280E0
1.519000183E1,-1.503558636E0,1.678335428E0,9.502586365E0,9.766096764E0
1.519199944E1,-1.501164436E0,1.680729628E0,9.502586365E0,9.766140198E0
1.519399733E1,-1.496376038E0,1.685518026E0,9.497797966E0,9.761571516E0
1.519599499E1,-1.501164436E0,1.692700624E0,9.488221169E0,9.754233492E0
1.519799237E1,-1.489193439E0,1.697489023E0,9.490615845E0,9.755560219E0
1.519998968E1,-1.491587639E0,1.707065821E0,9.490615845E0,9.757596862E0
1.520198737E1,-1.491587639E0,1.716642618E0,9.497797966E0,9.766261402E0
1.520398456E1,-1.482010841E0,1.721431017E0,9.504981041E0,9.772632474E0
1.520598226E1,-1.477222443E0,1.731007814E0,9.495404243E0,9.764285737E0
1.520798073E1,-1.472434044E0,1.742978811E0,9.493009567E0,9.763363549E0
1.520997960E1,-1.472434044E0,1.740584612E0,9.493009567E0,9.762936415E0
1.521197843E1,-1.491587639E0,1.747767210E0,9.497797966E0,9.771780294E0
1.521397769E1,-1.489193439E0,1.750161409E0,9.493009567E0,9.767189601E0
1.521597667E1,-1.491587639E0,1.742978811E0,9.488221169E0,9.761616145E0
1.521797526E1,-1.493981838E0,1.735796213E0,9.478644371E0,9.751393200E0
1.521997456E1,-1.491587639E0,1.735796213E0,9.488221169E0,9.760336220E0
1.522197331E1,-1.486799240E0,1.731007814E0,9.495404243E0,9.765739183E0
1.522397058E1,-1.498770237E0,1.728613615E0,9.493009567E0,9.764816839E0
1.522596847E1,-1.501164436E0,1.735796213E0,9.483432770E0,9.757150212E0
1.522796694E1,-1.498770237E0,1.738190413E0,9.471462250E0,9.745574138E0
1.522996534E1,-1.498770237E0,1.738190413E0,9.466673851E0,9.740920487E0
1.523196323E1,-1.503558636E0,1.728613615E0,9.459490776E0,9.732972791E0
1.523396097E1,-1.501164436E0,1.733402014E0,9.452308655E0,9.726475010E0
1.523595940E1,-1.503558636E0,1.738190413E0,9.457097054E0,9.732352191E0
1.523795800E1,-1.493981838E0,1.742978811E0,9.454702377E0,9.729406658E0
1.523995651E1,-1.503558636E0,1.742978811E0,9.442731857E0,9.719251444E0
1.524195612E1,-1.508347034E0,1.735796213E0,9.449913979E0,9.725686273E0
1.524395382E1,-1.505952835E0,1.723825216E0,9.471462250E0,9.744129744E0
1.524595222E1,-1.510741234E0,1.723825216E0,9.478644371E0,9.751851699E0
1.524795050E1,-1.510741234E0,1.719036818E0,9.476250648E0,9.748679552E0
1.524994913E1,-1.503558636E0,1.704671621E0,9.485827446E0,9.754358833E0
1.525194858E1,-1.513135433E0,1.721431017E0,9.504981041E0,9.777400891E0
1.525394769E1,-1.505952835E0,1.709460020E0,9.507374763E0,9.776518930E0
1.525594597E1,-1.498770237E0,1.699883223E0,9.524134636E0,9.790048813E0
1.525794444E1,-1.486799240E0,1.699883223E0,9.538499832E0,9.802201487E0
1.525994272E1,-1.477222443E0,1.699883223E0,9.548076630E0,9.810074232E0
1.526194140E1,-1.470039845E0,1.702277422E0,9.555258751E0,9.816401345E0
1.526394097E1,-1.472434044E0,1.702277422E0,9.560047150E0,9.821421075E0
1.526593968E1,-1.479616642E0,1.704671621E0,9.564835548E0,9.827575989E0
1.526793761E1,-1.482010841E0,1.704671621E0,9.567230225E0,9.830267323E0
1.526993612E1,-1.484405041E0,1.721431017E0,9.569623947E0,9.835877468E0
1.527193495E1,-1.489193439E0,1.719036818E0,9.569623947E0,9.836182551E0
1.527393183E1,-1.496376038E0,1.723825216E0,9.586383820E0,9.854413699E0
1.527592827E1,-1.489193439E0,1.723825216E0,9.586383820E0,9.853325592E0
1.527792468E1,-1.482010841E0,1.728613615E0,9.574412346E0,9.841434496E0
1.527992179E1,-1.484405041E0,1.723825216E0,9.574412346E0,9.840955415E0
1.528191929E1,-1.482010841E0,1.709460020E0,9.560047150E0,9.824108672E0
1.528391733E1,-1.470039845E0,1.699883223E0,9.557653427E0,9.818317531E0
1.528591495E1,-1.458068848E0,1.687912226E0,9.550470352E0,9.807471458E0
1.528791362E1,-1.462857246E0,1.685518026E0,9.524134636E0,9.782129773E0
1.528991218E1,-1.455674648E0,1.683123827E0,9.531316757E0,9.787639839E0
1.529191007E1,-1.441309452E0,1.675941229E0,9.516951561E0,9.770287557E0
1.529390843E1,-1.438915253E0,1.680729628E0,9.516951561E0,9.770757197E0
1.529590702E1,-1.446097851E0,1.685518026E0,9.512163162E0,9.767979220E0
1.529790550E1,-1.438915253E0,1.685518026E0,9.504981041E0,9.759923807E0
1.529990425E1,-1.434126854E0,1.687912226E0,9.485827446E0,9.740979922E0
1.530190288E1,-1.436521053E0,1.695094824E0,9.481039047E0,9.737917673E0
1.530390100E1,-1.436521053E0,1.707065821E0,9.478644371E0,9.737677627E0
1.530589905E1,-1.436521053E0,1.716642618E0,9.483432770E0,9.744021332E0
1.530789636E1,-1.429338455E0,1.731007814E0,9.483432770E0,9.745506327E0
1.530989308E1,-1.426944256E0,1.740584612E0,9.483432770E0,9.746861125E0
1.531188913E1,-1.417367458E0,1.745373011E0,9.471462250E0,9.734672804E0
1.531388526E1,-1.412579060E0,1.764526606E0,9.476250648E0,9.742087050E0
1.531588343E1,-1.405396342E0,1.783680320E0,9.485827446E0,9.753849327E0
1.531788108E1,-1.405396342E0,1.788468719E0,9.469067574E0,9.738429029E0
1.531987948E1,-1.407790542E0,1.800439715E0,9.471462250E0,9.743308192E0
1.532187847E1,-1.405396342E0,1.805228114E0,9.476250648E0,9.748503156E0
1.532387815E1,-1.403002143E0,1.814804912E0,9.485827446E0,9.759244551E0
1.532587655E1,-1.395819545E0,1.819593310E0,9.490615845E0,9.763760604E0
1.532787487E1,-1.398213744E0,1.821987510E0,9.483432770E0,9.757568204E0
1.532987300E1,-1.395819545E0,1.826775908E0,9.478644371E0,9.753467154E0
1.533187163E1,-1.391031146E0,1.802833915E0,9.490615845E0,9.759967566E0
1.533386944E1,-1.388636947E0,1.798045516E0,9.502586365E0,9.770385247E0
1.533586682E1,-1.395819545E0,1.795651317E0,9.504981041E0,9.773297317E0
1.533786487E1,-1.398213744E0,1.790862918E0,9.507374763E0,9.775089082E0
1.533986350E1,-1.400607944E0,1.790862918E0,9.514557838E0,9.782418079E0
1.534186202E1,-1.400607944E0,1.778891921E0,9.519346237E0,9.784892021E0
1.534385925E1,-1.391031146E0,1.757344007E0,9.545681953E0,9.805267440E0
1.534585737E1,-1.400607944E0,1.740584612E0,9.533711433E0,9.791986065E0
1.534785558E1,-1.410184860E0,1.726219416E0,9.545681953E0,9.802474115E0
1.534985370E1,-1.412579060E0,1.726219416E0,9.548076630E0,9.805150707E0
1.535185144E1,-1.417367458E0,1.702277422E0,9.560047150E0,9.813316485E0
1.535384913E1,-1.429338455E0,1.697489023E0,9.567230225E0,9.821220473E0
1.535584772E1,-1.426944256E0,1.697489023E0,9.567230225E0,9.820872317E0
1.535784600E1,-1.431732655E0,1.697489023E0,9.574412346E0,9.828565467E0
1.535984436E1,-1.446097851E0,1.690306425E0,9.572018623E0,9.827099029E0
1.536184308E1,-1.462857246E0,1.683123827E0,9.567230225E0,9.823683185E0
1.536384167E1,-1.474828243E0,1.675941229E0,9.562441826E0,9.819582019E0
1.536584015E1,-1.479616642E0,1.663970232E0,9.562441826E0,9.818266446E0
1.536783948E1,-1.484405041E0,1.656787634E0,9.567230225E0,9.822438483E0
1.536983831E1,-1.501164436E0,1.647210717E0,9.569623947E0,9.825706097E0
1.537183655E1,-1.513135433E0,1.644816518E0,9.555258751E0,9.813152909E0
1.537383585E1,-1.515529633E0,1.651999116E0,9.540893555E0,9.800743899E0
1.537583495E1,-1.510741234E0,1.659181833E0,9.545681953E0,9.805879226E0
1.537783417E1,-1.503558636E0,1.671152830E0,9.538499832E0,9.799817315E0
1.537983319E1,-1.493981838E0,1.678335428E0,9.531316757E0,9.792588558E0
1.538183136E1,-1.503558636E0,1.690306425E0,9.533711433E0,9.798442635E0
1.538383022E1,-1.510741234E0,1.685518026E0,9.526528358E0,9.791733894E0
1.538582866E1,-1.510741234E0,1.690306425E0,9.531316757E0,9.797217667E0
1.538782741E1,-1.515529633E0,1.697489023E0,9.526528358E0,9.794541419E0
1.538982530E1,-1.517923832E0,1.704671621E0,9.528923035E0,9.798488266E0
1.539182386E1,-1.527500629E0,1.709460020E0,9.512163162E0,9.784516327E0
1.539382237E1,-1.534683347E0,1.711854219E0,9.509769440E0,9.783732040E0
1.539582128E1,-1.532289028E0,1.721431017E0,9.524134636E0,9.798998672E0
1.539782003E1,-1.529894829E0,1.721431017E0,9.555258751E0,9.828879526E0
1.539981897E1,-1.522712231E0,1.716642618E0,9.543288231E0,9.815287295E0
1.540181745E1,-1.527500629E0,1.721431017E0,9.548076630E0,9.821524843E0
1.540381569E1,-1.532289028E0,1.719036818E0,9.545681953E0,9.819523471E0
1.540581354E1,-1.527500629E0,1.699883223E0,9.560047150E0,9.829413138E0
1.540781171E1,-1.541865945E0,1.697489023E0,9.550470352E0,9.821929725E0
1.540980952E1,-1.529894829E0,1.699883223E0,9.528923035E0,9.799518119E0
1.541180788E1,-1.525106430E0,1.709460020E0,9.531316757E0,9.802765034E0
1.541380604E1,-1.525106430E0,1.714248419E0,9.528923035E0,9.801273972E0
1.541580436E1,-1.517923832E0,1.719036818E0,9.507374763E0,9.780048836E0
1.541780269E1,-1.522712231E0,1.721431017E0,9.497797966E0,9.771905827E0
1.541980198E1,-1.520318031E0,1.726219416E0,9.500192642E0,9.774705143E0
1.542180061E1,-1.498770237E0,1.733402014E0,9.502586365E0,9.774975314E0
1.542379874E1,-1.493981838E0,1.731007814E0,9.497797966E0,9.769162502E0
1.542579702E1,-1.467645645E0,1.716642618E0,9.497797966E0,9.762633447E0
1.542779601E1,-1.458068848E0,1.723825216E0,9.493009567E0,9.757805531E0
1.542979515E1,-1.453280449E0,1.735796213E0,9.495404243E0,9.761542619E0
1.543179503E1,-1.462857246E0,1.726219416E0,9.485827446E0,9.751959143E0
1.543379534E1,-1.467645645E0,1.733402014E0,9.488221169E0,9.756280399E0
1.543579554E1,-1.458068848E0,1.733402014E0,9.490615845E0,9.757173588E0
1.543779499E1,-1.450886250E0,1.723825216E0,9.500192642E0,9.763723907E0
1.543979421E1,-1.438915253E0,1.726219416E0,9.481039047E0,9.743737065E0
1.544179304E1,-1.441309452E0,1.731007814E0,9.493009567E0,9.756587089E0
1.544379257E1,-1.455674648E0,1.742978811E0,9.500192642E0,9.767836201E0
1.544579171E1,-1.446097851E0,1.752555609E0,9.488221169E0,9.756484567E0
1.544779022E1,-1.438915253E0,1.764526606E0,9.490615845E0,9.759908829E0
1.544979026E1,-1.441309452E0,1.766920805E0,9.488221169E0,9.758366821E0
1.545178960E1,-1.429338455E0,1.769315004E0,9.476250648E0,9.745399446E0
1.545378886E1,-1.431732655E0,1.774103403E0,9.459490776E0,9.730327180E0
1.545578796E1,-1.429338455E0,1.771709204E0,9.483432770E0,9.752818004E0
1.545778651E1,-1.434126854E0,1.786074519E0,9.481039047E0,9.753813789E0
1.545978530E1,-1.431732655E0,1.778891921E0,9.478644371E0,9.749821228E0
1.546178503E1,-1.419761658E0,1.781286120E0,9.481039047E0,9.750836109E0
1.546378452E1,-1.422155857E0,1.771709204E0,9.493009567E0,9.761081468E0
1.546578362E1,-1.417367458E0,1.769315004E0,9.493009567E0,9.759950653E0
1.546778210E1,-1.410184860E0,1.757344007E0,9.485827446E0,9.749759055E0
1.546978104E1,-1.412579060E0,1.745373011E0,9.478644371E0,9.740965335E0
1.547177944E1,-1.417367458E0,1.735796213E0,9.488221169E0,9.749269714E0
1.547377722E1,-1.412579060E0,1.721431017E0,9.485827446E0,9.743696767E0
1.547577581E1,-1.412579060E0,1.702277422E0,9.495404243E0,9.749657931E0
1.547777394E1,-1.407790542E0,1.697489023E0,9.488221169E0,9.741133617E0
1.547977339E1,-1.417367458E0,1.690306425E0,9.488221169E0,9.741273390E0
1.548177151E1,-1.422155857E0,1.697489023E0,9.483432770E0,9.738557047E0
1.548376909E1,-1.438915253E0,1.709460020E0,9.490615845E0,9.750103578E0
1.548576800E1,-1.453280449E0,1.716642618E0,9.495404243E0,9.758154933E0
1.548776745E1,-1.460463047E0,1.719036818E0,9.497797966E0,9.761977571E0
1.548976659E1,-1.462857246E0,1.728613615E0,9.497797966E0,9.764026964E0
1.549176546E1,-1.467645645E0,1.733402014E0,9.483432770E0,9.751623628E0
1.549376405E1,-1.477222443E0,1.740584612E0,9.493009567E0,9.763659743E0
1.549576304E1,-1.493981838E0,1.738190413E0,9.488221169E0,9.761128448E0
1.549776155E1,-1.493981838E0,1.738190413E0,9.485827446E0,9.758801667E0
1.549975995E1,-1.493981838E0,1.747767210E0,9.500192642E0,9.774473500E0
1.550175776E1,-1.493981838E0,1.752555609E0,9.495404243E0,9.770677287E0
1.550375655E1,-1.484405041E0,1.745373011E0,9.507374763E0,9.779568506E0
1.550575495E1,-1.482010841E0,1.738190413E0,9.514557838E0,9.784910470E0
1.550775222E1,-1.479616642E0,1.738190413E0,9.519346237E0,9.789204467E0
1.550974929E1,-1.465251446E0,1.723825216E0,9.528923035E0,9.793819958E0
1.551174675E1,-1.458068848E0,1.719036818E0,9.521739960E0,9.784916157E0
1.551374487E1,-1.455674648E0,1.723825216E0,9.521739960E0,9.785402083E0
1.551574413E1,-1.453280449E0,1.719036818E0,9.521739960E0,9.784203775E0
1.551774319E1,-1.450886250E0,1.723825216E0,9.521739960E0,9.784690907E0
1.551974132E1,-1.450886250E0,1.726219416E0,9.528923035E0,9.792102868E0
1.552173917E1,-1.458068848E0,1.728613615E0,9.514557838E0,9.779615568E0
1.552373694E1,-1.455674648E0,1.728613615E0,9.502586365E0,9.767611854E0
1.552573483E1,-1.458068848E0,1.742978811E0,9.509769440E0,9.777507591E0
1.552773374E1,-1.465251446E0,1.745373011E0,9.507374763E0,9.776679581E0
1.552973226E1,-1.472434044E0,1.747767210E0,9.502586365E0,9.773530573E0
1.553173069E1,-1.477222443E0,1.747767210E0,9.497797966E0,9.769597871E0
1.553372956E1,-1.479616642E0,1.747767210E0,9.478644371E0,9.751341176E0
1.553572874E1,-1.482010841E0,1.759738207E0,9.461885452E0,9.737572131E0
1.553772694E1,-1.482010841E0,1.762132406E0,9.457097054E0,9.733352528E0
1.553972530E1,-1.482010841E0,1.762132406E0,9.454702377E0,9.731025835E0
1.554172327E1,-1.479616642E0,1.752555609E0,9.452308655E0,9.726605547E0
1.554372206E1,-1.474828243E0,1.750161409E0,9.457097054E0,9.730101129E0
1.554572081E1,-1.470039845E0,1.747767210E0,9.464279175E0,9.735927673E0
1.554771987E1,-1.467645645E0,1.740584612E0,9.469067574E0,9.738935221E0
1.554971913E1,-1.458068848E0,1.740584612E0,9.481039047E0,9.749138473E0
1.555171780E1,-1.458068848E0,1.728613615E0,9.478644371E0,9.744679005E0
1.555371585E1,-1.465251446E0,1.726219416E0,9.500192642E0,9.766291799E0
1.555571503E1,-1.448492050E0,1.719036818E0,9.502586365E0,9.764853528E0
1.555771429E1,-1.453280449E0,1.707065821E0,9.507374763E0,9.768125341E0
1.555971284E1,-1.455674648E0,1.699883223E0,9.516951561E0,9.776551471E0
1.556171183E1,-1.462857246E0,1.709460020E0,9.524134636E0,9.786283536E0
1.556371022E1,-1.460463047E0,1.704671621E0,9.526528358E0,9.787420509E0
1.556570929E1,-1.472434044E0,1.719036818E0,9.526528358E0,9.791725699E0
1.556770804E1,-1.482010841E0,1.716642618E0,9.526528358E0,9.792750409E0
1.556970733E1,-1.479616642E0,1.728613615E0,9.543288231E0,9.810796130E0
1.557170659E1,-1.486799240E0,1.721431017E0,9.538499832E0,9.805961237E0
1.557370612E1,-1.477222443E0,1.728613615E0,9.533711433E0,9.801119572E0
1.557570569E1,-1.474828243E0,1.731007814E0,9.531316757E0,9.798852256E0
1.557770444E1,-1.465251446E0,1.726219416E0,9.531316757E0,9.796570543E0
1.557970308E1,-1.458068848E0,1.721431017E0,9.531316757E0,9.794656127E0
1.558170222E1,-1.453280449E0,1.723825216E0,9.524134636E0,9.787376462E0
1.558370206E1,-1.450886250E0,1.716642618E0,9.531316757E0,9.792748946E0
1.558570093E1,-1.453280449E0,1.704671621E0,9.526528358E0,9.786351310E0
1.558770038E1,-1.446097851E0,1.697489023E0,9.516951561E0,9.774714062E0
1.558970050E1,-1.448492050E0,1.699883223E0,9.516951561E0,9.775484602E0
1.559169964E1,-1.446097851E0,1.692700624E0,9.519346237E0,9.776215381E0
1.559369862E1,-1.438915253E0,1.697489023E0,9.512163162E0,9.768991458E0
1.559569765E1,-1.443703651E0,1.695094824E0,9.512163162E0,9.769282201E0
1.559769726E1,-1.441309452E0,1.678335428E0,9.504981041E0,9.759039263E0
1.559969624E1,-1.458068848E0,1.675941229E0,9.509769440E0,9.765779977E0
1.560169565E1,-1.458068848E0,1.675941229E0,9.524134636E0,9.779769135E0
1.560369464E1,-1.462857246E0,1.683123827E0,9.526528358E0,9.784048227E0
1.560569378E1,-1.465251446E0,1.685518026E0,9.524134636E0,9.782488098E0
1.560769272E1,-1.467645645E0,1.699883223E0,9.512163162E0,9.773680716E0
1.560969124E1,-1.472434044E0,1.707065821E0,9.512163162E0,9.775652600E0
1.561169081E1,-1.479616642E0,1.714248419E0,9.504981041E0,9.771006992E0
1.561369030E1,-1.479616642E0,1.711854219E0,9.507374763E0,9.772915899E0
1.561568960E1,-1.472434044E0,1.723825216E0,9.504981041E0,9.771606827E0
1.561768835E1,-1.482010841E0,1.733402014E0,9.507374763E0,9.777075921E0
1.561968772E1,-1.472434044E0,1.733402014E0,9.495404243E0,9.763987213E0
1.562168581E1,-1.477222443E0,1.733402014E0,9.500192642E0,9.769366864E0
1.562368417E1,-1.470039845E0,1.731007814E0,9.516951561E0,9.784159249E0
1.562568319E1,-1.455674648E0,1.719036818E0,9.516951561E0,9.779899962E0
1.562768136E1,-1.460463047E0,1.699883223E0,9.531316757E0,9.791248869E0
1.562967940E1,-1.453280449E0,1.699883223E0,9.533711433E0,9.792511462E0
1.563167765E1,-1.446097851E0,1.685518026E0,9.540893555E0,9.795959363E0
1.563367675E1,-1.434126854E0,1.678335428E0,9.545681953E0,9.797631020E0
1.563567604E1,-1.431732655E0,1.683123827E0,9.543288231E0,9.795770234E0
1.563767397E1,-1.426944256E0,1.673547029E0,9.548076630E0,9.798096595E0
1.563967229E1,-1.426944256E0,1.663970232E0,9.555258751E0,9.803465542E0
1.564167069E1,-1.431732655E0,1.673547029E0,9.567230225E0,9.817459561E0
1.564366995E1,-1.436521053E0,1.671152830E0,9.569623947E0,9.820083860E0
1.564566952E1,-1.453280449E0,1.671152830E0,9.583989143E0,9.836545316E0
1.564766932E1,-1.460463047E0,1.687912226E0,9.576807022E0,9.833475110E0
1.564966968E1,-1.477222443E0,1.702277422E0,9.564835548E0,9.826800783E0
1.565166878E1,-1.482010841E0,1.719036818E0,9.557653427E0,9.823450654E0
1.565366819E1,-1.486799240E0,1.721431017E0,9.552865028E0,9.819935182E0
1.565566710E1,-1.496376038E0,1.733402014E0,9.540893555E0,9.811853730E0
1.565766686E1,-1.496376038E0,1.733402014E0,9.538499832E0,9.809526127E0
1.565966647E1,-1.503558636E0,1.740584612E0,9.528923035E0,9.802586269E0
1.566166577E1,-1.496376038E0,1.752555609E0,9.519346237E0,9.794311879E0
1.566366487E1,-1.491587639E0,1.757344007E0,9.504981041E0,9.780478323E0
1.566566468E1,-1.493981838E0,1.757344007E0,9.516951561E0,9.792477047E0
1.566766436E1,-1.493981838E0,1.757344007E0,9.516951561E0,9.792477047E0
1.566966405E1,-1.486799240E0,1.757344007E0,9.519346237E0,9.793711387E0
1.567166354E1,-1.486799240E0,1.764526606E0,9.502586365E0,9.778715342E0
1.567366233E1,-1.489193439E0,1.752555609E0,9.500192642E0,9.774600171E0
1.567566054E1,-1.467645645E0,1.740584612E0,9.483432770E0,9.752902933E0
1.567765948E1,-1.458068848E0,1.719036818E0,9.481039047E0,9.745314452E0
1.567965808E1,-1.453280449E0,1.714248419E0,9.476250648E0,9.739096368E0
1.568165671E1,-1.450886250E0,1.699883223E0,9.478644371E0,9.738550867E0
1.568365448E1,-1.458068848E0,1.695094824E0,9.483432770E0,9.743449509E0
1.568565233E1,-1.467645645E0,1.678335428E0,9.495404243E0,9.753640105E0
1.568765085E1,-1.477222443E0,1.673547029E0,9.485827446E0,9.744940643E0
1.568964979E1,-1.486799240E0,1.671152830E0,9.488221169E0,9.748315993E0
1.569164784E1,-1.508347034E0,1.668758631E0,9.488221169E0,9.751215672E0
1.569364573E1,-1.510741234E0,1.673547029E0,9.481039047E0,9.745419445E0
1.569564409E1,-1.517923832E0,1.678335428E0,9.490615845E0,9.756674212E0
1.569764288E1,-1.515529633E0,1.695094824E0,9.490615845E0,9.759199027E0
1.569964229E1,-1.515529633E0,1.699883223E0,9.488221169E0,9.757703315E0
1.570164093E1,-1.520318031E0,1.711854219E0,9.488221169E0,9.760540596E0
1.570363936E1,-1.513135433E0,1.735796213E0,9.490615845E0,9.765979544E0
1.570563749E1,-1.515529633E0,1.740584612E0,9.500192642E0,9.776508840E0
1.570763616E1,-1.508347034E0,1.750161409E0,9.502586365E0,9.779433693E0
1.570963593E1,-1.496376038E0,1.752555609E0,9.512163162E0,9.787330608E0
1.571163534E1,-1.484405041E0,1.769315004E0,9.500192642E0,9.776890822E0
1.571363476E1,-1.465251446E0,1.769315004E0,9.493009567E0,9.767019403E0
1.571563440E1,-1.460463047E0,1.766920805E0,9.485827446E0,9.758887425E0
1.571763269E1,-1.446097851E0,1.771709204E0,9.493009567E0,9.764598463E0
1.571963108E1,-1.426944256E0,1.774103403E0,9.493009567E0,9.762215089E0
1.572162983E1,-1.410184860E0,1.774103403E0,9.478644371E0,9.745807475E0
1.572362929E1,-1.410184860E0,1.766920805E0,9.481039047E0,9.746831890E0
1.572562886E1,-1.412579060E0,1.764526606E0,9.473855972E0,9.739757734E0
1.572762882E1,-1.417367458E0,1.752555609E0,9.476250648E0,9.740621542E0
1.572962944E1,-1.410184860E0,1.752555609E0,9.476250648E0,9.739578988E0
1.573162901E1,-1.410184860E0,1.752555609E0,9.485827446E0,9.748897109E0
1.573362894E1,-1.407790542E0,1.745373011E0,9.469067574E0,9.730952773E0
1.573562792E1,-1.419761658E0,1.747767210E0,9.473855972E0,9.737780053E0
1.573762659E1,-1.426944256E0,1.745373011E0,9.483432770E0,9.747717371E0
1.573962460E1,-1.429338455E0,1.733402014E0,9.493009567E0,9.755250976E0
1.574162323E1,-1.426944256E0,1.728613615E0,9.514557838E0,9.775023570E0
1.574362315E1,-1.424550056E0,1.726219416E0,9.512163162E0,9.771920198E0
1.574562280E1,-1.434126854E0,1.726219416E0,9.521739960E0,9.782642034E0
1.574762249E1,-1.434126854E0,1.728613615E0,9.524134636E0,9.785395517E0
1.574962229E1,-1.443703651E0,1.731007814E0,9.536105156E0,9.798875947E0
1.575162100E1,-1.443703651E0,1.728613615E0,9.550470352E0,9.812434418E0
1.575362042E1,-1.458068848E0,1.738190413E0,9.564835548E0,9.830226332E0
1.575561999E1,-1.455674648E0,1.738190413E0,9.583989143E0,9.848509658E0
1.575761925E1,-1.448492050E0,1.704671621E0,9.583989143E0,9.841589427E0
1.575961905E1,-1.441309452E0,1.678335428E0,9.586383820E0,9.838340179E0
1.576161796E1,-1.446097851E0,1.668758631E0,9.593565941E0,9.844412721E0
1.576361577E1,-1.462857246E0,1.673547029E0,9.586383820E0,9.840704534E0
1.576561413E1,-1.462857246E0,1.699883223E0,9.572018623E0,9.831230585E0
1.576761315E1,-1.460463047E0,1.726219416E0,9.557653427E0,9.821482822E0
1.576961155E1,-1.460463047E0,1.738190413E0,9.536105156E0,9.802630247E0
1.577161014E1,-1.448492050E0,1.745373011E0,9.540893555E0,9.806788770E0
1.577360940E1,-1.450886250E0,1.750161409E0,9.536105156E0,9.803338075E0
1.577560765E1,-1.455674648E0,1.750161409E0,9.526528358E0,9.794733085E0
1.577760644E1,-1.465251446E0,1.747767210E0,9.519346237E0,9.788748889E0
1.577960507E1,-1.470039845E0,1.745373011E0,9.512163162E0,9.782054596E0
1.578160311E1,-1.474828243E0,1.740584612E0,9.507374763E0,9.777265877E0
1.578360198E1,-1.482010841E0,1.754949808E0,9.495404243E0,9.769283838E0
1.578560163E1,-1.477222443E0,1.762132406E0,9.493009567E0,9.767524119E0
1.578760151E1,-1.482010841E0,1.750161409E0,9.481039047E0,9.754461672E0
1.578960038E1,-1.479616642E0,1.742978811E0,9.490615845E0,9.762122190E0
1.579159964E1,-1.479616642E0,1.735796213E0,9.483432770E0,9.753858262E0
1.579359862E1,-1.477222443E0,1.738190413E0,9.485827446E0,9.756250017E0
1.579559745E1,-1.479616642E0,1.733402014E0,9.483432770E0,9.753432475E0
1.579759651E1,-1.486799240E0,1.728613615E0,9.471462250E0,9.742036448E0
1.579959538E1,-1.493981838E0,1.733402014E0,9.466673851E0,9.739331500E0
1.580159417E1,-1.503558636E0,1.731007814E0,9.459490776E0,9.733398295E0
1.580359323E1,-1.505952835E0,1.731007814E0,9.445125580E0,9.719808600E0
1.580559237E1,-1.498770237E0,1.714248419E0,9.459490776E0,9.729692986E0
1.580759132E1,-1.498770237E0,1.723825216E0,9.447520256E0,9.719749204E0
1.580958976E1,-1.498770237E0,1.731007814E0,9.449913979E0,9.723352019E0
1.581158940E1,-1.496376038E0,1.731007814E0,9.473855972E0,9.746254475E0
1.581358968E1,-1.496376038E0,1.733402014E0,9.464279175E0,9.737371518E0
1.581558905E1,-1.486799240E0,1.733402014E0,9.469067574E0,9.740559288E0
1.581758815E1,-1.472434044E0,1.731007814E0,9.478644371E0,9.747263677E0
1.581958694E1,-1.462857246E0,1.735796213E0,9.483432770E0,9.751330008E0
1.582158589E1,-1.462857246E0,1.728613615E0,9.495404243E0,9.761698525E0
1.582358530E1,-1.455674648E0,1.726219416E0,9.507374763E0,9.771847167E0
1.582558347E1,-1.448492050E0,1.721431017E0,9.514557838E0,9.776925121E0
1.582758265E1,-1.450886250E0,1.714248419E0,9.531316757E0,9.792329533E0
1.582958108E1,-1.441309452E0,1.707065821E0,9.543288231E0,9.801316081E0
1.583158042E1,-1.448492050E0,1.692700624E0,9.548076630E0,9.804546494E0
1.583357882E1,-1.450886250E0,1.690306425E0,9.543288231E0,9.799824334E0
1.583557772E1,-1.438915253E0,1.685518026E0,9.555258751E0,9.808894837E0
1.583757679E1,-1.446097851E0,1.690306425E0,9.557653427E0,9.813107247E0
1.583957604E1,-1.446097851E0,1.695094824E0,9.557653427E0,9.813933181E0
1.584157495E1,-1.446097851E0,1.697489023E0,9.564835548E0,9.821341408E0
1.584357476E1,-1.455674648E0,1.702277422E0,9.557653427E0,9.816591880E0
1.584557452E1,-1.455674648E0,1.711854219E0,9.543288231E0,9.804273752E0
1.584757433E1,-1.462857246E0,1.714248419E0,9.533711433E0,9.796440816E0
1.584957421E1,-1.467645645E0,1.697489023E0,9.524134636E0,9.784916621E0
1.585157417E1,-1.453280449E0,1.692700624E0,9.514557838E0,9.772618397E0
1.585357351E1,-1.446097851E0,1.702277422E0,9.512163162E0,9.770885090E0
1.585557268E1,-1.436521053E0,1.699883223E0,9.516951561E0,9.773717958E0
1.585757218E1,-1.434126854E0,1.692700624E0,9.526528358E0,9.781446611E0
1.585957186E1,-1.431732655E0,1.697489023E0,9.519346237E0,9.774931210E0
1.586157210E1,-1.431732655E0,1.704671621E0,9.524134636E0,9.780843741E0
1.586357159E1,-1.426944256E0,1.699883223E0,9.524134636E0,9.779310479E0
1.586557124E1,-1.429338455E0,1.697489023E0,9.524134636E0,9.779244243E0
1.586757155E1,-1.422155857E0,1.695094824E0,9.531316757E0,9.784777610E0
1.586957136E1,-1.424550056E0,1.702277422E0,9.533711433E0,9.788704970E0
1.587157112E1,-1.424550056E0,1.707065821E0,9.528923035E0,9.784875614E0
1.587356983E1,-1.438915253E0,1.714248419E0,9.514557838E0,9.774248596E0
1.587556870E1,-1.436521053E0,1.726219416E0,9.512163162E0,9.773672505E0
1.587756784E1,-1.441309452E0,1.721431017E0,9.504981041E0,9.766543005E0
1.587956706E1,-1.443703651E0,1.728613615E0,9.512163162E0,9.775153875E0
1.588156667E1,-1.446097851E0,1.740584612E0,9.507374763E0,9.772973380E0
1.588356526E1,-1.453280449E0,1.735796213E0,9.488221169E0,9.754555525E0
1.588556472E1,-1.458068848E0,1.731007814E0,9.488221169E0,9.754419191E0
1.588756464E1,-1.458068848E0,1.728613615E0,9.485827446E0,9.751666121E0
1.588956378E1,-1.465251446E0,1.726219416E0,9.483432770E0,9.749989352E0
1.589156386E1,-1.470039845E0,1.728613615E0,9.504981041E0,9.772092241E0
1.589356311E1,-1.472434044E0,1.731007814E0,9.514557838E0,9.782191009E0
1.589556374E1,-1.474828243E0,1.726219416E0,9.504981041E0,9.772390517E0
1.589756347E1,-1.474828243E0,1.728613615E0,9.512163162E0,9.779799149E0
1.589956265E1,-1.474828243E0,1.731007814E0,9.516951561E0,9.784879836E0
1.590156128E1,-1.474828243E0,1.728613615E0,9.521739960E0,9.789114119E0
1.590356077E1,-1.467645645E0,1.728613615E0,9.524134636E0,9.790364106E0
1.590555976E1,-1.453280449E0,1.733402014E0,9.519346237E0,9.784408995E0
1.590755878E1,-1.467645645E0,1.731007814E0,9.519346237E0,9.786129193E0
1.590955733E1,-1.467645645E0,1.726219416E0,9.516951561E0,9.782953758E0
1.591155569E1,-1.472434044E0,1.735796213E0,9.526528358E0,9.794681877E0
1.591355444E1,-1.489193439E0,1.735796213E0,9.531316757E0,9.801871491E0
1.591555425E1,-1.479616642E0,1.733402014E0,9.519346237E0,9.788355364E0
1.591755386E1,-1.484405041E0,1.719036818E0,9.521739960E0,9.788875204E0
1.591955374E1,-1.482010841E0,1.721431017E0,9.526528358E0,9.793590937E0
1.592155350E1,-1.472434044E0,1.723825216E0,9.536105156E0,9.801884356E0
1.592355429E1,-1.474828243E0,1.721431017E0,9.519346237E0,9.785519704E0
1.592555366E1,-1.465251446E0,1.714248419E0,9.524134636E0,9.787479247E0
1.592755315E1,-1.462857246E0,1.709460020E0,9.519346237E0,9.781623468E0
1.592955186E1,-1.460463047E0,1.697489023E0,9.509769440E0,9.769858550E0
1.593155093E1,-1.465251446E0,1.707065821E0,9.481039047E0,9.744287400E0
1.593354995E1,-1.467645645E0,1.704671621E0,9.481039047E0,9.744228573E0
1.593554925E1,-1.465251446E0,1.707065821E0,9.490615845E0,9.753605724E0
1.593754702E1,-1.465251446E0,1.711854219E0,9.485827446E0,9.749786100E0
1.593954476E1,-1.465251446E0,1.728613615E0,9.483432770E0,9.750413526E0
1.594154374E1,-1.467645645E0,1.728613615E0,9.466673851E0,9.734474951E0
1.594354218E1,-1.472434044E0,1.733402014E0,9.457097054E0,9.726737852E0
1.594554100E1,-1.460463047E0,1.745373011E0,9.461885452E0,9.731729321E0
1.594754097E1,-1.455674648E0,1.747767210E0,9.466673851E0,9.736097406E0
1.594953999E1,-1.453280449E0,1.742978811E0,9.473855972E0,9.741865642E0
1.595153976E1,-1.458068848E0,1.723825216E0,9.469067574E0,9.734514824E0
1.595353929E1,-1.446097851E0,1.721431017E0,9.485827446E0,9.748612521E0
1.595553929E1,-1.443703651E0,1.707065821E0,9.497797966E0,9.757382854E0
1.595753952E1,-1.443703651E0,1.707065821E0,9.504981041E0,9.764374969E0
1.595953979E1,-1.453280449E0,1.704671621E0,9.531316757E0,9.791012640E0
1.596153976E1,-1.465251446E0,1.702277422E0,9.533711433E0,9.794711017E0
1.596353976E1,-1.467645645E0,1.697489023E0,9.545681953E0,9.805890917E0
1.596553894E1,-1.470039845E0,1.695094824E0,9.550470352E0,9.810496805E0
1.596753972E1,-1.467645645E0,1.707065821E0,9.538499832E0,9.800563071E0
1.596953964E1,-1.462857246E0,1.707065821E0,9.545681953E0,9.806837869E0
1.597153952E1,-1.455674648E0,1.721431017E0,9.538499832E0,9.801290347E0
1.597354015E1,-1.460463047E0,1.723825216E0,9.524134636E0,9.788445548E0
1.597554132E1,-1.450886250E0,1.721431017E0,9.526528358E0,9.788929370E0
1.597754179E1,-1.458068848E0,1.735796213E0,9.526528358E0,9.792532656E0
1.597954335E1,-1.465251446E0,1.738190413E0,9.512163162E0,9.780057041E0
1.598154370E1,-1.472434044E0,1.738190413E0,9.504981041E0,9.774151243E0
1.598354448E1,-1.474828243E0,1.752555609E0,9.483432770E0,9.756129694E0
1.598554565E1,-1.515529633E0,1.826775908E0,9.481039047E0,9.773640146E0
1.598754647E1,-1.529894829E0,1.843535304E0,9.476250648E0,9.774381155E0
1.598954667E1,-1.477222443E0,1.742978811E0,9.464279175E0,9.736156407E0
1.599154694E1,-1.422155857E0,1.649604917E0,9.497797966E0,9.744326034E0
1.599354776E1,-1.438915253E0,1.637633920E0,9.533711433E0,9.779773804E0
1.599554862E1,-1.470039845E0,1.666364431E0,9.548076630E0,9.803242060E0
1.599754870E1,-1.479616642E0,1.675941229E0,9.540893555E0,9.799321111E0
1.599954765E1,-1.474828243E0,1.692700624E0,9.521739960E0,9.782836276E0
1.600154698E1,-1.455674648E0,1.709460020E0,9.514557838E0,9.775891422E0
1.600354718E1,-1.455674648E0,1.745373011E0,9.540893555E0,9.807852234E0
1.600554675E1,-1.467645645E0,1.750161409E0,9.545681953E0,9.815146084E0
1.600754585E1,-1.467645645E0,1.733402014E0,9.538499832E0,9.805184615E0
1.600954542E1,-1.417367458E0,1.680729628E0,9.507374763E0,9.758276358E0
1.601154429E1,-1.357512355E0,1.683123827E0,9.493009567E0,9.736168459E0
1.601354409E1,-1.357512355E0,1.709460020E0,9.490615845E0,9.738422997E0
1.601554417E1,-1.367089152E0,1.553836942E0,9.493009567E0,9.715995710E0
1.601754542E1,-1.254561663E0,1.498770237E0,9.504981041E0,9.703860148E0
1.601954624E1,-1.230619669E0,1.707065821E0,9.514557838E0,9.744501493E0
1.602154600E1,-1.295263171E0,1.838746905E0,9.485827446E0,9.748826555E0
1.602354569E1,-1.441309452E0,1.853112102E0,9.481039047E0,9.767369083E0
1.602554550E1,-1.604115129E0,1.812410712E0,9.509769440E0,9.812937008E0
1.602754499E1,-1.723825216E0,1.800439715E0,9.524134636E0,9.844912245E0
1.602954487E1,-1.747767210E0,1.786074519E0,9.533711433E0,9.855780340E0
1.603154456E1,-1.747767210E0,1.771709204E0,9.550470352E0,9.869403613E0
1.603354476E1,-1.719036818E0,1.762132406E0,9.569623947E0,9.881189234E0
1.603554495E1,-1.690306425E0,1.754949808E0,9.574412346E0,9.879592927E0
1.603754514E1,-1.649604917E0,1.745373011E0,9.564835548E0,9.861724109E0
1.603954550E1,-1.601720929E0,1.726219416E0,9.550470352E0,9.836504834E0
1.604154487E1,-1.546654344E0,1.707065821E0,9.557653427E0,9.831325059E0
1.604354436E1,-1.517923832E0,1.687912226E0,9.562441826E0,9.828195873E0
1.604554495E1,-1.477222443E0,1.687912226E0,9.552865028E0,9.812668550E0
1.604754495E1,-1.453280449E0,1.687912226E0,9.545681953E0,9.802097515E0
1.604954514E1,-1.453280449E0,1.685518026E0,9.538499832E0,9.794691120E0
1.605154476E1,-1.467645645E0,1.692700624E0,9.533711433E0,9.793409664E0
1.605354397E1,-1.498770237E0,1.702277422E0,9.516951561E0,9.783477278E0
1.605554339E1,-1.501164436E0,1.709460020E0,9.526528358E0,9.794411202E0
1.605754335E1,-1.498770237E0,1.719036818E0,9.512163162E0,9.781750755E0
1.605954264E1,-1.501164436E0,1.728613615E0,9.500192642E0,9.772167617E0
1.606154210E1,-1.503558636E0,1.740584612E0,9.495404243E0,9.770006403E0
1.606354136E1,-1.501164436E0,1.738190413E0,9.488221169E0,9.762230356E0
1.606554116E1,-1.491587639E0,1.733402014E0,9.461885452E0,9.734310070E0
1.606754128E1,-1.491587639E0,1.745373011E0,9.442731857E0,9.717836465E0
1.606954022E1,-1.493981838E0,1.735796213E0,9.445125580E0,9.718815126E0
1.607154003E1,-1.493981838E0,1.735796213E0,9.440337181E0,9.714161637E0
1.607353882E1,-1.489193439E0,1.759738207E0,9.442731857E0,9.720059701E0
1.607553843E1,-1.486799240E0,1.754949808E0,9.435548782E0,9.711848518E0
1.607753718E1,-1.486799240E0,1.752555609E0,9.433155060E0,9.709090458E0
1.607953624E1,-1.491587639E0,1.738190413E0,9.423578262E0,9.697936217E0
1.608153550E1,-1.484405041E0,1.726219416E0,9.418789864E0,9.690040985E0
1.608353468E1,-1.472434044E0,1.714248419E0,9.402029991E0,9.669792015E0
1.608553300E1,-1.470039845E0,1.711854219E0,9.414001465E0,9.680644896E0
1.608753206E1,-1.479616642E0,1.714248419E0,9.418789864E0,9.687183055E0
1.608953163E1,-1.479616642E0,1.714248419E0,9.418789864E0,9.687183055E0
1.609153034E1,-1.482010841E0,1.714248419E0,9.428366661E0,9.696860403E0
1.609352936E1,-1.486799240E0,1.704671621E0,9.440337181E0,9.707545694E0
1.609552936E1,-1.477222443E0,1.714248419E0,9.452308655E0,9.719412158E0
1.609752854E1,-1.479616642E0,1.719036818E0,9.461885452E0,9.729934702E0
1.609952761E1,-1.479616642E0,1.714248419E0,9.459490776E0,9.726760961E0
1.610152764E1,-1.472434044E0,1.728613615E0,9.469067574E0,9.737525751E0
1.610352698E1,-1.479616642E0,1.731007814E0,9.466673851E0,9.736712344E0
1.610552655E1,-1.493981838E0,1.726219416E0,9.469067574E0,9.740382740E0
1.610752514E1,-1.527500629E0,1.695094824E0,9.473855972E0,9.744770475E0
1.610952495E1,-1.599326730E0,1.623268723E0,9.464279175E0,9.734753599E0
1.611152429E1,-1.553836942E0,1.405396342E0,9.435548782E0,9.665357156E0
1.611352288E1,-1.589749932E0,7.254431248E-1,9.308655739E0,9.471253573E0
1.611552097E1,-1.508347034E0,7.829039693E-1,9.265560150E0,9.420119654E0
1.611752054E1,-1.515529633E0,9.935936928E-1,9.265560150E0,9.441115580E0
1.611951897E1,-1.939303398E0,5.841852427E-1,9.179368973E0,9.400158765E0
1.612151811E1,-1.989581585E0,7.038952708E-1,9.109937668E0,9.351196060E0
1.612351776E1,-1.953668594E0,8.643068075E-1,9.102754593E0,9.350079594E0
1.612551745E1,-1.836352706E0,1.249773264E0,9.100360870E0,9.367533957E0
1.612751718E1,-1.661576033E0,1.647210717E0,9.131484985E0,9.426460422E0
1.612951542E1,-1.491587639E0,2.006340981E0,9.198522568E0,9.532211456E0
1.613151374E1,-1.367089152E0,2.240972757E0,9.301473618E0,9.664797106E0
1.613351202E1,-1.300051570E0,2.384624958E0,9.433155060E0,9.816363107E0
1.613551069E1,-1.273715258E0,2.401384354E0,9.607931137E0,9.985055739E0
1.613751007E1,-1.266532660E0,2.394201756E0,9.689333916E0,1.006079017E1
1.613950909E1,-1.244984865E0,2.389413357E0,9.854534149E0,1.021621881E1
1.614150831E1,-1.206677675E0,2.413355350E0,1.002931118E1,1.038592499E1
1.614350706E1,-1.158793569E0,2.473210335E0,1.020169353E1,1.056097168E1
1.614550561E1,-1.211466074E0,2.288856745E0,1.031661510E1,1.063668475E1
1.614750382E1,-1.316810966E0,1.989581585E0,1.035731697E1,1.062856721E1
1.614950358E1,-1.383848548E0,1.805228114E0,1.036210537E1,1.060882242E1
1.615150210E1,-1.369483352E0,1.742978811E0,1.030464458E1,1.054035862E1
1.615350132E1,-1.340752959E0,1.735796213E0,1.025915432E1,1.049098920E1
1.615550061E1,-1.256955862E0,1.726219416E0,1.012747288E1,1.035014388E1
1.615749976E1,-1.201889277E0,1.733402014E0,9.995792389E0,1.021592315E1
1.615949929E1,-1.216254473E0,1.742978811E0,9.883264542E0,1.010921204E1
1.616149776E1,-1.271321058E0,1.752555609E0,9.761159897E0,9.998397418E0
1.616349690E1,-1.343147159E0,1.766920805E0,9.617507935E0,9.870284307E0
1.616549561E1,-1.398213744E0,1.764526606E0,9.464279175E0,9.728367598E0
1.616749386E1,-1.431732655E0,1.757344007E0,9.320627213E0,9.592299411E0
1.616949311E1,-1.443703651E0,1.757344007E0,9.260771751E0,9.535954678E0
1.617149253E1,-1.446097851E0,1.757344007E0,9.160215378E0,9.438697088E0
1.617349214E1,-1.446097851E0,1.752555609E0,9.085995674E0,9.365787076E0
1.617549140E1,-1.441309452E0,1.728613615E0,9.040505409E0,9.316448681E0
1.617748894E1,-1.441309452E0,1.731007814E0,9.018958092E0,9.295986556E0
1.617948647E1,-1.450886250E0,1.728613615E0,9.011775017E0,9.290062696E0
1.618148386E1,-1.458068848E0,1.745373011E0,9.018958092E0,9.301284684E0
1.618348206E1,-1.474828243E0,1.764526606E0,9.071630478E0,9.358587074E0
1.618548046E1,-1.484405041E0,1.771709204E0,9.109937668E0,9.398583731E0
1.618747847E1,-1.505952835E0,1.781286120E0,9.193734169E0,9.485020936E0
1.618947632E1,-1.532289028E0,1.793257117E0,9.267954826E0,9.563402502E0
1.619147421E1,-1.532289028E0,1.800439715E0,9.337387085E0,9.632044975E0
1.619347132E1,-1.525106430E0,1.807622313E0,9.414001465E0,9.706537572E0
1.619546890E1,-1.498770237E0,1.798045516E0,9.488221169E0,9.772697726E0
1.619746663E1,-1.472434044E0,1.800439715E0,9.531316757E0,9.810996092E0
1.619946397E1,-1.450886250E0,1.790862918E0,9.579200745E0,9.852580769E0
1.620146261E1,-1.448492050E0,1.790862918E0,9.593565941E0,9.866196160E0
1.620346061E1,-1.448492050E0,1.788468719E0,9.610325813E0,9.882060100E0
1.620545972E1,-1.441309452E0,1.778891921E0,9.619902611E0,9.888597254E0
1.620745847E1,-1.441309452E0,1.771709204E0,9.615114212E0,9.882648823E0
1.620945733E1,-1.434126854E0,1.776497602E0,9.610325813E0,9.877804706E0
1.621145644E1,-1.446097851E0,1.781286120E0,9.595960617E0,9.866440057E0
1.621345511E1,-1.465251446E0,1.774103403E0,9.567230225E0,9.840035511E0
1.621545319E1,-1.470039845E0,1.776497602E0,9.555258751E0,9.829543767E0
1.621745116E1,-1.491587639E0,1.771709204E0,9.543288231E0,9.820292126E0
1.621945100E1,-1.508347034E0,1.769315004E0,9.519346237E0,9.799160124E0
1.622145007E1,-1.510741234E0,1.769315004E0,9.497797966E0,9.778598103E0
1.622344960E1,-1.517923832E0,1.759738207E0,9.497797966E0,9.777982283E0
1.622544886E1,-1.515529633E0,1.738190413E0,9.488221169E0,9.764449648E0
1.622744600E1,-1.510741234E0,1.723825216E0,9.504981041E0,9.777452482E0
1.622944386E1,-1.484405041E0,1.697489023E0,9.524134636E0,9.787444399E0
1.623144190E1,-1.477222443E0,1.685518026E0,9.528923035E0,9.788949451E0
1.623343897E1,-1.477222443E0,1.668758631E0,9.548076630E0,9.804728902E0
1.623543839E1,-1.472434044E0,1.644816518E0,9.567230225E0,9.818624016E0
1.623743608E1,-1.472434044E0,1.635239720E0,9.564835548E0,9.814690521E0
1.623943386E1,-1.472434044E0,1.635239720E0,9.576807022E0,9.826357601E0
1.624143171E1,-1.479616642E0,1.628057122E0,9.588777542E0,9.837910863E0
1.624343038E1,-1.484405041E0,1.632845521E0,9.598354340E0,9.848758747E0
1.624542948E1,-1.493981838E0,1.656787634E0,9.598354340E0,9.854203825E0
1.624742765E1,-1.501164436E0,1.661576033E0,9.603142738E0,9.860764678E0
1.624942585E1,-1.489193439E0,1.654393315E0,9.607931137E0,9.862406150E0
1.625142460E1,-1.484405041E0,1.656787634E0,9.598354340E0,9.852756448E0
1.625342179E1,-1.474828243E0,1.661576033E0,9.598354340E0,9.852124608E0
1.625541987E1,-1.486799240E0,1.668758631E0,9.588777542E0,9.845810383E0
1.625741878E1,-1.489193439E0,1.675941229E0,9.579200745E0,9.838067036E0
1.625941604E1,-1.501164436E0,1.690306425E0,9.564835548E0,9.828362506E0
1.626141425E1,-1.498770237E0,1.699883223E0,9.543288231E0,9.808683166E0
1.626341222E1,-1.501164436E0,1.707065821E0,9.528923035E0,9.796322911E0
1.626541069E1,-1.486799240E0,1.728613615E0,9.502586365E0,9.772298841E0
1.626740897E1,-1.477222443E0,1.745373011E0,9.485827446E0,9.757532241E0
1.626940753E1,-1.484405041E0,1.752555609E0,9.476250648E0,9.750601819E0
1.627140608E1,-1.474828243E0,1.750161409E0,9.461885452E0,9.734755242E0
1.627340460E1,-1.484405041E0,1.757344007E0,9.442731857E0,9.718894032E0
1.627540390E1,-1.479616642E0,1.764526606E0,9.440337181E0,9.717138758E0
1.627740296E1,-1.477222443E0,1.764526606E0,9.435548782E0,9.712122379E0
1.627940214E1,-1.482010841E0,1.759738207E0,9.457097054E0,9.732919365E0
1.628140171E1,-1.486799240E0,1.754949808E0,9.471462250E0,9.746743967E0
1.628340089E1,-1.489193439E0,1.747767210E0,9.459490776E0,9.734184766E0
1.628540104E1,-1.491587639E0,1.738190413E0,9.478644371E0,9.751453159E0
1.628740089E1,-1.503558636E0,1.721431017E0,9.490615845E0,9.761956895E0
1.628940069E1,-1.489193439E0,1.714248419E0,9.504981041E0,9.772461785E0
1.629139913E1,-1.489193439E0,1.695094824E0,9.500192642E0,9.764461265E0
1.629339905E1,-1.486799240E0,1.692700624E0,9.502586365E0,9.766010189E0
1.629539866E1,-1.479616642E0,1.683123827E0,9.521739960E0,9.781906925E0
1.629739815E1,-1.477222443E0,1.678335428E0,9.521739960E0,9.780722254E0
1.629939616E1,-1.472434044E0,1.673547029E0,9.524134636E0,9.781511245E0
1.630139468E1,-1.479616642E0,1.678335428E0,9.528923035E0,9.788076901E0
1.630339249E1,-1.489193439E0,1.697489023E0,9.536105156E0,9.799819775E0
1.630539046E1,-1.493981838E0,1.699883223E0,9.528923035E0,9.793975643E0
1.630738940E1,-1.501164436E0,1.709460020E0,9.528923035E0,9.796740398E0
1.630938843E1,-1.503558636E0,1.707065821E0,9.533711433E0,9.801347662E0
1.631138698E1,-1.510741234E0,1.702277422E0,9.533711433E0,9.801619315E0
1.631338577E1,-1.513135433E0,1.697489023E0,9.528923035E0,9.796500499E0
1.631538468E1,-1.527500629E0,1.707065821E0,9.526528358E0,9.798064832E0
1.631738362E1,-1.527500629E0,1.719036818E0,9.516951561E0,9.790848419E0
1.631938272E1,-1.513135433E0,1.726219416E0,9.514557838E0,9.787554504E0
1.632138155E1,-1.501164436E0,1.733402014E0,9.488221169E0,9.761378906E0
1.632337960E1,-1.486799240E0,1.742978811E0,9.476250648E0,9.749249893E0
1.632537858E1,-1.484405041E0,1.740584612E0,9.478644371E0,9.750784185E0
1.632737874E1,-1.477222443E0,1.745373011E0,9.476250648E0,9.748222374E0
1.632937850E1,-1.465251446E0,1.764526606E0,9.476250648E0,9.749863706E0
1.633137768E1,-1.453280449E0,1.764526606E0,9.473855972E0,9.745743953E0
1.633337608E1,-1.434126854E0,1.757344007E0,9.473855972E0,9.741607915E0
1.633537401E1,-1.419761658E0,1.757344007E0,9.469067574E0,9.734845753E0
1.633737253E1,-1.407790542E0,1.757344007E0,9.473855972E0,9.737765614E0
1.633937124E1,-1.403002143E0,1.759738207E0,9.481039047E0,9.744495625E0
1.634136905E1,-1.403002143E0,1.759738207E0,9.478644371E0,9.742165708E0
1.634336694E1,-1.407790542E0,1.762132406E0,9.466673851E0,9.731644189E0
1.634536550E1,-1.407790542E0,1.766920805E0,9.473855972E0,9.739498464E0
1.634736405E1,-1.417367458E0,1.766920805E0,9.466673851E0,9.733902272E0
1.634936284E1,-1.417367458E0,1.771709204E0,9.454702377E0,9.723131237E0
1.635136190E1,-1.419761658E0,1.774103403E0,9.449913979E0,9.719261302E0
1.635336022E1,-1.429338455E0,1.778891921E0,9.457097054E0,9.728522476E0
1.635535894E1,-1.436521053E0,1.778891921E0,9.464279175E0,9.736561482E0
1.635735671E1,-1.436521053E0,1.783680320E0,9.459490776E0,9.732783464E0
1.635935476E1,-1.436521053E0,1.771709204E0,9.452308655E0,9.723614819E0
1.636135382E1,-1.431732655E0,1.766920805E0,9.454702377E0,9.724364481E0
1.636335272E1,-1.426944256E0,1.754949808E0,9.454702377E0,9.721492467E0
1.636535179E1,-1.429338455E0,1.740584612E0,9.459490776E0,9.723919423E0
1.636735050E1,-1.419761658E0,1.726219416E0,9.464279175E0,9.724615002E0
1.636934862E1,-1.400607944E0,1.726219416E0,9.478644371E0,9.735822266E0
1.637134714E1,-1.405396342E0,1.721431017E0,9.485827446E0,9.742658054E0
1.637334515E1,-1.414973259E0,1.704671621E0,9.485827446E0,9.741097320E0
1.637534327E1,-1.412579060E0,1.687912226E0,9.507374763E0,9.758821762E0
1.637734124E1,-1.419761658E0,1.690306425E0,9.526528358E0,9.778936626E0
1.637933983E1,-1.407790542E0,1.675941229E0,9.538499832E0,9.786400373E0
1.638133870E1,-1.419761658E0,1.680729628E0,9.552865028E0,9.802948816E0
1.638333722E1,-1.417367458E0,1.692700624E0,9.557653427E0,9.809327446E0
1.638533554E1,-1.417367458E0,1.695094824E0,9.576807022E0,9.828403213E0
1.638733448E1,-1.424550056E0,1.695094824E0,9.581595421E0,9.834106982E0
1.638933327E1,-1.429338455E0,1.711854219E0,9.586383820E0,9.842368009E0
1.639133257E1,-1.422155857E0,1.721431017E0,9.579200745E0,9.836002182E0
1.639333120E1,-1.414973259E0,1.728613615E0,9.579200745E0,9.836225966E0
1.639532921E1,-1.417367458E0,1.731007814E0,9.583989143E0,9.841654661E0
1.639732679E1,-1.429338455E0,1.731007814E0,9.581595421E0,9.841055191E0
1.639932362E1,-1.422155857E0,1.721431017E0,9.583989143E0,9.840665624E0
1.640132163E1,-1.419761658E0,1.723825216E0,9.564835548E0,9.822086113E0
1.640332003E1,-1.414973259E0,1.726219416E0,9.557653427E0,9.814821538E0
1.640531808E1,-1.414973259E0,1.723825216E0,9.533711433E0,9.791086579E0
1.640731624E1,-1.414973259E0,1.728613615E0,9.512163162E0,9.770951969E0
1.640931503E1,-1.431732655E0,1.719036818E0,9.497797966E0,9.757720645E0
1.641131366E1,-1.438915253E0,1.711854219E0,9.483432770E0,9.743532166E0
1.641331120E1,-1.441309452E0,1.699883223E0,9.478644371E0,9.737128685E0
1.641530972E1,-1.455674648E0,1.695094824E0,9.488221169E0,9.747752361E0
1.641730874E1,-1.455674648E0,1.683123827E0,9.485827446E0,9.743347312E0
1.641930714E1,-1.458068848E0,1.678335428E0,9.471462250E0,9.728893654E0
1.642130565E1,-1.470039845E0,1.673547029E0,9.461885452E0,9.720547984E0
1.642330382E1,-1.474828243E0,1.673547029E0,9.445125580E0,9.704961372E0
1.642530378E1,-1.486799240E0,1.678335428E0,9.442731857E0,9.705285504E0
1.642730382E1,-1.496376038E0,1.690306425E0,9.457097054E0,9.722806269E0
1.642930296E1,-1.493981838E0,1.687912226E0,9.466673851E0,9.731338203E0
1.643130183E1,-1.491587639E0,1.685518026E0,9.464279175E0,9.728226200E0
1.643330050E1,-1.496376038E0,1.690306425E0,9.481039047E0,9.746095550E0
1.643529886E1,-1.498770237E0,1.687912226E0,9.495404243E0,9.760023650E0
1.643729811E1,-1.503558636E0,1.678335428E0,9.495404243E0,9.759108572E0
1.643929644E1,-1.486799240E0,1.683123827E0,9.512163162E0,9.773675144E0
1.644129550E1,-1.477222443E0,1.685518026E0,9.528923035E0,9.788949451E0
1.644329456E1,-1.470039845E0,1.687912226E0,9.538499832E0,9.797603986E0
1.644529276E1,-1.462857246E0,1.692700624E0,9.550470352E0,9.809009668E0
1.644729144E1,-1.458068848E0,1.683123827E0,9.569623947E0,9.825302696E0
1.644929085E1,-1.455674648E0,1.680729628E0,9.576807022E0,9.831534646E0
1.645128936E1,-1.465251446E0,1.685518026E0,9.579200745E0,9.836107956E0
1.645328632E1,-1.465251446E0,1.680729628E0,9.583989143E0,9.839952326E0
1.645528421E1,-1.458068848E0,1.675941229E0,9.576807022E0,9.831071992E0
1.645728183E1,-1.462857246E0,1.671152830E0,9.574412346E0,9.828635453E0
1.645927882E1,-1.460463047E0,1.666364431E0,9.574412346E0,9.827466332E0
1.646127589E1,-1.460463047E0,1.666364431E0,9.560047150E0,9.813471569E0
1.646327417E1,-1.467645645E0,1.675941229E0,9.543288231E0,9.799852703E0
1.646527155E1,-1.472434044E0,1.678335428E0,9.531316757E0,9.789324336E0
1.646726979E1,-1.493981838E0,1.685518026E0,9.516951561E0,9.779842522E0
1.646926808E1,-1.493981838E0,1.690306425E0,9.495404243E0,9.759703853E0
1.647126667E1,-1.498770237E0,1.695094824E0,9.485827446E0,9.751952677E0
1.647326612E1,-1.501164436E0,1.702277422E0,9.481039047E0,9.748915042E0
1.647526460E1,-1.493981838E0,1.702277422E0,9.478644371E0,9.745482506E0
1.647726366E1,-1.489193439E0,1.687912226E0,9.478644371E0,9.742250453E0
1.647926265E1,-1.496376038E0,1.678335428E0,9.473855972E0,9.737037436E0
1.648126190E1,-1.496376038E0,1.675941229E0,9.478644371E0,9.741284277E0
1.648326140E1,-1.491587639E0,1.666364431E0,9.488221169E0,9.748227790E0
1.648526147E1,-1.489193439E0,1.678335428E0,9.483432770E0,9.745255461E0
1.648726022E1,-1.496376038E0,1.692700624E0,9.512163162E0,9.776790101E0
1.648925905E1,-1.496376038E0,1.692700624E0,9.524134636E0,9.788437935E0
1.649125776E1,-1.501164436E0,1.697489023E0,9.526528358E0,9.792328947E0
1.649325577E1,-1.508347034E0,1.702277422E0,9.540893555E0,9.808236795E0
1.649525378E1,-1.498770237E0,1.707065821E0,9.545681953E0,9.812259164E0
1.649725058E1,-1.486799240E0,1.697489023E0,9.552865028E0,9.815766461E0
1.649924850E1,-1.479616642E0,1.690306425E0,9.557653427E0,9.818102681E0
1.650124593E1,-1.472434044E0,1.685518026E0,9.548076630E0,9.806875158E0
1.650324429E1,-1.467645645E0,1.678335428E0,9.560047150E0,9.816582657E0
1.650524175E1,-1.460463047E0,1.666364431E0,9.560047150E0,9.813471569E0
1.650723917E1,-1.448492050E0,1.673547029E0,9.552865028E0,9.805922656E0
1.650923776E1,-1.443703651E0,1.692700624E0,9.548076630E0,9.803840215E0
1.651123542E1,-1.436521053E0,1.692700624E0,9.545681953E0,9.800452648E0
1.651323331E1,-1.434126854E0,1.692700624E0,9.533711433E0,9.788442620E0
1.651523073E1,-1.436521053E0,1.685518026E0,9.538499832E0,9.792218482E0
1.651722800E1,-1.429338455E0,1.678335428E0,9.540893555E0,9.792265726E0
1.651922511E1,-1.419761658E0,1.673547029E0,9.548076630E0,9.797053136E0
1.652122351E1,-1.417367458E0,1.685518026E0,9.540893555E0,9.791759359E0
1.652322140E1,-1.414973259E0,1.683123827E0,9.540893555E0,9.791001224E0
1.652521972E1,-1.412579060E0,1.687912226E0,9.540893555E0,9.791479822E0
1.652721780E1,-1.407790542E0,1.692700624E0,9.538499832E0,9.789284379E0
1.652921479E1,-1.400607944E0,1.702277422E0,9.536105156E0,9.787581549E0
1.653121288E1,-1.412579060E0,1.707065821E0,9.533711433E0,9.787803993E0
1.653321065E1,-1.403002143E0,1.719036818E0,9.536105156E0,9.790853085E0
1.653520897E1,-1.410184860E0,1.716642618E0,9.536105156E0,9.791464894E0
1.653720675E1,-1.422155857E0,1.714248419E0,9.531316757E0,9.788113917E0
1.653920530E1,-1.424550056E0,1.731007814E0,9.528923035E0,9.789080913E0
1.654120296E1,-1.443703651E0,1.723825216E0,9.536105156E0,9.797609665E0
1.654320155E1,-1.450886250E0,1.714248419E0,9.533711433E0,9.794660395E0
1.654519866E1,-1.458068848E0,1.723825216E0,9.516951561E0,9.781099384E0
1.654719597E1,-1.458068848E0,1.726219416E0,9.519346237E0,9.783851543E0
1.654919433E1,-1.458068848E0,1.707065821E0,9.531316757E0,9.792141625E0
1.655119245E1,-1.467645645E0,1.699883223E0,9.524134636E0,9.785332252E0
1.655319128E1,-1.467645645E0,1.697489023E0,9.507374763E0,9.768604180E0
1.655518991E1,-1.467645645E0,1.702277422E0,9.509769440E0,9.771767852E0
1.655718890E1,-1.470039845E0,1.704671621E0,9.514557838E0,9.777204782E0
1.655918729E1,-1.472434044E0,1.695094824E0,9.519346237E0,9.780560375E0
1.656118432E1,-1.472434044E0,1.697489023E0,9.524134636E0,9.785635981E0
1.656318182E1,-1.465251446E0,1.702277422E0,9.516951561E0,9.778398500E0
1.656517948E1,-1.465251446E0,1.714248419E0,9.526528358E0,9.789808579E0
1.656717745E1,-1.448492050E0,1.699883223E0,9.521739960E0,9.780146423E0
1.656917554E1,-1.450886250E0,1.690306425E0,9.514557838E0,9.771848217E0
1.657117350E1,-1.450886250E0,1.692700624E0,9.512163162E0,9.769931133E0
1.657317077E1,-1.453280449E0,1.692700624E0,9.516951561E0,9.774948925E0
1.657516968E1,-1.455674648E0,1.692700624E0,9.533711433E0,9.791622837E0
1.657716706E1,-1.450886250E0,1.695094824E0,9.533711433E0,9.791326318E0
1.657916444E1,-1.436521053E0,1.695094824E0,9.521739960E0,9.777549338E0
1.658116186E1,-1.429338455E0,1.690306425E0,9.509769440E0,9.764008348E0
1.658316014E1,-1.431732655E0,1.707065821E0,9.524134636E0,9.781261303E0
1.658515851E1,-1.431732655E0,1.714248419E0,9.533711433E0,9.791841488E0
1.658715745E1,-1.441309452E0,1.721431017E0,9.538499832E0,9.799167145E0
1.658915573E1,-1.448492050E0,1.719036818E0,9.528923035E0,9.790484717E0
1.659115409E1,-1.450886250E0,1.716642618E0,9.514557838E0,9.776438188E0
1.659315253E1,-1.443703651E0,1.716642618E0,9.512163162E0,9.773044057E0
1.659515093E1,-1.450886250E0,1.723825216E0,9.502586365E0,9.766053036E0
1.659714936E1,-1.448492050E0,1.735796213E0,9.490615845E0,9.756172755E0
1.659914811E1,-1.441309452E0,1.733402014E0,9.485827446E0,9.750024503E0
1.660114577E1,-1.434126854E0,1.719036818E0,9.466673851E0,9.727780899E0
1.660314429E1,-1.424550056E0,1.714248419E0,9.469067574E0,9.727858511E0
1.660514241E1,-1.422155857E0,1.714248419E0,9.464279175E0,9.722847074E0
1.660714120E1,-1.422155857E0,1.723825216E0,9.459490776E0,9.719879958E0
1.660914140E1,-1.434126854E0,1.728613615E0,9.464279175E0,9.727147843E0
1.661114034E1,-1.438915253E0,1.735796213E0,9.459490776E0,9.724475890E0
1.661313894E1,-1.450886250E0,1.752555609E0,9.454702377E0,9.724603802E0
1.661513726E1,-1.455674648E0,1.754949808E0,9.445125580E0,9.716441464E0
1.661713511E1,-1.465251446E0,1.769315004E0,9.449913979E0,9.725138127E0
1.661913354E1,-1.465251446E0,1.771709204E0,9.454702377E0,9.730226737E0
1.662113163E1,-1.477222443E0,1.769315004E0,9.452308655E0,9.729275442E0
1.662312964E1,-1.474828243E0,1.769315004E0,9.461885452E0,9.738216995E0
1.662512710E1,-1.470039845E0,1.771709204E0,9.473855972E0,9.749559869E0
1.662712534E1,-1.453280449E0,1.766920805E0,9.495404243E0,9.767125214E0
1.662912530E1,-1.458068848E0,1.759738207E0,9.507374763E0,9.778180721E0
1.663112491E1,-1.467645645E0,1.757344007E0,9.512163162E0,9.783838190E0
1.663312362E1,-1.467645645E0,1.757344007E0,9.500192642E0,9.772200466E0
1.663512245E1,-1.472434044E0,1.752555609E0,9.512163162E0,9.783698748E0
1.663712140E1,-1.467645645E0,1.754949808E0,9.519346237E0,9.790392502E0
1.663912018E1,-1.462857246E0,1.740584612E0,9.524134636E0,9.791768312E0
1.664111905E1,-1.458068848E0,1.731007814E0,9.533711433E0,9.798673712E0
1.664311741E1,-1.453280449E0,1.723825216E0,9.531316757E0,9.794365552E0
1.664511585E1,-1.441309452E0,1.704671621E0,9.512163162E0,9.770594982E0
1.664711413E1,-1.434126854E0,1.697489023E0,9.514557838E0,9.770619206E0
1.664911147E1,-1.434126854E0,1.704671621E0,9.502586365E0,9.760213768E0
1.665110999E1,-1.429338455E0,1.704671621E0,9.504981041E0,9.761842979E0
1.665310729E1,-1.424550056E0,1.702277422E0,9.514557838E0,9.770051287E0
1.665510491E1,-1.424550056E0,1.707065821E0,9.497797966E0,9.754567278E0
1.665710300E1,-1.426944256E0,1.707065821E0,9.500192642E0,9.757248786E0
1.665910190E1,-1.434126854E0,1.709460020E0,9.495404243E0,9.754059419E0
1.666110101E1,-1.426944256E0,1.711854219E0,9.507374763E0,9.765080116E0
1.666309960E1,-1.438915253E0,1.716642618E0,9.502586365E0,9.763016266E0
1.666509788E1,-1.443703651E0,1.711854219E0,9.497797966E0,9.758221729E0
1.666709757E1,-1.446097851E0,1.709460020E0,9.495404243E0,9.755826685E0
1.666909745E1,-1.446097851E0,1.702277422E0,9.493009567E0,9.752239643E0
1.667109690E1,-1.448492050E0,1.709460020E0,9.478644371E0,9.739870733E0
1.667309593E1,-1.448492050E0,1.721431017E0,9.485827446E0,9.748967961E0
1.667509432E1,-1.438915253E0,1.719036818E0,9.502586365E0,9.763437525E0
1.667709226E1,-1.438915253E0,1.726219416E0,9.507374763E0,9.769364640E0
1.667909073E1,-1.434126854E0,1.728613615E0,9.497797966E0,9.759763884E0
1.668108936E1,-1.422155857E0,1.728613615E0,9.495404243E0,9.755682142E0
1.668308749E1,-1.431732655E0,1.728613615E0,9.497797966E0,9.759412361E0
1.668508624E1,-1.426944256E0,1.733402014E0,9.500192642E0,9.761890836E0
1.668708405E1,-1.429338455E0,1.728613615E0,9.500192642E0,9.761391995E0
1.668908261E1,-1.434126854E0,1.728613615E0,9.497797966E0,9.759763884E0
1.669108042E1,-1.438915253E0,1.721431017E0,9.493009567E0,9.754539071E0
1.669307913E1,-1.438915253E0,1.723825216E0,9.504981041E0,9.766612262E0
1.669507663E1,-1.441309452E0,1.711854219E0,9.495404243E0,9.755537891E0
1.669707397E1,-1.438915253E0,1.714248419E0,9.490615845E0,9.750944255E0
1.669907120E1,-1.443703651E0,1.709460020E0,9.500192642E0,9.760132890E0
1.670106854E1,-1.446097851E0,1.714248419E0,9.509769440E0,9.770647954E0
1.670306597E1,-1.436521053E0,1.711854219E0,9.514557838E0,9.773476785E0
1.670506382E1,-1.458068848E0,1.714248419E0,9.514557838E0,9.777086645E0
1.670706093E1,-1.460463047E0,1.716642618E0,9.512163162E0,9.775533858E0
1.670905913E1,-1.465251446E0,1.716642618E0,9.521739960E0,9.785568739E0
1.671105726E1,-1.467645645E0,1.716642618E0,9.531316757E0,9.795246028E0
1.671305534E1,-1.465251446E0,1.707065821E0,9.531316757E0,9.793213703E0
1.671505358E1,-1.465251446E0,1.704671621E0,9.521739960E0,9.783475814E0
1.671705167E1,-1.455674648E0,1.697489023E0,9.524134636E0,9.783128244E0
1.671905026E1,-1.448492050E0,1.683123827E0,9.536105156E0,9.791237745E0
1.672104862E1,-1.450886250E0,1.663970232E0,9.540893555E0,9.792983083E0
1.672304694E1,-1.441309452E0,1.656787634E0,9.548076630E0,9.797350944E0
1.672504503E1,-1.443703651E0,1.654393315E0,9.557653427E0,9.806632271E0
1.672704401E1,-1.438915253E0,1.659181833E0,9.552865028E0,9.802070787E0
1.672904276E1,-1.438915253E0,1.659181833E0,9.543288231E0,9.792737703E0
1.673104171E1,-1.438915253E0,1.671152830E0,9.543288231E0,9.794773052E0
1.673304003E1,-1.443703651E0,1.666364431E0,9.548076630E0,9.799327425E0
1.673503772E1,-1.446097851E0,1.680729628E0,9.552865028E0,9.806797710E0
1.673703628E1,-1.448492050E0,1.683123827E0,9.564835548E0,9.819221665E0
1.673903491E1,-1.450886250E0,1.699883223E0,9.560047150E0,9.817798907E0
1.674103468E1,-1.450886250E0,1.702277422E0,9.555258751E0,9.813551300E0
1.674303456E1,-1.455674648E0,1.704671621E0,9.552865028E0,9.812345503E0
1.674503464E1,-1.448492050E0,1.707065821E0,9.548076630E0,9.807036773E0
1.674703288E1,-1.446097851E0,1.702277422E0,9.543288231E0,9.801188585E0
1.674903175E1,-1.434126854E0,1.704671621E0,9.555258751E0,9.811503196E0
1.675103097E1,-1.431732655E0,1.714248419E0,9.533711433E0,9.791841488E0
1.675302979E1,-1.438915253E0,1.711854219E0,9.524134636E0,9.783151973E0
1.675502976E1,-1.438915253E0,1.723825216E0,9.524134636E0,9.785253755E0
1.675702839E1,-1.438915253E0,1.728613615E0,9.516951561E0,9.779107789E0
1.675902698E1,-1.434126854E0,1.728613615E0,9.521739960E0,9.783064792E0
1.676102612E1,-1.438915253E0,1.721431017E0,9.509769440E0,9.770850354E0
1.676302468E1,-1.446097851E0,1.731007814E0,9.495404243E0,9.759625443E0
1.676502405E1,-1.450886250E0,1.733402014E0,9.502586365E0,9.767748004E0
1.676702272E1,-1.441309452E0,1.735796213E0,9.497797966E0,9.762096477E0
1.676902233E1,-1.450886250E0,1.723825216E0,9.495404243E0,9.759064813E0
1.677102265E1,-1.455674648E0,1.723825216E0,9.500192642E0,9.764436609E0
1.677302163E1,-1.460463047E0,1.721431017E0,9.495404243E0,9.760070635E0
1.677502155E1,-1.462857246E0,1.719036818E0,9.502586365E0,9.766994754E0
1.677702144E1,-1.450886250E0,1.709460020E0,9.514557838E0,9.775179555E0
1.677902104E1,-1.448492050E0,1.711854219E0,9.514557838E0,9.775243473E0
1.678101991E1,-1.455674648E0,1.709460020E0,9.531316757E0,9.792203091E0
1.678301944E1,-1.448492050E0,1.707065821E0,9.533711433E0,9.793051446E0
1.678501886E1,-1.443703651E0,1.692700624E0,9.531316757E0,9.787518315E0
1.678701854E1,-1.450886250E0,1.687912226E0,9.543288231E0,9.799411658E0
1.678901827E1,-1.448492050E0,1.685518026E0,9.562441826E0,9.817300745E0
1.679101843E1,-1.441309452E0,1.685518026E0,9.560047150E0,9.813910814E0
1.679301753E1,-1.443703651E0,1.687912226E0,9.545681953E0,9.800682215E0
1.679501620E1,-1.441309452E0,1.695094824E0,9.552865028E0,9.808565117E0
1.679701479E1,-1.446097851E0,1.695094824E0,9.564835548E0,9.820927885E0
1.679901366E1,-1.448492050E0,1.697489023E0,9.543288231E0,9.800711630E0
1.680101175E1,-1.443703651E0,1.704671621E0,9.536105156E0,9.794257864E0
1.680300921E1,-1.436521053E0,1.704671621E0,9.533711433E0,9.790870838E0
1.680500772E1,-1.438915253E0,1.707065821E0,9.526528358E0,9.784645798E0
1.680700612E1,-1.438915253E0,1.704671621E0,9.521739960E0,9.779566161E0
1.680900530E1,-1.434126854E0,1.704671621E0,9.519346237E0,9.776532000E0
1.681100417E1,-1.422155857E0,1.702277422E0,9.507374763E0,9.762707135E0
1.681300179E1,-1.422155857E0,1.702277422E0,9.490615845E0,9.746387270E0
1.681499983E1,-1.441309452E0,1.697489023E0,9.471462250E0,9.729719373E0
1.681699726E1,-1.434126854E0,1.699883223E0,9.457097054E0,9.715091738E0
1.681899495E1,-1.436521053E0,1.697489023E0,9.447520256E0,9.705704545E0
1.682099229E1,-1.450886250E0,1.704671621E0,9.461885452E0,9.723078348E0
1.682299061E1,-1.453280449E0,1.704671621E0,9.459490776E0,9.721105654E0
1.682498862E1,-1.448492050E0,1.711854219E0,9.447520256E0,9.710005823E0
1.682698632E1,-1.460463047E0,1.714248419E0,9.435548782E0,9.700576312E0
1.682898444E1,-1.460463047E0,1.707065821E0,9.437943459E0,9.701639179E0
1.683098124E1,-1.446097851E0,1.699883223E0,9.440337181E0,9.700555039E0
1.683297811E1,-1.453280449E0,1.704671621E0,9.454702377E0,9.716446184E0
1.683497585E1,-1.460463047E0,1.719036818E0,9.457097054E0,9.722382659E0
1.683697366E1,-1.465251446E0,1.726219416E0,9.461885452E0,9.729032407E0
1.683897175E1,-1.472434044E0,1.714248419E0,9.471462250E0,9.737315174E0
1.684096905E1,-1.479616642E0,1.711854219E0,9.483432770E0,9.749626012E0
1.684296772E1,-1.474828243E0,1.721431017E0,9.497797966E0,9.764558838E0
1.684496714E1,-1.474828243E0,1.723825216E0,9.514557838E0,9.781283279E0
1.684696577E1,-1.472434044E0,1.723825216E0,9.536105156E0,9.801884356E0
1.684896394E1,-1.472434044E0,1.716642618E0,9.540893555E0,9.805282949E0
1.685096253E1,-1.479616642E0,1.707065821E0,9.536105156E0,9.800032687E0
1.685296073E1,-1.474828243E0,1.707065821E0,9.545681953E0,9.808630690E0
1.685495979E1,-1.474828243E0,1.702277422E0,9.555258751E0,9.817119566E0
1.685695808E1,-1.477222443E0,1.699883223E0,9.564835548E0,9.826386324E0
1.685895694E1,-1.470039845E0,1.702277422E0,9.586383820E0,9.846700986E0
1.686095542E1,-1.462857246E0,1.709460020E0,9.586383820E0,9.846875627E0
1.686295390E1,-1.455674648E0,1.714248419E0,9.591172218E0,9.851305540E0
1.686495167E1,-1.450886250E0,1.719036818E0,9.586383820E0,9.846771716E0
1.686694995E1,-1.443703651E0,1.709460020E0,9.591172218E0,9.848711505E0
1.686894819E1,-1.438915253E0,1.707065821E0,9.591172218E0,9.847595409E0
1.687094600E1,-1.441309452E0,1.711854219E0,9.583989143E0,9.841781633E0
1.687294354E1,-1.448492050E0,1.711854219E0,9.574412346E0,9.833511370E0
1.687494155E1,-1.436521053E0,1.709460020E0,9.562441826E0,9.819681256E0
1.687694038E1,-1.426944256E0,1.714248419E0,9.540893555E0,9.798135913E0
1.687893866E1,-1.417367458E0,1.704671621E0,9.533711433E0,9.788078951E0
1.688093577E1,-1.419761658E0,1.702277422E0,9.524134636E0,9.778681514E0
1.688293460E1,-1.422155857E0,1.702277422E0,9.504981041E0,9.760376032E0
1.688493245E1,-1.424550056E0,1.704671621E0,9.497797966E0,9.754148574E0
1.688693151E1,-1.426944256E0,1.707065821E0,9.488221169E0,9.745593084E0
1.688892991E1,-1.438915253E0,1.695094824E0,9.488221169E0,9.745263696E0
1.689092827E1,-1.434126854E0,1.690306425E0,9.493009567E0,9.748388907E0
1.689292620E1,-1.438915253E0,1.692700624E0,9.488221169E0,9.744847534E0
1.689492444E1,-1.431732655E0,1.695094824E0,9.476250648E0,9.732550088E0
1.689692296E1,-1.429338455E0,1.692700624E0,9.466673851E0,9.722456358E0
1.689892038E1,-1.426944256E0,1.702277422E0,9.469067574E0,9.726107086E0
1.690091847E1,-1.429338455E0,1.714248419E0,9.466673851E0,9.726231020E0
1.690291632E1,-1.422155857E0,1.707065821E0,9.454702377E0,9.712260192E0
1.690491366E1,-1.414973259E0,1.711854219E0,9.461885452E0,9.719046790E0
1.690691077E1,-1.424550056E0,1.711854219E0,9.459490776E0,9.718114708E0
1.690890792E1,-1.429338455E0,1.714248419E0,9.461885452E0,9.721570468E0
1.691090608E1,-1.436521053E0,1.714248419E0,9.473855972E0,9.734278985E0
1.691290335E1,-1.446097851E0,1.716642618E0,9.461885452E0,9.724471049E0
1.691490167E1,-1.450886250E0,1.714248419E0,9.469067574E0,9.731750062E0
1.691690030E1,-1.460463047E0,1.721431017E0,9.473855972E0,9.739107969E0
1.691889862E1,-1.460463047E0,1.716642618E0,9.483432770E0,9.747579766E0
1.692089729E1,-1.446097851E0,1.723825216E0,9.493009567E0,9.756023935E0
1.692289507E1,-1.443703651E0,1.735796213E0,9.488221169E0,9.753133326E0
1.692489390E1,-1.441309452E0,1.728613615E0,9.497797966E0,9.760821900E0
1.692689257E1,-1.438915253E0,1.714248419E0,9.504981041E0,9.764926489E0
1.692889007E1,-1.441309452E0,1.709460020E0,9.497797966E0,9.757448063E0
1.693088749E1,-1.434126854E0,1.699883223E0,9.497797966E0,9.754716244E0
1.693288561E1,-1.426944256E0,1.687912226E0,9.502586365E0,9.756247496E0
1.693488417E1,-1.414973259E0,1.687912226E0,9.502586365E0,9.754503812E0
1.693688311E1,-1.419761658E0,1.697489023E0,9.504981041E0,9.759193447E0
1.693888233E1,-1.412579060E0,1.690306425E0,9.504981041E0,9.756904222E0
1.694088159E1,-1.414973259E0,1.685518026E0,9.528923035E0,9.779749206E0
1.694288093E1,-1.403002143E0,1.692700624E0,9.524134636E0,9.774599275E0
1.694487917E1,-1.407790542E0,1.699883223E0,9.528923035E0,9.781198872E0
1.694687694E1,-1.414973259E0,1.695094824E0,9.531316757E0,9.783736245E0
1.694887448E1,-1.429338455E0,1.697489023E0,9.552865028E0,9.807227317E0
1.695087288E1,-1.438915253E0,1.697489023E0,9.548076630E0,9.803964168E0
1.695287007E1,-1.448492050E0,1.711854219E0,9.545681953E0,9.805540171E0
1.695486862E1,-1.450886250E0,1.707065821E0,9.557653427E0,9.816714504E0
1.695686651E1,-1.436521053E0,1.702277422E0,9.576807022E0,9.832424619E0
1.695886487E1,-1.436521053E0,1.702277422E0,9.581595421E0,9.837088592E0
1.696086362E1,-1.431732655E0,1.699883223E0,9.579200745E0,9.833643692E0
1.696286155E1,-1.431732655E0,1.699883223E0,9.581595421E0,9.835976422E0
1.696486007E1,-1.434126854E0,1.695094824E0,9.579200745E0,9.833165981E0
1.696685804E1,-1.422155857E0,1.699883223E0,9.583989143E0,9.836919139E0
1.696885640E1,-1.417367458E0,1.695094824E0,9.586383820E0,9.837735090E0
1.697085350E1,-1.414973259E0,1.683123827E0,9.591172218E0,9.840002015E0
1.697285069E1,-1.403002143E0,1.675941229E0,9.583989143E0,9.830058083E0
1.697484847E1,-1.403002143E0,1.685518026E0,9.576807022E0,9.824694335E0
1.697684581E1,-1.403002143E0,1.685518026E0,9.574412346E0,9.822360093E0
1.697884323E1,-1.398213744E0,1.678335428E0,9.569623947E0,9.815778827E0
1.698084030E1,-1.405396342E0,1.680729628E0,9.557653427E0,9.805545879E0
1.698283741E1,-1.410184860E0,1.685518026E0,9.562441826E0,9.811721869E0
1.698483413E1,-1.438915253E0,1.683123827E0,9.555258751E0,9.808483711E0
1.698683171E1,-1.446097851E0,1.695094824E0,9.545681953E0,9.802274706E0
1.698882854E1,-1.460463047E0,1.692700624E0,9.536105156E0,9.794666368E0
1.699082651E1,-1.450886250E0,1.687912226E0,9.516951561E0,9.773765170E0
1.699282421E1,-1.455674648E0,1.690306425E0,9.502586365E0,9.760905292E0
1.699482147E1,-1.465251446E0,1.687912226E0,9.504981041E0,9.764254916E0
1.699681968E1,-1.470039845E0,1.690306425E0,9.500192642E0,9.760728108E0
1.699881757E1,-1.479616642E0,1.709460020E0,9.495404243E0,9.760851434E0
1.700081546E1,-1.477222443E0,1.707065821E0,9.481039047E0,9.746094668E0
1.700281417E1,-1.477222443E0,1.704671621E0,9.476250648E0,9.741017290E0
1.700481237E1,-1.477222443E0,1.699883223E0,9.481039047E0,9.744839174E0
1.700681085E1,-1.470039845E0,1.709460020E0,9.473855972E0,9.738440208E0
1.700880862E1,-1.470039845E0,1.711854219E0,9.461885452E0,9.727216371E0
1.701080722E1,-1.465251446E0,1.702277422E0,9.459490776E0,9.722483014E0
1.701280558E1,-1.465251446E0,1.707065821E0,9.466673851E0,9.730310854E0
1.701480526E1,-1.477222443E0,1.697489023E0,9.454702377E0,9.718798906E0
1.701680413E1,-1.479616642E0,1.699883223E0,9.452308655E0,9.717253073E0
1.701880276E1,-1.479616642E0,1.714248419E0,9.452308655E0,9.719776333E0
1.702080155E1,-1.477222443E0,1.711854219E0,9.449913979E0,9.716661218E0
1.702280089E1,-1.472434044E0,1.716642618E0,9.457097054E0,9.723765144E0
1.702479936E1,-1.470039845E0,1.719036818E0,9.454702377E0,9.721496889E0
1.702679917E1,-1.470039845E0,1.723825216E0,9.449913979E0,9.717688240E0
1.702879843E1,-1.465251446E0,1.726219416E0,9.449913979E0,9.717390055E0
1.703079726E1,-1.455674648E0,1.728613615E0,9.464279175E0,9.730348093E0
1.703279683E1,-1.448492050E0,1.726219416E0,9.483432770E0,9.747484793E0
1.703479581E1,-1.455674648E0,1.721431017E0,9.485827446E0,9.750037731E0
1.703679483E1,-1.441309452E0,1.726219416E0,9.495404243E0,9.758068874E0
1.703879331E1,-1.434126854E0,1.721431017E0,9.495404243E0,9.756164529E0
1.704079226E1,-1.429338455E0,1.711854219E0,9.502586365E0,9.760768459E0
1.704279073E1,-1.424550056E0,1.714248419E0,9.512163162E0,9.769812615E0
1.704478952E1,-1.422155857E0,1.719036818E0,9.512163162E0,9.770305158E0
1.704678792E1,-1.405396342E0,1.733402014E0,9.524134636E0,9.782073501E0
1.704878718E1,-1.403002143E0,1.733402014E0,9.516951561E0,9.774736036E0
1.705078616E1,-1.400607944E0,1.745373011E0,9.526528358E0,9.785845499E0
1.705278483E1,-1.398213744E0,1.742978811E0,9.533711433E0,9.792069776E0
1.705478311E1,-1.395819545E0,1.745373011E0,9.531316757E0,9.789823199E0
1.705678186E1,-1.400607944E0,1.745373011E0,9.509769440E0,9.769531430E0
1.705877979E1,-1.405396342E0,1.742978811E0,9.519346237E0,9.779113804E0
1.706077858E1,-1.412579060E0,1.738190413E0,9.519346237E0,9.779296411E0
1.706277671E1,-1.412579060E0,1.733402014E0,9.516951561E0,9.776115238E0
1.706477616E1,-1.417367458E0,1.742978811E0,9.514557838E0,9.776181080E0
1.706677530E1,-1.419761658E0,1.742978811E0,9.495404243E0,9.757889118E0
1.706877350E1,-1.424550056E0,1.742978811E0,9.497797966E0,9.760916156E0
1.707077175E1,-1.422155857E0,1.745373011E0,9.490615845E0,9.754006528E0
1.707276960E1,-1.422155857E0,1.738190413E0,9.490615845E0,9.752723840E0
1.707476733E1,-1.424550056E0,1.726219416E0,9.502586365E0,9.762598217E0
1.707676651E1,-1.424550056E0,1.726219416E0,9.497797966E0,9.757937412E0
1.707876534E1,-1.419761658E0,1.709460020E0,9.493009567E0,9.749626012E0
1.708076249E1,-1.424550056E0,1.704671621E0,9.512163162E0,9.768136784E0
1.708276014E1,-1.419761658E0,1.702277422E0,9.521739960E0,9.776349188E0
1.708475788E1,-1.412579060E0,1.692700624E0,9.521739960E0,9.773645526E0
1.708675647E1,-1.417367458E0,1.687912226E0,9.516951561E0,9.768845644E0
1.708875436E1,-1.426944256E0,1.678335428E0,9.512163162E0,9.763924812E0
1.709075198E1,-1.417367458E0,1.687912226E0,9.519346237E0,9.771178587E0
1.709274956E1,-1.414973259E0,1.675941229E0,9.516951561E0,9.766437188E0
1.709474745E1,-1.419761658E0,1.680729628E0,9.528923035E0,9.779619085E0
1.709674604E1,-1.436521053E0,1.666364431E0,9.521739960E0,9.772609427E0
1.709874405E1,-1.443703651E0,1.671152830E0,9.512163162E0,9.765156427E0
1.710074194E1,-1.443703651E0,1.671152830E0,9.519346237E0,9.772153539E0
1.710273976E1,-1.436521053E0,1.656787634E0,9.519346237E0,9.768648360E0
1.710473886E1,-1.453280449E0,1.656787634E0,9.516951561E0,9.768794006E0
1.710673745E1,-1.450886250E0,1.644816518E0,9.524134636E0,9.773414595E0
1.710873644E1,-1.455674648E0,1.647210717E0,9.512163162E0,9.762865351E0
1.711073487E1,-1.453280449E0,1.649604917E0,9.526528358E0,9.776909686E0
1.711273311E1,-1.453280449E0,1.654393315E0,9.536105156E0,9.787049752E0
1.711473261E1,-1.455674648E0,1.651999116E0,9.536105156E0,9.787001140E0
1.711673116E1,-1.458068848E0,1.659181833E0,9.533711433E0,9.786240484E0
1.711872862E1,-1.460463047E0,1.673547029E0,9.536105156E0,9.791374445E0
1.712072718E1,-1.465251446E0,1.675941229E0,9.548076630E0,9.804157696E0
1.712272542E1,-1.470039845E0,1.687912226E0,9.555258751E0,9.813920451E0
1.712472358E1,-1.467645645E0,1.690306425E0,9.574412346E0,9.832623827E0
1.712672194E1,-1.470039845E0,1.699883223E0,9.574412346E0,9.834632270E0
1.712872038E1,-1.460463047E0,1.702277422E0,9.588777542E0,9.847606587E0
1.713071823E1,-1.460463047E0,1.692700624E0,9.612719536E0,9.869273762E0
1.713271542E1,-1.458068848E0,1.685518026E0,9.622296333E0,9.877019920E0
1.713471327E1,-1.458068848E0,1.675941229E0,9.639056206E0,9.891721200E0
1.713671151E1,-1.448492050E0,1.675941229E0,9.643844604E0,9.894980898E0
1.713870886E1,-1.446097851E0,1.673547029E0,9.648633003E0,9.898892740E0
1.714070526E1,-1.458068848E0,1.673547029E0,9.648633003E0,9.900648628E0
1.714270300E1,-1.462857246E0,1.668758631E0,9.646238327E0,9.898212998E0
1.714470167E1,-1.465251446E0,1.683123827E0,9.634267807E0,9.889336873E0
1.714669976E1,-1.458068848E0,1.695094824E0,9.610325813E0,9.866999213E0
1.714869729E1,-1.462857246E0,1.699883223E0,9.600749016E0,9.859205645E0
1.715069507E1,-1.477222443E0,1.711854219E0,9.581595421E0,9.844775357E0
1.715269304E1,-1.474828243E0,1.721431017E0,9.567230225E0,9.832107468E0
1.715469026E1,-1.462857246E0,1.728613615E0,9.540893555E0,9.805952589E0
1.715668784E1,-1.455674648E0,1.733402014E0,9.514557838E0,9.780106445E0
1.715868663E1,-1.455674648E0,1.742978811E0,9.512163162E0,9.779479119E0
1.716068589E1,-1.450886250E0,1.742978811E0,9.488221169E0,9.755479844E0
1.716268507E1,-1.455674648E0,1.740584612E0,9.476250648E0,9.744123861E0
1.716468374E1,-1.446097851E0,1.728613615E0,9.469067574E0,9.733578208E0
1.716668296E1,-1.436521053E0,1.733402014E0,9.459490776E0,9.723694823E0
1.716868284E1,-1.422155857E0,1.723825216E0,9.454702377E0,9.715219900E0
1.717068226E1,-1.426944256E0,1.714248419E0,9.461885452E0,9.721218744E0
1.717268163E1,-1.407790542E0,1.707065821E0,9.459490776E0,9.714829575E0
1.717468155E1,-1.410184860E0,1.704671621E0,9.445125580E0,9.700769242E0
1.717668155E1,-1.414973259E0,1.709460020E0,9.435548782E0,9.692986315E0
1.717868069E1,-1.419761658E0,1.711854219E0,9.433155060E0,9.691779115E0
1.718067944E1,-1.429338455E0,1.721431017E0,9.433155060E0,9.694882544E0
1.718267808E1,-1.426944256E0,1.716642618E0,9.437943459E0,9.698340503E0
1.718467620E1,-1.431732655E0,1.726219416E0,9.440337181E0,9.703074665E0
1.718667515E1,-1.438915253E0,1.735796213E0,9.445125580E0,9.710502707E0
1.718867214E1,-1.434126854E0,1.757344007E0,9.445125580E0,9.713669493E0
1.719066964E1,-1.436521053E0,1.764526606E0,9.428366661E0,9.699033188E0
1.719266729E1,-1.441309452E0,1.769315004E0,9.433155060E0,9.705269852E0
1.719466577E1,-1.438915253E0,1.766920805E0,9.440337181E0,9.711459845E0
1.719666401E1,-1.434126854E0,1.757344007E0,9.449913979E0,9.718325576E0
1.719866218E1,-1.426944256E0,1.764526606E0,9.447520256E0,9.716242228E0
1.720066003E1,-1.426944256E0,1.757344007E0,9.440337181E0,9.707955190E0
1.720265847E1,-1.414973259E0,1.750161409E0,9.457097054E0,9.721208719E0
1.720465679E1,-1.412579060E0,1.738190413E0,9.454702377E0,9.716382174E0
1.720665593E1,-1.414973259E0,1.728613615E0,9.457097054E0,9.717352470E0
1.720865448E1,-1.400607944E0,1.721431017E0,9.478644371E0,9.734974395E0
1.721065249E1,-1.395819545E0,1.714248419E0,9.490615845E0,9.744677981E0
1.721265069E1,-1.391031146E0,1.692700624E0,9.497797966E0,9.747223669E0
1.721464964E1,-1.398213744E0,1.690306425E0,9.495404243E0,9.745503539E0
1.721664600E1,-1.414973259E0,1.685518026E0,9.512163162E0,9.763419911E0
1.721864409E1,-1.424550056E0,1.690306425E0,9.528923035E0,9.781965696E0
1.722064147E1,-1.414973259E0,1.690306425E0,9.550470352E0,9.801569725E0
1.722263983E1,-1.405396342E0,1.692700624E0,9.555258751E0,9.805271239E0
1.722463753E1,-1.412579060E0,1.690306425E0,9.562441826E0,9.812889946E0
1.722663429E1,-1.414973259E0,1.697489023E0,9.562441826E0,9.814474616E0
1.722863206E1,-1.424550056E0,1.702277422E0,9.572018623E0,9.826018106E0
1.723062948E1,-1.426944256E0,1.707065821E0,9.576807022E0,9.831860270E0
1.723262757E1,-1.431732655E0,1.707065821E0,9.574412346E0,9.830223999E0
1.723462507E1,-1.441309452E0,1.711854219E0,9.569623947E0,9.827793257E0
1.723662358E1,-1.450886250E0,1.719036818E0,9.569623947E0,9.830455787E0
1.723862186E1,-1.462857246E0,1.721431017E0,9.581595421E0,9.844300223E0
1.724061972E1,-1.465251446E0,1.719036818E0,9.583989143E0,9.846567792E0
1.724261729E1,-1.448492050E0,1.723825216E0,9.564835548E0,9.826280154E0
1.724461558E1,-1.436521053E0,1.707065821E0,9.545681953E0,9.802943966E0
1.724661405E1,-1.429338455E0,1.704671621E0,9.533711433E0,9.789819582E0
1.724861229E1,-1.422155857E0,1.697489023E0,9.514557838E0,9.768869286E0
1.725061007E1,-1.414973259E0,1.695094824E0,9.483432770E0,9.737093657E0
1.725260737E1,-1.431732655E0,1.680729628E0,9.464279175E0,9.718399599E0
1.725460569E1,-1.426944256E0,1.692700624E0,9.447520256E0,9.703455276E0
1.725660413E1,-1.426944256E0,1.695094824E0,9.437943459E0,9.694549659E0
1.725860257E1,-1.434126854E0,1.699883223E0,9.414001465E0,9.673145630E0
1.726060124E1,-1.441309452E0,1.709460020E0,9.404424667E0,9.666583151E0
1.726260018E1,-1.453280449E0,1.709460020E0,9.397241592E0,9.661388470E0
1.726459843E1,-1.448492050E0,1.721431017E0,9.385271072E0,9.651153665E0
1.726659651E1,-1.455674648E0,1.723825216E0,9.397241592E0,9.664300885E0
1.726859460E1,-1.465251446E0,1.733402014E0,9.397241592E0,9.667460571E0
1.727059268E1,-1.460463047E0,1.742978811E0,9.414001465E0,9.684748372E0
1.727259061E1,-1.462857246E0,1.747767210E0,9.411606789E0,9.683645176E0
1.727458847E1,-1.472434044E0,1.750161409E0,9.416395187E0,9.690181902E0
1.727658593E1,-1.482010841E0,1.752555609E0,9.428366661E0,9.703705745E0
1.727858300E1,-1.489193439E0,1.747767210E0,9.440337181E0,9.715572727E0
1.728058155E1,-1.474828243E0,1.740584612E0,9.457097054E0,9.728383104E0
1.728258026E1,-1.474828243E0,1.745373011E0,9.473855972E0,9.745531914E0
1.728457854E1,-1.472434044E0,1.733402014E0,9.471462250E0,9.740705401E0
1.728657710E1,-1.472434044E0,1.728613615E0,9.488221169E0,9.756152315E0
1.728857632E1,-1.470039845E0,1.709460020E0,9.519346237E0,9.782700215E0
1.729057444E1,-1.465251446E0,1.704671621E0,9.526528358E0,9.788136171E0
1.729257218E1,-1.465251446E0,1.695094824E0,9.526528358E0,9.786472849E0
1.729457014E1,-1.458068848E0,1.687912226E0,9.533711433E0,9.791152442E0
1.729656815E1,-1.450886250E0,1.683123827E0,9.548076630E0,9.803251708E0
1.729856632E1,-1.460463047E0,1.675941229E0,9.543288231E0,9.798779596E0
1.730056565E1,-1.453280449E0,1.673547029E0,9.533711433E0,9.787974122E0
1.730256374E1,-1.448492050E0,1.673547029E0,9.536105156E0,9.789596030E0
1.730456108E1,-1.458068848E0,1.673547029E0,9.538499832E0,9.793349962E0
1.730655854E1,-1.458068848E0,1.680729628E0,9.540893555E0,9.796911078E0
1.730855616E1,-1.455674648E0,1.675941229E0,9.526528358E0,9.781743722E0
1.731055436E1,-1.460463047E0,1.673547029E0,9.538499832E0,9.793706705E0
1.731255218E1,-1.448492050E0,1.675941229E0,9.543288231E0,9.797002525E0
1.731454964E1,-1.441309452E0,1.663970232E0,9.552865028E0,9.803234166E0
1.731654808E1,-1.443703651E0,1.659181833E0,9.564835548E0,9.814440568E0
1.731854604E1,-1.443703651E0,1.654393315E0,9.564835548E0,9.813632179E0
1.732054394E1,-1.429338455E0,1.647210717E0,9.569623947E0,9.814989254E0
1.732254081E1,-1.424550056E0,1.651999116E0,9.564835548E0,9.810429298E0
1.732453979E1,-1.422155857E0,1.637633920E0,9.572018623E0,9.814678429E0
1.732653890E1,-1.414973259E0,1.628057122E0,9.583989143E0,9.823724712E0
1.732853768E1,-1.407790542E0,1.632845521E0,9.593565941E0,9.832831035E0
1.733053640E1,-1.417367458E0,1.623268723E0,9.591172218E0,9.830285671E0
1.733253503E1,-1.414973259E0,1.628057122E0,9.576807022E0,9.816717988E0
1.733453276E1,-1.412579060E0,1.635239720E0,9.574412346E0,9.815231037E0
1.733653042E1,-1.407790542E0,1.656787634E0,9.569623947E0,9.813486738E0
1.733852843E1,-1.424550056E0,1.683123827E0,9.550470352E0,9.801720901E0
1.734052507E1,-1.436521053E0,1.709460020E0,9.548076630E0,9.805692919E0
1.734252229E1,-1.436521053E0,1.721431017E0,9.531316757E0,9.791471626E0
1.734452136E1,-1.443703651E0,1.728613615E0,9.521739960E0,9.784473268E0
1.734652014E1,-1.455674648E0,1.723825216E0,9.509769440E0,9.773754491E0
1.734851831E1,-1.462857246E0,1.738190413E0,9.509769440E0,9.777370405E0
1.735051640E1,-1.458068848E0,1.738190413E0,9.509769440E0,9.776655127E0
1.735251522E1,-1.453280449E0,1.750161409E0,9.493009567E0,9.761778509E0
1.735451382E1,-1.453280449E0,1.754949808E0,9.488221169E0,9.757982058E0
1.735651323E1,-1.448492050E0,1.747767210E0,9.485827446E0,9.753652740E0
1.735851167E1,-1.443703651E0,1.750161409E0,9.478644371E0,9.746386218E0
1.736051073E1,-1.438915253E0,1.752555609E0,9.464279175E0,9.732137924E0
1.736250987E1,-1.429338455E0,1.742978811E0,9.457097054E0,9.722019761E0
1.736450722E1,-1.422155857E0,1.735796213E0,9.464279175E0,9.726669321E0
1.736650483E1,-1.410184860E0,1.721431017E0,9.488221169E0,9.745680429E0
1.736850350E1,-1.410184860E0,1.716642618E0,9.485827446E0,9.742505096E0
1.737050112E1,-1.405396342E0,1.714248419E0,9.493009567E0,9.748385362E0
1.737250069E1,-1.400607944E0,1.702277422E0,9.507374763E0,9.759591484E0
1.737449979E1,-1.403002143E0,1.690306425E0,9.509769440E0,9.760187786E0
1.737649913E1,-1.412579060E0,1.666364431E0,9.519346237E0,9.766785694E0
1.737849737E1,-1.414973259E0,1.666364431E0,9.528923035E0,9.776466332E0
1.738049612E1,-1.419761658E0,1.663970232E0,9.540893555E0,9.788420195E0
1.738249464E1,-1.429338455E0,1.663970232E0,9.555258751E0,9.803814316E0
1.738449378E1,-1.436521053E0,1.666364431E0,9.550470352E0,9.800604425E0
1.738649245E1,-1.453280449E0,1.673547029E0,9.562441826E0,9.815960340E0
1.738849128E1,-1.470039845E0,1.663970232E0,9.555258751E0,9.809830981E0
1.739048976E1,-1.467645645E0,1.675941229E0,9.550470352E0,9.806846929E0
1.739248858E1,-1.477222443E0,1.687912226E0,9.560047150E0,9.819660653E0
1.739448741E1,-1.470039845E0,1.702277422E0,9.564835548E0,9.825723619E0
1.739648632E1,-1.470039845E0,1.711854219E0,9.560047150E0,9.822726888E0
1.739848499E1,-1.474828243E0,1.711854219E0,9.557653427E0,9.821115122E0
1.740048335E1,-1.484405041E0,1.697489023E0,9.552865028E0,9.815404096E0
1.740248249E1,-1.482010841E0,1.695094824E0,9.533711433E0,9.795986744E0
1.740448069E1,-1.474828243E0,1.692700624E0,9.528923035E0,9.789827779E0
1.740647929E1,-1.479616642E0,1.697489023E0,9.521739960E0,9.784388905E0
1.740847811E1,-1.482010841E0,1.695094824E0,9.531316757E0,9.793656198E0
1.741047600E1,-1.486799240E0,1.685518026E0,9.528923035E0,9.790399236E0
1.741247358E1,-1.486799240E0,1.685518026E0,9.531316757E0,9.792729044E0
1.741447214E1,-1.486799240E0,1.690306425E0,9.521739960E0,9.784234239E0
1.741647093E1,-1.477222443E0,1.692700624E0,9.504981041E0,9.766887229E0
1.741846987E1,-1.482010841E0,1.692700624E0,9.502586365E0,9.765282339E0
1.742046933E1,-1.491587639E0,1.685518026E0,9.497797966E0,9.760838637E0
1.742246819E1,-1.491587639E0,1.680729628E0,9.497797966E0,9.760012908E0
1.742446780E1,-1.491587639E0,1.680729628E0,9.497797966E0,9.760012908E0
1.742646733E1,-1.484405041E0,1.680729628E0,9.500192642E0,9.761248416E0
1.742846726E1,-1.477222443E0,1.668758631E0,9.490615845E0,9.748780981E0
1.743046764E1,-1.467645645E0,1.673547029E0,9.495404243E0,9.752817293E0
1.743246686E1,-1.465251446E0,1.668758631E0,9.514557838E0,9.770288022E0
1.743446546E1,-1.455674648E0,1.671152830E0,9.519346237E0,9.773929263E0
1.743646495E1,-1.443703651E0,1.675941229E0,9.519346237E0,9.772973551E0
1.743846452E1,-1.446097851E0,1.683123827E0,9.531316757E0,9.786220105E0
1.744046386E1,-1.441309452E0,1.680729628E0,9.516951561E0,9.771110072E0
1.744246343E1,-1.436521053E0,1.685518026E0,9.521739960E0,9.775893597E0
1.744446370E1,-1.429338455E0,1.695094824E0,9.521739960E0,9.776496650E0
1.744646335E1,-1.426944256E0,1.719036818E0,9.521739960E0,9.780326648E0
1.744846296E1,-1.429338455E0,1.714248419E0,9.526528358E0,9.784497873E0
1.745046311E1,-1.424550056E0,1.709460020E0,9.531316757E0,9.787624612E0
1.745246300E1,-1.424550056E0,1.711854219E0,9.521739960E0,9.778717687E0
1.745446264E1,-1.434126854E0,1.716642618E0,9.524134636E0,9.783287907E0
1.745646214E1,-1.436521053E0,1.716642618E0,9.497797966E0,9.758002911E0
1.745846093E1,-1.429338455E0,1.721431017E0,9.500192642E0,9.760122612E0
1.746045956E1,-1.426944256E0,1.733402014E0,9.495404243E0,9.757230867E0
1.746245960E1,-1.410184860E0,1.726219416E0,9.497797966E0,9.755850604E0
1.746445940E1,-1.405396342E0,1.728613615E0,9.490615845E0,9.748591335E0
1.746645933E1,-1.395819545E0,1.733402014E0,9.476250648E0,9.734080393E0
1.746845901E1,-1.393425345E0,1.726219416E0,9.485827446E0,9.741785771E0
1.747045854E1,-1.383848548E0,1.723825216E0,9.481039047E0,9.735333153E0
1.747245909E1,-1.383848548E0,1.721431017E0,9.473855972E0,9.727913884E0
1.747445850E1,-1.383848548E0,1.721431017E0,9.466673851E0,9.720919470E0
1.747645686E1,-1.386242747E0,1.721431017E0,9.473855972E0,9.728254760E0
1.747845667E1,-1.386242747E0,1.709460020E0,9.485827446E0,9.737804930E0
1.748045612E1,-1.383848548E0,1.714248419E0,9.490615845E0,9.742970469E0
1.748245565E1,-1.383848548E0,1.716642618E0,9.493009567E0,9.745723643E0
1.748445569E1,-1.393425345E0,1.721431017E0,9.493009567E0,9.747932580E0
1.748645530E1,-1.395819545E0,1.721431017E0,9.512163162E0,9.766928124E0
1.748845495E1,-1.410184860E0,1.714248419E0,9.516951561E0,9.772391519E0
1.749045382E1,-1.412579060E0,1.711854219E0,9.516951561E0,9.772317611E0
1.749245241E1,-1.414973259E0,1.721431017E0,9.526528358E0,9.783670918E0
1.749445132E1,-1.419761658E0,1.723825216E0,9.538499832E0,9.796441986E0
1.749645046E1,-1.414973259E0,1.719036818E0,9.538499832E0,9.794907654E0
1.749844983E1,-1.412579060E0,1.707065821E0,9.545681953E0,9.799464132E0
1.750044835E1,-1.417367458E0,1.692700624E0,9.548076630E0,9.799996594E0
1.750244788E1,-1.419761658E0,1.692700624E0,9.543288231E0,9.795678069E0
1.750444737E1,-1.417367458E0,1.695094824E0,9.540893555E0,9.793412418E0
1.750644686E1,-1.414973259E0,1.690306425E0,9.543288231E0,9.794571731E0
1.750844593E1,-1.424550056E0,1.687912226E0,9.538499832E0,9.790881962E0
1.751044542E1,-1.431732655E0,1.692700624E0,9.543288231E0,9.797420276E0
1.751244468E1,-1.431732655E0,1.692700624E0,9.550470352E0,9.804416237E0
1.751444323E1,-1.429338455E0,1.692700624E0,9.543288231E0,9.797070689E0
1.751644319E1,-1.434126854E0,1.699883223E0,9.531316757E0,9.787355206E0
1.751844323E1,-1.431732655E0,1.707065821E0,9.531316757E0,9.788254759E0
1.752044382E1,-1.426944256E0,1.702277422E0,9.524134636E0,9.779726933E0
1.752244308E1,-1.419761658E0,1.702277422E0,9.507374763E0,9.762358653E0
1.752444292E1,-1.419761658E0,1.707065821E0,9.509769440E0,9.765526697E0
1.752644179E1,-1.414973259E0,1.707065821E0,9.512163162E0,9.767162897E0
1.752843968E1,-1.403002143E0,1.711854219E0,9.500192642E0,9.754615324E0
1.753043890E1,-1.407790542E0,1.714248419E0,9.504981041E0,9.760388642E0
1.753243905E1,-1.410184860E0,1.721431017E0,9.495404243E0,9.752673881E0
1.753443847E1,-1.407790542E0,1.726219416E0,9.497797966E0,9.755504799E0
1.753643757E1,-1.414973259E0,1.733402014E0,9.504981041E0,9.764809084E0
1.753843624E1,-1.422155857E0,1.731007814E0,9.509769440E0,9.770088543E0
1.754043620E1,-1.419761658E0,1.731007814E0,9.500192642E0,9.760418611E0
1.754243589E1,-1.414973259E0,1.731007814E0,9.502586365E0,9.762053319E0
1.754443518E1,-1.414973259E0,1.733402014E0,9.509769440E0,9.769470132E0
1.754643550E1,-1.417367458E0,1.731007814E0,9.512163162E0,9.771722806E0
1.754843444E1,-1.419761658E0,1.731007814E0,9.524134636E0,9.783723820E0
1.755043378E1,-1.424550056E0,1.728613615E0,9.536105156E0,9.795649516E0
1.755243253E1,-1.431732655E0,1.726219416E0,9.524134636E0,9.784622242E0
1.755443226E1,-1.446097851E0,1.738190413E0,9.526528358E0,9.791182128E0
1.755643210E1,-1.462857246E0,1.735796213E0,9.514557838E0,9.781602664E0
1.755843116E1,-1.477222443E0,1.740584612E0,9.514557838E0,9.784611990E0
1.756043073E1,-1.477222443E0,1.742978811E0,9.509769440E0,9.780382205E0
1.756242987E1,-1.477222443E0,1.731007814E0,9.507374763E0,9.775927020E0
1.756443022E1,-1.482010841E0,1.716642618E0,9.495404243E0,9.762475084E0
1.756643042E1,-1.486799240E0,1.699883223E0,9.495404243E0,9.760270319E0
1.756842890E1,-1.489193439E0,1.699883223E0,9.490615845E0,9.755977100E0
1.757042741E1,-1.482010841E0,1.697489023E0,9.490615845E0,9.754466373E0
1.757242530E1,-1.491587639E0,1.687912226E0,9.481039047E0,9.744946525E0
1.757442343E1,-1.491587639E0,1.685518026E0,9.476250648E0,9.739873257E0
1.757642124E1,-1.493981838E0,1.683123827E0,9.473855972E0,9.737496318E0
1.757841890E1,-1.489193439E0,1.678335428E0,9.481039047E0,9.742926066E0
1.758041745E1,-1.484405041E0,1.673547029E0,9.476250648E0,9.736711166E0
1.758241616E1,-1.479616642E0,1.671152830E0,9.483432770E0,9.742561998E0
1.758441421E1,-1.477222443E0,1.671152830E0,9.481039047E0,9.739868548E0
1.758641245E1,-1.477222443E0,1.671152830E0,9.490615845E0,9.749191097E0
1.758841202E1,-1.467645645E0,1.675941229E0,9.502586365E0,9.760220815E0
1.759041167E1,-1.460463047E0,1.671152830E0,9.519346237E0,9.774643568E0
1.759241011E1,-1.462857246E0,1.675941229E0,9.533711433E0,9.789810214E0
1.759440917E1,-1.460463047E0,1.680729628E0,9.533711433E0,9.790273647E0
1.759640686E1,-1.438915253E0,1.675941229E0,9.545681953E0,9.797923253E0
1.759840472E1,-1.438915253E0,1.675941229E0,9.555258751E0,9.807253739E0
1.760040358E1,-1.434126854E0,1.675941229E0,9.550470352E0,9.801886695E0
1.760240354E1,-1.424550056E0,1.675941229E0,9.543288231E0,9.793491314E0
1.760440370E1,-1.426944256E0,1.680729628E0,9.540893555E0,9.792327191E0
1.760640331E1,-1.419761658E0,1.683123827E0,9.543288231E0,9.794027733E0
1.760840370E1,-1.410184860E0,1.690306425E0,9.545681953E0,9.796213611E0
1.761040366E1,-1.407790542E0,1.699883223E0,9.531316757E0,9.783530871E0
1.761240284E1,-1.400607944E0,1.707065821E0,9.526528358E0,9.779085790E0
1.761440151E1,-1.400607944E0,1.709460020E0,9.528923035E0,9.781836759E0
1.761640034E1,-1.400607944E0,1.709460020E0,9.516951561E0,9.770175187E0
1.761839886E1,-1.410184860E0,1.709460020E0,9.504981041E0,9.759894440E0
1.762039733E1,-1.407790542E0,1.709460020E0,9.509769440E0,9.764212337E0
1.762239686E1,-1.417367458E0,1.714248419E0,9.493009567E0,9.750118399E0
1.762439550E1,-1.422155857E0,1.719036818E0,9.502586365E0,9.760981635E0
1.762639394E1,-1.426944256E0,1.726219416E0,9.495404243E0,9.755957417E0
1.762839272E1,-1.436521053E0,1.723825216E0,9.481039047E0,9.742959896E0
1.763039085E1,-1.438915253E0,1.716642618E0,9.485827446E0,9.746705152E0
1.763238870E1,-1.443703651E0,1.719036818E0,9.478644371E0,9.740845288E0
1.763438644E1,-1.448492050E0,1.707065821E0,9.481039047E0,9.741781375E0
1.763638530E1,-1.441309452E0,1.704671621E0,9.488221169E0,9.747287788E0
1.763838370E1,-1.438915253E0,1.692700624E0,9.493009567E0,9.749509893E0
1.764038233E1,-1.436521053E0,1.683123827E0,9.502586365E0,9.756825620E0
1.764238093E1,-1.436521053E0,1.683123827E0,9.516951561E0,9.770817037E0
1.764437866E1,-1.431732655E0,1.673547029E0,9.512163162E0,9.763803873E0
1.764637682E1,-1.431732655E0,1.673547029E0,9.509769440E0,9.761471859E0
1.764837530E1,-1.426944256E0,1.683123827E0,9.536105156E0,9.788073215E0
1.765037440E1,-1.429338455E0,1.678335428E0,9.550470352E0,9.801596920E0
1.765237292E1,-1.434126854E0,1.683123827E0,9.545681953E0,9.798452409E0
1.765437210E1,-1.424550056E0,1.690306425E0,9.552865028E0,9.805289844E0
1.765637065E1,-1.424550056E0,1.685518026E0,9.572018623E0,9.823128545E0
1.765836905E1,-1.431732655E0,1.687912226E0,9.567230225E0,9.819918546E0
1.766036682E1,-1.424550056E0,1.678335428E0,9.591172218E0,9.840565898E0
1.766236550E1,-1.419761658E0,1.671152830E0,9.591172218E0,9.838651303E0
1.766436425E1,-1.414973259E0,1.673547029E0,9.576807022E0,9.824364698E0
1.766636327E1,-1.403002143E0,1.683123827E0,9.574412346E0,9.821949531E0
1.766836171E1,-1.393425345E0,1.683123827E0,9.567230225E0,9.813584166E0
1.767035991E1,-1.391031146E0,1.680729628E0,9.569623947E0,9.815167967E0
1.767235952E1,-1.398213744E0,1.695094824E0,9.567230225E0,9.816325295E0
1.767435776E1,-1.405396342E0,1.697489023E0,9.560047150E0,9.810764974E0
1.767635522E1,-1.412579060E0,1.695094824E0,9.555258751E0,9.806716875E0
1.767835233E1,-1.426944256E0,1.699883223E0,9.540893555E0,9.795632838E0
1.768034956E1,-1.431732655E0,1.707065821E0,9.555258751E0,9.811569798E0
1.768234796E1,-1.431732655E0,1.711854219E0,9.521739960E0,9.779766619E0
1.768434694E1,-1.422155857E0,1.702277422E0,9.507374763E0,9.762707135E0
1.768634600E1,-1.426944256E0,1.692700624E0,9.514557838E0,9.768736672E0
1.768834327E1,-1.424550056E0,1.695094824E0,9.519346237E0,9.773466228E0
1.769034128E1,-1.426944256E0,1.707065821E0,9.512163162E0,9.768904322E0
1.769233936E1,-1.431732655E0,1.709460020E0,9.502586365E0,9.760699748E0
1.769433800E1,-1.431732655E0,1.697489023E0,9.502586365E0,9.758610301E0
1.769633620E1,-1.438915253E0,1.711854219E0,9.507374763E0,9.766836584E0
1.769833511E1,-1.441309452E0,1.719036818E0,9.493009567E0,9.754470317E0
1.770033405E1,-1.450886250E0,1.723825216E0,9.490615845E0,9.754405845E0
1.770233253E1,-1.453280449E0,1.726219416E0,9.481039047E0,9.745868815E0
1.770433104E1,-1.470039845E0,1.728613615E0,9.497797966E0,9.765105651E0
1.770632870E1,-1.472434044E0,1.716642618E0,9.504981041E0,9.770342291E0
1.770832690E1,-1.474828243E0,1.711854219E0,9.497797966E0,9.762875059E0
1.771032460E1,-1.479616642E0,1.711854219E0,9.497797966E0,9.763599566E0
1.771232264E1,-1.479616642E0,1.699883223E0,9.502586365E0,9.766166904E0
1.771432093E1,-1.477222443E0,1.697489023E0,9.507374763E0,9.770047596E0
1.771631952E1,-1.474828243E0,1.697489023E0,9.504981041E0,9.767356445E0
1.771831772E1,-1.472434044E0,1.702277422E0,9.512163162E0,9.774817567E0
1.772031530E1,-1.474828243E0,1.699883223E0,9.504981041E0,9.767772822E0
1.772231378E1,-1.474828243E0,1.704671621E0,9.509769440E0,9.773266520E0
1.772431124E1,-1.472434044E0,1.704671621E0,9.516951561E0,9.779894394E0
1.772630854E1,-1.460463047E0,1.709460020E0,9.519346237E0,9.781265698E0
1.772830686E1,-1.455674648E0,1.707065821E0,9.500192642E0,9.761491824E0
1.773030542E1,-1.448492050E0,1.707065821E0,9.504981041E0,9.765084102E0
1.773230397E1,-1.448492050E0,1.707065821E0,9.509769440E0,9.769745019E0
1.773430136E1,-1.453280449E0,1.714248419E0,9.497797966E0,9.760063417E0
1.773629968E1,-1.448492050E0,1.716642618E0,9.500192642E0,9.762102813E0
1.773829729E1,-1.448492050E0,1.714248419E0,9.500192642E0,9.761682084E0
1.774029600E1,-1.448492050E0,1.719036818E0,9.504981041E0,9.767183903E0
1.774229479E1,-1.446097851E0,1.723825216E0,9.497797966E0,9.760683305E0
1.774429327E1,-1.458068848E0,1.726219416E0,9.512163162E0,9.776862803E0
1.774629237E1,-1.446097851E0,1.735796213E0,9.507374763E0,9.772121693E0
1.774829085E1,-1.446097851E0,1.733402014E0,9.509769440E0,9.774026618E0
1.775028909E1,-1.446097851E0,1.719036818E0,9.512163162E0,9.773818834E0
1.775228784E1,-1.436521053E0,1.723825216E0,9.512163162E0,9.773249927E0
1.775428604E1,-1.434126854E0,1.721431017E0,9.519346237E0,9.779468153E0
1.775628476E1,-1.441309452E0,1.719036818E0,9.519346237E0,9.780102929E0
1.775828347E1,-1.443703651E0,1.719036818E0,9.512163162E0,9.773464884E0
1.776028116E1,-1.443703651E0,1.707065821E0,9.502586365E0,9.762043924E0
1.776227874E1,-1.436521053E0,1.699883223E0,9.483432770E0,9.741082733E0
1.776427569E1,-1.438915253E0,1.714248419E0,9.473855972E0,9.734632593E0
1.776627397E1,-1.438915253E0,1.719036818E0,9.478644371E0,9.740136744E0
1.776827116E1,-1.436521053E0,1.709460020E0,9.478644371E0,9.738097628E0
1.777026811E1,-1.431732655E0,1.707065821E0,9.476250648E0,9.734642185E0
1.777226604E1,-1.429338455E0,1.704671621E0,9.469067574E0,9.726877940E0
1.777426425E1,-1.424550056E0,1.707065821E0,9.478644371E0,9.735918842E0
1.777626171E1,-1.422155857E0,1.719036818E0,9.476250648E0,9.735344946E0
1.777825952E1,-1.410184860E0,1.714248419E0,9.478644371E0,9.735089527E0
1.778025698E1,-1.410184860E0,1.699883223E0,9.478644371E0,9.732570237E0
1.778225417E1,-1.410184860E0,1.692700624E0,9.495404243E0,9.747643740E0
1.778425198E1,-1.414973259E0,1.685518026E0,9.493009567E0,9.744760181E0
1.778624983E1,-1.414973259E0,1.685518026E0,9.490615845E0,9.742428314E0
1.778824745E1,-1.417367458E0,1.697489023E0,9.502586365E0,9.756513061E0
1.779024499E1,-1.424550056E0,1.697489023E0,9.500192642E0,9.755227936E0
1.779224284E1,-1.429338455E0,1.685518026E0,9.495404243E0,9.749188745E0
1.779424042E1,-1.436521053E0,1.680729628E0,9.504981041E0,9.758745278E0
1.779623850E1,-1.436521053E0,1.683123827E0,9.516951561E0,9.770817037E0
1.779823640E1,-1.426944256E0,1.685518026E0,9.524134636E0,9.776823691E0
1.780023413E1,-1.424550056E0,1.690306425E0,9.519346237E0,9.772636873E0
1.780223261E1,-1.424550056E0,1.692700624E0,9.514557838E0,9.768387233E0
1.780423124E1,-1.426944256E0,1.695094824E0,9.512163162E0,9.766819564E0
1.780622897E1,-1.431732655E0,1.699883223E0,9.514557838E0,9.770684327E0
1.780822679E1,-1.422155857E0,1.709460020E0,9.516951561E0,9.773287464E0
1.781022472E1,-1.419761658E0,1.716642618E0,9.526528358E0,9.783523272E0
1.781222257E1,-1.419761658E0,1.721431017E0,9.512163162E0,9.770378495E0
1.781422077E1,-1.424550056E0,1.735796213E0,9.524134636E0,9.785268107E0
1.781621944E1,-1.422155857E0,1.731007814E0,9.533711433E0,9.793394153E0
1.781821729E1,-1.419761658E0,1.740584612E0,9.533711433E0,9.794744083E0
1.782021597E1,-1.417367458E0,1.733402014E0,9.555258751E0,9.814101225E0
1.782221448E1,-1.422155857E0,1.735796213E0,9.562441826E0,9.822210008E0
1.782421284E1,-1.412579060E0,1.728613615E0,9.576807022E0,9.833550598E0
1.782621175E1,-1.417367458E0,1.726219416E0,9.591172218E0,9.847809325E0
1.782820991E1,-1.422155857E0,1.719036818E0,9.588777542E0,9.844910848E0
1.783020749E1,-1.419761658E0,1.711854219E0,9.569623947E0,9.824656255E0
1.783220511E1,-1.410184860E0,1.709460020E0,9.569623947E0,9.822859939E0
1.783420350E1,-1.412579060E0,1.707065821E0,9.576807022E0,9.829785657E0
1.783620311E1,-1.419761658E0,1.704671621E0,9.576807022E0,9.830404938E0
1.783820132E1,-1.422155857E0,1.709460020E0,9.569623947E0,9.824585657E0
1.784019866E1,-1.422155857E0,1.709460020E0,9.555258751E0,9.810593796E0
1.784219487E1,-1.422155857E0,1.699883223E0,9.545681953E0,9.799600717E0
1.784419237E1,-1.429338455E0,1.707065821E0,9.531316757E0,9.787904845E0
1.784619093E1,-1.424550056E0,1.709460020E0,9.533711433E0,9.789956594E0
1.784818854E1,-1.422155857E0,1.709460020E0,9.521739960E0,9.777950332E0
1.785018573E1,-1.419761658E0,1.702277422E0,9.516951561E0,9.771685556E0
1.785218394E1,-1.424550056E0,1.707065821E0,9.504981041E0,9.761561410E0
1.785418167E1,-1.424550056E0,1.692700624E0,9.500192642E0,9.754395856E0
1.785617940E1,-1.429338455E0,1.692700624E0,9.490615845E0,9.745770002E0
1.785817636E1,-1.426944256E0,1.695094824E0,9.483432770E0,9.738840458E0
1.786017425E1,-1.419761658E0,1.675941229E0,9.497797966E0,9.748470053E0
1.786217222E1,-1.424550056E0,1.671152830E0,9.504981041E0,9.755345162E0
1.786416952E1,-1.405396342E0,1.668758631E0,9.502586365E0,9.749822658E0
1.786616577E1,-1.412579060E0,1.666364431E0,9.497797966E0,9.745784536E0
1.786816308E1,-1.422155857E0,1.668758631E0,9.493009567E0,9.742921189E0
1.787015983E1,-1.412579060E0,1.666364431E0,9.488221169E0,9.736451662E0
1.787215616E1,-1.405396342E0,1.675941229E0,9.488221169E0,9.737055963E0
1.787415417E1,-1.398213744E0,1.678335428E0,9.478644371E0,9.727101860E0
1.787615147E1,-1.400607944E0,1.685518026E0,9.473855972E0,9.724022862E0
1.787814956E1,-1.400607944E0,1.687912226E0,9.481039047E0,9.731436261E0
1.788014655E1,-1.407790542E0,1.695094824E0,9.481039047E0,9.733720876E0
1.788214436E1,-1.419761658E0,1.702277422E0,9.481039047E0,9.736712638E0
1.788414124E1,-1.410184860E0,1.707065821E0,9.490615845E0,9.745485322E0
1.788613819E1,-1.426944256E0,1.704671621E0,9.493009567E0,9.749836198E0
1.788813522E1,-1.431732655E0,1.704671621E0,9.485827446E0,9.743545867E0
1.789013280E1,-1.426944256E0,1.697489023E0,9.493009567E0,9.748582950E0
1.789213014E1,-1.412579060E0,1.699883223E0,9.509769440E0,9.763231912E0
1.789412690E1,-1.419761658E0,1.692700624E0,9.516951561E0,9.770021780E0
1.789612456E1,-1.417367458E0,1.673547029E0,9.524134636E0,9.773373560E0
1.789812155E1,-1.407790542E0,1.663970232E0,9.524134636E0,9.770353714E0
1.790011858E1,-1.424550056E0,1.663970232E0,9.526528358E0,9.775115465E0
1.790211640E1,-1.431732655E0,1.666364431E0,9.521739960E0,9.771906706E0
1.790411382E1,-1.426944256E0,1.668758631E0,9.528923035E0,9.778614395E0
1.790611034E1,-1.438915253E0,1.673547029E0,9.536105156E0,9.788183606E0
1.790810776E1,-1.446097851E0,1.685518026E0,9.533711433E0,9.788964384E0
1.791010620E1,-1.443703651E0,1.683123827E0,9.538499832E0,9.792862967E0
1.791210311E1,-1.443703651E0,1.692700624E0,9.545681953E0,9.801508026E0
1.791409960E1,-1.453280449E0,1.692700624E0,9.543288231E0,9.800592315E0
1.791609663E1,-1.441309452E0,1.702277422E0,9.548076630E0,9.805146031E0
1.791809327E1,-1.438915253E0,1.704671621E0,9.540893555E0,9.798215769E0
1.792009085E1,-1.424550056E0,1.697489023E0,9.536105156E0,9.790204972E0
1.792208866E1,-1.426944256E0,1.709460020E0,9.521739960E0,9.778647930E0
1.792408577E1,-1.424550056E0,1.702277422E0,9.514557838E0,9.770051287E0
1.792608370E1,-1.410184860E0,1.704671621E0,9.509769440E0,9.763720678E0
1.792808124E1,-1.407790542E0,1.707065821E0,9.516951561E0,9.770788860E0
1.793007886E1,-1.400607944E0,1.714248419E0,9.512163162E0,9.766350305E0
1.793207585E1,-1.400607944E0,1.716642618E0,9.497797966E0,9.752780665E0
1.793407350E1,-1.398213744E0,1.728613615E0,9.495404243E0,9.752220693E0
1.793607104E1,-1.412579060E0,1.735796213E0,9.481039047E0,9.741584548E0
1.793806866E1,-1.407790542E0,1.745373011E0,9.476250648E0,9.737942673E0
1.794006561E1,-1.405396342E0,1.747767210E0,9.481039047E0,9.742686001E0
1.794206186E1,-1.405396342E0,1.738190413E0,9.476250648E0,9.736311989E0
1.794405901E1,-1.407790542E0,1.742978811E0,9.473855972E0,9.735183426E0
1.794605577E1,-1.410184860E0,1.747767210E0,9.461885452E0,9.724741018E0
1.794805280E1,-1.414973259E0,1.754949808E0,9.478644371E0,9.743033268E0
1.795004960E1,-1.426944256E0,1.754949808E0,9.464279175E0,9.730806700E0
1.795204702E1,-1.419761658E0,1.750161409E0,9.466673851E0,9.731223044E0
1.795404429E1,-1.422155857E0,1.752555609E0,9.461885452E0,9.727345720E0
1.795604116E1,-1.429338455E0,1.754949808E0,9.461885452E0,9.728830020E0
1.795803768E1,-1.434126854E0,1.762132406E0,9.471462250E0,9.740145153E0
1.796003487E1,-1.436521053E0,1.764526606E0,9.473855972E0,9.743258893E0
1.796203237E1,-1.443703651E0,1.754949808E0,9.485827446E0,9.754232486E0
1.796402831E1,-1.441309452E0,1.745373011E0,9.495404243E0,9.761475382E0
1.796602507E1,-1.450886250E0,1.745373011E0,9.514557838E0,9.781523844E0
1.796802171E1,-1.458068848E0,1.745373011E0,9.516951561E0,9.784919965E0
1.797001940E1,-1.460463047E0,1.750161409E0,9.504981041E0,9.774491386E0
1.797201647E1,-1.455674648E0,1.757344007E0,9.509769440E0,9.779721951E0
1.797401366E1,-1.441309452E0,1.757344007E0,9.536105156E0,9.803210313E0
1.797601069E1,-1.443703651E0,1.754949808E0,9.540893555E0,9.807791744E0
1.797800886E1,-1.438915253E0,1.742978811E0,9.538499832E0,9.802623694E0
1.798000690E1,-1.429338455E0,1.728613615E0,9.557653427E0,9.817324100E0
1.798200519E1,-1.419761658E0,1.714248419E0,9.576807022E0,9.832070156E0
1.798400452E1,-1.424550056E0,1.702277422E0,9.591172218E0,9.844677537E0
1.798600183E1,-1.419761658E0,1.690306425E0,9.595960617E0,9.846589214E0
1.798799991E1,-1.419761658E0,1.678335428E0,9.591172218E0,9.839873856E0
1.798999796E1,-1.412579060E0,1.666364431E0,9.576807022E0,9.822799130E0
1.799199624E1,-1.414973259E0,1.663970232E0,9.581595421E0,9.827406426E0
1.799399530E1,-1.412579060E0,1.651999116E0,9.591172218E0,9.834381790E0
1.799599421E1,-1.424550056E0,1.647210717E0,9.581595421E0,9.825966457E0
1.799799155E1,-1.438915253E0,1.651999116E0,9.576807022E0,9.824195179E0
1.799998976E1,-1.431732655E0,1.647210717E0,9.560047150E0,9.806001379E0
1.800198897E1,-1.429338455E0,1.640028119E0,9.548076630E0,9.792776316E0
1.800398776E1,-1.429338455E0,1.640028119E0,9.533711433E0,9.778770595E0
1.800598647E1,-1.431732655E0,1.632845521E0,9.514557838E0,9.759244528E0
1.800798479E1,-1.441309452E0,1.644816518E0,9.524134636E0,9.771997487E0
1.800998327E1,-1.443703651E0,1.654393315E0,9.512163162E0,9.762302264E0
1.801198116E1,-1.450886250E0,1.654393315E0,9.495404243E0,9.747040058E0
1.801397968E1,-1.446097851E0,1.649604917E0,9.495404243E0,9.745516770E0
1.801597749E1,-1.448492050E0,1.644816518E0,9.497797966E0,9.747395385E0
1.801797663E1,-1.455674648E0,1.649604917E0,9.495404243E0,9.746942434E0
1.801997581E1,-1.467645645E0,1.671152830E0,9.507374763E0,9.764062188E0
1.802197476E1,-1.465251446E0,1.680729628E0,9.528923035E0,9.786326588E0
1.802397315E1,-1.477222443E0,1.685518026E0,9.538499832E0,9.798272103E0
1.802597183E1,-1.482010841E0,1.687912226E0,9.543288231E0,9.804068241E0
1.802797018E1,-1.477222443E0,1.699883223E0,9.555258751E0,9.817064679E0
1.802996831E1,-1.474828243E0,1.699883223E0,9.572018623E0,9.833018959E0
1.803196636E1,-1.472434044E0,1.702277422E0,9.583989143E0,9.844727438E0
1.803396487E1,-1.477222443E0,1.711854219E0,9.598354340E0,9.861087011E0
1.803596308E1,-1.474828243E0,1.709460020E0,9.605537415E0,9.867305657E0
1.803796132E1,-1.465251446E0,1.699883223E0,9.603142738E0,9.861892071E0
1.803995956E1,-1.455674648E0,1.709460020E0,9.588777542E0,9.848141804E0
1.804195870E1,-1.443703651E0,1.702277422E0,9.576807022E0,9.833476567E0
1.804395737E1,-1.436521053E0,1.704671621E0,9.567230225E0,9.823512215E0
1.804595534E1,-1.431732655E0,1.711854219E0,9.579200745E0,9.835720114E0
1.804795347E1,-1.419761658E0,1.709460020E0,9.576807022E0,9.831236416E0
1.804995280E1,-1.407790542E0,1.704671621E0,9.562441826E0,9.814686608E0
1.805195061E1,-1.405396342E0,1.709460020E0,9.545681953E0,9.798848728E0
1.805394757E1,-1.400607944E0,1.711854219E0,9.521739960E0,9.775258531E0
1.805594499E1,-1.400607944E0,1.711854219E0,9.521739960E0,9.775258531E0
1.805794249E1,-1.393425345E0,1.716642618E0,9.500192642E0,9.754084084E0
1.805994065E1,-1.388636947E0,1.709460020E0,9.500192642E0,9.752139579E0
1.806193968E1,-1.393425345E0,1.721431017E0,9.504981041E0,9.759591361E0
1.806393800E1,-1.391031146E0,1.723825216E0,9.493009567E0,9.748013729E0
1.806593546E1,-1.395819545E0,1.728613615E0,9.495404243E0,9.751877716E0
1.806793288E1,-1.391031146E0,1.721431017E0,9.481039047E0,9.735933125E0
1.806993061E1,-1.395819545E0,1.726219416E0,9.481039047E0,9.737466153E0
1.807192925E1,-1.398213744E0,1.731007814E0,9.493009567E0,9.750313860E0
1.807392714E1,-1.395819545E0,1.731007814E0,9.485827446E0,9.742978117E0
1.807592390E1,-1.395819545E0,1.745373011E0,9.481039047E0,9.740879866E0
1.807792179E1,-1.391031146E0,1.740584612E0,9.481039047E0,9.739337958E0
1.807992054E1,-1.391031146E0,1.742978811E0,9.481039047E0,9.739766127E0
1.808191991E1,-1.398213744E0,1.747767210E0,9.469067574E0,9.730001676E0
1.808391854E1,-1.388636947E0,1.745373011E0,9.466673851E0,9.725870312E0
1.808591679E1,-1.388636947E0,1.740584612E0,9.447520256E0,9.706368340E0
1.808791495E1,-1.386242747E0,1.745373011E0,9.435548782E0,9.695234743E0
1.808991300E1,-1.391031146E0,1.733402014E0,9.445125580E0,9.703094734E0
1.809191034E1,-1.398213744E0,1.723825216E0,9.459490776E0,9.716405755E0
1.809390745E1,-1.403002143E0,1.726219416E0,9.466673851E0,9.724513473E0
1.809590397E1,-1.412579060E0,1.735796213E0,9.476250648E0,9.736924281E0
1.809790085E1,-1.414973259E0,1.726219416E0,9.466673851E0,9.726247817E0
1.809989811E1,-1.412579060E0,1.731007814E0,9.471462250E0,9.731411244E0
1.810189554E1,-1.410184860E0,1.723825216E0,9.478644371E0,9.736780465E0
1.810389351E1,-1.412579060E0,1.723825216E0,9.497797966E0,9.755773633E0
1.810589167E1,-1.414973259E0,1.719036818E0,9.504981041E0,9.762269280E0
1.810788940E1,-1.414973259E0,1.709460020E0,9.512163162E0,9.767581631E0
1.810988671E1,-1.422155857E0,1.702277422E0,9.526528358E0,9.781360757E0
1.811188390E1,-1.431732655E0,1.697489023E0,9.536105156E0,9.791252674E0
1.811388257E1,-1.436521053E0,1.692700624E0,9.550470352E0,9.805116628E0
1.811588151E1,-1.438915253E0,1.699883223E0,9.569623947E0,9.825364246E0
1.811787960E1,-1.429338455E0,1.697489023E0,9.560047150E0,9.814223296E0
1.811987804E1,-1.412579060E0,1.690306425E0,9.562441826E0,9.812889946E0
1.812187581E1,-1.405396342E0,1.683123827E0,9.555258751E0,9.803622519E0
1.812387366E1,-1.393425345E0,1.680729628E0,9.540893555E0,9.787498970E0
1.812587331E1,-1.395819545E0,1.678335428E0,9.548076630E0,9.794431547E0
1.812787218E1,-1.403002143E0,1.683123827E0,9.543288231E0,9.791612282E0
1.812987054E1,-1.388636947E0,1.678335428E0,9.531316757E0,9.777071213E0
1.813186976E1,-1.393425345E0,1.690306425E0,9.519346237E0,9.768148381E0
1.813386835E1,-1.398213744E0,1.702277422E0,9.504981041E0,9.756916249E0
1.813586694E1,-1.393425345E0,1.709460020E0,9.493009567E0,9.745825691E0
1.813786577E1,-1.391031146E0,1.716642618E0,9.478644371E0,9.732755450E0
1.813986362E1,-1.393425345E0,1.716642618E0,9.469067574E0,9.723771737E0
1.814186210E1,-1.398213744E0,1.714248419E0,9.466673851E0,9.721705772E0
1.814386100E1,-1.407790542E0,1.726219416E0,9.457097054E0,9.715883509E0
1.814585944E1,-1.414973259E0,1.738190413E0,9.461885452E0,9.723720047E0
1.814785792E1,-1.424550056E0,1.750161409E0,9.471462250E0,9.736580764E0
1.814985593E1,-1.431732655E0,1.750161409E0,9.481039047E0,9.746949511E0
1.815185386E1,-1.429338455E0,1.747767210E0,9.471462250E0,9.736852458E0
1.815385167E1,-1.431732655E0,1.735796213E0,9.469067574E0,9.732732792E0
1.815584870E1,-1.429338455E0,1.731007814E0,9.459490776E0,9.722209739E0
1.815784714E1,-1.429338455E0,1.716642618E0,9.471462250E0,9.731313757E0
1.815984620E1,-1.434126854E0,1.709460020E0,9.476250648E0,9.735414719E0
1.816184382E1,-1.434126854E0,1.711854219E0,9.495404243E0,9.754479302E0
1.816384210E1,-1.419761658E0,1.695094824E0,9.481039047E0,9.735459467E0
1.816584100E1,-1.424550056E0,1.692700624E0,9.473855972E0,9.728747363E0
1.816783839E1,-1.417367458E0,1.690306425E0,9.483432770E0,9.736609442E0
1.816983671E1,-1.414973259E0,1.678335428E0,9.485827446E0,9.736523069E0
1.817183444E1,-1.417367458E0,1.678335428E0,9.490615845E0,9.741536297E0
1.817383190E1,-1.422155857E0,1.685518026E0,9.488221169E0,9.741141578E0
1.817583046E1,-1.426944256E0,1.687912226E0,9.493009567E0,9.746919936E0
1.817782909E1,-1.424550056E0,1.678335428E0,9.500192642E0,9.751913295E0
1.817982792E1,-1.429338455E0,1.663970232E0,9.502586365E0,9.752484451E0
1.818182655E1,-1.434126854E0,1.668758631E0,9.512163162E0,9.763335661E0
1.818382503E1,-1.441309452E0,1.675941229E0,9.521739960E0,9.774951857E0
1.818582433E1,-1.448492050E0,1.673547029E0,9.521739960E0,9.775603344E0
1.818782370E1,-1.443703651E0,1.675941229E0,9.521739960E0,9.775305166E0
1.818982354E1,-1.431732655E0,1.675941229E0,9.528923035E0,9.780542500E0
1.819182229E1,-1.424550056E0,1.692700624E0,9.533711433E0,9.787044087E0
1.819382128E1,-1.419761658E0,1.695094824E0,9.550470352E0,9.803088981E0
1.819582054E1,-1.410184860E0,1.699883223E0,9.550470352E0,9.802535808E0
1.819781948E1,-1.407790542E0,1.695094824E0,9.538499832E0,9.789698653E0
1.819981831E1,-1.417367458E0,1.695094824E0,9.540893555E0,9.793412418E0
1.820181776E1,-1.422155857E0,1.721431017E0,9.538499832E0,9.796368260E0
1.820381632E1,-1.422155857E0,1.723825216E0,9.526528358E0,9.785133787E0
1.820581425E1,-1.431732655E0,1.721431017E0,9.531316757E0,9.790770259E0
1.820781257E1,-1.434126854E0,1.728613615E0,9.538499832E0,9.799377731E0
1.820981190E1,-1.434126854E0,1.726219416E0,9.540893555E0,9.801285789E0
1.821181073E1,-1.448492050E0,1.714248419E0,9.538499832E0,9.798967084E0
1.821380964E1,-1.455674648E0,1.702277422E0,9.543288231E0,9.802606151E0
1.821580800E1,-1.460463047E0,1.695094824E0,9.552865028E0,9.811397914E0
1.821780550E1,-1.465251446E0,1.687912226E0,9.528923035E0,9.787562704E0
1.821980366E1,-1.465251446E0,1.683123827E0,9.524134636E0,9.782075862E0
1.822180214E1,-1.467645645E0,1.690306425E0,9.524134636E0,9.783673140E0
1.822380093E1,-1.472434044E0,1.680729628E0,9.512163162E0,9.771088072E0
1.822579882E1,-1.467645645E0,1.673547029E0,9.521739960E0,9.778459759E0
1.822779780E1,-1.462857246E0,1.675941229E0,9.526528358E0,9.782815182E0
1.822979682E1,-1.472434044E0,1.675941229E0,9.536105156E0,9.793576597E0
1.823179522E1,-1.465251446E0,1.680729628E0,9.536105156E0,9.793319939E0
1.823379257E1,-1.467645645E0,1.678335428E0,9.536105156E0,9.793267846E0
1.823579007E1,-1.467645645E0,1.671152830E0,9.545681953E0,9.801366205E0
1.823778682E1,-1.462857246E0,1.678335428E0,9.548076630E0,9.804209731E0
1.823978456E1,-1.460463047E0,1.685518026E0,9.564835548E0,9.821405317E0
1.824178186E1,-1.465251446E0,1.685518026E0,9.569623947E0,9.826781533E0
1.824378007E1,-1.441309452E0,1.692700624E0,9.574412346E0,9.829139337E0
1.824577710E1,-1.436521053E0,1.687912226E0,9.574412346E0,9.827614776E0
1.824777499E1,-1.436521053E0,1.692700624E0,9.572018623E0,9.826106486E0
1.824977386E1,-1.431732655E0,1.687912226E0,9.569623947E0,9.822250687E0
1.825177280E1,-1.417367458E0,1.695094824E0,9.572018623E0,9.823737451E0
1.825377112E1,-1.398213744E0,1.695094824E0,9.581595421E0,9.830326492E0
1.825576968E1,-1.398213744E0,1.697489023E0,9.581595421E0,9.830739620E0
1.825776897E1,-1.381454349E0,1.695094824E0,9.562441826E0,9.809284187E0
1.825976831E1,-1.371877551E0,1.695094824E0,9.557653427E0,9.803271572E0
1.826176663E1,-1.362300754E0,1.695094824E0,9.562441826E0,9.806605094E0
1.826376550E1,-1.355118155E0,1.699883223E0,9.552865028E0,9.797100512E0
1.826576311E1,-1.350329757E0,1.697489023E0,9.548076630E0,9.791354695E0
1.826776046E1,-1.350329757E0,1.695094824E0,9.555258751E0,9.797944004E0
1.826975878E1,-1.357512355E0,1.695094824E0,9.550470352E0,9.794267211E0
1.827175726E1,-1.364694953E0,1.699883223E0,9.545681953E0,9.791426824E0
1.827375507E1,-1.367089152E0,1.695094824E0,9.528923035E0,9.774592238E0
1.827575468E1,-1.371877551E0,1.680729628E0,9.521739960E0,9.765778615E0
1.827775394E1,-1.379060149E0,1.685518026E0,9.509769440E0,9.755946531E0
1.827975280E1,-1.388636947E0,1.690306425E0,9.485827446E0,9.734802038E0
1.828175140E1,-1.398213744E0,1.685518026E0,9.473855972E0,9.723678300E0
1.828374964E1,-1.403002143E0,1.685518026E0,9.459490776E0,9.710373411E0
1.828574827E1,-1.412579060E0,1.675941229E0,9.457097054E0,9.707772313E0
1.828774554E1,-1.426944256E0,1.675941229E0,9.445125580E0,9.698213554E0
1.828974362E1,-1.434126854E0,1.671152830E0,9.433155060E0,9.686789251E0
1.829174218E1,-1.448492050E0,1.675941229E0,9.430760384E0,9.687422239E0
1.829374069E1,-1.448492050E0,1.671152830E0,9.433155060E0,9.688926431E0
1.829573964E1,-1.453280449E0,1.675941229E0,9.430760384E0,9.688139371E0
1.829773854E1,-1.455674648E0,1.685518026E0,9.430760384E0,9.690160015E0
1.829973768E1,-1.462857246E0,1.680729628E0,9.445125580E0,9.704390791E0
1.830173710E1,-1.479616642E0,1.687912226E0,9.461885452E0,9.724484017E0
1.830373585E1,-1.472434044E0,1.690306425E0,9.488221169E0,9.749437869E0
1.830573409E1,-1.472434044E0,1.692700624E0,9.507374763E0,9.768493861E0
1.830773292E1,-1.472434044E0,1.697489023E0,9.519346237E0,9.780975605E0
1.830973194E1,-1.458068848E0,1.692700624E0,9.519346237E0,9.777993299E0
1.831173046E1,-1.460463047E0,1.692700624E0,9.516951561E0,9.776019370E0
1.831372894E1,-1.460463047E0,1.678335428E0,9.538499832E0,9.794526082E0
1.831572655E1,-1.441309452E0,1.678335428E0,9.536105156E0,9.789355663E0
1.831772421E1,-1.443703651E0,1.678335428E0,9.555258751E0,9.808366828E0
1.831972218E1,-1.446097851E0,1.675941229E0,9.552865028E0,9.805978189E0
1.832172022E1,-1.450886250E0,1.690306425E0,9.555258751E0,9.811481872E0
1.832371815E1,-1.443703651E0,1.687912226E0,9.555258751E0,9.810010077E0
1.832571612E1,-1.438915253E0,1.692700624E0,9.562441826E0,9.817128204E0
1.832771354E1,-1.438915253E0,1.697489023E0,9.567230225E0,9.822618809E0
1.832971167E1,-1.446097851E0,1.699883223E0,9.555258751E0,9.812429453E0
1.833170983E1,-1.448492050E0,1.716642618E0,9.560047150E0,9.820361124E0
1.833370808E1,-1.446097851E0,1.726219416E0,9.555258751E0,9.817026141E0
1.833570530E1,-1.446097851E0,1.740584612E0,9.548076630E0,9.812573623E0
1.833770253E1,-1.434126854E0,1.731007814E0,9.564835548E0,9.825435713E0
1.833969976E1,-1.424550056E0,1.733402014E0,9.538499832E0,9.798826688E0
1.834169776E1,-1.417367458E0,1.733402014E0,9.540893555E0,9.800115452E0
1.834369589E1,-1.419761658E0,1.733402014E0,9.531316757E0,9.791139098E0
1.834569374E1,-1.412579060E0,1.733402014E0,9.509769440E0,9.769123652E0
1.834769081E1,-1.410184860E0,1.723825216E0,9.495404243E0,9.753096763E0
1.834968882E1,-1.405396342E0,1.723825216E0,9.488221169E0,9.745411905E0
1.835168655E1,-1.407790542E0,1.723825216E0,9.495404243E0,9.752750860E0
1.835368394E1,-1.407790542E0,1.723825216E0,9.473855972E0,9.731772427E0
1.835568202E1,-1.412579060E0,1.731007814E0,9.449913979E0,9.710439838E0
1.835767999E1,-1.417367458E0,1.735796213E0,9.452308655E0,9.714322308E0
1.835967811E1,-1.419761658E0,1.731007814E0,9.445125580E0,9.706827929E0
1.836167624E1,-1.419761658E0,1.731007814E0,9.437943459E0,9.699839583E0
1.836367425E1,-1.422155857E0,1.733402014E0,9.433155060E0,9.695959169E0
1.836567249E1,-1.424550056E0,1.731007814E0,9.428366661E0,9.691224320E0
1.836767014E1,-1.434126854E0,1.735796213E0,9.430760384E0,9.695821251E0
1.836966768E1,-1.424550056E0,1.731007814E0,9.428366661E0,9.691224320E0
1.837166491E1,-1.422155857E0,1.728613615E0,9.435548782E0,9.697433327E0
1.837366343E1,-1.429338455E0,1.735796213E0,9.442731857E0,9.706759595E0
1.837566175E1,-1.429338455E0,1.742978811E0,9.466673851E0,9.731335847E0
1.837765972E1,-1.422155857E0,1.719036818E0,9.473855972E0,9.733014017E0
1.837965808E1,-1.422155857E0,1.709460020E0,9.481039047E0,9.738320300E0
1.838165647E1,-1.422155857E0,1.707065821E0,9.512163162E0,9.768206029E0
1.838365417E1,-1.414973259E0,1.699883223E0,9.526528358E0,9.779902600E0
1.838565241E1,-1.410184860E0,1.685518026E0,9.528923035E0,9.779057550E0
1.838765054E1,-1.407790542E0,1.678335428E0,9.533711433E0,9.782143820E0
1.838964808E1,-1.407790542E0,1.673547029E0,9.533711433E0,9.781323406E0
1.839164663E1,-1.410184860E0,1.675941229E0,9.548076630E0,9.796079199E0
1.839364526E1,-1.414973259E0,1.663970232E0,9.552865028E0,9.799396742E0
1.839564507E1,-1.417367458E0,1.661576033E0,9.548076630E0,9.794668588E0
1.839764354E1,-1.422155857E0,1.668758631E0,9.560047150E0,9.808250820E0
1.839964179E1,-1.417367458E0,1.673547029E0,9.560047150E0,9.808373549E0
1.840164046E1,-1.414973259E0,1.675941229E0,9.560047150E0,9.808436666E0
1.840363917E1,-1.398213744E0,1.690306425E0,9.564835548E0,9.813165471E0
1.840563823E1,-1.400607944E0,1.692700624E0,9.562441826E0,9.811586604E0
1.840763757E1,-1.400607944E0,1.702277422E0,9.557653427E0,9.808577372E0
1.840963546E1,-1.391031146E0,1.702277422E0,9.560047150E0,9.809547267E0
1.841163300E1,-1.391031146E0,1.702277422E0,9.550470352E0,9.800214284E0
1.841363128E1,-1.367089152E0,1.702277422E0,9.548076630E0,9.794511141E0
1.841562909E1,-1.367089152E0,1.702277422E0,9.555258751E0,9.801512688E0
1.841762671E1,-1.367089152E0,1.709460020E0,9.540893555E0,9.788760705E0
1.841962464E1,-1.369483352E0,1.709460020E0,9.536105156E0,9.784428433E0
1.842162272E1,-1.371877551E0,1.711854219E0,9.543288231E0,9.792182757E0
1.842362120E1,-1.376665950E0,1.709460020E0,9.560047150E0,9.808769760E0
1.842561897E1,-1.383848548E0,1.709460020E0,9.574412346E0,9.823780440E0
1.842761710E1,-1.379060149E0,1.716642618E0,9.564835548E0,9.815026635E0
1.842961518E1,-1.386242747E0,1.723825216E0,9.562441826E0,9.814964901E0
1.843161304E1,-1.391031146E0,1.726219416E0,9.569623947E0,9.823059789E0
1.843361046E1,-1.398213744E0,1.728613615E0,9.567230225E0,9.822168848E0
1.843560866E1,-1.388636947E0,1.733402014E0,9.564835548E0,9.819321472E0
1.843760726E1,-1.386242747E0,1.735796213E0,9.557653427E0,9.812410330E0
1.843960538E1,-1.393425345E0,1.731007814E0,9.548076630E0,9.803254030E0
1.844160354E1,-1.393425345E0,1.728613615E0,9.548076630E0,9.802831558E0
1.844360077E1,-1.395819545E0,1.719036818E0,9.548076630E0,9.801488005E0
1.844559901E1,-1.395819545E0,1.721431017E0,9.538499832E0,9.792579639E0
1.844759651E1,-1.398213744E0,1.726219416E0,9.521739960E0,9.777441741E0
1.844959409E1,-1.400607944E0,1.726219416E0,9.519346237E0,9.775453384E0
1.845159175E1,-1.400607944E0,1.733402014E0,9.519346237E0,9.776724295E0
1.845358948E1,-1.412579060E0,1.733402014E0,9.500192642E0,9.759801349E0
1.845558733E1,-1.412579060E0,1.731007814E0,9.488221169E0,9.747723252E0
1.845758522E1,-1.414973259E0,1.721431017E0,9.481039047E0,9.739382706E0
1.845958335E1,-1.429338455E0,1.716642618E0,9.485827446E0,9.745295923E0
1.846158058E1,-1.429338455E0,1.711854219E0,9.478644371E0,9.737461291E0
1.846357847E1,-1.434126854E0,1.707065821E0,9.473855972E0,9.732663589E0
1.846557710E1,-1.443703651E0,1.702277422E0,9.469067574E0,9.728580028E0
1.846757526E1,-1.443703651E0,1.697489023E0,9.469067574E0,9.727743311E0
1.846957378E1,-1.446097851E0,1.702277422E0,9.471462250E0,9.731266339E0
1.847157124E1,-1.450886250E0,1.699883223E0,9.469067574E0,9.729229907E0
1.847356901E1,-1.455674648E0,1.692700624E0,9.466673851E0,9.726363035E0
1.847556714E1,-1.458068848E0,1.678335428E0,9.481039047E0,9.738217290E0
1.847756526E1,-1.460463047E0,1.685518026E0,9.473855972E0,9.732824375E0
1.847956182E1,-1.453280449E0,1.687912226E0,9.483432770E0,9.741486993E0
1.848155882E1,-1.450886250E0,1.680729628E0,9.481039047E0,9.737557415E0
1.848355593E1,-1.441309452E0,1.685518026E0,9.495404243E0,9.750951015E0
1.848555261E1,-1.443703651E0,1.687912226E0,9.516951561E0,9.772701516E0
1.848754972E1,-1.438915253E0,1.683123827E0,9.507374763E0,9.761841927E0
1.848954698E1,-1.426944256E0,1.678335428E0,9.512163162E0,9.763924812E0
1.849154351E1,-1.426944256E0,1.673547029E0,9.514557838E0,9.765436008E0
1.849353979E1,-1.424550056E0,1.666364431E0,9.524134636E0,9.773190566E0
1.849553722E1,-1.412579060E0,1.671152830E0,9.528923035E0,9.776937434E0
1.849753479E1,-1.407790542E0,1.673547029E0,9.528923035E0,9.776656283E0
1.849953261E1,-1.407790542E0,1.680729628E0,9.526528358E0,9.775554657E0
1.850152995E1,-1.403002143E0,1.683123827E0,9.548076630E0,9.796279302E0
1.850352694E1,-1.400607944E0,1.690306425E0,9.540893555E0,9.790173045E0
1.850552394E1,-1.403002143E0,1.690306425E0,9.538499832E0,9.788183175E0
1.850752226E1,-1.400607944E0,1.695094824E0,9.538499832E0,9.788668353E0
1.850951983E1,-1.388636947E0,1.699883223E0,9.526528358E0,9.776126948E0
1.851151819E1,-1.395819545E0,1.695094824E0,9.540893555E0,9.790317078E0
1.851351542E1,-1.400607944E0,1.695094824E0,9.543288231E0,9.793334434E0
1.851551300E1,-1.393425345E0,1.699883223E0,9.533711433E0,9.783807585E0
1.851750936E1,-1.398213744E0,1.699883223E0,9.540893555E0,9.791488879E0
1.851950741E1,-1.403002143E0,1.702277422E0,9.538499832E0,9.790257529E0
1.852150429E1,-1.400607944E0,1.704671621E0,9.524134636E0,9.776336150E0
1.852350206E1,-1.405396342E0,1.697489023E0,9.531316757E0,9.782770926E0
1.852549987E1,-1.414973259E0,1.699883223E0,9.514557838E0,9.768242583E0
1.852749745E1,-1.410184860E0,1.709460020E0,9.500192642E0,9.755231168E0
1.852949546E1,-1.410184860E0,1.714248419E0,9.493009567E0,9.749076860E0
1.853149347E1,-1.419761658E0,1.709460020E0,9.488221169E0,9.744963708E0
1.853349116E1,-1.422155857E0,1.697489023E0,9.473855972E0,9.729231380E0
1.853548897E1,-1.417367458E0,1.702277422E0,9.476250648E0,9.731701048E0
1.853748604E1,-1.410184860E0,1.695094824E0,9.488221169E0,9.741063019E0
1.853948347E1,-1.414973259E0,1.699883223E0,9.469067574E0,9.723939171E0
1.854148061E1,-1.422155857E0,1.699883223E0,9.466673851E0,9.722656224E0
1.854347894E1,-1.424550056E0,1.699883223E0,9.469067574E0,9.725337349E0
1.854547682E1,-1.431732655E0,1.695094824E0,9.493009567E0,9.748868422E0
1.854747550E1,-1.424550056E0,1.709460020E0,9.495404243E0,9.752655955E0
1.854947429E1,-1.434126854E0,1.711854219E0,9.488221169E0,9.747487145E0
1.855147292E1,-1.443703651E0,1.704671621E0,9.507374763E0,9.766286933E0
1.855347136E1,-1.453280449E0,1.702277422E0,9.514557838E0,9.774281730E0
1.855547014E1,-1.455674648E0,1.702277422E0,9.516951561E0,9.776968043E0
1.855746890E1,-1.448492050E0,1.697489023E0,9.531316757E0,9.789054976E0
1.855946745E1,-1.443703651E0,1.695094824E0,9.538499832E0,9.794927552E0
1.856146546E1,-1.450886250E0,1.683123827E0,9.538499832E0,9.793924432E0
1.856346354E1,-1.455674648E0,1.685518026E0,9.555258751E0,9.811367361E0
1.856546108E1,-1.450886250E0,1.678335428E0,9.560047150E0,9.814091003E0
1.856745858E1,-1.443703651E0,1.683123827E0,9.562441826E0,9.816184581E0
1.856945702E1,-1.448492050E0,1.690306425E0,9.564835548E0,9.820455392E0
1.857145514E1,-1.438915253E0,1.702277422E0,9.560047150E0,9.816451855E0
1.857345241E1,-1.446097851E0,1.692700624E0,9.562441826E0,9.818183542E0
1.857544964E1,-1.453280449E0,1.690306425E0,9.555258751E0,9.811836203E0
1.857744772E1,-1.441309452E0,1.690306425E0,9.560047150E0,9.814734344E0
1.857944620E1,-1.436521053E0,1.695094824E0,9.540893555E0,9.796202786E0
1.858144413E1,-1.426944256E0,1.704671621E0,9.528923035E0,9.784807073E0
1.858344257E1,-1.424550056E0,1.707065821E0,9.514557838E0,9.770886727E0
1.858544065E1,-1.424550056E0,1.711854219E0,9.507374763E0,9.764730545E0
1.858743839E1,-1.417367458E0,1.707065821E0,9.504981041E0,9.760515807E0
1.858943655E1,-1.412579060E0,1.704671621E0,9.500192642E0,9.754739626E0
1.859143417E1,-1.412579060E0,1.704671621E0,9.497797966E0,9.752407454E0
1.859343229E1,-1.417367458E0,1.711854219E0,9.502586365E0,9.759022646E0
1.859543085E1,-1.422155857E0,1.699883223E0,9.493009567E0,9.748300411E0
1.859742948E1,-1.424550056E0,1.702277422E0,9.495404243E0,9.751399542E0
1.859942765E1,-1.424550056E0,1.704671621E0,9.495404243E0,9.751817777E0
1.860142624E1,-1.424550056E0,1.707065821E0,9.497797966E0,9.754567278E0
1.860342425E1,-1.424550056E0,1.711854219E0,9.514557838E0,9.771724443E0
1.860542319E1,-1.417367458E0,1.716642618E0,9.516951561E0,9.773850797E0
1.860742147E1,-1.422155857E0,1.707065821E0,9.502586365E0,9.758880500E0
1.860941944E1,-1.438915253E0,1.704671621E0,9.495404243E0,9.753926604E0
1.861141726E1,-1.441309452E0,1.709460020E0,9.507374763E0,9.766770264E0
1.861341518E1,-1.438915253E0,1.709460020E0,9.512163162E0,9.771078686E0
1.861541300E1,-1.434126854E0,1.707065821E0,9.516951561E0,9.774618180E0
1.861741163E1,-1.426944256E0,1.702277422E0,9.531316757E0,9.786721487E0
1.861940960E1,-1.422155857E0,1.707065821E0,9.526528358E0,9.782195232E0
1.862140878E1,-1.417367458E0,1.702277422E0,9.528923035E0,9.782998167E0
1.862340714E1,-1.410184860E0,1.707065821E0,9.533711433E0,9.787458748E0
1.862540647E1,-1.412579060E0,1.707065821E0,9.540893555E0,9.794799801E0
1.862740491E1,-1.410184860E0,1.707065821E0,9.533711433E0,9.787458748E0
1.862940315E1,-1.414973259E0,1.695094824E0,9.545681953E0,9.797731357E0
1.863140100E1,-1.403002143E0,1.695094824E0,9.560047150E0,9.810008307E0
1.863339800E1,-1.405396342E0,1.699883223E0,9.548076630E0,9.799515762E0
1.863539675E1,-1.405396342E0,1.704671621E0,9.557653427E0,9.809678040E0
1.863739651E1,-1.407790542E0,1.704671621E0,9.550470352E0,9.803023181E0
1.863939612E1,-1.400607944E0,1.711854219E0,9.540893555E0,9.793916341E0
1.864139565E1,-1.393425345E0,1.711854219E0,9.533711433E0,9.785894581E0
1.864339429E1,-1.398213744E0,1.704671621E0,9.528923035E0,9.780658526E0
1.864539374E1,-1.395819545E0,1.702277422E0,9.526528358E0,9.777566322E0
1.864739343E1,-1.400607944E0,1.704671621E0,9.526528358E0,9.778668136E0
1.864939144E1,-1.393425345E0,1.707065821E0,9.512163162E0,9.764064519E0
1.865139104E1,-1.388636947E0,1.721431017E0,9.502586365E0,9.756576497E0
1.865338999E1,-1.381454349E0,1.723825216E0,9.497797966E0,9.751315588E0
1.865538862E1,-1.383848548E0,1.716642618E0,9.502586365E0,9.755052347E0
1.865738655E1,-1.386242747E0,1.714248419E0,9.490615845E0,9.743310819E0
1.865938448E1,-1.386242747E0,1.711854219E0,9.483432770E0,9.735892919E0
1.866138206E1,-1.383848548E0,1.719036818E0,9.469067574E0,9.722827012E0
1.866338061E1,-1.376665950E0,1.714248419E0,9.473855972E0,9.725626137E0
1.866537972E1,-1.379060149E0,1.699883223E0,9.476250648E0,9.725776895E0
1.866737741E1,-1.391031146E0,1.695094824E0,9.473855972E0,9.724312885E0
1.866937495E1,-1.395819545E0,1.683123827E0,9.469067574E0,9.718253893E0
1.867137284E1,-1.400607944E0,1.671152830E0,9.473855972E0,9.721543158E0
1.867337085E1,-1.398213744E0,1.671152830E0,9.476250648E0,9.723532270E0
1.867536874E1,-1.395819545E0,1.668758631E0,9.485827446E0,9.732111277E0
1.867736745E1,-1.398213744E0,1.673547029E0,9.485827446E0,9.733277129E0
1.867936542E1,-1.393425345E0,1.671152830E0,9.490615845E0,9.736846260E0
1.868136311E1,-1.395819545E0,1.678335428E0,9.488221169E0,9.736090743E0
1.868336034E1,-1.400607944E0,1.685518026E0,9.493009567E0,9.742684654E0
1.868535741E1,-1.407790542E0,1.697489023E0,9.500192642E0,9.752794647E0
1.868735503E1,-1.417367458E0,1.709460020E0,9.509769440E0,9.765597722E0
1.868935132E1,-1.414973259E0,1.714248419E0,9.512163162E0,9.768420803E0
1.869134811E1,-1.414973259E0,1.723825216E0,9.516951561E0,9.774768013E0
1.869334483E1,-1.419761658E0,1.711854219E0,9.528923035E0,9.785016210E0
1.869534206E1,-1.424550056E0,1.711854219E0,9.543288231E0,9.799700913E0
1.869733944E1,-1.424550056E0,1.714248419E0,9.543288231E0,9.800119426E0
1.869933679E1,-1.434126854E0,1.704671621E0,9.543288231E0,9.799845684E0
1.870133394E1,-1.431732655E0,1.697489023E0,9.557653427E0,9.812240642E0
1.870333183E1,-1.426944256E0,1.692700624E0,9.543288231E0,9.796721675E0
1.870532882E1,-1.419761658E0,1.687912226E0,9.548076630E0,9.799517242E0
1.870732476E1,-1.431732655E0,1.680729628E0,9.548076630E0,9.800024378E0
1.870932163E1,-1.431732655E0,1.687912226E0,9.555258751E0,9.808255496E0
1.871131890E1,-1.436521053E0,1.697489023E0,9.550470352E0,9.805944405E0
1.871331663E1,-1.436521053E0,1.692700624E0,9.543288231E0,9.798121167E0
1.871531405E1,-1.441309452E0,1.690306425E0,9.540893555E0,9.796078734E0
1.871731140E1,-1.446097851E0,1.695094824E0,9.538499832E0,9.795280726E0
1.871930866E1,-1.441309452E0,1.697489023E0,9.538499832E0,9.794989585E0
1.872130589E1,-1.441309452E0,1.704671621E0,9.540893555E0,9.798567655E0
1.872330354E1,-1.448492050E0,1.707065821E0,9.538499832E0,9.797713100E0
1.872530186E1,-1.448492050E0,1.711854219E0,9.538499832E0,9.798548522E0
1.872729921E1,-1.443703651E0,1.714248419E0,9.528923035E0,9.788937740E0
1.872929628E1,-1.443703651E0,1.726219416E0,9.524134636E0,9.786381061E0
1.873129288E1,-1.436521053E0,1.728613615E0,9.526528358E0,9.788076437E0
1.873328987E1,-1.424550056E0,1.721431017E0,9.528923035E0,9.787391982E0
1.873528768E1,-1.412579060E0,1.728613615E0,9.528923035E0,9.786922848E0
1.873728702E1,-1.407790542E0,1.714248419E0,9.528923035E0,9.783705640E0
1.873928561E1,-1.388636947E0,1.709460020E0,9.524134636E0,9.775464526E0
1.874128394E1,-1.369483352E0,1.697489023E0,9.526528358E0,9.773008554E0
1.874328194E1,-1.374271750E0,1.685518026E0,9.531316757E0,9.776277051E0
1.874527976E1,-1.376665950E0,1.685518026E0,9.524134636E0,9.769612107E0
1.874727655E1,-1.371877551E0,1.690306425E0,9.526528358E0,9.772099385E0
1.874927436E1,-1.362300754E0,1.687912226E0,9.538499832E0,9.782018712E0
1.875127182E1,-1.364694953E0,1.690306425E0,9.540893555E0,9.785099792E0
1.875326999E1,-1.371877551E0,1.692700624E0,9.531316757E0,9.777181728E0
1.875526804E1,-1.371877551E0,1.699883223E0,9.538499832E0,9.785429476E0
1.875726737E1,-1.379060149E0,1.702277422E0,9.533711433E0,9.782188355E0
1.875926558E1,-1.388636947E0,1.707065821E0,9.524134636E0,9.775046130E0
1.876126327E1,-1.391031146E0,1.711854219E0,9.521739960E0,9.773890954E0
1.876326128E1,-1.405396342E0,1.721431017E0,9.507374763E0,9.763638590E0
1.876525874E1,-1.417367458E0,1.731007814E0,9.519346237E0,9.778715220E0
1.876725659E1,-1.422155857E0,1.731007814E0,9.524134636E0,9.784071540E0
1.876925538E1,-1.424550056E0,1.726219416E0,9.531316757E0,9.790565635E0
1.877125421E1,-1.424550056E0,1.711854219E0,9.519346237E0,9.776386884E0
1.877325233E1,-1.419761658E0,1.714248419E0,9.514557838E0,9.771447266E0
1.877525014E1,-1.419761658E0,1.702277422E0,9.497797966E0,9.753032236E0
1.877724851E1,-1.419761658E0,1.707065821E0,9.493009567E0,9.749206507E0
1.877924710E1,-1.412579060E0,1.690306425E0,9.493009567E0,9.745242227E0
1.878124507E1,-1.403002143E0,1.685518026E0,9.490615845E0,9.740696851E0
1.878324347E1,-1.398213744E0,1.671152830E0,9.481039047E0,9.728198953E0
1.878524198E1,-1.395819545E0,1.671152830E0,9.478644371E0,9.725521225E0
1.878724104E1,-1.391031146E0,1.663970232E0,9.488221169E0,9.732939203E0
1.878923932E1,-1.403002143E0,1.659181833E0,9.495404243E0,9.740841910E0
1.879123733E1,-1.405396342E0,1.656787634E0,9.504981041E0,9.750115319E0
1.879323511E1,-1.412579060E0,1.661576033E0,9.514557838E0,9.761302442E0
1.879523265E1,-1.424550056E0,1.661576033E0,9.521739960E0,9.770041435E0
1.879723011E1,-1.436521053E0,1.680729628E0,9.533711433E0,9.786730737E0
1.879922847E1,-1.438915253E0,1.687912226E0,9.550470352E0,9.804642203E0
1.880122764E1,-1.453280449E0,1.697489023E0,9.552865028E0,9.810745298E0
1.880322604E1,-1.455674648E0,1.704671621E0,9.560047150E0,9.819337835E0
1.880522460E1,-1.462857246E0,1.709460020E0,9.574412346E0,9.835221230E0
1.880722280E1,-1.470039845E0,1.707065821E0,9.574412346E0,9.835876302E0
1.880922136E1,-1.472434044E0,1.704671621E0,9.569623947E0,9.831158113E0
1.881122022E1,-1.458068848E0,1.704671621E0,9.567230225E0,9.826686332E0
1.881321999E1,-1.448492050E0,1.699883223E0,9.572018623E0,9.829103353E0
1.881521905E1,-1.429338455E0,1.695094824E0,9.569623947E0,9.823138876E0
1.881721796E1,-1.419761658E0,1.687912226E0,9.555258751E0,9.806515214E0
1.881921675E1,-1.405396342E0,1.690306425E0,9.562441826E0,9.811858558E0
1.882121526E1,-1.398213744E0,1.687912226E0,9.562441826E0,9.810420125E0
1.882321354E1,-1.393425345E0,1.683123827E0,9.555258751E0,9.801913579E0
1.882521140E1,-1.393425345E0,1.690306425E0,9.555258751E0,9.803149484E0
1.882721003E1,-1.388636947E0,1.680729628E0,9.543288231E0,9.789152921E0
1.882920894E1,-1.386242747E0,1.678335428E0,9.538499832E0,9.783734349E0
1.883120769E1,-1.383848548E0,1.668758631E0,9.521739960E0,9.765414688E0
1.883320620E1,-1.388636947E0,1.680729628E0,9.519346237E0,9.765813711E0
1.883520432E1,-1.383848548E0,1.685518026E0,9.521739960E0,9.768292567E0
1.883720280E1,-1.388636947E0,1.673547029E0,9.502586365E0,9.748241885E0
1.883920124E1,-1.388636947E0,1.673547029E0,9.500192642E0,9.745908499E0
1.884119983E1,-1.391031146E0,1.666364431E0,9.490615845E0,9.735683190E0
1.884319815E1,-1.386242747E0,1.671152830E0,9.485827446E0,9.731153224E0
1.884519765E1,-1.393425345E0,1.673547029E0,9.478644371E0,9.725589595E0
1.884719608E1,-1.407790542E0,1.683123827E0,9.481039047E0,9.731643306E0
1.884919421E1,-1.417367458E0,1.695094824E0,9.473855972E0,9.728115129E0
1.885119171E1,-1.426944256E0,1.697489023E0,9.466673851E0,9.722939509E0
1.885318979E1,-1.426944256E0,1.714248419E0,9.459490776E0,9.718887966E0
1.885518675E1,-1.429338455E0,1.723825216E0,9.447520256E0,9.709285287E0
1.885718366E1,-1.426944256E0,1.723825216E0,9.440337181E0,9.701943588E0
1.885918132E1,-1.429338455E0,1.719036818E0,9.452308655E0,9.713096051E0
1.886117780E1,-1.414973259E0,1.716642618E0,9.440337181E0,9.698916295E0
1.886317444E1,-1.417367458E0,1.711854219E0,9.454702377E0,9.712403020E0
1.886517159E1,-1.419761658E0,1.714248419E0,9.447520256E0,9.706184101E0
1.886716905E1,-1.424550056E0,1.711854219E0,9.464279175E0,9.722775737E0
1.886916702E1,-1.424550056E0,1.716642618E0,9.469067574E0,9.728280704E0
1.887116444E1,-1.419761658E0,1.728613615E0,9.469067574E0,9.729700350E0
1.887316194E1,-1.422155857E0,1.726219416E0,9.476250648E0,9.736615793E0
1.887515913E1,-1.414973259E0,1.726219416E0,9.473855972E0,9.733238401E0
1.887715714E1,-1.412579060E0,1.728613615E0,9.493009567E0,9.751959561E0
1.887915448E1,-1.414973259E0,1.740584612E0,9.497797966E0,9.759095774E0
1.888115151E1,-1.410184860E0,1.740584612E0,9.509769440E0,9.770054807E0
1.888314870E1,-1.417367458E0,1.742978811E0,9.516951561E0,9.778510759E0
1.888514526E1,-1.417367458E0,1.750161409E0,9.514557838E0,9.777464208E0
1.888714218E1,-1.412579060E0,1.762132406E0,9.509769440E0,9.774262377E0
1.888913933E1,-1.417367458E0,1.752555609E0,9.531316757E0,9.794201387E0
1.889113608E1,-1.419761658E0,1.752555609E0,9.524134636E0,9.787559190E0
1.889313296E1,-1.422155857E0,1.759738207E0,9.538499832E0,9.803172185E0
1.889512948E1,-1.424550056E0,1.762132406E0,9.536105156E0,9.801620020E0
1.889712659E1,-1.422155857E0,1.759738207E0,9.531316757E0,9.796183183E0
1.889912452E1,-1.414973259E0,1.754949808E0,9.533711433E0,9.796614305E0
1.890112261E1,-1.410184860E0,1.754949808E0,9.528923035E0,9.791263676E0
1.890311929E1,-1.414973259E0,1.757344007E0,9.538499832E0,9.801703236E0
1.890511679E1,-1.403002143E0,1.752555609E0,9.536105156E0,9.796793747E0
1.890711433E1,-1.400607944E0,1.742978811E0,9.543288231E0,9.801735969E0
1.890911257E1,-1.403002143E0,1.745373011E0,9.524134636E0,9.783858264E0
1.891111093E1,-1.403002143E0,1.716642618E0,9.516951561E0,9.771777930E0
1.891310944E1,-1.405396342E0,1.707065821E0,9.521739960E0,9.775108411E0
1.891510757E1,-1.395819545E0,1.707065821E0,9.514557838E0,9.766739312E0
1.891710565E1,-1.398213744E0,1.697489023E0,9.516951561E0,9.767744759E0
1.891910351E1,-1.400607944E0,1.673547029E0,9.524134636E0,9.770957109E0
1.892110144E1,-1.412579060E0,1.666364431E0,9.516951561E0,9.764451702E0
1.892309901E1,-1.417367458E0,1.654393315E0,9.526528358E0,9.772445463E0
1.892509729E1,-1.426944256E0,1.635239720E0,9.538499832E0,9.782287969E0
1.892709472E1,-1.443703651E0,1.637633920E0,9.531316757E0,9.778145234E0
1.892909229E1,-1.438915253E0,1.628057122E0,9.538499832E0,9.782843459E0
1.893109007E1,-1.436521053E0,1.630451322E0,9.531316757E0,9.775886833E0
1.893308827E1,-1.438915253E0,1.625662923E0,9.516951561E0,9.761435553E0
1.893508624E1,-1.448492050E0,1.618480325E0,9.538499832E0,9.782667674E0
1.893708479E1,-1.448492050E0,1.630451322E0,9.538499832E0,9.784655322E0
1.893908304E1,-1.453280449E0,1.630451322E0,9.543288231E0,9.790032984E0
1.894108034E1,-1.453280449E0,1.632845521E0,9.562441826E0,9.809103029E0
1.894307741E1,-1.455674648E0,1.637633920E0,9.562441826E0,9.810256225E0
1.894507456E1,-1.441309452E0,1.647210717E0,9.583989143E0,9.830743816E0
1.894707155E1,-1.441309452E0,1.651999116E0,9.581595421E0,9.829213846E0
1.894906929E1,-1.438915253E0,1.642422318E0,9.586383820E0,9.831926714E0
1.895106604E1,-1.429338455E0,1.630451322E0,9.593565941E0,9.835542049E0
1.895306276E1,-1.424550056E0,1.630451322E0,9.612719536E0,9.853531918E0
1.895505987E1,-1.414973259E0,1.628057122E0,9.624691010E0,9.863437349E0
1.895705616E1,-1.405396342E0,1.630451322E0,9.634267807E0,9.871809691E0
1.895905354E1,-1.405396342E0,1.628057122E0,9.646238327E0,9.883097831E0
1.896105147E1,-1.400607944E0,1.640028119E0,9.648633003E0,9.886734227E0
1.896304936E1,-1.400607944E0,1.647210717E0,9.648633003E0,9.887928225E0
1.896504706E1,-1.403002143E0,1.649604917E0,9.648633003E0,9.888666757E0
1.896704394E1,-1.403002143E0,1.651999116E0,9.631873131E0,9.872714728E0
1.896904186E1,-1.405396342E0,1.663970232E0,9.610325813E0,9.854049830E0
1.897104034E1,-1.414973259E0,1.663970232E0,9.588777542E0,9.834409032E0
1.897303913E1,-1.412579060E0,1.673547029E0,9.574412346E0,9.821685753E0
1.897503733E1,-1.405396342E0,1.683123827E0,9.557653427E0,9.805956543E0
1.897703456E1,-1.407790542E0,1.695094824E0,9.540893555E0,9.792030969E0
1.897903241E1,-1.419761658E0,1.704671621E0,9.509769440E0,9.765108463E0
1.898103085E1,-1.429338455E0,1.721431017E0,9.500192642E0,9.760122612E0
1.898302999E1,-1.422155857E0,1.726219416E0,9.490615845E0,9.750597411E0
1.898502905E1,-1.419761658E0,1.740584612E0,9.481039047E0,9.743482918E0
1.898702593E1,-1.417367458E0,1.745373011E0,9.461885452E0,9.725355200E0
1.898902339E1,-1.407790542E0,1.752555609E0,9.459490776E0,9.722926057E0
1.899102175E1,-1.412579060E0,1.759738207E0,9.449913979E0,9.715602522E0
1.899302011E1,-1.414973259E0,1.762132406E0,9.457097054E0,9.723371052E0
1.899501737E1,-1.403002143E0,1.754949808E0,9.461885452E0,9.724995638E0
1.899701491E1,-1.403002143E0,1.745373011E0,9.447520256E0,9.709293535E0
1.899901218E1,-1.395819545E0,1.742978811E0,9.454702377E0,9.714817774E0
1.900100925E1,-1.393425345E0,1.723825216E0,9.459490776E0,9.715717849E0
1.900300640E1,-1.386242747E0,1.714248419E0,9.464279175E0,9.717659023E0
1.900500401E1,-1.383848548E0,1.699883223E0,9.469067574E0,9.719458858E0
1.900700132E1,-1.386242747E0,1.692700624E0,9.476250648E0,9.725545266E0
1.900899948E1,-1.388636947E0,1.687912226E0,9.473855972E0,9.722721185E0
1.901099718E1,-1.386242747E0,1.685518026E0,9.485827446E0,9.733630479E0
1.901299432E1,-1.395819545E0,1.685518026E0,9.490615845E0,9.739664898E0
1.901499175E1,-1.400607944E0,1.687912226E0,9.497797966E0,9.747764692E0
1.901698796E1,-1.400607944E0,1.697489023E0,9.497797966E0,9.749427563E0
1.901898456E1,-1.395819545E0,1.711854219E0,9.495404243E0,9.748920905E0
1.902098202E1,-1.400607944E0,1.716642618E0,9.495404243E0,9.750449540E0
1.902297972E1,-1.400607944E0,1.721431017E0,9.497797966E0,9.753624637E0
1.902497706E1,-1.391031146E0,1.733402014E0,9.504981041E0,9.761368489E0
1.902697327E1,-1.388636947E0,1.738190413E0,9.504981041E0,9.761879075E0
1.902897003E1,-1.383848548E0,1.742978811E0,9.509769440E0,9.766715248E0
1.903096682E1,-1.381454349E0,1.735796213E0,9.524134636E0,9.779087134E0
1.903296362E1,-1.374271750E0,1.728613615E0,9.512163162E0,9.765140854E0
1.903496124E1,-1.376665950E0,1.740584612E0,9.519346237E0,9.774599568E0
1.903695780E1,-1.381454349E0,1.733402014E0,9.526528358E0,9.780993877E0
1.903895546E1,-1.381454349E0,1.728613615E0,9.533711433E0,9.787143344E0
1.904095343E1,-1.383848548E0,1.723825216E0,9.548076630E0,9.800631485E0
1.904295050E1,-1.376665950E0,1.719036818E0,9.543288231E0,9.794112873E0
1.904494768E1,-1.376665950E0,1.704671621E0,9.543288231E0,9.791601745E0
1.904694476E1,-1.367089152E0,1.714248419E0,9.538499832E0,9.787265167E0
1.904894163E1,-1.371877551E0,1.709460020E0,9.528923035E0,9.777764355E0
1.905093858E1,-1.374271750E0,1.716642618E0,9.531316757E0,9.781691257E0
1.905293608E1,-1.381454349E0,1.709460020E0,9.531316757E0,9.781445129E0
1.905493331E1,-1.388636947E0,1.707065821E0,9.526528358E0,9.777378424E0
1.905692976E1,-1.403002143E0,1.714248419E0,9.521739960E0,9.776021405E0
1.905892600E1,-1.410184860E0,1.716642618E0,9.516951561E0,9.772811787E0
1.906092292E1,-1.403002143E0,1.728613615E0,9.509769440E0,9.766894841E0
1.906291991E1,-1.405396342E0,1.731007814E0,9.509769440E0,9.767663064E0
1.906491733E1,-1.412579060E0,1.738190413E0,9.495404243E0,9.755992377E0
1.906691413E1,-1.417367458E0,1.740584612E0,9.485827446E0,9.747793988E0
1.906891100E1,-1.426944256E0,1.733402014E0,9.476250648E0,9.738592239E0
1.907090761E1,-1.422155857E0,1.735796213E0,9.469067574E0,9.731328609E0
1.907290436E1,-1.422155857E0,1.728613615E0,9.464279175E0,9.725390101E0
1.907490050E1,-1.422155857E0,1.731007814E0,9.466673851E0,9.728146233E0
1.907689663E1,-1.424550056E0,1.719036818E0,9.445125580E0,9.705401984E0
1.907889331E1,-1.426944256E0,1.714248419E0,9.440337181E0,9.700246576E0
1.908089046E1,-1.424550056E0,1.707065821E0,9.447520256E0,9.705619793E0
1.908288835E1,-1.424550056E0,1.704671621E0,9.435548782E0,9.693545741E0
1.908488581E1,-1.426944256E0,1.702277422E0,9.440337181E0,9.698138194E0
1.908688276E1,-1.424550056E0,1.697489023E0,9.437943459E0,9.694616474E0
1.908887968E1,-1.422155857E0,1.699883223E0,9.437943459E0,9.694684470E0
1.909087780E1,-1.426944256E0,1.704671621E0,9.440337181E0,9.698558725E0
1.909287440E1,-1.431732655E0,1.707065821E0,9.452308655E0,9.711337241E0
1.909487132E1,-1.426944256E0,1.707065821E0,9.457097054E0,9.715293526E0
1.909686878E1,-1.431732655E0,1.707065821E0,9.469067574E0,9.727649913E0
1.909886651E1,-1.429338455E0,1.707065821E0,9.471462250E0,9.729628939E0
1.910086300E1,-1.431732655E0,1.709460020E0,9.466673851E0,9.725740371E0
1.910285956E1,-1.424550056E0,1.723825216E0,9.483432770E0,9.743531872E0
1.910485753E1,-1.429338455E0,1.726219416E0,9.483432770E0,9.744656946E0
1.910685405E1,-1.422155857E0,1.731007814E0,9.488221169E0,9.749115666E0
1.910885073E1,-1.422155857E0,1.733402014E0,9.495404243E0,9.756531739E0
1.911084827E1,-1.422155857E0,1.723825216E0,9.509769440E0,9.768818529E0
1.911284761E1,-1.419761658E0,1.721431017E0,9.516951561E0,9.775040405E0
1.911484327E1,-1.422155857E0,1.714248419E0,9.514557838E0,9.771795423E0
1.911684042E1,-1.422155857E0,1.709460020E0,9.514557838E0,9.770956540E0
1.911883808E1,-1.422155857E0,1.709460020E0,9.514557838E0,9.770956540E0
1.912083573E1,-1.429338455E0,1.695094824E0,9.514557838E0,9.769501816E0
1.912283304E1,-1.434126854E0,1.668758631E0,9.514557838E0,9.765668746E0
1.912483030E1,-1.429338455E0,1.661576033E0,9.519346237E0,9.768408065E0
1.912682765E1,-1.429338455E0,1.678335428E0,9.521739960E0,9.773604764E0
1.912882499E1,-1.436521053E0,1.675941229E0,9.521739960E0,9.774246958E0
1.913082276E1,-1.441309452E0,1.668758631E0,9.514557838E0,9.766726123E0
1.913282038E1,-1.450886250E0,1.675941229E0,9.519346237E0,9.774037175E0
1.913481749E1,-1.462857246E0,1.687912226E0,9.526528358E0,9.784873099E0
1.913681483E1,-1.460463047E0,1.704671621E0,9.512163162E0,9.773438784E0
1.913881214E1,-1.472434044E0,1.711854219E0,9.504981041E0,9.769502110E0
1.914080976E1,-1.472434044E0,1.704671621E0,9.495404243E0,9.758927661E0
1.914280835E1,-1.472434044E0,1.695094824E0,9.502586365E0,9.764248875E0
1.914480675E1,-1.474828243E0,1.690306425E0,9.507374763E0,9.768440462E0
1.914680417E1,-1.472434044E0,1.687912226E0,9.514557838E0,9.774657056E0
1.914880124E1,-1.474828243E0,1.673547029E0,9.509769440E0,9.767885790E0
1.915079800E1,-1.472434044E0,1.678335428E0,9.519346237E0,9.777669692E0
1.915279550E1,-1.470039845E0,1.673547029E0,9.521739960E0,9.778819390E0
1.915479288E1,-1.467645645E0,1.663970232E0,9.531316757E0,9.786152451E0
1.915678972E1,-1.467645645E0,1.663970232E0,9.543288231E0,9.797812558E0
1.915878745E1,-1.467645645E0,1.654393315E0,9.555258751E0,9.807852506E0
1.916078499E1,-1.472434044E0,1.651999116E0,9.562441826E0,9.815164633E0
1.916278190E1,-1.472434044E0,1.651999116E0,9.557653427E0,9.810499586E0
1.916478046E1,-1.477222443E0,1.654393315E0,9.548076630E0,9.802294156E0
1.916677909E1,-1.474828243E0,1.654393315E0,9.574412346E0,9.827589092E0
1.916877714E1,-1.467645645E0,1.661576033E0,9.567230225E0,9.820728732E0
1.917077593E1,-1.455674648E0,1.663970232E0,9.574412346E0,9.826350156E0
1.917277358E1,-1.438915253E0,1.673547029E0,9.564835548E0,9.816176233E0
1.917477147E1,-1.422155857E0,1.683123827E0,9.567230225E0,9.817704786E0
1.917676972E1,-1.405396342E0,1.685518026E0,9.567230225E0,9.815701914E0
1.917876776E1,-1.395819545E0,1.683123827E0,9.562441826E0,9.809256429E0
1.918076538E1,-1.386242747E0,1.680729628E0,9.555258751E0,9.800484214E0
1.918276264E1,-1.374271750E0,1.680729628E0,9.545681953E0,9.789459581E0
1.918476058E1,-1.359906554E0,1.675941229E0,9.552865028E0,9.793638501E0
1.918675741E1,-1.357512355E0,1.673547029E0,9.550470352E0,9.790560934E0
1.918875479E1,-1.362300754E0,1.683123827E0,9.543288231E0,9.785863243E0
1.919075104E1,-1.359906554E0,1.671152830E0,9.538499832E0,9.778807528E0
1.919274862E1,-1.362300754E0,1.663970232E0,9.540893555E0,9.780251024E0
1.919474620E1,-1.359906554E0,1.666364431E0,9.540893555E0,9.780325459E0
1.919674429E1,-1.362300754E0,1.666364431E0,9.531316757E0,9.771316845E0
1.919874190E1,-1.367089152E0,1.659181833E0,9.536105156E0,9.775434448E0
1.920073894E1,-1.376665950E0,1.649604917E0,9.545681953E0,9.784500471E0
1.920273608E1,-1.388636947E0,1.647210717E0,9.557653427E0,9.797466752E0
1.920473413E1,-1.400607944E0,1.647210717E0,9.540893555E0,9.782824520E0
1.920673241E1,-1.407790542E0,1.654393315E0,9.533711433E0,9.778064489E0
1.920873022E1,-1.417367458E0,1.663970232E0,9.526528358E0,9.774071312E0
1.921072874E1,-1.426944256E0,1.671152830E0,9.528923035E0,9.779023259E0
1.921272718E1,-1.431732655E0,1.683123827E0,9.519346237E0,9.772446827E0
1.921472511E1,-1.436521053E0,1.683123827E0,9.524134636E0,9.777813616E0
1.921672249E1,-1.426944256E0,1.690306425E0,9.526528358E0,9.779982019E0
1.921871909E1,-1.429338455E0,1.683123827E0,9.524134636E0,9.776760956E0
1.922071706E1,-1.434126854E0,1.683123827E0,9.521739960E0,9.775129539E0
1.922271456E1,-1.446097851E0,1.685518026E0,9.528923035E0,9.784300906E0
1.922471249E1,-1.450886250E0,1.692700624E0,9.528923035E0,9.786249563E0
1.922670987E1,-1.441309452E0,1.702277422E0,9.548076630E0,9.805146031E0
1.922870757E1,-1.436521053E0,1.704671621E0,9.576807022E0,9.832839407E0
1.923070589E1,-1.434126854E0,1.704671621E0,9.579200745E0,9.834821405E0
1.923270397E1,-1.438915253E0,1.709460020E0,9.560047150E0,9.817699943E0
1.923470112E1,-1.443703651E0,1.709460020E0,9.560047150E0,9.818402889E0
1.923669956E1,-1.443703651E0,1.719036818E0,9.564835548E0,9.824736479E0
1.923869675E1,-1.446097851E0,1.714248419E0,9.569623947E0,9.828913934E0
1.924069452E1,-1.453280449E0,1.707065821E0,9.555258751E0,9.814737265E0
1.924269194E1,-1.446097851E0,1.711854219E0,9.552865028E0,9.812179886E0
1.924468917E1,-1.443703651E0,1.697489023E0,9.538499832E0,9.795342172E0
1.924668597E1,-1.434126854E0,1.692700624E0,9.531316757E0,9.786110277E0
1.924868300E1,-1.436521053E0,1.695094824E0,9.521739960E0,9.777549338E0
1.925068022E1,-1.429338455E0,1.687912226E0,9.512163162E0,9.765925667E0
1.925267784E1,-1.426944256E0,1.678335428E0,9.509769440E0,9.761592827E0
1.925467522E1,-1.417367458E0,1.675941229E0,9.507374763E0,9.757452762E0
1.925667339E1,-1.414973259E0,1.671152830E0,9.500192642E0,9.749285171E0
1.925867065E1,-1.417367458E0,1.673547029E0,9.495404243E0,9.745377977E0
1.926066847E1,-1.426944256E0,1.671152830E0,9.493009567E0,9.744031626E0
1.926266585E1,-1.436521053E0,1.666364431E0,9.488221169E0,9.739954009E0
1.926466421E1,-1.436521053E0,1.668758631E0,9.481039047E0,9.733367841E0
1.926666226E1,-1.431732655E0,1.680729628E0,9.488221169E0,9.741717067E0
1.926866018E1,-1.424550056E0,1.692700624E0,9.481039047E0,9.735742380E0
1.927065792E1,-1.419761658E0,1.690306425E0,9.483432770E0,9.736958256E0
1.927265514E1,-1.426944256E0,1.697489023E0,9.485827446E0,9.741589256E0
1.927465319E1,-1.424550056E0,1.702277422E0,9.476250648E0,9.732749747E0
1.927665144E1,-1.405396342E0,1.711854219E0,9.483432770E0,9.738638552E0
1.927864999E1,-1.403002143E0,1.723825216E0,9.483432770E0,9.740404791E0
1.928064808E1,-1.410184860E0,1.728613615E0,9.485827446E0,9.744621527E0
1.928264620E1,-1.407790542E0,1.733402014E0,9.483432770E0,9.742794971E0
1.928464429E1,-1.407790542E0,1.735796213E0,9.473855972E0,9.733900024E0
1.928664182E1,-1.407790542E0,1.735796213E0,9.481039047E0,9.740891341E0
1.928863956E1,-1.407790542E0,1.740584612E0,9.485827446E0,9.746406073E0
1.929063714E1,-1.405396342E0,1.752555609E0,9.488221169E0,9.750534908E0
1.929263581E1,-1.405396342E0,1.740584612E0,9.478644371E0,9.739069400E0
1.929463511E1,-1.407790542E0,1.735796213E0,9.469067574E0,9.729239611E0
1.929663429E1,-1.407790542E0,1.735796213E0,9.473855972E0,9.733900024E0
1.929863335E1,-1.398213744E0,1.738190413E0,9.476250648E0,9.735277805E0
1.930063194E1,-1.398213744E0,1.733402014E0,9.469067574E0,9.727431569E0
1.930263061E1,-1.400607944E0,1.723825216E0,9.471462250E0,9.728405478E0
1.930462862E1,-1.405396342E0,1.731007814E0,9.483432770E0,9.742023611E0
1.930662690E1,-1.405396342E0,1.719036818E0,9.478644371E0,9.735241423E0
1.930862511E1,-1.400607944E0,1.726219416E0,9.493009567E0,9.749808548E0
1.931062343E1,-1.393425345E0,1.731007814E0,9.500192642E0,9.756622494E0
1.931262202E1,-1.398213744E0,1.719036818E0,9.509769440E0,9.764517605E0
1.931462042E1,-1.403002143E0,1.721431017E0,9.524134636E0,9.779615551E0
1.931661815E1,-1.407790542E0,1.721431017E0,9.526528358E0,9.782634692E0
1.931861694E1,-1.400607944E0,1.719036818E0,9.524134636E0,9.778851198E0
1.932061522E1,-1.393425345E0,1.714248419E0,9.519346237E0,9.772319818E0
1.932261440E1,-1.400607944E0,1.709460020E0,9.521739960E0,9.774839540E0
1.932461315E1,-1.398213744E0,1.704671621E0,9.528923035E0,9.780658526E0
1.932661100E1,-1.405396342E0,1.707065821E0,9.540893555E0,9.793766508E0
1.932860999E1,-1.400607944E0,1.707065821E0,9.548076630E0,9.800078757E0
1.933060788E1,-1.410184860E0,1.692700624E0,9.552865028E0,9.803626217E0
1.933260538E1,-1.410184860E0,1.692700624E0,9.552865028E0,9.803626217E0
1.933460343E1,-1.407790542E0,1.690306425E0,9.550470352E0,9.800535392E0
1.933660046E1,-1.417367458E0,1.685518026E0,9.552865028E0,9.803424492E0
1.933859847E1,-1.419761658E0,1.692700624E0,9.552865028E0,9.805008354E0
1.934059647E1,-1.426944256E0,1.687912226E0,9.545681953E0,9.798227470E0
1.934259327E1,-1.436521053E0,1.692700624E0,9.533711433E0,9.788793686E0
1.934459042E1,-1.441309452E0,1.683123827E0,9.526528358E0,9.780849724E0
1.934658769E1,-1.434126854E0,1.683123827E0,9.524134636E0,9.777462156E0
1.934858534E1,-1.436521053E0,1.687912226E0,9.528923035E0,9.783302848E0
1.935058362E1,-1.438915253E0,1.690306425E0,9.548076630E0,9.802723103E0
1.935258222E1,-1.426944256E0,1.695094824E0,9.533711433E0,9.787807214E0
1.935458034E1,-1.419761658E0,1.687912226E0,9.521739960E0,9.773858128E0
1.935657862E1,-1.422155857E0,1.690306425E0,9.509769440E0,9.762959484E0
1.935857667E1,-1.414973259E0,1.687912226E0,9.504981041E0,9.756836659E0
1.936057464E1,-1.414973259E0,1.699883223E0,9.526528358E0,9.779902600E0
1.936257296E1,-1.407790542E0,1.699883223E0,9.531316757E0,9.783530871E0
1.936457140E1,-1.400607944E0,1.697489023E0,9.519346237E0,9.770420891E0
1.936656956E1,-1.393425345E0,1.687912226E0,9.502586365E0,9.751401412E0
1.936856808E1,-1.393425345E0,1.687912226E0,9.512163162E0,9.760734086E0
1.937056636E1,-1.379060149E0,1.697489023E0,9.521739960E0,9.769688211E0
1.937256511E1,-1.367089152E0,1.695094824E0,9.514557838E0,9.760588613E0
1.937456288E1,-1.364694953E0,1.695094824E0,9.516951561E0,9.762587044E0
1.937656128E1,-1.369483352E0,1.690306425E0,9.516951561E0,9.762427335E0
1.937855960E1,-1.371877551E0,1.695094824E0,9.519346237E0,9.765927875E0
1.938055866E1,-1.371877551E0,1.709460020E0,9.509769440E0,9.759099158E0
1.938255714E1,-1.391031146E0,1.692700624E0,9.512163162E0,9.761221803E0
1.938455554E1,-1.381454349E0,1.702277422E0,9.497797966E0,9.747529469E0
1.938655550E1,-1.398213744E0,1.707065821E0,9.493009567E0,9.746091834E0
1.938855483E1,-1.410184860E0,1.707065821E0,9.490615845E0,9.745485322E0
1.939055339E1,-1.407790542E0,1.711854219E0,9.485827446E0,9.741316205E0
1.939255155E1,-1.400607944E0,1.707065821E0,9.476250648E0,9.730113190E0
1.939455026E1,-1.395819545E0,1.704671621E0,9.481039047E0,9.733669347E0
1.939654948E1,-1.403002143E0,1.704671621E0,9.483432770E0,9.737033298E0
1.939854804E1,-1.398213744E0,1.704671621E0,9.488221169E0,9.741008570E0
1.940054776E1,-1.395819545E0,1.690306425E0,9.504981041E0,9.754491919E0
1.940254726E1,-1.388636947E0,1.680729628E0,9.514557838E0,9.761146219E0
1.940454620E1,-1.379060149E0,1.663970232E0,9.512163162E0,9.754581070E0
1.940654448E1,-1.376665950E0,1.647210717E0,9.528923035E0,9.767747257E0
1.940854347E1,-1.386242747E0,1.637633920E0,9.531316757E0,9.769826658E0
1.941054132E1,-1.388636947E0,1.640028119E0,9.528923035E0,9.768233157E0
1.941253874E1,-1.400607944E0,1.640028119E0,9.538499832E0,9.779282892E0
1.941453710E1,-1.403002143E0,1.647210717E0,9.543288231E0,9.785502972E0
1.941653514E1,-1.400607944E0,1.644816518E0,9.540893555E0,9.782421674E0
1.941853409E1,-1.398213744E0,1.649604917E0,9.543288231E0,9.785220913E0
1.942053366E1,-1.398213744E0,1.637633920E0,9.540893555E0,9.780874008E0
1.942253268E1,-1.414973259E0,1.632845521E0,9.545681953E0,9.787153712E0
1.942453261E1,-1.422155857E0,1.640028119E0,9.552865028E0,9.796399837E0
1.942653245E1,-1.417367458E0,1.644816518E0,9.545681953E0,9.789504372E0
1.942853190E1,-1.410184860E0,1.649604917E0,9.555258751E0,9.798611510E0
1.943053077E1,-1.414973259E0,1.659181833E0,9.564835548E0,9.810255488E0
1.943253007E1,-1.419761658E0,1.661576033E0,9.545681953E0,9.792681044E0
1.943452921E1,-1.422155857E0,1.651999116E0,9.550470352E0,9.796076373E0
1.943652823E1,-1.429338455E0,1.656787634E0,9.569623947E0,9.816601050E0
1.943852772E1,-1.422155857E0,1.666364431E0,9.569623947E0,9.817178830E0
1.944052632E1,-1.422155857E0,1.671152830E0,9.569623947E0,9.817992746E0
1.944252518E1,-1.422155857E0,1.683123827E0,9.560047150E0,9.810705102E0
1.944452351E1,-1.414973259E0,1.690306425E0,9.576807022E0,9.827233480E0
1.944652319E1,-1.417367458E0,1.699883223E0,9.576807022E0,9.829230195E0
1.944852147E1,-1.410184860E0,1.709460020E0,9.557653427E0,9.811198394E0
1.945052011E1,-1.407790542E0,1.709460020E0,9.548076630E0,9.801525141E0
1.945251905E1,-1.400607944E0,1.707065821E0,9.540893555E0,9.793080524E0
1.945451741E1,-1.403002143E0,1.697489023E0,9.543288231E0,9.794091803E0
1.945651644E1,-1.400607944E0,1.697489023E0,9.538499832E0,9.789083238E0
1.945851479E1,-1.407790542E0,1.697489023E0,9.533711433E0,9.785448221E0
1.946051311E1,-1.403002143E0,1.685518026E0,9.533711433E0,9.782690822E0
1.946251167E1,-1.405396342E0,1.673547029E0,9.528923035E0,9.776311817E0
1.946450952E1,-1.410184860E0,1.663970232E0,9.500192642E0,9.747362644E0
1.946650655E1,-1.407790542E0,1.673547029E0,9.497797966E0,9.746322387E0
1.946850456E1,-1.407790542E0,1.673547029E0,9.490615845E0,9.739323538E0
1.947050280E1,-1.407790542E0,1.668758631E0,9.483432770E0,9.731501769E0
1.947249999E1,-1.417367458E0,1.668758631E0,9.483432770E0,9.732891810E0
1.947449737E1,-1.434126854E0,1.678335428E0,9.485827446E0,9.739325027E0
1.947649413E1,-1.441309452E0,1.687912226E0,9.478644371E0,9.735045954E0
1.947849147E1,-1.446097851E0,1.697489023E0,9.473855972E0,9.732759884E0
1.948048932E1,-1.443703651E0,1.699883223E0,9.473855972E0,9.732822314E0
1.948248679E1,-1.448492050E0,1.702277422E0,9.488221169E0,9.747934067E0
1.948448366E1,-1.450886250E0,1.704671621E0,9.490615845E0,9.751039194E0
1.948648030E1,-1.450886250E0,1.699883223E0,9.493009567E0,9.752533236E0
1.948847733E1,-1.453280449E0,1.707065821E0,9.488221169E0,9.749484023E0
1.949047476E1,-1.446097851E0,1.699883223E0,9.483432770E0,9.742499631E0
1.949247206E1,-1.441309452E0,1.695094824E0,9.493009567E0,9.750279485E0
1.949446936E1,-1.448492050E0,1.692700624E0,9.502586365E0,9.760251649E0
1.949646644E1,-1.438915253E0,1.695094824E0,9.521739960E0,9.777901382E0
1.949846405E1,-1.438915253E0,1.695094824E0,9.519346237E0,9.775570385E0
1.950046147E1,-1.434126854E0,1.692700624E0,9.524134636E0,9.779115287E0
1.950245905E1,-1.431732655E0,1.687912226E0,9.521739960E0,9.775604224E0
1.950445663E1,-1.426944256E0,1.673547029E0,9.514557838E0,9.765436008E0
1.950645456E1,-1.419761658E0,1.656787634E0,9.526528358E0,9.773198606E0
1.950845226E1,-1.405396342E0,1.651999116E0,9.519346237E0,9.763308494E0
1.951044964E1,-1.393425345E0,1.642422318E0,9.528923035E0,9.769317247E0
1.951244726E1,-1.383848548E0,1.630451322E0,9.533711433E0,9.770622396E0
1.951444487E1,-1.381454349E0,1.625662923E0,9.526528358E0,9.762476050E0
1.951644261E1,-1.391031146E0,1.620874524E0,9.533711433E0,9.770048903E0
1.951844030E1,-1.391031146E0,1.623268723E0,9.538499832E0,9.775118825E0
1.952043847E1,-1.391031146E0,1.635239720E0,9.543288231E0,9.781785463E0
1.952243601E1,-1.393425345E0,1.632845521E0,9.552865028E0,9.791069857E0
1.952443280E1,-1.393425345E0,1.642422318E0,9.548076630E0,9.788000439E0
1.952643120E1,-1.400607944E0,1.651999116E0,9.550470352E0,9.792971339E0
1.952843026E1,-1.405396342E0,1.668758631E0,9.550470352E0,9.796498262E0
1.953042929E1,-1.400607944E0,1.671152830E0,9.543288231E0,9.789218797E0
1.953242733E1,-1.412579060E0,1.687912226E0,9.545681953E0,9.796145734E0
1.953442483E1,-1.414973259E0,1.699883223E0,9.543288231E0,9.796228997E0
1.953642311E1,-1.410184860E0,1.719036818E0,9.545681953E0,9.801211807E0
1.953842100E1,-1.405396342E0,1.716642618E0,9.548076630E0,9.802436844E0
1.954041878E1,-1.414973259E0,1.723825216E0,9.531316757E0,9.788754866E0
1.954241663E1,-1.422155857E0,1.731007814E0,9.528923035E0,9.788732785E0
1.954441511E1,-1.429338455E0,1.738190413E0,9.533711433E0,9.795711716E0
1.954641249E1,-1.424550056E0,1.750161409E0,9.536105156E0,9.799474954E0
1.954841015E1,-1.417367458E0,1.747767210E0,9.528923035E0,9.791016032E0
1.955040811E1,-1.419761658E0,1.742978811E0,9.531316757E0,9.792839089E0
1.955240534E1,-1.426944256E0,1.738190413E0,9.528923035E0,9.790702223E0
1.955440311E1,-1.422155857E0,1.721431017E0,9.528923035E0,9.787043794E0
1.955640112E1,-1.419761658E0,1.719036818E0,9.524134636E0,9.781612920E0
1.955839976E1,-1.417367458E0,1.704671621E0,9.524134636E0,9.778751271E0
1.956039640E1,-1.414973259E0,1.697489023E0,9.538499832E0,9.791148929E0
1.956239296E1,-1.405396342E0,1.687912226E0,9.536105156E0,9.785779893E0
1.956439206E1,-1.403002143E0,1.683123827E0,9.526528358E0,9.775278175E0
1.956639073E1,-1.398213744E0,1.680729628E0,9.521739960E0,9.769513070E0
1.956838886E1,-1.405396342E0,1.673547029E0,9.519346237E0,9.766977594E0
1.957038651E1,-1.410184860E0,1.675941229E0,9.514557838E0,9.763411863E0
1.957238394E1,-1.410184860E0,1.683123827E0,9.519346237E0,9.769313176E0
1.957438206E1,-1.422155857E0,1.685518026E0,9.512163162E0,9.764463443E0
1.957637964E1,-1.417367458E0,1.690306425E0,9.531316757E0,9.783254338E0
1.957837745E1,-1.419761658E0,1.695094824E0,9.531316757E0,9.784429915E0
1.958037394E1,-1.424550056E0,1.699883223E0,9.531316757E0,9.785956517E0
1.958237140E1,-1.422155857E0,1.702277422E0,9.533711433E0,9.788356828E0
1.958436999E1,-1.426944256E0,1.707065821E0,9.548076630E0,9.803877343E0
1.958636780E1,-1.414973259E0,1.707065821E0,9.543288231E0,9.797477905E0
1.958836483E1,-1.405396342E0,1.680729628E0,9.540893555E0,9.789210427E0
1.959036190E1,-1.403002143E0,1.663970232E0,9.538499832E0,9.783669608E0
1.959236034E1,-1.398213744E0,1.654393315E0,9.548076630E0,9.790698966E0
1.959435925E1,-1.398213744E0,1.654393315E0,9.533711433E0,9.776690269E0
1.959635749E1,-1.398213744E0,1.659181833E0,9.533711433E0,9.777501712E0
1.959835565E1,-1.405396342E0,1.666364431E0,9.543288231E0,9.789088801E0
1.960035436E1,-1.407790542E0,1.675941229E0,9.528923035E0,9.777066401E0
1.960235347E1,-1.405396342E0,1.685518026E0,9.526528358E0,9.776034598E0
1.960435186E1,-1.407790542E0,1.692700624E0,9.519346237E0,9.770622416E0
1.960634968E1,-1.414973259E0,1.707065821E0,9.495404243E0,9.750842260E0
1.960834722E1,-1.422155857E0,1.719036818E0,9.483432770E0,9.742336063E0
1.961034608E1,-1.419761658E0,1.714248419E0,9.483432770E0,9.741143049E0
1.961234300E1,-1.419761658E0,1.709460020E0,9.473855972E0,9.730977531E0
1.961434124E1,-1.414973259E0,1.704671621E0,9.447520256E0,9.703797898E0
1.961633995E1,-1.398213744E0,1.709460020E0,9.440337181E0,9.695216415E0
1.961833870E1,-1.383848548E0,1.692700624E0,9.442731857E0,9.692546473E0
1.962033823E1,-1.391031146E0,1.675941229E0,9.495404243E0,9.741994067E0
1.962233749E1,-1.429338455E0,1.680729628E0,9.545681953E0,9.797341704E0
1.962433624E1,-1.489193439E0,1.692700624E0,9.564835548E0,9.826953321E0
1.962633526E1,-1.508347034E0,1.699883223E0,9.552865028E0,9.819467603E0
1.962833311E1,-1.525106430E0,1.711854219E0,9.531316757E0,9.803182831E0
1.963033022E1,-1.501164436E0,1.723825216E0,9.504981041E0,9.775977324E0
1.963232745E1,-1.458068848E0,1.711854219E0,9.495404243E0,9.758028048E0
1.963432554E1,-1.414973259E0,1.678335428E0,9.495404243E0,9.745853522E0
1.963632350E1,-1.374271750E0,1.656787634E0,9.495404243E0,9.736337600E0
1.963832144E1,-1.343147159E0,1.632845521E0,9.497797966E0,9.730282369E0
1.964031987E1,-1.335964561E0,1.635239720E0,9.500192642E0,9.732033215E0
1.964231749E1,-1.335964561E0,1.632845521E0,9.504981041E0,9.736305788E0
1.964431538E1,-1.345541358E0,1.637633920E0,9.495404243E0,9.729081568E0
1.964631331E1,-1.371877551E0,1.663970232E0,9.507374763E0,9.748898391E0
1.964831226E1,-1.410184860E0,1.680729628E0,9.507374763E0,9.757235690E0
1.965031042E1,-1.426944256E0,1.695094824E0,9.514557838E0,9.769151817E0
1.965230726E1,-1.441309452E0,1.704671621E0,9.528923035E0,9.786912305E0
1.965430558E1,-1.438915253E0,1.699883223E0,9.526528358E0,9.783395251E0
1.965630296E1,-1.417367458E0,1.692700624E0,9.519346237E0,9.772006892E0
1.965830065E1,-1.403002143E0,1.690306425E0,9.509769440E0,9.760187786E0
1.966029796E1,-1.383848548E0,1.668758631E0,9.504981041E0,9.749074662E0
1.966229593E1,-1.371877551E0,1.649604917E0,9.500192642E0,9.739450941E0
1.966429421E1,-1.367089152E0,1.637633920E0,9.495404243E0,9.732085047E0
1.966629218E1,-1.367089152E0,1.637633920E0,9.497797966E0,9.734420569E0
1.966829007E1,-1.362300754E0,1.640028119E0,9.509769440E0,9.745833488E0
1.967028800E1,-1.355118155E0,1.651999116E0,9.512163162E0,9.749189419E0
1.967228632E1,-1.362300754E0,1.666364431E0,9.519346237E0,9.759640698E0
1.967428487E1,-1.364694953E0,1.673547029E0,9.521739960E0,9.763538489E0
1.967628292E1,-1.371877551E0,1.683123827E0,9.507374763E0,9.752185843E0
1.967828147E1,-1.386242747E0,1.704671621E0,9.519346237E0,9.769622668E0
1.968027987E1,-1.398213744E0,1.714248419E0,9.512163162E0,9.766007236E0
1.968227843E1,-1.405396342E0,1.719036818E0,9.516951561E0,9.772542836E0
1.968427589E1,-1.424550056E0,1.711854219E0,9.516951561E0,9.774055184E0
1.968627347E1,-1.429338455E0,1.707065821E0,9.516951561E0,9.773916776E0
1.968827081E1,-1.419761658E0,1.707065821E0,9.524134636E0,9.779516217E0
1.969027007E1,-1.405396342E0,1.709460020E0,9.538499832E0,9.791852301E0
1.969226917E1,-1.388636947E0,1.711854219E0,9.548076630E0,9.799210415E0
1.969426679E1,-1.383848548E0,1.709460020E0,9.545681953E0,9.795781455E0
1.969626347E1,-1.386242747E0,1.697489023E0,9.540893555E0,9.789371163E0
1.969825991E1,-1.395819545E0,1.695094824E0,9.533711433E0,9.783318065E0
1.970025847E1,-1.405396342E0,1.685518026E0,9.538499832E0,9.787700902E0
1.970225632E1,-1.417367458E0,1.673547029E0,9.538499832E0,9.787372948E0
1.970425429E1,-1.414973259E0,1.671152830E0,9.538499832E0,9.786617401E0
1.970625214E1,-1.414973259E0,1.687912226E0,9.543288231E0,9.794158834E0
1.970824968E1,-1.422155857E0,1.687912226E0,9.538499832E0,9.790533898E0
1.971024714E1,-1.419761658E0,1.685518026E0,9.521739960E0,9.773444942E0
1.971224444E1,-1.417367458E0,1.692700624E0,9.519346237E0,9.772006892E0
1.971424237E1,-1.422155857E0,1.678335428E0,9.521739960E0,9.772556930E0
1.971623925E1,-1.419761658E0,1.671152830E0,9.521739960E0,9.770977782E0
1.971823718E1,-1.410184860E0,1.659181833E0,9.519346237E0,9.765216766E0
1.972023612E1,-1.410184860E0,1.656787634E0,9.512163162E0,9.757807880E0
1.972223425E1,-1.405396342E0,1.659181833E0,9.507374763E0,9.752855896E0
1.972423300E1,-1.403002143E0,1.661576033E0,9.524134636E0,9.769257417E0
1.972623101E1,-1.410184860E0,1.666364431E0,9.528923035E0,9.775774443E0
1.972822882E1,-1.407790542E0,1.663970232E0,9.526528358E0,9.772687128E0
1.973022644E1,-1.410184860E0,1.663970232E0,9.536105156E0,9.782367802E0
1.973222386E1,-1.414973259E0,1.661576033E0,9.533711433E0,9.780318907E0
1.973422167E1,-1.417367458E0,1.659181833E0,9.538499832E0,9.784926873E0
1.973621983E1,-1.417367458E0,1.663970232E0,9.540893555E0,9.788073215E0
1.973821757E1,-1.419761658E0,1.671152830E0,9.540893555E0,9.789643751E0
1.974021593E1,-1.419761658E0,1.683123827E0,9.538499832E0,9.789361983E0
1.974221464E1,-1.417367458E0,1.687912226E0,9.519346237E0,9.771178587E0
1.974421335E1,-1.422155857E0,1.697489023E0,9.521739960E0,9.775864572E0
1.974621136E1,-1.417367458E0,1.699883223E0,9.516951561E0,9.770921169E0
1.974820968E1,-1.410184860E0,1.695094824E0,9.509769440E0,9.762053196E0
1.975020850E1,-1.407790542E0,1.690306425E0,9.509769440E0,9.760877256E0
1.975220616E1,-1.400607944E0,1.680729628E0,9.516951561E0,9.765189282E0
1.975420483E1,-1.414973259E0,1.680729628E0,9.504981041E0,9.755596650E0
1.975620202E1,-1.412579060E0,1.680729628E0,9.512163162E0,9.762247677E0
1.975820073E1,-1.410184860E0,1.673547029E0,9.507374763E0,9.756001020E0
1.976019960E1,-1.414973259E0,1.668758631E0,9.502586365E0,9.751207736E0
1.976219788E1,-1.419761658E0,1.673547029E0,9.502586365E0,9.752724258E0
1.976419558E1,-1.436521053E0,1.683123827E0,9.493009567E0,9.747498612E0
1.976619347E1,-1.434126854E0,1.683123827E0,9.488221169E0,9.742482568E0
1.976819128E1,-1.436521053E0,1.687912226E0,9.481039047E0,9.736669956E0
1.977019026E1,-1.441309452E0,1.697489023E0,9.483432770E0,9.741372543E0
1.977218882E1,-1.446097851E0,1.711854219E0,9.485827446E0,9.746925987E0
1.977418667E1,-1.436521053E0,1.711854219E0,9.483432770E0,9.743178881E0
1.977618503E1,-1.424550056E0,1.699883223E0,9.493009567E0,9.748649982E0
1.977818315E1,-1.422155857E0,1.702277422E0,9.478644371E0,9.734730341E0
1.978018214E1,-1.424550056E0,1.683123827E0,9.488221169E0,9.741077436E0
1.978218116E1,-1.429338455E0,1.680729628E0,9.488221169E0,9.741365481E0
1.978417929E1,-1.438915253E0,1.678335428E0,9.495404243E0,9.749358372E0
1.978617667E1,-1.429338455E0,1.680729628E0,9.509769440E0,9.762355008E0
1.978817440E1,-1.407790542E0,1.680729628E0,9.509769440E0,9.759223385E0
1.979017253E1,-1.398213744E0,1.683123827E0,9.519346237E0,9.767592348E0
1.979216999E1,-1.398213744E0,1.680729628E0,9.519346237E0,9.767180071E0
1.979416776E1,-1.391031146E0,1.685518026E0,9.536105156E0,9.783314378E0
1.979616554E1,-1.391031146E0,1.685518026E0,9.526528358E0,9.773979805E0
1.979816198E1,-1.391031146E0,1.692700624E0,9.524134636E0,9.772888192E0
1.980015925E1,-1.383848548E0,1.687912226E0,9.533711433E0,9.780375155E0
1.980215644E1,-1.386242747E0,1.704671621E0,9.545681953E0,9.795285511E0
1.980415370E1,-1.388636947E0,1.711854219E0,9.543288231E0,9.794544793E0
1.980615011E1,-1.388636947E0,1.704671621E0,9.540893555E0,9.790958468E0
1.980814843E1,-1.391031146E0,1.711854219E0,9.543288231E0,9.794884521E0
1.981014585E1,-1.388636947E0,1.704671621E0,9.548076630E0,9.797958217E0
1.981214226E1,-1.386242747E0,1.702277422E0,9.543288231E0,9.792536323E0
1.981413905E1,-1.386242747E0,1.699883223E0,9.538499832E0,9.787453753E0
1.981613585E1,-1.376665950E0,1.697489023E0,9.543288231E0,9.790353843E0
1.981813374E1,-1.371877551E0,1.707065821E0,9.538499832E0,9.786679763E0
1.982013222E1,-1.364694953E0,1.704671621E0,9.543288231E0,9.789925838E0
1.982213019E1,-1.364694953E0,1.697489023E0,9.548076630E0,9.793346140E0
1.982412764E1,-1.367089152E0,1.687912226E0,9.550470352E0,9.794358804E0
1.982612487E1,-1.367089152E0,1.675941229E0,9.548076630E0,9.789968288E0
1.982812280E1,-1.374271750E0,1.663970232E0,9.550470352E0,9.791266707E0
1.983012034E1,-1.379060149E0,1.644816518E0,9.552865028E0,9.791039706E0
1.983211858E1,-1.383848548E0,1.640028119E0,9.550470352E0,9.788575636E0
1.983411636E1,-1.388636947E0,1.635239720E0,9.548076630E0,9.786117148E0
1.983611397E1,-1.391031146E0,1.632845521E0,9.548076630E0,9.786057402E0
1.983811093E1,-1.405396342E0,1.630451322E0,9.550470352E0,9.790045676E0
1.984010811E1,-1.422155857E0,1.625662923E0,9.555258751E0,9.796339981E0
1.984210518E1,-1.424550056E0,1.625662923E0,9.545681953E0,9.787347279E0
1.984410167E1,-1.431732655E0,1.623268723E0,9.548076630E0,9.790333348E0
1.984609823E1,-1.431732655E0,1.623268723E0,9.543288231E0,9.785663493E0
1.984809460E1,-1.426944256E0,1.616086125E0,9.543288231E0,9.783775065E0
1.985009144E1,-1.441309452E0,1.606509328E0,9.545681953E0,9.786638295E0
1.985208843E1,-1.448492050E0,1.613691926E0,9.538499832E0,9.781876604E0
1.985408550E1,-1.446097851E0,1.613691926E0,9.545681953E0,9.788526170E0
1.985608257E1,-1.446097851E0,1.608903527E0,9.545681953E0,9.787737916E0
1.985808011E1,-1.446097851E0,1.611297727E0,9.550470352E0,9.792801607E0
1.986007675E1,-1.438915253E0,1.613691926E0,9.552865028E0,9.794473390E0
1.986207323E1,-1.446097851E0,1.613691926E0,9.555258751E0,9.797865605E0
1.986406999E1,-1.453280449E0,1.620874524E0,9.564835548E0,9.809451430E0
1.986606671E1,-1.458068848E0,1.625662923E0,9.552865028E0,9.799284410E0
1.986806374E1,-1.465251446E0,1.635239720E0,9.569623947E0,9.818282601E0
1.987006097E1,-1.460463047E0,1.647210717E0,9.569623947E0,9.819570151E0
1.987205831E1,-1.458068848E0,1.651999116E0,9.557653427E0,9.808353831E0
1.987405600E1,-1.460463047E0,1.654393315E0,9.560047150E0,9.811445921E0
1.987605229E1,-1.465251446E0,1.673547029E0,9.574412346E0,9.829399434E0
1.987804905E1,-1.453280449E0,1.685518026E0,9.588777542E0,9.843660388E0
1.988004589E1,-1.455674648E0,1.697489023E0,9.607931137E0,9.864724953E0
1.988204284E1,-1.448492050E0,1.697489023E0,9.610325813E0,9.866000225E0
1.988403976E1,-1.450886250E0,1.695094824E0,9.598354340E0,9.854279446E0
1.988603737E1,-1.455674648E0,1.695094824E0,9.588777542E0,9.845658429E0
1.988803491E1,-1.441309452E0,1.692700624E0,9.581595421E0,9.836136393E0
1.989003159E1,-1.443703651E0,1.699883223E0,9.576807022E0,9.833062389E0
1.989202835E1,-1.441309452E0,1.699883223E0,9.560047150E0,9.816388206E0
1.989402499E1,-1.436521053E0,1.709460020E0,9.552865028E0,9.810355577E0
1.989602241E1,-1.431732655E0,1.709460020E0,9.538499832E0,9.795666950E0
1.989801913E1,-1.429338455E0,1.707065821E0,9.526528358E0,9.783242034E0
1.990001573E1,-1.431732655E0,1.704671621E0,9.512163162E0,9.769186852E0
1.990201226E1,-1.410184860E0,1.707065821E0,9.500192642E0,9.754811905E0
1.990400862E1,-1.400607944E0,1.704671621E0,9.493009567E0,9.746016550E0
1.990600495E1,-1.398213744E0,1.702277422E0,9.493009567E0,9.745254268E0
1.990800093E1,-1.398213744E0,1.714248419E0,9.483432770E0,9.738025797E0
1.990999800E1,-1.403002143E0,1.719036818E0,9.473855972E0,9.730233788E0
1.991199413E1,-1.403002143E0,1.733402014E0,9.457097054E0,9.716469638E0
1.991399108E1,-1.398213744E0,1.731007814E0,9.454702377E0,9.713021506E0
1.991598862E1,-1.395819545E0,1.735796213E0,9.445125580E0,9.704210319E0
1.991798573E1,-1.395819545E0,1.726219416E0,9.457097054E0,9.714156183E0
1.991998182E1,-1.393425345E0,1.721431017E0,9.457097054E0,9.712962659E0
1.992197831E1,-1.383848548E0,1.723825216E0,9.454702377E0,9.709686258E0
1.992397468E1,-1.376665950E0,1.714248419E0,9.478644371E0,9.730290638E0
1.992597167E1,-1.367089152E0,1.711854219E0,9.476250648E0,9.726186507E0
1.992796831E1,-1.352723956E0,1.707065821E0,9.473855972E0,9.721002150E0
1.992996593E1,-1.347935557E0,1.692700624E0,9.478644371E0,9.722492725E0
1.993196339E1,-1.347935557E0,1.687912226E0,9.493009567E0,9.735666828E0
1.993395983E1,-1.345541358E0,1.695094824E0,9.500192642E0,9.743587032E0
1.993595726E1,-1.345541358E0,1.697489023E0,9.495404243E0,9.739335310E0
1.993795444E1,-1.359906554E0,1.695094824E0,9.493009567E0,9.738579103E0
1.993995237E1,-1.374271750E0,1.695094824E0,9.485827446E0,9.733596028E0
1.994194936E1,-1.364694953E0,1.711854219E0,9.493009567E0,9.742179829E0
1.994394640E1,-1.386242747E0,1.716642618E0,9.488221169E0,9.741399888E0
1.994594413E1,-1.383848548E0,1.726219416E0,9.493009567E0,9.747415089E0
1.994794226E1,-1.386242747E0,1.721431017E0,9.493009567E0,9.746908451E0
1.994993979E1,-1.393425345E0,1.728613615E0,9.476250648E0,9.732885778E0
1.995193644E1,-1.386242747E0,1.721431017E0,9.471462250E0,9.725923650E0
1.995393304E1,-1.388636947E0,1.719036818E0,9.481039047E0,9.735168286E0
1.995592921E1,-1.393425345E0,1.714248419E0,9.478644371E0,9.732675940E0
1.995792550E1,-1.400607944E0,1.714248419E0,9.485827446E0,9.740701853E0
1.995992253E1,-1.400607944E0,1.702277422E0,9.495404243E0,9.747930692E0
1.996191936E1,-1.393425345E0,1.692700624E0,9.497797966E0,9.747565635E0
1.996391675E1,-1.388636947E0,1.685518026E0,9.485827446E0,9.733971744E0
1.996591436E1,-1.388636947E0,1.685518026E0,9.490615845E0,9.738638134E0
1.996791132E1,-1.386242747E0,1.678335428E0,9.507374763E0,9.753391905E0
1.996990769E1,-1.398213744E0,1.678335428E0,9.512163162E0,9.759767390E0
1.997190472E1,-1.395819545E0,1.680729628E0,9.521739960E0,9.769170699E0
1.997390198E1,-1.403002143E0,1.673547029E0,9.519346237E0,9.766633374E0
1.997589952E1,-1.405396342E0,1.683123827E0,9.533711433E0,9.782622266E0
1.997789675E1,-1.419761658E0,1.683123827E0,9.545681953E0,9.796360188E0
1.997989472E1,-1.426944256E0,1.692700624E0,9.557653427E0,9.810715792E0
1.998189226E1,-1.424550056E0,1.695094824E0,9.555258751E0,9.808448354E0
1.998388936E1,-1.429338455E0,1.692700624E0,9.555258751E0,9.808731499E0
1.998588655E1,-1.424550056E0,1.711854219E0,9.567230225E0,9.823017963E0
1.998788394E1,-1.422155857E0,1.697489023E0,9.576807022E0,9.829508075E0
1.998988186E1,-1.419761658E0,1.683123827E0,9.588777542E0,9.838357776E0
1.999188050E1,-1.426944256E0,1.680729628E0,9.576807022E0,9.827321849E0
1.999387936E1,-1.422155857E0,1.678335428E0,9.581595421E0,9.830885408E0
1.999587706E1,-1.407790542E0,1.668758631E0,9.581595421E0,9.827186799E0
1.999787495E1,-1.398213744E0,1.666364431E0,9.572018623E0,9.816074196E0
1.999987350E1,-1.393425345E0,1.666364431E0,9.548076630E0,9.792046361E0
2.000187155E1,-1.395819545E0,1.663970232E0,9.538499832E0,9.782642188E0
2.000386929E1,-1.395819545E0,1.659181833E0,9.526528358E0,9.770155532E0
2.000586745E1,-1.388636947E0,1.651999116E0,9.526528358E0,9.767914630E0
2.000786522E1,-1.398213744E0,1.654393315E0,9.502586365E0,9.746341187E0
