"Time (s)","Acceleration x (m/s^2)","Acceleration y (m/s^2)","Acceleration z (m/s^2)","Absolute acceleration (m/s^2)"
4.923270000E-3,-6.081272364E-1,1.070208192E0,9.698910713E0,9.776708717E0
6.928583000E-3,-6.200982332E-1,1.077390790E0,9.708487511E0,9.787748591E0
8.934091000E-3,-6.344634295E-1,1.077390790E0,9.706093788E0,9.786295079E0
1.093991100E-2,-6.416460276E-1,1.072602391E0,9.698910713E0,9.779113177E0
1.294530200E-2,-6.512228847E-1,1.070208192E0,9.710882187E0,9.791356886E0
1.495045800E-2,-6.560112834E-1,1.067813993E0,9.706093788E0,9.786666141E0
1.695600500E-2,-6.512228847E-1,1.055842996E0,9.706093788E0,9.785047384E0
1.896069200E-2,-6.607996821E-1,1.046266198E0,9.722852707E0,9.801285321E0
2.096553600E-2,-6.679822803E-1,1.043871999E0,9.720458984E0,9.799142409E0
2.297014500E-2,-6.607996821E-1,1.024718285E0,9.734824181E0,9.810887096E0
2.497487200E-2,-6.560112834E-1,1.031900883E0,9.742006302E0,9.818444735E0
2.698034100E-2,-6.536170840E-1,1.029506683E0,9.737217903E0,9.813282417E0
2.898561400E-2,-6.560112834E-1,1.034295082E0,9.734824181E0,9.811570667E0
3.099045800E-2,-6.584054828E-1,1.031900883E0,9.739612579E0,9.816229949E0
3.299604400E-2,-6.536170840E-1,1.027112484E0,9.758766174E0,9.834413688E0
3.500026300E-2,-6.464344859E-1,1.034295082E0,9.765948296E0,9.841818428E0
3.700452000E-2,-6.416460276E-1,1.043871999E0,9.773131371E0,9.849643403E0
3.900928600E-2,-6.272808313E-1,1.034295082E0,9.775525093E0,9.850083167E0
4.101467700E-2,-6.200982332E-1,1.029506683E0,9.777919769E0,9.851503481E0
4.301975500E-2,-6.105214357E-1,1.027112484E0,9.782708168E0,9.855408443E0
4.502471600E-2,-5.937620401E-1,1.029506683E0,9.782708168E0,9.854634264E0
4.702963800E-2,-5.865794420E-1,1.031900883E0,9.768342972E0,9.840194068E0
4.903358300E-2,-5.746083856E-1,1.029506683E0,9.763554573E0,9.834483042E0
5.103846600E-2,-5.602431893E-1,1.027112484E0,9.768342972E0,9.838158207E0
5.304303600E-2,-5.530605912E-1,1.007958889E0,9.751583099E0,9.819125729E0
5.504784100E-2,-5.434837937E-1,1.005564690E0,9.727641106E0,9.794566681E0
5.705299700E-2,-5.291185975E-1,9.983820915E-1,9.718064308E0,9.783532449E0
5.905717700E-2,-5.267243981E-1,9.911994934E-1,9.727641106E0,9.792186503E0
6.106170800E-2,-5.075707436E-1,9.959878922E-1,9.715670586E0,9.779768651E0
6.306631700E-2,-5.027823448E-1,9.888052940E-1,9.706093788E0,9.769277487E0
6.507190300E-2,-4.955997467E-1,9.888052940E-1,9.713275909E0,9.776046436E0
6.707690300E-2,-4.908113480E-1,9.935936928E-1,9.718064308E0,9.781047904E0
6.908100500E-2,-4.932055473E-1,9.816226959E-1,9.706093788E0,9.768064878E0
7.108635600E-2,-4.955997467E-1,9.792284966E-1,9.696516991E0,9.758429654E0
7.309151300E-2,-4.932055473E-1,9.840168953E-1,9.696516991E0,9.758790023E0
7.509588800E-2,-5.003881454E-1,9.911994934E-1,9.686940193E0,9.750367944E0
7.710077000E-2,-5.075707436E-1,9.888052940E-1,9.679757118E0,9.743359884E0
7.910592700E-2,-5.147533417E-1,9.959878922E-1,9.674968719E0,9.739711629E0
8.111045800E-2,-5.195417404E-1,9.983820915E-1,9.665391922E0,9.730698404E0
8.311541900E-2,-5.291185975E-1,1.000776291E0,9.658209801E0,9.724327032E0
8.512014500E-2,-5.386953950E-1,1.005564690E0,9.655815125E0,9.722968620E0
8.712604400E-2,-5.482721925E-1,1.015141487E0,9.646238327E0,9.714989887E0
8.913127800E-2,-5.674257874E-1,1.005564690E0,9.634267807E0,9.703208157E0
9.113584900E-2,-5.746083856E-1,1.019929886E0,9.631873131E0,9.702752794E0
9.314073100E-2,-5.770025849E-1,1.017535686E0,9.624691010E0,9.695513802E0
9.514495000E-2,-5.913678408E-1,1.024718285E0,9.612719536E0,9.685253758E0
9.714998900E-2,-5.985504389E-1,1.024718285E0,9.612719536E0,9.685694971E0
9.915573100E-2,-6.009446383E-1,1.034295082E0,9.600749016E0,9.674982297E0
1.011608490E-1,-6.105214357E-1,1.031900883E0,9.603142738E0,9.677701499E0
1.031653020E-1,-5.985504389E-1,1.027112484E0,9.591172218E0,9.664564512E0
1.051699500E-1,-5.841852427E-1,1.019929886E0,9.583989143E0,9.655795010E0
1.071749890E-1,-5.817909837E-1,1.017535686E0,9.576807022E0,9.648268879E0
1.091798330E-1,-5.722141862E-1,1.005564690E0,9.576807022E0,9.646440906E0
1.111856920E-1,-5.650315881E-1,1.012747288E0,9.569623947E0,9.639637973E0
1.131910440E-1,-5.626373887E-1,1.017535686E0,9.569623947E0,9.640002188E0
1.151960050E-1,-5.554547906E-1,1.012747288E0,9.583989143E0,9.653343203E0
1.172001840E-1,-5.506663918E-1,1.024718285E0,9.595960617E0,9.666216488E0
1.192047160E-1,-5.458779931E-1,1.019929886E0,9.595960617E0,9.665438424E0
1.212091300E-1,-5.434837937E-1,1.029506683E0,9.607931137E0,9.678202280E0
1.232142080E-1,-5.482721925E-1,1.039083481E0,9.627084732E0,9.698507994E0
1.252188950E-1,-5.315127969E-1,1.055842996E0,9.622296333E0,9.694632381E0
1.272233880E-1,-5.219359994E-1,1.070208192E0,9.600749016E0,9.674303304E0
1.292278020E-1,-5.195417404E-1,1.065419793E0,9.595960617E0,9.668893583E0
1.312320990E-1,-5.147533417E-1,1.051054597E0,9.588777542E0,9.659934861E0
1.332364740E-1,-5.051765442E-1,1.046266198E0,9.591172218E0,9.661286706E0
1.352410830E-1,-5.027823448E-1,1.046266198E0,9.591172218E0,9.661161812E0
1.372449500E-1,-4.979939461E-1,1.039083481E0,9.603142738E0,9.672023723E0
1.392492470E-1,-5.099649429E-1,1.053448796E0,9.610325813E0,9.681331564E0
1.412537000E-1,-5.051765442E-1,1.058237195E0,9.615114212E0,9.686355900E0
1.432584270E-1,-5.003881454E-1,1.065419793E0,9.634267807E0,9.705906645E0
1.452637390E-1,-5.051765442E-1,1.070208192E0,9.646238327E0,9.718562794E0
1.472688950E-1,-5.099649429E-1,1.077390790E0,9.653421402E0,9.726735317E0
1.492744420E-1,-5.123591423E-1,1.082179189E0,9.665391922E0,9.739272288E0
1.512802240E-1,-5.075707436E-1,1.098938584E0,9.689333916E0,9.764654925E0
1.532843640E-1,-5.099649429E-1,1.096544385E0,9.696516991E0,9.771638326E0
1.552885440E-1,-5.243301988E-1,1.101332784E0,9.701305389E0,9.777687984E0
1.572928410E-1,-5.195417404E-1,1.108515382E0,9.698910713E0,9.775868196E0
1.592980360E-1,-5.219359994E-1,1.110909581E0,9.686940193E0,9.764391819E0
1.613017860E-1,-5.123591423E-1,1.113303781E0,9.696516991E0,9.773658422E0
1.633065520E-1,-5.099649429E-1,1.113303781E0,9.710882187E0,9.787785367E0
1.653108880E-1,-4.908113480E-1,1.118092179E0,9.730035782E0,9.806356215E0
1.673151060E-1,-4.884171486E-1,1.106121182E0,9.732429504E0,9.807254429E0
1.693201060E-1,-4.740519226E-1,1.098938584E0,9.734824181E0,9.808118732E0
1.713249890E-1,-4.716577232E-1,1.089361787E0,9.739612579E0,9.811688097E0
1.733294810E-1,-4.548983276E-1,1.082179189E0,9.746794701E0,9.817232361E0
1.753340910E-1,-4.453215301E-1,1.072602391E0,9.734824181E0,9.803855822E0
1.773386610E-1,-4.453215301E-1,1.060631394E0,9.737217903E0,9.804930531E0
1.793427630E-1,-4.453215301E-1,1.055842996E0,9.737217903E0,9.804413710E0
1.813465910E-1,-4.429273009E-1,1.043871999E0,9.720458984E0,9.786377073E0
1.833500280E-1,-4.572925270E-1,1.034295082E0,9.713275909E0,9.778886013E0
1.853541300E-1,-4.788403511E-1,1.024718285E0,9.722852707E0,9.788421753E0
1.873592470E-1,-4.955997467E-1,1.022324085E0,9.725247383E0,9.791384085E0
1.893642080E-1,-5.195417404E-1,1.003170490E0,9.710882187E0,9.776374967E0
1.913687390E-1,-5.386953950E-1,9.959878922E-1,9.706093788E0,9.771921062E0
1.933740520E-1,-5.434837937E-1,9.888052940E-1,9.710882187E0,9.776213142E0
1.953794030E-1,-5.482721925E-1,9.911994934E-1,9.710882187E0,9.776722952E0
1.973840520E-1,-5.793967843E-1,9.840168953E-1,9.696516991E0,9.763525574E0
1.993890130E-1,-5.913678408E-1,9.792284966E-1,9.694122314E0,9.761383704E0
2.013939740E-1,-6.057330370E-1,9.696516991E-1,9.686940193E0,9.754175887E0
2.033979970E-1,-6.105214357E-1,9.792284966E-1,9.689333916E0,9.757807981E0
2.054019030E-1,-6.200982332E-1,9.840168953E-1,9.691728592E0,9.761271135E0
2.074064740E-1,-6.224924326E-1,9.840168953E-1,9.674968719E0,9.744783517E0
2.094110440E-1,-6.129156351E-1,9.888052940E-1,9.655815125E0,9.725644822E0
2.114161610E-1,-6.105214357E-1,9.840168953E-1,9.653421402E0,9.722631868E0
2.134207310E-1,-6.057330370E-1,9.696516991E-1,9.660603523E0,9.728021246E0
2.154252630E-1,-6.033388376E-1,9.648633003E-1,9.651026726E0,9.717885357E0
2.174304970E-1,-6.033388376E-1,9.648633003E-1,9.651026726E0,9.717885357E0
2.194360050E-1,-5.937620401E-1,9.672574997E-1,9.653421402E0,9.719911789E0
2.214410830E-1,-5.937620401E-1,9.600749016E-1,9.648633003E0,9.714443680E0
2.234459660E-1,-5.770025849E-1,9.744400978E-1,9.655815125E0,9.721997285E0
2.254508090E-1,-5.746083856E-1,9.768342972E-1,9.655815125E0,9.722095749E0
2.274560830E-1,-5.793967843E-1,9.768342972E-1,9.658209801E0,9.724758220E0
2.294606530E-1,-5.746083856E-1,9.792284966E-1,9.670180321E0,9.736603652E0
2.314654970E-1,-5.746083856E-1,9.864110947E-1,9.677363396E0,9.744462219E0
2.334706140E-1,-5.746083856E-1,9.959878922E-1,9.667786598E0,9.735926478E0
2.354763170E-1,-5.746083856E-1,1.015141487E0,9.667786598E0,9.737904536E0
2.374813560E-1,-5.865794420E-1,1.022324085E0,9.677363396E0,9.748876052E0
2.394867080E-1,-5.722141862E-1,1.019929886E0,9.670180321E0,9.740640301E0
2.414911610E-1,-5.698199868E-1,1.015141487E0,9.670180321E0,9.739999717E0
2.434965520E-1,-5.650315881E-1,1.015141487E0,9.665391922E0,9.734966561E0
2.455020990E-1,-5.626373887E-1,1.017535686E0,9.658209801E0,9.727947176E0
2.475064340E-1,-5.602431893E-1,1.005564690E0,9.653421402E0,9.721809376E0
2.495117080E-1,-5.698199868E-1,1.007958889E0,9.655815125E0,9.724990574E0
2.515165520E-1,-5.817909837E-1,1.015141487E0,9.653421402E0,9.724070020E0
2.535211220E-1,-5.913678408E-1,1.012747288E0,9.655815125E0,9.726774322E0
2.555251060E-1,-5.937620401E-1,1.012747288E0,9.658209801E0,9.729297353E0
2.575297160E-1,-6.033388376E-1,1.007958889E0,9.634267807E0,9.705622858E0
2.595354580E-1,-5.937620401E-1,1.007958889E0,9.634267807E0,9.705032234E0
2.615404970E-1,-6.009446383E-1,1.007958889E0,9.639056206E0,9.710227604E0
2.635447550E-1,-6.009446383E-1,1.003170490E0,9.631873131E0,9.702600966E0
2.655499110E-1,-5.937620401E-1,1.005564690E0,9.615114212E0,9.685769717E0
2.675555360E-1,-5.937620401E-1,9.864110947E-1,9.617507935E0,9.686176701E0
2.695610440E-1,-5.937620401E-1,9.864110947E-1,9.610325813E0,9.679045534E0
2.715658880E-1,-5.961562395E-1,9.696516991E-1,9.610325813E0,9.677499104E0
2.735699500E-1,-5.889736414E-1,9.744400978E-1,9.603142738E0,9.670407122E0
2.755741690E-1,-5.889736414E-1,9.696516991E-1,9.603142738E0,9.669925792E0
2.775783880E-1,-5.961562395E-1,9.672574997E-1,9.607931137E0,9.674881398E0
2.795829190E-1,-6.057330370E-1,9.816226959E-1,9.600749016E0,9.669791998E0
2.815885050E-1,-6.009446383E-1,9.816226959E-1,9.598354340E0,9.667115578E0
2.835937000E-1,-6.057330370E-1,9.864110947E-1,9.615114212E0,9.684541325E0
2.855987000E-1,-6.081272364E-1,1.000776291E0,9.607931137E0,9.679034696E0
2.876045990E-1,-6.105214357E-1,1.010353088E0,9.615114212E0,9.687309797E0
2.896097940E-1,-6.081272364E-1,1.010353088E0,9.627084732E0,9.699040805E0
2.916138560E-1,-6.057330370E-1,1.022324085E0,9.624691010E0,9.697769644E0
2.936178410E-1,-6.057330370E-1,1.022324085E0,9.624691010E0,9.697769644E0
2.956215910E-1,-6.081272364E-1,1.027112484E0,9.634267807E0,9.707929489E0
2.976266300E-1,-6.033388376E-1,1.031900883E0,9.629479408E0,9.703386566E0
2.996309270E-1,-5.865794420E-1,1.036689281E0,9.643844604E0,9.717126060E0
3.016357700E-1,-5.746083856E-1,1.034295082E0,9.646238327E0,9.718531524E0
3.036409270E-1,-5.722141862E-1,1.036689281E0,9.648633003E0,9.721022198E0
3.056453020E-1,-5.530605912E-1,1.039083481E0,9.662998199E0,9.734428833E0
3.076494420E-1,-5.458779931E-1,1.034295082E0,9.689333916E0,9.759658848E0
3.096537780E-1,-5.410895944E-1,1.031900883E0,9.694122314E0,9.763892914E0
3.116579970E-1,-5.291185975E-1,1.019929886E0,9.691728592E0,9.759601762E0
3.136621770E-1,-5.171475410E-1,1.019929886E0,9.686940193E0,9.754204676E0
3.156670200E-1,-5.027823448E-1,1.017535686E0,9.677363396E0,9.743691870E0
3.176717080E-1,-4.812345505E-1,1.007958889E0,9.672574997E0,9.736851385E0
3.196757700E-1,-4.692635238E-1,1.000776291E0,9.665391922E0,9.728389509E0
3.216799500E-1,-4.596867263E-1,9.935936928E-1,9.636661530E0,9.698648656E0
3.236847550E-1,-4.572925270E-1,1.003170490E0,9.639056206E0,9.701900434E0
3.256883490E-1,-4.572925270E-1,1.003170490E0,9.639056206E0,9.701900434E0
3.276924500E-1,-4.620809257E-1,9.888052940E-1,9.629479408E0,9.691136588E0
3.296954580E-1,-4.644751251E-1,9.935936928E-1,9.634267807E0,9.696498427E0
3.316990130E-1,-4.692635238E-1,9.935936928E-1,9.636661530E0,9.699107284E0
3.337019030E-1,-4.716577232E-1,9.983820915E-1,9.646238327E0,9.709229716E0
3.357057310E-1,-4.740519226E-1,9.983820915E-1,9.643844604E0,9.706968156E0
3.377085830E-1,-4.716577232E-1,9.935936928E-1,9.641449928E0,9.703980944E0
3.397119420E-1,-4.644751251E-1,9.911994934E-1,9.639056206E0,9.701011190E0
3.417159660E-1,-4.620809257E-1,9.983820915E-1,9.643844604E0,9.706390902E0
3.437192860E-1,-4.596867263E-1,9.888052940E-1,9.646238327E0,9.707675399E0
3.457229580E-1,-4.644751251E-1,9.983820915E-1,9.660603523E0,9.723156091E0
3.477269030E-1,-4.668693244E-1,1.000776291E0,9.670180321E0,9.733031778E0
3.497309270E-1,-4.644751251E-1,1.010353088E0,9.679757118E0,9.743420774E0
3.517354580E-1,-4.644751251E-1,1.022324085E0,9.679757118E0,9.744669391E0
3.537397940E-1,-4.644751251E-1,1.024718285E0,9.679757118E0,9.744920860E0
3.557441300E-1,-4.644751251E-1,1.027112484E0,9.677363396E0,9.742795261E0
3.577484270E-1,-4.620809257E-1,1.024718285E0,9.667786598E0,9.732916523E0
3.597528800E-1,-4.692635238E-1,1.031900883E0,9.648633003E0,9.714995961E0
3.617565910E-1,-4.668693244E-1,1.029506683E0,9.629479408E0,9.695603367E0
3.637606140E-1,-4.740519226E-1,1.022324085E0,9.607931137E0,9.673789976E0
3.657644420E-1,-4.716577232E-1,1.010353088E0,9.607931137E0,9.672415164E0
3.677698330E-1,-4.644751251E-1,1.000776291E0,9.586383820E0,9.649665541E0
3.697757700E-1,-4.812345505E-1,9.911994934E-1,9.581595421E0,9.644741258E0
3.717805360E-1,-4.908113480E-1,9.911994934E-1,9.588777542E0,9.652358622E0
3.737851840E-1,-5.147533417E-1,9.983820915E-1,9.593565941E0,9.659101680E0
3.757903800E-1,-5.267243981E-1,1.000776291E0,9.603142738E0,9.669505790E0
3.777956140E-1,-5.506663918E-1,1.000776291E0,9.612719536E0,9.680349350E0
3.797997550E-1,-5.554547906E-1,1.000776291E0,9.619902611E0,9.687755646E0
3.818039740E-1,-5.793967843E-1,1.007958889E0,9.629479408E0,9.699410056E0
3.838087390E-1,-6.009446383E-1,1.007958889E0,9.643844604E0,9.714980923E0
3.858134660E-1,-6.224924326E-1,1.017535686E0,9.641449928E0,9.714959208E0
3.878174500E-1,-6.416460276E-1,1.022324085E0,9.643844604E0,9.719084057E0
3.898215910E-1,-6.584054828E-1,1.031900883E0,9.655815125E0,9.733092157E0
3.918247160E-1,-6.727706790E-1,1.031900883E0,9.655815125E0,9.734074457E0
3.938288170E-1,-6.679822803E-1,1.031900883E0,9.639056206E0,9.717120165E0
3.958334660E-1,-6.703764796E-1,1.029506683E0,9.636661530E0,9.714655633E0
3.978380750E-1,-6.727706790E-1,1.017535686E0,9.643844604E0,9.720686088E0
3.998426060E-1,-6.727706790E-1,1.010353088E0,9.641449928E0,9.717560932E0
4.018469030E-1,-6.584054828E-1,1.010353088E0,9.651026726E0,9.726079786E0
4.038501060E-1,-6.488286853E-1,1.003170490E0,9.660603523E0,9.734196943E0
4.058534270E-1,-6.368576288E-1,9.983820915E-1,9.670180321E0,9.742419714E0
4.078571380E-1,-6.296750307E-1,9.959878922E-1,9.679757118E0,9.751214304E0
4.098604580E-1,-6.224924326E-1,9.864110947E-1,9.696516991E0,9.766419274E0
4.118644030E-1,-6.248866320E-1,9.792284966E-1,9.718064308E0,9.787244027E0
4.138681140E-1,-6.177040339E-1,9.720458984E-1,9.737217903E0,9.805092758E0
4.158712780E-1,-6.129156351E-1,9.720458984E-1,9.737217903E0,9.804792262E0
4.178749500E-1,-6.033388376E-1,9.720458984E-1,9.761159897E0,9.827977081E0
4.198789740E-1,-5.937620401E-1,9.840168953E-1,9.770736694E0,9.838096267E0
4.218827630E-1,-5.865794420E-1,9.840168953E-1,9.765948296E0,9.832909580E0
4.238865520E-1,-5.817909837E-1,9.864110947E-1,9.758766174E0,9.825731771E0
4.258909270E-1,-5.722141862E-1,9.744400978E-1,9.765948296E0,9.831109230E0
4.278949110E-1,-5.770025849E-1,9.744400978E-1,9.751583099E0,9.817119661E0
4.298994030E-1,-5.841852427E-1,9.816226959E-1,9.749189377E0,9.815882488E0
4.319028410E-1,-5.817909837E-1,9.744400978E-1,9.744400978E0,9.810268328E0
4.339072940E-1,-5.817909837E-1,9.768342972E-1,9.758766174E0,9.824774971E0
4.359119810E-1,-5.841852427E-1,9.672574997E-1,9.777919769E0,9.842996215E0
4.379160830E-1,-5.985504389E-1,9.768342972E-1,9.799467087E0,9.866206113E0
4.399201450E-1,-6.033388376E-1,9.792284966E-1,9.799467087E0,9.866735093E0
4.419249890E-1,-6.033388376E-1,9.768342972E-1,9.804255486E0,9.871253650E0
4.439301450E-1,-6.033388376E-1,9.840168953E-1,9.816226959E0,9.883856470E0
4.459348330E-1,-6.009446383E-1,9.959878922E-1,9.825803757E0,9.894419933E0
4.479386610E-1,-6.105214357E-1,9.959878922E-1,9.830592155E0,9.899761130E0
4.499430750E-1,-6.105214357E-1,1.007958889E0,9.842563629E0,9.912859140E0
4.519481530E-1,-5.985504389E-1,1.005564690E0,9.825803757E0,9.895243425E0
4.539527630E-1,-5.889736414E-1,1.010353088E0,9.828198433E0,9.897534428E0
4.559571380E-1,-5.889736414E-1,1.007958889E0,9.821015358E0,9.890157417E0
4.579612000E-1,-5.937620401E-1,1.005564690E0,9.816226959E0,9.885445130E0
4.599665130E-1,-5.865794420E-1,1.012747288E0,9.797073364E0,9.866730918E0
4.619704190E-1,-5.889736414E-1,1.015141487E0,9.785101891E0,9.855233188E0
4.639745590E-1,-5.746083856E-1,1.012747288E0,9.785101891E0,9.854138769E0
4.659792470E-1,-5.793967843E-1,1.015141487E0,9.780313492E0,9.849910907E0
4.679837780E-1,-5.841852427E-1,1.012747288E0,9.780313492E0,9.849947282E0
4.699869030E-1,-5.770025849E-1,1.017535686E0,9.763554573E0,9.833377281E0
4.719919420E-1,-5.793967843E-1,1.017535686E0,9.756371498E0,9.826386127E0
4.739974110E-1,-5.889736414E-1,1.012747288E0,9.753977776E0,9.824084154E0
4.760019030E-1,-5.793967843E-1,1.003170490E0,9.753977776E0,9.822531960E0
4.780074890E-1,-5.746083856E-1,9.935936928E-1,9.739612579E0,9.807010575E0
4.800119420E-1,-5.626373887E-1,9.911994934E-1,9.725247383E0,9.791806469E0
4.820162000E-1,-5.602431893E-1,9.792284966E-1,9.713275909E0,9.778572993E0
4.840198720E-1,-5.554547906E-1,9.720458984E-1,9.694122314E0,9.758555769E0
4.860241690E-1,-5.458779931E-1,9.768342972E-1,9.689333916E0,9.753736707E0
4.880284660E-1,-5.482721925E-1,9.720458984E-1,9.684545517E0,9.748635674E0
4.900324890E-1,-5.434837937E-1,9.600749016E-1,9.684545517E0,9.747181147E0
4.920361220E-1,-5.554547906E-1,9.576807022E-1,9.682151794E0,9.745242210E0
4.940400670E-1,-5.626373887E-1,9.576807022E-1,9.658209801E0,9.721868633E0
4.960438170E-1,-5.722141862E-1,9.672574997E-1,9.662998199E0,9.728131904E0
4.980483880E-1,-5.817909837E-1,9.768342972E-1,9.658209801E0,9.724901159E0
5.000526450E-1,-5.961562395E-1,9.768342972E-1,9.658209801E0,9.725771129E0
5.020578410E-1,-6.033388376E-1,9.792284966E-1,9.639056206E0,9.707435848E0
5.040637000E-1,-6.153098345E-1,9.935936928E-1,9.651026726E0,9.721530305E0
5.060686610E-1,-6.224924326E-1,9.983820915E-1,9.653421402E0,9.724855186E0
5.080735440E-1,-6.272808313E-1,1.010353088E0,9.648633003E0,9.721646642E0
5.100780750E-1,-6.272808313E-1,1.031900883E0,9.636661530E0,9.712030998E0
5.120822940E-1,-6.296750307E-1,1.041477680E0,9.643844604E0,9.720334622E0
5.140856920E-1,-6.272808313E-1,1.039083481E0,9.643844604E0,9.719923584E0
5.160898720E-1,-6.272808313E-1,1.048660398E0,9.634267807E0,9.711451284E0
5.180946770E-1,-6.081272364E-1,1.058237195E0,9.624691010E0,9.701771061E0
5.200988950E-1,-6.033388376E-1,1.053448796E0,9.612719536E0,9.689073691E0
5.221030360E-1,-6.033388376E-1,1.053448796E0,9.607931137E0,9.684323046E0
5.241069810E-1,-5.913678408E-1,1.063025594E0,9.598354340E0,9.675130251E0
5.261120990E-1,-5.770025849E-1,1.048660398E0,9.581595421E0,9.656065007E0
5.281162000E-1,-5.554547906E-1,1.039083481E0,9.574412346E0,9.646636526E0
5.301210830E-1,-5.410895944E-1,1.027112484E0,9.557653427E0,9.627900967E0
5.321249500E-1,-5.243301988E-1,1.019929886E0,9.555258751E0,9.623832341E0
5.341288560E-1,-5.195417404E-1,1.010353088E0,9.545681953E0,9.613052634E0
5.361324890E-1,-5.099649429E-1,1.003170490E0,9.533711433E0,9.599899425E0
5.381365520E-1,-5.075707436E-1,9.959878922E-1,9.536105156E0,9.601402058E0
5.401415130E-1,-5.003881454E-1,9.864110947E-1,9.543288231E0,9.607171561E0
5.421454970E-1,-5.003881454E-1,9.888052940E-1,9.545681953E0,9.609795428E0
5.441488950E-1,-5.147533417E-1,9.816226959E-1,9.557653427E0,9.621709471E0
5.461522160E-1,-5.171475410E-1,9.864110947E-1,9.562441826E0,9.627083780E0
5.481566690E-1,-5.315127969E-1,1.007958889E0,9.595960617E0,9.663381765E0
5.501611220E-1,-5.506663918E-1,1.010353088E0,9.612719536E0,9.681344107E0
5.521647550E-1,-5.674257874E-1,1.010353088E0,9.643844604E0,9.713213894E0
5.541670200E-1,-5.722141862E-1,1.012747288E0,9.653421402E0,9.723252075E0
5.561703800E-1,-5.913678408E-1,1.027112484E0,9.655815125E0,9.728280511E0
5.581730750E-1,-6.129156351E-1,1.046266198E0,9.674968719E0,9.750659375E0
5.601760050E-1,-6.272808313E-1,1.058237195E0,9.689333916E0,9.767115180E0
5.621793250E-1,-6.536170840E-1,1.072602391E0,9.684545517E0,9.765659888E0
5.641831530E-1,-6.584054828E-1,1.082179189E0,9.691728592E0,9.774160459E0
5.661878020E-1,-6.584054828E-1,1.082179189E0,9.703699112E0,9.786030147E0
5.681922550E-1,-6.823474765E-1,1.084573388E0,9.691728592E0,9.776067748E0
5.701970200E-1,-6.847416759E-1,1.086967587E0,9.696516991E0,9.781247949E0
5.722017470E-1,-6.823474765E-1,1.091755986E0,9.710882187E0,9.795854330E0
5.742054580E-1,-6.871358752E-1,1.086967587E0,9.708487511E0,9.793282595E0
5.762091690E-1,-6.751648784E-1,1.086967587E0,9.720458984E0,9.804318896E0
5.782130360E-1,-6.512228847E-1,1.072602391E0,9.739612579E0,9.820113051E0
5.802177630E-1,-6.344634295E-1,1.063025594E0,9.746794701E0,9.825099195E0
5.822224110E-1,-6.105214357E-1,1.046266198E0,9.746794701E0,9.821782746E0
5.842272940E-1,-5.889736414E-1,1.022324085E0,9.744400978E0,9.815568598E0
5.862323330E-1,-5.793967843E-1,1.010353088E0,9.756371498E0,9.825644956E0
5.882371770E-1,-5.458779931E-1,9.959878922E-1,9.763554573E0,9.829393296E0
5.902410440E-1,-5.243301988E-1,9.864110947E-1,9.773131371E0,9.836769073E0
5.922454190E-1,-4.932055473E-1,9.792284966E-1,9.753977776E0,9.815407409E0
5.942494030E-1,-4.812345505E-1,9.552865028E-1,9.758766174E0,9.817213262E0
5.962542080E-1,-4.764461517E-1,9.385270476E-1,9.763554573E0,9.820123821E0
5.982585440E-1,-4.668693244E-1,9.385270476E-1,9.763554573E0,9.819663838E0
6.002626840E-1,-4.572925270E-1,9.289502501E-1,9.763554573E0,9.818302446E0
6.022668640E-1,-4.501099288E-1,9.217676520E-1,9.768342972E0,9.822055740E0
6.042701840E-1,-4.501099288E-1,9.241618514E-1,9.782708168E0,9.836567144E0
6.062736220E-1,-4.525041282E-1,9.265560508E-1,9.777919769E0,9.832140210E0
6.082779580E-1,-4.644751251E-1,9.385270476E-1,9.780313492E0,9.836213812E0
6.102814340E-1,-4.740519226E-1,9.504981041E-1,9.785101891E0,9.842580499E0
6.122838170E-1,-4.812345505E-1,9.720458984E-1,9.775525093E0,9.835514769E0
6.142864340E-1,-4.979939461E-1,9.840168953E-1,9.775525093E0,9.837539228E0
6.162893250E-1,-5.219359994E-1,1.005564690E0,9.794678688E0,9.859985200E0
6.182918250E-1,-5.386953950E-1,1.017535686E0,9.794678688E0,9.862114489E0
6.202944420E-1,-5.626373887E-1,1.036689281E0,9.775525093E0,9.846429624E0
6.222979580E-1,-5.889736414E-1,1.051054597E0,9.765948296E0,9.839987390E0
6.243002630E-1,-6.009446383E-1,1.051054597E0,9.775525093E0,9.850215280E0
6.263022160E-1,-6.129156351E-1,1.067813993E0,9.780313492E0,9.857505988E0
6.283047940E-1,-6.392518282E-1,1.079784989E0,9.777919769E0,9.858108010E0
6.303071380E-1,-6.440402865E-1,1.089361787E0,9.782708168E0,9.864222022E0
6.323096380E-1,-6.488286853E-1,1.086967587E0,9.777919769E0,9.859522920E0
6.343127630E-1,-6.488286853E-1,1.098938584E0,9.775525093E0,9.858475314E0
6.363153410E-1,-6.416460276E-1,1.096544385E0,9.768342972E0,9.850616409E0
6.383183490E-1,-6.320692301E-1,1.091755986E0,9.770736694E0,9.851839331E0
6.403205360E-1,-6.344634295E-1,1.089361787E0,9.775525093E0,9.856477251E0
6.423227240E-1,-6.224924326E-1,1.089361787E0,9.773131371E0,9.853339673E0
6.443251840E-1,-6.009446383E-1,1.086967587E0,9.765948296E0,9.844611679E0
6.463276060E-1,-5.817909837E-1,1.089361787E0,9.730035782E0,9.808097989E0
6.483307310E-1,-5.746083856E-1,1.082179189E0,9.744400978E0,9.821132166E0
6.503331530E-1,-5.722141862E-1,1.077390790E0,9.744400978E0,9.820465896E0
6.523359270E-1,-5.650315881E-1,1.079784989E0,9.746794701E0,9.822688189E0
6.543396770E-1,-5.458779931E-1,1.072602391E0,9.756371498E0,9.830322654E0
6.563433490E-1,-5.363011956E-1,1.074996591E0,9.758766174E0,9.832433772E0
6.583467470E-1,-5.243301988E-1,1.070208192E0,9.761159897E0,9.833641760E0
6.603493640E-1,-5.027823448E-1,1.070208192E0,9.765948296E0,9.837270037E0
6.623526450E-1,-4.836287498E-1,1.067813993E0,9.763554573E0,9.833672833E0
6.643558490E-1,-4.644751251E-1,1.070208192E0,9.753977776E0,9.823500657E0
6.663594030E-1,-4.572925270E-1,1.065419793E0,9.756371498E0,9.825020132E0
6.683629970E-1,-4.453215301E-1,1.053448796E0,9.739612579E0,9.806534496E0
6.703660830E-1,-4.381389022E-1,1.041477680E0,9.730035782E0,9.795419224E0
6.723699500E-1,-4.261679053E-1,1.031900883E0,9.715670586E0,9.779605996E0
6.743721380E-1,-4.165911078E-1,1.010353088E0,9.710882187E0,9.772184728E0
6.763747160E-1,-4.094084799E-1,1.005564690E0,9.701305389E0,9.761869796E0
6.783770990E-1,-3.998316824E-1,9.911994934E-1,9.696516991E0,9.755243901E0
6.803795990E-1,-3.950432837E-1,9.768342972E-1,9.703699112E0,9.760739772E0
6.823816690E-1,-3.950432837E-1,9.792284966E-1,9.703699112E0,9.760979669E0
6.843845200E-1,-3.998316824E-1,9.816226959E-1,9.698910713E0,9.756655037E0
6.863867080E-1,-4.046200812E-1,9.768342972E-1,9.691728592E0,9.749232060E0
6.883883880E-1,-4.189853072E-1,9.744400978E-1,9.696516991E0,9.754359228E0
6.903903020E-1,-4.453215301E-1,9.816226959E-1,9.694122314E0,9.753865994E0
6.923919810E-1,-4.812345505E-1,9.935936928E-1,9.682151794E0,9.744889865E0
6.943946770E-1,-5.147533417E-1,1.010353088E0,9.682151794E0,9.748325381E0
6.963978800E-1,-5.291185975E-1,1.024718285E0,9.682151794E0,9.750593696E0
6.984016690E-1,-5.410895944E-1,1.027112484E0,9.674968719E0,9.744370566E0
7.004045200E-1,-5.722141862E-1,1.034295082E0,9.672574997E0,9.744531926E0
7.024080360E-1,-5.913678408E-1,1.051054597E0,9.670180321E0,9.745092053E0
7.044108490E-1,-5.985504389E-1,1.063025594E0,9.667786598E0,9.744454000E0
7.064137780E-1,-6.105214357E-1,1.074996591E0,9.689333916E0,9.767883385E0
7.084166300E-1,-6.129156351E-1,1.084573388E0,9.684545517E0,9.764342624E0
7.104188950E-1,-6.009446383E-1,1.086967587E0,9.672574997E0,9.751991595E0
7.124215520E-1,-5.913678408E-1,1.094150186E0,9.667786598E0,9.747460093E0
7.144244030E-1,-5.793967843E-1,1.089361787E0,9.674968719E0,9.753329147E0
7.164267860E-1,-5.530605912E-1,1.077390790E0,9.670180321E0,9.745718771E0
7.184294030E-1,-5.458779931E-1,1.063025594E0,9.672574997E0,9.746112726E0
7.204321380E-1,-5.315127969E-1,1.055842996E0,9.672574997E0,9.744537822E0
7.224360830E-1,-5.123591423E-1,1.034295082E0,9.674968719E0,9.743577266E0
7.244398330E-1,-4.932055473E-1,1.031900883E0,9.672574997E0,9.739957814E0
7.264423720E-1,-4.764461517E-1,1.024718285E0,9.677363396E0,9.743121204E0
7.284449110E-1,-4.596867263E-1,1.007958889E0,9.694122314E0,9.757217865E0
7.304471770E-1,-4.525041282E-1,1.000776291E0,9.696516991E0,9.758522169E0
7.324490130E-1,-4.453215301E-1,1.003170490E0,9.698910713E0,9.760816120E0
7.344512390E-1,-4.285621047E-1,1.005564690E0,9.710882187E0,9.772208485E0
7.364544810E-1,-4.213795066E-1,1.000776291E0,9.720458984E0,9.780922080E0
7.384571770E-1,-4.237737060E-1,1.005564690E0,9.730035782E0,9.791033695E0
7.404595590E-1,-4.237737060E-1,1.010353088E0,9.758766174E0,9.820077126E0
7.424630750E-1,-4.213795066E-1,1.022324085E0,9.765948296E0,9.828349472E0
7.444667470E-1,-4.357447028E-1,1.029506683E0,9.777919769E0,9.841619403E0
7.464697550E-1,-4.453215301E-1,1.036689281E0,9.789890289E0,9.854693694E0
7.484728020E-1,-4.477157295E-1,1.039083481E0,9.789890289E0,9.855054324E0
7.504762000E-1,-4.668693244E-1,1.055842996E0,9.801861763E0,9.869613236E0
7.524788560E-1,-4.692635238E-1,1.055842996E0,9.797073364E0,9.864971322E0
7.544816690E-1,-4.788403511E-1,1.048660398E0,9.813833237E0,9.881310617E0
7.564842080E-1,-4.716577232E-1,1.055842996E0,9.806650162E0,9.874596338E0
7.584868250E-1,-4.692635238E-1,1.055842996E0,9.825803757E0,9.893504543E0
7.604899500E-1,-4.764461517E-1,1.051054597E0,9.818621635E0,9.886204910E0
7.624922940E-1,-4.788403511E-1,1.053448796E0,9.830592155E0,9.898463748E0
7.644951450E-1,-4.812345505E-1,1.043871999E0,9.828198433E0,9.895187713E0
7.664986220E-1,-4.812345505E-1,1.027112484E0,9.828198433E0,9.893433741E0
7.685013950E-1,-4.812345505E-1,1.019929886E0,9.811438560E0,9.876040213E0
7.705034660E-1,-4.692635238E-1,1.005564690E0,9.799467087E0,9.862095304E0
7.725051450E-1,-4.740519226E-1,9.864110947E-1,9.801861763E0,9.862769697E0
7.745071380E-1,-4.692635238E-1,9.720458984E-1,9.797073364E0,9.856354701E0
7.765088950E-1,-4.716577232E-1,9.528923035E-1,9.777919769E0,9.835556912E0
7.785115910E-1,-4.668693244E-1,9.337386489E-1,9.768342972E0,9.823968610E0
7.805141690E-1,-4.668693244E-1,9.241618514E-1,9.763554573E0,9.818301278E0
7.825170200E-1,-4.644751251E-1,9.121908545E-1,9.763554573E0,9.817068157E0
7.845207310E-1,-4.668693244E-1,9.026140571E-1,9.768342972E0,9.821059185E0
7.865237000E-1,-4.740519226E-1,9.002198577E-1,9.768342972E0,9.821183505E0
7.885262390E-1,-4.908113480E-1,9.074024558E-1,9.770736694E0,9.825048119E0
7.905294810E-1,-4.908113480E-1,9.193734527E-1,9.775525093E0,9.830922346E0
7.925326060E-1,-4.955997467E-1,9.241618514E-1,9.753977776E0,9.810187393E0
7.945345590E-1,-5.147533417E-1,9.337386489E-1,9.749189377E0,9.807320346E0
7.965369030E-1,-5.147533417E-1,9.337386489E-1,9.751583099E0,9.809699884E0
7.985394030E-1,-5.315127969E-1,9.433154464E-1,9.768342972E0,9.828167393E0
8.005424500E-1,-5.458779931E-1,9.457096457E-1,9.758766174E0,9.819667345E0
8.025460830E-1,-5.506663918E-1,9.576807022E-1,9.763554573E0,9.825852823E0
8.045497940E-1,-5.506663918E-1,9.600749016E-1,9.758766174E0,9.821328553E0
8.065547550E-1,-5.722141862E-1,9.552865028E-1,9.753977776E0,9.817335882E0
8.085597160E-1,-5.770025849E-1,9.576807022E-1,9.737217903E0,9.801198743E0
8.105638950E-1,-5.913678408E-1,9.696516991E-1,9.730035782E0,9.796098032E0
8.125673330E-1,-5.961562395E-1,9.624691010E-1,9.734824181E0,9.800436259E0
8.145709270E-1,-6.009446383E-1,9.576807022E-1,9.742006302E0,9.807393822E0
8.165749500E-1,-6.129156351E-1,9.624691010E-1,9.737217903E0,9.803847451E0
8.185790910E-1,-6.248866320E-1,9.576807022E-1,9.742006302E0,9.808889969E0
8.205830750E-1,-6.296750307E-1,9.481038451E-1,9.744400978E0,9.810644320E0
8.225863950E-1,-6.200982332E-1,9.433154464E-1,9.742006302E0,9.807193923E0
8.245895590E-1,-6.129156351E-1,9.409212470E-1,9.734824181E0,9.799377541E0
8.265933490E-1,-6.105214357E-1,9.337386489E-1,9.730035782E0,9.793783774E0
8.285969810E-1,-6.057330370E-1,9.313444495E-1,9.722852707E0,9.786121793E0
8.306010440E-1,-6.009446383E-1,9.313444495E-1,9.713275909E0,9.776311464E0
8.326038950E-1,-5.961562395E-1,9.265560508E-1,9.710882187E0,9.773184805E0
8.346073720E-1,-5.961562395E-1,9.217676520E-1,9.703699112E0,9.765594417E0
8.366099890E-1,-5.913678408E-1,9.217676520E-1,9.684545517E0,9.746270743E0
8.386138950E-1,-5.865794420E-1,9.313444495E-1,9.691728592E0,9.754028964E0
8.406176450E-1,-5.865794420E-1,9.361328483E-1,9.677363396E0,9.740214702E0
8.426216690E-1,-5.793967843E-1,9.457096457E-1,9.679757118E0,9.743088075E0
8.446254580E-1,-5.770025849E-1,9.481038451E-1,9.682151794E0,9.745557770E0
8.466289340E-1,-5.841852427E-1,9.624691010E-1,9.679757118E0,9.745014984E0
8.486317470E-1,-5.865794420E-1,9.792284966E-1,9.677363396E0,9.744451046E0
8.506354970E-1,-5.865794420E-1,9.816226959E-1,9.679757118E0,9.747069120E0
8.526392470E-1,-5.793967843E-1,9.864110947E-1,9.677363396E0,9.744745752E0
8.546422550E-1,-5.650315881E-1,1.000776291E0,9.679757118E0,9.747743931E0
8.566456920E-1,-5.746083856E-1,1.015141487E0,9.689333916E0,9.759297043E0
8.586489740E-1,-5.746083856E-1,1.010353088E0,9.686940193E0,9.756423446E0
8.606528800E-1,-5.746083856E-1,1.012747288E0,9.689333916E0,9.759048294E0
8.626563560E-1,-5.674257874E-1,1.015141487E0,9.694122314E0,9.763631072E0
8.646603020E-1,-5.602431893E-1,1.019929886E0,9.713275909E0,9.782732660E0
8.666637390E-1,-5.434837937E-1,1.031900883E0,9.703699112E0,9.773534188E0
8.686678410E-1,-5.315127969E-1,1.031900883E0,9.708487511E0,9.777630338E0
8.706708090E-1,-5.171475410E-1,1.034295082E0,9.730035782E0,9.798510306E0
8.726747550E-1,-4.979939461E-1,1.036689281E0,9.737217903E0,9.804903627E0
8.746790130E-1,-4.932055473E-1,1.036689281E0,9.746794701E0,9.814172574E0
8.766830750E-1,-4.836287498E-1,1.041477680E0,9.746794701E0,9.814202946E0
8.786874890E-1,-4.644751251E-1,1.034295082E0,9.756371498E0,9.822030761E0
8.806912780E-1,-4.357447028E-1,1.029506683E0,9.770736694E0,9.834482854E0
8.826948330E-1,-4.333505034E-1,1.019929886E0,9.777919769E0,9.840516483E0
8.846983490E-1,-4.189853072E-1,1.031900883E0,9.765948296E0,9.829247898E0
8.867026450E-1,-4.022258818E-1,1.036689281E0,9.761159897E0,9.824294013E0
8.887071380E-1,-4.094084799E-1,1.039083481E0,9.765948296E0,9.829601004E0
8.907117080E-1,-4.165911078E-1,1.046266198E0,9.756371498E0,9.821150947E0
8.927154970E-1,-4.141969085E-1,1.041477680E0,9.763554573E0,9.827676874E0
8.947193250E-1,-4.094084799E-1,1.036689281E0,9.775525093E0,9.838863289E0
8.967226060E-1,-4.118026793E-1,1.036689281E0,9.768342972E0,9.831827426E0
8.987257310E-1,-4.189853072E-1,1.029506683E0,9.768342972E0,9.831376156E0
9.007286610E-1,-4.213795066E-1,1.022324085E0,9.768342972E0,9.830728947E0
9.027319420E-1,-4.285621047E-1,1.015141487E0,9.756371498E0,9.818399183E0
9.047349890E-1,-4.261679053E-1,1.010353088E0,9.761159897E0,9.822559492E0
9.067390910E-1,-4.333505034E-1,1.005564690E0,9.768342972E0,9.829520712E0
9.087425670E-1,-4.405331016E-1,1.003170490E0,9.768342972E0,9.829595356E0
9.107468640E-1,-4.525041282E-1,1.003170490E0,9.756371498E0,9.818243011E0
9.127517470E-1,-4.620809257E-1,9.983820915E-1,9.744400978E0,9.806305931E0
9.147553800E-1,-4.836287498E-1,1.005564690E0,9.737217903E0,9.800942282E0
9.167583880E-1,-4.932055473E-1,9.935936928E-1,9.730035782E0,9.793062670E0
9.187625670E-1,-5.051765442E-1,9.935936928E-1,9.732429504E0,9.796051032E0
9.207662390E-1,-5.267243981E-1,1.005564690E0,9.722852707E0,9.788894917E0
9.227692470E-1,-5.458779931E-1,1.000776291E0,9.713275909E0,9.779941966E0
9.247722160E-1,-5.482721925E-1,1.000776291E0,9.708487511E0,9.775320216E0
9.267759660E-1,-5.578489900E-1,1.000776291E0,9.698910713E0,9.766351299E0
9.287808490E-1,-5.698199868E-1,9.935936928E-1,9.701305389E0,9.768687194E0
9.307852630E-1,-5.770025849E-1,9.720458984E-1,9.689333916E0,9.755049817E0
9.327893640E-1,-5.865794420E-1,9.768342972E-1,9.670180321E0,9.737076980E0
9.347942080E-1,-5.889736414E-1,9.720458984E-1,9.658209801E0,9.724853713E0
9.367992080E-1,-5.937620401E-1,9.552865028E-1,9.662998199E0,9.728240327E0
9.388038560E-1,-6.033388376E-1,9.576807022E-1,9.651026726E0,9.717174844E0
9.408076060E-1,-6.057330370E-1,9.552865028E-1,9.651026726E0,9.717088127E0
9.428121770E-1,-6.033388376E-1,9.504981041E-1,9.662998199E0,9.728360530E0
9.448156140E-1,-5.937620401E-1,9.457096457E-1,9.672574997E0,9.736818123E0
9.468188950E-1,-5.889736414E-1,9.385270476E-1,9.670180321E0,9.733453159E0
9.488227240E-1,-5.793967843E-1,9.433154464E-1,9.679757118E0,9.742855974E0
9.508263560E-1,-5.817909837E-1,9.528923035E-1,9.701305389E0,9.765337206E0
9.528294810E-1,-5.770025849E-1,9.648633003E-1,9.708487511E0,9.773362928E0
9.548329190E-1,-5.770025849E-1,9.696516991E-1,9.722852707E0,9.788106107E0
9.568350670E-1,-5.817909837E-1,9.792284966E-1,9.722852707E0,9.789342877E0
9.588378800E-1,-5.817909837E-1,9.816226959E-1,9.718064308E0,9.784826915E0
9.608410440E-1,-5.937620401E-1,9.983820915E-1,9.727641106E0,9.796750565E0
9.628443250E-1,-6.009446383E-1,1.010353088E0,9.742006302E0,9.812677240E0
9.648485050E-1,-6.009446383E-1,1.017535686E0,9.742006302E0,9.813419390E0
9.668526450E-1,-6.105214357E-1,1.015141487E0,9.732429504E0,9.804255847E0
9.688563170E-1,-6.081272364E-1,1.022324085E0,9.744400978E0,9.816736509E0
9.708605360E-1,-6.081272364E-1,1.031900883E0,9.753977776E0,9.827243795E0
9.728648330E-1,-5.985504389E-1,1.022324085E0,9.756371498E0,9.828031032E0
9.748696770E-1,-5.913678408E-1,1.015141487E0,9.758766174E0,9.829229136E0
9.768743640E-1,-5.746083856E-1,9.864110947E-1,9.761159897E0,9.827686614E0
9.788783490E-1,-5.746083856E-1,9.840168953E-1,9.751583099E0,9.817934456E0
9.808819810E-1,-5.626373887E-1,9.816226959E-1,9.751583099E0,9.817001421E0
9.828853410E-1,-5.363011956E-1,9.720458984E-1,9.746794701E0,9.809816468E0
9.848887780E-1,-5.147533417E-1,9.672574997E-1,9.742006302E0,9.803430260E0
9.868926060E-1,-4.955997467E-1,9.528923035E-1,9.737217903E0,9.796276606E0
9.888960440E-1,-4.908113480E-1,9.481038451E-1,9.730035782E0,9.788431590E0
9.908999500E-1,-4.884171486E-1,9.409212470E-1,9.720458984E0,9.778098331E0
9.929047160E-1,-4.716577232E-1,9.361328483E-1,9.708487511E0,9.764913490E0
9.949076840E-1,-4.572925270E-1,9.289502501E-1,9.706093788E0,9.761163949E0
9.969114340E-1,-4.525041282E-1,9.289502501E-1,9.696516991E0,9.751417861E0
9.989149110E-1,-4.477157295E-1,9.169792533E-1,9.686940193E0,9.740539545E0
1.000918934E0,-4.572925270E-1,9.097966552E-1,9.674968719E0,9.728405118E0
1.002922489E0,-4.572925270E-1,9.145850539E-1,9.655815125E0,9.709806795E0
1.004925653E0,-4.740519226E-1,9.121908545E-1,9.648633003E0,9.703243592E0
1.006928700E0,-4.836287498E-1,9.169792533E-1,9.658209801E0,9.713689529E0
1.008931825E0,-4.932055473E-1,9.313444495E-1,9.662998199E0,9.720297753E0
1.010935067E0,-5.147533417E-1,9.337386489E-1,9.658209801E0,9.716885068E0
1.012937724E0,-5.291185975E-1,9.313444495E-1,9.665391922E0,9.724565285E0
1.014941239E0,-5.410895944E-1,9.433154464E-1,9.674968719E0,9.735894499E0
1.016944638E0,-5.434837937E-1,9.528923035E-1,9.662998199E0,9.725066199E0
1.018948231E0,-5.626373887E-1,9.552865028E-1,9.658209801E0,9.721633077E0
1.020953153E0,-5.841852427E-1,9.672574997E-1,9.670180321E0,9.735976936E0
1.022956708E0,-5.913678408E-1,9.696516991E-1,9.672574997E0,9.739027026E0
1.024960067E0,-5.961562395E-1,9.768342972E-1,9.665391922E0,9.732903396E0
1.026963778E0,-6.057330370E-1,9.864110947E-1,9.665391922E0,9.734460456E0
1.028967255E0,-6.105214357E-1,1.000776291E0,9.660603523E0,9.731472142E0
1.030971669E0,-5.913678408E-1,1.000776291E0,9.677363396E0,9.746929332E0
1.032975966E0,-5.746083856E-1,1.000776291E0,9.670180321E0,9.738794351E0
1.034979481E0,-5.722141862E-1,9.888052940E-1,9.674968719E0,9.742185828E0
1.036983270E0,-5.626373887E-1,9.935936928E-1,9.665391922E0,9.732604495E0
1.038986747E0,-5.554547906E-1,9.935936928E-1,9.665391922E0,9.732191914E0
1.040989755E0,-5.339069963E-1,9.888052940E-1,9.677363396E0,9.742389588E0
1.042993388E0,-5.171475410E-1,9.792284966E-1,9.677363396E0,9.740518072E0
1.044998388E0,-4.932055473E-1,9.624691010E-1,9.686940193E0,9.747123103E0
1.047001630E0,-4.788403511E-1,9.768342972E-1,9.677363396E0,9.738318932E0
1.049004638E0,-4.668693244E-1,9.696516991E-1,9.679757118E0,9.739398814E0
1.051009286E0,-4.501099288E-1,9.504981041E-1,9.691728592E0,9.748622913E0
1.053013231E0,-4.453215301E-1,9.504981041E-1,9.689333916E0,9.746022247E0
1.055016786E0,-4.477157295E-1,9.504981041E-1,9.694122314E0,9.750892445E0
1.057020106E0,-4.453215301E-1,9.528923035E-1,9.689333916E0,9.746256037E0
1.059024716E0,-4.477157295E-1,9.433154464E-1,9.679757118E0,9.735912452E0
1.061028974E0,-4.525041282E-1,9.361328483E-1,9.679757118E0,9.735440543E0
1.063032528E0,-4.620809257E-1,9.361328483E-1,9.679757118E0,9.735890373E0
1.065035809E0,-4.692635238E-1,9.385270476E-1,9.679757118E0,9.736464407E0
1.067038700E0,-4.716577232E-1,9.409212470E-1,9.679757118E0,9.736811165E0
1.069041864E0,-4.740519226E-1,9.337386489E-1,9.682151794E0,9.738616763E0
1.071045536E0,-4.860229492E-1,9.337386489E-1,9.682151794E0,9.739206823E0
1.073048544E0,-5.027823448E-1,9.385270476E-1,9.682151794E0,9.740517772E0
1.075051591E0,-5.147533417E-1,9.361328483E-1,9.679757118E0,9.738532414E0
1.077054364E0,-5.099649429E-1,9.265560508E-1,9.686940193E0,9.744505152E0
1.079057059E0,-5.195417404E-1,9.121908545E-1,9.698910713E0,9.755556611E0
1.081059599E0,-5.243301988E-1,9.097966552E-1,9.682151794E0,9.738927840E0
1.083062645E0,-5.243301988E-1,9.002198577E-1,9.670180321E0,9.726135172E0
1.085065419E0,-5.243301988E-1,9.050082564E-1,9.679757118E0,9.736100861E0
1.087068349E0,-5.339069963E-1,9.026140571E-1,9.679757118E0,9.736399061E0
1.089072177E0,-5.386953950E-1,8.930372596E-1,9.677363396E0,9.733399744E0
1.091075341E0,-5.434837937E-1,8.978256583E-1,9.674968719E0,9.731725709E0
1.093079716E0,-5.458779931E-1,8.978256583E-1,9.684545517E0,9.741380578E0
1.095083231E0,-5.506663918E-1,9.026140571E-1,9.667786598E0,9.725432809E0
1.097085419E0,-5.434837937E-1,9.121908545E-1,9.653421402E0,9.711643092E0
1.099088583E0,-5.458779931E-1,9.074024558E-1,9.662998199E0,9.720848533E0
1.101091942E0,-5.626373887E-1,9.097966552E-1,9.648633003E0,9.707749977E0
1.103095224E0,-5.722141862E-1,9.169792533E-1,9.641449928E0,9.701847079E0
1.105097997E0,-5.770025849E-1,9.145850539E-1,9.627084732E0,9.687629134E0
1.107101434E0,-5.817909837E-1,9.217676520E-1,9.639056206E0,9.700491786E0
1.109104638E0,-5.841852427E-1,9.241618514E-1,9.634267807E0,9.696105595E0
1.111108349E0,-5.913678408E-1,9.193734527E-1,9.612719536E0,9.674675206E0
1.113111942E0,-5.937620401E-1,9.217676520E-1,9.619902611E0,9.682186489E0
1.115115653E0,-5.889736414E-1,9.193734527E-1,9.627084732E0,9.688802709E0
1.117119247E0,-5.793967843E-1,9.241618514E-1,9.634267807E0,9.695818271E0
1.119124208E0,-5.770025849E-1,9.241618514E-1,9.641449928E0,9.702812161E0
1.121127802E0,-5.602431893E-1,9.193734527E-1,9.634267807E0,9.694237265E0
1.123131708E0,-5.506663918E-1,9.121908545E-1,9.634267807E0,9.693009946E0
1.125135184E0,-5.386953950E-1,9.074024558E-1,9.627084732E0,9.684747409E0
1.127138544E0,-5.219359994E-1,9.074024558E-1,9.629479408E0,9.686210305E0
1.129142255E0,-5.075707436E-1,9.074024558E-1,9.631873131E0,9.687826758E0
1.131145614E0,-4.932055473E-1,9.145850539E-1,9.627084732E0,9.682999430E0
1.133149520E0,-4.908113480E-1,9.026140571E-1,9.643844604E0,9.698419803E0
1.135153270E0,-4.836287498E-1,8.906430602E-1,9.641449928E0,9.694570571E0
1.137157099E0,-4.764461517E-1,8.906430602E-1,9.643844604E0,9.696596555E0
1.139161395E0,-4.812345505E-1,8.954314590E-1,9.662998199E0,9.716322267E0
1.141165145E0,-4.764461517E-1,9.026140571E-1,9.660603523E0,9.714369434E0
1.143168270E0,-4.740519226E-1,9.145850539E-1,9.679757118E0,9.734417749E0
1.145171747E0,-4.644751251E-1,9.169792533E-1,9.674968719E0,9.729419706E0
1.147174247E0,-4.740519226E-1,9.145850539E-1,9.670180321E0,9.724894780E0
1.149177763E0,-4.668693244E-1,9.121908545E-1,9.672574997E0,9.726703768E0
1.151181903E0,-4.716577232E-1,9.074024558E-1,9.662998199E0,9.716963231E0
1.153185653E0,-4.716577232E-1,9.074024558E-1,9.655815125E0,9.709820078E0
1.155190184E0,-4.716577232E-1,8.978256583E-1,9.651026726E0,9.704167599E0
1.157193192E0,-4.668693244E-1,9.050082564E-1,9.653421402E0,9.706984685E0
1.159197333E0,-4.764461517E-1,9.050082564E-1,9.651026726E0,9.705068662E0
1.161201395E0,-4.764461517E-1,9.002198577E-1,9.643844604E0,9.697480883E0
1.163205458E0,-4.860229492E-1,9.002198577E-1,9.641449928E0,9.695574806E0
1.165208778E0,-4.979939461E-1,9.074024558E-1,9.660603523E0,9.715896131E0
1.167212138E0,-5.075707436E-1,9.026140571E-1,9.682151794E0,9.737371492E0
1.169215458E0,-5.147533417E-1,9.074024558E-1,9.684545517E0,9.740573499E0
1.171219911E0,-5.267243981E-1,9.193734527E-1,9.686940193E0,9.744716335E0
1.173222841E0,-5.291185975E-1,9.313444495E-1,9.706093788E0,9.765020512E0
1.175225106E0,-5.410895944E-1,9.409212470E-1,9.718064308E0,9.778490918E0
1.177228075E0,-5.434837937E-1,9.600749016E-1,9.725247383E0,9.787622547E0
1.179230536E0,-5.458779931E-1,9.648633003E-1,9.734824181E0,9.797741872E0
1.181232489E0,-5.482721925E-1,9.696516991E-1,9.732429504E0,9.795969113E0
1.183235145E0,-5.291185975E-1,9.648633003E-1,9.730035782E0,9.792064338E0
1.185237763E0,-5.267243981E-1,9.648633003E-1,9.727641106E0,9.789555723E0
1.187240927E0,-5.219359994E-1,9.600749016E-1,9.718064308E0,9.779311576E0
1.189244833E0,-5.171475410E-1,9.672574997E-1,9.722852707E0,9.784523157E0
1.191247880E0,-5.051765442E-1,9.600749016E-1,9.730035782E0,9.790329079E0
1.193250809E0,-4.979939461E-1,9.457096457E-1,9.727641106E0,9.786182411E0
1.195254833E0,-4.860229492E-1,9.361328483E-1,9.725247383E0,9.782279881E0
1.197258661E0,-4.836287498E-1,9.313444495E-1,9.739612579E0,9.795986548E0
1.199263661E0,-4.836287498E-1,9.313444495E-1,9.749189377E0,9.805508287E0
1.201267997E0,-4.812345505E-1,9.265560508E-1,9.742006302E0,9.797794629E0
1.203271552E0,-4.788403511E-1,9.265560508E-1,9.739612579E0,9.795297208E0
1.205275966E0,-4.908113480E-1,9.121908545E-1,9.732429504E0,9.787398633E0
1.207280419E0,-4.979939461E-1,9.121908545E-1,9.739612579E0,9.794903947E0
1.209284481E0,-5.051765442E-1,9.169792533E-1,9.732429504E0,9.788576932E0
1.211289091E0,-5.171475410E-1,9.289502501E-1,9.742006302E0,9.799850863E0
1.213293934E0,-5.434837937E-1,9.385270476E-1,9.761159897E0,9.821224475E0
1.215298856E0,-5.602431893E-1,9.457096457E-1,9.768342972E0,9.829993061E0
1.217303427E0,-5.650315881E-1,9.504981041E-1,9.777919769E0,9.840245035E0
1.219308427E0,-5.650315881E-1,9.600749016E-1,9.770736694E0,9.834037831E0
1.221312216E0,-5.698199868E-1,9.744400978E-1,9.777919769E0,9.842862558E0
1.223315692E0,-5.650315881E-1,9.935936928E-1,9.780313492E0,9.846878750E0
1.225319833E0,-5.626373887E-1,1.003170490E0,9.794678688E0,9.861979642E0
1.227322763E0,-5.626373887E-1,1.007958889E0,9.797073364E0,9.864846094E0
1.229326356E0,-5.530605912E-1,1.005564690E0,9.780313492E0,9.847414298E0
1.231329481E0,-5.315127969E-1,1.010353088E0,9.782708168E0,9.849096320E0
1.233331864E0,-5.243301988E-1,1.010353088E0,9.780313492E0,9.846332694E0
1.235334677E0,-5.219359994E-1,1.010353088E0,9.777919769E0,9.843827790E0
1.237337997E0,-5.123591423E-1,1.015141487E0,9.789890289E0,9.855707788E0
1.239340692E0,-4.955997467E-1,1.022324085E0,9.799467087E0,9.865106225E0
1.241343661E0,-4.836287498E-1,1.022324085E0,9.809044838E0,9.874026734E0
1.243346591E0,-4.620809257E-1,1.022324085E0,9.813833237E0,9.877752179E0
1.245349481E0,-4.333505034E-1,1.015141487E0,9.825803757E0,9.887604582E0
1.247353036E0,-4.165911078E-1,1.010353088E0,9.828198433E0,9.888773733E0
1.249357255E0,-4.141969085E-1,1.003170490E0,9.821015358E0,9.880802233E0
1.251362841E0,-3.926490843E-1,9.935936928E-1,9.813833237E0,9.871814652E0
1.253366825E0,-3.806780577E-1,9.816226959E-1,9.816226959E0,9.872528076E0
1.255371981E0,-3.663128614E-1,9.768342972E-1,9.804255486E0,9.859605265E0
1.257376356E0,-3.615244627E-1,9.840168953E-1,9.797073364E0,9.853001355E0
1.259379794E0,-3.567360640E-1,9.816226959E-1,9.794678688E0,9.850206817E0
1.261384520E0,-3.591302633E-1,9.768342972E-1,9.794678688E0,9.849817785E0
1.263389911E0,-3.567360640E-1,9.696516991E-1,9.787496567E0,9.841878585E0
1.265396278E0,-3.591302633E-1,9.672574997E-1,9.780313492E0,9.834586601E0
1.267401786E0,-3.519476354E-1,9.648633003E-1,9.768342972E0,9.822186760E0
1.269406474E0,-3.543418646E-1,9.600749016E-1,9.763554573E0,9.817041299E0
1.271411122E0,-3.567360640E-1,9.648633003E-1,9.768342972E0,9.822359504E0
1.273415419E0,-3.639186621E-1,9.624691010E-1,9.761159897E0,9.815244576E0
1.275420263E0,-3.734954596E-1,9.552865028E-1,9.775525093E0,9.829189285E0
1.277425341E0,-3.854664862E-1,9.504981041E-1,9.768342972E0,9.822044363E0
1.279429599E0,-4.118026793E-1,9.552865028E-1,9.758766174E0,9.814054768E0
1.281433895E0,-4.141969085E-1,9.624691010E-1,9.758766174E0,9.814857263E0
1.283438349E0,-4.261679053E-1,9.672574997E-1,9.768342972E0,9.825361600E0
1.285444052E0,-4.596867263E-1,9.744400978E-1,9.763554573E0,9.822822573E0
1.287448231E0,-4.955997467E-1,9.792284966E-1,9.758766174E0,9.820286391E0
1.289452372E0,-5.243301988E-1,9.888052940E-1,9.763554573E0,9.827494898E0
1.291456083E0,-5.458779931E-1,9.983820915E-1,9.768342972E0,9.834392406E0
1.293459403E0,-5.578489900E-1,9.935936928E-1,9.770736694E0,9.836956820E0
1.295463505E0,-5.817909837E-1,9.911994934E-1,9.768342972E0,9.835724762E0
1.297468583E0,-5.865794420E-1,9.935936928E-1,9.763554573E0,9.831495398E0
1.299472099E0,-6.081272364E-1,1.000776291E0,9.753977776E0,9.824024347E0
1.301475614E0,-6.272808313E-1,9.959878922E-1,9.763554573E0,9.834249896E0
1.303478817E0,-6.368576288E-1,9.983820915E-1,9.768342972E0,9.839861729E0
1.305482645E0,-6.392518282E-1,1.003170490E0,9.768342972E0,9.840503968E0
1.307486942E0,-6.440402865E-1,9.983820915E-1,9.761159897E0,9.833198728E0
1.309490536E0,-6.464344859E-1,9.935936928E-1,9.768342972E0,9.840001544E0
1.311495106E0,-6.296750307E-1,9.768342972E-1,9.756371498E0,9.825348884E0
1.313498974E0,-6.200982332E-1,9.648633003E-1,9.753977776E0,9.821179433E0
1.315502528E0,-6.081272364E-1,9.648633003E-1,9.751583099E0,9.818052397E0
1.317506786E0,-5.889736414E-1,9.504981041E-1,9.742006302E0,9.805968763E0
1.319510458E0,-5.817909837E-1,9.409212470E-1,9.732429504E0,9.795100694E0
1.321515692E0,-5.650315881E-1,9.313444495E-1,9.727641106E0,9.788445467E0
1.323520302E0,-5.530605912E-1,9.337386489E-1,9.725247383E0,9.785610893E0
1.325524833E0,-5.291185975E-1,9.337386489E-1,9.710882187E0,9.770008557E0
1.327528778E0,-5.123591423E-1,9.169792533E-1,9.727641106E0,9.784189508E0
1.329532059E0,-5.003881454E-1,9.121908545E-1,9.718064308E0,9.773599866E0
1.331536708E0,-4.932055473E-1,9.097966552E-1,9.722852707E0,9.777773081E0
1.333541239E0,-4.932055473E-1,9.121908545E-1,9.713275909E0,9.768473410E0
1.335544442E0,-4.860229492E-1,9.241618514E-1,9.710882187E0,9.766858568E0
1.337549130E0,-4.812345505E-1,9.265560508E-1,9.713275909E0,9.769228306E0
1.339554052E0,-4.860229492E-1,9.361328483E-1,9.722852707E0,9.779899170E0
1.341557606E0,-5.027823448E-1,9.481038451E-1,9.742006302E0,9.800937597E0
1.343562138E0,-5.147533417E-1,9.600749016E-1,9.746794701E0,9.807482947E0
1.345566239E0,-5.267243981E-1,9.816226959E-1,9.732429504E0,9.795979061E0
1.347570028E0,-5.339069963E-1,9.935936928E-1,9.732429504E0,9.797574657E0
1.349573856E0,-5.434837937E-1,1.012747288E0,9.744400978E0,9.811950985E0
1.351578778E0,-5.458779931E-1,1.012747288E0,9.710882187E0,9.778797099E0
1.353584130E0,-5.506663918E-1,1.010353088E0,9.715670586E0,9.783573057E0
1.355589286E0,-5.626373887E-1,1.024718285E0,9.732429504E0,9.802387079E0
1.357594286E0,-5.554547906E-1,1.024718285E0,9.734824181E0,9.804355125E0
1.359598856E0,-5.578489900E-1,1.036689281E0,9.732429504E0,9.803372084E0
1.361603856E0,-5.530605912E-1,1.029506683E0,9.751583099E0,9.821361055E0
1.363609364E0,-5.482721925E-1,1.036689281E0,9.753977776E0,9.824225644E0
1.365614755E0,-5.339069963E-1,1.039083481E0,9.758766174E0,9.828441810E0
1.367618622E0,-5.099649429E-1,1.027112484E0,9.763554573E0,9.830667434E0
1.369621903E0,-4.932055473E-1,1.015141487E0,9.773131371E0,9.838082168E0
1.371625966E0,-4.740519226E-1,1.019929886E0,9.770736694E0,9.835256872E0
1.373630184E0,-4.501099288E-1,1.003170490E0,9.780313492E0,9.841924709E0
1.375634325E0,-4.261679053E-1,1.000776291E0,9.782708168E0,9.842995041E0
1.377638505E0,-4.165911078E-1,1.007958889E0,9.780313492E0,9.840938028E0
1.379642724E0,-4.118026793E-1,1.015141487E0,9.787496567E0,9.848613239E0
1.381646630E0,-4.189853072E-1,1.024718285E0,9.789890289E0,9.852286442E0
1.383651356E0,-4.309563041E-1,1.029506683E0,9.792284966E0,9.855681214E0
1.385655888E0,-4.237737060E-1,1.036689281E0,9.780313492E0,9.844228808E0
1.387660145E0,-4.309563041E-1,1.043871999E0,9.801861763E0,9.866705940E0
1.389664911E0,-4.405331016E-1,1.055842996E0,9.804255486E0,9.870780084E0
1.391669442E0,-4.501099288E-1,1.058237195E0,9.804255486E0,9.871468510E0
1.393672333E0,-4.572925270E-1,1.063025594E0,9.782708168E0,9.850914626E0
1.395675927E0,-4.572925270E-1,1.063025594E0,9.773131371E0,9.841404201E0
1.397679559E0,-4.548983276E-1,1.060631394E0,9.775525093E0,9.843412126E0
1.399683427E0,-4.668693244E-1,1.053448796E0,9.773131371E0,9.840824057E0
1.401686708E0,-4.668693244E-1,1.043871999E0,9.777919769E0,9.844559448E0
1.403690145E0,-4.692635238E-1,1.041477680E0,9.768342972E0,9.834907647E0
1.405693544E0,-4.764461517E-1,1.034295082E0,9.756371498E0,9.822604138E0
1.407696864E0,-4.740519226E-1,1.027112484E0,9.749189377E0,9.814600287E0
1.409701747E0,-4.644751251E-1,1.017535686E0,9.761159897E0,9.825037331E0
1.411707724E0,-4.668693244E-1,1.007958889E0,9.761159897E0,9.824163609E0
1.413711942E0,-4.716577232E-1,9.911994934E-1,9.744400978E0,9.806033238E0
1.415715692E0,-4.740519226E-1,9.768342972E-1,9.742006302E0,9.802327135E0
1.417719052E0,-4.836287498E-1,9.864110947E-1,9.734824181E0,9.796617041E0
1.419721708E0,-4.740519226E-1,9.840168953E-1,9.737217903E0,9.798286941E0
1.421725341E0,-4.788403511E-1,9.792284966E-1,9.706093788E0,9.767109765E0
1.423728388E0,-4.836287498E-1,9.672574997E-1,9.703699112E0,9.763772851E0
1.425732059E0,-4.908113480E-1,9.576807022E-1,9.686940193E0,9.746530583E0
1.427735536E0,-4.932055473E-1,9.552865028E-1,9.679757118E0,9.739277277E0
1.429739989E0,-5.099649429E-1,9.624691010E-1,9.665391922E0,9.726572470E0
1.431744013E0,-5.219359994E-1,9.624691010E-1,9.674968719E0,9.736723457E0
1.433749481E0,-5.267243981E-1,9.648633003E-1,9.674968719E0,9.737218263E0
1.435755849E0,-5.434837937E-1,9.648633003E-1,9.672574997E0,9.735761033E0
1.437761083E0,-5.602431893E-1,9.696516991E-1,9.670180321E0,9.734807871E0
1.439766591E0,-5.674257874E-1,9.672574997E-1,9.674968719E0,9.739742236E0
1.441771474E0,-5.770025849E-1,9.696516991E-1,9.677363396E0,9.742921466E0
1.443775536E0,-5.793967843E-1,9.672574997E-1,9.679757118E0,9.745203208E0
1.445779481E0,-5.841852427E-1,9.672574997E-1,9.686940193E0,9.752623738E0
1.447784794E0,-5.913678408E-1,9.720458984E-1,9.684545517E0,9.751154343E0
1.449789755E0,-5.793967843E-1,9.888052940E-1,9.698910713E0,9.766386515E0
1.451794989E0,-5.913678408E-1,9.911994934E-1,9.710882187E0,9.779234388E0
1.453800184E0,-6.057330370E-1,9.888052940E-1,9.710882187E0,9.779871230E0
1.455806122E0,-6.057330370E-1,9.911994934E-1,9.720458984E0,9.789622659E0
1.457811747E0,-6.009446383E-1,9.983820915E-1,9.730035782E0,9.799566193E0
1.459816708E0,-5.937620401E-1,1.000776291E0,9.720458984E0,9.789863605E0
1.461820966E0,-5.961562395E-1,9.983820915E-1,9.727641106E0,9.796895965E0
1.463824911E0,-5.985504389E-1,9.983820915E-1,9.737217903E0,9.806550970E0
1.465829091E0,-5.937620401E-1,1.000776291E0,9.742006302E0,9.811258499E0
1.467833153E0,-5.793967843E-1,1.003170490E0,9.742006302E0,9.810644141E0
1.469838036E0,-5.817909837E-1,9.935936928E-1,9.753977776E0,9.821700037E0
1.471843739E0,-5.746083856E-1,9.983820915E-1,9.756371498E0,9.824139983E0
1.473848388E0,-5.530605912E-1,9.864110947E-1,9.770736694E0,9.835963522E0
1.475851122E0,-5.410895944E-1,9.840168953E-1,9.770736694E0,9.835057842E0
1.477854794E0,-5.339069963E-1,9.744400978E-1,9.770736694E0,9.833711697E0
1.479858192E0,-5.219359994E-1,9.648633003E-1,9.765948296E0,9.827366101E0
1.481862216E0,-5.123591423E-1,9.528923035E-1,9.756371498E0,9.816175449E0
1.483866356E0,-5.003881454E-1,9.361328483E-1,9.744400978E0,9.802044859E0
1.485871005E0,-4.884171486E-1,9.145850539E-1,9.744400978E0,9.799406490E0
1.487873739E0,-4.884171486E-1,9.050082564E-1,9.737217903E0,9.791373946E0
1.489876317E0,-4.812345505E-1,9.074024558E-1,9.737217903E0,9.791239881E0
1.491878661E0,-4.908113480E-1,9.074024558E-1,9.746794701E0,9.801238796E0
1.493882216E0,-4.932055473E-1,9.097966552E-1,9.746794701E0,9.801580924E0
1.495885770E0,-4.932055473E-1,9.241618514E-1,9.758766174E0,9.814827766E0
1.497889442E0,-5.075707436E-1,9.265560508E-1,9.758766174E0,9.815785828E0
1.499893427E0,-5.315127969E-1,9.361328483E-1,9.773131371E0,9.832240200E0
1.501897645E0,-5.386953950E-1,9.528923035E-1,9.785101891E0,9.846137084E0
1.503901356E0,-5.554547906E-1,9.672574997E-1,9.782708168E0,9.846090402E0
1.505905731E0,-5.650315881E-1,9.720458984E-1,9.785101891E0,9.849484907E0
1.507909013E0,-5.770025849E-1,9.720458984E-1,9.801861763E0,9.866828226E0
1.509912919E0,-5.793967843E-1,9.768342972E-1,9.801861763E0,9.867441406E0
1.511917216E0,-5.746083856E-1,9.935936928E-1,9.789890289E0,9.856944511E0
1.513921942E0,-5.674257874E-1,9.935936928E-1,9.794678688E0,9.861284452E0
1.515925224E0,-5.626373887E-1,9.983820915E-1,9.801861763E0,9.868628155E0
1.517929169E0,-5.530605912E-1,1.000776291E0,9.797073364E0,9.863573171E0
1.519933817E0,-5.243301988E-1,1.003170490E0,9.809044838E0,9.874139650E0
1.521938075E0,-4.979939461E-1,1.003170490E0,9.809044838E0,9.872776187E0
1.523941356E0,-4.764461517E-1,9.935936928E-1,9.801861763E0,9.863606003E0
1.525943544E0,-4.596867263E-1,9.840168953E-1,9.799467087E0,9.859470387E0
1.527946864E0,-4.453215301E-1,9.744400978E-1,9.792284966E0,9.850720259E0
1.529950145E0,-4.309563041E-1,9.648633003E-1,9.773131371E0,9.830095692E0
1.531954364E0,-4.165911078E-1,9.648633003E-1,9.768342972E0,9.824715454E0
1.533957958E0,-4.165911078E-1,9.552865028E-1,9.763554573E0,9.819018197E0
1.535961669E0,-4.237737060E-1,9.576807022E-1,9.753977776E0,9.810036643E0
1.537964520E0,-4.309563041E-1,9.576807022E-1,9.756371498E0,9.812729512E0
1.539968778E0,-4.357447028E-1,9.552865028E-1,9.756371498E0,9.812707606E0
1.541972841E0,-4.357447028E-1,9.528923035E-1,9.751583099E0,9.807713808E0
1.543976278E0,-4.429273009E-1,9.576807022E-1,9.734824181E0,9.791840417E0
1.545980302E0,-4.596867263E-1,9.504981041E-1,9.727641106E0,9.784771843E0
1.547984091E0,-4.644751251E-1,9.552865028E-1,9.703699112E0,9.761664095E0
1.549986317E0,-4.716577232E-1,9.528923035E-1,9.691728592E0,9.749875274E0
1.551990106E0,-4.955997467E-1,9.576807022E-1,9.684545517E0,9.744392916E0
1.553993309E0,-5.171475410E-1,9.528923035E-1,9.677363396E0,9.737905710E0
1.555996786E0,-5.267243981E-1,9.648633003E-1,9.660603523E0,9.722945038E0
1.558000341E0,-5.315127969E-1,9.624691010E-1,9.677363396E0,9.739620882E0
1.560004169E0,-5.434837937E-1,9.600749016E-1,9.679757118E0,9.742423534E0
1.562007841E0,-5.554547906E-1,9.720458984E-1,9.684545517E0,9.749042267E0
1.564011669E0,-5.674257874E-1,9.648633003E-1,9.691728592E0,9.756153766E0
1.566015888E0,-5.722141862E-1,9.576807022E-1,9.696516991E0,9.760482732E0
1.568020302E0,-5.722141862E-1,9.600749016E-1,9.701305389E0,9.765474855E0
1.570024403E0,-5.722141862E-1,9.576807022E-1,9.701305389E0,9.765239765E0
1.572029247E0,-5.722141862E-1,9.528923035E-1,9.696516991E0,9.760014066E0
1.574032763E0,-5.698199868E-1,9.552865028E-1,9.694122314E0,9.757728966E0
1.576035692E0,-5.554547906E-1,9.409212470E-1,9.689333916E0,9.750746358E0
1.578039755E0,-5.506663918E-1,9.361328483E-1,9.682151794E0,9.742876452E0
1.580044247E0,-5.339069963E-1,9.265560508E-1,9.677363396E0,9.736268540E0
1.582048661E0,-5.123591423E-1,9.145850539E-1,9.674968719E0,9.731597887E0
1.584051981E0,-4.955997467E-1,9.074024558E-1,9.674968719E0,9.730057454E0
1.586057255E0,-4.836287498E-1,9.050082564E-1,9.682151794E0,9.736375100E0
1.588061864E0,-4.668693244E-1,9.074024558E-1,9.660603523E0,9.714350550E0
1.590064911E0,-4.596867263E-1,9.074024558E-1,9.658209801E0,9.711627446E0
1.592068231E0,-4.548983276E-1,9.074024558E-1,9.658209801E0,9.711401972E0
1.594072372E0,-4.501099288E-1,9.097966552E-1,9.651026726E0,9.704259156E0
1.596075849E0,-4.405331016E-1,9.145850539E-1,9.651026726E0,9.704269787E0
1.598078934E0,-4.453215301E-1,9.217676520E-1,9.658209801E0,9.712310921E0
1.600081981E0,-4.429273009E-1,9.337386489E-1,9.667786598E0,9.722867384E0
1.602084794E0,-4.477157295E-1,9.409212470E-1,9.670180321E0,9.726159036E0
1.604088153E0,-4.548983276E-1,9.361328483E-1,9.662998199E0,9.718889412E0
1.606092645E0,-4.548983276E-1,9.481038451E-1,9.655815125E0,9.712908890E0
1.608097372E0,-4.572925270E-1,9.504981041E-1,9.636661530E0,9.694215210E0
1.610101083E0,-4.596867263E-1,9.576807022E-1,9.639056206E0,9.697415571E0
1.612104169E0,-4.716577232E-1,9.648633003E-1,9.636661530E0,9.696322377E0
1.614107919E0,-4.788403511E-1,9.624691010E-1,9.639056206E0,9.698816391E0
1.616111474E0,-4.860229492E-1,9.696516991E-1,9.627084732E0,9.687992731E0
1.618114833E0,-4.932055473E-1,9.672574997E-1,9.629479408E0,9.690495986E0
1.620118075E0,-4.979939461E-1,9.696516991E-1,9.627084732E0,9.688600664E0
1.622120888E0,-5.123591423E-1,9.840168953E-1,9.619902611E0,9.683662911E0
1.624125028E0,-5.219359994E-1,9.816226959E-1,9.627084732E0,9.691066027E0
1.626128153E0,-5.363011956E-1,9.816226959E-1,9.629479408E0,9.694228993E0
1.628131825E0,-5.386953950E-1,9.935936928E-1,9.629479408E0,9.695581201E0
1.630135692E0,-5.410895944E-1,9.911994934E-1,9.617507935E0,9.683579568E0
1.632139091E0,-5.530605912E-1,9.935936928E-1,9.619902611E0,9.686879306E0
1.634143192E0,-5.434837937E-1,1.003170490E0,9.603142738E0,9.670681265E0
1.636146786E0,-5.458779931E-1,1.010353088E0,9.607931137E0,9.676318354E0
1.638150419E0,-5.530605912E-1,9.935936928E-1,9.603142738E0,9.670235514E0
1.640153934E0,-5.554547906E-1,9.935936928E-1,9.607931137E0,9.675127864E0
1.642158700E0,-5.506663918E-1,9.983820915E-1,9.588777542E0,9.656327202E0
1.644163427E0,-5.482721925E-1,9.983820915E-1,9.593565941E0,9.660945951E0
1.646167294E0,-5.315127969E-1,9.816226959E-1,9.598354340E0,9.663047915E0
1.648171864E0,-5.243301988E-1,9.816226959E-1,9.593565941E0,9.657898981E0
1.650176161E0,-5.243301988E-1,9.816226959E-1,9.591172218E0,9.655521208E0
1.652180692E0,-5.195417404E-1,9.768342972E-1,9.617507935E0,9.680939404E0
1.654184989E0,-5.171475410E-1,9.816226959E-1,9.619902611E0,9.683674454E0
1.656190263E0,-5.195417404E-1,9.864110947E-1,9.627084732E0,9.691423575E0
1.658194052E0,-5.291185975E-1,9.935936928E-1,9.624691010E0,9.690297825E0
1.660197684E0,-5.123591423E-1,9.959878922E-1,9.622296333E0,9.687264345E0
1.662202880E0,-5.099649429E-1,9.888052940E-1,9.634267807E0,9.698294506E0
1.664207216E0,-5.003881454E-1,9.792284966E-1,9.639056206E0,9.701581380E0
1.666210536E0,-4.908113480E-1,9.935936928E-1,9.639056206E0,9.702552692E0
1.668214794E0,-4.884171486E-1,9.840168953E-1,9.631873131E0,9.694318984E0
1.670218661E0,-4.812345505E-1,9.816226959E-1,9.641449928E0,9.703232788E0
1.672222450E0,-4.812345505E-1,9.768342972E-1,9.646238327E0,9.707507703E0
1.674226434E0,-4.764461517E-1,9.624691010E-1,9.653421402E0,9.712975469E0
1.676229833E0,-4.716577232E-1,9.552865028E-1,9.653421402E0,9.712032644E0
1.678233934E0,-4.596867263E-1,9.600749016E-1,9.672574997E0,9.730969262E0
1.680237802E0,-4.596867263E-1,9.600749016E-1,9.674968719E0,9.733348623E0
1.682241630E0,-4.740519226E-1,9.600749016E-1,9.682151794E0,9.741177157E0
1.684246591E0,-4.740519226E-1,9.600749016E-1,9.689333916E0,9.748315792E0
1.686250849E0,-4.764461517E-1,9.600749016E-1,9.698910713E0,9.757951310E0
1.688254872E0,-4.788403511E-1,9.648633003E-1,9.696516991E0,9.756161695E0
1.690259716E0,-4.812345505E-1,9.768342972E-1,9.706093788E0,9.766987691E0
1.692264638E0,-5.003881454E-1,9.816226959E-1,9.708487511E0,9.770808624E0
1.694269208E0,-5.003881454E-1,9.816226959E-1,9.727641106E0,9.789840289E0
1.696272489E0,-5.075707436E-1,9.864110947E-1,9.727641106E0,9.790691313E0
1.698276083E0,-5.243301988E-1,9.983820915E-1,9.725247383E0,9.790409880E0
1.700279638E0,-5.315127969E-1,1.010353088E0,9.722852707E0,9.789646775E0
1.702282450E0,-5.291185975E-1,1.000776291E0,9.710882187E0,9.776643213E0
1.704285731E0,-5.363011956E-1,1.003170490E0,9.706093788E0,9.772524066E0
1.706290341E0,-5.458779931E-1,9.959878922E-1,9.696516991E0,9.762807814E0
1.708294130E0,-5.482721925E-1,9.959878922E-1,9.694122314E0,9.760563597E0
1.710297606E0,-5.530605912E-1,9.959878922E-1,9.670180321E0,9.737055784E0
1.712301083E0,-5.554547906E-1,9.935936928E-1,9.672574997E0,9.739325722E0
1.714305419E0,-5.506663918E-1,1.000776291E0,9.670180321E0,9.737411057E0
1.716309130E0,-5.530605912E-1,9.864110947E-1,9.662998199E0,9.728947377E0
1.718312684E0,-5.554547906E-1,9.768342972E-1,9.674968719E0,9.740007956E0
1.720316356E0,-5.554547906E-1,9.792284966E-1,9.674968719E0,9.740248364E0
1.722320419E0,-5.530605912E-1,9.720458984E-1,9.653421402E0,9.717988167E0
1.724323739E0,-5.554547906E-1,9.600749016E-1,9.639056206E0,9.702663468E0
1.726328153E0,-5.482721925E-1,9.481038451E-1,9.629479408E0,9.691562153E0
1.728333153E0,-5.458779931E-1,9.409212470E-1,9.622296333E0,9.683589330E0
1.730336708E0,-5.410895944E-1,9.217676520E-1,9.615114212E0,9.674340022E0
1.732341005E0,-5.315127969E-1,9.265560508E-1,9.603142738E0,9.662368365E0
1.734344247E0,-5.291185975E-1,9.145850539E-1,9.598354340E0,9.656336694E0
1.736346708E0,-5.291185975E-1,9.097966552E-1,9.603142738E0,9.660644228E0
1.738350224E0,-5.171475410E-1,9.074024558E-1,9.605537415E0,9.662151407E0
1.740354403E0,-5.219359994E-1,9.121908545E-1,9.603142738E0,9.660479274E0
1.742358349E0,-5.195417404E-1,9.169792533E-1,9.612719536E0,9.670323234E0
1.744362645E0,-5.195417404E-1,9.241618514E-1,9.624691010E0,9.682906370E0
1.746367880E0,-5.219359994E-1,9.481038451E-1,9.624691010E0,9.685349509E0
1.748372177E0,-5.386953950E-1,9.528923035E-1,9.622296333E0,9.684357655E0
1.750376513E0,-5.410895944E-1,9.552865028E-1,9.622296333E0,9.684726996E0
1.752381356E0,-5.386953950E-1,9.576807022E-1,9.617507935E0,9.680072517E0
1.754385067E0,-5.434837937E-1,9.648633003E-1,9.607931137E0,9.671539513E0
1.756388895E0,-5.482721925E-1,9.696516991E-1,9.586383820E0,9.650885014E0
1.758393388E0,-5.458779931E-1,9.768342972E-1,9.591172218E0,9.656229727E0
1.760398114E0,-5.434837937E-1,9.816226959E-1,9.591172218E0,9.656580258E0
1.762402528E0,-5.482721925E-1,9.840168953E-1,9.593565941E0,9.659471989E0
1.764405536E0,-5.530605912E-1,9.888052940E-1,9.598354340E0,9.664989289E0
1.766408505E0,-5.602431893E-1,9.792284966E-1,9.595960617E0,9.662050561E0
1.768411747E0,-5.626373887E-1,9.864110947E-1,9.610325813E0,9.677186054E0
1.770414052E0,-5.674257874E-1,9.864110947E-1,9.610325813E0,9.677465635E0
1.772417138E0,-5.530605912E-1,9.911994934E-1,9.619902611E0,9.686634023E0
1.774420497E0,-5.506663918E-1,9.792284966E-1,9.627084732E0,9.692413650E0
1.776423153E0,-5.506663918E-1,9.840168953E-1,9.617507935E0,9.683386887E0
1.778425653E0,-5.482721925E-1,9.840168953E-1,9.629479408E0,9.695141326E0
1.780427841E0,-5.530605912E-1,9.768342972E-1,9.636661530E0,9.701820793E0
1.782430145E0,-5.554547906E-1,9.792284966E-1,9.629479408E0,9.695065350E0
1.784433192E0,-5.578489900E-1,9.840168953E-1,9.634267807E0,9.700443336E0
1.786436786E0,-5.626373887E-1,9.768342972E-1,9.636661530E0,9.702371437E0
1.788439325E0,-5.674257874E-1,9.840168953E-1,9.648633003E0,9.715265313E0
1.790442294E0,-5.746083856E-1,9.864110947E-1,9.662998199E0,9.730196085E0
1.792445614E0,-5.817909837E-1,9.816226959E-1,9.662998199E0,9.730138646E0
1.794448583E0,-5.793967843E-1,9.888052940E-1,9.679757118E0,9.747365511E0
1.796450888E0,-5.817909837E-1,9.864110947E-1,9.689333916E0,9.756776072E0
1.798452841E0,-5.770025849E-1,9.935936928E-1,9.706093788E0,9.773863977E0
1.800455575E0,-5.722141862E-1,9.864110947E-1,9.713275909E0,9.779987976E0
1.802458661E0,-5.674257874E-1,9.816226959E-1,9.718064308E0,9.783983291E0
1.804461005E0,-5.578489900E-1,9.792284966E-1,9.725247383E0,9.790327911E0
1.806462802E0,-5.578489900E-1,9.816226959E-1,9.727641106E0,9.792945425E0
1.808465302E0,-5.506663918E-1,9.744400978E-1,9.720458984E0,9.784686497E0
1.810467333E0,-5.339069963E-1,9.624691010E-1,9.725247383E0,9.787330592E0
1.812470380E0,-5.267243981E-1,9.576807022E-1,9.737217903E0,9.798367385E0
1.814474403E0,-5.123591423E-1,9.504981041E-1,9.751583099E0,9.811184000E0
1.816477333E0,-4.979939461E-1,9.385270476E-1,9.742006302E0,9.799771312E0
1.818479403E0,-4.932055473E-1,9.313444495E-1,9.734824181E0,9.791703428E0
1.820481708E0,-4.908113480E-1,9.169792533E-1,9.730035782E0,9.785465909E0
1.822484286E0,-4.908113480E-1,9.074024558E-1,9.727641106E0,9.782191803E0
1.824486044E0,-4.908113480E-1,9.145850539E-1,9.720458984E0,9.775719128E0
1.826488856E0,-4.908113480E-1,9.169792533E-1,9.708487511E0,9.764039967E0
1.828491044E0,-4.979939461E-1,9.050082564E-1,9.698910713E0,9.753763732E0
1.830493153E0,-5.099649429E-1,9.097966552E-1,9.701305389E0,9.757208641E0
1.832495458E0,-5.147533417E-1,9.074024558E-1,9.686940193E0,9.742954404E0
1.834498739E0,-5.243301988E-1,9.026140571E-1,9.679757118E0,9.735878602E0
1.836500731E0,-5.267243981E-1,8.906430602E-1,9.670180321E0,9.725382825E0
1.838502724E0,-5.363011956E-1,8.882488012E-1,9.662998199E0,9.718546142E0
1.840504872E0,-5.482721925E-1,9.002198577E-1,9.658209801E0,9.715555298E0
1.842507802E0,-5.578489900E-1,9.074024558E-1,9.651026726E0,9.709628807E0
1.844511395E0,-5.626373887E-1,9.074024558E-1,9.641449928E0,9.700386424E0
1.846514325E0,-5.746083856E-1,9.265560508E-1,9.655815125E0,9.717172769E0
1.848516903E0,-5.817909837E-1,9.433154464E-1,9.643844604E0,9.707320101E0
1.850519013E0,-5.841852427E-1,9.552865028E-1,9.641449928E0,9.706255788E0
1.852521434E0,-5.865794420E-1,9.672574997E-1,9.651026726E0,9.717097271E0
1.854524091E0,-5.841852427E-1,9.744400978E-1,9.662998199E0,9.729560119E0
1.856526747E0,-5.889736414E-1,9.864110947E-1,9.674968719E0,9.742941882E0
1.858528974E0,-5.770025849E-1,1.010353088E0,9.679757118E0,9.749432969E0
1.860531825E0,-5.698199868E-1,1.012747288E0,9.684545517E0,9.754013213E0
1.862535770E0,-5.722141862E-1,1.010353088E0,9.674968719E0,9.744396449E0
1.864539286E0,-5.698199868E-1,1.031900883E0,9.691728592E0,9.763150995E0
1.866542763E0,-5.674257874E-1,1.041477680E0,9.703699112E0,9.775910405E0
1.868546474E0,-5.698199868E-1,1.041477680E0,9.713275909E0,9.785555655E0
1.870550927E0,-5.578489900E-1,1.039083481E0,9.718064308E0,9.789364835E0
1.872555067E0,-5.506663918E-1,1.034295082E0,9.718064308E0,9.788451036E0
1.874559091E0,-5.554547906E-1,1.024718285E0,9.722852707E0,9.792468654E0
1.876562177E0,-5.506663918E-1,1.017535686E0,9.722852707E0,9.791449183E0
1.878565419E0,-5.506663918E-1,1.010353088E0,9.722852707E0,9.790705368E0
1.880568661E0,-5.482721925E-1,9.983820915E-1,9.734824181E0,9.801233138E0
1.882571747E0,-5.554547906E-1,9.935936928E-1,9.734824181E0,9.801150967E0
1.884574716E0,-5.578489900E-1,9.935936928E-1,9.749189377E0,9.815554871E0
1.886577724E0,-5.650315881E-1,9.864110947E-1,9.734824181E0,9.800972879E0
1.888581005E0,-5.674257874E-1,9.864110947E-1,9.737217903E0,9.803488734E0
1.890583934E0,-5.793967843E-1,9.911994934E-1,9.739612579E0,9.807050029E0
1.892587489E0,-5.913678408E-1,9.816226959E-1,9.742006302E0,9.809178652E0
1.894592020E0,-5.937620401E-1,9.744400978E-1,9.749189377E0,9.815741458E0
1.896596356E0,-5.865794420E-1,9.696516991E-1,9.744400978E0,9.810079015E0
1.898599677E0,-5.913678408E-1,9.744400978E-1,9.742006302E0,9.808462480E0
1.900603505E0,-6.009446383E-1,9.696516991E-1,9.722852707E0,9.789546651E0
1.902607255E0,-6.009446383E-1,9.672574997E-1,9.720458984E0,9.786932328E0
1.904610888E0,-5.865794420E-1,9.624691010E-1,9.694122314E0,9.759427732E0
1.906614442E0,-5.793967843E-1,9.600749016E-1,9.682151794E0,9.746871694E0
1.908617372E0,-5.650315881E-1,9.528923035E-1,9.667786598E0,9.731051441E0
1.910621161E0,-5.482721925E-1,9.481038451E-1,9.665391922E0,9.727245463E0
1.912624325E0,-5.099649429E-1,9.433154464E-1,9.639056206E0,9.698521166E0
1.914627997E0,-5.075707436E-1,9.337386489E-1,9.631873131E0,9.690328990E0
1.916631591E0,-5.027823448E-1,9.145850539E-1,9.619902611E0,9.676351696E0
1.918634950E0,-4.812345505E-1,9.050082564E-1,9.605537415E0,9.660071204E0
1.920638974E0,-4.668693244E-1,9.002198577E-1,9.600749016E0,9.654156847E0
1.922642606E0,-4.548983276E-1,8.978256583E-1,9.586383820E0,9.639075585E0
1.924645458E0,-4.477157295E-1,9.050082564E-1,9.586383820E0,9.639410981E0
1.926648075E0,-4.453215301E-1,9.217676520E-1,9.593565941E0,9.648029557E0
1.928651591E0,-4.405331016E-1,9.217676520E-1,9.579200745E0,9.633525415E0
1.930655302E0,-4.429273009E-1,9.241618514E-1,9.576807022E0,9.631484437E0
1.932658856E0,-4.333505034E-1,9.313444495E-1,9.574412346E0,9.629359631E0
1.934661981E0,-4.333505034E-1,9.337386489E-1,9.567230225E0,9.622450556E0
1.936665419E0,-4.381389022E-1,9.481038451E-1,9.552865028E0,9.609791717E0
1.938669559E0,-4.429273009E-1,9.504981041E-1,9.536105156E0,9.593588108E0
1.940672958E0,-4.453215301E-1,9.576807022E-1,9.533711433E0,9.592034054E0
1.942676513E0,-4.501099288E-1,9.672574997E-1,9.524134636E0,9.583701090E0
1.944679989E0,-4.501099288E-1,9.696516991E-1,9.533711433E0,9.593460119E0
1.946683466E0,-4.501099288E-1,9.744400978E-1,9.528923035E0,9.589186965E0
1.948686981E0,-4.477157295E-1,9.600749016E-1,9.519346237E0,9.578107641E0
1.950691630E0,-4.596867263E-1,9.624691010E-1,9.536105156E0,9.595569822E0
1.952695849E0,-4.764461517E-1,9.648633003E-1,9.531316757E0,9.591869539E0
1.954700614E0,-4.836287498E-1,9.696516991E-1,9.524134636E0,9.585575713E0
1.956705028E0,-4.908113480E-1,9.624691010E-1,9.524134636E0,9.585216905E0
1.958709052E0,-5.099649429E-1,9.744400978E-1,9.526528358E0,9.589803977E0
1.960713309E0,-5.291185975E-1,9.768342972E-1,9.543288231E0,9.607732406E0
1.962716669E0,-5.386953950E-1,9.792284966E-1,9.557653427E0,9.622776118E0
1.964720419E0,-5.626373887E-1,9.816226959E-1,9.557653427E0,9.624390006E0
1.966723466E0,-5.841852427E-1,9.864110947E-1,9.562441826E0,9.630917553E0
1.968726864E0,-6.033388376E-1,9.888052940E-1,9.572018623E0,9.641851181E0
1.970730419E0,-6.224924326E-1,9.911994934E-1,9.574412346E0,9.645690490E0
1.972734559E0,-6.272808313E-1,9.911994934E-1,9.595960617E0,9.667389402E0
1.974737606E0,-6.464344859E-1,9.888052940E-1,9.605537415E0,9.677911060E0
1.976740145E0,-6.607996821E-1,9.911994934E-1,9.593565941E0,9.667245736E0
1.978743349E0,-6.655880809E-1,9.911994934E-1,9.598354340E0,9.672325985E0
1.980746552E0,-6.775590777E-1,9.959878922E-1,9.612719536E0,9.687902511E0
1.982749677E0,-6.871358752E-1,1.000776291E0,9.629479408E0,9.705698459E0
1.984752919E0,-6.823474765E-1,1.000776291E0,9.648633003E0,9.724364766E0
1.986756942E0,-6.871358752E-1,9.864110947E-1,9.672574997E0,9.746992851E0
1.988760614E0,-6.895300746E-1,9.935936928E-1,9.684545517E0,9.759769568E0
1.990764169E0,-6.919242740E-1,9.888052940E-1,9.696516991E0,9.771332399E0
1.992766942E0,-6.871358752E-1,9.864110947E-1,9.710882187E0,9.785008708E0
1.994770809E0,-6.823474765E-1,9.840168953E-1,9.718064308E0,9.791560715E0
1.996775184E0,-6.607996821E-1,9.768342972E-1,9.722852707E0,9.794116919E0
1.998779247E0,-6.440402865E-1,9.696516991E-1,9.720458984E0,9.789909866E0
2.000782645E0,-6.200982332E-1,9.552865028E-1,9.739612579E0,9.805975082E0
2.002786864E0,-6.009446383E-1,9.504981041E-1,9.756371498E0,9.820965630E0
2.004791552E0,-5.793967843E-1,9.457096457E-1,9.756371498E0,9.819208327E0
2.006796005E0,-5.602431893E-1,9.409212470E-1,9.775525093E0,9.836670985E0
2.008799950E0,-5.410895944E-1,9.217676520E-1,9.785101891E0,9.843304961E0
2.010804403E0,-5.339069963E-1,9.241618514E-1,9.787496567E0,9.845517805E0
2.012808700E0,-5.291185975E-1,9.289502501E-1,9.821015358E0,9.879031214E0
2.014813622E0,-5.195417404E-1,9.457096457E-1,9.849745750E0,9.908672045E0
2.016818934E0,-5.219359994E-1,9.504981041E-1,9.856928825E0,9.916396004E0
2.018823934E0,-5.243301988E-1,9.672574997E-1,9.871294022E0,9.932419387E0
2.020829286E0,-5.219359994E-1,9.792284966E-1,9.890447617E0,9.952500173E0
2.022834013E0,-5.051765442E-1,9.888052940E-1,9.909601212E0,9.971616490E0
2.024839364E0,-5.003881454E-1,1.015141487E0,9.933543205E0,9.997808817E0
2.026844130E0,-4.955997467E-1,1.027112484E0,9.952696800E0,1.001782176E1
2.028847372E0,-4.932055473E-1,1.034295082E0,9.955090523E0,1.002082059E1
2.030851981E0,-4.788403511E-1,1.053448796E0,9.950302124E0,1.001736267E1
2.032856708E0,-4.548983276E-1,1.051054597E0,9.959878922E0,1.002550928E1
2.034861903E0,-4.381389022E-1,1.053448796E0,9.957485199E0,1.002263596E1
2.036866903E0,-4.261679053E-1,1.043871999E0,9.952696800E0,1.001635969E1
2.038871630E0,-4.070142806E-1,1.031900883E0,9.931148529E0,9.992907043E0
2.040875614E0,-3.974374831E-1,1.036689281E0,9.931148529E0,9.993017178E0
2.042880302E0,-3.782838583E-1,1.022324085E0,9.926360130E0,9.986033780E0
2.044884559E0,-3.711012602E-1,1.017535686E0,9.916783333E0,9.975754943E0
2.046888974E0,-3.615244627E-1,1.005564690E0,9.900024414E0,9.957526986E0
2.048892841E0,-3.543418646E-1,9.864110947E-1,9.902418137E0,9.957733174E0
2.050897099E0,-3.567360640E-1,9.816226959E-1,9.911994934E0,9.966869484E0
2.052901200E0,-3.711012602E-1,9.816226959E-1,9.904812813E0,9.960251810E0
2.054905614E0,-3.758896589E-1,9.744400978E-1,9.885659218E0,9.940678282E0
2.056909755E0,-3.878606856E-1,9.696516991E-1,9.890447617E0,9.945431835E0
2.058914286E0,-4.022258818E-1,9.648633003E-1,9.876082420E0,9.931251221E0
2.060918856E0,-4.094084799E-1,9.720458984E-1,9.876082420E0,9.932245089E0
2.062922333E0,-4.213795066E-1,9.768342972E-1,9.854534149E0,9.911791424E0
2.064925653E0,-4.213795066E-1,9.672574997E-1,9.837775230E0,9.894188660E0
2.066929052E0,-4.405331016E-1,9.744400978E-1,9.816226959E0,9.874305780E0
2.068933075E0,-4.620809257E-1,9.744400978E-1,9.792284966E0,9.851492127E0
2.070936278E0,-4.740519226E-1,9.840168953E-1,9.770736694E0,9.831597532E0
2.072939833E0,-4.836287498E-1,9.744400978E-1,9.753977776E0,9.814454275E0
2.074943700E0,-4.979939461E-1,9.864110947E-1,9.753977776E0,9.816368334E0
2.076948270E0,-5.051765442E-1,9.911994934E-1,9.746794701E0,9.810080872E0
2.078952645E0,-5.123591423E-1,1.000776291E0,9.746794701E0,9.811425585E0
2.080955692E0,-5.147533417E-1,1.017535686E0,9.737217903E0,9.803762664E0
2.082958817E0,-5.267243981E-1,1.019929886E0,9.706093788E0,9.773737882E0
2.084963153E0,-5.267243981E-1,1.017535686E0,9.691728592E0,9.759222334E0
2.086966981E0,-5.363011956E-1,1.024718285E0,9.682151794E0,9.750986099E0
2.088971005E0,-5.434837937E-1,1.017535686E0,9.662998199E0,9.731612801E0
2.090975731E0,-5.698199868E-1,1.015141487E0,9.653421402E0,9.723361138E0
2.092980263E0,-5.746083856E-1,1.017535686E0,9.643844604E0,9.714385849E0
2.094984169E0,-5.793967843E-1,1.012747288E0,9.636661530E0,9.707038845E0
2.096988427E0,-5.913678408E-1,1.017535686E0,9.639056206E0,9.710638462E0
2.098994130E0,-5.937620401E-1,1.015141487E0,9.636661530E0,9.708156933E0
2.100998739E0,-5.913678408E-1,1.019929886E0,9.636661530E0,9.708512673E0
2.103003036E0,-5.865794420E-1,1.017535686E0,9.643844604E0,9.715101290E0
2.105007333E0,-5.865794420E-1,1.019929886E0,9.636661530E0,9.708222178E0
2.107012958E0,-5.817909837E-1,1.022324085E0,9.619902611E0,9.691550625E0
2.109017333E0,-5.770025849E-1,1.017535686E0,9.619902611E0,9.690760398E0
2.111021278E0,-5.841852427E-1,1.007958889E0,9.603142738E0,9.673551777E0
2.113025927E0,-5.698199868E-1,1.003170490E0,9.605537415E0,9.674574661E0
2.115030419E0,-5.602431893E-1,1.000776291E0,9.617507935E0,9.685653539E0
2.117035497E0,-5.506663918E-1,9.840168953E-1,9.615114212E0,9.681009453E0
2.119041005E0,-5.410895944E-1,9.816226959E-1,9.607931137E0,9.673091636E0
2.121046474E0,-5.386953950E-1,9.816226959E-1,9.591172218E0,9.656311944E0
2.123051317E0,-5.410895944E-1,9.768342972E-1,9.600749016E0,9.665472821E0
2.125055966E0,-5.363011956E-1,9.696516991E-1,9.603142738E0,9.666860599E0
2.127060888E0,-5.315127969E-1,9.576807022E-1,9.607931137E0,9.670160232E0
2.129066395E0,-5.219359994E-1,9.600749016E-1,9.612719536E0,9.674633734E0
2.131071630E0,-5.147533417E-1,9.600749016E-1,9.624691010E0,9.686144323E0
2.133076005E0,-5.123591423E-1,9.648633003E-1,9.641449928E0,9.703145356E0
2.135080575E0,-5.363011956E-1,9.744400978E-1,9.641449928E0,9.705395880E0
2.137084872E0,-5.363011956E-1,9.959878922E-1,9.658209801E0,9.724228885E0
2.139088856E0,-5.482721925E-1,1.010353088E0,9.679757118E0,9.747774804E0
2.141093153E0,-5.650315881E-1,1.024718285E0,9.691728592E0,9.762116131E0
2.143096708E0,-5.674257874E-1,1.041477680E0,9.698910713E0,9.771157393E0
2.145100653E0,-5.650315881E-1,1.055842996E0,9.708487511E0,9.782064960E0
2.147105575E0,-5.674257874E-1,1.058237195E0,9.725247383E0,9.799095604E0
2.149110106E0,-5.530605912E-1,1.074996591E0,9.746794701E0,9.821481590E0
2.151115380E0,-5.363011956E-1,1.082179189E0,9.756371498E0,9.830845110E0
2.153119559E0,-5.243301988E-1,1.077390790E0,9.732429504E0,9.805910316E0
2.155123270E0,-4.884171486E-1,1.079784989E0,9.742006302E0,9.813825641E0
2.157127997E0,-4.596867263E-1,1.063025594E0,9.730035782E0,9.798720917E0
2.159132216E0,-4.501099288E-1,1.058237195E0,9.727641106E0,9.795379849E0
2.161136903E0,-4.285621047E-1,1.041477680E0,9.722852707E0,9.787860134E0
2.163141083E0,-4.070142806E-1,1.036689281E0,9.713275909E0,9.776917417E0
2.165145575E0,-3.878606856E-1,1.031900883E0,9.732429504E0,9.794663823E0
2.167149247E0,-3.711012602E-1,1.015141487E0,9.742006302E0,9.801781224E0
2.169153856E0,-3.734954596E-1,1.005564690E0,9.739612579E0,9.798505621E0
2.171157724E0,-3.711012602E-1,9.959878922E-1,9.758766174E0,9.816477233E0
2.173163700E0,-3.830722570E-1,9.888052940E-1,9.761159897E0,9.818590673E0
2.175169052E0,-3.782838583E-1,9.911994934E-1,9.763554573E0,9.821027086E0
2.177173700E0,-3.878606856E-1,9.935936928E-1,9.775525093E0,9.833542352E0
2.179177294E0,-3.926490843E-1,1.003170490E0,9.768342972E0,9.827565759E0
2.181181239E0,-3.974374831E-1,1.022324085E0,9.780313492E0,9.841627664E0
2.183185731E0,-3.998316824E-1,1.022324085E0,9.768342972E0,9.829828906E0
2.185190184E0,-4.261679053E-1,1.022324085E0,9.770736694E0,9.833313845E0
2.187193231E0,-4.405331016E-1,1.024718285E0,9.765948296E0,9.829438595E0
2.189197099E0,-4.620809257E-1,1.029506683E0,9.744400978E0,9.809523598E0
2.191201083E0,-4.620809257E-1,1.031900883E0,9.746794701E0,9.812152931E0
2.193204833E0,-4.740519226E-1,1.036689281E0,9.737217903E0,9.803716764E0
2.195207528E0,-4.788403511E-1,1.039083481E0,9.732429504E0,9.799447261E0
2.197210849E0,-4.884171486E-1,1.051054597E0,9.734824181E0,9.803574292E0
2.199215653E0,-4.955997467E-1,1.048660398E0,9.744400978E0,9.813187971E0
2.201220302E0,-5.003881454E-1,1.053448796E0,9.749189377E0,9.818698293E0
2.203223270E0,-5.075707436E-1,1.051054597E0,9.775525093E0,9.844959861E0
2.205227489E0,-5.099649429E-1,1.048660398E0,9.768342972E0,9.837696747E0
2.207232841E0,-5.099649429E-1,1.046266198E0,9.761159897E0,9.830309239E0
2.209237333E0,-5.051765442E-1,1.029506683E0,9.775525093E0,9.842559535E0
2.211240458E0,-5.027823448E-1,1.027112484E0,9.780313492E0,9.846942781E0
2.213245184E0,-5.075707436E-1,1.022324085E0,9.789890289E0,9.856202437E0
2.215249169E0,-5.051765442E-1,1.022324085E0,9.780313492E0,9.846567010E0
2.217253583E0,-5.123591423E-1,1.010353088E0,9.777919769E0,9.843324655E0
2.219257997E0,-5.243301988E-1,1.012747288E0,9.775525093E0,9.841822497E0
2.221261513E0,-5.267243981E-1,1.015141487E0,9.761159897E0,9.827929251E0
2.223265809E0,-5.291185975E-1,1.017535686E0,9.761159897E0,9.828305444E0
2.225270263E0,-5.363011956E-1,1.019929886E0,9.761159897E0,9.828942897E0
2.227274247E0,-5.434837937E-1,1.019929886E0,9.763554573E0,9.831715492E0
2.229279208E0,-5.530605912E-1,1.005564690E0,9.756371498E0,9.823635843E0
2.231282489E0,-5.578489900E-1,1.012747288E0,9.749189377E0,9.817512214E0
2.233285888E0,-5.554547906E-1,1.005564690E0,9.761159897E0,9.828526487E0
2.235289716E0,-5.578489900E-1,1.000776291E0,9.758766174E0,9.825795944E0
2.237294130E0,-5.650315881E-1,9.911994934E-1,9.749189377E0,9.815723643E0
2.239298974E0,-5.602431893E-1,9.864110947E-1,9.739612579E0,9.805454221E0
2.241304286E0,-5.554547906E-1,9.888052940E-1,9.742006302E0,9.807800606E0
2.243308895E0,-5.506663918E-1,9.840168953E-1,9.730035782E0,9.795157939E0
2.245312724E0,-5.506663918E-1,9.840168953E-1,9.744400978E0,9.809427769E0
2.247316356E0,-5.506663918E-1,9.792284966E-1,9.756371498E0,9.820840429E0
2.249321083E0,-5.482721925E-1,9.768342972E-1,9.768342972E0,9.832361469E0
2.251326122E0,-5.458779931E-1,9.768342972E-1,9.765948296E0,9.829849141E0
2.253330341E0,-5.339069963E-1,9.696516991E-1,9.780313492E0,9.842754345E0
2.255333817E0,-5.363011956E-1,9.600749016E-1,9.782708168E0,9.844325365E0
2.257338270E0,-5.267243981E-1,9.600749016E-1,9.763554573E0,9.824773804E0
2.259343153E0,-5.243301988E-1,9.600749016E-1,9.770736694E0,9.831783232E0
2.261346513E0,-5.315127969E-1,9.552865028E-1,9.765948296E0,9.826943791E0
2.263349638E0,-5.315127969E-1,9.552865028E-1,9.756371498E0,9.817426494E0
2.265353075E0,-5.339069963E-1,9.528923035E-1,9.751583099E0,9.812565076E0
2.267356669E0,-5.386953950E-1,9.528923035E-1,9.746794701E0,9.808068281E0
2.269359755E0,-5.315127969E-1,9.433154464E-1,9.718064308E0,9.778196346E0
2.271363466E0,-5.291185975E-1,9.433154464E-1,9.713275909E0,9.773307496E0
2.273367450E0,-5.339069963E-1,9.457096457E-1,9.701305389E0,9.761902974E0
2.275370028E0,-5.291185975E-1,9.457096457E-1,9.682151794E0,9.742607279E0
2.277373661E0,-5.386953950E-1,9.552865028E-1,9.682151794E0,9.744066318E0
2.279376942E0,-5.482721925E-1,9.600749016E-1,9.677363396E0,9.740313573E0
2.281379716E0,-5.578489900E-1,9.672574997E-1,9.677363396E0,9.741567885E0
2.283383270E0,-5.626373887E-1,9.648633003E-1,9.679757118E0,9.743983779E0
2.285387059E0,-5.602431893E-1,9.648633003E-1,9.679757118E0,9.743845826E0
2.287391708E0,-5.482721925E-1,9.696516991E-1,9.667786598E0,9.731748277E0
2.289395263E0,-5.482721925E-1,9.768342972E-1,9.682151794E0,9.746736429E0
2.291399599E0,-5.482721925E-1,9.888052940E-1,9.686940193E0,9.752699555E0
2.293403583E0,-5.530605912E-1,1.000776291E0,9.682151794E0,9.749435500E0
2.295407997E0,-5.578489900E-1,9.959878922E-1,9.677363396E0,9.744462513E0
2.297412138E0,-5.530605912E-1,1.010353088E0,9.689333916E0,9.757555079E0
2.299416903E0,-5.530605912E-1,1.029506683E0,9.708487511E0,9.778572993E0
2.301420809E0,-5.410895944E-1,1.041477680E0,9.734824181E0,9.805317717E0
2.303425067E0,-5.315127969E-1,1.053448796E0,9.727641106E0,9.798941866E0
2.305428231E0,-5.315127969E-1,1.051054597E0,9.722852707E0,9.793931099E0
2.307431474E0,-5.219359994E-1,1.060631394E0,9.725247383E0,9.796825649E0
2.309434911E0,-5.219359994E-1,1.055842996E0,9.734824181E0,9.805815797E0
2.311438309E0,-5.027823448E-1,1.055842996E0,9.730035782E0,9.800060757E0
2.313442020E0,-4.836287498E-1,1.058237195E0,9.739612579E0,9.808864151E0
2.315444911E0,-4.740519226E-1,1.053448796E0,9.730035782E0,9.798371084E0
2.317448231E0,-4.525041282E-1,1.048660398E0,9.737217903E0,9.803971701E0
2.319451513E0,-4.405331016E-1,1.051054597E0,9.725247383E0,9.791793597E0
2.321455184E0,-4.357447028E-1,1.043871999E0,9.718064308E0,9.783676001E0
2.323457528E0,-4.309563041E-1,1.036689281E0,9.718064308E0,9.782700133E0
2.325461083E0,-4.141969085E-1,1.043871999E0,9.722852707E0,9.787496748E0
2.327464481E0,-3.998316824E-1,1.027112484E0,9.718064308E0,9.780368057E0
2.329467802E0,-3.854664862E-1,1.022324085E0,9.720458984E0,9.781669275E0
2.331471239E0,-3.615244627E-1,1.012747288E0,9.710882187E0,9.770240010E0
2.333475575E0,-3.639186621E-1,9.983820915E-1,9.701305389E0,9.759330400E0
2.335479208E0,-3.687070608E-1,1.005564690E0,9.701305389E0,9.760247512E0
2.337483075E0,-3.711012602E-1,1.007958889E0,9.703699112E0,9.762964392E0
2.339486786E0,-3.734954596E-1,9.983820915E-1,9.703699112E0,9.762071610E0
2.341490341E0,-3.878606856E-1,9.864110947E-1,9.708487511E0,9.766174917E0
2.343494755E0,-3.950432837E-1,9.911994934E-1,9.710882187E0,9.769327944E0
2.345498036E0,-4.022258818E-1,9.911994934E-1,9.708487511E0,9.767240749E0
2.347501161E0,-4.285621047E-1,9.935936928E-1,9.710882187E0,9.770983919E0
2.349505341E0,-4.501099288E-1,1.010353088E0,9.720458984E0,9.783186351E0
2.351510419E0,-4.668693244E-1,1.019929886E0,9.727641106E0,9.792100154E0
2.353515263E0,-4.764461517E-1,1.022324085E0,9.722852707E0,9.788054568E0
2.355520184E0,-4.955997467E-1,1.029506683E0,9.708487511E0,9.775491439E0
2.357526122E0,-5.195417404E-1,1.046266198E0,9.706093788E0,9.776136926E0
2.359530770E0,-5.243301988E-1,1.051054597E0,9.689333916E0,9.760267909E0
2.361534559E0,-5.434837937E-1,1.046266198E0,9.694122314E0,9.765554518E0
2.363540341E0,-5.554547906E-1,1.041477680E0,9.701305389E0,9.772846670E0
2.365545536E0,-5.578489900E-1,1.046266198E0,9.684545517E0,9.756858630E0
2.367550888E0,-5.722141862E-1,1.041477680E0,9.686940193E0,9.759555069E0
2.369556552E0,-5.746083856E-1,1.039083481E0,9.689333916E0,9.761816481E0
2.371561591E0,-5.770025849E-1,1.031900883E0,9.689333916E0,9.761195785E0
2.373566513E0,-5.674257874E-1,1.022324085E0,9.689333916E0,9.759626545E0
2.375571434E0,-5.602431893E-1,1.007958889E0,9.689333916E0,9.757717217E0
2.377575888E0,-5.626373887E-1,9.864110947E-1,9.698910713E0,9.765164448E0
2.379580653E0,-5.482721925E-1,9.792284966E-1,9.698910713E0,9.763624320E0
2.381585184E0,-5.506663918E-1,9.720458984E-1,9.696516991E0,9.760663320E0
2.383590028E0,-5.530605912E-1,9.576807022E-1,9.703699112E0,9.766514465E0
2.385594911E0,-5.506663918E-1,9.552865028E-1,9.703699112E0,9.766144696E0
2.387599794E0,-5.482721925E-1,9.361328483E-1,9.694122314E0,9.754637592E0
2.389604091E0,-5.386953950E-1,9.361328483E-1,9.682151794E0,9.742207184E0
2.391607763E0,-5.339069963E-1,9.265560508E-1,9.694122314E0,9.752926240E0
2.393613036E0,-5.410895944E-1,9.265560508E-1,9.691728592E0,9.750942886E0
2.395617099E0,-5.554547906E-1,9.169792533E-1,9.701305389E0,9.760364093E0
2.397620888E0,-5.482721925E-1,9.265560508E-1,9.691728592E0,9.751344093E0
2.399625458E0,-5.530605912E-1,9.241618514E-1,9.682151794E0,9.741869149E0
2.401630341E0,-5.530605912E-1,9.217676520E-1,9.686940193E0,9.746401486E0
2.403634638E0,-5.434837937E-1,9.169792533E-1,9.701305389E0,9.759690151E0
2.405638661E0,-5.386953950E-1,9.097966552E-1,9.696516991E0,9.753992230E0
2.407643544E0,-5.267243981E-1,9.002198577E-1,9.694122314E0,9.750068812E0
2.409647411E0,-5.243301988E-1,8.858546019E-1,9.694122314E0,9.748623902E0
2.411651903E0,-5.075707436E-1,8.762778044E-1,9.691728592E0,9.744490441E0
2.413656825E0,-4.979939461E-1,8.762778044E-1,9.684545517E0,9.736851782E0
2.415661669E0,-4.860229492E-1,8.786720037E-1,9.679757118E0,9.731699783E0
2.417666005E0,-4.860229492E-1,8.834604025E-1,9.682151794E0,9.734515086E0
2.419670028E0,-4.932055473E-1,8.882488012E-1,9.684545517E0,9.737692720E0
2.421674755E0,-5.051765442E-1,8.858546019E-1,9.698910713E0,9.752374621E0
2.423678700E0,-5.219359994E-1,8.930372596E-1,9.710882187E0,9.765816176E0
2.425681864E0,-5.458779931E-1,9.097966552E-1,9.720458984E0,9.778191837E0
2.427685614E0,-5.626373887E-1,9.313444495E-1,9.727641106E0,9.788307555E0
2.429689638E0,-5.770025849E-1,9.481038451E-1,9.737217903E0,9.800267618E0
2.431693192E0,-5.889736414E-1,9.600749016E-1,9.737217903E0,9.802144983E0
2.433696786E0,-6.105214357E-1,9.768342972E-1,9.734824181E0,9.802741632E0
2.435701395E0,-6.200982332E-1,9.840168953E-1,9.730035782E0,9.799306475E0
2.437705263E0,-6.200982332E-1,1.005564690E0,9.727641106E0,9.799116473E0
2.439708388E0,-6.200982332E-1,1.005564690E0,9.718064308E0,9.789609597E0
2.441712411E0,-6.272808313E-1,1.007958889E0,9.701305389E0,9.773678357E0
2.443715575E0,-6.129156351E-1,1.019929886E0,9.679757118E0,9.752621207E0
2.445719364E0,-5.937620401E-1,1.015141487E0,9.679757118E0,9.750936543E0
2.447722958E0,-5.793967843E-1,9.935936928E-1,9.672574997E0,9.740720514E0
2.449726630E0,-5.602431893E-1,9.840168953E-1,9.679757118E0,9.745761107E0
2.451729833E0,-5.530605912E-1,9.816226959E-1,9.684545517E0,9.749865692E0
2.453733466E0,-5.219359994E-1,9.744400978E-1,9.679757118E0,9.742671531E0
2.455737528E0,-5.051765442E-1,9.672574997E-1,9.679757118E0,9.741072235E0
2.457741044E0,-4.788403511E-1,9.624691010E-1,9.665391922E0,9.724990275E0
2.459745184E0,-4.644751251E-1,9.624691010E-1,9.658209801E0,9.717154957E0
2.461749403E0,-4.525041282E-1,9.648633003E-1,9.670180321E0,9.728725950E0
2.463753778E0,-4.501099288E-1,9.672574997E-1,9.662998199E0,9.721713852E0
2.465757919E0,-4.453215301E-1,9.696516991E-1,9.655815125E0,9.714592189E0
2.467763075E0,-4.501099288E-1,9.768342972E-1,9.653421402E0,9.713153399E0
2.469767489E0,-4.572925270E-1,9.888052940E-1,9.658209801E0,9.719458263E0
2.471771825E0,-4.692635238E-1,1.000776291E0,9.658209801E0,9.721253931E0
2.473775809E0,-4.860229492E-1,1.012747288E0,9.658209801E0,9.723316920E0
2.475780888E0,-4.908113480E-1,1.027112484E0,9.665391922E0,9.732196917E0
2.477786434E0,-4.884171486E-1,1.041477680E0,9.660603523E0,9.728848210E0
2.479790692E0,-5.027823448E-1,1.048660398E0,9.660603523E0,9.730351440E0
2.481794638E0,-5.027823448E-1,1.060631394E0,9.672574997E0,9.743533041E0
2.483797372E0,-5.075707436E-1,1.067813993E0,9.679757118E0,9.751694860E0
2.485800731E0,-5.075707436E-1,1.067813993E0,9.677363396E0,9.749318801E0
2.487804052E0,-5.219359994E-1,1.074996591E0,9.677363396E0,9.750866482E0
2.489807997E0,-5.171475410E-1,1.072602391E0,9.689333916E0,9.762228700E0
2.491812255E0,-5.195417404E-1,1.074996591E0,9.689333916E0,9.762619168E0
2.493816630E0,-5.243301988E-1,1.084573388E0,9.706093788E0,9.780566355E0
2.495821005E0,-5.315127969E-1,1.074996591E0,9.718064308E0,9.791777031E0
2.497825653E0,-5.219359994E-1,1.086967587E0,9.710882187E0,9.785455972E0
2.499829716E0,-5.147533417E-1,1.082179189E0,9.715670586E0,9.789297101E0
2.501835224E0,-5.075707436E-1,1.077390790E0,9.718064308E0,9.790769779E0
2.503839091E0,-5.051765442E-1,1.070208192E0,9.727641106E0,9.799364795E0
2.505843349E0,-4.932055473E-1,1.072602391E0,9.744400978E0,9.815654742E0
2.507847684E0,-4.788403511E-1,1.077390790E0,9.742006302E0,9.813090532E0
2.509851825E0,-4.644751251E-1,1.072602391E0,9.758766174E0,9.828516179E0
2.511855888E0,-4.572925270E-1,1.067813993E0,9.761159897E0,9.830034878E0
2.513858700E0,-4.429273009E-1,1.067813993E0,9.763554573E0,9.831755144E0
2.515863388E0,-4.405331016E-1,1.072602391E0,9.765948296E0,9.834545816E0
2.517868153E0,-4.333505034E-1,1.070208192E0,9.768342972E0,9.836343968E0
2.519872763E0,-4.189853072E-1,1.063025594E0,9.768342972E0,9.834942629E0
2.521877138E0,-4.165911078E-1,1.053448796E0,9.746794701E0,9.812405895E0
2.523880263E0,-4.046200812E-1,1.053448796E0,9.742006302E0,9.807148340E0
2.525882919E0,-3.902548850E-1,1.031900883E0,9.725247383E0,9.787622539E0
2.527885731E0,-3.782838583E-1,1.010353088E0,9.691728592E0,9.751590390E0
2.529889638E0,-3.806780577E-1,9.983820915E-1,9.660603523E0,9.719513518E0
2.531893388E0,-3.758896589E-1,9.911994934E-1,9.651026726E0,9.709072372E0
2.533897216E0,-3.711012602E-1,9.816226959E-1,9.646238327E0,9.703154803E0
2.535901395E0,-3.711012602E-1,9.648633003E-1,9.619902611E0,9.675288294E0
2.537906591E0,-3.806780577E-1,9.552865028E-1,9.605537415E0,9.660426342E0
2.539911825E0,-3.878606856E-1,9.433154464E-1,9.595960617E0,9.650012441E0
2.541916200E0,-3.998316824E-1,9.504981041E-1,9.598354340E0,9.653585761E0
2.543920106E0,-4.237737060E-1,9.648633003E-1,9.581595421E0,9.639373224E0
2.545925145E0,-4.501099288E-1,9.840168953E-1,9.595960617E0,9.656777328E0
2.547929716E0,-4.644751251E-1,9.864110947E-1,9.603142738E0,9.664838045E0
2.549934247E0,-4.908113480E-1,9.935936928E-1,9.619902611E0,9.683524691E0
2.551939599E0,-5.195417404E-1,1.005564690E0,9.617507935E0,9.683880567E0
2.553944638E0,-5.458779931E-1,1.017535686E0,9.627084732E0,9.696087979E0
2.555950380E0,-5.626373887E-1,1.027112484E0,9.634267807E0,9.705186091E0
2.557955028E0,-5.817909837E-1,1.041477680E0,9.622296333E0,9.695965307E0
2.559959130E0,-6.105214357E-1,1.051054597E0,9.636661530E0,9.713016917E0
2.561963974E0,-6.248866320E-1,1.055842996E0,9.655815125E0,9.733450234E0
2.563969286E0,-6.440402865E-1,1.060631394E0,9.662998199E0,9.742343714E0
2.565973544E0,-6.512228847E-1,1.060631394E0,9.662998199E0,9.742821173E0
2.567977997E0,-6.584054828E-1,1.070208192E0,9.686940193E0,9.768093655E0
2.569983427E0,-6.679822803E-1,1.074996591E0,9.689333916E0,9.771643144E0
2.571989794E0,-6.584054828E-1,1.086967587E0,9.696516991E0,9.779439558E0
2.573994325E0,-6.560112834E-1,1.091755986E0,9.730035782E0,9.813046329E0
2.575998349E0,-6.440402865E-1,1.084573388E0,9.737217903E0,9.818579318E0
2.578003231E0,-6.272808313E-1,1.058237195E0,9.734824181E0,9.812244852E0
2.580007528E0,-6.033388376E-1,1.046266198E0,9.756371498E0,9.830843073E0
2.582012177E0,-5.889736414E-1,1.041477680E0,9.751583099E0,9.824710614E0
2.584016434E0,-5.722141862E-1,1.029506683E0,9.758766174E0,9.829589530E0
2.586021786E0,-5.363011956E-1,1.005564690E0,9.751583099E0,9.817950512E0
2.588026591E0,-5.075707436E-1,9.840168953E-1,9.758766174E0,9.821376408E0
2.590030575E0,-4.836287498E-1,9.720458984E-1,9.756371498E0,9.816595887E0
2.592034442E0,-4.716577232E-1,9.648633003E-1,9.761159897E0,9.820064395E0
2.594038778E0,-4.572925270E-1,9.552865028E-1,9.756371498E0,9.813688072E0
2.596042802E0,-4.525041282E-1,9.504981041E-1,9.765948296E0,9.822522728E0
2.598046981E0,-4.525041282E-1,9.433154464E-1,9.761159897E0,9.817069143E0
2.600050106E0,-4.453215301E-1,9.289502501E-1,9.765948296E0,9.820132685E0
2.602053778E0,-4.405331016E-1,9.313444495E-1,9.773131371E0,9.827286944E0
2.604057450E0,-4.381389022E-1,9.337386489E-1,9.768342972E0,9.822645162E0
2.606061669E0,-4.477157295E-1,9.433154464E-1,9.777919769E0,9.833514551E0
2.608064677E0,-4.620809257E-1,9.504981041E-1,9.770736694E0,9.827729187E0
2.610068974E0,-4.764461517E-1,9.600749016E-1,9.753977776E0,9.812687053E0
2.612073114E0,-4.955997467E-1,9.696516991E-1,9.753977776E0,9.814577218E0
2.614076630E0,-5.003881454E-1,9.720458984E-1,9.756371498E0,9.817435833E0
2.616079559E0,-5.123591423E-1,9.864110947E-1,9.744400978E0,9.807592424E0
2.618083934E0,-5.339069963E-1,9.911994934E-1,9.727641106E0,9.792575483E0
2.620087880E0,-5.578489900E-1,9.959878922E-1,9.732429504E0,9.799151567E0
2.622091044E0,-5.698199868E-1,1.007958889E0,9.720458984E0,9.789177637E0
2.624094599E0,-5.722141862E-1,1.012747288E0,9.737217903E0,9.806451888E0
2.626099013E0,-5.722141862E-1,1.019929886E0,9.737217903E0,9.807196263E0
2.628102138E0,-5.770025849E-1,1.036689281E0,9.742006302E0,9.813987132E0
2.630104794E0,-5.817909837E-1,1.043871999E0,9.746794701E0,9.819783930E0
2.632107997E0,-5.913678408E-1,1.058237195E0,9.739612579E0,9.814766176E0
2.634110888E0,-5.865794420E-1,1.058237195E0,9.746794701E0,9.821606200E0
2.636114325E0,-5.722141862E-1,1.063025594E0,9.739612579E0,9.814148240E0
2.638117841E0,-5.530605912E-1,1.070208192E0,9.725247383E0,9.799574391E0
2.640120419E0,-5.315127969E-1,1.065419793E0,9.718064308E0,9.790730263E0
2.642124013E0,-5.147533417E-1,1.070208192E0,9.708487511E0,9.780851002E0
2.644128192E0,-4.884171486E-1,1.053448796E0,9.708487511E0,9.777680473E0
2.646132567E0,-4.788403511E-1,1.048660398E0,9.703699112E0,9.771937022E0
2.648137177E0,-4.572925270E-1,1.036689281E0,9.684545517E0,9.750603212E0
2.650140419E0,-4.477157295E-1,1.027112484E0,9.684545517E0,9.749145157E0
2.652144325E0,-4.309563041E-1,1.024718285E0,9.679757118E0,9.743380767E0
2.654147528E0,-4.213795066E-1,1.017535686E0,9.682151794E0,9.744588392E0
2.656150849E0,-3.974374831E-1,1.017535686E0,9.696516991E0,9.757857202E0
2.658154013E0,-3.974374831E-1,1.012747288E0,9.682151794E0,9.743083546E0
2.660157450E0,-3.950432837E-1,1.012747288E0,9.674968719E0,9.735847985E0
2.662161669E0,-3.974374831E-1,1.017535686E0,9.677363396E0,9.738824247E0
2.664166669E0,-4.022258818E-1,1.010353088E0,9.679757118E0,9.740651769E0
2.666170809E0,-4.141969085E-1,1.015141487E0,9.682151794E0,9.744030721E0
2.668174794E0,-4.309563041E-1,1.036689281E0,9.677363396E0,9.742269258E0
2.670178036E0,-4.644751251E-1,1.039083481E0,9.682151794E0,9.748820185E0
2.672182489E0,-4.860229492E-1,1.053448796E0,9.665391922E0,9.734771373E0
2.674186864E0,-5.051765442E-1,1.070208192E0,9.670180321E0,9.742327050E0
2.676191513E0,-5.315127969E-1,1.072602391E0,9.677363396E0,9.751120143E0
2.678195575E0,-5.410895944E-1,1.070208192E0,9.672574997E0,9.746631756E0
2.680199950E0,-5.482721925E-1,1.072602391E0,9.670180321E0,9.744919996E0
2.682203895E0,-5.578489900E-1,1.072602391E0,9.670180321E0,9.745463500E0
2.684207450E0,-5.602431893E-1,1.067813993E0,9.679757118E0,9.754578260E0
2.686210575E0,-5.698199868E-1,1.055842996E0,9.665391922E0,9.739573926E0
2.688214130E0,-5.722141862E-1,1.046266198E0,9.653421402E0,9.726800440E0
2.690218700E0,-5.602431893E-1,1.034295082E0,9.639056206E0,9.710563490E0
2.692222606E0,-5.602431893E-1,1.027112484E0,9.636661530E0,9.707423856E0
2.694226591E0,-5.530605912E-1,1.015141487E0,9.631873131E0,9.700998313E0
2.696230575E0,-5.363011956E-1,9.983820915E-1,9.627084732E0,9.693562101E0
2.698234599E0,-5.458779931E-1,9.911994934E-1,9.617507935E0,9.683848310E0
2.700238427E0,-5.410895944E-1,9.792284966E-1,9.619902611E0,9.684740195E0
2.702242020E0,-5.339069963E-1,9.672574997E-1,9.615114212E0,9.678381324E0
2.704245458E0,-5.219359994E-1,9.552865028E-1,9.612719536E0,9.674159724E0
2.706248309E0,-5.219359994E-1,9.409212470E-1,9.607931137E0,9.667993107E0
2.708252099E0,-5.195417404E-1,9.361328483E-1,9.612719536E0,9.672158250E0
2.710255927E0,-5.123591423E-1,9.289502501E-1,9.615114212E0,9.673462760E0
2.712259950E0,-5.147533417E-1,9.241618514E-1,9.612719536E0,9.670750902E0
2.714263856E0,-5.243301988E-1,9.241618514E-1,9.600749016E0,9.659367420E0
2.716267606E0,-5.315127969E-1,9.145850539E-1,9.595960617E0,9.654088866E0
2.718270966E0,-5.195417404E-1,9.265560508E-1,9.600749016E0,9.659338041E0
2.720275419E0,-5.147533417E-1,9.289502501E-1,9.598354340E0,9.656931479E0
2.722279599E0,-5.195417404E-1,9.457096457E-1,9.593565941E0,9.654056029E0
2.724285106E0,-5.099649429E-1,9.361328483E-1,9.593565941E0,9.652611896E0
2.726290341E0,-5.075707436E-1,9.433154464E-1,9.583989143E0,9.643667352E0
2.728294559E0,-5.003881454E-1,9.481038451E-1,9.581595421E0,9.641382681E0
2.730298739E0,-5.027823448E-1,9.457096457E-1,9.588777542E0,9.648409795E0
2.732303309E0,-4.932055473E-1,9.433154464E-1,9.574412346E0,9.633403735E0
2.734308544E0,-4.884171486E-1,9.385270476E-1,9.581595421E0,9.639831697E0
2.736312880E0,-4.908113480E-1,9.337386489E-1,9.591172218E0,9.649007626E0
2.738317255E0,-4.740519226E-1,9.409212470E-1,9.603142738E0,9.660766454E0
2.740322138E0,-4.716577232E-1,9.576807022E-1,9.605537415E0,9.664676009E0
2.742326864E0,-4.764461517E-1,9.552865028E-1,9.612719536E0,9.671812142E0
2.744330614E0,-4.740519226E-1,9.528923035E-1,9.622296333E0,9.680977001E0
2.746334481E0,-4.716577232E-1,9.600749016E-1,9.639056206E0,9.698227125E0
2.748339091E0,-4.764461517E-1,9.672574997E-1,9.646238327E0,9.706312475E0
2.750342684E0,-4.884171486E-1,9.672574997E-1,9.653421402E0,9.714045663E0
2.752346513E0,-4.955997467E-1,9.768342972E-1,9.672574997E0,9.734399387E0
2.754350028E0,-4.884171486E-1,9.864110947E-1,9.684545517E0,9.746895918E0
2.756353661E0,-4.884171486E-1,9.816226959E-1,9.672574997E0,9.734518041E0
2.758357724E0,-5.123591423E-1,9.840168953E-1,9.677363396E0,9.740747581E0
2.760361942E0,-5.195417404E-1,9.840168953E-1,9.677363396E0,9.741128023E0
2.762366317E0,-5.195417404E-1,9.792284966E-1,9.684545517E0,9.747780975E0
2.764369950E0,-5.291185975E-1,9.816226959E-1,9.689333916E0,9.753293871E0
2.766373974E0,-5.458779931E-1,9.816226959E-1,9.703699112E0,9.768487209E0
2.768377880E0,-5.554547906E-1,9.888052940E-1,9.722852707E0,9.788775751E0
2.770381669E0,-5.650315881E-1,9.864110947E-1,9.737217903E0,9.803350450E0
2.772386786E0,-5.578489900E-1,9.864110947E-1,9.732429504E0,9.798182811E0
2.774390575E0,-5.554547906E-1,9.720458984E-1,9.732429504E0,9.796611012E0
2.776394403E0,-5.602431893E-1,9.696516991E-1,9.732429504E0,9.796646411E0
2.778397489E0,-5.482721925E-1,9.552865028E-1,9.715670586E0,9.777905176E0
2.780401395E0,-5.410895944E-1,9.433154464E-1,9.718064308E0,9.778721587E0
2.782405224E0,-5.339069963E-1,9.289502501E-1,9.722852707E0,9.781710996E0
2.784408974E0,-5.123591423E-1,9.217676520E-1,9.715670586E0,9.772738737E0
2.786412997E0,-5.291185975E-1,9.193734527E-1,9.701305389E0,9.759126001E0
2.788417138E0,-5.219359994E-1,9.145850539E-1,9.713275909E0,9.770189962E0
2.790421669E0,-5.243301988E-1,9.145850539E-1,9.737217903E0,9.794120709E0
2.792426552E0,-5.267243981E-1,9.121908545E-1,9.737217903E0,9.794025895E0
2.794431591E0,-5.243301988E-1,9.121908545E-1,9.739612579E0,9.796278248E0
2.796436317E0,-5.243301988E-1,9.074024558E-1,9.758766174E0,9.814877412E0
2.798440458E0,-5.315127969E-1,9.265560508E-1,9.761159897E0,9.819432494E0
2.800444013E0,-5.339069963E-1,9.385270476E-1,9.775525093E0,9.834977404E0
2.802448505E0,-5.434837937E-1,9.552865028E-1,9.782708168E0,9.844253453E0
2.804452997E0,-5.506663918E-1,9.744400978E-1,9.768342972E0,9.832257696E0
2.806457763E0,-5.578489900E-1,9.911994934E-1,9.773131371E0,9.839093897E0
2.808462255E0,-5.578489900E-1,9.935936928E-1,9.768342972E0,9.834579215E0
2.810467333E0,-5.530605912E-1,1.000776291E0,9.761159897E0,9.827902713E0
2.812472138E0,-5.458779931E-1,1.003170490E0,9.765948296E0,9.832501204E0
2.814476083E0,-5.482721925E-1,1.007958889E0,9.761159897E0,9.828368433E0
2.816480263E0,-5.315127969E-1,1.010353088E0,9.761159897E0,9.827693613E0
2.818484872E0,-5.171475410E-1,1.007958889E0,9.763554573E0,9.829060006E0
2.820488192E0,-5.003881454E-1,1.010353088E0,9.761159897E0,9.826059444E0
2.822492528E0,-4.668693244E-1,1.012747288E0,9.763554573E0,9.827035257E0
2.824496200E0,-4.572925270E-1,1.017535686E0,9.756371498E0,9.819942980E0
2.826500536E0,-4.405331016E-1,1.015141487E0,9.746794701E0,9.809413264E0
2.828505145E0,-4.094084799E-1,1.003170490E0,9.737217903E0,9.797314879E0
2.830509677E0,-3.878606856E-1,9.983820915E-1,9.722852707E0,9.781669974E0
2.832514364E0,-3.687070608E-1,9.959878922E-1,9.713275909E0,9.771165011E0
2.834517724E0,-3.519476354E-1,1.000776291E0,9.694122314E0,9.751996092E0
2.836521669E0,-3.351882398E-1,9.959878922E-1,9.679757118E0,9.736633962E0
2.838526005E0,-3.232172430E-1,1.005564690E0,9.665391922E0,9.722933237E0
2.840530106E0,-3.208230138E-1,9.983820915E-1,9.658209801E0,9.714973534E0
2.842534950E0,-3.208230138E-1,9.959878922E-1,9.639056206E0,9.695685836E0
2.844538270E0,-3.375824392E-1,9.959878922E-1,9.622296333E0,9.679594026E0
2.846541434E0,-3.471592367E-1,1.003170490E0,9.598354340E0,9.656877166E0
2.848545224E0,-3.567360640E-1,1.007958889E0,9.588777542E0,9.648206906E0
2.850550067E0,-3.615244627E-1,1.015141487E0,9.588777542E0,9.649138144E0
2.852554950E0,-3.902548850E-1,1.024718285E0,9.591172218E0,9.653648583E0
2.854559091E0,-4.213795066E-1,1.036689281E0,9.605537415E0,9.670503316E0
2.856563505E0,-4.405331016E-1,1.053448796E0,9.595960617E0,9.663657897E0
2.858567294E0,-4.501099288E-1,1.063025594E0,9.593565941E0,9.662770298E0
2.860570809E0,-4.596867263E-1,1.072602391E0,9.591172218E0,9.661903141E0
2.862574755E0,-4.836287498E-1,1.086967587E0,9.588777542E0,9.662300454E0
2.864578075E0,-5.003881454E-1,1.091755986E0,9.605537415E0,9.680323778E0
2.866581161E0,-5.123591423E-1,1.089361787E0,9.591172218E0,9.666426719E0
2.868584364E0,-5.171475410E-1,1.094150186E0,9.607931137E0,9.683849800E0
2.870587450E0,-5.339069963E-1,1.091755986E0,9.595960617E0,9.672613296E0
2.872590458E0,-5.410895944E-1,1.106121182E0,9.593565941E0,9.672269097E0
2.874594833E0,-5.506663918E-1,1.110909581E0,9.603142738E0,9.682856192E0
2.876597958E0,-5.530605912E-1,1.101332784E0,9.612719536E0,9.691397567E0
2.878600497E0,-5.506663918E-1,1.091755986E0,9.600749016E0,9.678302861E0
2.880604052E0,-5.410895944E-1,1.074996591E0,9.612719536E0,9.687764061E0
2.882607216E0,-5.458779931E-1,1.060631394E0,9.612719536E0,9.686449226E0
2.884610888E0,-5.291185975E-1,1.041477680E0,9.612719536E0,9.683440459E0
2.886615536E0,-5.123591423E-1,1.022324085E0,9.607931137E0,9.675742822E0
2.888618856E0,-5.075707436E-1,1.010353088E0,9.607931137E0,9.674232898E0
2.890621825E0,-4.979939461E-1,1.003170490E0,9.612719536E0,9.677743842E0
2.892624872E0,-4.955997467E-1,9.864110947E-1,9.612719536E0,9.675898037E0
2.894628661E0,-5.003881454E-1,9.744400978E-1,9.636661530E0,9.698719876E0
2.896632059E0,-5.075707436E-1,9.648633003E-1,9.641449928E0,9.702893690E0
2.898636395E0,-5.147533417E-1,9.576807022E-1,9.662998199E0,9.723973341E0
2.900639989E0,-5.195417404E-1,9.696516991E-1,9.684545517E0,9.746823580E0
2.902644091E0,-5.339069963E-1,9.720458984E-1,9.708487511E0,9.771625231E0
2.904647802E0,-5.506663918E-1,9.816226959E-1,9.725247383E0,9.790161043E0
2.906650653E0,-5.578489900E-1,9.864110947E-1,9.727641106E0,9.793426562E0
2.908654442E0,-5.817909837E-1,1.000776291E0,9.744400978E0,9.812919258E0
2.910657216E0,-6.009446383E-1,9.959878922E-1,9.742006302E0,9.811208546E0
2.912660497E0,-6.129156351E-1,1.000776291E0,9.742006302E0,9.812436270E0
2.914663270E0,-6.248866320E-1,1.010353088E0,9.749189377E0,9.821302875E0
2.916666747E0,-6.320692301E-1,1.022324085E0,9.758766174E0,9.832506053E0
2.918670224E0,-6.392518282E-1,1.017535686E0,9.744400978E0,9.818216345E0
2.920673114E0,-6.344634295E-1,1.019929886E0,9.761159897E0,9.834787407E0
2.922677099E0,-6.344634295E-1,1.017535686E0,9.763554573E0,9.836916215E0
2.924680145E0,-6.320692301E-1,1.027112484E0,9.785101891E0,9.859142487E0
2.926683153E0,-6.200982332E-1,1.029506683E0,9.816226959E0,9.889525648E0
2.928685497E0,-6.129156351E-1,1.024718285E0,9.821015358E0,9.893333907E0
2.930688231E0,-6.033388376E-1,1.024718285E0,9.823410034E0,9.895122537E0
2.932691942E0,-5.865794420E-1,1.024718285E0,9.825803757E0,9.896491422E0
2.934694716E0,-5.674257874E-1,1.019929886E0,9.837775230E0,9.906767913E0
2.936697138E0,-5.482721925E-1,1.019929886E0,9.837775230E0,9.905689317E0
2.938700263E0,-5.363011956E-1,1.017535686E0,9.835380554E0,9.902409227E0
2.940703075E0,-5.123591423E-1,1.003170490E0,9.837775230E0,9.902054555E0
2.942705731E0,-4.884171486E-1,1.010353088E0,9.837775230E0,9.901574933E0
2.944708856E0,-4.740519226E-1,1.007958889E0,9.828198433E0,9.891116761E0
2.946712020E0,-4.620809257E-1,1.015141487E0,9.816226959E0,9.879389796E0
2.948714677E0,-4.525041282E-1,1.010353088E0,9.828198433E0,9.890351752E0
2.950717997E0,-4.477157295E-1,9.959878922E-1,9.818621635E0,9.879158470E0
2.952721786E0,-4.548983276E-1,9.959878922E-1,9.818621635E0,9.879486585E0
2.954725966E0,-4.572925270E-1,1.003170490E0,9.806650162E0,9.868427174E0
2.956730028E0,-4.501099288E-1,1.005564690E0,9.799467087E0,9.861202486E0
2.958734052E0,-4.644751251E-1,1.010353088E0,9.782708168E0,9.845706151E0
2.960737684E0,-4.764461517E-1,1.010353088E0,9.765948296E0,9.829626667E0
2.962741122E0,-4.788403511E-1,1.015141487E0,9.768342972E0,9.832615356E0
2.964744286E0,-4.764461517E-1,1.007958889E0,9.758766174E0,9.822245125E0
2.966747802E0,-4.788403511E-1,9.983820915E-1,9.746794701E0,9.809488357E0
2.968750888E0,-4.812345505E-1,1.000776291E0,9.725247383E0,9.788440966E0
2.970754013E0,-4.812345505E-1,9.983820915E-1,9.710882187E0,9.773923795E0
2.972756825E0,-5.027823448E-1,9.911994934E-1,9.703699112E0,9.767140983E0
2.974759520E0,-5.003881454E-1,9.983820915E-1,9.710882187E0,9.774885572E0
2.976762958E0,-5.099649429E-1,1.003170490E0,9.713275909E0,9.778248523E0
2.978765927E0,-5.315127969E-1,1.000776291E0,9.725247383E0,9.791041604E0
2.980769052E0,-5.482721925E-1,1.024718285E0,9.730035782E0,9.799196206E0
2.982772724E0,-5.650315881E-1,1.041477680E0,9.730035782E0,9.801914750E0
2.984775731E0,-5.746083856E-1,1.063025594E0,9.730035782E0,9.804784267E0
2.986780809E0,-5.865794420E-1,1.065419793E0,9.727641106E0,9.803376778E0
2.988785263E0,-6.009446383E-1,1.077390790E0,9.737217903E0,9.815055673E0
2.990788778E0,-5.961562395E-1,1.077390790E0,9.732429504E0,9.810013111E0
2.992792177E0,-6.129156351E-1,1.086967587E0,9.734824181E0,9.814477365E0
2.994795731E0,-6.105214357E-1,1.098938584E0,9.727641106E0,9.808537297E0
2.996799481E0,-6.081272364E-1,1.091755986E0,9.715670586E0,9.795713593E0
2.998802489E0,-6.081272364E-1,1.101332784E0,9.722852707E0,9.803908272E0
3.000805341E0,-6.033388376E-1,1.098938584E0,9.722852707E0,9.803343742E0
3.002808153E0,-6.009446383E-1,1.094150186E0,9.727641106E0,9.807410492E0
3.004811356E0,-5.865794420E-1,1.091755986E0,9.744400978E0,9.822899623E0
3.006813974E0,-5.722141862E-1,1.086967587E0,9.734824181E0,9.812019641E0
3.008817333E0,-5.578489900E-1,1.079784989E0,9.744400978E0,9.819902318E0
3.010820341E0,-5.506663918E-1,1.067813993E0,9.742006302E0,9.815811071E0
3.012822724E0,-5.363011956E-1,1.051054597E0,9.742006302E0,9.813206485E0
3.014825184E0,-5.243301988E-1,1.043871999E0,9.734824181E0,9.804661786E0
3.016828583E0,-5.171475410E-1,1.029506683E0,9.739612579E0,9.807516443E0
3.018832567E0,-5.147533417E-1,1.022324085E0,9.732429504E0,9.799505171E0
3.020836356E0,-5.147533417E-1,1.010353088E0,9.737217903E0,9.803019783E0
3.022839989E0,-5.267243981E-1,1.015141487E0,9.725247383E0,9.792261613E0
3.024843622E0,-5.315127969E-1,1.012747288E0,9.739612579E0,9.806539457E0
3.026847684E0,-5.315127969E-1,9.911994934E-1,9.730035782E0,9.794824072E0
3.028850575E0,-5.243301988E-1,9.983820915E-1,9.727641106E0,9.792787675E0
3.030854169E0,-5.267243981E-1,9.935936928E-1,9.725247383E0,9.790051260E0
3.032857958E0,-5.219359994E-1,9.816226959E-1,9.710882187E0,9.774314971E0
3.034862763E0,-5.195417404E-1,9.792284966E-1,9.696516991E0,9.759674883E0
3.036866942E0,-5.195417404E-1,9.648633003E-1,9.677363396E0,9.739211832E0
3.038870067E0,-5.243301988E-1,9.552865028E-1,9.674968719E0,9.736144729E0
3.040874247E0,-5.434837937E-1,9.576807022E-1,9.667786598E0,9.730294172E0
3.042878622E0,-5.602431893E-1,9.528923035E-1,9.658209801E0,9.721259832E0
3.044882724E0,-5.722141862E-1,9.672574997E-1,9.665391922E0,9.730509604E0
3.046886434E0,-5.937620401E-1,9.744400978E-1,9.667786598E0,9.734895201E0
3.048890184E0,-6.105214357E-1,9.792284966E-1,9.674968719E0,9.743543739E0
3.050894755E0,-6.200982332E-1,9.816226959E-1,9.667786598E0,9.737258477E0
3.052898778E0,-6.272808313E-1,1.005564690E0,9.672574997E0,9.744913989E0
3.054902255E0,-6.368576288E-1,1.015141487E0,9.677363396E0,9.751280027E0
3.056905927E0,-6.440402865E-1,1.017535686E0,9.665391922E0,9.740121548E0
3.058909364E0,-6.488286853E-1,1.019929886E0,9.670180321E0,9.745441143E0
3.060913309E0,-6.631938815E-1,1.022324085E0,9.665391922E0,9.741908112E0
3.062917411E0,-6.631938815E-1,1.019929886E0,9.660603523E0,9.736906261E0
3.064921474E0,-6.631938815E-1,1.024718285E0,9.677363396E0,9.754036907E0
3.066925458E0,-6.560112834E-1,1.024718285E0,9.684545517E0,9.760677243E0
3.068927763E0,-6.512228847E-1,1.019929886E0,9.696516991E0,9.771734235E0
3.070931200E0,-6.440402865E-1,1.022324085E0,9.718064308E0,9.792890703E0
3.072934638E0,-6.344634295E-1,1.036689281E0,9.737217903E0,9.812781512E0
3.074938388E0,-6.248866320E-1,1.034295082E0,9.753977776E0,9.828546793E0
3.076943231E0,-6.033388376E-1,1.029506683E0,9.785101891E0,9.857592037E0
3.078948192E0,-5.913678408E-1,1.027112484E0,9.806650162E0,9.878009079E0
3.080952763E0,-5.770025849E-1,1.039083481E0,9.799467087E0,9.871280649E0
3.082957880E0,-5.602431893E-1,1.031900883E0,9.806650162E0,9.876693741E0
3.084962606E0,-5.506663918E-1,1.027112484E0,9.804255486E0,9.873278035E0
3.086967724E0,-5.291185975E-1,1.029506683E0,9.797073364E0,9.865216521E0
3.088972528E0,-5.243301988E-1,1.019929886E0,9.797073364E0,9.863966020E0
3.090978075E0,-5.147533417E-1,1.017535686E0,9.799467087E0,9.865591977E0
3.092983544E0,-5.003881454E-1,1.017535686E0,9.801861763E0,9.867231688E0
3.094988934E0,-4.788403511E-1,1.034295082E0,9.809044838E0,9.875040002E0
3.096993778E0,-4.764461517E-1,1.039083481E0,9.818621635E0,9.884939364E0
3.098998934E0,-4.716577232E-1,1.036689281E0,9.825803757E0,9.891592649E0
3.101003270E0,-4.716577232E-1,1.046266198E0,9.828198433E0,9.894979454E0
3.103008114E0,-4.716577232E-1,1.039083481E0,9.842563629E0,9.908492029E0
3.105012138E0,-4.644751251E-1,1.051054597E0,9.847352028E0,9.914171416E0
3.107016552E0,-4.692635238E-1,1.055842996E0,9.854534149E0,9.922038903E0
3.109022020E0,-4.668693244E-1,1.060631394E0,9.854534149E0,9.922436657E0
3.111026708E0,-4.716577232E-1,1.067813993E0,9.844957352E0,9.913923188E0
3.113032020E0,-4.764461517E-1,1.067813993E0,9.842563629E0,9.911775141E0
3.115037450E0,-4.788403511E-1,1.067813993E0,9.832986832E0,9.902380766E0
3.117042411E0,-4.788403511E-1,1.063025594E0,9.823410034E0,9.892355442E0
3.119047958E0,-4.716577232E-1,1.053448796E0,9.811438560E0,9.879096214E0
3.121052606E0,-4.860229492E-1,1.046266198E0,9.799467087E0,9.867139730E0
3.123057177E0,-4.979939461E-1,1.031900883E0,9.794678688E0,9.861467842E0
3.125061474E0,-5.219359994E-1,1.027112484E0,9.780313492E0,9.847939340E0
3.127065575E0,-5.291185975E-1,1.012747288E0,9.787496567E0,9.853969383E0
3.129069130E0,-5.434837937E-1,1.003170490E0,9.794678688E0,9.860905449E0
3.131074442E0,-5.626373887E-1,1.000776291E0,9.789890289E0,9.856980567E0
3.133080106E0,-5.722141862E-1,1.000776291E0,9.785101891E0,9.852776323E0
3.135085224E0,-5.865794420E-1,9.983820915E-1,9.780313492E0,9.848622962E0
3.137090536E0,-6.033388376E-1,9.888052940E-1,9.777919769E0,9.846292128E0
3.139095966E0,-6.153098345E-1,9.935936928E-1,9.756371498E0,9.826119246E0
3.141100341E0,-6.272808313E-1,9.935936928E-1,9.744400978E0,9.814991599E0
3.143105145E0,-6.368576288E-1,1.005564690E0,9.739612579E0,9.812074255E0
3.145109638E0,-6.560112834E-1,9.959878922E-1,9.713275909E0,9.786218451E0
3.147113895E0,-6.655880809E-1,9.959878922E-1,9.703699112E0,9.777360371E0
3.149118895E0,-6.679822803E-1,9.935936928E-1,9.701305389E0,9.774904348E0
3.151123036E0,-6.655880809E-1,9.911994934E-1,9.701305389E0,9.774497951E0
3.153128075E0,-6.607996821E-1,9.888052940E-1,9.713275909E0,9.785812231E0
3.155132645E0,-6.536170840E-1,9.983820915E-1,9.706093788E0,9.779173724E0
3.157137411E0,-6.560112834E-1,1.010353088E0,9.720458984E0,9.794819398E0
3.159141434E0,-6.536170840E-1,1.010353088E0,9.732429504E0,9.806539283E0
3.161144716E0,-6.488286853E-1,1.005564690E0,9.730035782E0,9.803353269E0
3.163148349E0,-6.416460276E-1,1.015141487E0,9.739612579E0,9.813372257E0
3.165151669E0,-6.344634295E-1,1.017535686E0,9.744400978E0,9.817905741E0
3.167154989E0,-6.320692301E-1,1.012747288E0,9.734824181E0,9.807750527E0
3.169158856E0,-6.296750307E-1,1.015141487E0,9.722852707E0,9.795961803E0
3.171162059E0,-6.296750307E-1,1.024718285E0,9.718064308E0,9.792206703E0
3.173165770E0,-6.248866320E-1,1.031900883E0,9.727641106E0,9.802158141E0
3.175170263E0,-6.129156351E-1,1.031900883E0,9.732429504E0,9.806154652E0
3.177174013E0,-6.033388376E-1,1.024718285E0,9.703699112E0,9.776289775E0
3.179177606E0,-5.985504389E-1,1.024718285E0,9.715670586E0,9.787878479E0
3.181180966E0,-5.913678408E-1,1.027112484E0,9.718064308E0,9.790068941E0
3.183183778E0,-5.817909837E-1,1.031900883E0,9.703699112E0,9.775739186E0
3.185188817E0,-5.674257874E-1,1.029506683E0,9.701305389E0,9.772265975E0
3.187193466E0,-5.578489900E-1,1.024718285E0,9.691728592E0,9.761703036E0
3.189198778E0,-5.482721925E-1,1.029506683E0,9.701305389E0,9.771172533E0
3.191202724E0,-5.410895944E-1,1.029506683E0,9.694122314E0,9.763640172E0
3.193206981E0,-5.243301988E-1,1.029506683E0,9.677363396E0,9.746084776E0
3.195211122E0,-5.171475410E-1,1.029506683E0,9.677363396E0,9.745700995E0
3.197215028E0,-5.027823448E-1,1.019929886E0,9.677363396E0,9.743942187E0
3.199219169E0,-5.003881454E-1,1.024718285E0,9.674968719E0,9.741943111E0
3.201223231E0,-4.979939461E-1,1.027112484E0,9.672574997E0,9.739695329E0
3.203227489E0,-5.003881454E-1,1.027112484E0,9.662998199E0,9.730307423E0
3.205230536E0,-5.075707436E-1,1.034295082E0,9.665391922E0,9.733817102E0
3.207234599E0,-5.051765442E-1,1.036689281E0,9.658209801E0,9.726815746E0
3.209238934E0,-5.123591423E-1,1.046266198E0,9.672574997E0,9.742478736E0
3.211243661E0,-5.195417404E-1,1.051054597E0,9.674968719E0,9.745750823E0
3.213248544E0,-5.171475410E-1,1.053448796E0,9.679757118E0,9.750635559E0
3.215253231E0,-5.147533417E-1,1.053448796E0,9.686940193E0,9.757639862E0
3.217257528E0,-5.243301988E-1,1.043871999E0,9.696516991E0,9.766628520E0
3.219262684E0,-5.315127969E-1,1.046266198E0,9.701305389E0,9.772026661E0
3.221267841E0,-5.219359994E-1,1.058237195E0,9.713275909E0,9.784682521E0
3.223272294E0,-5.147533417E-1,1.051054597E0,9.691728592E0,9.762135518E0
3.225276474E0,-4.979939461E-1,1.046266198E0,9.689333916E0,9.758373976E0
3.227281200E0,-4.812345505E-1,1.034295082E0,9.706093788E0,9.772901802E0
3.229284911E0,-4.644751251E-1,1.048660398E0,9.722852707E0,9.790265090E0
3.231290614E0,-4.620809257E-1,1.048660398E0,9.730035782E0,9.797285529E0
3.233295145E0,-4.644751251E-1,1.053448796E0,9.730035782E0,9.797912422E0
3.235299950E0,-4.692635238E-1,1.067813993E0,9.742006302E0,9.811581002E0
3.237304364E0,-4.644751251E-1,1.072602391E0,9.742006302E0,9.811875449E0
3.239308349E0,-4.788403511E-1,1.077390790E0,9.742006302E0,9.813090532E0
3.241313075E0,-4.836287498E-1,1.079784989E0,9.730035782E0,9.801705398E0
3.243316864E0,-4.884171486E-1,1.077390790E0,9.715670586E0,9.787419331E0
3.245321122E0,-5.003881454E-1,1.072602391E0,9.722852707E0,9.794627555E0
3.247325809E0,-5.027823448E-1,1.067813993E0,9.722852707E0,9.794226951E0
3.249330380E0,-5.027823448E-1,1.072602391E0,9.718064308E0,9.789996929E0
3.251334442E0,-5.123591423E-1,1.065419793E0,9.725247383E0,9.796839689E0
3.253339247E0,-5.147533417E-1,1.046266198E0,9.732429504E0,9.802031831E0
3.255343817E0,-5.243301988E-1,1.051054597E0,9.734824181E0,9.805429096E0
3.257347997E0,-5.315127969E-1,1.046266198E0,9.727641106E0,9.798172293E0
3.259352802E0,-5.458779931E-1,1.036689281E0,9.727641106E0,9.797944118E0
3.261356708E0,-5.578489900E-1,1.022324085E0,9.715670586E0,9.785223399E0
3.263360692E0,-5.650315881E-1,1.015141487E0,9.715670586E0,9.784887729E0
3.265365224E0,-5.841852427E-1,1.000776291E0,9.720458984E0,9.789287433E0
3.267370302E0,-5.937620401E-1,9.911994934E-1,9.698910713E0,9.767491941E0
3.269375575E0,-6.177040339E-1,9.959878922E-1,9.694122314E0,9.764709806E0
3.271381239E0,-6.248866320E-1,9.983820915E-1,9.674968719E0,9.746397787E0
3.273384872E0,-6.344634295E-1,9.864110947E-1,9.667786598E0,9.738667691E0
3.275389169E0,-6.464344859E-1,9.864110947E-1,9.660603523E0,9.732324739E0
3.277393349E0,-6.536170840E-1,9.816226959E-1,9.641449928E0,9.713308145E0
3.279398427E0,-6.536170840E-1,9.864110947E-1,9.631873131E0,9.704287823E0
3.281402841E0,-6.464344859E-1,9.792284966E-1,9.634267807E0,9.705456309E0
3.283406825E0,-6.368576288E-1,9.744400978E-1,9.634267807E0,9.704341159E0
3.285411356E0,-6.344634295E-1,9.744400978E-1,9.629479408E0,9.699430448E0
3.287415653E0,-6.272808313E-1,9.720458984E-1,9.627084732E0,9.696345441E0
3.289420966E0,-6.200982332E-1,9.864110947E-1,9.624691010E0,9.694957746E0
3.291424872E0,-6.153098345E-1,9.911994934E-1,9.617507935E0,9.688010193E0
3.293429520E0,-6.009446383E-1,9.911994934E-1,9.622296333E0,9.691862443E0
3.295433114E0,-5.961562395E-1,9.935936928E-1,9.612719536E0,9.682303835E0
3.297437177E0,-5.913678408E-1,1.003170490E0,9.615114212E0,9.685374968E0
3.299441200E0,-5.865794420E-1,1.010353088E0,9.612719536E0,9.683453190E0
3.301445184E0,-5.698199868E-1,1.015141487E0,9.610325813E0,9.680576909E0
3.303449091E0,-5.770025849E-1,1.034295082E0,9.612719536E0,9.685405266E0
3.305452958E0,-5.722141862E-1,1.031900883E0,9.622296333E0,9.694371317E0
3.307456474E0,-5.770025849E-1,1.048660398E0,9.615114212E0,9.689326185E0
3.309460145E0,-5.650315881E-1,1.063025594E0,9.636661530E0,9.711566791E0
3.311464091E0,-5.530605912E-1,1.067813993E0,9.639056206E0,9.713779248E0
3.313468075E0,-5.530605912E-1,1.058237195E0,9.629479408E0,9.703227074E0
3.315473153E0,-5.458779931E-1,1.060631394E0,9.629479408E0,9.703081748E0
3.317477216E0,-5.315127969E-1,1.060631394E0,9.634267807E0,9.707036674E0
3.319481513E0,-5.243301988E-1,1.074996591E0,9.639056206E0,9.712978141E0
3.321486200E0,-5.147533417E-1,1.072602391E0,9.627084732E0,9.700319960E0
3.323491200E0,-5.003881454E-1,1.072602391E0,9.622296333E0,9.694815672E0
3.325495614E0,-4.860229492E-1,1.082179189E0,9.624691010E0,9.697525825E0
3.327499130E0,-4.764461517E-1,1.067813993E0,9.619902611E0,9.690704510E0
3.329503036E0,-4.692635238E-1,1.065419793E0,9.617507935E0,9.687713170E0
3.331506122E0,-4.525041282E-1,1.060631394E0,9.629479408E0,9.698276786E0
3.333509208E0,-4.405331016E-1,1.041477680E0,9.627084732E0,9.693271151E0
3.335512997E0,-4.357447028E-1,1.039083481E0,9.634267807E0,9.699932170E0
3.337516630E0,-4.285621047E-1,1.036689281E0,9.639056206E0,9.704112256E0
3.339519833E0,-4.333505034E-1,1.031900883E0,9.658209801E0,9.722840565E0
3.341523505E0,-4.525041282E-1,1.034295082E0,9.662998199E0,9.728723478E0
3.343526630E0,-4.644751251E-1,1.022324085E0,9.672574997E0,9.737535147E0
3.345528895E0,-4.716577232E-1,1.024718285E0,9.677363396E0,9.742888220E0
3.347532059E0,-4.884171486E-1,1.036689281E0,9.689333916E0,9.756867720E0
3.349535849E0,-5.099649429E-1,1.055842996E0,9.694122314E0,9.764777321E0
3.351538700E0,-5.267243981E-1,1.055842996E0,9.708487511E0,9.779927033E0
3.353541669E0,-5.363011956E-1,1.060631394E0,9.706093788E0,9.778589599E0
3.355543466E0,-5.554547906E-1,1.065419793E0,9.710882187E0,9.784931385E0
3.357546044E0,-5.626373887E-1,1.060631394E0,9.713275909E0,9.787197182E0
3.359548075E0,-5.746083856E-1,1.058237195E0,9.703699112E0,9.778129535E0
3.361551591E0,-5.746083856E-1,1.058237195E0,9.701305389E0,9.775754038E0
3.363554638E0,-5.746083856E-1,1.058237195E0,9.689333916E0,9.763873846E0
3.365557958E0,-5.674257874E-1,1.046266198E0,9.694122314E0,9.766916219E0
3.367561552E0,-5.650315881E-1,1.029506683E0,9.698910713E0,9.769749932E0
3.369565341E0,-5.626373887E-1,1.031900883E0,9.701305389E0,9.772241632E0
3.371568856E0,-5.626373887E-1,1.027112484E0,9.701305389E0,9.771737161E0
3.373571942E0,-5.506663918E-1,1.015141487E0,9.696516991E0,9.765049281E0
3.375574716E0,-5.506663918E-1,1.012747288E0,9.703699112E0,9.771932613E0
3.377577450E0,-5.554547906E-1,1.012747288E0,9.710882187E0,9.779336375E0
3.379581161E0,-5.482721925E-1,1.010353088E0,9.715670586E0,9.783438592E0
3.381584286E0,-5.482721925E-1,1.005564690E0,9.710882187E0,9.778189791E0
3.383587802E0,-5.243301988E-1,1.003170490E0,9.698910713E0,9.764739741E0
3.385591161E0,-5.099649429E-1,9.983820915E-1,9.694122314E0,9.758731398E0
3.387594013E0,-5.003881454E-1,9.864110947E-1,9.691728592E0,9.754639832E0
3.389597645E0,-4.836287498E-1,9.720458984E-1,9.686940193E0,9.747593565E0
3.391601942E0,-4.716577232E-1,9.672574997E-1,9.662998199E0,9.722735329E0
3.393605458E0,-4.644751251E-1,9.648633003E-1,9.643844604E0,9.703114814E0
3.395608427E0,-4.548983276E-1,9.600749016E-1,9.643844604E0,9.702186097E0
3.397612763E0,-4.477157295E-1,9.624691010E-1,9.634267807E0,9.692569954E0
3.399616669E0,-4.357447028E-1,9.600749016E-1,9.639056206E0,9.696546901E0
3.401621200E0,-4.381389022E-1,9.768342972E-1,9.655815125E0,9.714985160E0
3.403625888E0,-4.405331016E-1,9.744400978E-1,9.667786598E0,9.726751802E0
3.405629013E0,-4.596867263E-1,9.959878922E-1,9.655815125E0,9.717925164E0
3.407632841E0,-4.764461517E-1,1.003170490E0,9.646238327E0,9.709957046E0
3.409637763E0,-4.740519226E-1,1.010353088E0,9.631873131E0,9.696314691E0
3.411641044E0,-4.836287498E-1,1.012747288E0,9.641449928E0,9.706549879E0
3.413644247E0,-4.860229492E-1,1.015141487E0,9.636661530E0,9.702163469E0
3.415648192E0,-4.884171486E-1,1.024718285E0,9.629479408E0,9.696157618E0
3.417652020E0,-5.003881454E-1,1.024718285E0,9.631873131E0,9.699145110E0
3.419655536E0,-5.147533417E-1,1.022324085E0,9.624691010E0,9.692512294E0
3.421658583E0,-5.219359994E-1,1.007958889E0,9.627084732E0,9.693769068E0
3.423661552E0,-5.339069963E-1,1.003170490E0,9.634267807E0,9.701057875E0
3.425664286E0,-5.363011956E-1,1.005564690E0,9.622296333E0,9.689549321E0
3.427667645E0,-5.506663918E-1,1.007958889E0,9.619902611E0,9.688226919E0
3.429670575E0,-5.650315881E-1,1.010353088E0,9.627084732E0,9.696434112E0
3.431673700E0,-5.650315881E-1,1.012747288E0,9.643844604E0,9.713323660E0
3.433676591E0,-5.817909837E-1,1.015141487E0,9.662998199E0,9.733577307E0
3.435680341E0,-5.985504389E-1,1.019929886E0,9.665391922E0,9.737469928E0
3.437683309E0,-6.105214357E-1,1.031900883E0,9.684545517E0,9.758482347E0
3.439686005E0,-6.129156351E-1,1.024718285E0,9.701305389E0,9.774509676E0
3.441688505E0,-6.153098345E-1,1.024718285E0,9.703699112E0,9.777035860E0
3.443692411E0,-6.296750307E-1,1.034295082E0,9.694122314E0,9.769455686E0
3.445695653E0,-6.272808313E-1,1.029506683E0,9.701305389E0,9.775924075E0
3.447698505E0,-6.224924326E-1,1.034295082E0,9.686940193E0,9.761868338E0
3.449701239E0,-6.153098345E-1,1.034295082E0,9.677363396E0,9.751909290E0
3.451705067E0,-6.033388376E-1,1.015141487E0,9.677363396E0,9.749148285E0
3.453708544E0,-5.770025849E-1,1.010353088E0,9.672574997E0,9.742302213E0
3.455712020E0,-5.626373887E-1,9.911994934E-1,9.653421402E0,9.720472315E0
3.457715497E0,-5.554547906E-1,9.768342972E-1,9.653421402E0,9.718604840E0
3.459719364E0,-5.434837937E-1,9.600749016E-1,9.662998199E0,9.725772599E0
3.461723231E0,-5.339069963E-1,9.481038451E-1,9.662998199E0,9.724067656E0
3.463725497E0,-5.171475410E-1,9.433154464E-1,9.667786598E0,9.727455131E0
3.465728192E0,-5.195417404E-1,9.409212470E-1,9.665391922E0,9.724970818E0
3.467731161E0,-5.243301988E-1,9.481038451E-1,9.686940193E0,9.747339810E0
3.469734325E0,-5.363011956E-1,9.600749016E-1,9.691728592E0,9.753920539E0
3.471736630E0,-5.482721925E-1,9.648633003E-1,9.720458984E0,9.783602938E0
3.473738974E0,-5.554547906E-1,9.720458984E-1,9.715670586E0,9.779962075E0
3.475741981E0,-5.698199868E-1,9.768342972E-1,9.706093788E0,9.771753000E0
3.477744950E0,-5.865794420E-1,9.888052940E-1,9.706093788E0,9.773948433E0
3.479748153E0,-5.961562395E-1,1.003170490E0,9.701305389E0,9.771237360E0
3.481751161E0,-6.248866320E-1,1.017535686E0,9.706093788E0,9.779269850E0
3.483754481E0,-6.416460276E-1,1.024718285E0,9.718064308E0,9.792983768E0
3.485757372E0,-6.464344859E-1,1.027112484E0,9.710882187E0,9.786422760E0
3.487760497E0,-6.488286853E-1,1.039083481E0,9.730035782E0,9.806848090E0
3.489762919E0,-6.512228847E-1,1.041477680E0,9.734824181E0,9.812011457E0
3.491765184E0,-6.416460276E-1,1.048660398E0,9.742006302E0,9.819271105E0
3.493768075E0,-6.320692301E-1,1.053448796E0,9.742006302E0,9.819162524E0
3.495771513E0,-6.105214357E-1,1.060631394E0,9.742006302E0,9.818572308E0
3.497775106E0,-5.985504389E-1,1.046266198E0,9.732429504E0,9.806789467E0
3.499779091E0,-5.722141862E-1,1.031900883E0,9.727641106E0,9.798941269E0
3.501782997E0,-5.363011956E-1,1.031900883E0,9.720458984E0,9.789778408E0
3.503785731E0,-5.075707436E-1,1.019929886E0,9.715670586E0,9.782235939E0
3.505788739E0,-4.908113480E-1,1.017535686E0,9.710882187E0,9.776374967E0
3.507792255E0,-4.525041282E-1,1.005564690E0,9.710882187E0,9.773287736E0
3.509795770E0,-4.357447028E-1,1.007958889E0,9.710882187E0,9.772772760E0
3.511799286E0,-4.118026793E-1,1.012747288E0,9.706093788E0,9.767471277E0
3.513802059E0,-4.022258818E-1,1.007958889E0,9.703699112E0,9.764197009E0
3.515805341E0,-3.854664862E-1,1.019929886E0,9.696516991E0,9.757626921E0
3.517808036E0,-3.830722570E-1,1.017535686E0,9.686940193E0,9.747765566E0
3.519811513E0,-3.878606856E-1,1.019929886E0,9.667786598E0,9.729172143E0
3.521815184E0,-3.878606856E-1,1.022324085E0,9.667786598E0,9.729423424E0
3.523819559E0,-3.998316824E-1,1.029506683E0,9.665391922E0,9.728286097E0
3.525822880E0,-4.022258818E-1,1.029506683E0,9.639056206E0,9.702220066E0
3.527825888E0,-4.070142806E-1,1.019929886E0,9.619902611E0,9.682378005E0
3.529829013E0,-4.189853072E-1,1.017535686E0,9.603142738E0,9.665985620E0
3.531831864E0,-4.285621047E-1,1.029506683E0,9.583989143E0,9.648647438E0
3.533834872E0,-4.453215301E-1,1.024718285E0,9.572018623E0,9.637006763E0
3.535837489E0,-4.596867263E-1,1.022324085E0,9.569623947E0,9.635048568E0
3.537840614E0,-4.716577232E-1,1.024718285E0,9.572018623E0,9.638259651E0
3.539843895E0,-4.955997467E-1,1.034295082E0,9.579200745E0,9.647614852E0
3.541847099E0,-5.219359994E-1,1.041477680E0,9.586383820E0,9.656906735E0
3.543850653E0,-5.602431893E-1,1.055842996E0,9.583989143E0,9.658236110E0
3.545854325E0,-5.746083856E-1,1.067813993E0,9.586383820E0,9.662771665E0
3.547858075E0,-6.033388376E-1,1.072602391E0,9.603142738E0,9.681675686E0
3.549861395E0,-6.248866320E-1,1.079784989E0,9.598354340E0,9.679092155E0
3.551865380E0,-6.177040339E-1,1.077390790E0,9.595960617E0,9.675990355E0
3.553869716E0,-6.296750307E-1,1.079784989E0,9.586383820E0,9.667532312E0
3.555873661E0,-6.344634295E-1,1.082179189E0,9.579200745E0,9.660990764E0
3.557877567E0,-6.488286853E-1,1.082179189E0,9.586383820E0,9.669066408E0
3.559881786E0,-6.464344859E-1,1.082179189E0,9.605537415E0,9.687896488E0
3.561886161E0,-6.368576288E-1,1.070208192E0,9.619902611E0,9.700178321E0
3.563890458E0,-6.296750307E-1,1.058237195E0,9.629479408E0,9.707895255E0
3.565895184E0,-6.296750307E-1,1.051054597E0,9.639056206E0,9.716615200E0
3.567899403E0,-6.200982332E-1,1.055842996E0,9.641449928E0,9.718893094E0
3.569902763E0,-5.985504389E-1,1.048660398E0,9.643844604E0,9.719140395E0
3.571906513E0,-5.913678408E-1,1.046266198E0,9.643844604E0,9.718442655E0
3.573910106E0,-5.770025849E-1,1.046266198E0,9.655815125E0,9.729458909E0
3.575914520E0,-5.650315881E-1,1.046266198E0,9.665391922E0,9.738261378E0
3.577917177E0,-5.530605912E-1,1.043871999E0,9.667786598E0,9.739694167E0
3.579920809E0,-5.386953950E-1,1.027112484E0,9.670180321E0,9.739483570E0
3.581925224E0,-5.339069963E-1,1.031900883E0,9.674968719E0,9.744480275E0
3.583928778E0,-5.243301988E-1,1.022324085E0,9.679757118E0,9.747705708E0
3.585933505E0,-5.195417404E-1,1.024718285E0,9.684545517E0,9.752455745E0
3.587938349E0,-5.099649429E-1,1.022324085E0,9.679757118E0,9.746943554E0
3.589943075E0,-5.123591423E-1,1.027112484E0,9.682151794E0,9.749950529E0
3.591948153E0,-5.219359994E-1,1.029506683E0,9.701305389E0,9.769730163E0
3.593952724E0,-5.171475410E-1,1.034295082E0,9.694122314E0,9.762848731E0
3.595957333E0,-5.195417404E-1,1.036689281E0,9.713275909E0,9.782248064E0
3.597962645E0,-5.243301988E-1,1.043871999E0,9.737217903E0,9.807038462E0
3.599967958E0,-5.339069963E-1,1.055842996E0,9.749189377E0,9.820720677E0
3.601973153E0,-5.339069963E-1,1.063025594E0,9.780313492E0,9.852391187E0
3.603976864E0,-5.315127969E-1,1.070208192E0,9.782708168E0,9.855416304E0
3.605981200E0,-5.458779931E-1,1.079784989E0,9.794678688E0,9.869126051E0
3.607986669E0,-5.386953950E-1,1.091755986E0,9.811438560E0,9.886680458E0
3.609990536E0,-5.410895944E-1,1.101332784E0,9.818621635E0,9.895000893E0
3.611994520E0,-5.291185975E-1,1.106121182E0,9.813833237E0,9.890136165E0
3.613997841E0,-5.291185975E-1,1.115697980E0,9.811438560E0,9.888835882E0
3.616001981E0,-5.195417404E-1,1.108515382E0,9.804255486E0,9.880392482E0
3.618006161E0,-5.099649429E-1,1.110909581E0,9.806650162E0,9.882538729E0
3.620009481E0,-5.027823448E-1,1.113303781E0,9.823410034E0,9.899071678E0
3.622012802E0,-5.051765442E-1,1.113303781E0,9.813833237E0,9.889690159E0
3.624017216E0,-5.027823448E-1,1.115697980E0,9.816226959E0,9.892213290E0
3.626020888E0,-4.884171486E-1,1.118092179E0,9.813833237E0,9.889388466E0
3.628024716E0,-4.764461517E-1,1.122880578E0,9.832986832E0,9.908354644E0
3.630028036E0,-4.716577232E-1,1.108515382E0,9.842563629E0,9.916013622E0
3.632031630E0,-4.740519226E-1,1.098938584E0,9.844957352E0,9.917438001E0
3.634036044E0,-4.644751251E-1,1.096544385E0,9.847352028E0,9.919097171E0
3.636040224E0,-4.692635238E-1,1.096544385E0,9.847352028E0,9.919322548E0
3.638044208E0,-4.716577232E-1,1.091755986E0,9.835380554E0,9.907022902E0
3.640048388E0,-4.692635238E-1,1.084573388E0,9.821015358E0,9.891857781E0
3.642052919E0,-4.668693244E-1,1.082179189E0,9.835380554E0,9.905745273E0
3.644057255E0,-4.620809257E-1,1.077390790E0,9.832986832E0,9.902621861E0
3.646061552E0,-4.692635238E-1,1.072602391E0,9.821015358E0,9.890552401E0
3.648065653E0,-4.668693244E-1,1.067813993E0,9.804255486E0,9.873278043E0
3.650070263E0,-4.572925270E-1,1.053448796E0,9.804255486E0,9.871286464E0
3.652074716E0,-4.525041282E-1,1.051054597E0,9.794678688E0,9.861298411E0
3.654079950E0,-4.644751251E-1,1.039083481E0,9.782708168E0,9.848695889E0
3.656084442E0,-4.620809257E-1,1.043871999E0,9.770736694E0,9.837198945E0
3.658088661E0,-4.668693244E-1,1.034295082E0,9.756371498E0,9.822144272E0
3.660092684E0,-4.740519226E-1,1.027112484E0,9.727641106E0,9.793195942E0
3.662097489E0,-4.812345505E-1,1.019929886E0,9.720458984E0,9.785661272E0
3.664101005E0,-4.812345505E-1,1.005564690E0,9.698910713E0,9.762766824E0
3.666104403E0,-4.979939461E-1,1.000776291E0,9.684545517E0,9.748844702E0
3.668108622E0,-5.051765442E-1,9.983820915E-1,9.677363396E0,9.741834141E0
3.670112294E0,-5.243301988E-1,9.911994934E-1,9.665391922E0,9.730220943E0
3.672116200E0,-5.482721925E-1,9.911994934E-1,9.667786598E0,9.733918869E0
3.674120341E0,-5.626373887E-1,9.911994934E-1,9.655815125E0,9.722849530E0
3.676124325E0,-5.817909837E-1,9.864110947E-1,9.639056206E0,9.706847693E0
3.678127411E0,-6.009446383E-1,9.792284966E-1,9.646238327E0,9.714419013E0
3.680131474E0,-6.057330370E-1,9.696516991E-1,9.636661530E0,9.704245585E0
3.682135809E0,-6.320692301E-1,9.768342972E-1,9.622296333E0,9.692383787E0
3.684140145E0,-6.488286853E-1,9.696516991E-1,9.619902611E0,9.690393662E0
3.686144091E0,-6.607996821E-1,9.672574997E-1,9.624691010E0,9.695716596E0
3.688148427E0,-6.799532771E-1,9.720458984E-1,9.619902611E0,9.692767197E0
3.690152333E0,-7.062895298E-1,9.744400978E-1,9.617507935E0,9.692514497E0
3.692156083E0,-7.110779285E-1,9.696516991E-1,9.612719536E0,9.687632998E0
3.694159833E0,-7.134721279E-1,9.648633003E-1,9.615114212E0,9.689707167E0
3.696164130E0,-7.326257229E-1,9.792284966E-1,9.622296333E0,9.699701832E0
3.698168505E0,-7.374141216E-1,9.792284966E-1,9.619902611E0,9.697690152E0
3.700172567E0,-7.374141216E-1,9.840168953E-1,9.627084732E0,9.705299031E0
3.702176630E0,-7.398083210E-1,9.840168953E-1,9.634267807E0,9.712606333E0
3.704180770E0,-7.398083210E-1,9.792284966E-1,9.653421402E0,9.731122729E0
3.706184911E0,-7.326257229E-1,9.840168953E-1,9.665391922E0,9.742937478E0
3.708189325E0,-7.422025204E-1,9.888052940E-1,9.670180321E0,9.748896754E0
3.710193388E0,-7.326257229E-1,9.888052940E-1,9.674968719E0,9.752922438E0
3.712197684E0,-7.302315235E-1,9.983820915E-1,9.696516991E0,9.775093177E0
3.714201747E0,-7.302315235E-1,1.000776291E0,9.701305389E0,9.780087807E0
3.716205497E0,-7.206547260E-1,1.007958889E0,9.715670586E0,9.794364670E0
3.718208231E0,-7.086837292E-1,1.007958889E0,9.715670586E0,9.793491138E0
3.720210770E0,-6.919242740E-1,1.003170490E0,9.730035782E0,9.806054586E0
3.722213700E0,-6.751648784E-1,1.003170490E0,9.749189377E0,9.823893940E0
3.724217138E0,-6.584054828E-1,1.007958889E0,9.751583099E0,9.825622212E0
3.726220614E0,-6.464344859E-1,1.000776291E0,9.770736694E0,9.843105520E0
3.728224677E0,-6.320692301E-1,1.003170490E0,9.787496567E0,9.859054295E0
3.730229091E0,-6.224924326E-1,1.005564690E0,9.792284966E0,9.863442706E0
3.732233388E0,-6.177040339E-1,1.007958889E0,9.797073364E0,9.868139941E0
3.734238505E0,-6.200982332E-1,1.012747288E0,9.804255486E0,9.875910313E0
3.736243622E0,-6.177040339E-1,1.019929886E0,9.809044838E0,9.881253760E0
3.738248075E0,-6.177040339E-1,1.024718285E0,9.830592155E0,9.903138289E0
3.740252684E0,-6.224924326E-1,1.029506683E0,9.840168953E0,9.913440667E0
3.742258466E0,-6.224924326E-1,1.043871999E0,9.837775230E0,9.912567128E0
3.744264325E0,-6.296750307E-1,1.055842996E0,9.844957352E0,9.921415238E0
3.746269442E0,-6.296750307E-1,1.072602391E0,9.835380554E0,9.913711574E0
3.748274481E0,-6.368576288E-1,1.086967587E0,9.837775230E0,9.918110085E0
3.750278349E0,-6.416460276E-1,1.089361787E0,9.835380554E0,9.916306236E0
3.752282177E0,-6.440402865E-1,1.089361787E0,9.821015358E0,9.902213876E0
3.754285653E0,-6.416460276E-1,1.094150186E0,9.809044838E0,9.890714579E0
3.756288739E0,-6.512228847E-1,1.096544385E0,9.813833237E0,9.896354057E0
3.758292841E0,-6.536170840E-1,1.103726983E0,9.809044838E0,9.892562316E0
3.760297099E0,-6.655880809E-1,1.115697980E0,9.806650162E0,9.892329193E0
3.762301122E0,-6.631938815E-1,1.115697980E0,9.821015358E0,9.906409580E0
3.764305966E0,-6.655880809E-1,1.120486379E0,9.821015358E0,9.907110572E0
3.766309520E0,-6.655880809E-1,1.132457376E0,9.821015358E0,9.908471621E0
3.768313895E0,-6.631938815E-1,1.139639974E0,9.818621635E0,9.906762146E0
3.770317099E0,-6.536170840E-1,1.142034173E0,9.804255486E0,9.892162704E0
3.772320302E0,-6.320692301E-1,1.149216771E0,9.804255486E0,9.891594226E0
3.774322567E0,-6.224924326E-1,1.156399369E0,9.787496567E0,9.875213688E0
3.776325263E0,-6.129156351E-1,1.146822572E0,9.792284966E0,9.878244400E0
3.778328309E0,-5.865794420E-1,1.137245774E0,9.768342972E0,9.851798202E0
3.780332177E0,-5.698199868E-1,1.125274777E0,9.739612579E0,9.820946560E0
3.782336942E0,-5.554547906E-1,1.125274777E0,9.725247383E0,9.805876300E0
3.784341200E0,-5.339069963E-1,1.122880578E0,9.691728592E0,9.771157586E0
3.786344794E0,-5.291185975E-1,1.108515382E0,9.667786598E0,9.745505146E0
3.788348153E0,-5.195417404E-1,1.118092179E0,9.634267807E0,9.712835318E0
3.790351591E0,-5.051765442E-1,1.113303781E0,9.607931137E0,9.685400838E0
3.792355106E0,-5.051765442E-1,1.106121182E0,9.581595421E0,9.658451129E0
3.794358856E0,-5.051765442E-1,1.098938584E0,9.557653427E0,9.633878159E0
3.796363075E0,-5.051765442E-1,1.094150186E0,9.512163162E0,9.588201917E0
3.798367919E0,-5.027823448E-1,1.094150186E0,9.509769440E0,9.585701305E0
3.800373192E0,-5.099649429E-1,1.096544385E0,9.497797966E0,9.574478578E0
3.802378661E0,-5.171475410E-1,1.108515382E0,9.471462250E0,9.550122778E0
3.804382841E0,-5.075707436E-1,1.110909581E0,9.442731857E0,9.521393442E0
3.806385888E0,-4.908113480E-1,1.115697980E0,9.423578262E0,9.502078985E0
3.808389481E0,-4.836287498E-1,1.122880578E0,9.390059471E0,9.469317527E0
3.810393349E0,-4.716577232E-1,1.110909581E0,9.334992409E0,9.412686353E0
3.812396044E0,-4.668693244E-1,1.108515382E0,9.296685219E0,9.374173530E0
3.814398895E0,-4.596867263E-1,1.103726983E0,9.277531624E0,9.354256687E0
3.816402528E0,-4.692635238E-1,1.096544385E0,9.253589630E0,9.330141418E0
3.818405224E0,-4.812345505E-1,1.096544385E0,9.224859238E0,9.302259093E0
3.820408309E0,-4.932055473E-1,1.086967587E0,9.198522568E0,9.275643788E0
3.822412450E0,-5.003881454E-1,1.084573388E0,9.172186852E0,9.249632391E0
3.824414716E0,-5.147533417E-1,1.084573388E0,9.172186852E0,9.250420643E0
3.826418466E0,-5.219359994E-1,1.082179189E0,9.181763649E0,9.260038482E0
3.828421864E0,-5.243301988E-1,1.079784989E0,9.200917244E0,9.278886566E0
3.830425302E0,-5.195417404E-1,1.079784989E0,9.208099365E0,9.285739236E0
3.832428505E0,-5.147533417E-1,1.098938584E0,9.227252960E0,9.306709096E0
3.834431552E0,-5.171475410E-1,1.115697980E0,9.244012833E0,9.325448880E0
3.836433661E0,-5.147533417E-1,1.130063176E0,9.275136948E0,9.357893950E0
3.838437333E0,-5.123591423E-1,1.149216771E0,9.296685219E0,9.381448030E0
3.840440145E0,-5.147533417E-1,1.163581967E0,9.308655739E0,9.395209719E0
3.842442684E0,-5.243301988E-1,1.173158884E0,9.327810287E0,9.415905091E0
3.844444716E0,-5.339069963E-1,1.180341482E0,9.330204010E0,9.419711756E0
3.846447763E0,-5.386953950E-1,1.175553083E0,9.330204010E0,9.419385577E0
3.848450263E0,-5.434837937E-1,1.165976286E0,9.323021889E0,9.411355507E0
3.850453309E0,-5.578489900E-1,1.151610970E0,9.334992409E0,9.422286697E0
3.852456786E0,-5.602431893E-1,1.137245774E0,9.342175484E0,9.427801608E0
3.854459520E0,-5.674257874E-1,1.115697980E0,9.344569206E0,9.428028832E0
3.856462333E0,-5.698199868E-1,1.086967587E0,9.361329079E0,9.441433973E0
3.858465692E0,-5.746083856E-1,1.048660398E0,9.363722801E0,9.439765258E0
3.860468895E0,-5.722141862E-1,1.003170490E0,9.397241592E0,9.467942208E0
3.862472333E0,-5.698199868E-1,9.888052940E-1,9.406818390E0,9.475793526E0
3.864475419E0,-5.793967843E-1,9.576807022E-1,9.425971985E0,9.492196838E0
3.866478466E0,-5.722141862E-1,9.241618514E-1,9.466673851E0,9.528872861E0
3.868480614E0,-5.722141862E-1,8.930372596E-1,9.500192642E0,9.559215703E0
3.870482997E0,-5.650315881E-1,8.643068075E-1,9.536105156E0,9.591850108E0
3.872485888E0,-5.793967843E-1,8.451532125E-1,9.595960617E0,9.650515258E0
3.874488856E0,-5.841852427E-1,8.331822157E-1,9.639056206E0,9.692619333E0
3.876492997E0,-6.081272364E-1,8.331822157E-1,9.686940193E0,9.741705274E0
3.878495849E0,-6.536170840E-1,8.164227605E-1,9.706093788E0,9.762275249E0
3.880499286E0,-6.751648784E-1,8.188169599E-1,9.746794701E0,9.804402876E0
3.882502802E0,-7.134721279E-1,8.212111592E-1,9.804255486E0,9.864423748E0
3.884506630E0,-7.422025204E-1,8.236053586E-1,9.842563629E0,9.904809396E0
3.886510575E0,-7.757213712E-1,8.188169599E-1,9.892841339E0,9.956932993E0
3.888513583E0,-8.044517636E-1,8.116343617E-1,9.945513725E0,1.001095082E1
3.890516942E0,-8.259995580E-1,7.996633649E-1,9.986215591E0,1.005217581E1
3.892520770E0,-8.379706144E-1,7.852981687E-1,1.001494598E1,1.008057692E1
3.894524130E0,-8.547300100E-1,7.709329724E-1,1.004367638E1,1.010941819E1
3.896528544E0,-8.571242094E-1,7.613561153E-1,1.006282997E1,1.012792536E1
3.898531474E0,-8.619126081E-1,7.374141216E-1,1.010113716E1,1.016462714E1
3.900535458E0,-8.595184088E-1,7.230489254E-1,1.012029076E1,1.018242882E1
3.902539325E0,-8.499416113E-1,7.062895298E-1,1.012747288E1,1.018758816E1
3.904542372E0,-8.427590132E-1,6.991068721E-1,1.013226128E1,1.019125663E1
3.906545302E0,-8.236053586E-1,6.703764796E-1,1.013944435E1,1.019490373E1
3.908549599E0,-8.092401624E-1,6.464344859E-1,1.012747288E1,1.018029735E1
3.910553270E0,-8.020575643E-1,6.296750307E-1,1.012986755E1,1.018106103E1
3.912557450E0,-7.900865674E-1,6.200982332E-1,1.012029076E1,1.017000706E1
3.914561513E0,-7.589619160E-1,5.937620401E-1,1.010353088E1,1.014937993E1
3.916565653E0,-7.445967197E-1,5.770025849E-1,1.009156036E1,1.013543027E1
3.918570692E0,-7.302315235E-1,5.554547906E-1,1.008437729E1,1.012602752E1
3.920574403E0,-7.062895298E-1,5.315127969E-1,1.006522369E1,1.010396352E1
3.922577372E0,-6.991068721E-1,5.171475410E-1,1.004128170E1,1.007886552E1
3.924580263E0,-6.919242740E-1,5.171475410E-1,1.002452278E1,1.006167271E1
3.926583583E0,-6.943184733E-1,5.123591423E-1,9.988609314E0,1.002581199E1
3.928587724E0,-7.062895298E-1,5.123591423E-1,9.971850395E0,1.000995290E1
3.930591630E0,-7.278373241E-1,5.195417404E-1,9.938331604E0,9.978482142E0
3.932595263E0,-7.422025204E-1,5.434837937E-1,9.919178009E0,9.961743401E0
3.934599052E0,-7.709329724E-1,5.746083856E-1,9.902418137E0,9.948989768E0
3.936603153E0,-7.948749661E-1,5.985504389E-1,9.873687744E0,9.923698832E0
3.938606864E0,-8.259995580E-1,6.296750307E-1,9.844957352E0,9.899593485E0
3.940610731E0,-8.643068075E-1,6.655880809E-1,9.830592155E0,9.890934025E0
3.942613231E0,-8.858546019E-1,7.038952708E-1,9.835380554E0,9.900248359E0
3.944616513E0,-8.978256583E-1,7.206547260E-1,9.837775230E0,9.904910683E0
3.946620145E0,-9.313444495E-1,7.709329724E-1,9.842563629E0,9.916541682E0
3.948622841E0,-9.504981041E-1,8.068459630E-1,9.842563629E0,9.921214938E0
3.950625888E0,-9.696516991E-1,8.451532125E-1,9.856928825E0,9.940500704E0
3.952629559E0,-9.959878922E-1,8.834604025E-1,9.880870819E0,9.970160596E0
3.954632684E0,-1.007958889E0,9.289502501E-1,9.897629738E0,9.992097083E0
3.956636747E0,-1.034295082E0,9.672574997E-1,9.890447617E0,9.991311598E0
3.958640380E0,-1.029506683E0,9.888052940E-1,9.897629738E0,1.000003472E1
3.960642567E0,-1.022324085E0,1.003170490E0,9.897629738E0,1.000072857E1
3.962645614E0,-1.010353088E0,1.022324085E0,9.890447617E0,9.994344098E0
3.964648739E0,-9.840168953E-1,1.022324085E0,9.878476143E0,9.979866066E0
3.966651825E0,-9.385270476E-1,1.010353088E0,9.849745750E0,9.945810059E0
3.968655692E0,-8.786720037E-1,1.003170490E0,9.842563629E0,9.932495875E0
3.970659052E0,-8.188169599E-1,9.816226959E-1,9.823410034E0,9.906231828E0
3.972662059E0,-7.637503147E-1,9.528923035E-1,9.801861763E0,9.877642042E0
3.974665497E0,-7.182605267E-1,9.241618514E-1,9.785101891E0,9.854856281E0
3.976667724E0,-7.015010715E-1,9.074024558E-1,9.777919769E0,9.844957998E0
3.978671317E0,-6.536170840E-1,8.834604025E-1,9.763554573E0,9.825208165E0
3.980674091E0,-6.248866320E-1,8.619126081E-1,9.749189377E0,9.807143833E0
3.982676747E0,-5.961562395E-1,8.667010069E-1,9.732429504E0,9.789114207E0
3.984679833E0,-5.722141862E-1,8.523358107E-1,9.725247383E0,9.779281266E0
3.986683231E0,-5.602431893E-1,8.547300100E-1,9.708487511E0,9.762129151E0
3.988686474E0,-5.554547906E-1,8.547300100E-1,9.677363396E0,9.730902101E0
3.990690106E0,-5.434837937E-1,8.499416113E-1,9.670180321E0,9.722662331E0
3.992693778E0,-5.482721925E-1,8.523358107E-1,9.667786598E0,9.720760075E0
3.994697059E0,-5.626373887E-1,8.786720037E-1,9.658209801E0,9.714403835E0
3.996700809E0,-5.913678408E-1,9.026140571E-1,9.641449928E0,9.701648560E0
3.998703036E0,-6.200982332E-1,9.361328483E-1,9.631873131E0,9.697105060E0
4.000705497E0,-6.584054828E-1,9.672574997E-1,9.641449928E0,9.712190359E0
4.002709052E0,-6.967126727E-1,9.959878922E-1,9.658209801E0,9.734393509E0
4.004712372E0,-7.302315235E-1,1.012747288E0,9.665391922E0,9.745701419E0
4.006715184E0,-7.661445141E-1,1.034295082E0,9.696516991E0,9.781573773E0
4.008717880E0,-7.781155705E-1,1.051054597E0,9.706093788E0,9.793795803E0
4.010719911E0,-7.852981687E-1,1.079784989E0,9.710882187E0,9.802237586E0
4.012723349E0,-7.876923680E-1,1.106121182E0,9.725247383E0,9.819592660E0
4.014725263E0,-7.924807668E-1,1.120486379E0,9.746794701E0,9.842942773E0
4.016727255E0,-7.924807668E-1,1.127668977E0,9.761159897E0,9.857986895E0
4.018728739E0,-7.805097699E-1,1.132457376E0,9.780313492E0,9.876547332E0
4.020730458E0,-7.757213712E-1,1.120486379E0,9.775525093E0,9.870062017E0
4.022732333E0,-7.661445141E-1,1.115697980E0,9.773131371E0,9.866400366E0
4.024735184E0,-7.541735172E-1,1.110909581E0,9.782708168E0,9.874425396E0
4.026738466E0,-7.469909191E-1,1.084573388E0,9.777919769E0,9.866205445E0
4.028742216E0,-7.302315235E-1,1.067813993E0,9.787496567E0,9.872616363E0
4.030745927E0,-7.086837292E-1,1.046266198E0,9.775525093E0,9.856865447E0
4.032749755E0,-6.943184733E-1,1.031900883E0,9.775525093E0,9.854328410E0
4.034754325E0,-6.679822803E-1,1.005564690E0,9.770736694E0,9.845032058E0
4.036758270E0,-6.631938815E-1,9.816226959E-1,9.763554573E0,9.835161775E0
4.038761083E0,-6.488286853E-1,9.600749016E-1,9.751583099E0,9.820188156E0
4.040764325E0,-6.392518282E-1,9.504981041E-1,9.751583099E0,9.818628341E0
4.042767606E0,-6.344634295E-1,9.241618514E-1,9.746794701E0,9.811046117E0
4.044771239E0,-6.200982332E-1,9.002198577E-1,9.722852707E0,9.784108665E0
4.046774169E0,-6.224924326E-1,8.667010069E-1,9.667786598E0,9.726498094E0
4.048777450E0,-6.105214357E-1,8.379706144E-1,9.619902611E0,9.675611475E0
4.050780458E0,-6.081272364E-1,8.212111592E-1,9.588777542E0,9.643073227E0
4.052783466E0,-6.129156351E-1,8.236053586E-1,9.552865028E0,9.607872897E0
4.054786981E0,-6.224924326E-1,8.164227605E-1,9.521739960E0,9.576929300E0
4.056791434E0,-6.344634295E-1,8.212111592E-1,9.512163162E0,9.568603850E0
4.058795614E0,-6.655880809E-1,8.212111592E-1,9.483432770E0,9.542163924E0
4.060799442E0,-7.062895298E-1,8.331822157E-1,9.464279175E0,9.527099128E0
4.062803427E0,-7.517793179E-1,8.523358107E-1,9.452308655E0,9.520387985E0
4.064807177E0,-8.116343617E-1,8.762778044E-1,9.411606789E0,9.487094153E0
4.066811395E0,-8.834604025E-1,8.882488012E-1,9.382876396E0,9.466142703E0
4.068816044E0,-9.552865028E-1,9.193734527E-1,9.342175484E0,9.435786274E0
4.070819911E0,-1.015141487E0,9.433154464E-1,9.272743225E0,9.375719876E0
4.072823700E0,-1.060631394E0,9.672574997E-1,9.232041359E0,9.342971352E0
4.074827763E0,-1.158793569E0,1.010353088E0,9.138668060E0,9.267085292E0
4.076832567E0,-1.259350061E0,1.063025594E0,9.047688484E0,9.196556578E0
4.078836161E0,-1.338358760E0,1.120486379E0,8.916007042E0,9.085255938E0
4.080839208E0,-1.388636947E0,1.177947283E0,8.748413086E0,8.935916511E0
4.082843036E0,-1.388636947E0,1.264138460E0,8.537723541E0,8.741800838E0
4.084847372E0,-1.340752959E0,1.328781962E0,8.283937454E0,8.496287410E0
4.086852138E0,-1.252167463E0,1.340752959E0,7.970297337E0,8.178702922E0
4.088856474E0,-1.189918280E0,1.338358760E0,7.809885979E0,8.012579403E0
4.090860614E0,-1.046266198E0,1.309628367E0,7.443572998E0,7.629978925E0
4.092864872E0,-9.002198577E-1,1.266532660E0,7.082048416E0,7.250511054E0
4.094869247E0,-7.015010715E-1,1.225831270E0,6.758831501E0,6.904822178E0
4.096873974E0,-5.075707436E-1,1.225831270E0,6.339846134E0,6.477186069E0
4.098878895E0,-2.968810201E-1,1.213860273E0,5.868188381E0,5.999769161E0
4.100883349E0,-8.379705995E-2,1.170764685E0,5.403713226E0,5.529722283E0
4.102888114E0,1.244984865E-1,1.151610970E0,4.958391666E0,5.091891163E0
4.104892528E0,3.303998411E-1,1.137245774E0,4.534617901E0,4.686710095E0
4.106896708E0,4.764461517E-1,1.086967587E0,4.326322556E0,4.486152731E0
4.108901005E0,9.289502501E-1,9.409212470E-1,3.902548790E0,4.120457307E0
4.110905224E0,1.089361787E0,1.005564690E0,3.471592426E0,3.774893829E0
4.112909599E0,8.379706144E-1,1.096544385E0,2.631227732E0,2.971188940E0
4.114913895E0,4.979939461E-1,1.180341482E0,1.709460020E0,2.136225069E0
4.116918622E0,4.141969085E-1,1.199495077E0,1.225831270E0,1.764372359E0
4.118923583E0,4.908113480E-1,1.300051570E0,9.074024558E-1,1.659641251E0
4.120928075E0,5.961562395E-1,1.412579060E0,6.488286853E-1,1.664860512E0
4.122932489E0,6.296750307E-1,1.462857246E0,5.386953950E-1,1.681259854E0
4.124936708E0,6.464344859E-1,1.553836942E0,3.399766386E-1,1.716936487E0
4.126941630E0,5.961562395E-1,1.625662923E0,2.106897533E-1,1.744297100E0
4.128947333E0,5.626373887E-1,1.690306425E0,1.436520964E-1,1.787269584E0
4.130952958E0,6.177040339E-1,1.515529633E0,1.244984865E-1,1.641306862E0
4.132957958E0,5.363011956E-1,1.225831270E0,1.484405100E-1,1.346222812E0
4.134963544E0,1.580173075E-1,3.758896589E-1,5.746084079E-2,4.117818031E-1
4.136967958E0,4.070143029E-2,8.140286058E-2,3.351882473E-2,9.698733809E-2
4.138972684E0,2.154781483E-2,3.830722719E-2,3.591302410E-2,5.675823534E-2
4.140977919E0,0.000000000E0,0.000000000E0,4.070143029E-2,4.070143029E-2
4.142983192E0,-9.576806799E-3,-1.436521020E-2,4.309562966E-2,4.642529255E-2
4.144987802E0,-1.197100803E-2,-1.436521020E-2,4.309562966E-2,4.697762865E-2
4.146993114E0,-9.576806799E-3,-7.182605099E-3,6.464344263E-2,6.574252596E-2
4.148998309E0,-2.394201700E-3,2.154781483E-2,1.197100878E-1,1.216574932E-1
4.151002802E0,2.394201700E-3,5.985504389E-2,2.011129409E-1,2.098446413E-1
4.153007997E0,-2.394201700E-3,8.619125932E-2,2.705447972E-1,2.839527296E-1
4.155012841E0,0.000000000E0,9.576806426E-2,2.896983922E-1,3.051174865E-1
4.157017099E0,-7.182605099E-3,1.029506698E-1,2.992752194E-1,3.165692455E-1
4.159023192E0,-1.915361360E-2,8.619125932E-2,2.801215947E-1,2.937071703E-1
4.161028934E0,-7.182605099E-3,5.746084079E-2,2.489969730E-1,2.556419970E-1
4.163033270E0,-2.394201700E-3,4.070143029E-2,2.154781520E-1,2.193015564E-1
4.165039364E0,4.788403399E-3,2.633621916E-2,1.891419291E-1,1.910266856E-1
4.167045497E0,9.576806799E-3,1.197100803E-2,1.675941199E-1,1.682938183E-1
4.169051044E0,4.788403399E-3,7.182605099E-3,1.628057212E-1,1.630344180E-1
4.171056630E0,9.576806799E-3,7.182605099E-3,1.628057212E-1,1.632452385E-1
4.173061903E0,9.576806799E-3,-2.394201700E-3,1.675941199E-1,1.678845927E-1
4.175066942E0,7.182605099E-3,7.182605099E-3,1.699883193E-1,1.702915392E-1
4.177072294E0,2.394201700E-3,4.788403399E-3,1.891419291E-1,1.892176799E-1
4.179077255E0,7.182605099E-3,-2.394201700E-3,2.082955539E-1,2.084331063E-1
4.181082020E0,7.182605099E-3,4.788403399E-3,2.130839527E-1,2.132587384E-1
4.183086278E0,9.576806799E-3,2.394201700E-3,2.250549644E-1,2.252713573E-1
4.185091474E0,1.197100803E-2,7.182605099E-3,2.250549644E-1,2.254875426E-1
4.187096317E0,1.197100803E-2,9.576806799E-3,2.130839527E-1,2.136347143E-1
4.189101005E0,7.182605099E-3,9.576806799E-3,1.939303428E-1,1.942994671E-1
4.191105575E0,4.788403399E-3,2.394201700E-3,1.963245422E-1,1.963975226E-1
4.193110888E0,9.576806799E-3,2.394201700E-3,2.154781520E-1,2.157041526E-1
4.195116044E0,1.436521020E-2,-4.788403399E-3,2.226607651E-1,2.231750532E-1
4.197121317E0,1.675941236E-2,-1.197100803E-2,2.202665508E-1,2.212273408E-1
4.199126552E0,9.576806799E-3,-1.436521020E-2,2.130839527E-1,2.137822382E-1
4.201131083E0,7.182605099E-3,-1.915361360E-2,1.987187415E-1,1.997688388E-1
4.203135028E0,1.197100803E-2,-2.633621916E-2,1.867477298E-1,1.889751731E-1
4.205139091E0,1.436521020E-2,-2.873042040E-2,1.867477298E-1,1.894901340E-1
4.207142763E0,1.915361360E-2,-4.070143029E-2,1.843535304E-1,1.897621973E-1
4.209146395E0,2.633621916E-2,-4.070143029E-2,1.963245422E-1,2.022214843E-1
4.211149911E0,3.112462163E-2,-4.548983276E-2,1.987187415E-1,2.062212530E-1
4.213154130E0,4.788403213E-2,-4.548983276E-2,2.059013397E-1,2.162349812E-1
4.215159130E0,4.070143029E-2,-5.267243832E-2,2.130839527E-1,2.232392507E-1
4.217163622E0,3.351882473E-2,-4.788403213E-2,2.082955539E-1,2.163410038E-1
4.219167450E0,2.873042040E-2,-5.267243832E-2,1.987187415E-1,2.075788068E-1
4.221171122E0,2.873042040E-2,-5.027823523E-2,1.819593310E-1,1.909516592E-1
4.223175263E0,3.112462163E-2,-4.788403213E-2,1.747767180E-1,1.838709432E-1
4.225178895E0,2.873042040E-2,-4.548983276E-2,1.628057212E-1,1.714656373E-1
4.227182919E0,3.351882473E-2,-4.070143029E-2,1.604115069E-1,1.688548773E-1
4.229186903E0,6.943184882E-2,-5.506663769E-2,2.178723514E-1,2.352051822E-1
4.231189872E0,1.221042871E-1,-8.140286058E-2,3.471592367E-1,3.769023988E-1
4.233193270E0,1.484405100E-1,-1.101332754E-1,4.022258818E-1,4.426619290E-1
4.235196083E0,1.532289088E-1,-1.221042871E-1,3.998316824E-1,4.452571501E-1
4.237199442E0,1.484405100E-1,-1.268926859E-1,3.734954596E-1,4.214679075E-1
4.239202724E0,1.412578970E-1,-1.268926859E-1,3.208230138E-1,3.728041756E-1
4.241205809E0,1.221042871E-1,-1.029506698E-1,2.777273953E-1,3.203760345E-1
4.243209013E0,1.101332754E-1,-8.858546615E-2,2.442085743E-1,2.821605056E-1
4.245213192E0,1.221042871E-1,-1.077390760E-1,2.418143749E-1,2.915327724E-1
4.247216981E0,1.268926859E-1,-1.221042871E-1,2.370259613E-1,2.952837906E-1
4.249221278E0,1.340752989E-1,-1.268926859E-1,2.489969730E-1,3.099635980E-1
4.251225263E0,1.436520964E-1,-1.340752989E-1,2.466027737E-1,3.153173616E-1
4.253229130E0,1.460463107E-1,-1.268926859E-1,2.346317619E-1,3.041107402E-1
4.255232333E0,1.412578970E-1,-1.244984865E-1,2.130839527E-1,2.843561807E-1
4.257236591E0,1.412578970E-1,-1.197100878E-1,2.274491638E-1,2.932872665E-1
4.259240809E0,1.221042871E-1,-1.149216816E-1,2.202665508E-1,2.768281113E-1
4.261244638E0,9.816227108E-2,-9.816227108E-2,2.082955539E-1,2.503172002E-1
4.263246552E0,6.943184882E-2,-6.943184882E-2,1.891419291E-1,2.131108459E-1
4.265248974E0,5.985504389E-2,-6.224924326E-2,1.628057212E-1,1.842913384E-1
4.267252255E0,5.985504389E-2,-5.506663769E-2,1.604115069E-1,1.798521960E-1
4.269255575E0,5.506663769E-2,-5.506663769E-2,1.651999205E-1,1.826353824E-1
4.271258817E0,4.788403213E-2,-5.746084079E-2,1.723825186E-1,1.879105146E-1
4.273262919E0,4.070143029E-2,-5.027823523E-2,1.723825186E-1,1.841201784E-1
4.275266513E0,3.830722719E-2,-5.985504389E-2,1.723825186E-1,1.864559001E-1
4.277270380E0,4.309562966E-2,-5.027823523E-2,1.819593310E-1,1.936345330E-1
4.279273739E0,3.830722719E-2,-5.985504389E-2,1.675941199E-1,1.820380701E-1
4.281276747E0,3.112462163E-2,-5.746084079E-2,1.795651317E-1,1.910866997E-1
4.283279638E0,4.070143029E-2,-5.506663769E-2,1.819593310E-1,1.944174353E-1
4.285283544E0,4.788403213E-2,-5.506663769E-2,1.891419291E-1,2.027310644E-1
4.287287919E0,5.267243832E-2,-5.267243832E-2,1.819593310E-1,1.966163006E-1
4.289291278E0,4.548983276E-2,-5.746084079E-2,1.819593310E-1,1.961638888E-1
4.291294872E0,4.548983276E-2,-5.027823523E-2,1.867477298E-1,1.986754650E-1
4.293298231E0,4.548983276E-2,-5.027823523E-2,1.939303428E-1,2.054414848E-1
4.295302489E0,5.027823523E-2,-4.548983276E-2,2.035071403E-1,2.145049696E-1
4.297305809E0,4.788403213E-2,-4.309562966E-2,2.059013397E-1,2.157440045E-1
4.299309716E0,5.027823523E-2,-5.506663769E-2,2.059013397E-1,2.189876645E-1
4.301313934E0,5.267243832E-2,-5.506663769E-2,2.130839527E-1,2.262995608E-1
4.303317528E0,5.267243832E-2,-5.027823523E-2,2.178723514E-1,2.297186283E-1
4.305321395E0,4.548983276E-2,-4.070143029E-2,2.178723514E-1,2.262615584E-1
4.307325028E0,5.027823523E-2,-4.788403213E-2,2.202665508E-1,2.309505031E-1
4.309328934E0,4.548983276E-2,-4.548983276E-2,2.346317619E-1,2.432914168E-1
4.311334169E0,4.788403213E-2,-4.070143029E-2,2.274491638E-1,2.359716277E-1
4.313339481E0,4.548983276E-2,-4.788403213E-2,2.274491638E-1,2.368445218E-1
4.315343231E0,4.070143029E-2,-4.788403213E-2,2.226607651E-1,2.313596837E-1
4.317346981E0,3.830722719E-2,-4.548983276E-2,2.250549644E-1,2.327799509E-1
4.319350341E0,4.070143029E-2,-4.548983276E-2,2.226607651E-1,2.308760438E-1
4.321353231E0,3.351882473E-2,-4.788403213E-2,2.202665508E-1,2.278897662E-1
4.323356825E0,4.548983276E-2,-3.830722719E-2,2.274491638E-1,2.350954926E-1
4.325361161E0,4.309562966E-2,-4.548983276E-2,2.346317619E-1,2.428551459E-1
4.327365380E0,5.267243832E-2,-4.548983276E-2,2.537853718E-1,2.631553259E-1
4.329369481E0,4.309562966E-2,-5.267243832E-2,2.561795712E-1,2.650652594E-1
4.331373153E0,3.830722719E-2,-4.788403213E-2,2.537853718E-1,2.610887572E-1
4.333377216E0,3.830722719E-2,-4.788403213E-2,2.561795712E-1,2.634165843E-1
4.335381395E0,3.830722719E-2,-5.027823523E-2,2.513911724E-1,2.592158679E-1
4.337385106E0,5.027823523E-2,-5.267243832E-2,2.561795712E-1,2.663273538E-1
4.339389247E0,4.070143029E-2,-4.548983276E-2,2.537853718E-1,2.610228845E-1
4.341393700E0,3.830722719E-2,-3.351882473E-2,2.633621991E-1,2.682360959E-1
4.343398466E0,4.309562966E-2,-4.070143029E-2,2.609679997E-1,2.676156509E-1
4.345402997E0,3.591302410E-2,-5.267243832E-2,2.777273953E-1,2.849502363E-1
4.347407724E0,3.591302410E-2,-5.746084079E-2,2.753331959E-1,2.835486948E-1
4.349412450E0,3.112462163E-2,-5.267243832E-2,2.705447972E-1,2.773763060E-1
4.351417528E0,2.633621916E-2,-4.788403213E-2,2.753331959E-1,2.807041962E-1
4.353423309E0,3.351882473E-2,-4.548983276E-2,2.753331959E-1,2.810715305E-1
4.355428700E0,3.591302410E-2,-4.309562966E-2,2.825157940E-1,2.880315130E-1
4.357434091E0,3.591302410E-2,-3.830722719E-2,2.801215947E-1,2.850005206E-1
4.359440692E0,3.112462163E-2,-4.788403213E-2,2.801215947E-1,2.858841206E-1
4.361445809E0,3.591302410E-2,-4.788403213E-2,2.896983922E-1,2.958171466E-1
4.363451200E0,4.309562966E-2,-5.267243832E-2,2.896983922E-1,2.975849080E-1
4.365456903E0,3.112462163E-2,-5.027823523E-2,2.896983922E-1,2.956717799E-1
4.367462802E0,2.633621916E-2,-4.788403213E-2,2.920926213E-1,2.971608595E-1
4.369466591E0,3.591302410E-2,-4.070143029E-2,2.920926213E-1,2.970933375E-1
4.371470224E0,4.309562966E-2,-4.070143029E-2,3.064578176E-1,3.121381644E-1
4.373473934E0,3.830722719E-2,-4.070143029E-2,3.088520169E-1,3.138687918E-1
4.375478036E0,3.351882473E-2,-4.309562966E-2,3.112462163E-1,3.159983419E-1
4.377482059E0,3.112462163E-2,-4.309562966E-2,3.208230138E-1,3.251974501E-1
4.379486747E0,3.830722719E-2,-3.591302410E-2,3.232172430E-1,3.274546917E-1
4.381491630E0,4.309562966E-2,-4.548983276E-2,3.327940404E-1,3.386420404E-1
4.383496630E0,3.830722719E-2,-5.027823523E-2,3.351882398E-1,3.410960286E-1
4.385501474E0,4.309562966E-2,-4.788403213E-2,3.471592367E-1,3.530858953E-1
4.387506200E0,3.830722719E-2,-3.351882473E-2,3.471592367E-1,3.508710459E-1
4.389510614E0,3.112462163E-2,-3.591302410E-2,3.663128614E-1,3.693827281E-1
4.391514716E0,3.112462163E-2,-3.591302410E-2,3.758896589E-1,3.788819382E-1
4.393518856E0,3.112462163E-2,-3.591302410E-2,3.926490843E-1,3.955145899E-1
4.395523583E0,2.633621916E-2,-3.591302410E-2,4.189853072E-1,4.213454989E-1
4.397527997E0,3.591302410E-2,-3.830722719E-2,4.357447028E-1,4.388970665E-1
4.399531317E0,3.591302410E-2,-3.830722719E-2,4.525041282E-1,4.555405306E-1
4.401535224E0,3.112462163E-2,-4.070143029E-2,4.955997467E-1,4.982413646E-1
4.403538856E0,1.915361360E-2,-3.830722719E-2,5.650315881E-1,5.666524509E-1
4.405543427E0,-9.576806799E-3,-7.422025502E-2,6.488286853E-1,6.531301741E-1
4.407547450E0,-2.873042040E-2,-1.149216816E-1,8.379706144E-1,8.463020623E-1
4.409551200E0,9.959878922E-1,-4.668693244E-1,3.440467834E0,3.612032360E0
4.411554481E0,2.308010340E0,-1.905784607E0,7.223306656E0,7.818892872E0
4.413557763E0,6.289567947E0,-4.563348293E0,1.205719948E1,1.434429754E1
4.415559989E0,8.978256226E0,-5.918466568E0,1.544020653E1,1.881587917E1
4.417563505E0,1.661575890E1,-8.133103371E0,2.613031769E1,3.201600095E1
4.419567684E0,2.599624252E1,-1.015141487E1,3.810611343E1,4.723274002E1
4.421572606E0,4.344997406E1,-1.406832886E1,5.959646988E1,7.508366896E1
4.423576903E0,6.675991821E1,-1.921346855E1,7.844362640E1,1.047828544E2
4.425581825E0,7.839334869E1,-2.492603302E1,7.844362640E1,1.136671754E2
4.427586591E0,7.839334869E1,-2.866098785E1,7.844362640E1,1.145441918E2
4.429591239E0,7.839334869E1,-2.813187027E1,7.844362640E1,1.144129441E2
4.431595341E0,7.839334869E1,-2.665704155E1,7.844362640E1,1.140592719E2
4.433599559E0,7.585549164E1,-2.318305588E1,7.844362640E1,1.115567668E2
4.435604872E0,6.404010773E1,-1.929247665E1,7.844362640E1,1.030860688E2
4.437608661E0,5.100128555E1,-1.517923832E1,7.844362640E1,9.478893885E1
4.439612684E0,3.859213638E1,-1.205001736E1,7.844362640E1,8.824941038E1
4.441616825E0,2.423650360E1,-9.516951561E0,7.844362640E1,8.265218084E1
4.443619286E0,7.067683220E0,-6.157886982E0,7.844362640E1,7.900173569E1
4.445622841E0,-8.001421928E0,-2.391807556E0,7.844362640E1,7.888691919E1
4.447626356E0,-1.417367363E1,-5.530605912E-1,7.844362640E1,7.971575392E1
4.449629364E0,-2.333628464E1,2.806004286E0,7.844362640E1,8.188930555E1
4.451632020E0,-2.821087837E1,5.209783077E0,6.839994812E1,7.417242345E1
4.453635106E0,-2.928826904E1,6.555324078E0,5.456146240E1,6.227140722E1
4.455639130E0,-2.712630463E1,6.991068840E0,4.239413071E1,5.081312591E1
4.457642216E0,-2.368344307E1,6.710947514E0,3.178781509E1,4.020457039E1
4.459645184E0,-1.918473816E1,5.894524574E0,2.217030716E1,2.990521890E1
4.461648739E0,-1.412818432E1,4.606443882E0,1.334767437E1,1.997461710E1
4.463652177E0,-1.173158836E1,3.864241600E0,9.600749016E0,1.564406949E1
4.465655770E0,-7.757213593E0,2.497152328E0,4.441244125E0,9.280882601E0
4.467659013E0,-5.011064053E0,1.453280449E0,1.673547029E0,5.479374660E0
4.469662841E0,-3.236960649E0,7.398083210E-1,-4.788403399E-3,3.320429720E0
4.471666552E0,-2.054224968E0,2.992752194E-1,-1.108515382E0,2.353340653E0
4.473670888E0,-1.383848548E0,5.746084079E-2,-1.470039845E0,2.019741492E0
4.475674599E0,-9.888052940E-1,-5.027823523E-2,-1.400607944E0,1.715216144E0
4.477677919E0,-7.254431248E-1,-9.576806426E-2,-1.266532660E0,1.462718096E0
4.479682294E0,-6.488286853E-1,-9.816227108E-2,-1.192312479E0,1.360964196E0
4.481686356E0,-5.554547906E-1,-8.858546615E-2,-9.720458984E-1,1.123054156E0
4.483689833E0,-4.955997467E-1,-7.900865376E-2,-7.254431248E-1,8.821163209E-1
4.485693388E0,-4.285621047E-1,-7.661445439E-2,-4.955997467E-1,6.596623084E-1
4.487696786E0,-3.256114423E-1,-6.943184882E-2,-3.280056417E-1,4.673663381E-1
4.489700927E0,-2.561795712E-1,-7.182604820E-2,-2.226607651E-1,3.469362624E-1
4.491704325E0,-2.082955539E-1,-7.422025502E-2,-1.723825186E-1,2.803772758E-1
4.493707841E0,-1.843535304E-1,-7.422025502E-2,-1.436520964E-1,2.452158136E-1
4.495711161E0,-1.819593310E-1,-6.224924326E-2,-1.268926859E-1,2.304038198E-1
4.497714481E0,-1.795651317E-1,-6.464344263E-2,-1.101332754E-1,2.203446154E-1
4.499717177E0,-1.556231081E-1,-6.464344263E-2,-1.197100878E-1,2.067071155E-1
4.501720067E0,-1.484405100E-1,-5.506663769E-2,-1.364694983E-1,2.090235479E-1
4.503722684E0,-1.388636976E-1,-5.267243832E-2,-1.292868853E-1,1.969076204E-1
4.505726630E0,-1.316810995E-1,-5.985504389E-2,-1.053448766E-1,1.789415583E-1
4.507730888E0,-1.268926859E-1,-5.506663769E-2,-1.101332754E-1,1.768146676E-1
4.509735614E0,-1.197100878E-1,-4.548983276E-2,-1.149216816E-1,1.720663328E-1
4.511739247E0,-1.268926859E-1,-5.506663769E-2,-8.858546615E-2,1.642603821E-1
4.513743388E0,-1.316810995E-1,-5.985504389E-2,-7.900865376E-2,1.648177952E-1
4.515746669E0,-1.221042871E-1,-5.267243832E-2,-6.943184882E-2,1.500154136E-1
4.517750927E0,-1.173158810E-1,-6.464344263E-2,-6.224924326E-2,1.477049724E-1
4.519754794E0,-1.292868853E-1,-6.224924326E-2,-5.985504389E-2,1.554756999E-1
4.521757724E0,-1.149216816E-1,-6.224924326E-2,-3.351882473E-2,1.349276576E-1
4.523761122E0,-1.173158810E-1,-6.224924326E-2,-2.633621916E-2,1.353941677E-1
4.525765341E0,-1.101332754E-1,-5.746084079E-2,-2.633621916E-2,1.269830028E-1
4.527769794E0,-9.097966552E-2,-6.464344263E-2,-3.112462163E-2,1.158655095E-1
4.529773934E0,-8.858546615E-2,-6.224924326E-2,-2.873042040E-2,1.120169191E-1
4.531778583E0,-9.576806426E-2,-6.943184882E-2,-1.915361360E-2,1.198297320E-1
4.533783817E0,-1.029506698E-1,-7.422025502E-2,2.394201700E-3,1.269378544E-1
4.535788583E0,-1.077390760E-1,-6.943184882E-2,-2.394201700E-3,1.281960309E-1
4.537792958E0,-9.097966552E-2,-6.703764945E-2,-1.436521020E-2,1.139197316E-1
4.539796942E0,-8.858546615E-2,-6.464344263E-2,-1.436521020E-2,1.106007177E-1
4.541801356E0,-1.053448766E-1,-6.703764945E-2,-4.788403399E-3,1.249580661E-1
4.543806864E0,-9.337386489E-2,-6.224924326E-2,-1.197100803E-2,1.128581054E-1
4.545811747E0,-9.816227108E-2,-5.985504389E-2,-9.576806799E-3,1.153697229E-1
4.547817216E0,-9.337386489E-2,-5.985504389E-2,7.182605099E-3,1.111435771E-1
4.549821669E0,-9.576806426E-2,-5.985504389E-2,4.788403399E-3,1.130357343E-1
4.551826434E0,-8.858546615E-2,-5.985504389E-2,2.394201700E-3,1.069380348E-1
4.553831239E0,-8.858546615E-2,-6.464344263E-2,9.576806799E-3,1.100812187E-1
4.555836083E0,-9.097966552E-2,-5.746084079E-2,1.197100803E-2,1.082698148E-1
4.557841161E0,-8.858546615E-2,-5.506663769E-2,2.394201607E-2,1.070184074E-1
4.559845419E0,-8.140286058E-2,-5.506663769E-2,1.915361360E-2,1.001280241E-1
4.561850849E0,-8.379705995E-2,-5.506663769E-2,1.915361360E-2,1.020839985E-1
4.563856356E0,-8.619125932E-2,-5.746084079E-2,2.873042040E-2,1.074993882E-1
4.565860770E0,-7.900865376E-2,-5.027823523E-2,2.633621916E-2,9.728239690E-2
4.567864091E0,-8.140286058E-2,-5.506663769E-2,2.873042040E-2,1.023923696E-1
4.569867763E0,-8.379705995E-2,-6.224924326E-2,3.112462163E-2,1.089295994E-1
4.571871669E0,-9.097966552E-2,-5.985504389E-2,3.591302410E-2,1.146720154E-1
4.573874989E0,-9.097966552E-2,-5.267243832E-2,3.351882473E-2,1.103412747E-1
4.575877958E0,-9.097966552E-2,-5.985504389E-2,3.351882473E-2,1.139448877E-1
4.577881200E0,-8.619125932E-2,-5.746084079E-2,3.591302410E-2,1.096377066E-1
4.579885419E0,-7.900865376E-2,-5.267243832E-2,3.351882473E-2,1.006988815E-1
4.581889559E0,-8.379705995E-2,-5.746084079E-2,3.591302410E-2,1.077656753E-1
4.583893934E0,-8.379705995E-2,-5.506663769E-2,3.830722719E-2,1.073393008E-1
4.585898270E0,-8.140286058E-2,-5.027823523E-2,3.351882473E-2,1.013796738E-1
4.587903114E0,-7.661445439E-2,-5.267243832E-2,3.351882473E-2,9.883153339E-2
4.589906864E0,-8.140286058E-2,-4.788403213E-2,3.830722719E-2,1.019154056E-1
4.591909442E0,-8.140286058E-2,-5.267243832E-2,3.591302410E-2,1.033951487E-1
4.593913114E0,-7.661445439E-2,-5.985504389E-2,3.112462163E-2,1.020839996E-1
4.595916591E0,-7.182604820E-2,-6.464344263E-2,3.351882473E-2,1.022803377E-1
4.597920653E0,-7.900865376E-2,-5.746084079E-2,3.591302410E-2,1.040858343E-1
4.599925419E0,-6.703764945E-2,-5.027823523E-2,3.112462163E-2,8.939065641E-2
4.601929364E0,-6.464344263E-2,-2.633621916E-2,-4.788403399E-3,6.996641996E-2
4.603932958E0,-4.309562966E-2,-2.394201700E-3,-4.309562966E-2,6.099343238E-2
4.605937255E0,-2.394201607E-2,2.633621916E-2,-6.703764945E-2,7.590034926E-2
4.607940692E0,-1.915361360E-2,3.112462163E-2,-1.149216816E-1,1.205926859E-1
4.609944208E0,-3.591302410E-2,3.351882473E-2,-1.915361285E-1,1.977355442E-1
4.611947802E0,-1.771709323E-1,-4.070143029E-2,-6.536170840E-1,6.784257057E-1
4.613951708E0,-4.333505034E-1,-9.097966552E-2,-1.594538331E0,1.654878378E0
4.615956903E0,-7.110779285E-1,-1.268926859E-1,-2.473210335E0,2.576529242E0
4.617962255E0,-9.481038451E-1,-1.484405100E-1,-3.160346270E0,3.302835756E0
4.619967411E0,-1.199495077E0,-2.106897533E-1,-3.730166197E0,3.923941700E0
4.621972645E0,-1.374271750E0,-2.346317619E-1,-4.005499363E0,4.241190877E0
4.623977528E0,-1.443703651E0,-1.795651317E-1,-4.060565948E0,4.313318872E0
4.625982020E0,-1.446097851E0,-1.316810995E-1,-4.039018154E0,4.292109802E0
4.627985770E0,-1.357512355E0,4.548983276E-2,-3.897760391E0,4.127644024E0
4.629990106E0,-1.158793569E0,3.184288144E-1,-3.622427225E0,3.816566316E0
4.631993895E0,-9.481038451E-1,6.224924326E-1,-3.244143248E0,3.436693635E0
4.633997841E0,-6.679822803E-1,9.217676520E-1,-2.832340717E0,3.052541543E0
4.636001981E0,-2.657563984E-1,1.240196466E0,-2.296039343E0,2.623072703E0
4.638006630E0,4.261679053E-1,1.561019540E0,-1.465251446E0,2.182971114E0
4.640011669E0,1.357512355E0,1.855506301E0,-3.208230138E-1,2.321351079E0
4.642017138E0,2.499546528E0,2.078166962E0,1.233013868E0,3.476612427E0
4.644021708E0,3.196259260E0,2.135627985E0,2.317587137E0,4.488673555E0
4.646025692E0,4.656722069E0,2.111685991E0,4.616020679E0,6.888535771E0
4.648030224E0,5.911283970E0,1.900996208E0,6.792350292E0,9.202884724E0
4.650035575E0,7.113173485E0,1.604115129E0,9.105149269E0,1.166508318E1
4.652040927E0,8.283937454E0,1.225831270E0,1.209311295E1,1.470950926E1
4.654044559E0,9.543288231E0,8.140285611E-1,1.542584133E1,1.815746606E1
4.656049520E0,1.090558910E1,3.830722570E-1,1.927332306E1,2.214812858E1
4.658054169E0,1.252406883E1,1.412578970E-1,2.432269478E1,2.735810182E1
4.660058583E0,1.326627159E1,5.985504389E-2,2.653493690E1,2.966648650E1
4.662062958E0,1.425747108E1,-1.101332754E-1,3.044466972E1,3.361793458E1
4.664066903E0,1.469321537E1,-3.663128614E-1,3.407667160E1,3.711124237E1
4.666071122E0,1.450886250E1,-8.068459630E-1,3.692337799E1,3.967989332E1
4.668075927E0,1.351047993E1,-1.268926859E0,3.883874130E1,4.114111167E1
4.670079325E0,1.188242340E1,-1.752555609E0,3.999274445E1,4.175743102E1
4.672081747E0,1.006282997E1,-2.212242365E0,4.121378708E1,4.248212340E1
4.674084872E0,8.133103371E0,-2.667140722E0,4.222414017E1,4.308293192E1
4.676087763E0,7.125144482E0,-2.928108692E0,4.252820587E1,4.322024756E1
4.678092059E0,4.920084476E0,-3.517082214E0,4.258327103E1,4.301060416E1
4.680096864E0,2.264914751E0,-4.168305397E0,4.172135925E1,4.199019441E1
4.682101317E0,-5.770025849E-1,-4.838681698E0,3.994964981E1,4.024574875E1
4.684106239E0,-3.215412855E0,-5.243301868E0,3.754108429E1,3.804161017E1
4.686110106E0,-5.427655220E0,-5.499481201E0,3.441664886E1,3.527335331E1
4.688114950E0,-7.053318024E0,-5.583278179E0,3.060268593E1,3.189743997E1
4.690120458E0,-8.166622162E0,-5.401319027E0,2.644395828E1,2.819842007E1
4.692125927E0,-8.492233276E0,-5.216965675E0,2.434903145E1,2.630988577E1
4.694131005E0,-8.889671326E0,-4.649539471E0,2.031719589E1,2.265905829E1
4.696135809E0,-8.966285706E0,-3.890577793E0,1.675701714E1,1.939918808E1
4.698140184E0,-8.777143478E0,-2.971204281E0,1.378102493E1,1.660671403E1
4.700144169E0,-8.465897560E0,-2.003946781E0,1.137485218E1,1.432042200E1
4.702148427E0,-8.078036308E0,-1.139639974E0,9.442731857E0,1.247872729E1
4.704152255E0,-7.627926826E0,-4.548983276E-1,7.864952564E0,1.096584146E1
4.706156708E0,-7.115567684E0,3.591302410E-2,6.588842869E0,9.697703004E0
4.708161044E0,-6.840234280E0,2.106897533E-1,6.030993938E0,9.121736844E0
4.710165263E0,-6.177040577E0,4.333505034E-1,5.102043629E0,8.023370373E0
4.712169286E0,-5.386953831E0,5.458779931E-1,4.374206543E0,6.960670746E0
4.714173075E0,-4.479551315E0,5.793967843E-1,3.790021181E0,5.896298939E0
4.716176864E0,-3.519476414E0,5.674257874E-1,3.335123062E0,4.881775506E0
4.718180575E0,-2.626439333E0,5.243301988E-1,2.997540474E0,4.019745591E0
4.720185028E0,-1.821987510E0,4.644751251E-1,2.753331900E0,3.334098405E0
4.722189130E0,-1.142034173E0,4.118026793E-1,2.554613113E0,2.828404437E0
4.724192450E0,-8.379706144E-1,3.854664862E-1,2.482787132E0,2.648586624E0
4.726196161E0,-3.327940404E-1,3.567360640E-1,2.365471363E0,2.415257183E0
4.728199989E0,6.703764945E-2,3.495534360E-1,2.281674147E0,2.309267971E0
4.730202489E0,3.734954596E-1,3.663128614E-1,2.264914751E0,2.324547870E0
4.732206239E0,6.296750307E-1,3.854664862E-1,2.296039343E0,2.411819172E0
4.734211161E0,9.026140571E-1,4.165911078E-1,2.398990154E0,2.596808435E0
4.736214989E0,1.158793569E0,4.429273009E-1,2.568978310E0,2.852829593E0
4.738219364E0,1.400607944E0,4.788403511E-1,2.803610086E0,3.170365943E0
4.740224013E0,1.510741234E0,5.051765442E-1,2.954444885E0,3.356529010E0
4.742228778E0,1.750161409E0,5.698199868E-1,3.330334663E0,3.805113500E0
4.744233075E0,1.999158382E0,6.440402865E-1,3.818751812E0,4.358243629E0
4.746236513E0,2.248155355E0,7.206547260E-1,4.367023945E0,4.964317060E0
4.748241005E0,2.521094322E0,8.020575643E-1,5.006275654E0,5.662332456E0
4.750245341E0,2.774879694E0,8.619126081E-1,5.683835030E0,6.383481127E0
4.752250145E0,3.055001259E0,9.217676520E-1,6.380547523E0,7.134008340E0
4.754255770E0,3.344699860E0,9.528923035E-1,7.094019413E0,7.900641260E0
4.756260106E0,3.473986626E0,9.504981041E-1,7.448361397E0,8.273458601E0
4.758264247E0,3.699041605E0,9.193734527E-1,8.159439087E0,9.005809378E0
4.760268388E0,3.864241600E0,8.619126081E-1,8.899248123E0,9.740219384E0
4.762271591E0,3.940855980E0,7.733271718E-1,9.607931137E0,1.041348748E1
4.764274989E0,3.909731388E0,6.344634295E-1,1.029985619E1,1.103519736E1
4.766278974E0,3.761290789E0,4.453215301E-1,1.094868469E1,1.158530604E1
4.768282841E0,3.493140221E0,2.202665508E-1,1.150174522E1,1.202250761E1
4.770287216E0,3.138798475E0,-3.351882473E-2,1.198537350E1,1.238960682E1
4.772291747E0,2.722207308E0,-3.088520169E-1,1.219366932E1,1.249765473E1
4.774296981E0,2.509123325E0,-4.357447028E-1,1.253604031E1,1.279210225E1
4.776300028E0,2.073378563E0,-6.703764796E-1,1.278024864E1,1.296468506E1
4.778304130E0,1.640028119E0,-8.738836050E-1,1.294784260E1,1.308051959E1
4.780307763E0,1.235408068E0,-1.015141487E0,1.303882217E1,1.313649988E1
4.782311161E0,8.619126081E-1,-1.084573388E0,1.304839897E1,1.312173420E1
4.784314794E0,5.123591423E-1,-1.115697980E0,1.297178459E1,1.302975400E1
4.786318856E0,1.987187415E-1,-1.091755986E0,1.284968090E1,1.289750827E1
4.788323192E0,-8.858546615E-2,-1.024718285E0,1.267969227E1,1.272133998E1
4.790328349E0,-2.250549644E-1,-9.744400978E-1,1.257434750E1,1.261405558E1
4.792332059E0,-4.596867263E-1,-8.403648138E-1,1.233971596E1,1.237683784E1
4.794336317E0,-6.727706790E-1,-6.943184733E-1,1.204044056E1,1.207919316E1
4.796340770E0,-8.403648138E-1,-5.099649429E-1,1.171482849E1,1.175599778E1
4.798345614E0,-9.552865028E-1,-3.112462163E-1,1.136288166E1,1.140721378E1
4.800349872E0,-1.024718285E0,-1.173158810E-1,1.100375080E1,1.105198364E1
4.802354442E0,-1.031900883E0,5.027823523E-2,1.060870743E1,1.065889397E1
4.804359677E0,-9.744400978E-1,1.987187415E-1,1.019929886E1,1.024766900E1
4.806364403E0,-9.145850539E-1,2.537853718E-1,1.001255131E1,1.005743787E1
4.808368934E0,-7.254431248E-1,3.232172430E-1,9.643844604E0,9.676490886E0
4.810373974E0,-4.836287498E-1,3.495534360E-1,9.315838814E0,9.334931022E0
4.812379364E0,-2.035071403E-1,3.351882398E-1,9.064447403E0,9.072925274E0
4.814383895E0,9.576806426E-2,2.825157940E-1,8.856152534E0,8.861175115E0
4.816388544E0,3.663128614E-1,2.370259613E-1,8.693346024E0,8.704288110E0
4.818393388E0,5.985504389E-1,1.747767180E-1,8.573636055E0,8.596280866E0
4.820398544E0,7.948749661E-1,1.173158810E-1,8.501810074E0,8.539693423E0
4.822403075E0,8.762778044E-1,8.858546615E-2,8.475474358E0,8.521113528E0
4.824406434E0,9.983820915E-1,4.788403213E-2,8.485051155E0,8.543720079E0
4.826409364E0,1.079784989E0,7.182605099E-3,8.544905663E0,8.612862474E0
4.828412567E0,1.144428372E0,-1.915361360E-2,8.631096840E0,8.706659280E0
4.830416825E0,1.201889277E0,-4.548983276E-2,8.767566681E0,8.849679806E0
4.832422020E0,1.228225470E0,-7.661445439E-2,8.927978516E0,9.012391911E0
4.834426747E0,1.247379065E0,-1.125274822E-1,9.090784073E0,9.176653640E0
4.836431122E0,1.252167463E0,-1.340752989E-1,9.282320023E0,9.367356326E0
4.838435575E0,1.249773264E0,-1.508347094E-1,9.375694275E0,9.459827031E0
4.840439325E0,1.218648672E0,-1.891419291E-1,9.572018623E0,9.651135673E0
4.842444091E0,1.134851575E0,-2.178723514E-1,9.751583099E0,9.819813104E0
4.844449091E0,1.022324085E0,-2.322375625E-1,9.885659218E0,9.941093451E0
4.846453270E0,8.714894056E-1,-2.442085743E-1,1.002212811E1,1.006291128E1
4.848457489E0,7.302315235E-1,-2.537853718E-1,1.012029076E1,1.014977488E1
4.850461474E0,5.889736414E-1,-2.585737705E-1,1.018972206E1,1.021000421E1
4.852465419E0,4.812345505E-1,-2.585737705E-1,1.025915432E1,1.027368943E1
4.854469286E0,4.429273009E-1,-2.561795712E-1,1.027112484E1,1.028386202E1
4.856472958E0,3.734954596E-1,-2.513911724E-1,1.026394272E1,1.027381217E1
4.858477255E0,3.327940404E-1,-2.442085743E-1,1.026154804E1,1.026984703E1
4.860482059E0,3.160346150E-1,-2.346317619E-1,1.023760605E1,1.024516996E1
4.862487099E0,3.327940404E-1,-2.274491638E-1,1.019929886E1,1.020726125E1
4.864491981E0,3.734954596E-1,-1.987187415E-1,1.015141487E1,1.016022696E1
4.866496591E0,4.094084799E-1,-1.628057212E-1,1.008437729E1,1.009399754E1
4.868501434E0,4.644751251E-1,-1.388636976E-1,9.998186111E0,1.000993236E1
4.870506434E0,4.884171486E-1,-1.244984865E-1,9.959878922E0,9.972624495E0
4.872511200E0,5.482721925E-1,-1.029506698E-1,9.864110947E0,9.879872773E0
4.874516122E0,6.033388376E-1,-8.619125932E-2,9.782708168E0,9.801674642E0
4.876520224E0,6.488286853E-1,-7.182604820E-2,9.691728592E0,9.713688318E0
4.878525184E0,6.967126727E-1,-5.506663769E-2,9.615114212E0,9.640480392E0
4.880530692E0,7.110779285E-1,-3.351882473E-2,9.572018623E0,9.598452785E0
4.882534403E0,7.254431248E-1,-1.436521020E-2,9.536105156E0,9.563669569E0
4.884537333E0,7.086837292E-1,-1.197100803E-2,9.497797966E0,9.524208216E0
4.886540809E0,6.895300746E-1,-9.576806799E-3,9.485827446E0,9.510860412E0
4.888545106E0,6.536170840E-1,-9.576806799E-3,9.471462250E0,9.493993056E0
4.890549950E0,6.009446383E-1,-1.197100803E-2,9.483432770E0,9.502461516E0
4.892553544E0,5.506663918E-1,-1.436521020E-2,9.500192642E0,9.516149435E0
4.894557489E0,5.051765442E-1,-1.675941236E-2,9.536105156E0,9.549491388E0
4.896561903E0,4.620809257E-1,-3.112462163E-2,9.581595421E0,9.592781574E0
4.898566356E0,4.285621047E-1,-5.746084079E-2,9.627084732E0,9.636790320E0
4.900571278E0,4.094084799E-1,-7.182604820E-2,9.684545517E0,9.693461516E0
4.902574794E0,3.974374831E-1,-8.858546615E-2,9.751583099E0,9.760080783E0
4.904578114E0,4.046200812E-1,-9.576806426E-2,9.780313492E0,9.789148121E0
4.906581903E0,4.285621047E-1,-1.053448766E-1,9.835380554E0,9.845276719E0
4.908585341E0,4.429273009E-1,-1.292868853E-1,9.864110947E0,9.874896681E0
4.910588583E0,4.836287498E-1,-1.436520964E-1,9.904812813E0,9.917653430E0
4.912592841E0,5.267243981E-1,-1.532289088E-1,9.950302124E0,9.965411685E0
4.914597333E0,5.770025849E-1,-1.723825186E-1,9.947908401E0,9.966119068E0
4.916601864E0,6.224924326E-1,-1.795651317E-1,9.926360130E0,9.947480380E0
4.918606825E0,6.703764796E-1,-1.819593310E-1,9.916783333E0,9.941081706E0
4.920611356E0,6.991068721E-1,-1.819593310E-1,9.909601212E0,9.935897332E0
4.922615888E0,7.302315235E-1,-1.771709323E-1,9.873687744E0,9.902239004E0
4.924619911E0,7.493851185E-1,-1.723825186E-1,9.835380554E0,9.865394287E0
4.926624130E0,7.589619160E-1,-1.604115069E-1,9.799467087E0,9.830122595E0
4.928629950E0,7.637503147E-1,-1.508347094E-1,9.751583099E0,9.782608987E0
4.930635380E0,7.589619160E-1,-1.388636976E-1,9.713275909E0,9.743871674E0
4.932640380E0,7.422025204E-1,-1.244984865E-1,9.682151794E0,9.711355612E0
4.934645497E0,7.206547260E-1,-1.268926859E-1,9.665391922E0,9.693051428E0
4.936650692E0,7.110779285E-1,-1.244984865E-1,9.660603523E0,9.687537981E0
4.938656161E0,6.895300746E-1,-1.221042871E-1,9.658209801E0,9.683562244E0
4.940662294E0,6.655880809E-1,-1.101332754E-1,9.655815125E0,9.679354449E0
4.942668309E0,6.344634295E-1,-1.077390760E-1,9.651026726E0,9.672459274E0
4.944674130E0,6.105214357E-1,-1.101332754E-1,9.686940193E0,9.706785053E0
4.946679716E0,5.889736414E-1,-1.029506698E-1,9.713275909E0,9.731660582E0
4.948684872E0,5.817909837E-1,-1.005564705E-1,9.737217903E0,9.755101478E0
4.950691005E0,5.698199868E-1,-1.053448766E-1,9.770736694E0,9.787905185E0
4.952696278E0,5.698199868E-1,-1.029506698E-1,9.777919769E0,9.795050213E0
4.954699950E0,5.650315881E-1,-1.101332754E-1,9.804255486E0,9.821141261E0
4.956704169E0,5.578489900E-1,-1.029506698E-1,9.811438560E0,9.827823816E0
4.958708974E0,5.554547906E-1,-8.379705995E-2,9.813833237E0,9.829896987E0
4.960713270E0,5.602431893E-1,-8.379705995E-2,9.821015358E0,9.837338921E0
4.962717099E0,5.578489900E-1,-8.140286058E-2,9.811438560E0,9.827621714E0
4.964721356E0,5.530605912E-1,-7.900865376E-2,9.806650162E0,9.822550879E0
4.966726630E0,5.506663918E-1,-7.422025502E-2,9.789890289E0,9.805646027E0
4.968732216E0,5.530605912E-1,-7.661445439E-2,9.787496567E0,9.803409348E0
4.970737606E0,5.506663918E-1,-7.182604820E-2,9.763554573E0,9.779334863E0
4.972743231E0,5.506663918E-1,-6.943184882E-2,9.753977776E0,9.769756225E0
4.974747450E0,5.410895944E-1,-5.746084079E-2,9.734824181E0,9.750019565E0
4.976751630E0,5.386953950E-1,-5.985504389E-2,9.710882187E0,9.725996515E0
4.978756395E0,5.291185975E-1,-5.746084079E-2,9.718064308E0,9.732627710E0
4.980760184E0,5.267243981E-1,-6.943184882E-2,9.696516991E0,9.711060762E0
4.982764755E0,5.339069963E-1,-7.422025502E-2,9.706093788E0,9.721050455E0
4.984769599E0,5.363011956E-1,-7.422025502E-2,9.710882187E0,9.725963215E0
4.986774794E0,5.530605912E-1,-9.097966552E-2,9.715670586E0,9.731824508E0
4.988779208E0,5.530605912E-1,-9.097966552E-2,9.722852707E0,9.738994716E0
4.990783700E0,5.602431893E-1,-9.576806426E-2,9.732429504E0,9.749011643E0
4.992788192E0,5.865794420E-1,-1.173158810E-1,9.742006302E0,9.760354770E0
4.994794013E0,5.961562395E-1,-1.221042871E-1,9.758766174E0,9.777721052E0
4.996798856E0,6.081272364E-1,-1.292868853E-1,9.763554573E0,9.783329277E0
4.998804286E0,6.248866320E-1,-1.436520964E-1,9.773131371E0,9.794141923E0
5.000810224E0,6.368576288E-1,-1.412578970E-1,9.780313492E0,9.802044350E0
5.002817020E0,6.512228847E-1,-1.364694983E-1,9.785101891E0,9.807697700E0
5.004822841E0,6.584054828E-1,-1.436520964E-1,9.792284966E0,9.815445917E0
5.006828505E0,6.703764796E-1,-1.508347094E-1,9.782708168E0,9.806810635E0
5.008834520E0,6.703764796E-1,-1.436520964E-1,9.777919769E0,9.801926115E0
5.010838778E0,6.727706790E-1,-1.460463107E-1,9.763554573E0,9.787795861E0
5.012842958E0,6.679822803E-1,-1.412578970E-1,9.765948296E0,9.789785505E0
5.014847489E0,6.703764796E-1,-1.292868853E-1,9.761159897E0,9.785007014E0
5.016852724E0,6.631938815E-1,-1.221042871E-1,9.749189377E0,9.772483261E0
5.018858153E0,6.655880809E-1,-1.197100878E-1,9.751583099E0,9.775004396E0
5.020862645E0,6.536170840E-1,-1.268926859E-1,9.749189377E0,9.771899025E0
5.022868231E0,6.392518282E-1,-1.244984865E-1,9.742006302E0,9.763750794E0
5.024873544E0,6.248866320E-1,-1.125274822E-1,9.742006302E0,9.762675480E0
5.026878974E0,6.153098345E-1,-9.816227108E-2,9.744400978E0,9.764301944E0
5.028884247E0,6.153098345E-1,-7.900865376E-2,9.749189377E0,9.768906902E0
5.030889442E0,6.033388376E-1,-9.097966552E-2,9.756371498E0,9.775432464E0
5.032895224E0,5.985504389E-1,-8.140286058E-2,9.751583099E0,9.770274407E0
5.034900184E0,5.985504389E-1,-7.900865376E-2,9.756371498E0,9.775034005E0
5.036906083E0,5.841852427E-1,-8.619125932E-2,9.753977776E0,9.771836254E0
5.038910302E0,5.865794420E-1,-9.097966552E-2,9.756371498E0,9.774412389E0
5.040915614E0,5.841852427E-1,-8.619125932E-2,9.758766174E0,9.776615906E0
5.042922177E0,5.722141862E-1,-7.422025502E-2,9.756371498E0,9.773419183E0
5.044927138E0,5.698199868E-1,-7.182604820E-2,9.758766174E0,9.775651950E0
5.046932294E0,5.602431893E-1,-7.900865376E-2,9.751583099E0,9.767982788E0
5.048937450E0,5.530605912E-1,-9.337386489E-2,9.758766174E0,9.774871454E0
5.050940888E0,5.530605912E-1,-9.337386489E-2,9.758766174E0,9.774871454E0
5.052944599E0,5.458779931E-1,-9.337386489E-2,9.756371498E0,9.772076866E0
5.054948934E0,5.434837937E-1,-9.816227108E-2,9.753977776E0,9.769600448E0
5.056952841E0,5.386953950E-1,-1.053448766E-1,9.756371498E0,9.771799992E0
5.058956708E0,5.458779931E-1,-1.053448766E-1,9.746794701E0,9.762637311E0
5.060961708E0,5.482721925E-1,-9.576806426E-2,9.753977776E0,9.769844234E0
5.062966161E0,5.482721925E-1,-9.337386489E-2,9.751583099E0,9.767430267E0
5.064971161E0,5.530605912E-1,-1.077390760E-1,9.742006302E0,9.758287273E0
5.066975536E0,5.602431893E-1,-1.077390760E-1,9.737217903E0,9.753916784E0
5.068980809E0,5.722141862E-1,-1.005564705E-1,9.744400978E0,9.761705338E0
5.070985497E0,5.841852427E-1,-1.005564705E-1,9.763554573E0,9.781532697E0
5.072989599E0,5.937620401E-1,-1.173158810E-1,9.765948296E0,9.784685099E0
5.074993974E0,6.033388376E-1,-1.125274822E-1,9.756371498E0,9.775656755E0
5.076998544E0,6.153098345E-1,-1.197100878E-1,9.770736694E0,9.790823880E0
5.079002880E0,6.200982332E-1,-1.101332754E-1,9.763554573E0,9.783846333E0
5.081006630E0,6.296750307E-1,-1.077390760E-1,9.770736694E0,9.791598128E0
5.083010888E0,6.320692301E-1,-1.149216816E-1,9.770736694E0,9.791834050E0
5.085016395E0,6.344634295E-1,-1.244984865E-1,9.765948296E0,9.787328023E0
5.087020731E0,6.368576288E-1,-1.173158810E-1,9.775525093E0,9.796950623E0
5.089025184E0,6.440402865E-1,-1.221042871E-1,9.763554573E0,9.785535001E0
5.091029325E0,6.488286853E-1,-1.197100878E-1,9.758766174E0,9.781044239E0
5.093032919E0,6.464344859E-1,-1.221042871E-1,9.768342972E0,9.790470439E0
5.095035770E0,6.368576288E-1,-1.316810995E-1,9.761159897E0,9.782799706E0
5.097038622E0,6.368576288E-1,-1.197100878E-1,9.751583099E0,9.773090150E0
5.099041630E0,6.416460276E-1,-1.173158810E-1,9.753977776E0,9.775763657E0
5.101045692E0,6.296750307E-1,-1.244984865E-1,9.746794701E0,9.767906503E0
5.103048309E0,6.272808313E-1,-1.244984865E-1,9.751583099E0,9.772530586E0
5.105051942E0,6.272808313E-1,-1.244984865E-1,9.756371498E0,9.777308726E0
5.107055458E0,6.224924326E-1,-1.197100878E-1,9.749189377E0,9.769775885E0
5.109059091E0,6.129156351E-1,-1.149216816E-1,9.758766174E0,9.778670145E0
5.111061747E0,6.033388376E-1,-1.077390760E-1,9.749189377E0,9.768434827E0
5.113065145E0,5.937620401E-1,-1.029506698E-1,9.751583099E0,9.770185523E0
5.115069872E0,5.865794420E-1,-1.029506698E-1,9.751583099E0,9.769751646E0
5.117073778E0,5.865794420E-1,-1.029506698E-1,9.751583099E0,9.769751646E0
5.119077606E0,5.841852427E-1,-1.005564705E-1,9.758766174E0,9.776753103E0
5.121082411E0,5.793967843E-1,-9.816227108E-2,9.763554573E0,9.781223562E0
5.123087216E0,5.770025849E-1,-1.005564705E-1,9.765948296E0,9.783495781E0
5.125091356E0,5.698199868E-1,-9.576806426E-2,9.753977776E0,9.771077156E0
5.127095770E0,5.698199868E-1,-1.029506698E-1,9.749189377E0,9.766370214E0
5.129099481E0,5.722141862E-1,-1.053448766E-1,9.751583099E0,9.768925200E0
5.131102528E0,5.626373887E-1,-1.077390760E-1,9.761159897E0,9.777955363E0
5.133104794E0,5.578489900E-1,-1.077390760E-1,9.763554573E0,9.780071631E0
5.135107919E0,5.506663918E-1,-1.077390760E-1,9.765948296E0,9.782054349E0
5.137110497E0,5.482721925E-1,-9.816227108E-2,9.768342972E0,9.784209863E0
5.139113622E0,5.482721925E-1,-9.816227108E-2,9.770736694E0,9.786599705E0
5.141117216E0,5.674257874E-1,-1.053448766E-1,9.765948296E0,9.782986031E0
5.143120575E0,5.841852427E-1,-1.077390760E-1,9.756371498E0,9.774439366E0
5.145124091E0,5.770025849E-1,-1.125274822E-1,9.765948296E0,9.783626144E0
5.147127958E0,5.817909837E-1,-1.029506698E-1,9.768342972E0,9.786194562E0
5.149132528E0,5.865794420E-1,-1.005564705E-1,9.763554573E0,9.781675978E0
5.151136434E0,5.865794420E-1,-1.101332754E-1,9.768342972E0,9.786558598E0
5.153139794E0,5.889736414E-1,-1.125274822E-1,9.770736694E0,9.789118854E0
5.155143505E0,5.961562395E-1,-1.101332754E-1,9.768342972E0,9.787137274E0
5.157146903E0,6.057330370E-1,-1.101332754E-1,9.782708168E0,9.802062076E0
5.159150106E0,6.105214357E-1,-1.268926859E-1,9.773131371E0,9.793004389E0
5.161152919E0,6.129156351E-1,-1.268926859E-1,9.770736694E0,9.790764162E0
5.163156474E0,6.105214357E-1,-1.173158810E-1,9.773131371E0,9.792884980E0
5.165159559E0,6.177040339E-1,-1.125274822E-1,9.768342972E0,9.788500658E0
5.167163114E0,6.177040339E-1,-1.173158810E-1,9.768342972E0,9.788556875E0
5.169166591E0,6.296750307E-1,-1.173158810E-1,9.773131371E0,9.794097735E0
5.171170966E0,6.200982332E-1,-1.173158810E-1,9.758766174E0,9.779151399E0
5.173174911E0,6.081272364E-1,-1.125274822E-1,9.765948296E0,9.785511089E0
5.175178075E0,6.200982332E-1,-1.221042871E-1,9.768342972E0,9.788766812E0
5.177181942E0,6.296750307E-1,-1.244984865E-1,9.773131371E0,9.794186403E0
5.179185497E0,6.296750307E-1,-1.244984865E-1,9.770736694E0,9.791796876E0
5.181189130E0,6.296750307E-1,-1.221042871E-1,9.761159897E0,9.782210519E0
5.183193192E0,6.153098345E-1,-1.149216816E-1,9.734824181E0,9.754927730E0
5.185197450E0,6.081272364E-1,-1.221042871E-1,9.725247383E0,9.745007176E0
5.187200692E0,5.985504389E-1,-1.221042871E-1,9.734824181E0,9.753972212E0
5.189203934E0,6.033388376E-1,-1.268926859E-1,9.749189377E0,9.768664853E0
5.191207216E0,6.105214357E-1,-1.101332754E-1,9.742006302E0,9.761739217E0
5.193211239E0,5.985504389E-1,-1.149216816E-1,9.749189377E0,9.768222107E0
5.195213466E0,5.889736414E-1,-1.077390760E-1,9.770736694E0,9.789064981E0
5.197217567E0,5.865794420E-1,-1.101332754E-1,9.768342972E0,9.786558598E0
5.199221161E0,5.889736414E-1,-1.101332754E-1,9.761159897E0,9.779532802E0
5.201225419E0,5.889736414E-1,-1.101332754E-1,9.765948296E0,9.784312209E0
5.203229755E0,5.817909837E-1,-1.077390760E-1,9.768342972E0,9.786246107E0
5.205233231E0,5.746083856E-1,-1.005564705E-1,9.770736694E0,9.788134753E0
5.207238934E0,5.865794420E-1,-9.816227108E-2,9.763554573E0,9.781651659E0
5.209243817E0,5.793967843E-1,-9.097966552E-2,9.763554573E0,9.781154116E0
5.211248622E0,5.722141862E-1,-8.140286058E-2,9.770736694E0,9.787816460E0
5.213252059E0,5.746083856E-1,-8.379705995E-2,9.770736694E0,9.787976925E0
5.215256669E0,5.841852427E-1,-8.858546615E-2,9.765948296E0,9.783806309E0
5.217261356E0,5.793967843E-1,-9.337386489E-2,9.775525093E0,9.793125658E0
5.219265575E0,5.746083856E-1,-9.576806426E-2,9.777919769E0,9.795257084E0
5.221269520E0,5.746083856E-1,-9.337386489E-2,9.763554573E0,9.780894201E0
5.223272997E0,5.793967843E-1,-1.005564705E-1,9.751583099E0,9.769298091E0
5.225277684E0,5.746083856E-1,-1.053448766E-1,9.749189377E0,9.766676295E0
5.227281708E0,5.746083856E-1,-1.029506698E-1,9.749189377E0,9.766650764E0
5.229286122E0,5.793967843E-1,-1.005564705E-1,9.758766174E0,9.776468150E0
5.231289950E0,5.865794420E-1,-1.005564705E-1,9.763554573E0,9.781675978E0
5.233293778E0,5.937620401E-1,-1.029506698E-1,9.761159897E0,9.779744104E0
5.235296747E0,5.889736414E-1,-1.005564705E-1,9.751583099E0,9.769870751E0
5.237301513E0,5.865794420E-1,-1.077390760E-1,9.744400978E0,9.762634561E0
5.239305536E0,5.937620401E-1,-1.125274822E-1,9.761159897E0,9.779849607E0
5.241309638E0,6.057330370E-1,-1.053448766E-1,9.763554573E0,9.782893639E0
5.243313192E0,6.224924326E-1,-1.077390760E-1,9.761159897E0,9.781582033E0
5.245316552E0,6.272808313E-1,-1.053448766E-1,9.753977776E0,9.774694943E0
5.247319950E0,6.224924326E-1,-1.101332754E-1,9.746794701E0,9.767273576E0
5.249322724E0,6.177040339E-1,-1.173158810E-1,9.751583099E0,9.771831672E0
5.251326630E0,6.105214357E-1,-1.197100878E-1,9.749189377E0,9.769020444E0
5.253330419E0,6.153098345E-1,-1.101332754E-1,9.742006302E0,9.762039865E0
5.255333427E0,6.224924326E-1,-1.101332754E-1,9.753977776E0,9.774441601E0
5.257337450E0,6.272808313E-1,-1.077390760E-1,9.751583099E0,9.772331446E0
5.259340341E0,6.153098345E-1,-1.125274822E-1,9.758766174E0,9.778792659E0
5.261343661E0,6.081272364E-1,-1.173158810E-1,9.756371498E0,9.776009746E0
5.263346864E0,6.105214357E-1,-1.197100878E-1,9.753977776E0,9.773799127E0
5.265350849E0,6.057330370E-1,-1.101332754E-1,9.758766174E0,9.778167471E0
5.267354481E0,6.129156351E-1,-1.149216816E-1,9.758766174E0,9.778670145E0
5.269358466E0,6.057330370E-1,-1.125274822E-1,9.758766174E0,9.778194731E0
5.271362606E0,6.033388376E-1,-1.173158810E-1,9.756371498E0,9.775713047E0
5.273366474E0,6.081272364E-1,-1.125274822E-1,9.734824181E0,9.754449395E0
5.275370341E0,6.033388376E-1,-1.149216816E-1,9.758766174E0,9.778074554E0
5.277374169E0,5.937620401E-1,-1.149216816E-1,9.773131371E0,9.791826037E0
5.279377138E0,5.937620401E-1,-1.053448766E-1,9.775525093E0,9.794107501E0
5.281380653E0,5.937620401E-1,-9.816227108E-2,9.770736694E0,9.789253533E0
5.283384911E0,5.889736414E-1,-1.053448766E-1,9.768342972E0,9.786649677E0
5.285389130E0,5.793967843E-1,-1.053448766E-1,9.768342972E0,9.786077998E0
5.287392333E0,5.817909837E-1,-9.337386489E-2,9.770736694E0,9.788487880E0
5.289395184E0,5.698199868E-1,-8.858546615E-2,9.773131371E0,9.790129672E0
5.291399520E0,5.770025849E-1,-9.097966552E-2,9.758766174E0,9.776232737E0
5.293403388E0,5.865794420E-1,-9.097966552E-2,9.763554573E0,9.781582216E0
5.295407450E0,5.937620401E-1,-8.858546615E-2,9.763554573E0,9.781993593E0
5.297411669E0,5.865794420E-1,-9.097966552E-2,9.761159897E0,9.779191954E0
5.299415224E0,5.817909837E-1,-9.337386489E-2,9.742006302E0,9.759809743E0
5.301419169E0,5.841852427E-1,-8.858546615E-2,9.742006302E0,9.759908123E0
5.303422099E0,5.913678408E-1,-9.816227108E-2,9.746794701E0,9.765211656E0
5.305425458E0,5.913678408E-1,-9.576806426E-2,9.739612579E0,9.758019299E0
5.307428934E0,5.961562395E-1,-9.337386489E-2,9.749189377E0,9.767845947E0
5.309431786E0,5.937620401E-1,-1.005564705E-1,9.739612579E0,9.758212857E0
5.311435145E0,5.913678408E-1,-1.005564705E-1,9.739612579E0,9.758067469E0
5.313438817E0,5.961562395E-1,-1.125274822E-1,9.737217903E0,9.756099486E0
5.315442411E0,5.913678408E-1,-1.053448766E-1,9.746794701E0,9.765286499E0
5.317445575E0,5.913678408E-1,-1.149216816E-1,9.737217903E0,9.755835967E0
5.319449677E0,5.985504389E-1,-1.173158810E-1,9.749189377E0,9.768250567E0
5.321453270E0,6.009446383E-1,-1.077390760E-1,9.756371498E0,9.775455333E0
5.323456161E0,6.057330370E-1,-1.101332754E-1,9.756371498E0,9.775777548E0
5.325459716E0,5.985504389E-1,-1.053448766E-1,9.753977776E0,9.772893257E0
5.327462606E0,5.985504389E-1,-1.053448766E-1,9.749189377E0,9.768114131E0
5.329465770E0,6.009446383E-1,-1.029506698E-1,9.756371498E0,9.775403731E0
5.331469130E0,6.129156351E-1,-1.125274822E-1,9.761159897E0,9.781031159E0
5.333472606E0,6.129156351E-1,-1.221042871E-1,9.761159897E0,9.781146025E0
5.335476591E0,6.129156351E-1,-1.173158810E-1,9.756371498E0,9.776308782E0
5.337480067E0,6.129156351E-1,-1.268926859E-1,9.756371498E0,9.776428394E0
5.339483309E0,6.224924326E-1,-1.197100878E-1,9.751583099E0,9.772164565E0
5.341486786E0,6.248866320E-1,-1.221042871E-1,9.758766174E0,9.779514814E0
5.343491356E0,6.248866320E-1,-1.197100878E-1,9.763554573E0,9.784263473E0
5.345495184E0,6.224924326E-1,-1.101332754E-1,9.749189377E0,9.769663232E0
5.347499559E0,6.200982332E-1,-1.053448766E-1,9.749189377E0,9.769458167E0
5.349504481E0,6.153098345E-1,-1.101332754E-1,9.746794701E0,9.766818441E0
5.351508817E0,6.081272364E-1,-1.029506698E-1,9.751583099E0,9.771069057E0
5.353512919E0,6.033388376E-1,-1.053448766E-1,9.756371498E0,9.775576715E0
5.355516591E0,6.081272364E-1,-1.125274822E-1,9.751583099E0,9.771174654E0
5.357520263E0,6.057330370E-1,-1.053448766E-1,9.746794701E0,9.766166955E0
5.359523778E0,6.009446383E-1,-1.077390760E-1,9.746794701E0,9.765897250E0
5.361527138E0,5.889736414E-1,-1.029506698E-1,9.753977776E0,9.772285876E0
5.363529911E0,5.817909837E-1,-1.029506698E-1,9.763554573E0,9.781414902E0
5.365533036E0,5.817909837E-1,-1.029506698E-1,9.758766174E0,9.776635251E0
5.367535458E0,5.793967843E-1,-9.816227108E-2,9.751583099E0,9.769273740E0
5.369539208E0,5.770025849E-1,-9.337386489E-2,9.765948296E0,9.783424593E0
5.371542606E0,5.770025849E-1,-9.337386489E-2,9.773131371E0,9.790594846E0
5.373545888E0,5.770025849E-1,-1.053448766E-1,9.768342972E0,9.785936539E0
5.375547841E0,5.746083856E-1,-1.053448766E-1,9.763554573E0,9.781015808E0
5.377550458E0,5.722141862E-1,-1.029506698E-1,9.758766174E0,9.776070026E0
5.379553114E0,5.793967843E-1,-9.337386489E-2,9.761159897E0,9.778786318E0
5.381554872E0,5.817909837E-1,-1.005564705E-1,9.749189377E0,9.767051032E0
5.383557802E0,5.841852427E-1,-1.101332754E-1,9.758766174E0,9.776856293E0
5.385560966E0,5.817909837E-1,-1.101332754E-1,9.765948296E0,9.783882471E0
5.387563231E0,5.865794420E-1,-1.149216816E-1,9.773131371E0,9.791393120E0
5.389565888E0,5.913678408E-1,-1.149216816E-1,9.768342972E0,9.786901825E0
5.391567880E0,5.889736414E-1,-1.149216816E-1,9.756371498E0,9.774808528E0
5.393569989E0,5.961562395E-1,-1.221042871E-1,9.751583099E0,9.770551912E0
5.395573114E0,6.009446383E-1,-1.173158810E-1,9.746794701E0,9.766007598E0
5.397575263E0,6.033388376E-1,-1.149216816E-1,9.753977776E0,9.773295616E0
5.399577841E0,6.081272364E-1,-1.149216816E-1,9.763554573E0,9.783149985E0
5.401580692E0,5.985504389E-1,-1.173158810E-1,9.765948296E0,9.784976840E0
5.403583934E0,6.009446383E-1,-1.101332754E-1,9.761159897E0,9.780261056E0
5.405586005E0,5.961562395E-1,-1.125274822E-1,9.763554573E0,9.782385322E0
5.407589403E0,6.009446383E-1,-1.101332754E-1,9.763554573E0,9.782651057E0
5.409592567E0,6.009446383E-1,-1.101332754E-1,9.758766174E0,9.777872010E0
5.411596044E0,6.057330370E-1,-1.149216816E-1,9.761159897E0,9.780611537E0
5.413599520E0,5.961562395E-1,-1.197100878E-1,9.765948296E0,9.784859676E0
5.415602606E0,5.961562395E-1,-1.125274822E-1,9.773131371E0,9.791943703E0
5.417605536E0,6.057330370E-1,-1.101332754E-1,9.777919769E0,9.797283137E0
5.419609325E0,6.057330370E-1,-1.101332754E-1,9.765948296E0,9.785335353E0
5.421613309E0,5.985504389E-1,-1.149216816E-1,9.768342972E0,9.787338455E0
5.423617958E0,6.057330370E-1,-1.149216816E-1,9.765948296E0,9.785390417E0
5.425621395E0,6.153098345E-1,-1.077390760E-1,9.765948296E0,9.785906193E0
5.427623349E0,6.177040339E-1,-1.053448766E-1,9.770736694E0,9.790809536E0
5.429626395E0,6.105214357E-1,-1.053448766E-1,9.763554573E0,9.783191293E0
5.431629833E0,6.057330370E-1,-1.005564705E-1,9.746794701E0,9.766116477E0
5.433632372E0,6.057330370E-1,-1.077390760E-1,9.751583099E0,9.770971966E0
5.435634989E0,6.033388376E-1,-1.125274822E-1,9.749189377E0,9.768488813E0
5.437637724E0,6.081272364E-1,-1.149216816E-1,9.751583099E0,9.771202519E0
5.439640497E0,6.057330370E-1,-1.173158810E-1,9.753977776E0,9.773472156E0
5.441642372E0,5.961562395E-1,-1.221042871E-1,9.749189377E0,9.768162838E0
5.443644403E0,5.865794420E-1,-1.101332754E-1,9.737217903E0,9.755491647E0
5.445646005E0,5.889736414E-1,-1.149216816E-1,9.751583099E0,9.770029165E0
5.447647684E0,5.865794420E-1,-1.125274822E-1,9.753977776E0,9.772247455E0
5.449650184E0,5.793967843E-1,-1.005564705E-1,9.746794701E0,9.764518379E0
5.451652724E0,5.770025849E-1,-1.005564705E-1,9.768342972E0,9.785886163E0
5.453656161E0,5.770025849E-1,-1.029506698E-1,9.770736694E0,9.788300484E0
5.455659989E0,5.841852427E-1,-9.097966552E-2,9.763554573E0,9.781438933E0
5.457663934E0,5.865794420E-1,-9.576806426E-2,9.761159897E0,9.779237675E0
5.459668778E0,5.865794420E-1,-9.576806426E-2,9.763554573E0,9.781627925E0
5.461673270E0,5.770025849E-1,-1.029506698E-1,9.763554573E0,9.781131260E0
5.463677294E0,5.746083856E-1,-1.029506698E-1,9.749189377E0,9.766650764E0
5.465682138E0,5.793967843E-1,-1.077390760E-1,9.756371498E0,9.774154345E0
5.467687138E0,5.817909837E-1,-1.077390760E-1,9.753977776E0,9.771907230E0
5.469690575E0,5.889736414E-1,-1.053448766E-1,9.761159897E0,9.779480049E0
5.471694130E0,5.913678408E-1,-1.029506698E-1,9.758766174E0,9.777209827E0
5.473697763E0,5.841852427E-1,-1.005564705E-1,9.756371498E0,9.774362834E0
5.475701669E0,5.889736414E-1,-1.053448766E-1,9.763554573E0,9.781870240E0
5.477706395E0,5.961562395E-1,-1.005564705E-1,9.758766174E0,9.777475702E0
5.479710106E0,5.937620401E-1,-1.005564705E-1,9.753977776E0,9.772550712E0
5.481714247E0,5.961562395E-1,-1.005564705E-1,9.761159897E0,9.779864846E0
5.483717411E0,5.961562395E-1,-1.005564705E-1,9.758766174E0,9.777475702E0
5.485721083E0,5.985504389E-1,-1.077390760E-1,9.756371498E0,9.775308442E0
5.487724599E0,6.057330370E-1,-1.149216816E-1,9.761159897E0,9.780611537E0
5.489727724E0,5.961562395E-1,-1.173158810E-1,9.756371498E0,9.775272379E0
5.491730184E0,5.913678408E-1,-1.101332754E-1,9.758766174E0,9.777288096E0
5.493733192E0,6.009446383E-1,-1.125274822E-1,9.739612579E0,9.758783228E0
5.495735458E0,6.057330370E-1,-1.077390760E-1,9.749189377E0,9.768582995E0
5.497738544E0,6.009446383E-1,-1.125274822E-1,9.761159897E0,9.780288310E0
5.499742138E0,6.009446383E-1,-1.125274822E-1,9.775525093E0,9.794625452E0
5.501745224E0,6.081272364E-1,-1.197100878E-1,9.763554573E0,9.783207406E0
5.503748622E0,6.105214357E-1,-1.173158810E-1,9.761159897E0,9.780937684E0
5.505751395E0,6.057330370E-1,-1.077390760E-1,9.751583099E0,9.770971966E0
5.507754247E0,6.057330370E-1,-1.029506698E-1,9.768342972E0,9.787647101E0
5.509757099E0,6.057330370E-1,-1.101332754E-1,9.773131371E0,9.792504207E0
5.511760653E0,6.105214357E-1,-1.149216816E-1,9.763554573E0,9.783299102E0
5.513763270E0,6.057330370E-1,-1.173158810E-1,9.758766174E0,9.778251008E0
5.515765575E0,6.057330370E-1,-1.268926859E-1,9.761159897E0,9.780759520E0
5.517768270E0,5.985504389E-1,-1.197100878E-1,9.765948296E0,9.785005838E0
5.519771317E0,5.985504389E-1,-1.173158810E-1,9.765948296E0,9.784976840E0
5.521773466E0,6.009446383E-1,-1.173158810E-1,9.761159897E0,9.780344575E0
5.523775888E0,5.889736414E-1,-1.029506698E-1,9.775525093E0,9.793792914E0
5.525778309E0,5.865794420E-1,-1.029506698E-1,9.761159897E0,9.779310651E0
5.527780849E0,5.961562395E-1,-1.077390760E-1,9.746794701E0,9.765603766E0
5.529783856E0,5.937620401E-1,-1.029506698E-1,9.739612579E0,9.758237822E0
5.531787684E0,5.841852427E-1,-9.816227108E-2,9.749189377E0,9.767169587E0
5.533792567E0,5.817909837E-1,-9.337386489E-2,9.746794701E0,9.764589411E0
5.535796903E0,5.817909837E-1,-9.816227108E-2,9.746794701E0,9.764636374E0
5.537800302E0,5.913678408E-1,-9.816227108E-2,9.749189377E0,9.767601817E0
5.539804520E0,5.889736414E-1,-9.576806426E-2,9.756371498E0,9.774602103E0
5.541809091E0,5.913678408E-1,-9.816227108E-2,9.744400978E0,9.762822449E0
5.543812763E0,5.913678408E-1,-9.816227108E-2,9.739612579E0,9.758043090E0
5.545816825E0,5.985504389E-1,-1.053448766E-1,9.751583099E0,9.770503217E0
5.547820184E0,5.913678408E-1,-1.053448766E-1,9.758766174E0,9.777235331E0
5.549824403E0,5.913678408E-1,-1.029506698E-1,9.761159897E0,9.779599036E0
5.551828466E0,6.129156351E-1,-9.816227108E-2,9.761159897E0,9.780876440E0
5.553832645E0,6.081272364E-1,-9.337386489E-2,9.753977776E0,9.773362771E0
5.555836630E0,5.913678408E-1,-1.005564705E-1,9.751583099E0,9.770015377E0
5.557840692E0,5.913678408E-1,-1.029506698E-1,9.763554573E0,9.781989198E0
5.559844638E0,5.865794420E-1,-9.816227108E-2,9.763554573E0,9.781651659E0
5.561848700E0,5.913678408E-1,-9.576806426E-2,9.756371498E0,9.774746659E0
5.563851825E0,5.937620401E-1,-1.005564705E-1,9.758766174E0,9.777330014E0
5.565854638E0,5.961562395E-1,-1.053448766E-1,9.756371498E0,9.775136041E0
5.567856903E0,5.937620401E-1,-1.101332754E-1,9.756371498E0,9.775043095E0
5.569859559E0,5.913678408E-1,-1.125274822E-1,9.763554573E0,9.782094676E0
5.571861825E0,5.985504389E-1,-1.101332754E-1,9.763554573E0,9.782504274E0
5.573864325E0,6.081272364E-1,-1.125274822E-1,9.765948296E0,9.785511089E0
5.575867333E0,6.009446383E-1,-1.173158810E-1,9.770736694E0,9.789902605E0
5.577869911E0,5.913678408E-1,-1.077390760E-1,9.765948296E0,9.784429965E0
5.579872997E0,5.865794420E-1,-1.053448766E-1,9.765948296E0,9.784115652E0
5.581876434E0,6.033388376E-1,-1.077390760E-1,9.756371498E0,9.775602809E0
5.583878466E0,6.105214357E-1,-1.101332754E-1,9.765948296E0,9.785632932E0
5.585880497E0,6.033388376E-1,-1.125274822E-1,9.768342972E0,9.787604641E0
5.587882919E0,6.009446383E-1,-1.149216816E-1,9.758766174E0,9.777927117E0
5.589886434E0,5.985504389E-1,-1.125274822E-1,9.765948296E0,9.784920601E0
5.591889481E0,5.937620401E-1,-1.077390760E-1,9.768342972E0,9.786965080E0
5.593892645E0,5.985504389E-1,-1.125274822E-1,9.751583099E0,9.770583299E0
5.595897020E0,6.033388376E-1,-1.173158810E-1,9.753977776E0,9.773324062E0
5.597900692E0,5.961562395E-1,-1.125274822E-1,9.770736694E0,9.789553629E0
5.599904911E0,6.033388376E-1,-1.077390760E-1,9.758766174E0,9.777992775E0
5.601908466E0,6.009446383E-1,-1.005564705E-1,9.761159897E0,9.780157902E0
5.603912567E0,5.937620401E-1,-1.005564705E-1,9.758766174E0,9.777330014E0
5.605916356E0,5.985504389E-1,-1.053448766E-1,9.758766174E0,9.777672393E0
5.607920224E0,6.057330370E-1,-1.029506698E-1,9.756371498E0,9.775699267E0
5.609923817E0,6.033388376E-1,-1.077390760E-1,9.765948296E0,9.785160784E0
5.611927724E0,5.937620401E-1,-1.029506698E-1,9.761159897E0,9.779744104E0
5.613932372E0,5.937620401E-1,-9.816227108E-2,9.761159897E0,9.779694869E0
5.615936434E0,5.889736414E-1,-9.337386489E-2,9.758766174E0,9.776969156E0
5.617940224E0,5.865794420E-1,-8.858546615E-2,9.761159897E0,9.779169973E0
5.619943349E0,5.913678408E-1,-9.576806426E-2,9.749189377E0,9.767578049E0
5.621946434E0,5.937620401E-1,-9.576806426E-2,9.753977776E0,9.772502613E0
5.623950145E0,5.913678408E-1,-8.858546615E-2,9.761159897E0,9.779458361E0
5.625953231E0,5.793967843E-1,-9.816227108E-2,9.763554573E0,9.781223562E0
5.627956552E0,5.817909837E-1,-1.005564705E-1,9.768342972E0,9.786169668E0
5.629958622E0,5.913678408E-1,-9.337386489E-2,9.756371498E0,9.774723495E0
5.631961513E0,5.937620401E-1,-9.576806426E-2,9.765948296E0,9.784450470E0
5.633963192E0,5.937620401E-1,-1.005564705E-1,9.765948296E0,9.784498509E0
5.635965458E0,5.889736414E-1,-1.077390760E-1,9.763554573E0,9.781896317E0
5.637968544E0,5.937620401E-1,-1.149216816E-1,9.758766174E0,9.777488307E0
5.639970849E0,5.961562395E-1,-1.221042871E-1,9.756371498E0,9.775331019E0
5.641973895E0,5.937620401E-1,-1.053448766E-1,9.763554573E0,9.782159721E0
5.643976591E0,5.817909837E-1,-1.101332754E-1,9.753977776E0,9.771933920E0
5.645979286E0,5.913678408E-1,-1.125274822E-1,9.756371498E0,9.774925226E0
5.647982372E0,5.961562395E-1,-1.077390760E-1,9.756371498E0,9.775162136E0
5.649985614E0,5.985504389E-1,-1.029506698E-1,9.753977776E0,9.772867743E0
5.651989208E0,5.985504389E-1,-1.029506698E-1,9.756371498E0,9.775256839E0
5.653994013E0,5.937620401E-1,-1.125274822E-1,9.742006302E0,9.760732687E0
5.655997255E0,5.937620401E-1,-1.244984865E-1,9.737217903E0,9.756098899E0
5.658001708E0,5.961562395E-1,-1.197100878E-1,9.749189377E0,9.768133203E0
5.660007059E0,5.865794420E-1,-1.149216816E-1,9.742006302E0,9.760326287E0
5.662013036E0,5.937620401E-1,-1.173158810E-1,9.761159897E0,9.779905874E0
5.664017763E0,5.937620401E-1,-1.244984865E-1,9.765948296E0,9.784773853E0
5.666022411E0,5.961562395E-1,-1.173158810E-1,9.761159897E0,9.780051524E0
5.668026669E0,5.937620401E-1,-1.173158810E-1,9.775525093E0,9.794243576E0
5.670030302E0,5.937620401E-1,-1.221042871E-1,9.765948296E0,9.784743682E0
5.672034755E0,5.913678408E-1,-1.149216816E-1,9.785101891E0,9.803629018E0
5.674039247E0,5.985504389E-1,-1.149216816E-1,9.785101891E0,9.804064903E0
5.676043466E0,6.057330370E-1,-1.149216816E-1,9.780313492E0,9.799727114E0
5.678047216E0,6.009446383E-1,-1.101332754E-1,9.782708168E0,9.801767335E0
5.680051239E0,5.961562395E-1,-1.125274822E-1,9.775525093E0,9.794332828E0
5.682054403E0,5.961562395E-1,-1.149216816E-1,9.782708168E0,9.801529899E0
5.684058036E0,5.985504389E-1,-1.029506698E-1,9.782708168E0,9.801542765E0
5.686061122E0,5.961562395E-1,-9.337386489E-2,9.768342972E0,9.786963030E0
5.688064755E0,5.913678408E-1,-9.576806426E-2,9.753977776E0,9.772357438E0
5.690068974E0,5.913678408E-1,-9.576806426E-2,9.732429504E0,9.750849784E0
5.692072020E0,5.889736414E-1,-9.576806426E-2,9.734824181E0,9.753095063E0
5.694075341E0,5.937620401E-1,-9.816227108E-2,9.734824181E0,9.753409200E0
5.696079481E0,5.961562395E-1,-9.576806426E-2,9.722852707E0,9.741582959E0
5.698083934E0,5.937620401E-1,-9.816227108E-2,9.722852707E0,9.741460566E0
5.700087294E0,5.985504389E-1,-1.005564705E-1,9.734824181E0,9.753726265E0
5.702090341E0,5.913678408E-1,-9.816227108E-2,9.725247383E0,9.743705066E0
5.704094130E0,5.961562395E-1,-1.029506698E-1,9.727641106E0,9.746435378E0
5.706097997E0,6.009446383E-1,-1.005564705E-1,9.744400978E0,9.763431594E0
5.708102059E0,5.937620401E-1,-1.077390760E-1,9.749189377E0,9.767848001E0
5.710105145E0,5.865794420E-1,-1.053448766E-1,9.744400978E0,9.762608433E0
5.712109130E0,5.817909837E-1,-1.101332754E-1,9.744400978E0,9.762374737E0
5.714112294E0,5.817909837E-1,-1.101332754E-1,9.742006302E0,9.759984471E0
5.716116200E0,5.865794420E-1,-1.077390760E-1,9.744400978E0,9.762634561E0
5.718120536E0,5.961562395E-1,-1.005564705E-1,9.744400978E0,9.763138035E0
5.720123700E0,5.961562395E-1,-1.053448766E-1,9.768342972E0,9.787084562E0
5.722127919E0,5.865794420E-1,-9.816227108E-2,9.770736694E0,9.788820502E0
5.724130966E0,5.889736414E-1,-9.816227108E-2,9.761159897E0,9.779405315E0
5.726134559E0,5.793967843E-1,-1.053448766E-1,9.756371498E0,9.774128247E0
5.728138778E0,5.889736414E-1,-1.125274822E-1,9.758766174E0,9.777170840E0
5.730143114E0,5.937620401E-1,-1.101332754E-1,9.758766174E0,9.777433198E0
5.732147606E0,5.985504389E-1,-1.125274822E-1,9.753977776E0,9.772973320E0
5.734151591E0,5.985504389E-1,-1.125274822E-1,9.763554573E0,9.782531521E0
5.736156395E0,5.985504389E-1,-1.125274822E-1,9.761159897E0,9.780141492E0
5.738160184E0,6.033388376E-1,-1.149216816E-1,9.770736694E0,9.790021466E0
5.740163544E0,5.937620401E-1,-1.221042871E-1,9.765948296E0,9.784743682E0
5.742166630E0,5.961562395E-1,-1.244984865E-1,9.775525093E0,9.794477678E0
5.744169520E0,5.889736414E-1,-1.125274822E-1,9.770736694E0,9.789118854E0
5.746172841E0,5.865794420E-1,-1.101332754E-1,9.770736694E0,9.788947866E0
5.748175731E0,5.913678408E-1,-1.101332754E-1,9.768342972E0,9.786846769E0
5.750179716E0,6.033388376E-1,-1.101332754E-1,9.761159897E0,9.780408459E0
5.752184442E0,6.033388376E-1,-1.101332754E-1,9.773131371E0,9.792356401E0
5.754187802E0,6.033388376E-1,-1.125274822E-1,9.761159897E0,9.780435712E0
5.756192333E0,6.009446383E-1,-1.197100878E-1,9.751583099E0,9.770815621E0
5.758197294E0,5.961562395E-1,-1.149216816E-1,9.746794701E0,9.765685649E0
5.760201552E0,5.985504389E-1,-1.029506698E-1,9.749189377E0,9.768088604E0
5.762206083E0,5.937620401E-1,-1.029506698E-1,9.751583099E0,9.770185523E0
5.764211474E0,5.937620401E-1,-1.005564705E-1,9.749189377E0,9.767771418E0
5.766217059E0,5.937620401E-1,-9.576806426E-2,9.739612579E0,9.758164688E0
5.768221239E0,5.961562395E-1,-1.053448766E-1,9.734824181E0,9.753630177E0
5.770226005E0,5.913678408E-1,-8.858546615E-2,9.746794701E0,9.765120083E0
5.772230692E0,5.985504389E-1,-9.337386489E-2,9.744400978E0,9.763213187E0
5.774235341E0,5.913678408E-1,-9.576806426E-2,9.753977776E0,9.772357438E0
5.776240849E0,5.889736414E-1,-1.005564705E-1,9.761159897E0,9.779429640E0
5.778244911E0,5.865794420E-1,-1.125274822E-1,9.763554573E0,9.781806366E0
5.780250028E0,5.865794420E-1,-1.125274822E-1,9.770736694E0,9.788975096E0
5.782254950E0,5.913678408E-1,-1.101332754E-1,9.773131371E0,9.791626119E0
5.784259677E0,5.937620401E-1,-1.101332754E-1,9.756371498E0,9.775043095E0
5.786264052E0,5.961562395E-1,-1.029506698E-1,9.761159897E0,9.779889756E0
5.788267528E0,5.961562395E-1,-1.077390760E-1,9.751583099E0,9.770382946E0
5.790271122E0,6.033388376E-1,-1.029506698E-1,9.739612579E0,9.758825226E0
5.792275575E0,6.033388376E-1,-1.101332754E-1,9.751583099E0,9.770850528E0
5.794281122E0,6.009446383E-1,-1.125274822E-1,9.753977776E0,9.773120246E0
5.796284169E0,6.009446383E-1,-1.053448766E-1,9.749189377E0,9.768261130E0
5.798288427E0,5.985504389E-1,-9.337386489E-2,9.753977776E0,9.772771549E0
5.800292411E0,6.057330370E-1,-9.816227108E-2,9.773131371E0,9.792376889E0
5.802296981E0,6.057330370E-1,-1.077390760E-1,9.763554573E0,9.782919714E0
5.804301825E0,5.985504389E-1,-1.125274822E-1,9.758766174E0,9.777752416E0
5.806306474E0,5.889736414E-1,-1.101332754E-1,9.765948296E0,9.784312209E0
5.808310927E0,5.961562395E-1,-1.077390760E-1,9.770736694E0,9.789499758E0
5.810314638E0,5.913678408E-1,-1.077390760E-1,9.775525093E0,9.793988691E0
5.812318778E0,5.937620401E-1,-1.077390760E-1,9.773131371E0,9.791744372E0
5.814322255E0,6.033388376E-1,-1.173158810E-1,9.761159897E0,9.780491976E0
5.816325497E0,5.985504389E-1,-1.149216816E-1,9.756371498E0,9.775390244E0
5.818329442E0,6.033388376E-1,-1.149216816E-1,9.761159897E0,9.780463551E0
5.820332958E0,5.985504389E-1,-1.149216816E-1,9.756371498E0,9.775390244E0
5.822336356E0,5.985504389E-1,-1.197100878E-1,9.765948296E0,9.785005838E0
5.824341005E0,5.961562395E-1,-1.197100878E-1,9.770736694E0,9.789638825E0
5.826345888E0,5.937620401E-1,-1.101332754E-1,9.777919769E0,9.796550297E0
5.828350575E0,5.937620401E-1,-1.053448766E-1,9.775525093E0,9.794107501E0
5.830355263E0,5.961562395E-1,-1.029506698E-1,9.773131371E0,9.791838330E0
5.832360692E0,6.033388376E-1,-1.101332754E-1,9.761159897E0,9.780408459E0
5.834364638E0,5.985504389E-1,-1.125274822E-1,9.763554573E0,9.782531521E0
5.836368974E0,5.985504389E-1,-1.005564705E-1,9.753977776E0,9.772842815E0
5.838373778E0,5.865794420E-1,-1.005564705E-1,9.765948296E0,9.784065267E0
5.840378075E0,5.937620401E-1,-1.077390760E-1,9.768342972E0,9.786965080E0
5.842382880E0,5.865794420E-1,-1.101332754E-1,9.770736694E0,9.788947866E0
5.844387216E0,5.841852427E-1,-1.053448766E-1,9.775525093E0,9.793531579E0
5.846390927E0,5.937620401E-1,-1.077390760E-1,9.773131371E0,9.791744372E0
5.848395458E0,5.865794420E-1,-1.029506698E-1,9.775525093E0,9.793649224E0
5.850399677E0,5.889736414E-1,-1.029506698E-1,9.768342972E0,9.786624199E0
5.852404091E0,5.865794420E-1,-1.053448766E-1,9.758766174E0,9.776946877E0
5.854408466E0,5.913678408E-1,-1.029506698E-1,9.753977776E0,9.772430466E0
5.856412372E0,5.961562395E-1,-1.077390760E-1,9.749189377E0,9.767993831E0
5.858416239E0,5.961562395E-1,-1.029506698E-1,9.749189377E0,9.767942189E0
5.860420731E0,6.033388376E-1,-1.029506698E-1,9.751583099E0,9.770772208E0
5.862424677E0,6.081272364E-1,-1.005564705E-1,9.734824181E0,9.754318642E0
5.864428349E0,6.009446383E-1,-1.005564705E-1,9.744400978E0,9.763431594E0
5.866431708E0,6.033388376E-1,-1.005564705E-1,9.753977776E0,9.773137255E0
5.868435653E0,6.033388376E-1,-1.101332754E-1,9.739612579E0,9.758903642E0
5.870439208E0,6.081272364E-1,-1.101332754E-1,9.739612579E0,9.759200852E0
5.872443075E0,6.009446383E-1,-1.125274822E-1,9.749189377E0,9.768341231E0
5.874447606E0,6.057330370E-1,-1.101332754E-1,9.742006302E0,9.761440910E0
5.876452372E0,6.081272364E-1,-1.149216816E-1,9.737217903E0,9.756866209E0
5.878456200E0,5.985504389E-1,-1.125274822E-1,9.739612579E0,9.758636086E0
5.880461161E0,5.985504389E-1,-1.149216816E-1,9.751583099E0,9.770611166E0
5.882466161E0,6.057330370E-1,-1.125274822E-1,9.765948296E0,9.785362592E0
5.884471005E0,5.985504389E-1,-1.149216816E-1,9.765948296E0,9.784948428E0
5.886475028E0,5.913678408E-1,-1.149216816E-1,9.768342972E0,9.786901825E0
5.888479325E0,5.961562395E-1,-1.173158810E-1,9.765948296E0,9.784830678E0
5.890483075E0,6.009446383E-1,-1.173158810E-1,9.773131371E0,9.792292595E0
5.892485809E0,5.865794420E-1,-1.125274822E-1,9.775525093E0,9.793754577E0
5.894490653E0,5.889736414E-1,-1.125274822E-1,9.770736694E0,9.789118854E0
5.896495106E0,6.033388376E-1,-1.101332754E-1,9.770736694E0,9.789966427E0
5.898498544E0,6.009446383E-1,-1.077390760E-1,9.773131371E0,9.792182543E0
5.900502333E0,6.033388376E-1,-1.077390760E-1,9.770736694E0,9.789939786E0
5.902505927E0,5.913678408E-1,-1.125274822E-1,9.770736694E0,9.789263195E0
5.904509169E0,5.913678408E-1,-1.125274822E-1,9.775525093E0,9.794042536E0
5.906511669E0,5.913678408E-1,-1.149216816E-1,9.780313492E0,9.798849673E0
5.908515536E0,5.913678408E-1,-1.149216816E-1,9.775525093E0,9.794070337E0
5.910520302E0,5.961562395E-1,-1.125274822E-1,9.773131371E0,9.791943703E0
5.912524833E0,5.985504389E-1,-1.029506698E-1,9.749189377E0,9.768088604E0
5.914529872E0,5.937620401E-1,-9.576806426E-2,9.753977776E0,9.772502613E0
5.916533583E0,5.937620401E-1,-1.053448766E-1,9.742006302E0,9.760652524E0
5.918537841E0,6.009446383E-1,-9.816227108E-2,9.758766174E0,9.777744501E0
5.920541591E0,6.009446383E-1,-1.029506698E-1,9.749189377E0,9.768235603E0
5.922545731E0,5.889736414E-1,-1.077390760E-1,9.758766174E0,9.777116901E0
5.924549325E0,5.889736414E-1,-1.053448766E-1,9.753977776E0,9.772311392E0
5.926552216E0,5.913678408E-1,-1.077390760E-1,9.756371498E0,9.774871275E0
5.928555849E0,5.889736414E-1,-1.053448766E-1,9.753977776E0,9.772311392E0
5.930560184E0,5.961562395E-1,-1.053448766E-1,9.742006302E0,9.760798461E0
5.932563661E0,5.913678408E-1,-1.053448766E-1,9.739612579E0,9.758117988E0
5.934567177E0,5.889736414E-1,-1.101332754E-1,9.753977776E0,9.772364184E0
5.936570263E0,5.865794420E-1,-1.053448766E-1,9.758766174E0,9.776946877E0
5.938573544E0,5.913678408E-1,-1.053448766E-1,9.758766174E0,9.777235331E0
5.940577059E0,5.817909837E-1,-1.053448766E-1,9.763554573E0,9.781440395E0
5.942579950E0,5.841852427E-1,-1.053448766E-1,9.761159897E0,9.779192833E0
5.944584950E0,5.841852427E-1,-1.125274822E-1,9.753977776E0,9.772104035E0
5.946589481E0,5.961562395E-1,-1.149216816E-1,9.761159897E0,9.780023097E0
5.948594091E0,5.865794420E-1,-1.173158810E-1,9.756371498E0,9.774693001E0
5.950597880E0,5.913678408E-1,-1.101332754E-1,9.753977776E0,9.772508772E0
5.952602411E0,5.985504389E-1,-1.077390760E-1,9.768342972E0,9.787256753E0
5.954606747E0,6.009446383E-1,-1.077390760E-1,9.765948296E0,9.785013453E0
5.956610849E0,6.057330370E-1,-1.101332754E-1,9.768342972E0,9.787725286E0
5.958614716E0,6.009446383E-1,-1.221042871E-1,9.768342972E0,9.787572137E0
5.960617645E0,5.961562395E-1,-1.173158810E-1,9.763554573E0,9.782441576E0
5.962620614E0,6.057330370E-1,-1.029506698E-1,9.761159897E0,9.780478203E0
5.964625067E0,6.009446383E-1,-1.029506698E-1,9.765948296E0,9.784961901E0
5.966629638E0,6.009446383E-1,-1.125274822E-1,9.765948296E0,9.785067348E0
5.968633700E0,5.985504389E-1,-1.125274822E-1,9.768342972E0,9.787310636E0
5.970636395E0,6.057330370E-1,-1.221042871E-1,9.765948296E0,9.785477407E0
5.972640028E0,6.081272364E-1,-1.149216816E-1,9.770736694E0,9.790317731E0
5.974644130E0,6.081272364E-1,-1.149216816E-1,9.761159897E0,9.780760106E0
5.976648270E0,6.057330370E-1,-1.101332754E-1,9.761159897E0,9.780556445E0
5.978653075E0,6.009446383E-1,-1.053448766E-1,9.758766174E0,9.777819248E0
5.980658505E0,5.961562395E-1,-1.077390760E-1,9.763554573E0,9.782331413E0
5.982662958E0,5.889736414E-1,-1.077390760E-1,9.756371498E0,9.774726721E0
5.984667216E0,5.841852427E-1,-1.125274822E-1,9.751583099E0,9.769713802E0
5.986671200E0,5.817909837E-1,-1.197100878E-1,9.749189377E0,9.767267006E0
5.988676005E0,5.889736414E-1,-1.125274822E-1,9.761159897E0,9.779560057E0
5.990681278E0,5.865794420E-1,-1.125274822E-1,9.763554573E0,9.781806366E0
5.992686044E0,5.913678408E-1,-1.149216816E-1,9.753977776E0,9.772563909E0
5.994690224E0,5.889736414E-1,-1.197100878E-1,9.758766174E0,9.777256144E0
5.996695028E0,5.961562395E-1,-1.029506698E-1,9.758766174E0,9.777500619E0
5.998699442E0,5.913678408E-1,-1.077390760E-1,9.749189377E0,9.767702756E0
6.000704481E0,5.985504389E-1,-1.101332754E-1,9.744400978E0,9.763387854E0
6.002711239E0,5.961562395E-1,-1.125274822E-1,9.746794701E0,9.765657768E0
6.004716864E0,5.889736414E-1,-1.125274822E-1,9.756371498E0,9.774780672E0
6.006722606E0,5.889736414E-1,-1.125274822E-1,9.756371498E0,9.774780672E0
6.008727099E0,6.009446383E-1,-1.077390760E-1,9.758766174E0,9.777845336E0
6.010731981E0,5.985504389E-1,-1.149216816E-1,9.753977776E0,9.773001180E0
6.012737645E0,6.081272364E-1,-1.173158810E-1,9.744400978E0,9.764063302E0
6.014743388E0,5.985504389E-1,-1.053448766E-1,9.756371498E0,9.775282348E0
6.016748505E0,5.913678408E-1,-9.816227108E-2,9.758766174E0,9.777160580E0
6.018752724E0,5.865794420E-1,-9.816227108E-2,9.761159897E0,9.779261414E0
6.020757567E0,5.817909837E-1,-1.029506698E-1,9.751583099E0,9.769465315E0
6.022761434E0,5.937620401E-1,-9.337386489E-2,9.761159897E0,9.779647978E0
6.024765536E0,5.889736414E-1,-9.097966552E-2,9.758766174E0,9.776946583E0
6.026769052E0,5.817909837E-1,-9.097966552E-2,9.758766174E0,9.776516521E0
6.028772645E0,5.937620401E-1,-9.816227108E-2,9.753977776E0,9.772526369E0
6.030777177E0,5.841852427E-1,-1.101332754E-1,9.742006302E0,9.760127485E0
6.032780653E0,5.913678408E-1,-1.029506698E-1,9.749189377E0,9.767651113E0
6.034785028E0,5.865794420E-1,-1.077390760E-1,9.753977776E0,9.772193490E0
6.036789442E0,5.961562395E-1,-1.125274822E-1,9.749189377E0,9.768047819E0
6.038794286E0,5.937620401E-1,-1.125274822E-1,9.756371498E0,9.775070363E0
6.040799481E0,5.865794420E-1,-1.077390760E-1,9.758766174E0,9.776972967E0
6.042804091E0,5.913678408E-1,-1.101332754E-1,9.758766174E0,9.777288096E0
6.044808505E0,5.937620401E-1,-1.005564705E-1,9.753977776E0,9.772550712E0
6.046814169E0,5.961562395E-1,-1.077390760E-1,9.765948296E0,9.784720542E0
6.048819403E0,6.033388376E-1,-1.149216816E-1,9.763554573E0,9.782853502E0
6.050822841E0,6.105214357E-1,-1.077390760E-1,9.758766174E0,9.778438596E0
6.052825966E0,5.961562395E-1,-1.125274822E-1,9.753977776E0,9.772826978E0
6.054830419E0,5.913678408E-1,-9.816227108E-2,9.756371498E0,9.774770410E0
6.056835263E0,5.937620401E-1,-1.005564705E-1,9.753977776E0,9.772550712E0
6.058840263E0,6.033388376E-1,-1.077390760E-1,9.765948296E0,9.785160784E0
6.060845341E0,5.937620401E-1,-1.005564705E-1,9.758766174E0,9.777330014E0
6.062850028E0,5.817909837E-1,-9.816227108E-2,9.749189377E0,9.767026676E0
6.064854833E0,5.913678408E-1,-1.077390760E-1,9.756371498E0,9.774871275E0
6.066860145E0,5.937620401E-1,-1.077390760E-1,9.763554573E0,9.782185797E0
6.068866395E0,5.961562395E-1,-1.077390760E-1,9.768342972E0,9.787110625E0
6.070871825E0,5.913678408E-1,-1.125274822E-1,9.765948296E0,9.784483863E0
6.072877138E0,5.937620401E-1,-1.125274822E-1,9.763554573E0,9.782239708E0
6.074882724E0,5.889736414E-1,-1.197100878E-1,9.756371498E0,9.774865997E0
6.076887724E0,5.817909837E-1,-1.197100878E-1,9.761159897E0,9.779215397E0
6.078892059E0,5.937620401E-1,-1.077390760E-1,9.758766174E0,9.777406523E0
6.080898075E0,5.961562395E-1,-1.173158810E-1,9.751583099E0,9.770493244E0
6.082904716E0,5.985504389E-1,-1.125274822E-1,9.732429504E0,9.751467024E0
6.084909833E0,6.009446383E-1,-1.053448766E-1,9.739612579E0,9.758703049E0
6.086914638E0,5.985504389E-1,-1.005564705E-1,9.742006302E0,9.760894478E0
6.088921083E0,6.033388376E-1,-1.077390760E-1,9.746794701E0,9.766044870E0
6.090927020E0,6.081272364E-1,-1.197100878E-1,9.746794701E0,9.766481259E0
6.092931278E0,5.985504389E-1,-1.077390760E-1,9.761159897E0,9.780087570E0
6.094936161E0,6.009446383E-1,-1.029506698E-1,9.756371498E0,9.775403731E0
6.096940380E0,6.105214357E-1,-1.053448766E-1,9.751583099E0,9.771243877E0
6.098945731E0,5.961562395E-1,-1.053448766E-1,9.756371498E0,9.775136041E0
6.100951434E0,5.937620401E-1,-1.029506698E-1,9.758766174E0,9.777354931E0
6.102956278E0,5.985504389E-1,-1.101332754E-1,9.768342972E0,9.787283401E0
6.104960927E0,5.961562395E-1,-1.053448766E-1,9.775525093E0,9.794252940E0
6.106966708E0,5.937620401E-1,-1.029506698E-1,9.773131371E0,9.791692856E0
6.108971083E0,6.081272364E-1,-1.005564705E-1,9.770736694E0,9.790159646E0
6.110975731E0,6.009446383E-1,-9.816227108E-2,9.761159897E0,9.780133579E0
6.112979833E0,6.033388376E-1,-1.029506698E-1,9.763554573E0,9.782720199E0
6.114984481E0,6.129156351E-1,-1.029506698E-1,9.756371498E0,9.776146952E0
6.116990341E0,6.057330370E-1,-1.125274822E-1,9.751583099E0,9.771025938E0
6.118995341E0,6.033388376E-1,-1.149216816E-1,9.770736694E0,9.790021466E0
6.120999638E0,6.105214357E-1,-1.149216816E-1,9.789890289E0,9.809581810E0
6.123004286E0,6.057330370E-1,-1.125274822E-1,9.775525093E0,9.794920408E0
6.125008309E0,6.081272364E-1,-1.149216816E-1,9.749189377E0,9.768813604E0
6.127012450E0,6.081272364E-1,-1.173158810E-1,9.765948296E0,9.785567325E0
6.129016942E0,5.961562395E-1,-1.149216816E-1,9.756371498E0,9.775243939E0
6.131020770E0,5.889736414E-1,-1.221042871E-1,9.756371498E0,9.774895612E0
6.133025341E0,5.937620401E-1,-1.221042871E-1,9.746794701E0,9.765626951E0
6.135030106E0,5.889736414E-1,-1.149216816E-1,9.756371498E0,9.774808528E0
6.137034989E0,5.841852427E-1,-1.125274822E-1,9.756371498E0,9.774493319E0
6.139038583E0,5.817909837E-1,-1.053448766E-1,9.758766174E0,9.776660756E0
6.141042958E0,5.817909837E-1,-9.576806426E-2,9.763554573E0,9.781341941E0
6.143046825E0,5.865794420E-1,-9.576806426E-2,9.744400978E0,9.762509789E0
6.145049520E0,5.985504389E-1,-1.101332754E-1,9.756371498E0,9.775335123E0
6.147052919E0,5.985504389E-1,-9.816227108E-2,9.761159897E0,9.779986758E0
6.149056356E0,5.889736414E-1,-9.097966552E-2,9.758766174E0,9.776946583E0
6.151059208E0,5.913678408E-1,-9.576806426E-2,9.746794701E0,9.765187883E0
6.153062411E0,5.985504389E-1,-9.337386489E-2,9.742006302E0,9.760823126E0
6.155065770E0,5.985504389E-1,-9.816227108E-2,9.746794701E0,9.765649256E0
6.157071434E0,5.937620401E-1,-1.053448766E-1,9.756371498E0,9.774990318E0
6.159076044E0,5.889736414E-1,-1.029506698E-1,9.756371498E0,9.774675115E0
6.161080458E0,5.865794420E-1,-1.005564705E-1,9.761159897E0,9.779285740E0
6.163085809E0,5.841852427E-1,-1.053448766E-1,9.758766174E0,9.776803526E0
6.165089833E0,5.913678408E-1,-1.053448766E-1,9.753977776E0,9.772455982E0
6.167093270E0,5.889736414E-1,-9.337386489E-2,9.756371498E0,9.774578939E0
6.169096044E0,5.865794420E-1,-9.337386489E-2,9.751583099E0,9.769655422E0
6.171100106E0,5.889736414E-1,-9.816227108E-2,9.758766174E0,9.777016059E0
6.173104481E0,6.009446383E-1,-9.097966552E-2,9.770736694E0,9.789622429E0
6.175108544E0,6.009446383E-1,-9.576806426E-2,9.763554573E0,9.782499879E0
6.177111825E0,5.937620401E-1,-1.005564705E-1,9.756371498E0,9.774939886E0
6.179114599E0,5.961562395E-1,-9.816227108E-2,9.763554573E0,9.782230625E0
6.181118934E0,6.081272364E-1,-1.053448766E-1,9.756371498E0,9.775873418E0
6.183122333E0,6.057330370E-1,-1.053448766E-1,9.746794701E0,9.766166955E0
6.185126474E0,6.057330370E-1,-1.125274822E-1,9.746794701E0,9.766247073E0
6.187130809E0,6.105214357E-1,-1.149216816E-1,9.746794701E0,9.766573112E0
6.189135692E0,6.153098345E-1,-1.173158810E-1,9.737217903E0,9.757345013E0
6.191140419E0,6.129156351E-1,-1.244984865E-1,9.742006302E0,9.762061884E0
6.193144755E0,6.129156351E-1,-1.244984865E-1,9.746794701E0,9.766840450E0
6.195149286E0,6.129156351E-1,-1.292868853E-1,9.744400978E0,9.764513869E0
6.197154091E0,6.153098345E-1,-1.244984865E-1,9.753977776E0,9.774159223E0
6.199158349E0,6.057330370E-1,-1.125274822E-1,9.770736694E0,9.790141495E0
6.201162997E0,6.033388376E-1,-1.149216816E-1,9.770736694E0,9.790021466E0
6.203167841E0,6.057330370E-1,-1.149216816E-1,9.768342972E0,9.787780337E0
6.205172841E0,5.985504389E-1,-1.149216816E-1,9.782708168E0,9.801675812E0
6.207176005E0,5.985504389E-1,-1.197100878E-1,9.765948296E0,9.785005838E0
6.209179403E0,5.961562395E-1,-1.244984865E-1,9.787496567E0,9.806426015E0
6.211182841E0,6.033388376E-1,-1.221042871E-1,9.794678688E0,9.814003149E0
6.213186083E0,5.889736414E-1,-1.221042871E-1,9.780313492E0,9.798792344E0
6.215189755E0,5.841852427E-1,-1.101332754E-1,9.768342972E0,9.786415388E0
6.217192567E0,5.937620401E-1,-1.125274822E-1,9.768342972E0,9.787018964E0
6.219195536E0,5.889736414E-1,-1.125274822E-1,9.765948296E0,9.784339451E0
6.221199091E0,5.913678408E-1,-1.101332754E-1,9.770736694E0,9.789235967E0
6.223202489E0,5.865794420E-1,-9.576806426E-2,9.765948296E0,9.784017226E0
6.225206669E0,5.817909837E-1,-1.005564705E-1,9.761159897E0,9.778999687E0
6.227210731E0,5.793967843E-1,-1.053448766E-1,9.761159897E0,9.778907951E0
6.229216005E0,5.793967843E-1,-1.053448766E-1,9.761159897E0,9.778907951E0
6.231220770E0,5.841852427E-1,-9.576806426E-2,9.756371498E0,9.774314745E0
6.233225067E0,5.865794420E-1,-9.816227108E-2,9.753977776E0,9.772092597E0
6.235230145E0,5.841852427E-1,-1.005564705E-1,9.751583099E0,9.769583253E0
6.237235224E0,5.889736414E-1,-9.816227108E-2,9.737217903E0,9.755508099E0
6.239240536E0,5.865794420E-1,-1.005564705E-1,9.734824181E0,9.752998968E0
6.241245692E0,5.817909837E-1,-1.077390760E-1,9.749189377E0,9.767127621E0
6.243251278E0,5.770025849E-1,-1.077390760E-1,9.751583099E0,9.769232960E0
6.245255380E0,5.817909837E-1,-1.101332754E-1,9.751583099E0,9.769543645E0
6.247261356E0,5.913678408E-1,-1.149216816E-1,9.765948296E0,9.784511691E0
6.249266981E0,5.961562395E-1,-1.077390760E-1,9.758766174E0,9.777552210E0
6.251272450E0,5.937620401E-1,-1.053448766E-1,9.756371498E0,9.774990318E0
6.253278114E0,5.985504389E-1,-1.077390760E-1,9.753977776E0,9.772919358E0
6.255284130E0,6.057330370E-1,-9.097966552E-2,9.765948296E0,9.785138523E0
6.257288895E0,5.985504389E-1,-9.816227108E-2,9.765948296E0,9.784765944E0
6.259294130E0,6.057330370E-1,-1.005564705E-1,9.770736694E0,9.790011219E0
6.261299950E0,6.081272364E-1,-1.029506698E-1,9.775525093E0,9.794963421E0
6.263303974E0,5.985504389E-1,-1.053448766E-1,9.758766174E0,9.777672393E0
6.265309520E0,6.009446383E-1,-9.816227108E-2,9.756371498E0,9.775354474E0
6.267314364E0,5.961562395E-1,-1.053448766E-1,9.749189377E0,9.767967716E0
6.269319442E0,5.985504389E-1,-1.077390760E-1,9.749189377E0,9.768140245E0
6.271323231E0,5.961562395E-1,-1.125274822E-1,9.753977776E0,9.772826978E0
6.273327645E0,5.985504389E-1,-1.125274822E-1,9.751583099E0,9.770583299E0
6.275331474E0,5.913678408E-1,-1.005564705E-1,9.742006302E0,9.760456665E0
6.277336200E0,5.961562395E-1,-1.029506698E-1,9.753977776E0,9.772721399E0
6.279341239E0,5.961562395E-1,-1.029506698E-1,9.758766174E0,9.777500619E0
6.281346669E0,5.937620401E-1,-1.077390760E-1,9.756371498E0,9.775016413E0
6.283351317E0,5.985504389E-1,-1.053448766E-1,9.751583099E0,9.770503217E0
6.285355849E0,6.009446383E-1,-1.077390760E-1,9.749189377E0,9.768287244E0
6.287359091E0,6.105214357E-1,-1.101332754E-1,9.751583099E0,9.771296675E0
6.289362919E0,6.057330370E-1,-1.149216816E-1,9.756371498E0,9.775832666E0
6.291366395E0,6.057330370E-1,-1.077390760E-1,9.763554573E0,9.782919714E0
6.293370927E0,6.009446383E-1,-1.077390760E-1,9.756371498E0,9.775455333E0
6.295375028E0,6.009446383E-1,-1.101332754E-1,9.744400978E0,9.763534924E0
6.297378505E0,6.009446383E-1,-1.077390760E-1,9.744400978E0,9.763508211E0
6.299381591E0,5.985504389E-1,-1.101332754E-1,9.749189377E0,9.768166945E0
6.301385966E0,6.009446383E-1,-1.101332754E-1,9.751583099E0,9.770702981E0
6.303390380E0,5.937620401E-1,-1.077390760E-1,9.749189377E0,9.767848001E0
6.305394286E0,5.913678408E-1,-1.077390760E-1,9.751583099E0,9.770091943E0
6.307397802E0,5.841852427E-1,-9.337386489E-2,9.758766174E0,9.776681867E0
6.309401942E0,5.841852427E-1,-9.816227108E-2,9.756371498E0,9.774338496E0
6.311406434E0,5.841852427E-1,-9.576806426E-2,9.768342972E0,9.786264269E0
6.313410302E0,5.770025849E-1,-9.337386489E-2,9.761159897E0,9.778644752E0
6.315415145E0,5.817909837E-1,-1.029506698E-1,9.761159897E0,9.779024600E0
6.317419872E0,5.865794420E-1,-1.053448766E-1,9.770736694E0,9.788895164E0
6.319423309E0,5.841852427E-1,-1.005564705E-1,9.768342972E0,9.786312299E0
6.321428114E0,5.817909837E-1,-9.816227108E-2,9.763554573E0,9.781365676E0
6.323433153E0,5.913678408E-1,-9.097966552E-2,9.773131371E0,9.791429416E0
6.325437919E0,5.961562395E-1,-1.053448766E-1,9.777919769E0,9.796643038E0
6.327442216E0,5.961562395E-1,-1.005564705E-1,9.768342972E0,9.787034192E0
6.329446825E0,5.985504389E-1,-1.101332754E-1,9.763554573E0,9.782504274E0
6.331450575E0,5.985504389E-1,-1.077390760E-1,9.753977776E0,9.772919358E0
6.333454286E0,6.033388376E-1,-1.077390760E-1,9.753977776E0,9.773213796E0
6.335458075E0,6.057330370E-1,-1.029506698E-1,9.751583099E0,9.770920340E0
6.337462099E0,6.009446383E-1,-1.029506698E-1,9.737217903E0,9.756287500E0
6.339466239E0,6.105214357E-1,-1.125274822E-1,9.744400978E0,9.764156353E0
6.341470263E0,6.153098345E-1,-1.125274822E-1,9.737217903E0,9.757288615E0
6.343474950E0,6.057330370E-1,-1.101332754E-1,9.749189377E0,9.768609694E0
6.345478661E0,5.985504389E-1,-1.005564705E-1,9.744400978E0,9.763284522E0
6.347483349E0,6.057330370E-1,-1.053448766E-1,9.749189377E0,9.768556882E0
6.349488505E0,6.105214357E-1,-1.101332754E-1,9.744400978E0,9.764129054E0
6.351492528E0,6.057330370E-1,-1.101332754E-1,9.739612579E0,9.759051954E0
6.353496083E0,6.033388376E-1,-1.125274822E-1,9.751583099E0,9.770877808E0
6.355499716E0,5.985504389E-1,-1.197100878E-1,9.751583099E0,9.770668661E0
6.357502645E0,5.937620401E-1,-1.197100878E-1,9.758766174E0,9.777545761E0
6.359505966E0,5.913678408E-1,-1.221042871E-1,9.749189377E0,9.767871768E0
6.361509794E0,5.937620401E-1,-1.101332754E-1,9.756371498E0,9.775043095E0
6.363513856E0,5.865794420E-1,-1.173158810E-1,9.765948296E0,9.784251866E0
6.365517294E0,5.985504389E-1,-1.149216816E-1,9.758766174E0,9.777780263E0
6.367520106E0,5.985504389E-1,-1.077390760E-1,9.768342972E0,9.787256753E0
6.369523817E0,5.889736414E-1,-1.101332754E-1,9.763554573E0,9.781922980E0
6.371527880E0,5.961562395E-1,-1.125274822E-1,9.758766174E0,9.777606146E0
6.373532997E0,5.961562395E-1,-1.173158810E-1,9.789890289E0,9.808726582E0
6.375537020E0,6.009446383E-1,-1.221042871E-1,9.792284966E0,9.811467207E0
6.377540224E0,6.033388376E-1,-1.244984865E-1,9.777919769E0,9.797307418E0
6.379543544E0,6.033388376E-1,-1.125274822E-1,9.763554573E0,9.782825670E0
6.381546434E0,5.985504389E-1,-1.101332754E-1,9.765948296E0,9.784893361E0
6.383549989E0,5.985504389E-1,-1.125274822E-1,9.777919769E0,9.796868891E0
6.385553036E0,5.937620401E-1,-1.101332754E-1,9.763554573E0,9.782212459E0
6.387556200E0,5.961562395E-1,-1.173158810E-1,9.761159897E0,9.780051524E0
6.389559638E0,5.937620401E-1,-1.125274822E-1,9.761159897E0,9.779849607E0
6.391562958E0,5.985504389E-1,-1.005564705E-1,9.756371498E0,9.775231917E0
6.393567489E0,5.889736414E-1,-1.125274822E-1,9.758766174E0,9.777170840E0
6.395570770E0,5.889736414E-1,-1.077390760E-1,9.758766174E0,9.777116901E0
6.397574559E0,5.865794420E-1,-1.005564705E-1,9.763554573E0,9.781675978E0
6.399579716E0,5.865794420E-1,-1.053448766E-1,9.758766174E0,9.776946877E0
6.401584091E0,5.889736414E-1,-1.005564705E-1,9.751583099E0,9.769870751E0
6.403587645E0,5.937620401E-1,-1.005564705E-1,9.749189377E0,9.767771418E0
6.405590614E0,5.889736414E-1,-1.029506698E-1,9.749189377E0,9.767506452E0
6.407593817E0,5.913678408E-1,-1.005564705E-1,9.749189377E0,9.767626172E0
6.409597372E0,6.009446383E-1,-1.053448766E-1,9.746794701E0,9.765871130E0
6.411601122E0,5.889736414E-1,-1.053448766E-1,9.744400978E0,9.762752579E0
6.413604950E0,5.865794420E-1,-1.149216816E-1,9.742006302E0,9.760326287E0
6.415609286E0,5.961562395E-1,-1.149216816E-1,9.744400978E0,9.763296558E0
6.417613309E0,5.889736414E-1,-9.816227108E-2,9.746794701E0,9.765066959E0
6.419616513E0,5.937620401E-1,-1.029506698E-1,9.765948296E0,9.784523408E0
6.421619794E0,5.937620401E-1,-1.029506698E-1,9.761159897E0,9.779744104E0
6.423622684E0,6.009446383E-1,-1.005564705E-1,9.756371498E0,9.775378810E0
6.425624559E0,5.985504389E-1,-1.053448766E-1,9.758766174E0,9.777672393E0
6.427627802E0,6.057330370E-1,-1.125274822E-1,9.768342972E0,9.787752518E0
6.429631434E0,6.009446383E-1,-1.101332754E-1,9.758766174E0,9.777872010E0
6.431636083E0,6.009446383E-1,-1.149216816E-1,9.756371498E0,9.775537134E0
6.433640458E0,5.985504389E-1,-1.125274822E-1,9.749189377E0,9.768194233E0
6.435644599E0,5.889736414E-1,-1.029506698E-1,9.756371498E0,9.774675115E0
6.437649716E0,5.937620401E-1,-1.125274822E-1,9.753977776E0,9.772681221E0
6.439654013E0,5.865794420E-1,-1.125274822E-1,9.758766174E0,9.777026906E0
6.441658349E0,5.937620401E-1,-1.149216816E-1,9.765948296E0,9.784656686E0
6.443662841E0,5.961562395E-1,-1.125274822E-1,9.758766174E0,9.777606146E0
6.445667177E0,5.961562395E-1,-1.149216816E-1,9.746794701E0,9.765685649E0
6.447672528E0,5.937620401E-1,-1.197100878E-1,9.753977776E0,9.772766564E0
6.449677606E0,5.913678408E-1,-1.149216816E-1,9.746794701E0,9.765394506E0
6.451682255E0,5.913678408E-1,-1.077390760E-1,9.756371498E0,9.774871275E0
6.453686825E0,5.913678408E-1,-1.029506698E-1,9.768342972E0,9.786768577E0
6.455691591E0,5.937620401E-1,-1.053448766E-1,9.758766174E0,9.777380434E0
6.457696708E0,5.961562395E-1,-1.125274822E-1,9.758766174E0,9.777606146E0
6.459700263E0,5.937620401E-1,-1.173158810E-1,9.751583099E0,9.770347451E0
6.461704286E0,5.937620401E-1,-1.053448766E-1,9.758766174E0,9.777380434E0
6.463709325E0,5.913678408E-1,-1.005564705E-1,9.761159897E0,9.779574125E0
6.465714247E0,5.913678408E-1,-9.576806426E-2,9.761159897E0,9.779526061E0
6.467719599E0,5.913678408E-1,-9.816227108E-2,9.763554573E0,9.781939974E0
6.469724208E0,5.913678408E-1,-9.576806426E-2,9.751583099E0,9.769967267E0
6.471729130E0,5.985504389E-1,-8.619125932E-2,9.753977776E0,9.772705562E0
6.473733934E0,5.889736414E-1,-1.005564705E-1,9.758766174E0,9.777040391E0
6.475738388E0,5.865794420E-1,-9.337386489E-2,9.761159897E0,9.779214521E0
6.477742684E0,5.961562395E-1,-1.005564705E-1,9.770736694E0,9.789423344E0
6.479747880E0,5.913678408E-1,-1.053448766E-1,9.765948296E0,9.784403895E0
6.481752958E0,5.937620401E-1,-1.053448766E-1,9.753977776E0,9.772601156E0
6.483757411E0,5.913678408E-1,-1.053448766E-1,9.744400978E0,9.762897310E0
6.485761669E0,5.841852427E-1,-1.125274822E-1,9.749189377E0,9.767324523E0
6.487766395E0,5.817909837E-1,-1.125274822E-1,9.756371498E0,9.774350515E0
6.489770419E0,5.841852427E-1,-1.077390760E-1,9.753977776E0,9.772050069E0
6.491773778E0,5.889736414E-1,-1.125274822E-1,9.756371498E0,9.774780672E0
6.493777294E0,5.913678408E-1,-1.053448766E-1,9.753977776E0,9.772455982E0
6.495781083E0,5.961562395E-1,-1.077390760E-1,9.753977776E0,9.772773016E0
6.497785224E0,5.961562395E-1,-1.029506698E-1,9.770736694E0,9.789448230E0
6.499789091E0,6.057330370E-1,-9.816227108E-2,9.746794701E0,9.766092119E0
6.501792489E0,5.961562395E-1,-1.029506698E-1,9.753977776E0,9.772721399E0
6.503797255E0,5.985504389E-1,-1.125274822E-1,9.749189377E0,9.768194233E0
6.505802020E0,6.009446383E-1,-1.125274822E-1,9.753977776E0,9.773120246E0
6.507805302E0,5.985504389E-1,-1.077390760E-1,9.753977776E0,9.772919358E0
6.509810419E0,6.009446383E-1,-1.101332754E-1,9.758766174E0,9.777872010E0
6.511815380E0,5.985504389E-1,-1.077390760E-1,9.751583099E0,9.770529324E0
6.513820966E0,6.033388376E-1,-1.053448766E-1,9.758766174E0,9.777966687E0
6.515825536E0,5.985504389E-1,-1.101332754E-1,9.753977776E0,9.772946046E0
6.517830145E0,5.937620401E-1,-1.029506698E-1,9.753977776E0,9.772575640E0
6.519834208E0,5.961562395E-1,-1.101332754E-1,9.746794701E0,9.765630473E0
6.521838388E0,5.913678408E-1,-1.149216816E-1,9.758766174E0,9.777343206E0
6.523842059E0,5.913678408E-1,-1.053448766E-1,9.763554573E0,9.782014689E0
6.525845966E0,5.865794420E-1,-1.053448766E-1,9.753977776E0,9.772167387E0
6.527850106E0,5.770025849E-1,-1.029506698E-1,9.751583099E0,9.769181325E0
6.529853622E0,5.841852427E-1,-1.029506698E-1,9.746794701E0,9.764828630E0
6.531857489E0,5.841852427E-1,-1.125274822E-1,9.753977776E0,9.772104035E0
6.533860966E0,5.937620401E-1,-1.005564705E-1,9.753977776E0,9.772550712E0
6.535864638E0,5.841852427E-1,-1.077390760E-1,9.756371498E0,9.774439366E0
6.537868856E0,5.889736414E-1,-1.053448766E-1,9.763554573E0,9.781870240E0
6.539872802E0,5.985504389E-1,-1.077390760E-1,9.765948296E0,9.784866706E0
6.541877684E0,5.865794420E-1,-1.077390760E-1,9.773131371E0,9.791311451E0
6.543880263E0,5.889736414E-1,-9.816227108E-2,9.763554573E0,9.781795524E0
6.545883309E0,5.889736414E-1,-9.097966552E-2,9.758766174E0,9.776946583E0
6.547886864E0,5.937620401E-1,-9.816227108E-2,9.768342972E0,9.786864340E0
6.549890575E0,6.009446383E-1,-9.576806426E-2,9.756371498E0,9.775330725E0
6.551894208E0,6.009446383E-1,-9.337386489E-2,9.739612579E0,9.758581164E0
6.553898622E0,5.985504389E-1,-9.576806426E-2,9.765948296E0,9.784742217E0
6.555902606E0,5.961562395E-1,-1.077390760E-1,9.773131371E0,9.791889846E0
6.557907020E0,5.913678408E-1,-1.077390760E-1,9.758766174E0,9.777261420E0
6.559911513E0,5.937620401E-1,-1.173158810E-1,9.758766174E0,9.777516741E0
6.561916005E0,5.961562395E-1,-1.173158810E-1,9.756371498E0,9.775272379E0
6.563920536E0,5.937620401E-1,-1.101332754E-1,9.744400978E0,9.763095468E0
6.565925184E0,5.865794420E-1,-1.244984865E-1,9.749189377E0,9.767613261E0
6.567929755E0,5.937620401E-1,-1.101332754E-1,9.751583099E0,9.770263847E0
6.569934794E0,6.009446383E-1,-1.053448766E-1,9.761159897E0,9.780208307E0
6.571937958E0,5.961562395E-1,-1.101332754E-1,9.761159897E0,9.779968003E0
6.573940692E0,5.961562395E-1,-1.077390760E-1,9.765948296E0,9.784720542E0
6.575944208E0,5.985504389E-1,-1.029506698E-1,9.761159897E0,9.780035992E0
6.577948231E0,5.937620401E-1,-1.053448766E-1,9.756371498E0,9.774990318E0
6.579952372E0,6.009446383E-1,-1.029506698E-1,9.761159897E0,9.780182812E0
6.581956200E0,5.985504389E-1,-1.125274822E-1,9.756371498E0,9.775362391E0
6.583959559E0,5.961562395E-1,-1.125274822E-1,9.746794701E0,9.765657768E0
6.585964130E0,6.009446383E-1,-1.077390760E-1,9.758766174E0,9.777845336E0
6.587967841E0,6.033388376E-1,-1.077390760E-1,9.758766174E0,9.777992775E0
6.589972099E0,6.081272364E-1,-1.125274822E-1,9.753977776E0,9.773564530E0
6.591977724E0,6.033388376E-1,-1.221042871E-1,9.749189377E0,9.768603826E0
6.593981630E0,6.129156351E-1,-1.244984865E-1,9.751583099E0,9.771619026E0
6.595985145E0,6.057330370E-1,-1.268926859E-1,9.753977776E0,9.773591802E0
6.597988739E0,5.913678408E-1,-1.197100878E-1,9.758766174E0,9.777400660E0
6.599992255E0,5.985504389E-1,-1.125274822E-1,9.768342972E0,9.787310636E0
6.601996434E0,5.985504389E-1,-1.149216816E-1,9.761159897E0,9.780169331E0
6.604000145E0,5.913678408E-1,-1.173158810E-1,9.763554573E0,9.782150931E0
6.606003231E0,5.937620401E-1,-1.173158810E-1,9.765948296E0,9.784685099E0
6.608006786E0,5.985504389E-1,-1.197100878E-1,9.775525093E0,9.794564001E0
6.610011239E0,5.961562395E-1,-1.173158810E-1,9.775525093E0,9.794389012E0
6.612015067E0,5.937620401E-1,-1.125274822E-1,9.782708168E0,9.801356788E0
6.614018739E0,5.961562395E-1,-1.005564705E-1,9.773131371E0,9.791813451E0
6.616022802E0,5.985504389E-1,-1.077390760E-1,9.763554573E0,9.782477612E0
6.618026669E0,5.985504389E-1,-1.125274822E-1,9.775525093E0,9.794478848E0
6.620031395E0,5.985504389E-1,-1.077390760E-1,9.775525093E0,9.794425005E0
6.622034716E0,5.937620401E-1,-1.101332754E-1,9.761159897E0,9.779822352E0
6.624037450E0,5.913678408E-1,-1.029506698E-1,9.761159897E0,9.779599036E0
6.626040731E0,5.865794420E-1,-1.005564705E-1,9.758766174E0,9.776896455E0
6.628043817E0,5.817909837E-1,-1.029506698E-1,9.751583099E0,9.769465315E0
6.630047333E0,5.841852427E-1,-9.337386489E-2,9.758766174E0,9.776681867E0
6.632051005E0,5.889736414E-1,-9.337386489E-2,9.756371498E0,9.774578939E0
6.634055067E0,5.913678408E-1,-1.053448766E-1,9.746794701E0,9.765286499E0
6.636059169E0,5.865794420E-1,-1.053448766E-1,9.758766174E0,9.776946877E0
6.638063114E0,5.913678408E-1,-9.337386489E-2,9.753977776E0,9.772334268E0
6.640066474E0,5.913678408E-1,-9.097966552E-2,9.744400978E0,9.762752872E0
6.642068974E0,5.937620401E-1,-1.005564705E-1,9.744400978E0,9.762992133E0
6.644072255E0,5.913678408E-1,-1.053448766E-1,9.737217903E0,9.755727854E0
6.646075731E0,6.009446383E-1,-9.337386489E-2,9.744400978E0,9.763360260E0
6.648078505E0,5.961562395E-1,-1.005564705E-1,9.746794701E0,9.765527165E0
6.650081669E0,5.889736414E-1,-1.005564705E-1,9.744400978E0,9.762702084E0
6.652085614E0,6.009446383E-1,-1.077390760E-1,9.758766174E0,9.777845336E0
6.654090106E0,5.985504389E-1,-1.149216816E-1,9.756371498E0,9.775390244E0
6.656094013E0,5.961562395E-1,-1.101332754E-1,9.756371498E0,9.775188817E0
6.658098388E0,5.913678408E-1,-1.053448766E-1,9.761159897E0,9.779624533E0
6.660102489E0,5.937620401E-1,-1.125274822E-1,9.758766174E0,9.777460460E0
6.662107489E0,6.057330370E-1,-1.149216816E-1,9.763554573E0,9.783001452E0
6.664111981E0,6.057330370E-1,-1.197100878E-1,9.765948296E0,9.785447825E0
6.666116122E0,5.961562395E-1,-1.125274822E-1,9.765948296E0,9.784774438E0
6.668120770E0,5.937620401E-1,-1.053448766E-1,9.775525093E0,9.794107501E0
6.670125575E0,6.033388376E-1,-1.029506698E-1,9.782708168E0,9.801836343E0
6.672130028E0,6.057330370E-1,-1.077390760E-1,9.773131371E0,9.792477572E0
6.674134169E0,6.033388376E-1,-1.053448766E-1,9.775525093E0,9.794692754E0
6.676138622E0,6.009446383E-1,-1.005564705E-1,9.773131371E0,9.792106150E0
6.678143270E0,5.961562395E-1,-9.816227108E-2,9.775525093E0,9.794178319E0
6.680147763E0,5.985504389E-1,-1.029506698E-1,9.768342972E0,9.787205213E0
6.682152489E0,6.009446383E-1,-1.053448766E-1,9.758766174E0,9.777819248E0
6.684156278E0,6.009446383E-1,-1.101332754E-1,9.756371498E0,9.775482014E0
6.686160653E0,6.057330370E-1,-1.125274822E-1,9.758766174E0,9.778194731E0
6.688165028E0,6.081272364E-1,-1.173158810E-1,9.758766174E0,9.778399613E0
6.690168895E0,6.009446383E-1,-1.125274822E-1,9.761159897E0,9.780288310E0
6.692172333E0,6.009446383E-1,-1.077390760E-1,9.758766174E0,9.777845336E0
6.694176708E0,6.009446383E-1,-1.053448766E-1,9.768342972E0,9.787377402E0
6.696180966E0,6.009446383E-1,-1.029506698E-1,9.775525093E0,9.794520108E0
6.698184599E0,5.937620401E-1,-1.029506698E-1,9.768342972E0,9.786913539E0
6.700187763E0,5.889736414E-1,-1.029506698E-1,9.765948296E0,9.784233997E0
6.702191942E0,5.937620401E-1,-1.029506698E-1,9.758766174E0,9.777354931E0
6.704196942E0,5.889736414E-1,-1.077390760E-1,9.753977776E0,9.772337494E0
6.706201044E0,5.913678408E-1,-1.053448766E-1,9.751583099E0,9.770065834E0
6.708205575E0,5.937620401E-1,-1.029506698E-1,9.749189377E0,9.767796359E0
6.710210653E0,5.985504389E-1,-1.053448766E-1,9.751583099E0,9.770503217E0
6.712215536E0,5.841852427E-1,-1.005564705E-1,9.756371498E0,9.774362834E0
6.714220536E0,5.841852427E-1,-9.816227108E-2,9.761159897E0,9.779118097E0
6.716225145E0,5.889736414E-1,-1.053448766E-1,9.742006302E0,9.760362405E0
6.718228622E0,5.889736414E-1,-1.029506698E-1,9.758766174E0,9.777065308E0
6.720232177E0,5.889736414E-1,-1.005564705E-1,9.753977776E0,9.772260946E0
6.722236083E0,5.889736414E-1,-1.053448766E-1,9.737217903E0,9.755583016E0
6.724240106E0,5.913678408E-1,-1.053448766E-1,9.744400978E0,9.762897310E0
6.726244286E0,5.937620401E-1,-1.053448766E-1,9.749189377E0,9.767821887E0
6.728247997E0,6.009446383E-1,-1.149216816E-1,9.756371498E0,9.775537134E0
6.730252255E0,5.889736414E-1,-1.149216816E-1,9.761159897E0,9.779587899E0
6.732256083E0,5.889736414E-1,-1.244984865E-1,9.768342972E0,9.786874590E0
6.734260263E0,5.865794420E-1,-1.101332754E-1,9.763554573E0,9.781779116E0
6.736264247E0,5.865794420E-1,-1.173158810E-1,9.777919769E0,9.796200971E0
6.738267645E0,5.841852427E-1,-1.173158810E-1,9.773131371E0,9.791278374E0
6.740271825E0,5.865794420E-1,-1.244984865E-1,9.770736694E0,9.789120025E0
6.742275145E0,5.985504389E-1,-1.173158810E-1,9.773131371E0,9.792145956E0
6.744278153E0,6.009446383E-1,-1.149216816E-1,9.763554573E0,9.782706136E0
6.746281083E0,6.033388376E-1,-1.077390760E-1,9.773131371E0,9.792329766E0
6.748284169E0,5.985504389E-1,-9.816227108E-2,9.768342972E0,9.787156016E0
6.750287059E0,5.985504389E-1,-9.816227108E-2,9.770736694E0,9.789545138E0
6.752289950E0,6.009446383E-1,-1.053448766E-1,9.756371498E0,9.775429239E0
6.754292763E0,6.081272364E-1,-1.101332754E-1,9.751583099E0,9.771147375E0
6.756296200E0,6.081272364E-1,-1.125274822E-1,9.746794701E0,9.766395861E0
6.758299755E0,6.009446383E-1,-1.029506698E-1,9.734824181E0,9.753898458E0
6.760302411E0,6.009446383E-1,-9.576806426E-2,9.746794701E0,9.765772520E0
6.762305145E0,5.937620401E-1,-1.005564705E-1,9.742006302E0,9.760602018E0
6.764308231E0,6.009446383E-1,-1.029506698E-1,9.734824181E0,9.753898458E0
6.766311005E0,5.913678408E-1,-1.077390760E-1,9.710882187E0,9.729468458E0
6.768313934E0,5.937620401E-1,-1.101332754E-1,9.715670586E0,9.734420251E0
6.770319169E0,5.889736414E-1,-1.029506698E-1,9.727641106E0,9.745998680E0
6.772322567E0,5.817909837E-1,-1.053448766E-1,9.732429504E0,9.750372421E0
6.774326903E0,5.841852427E-1,-1.029506698E-1,9.737217903E0,9.755269537E0
6.776330380E0,5.913678408E-1,-1.077390760E-1,9.756371498E0,9.774871275E0
6.778334169E0,5.937620401E-1,-1.125274822E-1,9.749189377E0,9.767901991E0
6.780339052E0,5.889736414E-1,-1.197100878E-1,9.744400978E0,9.762918154E0
6.782342645E0,5.913678408E-1,-1.173158810E-1,9.746794701E0,9.765422975E0
6.784347411E0,5.961562395E-1,-1.173158810E-1,9.746794701E0,9.765714117E0
6.786352294E0,5.961562395E-1,-1.101332754E-1,9.739612579E0,9.758462215E0
6.788357372E0,5.937620401E-1,-1.077390760E-1,9.744400978E0,9.763068754E0
6.790362138E0,6.009446383E-1,-1.197100878E-1,9.763554573E0,9.782763560E0
6.792367450E0,6.009446383E-1,-1.197100878E-1,9.773131371E0,9.792321571E0
6.794370927E0,5.985504389E-1,-1.101332754E-1,9.770736694E0,9.789672493E0
6.796374442E0,5.937620401E-1,-1.101332754E-1,9.768342972E0,9.786991730E0
6.798377294E0,5.937620401E-1,-1.149216816E-1,9.763554573E0,9.782267542E0
6.800380458E0,5.937620401E-1,-1.101332754E-1,9.765948296E0,9.784601617E0
6.802384403E0,5.913678408E-1,-1.077390760E-1,9.763554573E0,9.782040765E0
6.804388036E0,5.889736414E-1,-1.029506698E-1,9.763554573E0,9.781844749E0
6.806391825E0,5.961562395E-1,-9.576806426E-2,9.770736694E0,9.789375329E0
6.808395263E0,5.889736414E-1,-1.077390760E-1,9.782708168E0,9.801014068E0
6.810398036E0,5.937620401E-1,-1.053448766E-1,9.775525093E0,9.794107501E0
6.812401825E0,5.913678408E-1,-9.816227108E-2,9.768342972E0,9.786719377E0
6.814405263E0,5.937620401E-1,-9.576806426E-2,9.763554573E0,9.782061275E0
6.816408856E0,6.033388376E-1,-9.337386489E-2,9.765948296E0,9.785013160E0
6.818412606E0,6.033388376E-1,-1.029506698E-1,9.761159897E0,9.780330216E0
6.820415458E0,5.985504389E-1,-1.053448766E-1,9.768342972E0,9.787230690E0
6.822418895E0,5.961562395E-1,-9.337386489E-2,9.770736694E0,9.789352200E0
6.824422645E0,5.961562395E-1,-9.337386489E-2,9.756371498E0,9.775014361E0
6.826427802E0,5.913678408E-1,-9.816227108E-2,9.742006302E0,9.760432293E0
6.828432216E0,6.033388376E-1,-1.053448766E-1,9.739612579E0,9.758850777E0
6.830435849E0,6.009446383E-1,-9.816227108E-2,9.746794701E0,9.765796292E0
6.832439677E0,5.937620401E-1,-1.053448766E-1,9.739612579E0,9.758263375E0
6.834443388E0,5.985504389E-1,-1.005564705E-1,9.730035782E0,9.748947151E0
6.836447606E0,5.985504389E-1,-1.005564705E-1,9.730035782E0,9.748947151E0
6.838451708E0,5.985504389E-1,-1.101332754E-1,9.744400978E0,9.763387854E0
6.840456122E0,5.937620401E-1,-1.005564705E-1,9.744400978E0,9.762992133E0
6.842460380E0,6.033388376E-1,-1.077390760E-1,9.756371498E0,9.775602809E0
6.844463544E0,5.985504389E-1,-1.005564705E-1,9.749189377E0,9.768063664E0
6.846466942E0,5.985504389E-1,-9.576806426E-2,9.753977776E0,9.772794718E0
6.848470380E0,5.889736414E-1,-1.029506698E-1,9.761159897E0,9.779454551E0
6.850474247E0,5.913678408E-1,-1.029506698E-1,9.756371498E0,9.774819670E0
6.852477919E0,5.865794420E-1,-1.029506698E-1,9.756371498E0,9.774531144E0
6.854482138E0,5.817909837E-1,-1.005564705E-1,9.756371498E0,9.774220028E0
6.856487138E0,5.889736414E-1,-1.005564705E-1,9.756371498E0,9.774650191E0
6.858491903E0,6.009446383E-1,-9.816227108E-2,9.758766174E0,9.777744501E0
6.860496513E0,6.009446383E-1,-1.005564705E-1,9.756371498E0,9.775378810E0
6.862501864E0,6.009446383E-1,-1.173158810E-1,9.756371498E0,9.775565574E0
6.864506161E0,5.937620401E-1,-1.173158810E-1,9.763554573E0,9.782295961E0
6.866511474E0,5.985504389E-1,-1.077390760E-1,9.761159897E0,9.780087570E0
6.868515067E0,5.961562395E-1,-1.053448766E-1,9.758766174E0,9.777526121E0
6.870518934E0,5.961562395E-1,-1.053448766E-1,9.756371498E0,9.775136041E0
6.872522919E0,5.913678408E-1,-1.125274822E-1,9.758766174E0,9.777315358E0
6.874526630E0,6.009446383E-1,-1.029506698E-1,9.770736694E0,9.789741000E0
6.876532059E0,6.009446383E-1,-1.077390760E-1,9.770736694E0,9.789792527E0
6.878536864E0,5.985504389E-1,-1.005564705E-1,9.768342972E0,9.787180322E0
6.880541239E0,6.057330370E-1,-1.053448766E-1,9.763554573E0,9.782893639E0
6.882546122E0,5.985504389E-1,-9.576806426E-2,9.765948296E0,9.784742217E0
6.884549638E0,5.961562395E-1,-1.053448766E-1,9.768342972E0,9.787084562E0
6.886554325E0,5.961562395E-1,-1.029506698E-1,9.770736694E0,9.789448230E0
6.888559247E0,5.937620401E-1,-1.029506698E-1,9.782708168E0,9.801251517E0
6.890563309E0,5.937620401E-1,-1.101332754E-1,9.765948296E0,9.784601617E0
6.892568075E0,5.961562395E-1,-1.244984865E-1,9.765948296E0,9.784919430E0
6.894572138E0,5.913678408E-1,-1.197100878E-1,9.763554573E0,9.782179937E0
6.896577099E0,5.937620401E-1,-1.149216816E-1,9.758766174E0,9.777488307E0
6.898582216E0,5.985504389E-1,-1.077390760E-1,9.761159897E0,9.780087570E0
6.900586474E0,6.009446383E-1,-1.149216816E-1,9.763554573E0,9.782706136E0
6.902589872E0,6.009446383E-1,-1.149216816E-1,9.763554573E0,9.782706136E0
6.904593817E0,6.009446383E-1,-1.173158810E-1,9.763554573E0,9.782734555E0
6.906598895E0,5.985504389E-1,-1.077390760E-1,9.753977776E0,9.772919358E0
6.908603192E0,5.961562395E-1,-1.149216816E-1,9.744400978E0,9.763296558E0
6.910607919E0,5.865794420E-1,-1.125274822E-1,9.734824181E0,9.753129739E0
6.912611161E0,5.865794420E-1,-1.197100878E-1,9.739612579E0,9.757994627E0
6.914614872E0,5.817909837E-1,-1.244984865E-1,9.730035782E0,9.748208909E0
6.916618622E0,5.937620401E-1,-1.077390760E-1,9.753977776E0,9.772627258E0
6.918622567E0,5.937620401E-1,-1.101332754E-1,9.753977776E0,9.772653946E0
6.920626044E0,5.961562395E-1,-1.101332754E-1,9.746794701E0,9.765630473E0
6.922630458E0,5.985504389E-1,-1.125274822E-1,9.734824181E0,9.753857026E0
6.924634208E0,6.033388376E-1,-1.077390760E-1,9.753977776E0,9.773213796E0
6.926638349E0,5.961562395E-1,-1.053448766E-1,9.742006302E0,9.760798461E0
6.928641786E0,6.033388376E-1,-1.149216816E-1,9.761159897E0,9.780463551E0
6.930645809E0,5.913678408E-1,-1.101332754E-1,9.758766174E0,9.777288096E0
6.932648583E0,5.937620401E-1,-1.053448766E-1,9.756371498E0,9.774990318E0
6.934651083E0,5.985504389E-1,-1.053448766E-1,9.758766174E0,9.777672393E0
6.936653974E0,5.961562395E-1,-1.149216816E-1,9.758766174E0,9.777633993E0
6.938657294E0,6.009446383E-1,-1.173158810E-1,9.763554573E0,9.782734555E0
6.940661044E0,5.961562395E-1,-1.149216816E-1,9.780313492E0,9.799139822E0
6.942664950E0,5.937620401E-1,-1.053448766E-1,9.763554573E0,9.782159721E0
6.944668427E0,5.937620401E-1,-1.029506698E-1,9.756371498E0,9.774964809E0
6.946672372E0,5.937620401E-1,-1.053448766E-1,9.777919769E0,9.796497635E0
6.948676591E0,5.961562395E-1,-1.077390760E-1,9.770736694E0,9.789499758E0
6.950680770E0,5.961562395E-1,-1.101332754E-1,9.770736694E0,9.789526401E0
6.952684169E0,5.937620401E-1,-1.077390760E-1,9.768342972E0,9.786965080E0
6.954687567E0,5.985504389E-1,-1.101332754E-1,9.775525093E0,9.794451634E0
6.956690419E0,5.985504389E-1,-1.149216816E-1,9.768342972E0,9.787338455E0
6.958693895E0,5.913678408E-1,-1.197100878E-1,9.773131371E0,9.791738518E0
6.960697606E0,5.937620401E-1,-1.221042871E-1,9.770736694E0,9.789522888E0
6.962702216E0,6.033388376E-1,-1.221042871E-1,9.761159897E0,9.780550585E0
6.964706708E0,5.889736414E-1,-1.101332754E-1,9.758766174E0,9.777143577E0
6.966710341E0,5.913678408E-1,-1.101332754E-1,9.761159897E0,9.779677285E0
6.968714052E0,5.961562395E-1,-1.149216816E-1,9.749189377E0,9.768075694E0
6.970717802E0,5.961562395E-1,-1.149216816E-1,9.742006302E0,9.760906517E0
6.972720809E0,5.913678408E-1,-1.173158810E-1,9.746794701E0,9.765422975E0
6.974723388E0,5.937620401E-1,-1.173158810E-1,9.751583099E0,9.770347451E0
6.976727333E0,5.913678408E-1,-1.077390760E-1,9.753977776E0,9.772482084E0
6.978731669E0,5.913678408E-1,-9.816227108E-2,9.753977776E0,9.772381194E0
6.980735731E0,5.889736414E-1,-1.077390760E-1,9.761159897E0,9.779506132E0
6.982739559E0,5.913678408E-1,-1.029506698E-1,9.763554573E0,9.781989198E0
6.984743622E0,6.009446383E-1,-1.005564705E-1,9.756371498E0,9.775378810E0
6.986747645E0,5.985504389E-1,-1.053448766E-1,9.749189377E0,9.768114131E0
6.988752216E0,5.937620401E-1,-1.101332754E-1,9.742006302E0,9.760705378E0
6.990756513E0,5.937620401E-1,-1.005564705E-1,9.749189377E0,9.767771418E0
6.992760341E0,5.985504389E-1,-1.053448766E-1,9.761159897E0,9.780061488E0
6.994763114E0,5.961562395E-1,-1.029506698E-1,9.765948296E0,9.784668989E0
6.996766786E0,5.889736414E-1,-9.816227108E-2,9.768342972E0,9.786574998E0
6.998770653E0,5.841852427E-1,-9.816227108E-2,9.765948296E0,9.783897707E0
7.000774755E0,5.961562395E-1,-9.576806426E-2,9.753977776E0,9.772648373E0
7.002778817E0,5.937620401E-1,-9.816227108E-2,9.756371498E0,9.774915550E0
7.004782411E0,5.913678408E-1,-9.576806426E-2,9.753977776E0,9.772357438E0
7.006786083E0,5.913678408E-1,-1.029506698E-1,9.746794701E0,9.765260964E0
7.008789677E0,5.937620401E-1,-1.005564705E-1,9.744400978E0,9.762992133E0
7.010792841E0,5.937620401E-1,-1.077390760E-1,9.746794701E0,9.765457900E0
7.012796356E0,5.961562395E-1,-1.125274822E-1,9.753977776E0,9.772826978E0
7.014799520E0,6.009446383E-1,-1.173158810E-1,9.758766174E0,9.777955549E0
7.016802528E0,6.033388376E-1,-1.197100878E-1,9.763554573E0,9.782910925E0
7.018805536E0,6.009446383E-1,-1.197100878E-1,9.763554573E0,9.782763560E0
7.020809481E0,5.937620401E-1,-1.101332754E-1,9.780313492E0,9.798939468E0
7.022812919E0,6.057330370E-1,-1.101332754E-1,9.777919769E0,9.797283137E0
7.024816903E0,6.033388376E-1,-1.101332754E-1,9.770736694E0,9.789966427E0
7.026820731E0,5.985504389E-1,-1.125274822E-1,9.765948296E0,9.784920601E0
7.028825458E0,5.961562395E-1,-1.173158810E-1,9.765948296E0,9.784830678E0
7.030830380E0,5.865794420E-1,-1.125274822E-1,9.768342972E0,9.786585834E0
7.032834911E0,5.865794420E-1,-1.149216816E-1,9.761159897E0,9.779444001E0
7.034839755E0,5.865794420E-1,-1.077390760E-1,9.758766174E0,9.776972967E0
7.036842841E0,5.961562395E-1,-1.077390760E-1,9.756371498E0,9.775162136E0
7.038846434E0,5.985504389E-1,-1.029506698E-1,9.744400978E0,9.763309474E0
7.040849677E0,5.937620401E-1,-9.816227108E-2,9.749189377E0,9.767747064E0
7.042853583E0,5.913678408E-1,-1.005564705E-1,9.751583099E0,9.770015377E0
7.044856981E0,5.961562395E-1,-1.053448766E-1,9.770736694E0,9.789473702E0
7.046861200E0,5.913678408E-1,-1.077390760E-1,9.753977776E0,9.772482084E0
7.048865224E0,5.961562395E-1,-1.053448766E-1,9.746794701E0,9.765577645E0
7.050868934E0,5.961562395E-1,-1.053448766E-1,9.739612579E0,9.758409348E0
7.052872177E0,5.913678408E-1,-9.816227108E-2,9.749189377E0,9.767601817E0
7.054875849E0,5.841852427E-1,-1.053448766E-1,9.765948296E0,9.783972407E0
7.056879950E0,5.865794420E-1,-1.005564705E-1,9.763554573E0,9.781675978E0
7.058883544E0,5.841852427E-1,-1.053448766E-1,9.758766174E0,9.776803526E0
7.060887489E0,5.889736414E-1,-1.077390760E-1,9.761159897E0,9.779506132E0
7.062891942E0,5.841852427E-1,-1.077390760E-1,9.751583099E0,9.769659823E0
7.064897138E0,5.889736414E-1,-1.029506698E-1,9.751583099E0,9.769895687E0
7.066901434E0,5.913678408E-1,-1.029506698E-1,9.739612579E0,9.758092434E0
7.068905458E0,5.985504389E-1,-1.029506698E-1,9.751583099E0,9.770477696E0
7.070909911E0,6.033388376E-1,-9.816227108E-2,9.749189377E0,9.768333895E0
7.072914208E0,6.033388376E-1,-9.816227108E-2,9.742006302E0,9.761164908E0
7.074918700E0,6.081272364E-1,-1.053448766E-1,9.737217903E0,9.756758108E0
7.076922724E0,5.985504389E-1,-1.173158810E-1,9.744400978E0,9.763471517E0
7.078926669E0,6.009446383E-1,-1.221042871E-1,9.761159897E0,9.780403184E0
7.080930966E0,6.105214357E-1,-1.268926859E-1,9.756371498E0,9.776278586E0
7.082935458E0,6.057330370E-1,-1.268926859E-1,9.753977776E0,9.773591802E0
7.084940145E0,6.033388376E-1,-1.173158810E-1,9.761159897E0,9.780491976E0
7.086944169E0,5.961562395E-1,-1.149216816E-1,9.761159897E0,9.780023097E0
7.088948153E0,5.961562395E-1,-1.149216816E-1,9.761159897E0,9.780023097E0
7.090952841E0,5.961562395E-1,-1.149216816E-1,9.775525093E0,9.794360627E0
7.092957372E0,5.985504389E-1,-1.125274822E-1,9.780313492E0,9.799257985E0
7.094961903E0,5.985504389E-1,-1.053448766E-1,9.785101891E0,9.803957322E0
7.096966005E0,5.961562395E-1,-1.005564705E-1,9.775525093E0,9.794202607E0
7.098970224E0,5.913678408E-1,-1.005564705E-1,9.775525093E0,9.793912312E0
7.100974169E0,5.865794420E-1,-1.029506698E-1,9.775525093E0,9.793649224E0
7.102979052E0,5.913678408E-1,-9.337386489E-2,9.770736694E0,9.789061761E0
7.104983778E0,5.913678408E-1,-9.816227108E-2,9.780313492E0,9.798667448E0
7.106988231E0,5.961562395E-1,-1.005564705E-1,9.765948296E0,9.784644091E0
7.108992528E0,6.009446383E-1,-1.053448766E-1,9.753977776E0,9.773040184E0
7.110997606E0,5.913678408E-1,-1.173158810E-1,9.751583099E0,9.770202244E0
7.113002177E0,5.913678408E-1,-1.197100878E-1,9.753977776E0,9.772621392E0
7.115007567E0,6.057330370E-1,-1.029506698E-1,9.739612579E0,9.758973540E0
7.117011825E0,5.961562395E-1,-9.576806426E-2,9.746794701E0,9.765479032E0
7.119016981E0,5.889736414E-1,-1.005564705E-1,9.763554573E0,9.781819844E0
7.121021083E0,5.937620401E-1,-1.077390760E-1,9.761159897E0,9.779795683E0
7.123026278E0,5.865794420E-1,-1.149216816E-1,9.753977776E0,9.772275318E0
7.125030809E0,5.865794420E-1,-1.197100878E-1,9.751583099E0,9.769942625E0
7.127035536E0,5.817909837E-1,-1.149216816E-1,9.753977776E0,9.771989060E0
7.129040575E0,5.841852427E-1,-1.125274822E-1,9.753977776E0,9.772104035E0
7.131044833E0,5.746083856E-1,-1.101332754E-1,9.763554573E0,9.781068553E0
7.133048895E0,5.817909837E-1,-1.101332754E-1,9.758766174E0,9.776713524E0
7.135053427E0,5.841852427E-1,-1.005564705E-1,9.758766174E0,9.776753103E0
7.137057724E0,5.889736414E-1,-1.029506698E-1,9.763554573E0,9.781844749E0
7.139062958E0,5.889736414E-1,-1.029506698E-1,9.770736694E0,9.789013451E0
7.141067177E0,5.913678408E-1,-1.101332754E-1,9.775525093E0,9.794015321E0
7.143072372E0,5.961562395E-1,-1.101332754E-1,9.782708168E0,9.801474925E0
7.145078153E0,5.985504389E-1,-1.053448766E-1,9.768342972E0,9.787230690E0
7.147083466E0,6.009446383E-1,-1.029506698E-1,9.758766174E0,9.777793746E0
7.149089208E0,6.057330370E-1,-1.053448766E-1,9.753977776E0,9.773335792E0
7.151094950E0,6.105214357E-1,-1.101332754E-1,9.765948296E0,9.785632932E0
7.153099559E0,6.033388376E-1,-1.029506698E-1,9.749189377E0,9.768383188E0
7.155104794E0,6.057330370E-1,-1.005564705E-1,9.744400978E0,9.763727492E0
7.157109325E0,6.057330370E-1,-1.053448766E-1,9.751583099E0,9.770945860E0
7.159113661E0,6.009446383E-1,-1.029506698E-1,9.753977776E0,9.773014670E0
7.161118075E0,5.913678408E-1,-1.029506698E-1,9.758766174E0,9.777209827E0
7.163123974E0,5.937620401E-1,-1.053448766E-1,9.756371498E0,9.774990318E0
7.165130809E0,5.913678408E-1,-1.077390760E-1,9.749189377E0,9.767702756E0
7.167137255E0,5.937620401E-1,-1.101332754E-1,9.749189377E0,9.767874703E0
7.169143661E0,5.961562395E-1,-1.029506698E-1,9.763554573E0,9.782279847E0
7.171149169E0,5.817909837E-1,-1.029506698E-1,9.768342972E0,9.786194562E0
7.173154950E0,5.865794420E-1,-1.101332754E-1,9.756371498E0,9.774609434E0
7.175161395E0,5.889736414E-1,-1.149216816E-1,9.753977776E0,9.772419321E0
7.177167020E0,5.937620401E-1,-1.173158810E-1,9.761159897E0,9.779905874E0
7.179171669E0,5.985504389E-1,-1.125274822E-1,9.761159897E0,9.780141492E0
7.181177059E0,5.937620401E-1,-1.101332754E-1,9.763554573E0,9.782212459E0
7.183181513E0,5.961562395E-1,-1.101332754E-1,9.763554573E0,9.782358075E0
7.185185497E0,5.937620401E-1,-1.077390760E-1,9.773131371E0,9.791744372E0
7.187189677E0,5.817909837E-1,-1.149216816E-1,9.775525093E0,9.793496750E0
7.189193661E0,5.913678408E-1,-1.173158810E-1,9.780313492E0,9.798878045E0
7.191198700E0,5.913678408E-1,-1.077390760E-1,9.773131371E0,9.791599482E0
7.193202177E0,5.913678408E-1,-1.101332754E-1,9.765948296E0,9.784456621E0
7.195206356E0,5.889736414E-1,-1.077390760E-1,9.763554573E0,9.781896317E0
7.197209325E0,5.865794420E-1,-1.149216816E-1,9.761159897E0,9.779444001E0
7.199213270E0,5.889736414E-1,-1.173158810E-1,9.763554573E0,9.782006485E0
7.201217333E0,5.865794420E-1,-9.816227108E-2,9.768342972E0,9.786431203E0
7.203222958E0,5.889736414E-1,-1.029506698E-1,9.770736694E0,9.789013451E0
7.205227138E0,5.937620401E-1,-1.005564705E-1,9.756371498E0,9.774939886E0
7.207230966E0,5.889736414E-1,-1.077390760E-1,9.753977776E0,9.772337494E0
7.209236005E0,5.937620401E-1,-1.029506698E-1,9.749189377E0,9.767796359E0
7.211240692E0,5.913678408E-1,-1.005564705E-1,9.744400978E0,9.762846816E0
7.213243974E0,5.937620401E-1,-9.816227108E-2,9.746794701E0,9.765356938E0
7.215247645E0,5.937620401E-1,-9.576806426E-2,9.744400978E0,9.762943988E0
7.217251591E0,5.985504389E-1,-1.101332754E-1,9.746794701E0,9.765776923E0
7.219256161E0,5.985504389E-1,-1.101332754E-1,9.749189377E0,9.768166945E0
7.221260536E0,5.985504389E-1,-1.053448766E-1,9.753977776E0,9.772893257E0
7.223264716E0,5.985504389E-1,-1.053448766E-1,9.751583099E0,9.770503217E0
7.225269169E0,5.937620401E-1,-1.053448766E-1,9.749189377E0,9.767821887E0
7.227272333E0,5.889736414E-1,-1.077390760E-1,9.751583099E0,9.769947318E0
7.229275536E0,5.889736414E-1,-1.149216816E-1,9.753977776E0,9.772419321E0
7.231279403E0,5.889736414E-1,-1.197100878E-1,9.761159897E0,9.779645341E0
7.233283583E0,5.937620401E-1,-1.101332754E-1,9.765948296E0,9.784601617E0
7.235287020E0,5.985504389E-1,-1.197100878E-1,9.765948296E0,9.785005838E0
7.237289716E0,5.913678408E-1,-1.197100878E-1,9.775525093E0,9.794127693E0
7.239292149E0,5.961562395E-1,-1.149216816E-1,9.765948296E0,9.784802265E0
7.241297411E0,5.985504389E-1,-1.125274822E-1,9.780313492E0,9.799257985E0
7.243301708E0,5.961562395E-1,-1.077390760E-1,9.792284966E0,9.811006820E0
7.245305809E0,5.937620401E-1,-1.101332754E-1,9.787496567E0,9.806108899E0
7.247310106E0,6.057330370E-1,-1.173158810E-1,9.782708168E0,9.802145409E0
7.249314208E0,6.153098345E-1,-1.149216816E-1,9.777919769E0,9.797934895E0
7.251318505E0,6.081272364E-1,-1.029506698E-1,9.775525093E0,9.794963421E0
7.253322216E0,6.129156351E-1,-9.337386489E-2,9.765948296E0,9.785608329E0
7.255325263E0,6.009446383E-1,-1.005564705E-1,9.775525093E0,9.794495235E0
7.257328661E0,6.057330370E-1,-1.125274822E-1,9.770736694E0,9.790141495E0
7.259333075E0,6.009446383E-1,-1.005564705E-1,9.765948296E0,9.784937004E0
7.261337489E0,6.033388376E-1,-9.576806426E-2,9.751583099E0,9.770699167E0
7.263341981E0,6.081272364E-1,-1.005564705E-1,9.742006302E0,9.761486420E0
7.265346825E0,6.009446383E-1,-9.576806426E-2,9.737217903E0,9.756214352E0
7.267351747E0,5.985504389E-1,-1.029506698E-1,9.739612579E0,9.758530354E0
7.269356239E0,5.961562395E-1,-1.029506698E-1,9.746794701E0,9.765552111E0
7.271361044E0,5.865794420E-1,-1.029506698E-1,9.749189377E0,9.767362376E0
7.273366395E0,5.889736414E-1,-1.029506698E-1,9.739612579E0,9.757947632E0
7.275371005E0,5.865794420E-1,-1.053448766E-1,9.749189377E0,9.767387905E0
7.277375145E0,5.817909837E-1,-1.029506698E-1,9.746794701E0,9.764685685E0
7.279378544E0,5.865794420E-1,-1.053448766E-1,9.758766174E0,9.776946877E0
7.281382411E0,5.865794420E-1,-1.101332754E-1,9.763554573E0,9.781779116E0
7.283386005E0,5.841852427E-1,-1.125274822E-1,9.770736694E0,9.788831921E0
7.285389989E0,5.937620401E-1,-1.005564705E-1,9.780313492E0,9.798836511E0
7.287393231E0,5.937620401E-1,-9.816227108E-2,9.770736694E0,9.789253533E0
7.289397177E0,6.009446383E-1,-1.029506698E-1,9.775525093E0,9.794520108E0
7.291401669E0,6.057330370E-1,-1.125274822E-1,9.780313492E0,9.799699329E0
7.293406278E0,6.009446383E-1,-1.101332754E-1,9.773131371E0,9.792209178E0
7.295410692E0,5.985504389E-1,-1.053448766E-1,9.775525093E0,9.794398961E0
7.297415458E0,6.009446383E-1,-1.029506698E-1,9.756371498E0,9.775403731E0
7.299420106E0,6.057330370E-1,-1.029506698E-1,9.761159897E0,9.780478203E0
7.301425028E0,6.105214357E-1,-9.816227108E-2,9.758766174E0,9.778337768E0
7.303430653E0,6.033388376E-1,-1.053448766E-1,9.753977776E0,9.773187696E0
7.305434872E0,6.009446383E-1,-1.125274822E-1,9.756371498E0,9.775509281E0
7.307439169E0,5.985504389E-1,-1.101332754E-1,9.761159897E0,9.780114237E0
7.309443114E0,5.937620401E-1,-1.077390760E-1,9.756371498E0,9.775016413E0
7.311447059E0,5.961562395E-1,-1.077390760E-1,9.758766174E0,9.777552210E0
7.313451356E0,5.961562395E-1,-1.077390760E-1,9.763554573E0,9.782331413E0
7.315455927E0,5.889736414E-1,-1.125274822E-1,9.763554573E0,9.781950229E0
7.317461161E0,6.009446383E-1,-1.029506698E-1,9.765948296E0,9.784961901E0
7.319465302E0,5.937620401E-1,-1.005564705E-1,9.756371498E0,9.774939886E0
7.321470145E0,5.985504389E-1,-1.077390760E-1,9.753977776E0,9.772919358E0
7.323474989E0,5.961562395E-1,-1.053448766E-1,9.765948296E0,9.784694472E0
7.325479130E0,5.961562395E-1,-1.077390760E-1,9.763554573E0,9.782331413E0
7.327483466E0,5.961562395E-1,-1.173158810E-1,9.770736694E0,9.789609840E0
7.329488349E0,6.009446383E-1,-1.101332754E-1,9.758766174E0,9.777872010E0
7.331492997E0,5.937620401E-1,-1.101332754E-1,9.763554573E0,9.782212459E0
7.333497880E0,5.937620401E-1,-1.029506698E-1,9.751583099E0,9.770185523E0
7.335502567E0,6.033388376E-1,-1.005564705E-1,9.749189377E0,9.768358248E0
7.337507372E0,6.009446383E-1,-9.576806426E-2,9.756371498E0,9.775330725E0
7.339511200E0,5.913678408E-1,-9.576806426E-2,9.758766174E0,9.777136835E0
7.341514169E0,5.937620401E-1,-9.576806426E-2,9.761159897E0,9.779671130E0
7.343517763E0,5.913678408E-1,-8.858546615E-2,9.761159897E0,9.779458361E0
7.345523544E0,5.913678408E-1,-9.097966552E-2,9.763554573E0,9.781870533E0
7.347528583E0,5.865794420E-1,-1.029506698E-1,9.761159897E0,9.779310651E0
7.349533817E0,5.913678408E-1,-1.053448766E-1,9.746794701E0,9.765286499E0
7.351538544E0,5.913678408E-1,-1.053448766E-1,9.756371498E0,9.774845179E0
7.353543739E0,5.865794420E-1,-1.053448766E-1,9.761159897E0,9.779336149E0
7.355548544E0,5.770025849E-1,-1.125274822E-1,9.751583099E0,9.769286942E0
7.357553739E0,5.817909837E-1,-1.173158810E-1,9.756371498E0,9.774406814E0
7.359559559E0,5.913678408E-1,-1.149216816E-1,9.746794701E0,9.765394506E0
7.361565067E0,5.937620401E-1,-1.197100878E-1,9.749189377E0,9.767987376E0
7.363569013E0,5.889736414E-1,-1.077390760E-1,9.749189377E0,9.767558096E0
7.365573231E0,5.889736414E-1,-1.077390760E-1,9.753977776E0,9.772337494E0
7.367578622E0,5.985504389E-1,-1.125274822E-1,9.751583099E0,9.770583299E0
7.369583270E0,5.961562395E-1,-1.077390760E-1,9.758766174E0,9.777552210E0
7.371587645E0,5.985504389E-1,-1.149216816E-1,9.765948296E0,9.784948428E0
7.373592138E0,6.057330370E-1,-1.053448766E-1,9.763554573E0,9.782893639E0
7.375596161E0,6.033388376E-1,-1.101332754E-1,9.761159897E0,9.780408459E0
7.377599559E0,6.033388376E-1,-1.173158810E-1,9.756371498E0,9.775713047E0
7.379602411E0,6.057330370E-1,-1.197100878E-1,9.756371498E0,9.775890130E0
7.381605575E0,6.081272364E-1,-1.125274822E-1,9.761159897E0,9.780732268E0
7.383609091E0,6.009446383E-1,-1.077390760E-1,9.768342972E0,9.787403465E0
7.385613075E0,6.033388376E-1,-1.029506698E-1,9.775525093E0,9.794667296E0
7.387616356E0,6.009446383E-1,-1.005564705E-1,9.777919769E0,9.796885274E0
7.389619638E0,5.961562395E-1,-1.029506698E-1,9.775525093E0,9.794227481E0
7.391623427E0,5.961562395E-1,-1.005564705E-1,9.777919769E0,9.796592718E0
7.393626434E0,5.913678408E-1,-9.816227108E-2,9.768342972E0,9.786719377E0
7.395630106E0,5.985504389E-1,-1.053448766E-1,9.768342972E0,9.787230690E0
7.397634872E0,5.985504389E-1,-1.029506698E-1,9.765948296E0,9.784815153E0
7.399639013E0,5.889736414E-1,-9.576806426E-2,9.749189377E0,9.767433387E0
7.401643388E0,5.865794420E-1,-1.077390760E-1,9.737217903E0,9.755464912E0
7.403648466E0,5.913678408E-1,-1.077390760E-1,9.739612579E0,9.758144128E0
7.405653544E0,5.937620401E-1,-1.029506698E-1,9.749189377E0,9.767796359E0
7.407657294E0,5.889736414E-1,-1.005564705E-1,9.749189377E0,9.767481511E0
7.409660614E0,5.937620401E-1,-1.197100878E-1,9.763554573E0,9.782324967E0
7.411664520E0,5.985504389E-1,-1.197100878E-1,9.765948296E0,9.785005838E0
7.413668934E0,5.865794420E-1,-1.244984865E-1,9.753977776E0,9.772392632E0
7.415672059E0,5.985504389E-1,-1.077390760E-1,9.746794701E0,9.765750216E0
7.417675575E0,5.985504389E-1,-1.077390760E-1,9.761159897E0,9.780087570E0
7.419680067E0,5.937620401E-1,-1.149216816E-1,9.763554573E0,9.782267542E0
7.421683544E0,5.985504389E-1,-1.125274822E-1,9.768342972E0,9.787310636E0
7.423687567E0,6.009446383E-1,-1.173158810E-1,9.770736694E0,9.789902605E0
7.425690614E0,5.889736414E-1,-1.149216816E-1,9.756371498E0,9.774808528E0
7.427694247E0,5.841852427E-1,-1.268926859E-1,9.761159897E0,9.779448690E0
7.429697411E0,5.889736414E-1,-1.125274822E-1,9.768342972E0,9.786729627E0
7.431699794E0,6.009446383E-1,-1.029506698E-1,9.768342972E0,9.787351925E0
7.433702606E0,6.057330370E-1,-9.816227108E-2,9.765948296E0,9.785207941E0
7.435706044E0,6.081272364E-1,-1.101332754E-1,9.775525093E0,9.795041548E0
7.437708778E0,6.009446383E-1,-1.005564705E-1,9.773131371E0,9.792106150E0
7.439712216E0,5.961562395E-1,-9.576806426E-2,9.763554573E0,9.782206892E0
7.441715849E0,5.961562395E-1,-1.005564705E-1,9.761159897E0,9.779864846E0
7.443719130E0,5.961562395E-1,-1.053448766E-1,9.758766174E0,9.777526121E0
7.445722450E0,6.057330370E-1,-9.816227108E-2,9.758766174E0,9.778039967E0
7.447724950E0,6.009446383E-1,-1.029506698E-1,9.749189377E0,9.768235603E0
7.449727567E0,5.889736414E-1,-9.816227108E-2,9.749189377E0,9.767457156E0
7.451730458E0,5.889736414E-1,-1.005564705E-1,9.746794701E0,9.765091320E0
7.453733192E0,6.057330370E-1,-1.197100878E-1,9.746794701E0,9.766332472E0
7.455736161E0,6.057330370E-1,-1.197100878E-1,9.749189377E0,9.768722359E0
7.457739286E0,5.913678408E-1,-1.149216816E-1,9.758766174E0,9.777343206E0
7.459742138E0,5.913678408E-1,-1.125274822E-1,9.761159897E0,9.779704540E0
7.461746083E0,5.985504389E-1,-1.101332754E-1,9.749189377E0,9.768166945E0
7.463750614E0,5.913678408E-1,-1.125274822E-1,9.746794701E0,9.765366624E0
7.465754989E0,5.865794420E-1,-1.053448766E-1,9.765948296E0,9.784115652E0
7.467759325E0,5.841852427E-1,-1.029506698E-1,9.758766174E0,9.776778022E0
7.469763153E0,6.009446383E-1,-1.005564705E-1,9.761159897E0,9.780157902E0
7.471766747E0,6.033388376E-1,-1.005564705E-1,9.756371498E0,9.775526286E0
7.473769599E0,5.937620401E-1,-1.101332754E-1,9.768342972E0,9.786991730E0
7.475772567E0,5.961562395E-1,-1.029506698E-1,9.753977776E0,9.772721399E0
7.477775692E0,5.937620401E-1,-1.005564705E-1,9.761159897E0,9.779719193E0
7.479778270E0,5.961562395E-1,-1.005564705E-1,9.758766174E0,9.777475702E0
7.481780380E0,5.961562395E-1,-9.816227108E-2,9.734824181E0,9.753555245E0
7.483783622E0,5.913678408E-1,-1.053448766E-1,9.734824181E0,9.753338674E0
7.485787489E0,5.961562395E-1,-1.053448766E-1,9.749189377E0,9.767967716E0
7.487790536E0,5.985504389E-1,-1.029506698E-1,9.751583099E0,9.770477696E0
7.489793388E0,6.057330370E-1,-1.029506698E-1,9.751583099E0,9.770920340E0
7.491796356E0,6.009446383E-1,-1.053448766E-1,9.749189377E0,9.768261130E0
7.493799950E0,5.889736414E-1,-1.029506698E-1,9.746794701E0,9.765116268E0
7.495802216E0,5.913678408E-1,-1.149216816E-1,9.768342972E0,9.786901825E0
7.497805028E0,5.913678408E-1,-1.197100878E-1,9.773131371E0,9.791738518E0
7.499806864E0,5.961562395E-1,-1.221042871E-1,9.753977776E0,9.772941940E0
7.501808856E0,6.009446383E-1,-1.268926859E-1,9.753977776E0,9.773296202E0
7.503811434E0,5.985504389E-1,-1.268926859E-1,9.761159897E0,9.780317322E0
7.505814286E0,5.889736414E-1,-1.268926859E-1,9.763554573E0,9.782126027E0
7.507817645E0,5.937620401E-1,-1.125274822E-1,9.770736694E0,9.789408120E0
7.509820419E0,6.009446383E-1,-1.125274822E-1,9.763554573E0,9.782678304E0
7.511823622E0,5.913678408E-1,-1.101332754E-1,9.761159897E0,9.779677285E0
7.513827528E0,5.889736414E-1,-1.125274822E-1,9.768342972E0,9.786729627E0
7.515830849E0,5.937620401E-1,-1.101332754E-1,9.770736694E0,9.789380892E0
7.517833778E0,5.985504389E-1,-1.125274822E-1,9.765948296E0,9.784920601E0
7.519836395E0,5.937620401E-1,-1.101332754E-1,9.758766174E0,9.777433198E0
7.521839481E0,5.937620401E-1,-1.101332754E-1,9.765948296E0,9.784601617E0
7.523843153E0,5.937620401E-1,-1.149216816E-1,9.758766174E0,9.777488307E0
7.525847059E0,5.985504389E-1,-1.005564705E-1,9.751583099E0,9.770452762E0
7.527850888E0,5.961562395E-1,-1.005564705E-1,9.753977776E0,9.772696471E0
7.529854091E0,5.865794420E-1,-1.005564705E-1,9.763554573E0,9.781675978E0
7.531857724E0,5.817909837E-1,-1.005564705E-1,9.753977776E0,9.771830678E0
7.533861200E0,5.865794420E-1,-1.053448766E-1,9.765948296E0,9.784115652E0
7.535864403E0,5.865794420E-1,-1.053448766E-1,9.761159897E0,9.779336149E0
7.537867880E0,5.865794420E-1,-1.053448766E-1,9.749189377E0,9.767387905E0
7.539871942E0,5.937620401E-1,-1.053448766E-1,9.746794701E0,9.765431779E0
7.541876356E0,5.913678408E-1,-1.125274822E-1,9.758766174E0,9.777315358E0
7.543880966E0,6.033388376E-1,-1.221042871E-1,9.751583099E0,9.770992793E0
7.545884599E0,6.105214357E-1,-1.221042871E-1,9.744400978E0,9.764271417E0
7.547887606E0,6.105214357E-1,-1.125274822E-1,9.751583099E0,9.771323953E0
7.549891317E0,6.033388376E-1,-1.173158810E-1,9.756371498E0,9.775713047E0
7.551895692E0,6.009446383E-1,-1.125274822E-1,9.758766174E0,9.777899270E0
7.553898856E0,6.009446383E-1,-1.149216816E-1,9.751583099E0,9.770758128E0
7.555902528E0,5.985504389E-1,-1.053448766E-1,9.756371498E0,9.775282348E0
7.557905966E0,5.961562395E-1,-1.053448766E-1,9.765948296E0,9.784694472E0
7.559909755E0,5.937620401E-1,-1.053448766E-1,9.770736694E0,9.789328192E0
7.561913700E0,5.937620401E-1,-9.816227108E-2,9.763554573E0,9.782085007E0
7.563915888E0,5.937620401E-1,-1.005564705E-1,9.756371498E0,9.774939886E0
7.565919091E0,5.841852427E-1,-1.029506698E-1,9.742006302E0,9.760049079E0
7.567923466E0,5.865794420E-1,-1.029506698E-1,9.739612579E0,9.757803415E0
7.569926942E0,5.817909837E-1,-1.077390760E-1,9.753977776E0,9.771907230E0
7.571930927E0,5.841852427E-1,-1.077390760E-1,9.758766174E0,9.776829617E0
7.573935145E0,5.889736414E-1,-1.077390760E-1,9.761159897E0,9.779506132E0
7.575939403E0,5.889736414E-1,-1.029506698E-1,9.746794701E0,9.765116268E0
7.577943544E0,5.841852427E-1,-1.029506698E-1,9.749189377E0,9.767218885E0
7.579947567E0,5.889736414E-1,-9.576806426E-2,9.746794701E0,9.765043185E0
7.581951513E0,5.889736414E-1,-1.029506698E-1,9.751583099E0,9.769895687E0
7.583956200E0,5.865794420E-1,-1.005564705E-1,9.756371498E0,9.774506221E0
7.585961239E0,5.770025849E-1,-1.029506698E-1,9.749189377E0,9.766791916E0
7.587965653E0,5.817909837E-1,-1.077390760E-1,9.749189377E0,9.767127621E0
7.589970106E0,5.841852427E-1,-1.125274822E-1,9.763554573E0,9.781663086E0
7.591974247E0,5.841852427E-1,-1.101332754E-1,9.785101891E0,9.803143411E0
7.593978583E0,5.961562395E-1,-1.125274822E-1,9.789890289E0,9.808670479E0
7.595982450E0,6.009446383E-1,-1.005564705E-1,9.770736694E0,9.789716115E0
7.597985809E0,6.057330370E-1,-1.005564705E-1,9.768342972E0,9.787622210E0
7.599989794E0,5.913678408E-1,-1.077390760E-1,9.770736694E0,9.789209324E0
7.601994169E0,5.937620401E-1,-1.053448766E-1,9.768342972E0,9.786939017E0
7.603997763E0,5.961562395E-1,-1.149216816E-1,9.768342972E0,9.787192328E0
7.606001434E0,5.985504389E-1,-1.077390760E-1,9.761159897E0,9.780087570E0
7.608004286E0,5.961562395E-1,-1.077390760E-1,9.756371498E0,9.775162136E0
7.610007411E0,5.961562395E-1,-1.053448766E-1,9.749189377E0,9.767967716E0
7.612012645E0,6.033388376E-1,-1.077390760E-1,9.753977776E0,9.773213796E0
7.614017333E0,6.033388376E-1,-1.029506698E-1,9.753977776E0,9.773162182E0
7.616021434E0,5.985504389E-1,-1.005564705E-1,9.768342972E0,9.787180322E0
7.618026434E0,6.009446383E-1,-1.029506698E-1,9.763554573E0,9.782572831E0
7.620031278E0,6.009446383E-1,-1.101332754E-1,9.756371498E0,9.775482014E0
7.622035263E0,6.009446383E-1,-1.125274822E-1,9.744400978E0,9.763562225E0
7.624039559E0,6.009446383E-1,-1.149216816E-1,9.756371498E0,9.775537134E0
7.626043270E0,5.913678408E-1,-1.197100878E-1,9.761159897E0,9.779789822E0
7.628046864E0,5.961562395E-1,-1.173158810E-1,9.756371498E0,9.775272379E0
7.630049638E0,5.889736414E-1,-1.173158810E-1,9.753977776E0,9.772447770E0
7.632052138E0,5.865794420E-1,-1.221042871E-1,9.765948296E0,9.784310451E0
7.634055575E0,5.817909837E-1,-1.221042871E-1,9.758766174E0,9.776855704E0
7.636058974E0,5.841852427E-1,-1.125274822E-1,9.751583099E0,9.769713802E0
7.638061708E0,5.841852427E-1,-1.101332754E-1,9.753977776E0,9.772076759E0
7.640065380E0,5.793967843E-1,-1.101332754E-1,9.756371498E0,9.774181029E0
7.642069442E0,5.793967843E-1,-1.125274822E-1,9.756371498E0,9.774208299E0
7.644073466E0,5.865794420E-1,-1.005564705E-1,9.749189377E0,9.767337434E0
7.646077177E0,5.817909837E-1,-1.029506698E-1,9.753977776E0,9.771855609E0
7.648080028E0,5.889736414E-1,-1.029506698E-1,9.763554573E0,9.781844749E0
7.650084286E0,5.961562395E-1,-1.029506698E-1,9.765948296E0,9.784668989E0
7.652088622E0,5.913678408E-1,-1.077390760E-1,9.768342972E0,9.786820119E0
7.654091591E0,6.009446383E-1,-9.816227108E-2,9.768342972E0,9.787302729E0
7.656094911E0,6.009446383E-1,-1.077390760E-1,9.768342972E0,9.787403465E0
7.658099716E0,5.985504389E-1,-1.101332754E-1,9.756371498E0,9.775335123E0
7.660103270E0,5.961562395E-1,-1.101332754E-1,9.751583099E0,9.770409641E0
7.662107294E0,5.937620401E-1,-1.101332754E-1,9.751583099E0,9.770263847E0
7.664110341E0,5.961562395E-1,-1.077390760E-1,9.758766174E0,9.777552210E0
7.666112802E0,5.985504389E-1,-1.053448766E-1,9.761159897E0,9.780061488E0
7.668115966E0,5.913678408E-1,-1.125274822E-1,9.758766174E0,9.777315358E0
7.670118739E0,5.937620401E-1,-1.101332754E-1,9.753977776E0,9.772653946E0
7.672121903E0,5.937620401E-1,-1.053448766E-1,9.746794701E0,9.765431779E0
7.674125302E0,6.009446383E-1,-1.005564705E-1,9.758766174E0,9.777768831E0
7.676127958E0,5.937620401E-1,-9.576806426E-2,9.763554573E0,9.782061275E0
7.678130341E0,5.889736414E-1,-1.005564705E-1,9.761159897E0,9.779429640E0
7.680133739E0,5.865794420E-1,-9.576806426E-2,9.756371498E0,9.774458132E0
7.682137841E0,5.865794420E-1,-9.576806426E-2,9.751583099E0,9.769678598E0
7.684142138E0,5.961562395E-1,-1.005564705E-1,9.744400978E0,9.763138035E0
7.686145927E0,5.985504389E-1,-1.005564705E-1,9.753977776E0,9.772842815E0
7.688149638E0,6.009446383E-1,-1.053448766E-1,9.746794701E0,9.765871130E0
7.690152489E0,6.009446383E-1,-1.149216816E-1,9.732429504E0,9.751642196E0
7.692156083E0,5.961562395E-1,-1.101332754E-1,9.739612579E0,9.758462215E0
7.694160302E0,5.913678408E-1,-1.149216816E-1,9.742006302E0,9.760615232E0
7.696164013E0,5.889736414E-1,-1.077390760E-1,9.744400978E0,9.762778707E0
7.698168153E0,5.937620401E-1,-1.053448766E-1,9.742006302E0,9.760652524E0
7.700173036E0,5.961562395E-1,-1.053448766E-1,9.744400978E0,9.763188528E0
7.702177177E0,5.913678408E-1,-1.101332754E-1,9.751583099E0,9.770118638E0
7.704181239E0,5.937620401E-1,-1.173158810E-1,9.749189377E0,9.767958327E0
7.706185458E0,5.961562395E-1,-1.173158810E-1,9.763554573E0,9.782441576E0
7.708189286E0,5.985504389E-1,-1.173158810E-1,9.768342972E0,9.787366860E0
7.710192684E0,5.937620401E-1,-1.101332754E-1,9.770736694E0,9.789380892E0
7.712196864E0,5.985504389E-1,-1.197100878E-1,9.773131371E0,9.792174933E0
7.714200888E0,5.937620401E-1,-1.221042871E-1,9.777919769E0,9.796692188E0
7.716204794E0,5.937620401E-1,-1.197100878E-1,9.773131371E0,9.791883407E0
7.718208544E0,5.841852427E-1,-1.125274822E-1,9.780313492E0,9.798391033E0
7.720212059E0,5.817909837E-1,-1.053448766E-1,9.797073364E0,9.814898104E0
7.722215692E0,5.841852427E-1,-1.077390760E-1,9.797073364E0,9.815066307E0
7.724219638E0,5.865794420E-1,-9.337386489E-2,9.777919769E0,9.795943504E0
7.726223661E0,5.865794420E-1,-1.029506698E-1,9.777919769E0,9.796039470E0
7.728227216E0,5.985504389E-1,-1.005564705E-1,9.775525093E0,9.794348630E0
7.730230809E0,6.033388376E-1,-1.005564705E-1,9.777919769E0,9.797032427E0
7.732234716E0,5.985504389E-1,-1.101332754E-1,9.763554573E0,9.782504274E0
7.734237958E0,5.961562395E-1,-1.125274822E-1,9.749189377E0,9.768047819E0
7.736242216E0,5.985504389E-1,-1.005564705E-1,9.749189377E0,9.768063664E0
7.738246044E0,5.961562395E-1,-9.816227108E-2,9.744400978E0,9.763113669E0
7.740249364E0,5.961562395E-1,-1.053448766E-1,9.739612579E0,9.758409348E0
7.742253309E0,5.913678408E-1,-1.077390760E-1,9.753977776E0,9.772482084E0
7.744257255E0,5.865794420E-1,-1.125274822E-1,9.751583099E0,9.769857257E0
7.746260653E0,5.841852427E-1,-1.101332754E-1,9.758766174E0,9.776856293E0
7.748263622E0,5.937620401E-1,-1.125274822E-1,9.756371498E0,9.775070363E0
7.750267606E0,5.865794420E-1,-1.029506698E-1,9.763554573E0,9.781700884E0
7.752271434E0,5.913678408E-1,-1.029506698E-1,9.780313492E0,9.798716587E0
7.754275770E0,5.937620401E-1,-9.816227108E-2,9.773131371E0,9.791643681E0
7.756278856E0,6.009446383E-1,-1.029506698E-1,9.775525093E0,9.794520108E0
7.758283036E0,5.985504389E-1,-1.077390760E-1,9.773131371E0,9.792035903E0
7.760287020E0,6.009446383E-1,-1.029506698E-1,9.761159897E0,9.780182812E0
7.762291044E0,5.961562395E-1,-9.576806426E-2,9.773131371E0,9.791765447E0
7.764295067E0,5.889736414E-1,-9.576806426E-2,9.782708168E0,9.800889785E0
7.766298466E0,5.985504389E-1,-9.816227108E-2,9.780313492E0,9.799103554E0
7.768302020E0,5.985504389E-1,-1.053448766E-1,9.770736694E0,9.789619795E0
7.770306552E0,6.033388376E-1,-9.576806426E-2,9.763554573E0,9.782647248E0
7.772310809E0,5.961562395E-1,-1.005564705E-1,9.753977776E0,9.772696471E0
7.774314325E0,5.913678408E-1,-1.005564705E-1,9.742006302E0,9.760456665E0
7.776319091E0,5.985504389E-1,-9.576806426E-2,9.746794701E0,9.765625484E0
7.778322567E0,5.937620401E-1,-9.576806426E-2,9.744400978E0,9.762943988E0
7.780327138E0,5.889736414E-1,-1.005564705E-1,9.742006302E0,9.760311898E0
7.782332528E0,5.865794420E-1,-1.101332754E-1,9.744400978E0,9.762661277E0
7.784337372E0,5.961562395E-1,-1.053448766E-1,9.746794701E0,9.765577645E0
7.786342138E0,6.057330370E-1,-9.337386489E-2,9.753977776E0,9.773214089E0
7.788347333E0,5.985504389E-1,-9.816227108E-2,9.753977776E0,9.772818473E0
7.790352606E0,5.961562395E-1,-9.816227108E-2,9.763554573E0,9.782230625E0
7.792357450E0,5.961562395E-1,-1.101332754E-1,9.765948296E0,9.784747197E0
7.794361278E0,5.937620401E-1,-1.101332754E-1,9.751583099E0,9.770263847E0
7.796365419E0,6.009446383E-1,-1.149216816E-1,9.756371498E0,9.775537134E0
7.798369403E0,5.985504389E-1,-1.053448766E-1,9.770736694E0,9.789619795E0
7.800374716E0,6.009446383E-1,-1.101332754E-1,9.773131371E0,9.792209178E0
7.802379872E0,5.985504389E-1,-1.053448766E-1,9.777919769E0,9.796789024E0
7.804384911E0,6.057330370E-1,-1.029506698E-1,9.773131371E0,9.792426060E0
7.806389599E0,6.033388376E-1,-1.005564705E-1,9.773131371E0,9.792253374E0
7.808394052E0,6.009446383E-1,-1.053448766E-1,9.780313492E0,9.799324671E0
7.810398114E0,6.105214357E-1,-1.029506698E-1,9.773131371E0,9.792723424E0
7.812402606E0,6.009446383E-1,-1.077390760E-1,9.770736694E0,9.789792527E0
7.814407020E0,6.081272364E-1,-1.125274822E-1,9.756371498E0,9.775953456E0
7.816411669E0,5.937620401E-1,-1.125274822E-1,9.763554573E0,9.782239708E0
7.818416786E0,5.889736414E-1,-1.101332754E-1,9.765948296E0,9.784312209E0
7.820421161E0,5.985504389E-1,-1.077390760E-1,9.761159897E0,9.780087570E0
7.822424481E0,5.913678408E-1,-1.197100878E-1,9.737217903E0,9.755893548E0
7.824428739E0,5.841852427E-1,-1.149216816E-1,9.756371498E0,9.774521175E0
7.826431669E0,5.793967843E-1,-1.125274822E-1,9.770736694E0,9.788547319E0
7.828434911E0,5.841852427E-1,-1.149216816E-1,9.770736694E0,9.788859736E0
7.830438661E0,5.889736414E-1,-1.149216816E-1,9.763554573E0,9.781978064E0
7.832441903E0,5.913678408E-1,-1.149216816E-1,9.763554573E0,9.782122511E0
7.834445302E0,5.889736414E-1,-1.149216816E-1,9.765948296E0,9.784367279E0
7.836448544E0,5.889736414E-1,-1.053448766E-1,9.773131371E0,9.791429123E0
7.838452841E0,5.913678408E-1,-1.077390760E-1,9.770736694E0,9.789209324E0
7.840456278E0,5.961562395E-1,-1.101332754E-1,9.763554573E0,9.782358075E0
7.842459169E0,5.961562395E-1,-1.029506698E-1,9.761159897E0,9.779889756E0
7.844462880E0,5.937620401E-1,-1.029506698E-1,9.758766174E0,9.777354931E0
7.846465966E0,5.913678408E-1,-1.053448766E-1,9.753977776E0,9.772455982E0
7.848469872E0,5.937620401E-1,-1.101332754E-1,9.746794701E0,9.765484608E0
7.850471513E0,5.985504389E-1,-1.077390760E-1,9.744400978E0,9.763361140E0
7.852474755E0,5.937620401E-1,-9.576806426E-2,9.746794701E0,9.765333165E0
7.854478075E0,5.985504389E-1,-1.029506698E-1,9.737217903E0,9.756140321E0
7.856480575E0,5.937620401E-1,-1.005564705E-1,9.732429504E0,9.751043484E0
7.858483544E0,5.937620401E-1,-9.337386489E-2,9.737217903E0,9.755751357E0
7.860486083E0,5.961562395E-1,-9.576806426E-2,9.739612579E0,9.758310662E0
7.862489130E0,5.889736414E-1,-1.005564705E-1,9.761159897E0,9.779429640E0
7.864492958E0,5.865794420E-1,-1.053448766E-1,9.761159897E0,9.779336149E0
7.866497255E0,5.865794420E-1,-1.197100878E-1,9.758766174E0,9.777112211E0
7.868501200E0,5.961562395E-1,-1.197100878E-1,9.746794701E0,9.765743172E0
7.870504520E0,5.913678408E-1,-1.149216816E-1,9.761159897E0,9.779732381E0
7.872507763E0,5.913678408E-1,-1.173158810E-1,9.763554573E0,9.782150931E0
7.874510458E0,5.793967843E-1,-1.221042871E-1,9.770736694E0,9.788662097E0
7.876513817E0,5.793967843E-1,-1.173158810E-1,9.780313492E0,9.798162871E0
7.878517020E0,5.865794420E-1,-1.197100878E-1,9.770736694E0,9.789060297E0
7.880520145E0,6.009446383E-1,-1.149216816E-1,9.763554573E0,9.782706136E0
7.882524481E0,5.937620401E-1,-1.221042871E-1,9.761159897E0,9.779964486E0
7.884527802E0,5.913678408E-1,-1.221042871E-1,9.770736694E0,9.789377964E0
7.886530224E0,5.985504389E-1,-1.292868853E-1,9.770736694E0,9.789906704E0
7.888533075E0,6.033388376E-1,-1.244984865E-1,9.765948296E0,9.785359663E0
7.890536747E0,5.985504389E-1,-1.173158810E-1,9.763554573E0,9.782587773E0
7.892539559E0,6.009446383E-1,-1.149216816E-1,9.768342972E0,9.787485166E0
7.894542919E0,6.057330370E-1,-1.268926859E-1,9.753977776E0,9.773591802E0
7.896547020E0,6.009446383E-1,-1.149216816E-1,9.761159897E0,9.780316149E0
7.898551200E0,5.913678408E-1,-1.125274822E-1,9.761159897E0,9.779704540E0
7.900555106E0,5.913678408E-1,-1.173158810E-1,9.763554573E0,9.782150931E0
7.902559130E0,5.937620401E-1,-1.053448766E-1,9.753977776E0,9.772601156E0
7.904562724E0,5.889736414E-1,-1.125274822E-1,9.756371498E0,9.774780672E0
7.906566395E0,5.841852427E-1,-1.101332754E-1,9.763554573E0,9.781635836E0
7.908570536E0,5.865794420E-1,-1.029506698E-1,9.758766174E0,9.776921373E0
7.910575184E0,5.961562395E-1,-1.053448766E-1,9.770736694E0,9.789473702E0
7.912580067E0,5.961562395E-1,-1.173158810E-1,9.768342972E0,9.787220734E0
7.914584442E0,5.865794420E-1,-1.077390760E-1,9.751583099E0,9.769803278E0
7.916588661E0,5.865794420E-1,-1.053448766E-1,9.751583099E0,9.769777169E0
7.918592997E0,5.913678408E-1,-1.053448766E-1,9.753977776E0,9.772455982E0
7.920597138E0,5.889736414E-1,-1.005564705E-1,9.751583099E0,9.769870751E0
7.922601395E0,6.009446383E-1,-1.005564705E-1,9.751583099E0,9.770599726E0
7.924605184E0,6.009446383E-1,-1.029506698E-1,9.761159897E0,9.780182812E0
7.926607958E0,5.961562395E-1,-1.053448766E-1,9.756371498E0,9.775136041E0
7.928611122E0,5.913678408E-1,-1.053448766E-1,9.751583099E0,9.770065834E0
7.930615653E0,5.913678408E-1,-1.029506698E-1,9.753977776E0,9.772430466E0
7.932620067E0,5.985504389E-1,-1.005564705E-1,9.758766174E0,9.777621975E0
7.934624794E0,5.961562395E-1,-1.125274822E-1,9.765948296E0,9.784774438E0
7.936628934E0,5.985504389E-1,-1.101332754E-1,9.751583099E0,9.770556018E0
7.938634091E0,5.937620401E-1,-1.197100878E-1,9.758766174E0,9.777545761E0
7.940638505E0,5.889736414E-1,-1.077390760E-1,9.756371498E0,9.774726721E0
7.942642606E0,5.889736414E-1,-1.053448766E-1,9.763554573E0,9.781870240E0
7.944646356E0,5.865794420E-1,-1.077390760E-1,9.765948296E0,9.784141723E0
7.946650458E0,5.841852427E-1,-1.101332754E-1,9.751583099E0,9.769686519E0
7.948654911E0,5.889736414E-1,-9.816227108E-2,9.761159897E0,9.779405315E0
7.950658817E0,5.865794420E-1,-1.053448766E-1,9.765948296E0,9.784115652E0
7.952662216E0,5.865794420E-1,-1.149216816E-1,9.758766174E0,9.777054755E0
7.954666200E0,5.937620401E-1,-1.125274822E-1,9.753977776E0,9.772681221E0
7.956669911E0,5.937620401E-1,-1.101332754E-1,9.746794701E0,9.765484608E0
7.958673114E0,6.009446383E-1,-1.077390760E-1,9.763554573E0,9.782624396E0
7.960676708E0,6.009446383E-1,-1.149216816E-1,9.770736694E0,9.789874208E0
7.962681474E0,6.009446383E-1,-1.149216816E-1,9.768342972E0,9.787485166E0
7.964686395E0,6.033388376E-1,-1.149216816E-1,9.765948296E0,9.785242504E0
7.966690849E0,6.033388376E-1,-1.149216816E-1,9.780313492E0,9.799579417E0
7.968694364E0,5.913678408E-1,-1.149216816E-1,9.792284966E0,9.810798528E0
7.970697177E0,5.913678408E-1,-1.101332754E-1,9.782708168E0,9.801184845E0
7.972700966E0,5.937620401E-1,-1.053448766E-1,9.789890289E0,9.808445482E0
7.974704286E0,5.985504389E-1,-1.053448766E-1,9.789890289E0,9.808736516E0
7.976707841E0,6.009446383E-1,-9.816227108E-2,9.773131371E0,9.792081856E0
7.978712020E0,5.985504389E-1,-1.005564705E-1,9.765948296E0,9.784790255E0
7.980715653E0,5.937620401E-1,-1.029506698E-1,9.765948296E0,9.784523408E0
7.982720028E0,5.913678408E-1,-1.005564705E-1,9.765948296E0,9.784353512E0
7.984725341E0,5.961562395E-1,-1.005564705E-1,9.749189377E0,9.767917248E0
7.986730341E0,6.009446383E-1,-1.101332754E-1,9.758766174E0,9.777872010E0
7.988735575E0,5.937620401E-1,-1.101332754E-1,9.744400978E0,9.763095468E0
7.990740263E0,5.961562395E-1,-1.173158810E-1,9.742006302E0,9.760934999E0
7.992744325E0,5.961562395E-1,-1.173158810E-1,9.756371498E0,9.775272379E0
7.994747216E0,6.057330370E-1,-1.077390760E-1,9.756371498E0,9.775750868E0
7.996750575E0,6.033388376E-1,-1.029506698E-1,9.758766174E0,9.777941186E0
7.998753466E0,5.961562395E-1,-1.029506698E-1,9.749189377E0,9.767942189E0
8.000756747E0,6.033388376E-1,-1.053448766E-1,9.744400978E0,9.763629741E0
8.002760302E0,6.081272364E-1,-1.005564705E-1,9.746794701E0,9.766265268E0
8.004764286E0,6.009446383E-1,-1.029506698E-1,9.742006302E0,9.761066544E0
8.006768466E0,5.865794420E-1,-1.005564705E-1,9.734824181E0,9.752998968E0
8.008772411E0,5.841852427E-1,-9.337386489E-2,9.739612579E0,9.757563439E0
8.010775184E0,5.865794420E-1,-1.029506698E-1,9.734824181E0,9.753023947E0
8.012777216E0,5.913678408E-1,-1.101332754E-1,9.744400978E0,9.762950153E0
8.014779755E0,5.865794420E-1,-9.816227108E-2,9.756371498E0,9.774481883E0
8.016782880E0,5.937620401E-1,-1.005564705E-1,9.756371498E0,9.774939886E0
8.018785888E0,5.889736414E-1,-1.029506698E-1,9.751583099E0,9.769895687E0
8.020789091E0,5.937620401E-1,-1.101332754E-1,9.758766174E0,9.777433198E0
8.022792528E0,5.889736414E-1,-1.101332754E-1,9.765948296E0,9.784312209E0
8.024795849E0,5.865794420E-1,-1.077390760E-1,9.756371498E0,9.774582751E0
8.026798700E0,5.937620401E-1,-1.077390760E-1,9.761159897E0,9.779795683E0
8.028802763E0,5.961562395E-1,-1.101332754E-1,9.761159897E0,9.779968003E0
8.030806317E0,6.057330370E-1,-1.125274822E-1,9.765948296E0,9.785362592E0
8.032810653E0,5.961562395E-1,-1.125274822E-1,9.768342972E0,9.787164508E0
8.034814091E0,5.985504389E-1,-1.005564705E-1,9.770736694E0,9.789569438E0
8.036817841E0,5.961562395E-1,-1.053448766E-1,9.770736694E0,9.789473702E0
8.038822450E0,5.985504389E-1,-1.125274822E-1,9.765948296E0,9.784920601E0
8.040827138E0,5.985504389E-1,-1.125274822E-1,9.761159897E0,9.780141492E0
8.042830770E0,6.009446383E-1,-1.125274822E-1,9.773131371E0,9.792236398E0
8.044833778E0,6.009446383E-1,-1.125274822E-1,9.780313492E0,9.799404517E0
8.046837411E0,5.961562395E-1,-1.029506698E-1,9.777919769E0,9.796617586E0
8.048840692E0,5.961562395E-1,-1.101332754E-1,9.765948296E0,9.784747197E0
8.050843192E0,5.985504389E-1,-1.005564705E-1,9.761159897E0,9.780011082E0
8.052846903E0,5.985504389E-1,-1.101332754E-1,9.763554573E0,9.782504274E0
8.054851708E0,5.937620401E-1,-1.125274822E-1,9.768342972E0,9.787018964E0
8.056857606E0,5.961562395E-1,-1.077390760E-1,9.768342972E0,9.787110625E0
8.058862333E0,5.913678408E-1,-1.173158810E-1,9.765948296E0,9.784540104E0
8.060866903E0,6.033388376E-1,-1.149216816E-1,9.763554573E0,9.782853502E0
8.062870692E0,5.961562395E-1,-1.053448766E-1,9.765948296E0,9.784694472E0
8.064874638E0,5.985504389E-1,-1.101332754E-1,9.751583099E0,9.770556018E0
8.066878583E0,5.889736414E-1,-1.125274822E-1,9.751583099E0,9.770001296E0
8.068882997E0,5.770025849E-1,-1.149216816E-1,9.749189377E0,9.766925436E0
8.070886864E0,5.770025849E-1,-1.125274822E-1,9.744400978E0,9.762117846E0
8.072890888E0,5.865794420E-1,-1.053448766E-1,9.744400978E0,9.762608433E0
8.074895028E0,5.817909837E-1,-1.077390760E-1,9.739612579E0,9.757568429E0
8.076899169E0,5.793967843E-1,-1.029506698E-1,9.744400978E0,9.762153958E0
8.078903270E0,5.841852427E-1,-1.005564705E-1,9.751583099E0,9.769583253E0
8.080906825E0,5.961562395E-1,-1.005564705E-1,9.753977776E0,9.772696471E0
8.082909599E0,5.985504389E-1,-9.576806426E-2,9.746794701E0,9.765625484E0
8.084912020E0,5.985504389E-1,-1.077390760E-1,9.758766174E0,9.777698481E0
8.086914794E0,5.961562395E-1,-1.077390760E-1,9.773131371E0,9.791889846E0
8.088918505E0,5.937620401E-1,-1.077390760E-1,9.775525093E0,9.794133546E0
8.090922255E0,6.009446383E-1,-1.101332754E-1,9.756371498E0,9.775482014E0
8.092926395E0,5.961562395E-1,-9.816227108E-2,9.753977776E0,9.772672129E0
8.094929755E0,5.817909837E-1,-9.576806426E-2,9.746794701E0,9.764612599E0
8.096932372E0,5.817909837E-1,-9.816227108E-2,9.744400978E0,9.762247026E0
8.098935809E0,5.913678408E-1,-9.816227108E-2,9.758766174E0,9.777160580E0
8.100939403E0,5.889736414E-1,-9.816227108E-2,9.758766174E0,9.777016059E0
8.102942763E0,5.865794420E-1,-1.029506698E-1,9.763554573E0,9.781700884E0
8.104945849E0,5.841852427E-1,-1.101332754E-1,9.765948296E0,9.784025135E0
8.106948270E0,5.889736414E-1,-1.149216816E-1,9.751583099E0,9.770029165E0
8.108951161E0,5.961562395E-1,-1.197100878E-1,9.761159897E0,9.780080536E0
8.110954872E0,5.913678408E-1,-1.197100878E-1,9.768342972E0,9.786959224E0
8.112957958E0,5.913678408E-1,-1.149216816E-1,9.775525093E0,9.794070337E0
8.114960809E0,5.889736414E-1,-1.077390760E-1,9.775525093E0,9.793844419E0
8.116963974E0,6.033388376E-1,-1.125274822E-1,9.777919769E0,9.797162610E0
8.118966903E0,5.937620401E-1,-1.101332754E-1,9.775525093E0,9.794160176E0
8.120969364E0,5.985504389E-1,-1.077390760E-1,9.770736694E0,9.789645851E0
8.122971591E0,5.961562395E-1,-1.053448766E-1,9.768342972E0,9.787084562E0
8.124974638E0,5.889736414E-1,-1.077390760E-1,9.773131371E0,9.791455175E0
8.126978817E0,5.985504389E-1,-1.005564705E-1,9.765948296E0,9.784790255E0
8.128981278E0,5.985504389E-1,-1.077390760E-1,9.770736694E0,9.789645851E0
8.130983895E0,5.985504389E-1,-1.077390760E-1,9.773131371E0,9.792035903E0
8.132986786E0,6.057330370E-1,-1.077390760E-1,9.763554573E0,9.782919714E0
8.134989559E0,6.081272364E-1,-1.101332754E-1,9.775525093E0,9.795041548E0
8.136992684E0,6.105214357E-1,-1.125274822E-1,9.768342972E0,9.788050024E0
8.138995380E0,5.913678408E-1,-1.101332754E-1,9.756371498E0,9.774897957E0
8.140998934E0,5.961562395E-1,-1.029506698E-1,9.753977776E0,9.772721399E0
8.143002177E0,5.913678408E-1,-1.125274822E-1,9.753977776E0,9.772536048E0
8.145005770E0,5.937620401E-1,-1.053448766E-1,9.751583099E0,9.770211044E0
8.147009677E0,5.961562395E-1,-1.053448766E-1,9.753977776E0,9.772746914E0
8.149013388E0,5.937620401E-1,-1.101332754E-1,9.744400978E0,9.763095468E0
8.151017294E0,5.961562395E-1,-1.053448766E-1,9.746794701E0,9.765577645E0
8.153020731E0,5.961562395E-1,-1.101332754E-1,9.739612579E0,9.758462215E0
8.155025809E0,5.937620401E-1,-1.005564705E-1,9.737217903E0,9.755822746E0
8.157030302E0,5.889736414E-1,-1.125274822E-1,9.739612579E0,9.758053370E0
8.159035302E0,5.865794420E-1,-1.101332754E-1,9.727641106E0,9.745932806E0
8.161040067E0,5.889736414E-1,-1.029506698E-1,9.734824181E0,9.753168235E0
8.163044247E0,5.841852427E-1,-1.101332754E-1,9.746794701E0,9.764906998E0
8.165048231E0,5.913678408E-1,-1.029506698E-1,9.751583099E0,9.770040312E0
8.167051747E0,5.889736414E-1,-9.816227108E-2,9.756371498E0,9.774625854E0
8.169054950E0,5.841852427E-1,-1.005564705E-1,9.756371498E0,9.774362834E0
8.171057411E0,5.961562395E-1,-1.125274822E-1,9.749189377E0,9.768047819E0
8.173061317E0,5.841852427E-1,-1.149216816E-1,9.768342972E0,9.786470447E0
8.175065419E0,5.865794420E-1,-1.268926859E-1,9.770736694E0,9.789150767E0
8.177069911E0,5.985504389E-1,-1.149216816E-1,9.775525093E0,9.794506647E0
8.179074442E0,6.033388376E-1,-1.101332754E-1,9.785101891E0,9.804303448E0
8.181079052E0,6.009446383E-1,-1.029506698E-1,9.782708168E0,9.801689263E0
8.183084364E0,5.985504389E-1,-1.101332754E-1,9.785101891E0,9.804009944E0
8.185089325E0,6.009446383E-1,-1.053448766E-1,9.782708168E0,9.801714702E0
8.187094364E0,5.985504389E-1,-9.816227108E-2,9.777919769E0,9.796714422E0
8.189099989E0,5.937620401E-1,-1.053448766E-1,9.789890289E0,9.808445482E0
8.191103778E0,5.937620401E-1,-9.816227108E-2,9.775525093E0,9.794032879E0
8.193108075E0,5.961562395E-1,-1.053448766E-1,9.765948296E0,9.784694472E0
8.195112255E0,5.865794420E-1,-1.029506698E-1,9.761159897E0,9.779310651E0
8.197115380E0,5.961562395E-1,-1.125274822E-1,9.768342972E0,9.787164508E0
8.199119638E0,5.937620401E-1,-1.173158810E-1,9.763554573E0,9.782295961E0
8.201123544E0,5.937620401E-1,-1.197100878E-1,9.765948296E0,9.784714098E0
8.203128075E0,5.961562395E-1,-1.077390760E-1,9.775525093E0,9.794278984E0
8.205132880E0,5.889736414E-1,-1.053448766E-1,9.782708168E0,9.800988042E0
8.207136630E0,5.937620401E-1,-1.149216816E-1,9.775525093E0,9.794215191E0
8.209139989E0,5.937620401E-1,-1.221042871E-1,9.761159897E0,9.779964486E0
8.211144247E0,6.009446383E-1,-1.197100878E-1,9.753977776E0,9.773205585E0
8.213148856E0,5.937620401E-1,-1.292868853E-1,9.753977776E0,9.772888565E0
8.215153231E0,5.937620401E-1,-1.149216816E-1,9.749189377E0,9.767929866E0
8.217157099E0,5.985504389E-1,-1.149216816E-1,9.749189377E0,9.768222107E0
8.219162020E0,5.985504389E-1,-1.173158810E-1,9.737217903E0,9.756302483E0
8.221166591E0,5.961562395E-1,-1.244984865E-1,9.744400978E0,9.763413981E0
8.223171200E0,5.985504389E-1,-1.221042871E-1,9.739612579E0,9.758751215E0
8.225175263E0,5.961562395E-1,-1.173158810E-1,9.742006302E0,9.760934999E0
8.227179481E0,5.937620401E-1,-1.173158810E-1,9.765948296E0,9.784685099E0
8.229183739E0,5.889736414E-1,-1.197100878E-1,9.744400978E0,9.762918154E0
8.231187919E0,5.937620401E-1,-1.053448766E-1,9.746794701E0,9.765431779E0
8.233191630E0,5.985504389E-1,-1.053448766E-1,9.744400978E0,9.763335014E0
8.235195614E0,5.841852427E-1,-1.029506698E-1,9.749189377E0,9.767218885E0
8.237199325E0,5.889736414E-1,-1.005564705E-1,9.751583099E0,9.769870751E0
8.239202294E0,5.817909837E-1,-9.816227108E-2,9.770736694E0,9.788534728E0
8.241205575E0,5.841852427E-1,-1.053448766E-1,9.770736694E0,9.788751988E0
8.243209442E0,5.889736414E-1,-1.077390760E-1,9.770736694E0,9.789064981E0
8.245213700E0,5.913678408E-1,-1.005564705E-1,9.765948296E0,9.784353512E0
8.247217919E0,5.961562395E-1,-1.005564705E-1,9.758766174E0,9.777475702E0
8.249223270E0,5.913678408E-1,-9.576806426E-2,9.763554573E0,9.781916241E0
8.251227880E0,5.865794420E-1,-8.619125932E-2,9.775525093E0,9.793487388E0
8.253232216E0,5.937620401E-1,-8.858546615E-2,9.765948296E0,9.784382804E0
8.255237216E0,5.937620401E-1,-9.576806426E-2,9.763554573E0,9.782061275E0
8.257242372E0,5.961562395E-1,-9.576806426E-2,9.770736694E0,9.789375329E0
8.259247177E0,5.913678408E-1,-9.337386489E-2,9.758766174E0,9.777113677E0
8.261252294E0,6.009446383E-1,-1.053448766E-1,9.749189377E0,9.768261130E0
8.263255927E0,6.057330370E-1,-1.101332754E-1,9.751583099E0,9.770998659E0
8.265260927E0,6.033388376E-1,-1.053448766E-1,9.763554573E0,9.782745688E0
8.267265575E0,6.033388376E-1,-1.125274822E-1,9.761159897E0,9.780435712E0
8.269270653E0,5.961562395E-1,-1.149216816E-1,9.744400978E0,9.763296558E0
8.271276356E0,5.913678408E-1,-1.173158810E-1,9.751583099E0,9.770202244E0
8.273281044E0,6.009446383E-1,-1.029506698E-1,9.758766174E0,9.777793746E0
8.275286864E0,5.937620401E-1,-1.053448766E-1,9.761159897E0,9.779769600E0
8.277291708E0,5.865794420E-1,-1.029506698E-1,9.749189377E0,9.767362376E0
8.279297294E0,5.865794420E-1,-1.149216816E-1,9.756371498E0,9.774664559E0
8.281303153E0,5.913678408E-1,-1.197100878E-1,9.763554573E0,9.782179937E0
8.283308349E0,5.985504389E-1,-1.149216816E-1,9.758766174E0,9.777780263E0
8.285313700E0,5.985504389E-1,-1.125274822E-1,9.761159897E0,9.780141492E0
8.287317919E0,5.913678408E-1,-1.101332754E-1,9.753977776E0,9.772508772E0
8.289322997E0,5.985504389E-1,-1.077390760E-1,9.770736694E0,9.789645851E0
8.291328114E0,5.961562395E-1,-1.125274822E-1,9.765948296E0,9.784774438E0
8.293332880E0,5.937620401E-1,-1.005564705E-1,9.756371498E0,9.774939886E0
8.295338583E0,5.985504389E-1,-1.029506698E-1,9.739612579E0,9.758530354E0
8.297344403E0,5.937620401E-1,-1.077390760E-1,9.751583099E0,9.770237152E0
8.299349599E0,5.961562395E-1,-1.101332754E-1,9.761159897E0,9.779968003E0
8.301355067E0,6.009446383E-1,-1.053448766E-1,9.761159897E0,9.780208307E0
8.303360966E0,6.009446383E-1,-1.005564705E-1,9.746794701E0,9.765820652E0
8.305366864E0,5.913678408E-1,-9.576806426E-2,9.756371498E0,9.774746659E0
8.307372411E0,5.913678408E-1,-1.053448766E-1,9.761159897E0,9.779624533E0
8.309377216E0,5.913678408E-1,-1.029506698E-1,9.753977776E0,9.772430466E0
8.311381044E0,5.937620401E-1,-1.077390760E-1,9.749189377E0,9.767848001E0
8.313386200E0,5.865794420E-1,-1.077390760E-1,9.744400978E0,9.762634561E0
8.315390888E0,5.865794420E-1,-1.053448766E-1,9.746794701E0,9.764997692E0
8.317394872E0,5.937620401E-1,-9.816227108E-2,9.742006302E0,9.760577646E0
8.319399364E0,5.889736414E-1,-1.005564705E-1,9.749189377E0,9.767481511E0
8.321403856E0,5.865794420E-1,-1.005564705E-1,9.758766174E0,9.776896455E0
8.323408505E0,5.889736414E-1,-1.125274822E-1,9.756371498E0,9.774780672E0
8.325413309E0,5.937620401E-1,-1.005564705E-1,9.758766174E0,9.777330014E0
8.327417997E0,5.985504389E-1,-1.053448766E-1,9.763554573E0,9.782451537E0
8.329423309E0,5.961562395E-1,-1.244984865E-1,9.763554573E0,9.782530349E0
8.331428036E0,5.913678408E-1,-1.197100878E-1,9.758766174E0,9.777400660E0
8.333432255E0,5.937620401E-1,-1.101332754E-1,9.770736694E0,9.789380892E0
8.335437606E0,5.985504389E-1,-1.077390760E-1,9.773131371E0,9.792035903E0
8.337442606E0,5.985504389E-1,-1.173158810E-1,9.775525093E0,9.794535032E0
8.339447724E0,5.913678408E-1,-1.149216816E-1,9.770736694E0,9.789291009E0
8.341452411E0,5.913678408E-1,-1.221042871E-1,9.765948296E0,9.784598688E0
8.343458153E0,6.033388376E-1,-1.125274822E-1,9.765948296E0,9.785214678E0
8.345463856E0,6.105214357E-1,-1.173158810E-1,9.765948296E0,9.785716405E0
8.347469716E0,6.105214357E-1,-1.221042871E-1,9.763554573E0,9.783386110E0
8.349474481E0,6.033388376E-1,-1.292868853E-1,9.753977776E0,9.773475088E0
8.351479403E0,5.937620401E-1,-1.268926859E-1,9.768342972E0,9.787194671E0
8.353484481E0,5.985504389E-1,-1.268926859E-1,9.756371498E0,9.775538307E0
8.355489833E0,5.937620401E-1,-1.221042871E-1,9.751583099E0,9.770406121E0
8.357495263E0,6.009446383E-1,-1.173158810E-1,9.758766174E0,9.777955549E0
8.359500809E0,6.057330370E-1,-1.125274822E-1,9.749189377E0,9.768636980E0
8.361506161E0,6.009446383E-1,-1.173158810E-1,9.756371498E0,9.775565574E0
8.363510888E0,5.937620401E-1,-1.101332754E-1,9.751583099E0,9.770263847E0
8.365516161E0,5.913678408E-1,-1.053448766E-1,9.756371498E0,9.774845179E0
8.367520575E0,5.889736414E-1,-1.029506698E-1,9.756371498E0,9.774675115E0
8.369525067E0,5.865794420E-1,-1.053448766E-1,9.756371498E0,9.774556655E0
8.371529716E0,5.865794420E-1,-1.101332754E-1,9.751583099E0,9.769829974E0
8.373534677E0,5.841852427E-1,-1.077390760E-1,9.744400978E0,9.762491000E0
8.375539520E0,5.865794420E-1,-1.077390760E-1,9.749189377E0,9.767414021E0
8.377544755E0,5.865794420E-1,-1.077390760E-1,9.758766174E0,9.776972967E0
8.379550653E0,5.913678408E-1,-1.125274822E-1,9.761159897E0,9.779704540E0
8.381556356E0,5.913678408E-1,-1.173158810E-1,9.765948296E0,9.784540104E0
8.383561942E0,5.913678408E-1,-1.053448766E-1,9.761159897E0,9.779624533E0
8.385566591E0,5.937620401E-1,-1.029506698E-1,9.765948296E0,9.784523408E0
8.387572099E0,5.865794420E-1,-1.005564705E-1,9.777919769E0,9.796014601E0
8.389577450E0,5.841852427E-1,-9.576806426E-2,9.777919769E0,9.795823545E0
8.391582528E0,5.937620401E-1,-9.816227108E-2,9.780313492E0,9.798812234E0
8.393588505E0,5.913678408E-1,-1.005564705E-1,9.780313492E0,9.798691725E0
8.395592606E0,5.961562395E-1,-1.053448766E-1,9.768342972E0,9.787084562E0
8.397597763E0,5.961562395E-1,-1.077390760E-1,9.765948296E0,9.784720542E0
8.399602997E0,5.889736414E-1,-1.029506698E-1,9.773131371E0,9.791403657E0
8.401608231E0,5.817909837E-1,-1.053448766E-1,9.780313492E0,9.798168721E0
8.403612958E0,5.913678408E-1,-1.101332754E-1,9.775525093E0,9.794015321E0
8.405617450E0,5.937620401E-1,-1.149216816E-1,9.763554573E0,9.782267542E0
8.407622763E0,5.889736414E-1,-1.173158810E-1,9.770736694E0,9.789175068E0
8.409626903E0,5.913678408E-1,-1.125274822E-1,9.775525093E0,9.794042536E0
8.411631825E0,5.889736414E-1,-1.149216816E-1,9.753977776E0,9.772419321E0
8.413635809E0,5.865794420E-1,-1.125274822E-1,9.751583099E0,9.769857257E0
8.415639247E0,5.817909837E-1,-1.173158810E-1,9.763554573E0,9.781576645E0
8.417643349E0,5.865794420E-1,-1.149216816E-1,9.763554573E0,9.781834201E0
8.419647489E0,5.937620401E-1,-1.173158810E-1,9.758766174E0,9.777516741E0
8.421652450E0,5.961562395E-1,-1.197100878E-1,9.756371498E0,9.775301406E0
8.423657099E0,5.913678408E-1,-1.268926859E-1,9.782708168E0,9.801387492E0
8.425661552E0,5.961562395E-1,-1.101332754E-1,9.775525093E0,9.794305613E0
8.427666825E0,5.889736414E-1,-1.053448766E-1,9.763554573E0,9.781870240E0
8.429671513E0,5.937620401E-1,-1.029506698E-1,9.765948296E0,9.784523408E0
8.431676591E0,5.937620401E-1,-1.029506698E-1,9.758766174E0,9.777354931E0
8.433681786E0,5.793967843E-1,-1.077390760E-1,9.751583099E0,9.769374662E0
8.435687411E0,5.865794420E-1,-1.077390760E-1,9.746794701E0,9.765023814E0
8.437692684E0,5.865794420E-1,-1.029506698E-1,9.751583099E0,9.769751646E0
8.439697880E0,5.865794420E-1,-1.053448766E-1,9.753977776E0,9.772167387E0
8.441702958E0,5.913678408E-1,-1.053448766E-1,9.753977776E0,9.772455982E0
8.443708309E0,5.961562395E-1,-1.005564705E-1,9.751583099E0,9.770306383E0
8.445712684E0,5.961562395E-1,-9.576806426E-2,9.756371498E0,9.775037524E0
8.447717255E0,5.961562395E-1,-9.097966552E-2,9.749189377E0,9.767823354E0
8.449722841E0,5.985504389E-1,-8.858546615E-2,9.753977776E0,9.772726971E0
8.451727255E0,6.033388376E-1,-8.858546615E-2,9.768342972E0,9.787358661E0
8.453732645E0,6.033388376E-1,-9.097966552E-2,9.763554573E0,9.782601543E0
8.455737528E0,5.985504389E-1,-1.005564705E-1,9.751583099E0,9.770452762E0
8.457742177E0,5.913678408E-1,-9.576806426E-2,9.751583099E0,9.769967267E0
8.459747841E0,5.985504389E-1,-1.053448766E-1,9.758766174E0,9.777672393E0
8.461753466E0,5.961562395E-1,-1.029506698E-1,9.765948296E0,9.784668989E0
8.463758309E0,5.985504389E-1,-9.816227108E-2,9.768342972E0,9.787156016E0
8.465763309E0,6.033388376E-1,-1.005564705E-1,9.761159897E0,9.780305307E0
8.467768036E0,5.913678408E-1,-9.097966552E-2,9.753977776E0,9.772311685E0
8.469773622E0,5.913678408E-1,-9.816227108E-2,9.746794701E0,9.765211656E0
8.471777763E0,5.889736414E-1,-1.077390760E-1,9.765948296E0,9.784285552E0
8.473782606E0,5.889736414E-1,-1.149216816E-1,9.773131371E0,9.791536842E0
8.475787567E0,6.033388376E-1,-1.292868853E-1,9.751583099E0,9.771085190E0
8.477791825E0,5.961562395E-1,-1.221042871E-1,9.756371498E0,9.775331019E0
8.479795770E0,5.889736414E-1,-1.197100878E-1,9.768342972E0,9.786814848E0
8.481800341E0,5.889736414E-1,-1.197100878E-1,9.773131371E0,9.791594213E0
8.483806122E0,5.961562395E-1,-1.268926859E-1,9.765948296E0,9.784950185E0
8.485811356E0,5.889736414E-1,-1.292868853E-1,9.773131371E0,9.791715980E0
8.487815067E0,5.865794420E-1,-1.149216816E-1,9.751583099E0,9.769885126E0
8.489819208E0,5.793967843E-1,-1.077390760E-1,9.770736694E0,9.788493443E0
8.491823270E0,5.841852427E-1,-1.101332754E-1,9.773131371E0,9.791194949E0
8.493828114E0,5.841852427E-1,-1.125274822E-1,9.756371498E0,9.774493319E0
8.495833466E0,5.865794420E-1,-1.125274822E-1,9.756371498E0,9.774636703E0
8.497837880E0,5.913678408E-1,-1.125274822E-1,9.763554573E0,9.782094676E0
8.499842372E0,5.985504389E-1,-1.077390760E-1,9.756371498E0,9.775308442E0
8.501846903E0,5.961562395E-1,-9.097966552E-2,9.756371498E0,9.774991784E0
8.503852059E0,5.985504389E-1,-9.576806426E-2,9.756371498E0,9.775183832E0
8.505858270E0,5.961562395E-1,-1.053448766E-1,9.761159897E0,9.779915252E0
8.507863349E0,5.961562395E-1,-1.149216816E-1,9.749189377E0,9.768075694E0
8.509867919E0,6.009446383E-1,-1.125274822E-1,9.737217903E0,9.756393257E0
8.511872177E0,5.985504389E-1,-1.053448766E-1,9.737217903E0,9.756165879E0
8.513875888E0,5.985504389E-1,-1.101332754E-1,9.737217903E0,9.756218758E0
8.515880341E0,6.033388376E-1,-1.173158810E-1,9.746794701E0,9.766155216E0
8.517885184E0,5.961562395E-1,-1.077390760E-1,9.751583099E0,9.770382946E0
8.519889559E0,5.985504389E-1,-1.101332754E-1,9.761159897E0,9.780114237E0
8.521893622E0,5.937620401E-1,-1.101332754E-1,9.765948296E0,9.784601617E0
8.523898466E0,5.913678408E-1,-1.053448766E-1,9.765948296E0,9.784403895E0
8.525903114E0,5.961562395E-1,-1.077390760E-1,9.758766174E0,9.777552210E0
8.527906513E0,5.985504389E-1,-1.101332754E-1,9.765948296E0,9.784893361E0
8.529911161E0,5.961562395E-1,-1.029506698E-1,9.765948296E0,9.784668989E0
8.531916044E0,5.961562395E-1,-1.005564705E-1,9.761159897E0,9.779864846E0
8.533920263E0,5.961562395E-1,-1.053448766E-1,9.768342972E0,9.787084562E0
8.535924638E0,5.961562395E-1,-1.125274822E-1,9.758766174E0,9.777606146E0
8.537929052E0,5.961562395E-1,-1.197100878E-1,9.763554573E0,9.782470581E0
8.539934208E0,5.985504389E-1,-1.149216816E-1,9.773131371E0,9.792117565E0
8.541938349E0,6.009446383E-1,-1.125274822E-1,9.780313492E0,9.799404517E0
8.543944091E0,6.009446383E-1,-1.125274822E-1,9.770736694E0,9.789846395E0
8.545949794E0,6.009446383E-1,-1.173158810E-1,9.768342972E0,9.787513570E0
8.547955067E0,6.009446383E-1,-1.125274822E-1,9.777919769E0,9.797015459E0
8.549959872E0,5.961562395E-1,-1.101332754E-1,9.768342972E0,9.787137274E0
8.551964833E0,5.985504389E-1,-1.101332754E-1,9.775525093E0,9.794451634E0
8.553969403E0,5.937620401E-1,-1.125274822E-1,9.780313492E0,9.798966670E0
8.555974872E0,5.913678408E-1,-1.077390760E-1,9.770736694E0,9.789209324E0
8.557979130E0,5.937620401E-1,-1.077390760E-1,9.768342972E0,9.786965080E0
8.559982528E0,5.841852427E-1,-1.149216816E-1,9.770736694E0,9.788859736E0
8.561988192E0,5.817909837E-1,-1.173158810E-1,9.761159897E0,9.779186382E0
8.563992880E0,5.770025849E-1,-1.101332754E-1,9.765948296E0,9.783598900E0
8.565998544E0,5.841852427E-1,-1.029506698E-1,9.758766174E0,9.776778022E0
8.568003075E0,5.841852427E-1,-1.053448766E-1,9.753977776E0,9.772023966E0
8.570007177E0,5.961562395E-1,-9.816227108E-2,9.765948296E0,9.784619778E0
8.572011552E0,5.889736414E-1,-1.029506698E-1,9.775525093E0,9.793792914E0
8.574015770E0,5.889736414E-1,-1.029506698E-1,9.765948296E0,9.784233997E0
8.576019755E0,5.913678408E-1,-9.337386489E-2,9.753977776E0,9.772334268E0
8.578025575E0,5.961562395E-1,-9.337386489E-2,9.751583099E0,9.770235099E0
8.580029169E0,6.009446383E-1,-1.029506698E-1,9.761159897E0,9.780182812E0
8.582033192E0,5.985504389E-1,-1.053448766E-1,9.756371498E0,9.775282348E0
8.584037059E0,6.057330370E-1,-1.029506698E-1,9.756371498E0,9.775699267E0
8.586041239E0,6.105214357E-1,-1.101332754E-1,9.744400978E0,9.764129054E0
8.588045341E0,6.033388376E-1,-1.005564705E-1,9.737217903E0,9.756410295E0
8.590049677E0,6.105214357E-1,-9.816227108E-2,9.734824181E0,9.754443812E0
8.592054559E0,6.009446383E-1,-1.029506698E-1,9.744400978E0,9.763456546E0
8.594059911E0,6.033388376E-1,-9.576806426E-2,9.753977776E0,9.773089160E0
8.596065341E0,5.985504389E-1,-9.816227108E-2,9.758766174E0,9.777597645E0
8.598070575E0,6.033388376E-1,-1.053448766E-1,9.756371498E0,9.775576715E0
8.600076552E0,5.913678408E-1,-1.053448766E-1,9.744400978E0,9.762897310E0
8.602082724E0,5.937620401E-1,-1.077390760E-1,9.753977776E0,9.772627258E0
8.604088544E0,6.009446383E-1,-1.077390760E-1,9.761159897E0,9.780234389E0
8.606095458E0,5.961562395E-1,-1.173158810E-1,9.768342972E0,9.787220734E0
8.608100263E0,5.913678408E-1,-1.173158810E-1,9.770736694E0,9.789319409E0
8.610105927E0,5.937620401E-1,-1.149216816E-1,9.773131371E0,9.791826037E0
8.612112138E0,5.961562395E-1,-1.029506698E-1,9.773131371E0,9.791838330E0
8.614118192E0,5.913678408E-1,-1.029506698E-1,9.768342972E0,9.786768577E0
8.616123934E0,5.889736414E-1,-1.077390760E-1,9.770736694E0,9.789064981E0
8.618130224E0,5.913678408E-1,-1.149216816E-1,9.775525093E0,9.794070337E0
8.620135927E0,6.009446383E-1,-1.173158810E-1,9.773131371E0,9.792292595E0
8.622141708E0,5.937620401E-1,-1.101332754E-1,9.770736694E0,9.789380892E0
8.624146942E0,5.937620401E-1,-1.125274822E-1,9.763554573E0,9.782239708E0
8.626152802E0,6.009446383E-1,-1.173158810E-1,9.761159897E0,9.780344575E0
8.628158817E0,6.033388376E-1,-1.077390760E-1,9.768342972E0,9.787550760E0
8.630165067E0,5.961562395E-1,-1.077390760E-1,9.773131371E0,9.791889846E0
8.632170106E0,5.937620401E-1,-1.029506698E-1,9.768342972E0,9.786913539E0
8.634174559E0,5.817909837E-1,-1.053448766E-1,9.770736694E0,9.788609393E0
8.636178661E0,5.817909837E-1,-1.053448766E-1,9.753977776E0,9.771881126E0
8.638183349E0,5.841852427E-1,-1.053448766E-1,9.763554573E0,9.781583095E0
8.640187411E0,5.937620401E-1,-1.053448766E-1,9.777919769E0,9.796497635E0
8.642191903E0,5.889736414E-1,-1.053448766E-1,9.775525093E0,9.793818374E0
8.644197606E0,5.770025849E-1,-1.101332754E-1,9.775525093E0,9.793158437E0
8.646201981E0,5.841852427E-1,-1.149216816E-1,9.761159897E0,9.779300687E0
8.648205575E0,5.961562395E-1,-1.101332754E-1,9.749189377E0,9.768020532E0
8.650209130E0,5.937620401E-1,-1.053448766E-1,9.753977776E0,9.772601156E0
8.652213505E0,5.937620401E-1,-1.005564705E-1,9.763554573E0,9.782109326E0
8.654217567E0,5.961562395E-1,-9.337386489E-2,9.751583099E0,9.770235099E0
8.656221474E0,5.913678408E-1,-9.816227108E-2,9.756371498E0,9.774770410E0
8.658225263E0,5.937620401E-1,-9.816227108E-2,9.756371498E0,9.774915550E0
8.660229442E0,5.913678408E-1,-9.576806426E-2,9.753977776E0,9.772357438E0
8.662232802E0,5.961562395E-1,-1.101332754E-1,9.746794701E0,9.765630473E0
8.664236317E0,5.985504389E-1,-1.101332754E-1,9.742006302E0,9.760997836E0
8.666240028E0,5.985504389E-1,-1.029506698E-1,9.727641106E0,9.746582116E0
8.668243505E0,5.937620401E-1,-1.053448766E-1,9.742006302E0,9.760652524E0
8.670247411E0,5.913678408E-1,-1.005564705E-1,9.742006302E0,9.760456665E0
8.672251356E0,5.937620401E-1,-1.029506698E-1,9.739612579E0,9.758237822E0
8.674255341E0,5.937620401E-1,-9.576806426E-2,9.739612579E0,9.758164688E0
8.676258231E0,5.937620401E-1,-1.005564705E-1,9.742006302E0,9.760602018E0
8.678262372E0,5.985504389E-1,-1.005564705E-1,9.753977776E0,9.772842815E0
8.680267489E0,5.889736414E-1,-1.005564705E-1,9.756371498E0,9.774650191E0
8.682271395E0,5.937620401E-1,-1.149216816E-1,9.763554573E0,9.782267542E0
8.684275731E0,5.841852427E-1,-1.149216816E-1,9.763554573E0,9.781690922E0
8.686280380E0,5.865794420E-1,-1.101332754E-1,9.765948296E0,9.784168380E0
8.688285380E0,5.961562395E-1,-1.125274822E-1,9.773131371E0,9.791943703E0
8.690290263E0,5.937620401E-1,-1.149216816E-1,9.768342972E0,9.787046785E0
8.692294677E0,5.937620401E-1,-1.149216816E-1,9.775525093E0,9.794215191E0
8.694298466E0,5.865794420E-1,-1.173158810E-1,9.787496567E0,9.805759915E0
8.696302450E0,5.961562395E-1,-1.149216816E-1,9.787496567E0,9.806309107E0
8.698305966E0,5.913678408E-1,-1.197100878E-1,9.780313492E0,9.798907002E0
8.700309950E0,5.913678408E-1,-1.077390760E-1,9.775525093E0,9.793988691E0
8.702313700E0,5.985504389E-1,-1.077390760E-1,9.785101891E0,9.803983341E0
8.704316903E0,6.009446383E-1,-1.101332754E-1,9.775525093E0,9.794598238E0
8.706320731E0,5.985504389E-1,-1.005564705E-1,9.775525093E0,9.794348630E0
8.708324520E0,5.961562395E-1,-9.816227108E-2,9.777919769E0,9.796568435E0
8.710329091E0,5.913678408E-1,-1.101332754E-1,9.780313492E0,9.798794684E0
8.712333856E0,5.961562395E-1,-1.077390760E-1,9.773131371E0,9.791889846E0
8.714337724E0,5.985504389E-1,-1.077390760E-1,9.770736694E0,9.789645851E0
8.716341044E0,6.033388376E-1,-1.149216816E-1,9.765948296E0,9.785242504E0
8.718344247E0,5.985504389E-1,-1.125274822E-1,9.753977776E0,9.772973320E0
8.720348388E0,5.937620401E-1,-1.053448766E-1,9.749189377E0,9.767821887E0
8.722351864E0,5.961562395E-1,-1.005564705E-1,9.742006302E0,9.760747956E0
8.724355263E0,5.889736414E-1,-1.029506698E-1,9.744400978E0,9.762727038E0
8.726358583E0,5.937620401E-1,-1.029506698E-1,9.749189377E0,9.767796359E0
8.728361669E0,5.913678408E-1,-1.053448766E-1,9.751583099E0,9.770065834E0
8.730364872E0,5.937620401E-1,-1.077390760E-1,9.753977776E0,9.772627258E0
8.732368622E0,5.889736414E-1,-1.077390760E-1,9.768342972E0,9.786675742E0
8.734372138E0,5.913678408E-1,-1.125274822E-1,9.768342972E0,9.786874004E0
8.736376044E0,5.865794420E-1,-1.125274822E-1,9.770736694E0,9.788975096E0
8.738379247E0,5.889736414E-1,-1.149216816E-1,9.768342972E0,9.786757449E0
8.740382138E0,5.937620401E-1,-1.149216816E-1,9.765948296E0,9.784656686E0
8.742386474E0,5.985504389E-1,-1.101332754E-1,9.773131371E0,9.792062538E0
8.744390263E0,5.913678408E-1,-1.077390760E-1,9.765948296E0,9.784429965E0
8.746393974E0,5.985504389E-1,-1.125274822E-1,9.763554573E0,9.782531521E0
8.748398231E0,5.913678408E-1,-1.149216816E-1,9.773131371E0,9.791681148E0
8.750402138E0,5.961562395E-1,-1.077390760E-1,9.756371498E0,9.775162136E0
8.752405653E0,6.057330370E-1,-9.816227108E-2,9.761159897E0,9.780428972E0
8.754409091E0,6.009446383E-1,-1.005564705E-1,9.751583099E0,9.770599726E0
8.756411864E0,5.985504389E-1,-9.816227108E-2,9.746794701E0,9.765649256E0
8.758415184E0,5.985504389E-1,-1.029506698E-1,9.744400978E0,9.763309474E0
8.760417802E0,5.985504389E-1,-9.097966552E-2,9.744400978E0,9.763190582E0
8.762421825E0,5.961562395E-1,-1.005564705E-1,9.742006302E0,9.760747956E0
8.764425263E0,5.937620401E-1,-1.005564705E-1,9.746794701E0,9.765381298E0
8.766428427E0,5.937620401E-1,-9.816227108E-2,9.749189377E0,9.767747064E0
8.768430888E0,5.913678408E-1,-9.816227108E-2,9.744400978E0,9.762822449E0
8.770433388E0,5.985504389E-1,-1.077390760E-1,9.756371498E0,9.775308442E0
8.772435653E0,5.985504389E-1,-1.077390760E-1,9.756371498E0,9.775308442E0
8.774438856E0,6.057330370E-1,-1.053448766E-1,9.756371498E0,9.775724774E0
8.776442489E0,6.033388376E-1,-1.053448766E-1,9.768342972E0,9.787524698E0
8.778445927E0,5.889736414E-1,-1.077390760E-1,9.773131371E0,9.791455175E0
8.780448505E0,5.913678408E-1,-1.101332754E-1,9.768342972E0,9.786846769E0
8.782450536E0,6.009446383E-1,-1.077390760E-1,9.768342972E0,9.787403465E0
8.784452606E0,5.961562395E-1,-1.029506698E-1,9.773131371E0,9.791838330E0
8.786455536E0,5.961562395E-1,-1.173158810E-1,9.780313492E0,9.799168193E0
8.788459325E0,5.985504389E-1,-1.197100878E-1,9.777919769E0,9.796954024E0
8.790462919E0,5.889736414E-1,-1.149216816E-1,9.777919769E0,9.796316244E0
8.792466395E0,5.913678408E-1,-1.101332754E-1,9.777919769E0,9.796405477E0
8.794469755E0,5.937620401E-1,-1.197100878E-1,9.782708168E0,9.801441882E0
8.796472919E0,5.865794420E-1,-1.005564705E-1,9.777919769E0,9.796014601E0
8.798476864E0,5.865794420E-1,-1.077390760E-1,9.785101891E0,9.803259772E0
8.800480770E0,5.889736414E-1,-1.149216816E-1,9.775525093E0,9.793926066E0
8.802485067E0,5.937620401E-1,-1.149216816E-1,9.753977776E0,9.772709082E0
8.804490184E0,5.937620401E-1,-1.244984865E-1,9.756371498E0,9.775215499E0
8.806495184E0,5.937620401E-1,-1.173158810E-1,9.756371498E0,9.775126658E0
8.808499442E0,5.841852427E-1,-1.101332754E-1,9.749189377E0,9.767297233E0
8.810503934E0,5.889736414E-1,-9.337386489E-2,9.742006302E0,9.760240541E0
8.812508153E0,5.937620401E-1,-1.005564705E-1,9.744400978E0,9.762992133E0
8.814512138E0,5.961562395E-1,-9.816227108E-2,9.742006302E0,9.760723584E0
8.816516356E0,5.913678408E-1,-1.053448766E-1,9.744400978E0,9.762897310E0
8.818520028E0,5.937620401E-1,-1.125274822E-1,9.737217903E0,9.755953479E0
8.820524052E0,5.961562395E-1,-1.101332754E-1,9.742006302E0,9.760851315E0
8.822528309E0,5.913678408E-1,-1.053448766E-1,9.734824181E0,9.753338674E0
8.824532567E0,5.889736414E-1,-1.101332754E-1,9.742006302E0,9.760415261E0
8.826535458E0,5.889736414E-1,-1.077390760E-1,9.746794701E0,9.765167925E0
8.828538388E0,5.889736414E-1,-1.077390760E-1,9.749189377E0,9.767558096E0
8.830542255E0,5.961562395E-1,-1.101332754E-1,9.756371498E0,9.775188817E0
8.832545849E0,5.985504389E-1,-1.149216816E-1,9.763554573E0,9.782559354E0
8.834549208E0,5.937620401E-1,-1.125274822E-1,9.763554573E0,9.782239708E0
8.836553270E0,5.961562395E-1,-1.125274822E-1,9.763554573E0,9.782385322E0
8.838557411E0,5.889736414E-1,-1.029506698E-1,9.765948296E0,9.784233997E0
8.840561747E0,5.913678408E-1,-1.029506698E-1,9.770736694E0,9.789157794E0
8.842565927E0,5.913678408E-1,-1.029506698E-1,9.761159897E0,9.779599036E0
8.844570224E0,6.009446383E-1,-1.005564705E-1,9.753977776E0,9.772989743E0
8.846574638E0,5.985504389E-1,-1.053448766E-1,9.763554573E0,9.782451537E0
8.848577567E0,6.033388376E-1,-1.005564705E-1,9.770736694E0,9.789863375E0
8.850580614E0,6.009446383E-1,-9.816227108E-2,9.756371498E0,9.775354474E0
8.852584403E0,5.889736414E-1,-9.816227108E-2,9.758766174E0,9.777016059E0
8.854588661E0,5.841852427E-1,-1.053448766E-1,9.761159897E0,9.779192833E0
8.856591825E0,5.817909837E-1,-1.149216816E-1,9.758766174E0,9.776768637E0
8.858594950E0,5.889736414E-1,-1.053448766E-1,9.753977776E0,9.772311392E0
8.860597450E0,5.817909837E-1,-1.149216816E-1,9.751583099E0,9.769598799E0
8.862599950E0,5.865794420E-1,-1.149216816E-1,9.753977776E0,9.772275318E0
8.864603153E0,5.913678408E-1,-1.173158810E-1,9.761159897E0,9.779760808E0
8.866606591E0,5.913678408E-1,-1.149216816E-1,9.761159897E0,9.779732381E0
8.868609755E0,5.961562395E-1,-1.149216816E-1,9.761159897E0,9.780023097E0
8.870613309E0,5.889736414E-1,-1.173158810E-1,9.768342972E0,9.786785855E0
8.872616669E0,5.865794420E-1,-1.149216816E-1,9.761159897E0,9.779444001E0
8.874620458E0,5.889736414E-1,-1.125274822E-1,9.756371498E0,9.774780672E0
8.876623270E0,5.865794420E-1,-1.077390760E-1,9.768342972E0,9.786531948E0
8.878625419E0,5.889736414E-1,-1.077390760E-1,9.761159897E0,9.779506132E0
8.880628192E0,5.985504389E-1,-1.077390760E-1,9.758766174E0,9.777698481E0
8.882631005E0,5.985504389E-1,-1.101332754E-1,9.758766174E0,9.777725155E0
8.884633778E0,6.009446383E-1,-1.029506698E-1,9.756371498E0,9.775403731E0
8.886637645E0,5.937620401E-1,-1.005564705E-1,9.761159897E0,9.779719193E0
8.888640614E0,5.961562395E-1,-9.816227108E-2,9.770736694E0,9.789399044E0
8.890642880E0,5.985504389E-1,-1.029506698E-1,9.742006302E0,9.760919437E0
8.892646356E0,5.913678408E-1,-1.053448766E-1,9.737217903E0,9.755727854E0
8.894649403E0,5.937620401E-1,-9.337386489E-2,9.739612579E0,9.758141485E0
8.896652763E0,6.033388376E-1,-1.005564705E-1,9.742006302E0,9.761189279E0
8.898656122E0,6.009446383E-1,-1.053448766E-1,9.744400978E0,9.763482085E0
8.900660145E0,5.937620401E-1,-1.053448766E-1,9.742006302E0,9.760652524E0
8.902664950E0,5.937620401E-1,-1.005564705E-1,9.746794701E0,9.765381298E0
8.904669442E0,5.937620401E-1,-1.053448766E-1,9.749189377E0,9.767821887E0
8.906673075E0,5.913678408E-1,-1.053448766E-1,9.751583099E0,9.770065834E0
8.908677489E0,5.865794420E-1,-1.005564705E-1,9.763554573E0,9.781675978E0
8.910681356E0,5.985504389E-1,-9.576806426E-2,9.751583099E0,9.770404654E0
8.912686083E0,5.985504389E-1,-1.029506698E-1,9.758766174E0,9.777646890E0
8.914690419E0,5.865794420E-1,-9.576806426E-2,9.756371498E0,9.774458132E0
8.916693700E0,5.937620401E-1,-9.097966552E-2,9.746794701E0,9.765287379E0
8.918697528E0,5.961562395E-1,-9.337386489E-2,9.746794701E0,9.765455846E0
8.920701200E0,5.937620401E-1,-1.029506698E-1,9.751583099E0,9.770185523E0
8.922704599E0,5.961562395E-1,-1.125274822E-1,9.765948296E0,9.784774438E0
8.924707958E0,5.913678408E-1,-1.053448766E-1,9.758766174E0,9.777235331E0
8.926711278E0,5.961562395E-1,-1.029506698E-1,9.746794701E0,9.765552111E0
8.928714169E0,5.961562395E-1,-1.005564705E-1,9.751583099E0,9.770306383E0
8.930717059E0,5.841852427E-1,-1.053448766E-1,9.749189377E0,9.767244414E0
8.932719872E0,5.817909837E-1,-1.077390760E-1,9.756371498E0,9.774296561E0
8.934723231E0,5.841852427E-1,-1.101332754E-1,9.761159897E0,9.779245588E0
8.936727059E0,5.889736414E-1,-9.816227108E-2,9.763554573E0,9.781795524E0
8.938731044E0,5.913678408E-1,-1.005564705E-1,9.773131371E0,9.791523084E0
8.940734677E0,5.889736414E-1,-1.101332754E-1,9.765948296E0,9.784312209E0
8.942737450E0,5.889736414E-1,-1.053448766E-1,9.768342972E0,9.786649677E0
8.944739794E0,5.913678408E-1,-1.101332754E-1,9.775525093E0,9.794015321E0
8.946742724E0,5.913678408E-1,-1.221042871E-1,9.761159897E0,9.779819421E0
8.948745419E0,5.889736414E-1,-1.268926859E-1,9.768342972E0,9.786905339E0
8.950748349E0,5.937620401E-1,-1.268926859E-1,9.768342972E0,9.787194671E0
8.952751122E0,5.937620401E-1,-1.221042871E-1,9.770736694E0,9.789522888E0
8.954753778E0,5.985504389E-1,-1.149216816E-1,9.756371498E0,9.775390244E0
8.956757841E0,6.033388376E-1,-1.053448766E-1,9.758766174E0,9.777966687E0
8.958761825E0,6.081272364E-1,-1.101332754E-1,9.768342972E0,9.787873747E0
8.960766317E0,6.009446383E-1,-1.101332754E-1,9.765948296E0,9.785040108E0
8.962771239E0,5.937620401E-1,-1.077390760E-1,9.751583099E0,9.770237152E0
8.964774755E0,5.889736414E-1,-1.053448766E-1,9.746794701E0,9.765141803E0
8.966778895E0,5.889736414E-1,-1.101332754E-1,9.749189377E0,9.767584798E0
8.968783934E0,5.937620401E-1,-1.101332754E-1,9.742006302E0,9.760705378E0
8.970788661E0,5.913678408E-1,-1.077390760E-1,9.763554573E0,9.782040765E0
8.972792919E0,5.961562395E-1,-1.029506698E-1,9.756371498E0,9.775110532E0
8.974797450E0,5.865794420E-1,-9.816227108E-2,9.751583099E0,9.769702361E0
8.976801786E0,5.817909837E-1,-1.029506698E-1,9.749189377E0,9.767075975E0
8.978805653E0,5.889736414E-1,-1.077390760E-1,9.734824181E0,9.753219955E0
8.980810028E0,5.913678408E-1,-1.101332754E-1,9.742006302E0,9.760560027E0
8.982814559E0,5.889736414E-1,-1.053448766E-1,9.744400978E0,9.762752579E0
8.984819638E0,5.865794420E-1,-9.816227108E-2,9.746794701E0,9.764922847E0
8.986824247E0,5.913678408E-1,-1.005564705E-1,9.753977776E0,9.772405537E0
8.988827802E0,5.937620401E-1,-9.097966552E-2,9.758766174E0,9.777236210E0
8.990831044E0,6.009446383E-1,-9.816227108E-2,9.763554573E0,9.782523611E0
8.992834989E0,6.009446383E-1,-1.125274822E-1,9.775525093E0,9.794625452E0
8.994838270E0,6.009446383E-1,-1.101332754E-1,9.765948296E0,9.785040108E0
8.996842841E0,6.081272364E-1,-1.173158810E-1,9.763554573E0,9.783178402E0
8.998847411E0,6.081272364E-1,-1.197100878E-1,9.758766174E0,9.778428631E0
9.000851903E0,6.081272364E-1,-1.125274822E-1,9.765948296E0,9.785511089E0
9.002856747E0,6.081272364E-1,-1.053448766E-1,9.768342972E0,9.787821039E0
9.004861669E0,5.985504389E-1,-1.077390760E-1,9.761159897E0,9.780087570E0
9.006865692E0,6.009446383E-1,-1.053448766E-1,9.756371498E0,9.775429239E0
9.008868661E0,6.057330370E-1,-1.077390760E-1,9.758766174E0,9.778140798E0
9.010872333E0,6.009446383E-1,-1.053448766E-1,9.765948296E0,9.784987384E0
9.012875731E0,5.913678408E-1,-9.576806426E-2,9.753977776E0,9.772357438E0
9.014878700E0,5.913678408E-1,-1.005564705E-1,9.753977776E0,9.772405537E0
9.016881591E0,5.937620401E-1,-1.077390760E-1,9.756371498E0,9.775016413E0
9.018884755E0,5.793967843E-1,-1.101332754E-1,9.765948296E0,9.783740393E0
9.020887724E0,5.889736414E-1,-9.576806426E-2,9.770736694E0,9.788940546E0
9.022890692E0,5.889736414E-1,-9.337386489E-2,9.768342972E0,9.786528140E0
9.024892411E0,5.865794420E-1,-1.029506698E-1,9.775525093E0,9.793649224E0
9.026894208E0,5.937620401E-1,-9.576806426E-2,9.775525093E0,9.794009175E0
9.028897841E0,5.937620401E-1,-1.101332754E-1,9.768342972E0,9.786991730E0
9.030901044E0,5.937620401E-1,-1.101332754E-1,9.773131371E0,9.791771009E0
9.032904950E0,5.937620401E-1,-1.125274822E-1,9.763554573E0,9.782239708E0
9.034908661E0,5.961562395E-1,-1.077390760E-1,9.763554573E0,9.782331413E0
9.036911395E0,5.937620401E-1,-1.053448766E-1,9.773131371E0,9.791718322E0
9.038913974E0,5.937620401E-1,-1.005564705E-1,9.763554573E0,9.782109326E0
9.040917411E0,5.937620401E-1,-1.029506698E-1,9.753977776E0,9.772575640E0
9.042920380E0,5.937620401E-1,-1.077390760E-1,9.746794701E0,9.765457900E0
9.044924091E0,5.961562395E-1,-1.005564705E-1,9.749189377E0,9.767917248E0
9.046926942E0,5.865794420E-1,-9.337386489E-2,9.753977776E0,9.772045670E0
9.048929872E0,5.913678408E-1,-9.097966552E-2,9.751583099E0,9.769921503E0
9.050931434E0,5.913678408E-1,-9.097966552E-2,9.768342972E0,9.786649970E0
9.052934169E0,5.817909837E-1,-9.816227108E-2,9.753977776E0,9.771806334E0
9.054936317E0,5.865794420E-1,-1.029506698E-1,9.739612579E0,9.757803415E0
9.056939247E0,5.889736414E-1,-1.005564705E-1,9.744400978E0,9.762702084E0
9.058941942E0,5.913678408E-1,-1.029506698E-1,9.749189377E0,9.767651113E0
9.060944638E0,5.961562395E-1,-1.029506698E-1,9.753977776E0,9.772721399E0
9.062947567E0,6.033388376E-1,-1.101332754E-1,9.744400978E0,9.763682579E0
9.064950614E0,6.009446383E-1,-1.029506698E-1,9.742006302E0,9.761066544E0
9.066953739E0,5.913678408E-1,-1.101332754E-1,9.742006302E0,9.760560027E0
9.068956591E0,6.009446383E-1,-1.173158810E-1,9.749189377E0,9.768397565E0
9.070959130E0,6.033388376E-1,-1.125274822E-1,9.753977776E0,9.773267756E0
9.072961825E0,6.033388376E-1,-1.101332754E-1,9.763554573E0,9.782798423E0
9.074964091E0,6.033388376E-1,-1.197100878E-1,9.770736694E0,9.790078846E0
9.076967528E0,6.033388376E-1,-1.268926859E-1,9.768342972E0,9.787780337E0
9.078971434E0,6.009446383E-1,-1.053448766E-1,9.751583099E0,9.770650180E0
9.080975380E0,5.985504389E-1,-1.077390760E-1,9.744400978E0,9.763361140E0
9.082979052E0,5.913678408E-1,-1.268926859E-1,9.758766174E0,9.777491239E0
9.084982216E0,5.889736414E-1,-1.268926859E-1,9.758766174E0,9.777346723E0
9.086985341E0,5.913678408E-1,-1.149216816E-1,9.763554573E0,9.782122511E0
9.088988934E0,5.985504389E-1,-1.125274822E-1,9.768342972E0,9.787310636E0
9.090990966E0,5.937620401E-1,-1.173158810E-1,9.768342972E0,9.787075191E0
9.092994364E0,5.913678408E-1,-1.125274822E-1,9.763554573E0,9.782094676E0
9.094998036E0,5.913678408E-1,-1.101332754E-1,9.765948296E0,9.784456621E0
9.097001864E0,5.865794420E-1,-1.101332754E-1,9.763554573E0,9.781779116E0
9.099004755E0,5.865794420E-1,-1.101332754E-1,9.758766174E0,9.776999643E0
9.101008349E0,5.961562395E-1,-1.101332754E-1,9.758766174E0,9.777578885E0
9.103011864E0,5.961562395E-1,-1.101332754E-1,9.763554573E0,9.782358075E0
9.105015536E0,5.961562395E-1,-1.077390760E-1,9.758766174E0,9.777552210E0
9.107018427E0,6.033388376E-1,-1.077390760E-1,9.775525093E0,9.794718797E0
9.109021239E0,5.937620401E-1,-1.077390760E-1,9.765948296E0,9.784574962E0
9.111023583E0,5.913678408E-1,-1.101332754E-1,9.753977776E0,9.772508772E0
9.113026122E0,5.913678408E-1,-1.125274822E-1,9.751583099E0,9.770145920E0
9.115028974E0,5.961562395E-1,-1.149216816E-1,9.763554573E0,9.782413156E0
9.117032059E0,6.057330370E-1,-1.053448766E-1,9.765948296E0,9.785282631E0
9.119034794E0,5.913678408E-1,-1.077390760E-1,9.758766174E0,9.777261420E0
9.121038192E0,5.913678408E-1,-1.077390760E-1,9.758766174E0,9.777261420E0
9.123040731E0,5.817909837E-1,-1.053448766E-1,9.751583099E0,9.769490838E0
9.125043192E0,5.889736414E-1,-1.005564705E-1,9.758766174E0,9.777040391E0
9.127045575E0,5.961562395E-1,-9.337386489E-2,9.761159897E0,9.779793631E0
9.129048583E0,5.937620401E-1,-9.576806426E-2,9.756371498E0,9.774891799E0
9.131051356E0,5.841852427E-1,-1.077390760E-1,9.753977776E0,9.772050069E0
9.133055028E0,5.817909837E-1,-1.029506698E-1,9.753977776E0,9.771855609E0
9.135058700E0,5.817909837E-1,-1.005564705E-1,9.761159897E0,9.778999687E0
9.137061747E0,5.841852427E-1,-1.029506698E-1,9.753977776E0,9.771998449E0
9.139064325E0,5.865794420E-1,-1.029506698E-1,9.739612579E0,9.757803415E0
9.141067333E0,5.913678408E-1,-1.005564705E-1,9.749189377E0,9.767626172E0
9.143070067E0,5.865794420E-1,-9.816227108E-2,9.753977776E0,9.772092597E0
9.145072606E0,5.913678408E-1,-9.816227108E-2,9.758766174E0,9.777160580E0
9.147075888E0,5.961562395E-1,-1.101332754E-1,9.761159897E0,9.779968003E0
9.149078739E0,5.937620401E-1,-1.125274822E-1,9.742006302E0,9.760732687E0
9.151082919E0,5.889736414E-1,-1.125274822E-1,9.756371498E0,9.774780672E0
9.153085888E0,5.961562395E-1,-1.077390760E-1,9.756371498E0,9.775162136E0
9.155089638E0,5.937620401E-1,-1.149216816E-1,9.770736694E0,9.789435934E0
9.157093739E0,5.961562395E-1,-1.197100878E-1,9.751583099E0,9.770522284E0
9.159097450E0,6.009446383E-1,-1.221042871E-1,9.753977776E0,9.773235204E0
9.161101395E0,6.033388376E-1,-1.197100878E-1,9.751583099E0,9.770963167E0
9.163104794E0,5.985504389E-1,-1.149216816E-1,9.751583099E0,9.770611166E0
9.165107138E0,5.937620401E-1,-1.173158810E-1,9.763554573E0,9.782295961E0
9.167110380E0,5.937620401E-1,-1.173158810E-1,9.758766174E0,9.777516741E0
9.169113974E0,5.937620401E-1,-1.149216816E-1,9.765948296E0,9.784656686E0
9.171117450E0,5.937620401E-1,-1.149216816E-1,9.765948296E0,9.784656686E0
9.173120966E0,6.057330370E-1,-1.197100878E-1,9.758766174E0,9.778280026E0
9.175125302E0,5.937620401E-1,-1.173158810E-1,9.761159897E0,9.779905874E0
9.177127958E0,5.913678408E-1,-1.221042871E-1,9.765948296E0,9.784598688E0
9.179130966E0,5.913678408E-1,-1.149216816E-1,9.770736694E0,9.789291009E0
9.181134325E0,5.937620401E-1,-1.125274822E-1,9.768342972E0,9.787018964E0
9.183137919E0,5.937620401E-1,-1.077390760E-1,9.770736694E0,9.789354249E0
9.185142450E0,5.889736414E-1,-1.125274822E-1,9.761159897E0,9.779560057E0
9.187145575E0,5.865794420E-1,-1.077390760E-1,9.758766174E0,9.776972967E0
9.189148349E0,5.913678408E-1,-1.053448766E-1,9.763554573E0,9.782014689E0
9.191151239E0,5.961562395E-1,-1.101332754E-1,9.765948296E0,9.784747197E0
9.193154442E0,5.913678408E-1,-1.125274822E-1,9.758766174E0,9.777315358E0
9.195157567E0,5.937620401E-1,-1.101332754E-1,9.765948296E0,9.784601617E0
9.197160888E0,5.937620401E-1,-1.077390760E-1,9.765948296E0,9.784574962E0
9.199164052E0,5.865794420E-1,-1.125274822E-1,9.761159897E0,9.779416159E0
9.201167333E0,5.889736414E-1,-1.077390760E-1,9.768342972E0,9.786675742E0
9.203170380E0,5.961562395E-1,-1.005564705E-1,9.765948296E0,9.784644091E0
9.205173114E0,6.057330370E-1,-9.576806426E-2,9.761159897E0,9.780405235E0
9.207175263E0,6.009446383E-1,-9.337386489E-2,9.761159897E0,9.780086690E0
9.209177802E0,5.961562395E-1,-9.337386489E-2,9.751583099E0,9.770235099E0
9.211180106E0,5.937620401E-1,-9.576806426E-2,9.751583099E0,9.770112478E0
9.213182372E0,5.865794420E-1,-9.816227108E-2,9.758766174E0,9.776872123E0
9.215184911E0,5.841852427E-1,-9.576806426E-2,9.746794701E0,9.764755545E0
9.217187059E0,5.889736414E-1,-1.005564705E-1,9.744400978E0,9.762702084E0
9.219189325E0,5.841852427E-1,-1.101332754E-1,9.739612579E0,9.757738208E0
9.221192059E0,5.865794420E-1,-1.101332754E-1,9.753977776E0,9.772220179E0
9.223194442E0,5.889736414E-1,-1.125274822E-1,9.751583099E0,9.770001296E0
9.225197372E0,5.913678408E-1,-1.149216816E-1,9.746794701E0,9.765394506E0
9.227200653E0,5.937620401E-1,-1.053448766E-1,9.744400978E0,9.763042626E0
9.229202763E0,5.889736414E-1,-1.029506698E-1,9.746794701E0,9.765116268E0
9.231204286E0,5.865794420E-1,-1.101332754E-1,9.751583099E0,9.769829974E0
9.233206669E0,5.913678408E-1,-1.101332754E-1,9.758766174E0,9.777288096E0
9.235210067E0,5.937620401E-1,-1.149216816E-1,9.768342972E0,9.787046785E0
9.237213856E0,5.889736414E-1,-1.101332754E-1,9.777919769E0,9.796261241E0
9.239216786E0,5.913678408E-1,-1.197100878E-1,9.770736694E0,9.789348394E0
9.241219247E0,5.889736414E-1,-1.197100878E-1,9.765948296E0,9.784424693E0
9.243221474E0,5.937620401E-1,-1.101332754E-1,9.768342972E0,9.786991730E0
9.245224169E0,5.937620401E-1,-1.149216816E-1,9.768342972E0,9.787046785E0
9.247227138E0,5.985504389E-1,-1.173158810E-1,9.780313492E0,9.799314141E0
9.249228934E0,5.985504389E-1,-1.101332754E-1,9.768342972E0,9.787283401E0
9.251231747E0,5.985504389E-1,-1.149216816E-1,9.758766174E0,9.777780263E0
9.253235302E0,5.985504389E-1,-1.101332754E-1,9.753977776E0,9.772946046E0
9.255238661E0,5.937620401E-1,-1.125274822E-1,9.749189377E0,9.767901991E0
9.257242919E0,5.913678408E-1,-1.149216816E-1,9.746794701E0,9.765394506E0
9.259246552E0,5.961562395E-1,-1.125274822E-1,9.756371498E0,9.775216085E0
9.261250263E0,5.913678408E-1,-1.149216816E-1,9.765948296E0,9.784511691E0
9.263254716E0,5.985504389E-1,-1.077390760E-1,9.756371498E0,9.775308442E0
9.265258349E0,5.913678408E-1,-1.029506698E-1,9.744400978E0,9.762871769E0
9.267262763E0,5.913678408E-1,-1.125274822E-1,9.746794701E0,9.765366624E0
9.269266903E0,5.961562395E-1,-1.149216816E-1,9.749189377E0,9.768075694E0
9.271271278E0,5.913678408E-1,-1.101332754E-1,9.763554573E0,9.782067428E0
9.273275888E0,5.913678408E-1,-1.077390760E-1,9.763554573E0,9.782040765E0
9.275280184E0,5.889736414E-1,-1.053448766E-1,9.756371498E0,9.774700625E0
9.277284833E0,5.865794420E-1,-1.005564705E-1,9.749189377E0,9.767337434E0
9.279289794E0,5.889736414E-1,-9.816227108E-2,9.756371498E0,9.774625854E0
9.281293895E0,5.913678408E-1,-9.337386489E-2,9.763554573E0,9.781893094E0
9.283297684E0,5.889736414E-1,-1.005564705E-1,9.751583099E0,9.769870751E0
9.285301513E0,5.937620401E-1,-1.029506698E-1,9.756371498E0,9.774964809E0
9.287306005E0,5.841852427E-1,-9.816227108E-2,9.753977776E0,9.771949175E0
9.289310380E0,5.770025849E-1,-1.005564705E-1,9.753977776E0,9.771546757E0
9.291314364E0,5.889736414E-1,-1.005564705E-1,9.742006302E0,9.760311898E0
9.293319091E0,5.937620401E-1,-9.816227108E-2,9.737217903E0,9.755798362E0
9.295323661E0,5.793967843E-1,-1.053448766E-1,9.744400978E0,9.762179500E0
9.297328466E0,5.793967843E-1,-1.029506698E-1,9.744400978E0,9.762153958E0
9.299333466E0,5.889736414E-1,-1.077390760E-1,9.739612579E0,9.757999326E0
9.301337645E0,5.793967843E-1,-1.029506698E-1,9.739612579E0,9.757374271E0
9.303341903E0,5.865794420E-1,-9.816227108E-2,9.751583099E0,9.769702361E0
9.305346083E0,5.961562395E-1,-1.077390760E-1,9.761159897E0,9.779941334E0
9.307350888E0,6.009446383E-1,-1.077390760E-1,9.761159897E0,9.780234389E0
9.309354794E0,5.889736414E-1,-1.125274822E-1,9.756371498E0,9.774780672E0
9.311357997E0,5.889736414E-1,-1.101332754E-1,9.746794701E0,9.765194633E0
9.313361474E0,5.961562395E-1,-1.149216816E-1,9.765948296E0,9.784802265E0
9.315365106E0,5.937620401E-1,-1.125274822E-1,9.756371498E0,9.775070363E0
9.317368661E0,5.913678408E-1,-1.077390760E-1,9.746794701E0,9.765312620E0
9.319371981E0,5.961562395E-1,-1.101332754E-1,9.753977776E0,9.772799704E0
9.321375497E0,5.961562395E-1,-1.149216816E-1,9.756371498E0,9.775243939E0
9.323379208E0,5.865794420E-1,-1.197100878E-1,9.756371498E0,9.774722030E0
9.325382489E0,5.841852427E-1,-1.173158810E-1,9.749189377E0,9.767380863E0
9.327385458E0,5.937620401E-1,-1.053448766E-1,9.746794701E0,9.765431779E0
9.329389052E0,5.985504389E-1,-1.101332754E-1,9.761159897E0,9.780114237E0
9.331393270E0,5.937620401E-1,-1.149216816E-1,9.751583099E0,9.770318997E0
9.333397411E0,5.913678408E-1,-1.125274822E-1,9.753977776E0,9.772536048E0
9.335401200E0,5.937620401E-1,-1.077390760E-1,9.765948296E0,9.784574962E0
9.337404403E0,5.913678408E-1,-1.173158810E-1,9.751583099E0,9.770202244E0
9.339408817E0,5.937620401E-1,-1.173158810E-1,9.758766174E0,9.777516741E0
9.341412489E0,5.793967843E-1,-1.173158810E-1,9.777919769E0,9.795773510E0
9.343415927E0,5.889736414E-1,-1.197100878E-1,9.753977776E0,9.772476805E0
9.345419325E0,5.865794420E-1,-1.173158810E-1,9.756371498E0,9.774693001E0
9.347422489E0,5.865794420E-1,-1.197100878E-1,9.773131371E0,9.791450492E0
9.349426356E0,5.889736414E-1,-1.173158810E-1,9.768342972E0,9.786785855E0
9.351429247E0,5.961562395E-1,-1.077390760E-1,9.756371498E0,9.775162136E0
9.353432958E0,5.985504389E-1,-1.053448766E-1,9.753977776E0,9.772893257E0
9.355436044E0,5.961562395E-1,-1.029506698E-1,9.751583099E0,9.770331317E0
9.357439520E0,5.961562395E-1,-1.077390760E-1,9.758766174E0,9.777552210E0
9.359443192E0,5.961562395E-1,-9.337386489E-2,9.742006302E0,9.760676602E0
9.361447450E0,6.009446383E-1,-9.816227108E-2,9.739612579E0,9.758628156E0
9.363451317E0,6.033388376E-1,-1.101332754E-1,9.749189377E0,9.768461527E0
9.365454716E0,6.009446383E-1,-1.053448766E-1,9.761159897E0,9.780208307E0
9.367458153E0,5.961562395E-1,-1.077390760E-1,9.761159897E0,9.779941334E0
9.369462138E0,6.009446383E-1,-1.029506698E-1,9.749189377E0,9.768235603E0
9.371465575E0,5.961562395E-1,-1.125274822E-1,9.756371498E0,9.775216085E0
9.373469638E0,5.937620401E-1,-1.149216816E-1,9.765948296E0,9.784656686E0
9.375474364E0,5.985504389E-1,-1.101332754E-1,9.765948296E0,9.784893361E0
9.377478661E0,5.937620401E-1,-1.125274822E-1,9.775525093E0,9.794187390E0
9.379482802E0,5.985504389E-1,-1.125274822E-1,9.782708168E0,9.801648033E0
9.381486395E0,5.841852427E-1,-1.173158810E-1,9.787496567E0,9.805616985E0
9.383490888E0,5.841852427E-1,-1.101332754E-1,9.773131371E0,9.791194949E0
9.385495106E0,5.937620401E-1,-1.077390760E-1,9.777919769E0,9.796523673E0
9.387500341E0,5.961562395E-1,-1.125274822E-1,9.768342972E0,9.787164508E0
9.389504481E0,5.985504389E-1,-1.173158810E-1,9.773131371E0,9.792145956E0
9.391509052E0,5.985504389E-1,-1.221042871E-1,9.785101891E0,9.804151727E0
9.393513856E0,5.937620401E-1,-1.149216816E-1,9.780313492E0,9.798994456E0
9.395518075E0,5.961562395E-1,-1.029506698E-1,9.770736694E0,9.789448230E0
9.397522450E0,5.913678408E-1,-1.053448766E-1,9.765948296E0,9.784403895E0
9.399527841E0,5.937620401E-1,-1.101332754E-1,9.761159897E0,9.779822352E0
9.401534013E0,6.009446383E-1,-1.101332754E-1,9.744400978E0,9.763534924E0
9.403538700E0,5.985504389E-1,-1.149216816E-1,9.751583099E0,9.770611166E0
9.405542841E0,6.009446383E-1,-1.077390760E-1,9.753977776E0,9.773066285E0
9.407547216E0,6.009446383E-1,-1.101332754E-1,9.751583099E0,9.770702981E0
9.409551864E0,5.961562395E-1,-1.053448766E-1,9.753977776E0,9.772746914E0
9.411556200E0,5.913678408E-1,-1.077390760E-1,9.746794701E0,9.765312620E0
9.413560497E0,5.937620401E-1,-1.101332754E-1,9.751583099E0,9.770263847E0
9.415564364E0,5.913678408E-1,-1.125274822E-1,9.753977776E0,9.772536048E0
9.417568974E0,5.865794420E-1,-1.149216816E-1,9.758766174E0,9.777054755E0
9.419573270E0,5.937620401E-1,-1.149216816E-1,9.753977776E0,9.772709082E0
9.421576356E0,5.985504389E-1,-1.005564705E-1,9.753977776E0,9.772842815E0
9.423580614E0,5.913678408E-1,-1.053448766E-1,9.763554573E0,9.782014689E0
9.425585575E0,5.961562395E-1,-1.077390760E-1,9.768342972E0,9.787110625E0
9.427589286E0,5.961562395E-1,-1.029506698E-1,9.765948296E0,9.784668989E0
9.429593505E0,6.033388376E-1,-9.816227108E-2,9.775525093E0,9.794618136E0
9.431598349E0,6.033388376E-1,-9.576806426E-2,9.763554573E0,9.782647248E0
9.433602177E0,6.009446383E-1,-9.337386489E-2,9.761159897E0,9.780086690E0
9.435606122E0,5.961562395E-1,-9.337386489E-2,9.761159897E0,9.779793631E0
9.437610692E0,5.913678408E-1,-9.816227108E-2,9.756371498E0,9.774770410E0
9.439616474E0,5.961562395E-1,-9.816227108E-2,9.749189377E0,9.767892895E0
9.441621200E0,5.937620401E-1,-1.125274822E-1,9.756371498E0,9.775070363E0
9.443626200E0,5.913678408E-1,-1.125274822E-1,9.749189377E0,9.767756747E0
9.445629520E0,5.913678408E-1,-1.053448766E-1,9.758766174E0,9.777235331E0
9.447633544E0,5.841852427E-1,-1.077390760E-1,9.758766174E0,9.776829617E0
9.449636708E0,5.817909837E-1,-1.077390760E-1,9.756371498E0,9.774296561E0
9.451641552E0,5.865794420E-1,-1.101332754E-1,9.753977776E0,9.772220179E0
9.453645263E0,5.913678408E-1,-1.101332754E-1,9.753977776E0,9.772508772E0
9.455649208E0,5.913678408E-1,-1.053448766E-1,9.761159897E0,9.779624533E0
9.457652763E0,5.937620401E-1,-1.077390760E-1,9.770736694E0,9.789354249E0
9.459656669E0,5.913678408E-1,-1.053448766E-1,9.770736694E0,9.789183266E0
9.461661044E0,5.961562395E-1,-1.053448766E-1,9.775525093E0,9.794252940E0
9.463665263E0,5.961562395E-1,-1.005564705E-1,9.775525093E0,9.794202607E0
9.465669442E0,5.961562395E-1,-1.053448766E-1,9.770736694E0,9.789473702E0
9.467672763E0,5.961562395E-1,-1.029506698E-1,9.770736694E0,9.789448230E0
9.469675458E0,6.009446383E-1,-1.005564705E-1,9.763554573E0,9.782547928E0
9.471678231E0,5.937620401E-1,-1.005564705E-1,9.758766174E0,9.777330014E0
9.473681708E0,5.961562395E-1,-1.053448766E-1,9.751583099E0,9.770356838E0
9.475685653E0,5.937620401E-1,-1.053448766E-1,9.756371498E0,9.774990318E0
9.477689052E0,6.081272364E-1,-1.053448766E-1,9.746794701E0,9.766315744E0
9.479692763E0,6.081272364E-1,-9.576806426E-2,9.749189377E0,9.768607053E0
9.481696552E0,6.009446383E-1,-1.053448766E-1,9.761159897E0,9.780208307E0
9.483700536E0,5.865794420E-1,-1.005564705E-1,9.758766174E0,9.776896455E0
9.485704638E0,5.889736414E-1,-9.576806426E-2,9.761159897E0,9.779381576E0
9.487708778E0,5.937620401E-1,-1.077390760E-1,9.746794701E0,9.765457900E0
9.489713153E0,5.817909837E-1,-1.053448766E-1,9.739612579E0,9.757542287E0
9.491716434E0,5.937620401E-1,-1.029506698E-1,9.749189377E0,9.767796359E0
9.493720184E0,5.889736414E-1,-1.101332754E-1,9.768342972E0,9.786702392E0
9.495724520E0,5.913678408E-1,-1.077390760E-1,9.753977776E0,9.772482084E0
9.497728817E0,5.913678408E-1,-1.221042871E-1,9.756371498E0,9.775040163E0
9.499733466E0,5.889736414E-1,-1.125274822E-1,9.753977776E0,9.772391459E0
9.501737724E0,5.937620401E-1,-1.125274822E-1,9.753977776E0,9.772681221E0
9.503741513E0,5.985504389E-1,-1.125274822E-1,9.756371498E0,9.775362391E0
9.505746474E0,5.985504389E-1,-1.077390760E-1,9.768342972E0,9.787256753E0
9.507751200E0,5.961562395E-1,-1.101332754E-1,9.785101891E0,9.803864065E0
9.509755614E0,5.913678408E-1,-9.576806426E-2,9.773131371E0,9.791475079E0
9.511759794E0,5.913678408E-1,-8.619125932E-2,9.768342972E0,9.786606627E0
9.513764677E0,6.033388376E-1,-9.097966552E-2,9.777919769E0,9.796938811E0
9.515768856E0,6.033388376E-1,-9.816227108E-2,9.773131371E0,9.792229081E0
9.517772645E0,6.009446383E-1,-9.816227108E-2,9.768342972E0,9.787302729E0
9.519775966E0,5.985504389E-1,-1.053448766E-1,9.751583099E0,9.770503217E0
9.521779911E0,5.961562395E-1,-9.337386489E-2,9.753977776E0,9.772625204E0
9.523784208E0,5.889736414E-1,-1.125274822E-1,9.751583099E0,9.770001296E0
9.525788114E0,5.937620401E-1,-1.125274822E-1,9.746794701E0,9.765511903E0
9.527792372E0,5.937620401E-1,-1.053448766E-1,9.744400978E0,9.763042626E0
9.529797802E0,5.961562395E-1,-1.029506698E-1,9.751583099E0,9.770331317E0
9.531802684E0,5.937620401E-1,-1.005564705E-1,9.761159897E0,9.779719193E0
9.533806669E0,5.913678408E-1,-9.816227108E-2,9.756371498E0,9.774770410E0
9.535810966E0,5.889736414E-1,-1.005564705E-1,9.756371498E0,9.774650191E0
9.537815067E0,5.770025849E-1,-1.101332754E-1,9.758766174E0,9.776429745E0
9.539819130E0,5.817909837E-1,-1.053448766E-1,9.761159897E0,9.779050098E0
9.541824130E0,5.793967843E-1,-1.173158810E-1,9.749189377E0,9.767095636E0
9.543828466E0,5.817909837E-1,-1.077390760E-1,9.758766174E0,9.776686847E0
9.545832138E0,5.770025849E-1,-1.029506698E-1,9.765948296E0,9.783520682E0
9.547836161E0,5.865794420E-1,-1.101332754E-1,9.770736694E0,9.788947866E0
9.549840927E0,5.913678408E-1,-1.173158810E-1,9.765948296E0,9.784540104E0
9.551846122E0,5.961562395E-1,-1.125274822E-1,9.761159897E0,9.779995257E0
9.553849716E0,5.937620401E-1,-1.077390760E-1,9.753977776E0,9.772627258E0
9.555854599E0,5.889736414E-1,-1.053448766E-1,9.761159897E0,9.779480049E0
9.557858622E0,5.865794420E-1,-1.125274822E-1,9.773131371E0,9.791365311E0
9.559862020E0,5.913678408E-1,-1.053448766E-1,9.756371498E0,9.774845179E0
9.561866591E0,5.937620401E-1,-1.149216816E-1,9.761159897E0,9.779877447E0
9.563870966E0,5.913678408E-1,-1.101332754E-1,9.768342972E0,9.786846769E0
9.565876005E0,5.865794420E-1,-1.077390760E-1,9.768342972E0,9.786531948E0
9.567880224E0,5.889736414E-1,-1.053448766E-1,9.746794701E0,9.765141803E0
9.569884286E0,5.937620401E-1,-1.149216816E-1,9.756371498E0,9.775098218E0
9.571888974E0,5.841852427E-1,-1.101332754E-1,9.746794701E0,9.764906998E0
9.573893309E0,5.889736414E-1,-1.029506698E-1,9.753977776E0,9.772285876E0
9.575898114E0,5.913678408E-1,-1.077390760E-1,9.768342972E0,9.786820119E0
9.577902763E0,5.913678408E-1,-1.125274822E-1,9.753977776E0,9.772536048E0
9.579907294E0,5.841852427E-1,-1.101332754E-1,9.761159897E0,9.779245588E0
9.581911278E0,5.865794420E-1,-1.125274822E-1,9.765948296E0,9.784195623E0
9.583915849E0,5.889736414E-1,-1.101332754E-1,9.751583099E0,9.769974014E0
9.585919442E0,5.865794420E-1,-1.029506698E-1,9.751583099E0,9.769751646E0
9.587923505E0,5.913678408E-1,-1.125274822E-1,9.751583099E0,9.770145920E0
9.589928114E0,5.961562395E-1,-1.149216816E-1,9.761159897E0,9.780023097E0
9.591931981E0,6.033388376E-1,-1.125274822E-1,9.758766174E0,9.778046708E0
9.593935184E0,5.961562395E-1,-1.125274822E-1,9.758766174E0,9.777606146E0
9.595938739E0,6.033388376E-1,-1.101332754E-1,9.768342972E0,9.787577407E0
9.597942724E0,6.009446383E-1,-1.101332754E-1,9.768342972E0,9.787430113E0
9.599946513E0,6.009446383E-1,-1.101332754E-1,9.763554573E0,9.782651057E0
9.601950341E0,6.009446383E-1,-1.029506698E-1,9.753977776E0,9.773014670E0
9.603954403E0,5.985504389E-1,-1.029506698E-1,9.753977776E0,9.772867743E0
9.605958153E0,5.913678408E-1,-1.053448766E-1,9.761159897E0,9.779624533E0
9.607962255E0,5.961562395E-1,-1.125274822E-1,9.751583099E0,9.770436922E0
9.609966434E0,5.913678408E-1,-1.149216816E-1,9.756371498E0,9.774953080E0
9.611970809E0,5.961562395E-1,-1.053448766E-1,9.742006302E0,9.760798461E0
9.613975067E0,5.889736414E-1,-1.077390760E-1,9.744400978E0,9.762778707E0
9.615979638E0,5.865794420E-1,-1.125274822E-1,9.744400978E0,9.762688579E0
9.617984091E0,5.937620401E-1,-1.077390760E-1,9.742006302E0,9.760678657E0
9.619988856E0,5.913678408E-1,-1.053448766E-1,9.749189377E0,9.767676641E0
9.621993622E0,5.937620401E-1,-1.029506698E-1,9.758766174E0,9.777354931E0
9.623997567E0,5.937620401E-1,-1.053448766E-1,9.739612579E0,9.758263375E0
9.626001864E0,5.937620401E-1,-1.125274822E-1,9.737217903E0,9.755953479E0
9.628005302E0,5.937620401E-1,-1.149216816E-1,9.744400978E0,9.763150658E0
9.630008856E0,5.865794420E-1,-1.077390760E-1,9.744400978E0,9.762634561E0
9.632011513E0,5.889736414E-1,-1.101332754E-1,9.751583099E0,9.769974014E0
9.634014755E0,5.937620401E-1,-1.197100878E-1,9.753977776E0,9.772766564E0
9.636017880E0,5.889736414E-1,-1.173158810E-1,9.758766174E0,9.777227123E0
9.638021591E0,5.913678408E-1,-1.125274822E-1,9.756371498E0,9.774925226E0
9.640025184E0,5.793967843E-1,-1.149216816E-1,9.765948296E0,9.783795467E0
9.642029872E0,5.865794420E-1,-1.101332754E-1,9.763554573E0,9.781779116E0
9.644034442E0,5.937620401E-1,-1.149216816E-1,9.761159897E0,9.779877447E0
9.646038934E0,5.985504389E-1,-1.029506698E-1,9.765948296E0,9.784815153E0
9.648042684E0,6.009446383E-1,-1.005564705E-1,9.775525093E0,9.794495235E0
9.650046708E0,5.937620401E-1,-1.053448766E-1,9.780313492E0,9.798886820E0
9.652050770E0,5.913678408E-1,-1.101332754E-1,9.775525093E0,9.794015321E0
9.654055263E0,6.009446383E-1,-1.101332754E-1,9.775525093E0,9.794598238E0
9.656059247E0,5.961562395E-1,-1.149216816E-1,9.768342972E0,9.787192328E0
9.658062802E0,5.937620401E-1,-1.125274822E-1,9.773131371E0,9.791798230E0
9.660066278E0,5.985504389E-1,-1.077390760E-1,9.770736694E0,9.789645851E0
9.662069208E0,6.105214357E-1,-1.053448766E-1,9.768342972E0,9.787970085E0
9.664071122E0,6.057330370E-1,-1.029506698E-1,9.763554573E0,9.782868151E0
9.666074286E0,5.937620401E-1,-1.029506698E-1,9.744400978E0,9.763017086E0
9.668077216E0,6.009446383E-1,-1.053448766E-1,9.744400978E0,9.763482085E0
9.670080614E0,6.033388376E-1,-1.077390760E-1,9.749189377E0,9.768434827E0
9.672084716E0,6.009446383E-1,-1.101332754E-1,9.746794701E0,9.765923957E0
9.674087059E0,5.937620401E-1,-1.077390760E-1,9.746794701E0,9.765457900E0
9.676090028E0,5.985504389E-1,-1.077390760E-1,9.739612579E0,9.758582045E0
9.678093231E0,5.937620401E-1,-1.149216816E-1,9.746794701E0,9.765539785E0
9.680097567E0,5.937620401E-1,-1.173158810E-1,9.749189377E0,9.767958327E0
9.682102333E0,5.865794420E-1,-1.125274822E-1,9.756371498E0,9.774636703E0
9.684107333E0,5.889736414E-1,-1.053448766E-1,9.756371498E0,9.774700625E0
9.686112372E0,5.865794420E-1,-1.101332754E-1,9.756371498E0,9.774609434E0
9.688116122E0,5.889736414E-1,-1.125274822E-1,9.758766174E0,9.777170840E0
9.690119950E0,5.889736414E-1,-1.149216816E-1,9.756371498E0,9.774808528E0
9.692124169E0,5.793967843E-1,-1.077390760E-1,9.749189377E0,9.766985300E0
9.694128700E0,5.865794420E-1,-1.125274822E-1,9.758766174E0,9.777026906E0
9.696133583E0,5.865794420E-1,-1.125274822E-1,9.756371498E0,9.774636703E0
9.698137684E0,5.937620401E-1,-1.125274822E-1,9.768342972E0,9.787018964E0
9.700142802E0,6.009446383E-1,-1.101332754E-1,9.775525093E0,9.794598238E0
9.702147294E0,6.057330370E-1,-1.077390760E-1,9.756371498E0,9.775750868E0
9.704150966E0,6.009446383E-1,-1.029506698E-1,9.744400978E0,9.763456546E0
9.706155145E0,5.985504389E-1,-1.005564705E-1,9.758766174E0,9.777621975E0
9.708159325E0,6.009446383E-1,-1.053448766E-1,9.756371498E0,9.775429239E0
9.710163934E0,5.913678408E-1,-1.053448766E-1,9.744400978E0,9.762897310E0
9.712168895E0,5.889736414E-1,-1.005564705E-1,9.744400978E0,9.762702084E0
9.714172411E0,5.865794420E-1,-9.816227108E-2,9.744400978E0,9.762533569E0
9.716175770E0,5.793967843E-1,-1.005564705E-1,9.761159897E0,9.778857539E0
9.718179638E0,5.841852427E-1,-1.053448766E-1,9.773131371E0,9.791142259E0
9.720183817E0,5.937620401E-1,-1.101332754E-1,9.777919769E0,9.796550297E0
9.722188349E0,5.937620401E-1,-1.053448766E-1,9.773131371E0,9.791718322E0
9.724191825E0,5.889736414E-1,-9.337386489E-2,9.768342972E0,9.786528140E0
9.726196356E0,5.913678408E-1,-1.077390760E-1,9.773131371E0,9.791599482E0
9.728200263E0,5.889736414E-1,-1.101332754E-1,9.780313492E0,9.798650483E0
9.730205028E0,5.889736414E-1,-1.101332754E-1,9.777919769E0,9.796261241E0
9.732208974E0,5.985504389E-1,-1.125274822E-1,9.775525093E0,9.794478848E0
9.734212958E0,5.961562395E-1,-1.077390760E-1,9.773131371E0,9.791889846E0
9.736218778E0,5.889736414E-1,-1.149216816E-1,9.775525093E0,9.793926066E0
9.738223817E0,6.009446383E-1,-1.149216816E-1,9.768342972E0,9.787485166E0
9.740229911E0,6.009446383E-1,-1.125274822E-1,9.763554573E0,9.782678304E0
9.742234872E0,6.033388376E-1,-1.029506698E-1,9.751583099E0,9.770772208E0
9.744238309E0,6.105214357E-1,-1.173158810E-1,9.746794701E0,9.766601578E0
9.746242489E0,6.081272364E-1,-1.173158810E-1,9.744400978E0,9.764063302E0
9.748246200E0,6.081272364E-1,-1.053448766E-1,9.737217903E0,9.756758108E0
9.750250302E0,5.985504389E-1,-1.053448766E-1,9.749189377E0,9.768114131E0
9.752254559E0,6.057330370E-1,-1.053448766E-1,9.742006302E0,9.761388059E0
9.754258583E0,6.081272364E-1,-1.077390760E-1,9.744400978E0,9.763952932E0
9.756261747E0,6.057330370E-1,-1.101332754E-1,9.744400978E0,9.763830820E0
9.758265653E0,5.985504389E-1,-1.101332754E-1,9.730035782E0,9.749050635E0
9.760269481E0,5.937620401E-1,-1.077390760E-1,9.730035782E0,9.748731065E0
9.762273778E0,5.865794420E-1,-1.053448766E-1,9.742006302E0,9.760218224E0
9.764277802E0,5.889736414E-1,-9.816227108E-2,9.746794701E0,9.765066959E0
9.766281630E0,5.889736414E-1,-9.576806426E-2,9.744400978E0,9.762653937E0
9.768284989E0,5.817909837E-1,-9.337386489E-2,9.751583099E0,9.769369088E0
9.770288114E0,5.746083856E-1,-9.097966552E-2,9.751583099E0,9.768921386E0
9.772292880E0,5.841852427E-1,-1.077390760E-1,9.768342972E0,9.786388737E0
9.774296395E0,5.865794420E-1,-1.101332754E-1,9.763554573E0,9.781779116E0
9.776299364E0,5.865794420E-1,-1.125274822E-1,9.761159897E0,9.779416159E0
9.778303700E0,5.841852427E-1,-1.077390760E-1,9.763554573E0,9.781609173E0
9.780307880E0,5.865794420E-1,-1.029506698E-1,9.763554573E0,9.781700884E0
9.782312216E0,5.889736414E-1,-1.005564705E-1,9.763554573E0,9.781819844E0
9.784315341E0,5.937620401E-1,-1.053448766E-1,9.758766174E0,9.777380434E0
9.786318466E0,5.913678408E-1,-1.101332754E-1,9.770736694E0,9.789235967E0
9.788320692E0,6.033388376E-1,-1.029506698E-1,9.770736694E0,9.789888260E0
9.790324013E0,5.985504389E-1,-1.101332754E-1,9.768342972E0,9.787283401E0
9.792327333E0,5.865794420E-1,-1.077390760E-1,9.770736694E0,9.788921223E0
9.794330106E0,5.889736414E-1,-1.101332754E-1,9.770736694E0,9.789091625E0
9.796333583E0,5.913678408E-1,-1.077390760E-1,9.770736694E0,9.789209324E0
9.798337333E0,5.841852427E-1,-1.077390760E-1,9.763554573E0,9.781609173E0
9.800340849E0,5.865794420E-1,-1.053448766E-1,9.763554573E0,9.781726376E0
9.802345106E0,5.985504389E-1,-1.149216816E-1,9.763554573E0,9.782559354E0
9.804349481E0,5.889736414E-1,-1.053448766E-1,9.768342972E0,9.786649677E0
9.806353388E0,5.841852427E-1,-1.149216816E-1,9.746794701E0,9.764962177E0
9.808357567E0,5.889736414E-1,-1.197100878E-1,9.751583099E0,9.770086663E0
9.810362997E0,5.913678408E-1,-1.173158810E-1,9.758766174E0,9.777371640E0
9.812367372E0,5.961562395E-1,-1.221042871E-1,9.753977776E0,9.772941940E0
9.814372099E0,5.985504389E-1,-1.221042871E-1,9.761159897E0,9.780256368E0
9.816376044E0,5.889736414E-1,-1.197100878E-1,9.761159897E0,9.779645341E0
9.818380028E0,5.937620401E-1,-1.149216816E-1,9.770736694E0,9.789435934E0
9.820384169E0,6.057330370E-1,-1.149216816E-1,9.768342972E0,9.787780337E0
9.822388466E0,5.961562395E-1,-1.077390760E-1,9.765948296E0,9.784720542E0
9.824393153E0,6.057330370E-1,-1.149216816E-1,9.746794701E0,9.766274952E0
9.826397294E0,6.057330370E-1,-1.197100878E-1,9.744400978E0,9.763943539E0
9.828400809E0,5.985504389E-1,-1.149216816E-1,9.739612579E0,9.758663987E0
9.830403974E0,5.937620401E-1,-1.149216816E-1,9.737217903E0,9.755981388E0
9.832408505E0,5.913678408E-1,-1.149216816E-1,9.742006302E0,9.760615232E0
9.834412216E0,5.913678408E-1,-1.053448766E-1,9.751583099E0,9.770065834E0
9.836417489E0,5.865794420E-1,-9.816227108E-2,9.734824181E0,9.752974577E0
9.838422255E0,5.865794420E-1,-9.576806426E-2,9.739612579E0,9.757730277E0
9.840426825E0,5.889736414E-1,-1.005564705E-1,9.744400978E0,9.762702084E0
9.842430419E0,5.913678408E-1,-1.005564705E-1,9.739612579E0,9.758067469E0
9.844434286E0,5.889736414E-1,-1.053448766E-1,9.722852707E0,9.741244903E0
9.846437997E0,5.865794420E-1,-1.125274822E-1,9.742006302E0,9.760298390E0
9.848441200E0,5.937620401E-1,-1.101332754E-1,9.751583099E0,9.770263847E0
9.850445145E0,5.913678408E-1,-1.077390760E-1,9.763554573E0,9.782040765E0
9.852449872E0,5.865794420E-1,-1.053448766E-1,9.753977776E0,9.772167387E0
9.854454403E0,5.865794420E-1,-1.125274822E-1,9.763554573E0,9.781806366E0
9.856458036E0,5.841852427E-1,-1.005564705E-1,9.765948296E0,9.783922021E0
9.858461825E0,5.793967843E-1,-1.005564705E-1,9.765948296E0,9.783637276E0
9.860466278E0,5.793967843E-1,-1.005564705E-1,9.777919769E0,9.795587132E0
9.862470966E0,5.913678408E-1,-1.029506698E-1,9.777919769E0,9.796327362E0
9.864475106E0,5.913678408E-1,-1.029506698E-1,9.768342972E0,9.786768577E0
9.866478934E0,6.033388376E-1,-1.125274822E-1,9.765948296E0,9.785214678E0
9.868482606E0,6.081272364E-1,-1.173158810E-1,9.756371498E0,9.776009746E0
9.870485575E0,5.985504389E-1,-1.125274822E-1,9.763554573E0,9.782531521E0
9.872488349E0,6.033388376E-1,-1.101332754E-1,9.773131371E0,9.792356401E0
9.874492684E0,5.985504389E-1,-1.077390760E-1,9.768342972E0,9.787256753E0
9.876497216E0,5.985504389E-1,-1.053448766E-1,9.753977776E0,9.772893257E0
9.878500614E0,5.937620401E-1,-1.125274822E-1,9.744400978E0,9.763122770E0
9.880504091E0,5.889736414E-1,-1.005564705E-1,9.751583099E0,9.769870751E0
9.882508895E0,5.913678408E-1,-9.816227108E-2,9.753977776E0,9.772381194E0
9.884512880E0,6.009446383E-1,-1.005564705E-1,9.761159897E0,9.780157902E0
9.886516591E0,6.009446383E-1,-1.053448766E-1,9.751583099E0,9.770650180E0
9.888520380E0,5.937620401E-1,-1.053448766E-1,9.746794701E0,9.765431779E0
9.890523427E0,5.913678408E-1,-1.029506698E-1,9.749189377E0,9.767651113E0
9.892527255E0,5.889736414E-1,-1.173158810E-1,9.753977776E0,9.772447770E0
9.894531474E0,5.985504389E-1,-1.125274822E-1,9.751583099E0,9.770583299E0
9.896536239E0,5.985504389E-1,-1.149216816E-1,9.751583099E0,9.770611166E0
9.898541161E0,5.961562395E-1,-1.173158810E-1,9.746794701E0,9.765714117E0
9.900546513E0,5.985504389E-1,-1.125274822E-1,9.746794701E0,9.765804217E0
9.902550731E0,6.009446383E-1,-1.125274822E-1,9.751583099E0,9.770730261E0
9.904555302E0,5.985504389E-1,-1.101332754E-1,9.751583099E0,9.770556018E0
9.906560536E0,5.961562395E-1,-1.029506698E-1,9.756371498E0,9.775110532E0
9.908565263E0,5.961562395E-1,-1.005564705E-1,9.761159897E0,9.779864846E0
9.910570419E0,6.009446383E-1,-1.101332754E-1,9.753977776E0,9.773092972E0
9.912574638E0,5.961562395E-1,-1.101332754E-1,9.751583099E0,9.770409641E0
9.914578700E0,5.913678408E-1,-1.149216816E-1,9.753977776E0,9.772563909E0
9.916583388E0,5.889736414E-1,-1.101332754E-1,9.765948296E0,9.784312209E0
9.918589442E0,5.889736414E-1,-1.053448766E-1,9.756371498E0,9.774700625E0
9.920595302E0,5.865794420E-1,-1.053448766E-1,9.758766174E0,9.776946877E0
9.922600224E0,5.913678408E-1,-1.077390760E-1,9.742006302E0,9.760533306E0
9.924605809E0,5.913678408E-1,-1.101332754E-1,9.746794701E0,9.765339328E0
9.926611005E0,6.057330370E-1,-1.149216816E-1,9.756371498E0,9.775832666E0
9.928616005E0,6.009446383E-1,-1.053448766E-1,9.761159897E0,9.780208307E0
9.930621278E0,5.985504389E-1,-9.816227108E-2,9.763554573E0,9.782376826E0
9.932626630E0,5.913678408E-1,-9.816227108E-2,9.753977776E0,9.772381194E0
9.934631434E0,5.937620401E-1,-1.005564705E-1,9.753977776E0,9.772550712E0
9.936635927E0,5.985504389E-1,-1.029506698E-1,9.758766174E0,9.777646890E0
9.938641356E0,5.985504389E-1,-1.053448766E-1,9.758766174E0,9.777672393E0
9.940646161E0,5.961562395E-1,-1.101332754E-1,9.758766174E0,9.777578885E0
9.942651161E0,6.033388376E-1,-1.221042871E-1,9.763554573E0,9.782940515E0
9.944656239E0,5.937620401E-1,-1.221042871E-1,9.763554573E0,9.782354559E0
9.946661278E0,5.817909837E-1,-1.101332754E-1,9.770736694E0,9.788662096E0
9.948666903E0,5.817909837E-1,-1.101332754E-1,9.775525093E0,9.793441731E0
9.950671044E0,5.961562395E-1,-1.101332754E-1,9.770736694E0,9.789526401E0
9.952677372E0,5.985504389E-1,-1.077390760E-1,9.768342972E0,9.787256753E0
9.954682372E0,5.913678408E-1,-1.101332754E-1,9.777919769E0,9.796405477E0
9.956688192E0,5.913678408E-1,-1.101332754E-1,9.787496567E0,9.805964221E0
9.958694481E0,5.913678408E-1,-1.197100878E-1,9.773131371E0,9.791738518E0
9.960699638E0,5.961562395E-1,-1.173158810E-1,9.775525093E0,9.794389012E0
9.962704638E0,5.889736414E-1,-1.173158810E-1,9.763554573E0,9.782006485E0
9.964708544E0,5.961562395E-1,-1.101332754E-1,9.761159897E0,9.779968003E0
9.966713778E0,5.913678408E-1,-1.029506698E-1,9.756371498E0,9.774819670E0
9.968719911E0,5.937620401E-1,-1.029506698E-1,9.765948296E0,9.784523408E0
9.970726630E0,5.985504389E-1,-9.816227108E-2,9.756371498E0,9.775207582E0
9.972732372E0,5.937620401E-1,-1.005564705E-1,9.751583099E0,9.770160588E0
9.974739052E0,5.937620401E-1,-1.077390760E-1,9.751583099E0,9.770237152E0
9.976745692E0,5.961562395E-1,-1.053448766E-1,9.746794701E0,9.765577645E0
9.978751903E0,5.937620401E-1,-1.029506698E-1,9.739612579E0,9.758237822E0
9.980759364E0,5.865794420E-1,-9.816227108E-2,9.739612579E0,9.757754069E0
9.982765341E0,5.889736414E-1,-1.053448766E-1,9.734824181E0,9.753193801E0
9.984770849E0,5.937620401E-1,-1.197100878E-1,9.730035782E0,9.748870713E0
9.986777216E0,6.033388376E-1,-1.149216816E-1,9.746794701E0,9.766126749E0
9.988783583E0,5.913678408E-1,-1.077390760E-1,9.742006302E0,9.760533306E0
9.990788856E0,5.889736414E-1,-1.053448766E-1,9.737217903E0,9.755583016E0
9.992794091E0,5.961562395E-1,-1.101332754E-1,9.744400978E0,9.763241369E0
9.994798817E0,5.961562395E-1,-1.077390760E-1,9.751583099E0,9.770382946E0
9.996804208E0,5.961562395E-1,-1.077390760E-1,9.770736694E0,9.789499758E0
9.998810341E0,5.985504389E-1,-1.101332754E-1,9.763554573E0,9.782504274E0
1.000081632E1,5.985504389E-1,-1.125274822E-1,9.758766174E0,9.777752416E0
1.000282190E1,5.961562395E-1,-1.053448766E-1,9.773131371E0,9.791863796E0
1.000482753E1,5.913678408E-1,-9.576806426E-2,9.770736694E0,9.789084891E0
1.000683268E1,5.913678408E-1,-9.816227108E-2,9.770736694E0,9.789108606E0
1.000883706E1,5.889736414E-1,-1.101332754E-1,9.763554573E0,9.781922980E0
1.001084124E1,5.913678408E-1,-1.125274822E-1,9.765948296E0,9.784483863E0
1.001284581E1,5.937620401E-1,-1.125274822E-1,9.773131371E0,9.791798230E0
1.001485011E1,5.985504389E-1,-1.077390760E-1,9.756371498E0,9.775308442E0
1.001685468E1,5.961562395E-1,-1.125274822E-1,9.756371498E0,9.775216085E0
1.001885858E1,5.937620401E-1,-1.101332754E-1,9.770736694E0,9.789380892E0
1.002086272E1,5.913678408E-1,-1.053448766E-1,9.777919769E0,9.796352815E0
1.002286737E1,5.937620401E-1,-1.053448766E-1,9.773131371E0,9.791718322E0
1.002487175E1,5.961562395E-1,-1.101332754E-1,9.756371498E0,9.775188817E0
1.002687643E1,5.841852427E-1,-1.053448766E-1,9.758766174E0,9.776803526E0
1.002888163E1,5.937620401E-1,-1.125274822E-1,9.758766174E0,9.777460460E0
1.003088659E1,5.961562395E-1,-1.101332754E-1,9.749189377E0,9.768020532E0
1.003289054E1,6.009446383E-1,-1.101332754E-1,9.753977776E0,9.773092972E0
1.003489448E1,6.033388376E-1,-1.029506698E-1,9.753977776E0,9.773162182E0
1.003689936E1,5.961562395E-1,-1.149216816E-1,9.756371498E0,9.775243939E0
1.003890354E1,5.961562395E-1,-1.197100878E-1,9.756371498E0,9.775301406E0
1.004090612E1,5.937620401E-1,-1.173158810E-1,9.770736694E0,9.789464333E0
1.004291100E1,5.937620401E-1,-1.149216816E-1,9.768342972E0,9.787046785E0
1.004491597E1,5.841852427E-1,-1.125274822E-1,9.758766174E0,9.776883556E0
1.004692065E1,5.961562395E-1,-1.077390760E-1,9.758766174E0,9.777552210E0
1.004892499E1,5.913678408E-1,-1.101332754E-1,9.765948296E0,9.784456621E0
1.005092866E1,5.889736414E-1,-1.029506698E-1,9.756371498E0,9.774675115E0
1.005293214E1,5.961562395E-1,-1.029506698E-1,9.746794701E0,9.765552111E0
1.005493702E1,5.937620401E-1,-1.005564705E-1,9.742006302E0,9.760602018E0
1.005694140E1,5.913678408E-1,-1.029506698E-1,9.744400978E0,9.762871769E0
1.005894561E1,5.985504389E-1,-1.149216816E-1,9.749189377E0,9.768222107E0
1.006095081E1,6.009446383E-1,-1.125274822E-1,9.753977776E0,9.773120246E0
1.006295511E1,6.057330370E-1,-1.149216816E-1,9.749189377E0,9.768664853E0
1.006495952E1,6.009446383E-1,-1.173158810E-1,9.758766174E0,9.777955549E0
1.006696308E1,5.961562395E-1,-1.125274822E-1,9.761159897E0,9.779995257E0
1.006896741E1,5.961562395E-1,-1.005564705E-1,9.775525093E0,9.794202607E0
1.007097108E1,5.937620401E-1,-1.029506698E-1,9.768342972E0,9.786913539E0
1.007297405E1,5.913678408E-1,-1.005564705E-1,9.763554573E0,9.781964293E0
1.007497722E1,6.009446383E-1,-9.576806426E-2,9.756371498E0,9.775330725E0
1.007697976E1,5.937620401E-1,-1.101332754E-1,9.765948296E0,9.784601617E0
1.007898210E1,5.937620401E-1,-1.149216816E-1,9.765948296E0,9.784656686E0
1.008098577E1,5.961562395E-1,-1.029506698E-1,9.758766174E0,9.777500619E0
1.008298999E1,6.009446383E-1,-1.077390760E-1,9.749189377E0,9.768287244E0
1.008499339E1,5.961562395E-1,-1.053448766E-1,9.749189377E0,9.767967716E0
1.008699647E1,5.913678408E-1,-1.077390760E-1,9.744400978E0,9.762923438E0
1.008900038E1,5.961562395E-1,-1.101332754E-1,9.749189377E0,9.768020532E0
1.009100472E1,5.913678408E-1,-1.053448766E-1,9.763554573E0,9.782014689E0
1.009300952E1,6.009446383E-1,-1.029506698E-1,9.763554573E0,9.782572831E0
1.009501272E1,6.009446383E-1,-1.029506698E-1,9.763554573E0,9.782572831E0
1.009701518E1,6.033388376E-1,-9.816227108E-2,9.770736694E0,9.789839076E0
1.009901796E1,6.057330370E-1,-1.077390760E-1,9.770736694E0,9.790087628E0
1.010102171E1,5.961562395E-1,-1.149216816E-1,9.768342972E0,9.787192328E0
1.010302483E1,5.913678408E-1,-1.221042871E-1,9.768342972E0,9.786988801E0
1.010502870E1,5.937620401E-1,-1.221042871E-1,9.761159897E0,9.779964486E0
1.010703229E1,5.913678408E-1,-1.173158810E-1,9.773131371E0,9.791709540E0
1.010903577E1,5.841852427E-1,-1.125274822E-1,9.777919769E0,9.796001728E0
1.011103905E1,5.770025849E-1,-1.125274822E-1,9.780313492E0,9.797965422E0
1.011304311E1,5.841852427E-1,-1.125274822E-1,9.777919769E0,9.796001728E0
1.011504682E1,5.985504389E-1,-1.173158810E-1,9.775525093E0,9.794535032E0
1.011705093E1,5.913678408E-1,-1.101332754E-1,9.773131371E0,9.791626119E0
1.011905456E1,5.961562395E-1,-1.077390760E-1,9.770736694E0,9.789499758E0
1.012105925E1,5.937620401E-1,-1.053448766E-1,9.770736694E0,9.789328192E0
1.012306444E1,5.889736414E-1,-1.101332754E-1,9.758766174E0,9.777143577E0
1.012506893E1,5.937620401E-1,-1.077390760E-1,9.753977776E0,9.772627258E0
1.012707401E1,5.961562395E-1,-1.077390760E-1,9.753977776E0,9.772773016E0
1.012907784E1,5.913678408E-1,-1.029506698E-1,9.749189377E0,9.767651113E0
1.013108222E1,5.985504389E-1,-9.576806426E-2,9.753977776E0,9.772794718E0
1.013308663E1,5.913678408E-1,-1.005564705E-1,9.751583099E0,9.770015377E0
1.013509116E1,5.913678408E-1,-9.816227108E-2,9.756371498E0,9.774770410E0
1.013709573E1,5.913678408E-1,-1.005564705E-1,9.756371498E0,9.774794746E0
1.013909964E1,5.889736414E-1,-1.029506698E-1,9.751583099E0,9.769895687E0
1.014110276E1,5.865794420E-1,-1.053448766E-1,9.744400978E0,9.762608433E0
1.014310600E1,5.865794420E-1,-1.053448766E-1,9.744400978E0,9.762608433E0
1.014510913E1,5.841852427E-1,-1.125274822E-1,9.744400978E0,9.762545019E0
1.014711409E1,5.913678408E-1,-1.101332754E-1,9.756371498E0,9.774897957E0
1.014911882E1,5.889736414E-1,-9.816227108E-2,9.753977776E0,9.772236603E0
1.015112276E1,5.817909837E-1,-1.029506698E-1,9.751583099E0,9.769465315E0
1.015312675E1,5.793967843E-1,-1.077390760E-1,9.749189377E0,9.766985300E0
1.015513179E1,5.865794420E-1,-1.029506698E-1,9.744400978E0,9.762582891E0
1.015713737E1,5.841852427E-1,-9.816227108E-2,9.753977776E0,9.771949175E0
1.015914202E1,5.913678408E-1,-1.077390760E-1,9.765948296E0,9.784429965E0
1.016114847E1,5.913678408E-1,-1.029506698E-1,9.751583099E0,9.770040312E0
1.016315300E1,5.865794420E-1,-1.005564705E-1,9.758766174E0,9.776896455E0
1.016515827E1,6.033388376E-1,-1.077390760E-1,9.765948296E0,9.785160784E0
1.016716405E1,6.033388376E-1,-1.029506698E-1,9.756371498E0,9.775551207E0
1.016916936E1,5.937620401E-1,-1.053448766E-1,9.758766174E0,9.777380434E0
1.017117409E1,5.865794420E-1,-1.077390760E-1,9.761159897E0,9.779362233E0
1.017317854E1,5.961562395E-1,-1.221042871E-1,9.756371498E0,9.775331019E0
1.017518265E1,5.889736414E-1,-1.125274822E-1,9.761159897E0,9.779560057E0
1.017718718E1,5.817909837E-1,-1.149216816E-1,9.768342972E0,9.786327818E0
1.017919128E1,5.961562395E-1,-1.149216816E-1,9.761159897E0,9.780023097E0
1.018119522E1,5.865794420E-1,-1.125274822E-1,9.756371498E0,9.774636703E0
1.018319886E1,5.841852427E-1,-1.053448766E-1,9.756371498E0,9.774413269E0
1.018520272E1,5.841852427E-1,-1.053448766E-1,9.765948296E0,9.783972407E0
1.018720702E1,5.889736414E-1,-1.029506698E-1,9.777919769E0,9.796183124E0
1.018921190E1,5.913678408E-1,-1.053448766E-1,9.782708168E0,9.801132208E0
1.019121636E1,5.985504389E-1,-1.101332754E-1,9.775525093E0,9.794451634E0
1.019322073E1,5.913678408E-1,-1.077390760E-1,9.765948296E0,9.784429965E0
1.019522546E1,5.889736414E-1,-1.173158810E-1,9.763554573E0,9.782006485E0
1.019722940E1,5.889736414E-1,-1.077390760E-1,9.773131371E0,9.791455175E0
1.019923311E1,5.817909837E-1,-1.053448766E-1,9.777919769E0,9.795779362E0
1.020123722E1,5.841852427E-1,-1.029506698E-1,9.775525093E0,9.793506118E0
1.020324147E1,5.865794420E-1,-1.053448766E-1,9.765948296E0,9.784115652E0
1.020524612E1,5.865794420E-1,-9.816227108E-2,9.756371498E0,9.774481883E0
1.020724995E1,5.937620401E-1,-9.816227108E-2,9.753977776E0,9.772526369E0
1.020925503E1,5.985504389E-1,-9.816227108E-2,9.746794701E0,9.765649256E0
1.021125940E1,6.009446383E-1,-1.005564705E-1,9.756371498E0,9.775378810E0
1.021326405E1,6.057330370E-1,-1.029506698E-1,9.756371498E0,9.775699267E0
1.021526780E1,5.961562395E-1,-1.077390760E-1,9.744400978E0,9.763214655E0
1.021727143E1,5.889736414E-1,-1.005564705E-1,9.744400978E0,9.762702084E0
1.021927620E1,5.865794420E-1,-1.029506698E-1,9.739612579E0,9.757803415E0
1.022128120E1,5.913678408E-1,-1.125274822E-1,9.744400978E0,9.762977455E0
1.022328655E1,5.913678408E-1,-1.101332754E-1,9.734824181E0,9.753391569E0
1.022529179E1,5.961562395E-1,-1.077390760E-1,9.734824181E0,9.753656330E0
1.022729612E1,5.961562395E-1,-1.077390760E-1,9.744400978E0,9.763214655E0
1.022929976E1,5.913678408E-1,-1.149216816E-1,9.751583099E0,9.770173789E0
1.023130429E1,5.913678408E-1,-1.173158810E-1,9.746794701E0,9.765422975E0
1.023330854E1,5.913678408E-1,-1.125274822E-1,9.744400978E0,9.762977455E0
1.023531323E1,5.913678408E-1,-1.125274822E-1,9.739612579E0,9.758198171E0
1.023731788E1,5.913678408E-1,-1.125274822E-1,9.763554573E0,9.782094676E0
1.023932339E1,5.937620401E-1,-1.221042871E-1,9.768342972E0,9.787133760E0
1.024132854E1,5.985504389E-1,-1.197100878E-1,9.761159897E0,9.780226770E0
1.024333331E1,6.009446383E-1,-1.173158810E-1,9.758766174E0,9.777955549E0
1.024533823E1,5.985504389E-1,-1.173158810E-1,9.761159897E0,9.780197757E0
1.024734245E1,5.913678408E-1,-1.173158810E-1,9.768342972E0,9.786930231E0
1.024934714E1,5.937620401E-1,-1.125274822E-1,9.773131371E0,9.791798230E0
1.025135073E1,6.009446383E-1,-1.077390760E-1,9.777919769E0,9.796961630E0
1.025335499E1,6.009446383E-1,-1.005564705E-1,9.768342972E0,9.787327034E0
1.025535878E1,5.985504389E-1,-1.029506698E-1,9.761159897E0,9.780035992E0
1.025736296E1,6.033388376E-1,-1.125274822E-1,9.761159897E0,9.780435712E0
1.025936694E1,5.937620401E-1,-1.077390760E-1,9.763554573E0,9.782185797E0
1.026137206E1,5.865794420E-1,-1.101332754E-1,9.770736694E0,9.788947866E0
1.026337761E1,5.865794420E-1,-1.053448766E-1,9.768342972E0,9.786505883E0
1.026538300E1,5.961562395E-1,-1.077390760E-1,9.763554573E0,9.782331413E0
1.026738765E1,6.009446383E-1,-1.053448766E-1,9.753977776E0,9.773040184E0
1.026939245E1,5.865794420E-1,-9.576806426E-2,9.746794701E0,9.764899073E0
1.027139698E1,5.865794420E-1,-1.005564705E-1,9.753977776E0,9.772116940E0
1.027340116E1,5.841852427E-1,-1.005564705E-1,9.753977776E0,9.771973519E0
1.027540608E1,5.913678408E-1,-1.005564705E-1,9.763554573E0,9.781964293E0
1.027741015E1,5.913678408E-1,-1.053448766E-1,9.775525093E0,9.793962646E0
1.027941499E1,5.865794420E-1,-1.077390760E-1,9.770736694E0,9.788921223E0
1.028141882E1,5.793967843E-1,-1.077390760E-1,9.763554573E0,9.781324360E0
1.028342300E1,5.817909837E-1,-1.101332754E-1,9.761159897E0,9.779102853E0
1.028542768E1,5.913678408E-1,-1.125274822E-1,9.773131371E0,9.791653341E0
1.028743171E1,5.937620401E-1,-1.125274822E-1,9.765948296E0,9.784628859E0
1.028943593E1,5.985504389E-1,-1.101332754E-1,9.765948296E0,9.784893361E0
1.029144007E1,5.985504389E-1,-1.101332754E-1,9.768342972E0,9.787283401E0
1.029344405E1,5.961562395E-1,-1.029506698E-1,9.763554573E0,9.782279847E0
1.029544897E1,6.009446383E-1,-1.005564705E-1,9.773131371E0,9.792106150E0
1.029745362E1,5.913678408E-1,-1.029506698E-1,9.780313492E0,9.798716587E0
1.029945882E1,5.985504389E-1,-1.053448766E-1,9.773131371E0,9.792009853E0
1.030146390E1,6.081272364E-1,-1.149216816E-1,9.746794701E0,9.766423740E0
1.030346897E1,6.057330370E-1,-1.029506698E-1,9.746794701E0,9.766141423E0
1.030547436E1,6.033388376E-1,-9.816227108E-2,9.742006302E0,9.761164908E0
1.030747956E1,6.033388376E-1,-1.077390760E-1,9.756371498E0,9.775602809E0
1.030948472E1,5.961562395E-1,-1.101332754E-1,9.753977776E0,9.772799704E0
1.031148913E1,5.889736414E-1,-1.101332754E-1,9.744400978E0,9.762805422E0
1.031349444E1,5.913678408E-1,-1.101332754E-1,9.744400978E0,9.762950153E0
1.031549893E1,6.009446383E-1,-1.005564705E-1,9.744400978E0,9.763431594E0
1.031750386E1,5.961562395E-1,-1.005564705E-1,9.758766174E0,9.777475702E0
1.031950890E1,5.985504389E-1,-9.576806426E-2,9.749189377E0,9.768015543E0
1.032151284E1,5.961562395E-1,-9.816227108E-2,9.761159897E0,9.779840521E0
1.032351702E1,6.009446383E-1,-1.053448766E-1,9.749189377E0,9.768261130E0
1.032552120E1,5.937620401E-1,-1.077390760E-1,9.751583099E0,9.770237152E0
1.032752515E1,6.009446383E-1,-1.029506698E-1,9.751583099E0,9.770624660E0
1.032952878E1,5.985504389E-1,-1.053448766E-1,9.761159897E0,9.780061488E0
1.033153198E1,6.057330370E-1,-1.125274822E-1,9.751583099E0,9.771025938E0
1.033353671E1,5.961562395E-1,-1.005564705E-1,9.761159897E0,9.779864846E0
1.033554136E1,5.913678408E-1,-1.005564705E-1,9.758766174E0,9.777184910E0
1.033754655E1,6.009446383E-1,-1.125274822E-1,9.770736694E0,9.789846395E0
1.033955104E1,5.961562395E-1,-1.125274822E-1,9.775525093E0,9.794332828E0
1.034155507E1,5.937620401E-1,-1.077390760E-1,9.770736694E0,9.789354249E0
1.034355893E1,5.913678408E-1,-1.149216816E-1,9.765948296E0,9.784511691E0
1.034556304E1,5.937620401E-1,-1.149216816E-1,9.761159897E0,9.779877447E0
1.034756683E1,5.913678408E-1,-1.077390760E-1,9.758766174E0,9.777261420E0
1.034957046E1,5.937620401E-1,-1.053448766E-1,9.753977776E0,9.772601156E0
1.035157483E1,5.889736414E-1,-1.029506698E-1,9.753977776E0,9.772285876E0
1.035357886E1,5.841852427E-1,-1.149216816E-1,9.744400978E0,9.762572909E0
1.035558288E1,5.865794420E-1,-1.173158810E-1,9.751583099E0,9.769913582E0
1.035758659E1,5.865794420E-1,-1.125274822E-1,9.751583099E0,9.769857257E0
1.035959081E1,5.841852427E-1,-1.173158810E-1,9.765948296E0,9.784108622E0
1.036159565E1,5.937620401E-1,-1.053448766E-1,9.765948296E0,9.784548892E0
1.036360116E1,5.937620401E-1,-1.029506698E-1,9.756371498E0,9.774964809E0
1.036560534E1,5.913678408E-1,-1.053448766E-1,9.761159897E0,9.779624533E0
1.036760909E1,5.889736414E-1,-1.125274822E-1,9.768342972E0,9.786729627E0
1.036961339E1,5.937620401E-1,-1.125274822E-1,9.765948296E0,9.784628859E0
1.037161784E1,5.985504389E-1,-1.053448766E-1,9.763554573E0,9.782451537E0
1.037362202E1,6.009446383E-1,-1.029506698E-1,9.773131371E0,9.792131029E0
1.037562683E1,5.985504389E-1,-1.125274822E-1,9.763554573E0,9.782531521E0
1.037763198E1,5.961562395E-1,-1.029506698E-1,9.765948296E0,9.784668989E0
1.037963682E1,5.913678408E-1,-1.029506698E-1,9.765948296E0,9.784378410E0
1.038164124E1,5.913678408E-1,-1.053448766E-1,9.763554573E0,9.782014689E0
1.038364604E1,5.937620401E-1,-1.029506698E-1,9.758766174E0,9.777354931E0
1.038565085E1,5.913678408E-1,-1.053448766E-1,9.756371498E0,9.774845179E0
1.038765612E1,5.913678408E-1,-9.816227108E-2,9.751583099E0,9.769991029E0
1.038966089E1,5.937620401E-1,-1.053448766E-1,9.751583099E0,9.770211044E0
1.039166518E1,5.889736414E-1,-1.029506698E-1,9.753977776E0,9.772285876E0
1.039367015E1,5.817909837E-1,-9.816227108E-2,9.746794701E0,9.764636374E0
1.039567503E1,5.841852427E-1,-1.005564705E-1,9.744400978E0,9.762414375E0
1.039767940E1,5.841852427E-1,-1.053448766E-1,9.732429504E0,9.750515576E0
1.039968358E1,5.865794420E-1,-1.005564705E-1,9.730035782E0,9.748219497E0
1.040168882E1,5.889736414E-1,-1.029506698E-1,9.742006302E0,9.760336858E0
1.040369432E1,5.913678408E-1,-1.101332754E-1,9.746794701E0,9.765339328E0
1.040570018E1,5.913678408E-1,-1.101332754E-1,9.746794701E0,9.765339328E0
1.040770565E1,5.937620401E-1,-1.173158810E-1,9.756371498E0,9.775126658E0
1.040970905E1,6.009446383E-1,-1.197100878E-1,9.758766174E0,9.777984568E0
1.041171249E1,5.937620401E-1,-1.149216816E-1,9.758766174E0,9.777488307E0
1.041371682E1,5.961562395E-1,-1.197100878E-1,9.756371498E0,9.775301406E0
1.041572065E1,5.985504389E-1,-1.149216816E-1,9.765948296E0,9.784948428E0
1.041772640E1,5.937620401E-1,-1.173158810E-1,9.761159897E0,9.779905874E0
1.041973194E1,5.889736414E-1,-1.149216816E-1,9.758766174E0,9.777198688E0
1.042173737E1,5.889736414E-1,-1.125274822E-1,9.770736694E0,9.789118854E0
1.042374206E1,5.913678408E-1,-1.029506698E-1,9.775525093E0,9.793937186E0
1.042574761E1,5.913678408E-1,-1.029506698E-1,9.770736694E0,9.789157794E0
1.042775159E1,5.913678408E-1,-1.029506698E-1,9.763554573E0,9.781989198E0
1.042975483E1,5.913678408E-1,-1.053448766E-1,9.765948296E0,9.784403895E0
1.043175901E1,5.985504389E-1,-1.125274822E-1,9.761159897E0,9.780141492E0
1.043376335E1,5.937620401E-1,-1.077390760E-1,9.749189377E0,9.767848001E0
1.043576718E1,6.009446383E-1,-1.053448766E-1,9.758766174E0,9.777819248E0
1.043777073E1,6.009446383E-1,-1.125274822E-1,9.761159897E0,9.780288310E0
1.043977499E1,6.057330370E-1,-1.077390760E-1,9.751583099E0,9.770971966E0
1.044177874E1,6.057330370E-1,-1.125274822E-1,9.749189377E0,9.768636980E0
1.044378331E1,5.961562395E-1,-1.173158810E-1,9.756371498E0,9.775272379E0
1.044578753E1,5.985504389E-1,-1.173158810E-1,9.763554573E0,9.782587773E0
1.044779159E1,5.985504389E-1,-1.101332754E-1,9.749189377E0,9.768166945E0
1.044979577E1,5.961562395E-1,-1.053448766E-1,9.744400978E0,9.763188528E0
1.045179913E1,5.985504389E-1,-1.101332754E-1,9.751583099E0,9.770556018E0
1.045380339E1,5.865794420E-1,-1.101332754E-1,9.742006302E0,9.760271081E0
1.045580761E1,5.817909837E-1,-1.053448766E-1,9.751583099E0,9.769490838E0
1.045781210E1,5.841852427E-1,-1.029506698E-1,9.746794701E0,9.764828630E0
1.045981589E1,5.889736414E-1,-1.029506698E-1,9.761159897E0,9.779454551E0
1.046181983E1,5.889736414E-1,-1.053448766E-1,9.763554573E0,9.781870240E0
1.046382401E1,5.913678408E-1,-1.077390760E-1,9.780313492E0,9.798768067E0
1.046582768E1,5.889736414E-1,-1.149216816E-1,9.770736694E0,9.789146668E0
1.046783151E1,5.937620401E-1,-1.173158810E-1,9.782708168E0,9.801412933E0
1.046983675E1,6.033388376E-1,-1.173158810E-1,9.770736694E0,9.790049863E0
1.047184077E1,6.033388376E-1,-1.101332754E-1,9.770736694E0,9.789966427E0
1.047384483E1,5.985504389E-1,-1.173158810E-1,9.775525093E0,9.794535032E0
1.047584972E1,6.009446383E-1,-1.173158810E-1,9.761159897E0,9.780344575E0
1.047785284E1,5.985504389E-1,-1.149216816E-1,9.765948296E0,9.784948428E0
1.047985726E1,5.961562395E-1,-1.221042871E-1,9.768342972E0,9.787279302E0
1.048186159E1,5.889736414E-1,-1.268926859E-1,9.761159897E0,9.779735898E0
1.048386581E1,5.985504389E-1,-1.077390760E-1,9.749189377E0,9.768140245E0
1.048586991E1,5.961562395E-1,-1.101332754E-1,9.746794701E0,9.765630473E0
1.048787308E1,6.009446383E-1,-1.029506698E-1,9.749189377E0,9.768235603E0
1.048987745E1,5.913678408E-1,-1.053448766E-1,9.739612579E0,9.758117988E0
1.049188233E1,5.889736414E-1,-1.053448766E-1,9.749189377E0,9.767531981E0
1.049388761E1,5.937620401E-1,-1.029506698E-1,9.756371498E0,9.774964809E0
1.049589288E1,5.961562395E-1,-1.029506698E-1,9.749189377E0,9.767942189E0
1.049789796E1,5.985504389E-1,-1.173158810E-1,9.749189377E0,9.768250567E0
1.049990405E1,5.865794420E-1,-1.053448766E-1,9.751583099E0,9.769777169E0
1.050190909E1,5.865794420E-1,-9.816227108E-2,9.749189377E0,9.767313079E0
1.050391421E1,5.793967843E-1,-1.053448766E-1,9.756371498E0,9.774128247E0
1.050592011E1,5.865794420E-1,-1.029506698E-1,9.761159897E0,9.779310651E0
1.050792515E1,5.841852427E-1,-1.029506698E-1,9.768342972E0,9.786337193E0
1.050993061E1,5.841852427E-1,-1.029506698E-1,9.770736694E0,9.788726515E0
1.051193585E1,5.793967843E-1,-1.005564705E-1,9.768342972E0,9.786027624E0
1.051394128E1,5.841852427E-1,-1.125274822E-1,9.763554573E0,9.781663086E0
1.051594636E1,5.770025849E-1,-1.173158810E-1,9.758766174E0,9.776513297E0
1.051795132E1,5.865794420E-1,-1.053448766E-1,9.758766174E0,9.776946877E0
1.051995643E1,5.865794420E-1,-1.053448766E-1,9.756371498E0,9.774556655E0
1.052196202E1,5.937620401E-1,-1.125274822E-1,9.768342972E0,9.787018964E0
1.052396753E1,6.033388376E-1,-1.053448766E-1,9.773131371E0,9.792303717E0
1.052597163E1,6.081272364E-1,-1.053448766E-1,9.770736694E0,9.790209999E0
1.052797565E1,6.057330370E-1,-1.101332754E-1,9.768342972E0,9.787725286E0
1.052997991E1,5.961562395E-1,-1.149216816E-1,9.756371498E0,9.775243939E0
1.053198495E1,6.009446383E-1,-1.173158810E-1,9.753977776E0,9.773176552E0
1.053398991E1,5.961562395E-1,-1.173158810E-1,9.746794701E0,9.765714117E0
1.053599456E1,5.961562395E-1,-1.173158810E-1,9.749189377E0,9.768104155E0
1.053799909E1,5.937620401E-1,-1.149216816E-1,9.758766174E0,9.777488307E0
1.054000311E1,6.033388376E-1,-1.173158810E-1,9.746794701E0,9.766155216E0
1.054200726E1,6.057330370E-1,-1.292868853E-1,9.765948296E0,9.785569668E0
1.054401182E1,6.081272364E-1,-1.221042871E-1,9.765948296E0,9.785625903E0
1.054601550E1,6.033388376E-1,-1.125274822E-1,9.756371498E0,9.775656755E0
1.054801979E1,6.057330370E-1,-1.125274822E-1,9.753977776E0,9.773415851E0
1.055002390E1,6.081272364E-1,-1.125274822E-1,9.758766174E0,9.778343337E0
1.055202882E1,6.081272364E-1,-1.221042871E-1,9.744400978E0,9.764122009E0
1.055403268E1,6.033388376E-1,-1.125274822E-1,9.751583099E0,9.770877808E0
1.055603698E1,6.057330370E-1,-1.125274822E-1,9.756371498E0,9.775804814E0
1.055804073E1,6.057330370E-1,-1.149216816E-1,9.744400978E0,9.763886005E0
1.056004460E1,5.985504389E-1,-1.149216816E-1,9.746794701E0,9.765832098E0
1.056204749E1,6.033388376E-1,-1.053448766E-1,9.751583099E0,9.770797728E0
1.056405128E1,5.961562395E-1,-1.101332754E-1,9.749189377E0,9.768020532E0
1.056605476E1,5.985504389E-1,-1.125274822E-1,9.758766174E0,9.777752416E0
1.056805886E1,6.009446383E-1,-1.077390760E-1,9.756371498E0,9.775455333E0
1.057006253E1,6.009446383E-1,-1.125274822E-1,9.753977776E0,9.773120246E0
1.057206690E1,5.985504389E-1,-1.029506698E-1,9.756371498E0,9.775256839E0
1.057407011E1,5.961562395E-1,-1.029506698E-1,9.751583099E0,9.770331317E0
1.057607401E1,5.913678408E-1,-1.053448766E-1,9.751583099E0,9.770065834E0
1.057807788E1,6.033388376E-1,-1.077390760E-1,9.753977776E0,9.773213796E0
1.058008245E1,5.937620401E-1,-1.125274822E-1,9.761159897E0,9.779849607E0
1.058208741E1,5.937620401E-1,-1.101332754E-1,9.761159897E0,9.779822352E0
1.058409198E1,5.889736414E-1,-1.029506698E-1,9.756371498E0,9.774675115E0
1.058609714E1,5.889736414E-1,-9.816227108E-2,9.756371498E0,9.774625854E0
1.058810136E1,5.889736414E-1,-1.077390760E-1,9.753977776E0,9.772337494E0
1.059010600E1,5.817909837E-1,-1.005564705E-1,9.751583099E0,9.769440378E0
1.059211007E1,5.817909837E-1,-1.029506698E-1,9.753977776E0,9.771855609E0
1.059411460E1,5.841852427E-1,-1.077390760E-1,9.758766174E0,9.776829617E0
1.059611983E1,5.817909837E-1,-1.125274822E-1,9.758766174E0,9.776740788E0
1.059812460E1,5.913678408E-1,-1.077390760E-1,9.761159897E0,9.779650616E0
1.060013026E1,5.913678408E-1,-1.077390760E-1,9.765948296E0,9.784429965E0
1.060213542E1,5.865794420E-1,-1.077390760E-1,9.753977776E0,9.772193490E0
1.060413979E1,5.913678408E-1,-1.101332754E-1,9.756371498E0,9.774897957E0
1.060614456E1,5.937620401E-1,-1.053448766E-1,9.751583099E0,9.770211044E0
1.060814874E1,6.057330370E-1,-1.077390760E-1,9.753977776E0,9.773361892E0
1.061015362E1,6.057330370E-1,-1.053448766E-1,9.751583099E0,9.770945860E0
1.061215698E1,6.009446383E-1,-1.125274822E-1,9.761159897E0,9.780288310E0
1.061416061E1,6.033388376E-1,-1.053448766E-1,9.756371498E0,9.775576715E0
1.061616530E1,6.129156351E-1,-1.005564705E-1,9.744400978E0,9.764175726E0
1.061816991E1,6.081272364E-1,-1.005564705E-1,9.753977776E0,9.773434032E0
1.062017464E1,6.105214357E-1,-1.077390760E-1,9.749189377E0,9.768881084E0
1.062217835E1,6.057330370E-1,-1.077390760E-1,9.746794701E0,9.766193074E0
1.062418245E1,6.033388376E-1,-1.077390760E-1,9.744400978E0,9.763655867E0
1.062618647E1,5.985504389E-1,-1.053448766E-1,9.744400978E0,9.763335014E0
1.062819155E1,5.937620401E-1,-1.149216816E-1,9.756371498E0,9.775098218E0
1.063019581E1,5.985504389E-1,-1.125274822E-1,9.758766174E0,9.777752416E0
1.063219960E1,6.033388376E-1,-1.029506698E-1,9.753977776E0,9.773162182E0
1.063420495E1,5.961562395E-1,-1.053448766E-1,9.758766174E0,9.777526121E0
1.063620991E1,5.841852427E-1,-1.149216816E-1,9.746794701E0,9.764962177E0
1.063821241E1,5.913678408E-1,-1.077390760E-1,9.756371498E0,9.774871275E0
1.064021530E1,5.889736414E-1,-1.077390760E-1,9.765948296E0,9.784285552E0
1.064221858E1,5.865794420E-1,-1.125274822E-1,9.763554573E0,9.781806366E0
1.064422268E1,5.889736414E-1,-1.077390760E-1,9.765948296E0,9.784285552E0
1.064622604E1,5.889736414E-1,-1.101332754E-1,9.756371498E0,9.774753403E0
1.064822964E1,5.865794420E-1,-1.077390760E-1,9.751583099E0,9.769803278E0
1.065023272E1,5.961562395E-1,-1.005564705E-1,9.758766174E0,9.777475702E0
1.065223616E1,5.865794420E-1,-1.029506698E-1,9.770736694E0,9.788869691E0
1.065423929E1,5.937620401E-1,-1.149216816E-1,9.777919769E0,9.796605298E0
1.065624249E1,6.057330370E-1,-1.173158810E-1,9.770736694E0,9.790197704E0
1.065824718E1,6.033388376E-1,-1.125274822E-1,9.770736694E0,9.789993654E0
1.066025206E1,5.961562395E-1,-1.125274822E-1,9.768342972E0,9.787164508E0
1.066225546E1,5.985504389E-1,-1.077390760E-1,9.763554573E0,9.782477612E0
1.066425890E1,6.009446383E-1,-1.077390760E-1,9.756371498E0,9.775455333E0
1.066626292E1,6.057330370E-1,-1.029506698E-1,9.761159897E0,9.780478203E0
1.066826628E1,6.009446383E-1,-9.337386489E-2,9.749189377E0,9.768139364E0
1.067026944E1,5.985504389E-1,-1.005564705E-1,9.756371498E0,9.775231917E0
1.067227351E1,5.985504389E-1,-1.005564705E-1,9.770736694E0,9.789569438E0
1.067427667E1,6.009446383E-1,-9.816227108E-2,9.765948296E0,9.784912693E0
1.067627987E1,5.985504389E-1,-9.097966552E-2,9.753977776E0,9.772748967E0
1.067828335E1,6.033388376E-1,-1.005564705E-1,9.753977776E0,9.773137255E0
1.068028745E1,6.009446383E-1,-9.576806426E-2,9.753977776E0,9.772941647E0
1.068229140E1,5.961562395E-1,-9.337386489E-2,9.744400978E0,9.763066699E0
1.068429507E1,5.985504389E-1,-9.097966552E-2,9.742006302E0,9.760800516E0
1.068629850E1,5.985504389E-1,-9.097966552E-2,9.732429504E0,9.751242177E0
1.068830296E1,5.985504389E-1,-1.053448766E-1,9.739612579E0,9.758555906E0
1.069030729E1,5.937620401E-1,-1.077390760E-1,9.739612579E0,9.758289515E0
1.069231100E1,5.913678408E-1,-1.029506698E-1,9.734824181E0,9.753313108E0
1.069431534E1,5.985504389E-1,-1.077390760E-1,9.739612579E0,9.758582045E0
1.069632011E1,5.913678408E-1,-1.173158810E-1,9.739612579E0,9.758254564E0
1.069832495E1,5.913678408E-1,-1.268926859E-1,9.746794701E0,9.765542720E0
1.070032925E1,5.961562395E-1,-1.244984865E-1,9.744400978E0,9.763413981E0
1.070233343E1,5.937620401E-1,-1.244984865E-1,9.746794701E0,9.765657181E0
1.070433764E1,5.985504389E-1,-1.292868853E-1,9.758766174E0,9.777959653E0
1.070634163E1,5.985504389E-1,-1.292868853E-1,9.761159897E0,9.780348678E0
1.070834534E1,5.937620401E-1,-1.364694983E-1,9.780313492E0,9.799270855E0
1.071034878E1,5.841852427E-1,-1.364694983E-1,9.775525093E0,9.793915824E0
1.071235268E1,5.865794420E-1,-1.292868853E-1,9.782708168E0,9.801131039E0
1.071435741E1,5.961562395E-1,-1.149216816E-1,9.792284966E0,9.811088324E0
1.071636175E1,5.889736414E-1,-1.149216816E-1,9.811438560E0,9.829772305E0
1.071836546E1,5.817909837E-1,-1.197100878E-1,9.809044838E0,9.827012358E0
1.072036929E1,5.865794420E-1,-1.005564705E-1,9.809044838E0,9.827082358E0
1.072237284E1,5.937620401E-1,-9.337386489E-2,9.801861763E0,9.820273217E0
1.072437628E1,5.913678408E-1,-8.619125932E-2,9.792284966E0,9.810504049E0
1.072637983E1,5.913678408E-1,-7.422025502E-2,9.787496567E0,9.805626630E0
1.072838370E1,5.865794420E-1,-8.140286058E-2,9.785101891E0,9.803005706E0
1.073038819E1,5.841852427E-1,-8.858546615E-2,9.768342972E0,9.786196616E0
1.073239175E1,5.865794420E-1,-8.619125932E-2,9.773131371E0,9.791098057E0
1.073439487E1,5.817909837E-1,-8.619125932E-2,9.763554573E0,9.781252864E0
1.073639878E1,5.817909837E-1,-8.619125932E-2,9.751583099E0,9.769303078E0
1.073840300E1,5.889736414E-1,-9.097966552E-2,9.739612579E0,9.757828675E0
1.074040694E1,5.889736414E-1,-1.053448766E-1,9.746794701E0,9.765141803E0
1.074241104E1,5.913678408E-1,-1.101332754E-1,9.737217903E0,9.755780735E0
1.074441507E1,5.937620401E-1,-1.125274822E-1,9.734824181E0,9.753564355E0
1.074641901E1,5.961562395E-1,-1.197100878E-1,9.751583099E0,9.770522284E0
1.074842265E1,6.033388376E-1,-1.149216816E-1,9.756371498E0,9.775684608E0
1.075042643E1,6.009446383E-1,-1.149216816E-1,9.749189377E0,9.768369104E0
1.075243003E1,6.009446383E-1,-1.268926859E-1,9.756371498E0,9.775685194E0
1.075443440E1,5.961562395E-1,-1.221042871E-1,9.744400978E0,9.763383744E0
1.075643870E1,6.009446383E-1,-1.316810995E-1,9.742006302E0,9.761411842E0
1.075844308E1,6.033388376E-1,-1.436520964E-1,9.749189377E0,9.768896928E0
1.076044651E1,6.009446383E-1,-1.268926859E-1,9.761159897E0,9.780464137E0
1.076245011E1,6.009446383E-1,-1.292868853E-1,9.744400978E0,9.763769763E0
1.076445401E1,5.937620401E-1,-1.221042871E-1,9.739612579E0,9.758458690E0
1.076645772E1,5.793967843E-1,-1.316810995E-1,9.749189377E0,9.767278743E0
1.076846143E1,5.770025849E-1,-1.197100878E-1,9.751583099E0,9.769372315E0
1.077046507E1,5.913678408E-1,-1.029506698E-1,9.756371498E0,9.774819670E0
1.077246925E1,5.985504389E-1,-1.029506698E-1,9.756371498E0,9.775256839E0
1.077447366E1,6.033388376E-1,-1.029506698E-1,9.749189377E0,9.768383188E0
1.077647753E1,6.057330370E-1,-9.816227108E-2,9.749189377E0,9.768482065E0
1.077848229E1,6.081272364E-1,-9.337386489E-2,9.753977776E0,9.773362771E0
1.078048675E1,6.009446383E-1,-9.576806426E-2,9.761159897E0,9.780109842E0
1.078249171E1,6.033388376E-1,-1.053448766E-1,9.751583099E0,9.770797728E0
1.078449515E1,5.985504389E-1,-1.005564705E-1,9.746794701E0,9.765673616E0
1.078649874E1,6.033388376E-1,-1.077390760E-1,9.744400978E0,9.763655867E0
1.078850288E1,6.057330370E-1,-1.101332754E-1,9.749189377E0,9.768609694E0
1.079050667E1,6.057330370E-1,-1.077390760E-1,9.746794701E0,9.766193074E0
1.079251065E1,5.913678408E-1,-1.101332754E-1,9.751583099E0,9.770118638E0
1.079451448E1,5.961562395E-1,-1.005564705E-1,9.756371498E0,9.775085610E0
1.079651823E1,5.961562395E-1,-1.077390760E-1,9.753977776E0,9.772773016E0
1.079852237E1,5.865794420E-1,-1.077390760E-1,9.746794701E0,9.765023814E0
1.080052581E1,5.746083856E-1,-1.029506698E-1,9.744400978E0,9.761870930E0
1.080252897E1,5.722141862E-1,-9.576806426E-2,9.765948296E0,9.783166497E0
1.080453276E1,5.722141862E-1,-9.576806426E-2,9.763554573E0,9.780776988E0
1.080653655E1,5.817909837E-1,-1.029506698E-1,9.761159897E0,9.779024600E0
1.080854003E1,5.889736414E-1,-1.029506698E-1,9.768342972E0,9.786624199E0
1.081054280E1,5.841852427E-1,-1.101332754E-1,9.758766174E0,9.776856293E0
1.081254515E1,5.841852427E-1,-1.053448766E-1,9.756371498E0,9.774413269E0
1.081454765E1,5.913678408E-1,-9.816227108E-2,9.763554573E0,9.781939974E0
1.081654991E1,6.009446383E-1,-1.005564705E-1,9.756371498E0,9.775378810E0
1.081855194E1,5.937620401E-1,-1.029506698E-1,9.749189377E0,9.767796359E0
1.082055573E1,5.913678408E-1,-1.077390760E-1,9.753977776E0,9.772482084E0
1.082255854E1,5.961562395E-1,-1.101332754E-1,9.749189377E0,9.768020532E0
1.082456073E1,5.937620401E-1,-1.173158810E-1,9.739612579E0,9.758399949E0
1.082656347E1,5.889736414E-1,-1.173158810E-1,9.739612579E0,9.758109764E0
1.082856616E1,5.985504389E-1,-1.149216816E-1,9.739612579E0,9.758663987E0
1.083056886E1,5.985504389E-1,-1.149216816E-1,9.734824181E0,9.753884941E0
1.083257155E1,5.841852427E-1,-1.221042871E-1,9.737217903E0,9.755490472E0
1.083457518E1,5.793967843E-1,-1.197100878E-1,9.744400978E0,9.762345085E0
1.083657929E1,5.817909837E-1,-1.244984865E-1,9.746794701E0,9.764936639E0
1.083858358E1,5.793967843E-1,-1.292868853E-1,9.758766174E0,9.776805868E0
1.084058808E1,5.817909837E-1,-1.268926859E-1,9.749189377E0,9.767357678E0
1.084259268E1,5.889736414E-1,-1.221042871E-1,9.761159897E0,9.779674940E0
1.084459682E1,5.865794420E-1,-1.197100878E-1,9.761159897E0,9.779501443E0
1.084659976E1,5.793967843E-1,-1.101332754E-1,9.782708168E0,9.800469839E0
1.084860319E1,5.817909837E-1,-1.149216816E-1,9.782708168E0,9.800666653E0
1.085060686E1,5.889736414E-1,-1.197100878E-1,9.787496567E0,9.805932363E0
1.085261061E1,5.913678408E-1,-1.197100878E-1,9.785101891E0,9.803686319E0
1.085461511E1,5.841852427E-1,-1.053448766E-1,9.792284966E0,9.810260689E0
1.085661979E1,5.913678408E-1,-1.005564705E-1,9.789890289E0,9.808250578E0
1.085862378E1,5.937620401E-1,-1.005564705E-1,9.787496567E0,9.806006017E0
1.086062765E1,6.057330370E-1,-1.029506698E-1,9.787496567E0,9.806762993E0
1.086263143E1,6.033388376E-1,-9.097966552E-2,9.782708168E0,9.801717918E0
1.086463534E1,5.985504389E-1,-9.576806426E-2,9.785101891E0,9.803859095E0
1.086663921E1,5.913678408E-1,-9.097966552E-2,9.777919769E0,9.796208871E0
1.086864272E1,5.913678408E-1,-9.097966552E-2,9.768342972E0,9.786649970E0
1.087064694E1,5.913678408E-1,-9.337386489E-2,9.744400978E0,9.762775477E0
1.087265100E1,5.961562395E-1,-9.337386489E-2,9.739612579E0,9.758287459E0
1.087465726E1,5.937620401E-1,-9.816227108E-2,9.742006302E0,9.760577646E0
1.087666272E1,5.865794420E-1,-1.005564705E-1,9.727641106E0,9.745829289E0
1.087866702E1,5.937620401E-1,-1.053448766E-1,9.725247383E0,9.743925675E0
1.088067241E1,5.889736414E-1,-9.816227108E-2,9.727641106E0,9.745949275E0
1.088267624E1,5.841852427E-1,-1.101332754E-1,9.725247383E0,9.743399735E0
1.088468065E1,5.865794420E-1,-1.101332754E-1,9.727641106E0,9.745932806E0
1.088668429E1,5.841852427E-1,-1.053448766E-1,9.737217903E0,9.755295097E0
1.088868753E1,5.889736414E-1,-1.125274822E-1,9.742006302E0,9.760442570E0
1.089069018E1,5.913678408E-1,-1.173158810E-1,9.746794701E0,9.765422975E0
1.089269222E1,5.961562395E-1,-1.125274822E-1,9.751583099E0,9.770436922E0
1.089469526E1,5.865794420E-1,-1.125274822E-1,9.758766174E0,9.777026906E0
1.089669929E1,5.961562395E-1,-1.221042871E-1,9.756371498E0,9.775331019E0
1.089870300E1,5.865794420E-1,-1.292868853E-1,9.756371498E0,9.774844006E0
1.090070690E1,5.817909837E-1,-1.268926859E-1,9.763554573E0,9.781696193E0
1.090271093E1,5.793967843E-1,-1.149216816E-1,9.761159897E0,9.779015807E0
1.090471479E1,5.889736414E-1,-1.197100878E-1,9.770736694E0,9.789204054E0
1.090671839E1,5.913678408E-1,-1.173158810E-1,9.768342972E0,9.786930231E0
1.090872268E1,5.961562395E-1,-1.173158810E-1,9.768342972E0,9.787220734E0
1.091072757E1,5.937620401E-1,-1.077390760E-1,9.775525093E0,9.794133546E0
1.091273276E1,5.985504389E-1,-1.101332754E-1,9.768342972E0,9.787283401E0
1.091473737E1,6.009446383E-1,-9.816227108E-2,9.780313492E0,9.799250088E0
1.091674292E1,5.961562395E-1,-9.576806426E-2,9.775525093E0,9.794154615E0
1.091874788E1,5.937620401E-1,-9.576806426E-2,9.768342972E0,9.786840619E0
1.092075335E1,6.057330370E-1,-9.097966552E-2,9.761159897E0,9.780359520E0
1.092275917E1,6.057330370E-1,-9.097966552E-2,9.763554573E0,9.782749497E0
1.092476507E1,6.009446383E-1,-9.097966552E-2,9.763554573E0,9.782454174E0
1.092677026E1,5.985504389E-1,-9.816227108E-2,9.753977776E0,9.772818473E0
1.092877479E1,6.057330370E-1,-9.816227108E-2,9.753977776E0,9.773261011E0
1.093077925E1,6.057330370E-1,-9.576806426E-2,9.763554573E0,9.782795201E0
1.093278401E1,5.937620401E-1,-9.816227108E-2,9.763554573E0,9.782085007E0
1.093478964E1,5.937620401E-1,-9.816227108E-2,9.756371498E0,9.774915550E0
1.093679472E1,5.961562395E-1,-9.337386489E-2,9.744400978E0,9.763066699E0
1.093879999E1,6.009446383E-1,-1.077390760E-1,9.744400978E0,9.763508211E0
1.094080409E1,5.913678408E-1,-1.029506698E-1,9.746794701E0,9.765260964E0
1.094280757E1,6.033388376E-1,-1.077390760E-1,9.751583099E0,9.770823835E0
1.094481198E1,6.009446383E-1,-1.125274822E-1,9.744400978E0,9.763562225E0
1.094681593E1,5.961562395E-1,-1.149216816E-1,9.758766174E0,9.777633993E0
1.094881936E1,5.961562395E-1,-1.173158810E-1,9.763554573E0,9.782441576E0
1.095082405E1,5.937620401E-1,-1.197100878E-1,9.761159897E0,9.779934887E0
1.095282866E1,5.865794420E-1,-1.221042871E-1,9.758766174E0,9.777141819E0
1.095483284E1,5.865794420E-1,-1.316810995E-1,9.758766174E0,9.777266111E0
1.095683792E1,5.817909837E-1,-1.364694983E-1,9.756371498E0,9.774655466E0
1.095884339E1,5.889736414E-1,-1.268926859E-1,9.770736694E0,9.789294523E0
1.096084745E1,5.913678408E-1,-1.292868853E-1,9.756371498E0,9.775132522E0
1.096285143E1,5.961562395E-1,-1.268926859E-1,9.765948296E0,9.784950185E0
1.096485558E1,5.961562395E-1,-1.173158810E-1,9.758766174E0,9.777662426E0
1.096685893E1,5.985504389E-1,-1.101332754E-1,9.753977776E0,9.772946046E0
1.096886308E1,5.937620401E-1,-1.101332754E-1,9.758766174E0,9.777433198E0
1.097086722E1,6.033388376E-1,-1.077390760E-1,9.758766174E0,9.777992775E0
1.097287218E1,6.033388376E-1,-1.029506698E-1,9.763554573E0,9.782720199E0
1.097487686E1,6.081272364E-1,-1.125274822E-1,9.758766174E0,9.778343337E0
1.097688190E1,6.057330370E-1,-1.077390760E-1,9.739612579E0,9.759025229E0
1.097888620E1,6.057330370E-1,-1.077390760E-1,9.742006302E0,9.761414191E0
1.098089030E1,6.033388376E-1,-1.077390760E-1,9.746794701E0,9.766044870E0
1.098289483E1,6.009446383E-1,-1.077390760E-1,9.749189377E0,9.768287244E0
1.098489991E1,6.009446383E-1,-1.005564705E-1,9.749189377E0,9.768210664E0
1.098690452E1,5.937620401E-1,-1.005564705E-1,9.753977776E0,9.772550712E0
1.098890897E1,5.985504389E-1,-9.816227108E-2,9.751583099E0,9.770428415E0
1.099091315E1,5.985504389E-1,-9.337386489E-2,9.756371498E0,9.775160670E0
1.099291714E1,5.961562395E-1,-8.858546615E-2,9.746794701E0,9.765411235E0
1.099492077E1,5.961562395E-1,-9.816227108E-2,9.749189377E0,9.767892895E0
1.099692444E1,5.961562395E-1,-8.858546615E-2,9.746794701E0,9.765411235E0
1.099892921E1,5.961562395E-1,-8.379705995E-2,9.749189377E0,9.767759094E0
1.100093335E1,5.961562395E-1,-9.337386489E-2,9.737217903E0,9.755897367E0
1.100293792E1,5.889736414E-1,-1.053448766E-1,9.727641106E0,9.746024265E0
1.100494253E1,5.889736414E-1,-1.125274822E-1,9.739612579E0,9.758053370E0
1.100694776E1,5.841852427E-1,-1.197100878E-1,9.730035782E0,9.748292118E0
1.100895222E1,5.841852427E-1,-1.077390760E-1,9.722852707E0,9.740982746E0
1.101095616E1,5.841852427E-1,-1.077390760E-1,9.727641106E0,9.745762237E0
1.101296054E1,5.913678408E-1,-1.197100878E-1,9.751583099E0,9.770231285E0
1.101496522E1,5.889736414E-1,-1.244984865E-1,9.753977776E0,9.772536634E0
1.101696976E1,5.961562395E-1,-1.340752989E-1,9.751583099E0,9.770708848E0
1.101897374E1,6.033388376E-1,-1.316810995E-1,9.768342972E0,9.787843587E0
1.102097815E1,5.937620401E-1,-1.197100878E-1,9.775525093E0,9.794272546E0
1.102298233E1,5.865794420E-1,-1.149216816E-1,9.780313492E0,9.798561855E0
1.102498632E1,5.793967843E-1,-1.149216816E-1,9.773131371E0,9.790965448E0
1.102699003E1,5.817909837E-1,-1.173158810E-1,9.787496567E0,9.805474635E0
1.102899343E1,5.865794420E-1,-1.125274822E-1,9.789890289E0,9.808093074E0
1.103099679E1,5.865794420E-1,-1.149216816E-1,9.789890289E0,9.808120835E0
1.103299932E1,5.841852427E-1,-1.101332754E-1,9.780313492E0,9.798363829E0
1.103500296E1,5.865794420E-1,-1.125274822E-1,9.758766174E0,9.777026906E0
1.103700675E1,5.865794420E-1,-1.053448766E-1,9.763554573E0,9.781726376E0
1.103901089E1,5.913678408E-1,-1.053448766E-1,9.751583099E0,9.770065834E0
1.104101511E1,5.889736414E-1,-1.101332754E-1,9.734824181E0,9.753246696E0
1.104301940E1,5.961562395E-1,-1.053448766E-1,9.727641106E0,9.746460962E0
1.104502308E1,5.937620401E-1,-1.125274822E-1,9.749189377E0,9.767901991E0
1.104702772E1,5.961562395E-1,-1.149216816E-1,9.751583099E0,9.770464789E0
1.104903222E1,5.985504389E-1,-1.149216816E-1,9.756371498E0,9.775390244E0
1.105103690E1,6.009446383E-1,-1.149216816E-1,9.763554573E0,9.782706136E0
1.105304171E1,6.009446383E-1,-1.197100878E-1,9.756371498E0,9.775594599E0
1.105504698E1,6.057330370E-1,-1.197100878E-1,9.761159897E0,9.780668972E0
1.105705319E1,5.985504389E-1,-1.149216816E-1,9.775525093E0,9.794506647E0
1.105905753E1,6.009446383E-1,-1.077390760E-1,9.761159897E0,9.780234389E0
1.106106311E1,6.033388376E-1,-1.053448766E-1,9.763554573E0,9.782745688E0
1.106306854E1,5.961562395E-1,-1.053448766E-1,9.756371498E0,9.775136041E0
1.106507362E1,6.009446383E-1,-1.053448766E-1,9.758766174E0,9.777819248E0
1.106707854E1,6.009446383E-1,-1.029506698E-1,9.749189377E0,9.768235603E0
1.106908229E1,6.033388376E-1,-9.097966552E-2,9.744400978E0,9.763485314E0
1.107108651E1,5.937620401E-1,-9.816227108E-2,9.718064308E0,9.736681318E0
1.107309116E1,6.057330370E-1,-9.816227108E-2,9.720458984E0,9.739808582E0
1.107509616E1,6.057330370E-1,-1.101332754E-1,9.720458984E0,9.739936587E0
1.107710089E1,6.009446383E-1,-1.173158810E-1,9.718064308E0,9.737333894E0
1.107910600E1,6.009446383E-1,-1.125274822E-1,9.698910713E0,9.718161653E0
1.108111104E1,6.009446383E-1,-1.125274822E-1,9.703699112E0,9.722940571E0
1.108311526E1,5.985504389E-1,-1.221042871E-1,9.722852707E0,9.742024268E0
1.108511897E1,5.937620401E-1,-1.221042871E-1,9.732429504E0,9.751289498E0
1.108712249E1,5.865794420E-1,-1.244984865E-1,9.742006302E0,9.760443745E0
1.108912597E1,5.889736414E-1,-1.221042871E-1,9.761159897E0,9.779674940E0
1.109112901E1,5.889736414E-1,-1.149216816E-1,9.770736694E0,9.789146668E0
1.109313370E1,5.865794420E-1,-1.101332754E-1,9.787496567E0,9.805676612E0
1.109513776E1,5.817909837E-1,-1.005564705E-1,9.799467087E0,9.817237266E0
1.109714198E1,5.770025849E-1,-1.029506698E-1,9.801861763E0,9.819369880E0
1.109914632E1,5.770025849E-1,-1.029506698E-1,9.801861763E0,9.819369880E0
1.110115116E1,5.817909837E-1,-1.053448766E-1,9.792284966E0,9.810118406E0
1.110315511E1,5.841852427E-1,-9.097966552E-2,9.792284966E0,9.810116948E0
1.110515866E1,5.841852427E-1,-9.337386489E-2,9.780313492E0,9.798189786E0
1.110716190E1,5.841852427E-1,-1.029506698E-1,9.785101891E0,9.803065350E0
1.110916522E1,5.817909837E-1,-1.005564705E-1,9.777919769E0,9.795729037E0
1.111116788E1,5.889736414E-1,-1.101332754E-1,9.749189377E0,9.767584798E0
1.111317104E1,5.889736414E-1,-1.077390760E-1,9.744400978E0,9.762778707E0
1.111517440E1,5.937620401E-1,-1.029506698E-1,9.744400978E0,9.763017086E0
1.111717796E1,5.961562395E-1,-1.101332754E-1,9.753977776E0,9.772799704E0
1.111918108E1,5.913678408E-1,-1.029506698E-1,9.742006302E0,9.760481625E0
1.112118491E1,5.961562395E-1,-1.197100878E-1,9.749189377E0,9.768133203E0
1.112318870E1,5.913678408E-1,-1.077390760E-1,9.739612579E0,9.758144128E0
1.112519147E1,5.889736414E-1,-1.173158810E-1,9.758766174E0,9.777227123E0
1.112719440E1,5.913678408E-1,-1.244984865E-1,9.756371498E0,9.775070363E0
1.112919749E1,5.913678408E-1,-1.197100878E-1,9.753977776E0,9.772621392E0
1.113120112E1,5.961562395E-1,-1.125274822E-1,9.765948296E0,9.784774438E0
1.113320456E1,5.889736414E-1,-1.077390760E-1,9.765948296E0,9.784285552E0
1.113520726E1,5.865794420E-1,-1.029506698E-1,9.777919769E0,9.796039470E0
1.113721065E1,5.841852427E-1,-9.576806426E-2,9.777919769E0,9.795823545E0
1.113921429E1,5.961562395E-1,-9.097966552E-2,9.773131371E0,9.791719785E0
1.114121749E1,5.937620401E-1,-9.576806426E-2,9.763554573E0,9.782061275E0
1.114322085E1,5.913678408E-1,-9.576806426E-2,9.749189377E0,9.767578049E0
1.114522335E1,5.937620401E-1,-9.816227108E-2,9.749189377E0,9.767747064E0
1.114722604E1,5.961562395E-1,-9.097966552E-2,9.742006302E0,9.760653992E0
1.114922956E1,5.937620401E-1,-9.337386489E-2,9.737217903E0,9.755751357E0
1.115123257E1,5.961562395E-1,-1.077390760E-1,9.734824181E0,9.753656330E0
1.115323456E1,5.937620401E-1,-1.005564705E-1,9.737217903E0,9.755822746E0
1.115523753E1,5.889736414E-1,-1.053448766E-1,9.732429504E0,9.750803636E0
1.115724171E1,5.865794420E-1,-1.101332754E-1,9.744400978E0,9.762661277E0
1.115924593E1,5.961562395E-1,-1.101332754E-1,9.744400978E0,9.763241369E0
1.116124960E1,5.913678408E-1,-1.149216816E-1,9.742006302E0,9.760615232E0
1.116325339E1,5.722141862E-1,-1.173158810E-1,9.737217903E0,9.754722168E0
1.116525745E1,5.770025849E-1,-1.268926859E-1,9.758766174E0,9.776632906E0
1.116726167E1,5.865794420E-1,-1.244984865E-1,9.756371498E0,9.774781845E0
1.116926573E1,5.889736414E-1,-1.149216816E-1,9.765948296E0,9.784367279E0
1.117126968E1,5.913678408E-1,-1.197100878E-1,9.777919769E0,9.796517822E0
1.117327347E1,5.889736414E-1,-1.173158810E-1,9.785101891E0,9.803513247E0
1.117527686E1,5.937620401E-1,-1.197100878E-1,9.770736694E0,9.789493318E0
1.117728034E1,5.961562395E-1,-1.197100878E-1,9.770736694E0,9.789638825E0
1.117928296E1,6.009446383E-1,-1.125274822E-1,9.765948296E0,9.785067348E0
1.118128651E1,6.033388376E-1,-1.053448766E-1,9.768342972E0,9.787524698E0
1.118328940E1,6.033388376E-1,-9.337386489E-2,9.749189377E0,9.768286950E0
1.118529288E1,6.057330370E-1,-9.097966552E-2,9.744400978E0,9.763633557E0
1.118729647E1,6.081272364E-1,-1.029506698E-1,9.753977776E0,9.773458959E0
1.118929886E1,6.057330370E-1,-9.816227108E-2,9.756371498E0,9.775650012E0
1.119130304E1,5.937620401E-1,-1.029506698E-1,9.746794701E0,9.765406245E0
1.119330565E1,5.913678408E-1,-1.029506698E-1,9.746794701E0,9.765260964E0
1.119530897E1,5.961562395E-1,-1.029506698E-1,9.746794701E0,9.765552111E0
1.119731241E1,5.985504389E-1,-1.053448766E-1,9.753977776E0,9.772893257E0
1.119931600E1,5.889736414E-1,-1.005564705E-1,9.746794701E0,9.765091320E0
1.120132007E1,5.770025849E-1,-9.816227108E-2,9.749189377E0,9.766742616E0
1.120332390E1,5.889736414E-1,-1.077390760E-1,9.749189377E0,9.767558096E0
1.120532772E1,5.889736414E-1,-9.816227108E-2,9.756371498E0,9.774625854E0
1.120733065E1,5.889736414E-1,-1.005564705E-1,9.749189377E0,9.767481511E0
1.120933440E1,5.889736414E-1,-1.053448766E-1,9.751583099E0,9.769921209E0
1.121133815E1,5.889736414E-1,-1.029506698E-1,9.746794701E0,9.765116268E0
1.121334264E1,5.961562395E-1,-1.125274822E-1,9.744400978E0,9.763268670E0
1.121534659E1,6.033388376E-1,-1.197100878E-1,9.753977776E0,9.773353094E0
1.121735026E1,5.985504389E-1,-1.221042871E-1,9.756371498E0,9.775477323E0
1.121935382E1,5.913678408E-1,-1.244984865E-1,9.753977776E0,9.772681221E0
1.122135729E1,5.985504389E-1,-1.149216816E-1,9.768342972E0,9.787338455E0
1.122336104E1,5.985504389E-1,-1.149216816E-1,9.773131371E0,9.792117565E0
1.122536503E1,5.961562395E-1,-1.053448766E-1,9.765948296E0,9.784694472E0
1.122737007E1,6.009446383E-1,-1.053448766E-1,9.773131371E0,9.792156493E0
1.122937413E1,6.033388376E-1,-1.029506698E-1,9.763554573E0,9.782720199E0
1.123137764E1,6.009446383E-1,-1.101332754E-1,9.775525093E0,9.794598238E0
1.123338108E1,6.057330370E-1,-1.077390760E-1,9.780313492E0,9.799645515E0
1.123538440E1,5.961562395E-1,-1.197100878E-1,9.782708168E0,9.801587212E0
1.123738948E1,5.985504389E-1,-1.173158810E-1,9.785101891E0,9.804093260E0
1.123939468E1,5.913678408E-1,-1.101332754E-1,9.782708168E0,9.801184845E0
1.124139757E1,5.913678408E-1,-1.029506698E-1,9.780313492E0,9.798716587E0
1.124340038E1,5.937620401E-1,-1.053448766E-1,9.770736694E0,9.789328192E0
1.124540405E1,5.913678408E-1,-9.816227108E-2,9.782708168E0,9.801057640E0
1.124740647E1,5.889736414E-1,-9.576806426E-2,9.780313492E0,9.798499552E0
1.124940960E1,5.889736414E-1,-9.337386489E-2,9.763554573E0,9.781748644E0
1.125141304E1,5.961562395E-1,-9.097966552E-2,9.751583099E0,9.770212511E0
1.125341741E1,5.865794420E-1,-1.029506698E-1,9.744400978E0,9.762582891E0
1.125542202E1,5.889736414E-1,-9.337386489E-2,9.744400978E0,9.762630744E0
1.125742593E1,5.913678408E-1,-9.097966552E-2,9.742006302E0,9.760362699E0
1.125943003E1,5.889736414E-1,-9.816227108E-2,9.751583099E0,9.769846402E0
1.126143397E1,5.913678408E-1,-9.337386489E-2,9.761159897E0,9.779502908E0
1.126343749E1,5.961562395E-1,-1.029506698E-1,9.746794701E0,9.765552111E0
1.126544182E1,5.937620401E-1,-1.029506698E-1,9.753977776E0,9.772575640E0
1.126744569E1,5.937620401E-1,-9.816227108E-2,9.753977776E0,9.772526369E0
1.126945030E1,5.961562395E-1,-1.005564705E-1,9.751583099E0,9.770306383E0
1.127145534E1,6.009446383E-1,-1.029506698E-1,9.751583099E0,9.770624660E0
1.127346007E1,6.009446383E-1,-1.101332754E-1,9.763554573E0,9.782651057E0
1.127546433E1,5.985504389E-1,-1.125274822E-1,9.765948296E0,9.784920601E0
1.127746897E1,5.937620401E-1,-1.125274822E-1,9.749189377E0,9.767901991E0
1.127947327E1,5.913678408E-1,-1.173158810E-1,9.749189377E0,9.767813084E0
1.128147784E1,5.961562395E-1,-1.197100878E-1,9.751583099E0,9.770522284E0
1.128348140E1,5.913678408E-1,-1.125274822E-1,9.742006302E0,9.760587336E0
1.128548538E1,5.841852427E-1,-1.173158810E-1,9.746794701E0,9.764990648E0
1.128748979E1,5.913678408E-1,-1.221042871E-1,9.758766174E0,9.777430267E0
1.128949413E1,6.033388376E-1,-1.244984865E-1,9.761159897E0,9.780580768E0
1.129149808E1,5.961562395E-1,-1.221042871E-1,9.756371498E0,9.775331019E0
1.129350147E1,5.865794420E-1,-1.173158810E-1,9.751583099E0,9.769913582E0
1.129550569E1,5.817909837E-1,-1.173158810E-1,9.749189377E0,9.767237955E0
1.129750952E1,5.913678408E-1,-1.244984865E-1,9.753977776E0,9.772681221E0
1.129951319E1,6.009446383E-1,-1.173158810E-1,9.753977776E0,9.773176552E0
1.130151741E1,5.985504389E-1,-1.173158810E-1,9.751583099E0,9.770639620E0
1.130352058E1,5.985504389E-1,-1.173158810E-1,9.753977776E0,9.773029627E0
1.130552276E1,6.033388376E-1,-1.221042871E-1,9.765948296E0,9.785329495E0
1.130752608E1,5.985504389E-1,-1.244984865E-1,9.768342972E0,9.787455589E0
1.130952948E1,5.937620401E-1,-1.221042871E-1,9.763554573E0,9.782354559E0
1.131153163E1,5.913678408E-1,-1.173158810E-1,9.744400978E0,9.763033820E0
1.131353476E1,5.889736414E-1,-1.101332754E-1,9.749189377E0,9.767584798E0
1.131553878E1,5.937620401E-1,-1.221042871E-1,9.763554573E0,9.782354559E0
1.131754300E1,5.865794420E-1,-1.149216816E-1,9.768342972E0,9.786613656E0
1.131954784E1,5.937620401E-1,-1.101332754E-1,9.763554573E0,9.782212459E0
1.132155206E1,5.937620401E-1,-1.125274822E-1,9.770736694E0,9.789408120E0
1.132355573E1,5.937620401E-1,-1.077390760E-1,9.775525093E0,9.794133546E0
1.132555917E1,5.889736414E-1,-1.053448766E-1,9.780313492E0,9.798597833E0
1.132756339E1,5.937620401E-1,-1.029506698E-1,9.773131371E0,9.791692856E0
1.132956788E1,5.913678408E-1,-9.816227108E-2,9.773131371E0,9.791498789E0
1.133157214E1,5.889736414E-1,-8.858546615E-2,9.768342972E0,9.786483625E0
1.133357733E1,5.937620401E-1,-1.053448766E-1,9.761159897E0,9.779769600E0
1.133558245E1,5.985504389E-1,-1.149216816E-1,9.753977776E0,9.773001180E0
1.133758839E1,5.961562395E-1,-1.077390760E-1,9.737217903E0,9.756045432E0
1.133959315E1,5.961562395E-1,-1.005564705E-1,9.730035782E0,9.748800448E0
1.134159784E1,5.961562395E-1,-1.005564705E-1,9.744400978E0,9.763138035E0
1.134360214E1,6.081272364E-1,-1.029506698E-1,9.732429504E0,9.751953734E0
1.134560663E1,6.057330370E-1,-1.125274822E-1,9.722852707E0,9.742352883E0
1.134761159E1,6.081272364E-1,-1.125274822E-1,9.737217903E0,9.756838303E0
1.134961585E1,5.937620401E-1,-1.197100878E-1,9.744400978E0,9.763208196E0
1.135162089E1,5.985504389E-1,-1.173158810E-1,9.734824181E0,9.753913444E0
1.135362550E1,5.937620401E-1,-1.197100878E-1,9.749189377E0,9.767987376E0
1.135563046E1,5.913678408E-1,-1.244984865E-1,9.761159897E0,9.779849607E0
1.135763472E1,5.889736414E-1,-1.197100878E-1,9.773131371E0,9.791594213E0
1.135963936E1,5.817909837E-1,-1.149216816E-1,9.773131371E0,9.791107421E0
1.136164444E1,5.865794420E-1,-1.053448766E-1,9.758766174E0,9.776946877E0
1.136364886E1,5.865794420E-1,-1.101332754E-1,9.761159897E0,9.779388903E0
1.136565393E1,5.913678408E-1,-1.149216816E-1,9.751583099E0,9.770173789E0
1.136765862E1,5.937620401E-1,-1.053448766E-1,9.751583099E0,9.770211044E0
1.136966292E1,5.937620401E-1,-1.053448766E-1,9.749189377E0,9.767821887E0
1.137166647E1,5.937620401E-1,-1.077390760E-1,9.746794701E0,9.765457900E0
1.137367124E1,5.937620401E-1,-1.149216816E-1,9.742006302E0,9.760760582E0
1.137567643E1,5.937620401E-1,-1.101332754E-1,9.744400978E0,9.763095468E0
1.137768097E1,6.081272364E-1,-1.077390760E-1,9.753977776E0,9.773510571E0
1.137968522E1,6.057330370E-1,-1.101332754E-1,9.758766174E0,9.778167471E0
1.138168893E1,6.033388376E-1,-1.005564705E-1,9.749189377E0,9.768358248E0
1.138369249E1,5.961562395E-1,-1.029506698E-1,9.758766174E0,9.777500619E0
1.138569608E1,6.009446383E-1,-1.077390760E-1,9.749189377E0,9.768287244E0
1.138770058E1,5.937620401E-1,-1.053448766E-1,9.739612579E0,9.758263375E0
1.138970429E1,5.937620401E-1,-1.053448766E-1,9.746794701E0,9.765431779E0
1.139170776E1,5.961562395E-1,-9.576806426E-2,9.770736694E0,9.789375329E0
1.139371241E1,5.985504389E-1,-1.005564705E-1,9.775525093E0,9.794348630E0
1.139571565E1,5.961562395E-1,-1.053448766E-1,9.770736694E0,9.789473702E0
1.139771948E1,5.865794420E-1,-1.077390760E-1,9.775525093E0,9.793700730E0
1.139972397E1,5.889736414E-1,-1.125274822E-1,9.770736694E0,9.789118854E0
1.140172819E1,5.841852427E-1,-1.149216816E-1,9.765948296E0,9.784080207E0
1.140373218E1,5.913678408E-1,-1.101332754E-1,9.770736694E0,9.789235967E0
1.140573550E1,5.865794420E-1,-1.125274822E-1,9.777919769E0,9.796144797E0
1.140773964E1,5.937620401E-1,-1.125274822E-1,9.777919769E0,9.796577505E0
1.140974315E1,5.841852427E-1,-1.077390760E-1,9.780313492E0,9.798337211E0
1.141174729E1,5.889736414E-1,-1.029506698E-1,9.768342972E0,9.786624199E0
1.141375120E1,5.865794420E-1,-9.816227108E-2,9.756371498E0,9.774481883E0
1.141575487E1,5.961562395E-1,-1.005564705E-1,9.765948296E0,9.784644091E0
1.141775792E1,5.961562395E-1,-1.053448766E-1,9.756371498E0,9.775136041E0
1.141976112E1,5.937620401E-1,-9.576806426E-2,9.758766174E0,9.777281940E0
1.142176460E1,5.985504389E-1,-9.576806426E-2,9.751583099E0,9.770404654E0
1.142376878E1,6.009446383E-1,-9.816227108E-2,9.732429504E0,9.751459088E0
1.142577292E1,5.961562395E-1,-1.077390760E-1,9.742006302E0,9.760824594E0
1.142777847E1,6.009446383E-1,-1.101332754E-1,9.737217903E0,9.756365937E0
1.142978315E1,5.913678408E-1,-1.053448766E-1,9.744400978E0,9.762897310E0
1.143178683E1,5.985504389E-1,-1.029506698E-1,9.746794701E0,9.765698562E0
1.143379042E1,5.913678408E-1,-9.816227108E-2,9.756371498E0,9.774770410E0
1.143579308E1,5.889736414E-1,-1.005564705E-1,9.749189377E0,9.767481511E0
1.143779640E1,5.913678408E-1,-1.029506698E-1,9.742006302E0,9.760481625E0
1.143980046E1,5.937620401E-1,-1.029506698E-1,9.734824181E0,9.753458568E0
1.144180331E1,5.913678408E-1,-1.053448766E-1,9.749189377E0,9.767676641E0
1.144380702E1,5.841852427E-1,-1.053448766E-1,9.765948296E0,9.783972407E0
1.144581058E1,5.722141862E-1,-1.173158810E-1,9.756371498E0,9.773841461E0
1.144781358E1,5.770025849E-1,-1.125274822E-1,9.770736694E0,9.788405895E0
1.144981663E1,5.889736414E-1,-1.077390760E-1,9.773131371E0,9.791455175E0
1.145182038E1,5.817909837E-1,-1.077390760E-1,9.756371498E0,9.774296561E0
1.145382382E1,5.793967843E-1,-1.029506698E-1,9.753977776E0,9.771713356E0
1.145582878E1,5.937620401E-1,-1.173158810E-1,9.758766174E0,9.777516741E0
1.145783327E1,6.009446383E-1,-1.149216816E-1,9.765948296E0,9.785095174E0
1.145983761E1,6.057330370E-1,-1.173158810E-1,9.770736694E0,9.790197704E0
1.146184304E1,6.009446383E-1,-1.149216816E-1,9.756371498E0,9.775537134E0
1.146384796E1,6.009446383E-1,-1.221042871E-1,9.765948296E0,9.785182166E0
1.146585288E1,6.129156351E-1,-1.197100878E-1,9.758766174E0,9.778727592E0
1.146785808E1,6.105214357E-1,-1.244984865E-1,9.763554573E0,9.783416285E0
1.146986261E1,6.105214357E-1,-1.244984865E-1,9.763554573E0,9.783416285E0
1.147186643E1,6.081272364E-1,-1.197100878E-1,9.770736694E0,9.790375110E0
1.147387034E1,6.033388376E-1,-1.221042871E-1,9.763554573E0,9.782940515E0
1.147587417E1,6.033388376E-1,-1.149216816E-1,9.763554573E0,9.782853502E0
1.147787819E1,6.009446383E-1,-1.125274822E-1,9.756371498E0,9.775509281E0
1.147988214E1,6.009446383E-1,-1.101332754E-1,9.765948296E0,9.785040108E0
1.148188597E1,6.057330370E-1,-1.125274822E-1,9.770736694E0,9.790141495E0
1.148388979E1,6.081272364E-1,-9.576806426E-2,9.768342972E0,9.787722650E0
1.148589401E1,5.985504389E-1,-9.337386489E-2,9.768342972E0,9.787109161E0
1.148789753E1,5.889736414E-1,-1.005564705E-1,9.775525093E0,9.793768039E0
1.148990136E1,5.913678408E-1,-9.816227108E-2,9.765948296E0,9.784329199E0
1.149190561E1,5.889736414E-1,-9.337386489E-2,9.765948296E0,9.784137915E0
1.149390968E1,5.961562395E-1,-1.005564705E-1,9.756371498E0,9.775085610E0
1.149591323E1,5.961562395E-1,-1.005564705E-1,9.758766174E0,9.777475702E0
1.149791749E1,5.937620401E-1,-1.005564705E-1,9.742006302E0,9.760602018E0
1.149992065E1,5.937620401E-1,-9.576806426E-2,9.718064308E0,9.736657475E0
1.150192413E1,5.937620401E-1,-1.005564705E-1,9.725247383E0,9.743875083E0
1.150392667E1,5.913678408E-1,-1.005564705E-1,9.742006302E0,9.760456665E0
1.150593058E1,5.913678408E-1,-1.053448766E-1,9.734824181E0,9.753338674E0
1.150793405E1,5.841852427E-1,-1.077390760E-1,9.725247383E0,9.743372967E0
1.150993714E1,5.746083856E-1,-1.244984865E-1,9.727641106E0,9.745392560E0
1.151194018E1,5.770025849E-1,-1.125274822E-1,9.737217903E0,9.754947817E0
1.151394405E1,5.746083856E-1,-1.173158810E-1,9.746794701E0,9.764422397E0
1.151594780E1,5.698199868E-1,-1.221042871E-1,9.746794701E0,9.764200490E0
1.151795097E1,5.746083856E-1,-1.101332754E-1,9.758766174E0,9.776288732E0
1.151995429E1,5.770025849E-1,-1.053448766E-1,9.768342972E0,9.785936539E0
1.152195757E1,5.793967843E-1,-1.053448766E-1,9.770736694E0,9.788467384E0
1.152396202E1,5.841852427E-1,-1.053448766E-1,9.763554573E0,9.781583095E0
1.152596632E1,5.793967843E-1,-1.029506698E-1,9.768342972E0,9.786052518E0
1.152796999E1,5.961562395E-1,-1.053448766E-1,9.775525093E0,9.794252940E0
1.152997386E1,5.961562395E-1,-1.029506698E-1,9.770736694E0,9.789448230E0
1.153197784E1,6.033388376E-1,-1.173158810E-1,9.765948296E0,9.785270915E0
1.153398097E1,5.961562395E-1,-1.149216816E-1,9.763554573E0,9.782413156E0
1.153598409E1,5.985504389E-1,-1.173158810E-1,9.758766174E0,9.777808696E0
1.153798780E1,6.033388376E-1,-1.244984865E-1,9.751583099E0,9.771023005E0
1.153999171E1,6.009446383E-1,-1.173158810E-1,9.749189377E0,9.768397565E0
1.154199616E1,6.105214357E-1,-1.197100878E-1,9.761159897E0,9.780966694E0
1.154400093E1,6.105214357E-1,-1.197100878E-1,9.751583099E0,9.771409308E0
1.154600565E1,6.081272364E-1,-1.173158810E-1,9.758766174E0,9.778399613E0
1.154801007E1,6.009446383E-1,-1.268926859E-1,9.751583099E0,9.770906261E0
1.155001452E1,6.033388376E-1,-1.268926859E-1,9.744400978E0,9.763886006E0
1.155201932E1,6.009446383E-1,-1.221042871E-1,9.744400978E0,9.763677296E0
1.155402393E1,6.033388376E-1,-1.149216816E-1,9.751583099E0,9.770905674E0
1.155602823E1,6.057330370E-1,-1.149216816E-1,9.753977776E0,9.773443710E0
1.155803272E1,5.985504389E-1,-1.173158810E-1,9.758766174E0,9.777808696E0
1.156003690E1,5.961562395E-1,-1.101332754E-1,9.765948296E0,9.784747197E0
1.156204116E1,5.985504389E-1,-1.149216816E-1,9.777919769E0,9.796896684E0
1.156404522E1,5.865794420E-1,-1.077390760E-1,9.768342972E0,9.786531948E0
1.156604893E1,5.865794420E-1,-1.149216816E-1,9.765948296E0,9.784223451E0
1.156805257E1,5.889736414E-1,-1.149216816E-1,9.768342972E0,9.786757449E0
1.157005597E1,5.985504389E-1,-1.077390760E-1,9.768342972E0,9.787256753E0
1.157205983E1,5.961562395E-1,-1.005564705E-1,9.765948296E0,9.784644091E0
1.157406495E1,5.817909837E-1,-1.005564705E-1,9.761159897E0,9.778999687E0
1.157606972E1,5.865794420E-1,-1.077390760E-1,9.761159897E0,9.779362233E0
1.157807409E1,5.889736414E-1,-1.077390760E-1,9.746794701E0,9.765167925E0
1.158007788E1,5.985504389E-1,-1.101332754E-1,9.751583099E0,9.770556018E0
1.158208300E1,5.913678408E-1,-1.125274822E-1,9.756371498E0,9.774925226E0
1.158408921E1,5.913678408E-1,-1.101332754E-1,9.756371498E0,9.774897957E0
1.158609409E1,5.770025849E-1,-1.125274822E-1,9.749189377E0,9.766897559E0
1.158809956E1,5.793967843E-1,-1.125274822E-1,9.746794701E0,9.764648995E0
1.159010444E1,5.817909837E-1,-1.125274822E-1,9.751583099E0,9.769570928E0
1.159210976E1,5.746083856E-1,-1.149216816E-1,9.758766174E0,9.776343848E0
1.159411612E1,5.746083856E-1,-1.149216816E-1,9.756371498E0,9.773953478E0
1.159612097E1,5.746083856E-1,-1.029506698E-1,9.749189377E0,9.766650764E0
1.159812593E1,5.817909837E-1,-9.816227108E-2,9.742006302E0,9.759856729E0
1.160013034E1,5.793967843E-1,-1.005564705E-1,9.732429504E0,9.750179296E0
1.160213522E1,5.817909837E-1,-9.576806426E-2,9.749189377E0,9.767002907E0
1.160414042E1,5.841852427E-1,-9.816227108E-2,9.751583099E0,9.769558904E0
1.160614554E1,5.889736414E-1,-1.005564705E-1,9.749189377E0,9.767481511E0
1.160815077E1,5.865794420E-1,-1.029506698E-1,9.751583099E0,9.769751646E0
1.161015546E1,6.009446383E-1,-1.029506698E-1,9.756371498E0,9.775403731E0
1.161215960E1,5.961562395E-1,-1.005564705E-1,9.756371498E0,9.775085610E0
1.161416401E1,6.057330370E-1,-9.337386489E-2,9.751583099E0,9.770824128E0
1.161616776E1,6.033388376E-1,-9.576806426E-2,9.753977776E0,9.773089160E0
1.161817237E1,5.961562395E-1,-1.005564705E-1,9.758766174E0,9.777475702E0
1.162017640E1,5.841852427E-1,-1.053448766E-1,9.761159897E0,9.779192833E0
1.162218089E1,5.937620401E-1,-1.029506698E-1,9.773131371E0,9.791692856E0
1.162418577E1,5.985504389E-1,-1.173158810E-1,9.775525093E0,9.794535032E0
1.162619034E1,5.985504389E-1,-1.125274822E-1,9.780313492E0,9.799257985E0
1.162819515E1,5.961562395E-1,-1.029506698E-1,9.775525093E0,9.794227481E0
1.163019858E1,5.961562395E-1,-1.029506698E-1,9.775525093E0,9.794227481E0
1.163220308E1,5.961562395E-1,-9.337386489E-2,9.768342972E0,9.786963030E0
1.163420753E1,5.913678408E-1,-9.576806426E-2,9.768342972E0,9.786695656E0
1.163621186E1,6.057330370E-1,-1.005564705E-1,9.770736694E0,9.790011219E0
1.163821507E1,5.937620401E-1,-1.053448766E-1,9.758766174E0,9.777380434E0
1.164021753E1,5.913678408E-1,-1.101332754E-1,9.756371498E0,9.774897957E0
1.164222030E1,5.985504389E-1,-1.053448766E-1,9.751583099E0,9.770503217E0
1.164422347E1,5.913678408E-1,-1.053448766E-1,9.753977776E0,9.772455982E0
1.164622686E1,5.985504389E-1,-1.125274822E-1,9.751583099E0,9.770583299E0
1.164823085E1,5.841852427E-1,-1.221042871E-1,9.744400978E0,9.762660102E0
1.165023429E1,5.746083856E-1,-1.173158810E-1,9.742006302E0,9.759642647E0
1.165223851E1,5.865794420E-1,-1.125274822E-1,9.742006302E0,9.760298390E0
1.165424296E1,5.865794420E-1,-1.149216816E-1,9.742006302E0,9.760326287E0
1.165624733E1,5.865794420E-1,-1.125274822E-1,9.753977776E0,9.772247455E0
1.165825100E1,5.889736414E-1,-1.244984865E-1,9.751583099E0,9.770146507E0
1.166025554E1,5.865794420E-1,-1.244984865E-1,9.758766174E0,9.777172012E0
1.166225944E1,5.889736414E-1,-1.101332754E-1,9.763554573E0,9.781922980E0
1.166426397E1,6.009446383E-1,-1.101332754E-1,9.753977776E0,9.773092972E0
1.166626925E1,6.033388376E-1,-1.077390760E-1,9.751583099E0,9.770823835E0
1.166827335E1,5.985504389E-1,-1.053448766E-1,9.758766174E0,9.777672393E0
1.167027753E1,5.937620401E-1,-1.005564705E-1,9.751583099E0,9.770160588E0
1.167228171E1,6.009446383E-1,-1.077390760E-1,9.749189377E0,9.768287244E0
1.167428647E1,6.033388376E-1,-1.029506698E-1,9.751583099E0,9.770772208E0
1.167629069E1,5.913678408E-1,-9.816227108E-2,9.739612579E0,9.758043090E0
1.167829483E1,5.937620401E-1,-1.077390760E-1,9.730035782E0,9.748731065E0
1.168029929E1,5.865794420E-1,-1.053448766E-1,9.737217903E0,9.755438764E0
1.168230390E1,5.817909837E-1,-1.077390760E-1,9.746794701E0,9.764737344E0
1.168430890E1,5.937620401E-1,-1.125274822E-1,9.753977776E0,9.772681221E0
1.168631374E1,5.841852427E-1,-1.125274822E-1,9.746794701E0,9.764934294E0
1.168831823E1,5.913678408E-1,-1.173158810E-1,9.751583099E0,9.770202244E0
1.169032315E1,5.841852427E-1,-1.029506698E-1,9.765948296E0,9.783946921E0
1.169232936E1,5.913678408E-1,-1.101332754E-1,9.765948296E0,9.784456621E0
1.169433433E1,6.009446383E-1,-1.125274822E-1,9.761159897E0,9.780288310E0
1.169633948E1,6.009446383E-1,-1.101332754E-1,9.763554573E0,9.782651057E0
1.169834378E1,6.009446383E-1,-1.029506698E-1,9.763554573E0,9.782572831E0
1.170034858E1,5.985504389E-1,-1.029506698E-1,9.768342972E0,9.787205213E0
1.170235304E1,5.985504389E-1,-1.125274822E-1,9.763554573E0,9.782531521E0
1.170435893E1,5.985504389E-1,-1.101332754E-1,9.753977776E0,9.772946046E0
1.170636476E1,5.985504389E-1,-1.077390760E-1,9.744400978E0,9.763361140E0
1.170837050E1,5.985504389E-1,-9.816227108E-2,9.742006302E0,9.760870107E0
1.171037628E1,5.961562395E-1,-1.101332754E-1,9.746794701E0,9.765630473E0
1.171238214E1,6.033388376E-1,-1.101332754E-1,9.749189377E0,9.768461527E0
1.171438729E1,6.057330370E-1,-1.029506698E-1,9.746794701E0,9.766141423E0
1.171639229E1,6.009446383E-1,-1.005564705E-1,9.751583099E0,9.770599726E0
1.171839733E1,6.033388376E-1,-1.053448766E-1,9.758766174E0,9.777966687E0
1.172040136E1,5.985504389E-1,-1.125274822E-1,9.756371498E0,9.775362391E0
1.172240679E1,5.985504389E-1,-1.077390760E-1,9.751583099E0,9.770529324E0
1.172441077E1,5.961562395E-1,-1.077390760E-1,9.746794701E0,9.765603766E0
1.172641534E1,5.913678408E-1,-1.005564705E-1,9.739612579E0,9.758067469E0
1.172842034E1,5.937620401E-1,-1.005564705E-1,9.753977776E0,9.772550712E0
1.173042659E1,5.937620401E-1,-1.125274822E-1,9.758766174E0,9.777460460E0
1.173243245E1,5.985504389E-1,-1.053448766E-1,9.761159897E0,9.780061488E0
1.173443886E1,6.009446383E-1,-1.101332754E-1,9.751583099E0,9.770702981E0
1.173644440E1,6.081272364E-1,-1.101332754E-1,9.765948296E0,9.785483850E0
1.173844925E1,6.057330370E-1,-1.197100878E-1,9.758766174E0,9.778280026E0
1.174045495E1,5.961562395E-1,-1.125274822E-1,9.765948296E0,9.784774438E0
1.174245932E1,6.033388376E-1,-1.053448766E-1,9.770736694E0,9.789913730E0
1.174446425E1,6.009446383E-1,-1.101332754E-1,9.758766174E0,9.777872010E0
1.174646964E1,5.937620401E-1,-1.149216816E-1,9.756371498E0,9.775098218E0
1.174847542E1,5.961562395E-1,-1.197100878E-1,9.753977776E0,9.772912320E0
1.175048171E1,6.033388376E-1,-1.197100878E-1,9.751583099E0,9.770963167E0
1.175248749E1,6.009446383E-1,-1.005564705E-1,9.751583099E0,9.770599726E0
1.175449304E1,6.081272364E-1,-1.053448766E-1,9.746794701E0,9.766315744E0
1.175649854E1,6.081272364E-1,-1.029506698E-1,9.751583099E0,9.771069057E0
1.175850311E1,6.009446383E-1,-1.005564705E-1,9.746794701E0,9.765820652E0
1.176050679E1,5.937620401E-1,-9.816227108E-2,9.739612579E0,9.758188479E0
1.176251151E1,5.961562395E-1,-9.097966552E-2,9.742006302E0,9.760653992E0
1.176451624E1,5.937620401E-1,-1.005564705E-1,9.749189377E0,9.767771418E0
1.176652206E1,5.961562395E-1,-1.077390760E-1,9.751583099E0,9.770382946E0
1.176852679E1,6.009446383E-1,-1.005564705E-1,9.746794701E0,9.765820652E0
1.177053159E1,6.033388376E-1,-1.077390760E-1,9.746794701E0,9.766044870E0
1.177253722E1,5.937620401E-1,-1.125274822E-1,9.753977776E0,9.772681221E0
1.177454198E1,5.961562395E-1,-1.053448766E-1,9.749189377E0,9.767967716E0
1.177654585E1,5.889736414E-1,-1.053448766E-1,9.756371498E0,9.774700625E0
1.177855097E1,5.913678408E-1,-9.816227108E-2,9.768342972E0,9.786719377E0
1.178055593E1,5.961562395E-1,-9.816227108E-2,9.765948296E0,9.784619778E0
1.178256034E1,5.913678408E-1,-1.077390760E-1,9.749189377E0,9.767702756E0
1.178456511E1,5.865794420E-1,-1.173158810E-1,9.749189377E0,9.767524352E0
1.178657054E1,5.985504389E-1,-1.053448766E-1,9.746794701E0,9.765724095E0
1.178857558E1,5.985504389E-1,-1.005564705E-1,9.753977776E0,9.772842815E0
1.179058143E1,6.057330370E-1,-1.005564705E-1,9.746794701E0,9.766116477E0
1.179258702E1,6.081272364E-1,-1.005564705E-1,9.768342972E0,9.787770673E0
1.179459175E1,6.009446383E-1,-9.337386489E-2,9.756371498E0,9.775307563E0
1.179659550E1,5.961562395E-1,-9.816227108E-2,9.742006302E0,9.760723584E0
1.179859999E1,5.961562395E-1,-9.337386489E-2,9.730035782E0,9.748729007E0
1.180060581E1,5.913678408E-1,-1.077390760E-1,9.725247383E0,9.743806253E0
1.180261112E1,5.961562395E-1,-1.125274822E-1,9.734824181E0,9.753710398E0
1.180461792E1,5.889736414E-1,-1.029506698E-1,9.722852707E0,9.741219305E0
1.180662319E1,5.817909837E-1,-1.101332754E-1,9.727641106E0,9.745645775E0
1.180862913E1,5.841852427E-1,-1.077390760E-1,9.737217903E0,9.755321245E0
1.181063440E1,5.841852427E-1,-1.101332754E-1,9.746794701E0,9.764906998E0
1.181263921E1,5.793967843E-1,-1.077390760E-1,9.749189377E0,9.766985300E0
1.181464491E1,5.793967843E-1,-1.077390760E-1,9.758766174E0,9.776544665E0
1.181664952E1,5.865794420E-1,-1.077390760E-1,9.780313492E0,9.798480247E0
1.181865401E1,5.793967843E-1,-1.197100878E-1,9.777919769E0,9.795802476E0
1.182065839E1,5.841852427E-1,-1.149216816E-1,9.775525093E0,9.793639274E0
1.182266347E1,5.937620401E-1,-1.077390760E-1,9.780313492E0,9.798912851E0
1.182466768E1,5.913678408E-1,-1.077390760E-1,9.787496567E0,9.805937624E0
1.182667210E1,5.985504389E-1,-1.101332754E-1,9.792284966E0,9.811179175E0
1.182867655E1,6.009446383E-1,-1.149216816E-1,9.799467087E0,9.818548601E0
1.183068081E1,5.913678408E-1,-1.125274822E-1,9.799467087E0,9.817939374E0
1.183268558E1,5.937620401E-1,-1.077390760E-1,9.794678688E0,9.813250821E0
1.183469003E1,5.961562395E-1,-1.029506698E-1,9.787496567E0,9.806176123E0
1.183669429E1,5.889736414E-1,-1.005564705E-1,9.773131371E0,9.791378776E0
1.183869847E1,5.889736414E-1,-1.077390760E-1,9.765948296E0,9.784285552E0
1.184070308E1,5.889736414E-1,-1.101332754E-1,9.756371498E0,9.774753403E0
1.184270694E1,5.865794420E-1,-1.101332754E-1,9.761159897E0,9.779388903E0
1.184471171E1,5.793967843E-1,-1.149216816E-1,9.763554573E0,9.781406112E0
1.184671604E1,5.817909837E-1,-1.101332754E-1,9.753977776E0,9.771933920E0
1.184872011E1,5.865794420E-1,-1.101332754E-1,9.742006302E0,9.760271081E0
1.185072464E1,5.889736414E-1,-1.149216816E-1,9.749189377E0,9.767639963E0
1.185272995E1,5.817909837E-1,-1.173158810E-1,9.744400978E0,9.762458409E0
1.185473429E1,5.865794420E-1,-1.268926859E-1,9.751583099E0,9.770033272E0
1.185673796E1,5.817909837E-1,-1.197100878E-1,9.756371498E0,9.774435844E0
1.185874237E1,5.793967843E-1,-1.197100878E-1,9.761159897E0,9.779073252E0
1.186074733E1,5.841852427E-1,-1.149216816E-1,9.765948296E0,9.784080207E0
1.186275233E1,5.913678408E-1,-1.149216816E-1,9.768342972E0,9.786901825E0
1.186475733E1,5.841852427E-1,-1.101332754E-1,9.768342972E0,9.786415388E0
1.186676171E1,5.746083856E-1,-1.053448766E-1,9.749189377E0,9.766676295E0
1.186876565E1,5.961562395E-1,-1.101332754E-1,9.751583099E0,9.770409641E0
1.187077042E1,6.009446383E-1,-1.173158810E-1,9.763554573E0,9.782734555E0
1.187277593E1,5.985504389E-1,-1.077390760E-1,9.763554573E0,9.782477612E0
1.187478132E1,5.961562395E-1,-1.149216816E-1,9.756371498E0,9.775243939E0
1.187678694E1,6.033388376E-1,-1.149216816E-1,9.751583099E0,9.770905674E0
1.187879128E1,6.033388376E-1,-1.173158810E-1,9.742006302E0,9.761376315E0
1.188079589E1,5.937620401E-1,-1.101332754E-1,9.744400978E0,9.763095468E0
1.188280026E1,6.009446383E-1,-1.125274822E-1,9.746794701E0,9.765951251E0
1.188480534E1,6.009446383E-1,-1.053448766E-1,9.742006302E0,9.761092090E0
1.188680976E1,5.985504389E-1,-9.337386489E-2,9.742006302E0,9.760823126E0
1.188881436E1,6.033388376E-1,-1.005564705E-1,9.758766174E0,9.777916271E0
1.189081886E1,6.057330370E-1,-1.029506698E-1,9.744400978E0,9.763752443E0
1.189282339E1,5.985504389E-1,-9.816227108E-2,9.763554573E0,9.782376826E0
1.189482929E1,5.985504389E-1,-9.576806426E-2,9.763554573E0,9.782353094E0
1.189683499E1,5.937620401E-1,-9.097966552E-2,9.765948296E0,9.784404774E0
1.189883976E1,5.817909837E-1,-9.576806426E-2,9.756371498E0,9.774171938E0
1.190084487E1,5.841852427E-1,-1.029506698E-1,9.744400978E0,9.762439329E0
1.190284979E1,5.722141862E-1,-9.816227108E-2,9.761159897E0,9.778410272E0
1.190485499E1,5.817909837E-1,-1.101332754E-1,9.749189377E0,9.767154324E0
1.190685854E1,5.841852427E-1,-1.101332754E-1,9.756371498E0,9.774466049E0
1.190886272E1,5.889736414E-1,-1.149216816E-1,9.758766174E0,9.777198688E0
1.191086659E1,5.913678408E-1,-1.173158810E-1,9.756371498E0,9.774981522E0
1.191287214E1,5.889736414E-1,-1.173158810E-1,9.763554573E0,9.782006485E0
1.191487729E1,5.961562395E-1,-1.221042871E-1,9.765948296E0,9.784889260E0
1.191688343E1,5.961562395E-1,-1.244984865E-1,9.773131371E0,9.792088588E0
1.191888897E1,5.961562395E-1,-1.364694983E-1,9.775525093E0,9.794637157E0
1.192089440E1,5.961562395E-1,-1.340752989E-1,9.782708168E0,9.801773184E0
1.192289835E1,6.033388376E-1,-1.197100878E-1,9.789890289E0,9.809194673E0
1.192490425E1,6.033388376E-1,-1.173158810E-1,9.787496567E0,9.806776729E0
1.192690972E1,6.009446383E-1,-1.221042871E-1,9.780313492E0,9.799519167E0
1.192891534E1,5.985504389E-1,-1.221042871E-1,9.780313492E0,9.799372637E0
1.193092116E1,6.057330370E-1,-1.244984865E-1,9.782708168E0,9.802234005E0
1.193292765E1,6.033388376E-1,-1.125274822E-1,9.765948296E0,9.785214678E0
1.193493264E1,5.985504389E-1,-1.173158810E-1,9.746794701E0,9.765860565E0
1.193693811E1,6.033388376E-1,-1.125274822E-1,9.744400978E0,9.763709879E0
1.193894261E1,5.913678408E-1,-1.149216816E-1,9.742006302E0,9.760615232E0
1.194094597E1,5.937620401E-1,-1.053448766E-1,9.732429504E0,9.751094039E0
1.194295034E1,5.937620401E-1,-1.029506698E-1,9.730035782E0,9.748679322E0
1.194495479E1,5.937620401E-1,-9.576806426E-2,9.730035782E0,9.748606116E0
1.194695835E1,5.913678408E-1,-9.097966552E-2,9.734824181E0,9.753194095E0
1.194896198E1,5.961562395E-1,-8.858546615E-2,9.737217903E0,9.755852712E0
1.195096640E1,5.985504389E-1,-9.337386489E-2,9.737217903E0,9.756043963E0
1.195297046E1,6.081272364E-1,-9.816227108E-2,9.753977776E0,9.773409692E0
1.195497483E1,6.033388376E-1,-9.337386489E-2,9.753977776E0,9.773065992E0
1.195697862E1,5.913678408E-1,-9.576806426E-2,9.744400978E0,9.762798670E0
1.195898296E1,5.985504389E-1,-9.816227108E-2,9.746794701E0,9.765649256E0
1.196098765E1,5.937620401E-1,-1.005564705E-1,9.746794701E0,9.765381298E0
1.196299190E1,6.033388376E-1,-1.029506698E-1,9.768342972E0,9.787499221E0
1.196499636E1,6.033388376E-1,-1.077390760E-1,9.773131371E0,9.792329766E0
1.196700089E1,6.057330370E-1,-1.053448766E-1,9.773131371E0,9.792451524E0
1.196900499E1,6.009446383E-1,-1.029506698E-1,9.763554573E0,9.782572831E0
1.197100956E1,5.937620401E-1,-1.077390760E-1,9.770736694E0,9.789354249E0
1.197301448E1,5.913678408E-1,-1.029506698E-1,9.763554573E0,9.781989198E0
1.197501979E1,5.961562395E-1,-1.101332754E-1,9.765948296E0,9.784747197E0
1.197702444E1,5.937620401E-1,-1.125274822E-1,9.768342972E0,9.787018964E0
1.197902940E1,5.793967843E-1,-1.101332754E-1,9.756371498E0,9.774181029E0
1.198103440E1,5.889736414E-1,-1.029506698E-1,9.749189377E0,9.767506452E0
1.198303936E1,5.889736414E-1,-1.053448766E-1,9.751583099E0,9.769921209E0
1.198504487E1,5.841852427E-1,-1.029506698E-1,9.765948296E0,9.783946921E0
1.198705050E1,5.865794420E-1,-9.097966552E-2,9.756371498E0,9.774412389E0
1.198905565E1,5.889736414E-1,-1.101332754E-1,9.751583099E0,9.769974014E0
1.199106081E1,5.961562395E-1,-1.029506698E-1,9.749189377E0,9.767942189E0
1.199306624E1,5.961562395E-1,-1.005564705E-1,9.751583099E0,9.770306383E0
1.199507155E1,5.961562395E-1,-9.816227108E-2,9.749189377E0,9.767892895E0
1.199707573E1,5.961562395E-1,-1.029506698E-1,9.744400978E0,9.763162988E0
1.199908042E1,5.913678408E-1,-1.053448766E-1,9.742006302E0,9.760507172E0
1.200108495E1,5.961562395E-1,-1.149216816E-1,9.739612579E0,9.758517431E0
1.200309034E1,5.889736414E-1,-1.173158810E-1,9.744400978E0,9.762889090E0
1.200509468E1,5.889736414E-1,-1.053448766E-1,9.742006302E0,9.760362405E0
1.200709843E1,5.937620401E-1,-9.816227108E-2,9.742006302E0,9.760577646E0
1.200910370E1,6.009446383E-1,-9.576806426E-2,9.744400978E0,9.763383451E0
1.201110815E1,6.081272364E-1,-9.576806426E-2,9.732429504E0,9.751880553E0
1.201311284E1,5.961562395E-1,-9.816227108E-2,9.746794701E0,9.765502805E0
1.201511757E1,5.913678408E-1,-1.053448766E-1,9.753977776E0,9.772455982E0
1.201712233E1,5.865794420E-1,-9.337386489E-2,9.746794701E0,9.764875885E0
1.201912694E1,5.913678408E-1,-9.576806426E-2,9.737217903E0,9.755629141E0
1.202113210E1,5.865794420E-1,-1.029506698E-1,9.744400978E0,9.762582891E0
1.202313764E1,5.865794420E-1,-9.816227108E-2,9.761159897E0,9.779261414E0
1.202514268E1,5.889736414E-1,-1.029506698E-1,9.758766174E0,9.777065308E0
1.202714831E1,5.913678408E-1,-1.125274822E-1,9.765948296E0,9.784483863E0
1.202915335E1,5.889736414E-1,-1.125274822E-1,9.773131371E0,9.791509034E0
1.203115823E1,5.961562395E-1,-1.221042871E-1,9.775525093E0,9.794447537E0
1.203316276E1,5.961562395E-1,-1.125274822E-1,9.789890289E0,9.808670479E0
1.203516702E1,5.961562395E-1,-1.149216816E-1,9.785101891E0,9.803919026E0
1.203717140E1,6.081272364E-1,-1.101332754E-1,9.782708168E0,9.802210321E0
1.203917483E1,6.153098345E-1,-1.053448766E-1,9.773131371E0,9.793048582E0
1.204117929E1,6.177040339E-1,-1.005564705E-1,9.770736694E0,9.790759185E0
1.204318308E1,6.153098345E-1,-1.077390760E-1,9.773131371E0,9.793074629E0
1.204518788E1,6.009446383E-1,-1.077390760E-1,9.756371498E0,9.775455333E0
1.204719319E1,5.913678408E-1,-1.125274822E-1,9.749189377E0,9.767756747E0
1.204919765E1,5.865794420E-1,-1.125274822E-1,9.744400978E0,9.762688579E0
1.205120331E1,5.937620401E-1,-1.005564705E-1,9.725247383E0,9.743875083E0
1.205320964E1,5.889736414E-1,-1.101332754E-1,9.720458984E0,9.738908674E0
1.205521558E1,5.913678408E-1,-1.053448766E-1,9.725247383E0,9.743780074E0
1.205721979E1,5.889736414E-1,-1.101332754E-1,9.739612579E0,9.758026055E0
1.205922491E1,5.865794420E-1,-1.101332754E-1,9.742006302E0,9.760271081E0
1.206122952E1,5.913678408E-1,-1.173158810E-1,9.751583099E0,9.770202244E0
1.206323472E1,5.913678408E-1,-1.029506698E-1,9.753977776E0,9.772430466E0
1.206523913E1,5.770025849E-1,-1.005564705E-1,9.758766174E0,9.776326551E0
1.206724425E1,5.793967843E-1,-1.077390760E-1,9.753977776E0,9.771764978E0
1.206925018E1,5.865794420E-1,-1.077390760E-1,9.753977776E0,9.772193490E0
1.207125628E1,5.746083856E-1,-1.053448766E-1,9.758766174E0,9.776235962E0
1.207326100E1,5.793967843E-1,-1.101332754E-1,9.765948296E0,9.783740393E0
1.207526511E1,5.746083856E-1,-1.005564705E-1,9.775525093E0,9.792914645E0
1.207727007E1,5.793967843E-1,-1.053448766E-1,9.768342972E0,9.786077998E0
1.207927534E1,5.793967843E-1,-1.077390760E-1,9.768342972E0,9.786104064E0
1.208128050E1,5.817909837E-1,-1.125274822E-1,9.770736694E0,9.788689327E0
1.208328577E1,5.841852427E-1,-1.077390760E-1,9.773131371E0,9.791168311E0
1.208529104E1,5.889736414E-1,-1.125274822E-1,9.763554573E0,9.781950229E0
1.208729647E1,5.889736414E-1,-1.221042871E-1,9.768342972E0,9.786844426E0
1.208930194E1,5.913678408E-1,-1.173158810E-1,9.773131371E0,9.791709540E0
1.209130733E1,5.961562395E-1,-1.173158810E-1,9.770736694E0,9.789609840E0
1.209331272E1,6.057330370E-1,-1.221042871E-1,9.770736694E0,9.790256254E0
1.209531862E1,6.057330370E-1,-1.149216816E-1,9.749189377E0,9.768664853E0
1.209732440E1,6.033388376E-1,-1.101332754E-1,9.756371498E0,9.775629489E0
1.209932952E1,5.961562395E-1,-1.149216816E-1,9.734824181E0,9.753738313E0
1.210133370E1,5.985504389E-1,-1.077390760E-1,9.746794701E0,9.765750216E0
1.210333780E1,5.985504389E-1,-1.077390760E-1,9.753977776E0,9.772919358E0
1.210534296E1,5.985504389E-1,-1.053448766E-1,9.737217903E0,9.756165879E0
1.210734757E1,5.985504389E-1,-1.077390760E-1,9.739612579E0,9.758582045E0
1.210935257E1,6.009446383E-1,-1.053448766E-1,9.739612579E0,9.758703049E0
1.211135811E1,5.961562395E-1,-1.149216816E-1,9.753977776E0,9.772854839E0
1.211336382E1,6.009446383E-1,-1.125274822E-1,9.756371498E0,9.775509281E0
1.211536909E1,6.033388376E-1,-1.173158810E-1,9.746794701E0,9.766155216E0
1.211737468E1,6.009446383E-1,-1.053448766E-1,9.753977776E0,9.773040184E0
1.211937991E1,5.937620401E-1,-1.077390760E-1,9.751583099E0,9.770237152E0
1.212138499E1,5.913678408E-1,-1.149216816E-1,9.756371498E0,9.774953080E0
1.212339026E1,5.913678408E-1,-1.173158810E-1,9.756371498E0,9.774981522E0
1.212539468E1,5.937620401E-1,-1.125274822E-1,9.756371498E0,9.775070363E0
1.212739991E1,5.889736414E-1,-1.005564705E-1,9.765948296E0,9.784209098E0
1.212940573E1,5.841852427E-1,-1.053448766E-1,9.768342972E0,9.786362672E0
1.213141034E1,5.889736414E-1,-1.101332754E-1,9.753977776E0,9.772364184E0
1.213341546E1,5.793967843E-1,-1.244984865E-1,9.763554573E0,9.781523317E0
1.213542054E1,5.865794420E-1,-1.292868853E-1,9.768342972E0,9.786792884E0
1.213742558E1,5.841852427E-1,-1.173158810E-1,9.765948296E0,9.784108622E0
1.213942956E1,5.817909837E-1,-1.149216816E-1,9.763554573E0,9.781548223E0
1.214143374E1,5.889736414E-1,-1.101332754E-1,9.773131371E0,9.791481812E0
1.214343905E1,5.961562395E-1,-1.101332754E-1,9.773131371E0,9.791916482E0
1.214544288E1,6.009446383E-1,-1.101332754E-1,9.763554573E0,9.782651057E0
1.214744702E1,6.033388376E-1,-9.816227108E-2,9.768342972E0,9.787450025E0
1.214945163E1,5.961562395E-1,-1.005564705E-1,9.763554573E0,9.782254943E0
1.215145628E1,5.913678408E-1,-1.101332754E-1,9.761159897E0,9.779677285E0
1.215346120E1,5.913678408E-1,-1.077390760E-1,9.758766174E0,9.777261420E0
1.215546663E1,5.985504389E-1,-1.101332754E-1,9.756371498E0,9.775335123E0
1.215747190E1,5.937620401E-1,-1.149216816E-1,9.756371498E0,9.775098218E0
1.215947659E1,5.889736414E-1,-1.125274822E-1,9.761159897E0,9.779560057E0
1.216148194E1,6.009446383E-1,-1.029506698E-1,9.756371498E0,9.775403731E0
1.216348714E1,5.961562395E-1,-1.077390760E-1,9.756371498E0,9.775162136E0
1.216549335E1,5.985504389E-1,-1.053448766E-1,9.763554573E0,9.782451537E0
1.216749936E1,5.937620401E-1,-9.816227108E-2,9.753977776E0,9.772526369E0
1.216950448E1,5.865794420E-1,-1.053448766E-1,9.758766174E0,9.776946877E0
1.217150917E1,5.865794420E-1,-1.101332754E-1,9.756371498E0,9.774609434E0
1.217351444E1,5.841852427E-1,-1.077390760E-1,9.756371498E0,9.774439366E0
1.217551878E1,5.865794420E-1,-1.053448766E-1,9.751583099E0,9.769777169E0
1.217752409E1,5.889736414E-1,-1.029506698E-1,9.744400978E0,9.762727038E0
1.217952972E1,5.937620401E-1,-9.816227108E-2,9.737217903E0,9.755798362E0
1.218153499E1,5.937620401E-1,-9.576806426E-2,9.742006302E0,9.760553861E0
1.218353940E1,5.961562395E-1,-1.029506698E-1,9.749189377E0,9.767942189E0
1.218554514E1,6.009446383E-1,-1.053448766E-1,9.744400978E0,9.763482085E0
1.218755120E1,5.913678408E-1,-1.029506698E-1,9.744400978E0,9.762871769E0
1.218955675E1,5.913678408E-1,-1.077390760E-1,9.742006302E0,9.760533306E0
1.219156210E1,5.985504389E-1,-1.077390760E-1,9.758766174E0,9.777698481E0
1.219356686E1,6.009446383E-1,-1.053448766E-1,9.751583099E0,9.770650180E0
1.219557011E1,5.985504389E-1,-1.077390760E-1,9.749189377E0,9.768140245E0
1.219757417E1,5.913678408E-1,-1.149216816E-1,9.744400978E0,9.763005344E0
1.219957936E1,5.937620401E-1,-1.173158810E-1,9.742006302E0,9.760789065E0
1.220158378E1,5.913678408E-1,-1.149216816E-1,9.746794701E0,9.765394506E0
1.220358753E1,5.913678408E-1,-1.125274822E-1,9.758766174E0,9.777315358E0
1.220559171E1,5.937620401E-1,-1.173158810E-1,9.758766174E0,9.777516741E0
1.220759722E1,5.985504389E-1,-1.197100878E-1,9.761159897E0,9.780226770E0
1.220960249E1,5.961562395E-1,-1.101332754E-1,9.753977776E0,9.772799704E0
1.221160768E1,5.937620401E-1,-1.077390760E-1,9.756371498E0,9.775016413E0
1.221361233E1,6.009446383E-1,-1.101332754E-1,9.768342972E0,9.787430113E0
1.221561729E1,6.033388376E-1,-1.053448766E-1,9.765948296E0,9.785134716E0
1.221762108E1,5.985504389E-1,-1.077390760E-1,9.761159897E0,9.780087570E0
1.221962569E1,6.009446383E-1,-1.077390760E-1,9.765948296E0,9.785013453E0
1.222163073E1,6.009446383E-1,-1.053448766E-1,9.761159897E0,9.780208307E0
1.222363522E1,6.009446383E-1,-9.816227108E-2,9.756371498E0,9.775354474E0
1.222563929E1,6.105214357E-1,-1.029506698E-1,9.758766174E0,9.778387010E0
1.222764343E1,6.129156351E-1,-1.029506698E-1,9.753977776E0,9.773758073E0
1.222964768E1,6.033388376E-1,-9.337386489E-2,9.753977776E0,9.773065992E0
1.223165186E1,6.081272364E-1,-1.029506698E-1,9.742006302E0,9.761511377E0
1.223365612E1,6.009446383E-1,-1.125274822E-1,9.744400978E0,9.763562225E0
1.223566046E1,5.889736414E-1,-1.149216816E-1,9.751583099E0,9.770029165E0
1.223766413E1,5.865794420E-1,-1.125274822E-1,9.744400978E0,9.762688579E0
1.223966835E1,5.913678408E-1,-1.125274822E-1,9.739612579E0,9.758198171E0
1.224167171E1,5.937620401E-1,-1.149216816E-1,9.749189377E0,9.767929866E0
1.224367558E1,5.841852427E-1,-1.101332754E-1,9.753977776E0,9.772076759E0
1.224567940E1,5.841852427E-1,-1.101332754E-1,9.739612579E0,9.757738208E0
1.224768401E1,5.817909837E-1,-1.101332754E-1,9.746794701E0,9.764764054E0
1.224968850E1,5.793967843E-1,-9.816227108E-2,9.763554573E0,9.781223562E0
1.225169284E1,5.841852427E-1,-1.029506698E-1,9.761159897E0,9.779167335E0
1.225369640E1,5.865794420E-1,-1.029506698E-1,9.763554573E0,9.781700884E0
1.225570050E1,5.793967843E-1,-1.029506698E-1,9.758766174E0,9.776493069E0
1.225770507E1,5.793967843E-1,-1.005564705E-1,9.768342972E0,9.786027624E0
1.225970893E1,5.841852427E-1,-9.816227108E-2,9.773131371E0,9.791067614E0
1.226171296E1,5.961562395E-1,-1.029506698E-1,9.773131371E0,9.791838330E0
1.226371683E1,5.937620401E-1,-1.005564705E-1,9.763554573E0,9.782109326E0
1.226572093E1,5.961562395E-1,-1.101332754E-1,9.763554573E0,9.782358075E0
1.226772386E1,5.937620401E-1,-1.101332754E-1,9.746794701E0,9.765484608E0
1.226972651E1,5.985504389E-1,-1.077390760E-1,9.763554573E0,9.782477612E0
1.227173073E1,5.985504389E-1,-1.125274822E-1,9.763554573E0,9.782531521E0
1.227373518E1,5.961562395E-1,-1.125274822E-1,9.768342972E0,9.787164508E0
1.227573890E1,5.961562395E-1,-1.197100878E-1,9.749189377E0,9.768133203E0
1.227774241E1,5.937620401E-1,-1.173158810E-1,9.761159897E0,9.779905874E0
1.227974550E1,5.985504389E-1,-1.149216816E-1,9.765948296E0,9.784948428E0
1.228174956E1,5.889736414E-1,-1.125274822E-1,9.753977776E0,9.772391459E0
1.228375374E1,5.913678408E-1,-1.077390760E-1,9.758766174E0,9.777261420E0
1.228575726E1,5.937620401E-1,-1.101332754E-1,9.761159897E0,9.779822352E0
1.228776038E1,5.889736414E-1,-1.173158810E-1,9.765948296E0,9.784395693E0
1.228976472E1,5.865794420E-1,-1.221042871E-1,9.768342972E0,9.786700635E0
1.229176886E1,5.865794420E-1,-1.197100878E-1,9.763554573E0,9.781891629E0
1.229377327E1,5.889736414E-1,-1.197100878E-1,9.770736694E0,9.789204054E0
1.229577690E1,5.937620401E-1,-1.173158810E-1,9.765948296E0,9.784685099E0
1.229778038E1,6.081272364E-1,-1.125274822E-1,9.761159897E0,9.780732268E0
1.229978370E1,6.057330370E-1,-1.173158810E-1,9.758766174E0,9.778251008E0
1.230178690E1,6.009446383E-1,-1.173158810E-1,9.753977776E0,9.773176552E0
1.230379093E1,5.985504389E-1,-1.197100878E-1,9.756371498E0,9.775447711E0
1.230579440E1,6.009446383E-1,-1.101332754E-1,9.756371498E0,9.775482014E0
1.230780026E1,6.081272364E-1,-1.077390760E-1,9.763554573E0,9.783068248E0
1.230980476E1,6.009446383E-1,-1.053448766E-1,9.765948296E0,9.784987384E0
1.231180913E1,5.985504389E-1,-1.053448766E-1,9.758766174E0,9.777672393E0
1.231381253E1,5.937620401E-1,-1.005564705E-1,9.749189377E0,9.767771418E0
1.231581565E1,5.937620401E-1,-9.576806426E-2,9.756371498E0,9.774891799E0
1.231781964E1,5.889736414E-1,-9.576806426E-2,9.746794701E0,9.765043185E0
1.231982405E1,5.913678408E-1,-9.576806426E-2,9.744400978E0,9.762798670E0
1.232182776E1,5.841852427E-1,-1.053448766E-1,9.739612579E0,9.757685337E0
1.232383300E1,5.841852427E-1,-1.005564705E-1,9.739612579E0,9.757634816E0
1.232583722E1,5.889736414E-1,-1.005564705E-1,9.739612579E0,9.757922666E0
1.232784093E1,5.889736414E-1,-1.029506698E-1,9.744400978E0,9.762727038E0
1.232984530E1,5.913678408E-1,-9.816227108E-2,9.753977776E0,9.772381194E0
1.233184932E1,5.937620401E-1,-9.816227108E-2,9.753977776E0,9.772526369E0
1.233385354E1,5.961562395E-1,-1.029506698E-1,9.756371498E0,9.775110532E0
1.233585655E1,5.961562395E-1,-1.077390760E-1,9.751583099E0,9.770382946E0
1.233786069E1,5.889736414E-1,-1.077390760E-1,9.758766174E0,9.777116901E0
1.233986522E1,5.841852427E-1,-1.077390760E-1,9.763554573E0,9.781609173E0
1.234186917E1,5.841852427E-1,-1.125274822E-1,9.761159897E0,9.779272844E0
1.234387479E1,5.817909837E-1,-1.053448766E-1,9.768342972E0,9.786220042E0
1.234587972E1,5.841852427E-1,-1.125274822E-1,9.758766174E0,9.776883556E0
1.234788476E1,5.913678408E-1,-1.101332754E-1,9.765948296E0,9.784456621E0
1.234988847E1,5.817909837E-1,-1.125274822E-1,9.777919769E0,9.795859237E0
1.235189335E1,5.770025849E-1,-1.125274822E-1,9.780313492E0,9.797965422E0
1.235389764E1,5.793967843E-1,-1.221042871E-1,9.787496567E0,9.805391330E0
1.235590226E1,5.817909837E-1,-1.197100878E-1,9.780313492E0,9.798333698E0
1.235790573E1,5.889736414E-1,-1.053448766E-1,9.777919769E0,9.796208578E0
1.235991042E1,5.937620401E-1,-1.029506698E-1,9.768342972E0,9.786913539E0
1.236191448E1,5.961562395E-1,-1.125274822E-1,9.780313492E0,9.799112036E0
1.236391897E1,5.985504389E-1,-1.005564705E-1,9.768342972E0,9.787180322E0
1.236592272E1,5.985504389E-1,-9.576806426E-2,9.751583099E0,9.770404654E0
1.236792663E1,5.937620401E-1,-9.816227108E-2,9.744400978E0,9.762967767E0
1.236993077E1,6.033388376E-1,-1.029506698E-1,9.744400978E0,9.763604202E0
1.237193534E1,6.081272364E-1,-1.053448766E-1,9.739612579E0,9.759147989E0
1.237394018E1,6.033388376E-1,-1.077390760E-1,9.742006302E0,9.761265914E0
1.237594456E1,6.057330370E-1,-1.029506698E-1,9.739612579E0,9.758973540E0
1.237794886E1,6.057330370E-1,-1.101332754E-1,9.722852707E0,9.742325524E0
1.237995241E1,5.913678408E-1,-1.053448766E-1,9.722852707E0,9.741389954E0
1.238195604E1,6.009446383E-1,-9.816227108E-2,9.730035782E0,9.749070038E0
1.238396011E1,6.009446383E-1,-1.005564705E-1,9.744400978E0,9.763431594E0
1.238596343E1,6.057330370E-1,-9.816227108E-2,9.749189377E0,9.768482065E0
1.238796597E1,5.865794420E-1,-1.005564705E-1,9.758766174E0,9.776896455E0
1.238996901E1,5.841852427E-1,-9.816227108E-2,9.751583099E0,9.769558904E0
1.239197296E1,5.913678408E-1,-9.576806426E-2,9.770736694E0,9.789084891E0
1.239397683E1,5.985504389E-1,-1.029506698E-1,9.765948296E0,9.784815153E0
1.239598124E1,5.937620401E-1,-1.053448766E-1,9.761159897E0,9.779769600E0
1.239798577E1,5.865794420E-1,-1.077390760E-1,9.773131371E0,9.791311451E0
1.239999003E1,5.913678408E-1,-1.125274822E-1,9.770736694E0,9.789263195E0
1.240199479E1,5.841852427E-1,-1.077390760E-1,9.765948296E0,9.783998478E0
1.240399878E1,5.913678408E-1,-1.101332754E-1,9.780313492E0,9.798794684E0
1.240600327E1,5.889736414E-1,-1.173158810E-1,9.773131371E0,9.791565235E0
1.240800788E1,5.937620401E-1,-1.101332754E-1,9.761159897E0,9.779822352E0
1.241001323E1,6.057330370E-1,-1.101332754E-1,9.768342972E0,9.787725286E0
1.241201702E1,6.057330370E-1,-1.077390760E-1,9.749189377E0,9.768582995E0
1.241402069E1,5.889736414E-1,-1.173158810E-1,9.746794701E0,9.765278281E0
1.241602538E1,5.865794420E-1,-1.268926859E-1,9.746794701E0,9.765253920E0
1.241803011E1,5.865794420E-1,-1.268926859E-1,9.751583099E0,9.770033272E0
1.242003479E1,5.889736414E-1,-1.101332754E-1,9.749189377E0,9.767584798E0
1.242203960E1,5.889736414E-1,-1.077390760E-1,9.756371498E0,9.774726721E0
1.242404390E1,5.937620401E-1,-1.125274822E-1,9.746794701E0,9.765511903E0
1.242604745E1,5.889736414E-1,-1.077390760E-1,9.749189377E0,9.767558096E0
1.242805077E1,5.817909837E-1,-1.125274822E-1,9.751583099E0,9.769570928E0
1.243005476E1,5.770025849E-1,-1.197100878E-1,9.753977776E0,9.771762632E0
1.243205979E1,5.817909837E-1,-1.101332754E-1,9.758766174E0,9.776713524E0
1.243406464E1,5.889736414E-1,-1.053448766E-1,9.761159897E0,9.779480049E0
1.243606874E1,5.961562395E-1,-1.005564705E-1,9.758766174E0,9.777475702E0
1.243807280E1,5.913678408E-1,-1.005564705E-1,9.751583099E0,9.770015377E0
1.244007761E1,5.961562395E-1,-9.576806426E-2,9.761159897E0,9.779816783E0
1.244208210E1,6.033388376E-1,-1.053448766E-1,9.758766174E0,9.777966687E0
1.244408686E1,6.009446383E-1,-1.077390760E-1,9.744400978E0,9.763508211E0
1.244609120E1,6.081272364E-1,-1.053448766E-1,9.753977776E0,9.773484472E0
1.244809659E1,6.081272364E-1,-1.005564705E-1,9.753977776E0,9.773434032E0
1.245010147E1,6.105214357E-1,-1.029506698E-1,9.746794701E0,9.766439587E0
1.245210542E1,6.009446383E-1,-9.816227108E-2,9.746794701E0,9.765796292E0
1.245410956E1,5.985504389E-1,-9.337386489E-2,9.744400978E0,9.763213187E0
1.245611421E1,6.009446383E-1,-1.053448766E-1,9.744400978E0,9.763482085E0
1.245811909E1,6.033388376E-1,-1.221042871E-1,9.758766174E0,9.778161609E0
1.246012409E1,5.889736414E-1,-1.244984865E-1,9.758766174E0,9.777315944E0
1.246212909E1,5.913678408E-1,-1.292868853E-1,9.739612579E0,9.758405824E0
1.246413417E1,5.889736414E-1,-1.221042871E-1,9.753977776E0,9.772506426E0
1.246613839E1,5.865794420E-1,-1.173158810E-1,9.763554573E0,9.781862622E0
1.246814440E1,5.841852427E-1,-1.101332754E-1,9.765948296E0,9.784025135E0
1.247014976E1,5.937620401E-1,-1.125274822E-1,9.770736694E0,9.789408120E0
1.247215472E1,5.889736414E-1,-1.268926859E-1,9.758766174E0,9.777346723E0
1.247415925E1,5.889736414E-1,-1.197100878E-1,9.756371498E0,9.774865997E0
1.247616386E1,5.841852427E-1,-1.125274822E-1,9.775525093E0,9.793611473E0
1.247816827E1,5.817909837E-1,-1.149216816E-1,9.775525093E0,9.793496750E0
1.248017296E1,5.889736414E-1,-1.149216816E-1,9.768342972E0,9.786757449E0
1.248217776E1,5.913678408E-1,-1.125274822E-1,9.763554573E0,9.782094676E0
1.248418218E1,5.889736414E-1,-1.077390760E-1,9.758766174E0,9.777116901E0
1.248618741E1,6.033388376E-1,-1.053448766E-1,9.763554573E0,9.782745688E0
1.248819222E1,5.961562395E-1,-1.053448766E-1,9.763554573E0,9.782305337E0
1.249019601E1,6.033388376E-1,-9.816227108E-2,9.761159897E0,9.780280984E0
1.249220081E1,5.985504389E-1,-9.816227108E-2,9.753977776E0,9.772818473E0
1.249420628E1,5.913678408E-1,-8.619125932E-2,9.746794701E0,9.765098658E0
1.249621132E1,6.033388376E-1,-8.858546615E-2,9.758766174E0,9.777800488E0
1.249821729E1,5.985504389E-1,-9.337386489E-2,9.756371498E0,9.775160670E0
1.250022261E1,5.961562395E-1,-9.337386489E-2,9.749189377E0,9.767845947E0
1.250222808E1,5.937620401E-1,-1.029506698E-1,9.751583099E0,9.770185523E0
1.250423319E1,5.961562395E-1,-9.816227108E-2,9.751583099E0,9.770282035E0
1.250623835E1,5.937620401E-1,-1.005564705E-1,9.753977776E0,9.772550712E0
1.250824292E1,5.961562395E-1,-1.005564705E-1,9.756371498E0,9.775085610E0
1.251024796E1,5.913678408E-1,-1.005564705E-1,9.749189377E0,9.767626172E0
1.251225327E1,5.937620401E-1,-1.077390760E-1,9.756371498E0,9.775016413E0
1.251425780E1,5.913678408E-1,-9.816227108E-2,9.765948296E0,9.784329199E0
1.251626233E1,5.865794420E-1,-9.816227108E-2,9.756371498E0,9.774481883E0
1.251826710E1,5.865794420E-1,-1.029506698E-1,9.761159897E0,9.779310651E0
1.252027233E1,5.865794420E-1,-1.005564705E-1,9.753977776E0,9.772116940E0
1.252227718E1,5.985504389E-1,-9.816227108E-2,9.749189377E0,9.768039310E0
1.252428210E1,6.009446383E-1,-1.029506698E-1,9.753977776E0,9.773014670E0
1.252628659E1,6.009446383E-1,-1.053448766E-1,9.744400978E0,9.763482085E0
1.252829093E1,5.985504389E-1,-1.101332754E-1,9.746794701E0,9.765776923E0
1.253029530E1,6.009446383E-1,-1.149216816E-1,9.756371498E0,9.775537134E0
1.253229948E1,5.961562395E-1,-1.197100878E-1,9.751583099E0,9.770522284E0
1.253430366E1,6.009446383E-1,-1.173158810E-1,9.756371498E0,9.775565574E0
1.253630854E1,5.961562395E-1,-1.101332754E-1,9.746794701E0,9.765630473E0
1.253831257E1,5.937620401E-1,-1.149216816E-1,9.744400978E0,9.763150658E0
1.254031706E1,5.889736414E-1,-1.197100878E-1,9.742006302E0,9.760528021E0
1.254232218E1,5.865794420E-1,-1.244984865E-1,9.758766174E0,9.777172012E0
1.254432636E1,5.865794420E-1,-1.221042871E-1,9.753977776E0,9.772362424E0
1.254633073E1,5.889736414E-1,-1.340752989E-1,9.765948296E0,9.784610991E0
1.254833573E1,5.889736414E-1,-1.292868853E-1,9.773131371E0,9.791715980E0
1.255034026E1,5.865794420E-1,-1.125274822E-1,9.768342972E0,9.786585834E0
1.255234472E1,5.961562395E-1,-1.197100878E-1,9.775525093E0,9.794417982E0
1.255434870E1,5.937620401E-1,-1.149216816E-1,9.777919769E0,9.796605298E0
1.255635214E1,5.985504389E-1,-1.101332754E-1,9.773131371E0,9.792062538E0
1.255835640E1,5.961562395E-1,-1.125274822E-1,9.775525093E0,9.794332828E0
1.256036073E1,5.937620401E-1,-1.101332754E-1,9.773131371E0,9.791771009E0
1.256236530E1,6.057330370E-1,-1.029506698E-1,9.780313492E0,9.799594040E0
1.256436976E1,6.033388376E-1,-9.816227108E-2,9.775525093E0,9.794618136E0
1.256637429E1,5.985504389E-1,-9.097966552E-2,9.768342972E0,9.787086612E0
1.256837952E1,5.937620401E-1,-1.005564705E-1,9.761159897E0,9.779719193E0
1.257038417E1,5.865794420E-1,-9.576806426E-2,9.753977776E0,9.772068840E0
1.257238929E1,5.937620401E-1,-9.816227108E-2,9.758766174E0,9.777305684E0
1.257439479E1,6.009446383E-1,-9.816227108E-2,9.749189377E0,9.768186310E0
1.257640018E1,5.913678408E-1,-1.053448766E-1,9.742006302E0,9.760507172E0
1.257840444E1,5.889736414E-1,-1.053448766E-1,9.744400978E0,9.762752579E0
1.258040964E1,5.937620401E-1,-1.005564705E-1,9.746794701E0,9.765381298E0
1.258241421E1,5.913678408E-1,-9.337386489E-2,9.765948296E0,9.784282330E0
1.258441921E1,5.913678408E-1,-9.576806426E-2,9.758766174E0,9.777136835E0
1.258642354E1,5.889736414E-1,-1.005564705E-1,9.753977776E0,9.772260946E0
1.258842874E1,5.817909837E-1,-1.053448766E-1,9.751583099E0,9.769490838E0
1.259043491E1,5.817909837E-1,-1.077390760E-1,9.761159897E0,9.779076183E0
1.259244069E1,5.889736414E-1,-1.101332754E-1,9.749189377E0,9.767584798E0
1.259444612E1,5.865794420E-1,-1.173158810E-1,9.763554573E0,9.781862622E0
1.259645077E1,5.817909837E-1,-1.244984865E-1,9.765948296E0,9.784054718E0
1.259845495E1,5.793967843E-1,-1.173158810E-1,9.763554573E0,9.781434534E0
1.260046011E1,5.913678408E-1,-1.149216816E-1,9.768342972E0,9.786901825E0
1.260246448E1,5.865794420E-1,-1.149216816E-1,9.770736694E0,9.789002911E0
1.260446995E1,5.841852427E-1,-1.077390760E-1,9.761159897E0,9.779218918E0
1.260647585E1,5.889736414E-1,-1.125274822E-1,9.768342972E0,9.786729627E0
1.260848069E1,5.937620401E-1,-1.125274822E-1,9.758766174E0,9.777460460E0
1.261048600E1,5.961562395E-1,-1.149216816E-1,9.751583099E0,9.770464789E0
1.261249089E1,5.985504389E-1,-1.197100878E-1,9.753977776E0,9.773058660E0
1.261449581E1,5.985504389E-1,-1.149216816E-1,9.770736694E0,9.789727533E0
1.261650112E1,6.057330370E-1,-9.816227108E-2,9.763554573E0,9.782818931E0
1.261850558E1,6.081272364E-1,-1.053448766E-1,9.756371498E0,9.775873418E0
1.262051069E1,6.057330370E-1,-1.173158810E-1,9.775525093E0,9.794976589E0
1.262251534E1,5.889736414E-1,-1.244984865E-1,9.768342972E0,9.786874590E0
1.262451921E1,5.985504389E-1,-1.197100878E-1,9.765948296E0,9.785005838E0
1.262652370E1,5.985504389E-1,-1.149216816E-1,9.756371498E0,9.775390244E0
1.262852882E1,5.961562395E-1,-1.029506698E-1,9.758766174E0,9.777500619E0
1.263053288E1,5.913678408E-1,-1.053448766E-1,9.751583099E0,9.770065834E0
1.263253757E1,5.937620401E-1,-1.005564705E-1,9.749189377E0,9.767771418E0
1.263454229E1,6.009446383E-1,-9.576806426E-2,9.751583099E0,9.770551618E0
1.263654737E1,5.889736414E-1,-1.005564705E-1,9.749189377E0,9.767481511E0
1.263855210E1,5.865794420E-1,-1.029506698E-1,9.761159897E0,9.779310651E0
1.264055722E1,5.913678408E-1,-9.576806426E-2,9.751583099E0,9.769967267E0
1.264256179E1,5.913678408E-1,-9.576806426E-2,9.739612579E0,9.758019299E0
1.264456682E1,5.889736414E-1,-9.816227108E-2,9.761159897E0,9.779405315E0
1.264657190E1,5.889736414E-1,-1.077390760E-1,9.763554573E0,9.781896317E0
1.264857729E1,5.865794420E-1,-1.101332754E-1,9.758766174E0,9.776999643E0
1.265058331E1,5.913678408E-1,-1.125274822E-1,9.744400978E0,9.762977455E0
1.265258917E1,5.889736414E-1,-1.125274822E-1,9.739612579E0,9.758053370E0
1.265459440E1,5.865794420E-1,-1.173158810E-1,9.756371498E0,9.774693001E0
1.265660038E1,5.865794420E-1,-1.173158810E-1,9.753977776E0,9.772303766E0
1.265860589E1,5.865794420E-1,-1.173158810E-1,9.761159897E0,9.779472429E0
1.266061245E1,5.937620401E-1,-1.316810995E-1,9.753977776E0,9.772920532E0
1.266261831E1,5.889736414E-1,-1.292868853E-1,9.753977776E0,9.772598810E0
1.266462374E1,5.865794420E-1,-1.316810995E-1,9.765948296E0,9.784434652E0
1.266662960E1,5.889736414E-1,-1.292868853E-1,9.770736694E0,9.789325850E0
1.266863476E1,5.865794420E-1,-1.197100878E-1,9.763554573E0,9.781891629E0
1.267063917E1,5.985504389E-1,-1.101332754E-1,9.751583099E0,9.770556018E0
1.267264390E1,5.961562395E-1,-1.125274822E-1,9.753977776E0,9.772826978E0
1.267464792E1,5.913678408E-1,-1.077390760E-1,9.770736694E0,9.789209324E0
1.267665264E1,5.889736414E-1,-1.101332754E-1,9.775525093E0,9.793871049E0
1.267865726E1,5.865794420E-1,-1.125274822E-1,9.773131371E0,9.791365311E0
1.268066222E1,5.865794420E-1,-1.053448766E-1,9.765948296E0,9.784115652E0
1.268266761E1,5.937620401E-1,-1.029506698E-1,9.761159897E0,9.779744104E0
1.268467272E1,5.865794420E-1,-1.053448766E-1,9.758766174E0,9.776946877E0
1.268667694E1,5.865794420E-1,-1.077390760E-1,9.763554573E0,9.781752453E0
1.268868190E1,5.865794420E-1,-1.053448766E-1,9.758766174E0,9.776946877E0
1.269068682E1,5.937620401E-1,-9.816227108E-2,9.761159897E0,9.779694869E0
1.269269190E1,6.033388376E-1,-1.077390760E-1,9.761159897E0,9.780381792E0
1.269469718E1,6.081272364E-1,-1.029506698E-1,9.749189377E0,9.768680109E0
1.269670147E1,6.105214357E-1,-1.005564705E-1,9.749189377E0,9.768804509E0
1.269870569E1,6.081272364E-1,-1.005564705E-1,9.744400978E0,9.763876318E0
1.270071007E1,6.129156351E-1,-9.816227108E-2,9.749189377E0,9.768930080E0
1.270271558E1,5.985504389E-1,-1.029506698E-1,9.749189377E0,9.768088604E0
1.270471952E1,5.889736414E-1,-1.029506698E-1,9.758766174E0,9.777065308E0
1.270672433E1,5.961562395E-1,-1.029506698E-1,9.739612579E0,9.758383795E0
1.270872929E1,6.009446383E-1,-1.005564705E-1,9.737217903E0,9.756262530E0
1.271073405E1,5.985504389E-1,-1.053448766E-1,9.742006302E0,9.760944983E0
1.271273882E1,5.961562395E-1,-9.816227108E-2,9.751583099E0,9.770282035E0
1.271474257E1,5.937620401E-1,-9.097966552E-2,9.763554573E0,9.782015567E0
1.271674640E1,5.961562395E-1,-1.053448766E-1,9.763554573E0,9.782305337E0
1.271874979E1,5.985504389E-1,-1.101332754E-1,9.758766174E0,9.777725155E0
1.272075433E1,5.913678408E-1,-1.125274822E-1,9.756371498E0,9.774925226E0
1.272275858E1,5.865794420E-1,-1.149216816E-1,9.751583099E0,9.769885126E0
1.272476409E1,5.817909837E-1,-1.149216816E-1,9.761159897E0,9.779157953E0
1.272676874E1,5.817909837E-1,-1.125274822E-1,9.770736694E0,9.788689327E0
1.272877331E1,5.817909837E-1,-1.077390760E-1,9.768342972E0,9.786246107E0
1.273077765E1,5.793967843E-1,-1.149216816E-1,9.763554573E0,9.781406112E0
1.273278253E1,5.817909837E-1,-1.053448766E-1,9.758766174E0,9.776660756E0
1.273478690E1,5.841852427E-1,-1.173158810E-1,9.761159897E0,9.779329115E0
1.273679093E1,5.793967843E-1,-1.173158810E-1,9.761159897E0,9.779044237E0
1.273879542E1,5.817909837E-1,-1.149216816E-1,9.770736694E0,9.788717142E0
1.274079960E1,5.913678408E-1,-1.173158810E-1,9.763554573E0,9.782150931E0
1.274280417E1,5.889736414E-1,-1.125274822E-1,9.749189377E0,9.767612087E0
1.274480882E1,5.889736414E-1,-1.101332754E-1,9.749189377E0,9.767584798E0
1.274681362E1,5.865794420E-1,-1.101332754E-1,9.751583099E0,9.769829974E0
1.274881862E1,5.865794420E-1,-1.005564705E-1,9.749189377E0,9.767337434E0
1.275082436E1,5.889736414E-1,-1.077390760E-1,9.758766174E0,9.777116901E0
1.275282944E1,5.841852427E-1,-1.077390760E-1,9.756371498E0,9.774439366E0
1.275483448E1,5.793967843E-1,-1.053448766E-1,9.749189377E0,9.766959183E0
1.275683925E1,5.913678408E-1,-1.005564705E-1,9.749189377E0,9.767626172E0
1.275884511E1,5.985504389E-1,-1.029506698E-1,9.746794701E0,9.765698562E0
1.276085042E1,5.937620401E-1,-1.005564705E-1,9.746794701E0,9.765381298E0
1.276285616E1,5.937620401E-1,-9.816227108E-2,9.751583099E0,9.770136239E0
1.276486093E1,5.985504389E-1,-1.005564705E-1,9.742006302E0,9.760894478E0
1.276686604E1,5.913678408E-1,-1.053448766E-1,9.744400978E0,9.762897310E0
1.276887128E1,5.937620401E-1,-1.077390760E-1,9.758766174E0,9.777406523E0
1.277087616E1,5.985504389E-1,-1.125274822E-1,9.749189377E0,9.768194233E0
1.277288155E1,6.081272364E-1,-1.125274822E-1,9.737217903E0,9.756838303E0
1.277488706E1,5.961562395E-1,-1.149216816E-1,9.753977776E0,9.772854839E0
1.277689136E1,5.937620401E-1,-1.125274822E-1,9.756371498E0,9.775070363E0
1.277889542E1,5.937620401E-1,-1.101332754E-1,9.742006302E0,9.760705378E0
1.278089968E1,5.961562395E-1,-1.197100878E-1,9.742006302E0,9.760964069E0
1.278290280E1,5.985504389E-1,-1.244984865E-1,9.756371498E0,9.775507522E0
1.278490632E1,5.937620401E-1,-1.149216816E-1,9.756371498E0,9.775098218E0
1.278691050E1,5.985504389E-1,-1.125274822E-1,9.749189377E0,9.768194233E0
1.278891518E1,6.009446383E-1,-1.029506698E-1,9.737217903E0,9.756287500E0
1.279091917E1,5.961562395E-1,-1.053448766E-1,9.749189377E0,9.767967716E0
1.279292284E1,5.937620401E-1,-1.125274822E-1,9.756371498E0,9.775070363E0
1.279492667E1,5.913678408E-1,-1.101332754E-1,9.753977776E0,9.772508772E0
1.279693026E1,5.937620401E-1,-1.077390760E-1,9.753977776E0,9.772627258E0
1.279893472E1,5.961562395E-1,-1.077390760E-1,9.746794701E0,9.765603766E0
1.280093858E1,5.841852427E-1,-1.101332754E-1,9.756371498E0,9.774466049E0
1.280294280E1,5.913678408E-1,-1.149216816E-1,9.761159897E0,9.779732381E0
1.280494675E1,5.865794420E-1,-1.173158810E-1,9.744400978E0,9.762744946E0
1.280694983E1,5.889736414E-1,-1.101332754E-1,9.742006302E0,9.760415261E0
1.280895300E1,5.889736414E-1,-1.149216816E-1,9.742006302E0,9.760470467E0
1.281095741E1,5.937620401E-1,-1.173158810E-1,9.742006302E0,9.760789065E0
1.281296151E1,5.865794420E-1,-1.197100878E-1,9.746794701E0,9.765163229E0
1.281496640E1,5.889736414E-1,-1.101332754E-1,9.761159897E0,9.779532802E0
1.281697143E1,5.817909837E-1,-1.077390760E-1,9.780313492E0,9.798194755E0
1.281897561E1,5.770025849E-1,-1.149216816E-1,9.763554573E0,9.781264585E0
1.282097964E1,5.889736414E-1,-1.005564705E-1,9.770736694E0,9.788988564E0
1.282298390E1,5.913678408E-1,-1.149216816E-1,9.775525093E0,9.794070337E0
1.282498808E1,5.937620401E-1,-1.125274822E-1,9.785101891E0,9.803745958E0
1.282699206E1,5.961562395E-1,-1.101332754E-1,9.785101891E0,9.803864065E0
1.282899604E1,5.913678408E-1,-1.125274822E-1,9.765948296E0,9.784483863E0
1.283099960E1,5.865794420E-1,-1.029506698E-1,9.756371498E0,9.774531144E0
1.283300393E1,5.913678408E-1,-1.149216816E-1,9.761159897E0,9.779732381E0
1.283500710E1,5.961562395E-1,-1.053448766E-1,9.751583099E0,9.770356838E0
1.283701186E1,5.913678408E-1,-1.077390760E-1,9.761159897E0,9.779650616E0
1.283901679E1,5.913678408E-1,-1.101332754E-1,9.751583099E0,9.770118638E0
1.284102120E1,5.937620401E-1,-1.077390760E-1,9.746794701E0,9.765457900E0
1.284302514E1,5.985504389E-1,-1.077390760E-1,9.742006302E0,9.760971116E0
1.284502948E1,6.009446383E-1,-1.101332754E-1,9.746794701E0,9.765923957E0
1.284703331E1,6.033388376E-1,-1.173158810E-1,9.756371498E0,9.775713047E0
1.284903729E1,5.985504389E-1,-1.149216816E-1,9.746794701E0,9.765832098E0
1.285104136E1,6.009446383E-1,-1.149216816E-1,9.758766174E0,9.777927117E0
1.285304491E1,5.913678408E-1,-1.197100878E-1,9.763554573E0,9.782179937E0
1.285504839E1,5.913678408E-1,-1.197100878E-1,9.761159897E0,9.779789822E0
1.285705108E1,5.913678408E-1,-1.197100878E-1,9.753977776E0,9.772621392E0
1.285905456E1,5.865794420E-1,-1.197100878E-1,9.758766174E0,9.777112211E0
1.286105796E1,5.961562395E-1,-1.173158810E-1,9.763554573E0,9.782441576E0
1.286306186E1,5.889736414E-1,-1.077390760E-1,9.758766174E0,9.777116901E0
1.286506534E1,5.841852427E-1,-1.101332754E-1,9.751583099E0,9.769686519E0
1.286706811E1,5.889736414E-1,-1.101332754E-1,9.756371498E0,9.774753403E0
1.286907128E1,5.913678408E-1,-1.101332754E-1,9.751583099E0,9.770118638E0
1.287107440E1,5.913678408E-1,-1.125274822E-1,9.746794701E0,9.765366624E0
1.287307874E1,5.889736414E-1,-1.173158810E-1,9.749189377E0,9.767668426E0
1.287508226E1,5.865794420E-1,-1.197100878E-1,9.756371498E0,9.774722030E0
1.287708612E1,5.817909837E-1,-1.149216816E-1,9.753977776E0,9.771989060E0
1.287909046E1,5.793967843E-1,-1.077390760E-1,9.756371498E0,9.774154345E0
1.288109503E1,5.865794420E-1,-1.149216816E-1,9.763554573E0,9.781834201E0
1.288309968E1,5.841852427E-1,-1.197100878E-1,9.756371498E0,9.774578646E0
1.288510331E1,5.937620401E-1,-1.005564705E-1,9.753977776E0,9.772550712E0
1.288710659E1,5.841852427E-1,-1.029506698E-1,9.751583099E0,9.769608190E0
1.288911143E1,5.937620401E-1,-9.816227108E-2,9.751583099E0,9.770136239E0
1.289111565E1,5.937620401E-1,-1.005564705E-1,9.758766174E0,9.777330014E0
1.289311944E1,5.913678408E-1,-9.816227108E-2,9.765948296E0,9.784329199E0
1.289512268E1,5.913678408E-1,-1.053448766E-1,9.763554573E0,9.782014689E0
1.289712558E1,5.961562395E-1,-1.053448766E-1,9.780313492E0,9.799032187E0
1.289912874E1,5.985504389E-1,-1.005564705E-1,9.770736694E0,9.789569438E0
1.290113198E1,5.961562395E-1,-1.053448766E-1,9.753977776E0,9.772746914E0
1.290313483E1,5.985504389E-1,-9.337386489E-2,9.763554573E0,9.782329948E0
1.290513726E1,5.937620401E-1,-1.029506698E-1,9.751583099E0,9.770185523E0
1.290714108E1,5.913678408E-1,-1.053448766E-1,9.744400978E0,9.762897310E0
1.290914476E1,5.865794420E-1,-1.053448766E-1,9.756371498E0,9.774556655E0
1.291114843E1,5.913678408E-1,-1.077390760E-1,9.751583099E0,9.770091943E0
1.291315163E1,5.913678408E-1,-1.125274822E-1,9.753977776E0,9.772536048E0
1.291515514E1,5.937620401E-1,-1.149216816E-1,9.756371498E0,9.775098218E0
1.291715882E1,5.937620401E-1,-1.101332754E-1,9.756371498E0,9.775043095E0
1.291916331E1,5.913678408E-1,-1.125274822E-1,9.751583099E0,9.770145920E0
1.292116632E1,5.937620401E-1,-1.101332754E-1,9.761159897E0,9.779822352E0
1.292317018E1,5.889736414E-1,-1.125274822E-1,9.763554573E0,9.781950229E0
1.292517343E1,5.961562395E-1,-1.173158810E-1,9.765948296E0,9.784830678E0
1.292717718E1,5.889736414E-1,-1.173158810E-1,9.768342972E0,9.786785855E0
1.292918089E1,5.889736414E-1,-1.149216816E-1,9.753977776E0,9.772419321E0
1.293118495E1,5.841852427E-1,-1.149216816E-1,9.761159897E0,9.779300687E0
1.293318722E1,5.865794420E-1,-1.053448766E-1,9.761159897E0,9.779336149E0
1.293519147E1,5.913678408E-1,-1.005564705E-1,9.763554573E0,9.781964293E0
1.293719593E1,5.961562395E-1,-1.005564705E-1,9.773131371E0,9.791813451E0
1.293919964E1,6.033388376E-1,-1.005564705E-1,9.775525093E0,9.794642423E0
1.294120319E1,5.937620401E-1,-1.029506698E-1,9.775525093E0,9.794082042E0
1.294320686E1,5.841852427E-1,-1.125274822E-1,9.765948296E0,9.784052378E0
1.294521058E1,5.865794420E-1,-1.005564705E-1,9.775525093E0,9.793624349E0
1.294721452E1,5.913678408E-1,-1.005564705E-1,9.765948296E0,9.784353512E0
1.294921870E1,5.937620401E-1,-1.077390760E-1,9.761159897E0,9.779795683E0
1.295122233E1,5.985504389E-1,-1.077390760E-1,9.763554573E0,9.782477612E0
1.295322655E1,5.937620401E-1,-1.125274822E-1,9.758766174E0,9.777460460E0
1.295522987E1,5.913678408E-1,-1.149216816E-1,9.753977776E0,9.772563909E0
1.295723272E1,5.913678408E-1,-1.197100878E-1,9.753977776E0,9.772621392E0
1.295923487E1,5.937620401E-1,-1.197100878E-1,9.751583099E0,9.770376493E0
1.296123757E1,6.033388376E-1,-1.005564705E-1,9.744400978E0,9.763579250E0
1.296324151E1,5.985504389E-1,-1.005564705E-1,9.746794701E0,9.765673616E0
1.296524409E1,6.033388376E-1,-1.005564705E-1,9.756371498E0,9.775526286E0
1.296724636E1,5.937620401E-1,-1.149216816E-1,9.763554573E0,9.782267542E0
1.296924948E1,5.913678408E-1,-1.077390760E-1,9.765948296E0,9.784429965E0
1.297125311E1,5.889736414E-1,-1.077390760E-1,9.761159897E0,9.779506132E0
1.297325682E1,5.913678408E-1,-1.005564705E-1,9.758766174E0,9.777184910E0
1.297526042E1,5.865794420E-1,-9.816227108E-2,9.765948296E0,9.784040954E0
1.297726425E1,5.913678408E-1,-1.005564705E-1,9.763554573E0,9.781964293E0
1.297926874E1,5.913678408E-1,-1.173158810E-1,9.758766174E0,9.777371640E0
1.298127268E1,5.985504389E-1,-1.221042871E-1,9.753977776E0,9.773088280E0
1.298327643E1,5.961562395E-1,-1.125274822E-1,9.749189377E0,9.768047819E0
1.298528120E1,6.033388376E-1,-1.101332754E-1,9.753977776E0,9.773240483E0
1.298728436E1,5.961562395E-1,-1.125274822E-1,9.753977776E0,9.772826978E0
1.298928718E1,5.841852427E-1,-1.101332754E-1,9.761159897E0,9.779245588E0
1.299129061E1,5.841852427E-1,-1.125274822E-1,9.742006302E0,9.760154795E0
1.299329401E1,5.817909837E-1,-1.077390760E-1,9.742006302E0,9.759957748E0
1.299529718E1,5.889736414E-1,-1.077390760E-1,9.744400978E0,9.762778707E0
1.299729983E1,5.913678408E-1,-1.149216816E-1,9.739612579E0,9.758226074E0
1.299930272E1,5.961562395E-1,-1.173158810E-1,9.761159897E0,9.780051524E0
1.300130542E1,5.985504389E-1,-1.101332754E-1,9.758766174E0,9.777725155E0
1.300330901E1,5.985504389E-1,-1.053448766E-1,9.758766174E0,9.777672393E0
1.300531202E1,6.009446383E-1,-1.053448766E-1,9.768342972E0,9.787377402E0
1.300731491E1,5.913678408E-1,-1.077390760E-1,9.765948296E0,9.784429965E0
1.300931913E1,5.841852427E-1,-1.125274822E-1,9.763554573E0,9.781663086E0
1.301132249E1,6.009446383E-1,-1.101332754E-1,9.758766174E0,9.777872010E0
1.301332620E1,5.961562395E-1,-1.125274822E-1,9.768342972E0,9.787164508E0
1.301533124E1,5.985504389E-1,-1.173158810E-1,9.773131371E0,9.792145956E0
1.301733573E1,5.913678408E-1,-1.149216816E-1,9.758766174E0,9.777343206E0
1.301934026E1,5.889736414E-1,-1.125274822E-1,9.753977776E0,9.772391459E0
1.302134452E1,5.913678408E-1,-1.029506698E-1,9.742006302E0,9.760481625E0
1.302334788E1,5.937620401E-1,-1.053448766E-1,9.744400978E0,9.763042626E0
1.302535186E1,6.057330370E-1,-1.101332754E-1,9.756371498E0,9.775777548E0
1.302735686E1,5.985504389E-1,-1.101332754E-1,9.753977776E0,9.772946046E0
1.302936100E1,5.961562395E-1,-1.149216816E-1,9.749189377E0,9.768075694E0
1.303136514E1,5.937620401E-1,-1.029506698E-1,9.739612579E0,9.758237822E0
1.303336850E1,5.985504389E-1,-1.029506698E-1,9.753977776E0,9.772867743E0
1.303537143E1,6.009446383E-1,-9.576806426E-2,9.763554573E0,9.782499879E0
1.303737425E1,5.961562395E-1,-9.337386489E-2,9.751583099E0,9.770235099E0
1.303937616E1,5.937620401E-1,-9.816227108E-2,9.751583099E0,9.770136239E0
1.304137976E1,5.889736414E-1,-1.005564705E-1,9.758766174E0,9.777040391E0
1.304338354E1,5.961562395E-1,-9.816227108E-2,9.761159897E0,9.779840521E0
1.304538733E1,5.961562395E-1,-1.101332754E-1,9.763554573E0,9.782358075E0
1.304739190E1,5.961562395E-1,-1.101332754E-1,9.761159897E0,9.779968003E0
1.304939604E1,5.961562395E-1,-1.125274822E-1,9.746794701E0,9.765657768E0
1.305140108E1,5.961562395E-1,-1.053448766E-1,9.758766174E0,9.777526121E0
1.305340643E1,5.937620401E-1,-1.029506698E-1,9.763554573E0,9.782134230E0
1.305541097E1,5.985504389E-1,-1.053448766E-1,9.765948296E0,9.784840637E0
1.305741495E1,5.913678408E-1,-1.101332754E-1,9.763554573E0,9.782067428E0
1.305941960E1,5.889736414E-1,-1.149216816E-1,9.765948296E0,9.784367279E0
1.306142374E1,5.913678408E-1,-1.197100878E-1,9.763554573E0,9.782179937E0
1.306342796E1,5.985504389E-1,-1.125274822E-1,9.773131371E0,9.792089759E0
1.306543245E1,5.937620401E-1,-1.173158810E-1,9.763554573E0,9.782295961E0
1.306743706E1,5.865794420E-1,-1.101332754E-1,9.753977776E0,9.772220179E0
1.306944147E1,5.841852427E-1,-1.125274822E-1,9.753977776E0,9.772104035E0
1.307144569E1,5.937620401E-1,-1.053448766E-1,9.756371498E0,9.774990318E0
1.307345018E1,5.889736414E-1,-1.101332754E-1,9.761159897E0,9.779532802E0
1.307545397E1,5.865794420E-1,-1.053448766E-1,9.768342972E0,9.786505883E0
1.307745800E1,5.937620401E-1,-1.053448766E-1,9.765948296E0,9.784548892E0
1.307946311E1,5.865794420E-1,-1.101332754E-1,9.761159897E0,9.779388903E0
1.308146827E1,5.937620401E-1,-1.029506698E-1,9.751583099E0,9.770185523E0
1.308347335E1,5.985504389E-1,-1.029506698E-1,9.746794701E0,9.765698562E0
1.308547811E1,5.985504389E-1,-1.053448766E-1,9.751583099E0,9.770503217E0
1.308748390E1,5.985504389E-1,-1.029506698E-1,9.756371498E0,9.775256839E0
1.308948925E1,5.961562395E-1,-1.029506698E-1,9.773131371E0,9.791838330E0
1.309149386E1,5.937620401E-1,-1.125274822E-1,9.756371498E0,9.775070363E0
1.309349823E1,5.961562395E-1,-1.125274822E-1,9.758766174E0,9.777606146E0
1.309550362E1,5.961562395E-1,-1.244984865E-1,9.758766174E0,9.777751244E0
1.309750788E1,5.841852427E-1,-1.244984865E-1,9.765948296E0,9.784197381E0
1.309951257E1,5.865794420E-1,-1.197100878E-1,9.770736694E0,9.789060297E0
1.310151651E1,5.913678408E-1,-1.173158810E-1,9.775525093E0,9.794098722E0
1.310352151E1,5.865794420E-1,-1.053448766E-1,9.775525093E0,9.793674685E0
1.310552636E1,5.817909837E-1,-1.005564705E-1,9.763554573E0,9.781389996E0
1.310753089E1,5.937620401E-1,-9.576806426E-2,9.758766174E0,9.777281940E0
1.310953534E1,5.961562395E-1,-9.576806426E-2,9.758766174E0,9.777427628E0
1.311154011E1,5.889736414E-1,-9.816227108E-2,9.770736694E0,9.788964262E0
1.311354460E1,5.889736414E-1,-1.029506698E-1,9.780313492E0,9.798572385E0
1.311554968E1,5.913678408E-1,-9.816227108E-2,9.765948296E0,9.784329199E0
1.311755409E1,5.985504389E-1,-1.029506698E-1,9.761159897E0,9.780035992E0
1.311955733E1,5.889736414E-1,-1.149216816E-1,9.758766174E0,9.777198688E0
1.312156065E1,5.817909837E-1,-1.101332754E-1,9.749189377E0,9.767154324E0
1.312356401E1,5.865794420E-1,-1.125274822E-1,9.756371498E0,9.774636703E0
1.312556726E1,5.817909837E-1,-1.053448766E-1,9.756371498E0,9.774270464E0
1.312757003E1,5.937620401E-1,-1.173158810E-1,9.756371498E0,9.775126658E0
1.312957311E1,5.937620401E-1,-1.149216816E-1,9.756371498E0,9.775098218E0
1.313157768E1,5.937620401E-1,-1.125274822E-1,9.768342972E0,9.787018964E0
1.313358136E1,5.961562395E-1,-1.101332754E-1,9.765948296E0,9.784747197E0
1.313558440E1,5.841852427E-1,-1.053448766E-1,9.770736694E0,9.788751988E0
1.313758737E1,5.770025849E-1,-1.149216816E-1,9.761159897E0,9.778874245E0
1.313959081E1,5.817909837E-1,-1.125274822E-1,9.761159897E0,9.779130110E0
1.314159378E1,6.009446383E-1,-1.101332754E-1,9.768342972E0,9.787430113E0
1.314359589E1,5.985504389E-1,-1.053448766E-1,9.761159897E0,9.780061488E0
1.314559722E1,5.913678408E-1,-1.053448766E-1,9.761159897E0,9.779624533E0
1.314759936E1,5.889736414E-1,-9.337386489E-2,9.756371498E0,9.774578939E0
1.314960214E1,5.961562395E-1,-9.576806426E-2,9.765948296E0,9.784596052E0
1.315160491E1,6.033388376E-1,-1.053448766E-1,9.761159897E0,9.780355711E0
1.315360780E1,5.889736414E-1,-1.077390760E-1,9.756371498E0,9.774726721E0
1.315561026E1,5.961562395E-1,-9.816227108E-2,9.756371498E0,9.775061274E0
1.315761335E1,5.889736414E-1,-9.576806426E-2,9.765948296E0,9.784161057E0
1.315961706E1,5.961562395E-1,-1.053448766E-1,9.758766174E0,9.777526121E0
1.316162030E1,5.961562395E-1,-1.101332754E-1,9.758766174E0,9.777578885E0
1.316362374E1,5.961562395E-1,-1.125274822E-1,9.749189377E0,9.768047819E0
1.316562608E1,5.961562395E-1,-1.197100878E-1,9.746794701E0,9.765743172E0
1.316762854E1,5.913678408E-1,-1.125274822E-1,9.737217903E0,9.755808057E0
1.316963061E1,5.889736414E-1,-1.053448766E-1,9.732429504E0,9.750803636E0
1.317163358E1,5.865794420E-1,-1.077390760E-1,9.746794701E0,9.765023814E0
1.317363757E1,5.865794420E-1,-1.149216816E-1,9.749189377E0,9.767495889E0
1.317564097E1,5.865794420E-1,-1.221042871E-1,9.761159897E0,9.779531043E0
1.317764370E1,5.889736414E-1,-1.149216816E-1,9.773131371E0,9.791536842E0
1.317964651E1,5.889736414E-1,-1.125274822E-1,9.770736694E0,9.789118854E0
1.318164979E1,5.889736414E-1,-1.173158810E-1,9.770736694E0,9.789175068E0
1.318365366E1,5.841852427E-1,-1.149216816E-1,9.775525093E0,9.793639274E0
1.318565671E1,5.865794420E-1,-1.101332754E-1,9.777919769E0,9.796117588E0
1.318765929E1,5.913678408E-1,-1.125274822E-1,9.773131371E0,9.791653341E0
1.318966151E1,5.985504389E-1,-1.125274822E-1,9.770736694E0,9.789699720E0
1.319166433E1,5.913678408E-1,-1.101332754E-1,9.775525093E0,9.794015321E0
1.319366706E1,5.913678408E-1,-1.149216816E-1,9.773131371E0,9.791681148E0
1.319567015E1,5.985504389E-1,-1.149216816E-1,9.763554573E0,9.782559354E0
1.319767308E1,5.937620401E-1,-1.197100878E-1,9.761159897E0,9.779934887E0
1.319967604E1,5.985504389E-1,-1.173158810E-1,9.777919769E0,9.796925061E0
1.320167878E1,5.961562395E-1,-1.125274822E-1,9.782708168E0,9.801502119E0
1.320368136E1,5.985504389E-1,-1.077390760E-1,9.787496567E0,9.806373406E0
1.320568491E1,5.841852427E-1,-1.005564705E-1,9.770736694E0,9.788701627E0
1.320768733E1,5.841852427E-1,-1.005564705E-1,9.753977776E0,9.771973519E0
1.320969081E1,5.889736414E-1,-1.077390760E-1,9.765948296E0,9.784285552E0
1.321169460E1,5.913678408E-1,-1.053448766E-1,9.751583099E0,9.770065834E0
1.321369858E1,5.865794420E-1,-1.029506698E-1,9.746794701E0,9.764972157E0
1.321570241E1,5.889736414E-1,-1.053448766E-1,9.744400978E0,9.762752579E0
1.321770589E1,5.937620401E-1,-1.077390760E-1,9.751583099E0,9.770237152E0
1.321970913E1,5.985504389E-1,-1.077390760E-1,9.739612579E0,9.758582045E0
1.322171354E1,5.961562395E-1,-1.005564705E-1,9.734824181E0,9.753579635E0
1.322371921E1,5.937620401E-1,-1.053448766E-1,9.744400978E0,9.763042626E0
1.322572347E1,6.033388376E-1,-1.077390760E-1,9.746794701E0,9.766044870E0
1.322772862E1,5.913678408E-1,-1.197100878E-1,9.751583099E0,9.770231285E0
1.322973390E1,5.961562395E-1,-1.029506698E-1,9.751583099E0,9.770331317E0
1.323173768E1,6.033388376E-1,-9.816227108E-2,9.749189377E0,9.768333895E0
1.323374245E1,5.961562395E-1,-1.101332754E-1,9.763554573E0,9.782358075E0
1.323574745E1,6.033388376E-1,-1.077390760E-1,9.768342972E0,9.787550760E0
1.323775237E1,5.937620401E-1,-1.125274822E-1,9.746794701E0,9.765511903E0
1.323975632E1,5.937620401E-1,-1.029506698E-1,9.751583099E0,9.770185523E0
1.324176061E1,5.985504389E-1,-1.029506698E-1,9.744400978E0,9.763309474E0
1.324376643E1,5.985504389E-1,-1.101332754E-1,9.753977776E0,9.772946046E0
1.324577120E1,5.961562395E-1,-1.077390760E-1,9.746794701E0,9.765603766E0
1.324777511E1,6.009446383E-1,-1.077390760E-1,9.746794701E0,9.765897250E0
1.324977956E1,6.009446383E-1,-1.005564705E-1,9.751583099E0,9.770599726E0
1.325178417E1,5.889736414E-1,-9.816227108E-2,9.749189377E0,9.767457156E0
1.325378792E1,5.889736414E-1,-1.005564705E-1,9.756371498E0,9.774650191E0
1.325579128E1,5.961562395E-1,-1.053448766E-1,9.753977776E0,9.772746914E0
1.325779534E1,6.033388376E-1,-9.576806426E-2,9.756371498E0,9.775478202E0
1.325979909E1,5.913678408E-1,-9.337386489E-2,9.758766174E0,9.777113677E0
1.326180276E1,5.913678408E-1,-1.005564705E-1,9.763554573E0,9.781964293E0
1.326380706E1,5.865794420E-1,-1.029506698E-1,9.770736694E0,9.788869691E0
1.326581112E1,5.913678408E-1,-1.125274822E-1,9.763554573E0,9.782094676E0
1.326781499E1,5.985504389E-1,-1.173158810E-1,9.753977776E0,9.773029627E0
1.326981882E1,5.961562395E-1,-1.125274822E-1,9.753977776E0,9.772826978E0
1.327182253E1,5.985504389E-1,-1.125274822E-1,9.773131371E0,9.792089759E0
1.327382542E1,5.913678408E-1,-1.221042871E-1,9.756371498E0,9.775040163E0
1.327582917E1,5.961562395E-1,-1.221042871E-1,9.765948296E0,9.784889260E0
1.327783261E1,5.913678408E-1,-1.197100878E-1,9.773131371E0,9.791738518E0
1.327983651E1,5.961562395E-1,-1.149216816E-1,9.782708168E0,9.801529899E0
1.328184120E1,5.937620401E-1,-1.053448766E-1,9.770736694E0,9.789328192E0
1.328384472E1,5.961562395E-1,-1.125274822E-1,9.768342972E0,9.787164508E0
1.328584893E1,5.961562395E-1,-1.173158810E-1,9.770736694E0,9.789609840E0
1.328785265E1,5.961562395E-1,-1.053448766E-1,9.770736694E0,9.789473702E0
1.328985640E1,5.913678408E-1,-1.053448766E-1,9.763554573E0,9.782014689E0
1.329186034E1,5.913678408E-1,-1.149216816E-1,9.756371498E0,9.774953080E0
1.329386425E1,5.889736414E-1,-1.101332754E-1,9.749189377E0,9.767584798E0
1.329586792E1,5.961562395E-1,-1.101332754E-1,9.749189377E0,9.768020532E0
1.329787143E1,5.961562395E-1,-1.173158810E-1,9.749189377E0,9.768104155E0
1.329987507E1,5.937620401E-1,-1.029506698E-1,9.742006302E0,9.760626977E0
1.330187811E1,5.985504389E-1,-1.077390760E-1,9.751583099E0,9.770529324E0
1.330388163E1,6.009446383E-1,-1.005564705E-1,9.744400978E0,9.763431594E0
1.330588472E1,5.913678408E-1,-1.005564705E-1,9.744400978E0,9.762846816E0
1.330788737E1,5.841852427E-1,-1.053448766E-1,9.746794701E0,9.764854166E0
1.330989089E1,5.889736414E-1,-1.149216816E-1,9.739612579E0,9.758081273E0
1.331189393E1,5.913678408E-1,-1.149216816E-1,9.746794701E0,9.765394506E0
1.331389632E1,5.913678408E-1,-1.077390760E-1,9.746794701E0,9.765312620E0
1.331589901E1,5.937620401E-1,-1.101332754E-1,9.749189377E0,9.767874703E0
1.331790222E1,6.009446383E-1,-1.149216816E-1,9.751583099E0,9.770758128E0
1.331990663E1,5.961562395E-1,-1.173158810E-1,9.751583099E0,9.770493244E0
1.332190972E1,5.985504389E-1,-1.053448766E-1,9.751583099E0,9.770503217E0
1.332391382E1,5.961562395E-1,-1.077390760E-1,9.761159897E0,9.779941334E0
1.332591749E1,5.985504389E-1,-1.197100878E-1,9.758766174E0,9.777837715E0
1.332792065E1,5.937620401E-1,-1.197100878E-1,9.758766174E0,9.777545761E0
1.332992311E1,5.841852427E-1,-1.173158810E-1,9.763554573E0,9.781719343E0
1.333192589E1,5.865794420E-1,-1.101332754E-1,9.782708168E0,9.800897096E0
1.333392925E1,5.865794420E-1,-1.101332754E-1,9.768342972E0,9.786558598E0
1.333593300E1,5.961562395E-1,-9.576806426E-2,9.756371498E0,9.775037524E0
1.333793710E1,5.961562395E-1,-1.077390760E-1,9.770736694E0,9.789499758E0
1.333994206E1,5.865794420E-1,-1.101332754E-1,9.770736694E0,9.788947866E0
1.334194569E1,5.937620401E-1,-1.053448766E-1,9.765948296E0,9.784548892E0
1.334394956E1,5.865794420E-1,-1.029506698E-1,9.765948296E0,9.784090167E0
1.334595417E1,5.961562395E-1,-1.101332754E-1,9.758766174E0,9.777578885E0
1.334795815E1,5.961562395E-1,-1.053448766E-1,9.753977776E0,9.772746914E0
1.334996202E1,5.985504389E-1,-1.053448766E-1,9.749189377E0,9.768114131E0
1.335196522E1,5.937620401E-1,-9.816227108E-2,9.761159897E0,9.779694869E0
1.335396862E1,5.913678408E-1,-1.053448766E-1,9.763554573E0,9.782014689E0
1.335597198E1,5.913678408E-1,-1.101332754E-1,9.753977776E0,9.772508772E0
1.335797593E1,5.913678408E-1,-1.101332754E-1,9.758766174E0,9.777288096E0
1.335998030E1,5.937620401E-1,-1.101332754E-1,9.763554573E0,9.782212459E0
1.336198499E1,5.985504389E-1,-9.816227108E-2,9.753977776E0,9.772818473E0
1.336398893E1,5.961562395E-1,-9.576806426E-2,9.751583099E0,9.770258273E0
1.336599425E1,5.937620401E-1,-1.029506698E-1,9.761159897E0,9.779744104E0
1.336799913E1,5.889736414E-1,-1.077390760E-1,9.765948296E0,9.784285552E0
1.337000296E1,5.889736414E-1,-1.029506698E-1,9.765948296E0,9.784233997E0
1.337200683E1,5.841852427E-1,-1.077390760E-1,9.775525093E0,9.793557625E0
1.337401034E1,5.865794420E-1,-1.101332754E-1,9.761159897E0,9.779388903E0
1.337601280E1,5.913678408E-1,-1.149216816E-1,9.763554573E0,9.782122511E0
1.337801561E1,5.913678408E-1,-1.173158810E-1,9.765948296E0,9.784540104E0
1.338001886E1,5.889736414E-1,-1.077390760E-1,9.777919769E0,9.796234617E0
1.338202237E1,5.793967843E-1,-1.149216816E-1,9.780313492E0,9.798134497E0
1.338402636E1,5.937620401E-1,-1.053448766E-1,9.777919769E0,9.796497635E0
1.338602987E1,5.913678408E-1,-1.053448766E-1,9.773131371E0,9.791573431E0
1.338803440E1,5.841852427E-1,-1.149216816E-1,9.761159897E0,9.779300687E0
1.339003874E1,5.985504389E-1,-1.149216816E-1,9.761159897E0,9.780169331E0
1.339204319E1,5.937620401E-1,-1.149216816E-1,9.751583099E0,9.770318997E0
1.339404761E1,5.961562395E-1,-1.173158810E-1,9.749189377E0,9.768104155E0
1.339605288E1,5.937620401E-1,-1.125274822E-1,9.734824181E0,9.753564355E0
1.339805784E1,5.937620401E-1,-1.077390760E-1,9.744400978E0,9.763068754E0
1.340006362E1,6.033388376E-1,-1.197100878E-1,9.749189377E0,9.768574193E0
1.340206886E1,5.937620401E-1,-1.244984865E-1,9.737217903E0,9.756098899E0
1.340407366E1,5.937620401E-1,-1.244984865E-1,9.730035782E0,9.748930688E0
1.340607831E1,5.937620401E-1,-1.244984865E-1,9.746794701E0,9.765657181E0
1.340808358E1,5.937620401E-1,-1.173158810E-1,9.765948296E0,9.784685099E0
1.341008776E1,5.937620401E-1,-1.149216816E-1,9.768342972E0,9.787046785E0
1.341209218E1,5.961562395E-1,-1.149216816E-1,9.761159897E0,9.780023097E0
1.341409733E1,5.865794420E-1,-1.101332754E-1,9.756371498E0,9.774609434E0
1.341610136E1,5.913678408E-1,-1.221042871E-1,9.758766174E0,9.777430267E0
1.341810561E1,5.961562395E-1,-1.173158810E-1,9.761159897E0,9.780051524E0
1.342011089E1,5.865794420E-1,-1.125274822E-1,9.761159897E0,9.779416159E0
1.342211604E1,5.865794420E-1,-9.576806426E-2,9.763554573E0,9.781627925E0
1.342412140E1,5.889736414E-1,-1.005564705E-1,9.751583099E0,9.769870751E0
1.342612546E1,5.961562395E-1,-1.005564705E-1,9.749189377E0,9.767917248E0
1.342812944E1,5.841852427E-1,-1.101332754E-1,9.751583099E0,9.769686519E0
1.343013456E1,5.841852427E-1,-1.173158810E-1,9.756371498E0,9.774549617E0
1.343213968E1,5.913678408E-1,-1.125274822E-1,9.749189377E0,9.767756747E0
1.343414425E1,5.913678408E-1,-1.053448766E-1,9.746794701E0,9.765286499E0
1.343614936E1,5.937620401E-1,-9.816227108E-2,9.765948296E0,9.784474197E0
1.343815393E1,5.937620401E-1,-1.005564705E-1,9.763554573E0,9.782109326E0
1.344015831E1,5.985504389E-1,-9.576806426E-2,9.758766174E0,9.777573901E0
1.344216226E1,5.985504389E-1,-1.029506698E-1,9.753977776E0,9.772867743E0
1.344416608E1,5.985504389E-1,-1.125274822E-1,9.777919769E0,9.796868891E0
1.344617022E1,5.961562395E-1,-1.101332754E-1,9.780313492E0,9.799084835E0
1.344817268E1,5.889736414E-1,-1.149216816E-1,9.770736694E0,9.789146668E0
1.345017530E1,5.889736414E-1,-1.101332754E-1,9.761159897E0,9.779532802E0
1.345217831E1,5.961562395E-1,-1.149216816E-1,9.763554573E0,9.782413156E0
1.345418089E1,6.057330370E-1,-1.149216816E-1,9.763554573E0,9.783001452E0
1.345618432E1,6.009446383E-1,-1.077390760E-1,9.758766174E0,9.777845336E0
1.345818714E1,5.985504389E-1,-1.101332754E-1,9.756371498E0,9.775335123E0
1.346019038E1,6.033388376E-1,-1.125274822E-1,9.761159897E0,9.780435712E0
1.346219440E1,5.985504389E-1,-1.149216816E-1,9.765948296E0,9.784948428E0
1.346419835E1,5.937620401E-1,-1.101332754E-1,9.753977776E0,9.772653946E0
1.346620214E1,5.937620401E-1,-1.077390760E-1,9.777919769E0,9.796523673E0
1.346820585E1,5.817909837E-1,-1.077390760E-1,9.770736694E0,9.788635452E0
1.347020909E1,5.913678408E-1,-1.029506698E-1,9.761159897E0,9.779599036E0
1.347221304E1,5.889736414E-1,-1.125274822E-1,9.756371498E0,9.774780672E0
1.347421628E1,5.841852427E-1,-1.125274822E-1,9.758766174E0,9.776883556E0
1.347621952E1,5.841852427E-1,-1.221042871E-1,9.753977776E0,9.772219006E0
1.347822343E1,5.841852427E-1,-1.053448766E-1,9.763554573E0,9.781583095E0
1.348022780E1,5.817909837E-1,-1.029506698E-1,9.765948296E0,9.783804255E0
1.348223155E1,5.865794420E-1,-1.077390760E-1,9.753977776E0,9.772193490E0
1.348423655E1,5.913678408E-1,-1.005564705E-1,9.749189377E0,9.767626172E0
1.348624034E1,5.985504389E-1,-1.077390760E-1,9.753977776E0,9.772919358E0
1.348824479E1,6.033388376E-1,-1.077390760E-1,9.756371498E0,9.775602809E0
1.349024913E1,6.009446383E-1,-1.077390760E-1,9.758766174E0,9.777845336E0
1.349225264E1,5.961562395E-1,-1.077390760E-1,9.753977776E0,9.772773016E0
1.349425632E1,5.913678408E-1,-1.029506698E-1,9.763554573E0,9.781989198E0
1.349625929E1,5.865794420E-1,-1.029506698E-1,9.758766174E0,9.776921373E0
1.349826339E1,5.937620401E-1,-1.005564705E-1,9.753977776E0,9.772550712E0
1.350026659E1,5.937620401E-1,-1.029506698E-1,9.761159897E0,9.779744104E0
1.350226999E1,5.865794420E-1,-1.053448766E-1,9.753977776E0,9.772167387E0
1.350427425E1,5.985504389E-1,-1.005564705E-1,9.770736694E0,9.789569438E0
1.350627815E1,6.033388376E-1,-1.053448766E-1,9.768342972E0,9.787524698E0
1.350828167E1,6.009446383E-1,-1.005564705E-1,9.753977776E0,9.772989743E0
1.351028651E1,5.937620401E-1,-9.576806426E-2,9.761159897E0,9.779671130E0
1.351229194E1,5.841852427E-1,-1.029506698E-1,9.753977776E0,9.771998449E0
1.351429655E1,5.865794420E-1,-1.029506698E-1,9.770736694E0,9.788869691E0
1.351630183E1,5.889736414E-1,-1.101332754E-1,9.763554573E0,9.781922980E0
1.351830577E1,6.009446383E-1,-1.173158810E-1,9.761159897E0,9.780344575E0
1.352030948E1,5.985504389E-1,-1.173158810E-1,9.765948296E0,9.784976840E0
1.352231327E1,5.937620401E-1,-1.149216816E-1,9.765948296E0,9.784656686E0
1.352431847E1,5.937620401E-1,-1.149216816E-1,9.761159897E0,9.779877447E0
1.352632280E1,6.009446383E-1,-1.077390760E-1,9.758766174E0,9.777845336E0
1.352832772E1,5.865794420E-1,-1.077390760E-1,9.753977776E0,9.772193490E0
1.353033265E1,5.793967843E-1,-1.029506698E-1,9.753977776E0,9.771713356E0
1.353233757E1,5.865794420E-1,-9.576806426E-2,9.765948296E0,9.784017226E0
1.353434261E1,5.913678408E-1,-1.053448766E-1,9.756371498E0,9.774845179E0
1.353634722E1,5.865794420E-1,-1.101332754E-1,9.756371498E0,9.774609434E0
1.353835179E1,5.865794420E-1,-1.101332754E-1,9.746794701E0,9.765050523E0
1.354035643E1,5.889736414E-1,-1.149216816E-1,9.744400978E0,9.762860614E0
1.354236171E1,5.889736414E-1,-1.101332754E-1,9.742006302E0,9.760415261E0
1.354436546E1,5.793967843E-1,-1.101332754E-1,9.753977776E0,9.771791669E0
1.354636991E1,5.841852427E-1,-1.197100878E-1,9.746794701E0,9.765019705E0
1.354837417E1,5.841852427E-1,-1.149216816E-1,9.746794701E0,9.764962177E0
1.355037890E1,5.937620401E-1,-1.101332754E-1,9.749189377E0,9.767874703E0
1.355238335E1,5.985504389E-1,-1.053448766E-1,9.765948296E0,9.784840637E0
1.355438714E1,6.033388376E-1,-1.029506698E-1,9.756371498E0,9.775551207E0
1.355639237E1,6.009446383E-1,-1.053448766E-1,9.751583099E0,9.770650180E0
1.355839682E1,6.033388376E-1,-1.101332754E-1,9.761159897E0,9.780408459E0
1.356040069E1,6.033388376E-1,-1.125274822E-1,9.765948296E0,9.785214678E0
1.356240554E1,5.985504389E-1,-1.029506698E-1,9.763554573E0,9.782426047E0
1.356441026E1,5.985504389E-1,-1.125274822E-1,9.763554573E0,9.782531521E0
1.356641503E1,6.009446383E-1,-1.197100878E-1,9.749189377E0,9.768426612E0
1.356842022E1,6.009446383E-1,-1.149216816E-1,9.756371498E0,9.775537134E0
1.357042526E1,5.961562395E-1,-1.149216816E-1,9.763554573E0,9.782413156E0
1.357243022E1,5.985504389E-1,-1.197100878E-1,9.753977776E0,9.773058660E0
1.357443499E1,6.009446383E-1,-1.077390760E-1,9.756371498E0,9.775455333E0
1.357643940E1,6.033388376E-1,-1.077390760E-1,9.763554573E0,9.782771763E0
1.357844460E1,5.937620401E-1,-1.125274822E-1,9.763554573E0,9.782239708E0
1.358044909E1,5.937620401E-1,-1.101332754E-1,9.753977776E0,9.772653946E0
1.358245343E1,5.841852427E-1,-1.053448766E-1,9.761159897E0,9.779192833E0
1.358445811E1,5.793967843E-1,-1.125274822E-1,9.753977776E0,9.771818946E0
1.358646296E1,5.793967843E-1,-1.053448766E-1,9.763554573E0,9.781298282E0
1.358846792E1,5.889736414E-1,-1.125274822E-1,9.761159897E0,9.779560057E0
1.359047226E1,5.937620401E-1,-1.197100878E-1,9.761159897E0,9.779934887E0
1.359247679E1,5.913678408E-1,-1.173158810E-1,9.758766174E0,9.777371640E0
1.359448124E1,5.865794420E-1,-1.125274822E-1,9.756371498E0,9.774636703E0
1.359648647E1,5.913678408E-1,-1.101332754E-1,9.753977776E0,9.772508772E0
1.359849140E1,5.937620401E-1,-1.005564705E-1,9.756371498E0,9.774939886E0
1.360049640E1,5.889736414E-1,-1.005564705E-1,9.770736694E0,9.788988564E0
1.360250140E1,5.937620401E-1,-9.816227108E-2,9.753977776E0,9.772526369E0
1.360450698E1,5.937620401E-1,-9.337386489E-2,9.761159897E0,9.779647978E0
1.360651300E1,5.937620401E-1,-9.576806426E-2,9.773131371E0,9.791619972E0
1.360851929E1,5.889736414E-1,-9.337386489E-2,9.768342972E0,9.786528140E0
1.361052483E1,5.770025849E-1,-1.029506698E-1,9.770736694E0,9.788300484E0
1.361253046E1,5.722141862E-1,-1.005564705E-1,9.763554573E0,9.780825046E0
1.361453608E1,5.961562395E-1,-1.077390760E-1,9.751583099E0,9.770382946E0
1.361654151E1,5.961562395E-1,-1.125274822E-1,9.753977776E0,9.772826978E0
1.361854589E1,5.985504389E-1,-1.029506698E-1,9.758766174E0,9.777646890E0
1.362055089E1,5.937620401E-1,-1.101332754E-1,9.770736694E0,9.789380892E0
1.362255643E1,5.961562395E-1,-1.125274822E-1,9.765948296E0,9.784774438E0
1.362456136E1,5.985504389E-1,-1.077390760E-1,9.765948296E0,9.784866706E0
1.362656671E1,5.913678408E-1,-1.053448766E-1,9.775525093E0,9.793962646E0
1.362857136E1,5.889736414E-1,-1.077390760E-1,9.777919769E0,9.796234617E0
1.363057663E1,5.913678408E-1,-1.077390760E-1,9.773131371E0,9.791599482E0
1.363258171E1,5.841852427E-1,-1.005564705E-1,9.773131371E0,9.791091910E0
1.363458683E1,5.865794420E-1,-1.005564705E-1,9.775525093E0,9.793624349E0
1.363659194E1,5.913678408E-1,-1.029506698E-1,9.775525093E0,9.793937186E0
1.363859737E1,5.961562395E-1,-1.029506698E-1,9.773131371E0,9.791838330E0
1.364060151E1,5.937620401E-1,-1.053448766E-1,9.768342972E0,9.786939017E0
1.364260616E1,5.985504389E-1,-1.029506698E-1,9.768342972E0,9.787205213E0
1.364461124E1,6.009446383E-1,-1.173158810E-1,9.753977776E0,9.773176552E0
1.364661628E1,5.937620401E-1,-1.197100878E-1,9.751583099E0,9.770376493E0
1.364862159E1,5.985504389E-1,-1.077390760E-1,9.758766174E0,9.777698481E0
1.365062628E1,6.033388376E-1,-1.029506698E-1,9.753977776E0,9.773162182E0
1.365263108E1,6.009446383E-1,-1.101332754E-1,9.749189377E0,9.768313944E0
1.365463569E1,5.961562395E-1,-1.077390760E-1,9.749189377E0,9.767993831E0
1.365664011E1,5.985504389E-1,-1.053448766E-1,9.751583099E0,9.770503217E0
1.365864468E1,6.009446383E-1,-1.005564705E-1,9.749189377E0,9.768210664E0
1.366064936E1,5.985504389E-1,-9.097966552E-2,9.751583099E0,9.770358892E0
1.366265417E1,5.985504389E-1,-9.816227108E-2,9.758766174E0,9.777597645E0
1.366465944E1,5.889736414E-1,-1.053448766E-1,9.765948296E0,9.784259482E0
1.366666429E1,5.913678408E-1,-1.053448766E-1,9.751583099E0,9.770065834E0
1.366866933E1,5.841852427E-1,-1.053448766E-1,9.749189377E0,9.767244414E0
1.367067472E1,5.865794420E-1,-1.077390760E-1,9.751583099E0,9.769803278E0
1.367267878E1,5.865794420E-1,-9.576806426E-2,9.753977776E0,9.772068840E0
1.367468268E1,5.913678408E-1,-1.101332754E-1,9.749189377E0,9.767729458E0
1.367668819E1,5.889736414E-1,-1.149216816E-1,9.746794701E0,9.765249811E0
1.367869315E1,5.817909837E-1,-1.101332754E-1,9.749189377E0,9.767154324E0
1.368069768E1,5.865794420E-1,-1.125274822E-1,9.756371498E0,9.774636703E0
1.368270257E1,5.889736414E-1,-1.101332754E-1,9.765948296E0,9.784312209E0
1.368470835E1,5.841852427E-1,-1.101332754E-1,9.770736694E0,9.788804691E0
1.368671350E1,5.841852427E-1,-1.101332754E-1,9.775525093E0,9.793584256E0
1.368871956E1,5.937620401E-1,-1.173158810E-1,9.777919769E0,9.796633676E0
1.369072417E1,5.889736414E-1,-1.125274822E-1,9.768342972E0,9.786729627E0
1.369272964E1,5.817909837E-1,-1.149216816E-1,9.773131371E0,9.791107421E0
1.369473425E1,5.937620401E-1,-1.197100878E-1,9.761159897E0,9.779934887E0
1.369673850E1,5.937620401E-1,-1.221042871E-1,9.763554573E0,9.782354559E0
1.369874378E1,5.913678408E-1,-1.149216816E-1,9.761159897E0,9.779732381E0
1.370074929E1,5.889736414E-1,-1.197100878E-1,9.758766174E0,9.777256144E0
1.370275343E1,5.889736414E-1,-1.197100878E-1,9.758766174E0,9.777256144E0
1.370475768E1,5.985504389E-1,-1.173158810E-1,9.763554573E0,9.782587773E0
1.370676218E1,6.057330370E-1,-1.173158810E-1,9.763554573E0,9.783029870E0
1.370876647E1,6.105214357E-1,-1.292868853E-1,9.751583099E0,9.771531327E0
1.371077081E1,6.057330370E-1,-1.197100878E-1,9.758766174E0,9.778280026E0
1.371277522E1,6.033388376E-1,-1.101332754E-1,9.749189377E0,9.768461527E0
1.371477979E1,5.961562395E-1,-1.077390760E-1,9.753977776E0,9.772773016E0
1.371678413E1,6.009446383E-1,-1.173158810E-1,9.763554573E0,9.782734555E0
1.371878776E1,5.985504389E-1,-1.173158810E-1,9.753977776E0,9.773029627E0
1.372079190E1,5.913678408E-1,-1.149216816E-1,9.746794701E0,9.765394506E0
1.372279507E1,5.937620401E-1,-1.101332754E-1,9.749189377E0,9.767874703E0
1.372479890E1,5.913678408E-1,-1.029506698E-1,9.746794701E0,9.765260964E0
1.372680222E1,5.841852427E-1,-1.125274822E-1,9.751583099E0,9.769713802E0
1.372880561E1,5.961562395E-1,-1.053448766E-1,9.737217903E0,9.756019285E0
1.373080952E1,5.913678408E-1,-1.197100878E-1,9.744400978E0,9.763062883E0
1.373281308E1,5.865794420E-1,-1.077390760E-1,9.761159897E0,9.779362233E0
1.373481690E1,5.841852427E-1,-1.077390760E-1,9.763554573E0,9.781609173E0
1.373682124E1,5.865794420E-1,-1.077390760E-1,9.763554573E0,9.781752453E0
1.373882550E1,5.913678408E-1,-1.149216816E-1,9.763554573E0,9.782122511E0
1.374082913E1,5.889736414E-1,-1.029506698E-1,9.753977776E0,9.772285876E0
1.374283171E1,5.913678408E-1,-1.029506698E-1,9.751583099E0,9.770040312E0
1.374483472E1,5.913678408E-1,-1.029506698E-1,9.761159897E0,9.779599036E0
1.374683917E1,5.937620401E-1,-1.029506698E-1,9.758766174E0,9.777354931E0
1.374884331E1,5.865794420E-1,-1.029506698E-1,9.770736694E0,9.788869691E0
1.375084757E1,5.937620401E-1,-1.029506698E-1,9.765948296E0,9.784523408E0
1.375285112E1,6.009446383E-1,-1.005564705E-1,9.768342972E0,9.787327034E0
1.375485491E1,5.841852427E-1,-1.029506698E-1,9.763554573E0,9.781557603E0
1.375685999E1,5.865794420E-1,-9.097966552E-2,9.756371498E0,9.774412389E0
1.375886476E1,5.841852427E-1,-8.858546615E-2,9.753977776E0,9.771857665E0
1.376086948E1,5.961562395E-1,-9.097966552E-2,9.758766174E0,9.777381899E0
1.376287456E1,5.985504389E-1,-9.337386489E-2,9.770736694E0,9.789498294E0
1.376487979E1,5.889736414E-1,-8.619125932E-2,9.761159897E0,9.779292480E0
1.376688444E1,5.865794420E-1,-9.576806426E-2,9.753977776E0,9.772068840E0
1.376888917E1,5.889736414E-1,-1.029506698E-1,9.749189377E0,9.767506452E0
1.377089425E1,5.913678408E-1,-1.125274822E-1,9.768342972E0,9.786874004E0
1.377290054E1,5.961562395E-1,-1.077390760E-1,9.756371498E0,9.775162136E0
1.377490561E1,5.889736414E-1,-1.125274822E-1,9.753977776E0,9.772391459E0
1.377690983E1,5.865794420E-1,-1.101332754E-1,9.749189377E0,9.767440723E0
1.377891444E1,5.937620401E-1,-1.053448766E-1,9.751583099E0,9.770211044E0
1.378091835E1,5.985504389E-1,-1.005564705E-1,9.765948296E0,9.784790255E0
1.378292272E1,5.985504389E-1,-1.029506698E-1,9.761159897E0,9.780035992E0
1.378492706E1,5.961562395E-1,-1.053448766E-1,9.753977776E0,9.772746914E0
1.378693167E1,5.937620401E-1,-1.197100878E-1,9.763554573E0,9.782324967E0
1.378893604E1,6.033388376E-1,-1.149216816E-1,9.770736694E0,9.790021466E0
1.379093991E1,6.033388376E-1,-1.125274822E-1,9.763554573E0,9.782825670E0
1.379294350E1,5.961562395E-1,-1.221042871E-1,9.765948296E0,9.784889260E0
1.379494788E1,5.937620401E-1,-1.197100878E-1,9.756371498E0,9.775155685E0
1.379695186E1,5.937620401E-1,-1.173158810E-1,9.749189377E0,9.767958327E0
1.379895702E1,5.889736414E-1,-1.125274822E-1,9.753977776E0,9.772391459E0
1.380096132E1,5.913678408E-1,-1.173158810E-1,9.756371498E0,9.774981522E0
1.380296647E1,5.865794420E-1,-1.173158810E-1,9.758766174E0,9.777083190E0
1.380497171E1,5.961562395E-1,-1.197100878E-1,9.751583099E0,9.770522284E0
1.380697632E1,5.913678408E-1,-1.149216816E-1,9.751583099E0,9.770173789E0
1.380898194E1,5.913678408E-1,-1.149216816E-1,9.751583099E0,9.770173789E0
1.381098643E1,5.817909837E-1,-1.149216816E-1,9.756371498E0,9.774378372E0
1.381299003E1,5.865794420E-1,-1.077390760E-1,9.763554573E0,9.781752453E0
1.381499491E1,5.793967843E-1,-1.101332754E-1,9.753977776E0,9.771791669E0
1.381700007E1,5.841852427E-1,-1.077390760E-1,9.753977776E0,9.772050069E0
1.381900495E1,5.841852427E-1,-1.005564705E-1,9.756371498E0,9.774362834E0
1.382101077E1,5.889736414E-1,-1.077390760E-1,9.761159897E0,9.779506132E0
1.382301628E1,5.889736414E-1,-1.029506698E-1,9.770736694E0,9.789013451E0
1.382502214E1,5.841852427E-1,-1.077390760E-1,9.758766174E0,9.776829617E0
1.382702827E1,5.937620401E-1,-1.101332754E-1,9.765948296E0,9.784601617E0
1.382903413E1,5.961562395E-1,-1.053448766E-1,9.775525093E0,9.794252940E0
1.383103909E1,5.985504389E-1,-1.029506698E-1,9.789890289E0,9.808711095E0
1.383304393E1,5.961562395E-1,-1.053448766E-1,9.792284966E0,9.810980820E0
1.383504909E1,5.913678408E-1,-1.101332754E-1,9.782708168E0,9.801184845E0
1.383705261E1,5.913678408E-1,-1.101332754E-1,9.775525093E0,9.794015321E0
1.383905589E1,6.057330370E-1,-1.053448766E-1,9.777919769E0,9.797230480E0
1.384105968E1,6.009446383E-1,-1.005564705E-1,9.770736694E0,9.789716115E0
1.384306308E1,6.033388376E-1,-1.053448766E-1,9.765948296E0,9.785134716E0
1.384506690E1,5.961562395E-1,-1.029506698E-1,9.763554573E0,9.782279847E0
1.384707112E1,5.937620401E-1,-1.053448766E-1,9.761159897E0,9.779769600E0
1.384907432E1,5.937620401E-1,-1.101332754E-1,9.756371498E0,9.775043095E0
1.385107792E1,5.865794420E-1,-1.053448766E-1,9.749189377E0,9.767387905E0
1.385308206E1,5.865794420E-1,-1.125274822E-1,9.746794701E0,9.765077819E0
1.385508565E1,5.865794420E-1,-1.125274822E-1,9.746794701E0,9.765077819E0
1.385708952E1,5.913678408E-1,-1.077390760E-1,9.746794701E0,9.765312620E0
1.385909378E1,5.841852427E-1,-1.053448766E-1,9.742006302E0,9.760074627E0
1.386109780E1,5.913678408E-1,-1.053448766E-1,9.727641106E0,9.746169245E0
1.386310261E1,5.913678408E-1,-1.053448766E-1,9.730035782E0,9.748559370E0
1.386510671E1,5.913678408E-1,-1.077390760E-1,9.732429504E0,9.750974705E0
1.386711038E1,5.913678408E-1,-1.077390760E-1,9.737217903E0,9.755754001E0
1.386911448E1,5.937620401E-1,-1.077390760E-1,9.739612579E0,9.758289515E0
1.387111839E1,5.913678408E-1,-1.029506698E-1,9.761159897E0,9.779599036E0
1.387312186E1,5.841852427E-1,-1.101332754E-1,9.765948296E0,9.784025135E0
1.387512542E1,5.841852427E-1,-1.077390760E-1,9.756371498E0,9.774439366E0
1.387712952E1,5.985504389E-1,-1.077390760E-1,9.751583099E0,9.770529324E0
1.387913511E1,5.937620401E-1,-1.077390760E-1,9.765948296E0,9.784574962E0
1.388113936E1,5.985504389E-1,-1.077390760E-1,9.763554573E0,9.782477612E0
1.388314276E1,6.009446383E-1,-1.053448766E-1,9.768342972E0,9.787377402E0
1.388514690E1,6.009446383E-1,-1.005564705E-1,9.756371498E0,9.775378810E0
1.388715104E1,5.937620401E-1,-1.125274822E-1,9.758766174E0,9.777460460E0
1.388915679E1,5.889736414E-1,-1.101332754E-1,9.758766174E0,9.777143577E0
1.389116206E1,5.937620401E-1,-1.029506698E-1,9.758766174E0,9.777354931E0
1.389316690E1,5.961562395E-1,-1.149216816E-1,9.768342972E0,9.787192328E0
1.389517171E1,5.937620401E-1,-1.125274822E-1,9.758766174E0,9.777460460E0
1.389717616E1,5.937620401E-1,-1.149216816E-1,9.753977776E0,9.772709082E0
1.389918077E1,5.889736414E-1,-1.149216816E-1,9.758766174E0,9.777198688E0
1.390118495E1,5.817909837E-1,-1.173158810E-1,9.753977776E0,9.772017510E0
1.390318921E1,5.937620401E-1,-1.125274822E-1,9.753977776E0,9.772681221E0
1.390519268E1,5.961562395E-1,-1.005564705E-1,9.753977776E0,9.772696471E0
1.390719698E1,5.961562395E-1,-1.149216816E-1,9.758766174E0,9.777633993E0
1.390920081E1,5.937620401E-1,-1.101332754E-1,9.744400978E0,9.763095468E0
1.391120526E1,5.913678408E-1,-1.029506698E-1,9.758766174E0,9.777209827E0
1.391320979E1,5.889736414E-1,-1.053448766E-1,9.775525093E0,9.793818374E0
1.391521440E1,5.865794420E-1,-1.005564705E-1,9.765948296E0,9.784065267E0
1.391721893E1,5.913678408E-1,-1.029506698E-1,9.751583099E0,9.770040312E0
1.391922229E1,5.865794420E-1,-1.029506698E-1,9.753977776E0,9.772141870E0
1.392122589E1,5.937620401E-1,-1.029506698E-1,9.763554573E0,9.782134230E0
1.392323022E1,5.913678408E-1,-1.029506698E-1,9.761159897E0,9.779599036E0
1.392523491E1,5.865794420E-1,-1.053448766E-1,9.751583099E0,9.769777169E0
1.392723905E1,5.937620401E-1,-1.029506698E-1,9.746794701E0,9.765406245E0
1.392924245E1,5.913678408E-1,-9.576806426E-2,9.756371498E0,9.774746659E0
1.393124651E1,5.865794420E-1,-1.005564705E-1,9.749189377E0,9.767337434E0
1.393325003E1,5.889736414E-1,-1.029506698E-1,9.742006302E0,9.760336858E0
1.393525409E1,6.057330370E-1,-1.101332754E-1,9.753977776E0,9.773388578E0
1.393725921E1,6.009446383E-1,-1.149216816E-1,9.756371498E0,9.775537134E0
1.393926476E1,5.985504389E-1,-1.101332754E-1,9.742006302E0,9.760997836E0
1.394126827E1,5.937620401E-1,-1.077390760E-1,9.749189377E0,9.767848001E0
1.394327233E1,5.985504389E-1,-1.125274822E-1,9.742006302E0,9.761025143E0
1.394527620E1,5.889736414E-1,-1.197100878E-1,9.746794701E0,9.765307337E0
1.394727995E1,5.913678408E-1,-1.101332754E-1,9.753977776E0,9.772508772E0
1.394928405E1,5.913678408E-1,-1.101332754E-1,9.761159897E0,9.779677285E0
1.395128776E1,5.961562395E-1,-1.053448766E-1,9.751583099E0,9.770356838E0
1.395329159E1,5.889736414E-1,-1.053448766E-1,9.765948296E0,9.784259482E0
1.395529526E1,5.841852427E-1,-1.125274822E-1,9.782708168E0,9.800781292E0
1.395729936E1,5.889736414E-1,-1.029506698E-1,9.768342972E0,9.786624199E0
1.395930417E1,6.009446383E-1,-1.005564705E-1,9.756371498E0,9.775378810E0
1.396130905E1,6.033388376E-1,-1.005564705E-1,9.761159897E0,9.780305307E0
1.396331393E1,5.985504389E-1,-1.029506698E-1,9.763554573E0,9.782426047E0
1.396531882E1,6.009446383E-1,-1.053448766E-1,9.753977776E0,9.773040184E0
1.396732425E1,5.961562395E-1,-9.816227108E-2,9.737217903E0,9.755944372E0
1.396932800E1,6.009446383E-1,-1.053448766E-1,9.744400978E0,9.763482085E0
1.397133280E1,6.009446383E-1,-9.816227108E-2,9.753977776E0,9.772965401E0
1.397333815E1,5.985504389E-1,-9.337386489E-2,9.742006302E0,9.760823126E0
1.397534171E1,5.961562395E-1,-1.053448766E-1,9.744400978E0,9.763188528E0
1.397734667E1,5.889736414E-1,-1.101332754E-1,9.749189377E0,9.767584798E0
1.397935179E1,5.889736414E-1,-1.101332754E-1,9.746794701E0,9.765194633E0
1.398135546E1,5.865794420E-1,-1.101332754E-1,9.742006302E0,9.760271081E0
1.398335917E1,5.817909837E-1,-1.149216816E-1,9.749189377E0,9.767209491E0
1.398536335E1,5.770025849E-1,-1.101332754E-1,9.739612579E0,9.757310824E0
1.398736671E1,5.817909837E-1,-1.101332754E-1,9.765948296E0,9.783882471E0
1.398937007E1,5.817909837E-1,-1.173158810E-1,9.773131371E0,9.791135815E0
1.399137413E1,5.841852427E-1,-1.244984865E-1,9.785101891E0,9.803315321E0
1.399337659E1,5.793967843E-1,-1.197100878E-1,9.787496567E0,9.805361808E0
1.399537940E1,5.793967843E-1,-1.221042871E-1,9.799467087E0,9.817340031E0
1.399738311E1,5.841852427E-1,-1.221042871E-1,9.792284966E0,9.810454969E0
1.399938780E1,5.889736414E-1,-1.077390760E-1,9.785101891E0,9.803403321E0
1.400139132E1,5.913678408E-1,-1.173158810E-1,9.780313492E0,9.798878045E0
1.400339409E1,5.937620401E-1,-1.197100878E-1,9.792284966E0,9.811000393E0
1.400539768E1,5.961562395E-1,-1.149216816E-1,9.787496567E0,9.806309107E0
1.400740147E1,5.985504389E-1,-1.077390760E-1,9.773131371E0,9.792035903E0
1.400940604E1,6.009446383E-1,-9.816227108E-2,9.787496567E0,9.806419292E0
1.401141093E1,6.009446383E-1,-1.029506698E-1,9.765948296E0,9.784961901E0
1.401341554E1,5.985504389E-1,-1.029506698E-1,9.763554573E0,9.782426047E0
1.401542034E1,5.961562395E-1,-1.005564705E-1,9.756371498E0,9.775085610E0
1.401742366E1,6.033388376E-1,-1.029506698E-1,9.749189377E0,9.768383188E0
1.401942788E1,5.961562395E-1,-1.029506698E-1,9.749189377E0,9.767942189E0
1.402143253E1,6.033388376E-1,-9.816227108E-2,9.746794701E0,9.765943913E0
1.402343761E1,5.937620401E-1,-1.029506698E-1,9.751583099E0,9.770185523E0
1.402544272E1,5.817909837E-1,-1.053448766E-1,9.746794701E0,9.764711221E0
1.402744640E1,6.033388376E-1,-1.029506698E-1,9.751583099E0,9.770772208E0
1.402944948E1,5.985504389E-1,-1.005564705E-1,9.751583099E0,9.770452762E0
1.403145272E1,5.817909837E-1,-9.576806426E-2,9.744400978E0,9.762223245E0
1.403345679E1,5.770025849E-1,-1.077390760E-1,9.749189377E0,9.766843564E0
1.403546018E1,5.841852427E-1,-1.053448766E-1,9.751583099E0,9.769633713E0
1.403746386E1,5.865794420E-1,-1.101332754E-1,9.756371498E0,9.774609434E0
1.403946835E1,5.985504389E-1,-1.101332754E-1,9.751583099E0,9.770556018E0
1.404147319E1,6.033388376E-1,-1.149216816E-1,9.758766174E0,9.778074554E0
1.404347749E1,5.889736414E-1,-1.053448766E-1,9.753977776E0,9.772311392E0
1.404548108E1,5.889736414E-1,-1.101332754E-1,9.751583099E0,9.769974014E0
1.404748550E1,5.865794420E-1,-1.077390760E-1,9.746794701E0,9.765023814E0
1.404948827E1,5.937620401E-1,-1.221042871E-1,9.756371498E0,9.775185299E0
1.405149288E1,5.889736414E-1,-1.221042871E-1,9.751583099E0,9.770116292E0
1.405349686E1,5.865794420E-1,-1.149216816E-1,9.737217903E0,9.755546880E0
1.405550124E1,5.961562395E-1,-1.101332754E-1,9.746794701E0,9.765630473E0
1.405750491E1,5.937620401E-1,-1.149216816E-1,9.761159897E0,9.779877447E0
1.405950987E1,5.817909837E-1,-1.149216816E-1,9.758766174E0,9.776768637E0
1.406151327E1,5.841852427E-1,-1.173158810E-1,9.756371498E0,9.774549617E0
1.406351558E1,5.889736414E-1,-1.005564705E-1,9.761159897E0,9.779429640E0
1.406551901E1,5.913678408E-1,-1.053448766E-1,9.763554573E0,9.782014689E0
1.406752311E1,5.889736414E-1,-1.053448766E-1,9.775525093E0,9.793818374E0
1.406952714E1,5.913678408E-1,-1.005564705E-1,9.773131371E0,9.791523084E0
1.407153194E1,5.889736414E-1,-1.149216816E-1,9.763554573E0,9.781978064E0
1.407353593E1,5.913678408E-1,-1.101332754E-1,9.770736694E0,9.789235967E0
1.407553964E1,5.961562395E-1,-1.077390760E-1,9.763554573E0,9.782331413E0
1.407754319E1,6.009446383E-1,-1.101332754E-1,9.770736694E0,9.789819168E0
1.407954749E1,6.009446383E-1,-1.149216816E-1,9.782708168E0,9.801822308E0
1.408155147E1,5.937620401E-1,-1.173158810E-1,9.765948296E0,9.784685099E0
1.408355530E1,5.937620401E-1,-1.101332754E-1,9.763554573E0,9.782212459E0
1.408555745E1,5.913678408E-1,-1.077390760E-1,9.758766174E0,9.777261420E0
1.408756054E1,6.009446383E-1,-1.173158810E-1,9.775525093E0,9.794681634E0
1.408956483E1,5.985504389E-1,-1.125274822E-1,9.756371498E0,9.775362391E0
1.409156827E1,6.009446383E-1,-1.149216816E-1,9.761159897E0,9.780316149E0
1.409357206E1,6.009446383E-1,-1.149216816E-1,9.758766174E0,9.777927117E0
1.409557651E1,5.913678408E-1,-1.149216816E-1,9.770736694E0,9.789291009E0
1.409757956E1,5.865794420E-1,-1.173158810E-1,9.749189377E0,9.767524352E0
1.409958284E1,5.865794420E-1,-9.816227108E-2,9.758766174E0,9.776872123E0
1.410158601E1,5.937620401E-1,-9.576806426E-2,9.758766174E0,9.777281940E0
1.410358968E1,5.913678408E-1,-1.077390760E-1,9.749189377E0,9.767702756E0
1.410559335E1,5.913678408E-1,-1.101332754E-1,9.751583099E0,9.770118638E0
1.410759749E1,5.937620401E-1,-1.077390760E-1,9.732429504E0,9.751120199E0
1.410960167E1,5.913678408E-1,-1.053448766E-1,9.739612579E0,9.758117988E0
1.411160565E1,5.913678408E-1,-1.005564705E-1,9.742006302E0,9.760456665E0
1.411360929E1,5.865794420E-1,-1.101332754E-1,9.744400978E0,9.762661277E0
1.411561272E1,5.937620401E-1,-1.029506698E-1,9.746794701E0,9.765406245E0
1.411761569E1,5.889736414E-1,-1.149216816E-1,9.746794701E0,9.765249811E0
1.411961948E1,5.913678408E-1,-1.077390760E-1,9.746794701E0,9.765312620E0
1.412162249E1,5.961562395E-1,-1.029506698E-1,9.751583099E0,9.770331317E0
1.412362679E1,5.985504389E-1,-9.816227108E-2,9.758766174E0,9.777597645E0
1.412563011E1,5.937620401E-1,-1.053448766E-1,9.758766174E0,9.777380434E0
1.412763374E1,5.865794420E-1,-1.077390760E-1,9.761159897E0,9.779362233E0
1.412963706E1,5.841852427E-1,-1.077390760E-1,9.763554573E0,9.781609173E0
1.413164034E1,5.865794420E-1,-1.029506698E-1,9.763554573E0,9.781700884E0
1.413364460E1,5.889736414E-1,-9.816227108E-2,9.768342972E0,9.786574998E0
1.413564827E1,5.913678408E-1,-9.816227108E-2,9.756371498E0,9.774770410E0
1.413765186E1,5.937620401E-1,-9.097966552E-2,9.758766174E0,9.777236210E0
1.413965444E1,5.985504389E-1,-9.337386489E-2,9.756371498E0,9.775160670E0
1.414165819E1,5.961562395E-1,-1.005564705E-1,9.753977776E0,9.772696471E0
1.414366155E1,5.913678408E-1,-9.097966552E-2,9.751583099E0,9.769921503E0
1.414566577E1,5.937620401E-1,-9.576806426E-2,9.756371498E0,9.774891799E0
1.414766929E1,5.961562395E-1,-9.816227108E-2,9.756371498E0,9.775061274E0
1.414967331E1,5.937620401E-1,-1.029506698E-1,9.756371498E0,9.774964809E0
1.415167761E1,5.793967843E-1,-1.029506698E-1,9.746794701E0,9.764543328E0
1.415368268E1,5.841852427E-1,-1.101332754E-1,9.749189377E0,9.767297233E0
1.415568722E1,5.841852427E-1,-1.125274822E-1,9.751583099E0,9.769713802E0
1.415769147E1,5.793967843E-1,-1.053448766E-1,9.751583099E0,9.769348551E0
1.415969499E1,5.889736414E-1,-1.053448766E-1,9.756371498E0,9.774700625E0
1.416169878E1,5.937620401E-1,-1.173158810E-1,9.761159897E0,9.779905874E0
1.416370171E1,5.937620401E-1,-1.125274822E-1,9.761159897E0,9.779849607E0
1.416570538E1,5.865794420E-1,-1.101332754E-1,9.763554573E0,9.781779116E0
1.416770936E1,5.793967843E-1,-1.149216816E-1,9.758766174E0,9.776626457E0
1.416971304E1,5.913678408E-1,-1.197100878E-1,9.768342972E0,9.786959224E0
1.417171643E1,5.961562395E-1,-1.125274822E-1,9.765948296E0,9.784774438E0
1.417371995E1,5.961562395E-1,-1.149216816E-1,9.746794701E0,9.765685649E0
1.417572308E1,6.033388376E-1,-1.197100878E-1,9.749189377E0,9.768574193E0
1.417772686E1,5.985504389E-1,-1.197100878E-1,9.756371498E0,9.775447711E0
1.417973124E1,5.961562395E-1,-1.173158810E-1,9.751583099E0,9.770493244E0
1.418173432E1,5.889736414E-1,-1.149216816E-1,9.746794701E0,9.765249811E0
1.418373718E1,6.009446383E-1,-1.125274822E-1,9.758766174E0,9.777899270E0
1.418574065E1,5.985504389E-1,-1.077390760E-1,9.744400978E0,9.763361140E0
1.418774354E1,5.985504389E-1,-9.576806426E-2,9.751583099E0,9.770404654E0
1.418974624E1,5.913678408E-1,-1.005564705E-1,9.742006302E0,9.760456665E0
1.419174972E1,5.889736414E-1,-1.005564705E-1,9.742006302E0,9.760311898E0
1.419375308E1,5.770025849E-1,-9.337386489E-2,9.756371498E0,9.773864920E0
1.419575546E1,5.793967843E-1,-9.337386489E-2,9.746794701E0,9.764447053E0
1.419775936E1,5.865794420E-1,-1.005564705E-1,9.758766174E0,9.776896455E0
1.419976300E1,5.841852427E-1,-9.816227108E-2,9.768342972E0,9.786287991E0
1.420176604E1,5.817909837E-1,-1.053448766E-1,9.761159897E0,9.779050098E0
1.420376940E1,5.865794420E-1,-9.337386489E-2,9.763554573E0,9.781604777E0
1.420577253E1,5.937620401E-1,-9.816227108E-2,9.761159897E0,9.779694869E0
1.420777585E1,5.985504389E-1,-1.029506698E-1,9.765948296E0,9.784815153E0
1.420977843E1,6.081272364E-1,-1.005564705E-1,9.768342972E0,9.787770673E0
1.421178112E1,6.009446383E-1,-9.816227108E-2,9.780313492E0,9.799250088E0
1.421378444E1,6.033388376E-1,-1.053448766E-1,9.775525093E0,9.794692754E0
1.421578784E1,6.009446383E-1,-1.077390760E-1,9.763554573E0,9.782624396E0
1.421779194E1,5.937620401E-1,-1.077390760E-1,9.763554573E0,9.782185797E0
1.421979522E1,6.033388376E-1,-1.005564705E-1,9.753977776E0,9.773137255E0
1.422179823E1,5.961562395E-1,-1.101332754E-1,9.756371498E0,9.775188817E0
1.422380120E1,5.913678408E-1,-1.149216816E-1,9.758766174E0,9.777343206E0
1.422580432E1,6.009446383E-1,-1.125274822E-1,9.758766174E0,9.777899270E0
1.422780710E1,5.985504389E-1,-1.077390760E-1,9.751583099E0,9.770529324E0
1.422981077E1,6.057330370E-1,-1.053448766E-1,9.761159897E0,9.780503698E0
1.423181507E1,5.913678408E-1,-1.101332754E-1,9.751583099E0,9.770118638E0
1.423382011E1,5.913678408E-1,-1.077390760E-1,9.744400978E0,9.762923438E0
1.423582386E1,5.865794420E-1,-1.053448766E-1,9.746794701E0,9.764997692E0
1.423782682E1,5.793967843E-1,-1.005564705E-1,9.751583099E0,9.769298091E0
1.423982995E1,5.746083856E-1,-9.576806426E-2,9.749189377E0,9.766577693E0
1.424183331E1,5.770025849E-1,-1.029506698E-1,9.751583099E0,9.769181325E0
1.424383694E1,5.889736414E-1,-1.029506698E-1,9.756371498E0,9.774675115E0
1.424584163E1,5.793967843E-1,-1.101332754E-1,9.758766174E0,9.776571343E0
1.424784608E1,5.865794420E-1,-1.197100878E-1,9.753977776E0,9.772332802E0
1.424985046E1,5.961562395E-1,-1.268926859E-1,9.751583099E0,9.770612926E0
1.425185487E1,5.985504389E-1,-1.221042871E-1,9.753977776E0,9.773088280E0
1.425386007E1,5.961562395E-1,-1.197100878E-1,9.763554573E0,9.782470581E0
1.425586393E1,5.985504389E-1,-1.221042871E-1,9.761159897E0,9.780256368E0
1.425786737E1,5.865794420E-1,-1.173158810E-1,9.753977776E0,9.772303766E0
1.425987206E1,5.937620401E-1,-1.077390760E-1,9.770736694E0,9.789354249E0
1.426187534E1,5.889736414E-1,-1.077390760E-1,9.775525093E0,9.793844419E0
1.426387964E1,5.865794420E-1,-1.125274822E-1,9.773131371E0,9.791365311E0
1.426588425E1,5.937620401E-1,-1.125274822E-1,9.768342972E0,9.787018964E0
1.426788932E1,5.937620401E-1,-1.005564705E-1,9.765948296E0,9.784498509E0
1.426989401E1,5.961562395E-1,-1.005564705E-1,9.775525093E0,9.794202607E0
1.427189823E1,5.961562395E-1,-9.816227108E-2,9.768342972E0,9.787009886E0
1.427390198E1,5.937620401E-1,-9.816227108E-2,9.756371498E0,9.774915550E0
1.427590597E1,5.865794420E-1,-9.576806426E-2,9.761159897E0,9.779237675E0
1.427790936E1,5.889736414E-1,-9.097966552E-2,9.761159897E0,9.779335856E0
1.427991276E1,5.985504389E-1,-1.029506698E-1,9.749189377E0,9.768088604E0
1.428191741E1,5.937620401E-1,-1.125274822E-1,9.734824181E0,9.753564355E0
1.428392190E1,5.817909837E-1,-1.101332754E-1,9.753977776E0,9.771933920E0
1.428592534E1,5.793967843E-1,-1.029506698E-1,9.761159897E0,9.778882452E0
1.428792808E1,5.817909837E-1,-1.077390760E-1,9.753977776E0,9.771907230E0
1.428993202E1,5.889736414E-1,-1.125274822E-1,9.749189377E0,9.767612087E0
1.429193534E1,5.913678408E-1,-1.221042871E-1,9.749189377E0,9.767871768E0
1.429393847E1,5.865794420E-1,-1.221042871E-1,9.758766174E0,9.777141819E0
1.429594229E1,5.889736414E-1,-1.292868853E-1,9.770736694E0,9.789325850E0
1.429794698E1,5.985504389E-1,-1.244984865E-1,9.777919769E0,9.797013704E0
1.429995112E1,6.009446383E-1,-1.292868853E-1,9.785101891E0,9.804390270E0
1.430195413E1,5.985504389E-1,-1.268926859E-1,9.773131371E0,9.792265375E0
1.430395827E1,5.937620401E-1,-1.244984865E-1,9.775525093E0,9.794332243E0
1.430596304E1,5.889736414E-1,-1.221042871E-1,9.780313492E0,9.798792344E0
1.430796745E1,5.889736414E-1,-1.173158810E-1,9.773131371E0,9.791565235E0
1.430997198E1,5.841852427E-1,-1.197100878E-1,9.768342972E0,9.786527848E0
1.431197643E1,5.889736414E-1,-1.077390760E-1,9.773131371E0,9.791455175E0
1.431398073E1,5.913678408E-1,-1.053448766E-1,9.777919769E0,9.796352815E0
1.431598499E1,5.913678408E-1,-1.125274822E-1,9.773131371E0,9.791653341E0
1.431798956E1,6.057330370E-1,-1.244984865E-1,9.773131371E0,9.792676303E0
1.431999378E1,6.033388376E-1,-1.197100878E-1,9.768342972E0,9.787689854E0
1.432199823E1,6.057330370E-1,-1.149216816E-1,9.758766174E0,9.778222576E0
1.432400245E1,6.033388376E-1,-1.101332754E-1,9.749189377E0,9.768461527E0
1.432600589E1,6.009446383E-1,-1.053448766E-1,9.746794701E0,9.765871130E0
1.432800976E1,6.081272364E-1,-1.053448766E-1,9.751583099E0,9.771094576E0
1.433001409E1,6.081272364E-1,-1.029506698E-1,9.749189377E0,9.768680109E0
1.433201952E1,5.985504389E-1,-1.101332754E-1,9.753977776E0,9.772946046E0
1.433402323E1,6.009446383E-1,-1.149216816E-1,9.749189377E0,9.768369104E0
1.433602714E1,6.009446383E-1,-1.053448766E-1,9.751583099E0,9.770650180E0
1.433803054E1,6.009446383E-1,-1.053448766E-1,9.753977776E0,9.773040184E0
1.434003401E1,5.961562395E-1,-1.101332754E-1,9.758766174E0,9.777578885E0
1.434203726E1,5.865794420E-1,-1.053448766E-1,9.758766174E0,9.776946877E0
1.434404022E1,5.817909837E-1,-9.816227108E-2,9.753977776E0,9.771806334E0
1.434604452E1,5.913678408E-1,-1.005564705E-1,9.751583099E0,9.770015377E0
1.434804878E1,5.841852427E-1,-1.029506698E-1,9.753977776E0,9.771998449E0
1.435005311E1,5.889736414E-1,-1.029506698E-1,9.765948296E0,9.784233997E0
1.435205753E1,5.865794420E-1,-1.053448766E-1,9.765948296E0,9.784115652E0
1.435406128E1,5.817909837E-1,-1.029506698E-1,9.768342972E0,9.786194562E0
1.435606569E1,5.817909837E-1,-1.053448766E-1,9.775525093E0,9.793389053E0
1.435807007E1,5.937620401E-1,-1.125274822E-1,9.773131371E0,9.791798230E0
1.436007401E1,5.889736414E-1,-1.125274822E-1,9.770736694E0,9.789118854E0
1.436207753E1,5.913678408E-1,-1.005564705E-1,9.773131371E0,9.791523084E0
1.436408229E1,5.913678408E-1,-1.053448766E-1,9.765948296E0,9.784403895E0
1.436608593E1,5.913678408E-1,-1.125274822E-1,9.758766174E0,9.777315358E0
1.436808944E1,5.985504389E-1,-1.221042871E-1,9.773131371E0,9.792204495E0
1.437009296E1,5.961562395E-1,-1.149216816E-1,9.773131371E0,9.791971509E0
1.437209679E1,5.937620401E-1,-1.077390760E-1,9.773131371E0,9.791744372E0
1.437410058E1,6.009446383E-1,-1.173158810E-1,9.761159897E0,9.780344575E0
1.437610409E1,5.961562395E-1,-1.101332754E-1,9.751583099E0,9.770409641E0
1.437810808E1,5.913678408E-1,-1.125274822E-1,9.749189377E0,9.767756747E0
1.438011222E1,5.889736414E-1,-1.125274822E-1,9.753977776E0,9.772391459E0
1.438211675E1,6.009446383E-1,-1.149216816E-1,9.763554573E0,9.782706136E0
1.438412124E1,5.985504389E-1,-1.125274822E-1,9.765948296E0,9.784920601E0
1.438612589E1,5.937620401E-1,-1.077390760E-1,9.763554573E0,9.782185797E0
1.438813147E1,5.937620401E-1,-1.101332754E-1,9.758766174E0,9.777433198E0
1.439013679E1,6.009446383E-1,-1.053448766E-1,9.756371498E0,9.775429239E0
1.439214140E1,6.009446383E-1,-1.101332754E-1,9.749189377E0,9.768313944E0
1.439414710E1,6.009446383E-1,-1.005564705E-1,9.737217903E0,9.756262530E0
1.439615276E1,6.057330370E-1,-9.576806426E-2,9.742006302E0,9.761289404E0
1.439815815E1,6.033388376E-1,-1.005564705E-1,9.737217903E0,9.756410295E0
1.440016292E1,6.129156351E-1,-9.337386489E-2,9.734824181E0,9.754546944E0
1.440216870E1,6.153098345E-1,-9.576806426E-2,9.727641106E0,9.747552472E0
1.440417327E1,6.057330370E-1,-9.337386489E-2,9.718064308E0,9.737371570E0
1.440617780E1,6.129156351E-1,-1.005564705E-1,9.737217903E0,9.757007209E0
1.440818218E1,6.033388376E-1,-9.576806426E-2,9.742006302E0,9.761141125E0
1.441018710E1,5.961562395E-1,-1.029506698E-1,9.732429504E0,9.751214548E0
1.441219097E1,5.961562395E-1,-1.053448766E-1,9.725247383E0,9.744071863E0
1.441419460E1,5.937620401E-1,-1.029506698E-1,9.722852707E0,9.741509994E0
1.441619886E1,5.793967843E-1,-1.125274822E-1,9.727641106E0,9.745530491E0
1.441820335E1,5.746083856E-1,-1.125274822E-1,9.734824181E0,9.752417088E0
1.442020772E1,5.746083856E-1,-1.101332754E-1,9.749189377E0,9.766729117E0
1.442221241E1,5.746083856E-1,-1.053448766E-1,9.765948296E0,9.783405258E0
1.442421573E1,5.698199868E-1,-1.149216816E-1,9.775525093E0,9.792792894E0
1.442621936E1,5.698199868E-1,-1.268926859E-1,9.792284966E0,9.809670811E0
1.442822390E1,5.722141862E-1,-1.125274822E-1,9.806650162E0,9.823974700E0
1.443022800E1,5.841852427E-1,-1.101332754E-1,9.804255486E0,9.822261825E0
1.443223265E1,5.913678408E-1,-9.816227108E-2,9.804255486E0,9.822564705E0
1.443423679E1,5.913678408E-1,-1.005564705E-1,9.801861763E0,9.820199669E0
1.443624108E1,6.033388376E-1,-1.053448766E-1,9.806650162E0,9.825757105E0
1.443824503E1,5.985504389E-1,-1.101332754E-1,9.794678688E0,9.813568289E0
1.444024890E1,6.081272364E-1,-1.101332754E-1,9.792284966E0,9.811768083E0
1.444225386E1,6.081272364E-1,-1.149216816E-1,9.777919769E0,9.797486450E0
1.444425761E1,6.057330370E-1,-1.077390760E-1,9.768342972E0,9.787698638E0
1.444626159E1,6.057330370E-1,-1.125274822E-1,9.753977776E0,9.773415851E0
1.444826534E1,6.057330370E-1,-1.173158810E-1,9.746794701E0,9.766303419E0
1.445026847E1,6.081272364E-1,-1.173158810E-1,9.744400978E0,9.764063302E0
1.445227198E1,6.057330370E-1,-1.292868853E-1,9.758766174E0,9.778401958E0
1.445427561E1,5.985504389E-1,-1.364694983E-1,9.758766174E0,9.778057261E0
1.445627890E1,5.985504389E-1,-1.221042871E-1,9.768342972E0,9.787425428E0
1.445828261E1,5.889736414E-1,-1.173158810E-1,9.758766174E0,9.777227123E0
1.446028593E1,5.746083856E-1,-1.149216816E-1,9.761159897E0,9.778733268E0
1.446228917E1,5.746083856E-1,-1.053448766E-1,9.770736694E0,9.788185117E0
1.446429370E1,5.722141862E-1,-1.077390760E-1,9.768342972E0,9.785681438E0
1.446629819E1,5.746083856E-1,-9.576806426E-2,9.773131371E0,9.790477164E0
1.446830300E1,5.746083856E-1,-8.858546615E-2,9.753977776E0,9.771289814E0
1.447030831E1,5.770025849E-1,-8.140286058E-2,9.739612579E0,9.757028831E0
1.447231237E1,5.770025849E-1,-8.379705995E-2,9.737217903E0,9.754658704E0
1.447431628E1,5.650315881E-1,-8.379705995E-2,9.720458984E0,9.737227814E0
1.447632143E1,5.674257874E-1,-7.900865376E-2,9.713275909E0,9.730156385E0
1.447832679E1,5.817909837E-1,-7.900865376E-2,9.701305389E0,9.719055992E0
1.448033175E1,5.817909837E-1,-8.140286058E-2,9.686940193E0,9.704736858E0
1.448233593E1,5.961562395E-1,-9.337386489E-2,9.684545517E0,9.703326379E0
1.448434030E1,6.009446383E-1,-1.005564705E-1,9.686940193E0,9.706083472E0
1.448634542E1,6.057330370E-1,-1.077390760E-1,9.686940193E0,9.706458187E0
1.448834991E1,6.105214357E-1,-1.053448766E-1,9.703699112E0,9.723456712E0
1.449035390E1,6.153098345E-1,-1.101332754E-1,9.722852707E0,9.742925654E0
1.449235808E1,6.224924326E-1,-1.101332754E-1,9.739612579E0,9.760106524E0
1.449436151E1,6.200982332E-1,-1.125274822E-1,9.770736694E0,9.791040793E0
1.449636472E1,6.105214357E-1,-1.149216816E-1,9.782708168E0,9.802414117E0
1.449836819E1,6.033388376E-1,-1.125274822E-1,9.809044838E0,9.828226738E0
1.450037143E1,6.009446383E-1,-1.005564705E-1,9.813833237E0,9.832729471E0
1.450237558E1,6.009446383E-1,-8.858546615E-2,9.830592155E0,9.849341296E0
1.450438018E1,6.033388376E-1,-8.140286058E-2,9.821015358E0,9.839867217E0
1.450638468E1,6.033388376E-1,-6.703764945E-2,9.816226959E0,9.834979589E0
1.450838948E1,6.057330370E-1,-5.027823523E-2,9.806650162E0,9.825468325E0
1.451039417E1,6.033388376E-1,-4.548983276E-2,9.785101891E0,9.803790394E0
1.451239823E1,6.200982332E-1,-4.548983276E-2,9.751583099E0,9.771384963E0
1.451440226E1,6.248866320E-1,-4.309562966E-2,9.722852707E0,9.743008021E0
1.451640667E1,6.344634295E-1,-4.548983276E-2,9.710882187E0,9.731692865E0
1.451840991E1,6.368576288E-1,-5.746084079E-2,9.684545517E0,9.705632965E0
1.452041401E1,6.416460276E-1,-6.703764945E-2,9.655815125E0,9.677343096E0
1.452241808E1,6.416460276E-1,-8.619125932E-2,9.629479408E0,9.651218173E0
1.452442300E1,6.296750307E-1,-9.576806426E-2,9.607931137E0,9.629018792E0
1.452642675E1,6.296750307E-1,-1.149216816E-1,9.588777542E0,9.610117189E0
1.452843073E1,6.105214357E-1,-1.292868853E-1,9.586383820E0,9.606675089E0
1.453043440E1,5.937620401E-1,-1.508347094E-1,9.605537415E0,9.625053428E0
1.453243823E1,5.793967843E-1,-1.651999205E-1,9.615114212E0,9.633971816E0
1.453444171E1,5.506663918E-1,-1.819593310E-1,9.636661530E0,9.654096960E0
1.453644554E1,5.291185975E-1,-1.963245422E-1,9.679757118E0,9.696195526E0
1.453844964E1,5.219359994E-1,-1.987187415E-1,9.734824181E0,9.750831152E0
1.454045421E1,5.051765442E-1,-1.963245422E-1,9.797073364E0,9.812053464E0
1.454245991E1,4.836287498E-1,-2.082955539E-1,9.856928825E0,9.870984230E0
1.454446433E1,4.764461517E-1,-2.106897533E-1,9.923966408E0,9.937630521E0
1.454646858E1,4.740519226E-1,-2.035071403E-1,9.945513725E0,9.958884658E0
1.454847284E1,4.740519226E-1,-1.963245422E-1,9.959878922E0,9.973086618E0
1.455047694E1,4.884171486E-1,-1.915361285E-1,9.995792389E0,1.000955058E1
1.455248147E1,5.075707436E-1,-1.915361285E-1,1.003409958E1,1.004875457E1
1.455448612E1,5.339069963E-1,-1.843535304E-1,1.006282997E1,1.007867005E1
1.455649046E1,5.650315881E-1,-1.675941199E-1,1.005564690E1,1.007290340E1
1.455849476E1,5.937620401E-1,-1.556231081E-1,1.006043530E1,1.007914333E1
1.456049909E1,6.153098345E-1,-1.412578970E-1,1.005325317E1,1.007305611E1
1.456250261E1,6.272808313E-1,-1.292868853E-1,1.002931118E1,1.004974025E1
1.456450690E1,6.344634295E-1,-1.221042871E-1,1.001255131E1,1.003337615E1
1.456651120E1,6.416460276E-1,-8.858546615E-2,9.976638794E0,9.997643654E0
1.456851647E1,6.536170840E-1,-6.224924326E-2,9.926360130E0,9.948050849E0
1.457052003E1,6.655880809E-1,-5.027823523E-2,9.873687744E0,9.896223778E0
1.457252425E1,6.679822803E-1,-4.070143029E-2,9.811438560E0,9.834235281E0
1.457452796E1,6.727706790E-1,-2.873042040E-2,9.753977776E0,9.777194294E0
1.457653198E1,6.703764796E-1,-2.873042040E-2,9.686940193E0,9.710151408E0
1.457853620E1,6.751648784E-1,-3.351882473E-2,9.634267807E0,9.657954613E0
1.458054011E1,6.775590777E-1,-4.309562966E-2,9.605537415E0,9.629501158E0
1.458254350E1,6.847416759E-1,-4.788403213E-2,9.557653427E0,9.582270246E0
1.458454663E1,6.823474765E-1,-6.224924326E-2,9.509769440E0,9.534421212E0
1.458655038E1,6.727706790E-1,-6.703764945E-2,9.478644371E0,9.502726637E0
1.458855464E1,6.536170840E-1,-5.985504389E-2,9.469067574E0,9.491787958E0
1.459055890E1,6.368576288E-1,-5.267243832E-2,9.469067574E0,9.490606026E0
1.459256315E1,6.129156351E-1,-5.027823523E-2,9.476250648E0,9.496184488E0
1.459456636E1,5.985504389E-1,-4.070143029E-2,9.488221169E0,9.507168883E0
1.459657058E1,5.937620401E-1,-4.548983276E-2,9.490615845E0,9.509280299E0
1.459857499E1,5.722141862E-1,-5.985504389E-2,9.524134636E0,9.541496333E0
1.460057804E1,5.674257874E-1,-8.619125932E-2,9.533711433E0,9.550971398E0
1.460258085E1,5.578489900E-1,-9.816227108E-2,9.562441826E0,9.579202733E0
1.460458409E1,5.434837937E-1,-1.221042871E-1,9.615114212E0,9.631235923E0
1.460658753E1,5.363011956E-1,-1.316810995E-1,9.658209801E0,9.673984466E0
1.460859050E1,5.267243981E-1,-1.340752989E-1,9.686940193E0,9.702176307E0
1.461059436E1,5.315127969E-1,-1.388636976E-1,9.725247383E0,9.740750774E0
1.461259737E1,5.267243981E-1,-1.412578970E-1,9.773131371E0,9.788334341E0
1.461460069E1,5.243301988E-1,-1.460463107E-1,9.792284966E0,9.807400090E0
1.461660452E1,5.243301988E-1,-1.436520964E-1,9.837775230E0,9.852785371E0
1.461860804E1,5.219359994E-1,-1.628057212E-1,9.868899345E0,9.884032435E0
1.462061089E1,5.123591423E-1,-1.747767180E-1,9.911994934E0,9.926766964E0
1.462261479E1,5.123591423E-1,-1.891419291E-1,9.959878922E0,9.974842089E0
1.462461964E1,5.051765442E-1,-1.939303428E-1,9.995792389E0,1.001042845E1
1.462662339E1,5.027823448E-1,-1.867477298E-1,1.002452278E1,1.003886058E1
1.462862616E1,5.195417404E-1,-1.867477298E-1,1.006043530E1,1.007557227E1
1.463062952E1,5.267243981E-1,-1.843535304E-1,1.007958889E1,1.009502536E1
1.463263397E1,5.482721925E-1,-1.771709323E-1,1.009395409E1,1.011038580E1
1.463463702E1,5.913678408E-1,-1.532289088E-1,1.010113716E1,1.011959322E1
1.463664038E1,6.392518282E-1,-1.556231081E-1,1.010592556E1,1.012731914E1
1.463864358E1,6.799532771E-1,-1.460463107E-1,1.007958889E1,1.010355275E1
1.464064667E1,7.062895298E-1,-1.388636976E-1,1.004607010E1,1.007182468E1
1.464264999E1,7.398083210E-1,-1.244984865E-1,9.983820915E0,1.001196765E1
1.464465304E1,7.469909191E-1,-9.816227108E-2,9.900024414E0,9.928651201E0
1.464665714E1,7.445967197E-1,-9.097966552E-2,9.864110947E0,9.892592499E0
1.464866061E1,7.302315235E-1,-7.422025502E-2,9.797073364E0,9.824530179E0
1.465066448E1,7.062895298E-1,-5.985504389E-2,9.713275909E0,9.739104498E0
1.465266811E1,6.703764796E-1,-6.464344263E-2,9.634267807E0,9.657779226E0
1.465467308E1,6.272808313E-1,-5.746084079E-2,9.579200745E0,9.599889056E0
1.465667710E1,5.889736414E-1,-5.506663769E-2,9.526528358E0,9.544876366E0
1.465868046E1,5.554547906E-1,-5.267243832E-2,9.495404243E0,9.511782491E0
1.466068483E1,5.339069963E-1,-6.464344263E-2,9.469067574E0,9.484327924E0
1.466268944E1,5.291185975E-1,-6.703764945E-2,9.459490776E0,9.474514567E0
1.466469362E1,5.243301988E-1,-6.943184882E-2,9.452308655E0,9.467094689E0
1.466669753E1,5.339069963E-1,-8.379705995E-2,9.461885452E0,9.477307368E0
1.466870073E1,5.506663918E-1,-8.140286058E-2,9.471462250E0,9.487805703E0
1.467070284E1,5.722141862E-1,-7.661445439E-2,9.502586365E0,9.520107482E0
1.467270640E1,5.937620401E-1,-6.703764945E-2,9.538499832E0,9.557197626E0
1.467470862E1,6.105214357E-1,-7.661445439E-2,9.579200745E0,9.598942291E0
1.467671190E1,6.296750307E-1,-7.900865376E-2,9.600749016E0,9.621700197E0
1.467871714E1,6.320692301E-1,-9.097966552E-2,9.631873131E0,9.653018638E0
1.468072097E1,6.272808313E-1,-1.101332754E-1,9.679757118E0,9.700685978E0
1.468272593E1,6.224924326E-1,-1.340752989E-1,9.722852707E0,9.743681941E0
1.468472987E1,6.129156351E-1,-1.412578970E-1,9.758766174E0,9.779015115E0
1.468673362E1,5.889736414E-1,-1.460463107E-1,9.816226959E0,9.834964727E0
1.468873784E1,5.626373887E-1,-1.340752989E-1,9.876082420E0,9.893004649E0
1.469074171E1,5.386953950E-1,-1.484405100E-1,9.926360130E0,9.942074871E0
1.469274604E1,5.123591423E-1,-1.364694983E-1,9.964667320E0,9.978763982E0
1.469475077E1,5.051765442E-1,-1.316810995E-1,9.981427193E0,9.995070388E0
1.469675601E1,4.860229492E-1,-1.292868853E-1,1.001015759E1,1.002278346E1
1.469876124E1,4.716577232E-1,-1.101332754E-1,1.004846478E1,1.006013095E1
1.470076667E1,4.740519226E-1,-1.125274822E-1,1.005564690E1,1.006744368E1
1.470277280E1,4.764461517E-1,-1.173158810E-1,1.005564690E1,1.006761136E1
1.470477710E1,4.836287498E-1,-1.436520964E-1,1.004607010E1,1.005873039E1
1.470678128E1,5.123591423E-1,-1.364694983E-1,1.003409958E1,1.004809883E1
1.470878604E1,5.339069963E-1,-1.340752989E-1,1.000058079E1,1.001572009E1
1.471078991E1,5.482721925E-1,-1.340752989E-1,9.976638794E0,9.992592267E0
1.471279401E1,5.865794420E-1,-1.340752989E-1,9.916783333E0,9.935021052E0
1.471479917E1,6.320692301E-1,-1.388636976E-1,9.842563629E0,9.863815359E0
1.471680284E1,6.679822803E-1,-1.388636976E-1,9.768342972E0,9.792140107E0
1.471880643E1,7.015010715E-1,-1.316810995E-1,9.684545517E0,9.710811786E0
1.472081038E1,7.302315235E-1,-1.268926859E-1,9.603142738E0,9.631702357E0
1.472281374E1,7.445967197E-1,-1.173158810E-1,9.536105156E0,9.565850137E0
1.472481757E1,7.445967197E-1,-1.029506698E-1,9.457097054E0,9.486922989E0
1.472682237E1,7.374141216E-1,-9.816227108E-2,9.433155060E0,9.462443120E0
1.472882671E1,7.398083210E-1,-8.379705995E-2,9.397241592E0,9.426690185E0
1.473083140E1,7.062895298E-1,-8.140286058E-2,9.380482674E0,9.407386806E0
1.473283679E1,6.727706790E-1,-9.097966552E-2,9.397241592E0,9.421732709E0
1.473484202E1,6.464344859E-1,-1.005564705E-1,9.418789864E0,9.441482492E0
1.473684729E1,6.224924326E-1,-1.125274822E-1,9.471462250E0,9.492563216E0
1.473885222E1,5.889736414E-1,-1.125274822E-1,9.550470352E0,9.569275643E0
1.474085761E1,5.746083856E-1,-1.221042871E-1,9.643844604E0,9.661719464E0
1.474286194E1,5.626373887E-1,-1.244984865E-1,9.691728592E0,9.708844617E0
1.474486671E1,5.386953950E-1,-1.125274822E-1,9.785101891E0,9.800564992E0
1.474687093E1,5.243301988E-1,-1.125274822E-1,9.866505623E0,9.881068657E0
1.474887530E1,5.267243981E-1,-1.125274822E-1,9.943120003E0,9.957697345E0
1.475087893E1,5.434837937E-1,-7.900865376E-2,1.000297451E1,1.001803953E1
1.475288288E1,5.458779931E-1,-7.182604820E-2,1.004607010E1,1.006114637E1
1.475488710E1,5.482721925E-1,-6.943184882E-2,1.006522369E1,1.008038448E1
1.475689128E1,5.482721925E-1,-6.224924326E-2,1.004128170E1,1.005643155E1
1.475889546E1,5.554547906E-1,-7.422025502E-2,1.000536919E1,1.002105041E1
1.476089999E1,5.578489900E-1,-7.661445439E-2,9.974244118E0,9.990125674E0
1.476290409E1,5.650315881E-1,-9.097966552E-2,9.911994934E0,9.928503491E0
1.476490772E1,5.674257874E-1,-9.816227108E-2,9.844957352E0,9.861784479E0
1.476691089E1,5.722141862E-1,-9.816227108E-2,9.768342972E0,9.785580684E0
1.476891417E1,5.674257874E-1,-9.576806426E-2,9.694122314E0,9.711186899E0
1.477091710E1,5.578489900E-1,-1.053448766E-1,9.629479408E0,9.646199599E0
1.477292085E1,5.602431893E-1,-1.077390760E-1,9.595960617E0,9.612904884E0
1.477492409E1,5.458779931E-1,-1.101332754E-1,9.550470352E0,9.566692013E0
1.477692690E1,5.482721925E-1,-1.125274822E-1,9.543288231E0,9.559686977E0
1.477893100E1,5.578489900E-1,-9.576806426E-2,9.538499832E0,9.555278440E0
1.478093464E1,5.674257874E-1,-9.097966552E-2,9.531316757E0,9.548625474E0
1.478293882E1,5.770025849E-1,-8.379705995E-2,9.543288231E0,9.561082794E0
1.478494288E1,5.913678408E-1,-7.182604820E-2,9.562441826E0,9.580979521E0
1.478694757E1,6.105214357E-1,-6.224924326E-2,9.603142738E0,9.622731517E0
1.478895226E1,6.153098345E-1,-5.746084079E-2,9.636661530E0,9.656456564E0
1.479095788E1,6.177040339E-1,-5.027823523E-2,9.667786598E0,9.687630458E0
1.479296327E1,6.105214357E-1,-4.548983276E-2,9.686940193E0,9.706266844E0
1.479496780E1,6.081272364E-1,-2.873042040E-2,9.737217903E0,9.756231684E0
1.479697315E1,6.224924326E-1,-3.830722719E-2,9.758766174E0,9.778674834E0
1.479897827E1,6.296750307E-1,-4.788403213E-2,9.777919769E0,9.798290593E0
1.480098327E1,6.464344859E-1,-5.506663769E-2,9.792284966E0,9.813753345E0
1.480298968E1,6.512228847E-1,-5.985504389E-2,9.797073364E0,9.818875719E0
1.480499448E1,6.488286853E-1,-6.464344263E-2,9.804255486E0,9.825913854E0
1.480699964E1,6.488286853E-1,-7.661445439E-2,9.809044838E0,9.830778660E0
1.480900370E1,6.488286853E-1,-8.858546615E-2,9.801861763E0,9.823712133E0
1.481100722E1,6.488286853E-1,-1.077390760E-1,9.794678688E0,9.816736575E0
1.481301101E1,6.416460276E-1,-1.197100878E-1,9.773131371E0,9.794903620E0
1.481501464E1,6.296750307E-1,-1.388636976E-1,9.753977776E0,9.775267578E0
1.481701878E1,6.296750307E-1,-1.388636976E-1,9.732429504E0,9.753766341E0
1.481902261E1,6.296750307E-1,-1.436520964E-1,9.730035782E0,9.751447220E0
1.482102647E1,6.296750307E-1,-1.532289088E-1,9.715670586E0,9.737259608E0
1.482303011E1,6.248866320E-1,-1.532289088E-1,9.715670586E0,9.736951131E0
1.482503440E1,6.200982332E-1,-1.508347094E-1,9.718064308E0,9.738996192E0
1.482703749E1,6.200982332E-1,-1.388636976E-1,9.713275909E0,9.734039955E0
1.482904065E1,6.105214357E-1,-1.460463107E-1,9.730035782E0,9.750264728E0
1.483104425E1,5.985504389E-1,-1.532289088E-1,9.761159897E0,9.780694467E0
1.483304819E1,5.817909837E-1,-1.699883193E-1,9.780313492E0,9.799076935E0
1.483505202E1,5.698199868E-1,-1.795651317E-1,9.794678688E0,9.812882811E0
1.483705679E1,5.554547906E-1,-1.747767180E-1,9.821015358E0,9.838263037E0
1.483906116E1,5.626373887E-1,-1.747767180E-1,9.835380554E0,9.853010625E0
1.484106511E1,5.626373887E-1,-1.795651317E-1,9.852140427E0,9.869826516E0
1.484306917E1,5.674257874E-1,-1.699883193E-1,9.890447617E0,9.908169463E0
1.484507378E1,5.770025849E-1,-1.580173075E-1,9.907206535E0,9.925252782E0
1.484707800E1,5.770025849E-1,-1.556231081E-1,9.902418137E0,9.920435247E0
1.484908253E1,5.698199868E-1,-1.532289088E-1,9.909601212E0,9.927153171E0
1.485108636E1,5.602431893E-1,-1.484405100E-1,9.914389610E0,9.931315540E0
1.485309132E1,5.530605912E-1,-1.364694983E-1,9.888052940E0,9.904448036E0
1.485509616E1,5.506663918E-1,-1.316810995E-1,9.859322548E0,9.875566540E0
1.485710120E1,5.434837937E-1,-1.221042871E-1,9.835380554E0,9.851141799E0
1.485910604E1,5.219359994E-1,-1.292868853E-1,9.801861763E0,9.816599529E0
1.486111003E1,5.147533417E-1,-1.173158810E-1,9.780313492E0,9.794552875E0
1.486311491E1,5.075707436E-1,-9.576806426E-2,9.742006302E0,9.755689948E0
1.486511893E1,5.003881454E-1,-8.858546615E-2,9.701305389E0,9.714605599E0
1.486712304E1,5.051765442E-1,-7.661445439E-2,9.665391922E0,9.678888062E0
1.486912761E1,4.955997467E-1,-6.224924326E-2,9.646238327E0,9.659161865E0
1.487113190E1,5.027823448E-1,-5.267243832E-2,9.612719536E0,9.626003394E0
1.487313612E1,5.051765442E-1,-5.027823523E-2,9.605537415E0,9.618943823E0
1.487514093E1,5.147533417E-1,-3.830722719E-2,9.610325813E0,9.624177923E0
1.487714643E1,5.339069963E-1,-3.112462163E-2,9.610325813E0,9.625195461E0
1.487915077E1,5.602431893E-1,-3.830722719E-2,9.612719536E0,9.629107786E0
1.488115479E1,5.865794420E-1,-4.309562966E-2,9.627084732E0,9.645034635E0
1.488315878E1,6.033388376E-1,-6.703764945E-2,9.658209801E0,9.677268641E0
1.488516339E1,6.392518282E-1,-7.900865376E-2,9.677363396E0,9.698775570E0
1.488716714E1,6.799532771E-1,-8.858546615E-2,9.703699112E0,9.727895985E0
1.488917128E1,6.895300746E-1,-1.029506698E-1,9.732429504E0,9.757368222E0
1.489117604E1,6.871358752E-1,-9.816227108E-2,9.761159897E0,9.785807789E0
1.489318018E1,6.943184733E-1,-1.029506698E-1,9.809044838E0,9.834126174E0
1.489518390E1,6.847416759E-1,-8.858546615E-2,9.847352028E0,9.871527770E0
1.489718768E1,6.607996821E-1,-9.097966552E-2,9.876082420E0,9.898582600E0
1.489919112E1,6.488286853E-1,-9.097966552E-2,9.885659218E0,9.907346473E0
1.490119534E1,6.440402865E-1,-1.005564705E-1,9.880870819E0,9.902348592E0
1.490319952E1,6.392518282E-1,-1.149216816E-1,9.866505623E0,9.887860390E0
1.490520374E1,6.416460276E-1,-1.244984865E-1,9.852140427E0,9.873797673E0
1.490720679E1,6.368576288E-1,-1.340752989E-1,9.847352028E0,9.868835077E0
1.490921018E1,6.416460276E-1,-1.436520964E-1,9.842563629E0,9.864502235E0
1.491121515E1,6.488286853E-1,-1.460463107E-1,9.830592155E0,9.853062992E0
1.491321948E1,6.536170840E-1,-1.340752989E-1,9.801861763E0,9.824545053E0
1.491522382E1,6.536170840E-1,-1.316810995E-1,9.763554573E0,9.786294146E0
1.491722854E1,6.584054828E-1,-1.364694983E-1,9.722852707E0,9.746075439E0
1.491923159E1,6.655880809E-1,-1.412578970E-1,9.686940193E0,9.710806949E0
1.492123550E1,6.799532771E-1,-1.436520964E-1,9.655815125E0,9.680792225E0
1.492323944E1,6.775590777E-1,-1.388636976E-1,9.646238327E0,9.671002187E0
1.492524343E1,6.727706790E-1,-1.388636976E-1,9.615114212E0,9.639622649E0
1.492724698E1,6.655880809E-1,-1.244984865E-1,9.588777542E0,9.612656351E0
1.492925046E1,6.512228847E-1,-1.005564705E-1,9.598354340E0,9.620946361E0
1.493125378E1,6.200982332E-1,-6.943184882E-2,9.588777542E0,9.609058089E0
1.493325694E1,5.937620401E-1,-3.112462163E-2,9.588777542E0,9.607194016E0
1.493526034E1,5.650315881E-1,0.000000000E0,9.591172218E0,9.607801269E0
1.493726515E1,5.482721925E-1,3.112462163E-2,9.598354340E0,9.614051028E0
1.493926839E1,5.363011956E-1,4.070143029E-2,9.600749016E0,9.615802475E0
1.494127214E1,5.195417404E-1,6.464344263E-2,9.627084732E0,9.641310224E0
1.494327655E1,5.051765442E-1,8.140286058E-2,9.646238327E0,9.659800393E0
1.494528077E1,4.836287498E-1,8.379705995E-2,9.677363396E0,9.689802940E0
1.494728522E1,4.788403511E-1,8.858546615E-2,9.710882187E0,9.723084300E0
1.494928976E1,4.740519226E-1,6.703764945E-2,9.722852707E0,9.734633225E0
1.495129448E1,4.812345505E-1,4.548983276E-2,9.751583099E0,9.763556164E0
1.495329944E1,5.027823448E-1,2.394201700E-3,9.782708168E0,9.795620191E0
1.495530472E1,5.123591423E-1,-2.154781483E-2,9.792284966E0,9.805703496E0
1.495730913E1,5.315127969E-1,-5.985504389E-2,9.809044838E0,9.823616906E0
1.495931362E1,5.650315881E-1,-9.576806426E-2,9.842563629E0,9.859233794E0
1.496131608E1,5.937620401E-1,-1.173158810E-1,9.864110947E0,9.882661643E0
1.496331901E1,6.081272364E-1,-1.292868853E-1,9.888052940E0,9.907579159E0
1.496532179E1,6.081272364E-1,-1.436520964E-1,9.919178009E0,9.938840326E0
1.496732522E1,6.248866320E-1,-1.604115069E-1,9.938331604E0,9.959249481E0
1.496932819E1,6.416460276E-1,-1.771709323E-1,9.931148529E0,9.953432085E0
1.497133140E1,6.440402865E-1,-1.891419291E-1,9.931148529E0,9.953806994E0
1.497333514E1,6.512228847E-1,-2.202665508E-1,9.916783333E0,9.940583497E0
1.497533886E1,6.584054828E-1,-2.466027737E-1,9.876082420E0,9.901076441E0
1.497734237E1,6.655880809E-1,-2.657563984E-1,9.844957352E0,9.871009027E0
1.497934569E1,6.584054828E-1,-2.873041928E-1,9.806650162E0,9.832925753E0
1.498135038E1,6.584054828E-1,-2.920926213E-1,9.777919769E0,9.804413848E0
1.498335382E1,6.464344859E-1,-2.849099934E-1,9.751583099E0,9.777137832E0
1.498535788E1,6.320692301E-1,-2.657563984E-1,9.730035782E0,9.754164971E0
1.498736116E1,6.224924326E-1,-2.585737705E-1,9.720458984E0,9.743802137E0
1.498936436E1,6.200982332E-1,-2.466027737E-1,9.708487511E0,9.731395814E0
1.499136843E1,6.081272364E-1,-2.298433632E-1,9.701305389E0,9.723063970E0
1.499337214E1,5.985504389E-1,-1.963245422E-1,9.703699112E0,9.724123735E0
1.499537659E1,5.913678408E-1,-1.699883193E-1,9.722852707E0,9.742303460E0
1.499737948E1,5.865794420E-1,-1.460463107E-1,9.742006302E0,9.760742377E0
1.499938288E1,5.985504389E-1,-1.221042871E-1,9.770736694E0,9.789814484E0
1.500138667E1,6.057330370E-1,-1.053448766E-1,9.785101891E0,9.804398455E0
1.500338999E1,6.105214357E-1,-1.005564705E-1,9.787496567E0,9.807035081E0
1.500539264E1,6.200982332E-1,-9.816227108E-2,9.801861763E0,9.821947448E0
1.500739659E1,6.512228847E-1,-8.619125932E-2,9.809044838E0,9.831016265E0
1.500940026E1,6.584054828E-1,-8.379705995E-2,9.816226959E0,9.838639715E0
1.501140386E1,6.631938815E-1,-7.661445439E-2,9.823410034E0,9.846069297E0
