"Time (s)","Acceleration x (m/s^2)","Acceleration y (m/s^2)","Acceleration z (m/s^2)","Absolute acceleration (m/s^2)"
4.799598000E-3,1.244984865E-1,-1.762132406E0,9.629479408E0,9.790172836E0
6.800340000E-3,1.244984865E-1,-1.752555609E0,9.641449928E0,9.800229985E0
8.800848000E-3,1.268926859E-1,-1.757344007E0,9.639056206E0,9.798763404E0
1.080159000E-2,1.316810995E-1,-1.759738207E0,9.639056206E0,9.799256248E0
1.280241000E-2,1.340752989E-1,-1.759738207E0,9.639056206E0,9.799288713E0
1.480260600E-2,1.316810995E-1,-1.759738207E0,9.641449928E0,9.801610847E0
1.680315300E-2,1.412578970E-1,-1.757344007E0,9.639056206E0,9.798959960E0
1.880452000E-2,1.484405100E-1,-1.764526606E0,9.639056206E0,9.800356793E0
2.080635600E-2,1.532289088E-1,-1.764526606E0,9.643844604E0,9.805140080E0
2.280772300E-2,1.580173075E-1,-1.771709204E0,9.653421402E0,9.815929285E0
2.480838700E-2,1.580173075E-1,-1.774103403E0,9.639056206E0,9.802235301E0
2.680928500E-2,1.604115069E-1,-1.783680320E0,9.639056206E0,9.804012029E0
2.881088700E-2,1.556231081E-1,-1.790862918E0,9.641449928E0,9.807597324E0
3.081237100E-2,1.508347094E-1,-1.771709204E0,9.639056206E0,9.801689097E0
3.281342600E-2,1.484405100E-1,-1.776497602E0,9.651026726E0,9.814290355E0
3.481455900E-2,1.484405100E-1,-1.778891921E0,9.655815125E0,9.819432609E0
3.681549600E-2,1.532289088E-1,-1.764526606E0,9.646238327E0,9.807494435E0
3.881666800E-2,1.628057212E-1,-1.774103403E0,9.634267807E0,9.797605053E0
4.081791800E-2,1.604115069E-1,-1.783680320E0,9.636661530E0,9.801657654E0
4.281768400E-2,1.580173075E-1,-1.776497602E0,9.631873131E0,9.795605811E0
4.481834800E-2,1.556231081E-1,-1.786074519E0,9.641449928E0,9.806724094E0
4.681877800E-2,1.628057212E-1,-1.790862918E0,9.639056206E0,9.805360790E0
4.881998900E-2,1.580173075E-1,-1.788468719E0,9.631873131E0,9.797783925E0
5.082053500E-2,1.628057212E-1,-1.783680320E0,9.639056206E0,9.804051495E0
5.282155100E-2,1.604115069E-1,-1.788468719E0,9.629479408E0,9.795469661E0
5.482295700E-2,1.628057212E-1,-1.788468719E0,9.627084732E0,9.793155084E0
5.682420700E-2,1.532289088E-1,-1.798045516E0,9.636661530E0,9.804167084E0
5.882659000E-2,1.508347094E-1,-1.798045516E0,9.634267807E0,9.801777133E0
6.082838700E-2,1.556231081E-1,-1.800439715E0,9.629479408E0,9.797585182E0
6.282955900E-2,1.580173075E-1,-1.795651317E0,9.624691010E0,9.792038100E0
6.483092600E-2,1.484405100E-1,-1.793257117E0,9.634267807E0,9.800863322E0
6.683202000E-2,1.508347094E-1,-1.795651317E0,9.631873131E0,9.798984374E0
6.883444200E-2,1.484405100E-1,-1.790862918E0,9.615114212E0,9.781597308E0
7.083588700E-2,1.556231081E-1,-1.798045516E0,9.624691010E0,9.792439086E0
7.283764500E-2,1.604115069E-1,-1.800439715E0,9.622296333E0,9.790602726E0
7.483967600E-2,1.580173075E-1,-1.805228114E0,9.617507935E0,9.786739850E0
7.684127800E-2,1.484405100E-1,-1.805228114E0,9.624691010E0,9.793648971E0
7.884178500E-2,1.532289088E-1,-1.802833915E0,9.629479408E0,9.797987696E0
8.084319200E-2,1.604115069E-1,-1.800439715E0,9.615114212E0,9.783544160E0
8.284475400E-2,1.508347094E-1,-1.800439715E0,9.610325813E0,9.778685828E0
8.484541800E-2,1.460463107E-1,-1.805228114E0,9.617507935E0,9.786553885E0
8.684713700E-2,1.460463107E-1,-1.812410712E0,9.624691010E0,9.794939466E0
8.884909000E-2,1.508347094E-1,-1.805228114E0,9.624691010E0,9.793685552E0
9.085053500E-2,1.508347094E-1,-1.805228114E0,9.631873131E0,9.800743832E0
9.285112100E-2,1.508347094E-1,-1.800439715E0,9.624691010E0,9.792804057E0
9.485205900E-2,1.484405100E-1,-1.805228114E0,9.627084732E0,9.796001407E0
9.685264500E-2,1.436520964E-1,-1.798045516E0,9.634267807E0,9.801669234E0
9.885358200E-2,1.436520964E-1,-1.793257117E0,9.615114212E0,9.781964441E0
1.008536210E-1,1.436520964E-1,-1.800439715E0,9.615114212E0,9.783283723E0
1.028540120E-1,1.364694983E-1,-1.807622313E0,9.612719536E0,9.782152075E0
1.048544810E-1,1.436520964E-1,-1.800439715E0,9.612719536E0,9.780930220E0
1.068556920E-1,1.412578970E-1,-1.793257117E0,9.612719536E0,9.779575745E0
1.088565900E-1,1.364694983E-1,-1.788468719E0,9.622296333E0,9.788045311E0
1.108578010E-1,1.292868853E-1,-1.783680320E0,9.617507935E0,9.782366250E0
1.128587780E-1,1.316810995E-1,-1.790862918E0,9.622296333E0,9.788417473E0
1.148602620E-1,1.316810995E-1,-1.798045516E0,9.624691010E0,9.792087858E0
1.168611600E-1,1.340752989E-1,-1.802833915E0,9.627084732E0,9.795353324E0
1.188620590E-1,1.340752989E-1,-1.798045516E0,9.631873131E0,9.799179755E0
1.208624890E-1,1.412578970E-1,-1.800439715E0,9.629479408E0,9.797367536E0
1.228632310E-1,1.388636976E-1,-1.802833915E0,9.627084732E0,9.795420036E0
1.248628400E-1,1.292868853E-1,-1.786074519E0,9.622296333E0,9.787510614E0
1.268637780E-1,1.388636976E-1,-1.783680320E0,9.624691010E0,9.789559522E0
1.288651060E-1,1.221042871E-1,-1.786074519E0,9.631873131E0,9.796833757E0
1.308657700E-1,1.221042871E-1,-1.781286120E0,9.622296333E0,9.786545684E0
1.328666680E-1,1.221042871E-1,-1.771709204E0,9.624691010E0,9.787161999E0
1.348674100E-1,1.221042871E-1,-1.764526606E0,9.631873131E0,9.792928245E0
1.368682310E-1,1.244984865E-1,-1.778891921E0,9.639056206E0,9.802620103E0
1.388697540E-1,1.221042871E-1,-1.786074519E0,9.639056206E0,9.803895970E0
1.408711210E-1,1.173158810E-1,-1.783680320E0,9.631873131E0,9.796339036E0
1.428719420E-1,1.101332754E-1,-1.786074519E0,9.639056206E0,9.803754182E0
1.448728790E-1,1.077390760E-1,-1.788468719E0,9.631873131E0,9.797102024E0
1.468732700E-1,1.244984865E-1,-1.786074519E0,9.627084732E0,9.792156172E0
1.488735430E-1,1.244984865E-1,-1.786074519E0,9.624691010E0,9.789802812E0
1.508744810E-1,1.268926859E-1,-1.793257117E0,9.639056206E0,9.805267838E0
1.528760820E-1,1.316810995E-1,-1.793257117E0,9.636661530E0,9.802976917E0
1.548775670E-1,1.268926859E-1,-1.793257117E0,9.631873131E0,9.798206614E0
1.568791680E-1,1.244984865E-1,-1.795651317E0,9.636661530E0,9.803321323E0
1.588810040E-1,1.197100878E-1,-1.800439715E0,9.634267807E0,9.801787074E0
1.608824500E-1,1.125274822E-1,-1.795651317E0,9.643844604E0,9.810237757E0
1.628830750E-1,1.149216816E-1,-1.798045516E0,9.643844604E0,9.810704023E0
1.648844420E-1,1.125274822E-1,-1.793257117E0,9.655815125E0,9.821568064E0
1.668859650E-1,1.244984865E-1,-1.788468719E0,9.639056206E0,9.804362538E0
1.688871760E-1,1.197100878E-1,-1.795651317E0,9.636661530E0,9.803261681E0
1.708877620E-1,1.149216816E-1,-1.793257117E0,9.639056206E0,9.805120225E0
1.728888560E-1,1.221042871E-1,-1.778891921E0,9.646238327E0,9.809652378E0
1.748894420E-1,1.221042871E-1,-1.783680320E0,9.639056206E0,9.803460077E0
1.768904960E-1,1.316810995E-1,-1.778891921E0,9.634267807E0,9.798005540E0
1.788909650E-1,1.244984865E-1,-1.783680320E0,9.643844604E0,9.808198311E0
1.808912390E-1,1.221042871E-1,-1.790862918E0,9.627084732E0,9.793000556E0
1.828927230E-1,1.197100878E-1,-1.781286120E0,9.622296333E0,9.786516105E0
1.848942460E-1,1.340752989E-1,-1.778891921E0,9.617507935E0,9.781558747E0
1.868945980E-1,1.268926859E-1,-1.774103403E0,9.622296333E0,9.785301802E0
1.888960430E-1,1.316810995E-1,-1.771709204E0,9.624691010E0,9.787286163E0
1.908976450E-1,1.340752989E-1,-1.769315004E0,9.627084732E0,9.789239613E0
1.928993640E-1,1.412578970E-1,-1.774103403E0,9.627084732E0,9.790207205E0
1.949010040E-1,1.340752989E-1,-1.776497602E0,9.634267807E0,9.797603589E0
1.969032310E-1,1.364694983E-1,-1.778891921E0,9.615114212E0,9.779238299E0
1.989054180E-1,1.364694983E-1,-1.762132406E0,9.612719536E0,9.773848342E0
2.009076840E-1,1.412578970E-1,-1.769315004E0,9.627084732E0,9.789340622E0
2.029092460E-1,1.388636976E-1,-1.766920805E0,9.634267807E0,9.795938364E0
2.049104180E-1,1.364694983E-1,-1.762132406E0,9.624691010E0,9.785622697E0
2.069122150E-1,1.292868853E-1,-1.757344007E0,9.615114212E0,9.775243954E0
2.089137390E-1,1.244984865E-1,-1.754949808E0,9.627084732E0,9.786526919E0
2.109149100E-1,1.221042871E-1,-1.764526606E0,9.634267807E0,9.795283548E0
2.129170980E-1,1.292868853E-1,-1.762132406E0,9.629479408E0,9.790234900E0
2.149185820E-1,1.292868853E-1,-1.754949808E0,9.610325813E0,9.770103693E0
2.169198710E-1,1.244984865E-1,-1.759738207E0,9.610325813E0,9.770902756E0
2.189215510E-1,1.221042871E-1,-1.759738207E0,9.622296333E0,9.782646612E0
2.209234650E-1,1.316810995E-1,-1.764526606E0,9.612719536E0,9.774214594E0
2.229245200E-1,1.197100878E-1,-1.766920805E0,9.612719536E0,9.774493159E0
2.249253400E-1,1.268926859E-1,-1.759738207E0,9.617507935E0,9.777997708E0
2.269255750E-1,1.244984865E-1,-1.759738207E0,9.617507935E0,9.777966931E0
2.289258480E-1,1.292868853E-1,-1.752555609E0,9.612719536E0,9.772028609E0
2.309261600E-1,1.340752989E-1,-1.764526606E0,9.622296333E0,9.783665829E0
2.329265900E-1,1.364694983E-1,-1.766920805E0,9.619902611E0,9.781776899E0
2.349272930E-1,1.364694983E-1,-1.764526606E0,9.624691010E0,9.786054113E0
2.369287390E-1,1.221042871E-1,-1.764526606E0,9.617507935E0,9.778799644E0
2.389299500E-1,1.197100878E-1,-1.762132406E0,9.622296333E0,9.783047984E0
2.409308870E-1,1.197100878E-1,-1.762132406E0,9.615114212E0,9.775983962E0
2.429321760E-1,1.316810995E-1,-1.762132406E0,9.627084732E0,9.787911471E0
2.449343640E-1,1.316810995E-1,-1.759738207E0,9.627084732E0,9.787480723E0
2.469362390E-1,1.364694983E-1,-1.754949808E0,9.631873131E0,9.791396875E0
2.489374890E-1,1.436520964E-1,-1.757344007E0,9.629479408E0,9.789574432E0
2.509377620E-1,1.388636976E-1,-1.762132406E0,9.624691010E0,9.785656379E0
2.529390120E-1,1.268926859E-1,-1.762132406E0,9.641449928E0,9.801977815E0
2.549399500E-1,1.316810995E-1,-1.764526606E0,9.641449928E0,9.802471667E0
2.569409650E-1,1.268926859E-1,-1.769315004E0,9.627084732E0,9.789143874E0
2.589414340E-1,1.316810995E-1,-1.766920805E0,9.631873131E0,9.793484010E0
2.609416290E-1,1.460463107E-1,-1.764526606E0,9.646238327E0,9.807384847E0
2.629415120E-1,1.460463107E-1,-1.757344007E0,9.627084732E0,9.787254361E0
2.649415120E-1,1.484405100E-1,-1.757344007E0,9.622296333E0,9.782580399E0
2.669417460E-1,1.436520964E-1,-1.757344007E0,9.629479408E0,9.789574432E0
2.689420200E-1,1.340752989E-1,-1.754949808E0,9.631873131E0,9.791363798E0
2.709414730E-1,1.364694983E-1,-1.766920805E0,9.631873131E0,9.793549564E0
2.729420590E-1,1.388636976E-1,-1.774103403E0,9.631873131E0,9.794881624E0
2.749420200E-1,1.436520964E-1,-1.769315004E0,9.646238327E0,9.808212139E0
2.769410430E-1,1.388636976E-1,-1.764526606E0,9.634267807E0,9.795506799E0
2.789407310E-1,1.412578970E-1,-1.762132406E0,9.624691010E0,9.785690647E0
2.809409650E-1,1.388636976E-1,-1.762132406E0,9.629479408E0,9.790366051E0
2.829399890E-1,1.412578970E-1,-1.771709204E0,9.634267807E0,9.796837422E0
2.849404960E-1,1.412578970E-1,-1.776497602E0,9.643844604E0,9.807121712E0
2.869402620E-1,1.364694983E-1,-1.776497602E0,9.639056206E0,9.802345239E0
2.889405750E-1,1.364694983E-1,-1.776497602E0,9.631873131E0,9.795281908E0
2.909414340E-1,1.364694983E-1,-1.771709204E0,9.634267807E0,9.796769549E0
2.929422930E-1,1.340752989E-1,-1.774103403E0,9.646238327E0,9.808941479E0
2.949422930E-1,1.316810995E-1,-1.766920805E0,9.651026726E0,9.812322146E0
2.969429960E-1,1.340752989E-1,-1.766920805E0,9.646238327E0,9.807644935E0
2.989442850E-1,1.340752989E-1,-1.778891921E0,9.641449928E0,9.805100171E0
3.009458090E-1,1.412578970E-1,-1.788468719E0,9.648633003E0,9.814004941E0
3.029464730E-1,1.340752989E-1,-1.786074519E0,9.658209801E0,9.822884247E0
3.049479180E-1,1.292868853E-1,-1.781286120E0,9.651026726E0,9.814887274E0
3.069496370E-1,1.292868853E-1,-1.774103403E0,9.636661530E0,9.799459343E0
3.089505750E-1,1.388636976E-1,-1.774103403E0,9.634267807E0,9.797236457E0
3.109514340E-1,1.364694983E-1,-1.778891921E0,9.627084732E0,9.791008162E0
3.129536210E-1,1.388636976E-1,-1.783680320E0,9.629479408E0,9.794267317E0
3.149546760E-1,1.436520964E-1,-1.783680320E0,9.631873131E0,9.796689819E0
3.169558090E-1,1.460463107E-1,-1.781286120E0,9.622296333E0,9.786873683E0
3.189574890E-1,1.436520964E-1,-1.776497602E0,9.629479408E0,9.793030855E0
3.209586600E-1,1.436520964E-1,-1.786074519E0,9.627084732E0,9.792418422E0
3.229592850E-1,1.508347094E-1,-1.788468719E0,9.629479408E0,9.795317511E0
3.249601450E-1,1.412578970E-1,-1.781286120E0,9.622296333E0,9.786803399E0
3.269622540E-1,1.460463107E-1,-1.776497602E0,9.634267807E0,9.797774718E0
3.289647540E-1,1.412578970E-1,-1.778891921E0,9.634267807E0,9.798138927E0
3.309657310E-1,1.316810995E-1,-1.793257117E0,9.627084732E0,9.793562755E0
3.329677620E-1,1.388636976E-1,-1.786074519E0,9.619902611E0,9.785288527E0
3.349687390E-1,1.412578970E-1,-1.781286120E0,9.617507935E0,9.782095527E0
3.369699890E-1,1.412578970E-1,-1.783680320E0,9.622296333E0,9.787239448E0
3.389718250E-1,1.436520964E-1,-1.788468719E0,9.619902611E0,9.785794936E0
3.409732700E-1,1.484405100E-1,-1.786074519E0,9.622296333E0,9.787782359E0
3.429742070E-1,1.460463107E-1,-1.786074519E0,9.612719536E0,9.778331585E0
3.449749890E-1,1.436520964E-1,-1.790862918E0,9.617507935E0,9.783878821E0
3.469773710E-1,1.388636976E-1,-1.788468719E0,9.634267807E0,9.799847941E0
3.489786210E-1,1.388636976E-1,-1.788468719E0,9.634267807E0,9.799847941E0
3.509804570E-1,1.364694983E-1,-1.788468719E0,9.627084732E0,9.792752663E0
3.529813560E-1,1.316810995E-1,-1.788468719E0,9.617507935E0,9.783272415E0
3.549821760E-1,1.364694983E-1,-1.786074519E0,9.617507935E0,9.782900643E0
3.569832700E-1,1.364694983E-1,-1.798045516E0,9.627084732E0,9.794506217E0
3.589844420E-1,1.412578970E-1,-1.800439715E0,9.622296333E0,9.790307640E0
3.609856920E-1,1.364694983E-1,-1.798045516E0,9.617507935E0,9.785093279E0
3.629869420E-1,1.364694983E-1,-1.795651317E0,9.631873131E0,9.798773780E0
3.649880350E-1,1.436520964E-1,-1.795651317E0,9.627084732E0,9.794169695E0
3.669893250E-1,1.364694983E-1,-1.783680320E0,9.629479408E0,9.794233665E0
3.689895980E-1,1.340752989E-1,-1.778891921E0,9.639056206E0,9.802746411E0
3.709894420E-1,1.316810995E-1,-1.786074519E0,9.629479408E0,9.794604422E0
3.729901450E-1,1.292868853E-1,-1.793257117E0,9.643844604E0,9.810006368E0
3.749911210E-1,1.412578970E-1,-1.788468719E0,9.631873131E0,9.797527962E0
3.769904180E-1,1.460463107E-1,-1.786074519E0,9.629479408E0,9.794808083E0
3.789908870E-1,1.388636976E-1,-1.786074519E0,9.634267807E0,9.799411283E0
3.809913170E-1,1.364694983E-1,-1.776497602E0,9.639056206E0,9.802345239E0
3.829916290E-1,1.388636976E-1,-1.774103403E0,9.636661530E0,9.799590371E0
3.849930350E-1,1.436520964E-1,-1.781286120E0,9.631873131E0,9.796254191E0
3.869929960E-1,1.436520964E-1,-1.786074519E0,9.641449928E0,9.806541431E0
3.889928400E-1,1.484405100E-1,-1.788468719E0,9.636661530E0,9.802341576E0
3.909925280E-1,1.436520964E-1,-1.778891921E0,9.629479408E0,9.793465478E0
3.929940510E-1,1.484405100E-1,-1.776497602E0,9.631873131E0,9.795456004E0
3.949963170E-1,1.388636976E-1,-1.778891921E0,9.639056206E0,9.802813072E0
3.969966290E-1,1.460463107E-1,-1.781286120E0,9.627084732E0,9.791581599E0
3.989976060E-1,1.556231081E-1,-1.781286120E0,9.624691010E0,9.789375661E0
4.009972150E-1,1.532289088E-1,-1.788468719E0,9.631873131E0,9.797707868E0
4.029980750E-1,1.532289088E-1,-1.790862918E0,9.653421402E0,9.819328585E0
4.049992460E-1,1.580173075E-1,-1.788468719E0,9.648633003E0,9.814260474E0
4.070003400E-1,1.556231081E-1,-1.778891921E0,9.634267807E0,9.798356556E0
4.090014340E-1,1.436520964E-1,-1.771709204E0,9.636661530E0,9.799226238E0
4.110019420E-1,1.412578970E-1,-1.778891921E0,9.634267807E0,9.798138927E0
4.130026450E-1,1.388636976E-1,-1.771709204E0,9.636661530E0,9.799157212E0
4.150035430E-1,1.460463107E-1,-1.776497602E0,9.648633003E0,9.811900534E0
4.170038170E-1,1.436520964E-1,-1.774103403E0,9.648633003E0,9.811431987E0
4.190037000E-1,1.484405100E-1,-1.769315004E0,9.646238327E0,9.808283440E0
4.210032700E-1,1.412578970E-1,-1.774103403E0,9.634267807E0,9.797270684E0
4.230038950E-1,1.412578970E-1,-1.771709204E0,9.636661530E0,9.799191433E0
4.250050670E-1,1.364694983E-1,-1.771709204E0,9.639056206E0,9.801478560E0
4.270063950E-1,1.412578970E-1,-1.766920805E0,9.648633003E0,9.810101006E0
4.290075670E-1,1.484405100E-1,-1.764526606E0,9.646238327E0,9.807420792E0
4.310091680E-1,1.412578970E-1,-1.764526606E0,9.634267807E0,9.795541032E0
4.330101060E-1,1.364694983E-1,-1.771709204E0,9.631873131E0,9.794414604E0
4.350116680E-1,1.412578970E-1,-1.766920805E0,9.631873131E0,9.793617459E0
4.370130350E-1,1.388636976E-1,-1.769315004E0,9.629479408E0,9.791661370E0
4.390144030E-1,1.340752989E-1,-1.764526606E0,9.631873131E0,9.793084822E0
4.410158090E-1,1.268926859E-1,-1.766920805E0,9.631873131E0,9.793420796E0
4.430162000E-1,1.340752989E-1,-1.764526606E0,9.629479408E0,9.790730514E0
4.450178010E-1,1.197100878E-1,-1.764526606E0,9.634267807E0,9.795253995E0
4.470193640E-1,1.197100878E-1,-1.769315004E0,9.629479408E0,9.791408467E0
4.490206140E-1,1.197100878E-1,-1.776497602E0,9.624691010E0,9.788000371E0
4.510226450E-1,1.244984865E-1,-1.771709204E0,9.622296333E0,9.784837255E0
4.530238950E-1,1.316810995E-1,-1.783680320E0,9.622296333E0,9.787105911E0
4.550248710E-1,1.340752989E-1,-1.783680320E0,9.617507935E0,9.782430707E0
4.570259650E-1,1.244984865E-1,-1.774103403E0,9.624691010E0,9.787625850E0
4.590272150E-1,1.221042871E-1,-1.766920805E0,9.629479408E0,9.791005682E0
4.610274100E-1,1.244984865E-1,-1.769315004E0,9.627084732E0,9.789113131E0
4.630276840E-1,1.244984865E-1,-1.774103403E0,9.634267807E0,9.797043377E0
4.650287780E-1,1.268926859E-1,-1.781286120E0,9.634267807E0,9.798377323E0
4.670296370E-1,1.125274822E-1,-1.786074519E0,9.627084732E0,9.792011288E0
4.690313170E-1,1.077390760E-1,-1.781286120E0,9.627084732E0,9.791085149E0
4.710316290E-1,1.053448766E-1,-1.778891921E0,9.629479408E0,9.792978489E0
4.730320590E-1,1.077390760E-1,-1.774103403E0,9.627084732E0,9.789780949E0
4.750328400E-1,1.077390760E-1,-1.776497602E0,9.636661530E0,9.799632487E0
4.770335820E-1,1.125274822E-1,-1.774103403E0,9.636661530E0,9.799252561E0
4.790342460E-1,1.101332754E-1,-1.771709204E0,9.639056206E0,9.801147248E0
4.810350280E-1,1.197100878E-1,-1.776497602E0,9.634267807E0,9.797417538E0
4.830356530E-1,1.221042871E-1,-1.774103403E0,9.636661530E0,9.799367213E0
4.850362000E-1,1.197100878E-1,-1.774103403E0,9.634267807E0,9.796983697E0
4.870375280E-1,1.173158810E-1,-1.776497602E0,9.639056206E0,9.802097290E0
4.890385040E-1,1.197100878E-1,-1.781286120E0,9.629479408E0,9.793578734E0
4.910392460E-1,1.268926859E-1,-1.776497602E0,9.634267807E0,9.797507931E0
4.930400670E-1,1.173158810E-1,-1.778891921E0,9.641449928E0,9.804885323E0
4.950415510E-1,1.197100878E-1,-1.778891921E0,9.629479408E0,9.793143553E0
4.970432310E-1,1.197100878E-1,-1.786074519E0,9.634267807E0,9.799158580E0
4.990449890E-1,1.173158810E-1,-1.786074519E0,9.639056206E0,9.803837501E0
5.010469810E-1,1.173158810E-1,-1.786074519E0,9.629479408E0,9.794421825E0
5.030481140E-1,1.221042871E-1,-1.786074519E0,9.622296333E0,9.787418371E0
5.050493640E-1,1.221042871E-1,-1.783680320E0,9.619902611E0,9.784628311E0
5.070510820E-1,1.268926859E-1,-1.781286120E0,9.629479408E0,9.793669163E0
5.090519810E-1,1.244984865E-1,-1.781286120E0,9.634267807E0,9.798346610E0
5.110533090E-1,1.173158810E-1,-1.764526606E0,9.629479408E0,9.790515351E0
5.130540510E-1,1.173158810E-1,-1.766920805E0,9.641449928E0,9.802720483E0
5.150547930E-1,1.221042871E-1,-1.762132406E0,9.641449928E0,9.801916996E0
5.170559650E-1,1.244984865E-1,-1.762132406E0,9.629479408E0,9.790172836E0
5.190568250E-1,1.221042871E-1,-1.764526606E0,9.627084732E0,9.788218635E0
5.210570200E-1,1.125274822E-1,-1.764526606E0,9.619902611E0,9.781039966E0
5.230567460E-1,1.173158810E-1,-1.759738207E0,9.627084732E0,9.787297993E0
5.250565900E-1,1.149216816E-1,-1.771709204E0,9.624691010E0,9.787075024E0
5.270566680E-1,1.173158810E-1,-1.764526606E0,9.634267807E0,9.795225027E0
5.290573710E-1,1.244984865E-1,-1.764526606E0,9.627084732E0,9.788248794E0
5.310574890E-1,1.221042871E-1,-1.766920805E0,9.629479408E0,9.791005682E0
5.330583870E-1,1.125274822E-1,-1.766920805E0,9.639056206E0,9.800310000E0
5.350592070E-1,1.149216816E-1,-1.766920805E0,9.639056206E0,9.800337783E0
5.370596370E-1,1.149216816E-1,-1.769315004E0,9.643844604E0,9.805479149E0
5.390615900E-1,1.125274822E-1,-1.759738207E0,9.641449928E0,9.801372236E0
5.410624100E-1,1.173158810E-1,-1.769315004E0,9.627084732E0,9.789024417E0
5.430631920E-1,1.173158810E-1,-1.774103403E0,9.639056206E0,9.801663657E0
5.450649500E-1,1.173158810E-1,-1.776497602E0,9.636661530E0,9.799742455E0
5.470664730E-1,1.173158810E-1,-1.776497602E0,9.643844604E0,9.806806081E0
5.490669810E-1,1.197100878E-1,-1.771709204E0,9.634267807E0,9.796550423E0
5.510674100E-1,1.197100878E-1,-1.769315004E0,9.639056206E0,9.800827038E0
5.530671760E-1,1.173158810E-1,-1.769315004E0,9.646238327E0,9.807861768E0
5.550674500E-1,1.125274822E-1,-1.786074519E0,9.641449928E0,9.806134883E0
5.570687000E-1,1.221042871E-1,-1.778891921E0,9.641449928E0,9.804943786E0
5.590696760E-1,1.292868853E-1,-1.774103403E0,9.622296333E0,9.785333142E0
5.610704960E-1,1.221042871E-1,-1.781286120E0,9.629479408E0,9.793608292E0
5.630704180E-1,1.221042871E-1,-1.783680320E0,9.619902611E0,9.784628311E0
5.650713170E-1,1.173158810E-1,-1.766920805E0,9.624691010E0,9.786237744E0
5.670726060E-1,1.101332754E-1,-1.762132406E0,9.624691010E0,9.785290848E0
5.690734650E-1,1.173158810E-1,-1.762132406E0,9.619902611E0,9.780664593E0
5.710748320E-1,1.268926859E-1,-1.774103403E0,9.619902611E0,9.782947965E0
5.730758480E-1,1.244984865E-1,-1.771709204E0,9.617507935E0,9.780128437E0
5.750764730E-1,1.244984865E-1,-1.766920805E0,9.629479408E0,9.791035833E0
5.770776450E-1,1.268926859E-1,-1.762132406E0,9.624691010E0,9.785493825E0
5.790794810E-1,1.292868853E-1,-1.759738207E0,9.631873131E0,9.792158785E0
5.810809650E-1,1.316810995E-1,-1.752555609E0,9.639056206E0,9.797968953E0
5.830820590E-1,1.268926859E-1,-1.757344007E0,9.639056206E0,9.798763404E0
5.850817070E-1,1.244984865E-1,-1.759738207E0,9.627084732E0,9.787386723E0
5.870820980E-1,1.292868853E-1,-1.757344007E0,9.622296333E0,9.782308510E0
5.890826060E-1,1.340752989E-1,-1.764526606E0,9.622296333E0,9.783665829E0
5.910832310E-1,1.340752989E-1,-1.764526606E0,9.612719536E0,9.774247142E0
5.930843250E-1,1.364694983E-1,-1.759738207E0,9.627084732E0,9.787546318E0
5.950852230E-1,1.316810995E-1,-1.764526606E0,9.622296333E0,9.783633312E0
5.970858480E-1,1.292868853E-1,-1.759738207E0,9.631873131E0,9.792158785E0
5.990866290E-1,1.268926859E-1,-1.757344007E0,9.631873131E0,9.791697489E0
6.010869030E-1,1.292868853E-1,-1.754949808E0,9.617507935E0,9.777168445E0
6.030878010E-1,1.292868853E-1,-1.759738207E0,9.624691010E0,9.785094311E0
6.050883870E-1,1.292868853E-1,-1.759738207E0,9.619902611E0,9.780384445E0
6.070895590E-1,1.340752989E-1,-1.762132406E0,9.624691010E0,9.785589601E0
6.090910430E-1,1.436520964E-1,-1.771709204E0,9.629479408E0,9.792163351E0
6.110926450E-1,1.340752989E-1,-1.771709204E0,9.641449928E0,9.803799590E0
6.130936210E-1,1.292868853E-1,-1.774103403E0,9.641449928E0,9.804168231E0
6.150944420E-1,1.316810995E-1,-1.774103403E0,9.619902611E0,9.783011246E0
6.170961210E-1,1.316810995E-1,-1.778891921E0,9.622296333E0,9.786234368E0
6.190975670E-1,1.292868853E-1,-1.776497602E0,9.624691010E0,9.788122182E0
6.210991290E-1,1.412578970E-1,-1.776497602E0,9.634267807E0,9.797704512E0
6.231019030E-1,1.364694983E-1,-1.774103403E0,9.639056206E0,9.801911617E0
6.251029180E-1,1.484405100E-1,-1.771709204E0,9.643844604E0,9.806361550E0
6.271033480E-1,1.388636976E-1,-1.774103403E0,9.646238327E0,9.809008098E0
6.291044030E-1,1.316810995E-1,-1.778891921E0,9.648633003E0,9.812131023E0
6.311065510E-1,1.340752989E-1,-1.786074519E0,9.643844604E0,9.808760224E0
6.331081140E-1,1.340752989E-1,-1.781286120E0,9.643844604E0,9.807889436E0
6.351095980E-1,1.340752989E-1,-1.781286120E0,9.643844604E0,9.807889436E0
6.371123320E-1,1.364694983E-1,-1.781286120E0,9.641449928E0,9.805567851E0
6.391126840E-1,1.221042871E-1,-1.786074519E0,9.643844604E0,9.808603897E0
6.411131140E-1,1.316810995E-1,-1.783680320E0,9.643844604E0,9.808292112E0
6.431137780E-1,1.364694983E-1,-1.788468719E0,9.634267807E0,9.799814307E0
6.451144420E-1,1.388636976E-1,-1.781286120E0,9.631873131E0,9.796185144E0
6.471151450E-1,1.388636976E-1,-1.781286120E0,9.629479408E0,9.793831581E0
6.491151060E-1,1.412578970E-1,-1.793257117E0,9.641449928E0,9.807817372E0
6.511165120E-1,1.316810995E-1,-1.788468719E0,9.631873131E0,9.797394566E0
6.531168640E-1,1.412578970E-1,-1.783680320E0,9.636661530E0,9.801362901E0
6.551181140E-1,1.436520964E-1,-1.781286120E0,9.636661530E0,9.800962279E0
6.571182700E-1,1.460463107E-1,-1.781286120E0,9.622296333E0,9.786873683E0
6.591190510E-1,1.556231081E-1,-1.786074519E0,9.631873131E0,9.797308852E0
6.611204180E-1,1.556231081E-1,-1.786074519E0,9.631873131E0,9.797308852E0
6.631220590E-1,1.532289088E-1,-1.776497602E0,9.622296333E0,9.786113097E0
6.651229960E-1,1.508347094E-1,-1.783680320E0,9.631873131E0,9.796797773E0
6.671243640E-1,1.628057212E-1,-1.766920805E0,9.634267807E0,9.796307009E0
6.691256530E-1,1.651999205E-1,-1.778891921E0,9.636661530E0,9.800866947E0
6.711265900E-1,1.628057212E-1,-1.781286120E0,9.627084732E0,9.791845913E0
6.731274890E-1,1.580173075E-1,-1.778891921E0,9.617507935E0,9.781916213E0
6.751287390E-1,1.532289088E-1,-1.776497602E0,9.627084732E0,9.790821379E0
6.771283870E-1,1.556231081E-1,-1.783680320E0,9.627084732E0,9.792164953E0
6.791300670E-1,1.556231081E-1,-1.783680320E0,9.627084732E0,9.792164953E0
6.811312780E-1,1.604115069E-1,-1.788468719E0,9.612719536E0,9.778994278E0
6.831319030E-1,1.556231081E-1,-1.781286120E0,9.624691010E0,9.789375661E0
6.851326060E-1,1.580173075E-1,-1.783680320E0,9.627084732E0,9.792203296E0
6.871331140E-1,1.604115069E-1,-1.781286120E0,9.627084732E0,9.791806398E0
6.891337000E-1,1.675941199E-1,-1.778891921E0,9.627084732E0,9.791491444E0
6.911344810E-1,1.651999205E-1,-1.778891921E0,9.636661530E0,9.800866947E0
6.931351840E-1,1.628057212E-1,-1.778891921E0,9.636661530E0,9.800826884E0
6.951356920E-1,1.604115069E-1,-1.778891921E0,9.615114212E0,9.779601711E0
6.971371370E-1,1.580173075E-1,-1.783680320E0,9.627084732E0,9.792203296E0
6.991382700E-1,1.508347094E-1,-1.788468719E0,9.639056206E0,9.804732327E0
7.011396370E-1,1.580173075E-1,-1.793257117E0,9.624691010E0,9.791599338E0
7.031414730E-1,1.532289088E-1,-1.793257117E0,9.622296333E0,9.789169368E0
7.051429960E-1,1.532289088E-1,-1.790862918E0,9.636661530E0,9.802852367E0
7.071446760E-1,1.556231081E-1,-1.788468719E0,9.636661530E0,9.802452976E0
7.091451060E-1,1.484405100E-1,-1.788468719E0,9.634267807E0,9.799988322E0
7.111458090E-1,1.508347094E-1,-1.795651317E0,9.634267807E0,9.801338222E0
7.131476450E-1,1.460463107E-1,-1.793257117E0,9.631873131E0,9.798473382E0
7.151483090E-1,1.292868853E-1,-1.786074519E0,9.634267807E0,9.799280252E0
7.171504570E-1,1.340752989E-1,-1.786074519E0,9.641449928E0,9.806405819E0
7.191515900E-1,1.460463107E-1,-1.778891921E0,9.651026726E0,9.814688118E0
7.211518250E-1,1.460463107E-1,-1.786074519E0,9.651026726E0,9.815992491E0
7.231523320E-1,1.508347094E-1,-1.786074519E0,9.651026726E0,9.816064902E0
7.251540120E-1,1.484405100E-1,-1.788468719E0,9.648633003E0,9.814110952E0
7.271549100E-1,1.484405100E-1,-1.790862918E0,9.651026726E0,9.816900806E0
7.291562390E-1,1.436520964E-1,-1.798045516E0,9.643844604E0,9.811082629E0
7.311574500E-1,1.436520964E-1,-1.798045516E0,9.639056206E0,9.806375892E0
7.331580750E-1,1.508347094E-1,-1.800439715E0,9.643844604E0,9.811629479E0
7.351590510E-1,1.484405100E-1,-1.800439715E0,9.648633003E0,9.816299536E0
7.371591680E-1,1.556231081E-1,-1.805228114E0,9.646238327E0,9.814936625E0
7.391591290E-1,1.484405100E-1,-1.795651317E0,9.643844604E0,9.810715417E0
7.411602620E-1,1.484405100E-1,-1.788468719E0,9.636661530E0,9.802341576E0
7.431609260E-1,1.436520964E-1,-1.788468719E0,9.636661530E0,9.802270233E0
7.451617070E-1,1.364694983E-1,-1.793257117E0,9.636661530E0,9.803042408E0
7.471625280E-1,1.412578970E-1,-1.790862918E0,9.631873131E0,9.797965288E0
7.491626450E-1,1.388636976E-1,-1.786074519E0,9.631873131E0,9.797056972E0
7.511628400E-1,1.412578970E-1,-1.783680320E0,9.634267807E0,9.799009412E0
7.531639340E-1,1.436520964E-1,-1.781286120E0,9.622296333E0,9.786838248E0
7.551646760E-1,1.412578970E-1,-1.774103403E0,9.619902611E0,9.783144838E0
7.571654570E-1,1.388636976E-1,-1.771709204E0,9.629479408E0,9.792094276E0
7.591663950E-1,1.340752989E-1,-1.769315004E0,9.615114212E0,9.777467621E0
7.611672150E-1,1.316810995E-1,-1.757344007E0,9.610325813E0,9.770566008E0
7.631681140E-1,1.412578970E-1,-1.752555609E0,9.622296333E0,9.781614983E0
7.651694810E-1,1.388636976E-1,-1.747767210E0,9.617507935E0,9.776013104E0
7.671699500E-1,1.364694983E-1,-1.752555609E0,9.603142738E0,9.762705851E0
7.691713560E-1,1.388636976E-1,-1.750161409E0,9.598354340E0,9.757599813E0
7.711729180E-1,1.436520964E-1,-1.757344007E0,9.612719536E0,9.773089110E0
7.731737390E-1,1.388636976E-1,-1.752555609E0,9.610325813E0,9.769805347E0
7.751741680E-1,1.340752989E-1,-1.747767210E0,9.605537415E0,9.764169982E0
7.771745200E-1,1.340752989E-1,-1.742978811E0,9.600749016E0,9.758603024E0
7.791748320E-1,1.388636976E-1,-1.735796213E0,9.617507935E0,9.773880012E0
7.811753790E-1,1.292868853E-1,-1.735796213E0,9.615114212E0,9.771393191E0
7.831767070E-1,1.268926859E-1,-1.752555609E0,9.619902611E0,9.779063307E0
7.851770980E-1,1.197100878E-1,-1.740584612E0,9.615114212E0,9.772122932E0
7.871772540E-1,1.221042871E-1,-1.740584612E0,9.624691010E0,9.781575603E0
7.891782700E-1,1.221042871E-1,-1.738190413E0,9.619902611E0,9.776438084E0
7.911787000E-1,1.173158810E-1,-1.740584612E0,9.622296333E0,9.779160727E0
7.931799890E-1,1.125274822E-1,-1.752555609E0,9.622296333E0,9.781242269E0
7.951810430E-1,1.149216816E-1,-1.754949808E0,9.617507935E0,9.776989040E0
7.971813950E-1,1.221042871E-1,-1.735796213E0,9.636661530E0,9.792504449E0
7.991819030E-1,1.149216816E-1,-1.747767210E0,9.631873131E0,9.789835403E0
8.011828010E-1,1.101332754E-1,-1.750161409E0,9.629479408E0,9.787853083E0
8.031826450E-1,1.077390760E-1,-1.754949808E0,9.624691010E0,9.783973302E0
8.051834260E-1,1.125274822E-1,-1.757344007E0,9.627084732E0,9.786811576E0
8.071844030E-1,1.221042871E-1,-1.757344007E0,9.622296333E0,9.782216218E0
8.091853010E-1,1.173158810E-1,-1.754949808E0,9.627084732E0,9.786438182E0
8.111875280E-1,1.173158810E-1,-1.762132406E0,9.622296333E0,9.783018980E0
8.131891680E-1,1.173158810E-1,-1.766920805E0,9.629479408E0,9.790947136E0
8.151898320E-1,1.292868853E-1,-1.759738207E0,9.636661530E0,9.796868841E0
8.171909260E-1,1.221042871E-1,-1.766920805E0,9.627084732E0,9.788650521E0
8.191910430E-1,1.244984865E-1,-1.774103403E0,9.641449928E0,9.804106256E0
8.211904960E-1,1.197100878E-1,-1.778891921E0,9.639056206E0,9.802560457E0
8.231913950E-1,1.244984865E-1,-1.778891921E0,9.634267807E0,9.797911641E0
8.251916680E-1,1.292868853E-1,-1.762132406E0,9.639056206E0,9.799654599E0
8.271917070E-1,1.316810995E-1,-1.766920805E0,9.634267807E0,9.795839179E0
8.291916680E-1,1.316810995E-1,-1.774103403E0,9.636661530E0,9.799491223E0
8.311924890E-1,1.532289088E-1,-1.762132406E0,9.643844604E0,9.804709505E0
8.331938170E-1,1.436520964E-1,-1.762132406E0,9.648633003E0,9.809274457E0
8.351934260E-1,1.412578970E-1,-1.764526606E0,9.653421402E0,9.814379894E0
8.371940900E-1,1.412578970E-1,-1.764526606E0,9.643844604E0,9.804960311E0
8.391950280E-1,1.292868853E-1,-1.759738207E0,9.639056206E0,9.799224367E0
8.411952620E-1,1.292868853E-1,-1.759738207E0,9.636661530E0,9.796868841E0
8.431963170E-1,1.268926859E-1,-1.774103403E0,9.636661530E0,9.799428048E0
8.451977230E-1,1.316810995E-1,-1.776497602E0,9.622296333E0,9.785799424E0
8.471985430E-1,1.460463107E-1,-1.778891921E0,9.619902611E0,9.784084639E0
8.491995980E-1,1.580173075E-1,-1.764526606E0,9.624691010E0,9.786378321E0
8.512006920E-1,1.628057212E-1,-1.769315004E0,9.634267807E0,9.796739124E0
8.532017460E-1,1.604115069E-1,-1.778891921E0,9.646238327E0,9.810203983E0
8.552033090E-1,1.580173075E-1,-1.781286120E0,9.636661530E0,9.801183354E0
8.572032700E-1,1.508347094E-1,-1.783680320E0,9.622296333E0,9.787382353E0
8.592029960E-1,1.388636976E-1,-1.778891921E0,9.631873131E0,9.795750079E0
8.612028010E-1,1.412578970E-1,-1.783680320E0,9.634267807E0,9.799009412E0
8.632031140E-1,1.364694983E-1,-1.776497602E0,9.639056206E0,9.802345239E0
8.652033480E-1,1.436520964E-1,-1.778891921E0,9.634267807E0,9.798173736E0
8.672023320E-1,1.460463107E-1,-1.783680320E0,9.634267807E0,9.799079609E0
8.692020590E-1,1.460463107E-1,-1.786074519E0,9.639056206E0,9.804223388E0
8.712030350E-1,1.412578970E-1,-1.786074519E0,9.627084732E0,9.792383592E0
8.732050670E-1,1.484405100E-1,-1.786074519E0,9.634267807E0,9.799551671E0
8.752064340E-1,1.556231081E-1,-1.786074519E0,9.634267807E0,9.799663102E0
8.772067850E-1,1.508347094E-1,-1.786074519E0,9.641449928E0,9.806649276E0
8.792069030E-1,1.412578970E-1,-1.790862918E0,9.639056206E0,9.805026686E0
8.812076840E-1,1.340752989E-1,-1.786074519E0,9.627084732E0,9.792282615E0
8.832078010E-1,1.316810995E-1,-1.793257117E0,9.622296333E0,9.788855793E0
8.852085430E-1,1.340752989E-1,-1.800439715E0,9.624691010E0,9.792560257E0
8.872085820E-1,1.316810995E-1,-1.798045516E0,9.634267807E0,9.801501098E0
8.892102230E-1,1.316810995E-1,-1.798045516E0,9.641449928E0,9.808560766E0
8.912117070E-1,1.364694983E-1,-1.805228114E0,9.629479408E0,9.798180757E0
8.932125280E-1,1.292868853E-1,-1.812410712E0,9.629479408E0,9.799409235E0
8.952141680E-1,1.268926859E-1,-1.812410712E0,9.641449928E0,9.811141170E0
8.972146370E-1,1.340752989E-1,-1.807622313E0,9.639056206E0,9.808000772E0
8.992145590E-1,1.388636976E-1,-1.807622313E0,9.634267807E0,9.803361553E0
9.012151060E-1,1.316810995E-1,-1.795651317E0,9.631873131E0,9.798708260E0
9.032153010E-1,1.340752989E-1,-1.800439715E0,9.631873131E0,9.799619348E0
9.052161210E-1,1.364694983E-1,-1.807622313E0,9.629479408E0,9.798622149E0
9.072170590E-1,1.364694983E-1,-1.800439715E0,9.629479408E0,9.797299667E0
9.092181920E-1,1.268926859E-1,-1.798045516E0,9.631873131E0,9.799084112E0
9.112188950E-1,1.268926859E-1,-1.805228114E0,9.627084732E0,9.795698583E0
9.132203790E-1,1.388636976E-1,-1.800439715E0,9.627084732E0,9.794979670E0
9.152213950E-1,1.364694983E-1,-1.805228114E0,9.629479408E0,9.798180757E0
9.172226840E-1,1.340752989E-1,-1.800439715E0,9.634267807E0,9.801973043E0
9.192231530E-1,1.268926859E-1,-1.790862918E0,9.612719536E0,9.778940056E0
9.212245200E-1,1.268926859E-1,-1.802833915E0,9.622296333E0,9.790551496E0
9.232258870E-1,1.364694983E-1,-1.810016513E0,9.603142738E0,9.773184443E0
9.252267070E-1,1.388636976E-1,-1.802833915E0,9.605537415E0,9.774243821E0
9.272278010E-1,1.268926859E-1,-1.800439715E0,9.624691010E0,9.792464549E0
9.292283090E-1,1.316810995E-1,-1.795651317E0,9.619902611E0,9.786941800E0
9.312292460E-1,1.340752989E-1,-1.800439715E0,9.631873131E0,9.799619348E0
9.332305350E-1,1.364694983E-1,-1.805228114E0,9.619902611E0,9.788769009E0
9.352311600E-1,1.340752989E-1,-1.802833915E0,9.612719536E0,9.781235259E0
9.372323710E-1,1.364694983E-1,-1.795651317E0,9.622296333E0,9.789360260E0
9.392338950E-1,1.316810995E-1,-1.798045516E0,9.619902611E0,9.787381357E0
9.412357310E-1,1.412578970E-1,-1.798045516E0,9.610325813E0,9.778102255E0
9.432375670E-1,1.436520964E-1,-1.790862918E0,9.610325813E0,9.776818918E0
9.452388560E-1,1.388636976E-1,-1.798045516E0,9.612719536E0,9.780420629E0
9.472406920E-1,1.412578970E-1,-1.786074519E0,9.619902611E0,9.785322796E0
9.492413170E-1,1.364694983E-1,-1.774103403E0,9.622296333E0,9.785430677E0
9.512419030E-1,1.412578970E-1,-1.781286120E0,9.619902611E0,9.784449922E0
9.532422540E-1,1.484405100E-1,-1.774103403E0,9.627084732E0,9.790313473E0
9.552426060E-1,1.556231081E-1,-1.774103403E0,9.624691010E0,9.788071233E0
9.572425670E-1,1.556231081E-1,-1.769315004E0,9.622296333E0,9.784849557E0
9.592423320E-1,1.508347094E-1,-1.769315004E0,9.619902611E0,9.782420607E0
9.612432700E-1,1.460463107E-1,-1.762132406E0,9.636661530E0,9.797534668E0
9.632437780E-1,1.460463107E-1,-1.766920805E0,9.631873131E0,9.793687695E0
9.652433090E-1,1.508347094E-1,-1.766920805E0,9.636661530E0,9.798469558E0
9.672442070E-1,1.484405100E-1,-1.762132406E0,9.629479408E0,9.790506569E0
9.692449500E-1,1.460463107E-1,-1.769315004E0,9.627084732E0,9.789410889E0
9.712452230E-1,1.460463107E-1,-1.776497602E0,9.631873131E0,9.795420015E0
9.732449890E-1,1.388636976E-1,-1.769315004E0,9.646238327E0,9.808143177E0
9.752441680E-1,1.460463107E-1,-1.766920805E0,9.636661530E0,9.798397016E0
9.772432310E-1,1.436520964E-1,-1.788468719E0,9.653421402E0,9.818747428E0
9.792435040E-1,1.412578970E-1,-1.786074519E0,9.651026726E0,9.815922414E0
9.812441290E-1,1.412578970E-1,-1.776497602E0,9.641449928E0,9.804766914E0
9.832444030E-1,1.412578970E-1,-1.776497602E0,9.639056206E0,9.802413073E0
9.852451060E-1,1.412578970E-1,-1.783680320E0,9.634267807E0,9.799009412E0
9.872466680E-1,1.316810995E-1,-1.776497602E0,9.639056206E0,9.802279744E0
9.892474500E-1,1.364694983E-1,-1.786074519E0,9.634267807E0,9.799377648E0
9.912476840E-1,1.340752989E-1,-1.783680320E0,9.624691010E0,9.789492770E0
9.932478400E-1,1.316810995E-1,-1.783680320E0,9.634267807E0,9.798876036E0
9.952481920E-1,1.292868853E-1,-1.781286120E0,9.648633003E0,9.812533525E0
9.972488170E-1,1.292868853E-1,-1.778891921E0,9.634267807E0,9.797973655E0
9.992494420E-1,1.340752989E-1,-1.781286120E0,9.629479408E0,9.793764858E0
1.001249793E0,1.340752989E-1,-1.781286120E0,9.624691010E0,9.789056822E0
1.003250809E0,1.436520964E-1,-1.778891921E0,9.639056206E0,9.802882073E0
1.005250887E0,1.340752989E-1,-1.778891921E0,9.639056206E0,9.802746411E0
1.007251160E0,1.316810995E-1,-1.778891921E0,9.627084732E0,9.790942591E0
1.009252215E0,1.316810995E-1,-1.774103403E0,9.636661530E0,9.799491223E0
1.011253309E0,1.436520964E-1,-1.776497602E0,9.631873131E0,9.795384610E0
1.013253660E0,1.316810995E-1,-1.759738207E0,9.636661530E0,9.796900729E0
1.015253153E0,1.316810995E-1,-1.764526606E0,9.646238327E0,9.807181446E0
1.017252801E0,1.412578970E-1,-1.757344007E0,9.636661530E0,9.796604370E0
1.019251942E0,1.412578970E-1,-1.759738207E0,9.629479408E0,9.789969664E0
1.021251473E0,1.364694983E-1,-1.771709204E0,9.629479408E0,9.792060616E0
1.023251317E0,1.292868853E-1,-1.764526606E0,9.629479408E0,9.790666112E0
1.025251160E0,1.340752989E-1,-1.762132406E0,9.624691010E0,9.785589601E0
1.027252450E0,1.268926859E-1,-1.754949808E0,9.622296333E0,9.781847336E0
1.029253387E0,1.316810995E-1,-1.762132406E0,9.624691010E0,9.785557090E0
1.031254129E0,1.268926859E-1,-1.754949808E0,9.631873131E0,9.791268079E0
1.033255379E0,1.316810995E-1,-1.745373011E0,9.629479408E0,9.787264201E0
1.035256239E0,1.292868853E-1,-1.747767210E0,9.624691010E0,9.782948551E0
1.037257293E0,1.316810995E-1,-1.747767210E0,9.627084732E0,9.785335486E0
1.039257801E0,1.244984865E-1,-1.750161409E0,9.612719536E0,9.771537326E0
1.041258895E0,1.244984865E-1,-1.752555609E0,9.607931137E0,9.767256102E0
1.043260535E0,1.244984865E-1,-1.759738207E0,9.615114212E0,9.775612499E0
1.045261512E0,1.292868853E-1,-1.759738207E0,9.624691010E0,9.785094311E0
1.047262450E0,1.340752989E-1,-1.762132406E0,9.622296333E0,9.783234308E0
1.049263270E0,1.316810995E-1,-1.757344007E0,9.619902611E0,9.779985895E0
1.051264637E0,1.340752989E-1,-1.750161409E0,9.627084732E0,9.785795910E0
1.053265067E0,1.268926859E-1,-1.752555609E0,9.648633003E0,9.807327452E0
1.055265535E0,1.197100878E-1,-1.754949808E0,9.641449928E0,9.800598760E0
1.057266160E0,1.197100878E-1,-1.762132406E0,9.631873131E0,9.792467571E0
1.059266942E0,1.173158810E-1,-1.764526606E0,9.634267807E0,9.795225027E0
1.061266903E0,1.221042871E-1,-1.752555609E0,9.646238327E0,9.804910733E0
1.063267879E0,1.101332754E-1,-1.752555609E0,9.641449928E0,9.800058021E0
1.065268582E0,1.173158810E-1,-1.754949808E0,9.641449928E0,9.800569808E0
1.067268700E0,1.149216816E-1,-1.759738207E0,9.636661530E0,9.796689797E0
1.069269559E0,1.077390760E-1,-1.769315004E0,9.636661530E0,9.798332957E0
1.071270262E0,1.244984865E-1,-1.762132406E0,9.631873131E0,9.792527278E0
1.073271200E0,1.268926859E-1,-1.757344007E0,9.634267807E0,9.794053088E0
1.075271473E0,1.221042871E-1,-1.750161409E0,9.624691010E0,9.783284287E0
1.077272176E0,1.221042871E-1,-1.750161409E0,9.624691010E0,9.783284287E0
1.079272489E0,1.221042871E-1,-1.752555609E0,9.634267807E0,9.793134166E0
1.081272176E0,1.244984865E-1,-1.762132406E0,9.619902611E0,9.780753383E0
1.083272098E0,1.197100878E-1,-1.764526606E0,9.622296333E0,9.783479513E0
1.085271903E0,1.268926859E-1,-1.766920805E0,9.629479408E0,9.791066569E0
1.087271278E0,1.244984865E-1,-1.762132406E0,9.627084732E0,9.787817475E0
1.089272801E0,1.221042871E-1,-1.762132406E0,9.624691010E0,9.785432903E0
1.091272879E0,1.244984865E-1,-1.762132406E0,9.624691010E0,9.785463071E0
1.093273387E0,1.197100878E-1,-1.762132406E0,9.639056206E0,9.799532931E0
1.095273973E0,1.197100878E-1,-1.764526606E0,9.617507935E0,9.778770041E0
1.097274910E0,1.292868853E-1,-1.764526606E0,9.615114212E0,9.776537759E0
1.099276004E0,1.364694983E-1,-1.766920805E0,9.622296333E0,9.784131018E0
1.101276942E0,1.340752989E-1,-1.769315004E0,9.624691010E0,9.786885552E0
1.103278817E0,1.316810995E-1,-1.776497602E0,9.631873131E0,9.795216366E0
1.105280887E0,1.316810995E-1,-1.771709204E0,9.631873131E0,9.794349056E0
1.107282606E0,1.316810995E-1,-1.781286120E0,9.627084732E0,9.791377870E0
1.109284090E0,1.316810995E-1,-1.774103403E0,9.634267807E0,9.797137285E0
1.111285262E0,1.388636976E-1,-1.776497602E0,9.629479408E0,9.792961786E0
1.113286629E0,1.460463107E-1,-1.783680320E0,9.634267807E0,9.799079609E0
1.115287957E0,1.412578970E-1,-1.786074519E0,9.639056206E0,9.804153228E0
1.117289442E0,1.364694983E-1,-1.788468719E0,9.631873131E0,9.797460094E0
1.119291121E0,1.364694983E-1,-1.790862918E0,9.641449928E0,9.807312100E0
1.121292098E0,1.388636976E-1,-1.788468719E0,9.641449928E0,9.806908800E0
1.123293192E0,1.436520964E-1,-1.786074519E0,9.643844604E0,9.808895803E0
1.125293231E0,1.364694983E-1,-1.778891921E0,9.651026726E0,9.814550283E0
1.127293700E0,1.388636976E-1,-1.774103403E0,9.660603523E0,9.823135266E0
1.129294559E0,1.388636976E-1,-1.776497602E0,9.648633003E0,9.811796252E0
1.131295418E0,1.364694983E-1,-1.778891921E0,9.639056206E0,9.802779449E0
1.133296825E0,1.340752989E-1,-1.790862918E0,9.643844604E0,9.809633272E0
1.135297645E0,1.340752989E-1,-1.793257117E0,9.641449928E0,9.807716554E0
1.137298192E0,1.412578970E-1,-1.798045516E0,9.636661530E0,9.803987296E0
1.139298778E0,1.460463107E-1,-1.793257117E0,9.643844604E0,9.810241555E0
1.141299364E0,1.412578970E-1,-1.783680320E0,9.631873131E0,9.796655005E0
1.143299754E0,1.340752989E-1,-1.781286120E0,9.641449928E0,9.805534822E0
1.145300223E0,1.388636976E-1,-1.783680320E0,9.636661530E0,9.801328688E0
1.147301239E0,1.436520964E-1,-1.795651317E0,9.653421402E0,9.820058266E0
1.149302254E0,1.460463107E-1,-1.778891921E0,9.643844604E0,9.807625847E0
1.151302450E0,1.484405100E-1,-1.778891921E0,9.651026726E0,9.814724037E0
1.153302645E0,1.508347094E-1,-1.778891921E0,9.636661530E0,9.800635337E0
1.155303035E0,1.412578970E-1,-1.795651317E0,9.617507935E0,9.784721576E0
1.157304129E0,1.436520964E-1,-1.793257117E0,9.622296333E0,9.789024146E0
1.159304989E0,1.460463107E-1,-1.788468719E0,9.619902611E0,9.785830375E0
1.161305731E0,1.316810995E-1,-1.790862918E0,9.639056206E0,9.804893393E0
1.163306239E0,1.340752989E-1,-1.790862918E0,9.636661530E0,9.802571684E0
1.165305848E0,1.316810995E-1,-1.788468719E0,9.617507935E0,9.783272415E0
1.167305653E0,1.340752989E-1,-1.793257117E0,9.612719536E0,9.779474636E0
1.169305223E0,1.340752989E-1,-1.790862918E0,9.619902611E0,9.786096894E0
1.171304559E0,1.292868853E-1,-1.790862918E0,9.617507935E0,9.783678447E0
1.173304168E0,1.364694983E-1,-1.790862918E0,9.619902611E0,9.786129989E0
1.175304325E0,1.292868853E-1,-1.793257117E0,9.622296333E0,9.788823878E0
1.177304832E0,1.316810995E-1,-1.795651317E0,9.629479408E0,9.796355304E0
1.179304989E0,1.244984865E-1,-1.790862918E0,9.634267807E0,9.800092145E0
1.181304989E0,1.173158810E-1,-1.788468719E0,9.619902611E0,9.785443762E0
1.183305575E0,1.221042871E-1,-1.788468719E0,9.615114212E0,9.780795015E0
1.185306043E0,1.244984865E-1,-1.786074519E0,9.629479408E0,9.794510490E0
1.187306785E0,1.221042871E-1,-1.790862918E0,9.629479408E0,9.795354671E0
1.189307020E0,1.316810995E-1,-1.783680320E0,9.634267807E0,9.798876036E0
1.191307723E0,1.244984865E-1,-1.790862918E0,9.624691010E0,9.790677550E0
1.193308973E0,1.292868853E-1,-1.793257117E0,9.619902611E0,9.786470887E0
1.195309715E0,1.316810995E-1,-1.793257117E0,9.627084732E0,9.793562755E0
1.197311317E0,1.364694983E-1,-1.786074519E0,9.631873131E0,9.797023330E0
1.199313465E0,1.340752989E-1,-1.781286120E0,9.629479408E0,9.793764858E0
1.201314950E0,1.316810995E-1,-1.788468719E0,9.634267807E0,9.799748795E0
1.203315770E0,1.364694983E-1,-1.790862918E0,9.622296333E0,9.788483061E0
1.205315965E0,1.340752989E-1,-1.793257117E0,9.634267807E0,9.800656277E0
1.207317215E0,1.268926859E-1,-1.802833915E0,9.641449928E0,9.809376565E0
1.209317567E0,1.316810995E-1,-1.798045516E0,9.627084732E0,9.794440669E0
1.211316864E0,1.316810995E-1,-1.788468719E0,9.631873131E0,9.797394566E0
1.213316551E0,1.292868853E-1,-1.786074519E0,9.627084732E0,9.792218223E0
1.215315770E0,1.268926859E-1,-1.786074519E0,9.622296333E0,9.787479281E0
1.217314285E0,1.316810995E-1,-1.781286120E0,9.615114212E0,9.779608452E0
1.219313817E0,1.316810995E-1,-1.790862918E0,9.624691010E0,9.790771519E0
1.221312567E0,1.316810995E-1,-1.793257117E0,9.634267807E0,9.800623816E0
1.223312254E0,1.268926859E-1,-1.783680320E0,9.641449928E0,9.805874462E0
1.225312762E0,1.292868853E-1,-1.783680320E0,9.622296333E0,9.787073991E0
1.227312879E0,1.268926859E-1,-1.781286120E0,9.627084732E0,9.791314643E0
1.229313504E0,1.388636976E-1,-1.781286120E0,9.639056206E0,9.803247824E0
1.231313778E0,1.364694983E-1,-1.778891921E0,9.641449928E0,9.805133202E0
1.233313739E0,1.244984865E-1,-1.781286120E0,9.636661530E0,9.800700258E0
1.235314246E0,1.388636976E-1,-1.781286120E0,9.631873131E0,9.796185144E0
1.237313895E0,1.388636976E-1,-1.786074519E0,9.624691010E0,9.789996034E0
1.239314950E0,1.436520964E-1,-1.776497602E0,9.629479408E0,9.793030855E0
1.241315692E0,1.436520964E-1,-1.788468719E0,9.624691010E0,9.790502199E0
1.243316160E0,1.460463107E-1,-1.788468719E0,9.619902611E0,9.785830375E0
1.245316629E0,1.436520964E-1,-1.788468719E0,9.639056206E0,9.804624461E0
1.247317489E0,1.412578970E-1,-1.778891921E0,9.629479408E0,9.793430652E0
1.249317918E0,1.388636976E-1,-1.774103403E0,9.627084732E0,9.790172953E0
1.251317996E0,1.460463107E-1,-1.778891921E0,9.639056206E0,9.802917450E0
1.253318270E0,1.508347094E-1,-1.783680320E0,9.629479408E0,9.794444357E0
1.255319598E0,1.412578970E-1,-1.778891921E0,9.629479408E0,9.793430652E0
1.257320653E0,1.388636976E-1,-1.771709204E0,9.622296333E0,9.785030575E0
1.259320692E0,1.340752989E-1,-1.771709204E0,9.639056206E0,9.801445517E0
1.261321317E0,1.292868853E-1,-1.769315004E0,9.619902611E0,9.782112089E0
1.263321512E0,1.364694983E-1,-1.766920805E0,9.615114212E0,9.777067780E0
1.265320809E0,1.388636976E-1,-1.766920805E0,9.634267807E0,9.795938364E0
1.267321356E0,1.340752989E-1,-1.764526606E0,9.634267807E0,9.795440087E0
1.269321590E0,1.340752989E-1,-1.769315004E0,9.648633003E0,9.810431724E0
1.271322254E0,1.340752989E-1,-1.771709204E0,9.636661530E0,9.799090525E0
1.273322840E0,1.364694983E-1,-1.776497602E0,9.648633003E0,9.811762660E0
1.275322293E0,1.388636976E-1,-1.771709204E0,9.636661530E0,9.799157212E0
1.277321043E0,1.316810995E-1,-1.764526606E0,9.629479408E0,9.790698020E0
1.279321043E0,1.292868853E-1,-1.766920805E0,9.627084732E0,9.788742752E0
1.281320496E0,1.316810995E-1,-1.774103403E0,9.631873131E0,9.794782428E0
1.283320653E0,1.292868853E-1,-1.766920805E0,9.636661530E0,9.798161545E0
1.285320145E0,1.173158810E-1,-1.757344007E0,9.643844604E0,9.803354514E0
1.287320496E0,1.173158810E-1,-1.766920805E0,9.641449928E0,9.802720483E0
1.289321317E0,1.340752989E-1,-1.776497602E0,9.634267807E0,9.797603589E0
1.291321825E0,1.292868853E-1,-1.766920805E0,9.631873131E0,9.793452110E0
1.293322450E0,1.244984865E-1,-1.764526606E0,9.643844604E0,9.804733182E0
1.295323543E0,1.292868853E-1,-1.766920805E0,9.639056206E0,9.800516760E0
1.297324754E0,1.340752989E-1,-1.771709204E0,9.639056206E0,9.801445517E0
1.299325535E0,1.244984865E-1,-1.771709204E0,9.639056206E0,9.801319193E0
1.301326434E0,1.316810995E-1,-1.771709204E0,9.629479408E0,9.791995052E0
1.303327371E0,1.292868853E-1,-1.762132406E0,9.636661530E0,9.797299176E0
1.305327996E0,1.221042871E-1,-1.759738207E0,9.634267807E0,9.794422096E0
1.307327957E0,1.292868853E-1,-1.752555609E0,9.627084732E0,9.786159957E0
1.309327762E0,1.292868853E-1,-1.759738207E0,9.615114212E0,9.775674655E0
1.311327801E0,1.292868853E-1,-1.759738207E0,9.629479408E0,9.789804254E0
1.313328778E0,1.292868853E-1,-1.754949808E0,9.648633003E0,9.807786843E0
1.315329754E0,1.316810995E-1,-1.759738207E0,9.646238327E0,9.806321040E0
1.317330262E0,1.221042871E-1,-1.762132406E0,9.631873131E0,9.792497132E0
1.319331239E0,1.221042871E-1,-1.747767210E0,9.624691010E0,9.782856265E0
1.321332801E0,1.244984865E-1,-1.754949808E0,9.636661530E0,9.795947843E0
1.323334364E0,1.268926859E-1,-1.764526606E0,9.636661530E0,9.797698777E0
1.325334520E0,1.292868853E-1,-1.762132406E0,9.639056206E0,9.799654599E0
1.327334950E0,1.292868853E-1,-1.762132406E0,9.631873131E0,9.792589327E0
1.329336356E0,1.221042871E-1,-1.762132406E0,9.639056206E0,9.799562470E0
1.331336903E0,1.149216816E-1,-1.764526606E0,9.636661530E0,9.797551050E0
1.333337801E0,1.268926859E-1,-1.757344007E0,9.631873131E0,9.791697489E0
1.335339207E0,1.244984865E-1,-1.754949808E0,9.624691010E0,9.784172205E0
1.337339715E0,1.244984865E-1,-1.762132406E0,9.615114212E0,9.776043770E0
1.339339715E0,1.244984865E-1,-1.764526606E0,9.624691010E0,9.785894494E0
1.341339832E0,1.221042871E-1,-1.769315004E0,9.634267807E0,9.796147264E0
1.343340262E0,1.268926859E-1,-1.769315004E0,9.622296333E0,9.784434785E0
1.345341200E0,1.292868853E-1,-1.766920805E0,9.603142738E0,9.765197114E0
1.347342176E0,1.268926859E-1,-1.766920805E0,9.631873131E0,9.793420796E0
1.349343582E0,1.221042871E-1,-1.774103403E0,9.639056206E0,9.801722138E0
1.351344715E0,1.221042871E-1,-1.774103403E0,9.636661530E0,9.799367213E0
1.353346942E0,1.316810995E-1,-1.778891921E0,9.639056206E0,9.802713957E0
1.355349676E0,1.268926859E-1,-1.781286120E0,9.634267807E0,9.798377323E0
1.357351200E0,1.268926859E-1,-1.786074519E0,9.631873131E0,9.796894607E0
1.359352450E0,1.244984865E-1,-1.783680320E0,9.629479408E0,9.794074179E0
1.361353856E0,1.292868853E-1,-1.790862918E0,9.619902611E0,9.786032461E0
1.363356512E0,1.268926859E-1,-1.774103403E0,9.617507935E0,9.780593208E0
1.365358426E0,1.268926859E-1,-1.776497602E0,9.624691010E0,9.788090851E0
1.367359910E0,1.292868853E-1,-1.781286120E0,9.622296333E0,9.786637935E0
1.369361082E0,1.292868853E-1,-1.783680320E0,9.634267807E0,9.798844154E0
1.371362020E0,1.244984865E-1,-1.783680320E0,9.634267807E0,9.798782145E0
1.373362723E0,1.292868853E-1,-1.783680320E0,9.622296333E0,9.787073991E0
1.375364598E0,1.244984865E-1,-1.781286120E0,9.631873131E0,9.795992044E0
1.377366043E0,1.268926859E-1,-1.778891921E0,9.648633003E0,9.812067929E0
1.379367450E0,1.268926859E-1,-1.771709204E0,9.648633003E0,9.810768272E0
1.381368817E0,1.292868853E-1,-1.769315004E0,9.624691010E0,9.786821124E0
1.383370692E0,1.292868853E-1,-1.774103403E0,9.627084732E0,9.790041799E0
1.385372645E0,1.292868853E-1,-1.774103403E0,9.627084732E0,9.790041799E0
1.387375457E0,1.244984865E-1,-1.771709204E0,9.631873131E0,9.794255121E0
1.389377645E0,1.244984865E-1,-1.769315004E0,9.634267807E0,9.796177399E0
1.391379754E0,1.244984865E-1,-1.771709204E0,9.631873131E0,9.794255121E0
1.393381239E0,1.292868853E-1,-1.771709204E0,9.648633003E0,9.810799531E0
1.395383192E0,1.268926859E-1,-1.764526606E0,9.639056206E0,9.800054104E0
1.397385692E0,1.197100878E-1,-1.766920805E0,9.636661530E0,9.798039859E0
1.399387645E0,1.197100878E-1,-1.766920805E0,9.639056206E0,9.800395103E0
1.401389051E0,1.197100878E-1,-1.769315004E0,9.636661530E0,9.798471897E0
1.403388973E0,1.268926859E-1,-1.774103403E0,9.627084732E0,9.790010474E0
1.405389207E0,1.292868853E-1,-1.774103403E0,9.629479408E0,9.792396625E0
1.407390926E0,1.292868853E-1,-1.776497602E0,9.636661530E0,9.799893074E0
1.409391825E0,1.292868853E-1,-1.776497602E0,9.629479408E0,9.792830669E0
1.411392489E0,1.292868853E-1,-1.762132406E0,9.634267807E0,9.794944711E0
1.413392645E0,1.340752989E-1,-1.759738207E0,9.624691010E0,9.785158750E0
1.415393192E0,1.364694983E-1,-1.759738207E0,9.641449928E0,9.801676346E0
1.417394246E0,1.364694983E-1,-1.759738207E0,9.646238327E0,9.806386508E0
1.419395535E0,1.436520964E-1,-1.764526606E0,9.641449928E0,9.802639787E0
1.421397059E0,1.412578970E-1,-1.764526606E0,9.641449928E0,9.802604993E0
1.423397606E0,1.460463107E-1,-1.750161409E0,9.639056206E0,9.797744588E0
1.425398739E0,1.412578970E-1,-1.745373011E0,9.643844604E0,9.801531487E0
1.427400496E0,1.388636976E-1,-1.754949808E0,9.631873131E0,9.791430537E0
1.429402176E0,1.484405100E-1,-1.754949808E0,9.634267807E0,9.793926669E0
1.431403075E0,1.508347094E-1,-1.747767210E0,9.634267807E0,9.792678771E0
1.433403973E0,1.460463107E-1,-1.750161409E0,9.629479408E0,9.788323051E0
1.435405535E0,1.364694983E-1,-1.750161409E0,9.629479408E0,9.788184845E0
1.437406200E0,1.388636976E-1,-1.752555609E0,9.631873131E0,9.791001700E0
1.439407567E0,1.412578970E-1,-1.738190413E0,9.619902611E0,9.776696065E0
1.441407918E0,1.484405100E-1,-1.735796213E0,9.634267807E0,9.790512717E0
1.443408817E0,1.460463107E-1,-1.740584612E0,9.636661530E0,9.793682134E0
1.445410575E0,1.508347094E-1,-1.752555609E0,9.639056206E0,9.798245088E0
1.447411707E0,1.508347094E-1,-1.757344007E0,9.627084732E0,9.787326985E0
1.449412957E0,1.508347094E-1,-1.752555609E0,9.634267807E0,9.793534523E0
1.451413504E0,1.556231081E-1,-1.757344007E0,9.619902611E0,9.780337558E0
1.453413817E0,1.532289088E-1,-1.754949808E0,9.622296333E0,9.782224423E0
1.455414364E0,1.532289088E-1,-1.752555609E0,9.627084732E0,9.786505541E0
1.457414950E0,1.556231081E-1,-1.747767210E0,9.617507935E0,9.776265526E0
1.459415106E0,1.628057212E-1,-1.745373011E0,9.610325813E0,9.768889133E0
1.461416043E0,1.604115069E-1,-1.750161409E0,9.612719536E0,9.772060872E0
1.463416395E0,1.556231081E-1,-1.762132406E0,9.617507935E0,9.778843901E0
1.465416317E0,1.556231081E-1,-1.757344007E0,9.619902611E0,9.780337558E0
1.467416434E0,1.556231081E-1,-1.750161409E0,9.622296333E0,9.781404308E0
1.469415887E0,1.508347094E-1,-1.752555609E0,9.617507935E0,9.777047670E0
1.471416043E0,1.628057212E-1,-1.757344007E0,9.622296333E0,9.782808921E0
1.473416239E0,1.651999205E-1,-1.759738207E0,9.619902611E0,9.780925100E0
1.475416825E0,1.580173075E-1,-1.752555609E0,9.619902611E0,9.779516699E0
1.477418231E0,1.651999205E-1,-1.759738207E0,9.631873131E0,9.792698789E0
1.479419012E0,1.651999205E-1,-1.759738207E0,9.639056206E0,9.799763982E0
1.481419246E0,1.556231081E-1,-1.769315004E0,9.636661530E0,9.798976455E0
1.483420301E0,1.484405100E-1,-1.774103403E0,9.634267807E0,9.797376876E0
1.485421590E0,1.460463107E-1,-1.769315004E0,9.634267807E0,9.796474942E0
1.487422215E0,1.532289088E-1,-1.764526606E0,9.619902611E0,9.781592891E0
1.489423075E0,1.604115069E-1,-1.764526606E0,9.617507935E0,9.779352988E0
1.491424637E0,1.699883193E-1,-1.766920805E0,9.624691010E0,9.787010891E0
1.493426356E0,1.699883193E-1,-1.766920805E0,9.619902611E0,9.782301948E0
1.495428582E0,1.628057212E-1,-1.771709204E0,9.622296333E0,9.785399631E0
1.497429207E0,1.651999205E-1,-1.783680320E0,9.622296333E0,9.787614276E0
1.499429442E0,1.628057212E-1,-1.776497602E0,9.627084732E0,9.790975941E0
1.501429715E0,1.580173075E-1,-1.776497602E0,9.629479408E0,9.793252109E0
1.503431825E0,1.651999205E-1,-1.769315004E0,9.624691010E0,9.787361423E0
1.505433035E0,1.699883193E-1,-1.771709204E0,9.624691010E0,9.787876509E0
1.507434012E0,1.675941199E-1,-1.771709204E0,9.627084732E0,9.790189055E0
1.509435028E0,1.771709323E-1,-1.771709204E0,9.627084732E0,9.790357679E0
1.511436239E0,1.747767180E-1,-1.778891921E0,9.634267807E0,9.798679480E0
1.513436864E0,1.819593310E-1,-1.786074519E0,9.617507935E0,9.783640951E0
1.515438035E0,1.723825186E-1,-1.786074519E0,9.634267807E0,9.799943576E0
1.517437996E0,1.771709323E-1,-1.788468719E0,9.634267807E0,9.800465605E0
1.519439871E0,1.843535304E-1,-1.778891921E0,9.631873131E0,9.796500533E0
1.521440653E0,1.747767180E-1,-1.781286120E0,9.639056206E0,9.803822300E0
1.523440770E0,1.723825186E-1,-1.783680320E0,9.631873131E0,9.797153220E0
1.525441356E0,1.747767180E-1,-1.788468719E0,9.627084732E0,9.793361409E0
1.527441590E0,1.675941199E-1,-1.790862918E0,9.619902611E0,9.786613511E0
1.529442293E0,1.675941199E-1,-1.793257117E0,9.634267807E0,9.801172127E0
1.531442645E0,1.675941199E-1,-1.793257117E0,9.634267807E0,9.801172127E0
1.533444207E0,1.628057212E-1,-1.795651317E0,9.634267807E0,9.801529755E0
1.535445731E0,1.628057212E-1,-1.800439715E0,9.631873131E0,9.800054535E0
1.537447645E0,1.532289088E-1,-1.810016513E0,9.634267807E0,9.804017292E0
1.539448465E0,1.532289088E-1,-1.814804912E0,9.636661530E0,9.807254529E0
1.541449364E0,1.484405100E-1,-1.807622313E0,9.636661530E0,9.805854295E0
1.543450926E0,1.532289088E-1,-1.814804912E0,9.648633003E0,9.819018016E0
1.545452059E0,1.532289088E-1,-1.817199111E0,9.648633003E0,9.819460807E0
1.547452567E0,1.508347094E-1,-1.814804912E0,9.643844604E0,9.814275660E0
1.549451864E0,1.508347094E-1,-1.821987510E0,9.646238327E0,9.817958212E0
1.551451942E0,1.508347094E-1,-1.829170108E0,9.651026726E0,9.823997723E0
1.553452098E0,1.436520964E-1,-1.841141105E0,9.648633003E0,9.823775004E0
1.555452723E0,1.412578970E-1,-1.824381709E0,9.639056206E0,9.811204154E0
1.557452918E0,1.508347094E-1,-1.831564307E0,9.634267807E0,9.807981194E0
1.559452528E0,1.484405100E-1,-1.829170108E0,9.643844604E0,9.816905654E0
1.561452840E0,1.460463107E-1,-1.821987510E0,9.643844604E0,9.815533952E0
1.563453309E0,1.508347094E-1,-1.821987510E0,9.643844604E0,9.815606367E0
1.565453504E0,1.484405100E-1,-1.824381709E0,9.636661530E0,9.808957572E0
1.567453973E0,1.436520964E-1,-1.838746905E0,9.636661530E0,9.811568251E0
1.569454598E0,1.364694983E-1,-1.836352706E0,9.643844604E0,9.818072822E0
1.571455418E0,1.436520964E-1,-1.836352706E0,9.639056206E0,9.813471950E0
1.573456551E0,1.388636976E-1,-1.833958507E0,9.631873131E0,9.805899599E0
1.575457801E0,1.364694983E-1,-1.821987510E0,9.631873131E0,9.803634143E0
1.577458856E0,1.436520964E-1,-1.817199111E0,9.629479408E0,9.800496018E0
1.579459325E0,1.436520964E-1,-1.819593310E0,9.622296333E0,9.793882911E0
1.581460301E0,1.460463107E-1,-1.812410712E0,9.617507935E0,9.787881333E0
1.583460731E0,1.484405100E-1,-1.810016513E0,9.615114212E0,9.785122159E0
1.585461629E0,1.436520964E-1,-1.814804912E0,9.619902611E0,9.790642422E0
1.587463192E0,1.388636976E-1,-1.802833915E0,9.622296333E0,9.790713967E0
1.589464403E0,1.412578970E-1,-1.805228114E0,9.619902611E0,9.788836937E0
1.591464637E0,1.436520964E-1,-1.790862918E0,9.619902611E0,9.786232787E0
1.593466434E0,1.532289088E-1,-1.783680320E0,9.622296333E0,9.787419543E0
1.595467645E0,1.628057212E-1,-1.786074519E0,9.622296333E0,9.788010759E0
1.597466864E0,1.580173075E-1,-1.783680320E0,9.624691010E0,9.789849947E0
1.599466864E0,1.532289088E-1,-1.771709204E0,9.615114212E0,9.778182546E0
1.601467489E0,1.580173075E-1,-1.778891921E0,9.615114212E0,9.779562733E0
1.603467879E0,1.604115069E-1,-1.774103403E0,9.617507935E0,9.781085503E0
1.605467410E0,1.484405100E-1,-1.776497602E0,9.629479408E0,9.793102266E0
1.607467801E0,1.388636976E-1,-1.764526606E0,9.624691010E0,9.786087793E0
1.609467137E0,1.388636976E-1,-1.759738207E0,9.624691010E0,9.785225532E0
1.611466473E0,1.388636976E-1,-1.766920805E0,9.624691010E0,9.786519774E0
1.613466551E0,1.388636976E-1,-1.769315004E0,9.622296333E0,9.784597357E0
1.615466825E0,1.436520964E-1,-1.762132406E0,9.617507935E0,9.778660717E0
1.617467098E0,1.340752989E-1,-1.762132406E0,9.622296333E0,9.783234308E0
1.619467450E0,1.388636976E-1,-1.759738207E0,9.624691010E0,9.785225532E0
1.621468075E0,1.412578970E-1,-1.762132406E0,9.622296333E0,9.783335379E0
1.623469090E0,1.316810995E-1,-1.762132406E0,9.612719536E0,9.773782656E0
1.625469715E0,1.221042871E-1,-1.771709204E0,9.617507935E0,9.780098253E0
1.627470457E0,1.173158810E-1,-1.769315004E0,9.624691010E0,9.786670303E0
1.629470614E0,1.197100878E-1,-1.771709204E0,9.636661530E0,9.798904502E0
1.631470809E0,1.197100878E-1,-1.769315004E0,9.629479408E0,9.791408467E0
1.633471356E0,1.173158810E-1,-1.762132406E0,9.641449928E0,9.801858515E0
1.635472137E0,1.101332754E-1,-1.754949808E0,9.643844604E0,9.802842288E0
1.637472645E0,1.125274822E-1,-1.762132406E0,9.627084732E0,9.787672527E0
1.639473270E0,1.053448766E-1,-1.757344007E0,9.646238327E0,9.805573383E0
1.641473309E0,1.125274822E-1,-1.757344007E0,9.648633003E0,9.808008933E0
1.643473856E0,1.149216816E-1,-1.759738207E0,9.646238327E0,9.806110310E0
1.645473934E0,1.149216816E-1,-1.757344007E0,9.636661530E0,9.796260020E0
1.647474168E0,1.221042871E-1,-1.766920805E0,9.641449928E0,9.802778958E0
1.649475067E0,1.221042871E-1,-1.757344007E0,9.639056206E0,9.798702565E0
1.651475418E0,1.244984865E-1,-1.762132406E0,9.631873131E0,9.792527278E0
1.653475926E0,1.221042871E-1,-1.757344007E0,9.643844604E0,9.803412986E0
1.655476942E0,1.268926859E-1,-1.764526606E0,9.643844604E0,9.804763875E0
1.657478621E0,1.173158810E-1,-1.759738207E0,9.634267807E0,9.794363570E0
1.659478895E0,1.197100878E-1,-1.762132406E0,9.639056206E0,9.799532931E0
1.661479481E0,1.197100878E-1,-1.766920805E0,9.639056206E0,9.800395103E0
1.663479364E0,1.221042871E-1,-1.769315004E0,9.639056206E0,9.800856574E0
1.665480535E0,1.197100878E-1,-1.759738207E0,9.634267807E0,9.794392541E0
1.667480770E0,1.149216816E-1,-1.764526606E0,9.636661530E0,9.797551050E0
1.669481200E0,1.173158810E-1,-1.764526606E0,9.639056206E0,9.799934780E0
1.671482254E0,1.197100878E-1,-1.762132406E0,9.639056206E0,9.799532931E0
1.673484129E0,1.197100878E-1,-1.759738207E0,9.634267807E0,9.794392541E0
1.675485301E0,1.221042871E-1,-1.766920805E0,9.639056206E0,9.800424640E0
1.677486317E0,1.149216816E-1,-1.776497602E0,9.639056206E0,9.802068928E0
1.679487840E0,1.173158810E-1,-1.776497602E0,9.643844604E0,9.806806081E0
1.681488700E0,1.149216816E-1,-1.778891921E0,9.651026726E0,9.814274315E0
1.683489168E0,1.173158810E-1,-1.776497602E0,9.641449928E0,9.804451207E0
1.685489481E0,1.197100878E-1,-1.776497602E0,9.636661530E0,9.799771409E0
1.687490340E0,1.077390760E-1,-1.786074519E0,9.646238327E0,9.810789151E0
1.689491395E0,1.029506698E-1,-1.783680320E0,9.639056206E0,9.803240223E0
1.691493035E0,1.077390760E-1,-1.786074519E0,9.629479408E0,9.794311797E0
1.693495379E0,1.077390760E-1,-1.786074519E0,9.634267807E0,9.799019649E0
1.695497645E0,1.053448766E-1,-1.776497602E0,9.634267807E0,9.797252546E0
1.697499364E0,1.053448766E-1,-1.786074519E0,9.631873131E0,9.796639206E0
1.699500614E0,1.125274822E-1,-1.788468719E0,9.641449928E0,9.806571241E0
1.701502176E0,1.053448766E-1,-1.778891921E0,9.634267807E0,9.797686981E0
1.703503621E0,1.053448766E-1,-1.790862918E0,9.624691010E0,9.790452725E0
1.705504481E0,1.005564705E-1,-1.798045516E0,9.629479408E0,9.796425519E0
1.707503817E0,9.576806426E-2,-1.790862918E0,9.636661530E0,9.802122574E0
1.709505301E0,1.053448766E-1,-1.793257117E0,9.641449928E0,9.807365872E0
1.711506200E0,9.816227108E-2,-1.783680320E0,9.636661530E0,9.800836533E0
1.713506434E0,9.576806426E-2,-1.795651317E0,9.624691010E0,9.791231394E0
1.715507528E0,9.576806426E-2,-1.798045516E0,9.631873131E0,9.798730490E0
1.717508778E0,9.337386489E-2,-1.798045516E0,9.629479408E0,9.796354426E0
1.719510067E0,9.576806426E-2,-1.795651317E0,9.619902611E0,9.786524481E0
1.721511473E0,9.337386489E-2,-1.793257117E0,9.619902611E0,9.786062334E0
1.723512645E0,9.576806426E-2,-1.805228114E0,9.629479408E0,9.797698390E0
1.725513739E0,9.816227108E-2,-1.807622313E0,9.639056206E0,9.807575582E0
1.727515731E0,9.576806426E-2,-1.812410712E0,9.636661530E0,9.806082273E0
1.729517567E0,1.029506698E-1,-1.810016513E0,9.636661530E0,9.805712827E0
1.731518660E0,9.576806426E-2,-1.807622313E0,9.641449928E0,9.809904519E0
1.733519910E0,9.337386489E-2,-1.795651317E0,9.631873131E0,9.798268334E0
1.735521200E0,1.029506698E-1,-1.795651317E0,9.629479408E0,9.796011238E0
1.737522957E0,9.816227108E-2,-1.798045516E0,9.634267807E0,9.801108085E0
1.739524090E0,9.816227108E-2,-1.800439715E0,9.636661530E0,9.803900470E0
1.741525614E0,1.005564705E-1,-1.798045516E0,9.631873131E0,9.798778459E0
1.743527137E0,1.053448766E-1,-1.800439715E0,9.631873131E0,9.799268377E0
1.745528035E0,1.053448766E-1,-1.810016513E0,9.627084732E0,9.796326748E0
1.747528934E0,9.576806426E-2,-1.802833915E0,9.634267807E0,9.801963978E0
1.749530614E0,1.005564705E-1,-1.798045516E0,9.624691010E0,9.791718762E0
1.751531160E0,1.005564705E-1,-1.805228114E0,9.617507935E0,9.785980739E0
1.753531942E0,1.005564705E-1,-1.805228114E0,9.622296333E0,9.790686742E0
1.755533153E0,1.077390760E-1,-1.807622313E0,9.627084732E0,9.795910707E0
1.757533739E0,1.101332754E-1,-1.805228114E0,9.622296333E0,9.790789785E0
1.759535145E0,1.125274822E-1,-1.800439715E0,9.617507935E0,9.785228892E0
1.761536512E0,1.077390760E-1,-1.788468719E0,9.619902611E0,9.785333633E0
1.763536981E0,1.029506698E-1,-1.798045516E0,9.639056206E0,9.805864116E0
1.765537293E0,1.053448766E-1,-1.798045516E0,9.641449928E0,9.808242551E0
1.767538504E0,1.053448766E-1,-1.798045516E0,9.636661530E0,9.803535620E0
1.769539910E0,1.053448766E-1,-1.800439715E0,9.631873131E0,9.799268377E0
1.771541551E0,1.125274822E-1,-1.795651317E0,9.631873131E0,9.798469579E0
1.773543035E0,1.197100878E-1,-1.795651317E0,9.643844604E0,9.810322773E0
1.775544793E0,1.268926859E-1,-1.786074519E0,9.643844604E0,9.808664675E0
1.777546473E0,1.173158810E-1,-1.790862918E0,9.622296333E0,9.788234761E0
1.779548426E0,1.221042871E-1,-1.776497602E0,9.619902611E0,9.783321493E0
1.781549910E0,1.197100878E-1,-1.778891921E0,9.636661530E0,9.800205733E0
1.783551239E0,1.149216816E-1,-1.778891921E0,9.631873131E0,9.795439932E0
1.785552606E0,1.221042871E-1,-1.774103403E0,9.631873131E0,9.794658358E0
1.787553700E0,1.149216816E-1,-1.774103403E0,9.631873131E0,9.794571450E0
1.789556043E0,1.173158810E-1,-1.764526606E0,9.636661530E0,9.797579425E0
1.791557684E0,1.149216816E-1,-1.766920805E0,9.631873131E0,9.793273004E0
1.793559676E0,1.244984865E-1,-1.771709204E0,9.624691010E0,9.787192161E0
1.795561004E0,1.244984865E-1,-1.769315004E0,9.634267807E0,9.796177399E0
1.797562020E0,1.244984865E-1,-1.762132406E0,9.634267807E0,9.794882678E0
1.799563309E0,1.221042871E-1,-1.754949808E0,9.631873131E0,9.791207193E0
1.801563934E0,1.292868853E-1,-1.759738207E0,9.636661530E0,9.796868841E0
1.803565106E0,1.292868853E-1,-1.757344007E0,9.641449928E0,9.801149411E0
1.805566160E0,1.292868853E-1,-1.750161409E0,9.643844604E0,9.802220096E0
1.807566903E0,1.388636976E-1,-1.754949808E0,9.643844604E0,9.803207165E0
1.809567371E0,1.388636976E-1,-1.757344007E0,9.655815125E0,9.815411698E0
1.811568231E0,1.340752989E-1,-1.752555609E0,9.662998199E0,9.821555964E0
1.813569442E0,1.388636976E-1,-1.757344007E0,9.662998199E0,9.822478063E0
1.815570965E0,1.268926859E-1,-1.752555609E0,9.646238327E0,9.804971534E0
1.817572489E0,1.221042871E-1,-1.754949808E0,9.648633003E0,9.807694791E0
1.819574403E0,1.244984865E-1,-1.750161409E0,9.643844604E0,9.802158109E0
1.821576121E0,1.268926859E-1,-1.757344007E0,9.651026726E0,9.810539056E0
1.823578075E0,1.316810995E-1,-1.752555609E0,9.646238327E0,9.805034673E0
1.825579481E0,1.316810995E-1,-1.747767210E0,9.653421402E0,9.811247367E0
1.827581239E0,1.316810995E-1,-1.750161409E0,9.651026726E0,9.809318107E0
1.829581864E0,1.316810995E-1,-1.752555609E0,9.641449928E0,9.800323862E0
1.831582918E0,1.388636976E-1,-1.754949808E0,9.651026726E0,9.810272617E0
1.833584950E0,1.412578970E-1,-1.752555609E0,9.651026726E0,9.809878787E0
1.835586239E0,1.340752989E-1,-1.745373011E0,9.639056206E0,9.796719230E0
1.837586981E0,1.292868853E-1,-1.752555609E0,9.631873131E0,9.790870557E0
1.839587371E0,1.340752989E-1,-1.745373011E0,9.634267807E0,9.792007930E0
1.841587489E0,1.292868853E-1,-1.742978811E0,9.629479408E0,9.786805603E0
1.843589090E0,1.340752989E-1,-1.745373011E0,9.612719536E0,9.770807541E0
1.845590379E0,1.292868853E-1,-1.740584612E0,9.619902611E0,9.776956384E0
1.847591629E0,1.316810995E-1,-1.742978811E0,9.624691010E0,9.782126153E0
1.849593114E0,1.244984865E-1,-1.745373011E0,9.619902611E0,9.777747852E0
1.851593817E0,1.292868853E-1,-1.742978811E0,9.622296333E0,9.779738082E0
1.853595457E0,1.340752989E-1,-1.726219416E0,9.612719536E0,9.767404288E0
1.855595965E0,1.340752989E-1,-1.726219416E0,9.627084732E0,9.781542317E0
1.857597215E0,1.364694983E-1,-1.731007814E0,9.624691010E0,9.780065900E0
1.859599090E0,1.364694983E-1,-1.738190413E0,9.600749016E0,9.757782099E0
1.861600145E0,1.316810995E-1,-1.731007814E0,9.619902611E0,9.775287935E0
1.863601551E0,1.316810995E-1,-1.733402014E0,9.634267807E0,9.789848754E0
1.865602957E0,1.292868853E-1,-1.735796213E0,9.634267807E0,9.790241048E0
1.867604325E0,1.173158810E-1,-1.735796213E0,9.622296333E0,9.778309580E0
1.869605653E0,1.173158810E-1,-1.738190413E0,9.622296333E0,9.778734870E0
1.871607137E0,1.173158810E-1,-1.735796213E0,9.629479408E0,9.785378132E0
1.873609168E0,1.125274822E-1,-1.745373011E0,9.629479408E0,9.787025240E0
1.875609871E0,1.221042871E-1,-1.750161409E0,9.619902611E0,9.778573549E0
1.877611629E0,1.221042871E-1,-1.752555609E0,9.619902611E0,9.779002345E0
1.879613739E0,1.221042871E-1,-1.754949808E0,9.619902611E0,9.779431708E0
1.881615848E0,1.173158810E-1,-1.754949808E0,9.622296333E0,9.781727791E0
1.883618075E0,1.125274822E-1,-1.764526606E0,9.619902611E0,9.781039966E0
1.885619910E0,1.125274822E-1,-1.764526606E0,9.627084732E0,9.788103852E0
1.887622606E0,1.125274822E-1,-1.774103403E0,9.622296333E0,9.785126062E0
1.889623856E0,1.173158810E-1,-1.778891921E0,9.629479408E0,9.793114579E0
1.891626004E0,1.053448766E-1,-1.778891921E0,9.639056206E0,9.802395551E0
1.893627918E0,1.005564705E-1,-1.781286120E0,9.636661530E0,9.800425362E0
1.895629676E0,1.005564705E-1,-1.774103403E0,9.641449928E0,9.803831456E0
1.897630731E0,1.029506698E-1,-1.778891921E0,9.639056206E0,9.802370114E0
1.899631629E0,1.101332754E-1,-1.778891921E0,9.634267807E0,9.797739636E0
1.901633543E0,1.053448766E-1,-1.781286120E0,9.639056206E0,9.802830322E0
1.903634129E0,1.125274822E-1,-1.776497602E0,9.629479408E0,9.792623746E0
1.905636004E0,1.101332754E-1,-1.776497602E0,9.651026726E0,9.813785708E0
1.907638817E0,1.125274822E-1,-1.771709204E0,9.641449928E0,9.803528582E0
1.909641668E0,1.125274822E-1,-1.774103403E0,9.643844604E0,9.806316540E0
1.911644598E0,1.149216816E-1,-1.764526606E0,9.660603523E0,9.821100833E0
1.913647801E0,1.125274822E-1,-1.764526606E0,9.665391922E0,9.825783306E0
1.915649950E0,1.197100878E-1,-1.762132406E0,9.662998199E0,9.823083799E0
1.917652606E0,1.244984865E-1,-1.766920805E0,9.653421402E0,9.814583729E0
1.919655379E0,1.244984865E-1,-1.759738207E0,9.651026726E0,9.810937534E0
1.921657254E0,1.197100878E-1,-1.752555609E0,9.627084732E0,9.786038121E0
1.923659442E0,1.173158810E-1,-1.766920805E0,9.639056206E0,9.800366151E0
1.925661746E0,1.244984865E-1,-1.778891921E0,9.646238327E0,9.809682472E0
1.927663426E0,1.221042871E-1,-1.769315004E0,9.646238327E0,9.807920213E0
1.929665575E0,1.268926859E-1,-1.766920805E0,9.643844604E0,9.805195033E0
1.931668192E0,1.268926859E-1,-1.769315004E0,9.639056206E0,9.800917400E0
1.933670614E0,1.197100878E-1,-1.771709204E0,9.631873131E0,9.794195425E0
1.935671864E0,1.316810995E-1,-1.774103403E0,9.631873131E0,9.794782428E0
1.937672879E0,1.340752989E-1,-1.766920805E0,9.636661530E0,9.798225898E0
1.939674989E0,1.340752989E-1,-1.771709204E0,9.629479408E0,9.792027541E0
1.941676317E0,1.316810995E-1,-1.769315004E0,9.619902611E0,9.782144026E0
1.943677254E0,1.364694983E-1,-1.766920805E0,9.619902611E0,9.781776899E0
1.945678192E0,1.364694983E-1,-1.766920805E0,9.624691010E0,9.786486095E0
1.947679559E0,1.412578970E-1,-1.762132406E0,9.622296333E0,9.783335379E0
1.949681473E0,1.460463107E-1,-1.771709204E0,9.607931137E0,9.771009352E0
1.951682840E0,1.388636976E-1,-1.778891921E0,9.610325813E0,9.774564023E0
1.953684364E0,1.364694983E-1,-1.783680320E0,9.619902611E0,9.784818120E0
1.955685340E0,1.412578970E-1,-1.788468719E0,9.636661530E0,9.802235438E0
1.957686746E0,1.436520964E-1,-1.793257117E0,9.629479408E0,9.796084967E0
1.959688153E0,1.388636976E-1,-1.800439715E0,9.634267807E0,9.802039710E0
1.961689637E0,1.364694983E-1,-1.798045516E0,9.631873131E0,9.799212806E0
1.963690770E0,1.436520964E-1,-1.783680320E0,9.634267807E0,9.799044218E0
1.965692176E0,1.484405100E-1,-1.788468719E0,9.622296333E0,9.788219535E0
1.967694285E0,1.484405100E-1,-1.795651317E0,9.629479408E0,9.796594914E0
1.969694989E0,1.436520964E-1,-1.805228114E0,9.639056206E0,9.807695397E0
1.971695965E0,1.508347094E-1,-1.802833915E0,9.629479408E0,9.797950546E0
1.973696707E0,1.460463107E-1,-1.800439715E0,9.631873131E0,9.799790442E0
1.975697957E0,1.388636976E-1,-1.795651317E0,9.634267807E0,9.801161306E0
1.977698856E0,1.388636976E-1,-1.800439715E0,9.631873131E0,9.799686031E0
1.979700145E0,1.436520964E-1,-1.802833915E0,9.634267807E0,9.802548762E0
1.981701668E0,1.388636976E-1,-1.805228114E0,9.641449928E0,9.809979021E0
1.983702879E0,1.364694983E-1,-1.800439715E0,9.639056206E0,9.806712580E0
1.985703739E0,1.508347094E-1,-1.800439715E0,9.639056206E0,9.806923004E0
1.987704950E0,1.412578970E-1,-1.798045516E0,9.631873131E0,9.799280661E0
1.989706239E0,1.388636976E-1,-1.798045516E0,9.627084732E0,9.794539869E0
1.991707371E0,1.436520964E-1,-1.790862918E0,9.624691010E0,9.790939840E0
1.993706981E0,1.436520964E-1,-1.795651317E0,9.627084732E0,9.794169695E0
1.995706473E0,1.484405100E-1,-1.795651317E0,9.631873131E0,9.798947813E0
1.997706434E0,1.532289088E-1,-1.795651317E0,9.636661530E0,9.803728280E0
1.999708543E0,1.580173075E-1,-1.800439715E0,9.641449928E0,9.809388837E0
2.001710457E0,1.556231081E-1,-1.795651317E0,9.639056206E0,9.806119862E0
2.003712567E0,1.628057212E-1,-1.786074519E0,9.636661530E0,9.802133101E0
2.005714871E0,1.604115069E-1,-1.788468719E0,9.639056206E0,9.804884331E0
2.007716629E0,1.604115069E-1,-1.790862918E0,9.634267807E0,9.800614165E0
2.009719012E0,1.580173075E-1,-1.790862918E0,9.627084732E0,9.793514175E0
2.011721004E0,1.556231081E-1,-1.790862918E0,9.624691010E0,9.791122794E0
2.013723153E0,1.604115069E-1,-1.795651317E0,9.627084732E0,9.794429843E0
2.015723309E0,1.556231081E-1,-1.798045516E0,9.634267807E0,9.801851989E0
2.017725301E0,1.532289088E-1,-1.795651317E0,9.624691010E0,9.791961998E0
2.019726512E0,1.580173075E-1,-1.783680320E0,9.629479408E0,9.794557602E0
2.021728543E0,1.580173075E-1,-1.781286120E0,9.636661530E0,9.801183354E0
2.023730145E0,1.556231081E-1,-1.783680320E0,9.634267807E0,9.799227021E0
2.025732215E0,1.580173075E-1,-1.788468719E0,9.631873131E0,9.797783925E0
2.027733817E0,1.532289088E-1,-1.798045516E0,9.634267807E0,9.801814268E0
2.029735457E0,1.604115069E-1,-1.788468719E0,9.629479408E0,9.795469661E0
2.031737215E0,1.556231081E-1,-1.778891921E0,9.634267807E0,9.798356556E0
2.033738075E0,1.580173075E-1,-1.774103403E0,9.634267807E0,9.797526654E0
2.035739012E0,1.556231081E-1,-1.781286120E0,9.634267807E0,9.798791506E0
2.037740028E0,1.508347094E-1,-1.783680320E0,9.619902611E0,9.785029015E0
2.039740575E0,1.460463107E-1,-1.781286120E0,9.617507935E0,9.782165846E0
2.041740262E0,1.412578970E-1,-1.783680320E0,9.627084732E0,9.791947187E0
2.043741004E0,1.436520964E-1,-1.778891921E0,9.629479408E0,9.793465478E0
2.045741395E0,1.508347094E-1,-1.781286120E0,9.627084732E0,9.791654191E0
2.047741629E0,1.508347094E-1,-1.786074519E0,9.636661530E0,9.801941580E0
2.049742450E0,1.508347094E-1,-1.786074519E0,9.643844604E0,9.809003622E0
2.051743387E0,1.460463107E-1,-1.781286120E0,9.641449928E0,9.805705813E0
2.053744442E0,1.508347094E-1,-1.783680320E0,9.636661530E0,9.801505600E0
2.055744637E0,1.556231081E-1,-1.778891921E0,9.634267807E0,9.798356556E0
2.057744950E0,1.532289088E-1,-1.776497602E0,9.631873131E0,9.795529737E0
2.059745379E0,1.436520964E-1,-1.774103403E0,9.615114212E0,9.778471257E0
2.061746590E0,1.508347094E-1,-1.778891921E0,9.627084732E0,9.791218924E0
2.063748465E0,1.484405100E-1,-1.778891921E0,9.627084732E0,9.791182334E0
2.065749364E0,1.556231081E-1,-1.776497602E0,9.631873131E0,9.795567482E0
2.067750692E0,1.556231081E-1,-1.778891921E0,9.629479408E0,9.793648385E0
2.069751512E0,1.556231081E-1,-1.771709204E0,9.631873131E0,9.794700203E0
2.071753114E0,1.580173075E-1,-1.764526606E0,9.629479408E0,9.791087646E0
2.073754871E0,1.675941199E-1,-1.774103403E0,9.629479408E0,9.792977297E0
2.075756903E0,1.699883193E-1,-1.774103403E0,9.631873131E0,9.795372322E0
2.077758504E0,1.651999205E-1,-1.766920805E0,9.622296333E0,9.784573924E0
2.079760731E0,1.556231081E-1,-1.774103403E0,9.610325813E0,9.773946167E0
2.081762606E0,1.532289088E-1,-1.774103403E0,9.622296333E0,9.785678756E0
2.083765145E0,1.580173075E-1,-1.762132406E0,9.617507935E0,9.778882296E0
2.085767957E0,1.651999205E-1,-1.764526606E0,9.617507935E0,9.779432705E0
2.087770496E0,1.628057212E-1,-1.762132406E0,9.624691010E0,9.786025411E0
2.089773348E0,1.580173075E-1,-1.764526606E0,9.627084732E0,9.788732505E0
2.091776942E0,1.532289088E-1,-1.766920805E0,9.636661530E0,9.798506706E0
2.093779832E0,1.532289088E-1,-1.766920805E0,9.639056206E0,9.800861838E0
2.095781512E0,1.484405100E-1,-1.759738207E0,9.634267807E0,9.794785823E0
2.097784090E0,1.604115069E-1,-1.759738207E0,9.624691010E0,9.785555040E0
2.099786473E0,1.604115069E-1,-1.764526606E0,9.634267807E0,9.795835961E0
2.101788387E0,1.580173075E-1,-1.759738207E0,9.634267807E0,9.794935641E0
2.103791043E0,1.580173075E-1,-1.759738207E0,9.636661530E0,9.797290108E0
2.105794285E0,1.628057212E-1,-1.754949808E0,9.639056206E0,9.798865193E0
2.107797371E0,1.628057212E-1,-1.764526606E0,9.636661530E0,9.798229701E0
2.109799910E0,1.628057212E-1,-1.754949808E0,9.636661530E0,9.796509581E0
2.111801160E0,1.628057212E-1,-1.759738207E0,9.639056206E0,9.799723914E0
2.113803739E0,1.556231081E-1,-1.762132406E0,9.629479408E0,9.790618103E0
2.115806043E0,1.580173075E-1,-1.762132406E0,9.622296333E0,9.783591713E0
2.117809403E0,1.628057212E-1,-1.759738207E0,9.636661530E0,9.797368509E0
2.119811864E0,1.747767180E-1,-1.762132406E0,9.631873131E0,9.793295540E0
2.121814129E0,1.723825186E-1,-1.762132406E0,9.627084732E0,9.788543650E0
2.123816512E0,1.651999205E-1,-1.766920805E0,9.629479408E0,9.791637954E0
2.125819129E0,1.747767180E-1,-1.769315004E0,9.624691010E0,9.787527753E0
2.127822254E0,1.675941199E-1,-1.771709204E0,9.639056206E0,9.801961326E0
2.129824871E0,1.651999205E-1,-1.766920805E0,9.629479408E0,9.791637954E0
2.131828114E0,1.604115069E-1,-1.764526606E0,9.627084732E0,9.788771446E0
2.133830535E0,1.604115069E-1,-1.766920805E0,9.631873131E0,9.793912446E0
2.135833934E0,1.604115069E-1,-1.771709204E0,9.631873131E0,9.794777453E0
2.137836512E0,1.651999205E-1,-1.778891921E0,9.634267807E0,9.798513339E0
2.139838465E0,1.651999205E-1,-1.774103403E0,9.634267807E0,9.797645129E0
2.141839989E0,1.604115069E-1,-1.766920805E0,9.639056206E0,9.800976764E0
2.143841317E0,1.628057212E-1,-1.776497602E0,9.646238327E0,9.809809544E0
2.145843621E0,1.628057212E-1,-1.771709204E0,9.643844604E0,9.806589517E0
2.147846043E0,1.675941199E-1,-1.771709204E0,9.629479408E0,9.792543845E0
2.149848270E0,1.628057212E-1,-1.771709204E0,9.619902611E0,9.783045816E0
2.151850184E0,1.604115069E-1,-1.776497602E0,9.622296333E0,9.786228196E0
2.153852450E0,1.651999205E-1,-1.788468719E0,9.629479408E0,9.795549247E0
2.155854051E0,1.604115069E-1,-1.783680320E0,9.631873131E0,9.796949900E0
2.157854832E0,1.604115069E-1,-1.783680320E0,9.627084732E0,9.792242224E0
2.159855770E0,1.580173075E-1,-1.778891921E0,9.631873131E0,9.796040320E0
2.161856551E0,1.532289088E-1,-1.781286120E0,9.641449928E0,9.805815420E0
2.163858114E0,1.508347094E-1,-1.776497602E0,9.631873131E0,9.795492578E0
2.165859871E0,1.532289088E-1,-1.778891921E0,9.634267807E0,9.798318822E0
2.167861160E0,1.556231081E-1,-1.786074519E0,9.629479408E0,9.794955560E0
2.169862254E0,1.484405100E-1,-1.786074519E0,9.607931137E0,9.773660395E0
2.171863153E0,1.508347094E-1,-1.793257117E0,9.624691010E0,9.791486058E0
2.173864989E0,1.580173075E-1,-1.793257117E0,9.639056206E0,9.805720019E0
2.175866160E0,1.532289088E-1,-1.790862918E0,9.634267807E0,9.800499236E0
2.177866864E0,1.484405100E-1,-1.790862918E0,9.622296333E0,9.788657278E0
2.179867059E0,1.484405100E-1,-1.793257117E0,9.627084732E0,9.793802434E0
2.181867450E0,1.388636976E-1,-1.795651317E0,9.624691010E0,9.791747740E0
2.183868426E0,1.388636976E-1,-1.795651317E0,9.622296333E0,9.789393929E0
2.185869989E0,1.412578970E-1,-1.793257117E0,9.634267807E0,9.800757168E0
2.187870184E0,1.460463107E-1,-1.795651317E0,9.619902611E0,9.787145622E0
2.189871278E0,1.460463107E-1,-1.800439715E0,9.631873131E0,9.799790442E0
2.191871512E0,1.460463107E-1,-1.798045516E0,9.629479408E0,9.796998054E0
2.193871903E0,1.436520964E-1,-1.798045516E0,9.641449928E0,9.808728782E0
2.195872918E0,1.484405100E-1,-1.807622313E0,9.641449928E0,9.810560113E0
2.197873817E0,1.436520964E-1,-1.795651317E0,9.636661530E0,9.803583274E0
2.199875223E0,1.460463107E-1,-1.798045516E0,9.639056206E0,9.806411257E0
2.201876825E0,1.412578970E-1,-1.800439715E0,9.636661530E0,9.804426674E0
2.203877918E0,1.388636976E-1,-1.800439715E0,9.634267807E0,9.802039710E0
2.205879364E0,1.388636976E-1,-1.798045516E0,9.631873131E0,9.799246441E0
2.207880965E0,1.412578970E-1,-1.795651317E0,9.634267807E0,9.801195520E0
2.209882762E0,1.460463107E-1,-1.807622313E0,9.651026726E0,9.819936090E0
2.211884950E0,1.436520964E-1,-1.798045516E0,9.643844604E0,9.811082629E0
2.213886590E0,1.412578970E-1,-1.795651317E0,9.639056206E0,9.805902405E0
2.215888504E0,1.460463107E-1,-1.793257117E0,9.653421402E0,9.819656072E0
2.217890184E0,1.388636976E-1,-1.793257117E0,9.648633003E0,9.814844525E0
2.219892176E0,1.340752989E-1,-1.786074519E0,9.646238327E0,9.811113710E0
2.221894481E0,1.316810995E-1,-1.795651317E0,9.636661530E0,9.803415170E0
2.223896434E0,1.412578970E-1,-1.788468719E0,9.631873131E0,9.797527962E0
2.225897293E0,1.340752989E-1,-1.788468719E0,9.646238327E0,9.811549847E0
2.227897723E0,1.316810995E-1,-1.783680320E0,9.651026726E0,9.815353904E0
2.229898270E0,1.316810995E-1,-1.790862918E0,9.646238327E0,9.811954126E0
2.231899051E0,1.316810995E-1,-1.795651317E0,9.643844604E0,9.810476151E0
2.233900848E0,1.340752989E-1,-1.795651317E0,9.634267807E0,9.801094633E0
2.235901707E0,1.364694983E-1,-1.786074519E0,9.634267807E0,9.799377648E0
2.237902450E0,1.388636976E-1,-1.790862918E0,9.643844604E0,9.809699887E0
2.239903504E0,1.268926859E-1,-1.783680320E0,9.636661530E0,9.801166393E0
2.241904129E0,1.268926859E-1,-1.781286120E0,9.634267807E0,9.798377323E0
2.243905106E0,1.221042871E-1,-1.790862918E0,9.634267807E0,9.800062021E0
2.245906356E0,1.268926859E-1,-1.788468719E0,9.629479408E0,9.794978090E0
2.247908114E0,1.292868853E-1,-1.790862918E0,9.631873131E0,9.797800013E0
2.249909285E0,1.340752989E-1,-1.795651317E0,9.624691010E0,9.791681003E0
2.251910418E0,1.340752989E-1,-1.790862918E0,9.615114212E0,9.781389855E0
2.253911317E0,1.364694983E-1,-1.781286120E0,9.629479408E0,9.793797927E0
2.255911317E0,1.412578970E-1,-1.790862918E0,9.631873131E0,9.797965288E0
2.257912020E0,1.340752989E-1,-1.786074519E0,9.629479408E0,9.794636902E0
2.259913739E0,1.460463107E-1,-1.776497602E0,9.617507935E0,9.781295013E0
2.261914559E0,1.460463107E-1,-1.769315004E0,9.617507935E0,9.779993046E0
2.263915614E0,1.484405100E-1,-1.766920805E0,9.627084732E0,9.789014463E0
2.265916864E0,1.484405100E-1,-1.771709204E0,9.619902611E0,9.782817300E0
2.267917996E0,1.532289088E-1,-1.769315004E0,9.617507935E0,9.780102942E0
2.269918035E0,1.580173075E-1,-1.774103403E0,9.619902611E0,9.783401177E0
2.271918660E0,1.484405100E-1,-1.771709204E0,9.627084732E0,9.789879904E0
2.273920457E0,1.508347094E-1,-1.762132406E0,9.617507935E0,9.778768869E0
2.275921942E0,1.532289088E-1,-1.759738207E0,9.624691010E0,9.785439933E0
2.277922684E0,1.604115069E-1,-1.769315004E0,9.615114212E0,9.777864222E0
2.279923348E0,1.580173075E-1,-1.764526606E0,9.612719536E0,9.774604876E0
2.281924989E0,1.628057212E-1,-1.759738207E0,9.619902611E0,9.780884955E0
2.283926825E0,1.628057212E-1,-1.759738207E0,9.615114212E0,9.776175406E0
2.285928660E0,1.604115069E-1,-1.750161409E0,9.622296333E0,9.781481664E0
2.287930379E0,1.675941199E-1,-1.754949808E0,9.615114212E0,9.775395538E0
2.289932371E0,1.675941199E-1,-1.759738207E0,9.622296333E0,9.783320146E0
2.291934481E0,1.628057212E-1,-1.764526606E0,9.622296333E0,9.784101725E0
2.293936512E0,1.580173075E-1,-1.771709204E0,9.639056206E0,9.801802258E0
2.295938543E0,1.580173075E-1,-1.769315004E0,9.639056206E0,9.801369781E0
2.297940653E0,1.699883193E-1,-1.764526606E0,9.624691010E0,9.786578932E0
2.299941746E0,1.556231081E-1,-1.771709204E0,9.624691010E0,9.787637564E0
2.301943348E0,1.556231081E-1,-1.774103403E0,9.629479408E0,9.792779744E0
2.303944325E0,1.484405100E-1,-1.776497602E0,9.627084732E0,9.790747610E0
2.305945770E0,1.508347094E-1,-1.778891921E0,9.636661530E0,9.800635337E0
2.307948543E0,1.508347094E-1,-1.774103403E0,9.627084732E0,9.790350067E0
2.309950965E0,1.460463107E-1,-1.774103403E0,9.634267807E0,9.797340894E0
2.311953309E0,1.460463107E-1,-1.774103403E0,9.639056206E0,9.802049630E0
2.313955692E0,1.436520964E-1,-1.774103403E0,9.636661530E0,9.799659394E0
2.315958035E0,1.412578970E-1,-1.786074519E0,9.641449928E0,9.806506651E0
2.317961121E0,1.484405100E-1,-1.778891921E0,9.631873131E0,9.795890519E0
2.319963934E0,1.484405100E-1,-1.776497602E0,9.641449928E0,9.804873025E0
2.321966043E0,1.508347094E-1,-1.778891921E0,9.643844604E0,9.807698320E0
2.323967215E0,1.508347094E-1,-1.776497602E0,9.636661530E0,9.800201032E0
2.325969715E0,1.484405100E-1,-1.781286120E0,9.641449928E0,9.805741764E0
2.327970145E0,1.508347094E-1,-1.783680320E0,9.639056206E0,9.803860012E0
2.329971746E0,1.460463107E-1,-1.776497602E0,9.634267807E0,9.797774718E0
2.331973426E0,1.460463107E-1,-1.778891921E0,9.636661530E0,9.800562812E0
2.333974168E0,1.460463107E-1,-1.781286120E0,9.629479408E0,9.793936055E0
2.335975223E0,1.460463107E-1,-1.778891921E0,9.631873131E0,9.795854531E0
2.337977098E0,1.436520964E-1,-1.776497602E0,9.627084732E0,9.790676182E0
2.339978700E0,1.604115069E-1,-1.766920805E0,9.629479408E0,9.791558336E0
2.341980692E0,1.508347094E-1,-1.783680320E0,9.617507935E0,9.782674760E0
2.343983075E0,1.508347094E-1,-1.781286120E0,9.612719536E0,9.777530784E0
2.345984285E0,1.508347094E-1,-1.776497602E0,9.624691010E0,9.788430511E0
2.347985301E0,1.436520964E-1,-1.774103403E0,9.624691010E0,9.787888222E0
2.349986825E0,1.508347094E-1,-1.759738207E0,9.619902611E0,9.780693018E0
2.351989598E0,1.508347094E-1,-1.762132406E0,9.622296333E0,9.783478341E0
2.353991864E0,1.508347094E-1,-1.764526606E0,9.631873131E0,9.793328610E0
2.355993192E0,1.484405100E-1,-1.759738207E0,9.624691010E0,9.785366123E0
2.357995145E0,1.532289088E-1,-1.752555609E0,9.634267807E0,9.793571689E0
2.359996551E0,1.508347094E-1,-1.750161409E0,9.629479408E0,9.788395667E0
2.361998465E0,1.460463107E-1,-1.752555609E0,9.617507935E0,9.776974970E0
2.363999989E0,1.484405100E-1,-1.757344007E0,9.622296333E0,9.782580399E0
2.366001121E0,1.532289088E-1,-1.759738207E0,9.622296333E0,9.783084605E0
2.368002176E0,1.484405100E-1,-1.759738207E0,9.627084732E0,9.787720551E0
2.370003309E0,1.508347094E-1,-1.762132406E0,9.627084732E0,9.788187890E0
2.372004207E0,1.556231081E-1,-1.762132406E0,9.622296333E0,9.783553337E0
2.374005223E0,1.556231081E-1,-1.766920805E0,9.627084732E0,9.789126014E0
2.376005692E0,1.532289088E-1,-1.764526606E0,9.631873131E0,9.793365777E0
2.378006590E0,1.460463107E-1,-1.776497602E0,9.634267807E0,9.797774718E0
2.380007606E0,1.484405100E-1,-1.771709204E0,9.634267807E0,9.796943619E0
2.382008934E0,1.436520964E-1,-1.764526606E0,9.631873131E0,9.793220618E0
2.384010731E0,1.436520964E-1,-1.771709204E0,9.629479408E0,9.792163351E0
2.386011864E0,1.484405100E-1,-1.764526606E0,9.624691010E0,9.786228372E0
2.388012059E0,1.484405100E-1,-1.754949808E0,9.629479408E0,9.789216367E0
2.390013153E0,1.532289088E-1,-1.759738207E0,9.631873131E0,9.792504157E0
2.392014754E0,1.460463107E-1,-1.762132406E0,9.634267807E0,9.795180260E0
2.394016785E0,1.340752989E-1,-1.764526606E0,9.624691010E0,9.786021018E0
2.396017176E0,1.340752989E-1,-1.757344007E0,9.641449928E0,9.801213745E0
2.398018035E0,1.388636976E-1,-1.764526606E0,9.636661530E0,9.797861129E0
2.400019051E0,1.364694983E-1,-1.769315004E0,9.639056206E0,9.801046069E0
2.402018660E0,1.388636976E-1,-1.778891921E0,9.646238327E0,9.809875303E0
2.404019793E0,1.340752989E-1,-1.774103403E0,9.639056206E0,9.801878575E0
2.406020496E0,1.340752989E-1,-1.776497602E0,9.639056206E0,9.802312199E0
2.408021395E0,1.268926859E-1,-1.781286120E0,9.648633003E0,9.812502271E0
2.410022371E0,1.292868853E-1,-1.783680320E0,9.641449928E0,9.805905736E0
2.412022723E0,1.268926859E-1,-1.788468719E0,9.643844604E0,9.809100920E0
2.414023153E0,1.316810995E-1,-1.788468719E0,9.648633003E0,9.813871769E0
2.416024481E0,1.340752989E-1,-1.783680320E0,9.639056206E0,9.803616486E0
2.418026121E0,1.316810995E-1,-1.783680320E0,9.646238327E0,9.810645711E0
2.420027137E0,1.292868853E-1,-1.786074519E0,9.646238327E0,9.811049442E0
2.422028075E0,1.268926859E-1,-1.790862918E0,9.643844604E0,9.809537731E0
2.424028192E0,1.197100878E-1,-1.798045516E0,9.634267807E0,9.801347579E0
2.426028075E0,1.197100878E-1,-1.788468719E0,9.634267807E0,9.799595249E0
2.428027996E0,1.173158810E-1,-1.783680320E0,9.627084732E0,9.791631066E0
2.430028114E0,1.197100878E-1,-1.776497602E0,9.631873131E0,9.795062748E0
2.432028309E0,1.292868853E-1,-1.783680320E0,9.619902611E0,9.784720580E0
2.434028621E0,1.388636976E-1,-1.778891921E0,9.615114212E0,9.779272003E0
2.436029442E0,1.436520964E-1,-1.778891921E0,9.622296333E0,9.786402767E0
2.438030340E0,1.388636976E-1,-1.778891921E0,9.619902611E0,9.783980061E0
2.440031043E0,1.388636976E-1,-1.762132406E0,9.610325813E0,9.771527822E0
2.442032567E0,1.436520964E-1,-1.759738207E0,9.617507935E0,9.778229561E0
2.444032723E0,1.412578970E-1,-1.766920805E0,9.612719536E0,9.774780806E0
2.446033895E0,1.388636976E-1,-1.766920805E0,9.615114212E0,9.777101491E0
2.448034950E0,1.436520964E-1,-1.764526606E0,9.627084732E0,9.788511149E0
2.450036004E0,1.436520964E-1,-1.759738207E0,9.624691010E0,9.785294656E0
2.452035848E0,1.412578970E-1,-1.752555609E0,9.627084732E0,9.786325429E0
2.454036629E0,1.388636976E-1,-1.754949808E0,9.624691010E0,9.784365538E0
2.456037254E0,1.436520964E-1,-1.750161409E0,9.610325813E0,9.769445385E0
2.458037996E0,1.412578970E-1,-1.757344007E0,9.607931137E0,9.768344409E0
2.460038348E0,1.340752989E-1,-1.754949808E0,9.610325813E0,9.770168231E0
2.462039793E0,1.388636976E-1,-1.752555609E0,9.622296333E0,9.781580701E0
2.464040653E0,1.340752989E-1,-1.754949808E0,9.624691010E0,9.784298751E0
2.466042489E0,1.292868853E-1,-1.762132406E0,9.629479408E0,9.790234900E0
2.468043582E0,1.316810995E-1,-1.762132406E0,9.629479408E0,9.790266810E0
2.470044246E0,1.316810995E-1,-1.762132406E0,9.627084732E0,9.787911471E0
2.472044910E0,1.364694983E-1,-1.757344007E0,9.624691010E0,9.784761567E0
2.474045614E0,1.364694983E-1,-1.759738207E0,9.624691010E0,9.785191848E0
2.476046551E0,1.292868853E-1,-1.766920805E0,9.636661530E0,9.798161545E0
2.478047450E0,1.221042871E-1,-1.764526606E0,9.639056206E0,9.799993272E0
2.480048621E0,1.221042871E-1,-1.764526606E0,9.636661530E0,9.797637931E0
2.482050262E0,1.364694983E-1,-1.766920805E0,9.624691010E0,9.786486095E0
2.484051942E0,1.340752989E-1,-1.778891921E0,9.617507935E0,9.781558747E0
2.486052293E0,1.412578970E-1,-1.778891921E0,9.622296333E0,9.786367916E0
2.488052684E0,1.412578970E-1,-1.783680320E0,9.627084732E0,9.791947187E0
2.490052996E0,1.388636976E-1,-1.786074519E0,9.627084732E0,9.792349348E0
2.492053504E0,1.460463107E-1,-1.781286120E0,9.634267807E0,9.798644087E0
2.494054364E0,1.484405100E-1,-1.776497602E0,9.636661530E0,9.800164476E0
2.496055770E0,1.436520964E-1,-1.788468719E0,9.636661530E0,9.802270233E0
2.498056512E0,1.460463107E-1,-1.788468719E0,9.643844604E0,9.809367392E0
2.500057137E0,1.532289088E-1,-1.786074519E0,9.648633003E0,9.813748525E0
2.502058309E0,1.484405100E-1,-1.790862918E0,9.646238327E0,9.812193355E0
2.504058387E0,1.532289088E-1,-1.795651317E0,9.653421402E0,9.820203028E0
2.506059285E0,1.580173075E-1,-1.802833915E0,9.648633003E0,9.816888429E0
2.508059910E0,1.508347094E-1,-1.800439715E0,9.639056206E0,9.806923004E0
2.510061590E0,1.484405100E-1,-1.810016513E0,9.631873131E0,9.801590400E0
2.512062684E0,1.604115069E-1,-1.798045516E0,9.629479408E0,9.797222729E0
2.514063231E0,1.604115069E-1,-1.810016513E0,9.619902611E0,9.790016234E0
2.516063426E0,1.556231081E-1,-1.795651317E0,9.629479408E0,9.796706379E0
2.518063465E0,1.508347094E-1,-1.800439715E0,9.624691010E0,9.792804057E0
2.520062567E0,1.484405100E-1,-1.800439715E0,9.631873131E0,9.799826415E0
2.522061903E0,1.604115069E-1,-1.800439715E0,9.639056206E0,9.807074975E0
2.524061200E0,1.508347094E-1,-1.805228114E0,9.624691010E0,9.793685552E0
2.526060887E0,1.604115069E-1,-1.802833915E0,9.631873131E0,9.800455193E0
2.528060496E0,1.556231081E-1,-1.790862918E0,9.643844604E0,9.809951442E0
2.530059637E0,1.580173075E-1,-1.802833915E0,9.641449928E0,9.809828557E0
2.532058192E0,1.556231081E-1,-1.790862918E0,9.624691010E0,9.791122794E0
2.534057410E0,1.556231081E-1,-1.788468719E0,9.624691010E0,9.790685162E0
2.536056668E0,1.604115069E-1,-1.795651317E0,9.634267807E0,9.801490279E0
2.538056239E0,1.532289088E-1,-1.793257117E0,9.631873131E0,9.798583071E0
2.540055535E0,1.460463107E-1,-1.802833915E0,9.634267807E0,9.802584140E0
2.542054871E0,1.388636976E-1,-1.805228114E0,9.627084732E0,9.795860968E0
2.544054442E0,1.412578970E-1,-1.800439715E0,9.624691010E0,9.792661231E0
2.546053856E0,1.508347094E-1,-1.805228114E0,9.631873131E0,9.800743832E0
2.548053309E0,1.532289088E-1,-1.802833915E0,9.627084732E0,9.795634214E0
2.550052879E0,1.484405100E-1,-1.802833915E0,9.627084732E0,9.795560482E0
2.552052020E0,1.436520964E-1,-1.812410712E0,9.639056206E0,9.809019984E0
2.554052098E0,1.460463107E-1,-1.814804912E0,9.636661530E0,9.807144938E0
2.556051317E0,1.412578970E-1,-1.814804912E0,9.629479408E0,9.800017568E0
2.558051317E0,1.388636976E-1,-1.817199111E0,9.622296333E0,9.793369311E0
2.560051395E0,1.388636976E-1,-1.817199111E0,9.619902611E0,9.791017413E0
2.562051825E0,1.364694983E-1,-1.812410712E0,9.629479408E0,9.799506630E0
2.564052215E0,1.388636976E-1,-1.812410712E0,9.629479408E0,9.799540264E0
2.566053035E0,1.364694983E-1,-1.807622313E0,9.615114212E0,9.784505285E0
2.568052723E0,1.388636976E-1,-1.817199111E0,9.624691010E0,9.795722167E0
2.570052254E0,1.388636976E-1,-1.817199111E0,9.617507935E0,9.788664598E0
2.572052410E0,1.364694983E-1,-1.802833915E0,9.624691010E0,9.793033804E0
2.574053114E0,1.364694983E-1,-1.800439715E0,9.639056206E0,9.806712580E0
2.576054442E0,1.340752989E-1,-1.800439715E0,9.631873131E0,9.799619348E0
2.578054676E0,1.364694983E-1,-1.802833915E0,9.624691010E0,9.793033804E0
2.580055067E0,1.388636976E-1,-1.800439715E0,9.624691010E0,9.792626988E0
2.582055692E0,1.364694983E-1,-1.805228114E0,9.624691010E0,9.793474843E0
2.584056317E0,1.388636976E-1,-1.805228114E0,9.629479408E0,9.798214396E0
2.586056473E0,1.340752989E-1,-1.805228114E0,9.619902611E0,9.788735923E0
2.588056629E0,1.340752989E-1,-1.807622313E0,9.617507935E0,9.786824484E0
2.590056981E0,1.412578970E-1,-1.795651317E0,9.615114212E0,9.782368770E0
2.592057996E0,1.340752989E-1,-1.793257117E0,9.615114212E0,9.781828489E0
2.594058582E0,1.221042871E-1,-1.798045516E0,9.615114212E0,9.782550713E0
2.596058856E0,1.268926859E-1,-1.800439715E0,9.615114212E0,9.783051990E0
2.598059481E0,1.292868853E-1,-1.790862918E0,9.605537415E0,9.771911487E0
2.600059989E0,1.316810995E-1,-1.788468719E0,9.617507935E0,9.783272415E0
2.602060887E0,1.268926859E-1,-1.786074519E0,9.624691010E0,9.789833552E0
2.604060653E0,1.221042871E-1,-1.778891921E0,9.617507935E0,9.781401985E0
2.606061434E0,1.268926859E-1,-1.776497602E0,9.617507935E0,9.781027776E0
2.608062215E0,1.221042871E-1,-1.774103403E0,9.615114212E0,9.778178442E0
2.610064715E0,1.221042871E-1,-1.774103403E0,9.617507935E0,9.780532256E0
2.612067176E0,1.268926859E-1,-1.776497602E0,9.612719536E0,9.776319469E0
2.614068660E0,1.316810995E-1,-1.776497602E0,9.615114212E0,9.778737391E0
2.616070926E0,1.268926859E-1,-1.776497602E0,9.622296333E0,9.785736161E0
2.618072254E0,1.221042871E-1,-1.783680320E0,9.624691010E0,9.789336135E0
2.620073075E0,1.221042871E-1,-1.778891921E0,9.634267807E0,9.797881511E0
2.622074207E0,1.221042871E-1,-1.774103403E0,9.624691010E0,9.787595689E0
2.624075067E0,1.244984865E-1,-1.776497602E0,9.622296333E0,9.785705408E0
2.626075614E0,1.244984865E-1,-1.771709204E0,9.629479408E0,9.791901095E0
2.628076512E0,1.268926859E-1,-1.762132406E0,9.629479408E0,9.790203575E0
2.630076864E0,1.268926859E-1,-1.762132406E0,9.639056206E0,9.799623304E0
2.632077684E0,1.292868853E-1,-1.757344007E0,9.641449928E0,9.801149411E0
2.634078426E0,1.149216816E-1,-1.759738207E0,9.641449928E0,9.801400016E0
2.636078465E0,1.244984865E-1,-1.764526606E0,9.643844604E0,9.804733182E0
2.638078543E0,1.268926859E-1,-1.766920805E0,9.643844604E0,9.805195033E0
2.640078778E0,1.197100878E-1,-1.769315004E0,9.641449928E0,9.803181260E0
2.642078504E0,1.173158810E-1,-1.778891921E0,9.639056206E0,9.802531511E0
2.644078309E0,1.221042871E-1,-1.776497602E0,9.639056206E0,9.802155769E0
2.646078817E0,1.244984865E-1,-1.762132406E0,9.658209801E0,9.818433024E0
2.648079442E0,1.173158810E-1,-1.766920805E0,9.627084732E0,9.788591961E0
2.650080340E0,1.221042871E-1,-1.771709204E0,9.636661530E0,9.798934044E0
2.652081512E0,1.244984865E-1,-1.766920805E0,9.639056206E0,9.800454762E0
2.654081981E0,1.244984865E-1,-1.764526606E0,9.658209801E0,9.818862998E0
2.656081785E0,1.292868853E-1,-1.759738207E0,9.639056206E0,9.799224367E0
2.658082996E0,1.292868853E-1,-1.759738207E0,9.624691010E0,9.785094311E0
2.660083934E0,1.292868853E-1,-1.764526606E0,9.627084732E0,9.788310870E0
2.662084285E0,1.340752989E-1,-1.759738207E0,9.619902611E0,9.780448915E0
2.664084676E0,1.268926859E-1,-1.766920805E0,9.631873131E0,9.793420796E0
2.666084598E0,1.316810995E-1,-1.774103403E0,9.641449928E0,9.804200096E0
2.668084871E0,1.316810995E-1,-1.774103403E0,9.634267807E0,9.797137285E0
2.670086200E0,1.197100878E-1,-1.764526606E0,9.624691010E0,9.785834746E0
2.672086707E0,1.268926859E-1,-1.762132406E0,9.631873131E0,9.792558010E0
2.674087410E0,1.316810995E-1,-1.759738207E0,9.634267807E0,9.794546168E0
2.676088153E0,1.340752989E-1,-1.764526606E0,9.629479408E0,9.790730514E0
2.678089403E0,1.316810995E-1,-1.776497602E0,9.624691010E0,9.788154099E0
2.680091395E0,1.364694983E-1,-1.778891921E0,9.617507935E0,9.781591857E0
2.682092215E0,1.364694983E-1,-1.778891921E0,9.624691010E0,9.788654525E0
2.684092606E0,1.364694983E-1,-1.769315004E0,9.617507935E0,9.779854722E0
2.686092918E0,1.364694983E-1,-1.776497602E0,9.612719536E0,9.776448462E0
2.688093153E0,1.388636976E-1,-1.776497602E0,9.622296333E0,9.785898711E0
2.690093114E0,1.364694983E-1,-1.766920805E0,9.624691010E0,9.786486095E0
2.692093465E0,1.388636976E-1,-1.769315004E0,9.629479408E0,9.791661370E0
2.694094051E0,1.364694983E-1,-1.759738207E0,9.624691010E0,9.785191848E0
2.696094989E0,1.364694983E-1,-1.759738207E0,9.622296333E0,9.782836460E0
2.698095887E0,1.364694983E-1,-1.762132406E0,9.629479408E0,9.790332385E0
2.700096278E0,1.292868853E-1,-1.762132406E0,9.622296333E0,9.783169857E0
2.702096082E0,1.316810995E-1,-1.764526606E0,9.629479408E0,9.790698020E0
2.704097020E0,1.388636976E-1,-1.750161409E0,9.636661530E0,9.795284249E0
2.706098192E0,1.508347094E-1,-1.757344007E0,9.639056206E0,9.799102694E0
2.708098309E0,1.532289088E-1,-1.757344007E0,9.641449928E0,9.801494467E0
2.710097684E0,1.484405100E-1,-1.747767210E0,9.629479408E0,9.787931267E0
2.712098309E0,1.412578970E-1,-1.745373011E0,9.629479408E0,9.787397735E0
2.714098426E0,1.388636976E-1,-1.747767210E0,9.636661530E0,9.794856751E0
2.716098192E0,1.412578970E-1,-1.759738207E0,9.624691010E0,9.785259801E0
2.718099207E0,1.388636976E-1,-1.762132406E0,9.622296333E0,9.783301103E0
2.720100809E0,1.388636976E-1,-1.757344007E0,9.639056206E0,9.798925738E0
2.722101551E0,1.364694983E-1,-1.750161409E0,9.636661530E0,9.795250600E0
2.724102410E0,1.364694983E-1,-1.762132406E0,9.624691010E0,9.785622697E0
2.726102762E0,1.388636976E-1,-1.762132406E0,9.624691010E0,9.785656379E0
2.728103739E0,1.364694983E-1,-1.769315004E0,9.619902611E0,9.782209656E0
2.730104676E0,1.316810995E-1,-1.766920805E0,9.636661530E0,9.798193429E0
2.732105340E0,1.364694983E-1,-1.762132406E0,9.634267807E0,9.795042150E0
2.734106395E0,1.412578970E-1,-1.766920805E0,9.639056206E0,9.800681990E0
2.736107137E0,1.412578970E-1,-1.762132406E0,9.631873131E0,9.792754690E0
2.738108621E0,1.364694983E-1,-1.764526606E0,9.634267807E0,9.795473151E0
2.740109520E0,1.244984865E-1,-1.759738207E0,9.634267807E0,9.794452236E0
2.742110028E0,1.364694983E-1,-1.766920805E0,9.629479408E0,9.791195368E0
2.744110575E0,1.364694983E-1,-1.776497602E0,9.629479408E0,9.792928128E0
2.746111512E0,1.340752989E-1,-1.771709204E0,9.643844604E0,9.806154621E0
2.748111864E0,1.388636976E-1,-1.762132406E0,9.636661530E0,9.797430233E0
2.750112762E0,1.460463107E-1,-1.762132406E0,9.624691010E0,9.785760940E0
2.752113778E0,1.484405100E-1,-1.759738207E0,9.631873131E0,9.792430401E0
2.754115340E0,1.460463107E-1,-1.759738207E0,9.629479408E0,9.790039926E0
2.756116903E0,1.388636976E-1,-1.764526606E0,9.629479408E0,9.790797258E0
2.758117684E0,1.412578970E-1,-1.766920805E0,9.627084732E0,9.788908180E0
2.760118075E0,1.484405100E-1,-1.764526606E0,9.636661530E0,9.798001539E0
2.762118504E0,1.388636976E-1,-1.766920805E0,9.629479408E0,9.791229031E0
2.764119715E0,1.388636976E-1,-1.759738207E0,9.624691010E0,9.785225532E0
2.766120340E0,1.364694983E-1,-1.757344007E0,9.629479408E0,9.789471669E0
2.768120848E0,1.460463107E-1,-1.762132406E0,9.622296333E0,9.783405689E0
2.770121200E0,1.436520964E-1,-1.764526606E0,9.631873131E0,9.793220618E0
2.772122137E0,1.460463107E-1,-1.771709204E0,9.636661530E0,9.799261628E0
2.774122371E0,1.460463107E-1,-1.771709204E0,9.631873131E0,9.794552723E0
2.776122762E0,1.388636976E-1,-1.769315004E0,9.634267807E0,9.796370496E0
2.778122801E0,1.340752989E-1,-1.774103403E0,9.629479408E0,9.792461016E0
2.780123153E0,1.364694983E-1,-1.766920805E0,9.627084732E0,9.788840253E0
2.782124207E0,1.364694983E-1,-1.766920805E0,9.619902611E0,9.781776899E0
2.784124598E0,1.436520964E-1,-1.766920805E0,9.622296333E0,9.784233837E0
2.786125145E0,1.436520964E-1,-1.771709204E0,9.617507935E0,9.780391010E0
2.788125067E0,1.412578970E-1,-1.766920805E0,9.627084732E0,9.788908180E0
2.790125340E0,1.388636976E-1,-1.769315004E0,9.622296333E0,9.784597357E0
2.792125809E0,1.340752989E-1,-1.762132406E0,9.622296333E0,9.783234308E0
2.794126434E0,1.412578970E-1,-1.776497602E0,9.627084732E0,9.790641346E0
2.796126200E0,1.388636976E-1,-1.766920805E0,9.629479408E0,9.791229031E0
2.798126629E0,1.412578970E-1,-1.769315004E0,9.627084732E0,9.789340622E0
2.800127840E0,1.412578970E-1,-1.771709204E0,9.617507935E0,9.780356137E0
2.802128309E0,1.388636976E-1,-1.771709204E0,9.615114212E0,9.777967986E0
2.804128387E0,1.316810995E-1,-1.769315004E0,9.622296333E0,9.784498057E0
2.806129012E0,1.340752989E-1,-1.774103403E0,9.624691010E0,9.787752352E0
2.808129676E0,1.364694983E-1,-1.774103403E0,9.627084732E0,9.790139286E0
2.810129715E0,1.412578970E-1,-1.766920805E0,9.619902611E0,9.781844875E0
2.812130535E0,1.364694983E-1,-1.776497602E0,9.631873131E0,9.795281908E0
2.814132254E0,1.364694983E-1,-1.778891921E0,9.627084732E0,9.791008162E0
2.816134403E0,1.244984865E-1,-1.771709204E0,9.627084732E0,9.789546150E0
2.818136160E0,1.292868853E-1,-1.774103403E0,9.634267807E0,9.797105397E0
2.820137137E0,1.292868853E-1,-1.781286120E0,9.636661530E0,9.800762255E0
2.822137332E0,1.340752989E-1,-1.788468719E0,9.639056206E0,9.804488823E0
2.824136864E0,1.316810995E-1,-1.790862918E0,9.651026726E0,9.816661691E0
2.826137137E0,1.364694983E-1,-1.783680320E0,9.641449928E0,9.806003066E0
2.828137918E0,1.340752989E-1,-1.778891921E0,9.641449928E0,9.805100171E0
2.830137801E0,1.412578970E-1,-1.776497602E0,9.639056206E0,9.802413073E0
2.832139520E0,1.388636976E-1,-1.783680320E0,9.646238327E0,9.810744746E0
2.834139168E0,1.316810995E-1,-1.788468719E0,9.634267807E0,9.799748795E0
2.836139285E0,1.412578970E-1,-1.786074519E0,9.619902611E0,9.785322796E0
2.838139910E0,1.412578970E-1,-1.793257117E0,9.629479408E0,9.796050151E0
2.840140145E0,1.388636976E-1,-1.795651317E0,9.629479408E0,9.796454484E0
2.842141121E0,1.340752989E-1,-1.798045516E0,9.627084732E0,9.794473151E0
2.844141825E0,1.316810995E-1,-1.798045516E0,9.629479408E0,9.796794438E0
2.846142645E0,1.364694983E-1,-1.798045516E0,9.622296333E0,9.789799708E0
2.848143192E0,1.292868853E-1,-1.790862918E0,9.634267807E0,9.800154145E0
2.850143504E0,1.340752989E-1,-1.788468719E0,9.631873131E0,9.797427037E0
2.852143192E0,1.508347094E-1,-1.788468719E0,9.617507935E0,9.783548964E0
2.854144012E0,1.436520964E-1,-1.781286120E0,9.636661530E0,9.800962279E0
2.856145457E0,1.412578970E-1,-1.783680320E0,9.622296333E0,9.787239448E0
2.858147215E0,1.460463107E-1,-1.790862918E0,9.627084732E0,9.793328339E0
2.860148192E0,1.292868853E-1,-1.786074519E0,9.636661530E0,9.801633676E0
2.862149325E0,1.340752989E-1,-1.790862918E0,9.636661530E0,9.802571684E0
2.864151239E0,1.340752989E-1,-1.798045516E0,9.627084732E0,9.794473151E0
2.866152567E0,1.364694983E-1,-1.800439715E0,9.624691010E0,9.792593330E0
2.868154051E0,1.508347094E-1,-1.805228114E0,9.627084732E0,9.796037979E0
2.870154559E0,1.484405100E-1,-1.805228114E0,9.617507935E0,9.786589907E0
2.872155614E0,1.484405100E-1,-1.798045516E0,9.629479408E0,9.797034038E0
2.874156707E0,1.460463107E-1,-1.790862918E0,9.629479408E0,9.795682375E0
2.876157293E0,1.460463107E-1,-1.788468719E0,9.619902611E0,9.785830375E0
2.878158465E0,1.412578970E-1,-1.788468719E0,9.627084732E0,9.792820563E0
2.880160575E0,1.460463107E-1,-1.790862918E0,9.627084732E0,9.793328339E0
2.882162137E0,1.460463107E-1,-1.788468719E0,9.624691010E0,9.790537621E0
2.884163934E0,1.580173075E-1,-1.795651317E0,9.629479408E0,9.796744704E0
2.886164754E0,1.556231081E-1,-1.800439715E0,9.629479408E0,9.797585182E0
2.888165926E0,1.484405100E-1,-1.788468719E0,9.629479408E0,9.795280936E0
2.890167215E0,1.580173075E-1,-1.786074519E0,9.624691010E0,9.790286446E0
2.892168543E0,1.604115069E-1,-1.790862918E0,9.639056206E0,9.805321330E0
2.894170614E0,1.556231081E-1,-1.800439715E0,9.636661530E0,9.804644163E0
2.896172020E0,1.628057212E-1,-1.798045516E0,9.639056206E0,9.806675171E0
2.898173778E0,1.628057212E-1,-1.800439715E0,9.636661530E0,9.804760798E0
2.900175887E0,1.556231081E-1,-1.793257117E0,9.641449928E0,9.808034786E0
2.902177606E0,1.556231081E-1,-1.786074519E0,9.629479408E0,9.794955560E0
2.904180692E0,1.580173075E-1,-1.786074519E0,9.624691010E0,9.790286446E0
2.906182567E0,1.604115069E-1,-1.788468719E0,9.629479408E0,9.795469661E0
2.908184090E0,1.628057212E-1,-1.781286120E0,9.622296333E0,9.787138125E0
2.910185887E0,1.580173075E-1,-1.781286120E0,9.636661530E0,9.801183354E0
2.912187918E0,1.651999205E-1,-1.783680320E0,9.641449928E0,9.806444984E0
2.914188426E0,1.628057212E-1,-1.790862918E0,9.629479408E0,9.795946578E0
2.916189168E0,1.604115069E-1,-1.788468719E0,9.619902611E0,9.786055306E0
2.918190770E0,1.628057212E-1,-1.786074519E0,9.629479408E0,9.795072310E0
2.920191160E0,1.604115069E-1,-1.795651317E0,9.636661530E0,9.803843172E0
2.922192410E0,1.604115069E-1,-1.793257117E0,9.634267807E0,9.801051939E0
2.924192957E0,1.699883193E-1,-1.790862918E0,9.624691010E0,9.791361654E0
2.926194910E0,1.699883193E-1,-1.795651317E0,9.622296333E0,9.789884903E0
2.928195535E0,1.675941199E-1,-1.788468719E0,9.629479408E0,9.795589917E0
2.930197606E0,1.675941199E-1,-1.778891921E0,9.636661530E0,9.800907595E0
2.932198934E0,1.699883193E-1,-1.790862918E0,9.627084732E0,9.793714640E0
2.934199910E0,1.675941199E-1,-1.783680320E0,9.634267807E0,9.799424445E0
2.936200457E0,1.675941199E-1,-1.778891921E0,9.624691010E0,9.789137923E0
2.938201082E0,1.651999205E-1,-1.771709204E0,9.629479408E0,9.792503163E0
2.940201746E0,1.628057212E-1,-1.774103403E0,9.627084732E0,9.790541815E0
2.942202215E0,1.556231081E-1,-1.771709204E0,9.612719536E0,9.775865636E0
2.944202801E0,1.604115069E-1,-1.769315004E0,9.610325813E0,9.773155564E0
2.946203504E0,1.556231081E-1,-1.771709204E0,9.624691010E0,9.787637564E0
2.948203621E0,1.556231081E-1,-1.771709204E0,9.617507935E0,9.780574161E0
2.950204246E0,1.484405100E-1,-1.776497602E0,9.629479408E0,9.793102266E0
2.952205145E0,1.556231081E-1,-1.781286120E0,9.641449928E0,9.805853125E0
2.954205496E0,1.532289088E-1,-1.762132406E0,9.636661530E0,9.797644367E0
2.956206278E0,1.604115069E-1,-1.762132406E0,9.627084732E0,9.788340151E0
2.958207567E0,1.436520964E-1,-1.759738207E0,9.634267807E0,9.794714425E0
2.960208778E0,1.412578970E-1,-1.757344007E0,9.629479408E0,9.789539592E0
2.962210262E0,1.460463107E-1,-1.764526606E0,9.629479408E0,9.790901763E0
2.964212567E0,1.460463107E-1,-1.771709204E0,9.639056206E0,9.801616579E0
2.966215379E0,1.388636976E-1,-1.774103403E0,9.634267807E0,9.797236457E0
2.968217059E0,1.436520964E-1,-1.771709204E0,9.629479408E0,9.792163351E0
2.970218582E0,1.484405100E-1,-1.776497602E0,9.627084732E0,9.790747610E0
2.972220028E0,1.484405100E-1,-1.781286120E0,9.631873131E0,9.796325578E0
2.974222137E0,1.388636976E-1,-1.774103403E0,9.636661530E0,9.799590371E0
2.976224051E0,1.388636976E-1,-1.776497602E0,9.631873131E0,9.795315557E0
2.978224832E0,1.412578970E-1,-1.778891921E0,9.627084732E0,9.791076075E0
2.980225965E0,1.316810995E-1,-1.783680320E0,9.619902611E0,9.784752508E0
2.982227801E0,1.316810995E-1,-1.788468719E0,9.617507935E0,9.783272415E0
2.984229520E0,1.268926859E-1,-1.774103403E0,9.617507935E0,9.780593208E0
2.986231590E0,1.340752989E-1,-1.778891921E0,9.612719536E0,9.776850696E0
2.988233856E0,1.340752989E-1,-1.786074519E0,9.627084732E0,9.792282615E0
2.990235457E0,1.244984865E-1,-1.783680320E0,9.617507935E0,9.782304137E0
2.992236434E0,1.244984865E-1,-1.778891921E0,9.622296333E0,9.786140356E0
2.994237489E0,1.316810995E-1,-1.774103403E0,9.619902611E0,9.783011246E0
2.996239129E0,1.364694983E-1,-1.781286120E0,9.617507935E0,9.782027553E0
2.998240848E0,1.340752989E-1,-1.774103403E0,9.634267807E0,9.797169757E0
3.000241825E0,1.484405100E-1,-1.771709204E0,9.629479408E0,9.792234769E0
3.002242879E0,1.388636976E-1,-1.769315004E0,9.629479408E0,9.791661370E0
3.004244325E0,1.316810995E-1,-1.771709204E0,9.641449928E0,9.803767140E0
3.006245848E0,1.316810995E-1,-1.771709204E0,9.639056206E0,9.801413059E0
3.008247254E0,1.316810995E-1,-1.771709204E0,9.631873131E0,9.794349056E0
3.010249481E0,1.436520964E-1,-1.769315004E0,9.627084732E0,9.789375463E0
3.012251356E0,1.412578970E-1,-1.769315004E0,9.636661530E0,9.798758840E0
3.014253778E0,1.532289088E-1,-1.762132406E0,9.622296333E0,9.783515546E0
3.016255340E0,1.484405100E-1,-1.764526606E0,9.619902611E0,9.781519052E0
3.018256473E0,1.364694983E-1,-1.774103403E0,9.624691010E0,9.787785441E0
3.020258192E0,1.268926859E-1,-1.771709204E0,9.619902611E0,9.782514068E0
3.022260301E0,1.340752989E-1,-1.769315004E0,9.617507935E0,9.779821606E0
3.024262684E0,1.364694983E-1,-1.764526606E0,9.624691010E0,9.786054113E0
3.026265262E0,1.436520964E-1,-1.759738207E0,9.634267807E0,9.794714425E0
3.028266239E0,1.388636976E-1,-1.766920805E0,9.639056206E0,9.800647774E0
3.030267840E0,1.484405100E-1,-1.774103403E0,9.641449928E0,9.804439514E0
3.032269168E0,1.436520964E-1,-1.759738207E0,9.619902611E0,9.780584887E0
3.034270926E0,1.436520964E-1,-1.750161409E0,9.615114212E0,9.774155830E0
3.036271864E0,1.556231081E-1,-1.752555609E0,9.631873131E0,9.791253736E0
3.038273075E0,1.484405100E-1,-1.762132406E0,9.619902611E0,9.781087437E0
3.040274871E0,1.484405100E-1,-1.759738207E0,9.619902611E0,9.780656388E0
3.042276629E0,1.580173075E-1,-1.754949808E0,9.624691010E0,9.784656117E0
3.044278465E0,1.508347094E-1,-1.757344007E0,9.639056206E0,9.799102694E0
3.046280301E0,1.436520964E-1,-1.759738207E0,9.641449928E0,9.801778981E0
3.048282801E0,1.436520964E-1,-1.759738207E0,9.636661530E0,9.797068945E0
3.050286082E0,1.412578970E-1,-1.764526606E0,9.629479408E0,9.790831508E0
3.052287957E0,1.412578970E-1,-1.762132406E0,9.631873131E0,9.792754690E0
3.054290106E0,1.484405100E-1,-1.769315004E0,9.636661530E0,9.798865016E0
3.056292215E0,1.484405100E-1,-1.766920805E0,9.636661530E0,9.798432995E0
3.058293621E0,1.460463107E-1,-1.759738207E0,9.622296333E0,9.782974742E0
3.060295145E0,1.412578970E-1,-1.757344007E0,9.636661530E0,9.796604370E0
3.062297059E0,1.532289088E-1,-1.752555609E0,9.631873131E0,9.791215975E0
3.064298543E0,1.508347094E-1,-1.747767210E0,9.631873131E0,9.790322841E0
3.066301082E0,1.580173075E-1,-1.747767210E0,9.641449928E0,9.799857979E0
3.068303465E0,1.604115069E-1,-1.754949808E0,9.641449928E0,9.801180409E0
3.070305379E0,1.580173075E-1,-1.754949808E0,9.641449928E0,9.801141516E0
3.072307020E0,1.532289088E-1,-1.754949808E0,9.639056206E0,9.798710755E0
3.074308856E0,1.532289088E-1,-1.745373011E0,9.641449928E0,9.799355222E0
3.076310965E0,1.532289088E-1,-1.757344007E0,9.627084732E0,9.787364175E0
3.078313270E0,1.532289088E-1,-1.759738207E0,9.624691010E0,9.785439933E0
3.080315496E0,1.580173075E-1,-1.754949808E0,9.629479408E0,9.789366270E0
3.082317137E0,1.556231081E-1,-1.752555609E0,9.627084732E0,9.786543320E0
3.084318465E0,1.580173075E-1,-1.762132406E0,9.624691010E0,9.785946920E0
3.086319442E0,1.532289088E-1,-1.759738207E0,9.624691010E0,9.785439933E0
3.088320809E0,1.484405100E-1,-1.769315004E0,9.622296333E0,9.784737957E0
3.090322762E0,1.580173075E-1,-1.774103403E0,9.622296333E0,9.785754906E0
3.092323700E0,1.580173075E-1,-1.774103403E0,9.622296333E0,9.785754906E0
3.094324051E0,1.556231081E-1,-1.774103403E0,9.624691010E0,9.788071233E0
3.096324910E0,1.508347094E-1,-1.771709204E0,9.624691010E0,9.787562600E0
3.098326707E0,1.412578970E-1,-1.771709204E0,9.622296333E0,9.785064845E0
3.100327410E0,1.484405100E-1,-1.776497602E0,9.629479408E0,9.793102266E0
3.102327606E0,1.508347094E-1,-1.783680320E0,9.634267807E0,9.799152145E0
3.104328660E0,1.532289088E-1,-1.778891921E0,9.631873131E0,9.795964249E0
3.106331200E0,1.556231081E-1,-1.771709204E0,9.631873131E0,9.794700203E0
3.108333895E0,1.484405100E-1,-1.774103403E0,9.629479408E0,9.792668234E0
3.110335809E0,1.508347094E-1,-1.769315004E0,9.631873131E0,9.794192499E0
3.112336551E0,1.556231081E-1,-1.776497602E0,9.634267807E0,9.797922150E0
3.114336746E0,1.508347094E-1,-1.783680320E0,9.636661530E0,9.801505600E0
3.116337450E0,1.484405100E-1,-1.783680320E0,9.624691010E0,9.789700051E0
3.118338621E0,1.460463107E-1,-1.774103403E0,9.622296333E0,9.785568922E0
3.120338426E0,1.484405100E-1,-1.781286120E0,9.627084732E0,9.791617602E0
3.122338739E0,1.532289088E-1,-1.781286120E0,9.636661530E0,9.801107324E0
3.124340575E0,1.580173075E-1,-1.783680320E0,9.629479408E0,9.794557602E0
3.126341160E0,1.628057212E-1,-1.788468719E0,9.619902611E0,9.786094844E0
3.128342762E0,1.556231081E-1,-1.790862918E0,9.624691010E0,9.791122794E0
3.130344559E0,1.675941199E-1,-1.788468719E0,9.627084732E0,9.793235859E0
3.132346434E0,1.628057212E-1,-1.800439715E0,9.631873131E0,9.800054535E0
3.134348465E0,1.508347094E-1,-1.790862918E0,9.631873131E0,9.798108037E0
3.136350184E0,1.484405100E-1,-1.788468719E0,9.634267807E0,9.799988322E0
3.138351512E0,1.532289088E-1,-1.795651317E0,9.629479408E0,9.796668639E0
3.140352684E0,1.532289088E-1,-1.802833915E0,9.629479408E0,9.797987696E0
3.142353660E0,1.628057212E-1,-1.800439715E0,9.631873131E0,9.800054535E0
3.144354793E0,1.628057212E-1,-1.788468719E0,9.634267807E0,9.800216438E0
3.146355809E0,1.604115069E-1,-1.788468719E0,9.629479408E0,9.795469661E0
3.148356239E0,1.604115069E-1,-1.778891921E0,9.624691010E0,9.789017588E0
3.150357996E0,1.651999205E-1,-1.776497602E0,9.631873131E0,9.795724310E0
3.152358348E0,1.628057212E-1,-1.771709204E0,9.631873131E0,9.794816957E0
3.154358856E0,1.628057212E-1,-1.774103403E0,9.639056206E0,9.802313662E0
3.156358973E0,1.628057212E-1,-1.783680320E0,9.636661530E0,9.801697130E0
3.158359168E0,1.556231081E-1,-1.783680320E0,9.624691010E0,9.789811595E0
3.160360965E0,1.580173075E-1,-1.781286120E0,9.631873131E0,9.796475372E0
3.162362684E0,1.508347094E-1,-1.786074519E0,9.631873131E0,9.797233962E0
3.164364403E0,1.604115069E-1,-1.783680320E0,9.641449928E0,9.806365486E0
3.166367215E0,1.628057212E-1,-1.788468719E0,9.631873131E0,9.797862321E0
3.168369871E0,1.604115069E-1,-1.788468719E0,9.631873131E0,9.797822830E0
3.170371551E0,1.651999205E-1,-1.783680320E0,9.627084732E0,9.792321836E0
3.172373817E0,1.628057212E-1,-1.783680320E0,9.629479408E0,9.794636025E0
3.174375184E0,1.651999205E-1,-1.786074519E0,9.636661530E0,9.802173159E0
3.176377137E0,1.580173075E-1,-1.788468719E0,9.643844604E0,9.809552925E0
3.178379051E0,1.556231081E-1,-1.786074519E0,9.641449928E0,9.806724094E0
3.180381551E0,1.556231081E-1,-1.783680320E0,9.643844604E0,9.808642760E0
3.182382762E0,1.556231081E-1,-1.778891921E0,9.646238327E0,9.810126853E0
3.184384676E0,1.508347094E-1,-1.776497602E0,9.641449928E0,9.804909564E0
3.186386668E0,1.460463107E-1,-1.778891921E0,9.648633003E0,9.812334321E0
3.188389246E0,1.556231081E-1,-1.781286120E0,9.658209801E0,9.822332480E0
3.190392332E0,1.508347094E-1,-1.781286120E0,9.667786598E0,9.831674784E0
3.192394520E0,1.436520964E-1,-1.788468719E0,9.651026726E0,9.816393082E0
3.194397059E0,1.388636976E-1,-1.786074519E0,9.646238327E0,9.811180315E0
3.196399207E0,1.460463107E-1,-1.781286120E0,9.655815125E0,9.819830726E0
3.198402176E0,1.412578970E-1,-1.786074519E0,9.667786598E0,9.832401217E0
3.200403856E0,1.412578970E-1,-1.781286120E0,9.667786598E0,9.831532523E0
3.202405887E0,1.460463107E-1,-1.771709204E0,9.670180321E0,9.832226119E0
3.204408660E0,1.484405100E-1,-1.774103403E0,9.658209801E0,9.820921241E0
3.206411395E0,1.436520964E-1,-1.786074519E0,9.658209801E0,9.823019631E0
3.208413465E0,1.436520964E-1,-1.783680320E0,9.643844604E0,9.808460132E0
3.210415731E0,1.460463107E-1,-1.788468719E0,9.641449928E0,9.807013134E0
3.212417996E0,1.484405100E-1,-1.790862918E0,9.658209801E0,9.823962598E0
3.214420731E0,1.532289088E-1,-1.795651317E0,9.641449928E0,9.808435118E0
3.216422567E0,1.508347094E-1,-1.798045516E0,9.631873131E0,9.799423391E0
3.218423504E0,1.364694983E-1,-1.800439715E0,9.631873131E0,9.799652397E0
3.220424520E0,1.436520964E-1,-1.788468719E0,9.631873131E0,9.797562773E0
3.222426160E0,1.508347094E-1,-1.790862918E0,9.619902611E0,9.786340856E0
3.224427410E0,1.436520964E-1,-1.790862918E0,9.631873131E0,9.798000098E0
3.226428348E0,1.460463107E-1,-1.788468719E0,9.622296333E0,9.788183519E0
3.228429090E0,1.484405100E-1,-1.790862918E0,9.619902611E0,9.786304247E0
3.230430301E0,1.436520964E-1,-1.776497602E0,9.627084732E0,9.790676182E0
3.232431473E0,1.388636976E-1,-1.776497602E0,9.631873131E0,9.795315557E0
3.234432840E0,1.436520964E-1,-1.771709204E0,9.624691010E0,9.787454544E0
3.236434090E0,1.436520964E-1,-1.769315004E0,9.615114212E0,9.777603634E0
3.238435418E0,1.460463107E-1,-1.766920805E0,9.607931137E0,9.770142240E0
3.240436512E0,1.460463107E-1,-1.774103403E0,9.612719536E0,9.776152069E0
3.242437137E0,1.388636976E-1,-1.771709204E0,9.622296333E0,9.785030575E0
3.244439168E0,1.364694983E-1,-1.762132406E0,9.615114212E0,9.776203550E0
3.246440575E0,1.364694983E-1,-1.762132406E0,9.605537415E0,9.766784710E0
3.248441160E0,1.364694983E-1,-1.759738207E0,9.615114212E0,9.775772286E0
3.250441590E0,1.412578970E-1,-1.752555609E0,9.607931137E0,9.767484102E0
3.252441160E0,1.484405100E-1,-1.750161409E0,9.619902611E0,9.778937866E0
3.254442059E0,1.340752989E-1,-1.752555609E0,9.617507935E0,9.776803477E0
3.256443660E0,1.316810995E-1,-1.754949808E0,9.617507935E0,9.777200397E0
3.258444793E0,1.292868853E-1,-1.745373011E0,9.605537415E0,9.763677128E0
3.260446395E0,1.244984865E-1,-1.747767210E0,9.605537415E0,9.764043175E0
3.262448114E0,1.244984865E-1,-1.750161409E0,9.610325813E0,9.769182518E0
3.264449950E0,1.244984865E-1,-1.745373011E0,9.607931137E0,9.765969873E0
3.266451121E0,1.340752989E-1,-1.742978811E0,9.622296333E0,9.779802557E0
3.268451668E0,1.244984865E-1,-1.747767210E0,9.624691010E0,9.782886441E0
3.270452723E0,1.292868853E-1,-1.750161409E0,9.624691010E0,9.783376569E0
3.272454676E0,1.221042871E-1,-1.752555609E0,9.629479408E0,9.788423484E0
3.274456903E0,1.125274822E-1,-1.757344007E0,9.627084732E0,9.786811576E0
3.276458543E0,1.101332754E-1,-1.762132406E0,9.624691010E0,9.785290848E0
3.278459950E0,1.197100878E-1,-1.762132406E0,9.624691010E0,9.785403321E0
3.280462215E0,1.197100878E-1,-1.764526606E0,9.624691010E0,9.785834746E0
3.282463739E0,1.221042871E-1,-1.762132406E0,9.619902611E0,9.780723200E0
3.284465770E0,1.149216816E-1,-1.759738207E0,9.636661530E0,9.796689797E0
3.286467684E0,1.173158810E-1,-1.757344007E0,9.636661530E0,9.796288400E0
3.288469989E0,1.197100878E-1,-1.750161409E0,9.631873131E0,9.790320499E0
3.290472254E0,1.197100878E-1,-1.764526606E0,9.636661530E0,9.797608386E0
3.292475067E0,1.221042871E-1,-1.762132406E0,9.636661530E0,9.797207026E0
3.294476942E0,1.268926859E-1,-1.762132406E0,9.643844604E0,9.804333283E0
3.296479403E0,1.268926859E-1,-1.764526606E0,9.646238327E0,9.807118321E0
3.298480418E0,1.340752989E-1,-1.778891921E0,9.643844604E0,9.807454889E0
3.300481043E0,1.292868853E-1,-1.774103403E0,9.636661530E0,9.799459343E0
3.302481668E0,1.292868853E-1,-1.766920805E0,9.636661530E0,9.798161545E0
3.304482801E0,1.292868853E-1,-1.766920805E0,9.639056206E0,9.800516760E0
3.306483778E0,1.292868853E-1,-1.774103403E0,9.643844604E0,9.806523173E0
3.308486239E0,1.340752989E-1,-1.762132406E0,9.643844604E0,9.804428875E0
3.310488114E0,1.316810995E-1,-1.764526606E0,9.648633003E0,9.809536833E0
3.312489793E0,1.292868853E-1,-1.764526606E0,9.651026726E0,9.811859462E0
3.314490809E0,1.388636976E-1,-1.769315004E0,9.655815125E0,9.817562041E0
3.316491629E0,1.388636976E-1,-1.762132406E0,9.648633003E0,9.809205502E0
3.318493934E0,1.412578970E-1,-1.778891921E0,9.646238327E0,9.809909486E0
3.320496200E0,1.436520964E-1,-1.786074519E0,9.643844604E0,9.808895803E0
3.322497567E0,1.340752989E-1,-1.781286120E0,9.641449928E0,9.805534822E0
3.324498270E0,1.412578970E-1,-1.788468719E0,9.631873131E0,9.797527962E0
3.326499950E0,1.436520964E-1,-1.790862918E0,9.631873131E0,9.798000098E0
3.328501942E0,1.340752989E-1,-1.790862918E0,9.636661530E0,9.802571684E0
3.330503426E0,1.388636976E-1,-1.793257117E0,9.643844604E0,9.810137255E0
3.332505262E0,1.436520964E-1,-1.793257117E0,9.636661530E0,9.803145028E0
3.334506512E0,1.436520964E-1,-1.793257117E0,9.639056206E0,9.805499047E0
3.336508778E0,1.532289088E-1,-1.790862918E0,9.646238327E0,9.812266963E0
3.338510262E0,1.484405100E-1,-1.783680320E0,9.634267807E0,9.799115585E0
3.340511707E0,1.532289088E-1,-1.788468719E0,9.631873131E0,9.797707868E0
3.342513348E0,1.532289088E-1,-1.790862918E0,9.629479408E0,9.795792095E0
3.344514129E0,1.436520964E-1,-1.793257117E0,9.619902611E0,9.786671204E0
3.346515340E0,1.436520964E-1,-1.800439715E0,9.636661530E0,9.804461460E0
3.348516082E0,1.484405100E-1,-1.812410712E0,9.643844604E0,9.813796713E0
3.350518192E0,1.508347094E-1,-1.807622313E0,9.629479408E0,9.798832747E0
3.352519051E0,1.484405100E-1,-1.793257117E0,9.627084732E0,9.793802434E0
3.354520223E0,1.460463107E-1,-1.793257117E0,9.622296333E0,9.789059574E0
3.356521121E0,1.412578970E-1,-1.790862918E0,9.629479408E0,9.795612153E0
3.358521864E0,1.412578970E-1,-1.793257117E0,9.634267807E0,9.800757168E0
3.360523817E0,1.412578970E-1,-1.790862918E0,9.627084732E0,9.793258100E0
3.362525418E0,1.532289088E-1,-1.786074519E0,9.636661530E0,9.801978715E0
3.364527371E0,1.436520964E-1,-1.788468719E0,9.624691010E0,9.790502199E0
3.366528504E0,1.484405100E-1,-1.795651317E0,9.619902611E0,9.787181641E0
3.368529910E0,1.460463107E-1,-1.800439715E0,9.627084732E0,9.795084131E0
3.370531121E0,1.508347094E-1,-1.805228114E0,9.624691010E0,9.793685552E0
3.372531981E0,1.532289088E-1,-1.795651317E0,9.624691010E0,9.791961998E0
3.374533778E0,1.508347094E-1,-1.795651317E0,9.624691010E0,9.791924826E0
3.376535145E0,1.508347094E-1,-1.795651317E0,9.622296333E0,9.789571057E0
3.378536512E0,1.532289088E-1,-1.793257117E0,9.629479408E0,9.796230084E0
3.380537254E0,1.628057212E-1,-1.802833915E0,9.622296333E0,9.791082808E0
3.382539129E0,1.604115069E-1,-1.802833915E0,9.629479408E0,9.798102656E0
3.384540496E0,1.484405100E-1,-1.798045516E0,9.617507935E0,9.785267556E0
3.386541082E0,1.436520964E-1,-1.790862918E0,9.634267807E0,9.800354182E0
3.388543270E0,1.436520964E-1,-1.783680320E0,9.631873131E0,9.796689819E0
3.390545262E0,1.484405100E-1,-1.786074519E0,9.634267807E0,9.799551671E0
3.392547410E0,1.580173075E-1,-1.783680320E0,9.636661530E0,9.801618764E0
3.394549403E0,1.532289088E-1,-1.788468719E0,9.634267807E0,9.800062022E0
3.396551434E0,1.532289088E-1,-1.795651317E0,9.629479408E0,9.796668639E0
3.398553621E0,1.484405100E-1,-1.802833915E0,9.639056206E0,9.807326305E0
3.400555731E0,1.460463107E-1,-1.793257117E0,9.641449928E0,9.807887506E0
3.402558075E0,1.580173075E-1,-1.793257117E0,9.629479408E0,9.796306152E0
3.404559129E0,1.484405100E-1,-1.798045516E0,9.636661530E0,9.804093415E0
3.406559559E0,1.484405100E-1,-1.800439715E0,9.636661530E0,9.804532788E0
3.408561785E0,1.484405100E-1,-1.798045516E0,9.641449928E0,9.808800079E0
3.410563739E0,1.532289088E-1,-1.786074519E0,9.629479408E0,9.794917813E0
3.412564910E0,1.604115069E-1,-1.786074519E0,9.631873131E0,9.797386082E0
3.414566551E0,1.580173075E-1,-1.783680320E0,9.631873131E0,9.796910991E0
3.416567606E0,1.604115069E-1,-1.790862918E0,9.624691010E0,9.791200073E0
3.418569364E0,1.628057212E-1,-1.788468719E0,9.624691010E0,9.790801964E0
3.420570262E0,1.556231081E-1,-1.783680320E0,9.631873131E0,9.796872666E0
3.422572254E0,1.556231081E-1,-1.781286120E0,9.627084732E0,9.791729124E0
3.424573543E0,1.556231081E-1,-1.766920805E0,9.612719536E0,9.774998954E0
3.426574793E0,1.556231081E-1,-1.774103403E0,9.631873131E0,9.795133559E0
3.428576356E0,1.484405100E-1,-1.771709204E0,9.617507935E0,9.780462513E0
3.430578465E0,1.604115069E-1,-1.771709204E0,9.612719536E0,9.775943035E0
3.432580926E0,1.604115069E-1,-1.762132406E0,9.619902611E0,9.781276436E0
3.434581785E0,1.604115069E-1,-1.766920805E0,9.624691010E0,9.786849238E0
3.436582723E0,1.604115069E-1,-1.759738207E0,9.607931137E0,9.769071150E0
3.438583387E0,1.532289088E-1,-1.754949808E0,9.607931137E0,9.768094423E0
3.440584481E0,1.556231081E-1,-1.759738207E0,9.610325813E0,9.771348901E0
3.442585770E0,1.580173075E-1,-1.764526606E0,9.615114212E0,9.776959902E0
3.444586707E0,1.532289088E-1,-1.769315004E0,9.615114212E0,9.777749025E0
3.446588231E0,1.580173075E-1,-1.759738207E0,9.615114212E0,9.776096835E0
3.448589168E0,1.508347094E-1,-1.769315004E0,9.629479408E0,9.791838457E0
3.450589950E0,1.532289088E-1,-1.769315004E0,9.629479408E0,9.791875630E0
3.452591160E0,1.532289088E-1,-1.778891921E0,9.636661530E0,9.800672477E0
3.454591395E0,1.532289088E-1,-1.778891921E0,9.634267807E0,9.798318822E0
3.456591707E0,1.580173075E-1,-1.766920805E0,9.622296333E0,9.784455290E0
3.458592762E0,1.628057212E-1,-1.771709204E0,9.631873131E0,9.794816957E0
3.460592606E0,1.580173075E-1,-1.774103403E0,9.639056206E0,9.802235301E0
3.462593739E0,1.580173075E-1,-1.769315004E0,9.646238327E0,9.808433051E0
3.464594715E0,1.532289088E-1,-1.769315004E0,9.648633003E0,9.810712182E0
3.466595223E0,1.460463107E-1,-1.778891921E0,9.648633003E0,9.812334321E0
3.468595926E0,1.388636976E-1,-1.783680320E0,9.636661530E0,9.801328688E0
3.470596903E0,1.412578970E-1,-1.781286120E0,9.631873131E0,9.796219375E0
3.472597840E0,1.508347094E-1,-1.776497602E0,9.631873131E0,9.795492578E0
3.474597567E0,1.484405100E-1,-1.778891921E0,9.643844604E0,9.807661791E0
3.476599364E0,1.460463107E-1,-1.786074519E0,9.634267807E0,9.799515697E0
3.478600028E0,1.508347094E-1,-1.781286120E0,9.631873131E0,9.796362149E0
3.480601395E0,1.556231081E-1,-1.776497602E0,9.651026726E0,9.814401619E0
3.482601981E0,1.556231081E-1,-1.774103403E0,9.643844604E0,9.806905740E0
3.484602996E0,1.484405100E-1,-1.774103403E0,9.636661530E0,9.799730757E0
3.486604950E0,1.436520964E-1,-1.766920805E0,9.631873131E0,9.793652284E0
3.488606942E0,1.556231081E-1,-1.764526606E0,9.634267807E0,9.795758718E0
3.490607645E0,1.532289088E-1,-1.769315004E0,9.636661530E0,9.798938724E0
3.492608817E0,1.508347094E-1,-1.769315004E0,9.639056206E0,9.801256615E0
3.494609598E0,1.532289088E-1,-1.766920805E0,9.631873131E0,9.793797437E0
3.496610535E0,1.532289088E-1,-1.766920805E0,9.627084732E0,9.789088245E0
3.498612020E0,1.604115069E-1,-1.759738207E0,9.627084732E0,9.787909422E0
3.500613387E0,1.508347094E-1,-1.759738207E0,9.624691010E0,9.785402735E0
3.502614793E0,1.556231081E-1,-1.764526606E0,9.624691010E0,9.786339955E0
3.504616590E0,1.556231081E-1,-1.769315004E0,9.627084732E0,9.789558446E0
3.506618739E0,1.508347094E-1,-1.764526606E0,9.627084732E0,9.788619192E0
3.508620887E0,1.412578970E-1,-1.769315004E0,9.629479408E0,9.791695617E0
3.510622528E0,1.484405100E-1,-1.769315004E0,9.612719536E0,9.775320304E0
3.512624325E0,1.484405100E-1,-1.764526606E0,9.627084732E0,9.788582592E0
3.514626239E0,1.436520964E-1,-1.762132406E0,9.624691010E0,9.785725500E0
3.516628660E0,1.532289088E-1,-1.762132406E0,9.617507935E0,9.778806092E0
3.518631512E0,1.556231081E-1,-1.759738207E0,9.615114212E0,9.776058430E0
3.520634246E0,1.484405100E-1,-1.764526606E0,9.610325813E0,9.772100642E0
3.522636278E0,1.436520964E-1,-1.771709204E0,9.617507935E0,9.780391010E0
3.524636785E0,1.412578970E-1,-1.757344007E0,9.622296333E0,9.782474047E0
3.526638114E0,1.364694983E-1,-1.757344007E0,9.624691010E0,9.784761567E0
3.528638582E0,1.364694983E-1,-1.764526606E0,9.627084732E0,9.788408374E0
3.530640457E0,1.316810995E-1,-1.764526606E0,9.631873131E0,9.793052336E0
3.532642606E0,1.316810995E-1,-1.762132406E0,9.627084732E0,9.787911471E0
3.534644559E0,1.340752989E-1,-1.762132406E0,9.631873131E0,9.792653716E0
3.536646004E0,1.364694983E-1,-1.759738207E0,9.629479408E0,9.789901744E0
3.538648582E0,1.412578970E-1,-1.764526606E0,9.624691010E0,9.786122060E0
3.540649989E0,1.388636976E-1,-1.766920805E0,9.617507935E0,9.779455564E0
3.542651785E0,1.388636976E-1,-1.764526606E0,9.629479408E0,9.790797258E0
3.544654012E0,1.316810995E-1,-1.769315004E0,9.636661530E0,9.798625461E0
3.546655887E0,1.364694983E-1,-1.774103403E0,9.636661530E0,9.799556737E0
3.548657332E0,1.340752989E-1,-1.766920805E0,9.629479408E0,9.791162290E0
3.550659012E0,1.340752989E-1,-1.764526606E0,9.624691010E0,9.786021018E0
3.552661356E0,1.340752989E-1,-1.771709204E0,9.631873131E0,9.794381537E0
3.554663426E0,1.340752989E-1,-1.776497602E0,9.631873131E0,9.795248844E0
3.556665809E0,1.316810995E-1,-1.776497602E0,9.629479408E0,9.792862570E0
3.558667137E0,1.364694983E-1,-1.771709204E0,9.648633003E0,9.810896812E0
3.560669520E0,1.340752989E-1,-1.771709204E0,9.636661530E0,9.799090525E0
3.562671746E0,1.268926859E-1,-1.774103403E0,9.634267807E0,9.797074095E0
3.564674207E0,1.388636976E-1,-1.774103403E0,9.639056206E0,9.801945243E0
3.566676785E0,1.436520964E-1,-1.769315004E0,9.639056206E0,9.801148711E0
3.568678465E0,1.460463107E-1,-1.769315004E0,9.624691010E0,9.787056868E0
3.570680223E0,1.388636976E-1,-1.764526606E0,9.629479408E0,9.790797258E0
3.572682450E0,1.412578970E-1,-1.766920805E0,9.639056206E0,9.800681990E0
3.574684403E0,1.388636976E-1,-1.769315004E0,9.636661530E0,9.798724618E0
3.576687137E0,1.484405100E-1,-1.769315004E0,9.634267807E0,9.796510927E0
3.578689442E0,1.484405100E-1,-1.766920805E0,9.651026726E0,9.812561367E0
3.580691278E0,1.436520964E-1,-1.769315004E0,9.629479408E0,9.791730449E0
3.582693231E0,1.460463107E-1,-1.771709204E0,9.624691010E0,9.787489977E0
3.584695028E0,1.460463107E-1,-1.757344007E0,9.619902611E0,9.780189861E0
3.586696512E0,1.484405100E-1,-1.752555609E0,9.619902611E0,9.779366646E0
3.588698114E0,1.484405100E-1,-1.762132406E0,9.641449928E0,9.802280445E0
3.590699207E0,1.532289088E-1,-1.766920805E0,9.636661530E0,9.798506706E0
3.592699950E0,1.580173075E-1,-1.771709204E0,9.639056206E0,9.801802258E0
3.594702450E0,1.508347094E-1,-1.766920805E0,9.631873131E0,9.793760271E0
3.596704129E0,1.484405100E-1,-1.771709204E0,9.622296333E0,9.785171169E0
3.598706082E0,1.484405100E-1,-1.769315004E0,9.624691010E0,9.787092888E0
3.600707996E0,1.556231081E-1,-1.766920805E0,9.627084732E0,9.789126014E0
3.602709559E0,1.532289088E-1,-1.774103403E0,9.631873131E0,9.795095813E0
3.604710887E0,1.556231081E-1,-1.771709204E0,9.631873131E0,9.794700203E0
3.606712489E0,1.508347094E-1,-1.769315004E0,9.636661530E0,9.798901578E0
3.608713778E0,1.508347094E-1,-1.781286120E0,9.639056206E0,9.803424702E0
3.610715067E0,1.484405100E-1,-1.778891921E0,9.631873131E0,9.795890519E0
3.612716200E0,1.460463107E-1,-1.764526606E0,9.631873131E0,9.793256030E0
3.614717996E0,1.460463107E-1,-1.762132406E0,9.641449928E0,9.802244481E0
3.616719481E0,1.412578970E-1,-1.764526606E0,9.646238327E0,9.807314709E0
3.618721082E0,1.436520964E-1,-1.769315004E0,9.643844604E0,9.805857957E0
3.620722254E0,1.388636976E-1,-1.769315004E0,9.636661530E0,9.798724618E0
3.622723856E0,1.364694983E-1,-1.771709204E0,9.636661530E0,9.799123576E0
3.624725770E0,1.340752989E-1,-1.769315004E0,9.641449928E0,9.803367202E0
3.626727723E0,1.388636976E-1,-1.776497602E0,9.631873131E0,9.795315557E0
3.628729676E0,1.436520964E-1,-1.769315004E0,9.634267807E0,9.796439541E0
3.630732215E0,1.412578970E-1,-1.771709204E0,9.634267807E0,9.796837422E0
3.632735184E0,1.292868853E-1,-1.771709204E0,9.646238327E0,9.808444447E0
3.634737723E0,1.316810995E-1,-1.776497602E0,9.648633003E0,9.811697227E0
3.636738856E0,1.340752989E-1,-1.783680320E0,9.646238327E0,9.810678138E0
3.638740496E0,1.292868853E-1,-1.778891921E0,9.643844604E0,9.807390597E0
3.640743075E0,1.340752989E-1,-1.778891921E0,9.651026726E0,9.814517284E0
3.642746043E0,1.388636976E-1,-1.786074519E0,9.641449928E0,9.806472456E0
3.644748114E0,1.436520964E-1,-1.778891921E0,9.636661530E0,9.800527426E0
3.646750145E0,1.364694983E-1,-1.781286120E0,9.634267807E0,9.798506026E0
3.648751864E0,1.364694983E-1,-1.786074519E0,9.641449928E0,9.806438846E0
3.650753192E0,1.340752989E-1,-1.778891921E0,9.634267807E0,9.798038009E0
3.652754989E0,1.340752989E-1,-1.781286120E0,9.636661530E0,9.800826591E0
3.654757059E0,1.388636976E-1,-1.786074519E0,9.631873131E0,9.797056972E0
3.656758934E0,1.412578970E-1,-1.783680320E0,9.627084732E0,9.791947187E0
3.658760457E0,1.340752989E-1,-1.786074519E0,9.619902611E0,9.785221746E0
3.660761239E0,1.316810995E-1,-1.774103403E0,9.624691010E0,9.787719848E0
3.662763192E0,1.316810995E-1,-1.774103403E0,9.627084732E0,9.790073709E0
3.664764207E0,1.292868853E-1,-1.771709204E0,9.617507935E0,9.780190564E0
3.666764832E0,1.292868853E-1,-1.778891921E0,9.615114212E0,9.779140702E0
3.668765340E0,1.244984865E-1,-1.786074519E0,9.617507935E0,9.782740972E0
3.670765887E0,1.340752989E-1,-1.781286120E0,9.627084732E0,9.791410361E0
3.672767020E0,1.412578970E-1,-1.778891921E0,9.634267807E0,9.798138927E0
3.674768934E0,1.316810995E-1,-1.778891921E0,9.619902611E0,9.783880755E0
3.676769637E0,1.292868853E-1,-1.771709204E0,9.622296333E0,9.784899352E0
3.678771160E0,1.316810995E-1,-1.776497602E0,9.627084732E0,9.790507856E0
3.680772254E0,1.340752989E-1,-1.776497602E0,9.639056206E0,9.802312199E0
3.682774090E0,1.364694983E-1,-1.769315004E0,9.634267807E0,9.796336850E0
3.684775887E0,1.388636976E-1,-1.771709204E0,9.631873131E0,9.794448256E0
3.686777098E0,1.388636976E-1,-1.774103403E0,9.629479408E0,9.792527748E0
3.688778309E0,1.412578970E-1,-1.764526606E0,9.629479408E0,9.790831508E0
3.690779832E0,1.244984865E-1,-1.762132406E0,9.634267807E0,9.794882678E0
3.692781942E0,1.292868853E-1,-1.759738207E0,9.634267807E0,9.794514272E0
3.694783934E0,1.388636976E-1,-1.766920805E0,9.624691010E0,9.786519774E0
3.696786942E0,1.388636976E-1,-1.778891921E0,9.631873131E0,9.795750079E0
3.698789715E0,1.412578970E-1,-1.776497602E0,9.617507935E0,9.781224688E0
3.700791864E0,1.436520964E-1,-1.769315004E0,9.619902611E0,9.782312495E0
3.702794012E0,1.388636976E-1,-1.776497602E0,9.631873131E0,9.795315557E0
3.704795965E0,1.340752989E-1,-1.774103403E0,9.629479408E0,9.792461016E0
3.706798778E0,1.364694983E-1,-1.783680320E0,9.622296333E0,9.787171508E0
3.708800770E0,1.364694983E-1,-1.778891921E0,9.627084732E0,9.791008162E0
3.710802996E0,1.388636976E-1,-1.769315004E0,9.627084732E0,9.789306367E0
3.712805301E0,1.340752989E-1,-1.771709204E0,9.641449928E0,9.803799590E0
3.714807723E0,1.316810995E-1,-1.776497602E0,9.636661530E0,9.799924953E0
3.716810731E0,1.340752989E-1,-1.781286120E0,9.634267807E0,9.798472973E0
3.718812996E0,1.412578970E-1,-1.783680320E0,9.631873131E0,9.796655005E0
3.720813543E0,1.388636976E-1,-1.788468719E0,9.641449928E0,9.806908800E0
3.722815106E0,1.388636976E-1,-1.781286120E0,9.631873131E0,9.796185144E0
3.724816981E0,1.340752989E-1,-1.776497602E0,9.631873131E0,9.795248844E0
3.726818153E0,1.292868853E-1,-1.776497602E0,9.634267807E0,9.797539232E0
3.728819676E0,1.316810995E-1,-1.790862918E0,9.631873131E0,9.797831898E0
3.730820575E0,1.340752989E-1,-1.788468719E0,9.631873131E0,9.797427037E0
3.732822293E0,1.340752989E-1,-1.781286120E0,9.629479408E0,9.793764858E0
3.734823309E0,1.292868853E-1,-1.788468719E0,9.629479408E0,9.795009399E0
3.736824754E0,1.340752989E-1,-1.774103403E0,9.627084732E0,9.790106205E0
3.738826317E0,1.484405100E-1,-1.778891921E0,9.619902611E0,9.784120670E0
3.740827254E0,1.460463107E-1,-1.783680320E0,9.624691010E0,9.789664041E0
3.742828778E0,1.340752989E-1,-1.783680320E0,9.631873131E0,9.796554072E0
3.744831004E0,1.292868853E-1,-1.781286120E0,9.634267807E0,9.798408622E0
3.746832567E0,1.412578970E-1,-1.769315004E0,9.646238327E0,9.808177366E0
3.748835575E0,1.364694983E-1,-1.771709204E0,9.648633003E0,9.810896812E0
3.750837567E0,1.388636976E-1,-1.776497602E0,9.639056206E0,9.802378864E0
3.752839325E0,1.412578970E-1,-1.766920805E0,9.631873131E0,9.793617459E0
3.754841473E0,1.484405100E-1,-1.766920805E0,9.629479408E0,9.791369536E0
3.756843114E0,1.508347094E-1,-1.769315004E0,9.622296333E0,9.784774572E0
3.758844090E0,1.532289088E-1,-1.769315004E0,9.617507935E0,9.780102942E0
3.760846082E0,1.436520964E-1,-1.762132406E0,9.622296333E0,9.783370241E0
3.762848582E0,1.532289088E-1,-1.762132406E0,9.612719536E0,9.774096715E0
3.764850457E0,1.628057212E-1,-1.764526606E0,9.624691010E0,9.786456809E0
3.766853504E0,1.604115069E-1,-1.762132406E0,9.619902611E0,9.781276436E0
3.768856512E0,1.651999205E-1,-1.762132406E0,9.624691010E0,9.786065535E0
3.770858543E0,1.604115069E-1,-1.776497602E0,9.615114212E0,9.779166472E0
3.772861746E0,1.556231081E-1,-1.771709204E0,9.610325813E0,9.773511871E0
3.774863778E0,1.580173075E-1,-1.774103403E0,9.617507935E0,9.781046530E0
3.776867489E0,1.604115069E-1,-1.764526606E0,9.617507935E0,9.779352988E0
3.778869950E0,1.580173075E-1,-1.762132406E0,9.619902611E0,9.781237464E0
3.780872215E0,1.532289088E-1,-1.762132406E0,9.629479408E0,9.790580340E0
3.782874442E0,1.556231081E-1,-1.764526606E0,9.615114212E0,9.776921499E0
3.784875770E0,1.556231081E-1,-1.764526606E0,9.627084732E0,9.788694148E0
3.786877254E0,1.580173075E-1,-1.766920805E0,9.639056206E0,9.800937870E0
3.788879559E0,1.532289088E-1,-1.769315004E0,9.639056206E0,9.801293752E0
3.790881200E0,1.628057212E-1,-1.766920805E0,9.624691010E0,9.786888773E0
3.792882762E0,1.675941199E-1,-1.769315004E0,9.619902611E0,9.782693372E0
3.794885340E0,1.675941199E-1,-1.778891921E0,9.624691010E0,9.789137923E0
3.796887684E0,1.723825186E-1,-1.778891921E0,9.639056206E0,9.803345181E0
3.798889403E0,1.699883193E-1,-1.774103403E0,9.636661530E0,9.800080834E0
3.800891512E0,1.747767180E-1,-1.776497602E0,9.634267807E0,9.798245088E0
3.802893582E0,1.795651317E-1,-1.776497602E0,9.631873131E0,9.795977102E0
3.804896160E0,1.819593310E-1,-1.778891921E0,9.631873131E0,9.796455771E0
3.806898543E0,1.915361285E-1,-1.776497602E0,9.619902611E0,9.784434376E0
3.808902059E0,1.819593310E-1,-1.776497602E0,9.619902611E0,9.784251590E0
3.810904832E0,1.819593310E-1,-1.771709204E0,9.639056206E0,9.802217465E0
3.812907254E0,1.723825186E-1,-1.762132406E0,9.629479408E0,9.790898836E0
3.814909598E0,1.747767180E-1,-1.762132406E0,9.624691010E0,9.786231887E0
3.816911707E0,1.699883193E-1,-1.764526606E0,9.631873131E0,9.793642335E0
3.818913114E0,1.795651317E-1,-1.759738207E0,9.627084732E0,9.788242060E0
3.820915809E0,1.843535304E-1,-1.762132406E0,9.627084732E0,9.788761785E0
3.822918153E0,1.843535304E-1,-1.766920805E0,9.622296333E0,9.784916049E0
3.824920575E0,1.795651317E-1,-1.762132406E0,9.634267807E0,9.795737360E0
3.826922723E0,1.747767180E-1,-1.759738207E0,9.619902611E0,9.781091539E0
3.828924051E0,1.795651317E-1,-1.757344007E0,9.629479408E0,9.790167275E0
3.830925067E0,1.771709323E-1,-1.754949808E0,9.631873131E0,9.792048732E0
3.832926512E0,1.795651317E-1,-1.754949808E0,9.641449928E0,9.801512597E0
3.834928309E0,1.843535304E-1,-1.752555609E0,9.646238327E0,9.805883502E0
3.836929325E0,1.771709323E-1,-1.762132406E0,9.639056206E0,9.800403292E0
3.838931317E0,1.819593310E-1,-1.776497602E0,9.627084732E0,9.791313159E0
3.840933621E0,1.771709323E-1,-1.778891921E0,9.624691010E0,9.789306566E0
3.842935301E0,1.771709323E-1,-1.778891921E0,9.629479408E0,9.794014482E0
3.844937723E0,1.747767180E-1,-1.786074519E0,9.629479408E0,9.795278595E0
3.846939676E0,1.651999205E-1,-1.774103403E0,9.631873131E0,9.795290394E0
3.848941278E0,1.699883193E-1,-1.783680320E0,9.624691010E0,9.790050487E0
3.850942957E0,1.795651317E-1,-1.786074519E0,9.627084732E0,9.793011093E0
3.852944871E0,1.747767180E-1,-1.788468719E0,9.631873131E0,9.798068548E0
3.854947723E0,1.723825186E-1,-1.786074519E0,9.629479408E0,9.795236168E0
3.856949793E0,1.795651317E-1,-1.778891921E0,9.631873131E0,9.796411594E0
3.858952801E0,1.771709323E-1,-1.788468719E0,9.627084732E0,9.793404430E0
3.860954793E0,1.771709323E-1,-1.786074519E0,9.629479408E0,9.795321608E0
3.862957059E0,1.795651317E-1,-1.776497602E0,9.622296333E0,9.786560892E0
3.864958700E0,1.747767180E-1,-1.776497602E0,9.636661530E0,9.800598761E0
3.866960965E0,1.795651317E-1,-1.769315004E0,9.629479408E0,9.792323161E0
3.868963700E0,1.771709323E-1,-1.769315004E0,9.634267807E0,9.796988379E0
3.870966004E0,1.723825186E-1,-1.769315004E0,9.641449928E0,9.803965934E0
3.872967957E0,1.699883193E-1,-1.769315004E0,9.624691010E0,9.787443417E0
3.874969090E0,1.699883193E-1,-1.774103403E0,9.624691010E0,9.788310168E0
3.876971043E0,1.723825186E-1,-1.769315004E0,9.634267807E0,9.796902954E0
3.878974364E0,1.651999205E-1,-1.774103403E0,9.636661530E0,9.799998946E0
3.880976200E0,1.651999205E-1,-1.771709204E0,9.643844604E0,9.806629557E0
3.882978270E0,1.675941199E-1,-1.766920805E0,9.627084732E0,9.789323642E0
3.884980496E0,1.699883193E-1,-1.759738207E0,9.622296333E0,9.783361453E0
3.886982528E0,1.675941199E-1,-1.757344007E0,9.631873131E0,9.792309521E0
3.888984168E0,1.699883193E-1,-1.762132406E0,9.622296333E0,9.783792382E0
3.890985692E0,1.699883193E-1,-1.766920805E0,9.612719536E0,9.775238209E0
3.892986942E0,1.675941199E-1,-1.764526606E0,9.619902611E0,9.781828468E0
3.894987840E0,1.699883193E-1,-1.764526606E0,9.617507935E0,9.779514765E0
3.896988778E0,1.699883193E-1,-1.771709204E0,9.619902611E0,9.783167982E0
3.898990067E0,1.651999205E-1,-1.769315004E0,9.622296333E0,9.785006557E0
3.900990965E0,1.699883193E-1,-1.769315004E0,9.622296333E0,9.785088571E0
3.902991082E0,1.628057212E-1,-1.762132406E0,9.619902611E0,9.781315993E0
3.904990301E0,1.628057212E-1,-1.759738207E0,9.627084732E0,9.787948953E0
3.906990223E0,1.556231081E-1,-1.759738207E0,9.631873131E0,9.792541913E0
3.908990379E0,1.484405100E-1,-1.759738207E0,9.627084732E0,9.787720551E0
3.910990184E0,1.532289088E-1,-1.764526606E0,9.627084732E0,9.788656378E0
3.912990535E0,1.532289088E-1,-1.769315004E0,9.634267807E0,9.796584653E0
3.914990575E0,1.484405100E-1,-1.781286120E0,9.634267807E0,9.798680064E0
3.916991317E0,1.460463107E-1,-1.778891921E0,9.631873131E0,9.795854531E0
3.918992528E0,1.556231081E-1,-1.778891921E0,9.631873131E0,9.796001992E0
3.920992567E0,1.460463107E-1,-1.790862918E0,9.636661530E0,9.802742726E0
3.922992137E0,1.388636976E-1,-1.790862918E0,9.631873131E0,9.797931063E0
3.924991590E0,1.388636976E-1,-1.781286120E0,9.631873131E0,9.796185144E0
3.926992059E0,1.388636976E-1,-1.776497602E0,9.622296333E0,9.785898711E0
3.928992645E0,1.364694983E-1,-1.786074519E0,9.639056206E0,9.804085406E0
3.930993231E0,1.388636976E-1,-1.776497602E0,9.651026726E0,9.814150178E0
3.932993465E0,1.460463107E-1,-1.778891921E0,9.643844604E0,9.807625847E0
3.934993309E0,1.460463107E-1,-1.788468719E0,9.636661530E0,9.802305612E0
3.936993270E0,1.436520964E-1,-1.786074519E0,9.641449928E0,9.806541431E0
3.938993660E0,1.436520964E-1,-1.783680320E0,9.636661530E0,9.801397698E0
3.940994950E0,1.412578970E-1,-1.783680320E0,9.624691010E0,9.789593776E0
3.942996317E0,1.388636976E-1,-1.781286120E0,9.631873131E0,9.796185144E0
3.944997293E0,1.436520964E-1,-1.781286120E0,9.634267807E0,9.798608694E0
3.946997020E0,1.436520964E-1,-1.776497602E0,9.627084732E0,9.790676182E0
3.948996981E0,1.484405100E-1,-1.781286120E0,9.629479408E0,9.793972049E0
3.950997410E0,1.388636976E-1,-1.776497602E0,9.615114212E0,9.778836749E0
3.952997567E0,1.292868853E-1,-1.766920805E0,9.617507935E0,9.779324266E0
3.954997645E0,1.388636976E-1,-1.771709204E0,9.627084732E0,9.789739377E0
3.956998700E0,1.484405100E-1,-1.764526606E0,9.636661530E0,9.798001539E0
3.958998973E0,1.484405100E-1,-1.766920805E0,9.624691010E0,9.786660347E0
3.960999481E0,1.436520964E-1,-1.764526606E0,9.619902611E0,9.781447557E0
3.962999364E0,1.436520964E-1,-1.769315004E0,9.619902611E0,9.782312495E0
3.965000106E0,1.436520964E-1,-1.781286120E0,9.624691010E0,9.789192673E0
3.967001395E0,1.412578970E-1,-1.769315004E0,9.631873131E0,9.794049693E0
3.969002567E0,1.340752989E-1,-1.774103403E0,9.627084732E0,9.790106205E0
3.971003621E0,1.412578970E-1,-1.764526606E0,9.629479408E0,9.790831508E0
3.973003934E0,1.460463107E-1,-1.762132406E0,9.631873131E0,9.792824932E0
3.975004442E0,1.412578970E-1,-1.766920805E0,9.636661530E0,9.798326814E0
3.977004871E0,1.412578970E-1,-1.778891921E0,9.636661530E0,9.800492625E0
3.979004598E0,1.460463107E-1,-1.776497602E0,9.648633003E0,9.811900534E0
3.981004832E0,1.508347094E-1,-1.776497602E0,9.643844604E0,9.807264328E0
3.983005028E0,1.412578970E-1,-1.774103403E0,9.639056206E0,9.801979454E0
3.985005106E0,1.388636976E-1,-1.769315004E0,9.634267807E0,9.796370496E0
3.987005496E0,1.412578970E-1,-1.771709204E0,9.646238327E0,9.808609543E0
3.989006707E0,1.436520964E-1,-1.771709204E0,9.648633003E0,9.810999351E0
3.991006903E0,1.364694983E-1,-1.762132406E0,9.643844604E0,9.804461908E0
3.993007489E0,1.340752989E-1,-1.766920805E0,9.643844604E0,9.805290616E0
3.995008348E0,1.388636976E-1,-1.766920805E0,9.653421402E0,9.814776463E0
3.997008973E0,1.364694983E-1,-1.766920805E0,9.662998199E0,9.824162420E0
3.999009793E0,1.292868853E-1,-1.764526606E0,9.660603523E0,9.821279432E0
4.001010379E0,1.364694983E-1,-1.774103403E0,9.648633003E0,9.811329453E0
4.003010809E0,1.292868853E-1,-1.778891921E0,9.653421402E0,9.816807848E0
4.005011121E0,1.316810995E-1,-1.774103403E0,9.662998199E0,9.825391443E0
4.007012254E0,1.364694983E-1,-1.774103403E0,9.655815125E0,9.818392563E0
4.009012879E0,1.292868853E-1,-1.781286120E0,9.648633003E0,9.812533525E0
4.011013660E0,1.268926859E-1,-1.776497602E0,9.655815125E0,9.818697022E0
4.013014364E0,1.292868853E-1,-1.776497602E0,9.651026726E0,9.814019344E0
4.015015496E0,1.364694983E-1,-1.790862918E0,9.665391922E0,9.830850163E0
4.017016512E0,1.292868853E-1,-1.781286120E0,9.646238327E0,9.810178857E0
4.019018582E0,1.364694983E-1,-1.769315004E0,9.646238327E0,9.808109572E0
4.021020809E0,1.316810995E-1,-1.781286120E0,9.643844604E0,9.807856999E0
4.023022645E0,1.364694983E-1,-1.778891921E0,9.641449928E0,9.805133202E0
4.025023270E0,1.388636976E-1,-1.781286120E0,9.629479408E0,9.793831581E0
4.027024676E0,1.388636976E-1,-1.776497602E0,9.629479408E0,9.792961786E0
4.029025653E0,1.364694983E-1,-1.764526606E0,9.627084732E0,9.788408374E0
4.031026903E0,1.340752989E-1,-1.766920805E0,9.615114212E0,9.777034654E0
4.033028348E0,1.412578970E-1,-1.766920805E0,9.622296333E0,9.784198978E0
4.035028543E0,1.484405100E-1,-1.764526606E0,9.636661530E0,9.798001539E0
4.037028973E0,1.460463107E-1,-1.757344007E0,9.631873131E0,9.791964435E0
4.039029090E0,1.340752989E-1,-1.757344007E0,9.619902611E0,9.780018425E0
4.041029051E0,1.364694983E-1,-1.764526606E0,9.627084732E0,9.788408374E0
4.043028895E0,1.340752989E-1,-1.762132406E0,9.624691010E0,9.785589601E0
4.045029559E0,1.364694983E-1,-1.754949808E0,9.612719536E0,9.772555941E0
4.047030496E0,1.436520964E-1,-1.752555609E0,9.610325813E0,9.769874581E0
4.049032059E0,1.340752989E-1,-1.740584612E0,9.615114212E0,9.772309465E0
4.051033973E0,1.292868853E-1,-1.735796213E0,9.615114212E0,9.771393191E0
4.053035418E0,1.268926859E-1,-1.738190413E0,9.622296333E0,9.778854452E0
4.055036200E0,1.292868853E-1,-1.742978811E0,9.612719536E0,9.770315610E0
4.057036942E0,1.292868853E-1,-1.750161409E0,9.610325813E0,9.769244715E0
4.059038504E0,1.292868853E-1,-1.745373011E0,9.612719536E0,9.770743008E0
4.061039325E0,1.244984865E-1,-1.738190413E0,9.605537415E0,9.762333471E0
4.063041121E0,1.173158810E-1,-1.752555609E0,9.610325813E0,9.769522835E0
4.065042293E0,1.221042871E-1,-1.757344007E0,9.619902611E0,9.779861638E0
4.067043700E0,1.292868853E-1,-1.752555609E0,9.619902611E0,9.779094667E0
4.069044793E0,1.197100878E-1,-1.747767210E0,9.622296333E0,9.780470717E0
4.071045028E0,1.077390760E-1,-1.754949808E0,9.629479408E0,9.788683783E0
4.073044598E0,1.197100878E-1,-1.752555609E0,9.624691010E0,9.783683289E0
4.075045223E0,1.173158810E-1,-1.754949808E0,9.624691010E0,9.784083446E0
4.077045614E0,1.125274822E-1,-1.759738207E0,9.622296333E0,9.782531764E0
4.079047332E0,1.149216816E-1,-1.766920805E0,9.636661530E0,9.797982525E0
4.081047645E0,1.197100878E-1,-1.759738207E0,9.634267807E0,9.794392541E0
4.083047528E0,1.244984865E-1,-1.764526606E0,9.646238327E0,9.807087635E0
4.085048348E0,1.197100878E-1,-1.778891921E0,9.641449928E0,9.804914262E0
4.087050223E0,1.221042871E-1,-1.771709204E0,9.651026726E0,9.813061695E0
4.089051746E0,1.316810995E-1,-1.778891921E0,9.641449928E0,9.805067725E0
4.091053192E0,1.268926859E-1,-1.781286120E0,9.634267807E0,9.798377323E0
4.093053895E0,1.316810995E-1,-1.788468719E0,9.653421402E0,9.818579583E0
4.095055301E0,1.197100878E-1,-1.783680320E0,9.643844604E0,9.808138699E0
4.097056395E0,1.173158810E-1,-1.781286120E0,9.641449928E0,9.805319983E0
4.099058114E0,1.268926859E-1,-1.774103403E0,9.651026726E0,9.813554988E0
4.101059442E0,1.268926859E-1,-1.762132406E0,9.655815125E0,9.816108093E0
4.103061629E0,1.244984865E-1,-1.769315004E0,9.653421402E0,9.815015039E0
4.105063153E0,1.268926859E-1,-1.771709204E0,9.648633003E0,9.810768272E0
4.107064637E0,1.292868853E-1,-1.769315004E0,9.639056206E0,9.800948690E0
4.109066903E0,1.412578970E-1,-1.774103403E0,9.653421402E0,9.816106226E0
4.111068660E0,1.364694983E-1,-1.783680320E0,9.658209801E0,9.822482169E0
4.113071239E0,1.388636976E-1,-1.783680320E0,9.646238327E0,9.810744746E0
4.115072840E0,1.388636976E-1,-1.781286120E0,9.667786598E0,9.831498415E0
4.117074129E0,1.364694983E-1,-1.788468719E0,9.674968719E0,9.839830487E0
4.119075067E0,1.340752989E-1,-1.783680320E0,9.651026726E0,9.815386316E0
4.121076317E0,1.436520964E-1,-1.781286120E0,9.634267807E0,9.798608694E0
4.123077371E0,1.412578970E-1,-1.788468719E0,9.634267807E0,9.799882159E0
4.125079012E0,1.460463107E-1,-1.790862918E0,9.636661530E0,9.802742726E0
4.127080887E0,1.532289088E-1,-1.790862918E0,9.624691010E0,9.791085033E0
4.129082332E0,1.484405100E-1,-1.793257117E0,9.639056206E0,9.805570366E0
4.131083426E0,1.412578970E-1,-1.798045516E0,9.627084732E0,9.794574106E0
4.133085106E0,1.388636976E-1,-1.798045516E0,9.641449928E0,9.808659823E0
4.135086903E0,1.436520964E-1,-1.790862918E0,9.636661530E0,9.802707348E0
4.137089051E0,1.484405100E-1,-1.798045516E0,9.634267807E0,9.801740582E0
4.139091004E0,1.436520964E-1,-1.798045516E0,9.634267807E0,9.801669234E0
4.141092840E0,1.436520964E-1,-1.802833915E0,9.641449928E0,9.809607677E0
4.143095418E0,1.436520964E-1,-1.802833915E0,9.636661530E0,9.804901401E0
4.145097489E0,1.460463107E-1,-1.814804912E0,9.617507935E0,9.788324947E0
4.147099754E0,1.484405100E-1,-1.814804912E0,9.622296333E0,9.793065821E0
4.149101239E0,1.532289088E-1,-1.795651317E0,9.619902611E0,9.787255437E0
4.151102918E0,1.556231081E-1,-1.788468719E0,9.631873131E0,9.797745604E0
4.153103778E0,1.532289088E-1,-1.802833915E0,9.634267807E0,9.802693783E0
4.155105457E0,1.532289088E-1,-1.810016513E0,9.631873131E0,9.801664087E0
4.157106434E0,1.580173075E-1,-1.812410712E0,9.634267807E0,9.804535595E0
4.159108309E0,1.532289088E-1,-1.812410712E0,9.624691010E0,9.795049194E0
4.161109481E0,1.508347094E-1,-1.812410712E0,9.636661530E0,9.806774655E0
4.163110965E0,1.484405100E-1,-1.814804912E0,9.619902611E0,9.790713850E0
4.165113426E0,1.508347094E-1,-1.807622313E0,9.627084732E0,9.796479468E0
4.167116317E0,1.556231081E-1,-1.800439715E0,9.634267807E0,9.802291462E0
4.169118700E0,1.484405100E-1,-1.812410712E0,9.634267807E0,9.804385924E0
4.171121004E0,1.484405100E-1,-1.814804912E0,9.631873131E0,9.802475782E0
4.173122645E0,1.532289088E-1,-1.814804912E0,9.634267807E0,9.804902455E0
4.175124012E0,1.604115069E-1,-1.814804912E0,9.624691010E0,9.795607472E0
4.177124403E0,1.580173075E-1,-1.805228114E0,9.631873131E0,9.800857004E0
4.179124950E0,1.556231081E-1,-1.800439715E0,9.622296333E0,9.790525443E0
4.181126160E0,1.580173075E-1,-1.802833915E0,9.629479408E0,9.798063751E0
4.183127918E0,1.508347094E-1,-1.802833915E0,9.631873131E0,9.800303120E0
4.185129715E0,1.436520964E-1,-1.805228114E0,9.636661530E0,9.805341907E0
4.187130028E0,1.412578970E-1,-1.810016513E0,9.636661530E0,9.806189831E0
4.189131004E0,1.460463107E-1,-1.810016513E0,9.631873131E0,9.801554433E0
4.191133153E0,1.436520964E-1,-1.802833915E0,9.634267807E0,9.802548762E0
4.193135301E0,1.508347094E-1,-1.810016513E0,9.627084732E0,9.796921523E0
4.195137645E0,1.532289088E-1,-1.798045516E0,9.617507935E0,9.785341366E0
4.197139481E0,1.604115069E-1,-1.800439715E0,9.624691010E0,9.792956247E0
4.199141864E0,1.604115069E-1,-1.795651317E0,9.636661530E0,9.803843172E0
4.201143270E0,1.604115069E-1,-1.793257117E0,9.634267807E0,9.801051939E0
4.203144325E0,1.532289088E-1,-1.790862918E0,9.636661530E0,9.802852367E0
4.205146200E0,1.580173075E-1,-1.793257117E0,9.615114212E0,9.782185945E0
4.207149481E0,1.580173075E-1,-1.790862918E0,9.619902611E0,9.786454195E0
4.209151785E0,1.651999205E-1,-1.786074519E0,9.627084732E0,9.792758224E0
4.211152957E0,1.628057212E-1,-1.781286120E0,9.631873131E0,9.796553779E0
4.213154520E0,1.556231081E-1,-1.790862918E0,9.627084732E0,9.793475838E0
4.215156746E0,1.436520964E-1,-1.786074519E0,9.624691010E0,9.790065124E0
4.217157957E0,1.556231081E-1,-1.776497602E0,9.631873131E0,9.795567482E0
4.219159481E0,1.580173075E-1,-1.771709204E0,9.634267807E0,9.797093403E0
4.221160653E0,1.532289088E-1,-1.778891921E0,9.634267807E0,9.798318822E0
4.223161239E0,1.604115069E-1,-1.781286120E0,9.631873131E0,9.796514283E0
4.225162020E0,1.604115069E-1,-1.771709204E0,9.629479408E0,9.792423552E0
4.227163114E0,1.556231081E-1,-1.776497602E0,9.624691010E0,9.788505469E0
4.229164168E0,1.556231081E-1,-1.774103403E0,9.627084732E0,9.790425010E0
4.231164910E0,1.556231081E-1,-1.769315004E0,9.627084732E0,9.789558446E0
4.233166082E0,1.604115069E-1,-1.771709204E0,9.639056206E0,9.801841148E0
4.235166004E0,1.604115069E-1,-1.766920805E0,9.631873131E0,9.793912446E0
4.237166278E0,1.628057212E-1,-1.764526606E0,9.639056206E0,9.800584900E0
4.239166668E0,1.699883193E-1,-1.759738207E0,9.629479408E0,9.790426357E0
4.241167020E0,1.675941199E-1,-1.764526606E0,9.631873131E0,9.793601071E0
4.243167840E0,1.675941199E-1,-1.757344007E0,9.631873131E0,9.792309521E0
4.245168895E0,1.628057212E-1,-1.764526606E0,9.624691010E0,9.786456809E0
4.247169793E0,1.651999205E-1,-1.762132406E0,9.619902611E0,9.781356137E0
4.249170535E0,1.747767180E-1,-1.759738207E0,9.627084732E0,9.788155388E0
4.251171434E0,1.747767180E-1,-1.757344007E0,9.629479408E0,9.790080619E0
4.253171200E0,1.771709323E-1,-1.754949808E0,9.629479408E0,9.789694175E0
4.255171629E0,1.699883193E-1,-1.757344007E0,9.639056206E0,9.799416234E0
4.257172020E0,1.675941199E-1,-1.759738207E0,9.641449928E0,9.802159102E0
4.259172762E0,1.699883193E-1,-1.750161409E0,9.646238327E0,9.805196319E0
4.261173426E0,1.699883193E-1,-1.769315004E0,9.636661530E0,9.799215124E0
4.263173231E0,1.628057212E-1,-1.759738207E0,9.636661530E0,9.797368509E0
4.265174364E0,1.580173075E-1,-1.759738207E0,9.627084732E0,9.787870476E0
4.267175106E0,1.556231081E-1,-1.759738207E0,9.624691010E0,9.785477716E0
4.269175340E0,1.604115069E-1,-1.762132406E0,9.648633003E0,9.809534204E0
4.271176121E0,1.628057212E-1,-1.764526606E0,9.646238327E0,9.807648735E0
4.273177567E0,1.604115069E-1,-1.762132406E0,9.646238327E0,9.807178816E0
4.275178817E0,1.628057212E-1,-1.764526606E0,9.646238327E0,9.807648735E0
4.277179754E0,1.628057212E-1,-1.750161409E0,9.653421402E0,9.812141225E0
4.279181043E0,1.651999205E-1,-1.759738207E0,9.641449928E0,9.802118459E0
4.281181278E0,1.628057212E-1,-1.764526606E0,9.636661530E0,9.798229701E0
4.283181590E0,1.508347094E-1,-1.764526606E0,9.631873131E0,9.793328610E0
4.285182528E0,1.604115069E-1,-1.759738207E0,9.629479408E0,9.790264761E0
4.287182918E0,1.628057212E-1,-1.757344007E0,9.634267807E0,9.794584210E0
4.289183075E0,1.651999205E-1,-1.759738207E0,9.634267807E0,9.795054147E0
4.291183114E0,1.628057212E-1,-1.750161409E0,9.636661530E0,9.795652918E0
4.293183621E0,1.508347094E-1,-1.745373011E0,9.631873131E0,9.789895713E0
4.295184559E0,1.580173075E-1,-1.747767210E0,9.634267807E0,9.792792036E0
4.297184403E0,1.580173075E-1,-1.745373011E0,9.634267807E0,9.792365015E0
4.299184012E0,1.628057212E-1,-1.742978811E0,9.627084732E0,9.784949733E0
4.301184207E0,1.580173075E-1,-1.742978811E0,9.624691010E0,9.782516120E0
4.303185184E0,1.604115069E-1,-1.750161409E0,9.615114212E0,9.774416511E0
4.305185653E0,1.532289088E-1,-1.750161409E0,9.615114212E0,9.774301273E0
4.307186512E0,1.651999205E-1,-1.742978811E0,9.612719536E0,9.770856821E0
4.309186473E0,1.580173075E-1,-1.750161409E0,9.622296333E0,9.781442693E0
4.311186512E0,1.556231081E-1,-1.742978811E0,9.631873131E0,9.789544101E0
4.313187371E0,1.556231081E-1,-1.742978811E0,9.624691010E0,9.782477739E0
4.315188192E0,1.556231081E-1,-1.754949808E0,9.617507935E0,9.777552161E0
4.317189246E0,1.580173075E-1,-1.769315004E0,9.605537415E0,9.768407960E0
4.319189832E0,1.508347094E-1,-1.771709204E0,9.598354340E0,9.761665362E0
4.321190301E0,1.532289088E-1,-1.776497602E0,9.603142738E0,9.767280752E0
4.323190770E0,1.460463107E-1,-1.771709204E0,9.619902611E0,9.782781264E0
4.325191160E0,1.436520964E-1,-1.764526606E0,9.615114212E0,9.776738279E0
4.327192293E0,1.436520964E-1,-1.764526606E0,9.624691010E0,9.786156911E0
4.329193621E0,1.412578970E-1,-1.766920805E0,9.629479408E0,9.791263279E0
4.331195106E0,1.412578970E-1,-1.774103403E0,9.627084732E0,9.790207205E0
4.333196434E0,1.316810995E-1,-1.788468719E0,9.629479408E0,9.795041294E0
4.335198426E0,1.244984865E-1,-1.786074519E0,9.624691010E0,9.789802812E0
4.337199598E0,1.292868853E-1,-1.788468719E0,9.631873131E0,9.797362679E0
4.339200496E0,1.340752989E-1,-1.774103403E0,9.629479408E0,9.792461016E0
4.341201239E0,1.292868853E-1,-1.776497602E0,9.641449928E0,9.804601754E0
4.343202645E0,1.268926859E-1,-1.781286120E0,9.651026726E0,9.814856028E0
4.345203309E0,1.316810995E-1,-1.781286120E0,9.646238327E0,9.810210702E0
4.347204598E0,1.436520964E-1,-1.778891921E0,9.646238327E0,9.809944253E0
4.349206004E0,1.364694983E-1,-1.776497602E0,9.631873131E0,9.795281908E0
4.351207528E0,1.388636976E-1,-1.766920805E0,9.627084732E0,9.788873924E0
4.353208114E0,1.388636976E-1,-1.771709204E0,9.624691010E0,9.787385435E0
4.355208504E0,1.460463107E-1,-1.771709204E0,9.634267807E0,9.796907635E0
4.357209481E0,1.412578970E-1,-1.771709204E0,9.629479408E0,9.792128521E0
4.359210457E0,1.412578970E-1,-1.762132406E0,9.636661530E0,9.797464460E0
4.361212059E0,1.436520964E-1,-1.762132406E0,9.643844604E0,9.804564513E0
4.363212879E0,1.484405100E-1,-1.781286120E0,9.629479408E0,9.793972049E0
4.365213778E0,1.532289088E-1,-1.786074519E0,9.622296333E0,9.787856150E0
4.367215692E0,1.532289088E-1,-1.776497602E0,9.639056206E0,9.802592890E0
4.369216707E0,1.556231081E-1,-1.774103403E0,9.639056206E0,9.802196997E0
4.371216551E0,1.556231081E-1,-1.778891921E0,9.627084732E0,9.791293860E0
4.373217957E0,1.556231081E-1,-1.776497602E0,9.624691010E0,9.788505469E0
4.375219364E0,1.580173075E-1,-1.769315004E0,9.631873131E0,9.794305747E0
4.377221121E0,1.556231081E-1,-1.766920805E0,9.627084732E0,9.789126014E0
4.379222879E0,1.628057212E-1,-1.769315004E0,9.631873131E0,9.794384171E0
4.381223973E0,1.628057212E-1,-1.766920805E0,9.631873131E0,9.793951952E0
4.383225535E0,1.556231081E-1,-1.759738207E0,9.634267807E0,9.794897309E0
4.385227567E0,1.556231081E-1,-1.759738207E0,9.631873131E0,9.792541913E0
4.387229442E0,1.580173075E-1,-1.757344007E0,9.629479408E0,9.789795764E0
4.389230614E0,1.628057212E-1,-1.759738207E0,9.636661530E0,9.797368509E0
4.391231473E0,1.675941199E-1,-1.759738207E0,9.636661530E0,9.797449249E0
4.393232762E0,1.651999205E-1,-1.757344007E0,9.634267807E0,9.794624299E0
4.395234285E0,1.651999205E-1,-1.757344007E0,9.629479408E0,9.789914333E0
4.397236825E0,1.747767180E-1,-1.754949808E0,9.627084732E0,9.787295651E0
4.399238973E0,1.651999205E-1,-1.771709204E0,9.629479408E0,9.792503163E0
4.401240614E0,1.651999205E-1,-1.774103403E0,9.634267807E0,9.797645129E0
4.403242098E0,1.556231081E-1,-1.783680320E0,9.624691010E0,9.789811595E0
4.405243817E0,1.580173075E-1,-1.790862918E0,9.634267807E0,9.800575271E0
4.407245106E0,1.508347094E-1,-1.783680320E0,9.622296333E0,9.787382353E0
4.409246942E0,1.508347094E-1,-1.788468719E0,9.627084732E0,9.792963387E0
4.411248035E0,1.460463107E-1,-1.790862918E0,9.629479408E0,9.795682375E0
4.413250262E0,1.460463107E-1,-1.790862918E0,9.627084732E0,9.793328339E0
4.415252879E0,1.556231081E-1,-1.781286120E0,9.634267807E0,9.798791506E0
4.417255575E0,1.460463107E-1,-1.788468719E0,9.634267807E0,9.799952350E0
4.419257450E0,1.436520964E-1,-1.795651317E0,9.629479408E0,9.796523529E0
4.421258817E0,1.412578970E-1,-1.798045516E0,9.627084732E0,9.794574106E0
4.423260340E0,1.484405100E-1,-1.795651317E0,9.631873131E0,9.798947813E0
4.425261707E0,1.460463107E-1,-1.793257117E0,9.636661530E0,9.803180405E0
4.427263543E0,1.460463107E-1,-1.786074519E0,9.624691010E0,9.790100548E0
4.429265145E0,1.388636976E-1,-1.781286120E0,9.629479408E0,9.793831581E0
4.431266395E0,1.460463107E-1,-1.781286120E0,9.629479408E0,9.793936055E0
4.433266473E0,1.460463107E-1,-1.786074519E0,9.634267807E0,9.799515697E0
4.435266903E0,1.484405100E-1,-1.786074519E0,9.639056206E0,9.804259345E0
4.437267801E0,1.436520964E-1,-1.783680320E0,9.634267807E0,9.799044218E0
4.439269442E0,1.460463107E-1,-1.783680320E0,9.636661530E0,9.801433081E0
4.441270028E0,1.460463107E-1,-1.786074519E0,9.627084732E0,9.792453837E0
4.443271121E0,1.532289088E-1,-1.783680320E0,9.629479408E0,9.794481521E0
4.445270965E0,1.532289088E-1,-1.788468719E0,9.636661530E0,9.802415258E0
4.447271160E0,1.556231081E-1,-1.776497602E0,9.629479408E0,9.793213771E0
4.449271707E0,1.604115069E-1,-1.781286120E0,9.629479408E0,9.794160800E0
4.451272645E0,1.484405100E-1,-1.783680320E0,9.619902611E0,9.784992402E0
4.453272410E0,1.484405100E-1,-1.776497602E0,9.639056206E0,9.802519210E0
4.455272567E0,1.532289088E-1,-1.769315004E0,9.636661530E0,9.798938724E0
4.457272957E0,1.580173075E-1,-1.766920805E0,9.627084732E0,9.789164369E0
4.459273465E0,1.412578970E-1,-1.769315004E0,9.627084732E0,9.789340622E0
4.461274520E0,1.508347094E-1,-1.769315004E0,9.624691010E0,9.787129494E0
4.463274637E0,1.460463107E-1,-1.778891921E0,9.629479408E0,9.793500889E0
4.465275496E0,1.484405100E-1,-1.776497602E0,9.634267807E0,9.797810699E0
4.467275731E0,1.508347094E-1,-1.774103403E0,9.617507935E0,9.780933129E0
4.469277059E0,1.436520964E-1,-1.771709204E0,9.615114212E0,9.778037162E0
4.471277957E0,1.508347094E-1,-1.771709204E0,9.648633003E0,9.811107147E0
4.473278739E0,1.532289088E-1,-1.764526606E0,9.653421402E0,9.814559491E0
4.475280223E0,1.556231081E-1,-1.766920805E0,9.648633003E0,9.810318370E0
4.477281317E0,1.484405100E-1,-1.759738207E0,9.636661530E0,9.797140326E0
4.479282957E0,1.460463107E-1,-1.766920805E0,9.629479408E0,9.791333532E0
4.481284168E0,1.532289088E-1,-1.766920805E0,9.629479408E0,9.791443300E0
4.483284950E0,1.556231081E-1,-1.764526606E0,9.634267807E0,9.795758718E0
4.485286121E0,1.508347094E-1,-1.774103403E0,9.641449928E0,9.804476055E0
4.487285965E0,1.580173075E-1,-1.771709204E0,9.627084732E0,9.790029796E0
4.489286746E0,1.651999205E-1,-1.762132406E0,9.631873131E0,9.793129308E0
4.491286082E0,1.651999205E-1,-1.757344007E0,9.631873131E0,9.792268837E0
4.493286043E0,1.604115069E-1,-1.766920805E0,9.643844604E0,9.805686092E0
4.495285770E0,1.628057212E-1,-1.766920805E0,9.643844604E0,9.805725551E0
4.497285653E0,1.604115069E-1,-1.778891921E0,9.651026726E0,9.814912388E0
4.499285067E0,1.556231081E-1,-1.774103403E0,9.636661530E0,9.799842186E0
4.501285067E0,1.651999205E-1,-1.769315004E0,9.646238327E0,9.808551395E0
4.503284676E0,1.699883193E-1,-1.776497602E0,9.651026726E0,9.814639913E0
4.505284989E0,1.675941199E-1,-1.769315004E0,9.648633003E0,9.810947060E0
4.507285184E0,1.604115069E-1,-1.766920805E0,9.629479408E0,9.791558336E0
4.509286004E0,1.556231081E-1,-1.764526606E0,9.627084732E0,9.788694148E0
4.511287098E0,1.580173075E-1,-1.769315004E0,9.636661530E0,9.799014771E0
4.513288231E0,1.580173075E-1,-1.764526606E0,9.634267807E0,9.795797047E0
4.515289832E0,1.628057212E-1,-1.762132406E0,9.631873131E0,9.793089213E0
4.517291200E0,1.556231081E-1,-1.771709204E0,9.641449928E0,9.804117950E0
4.519293075E0,1.604115069E-1,-1.774103403E0,9.641449928E0,9.804628063E0
4.521295184E0,1.556231081E-1,-1.764526606E0,9.629479408E0,9.791049299E0
4.523297528E0,1.508347094E-1,-1.764526606E0,9.627084732E0,9.788619192E0
4.525299168E0,1.580173075E-1,-1.764526606E0,9.619902611E0,9.781669073E0
4.527300965E0,1.628057212E-1,-1.764526606E0,9.622296333E0,9.784101725E0
4.529303895E0,1.628057212E-1,-1.762132406E0,9.619902611E0,9.781315993E0
4.531306668E0,1.699883193E-1,-1.757344007E0,9.624691010E0,9.785286456E0
4.533308934E0,1.651999205E-1,-1.757344007E0,9.610325813E0,9.771075233E0
4.535310809E0,1.604115069E-1,-1.759738207E0,9.615114212E0,9.776135828E0
4.537313660E0,1.556231081E-1,-1.754949808E0,9.615114212E0,9.775197629E0
4.539315340E0,1.580173075E-1,-1.762132406E0,9.607931137E0,9.769463692E0
4.541317606E0,1.604115069E-1,-1.764526606E0,9.631873131E0,9.793480791E0
4.543319715E0,1.699883193E-1,-1.762132406E0,9.624691010E0,9.786147540E0
4.545322254E0,1.675941199E-1,-1.764526606E0,9.629479408E0,9.791246887E0
4.547324910E0,1.675941199E-1,-1.759738207E0,9.624691010E0,9.785675417E0
4.549326239E0,1.675941199E-1,-1.759738207E0,9.622296333E0,9.783320146E0
4.551327567E0,1.675941199E-1,-1.762132406E0,9.627084732E0,9.788460494E0
4.553329950E0,1.580173075E-1,-1.766920805E0,9.624691010E0,9.786810289E0
4.555332723E0,1.699883193E-1,-1.766920805E0,9.624691010E0,9.787010891E0
4.557334520E0,1.723825186E-1,-1.776497602E0,9.636661530E0,9.800556357E0
4.559335965E0,1.628057212E-1,-1.776497602E0,9.643844604E0,9.807455745E0
4.561337567E0,1.699883193E-1,-1.774103403E0,9.636661530E0,9.800080834E0
4.563338895E0,1.699883193E-1,-1.788468719E0,9.639056206E0,9.805045687E0
4.565340418E0,1.675941199E-1,-1.786074519E0,9.634267807E0,9.799860517E0
4.567341981E0,1.651999205E-1,-1.781286120E0,9.629479408E0,9.794240396E0
4.569343348E0,1.699883193E-1,-1.781286120E0,9.624691010E0,9.789614563E0
4.571345496E0,1.556231081E-1,-1.776497602E0,9.629479408E0,9.793213771E0
4.573346903E0,1.628057212E-1,-1.786074519E0,9.627084732E0,9.792718128E0
4.575348426E0,1.675941199E-1,-1.783680320E0,9.634267807E0,9.799424445E0
4.577350653E0,1.747767180E-1,-1.781286120E0,9.641449928E0,9.806175802E0
4.579352918E0,1.723825186E-1,-1.776497602E0,9.639056206E0,9.802910996E0
4.581354715E0,1.628057212E-1,-1.778891921E0,9.646238327E0,9.810243424E0
4.583357489E0,1.651999205E-1,-1.774103403E0,9.648633003E0,9.811771131E0
4.585359442E0,1.651999205E-1,-1.764526606E0,9.639056206E0,9.800624964E0
4.587361668E0,1.699883193E-1,-1.762132406E0,9.631873131E0,9.793211253E0
4.589364012E0,1.795651317E-1,-1.769315004E0,9.631873131E0,9.794677087E0
4.591366239E0,1.795651317E-1,-1.769315004E0,9.627084732E0,9.789968318E0
4.593368192E0,1.795651317E-1,-1.769315004E0,9.634267807E0,9.797031969E0
4.595369403E0,1.723825186E-1,-1.759738207E0,9.634267807E0,9.795177919E0
4.597370731E0,1.771709323E-1,-1.747767210E0,9.629479408E0,9.788409137E0
4.599372723E0,1.771709323E-1,-1.750161409E0,9.636661530E0,9.795902201E0
4.601374364E0,1.747767180E-1,-1.745373011E0,9.639056206E0,9.797360787E0
4.603376278E0,1.699883193E-1,-1.745373011E0,9.639056206E0,9.797276535E0
4.605378309E0,1.723825186E-1,-1.757344007E0,9.641449928E0,9.801812609E0
4.607380418E0,1.699883193E-1,-1.764526606E0,9.636661530E0,9.798351678E0
4.609381864E0,1.747767180E-1,-1.764526606E0,9.636661530E0,9.798435920E0
4.611384090E0,1.699883193E-1,-1.754949808E0,9.643844604E0,9.803697446E0
4.613386239E0,1.651999205E-1,-1.759738207E0,9.634267807E0,9.795054147E0
4.615388035E0,1.651999205E-1,-1.757344007E0,9.634267807E0,9.794624299E0
4.617389637E0,1.771709323E-1,-1.762132406E0,9.629479408E0,9.790984314E0
4.619391043E0,1.628057212E-1,-1.759738207E0,9.634267807E0,9.795014060E0
4.621394364E0,1.580173075E-1,-1.766920805E0,9.651026726E0,9.812710913E0
4.623397528E0,1.604115069E-1,-1.762132406E0,9.624691010E0,9.785985873E0
4.625399559E0,1.508347094E-1,-1.757344007E0,9.627084732E0,9.787326985E0
4.627400926E0,1.556231081E-1,-1.764526606E0,9.622296333E0,9.783984844E0
4.629402762E0,1.580173075E-1,-1.771709204E0,9.619902611E0,9.782967301E0
4.631404598E0,1.580173075E-1,-1.769315004E0,9.619902611E0,9.782533992E0
4.633407762E0,1.580173075E-1,-1.771709204E0,9.624691010E0,9.787675924E0
4.635410653E0,1.484405100E-1,-1.786074519E0,9.624691010E0,9.790136557E0
4.637413309E0,1.508347094E-1,-1.776497602E0,9.636661530E0,9.800201032E0
4.639415262E0,1.556231081E-1,-1.783680320E0,9.636661530E0,9.801580458E0
4.641417450E0,1.508347094E-1,-1.783680320E0,9.634267807E0,9.799152145E0
4.643420575E0,1.604115069E-1,-1.788468719E0,9.643844604E0,9.809591784E0
4.645422957E0,1.508347094E-1,-1.786074519E0,9.641449928E0,9.806649276E0
4.647425067E0,1.508347094E-1,-1.790862918E0,9.636661530E0,9.802815235E0
4.649427723E0,1.484405100E-1,-1.790862918E0,9.636661530E0,9.802778688E0
4.651429129E0,1.436520964E-1,-1.786074519E0,9.646238327E0,9.811249257E0
4.653430770E0,1.460463107E-1,-1.790862918E0,9.631873131E0,9.798035493E0
4.655433895E0,1.412578970E-1,-1.786074519E0,9.631873131E0,9.797091200E0
4.657436590E0,1.484405100E-1,-1.788468719E0,9.646238327E0,9.811756662E0
4.659438856E0,1.436520964E-1,-1.781286120E0,9.634267807E0,9.798608694E0
4.661440223E0,1.484405100E-1,-1.781286120E0,9.624691010E0,9.789264112E0
4.663442723E0,1.484405100E-1,-1.776497602E0,9.624691010E0,9.788393910E0
4.665443739E0,1.436520964E-1,-1.774103403E0,9.631873131E0,9.794950680E0
4.667444793E0,1.460463107E-1,-1.771709204E0,9.629479408E0,9.792198767E0
4.669445340E0,1.484405100E-1,-1.771709204E0,9.619902611E0,9.782817300E0
4.671447254E0,1.532289088E-1,-1.771709204E0,9.629479408E0,9.792308526E0
4.673448700E0,1.556231081E-1,-1.771709204E0,9.634267807E0,9.797055080E0
4.675450848E0,1.604115069E-1,-1.778891921E0,9.622296333E0,9.786663121E0
4.677451825E0,1.532289088E-1,-1.781286120E0,9.622296333E0,9.786983502E0
4.679453387E0,1.460463107E-1,-1.778891921E0,9.617507935E0,9.781730157E0
4.681454442E0,1.508347094E-1,-1.774103403E0,9.617507935E0,9.780933129E0
4.683456356E0,1.580173075E-1,-1.771709204E0,9.619902611E0,9.782967301E0
4.685457645E0,1.508347094E-1,-1.762132406E0,9.631873131E0,9.792897515E0
4.687459051E0,1.532289088E-1,-1.764526606E0,9.631873131E0,9.793365777E0
4.689461121E0,1.580173075E-1,-1.764526606E0,9.631873131E0,9.793441868E0
4.691461981E0,1.484405100E-1,-1.759738207E0,9.629479408E0,9.790075935E0
4.693462371E0,1.436520964E-1,-1.771709204E0,9.629479408E0,9.792163351E0
4.695463309E0,1.508347094E-1,-1.769315004E0,9.629479408E0,9.791838457E0
4.697464129E0,1.604115069E-1,-1.764526606E0,9.639056206E0,9.800545420E0
4.699465496E0,1.484405100E-1,-1.778891921E0,9.627084732E0,9.791182334E0
4.701465770E0,1.556231081E-1,-1.776497602E0,9.631873131E0,9.795567482E0
4.703466473E0,1.532289088E-1,-1.774103403E0,9.627084732E0,9.790387246E0
4.705466239E0,1.532289088E-1,-1.771709204E0,9.629479408E0,9.792308526E0
4.707466668E0,1.532289088E-1,-1.771709204E0,9.646238327E0,9.808789246E0
4.709466942E0,1.580173075E-1,-1.771709204E0,9.641449928E0,9.804156246E0
4.711467918E0,1.556231081E-1,-1.769315004E0,9.643844604E0,9.806040633E0
4.713468348E0,1.532289088E-1,-1.778891921E0,9.643844604E0,9.807735433E0
4.715469637E0,1.484405100E-1,-1.771709204E0,9.648633003E0,9.811070631E0
4.717470770E0,1.460463107E-1,-1.778891921E0,9.641449928E0,9.805271170E0
4.719472371E0,1.436520964E-1,-1.786074519E0,9.643844604E0,9.808895803E0
4.721474051E0,1.508347094E-1,-1.776497602E0,9.653421402E0,9.816681700E0
4.723475145E0,1.556231081E-1,-1.776497602E0,9.651026726E0,9.814401619E0
4.725476395E0,1.532289088E-1,-1.778891921E0,9.639056206E0,9.803027089E0
4.727476903E0,1.508347094E-1,-1.783680320E0,9.631873131E0,9.796797773E0
4.729477567E0,1.460463107E-1,-1.783680320E0,9.627084732E0,9.792017435E0
4.731478192E0,1.460463107E-1,-1.774103403E0,9.634267807E0,9.797340894E0
4.733478192E0,1.508347094E-1,-1.766920805E0,9.639056206E0,9.800824699E0
4.735478582E0,1.436520964E-1,-1.769315004E0,9.634267807E0,9.796439541E0
4.737480067E0,1.388636976E-1,-1.776497602E0,9.629479408E0,9.792961786E0
4.739481629E0,1.388636976E-1,-1.783680320E0,9.624691010E0,9.789559522E0
4.741482918E0,1.436520964E-1,-1.783680320E0,9.617507935E0,9.782566651E0
4.743483075E0,1.460463107E-1,-1.786074519E0,9.617507935E0,9.783038924E0
4.745483114E0,1.460463107E-1,-1.790862918E0,9.629479408E0,9.795682375E0
4.747483739E0,1.460463107E-1,-1.788468719E0,9.627084732E0,9.792890805E0
4.749483700E0,1.460463107E-1,-1.786074519E0,9.603142738E0,9.768917144E0
4.751483778E0,1.364694983E-1,-1.790862918E0,9.607931137E0,9.774362110E0
4.753484012E0,1.388636976E-1,-1.788468719E0,9.619902611E0,9.785725815E0
4.755484637E0,1.484405100E-1,-1.788468719E0,9.607931137E0,9.774098203E0
4.757485457E0,1.436520964E-1,-1.795651317E0,9.612719536E0,9.780049921E0
4.759486551E0,1.412578970E-1,-1.788468719E0,9.610325813E0,9.776345758E0
4.761487957E0,1.484405100E-1,-1.786074519E0,9.607931137E0,9.773660395E0
4.763489207E0,1.460463107E-1,-1.781286120E0,9.622296333E0,9.786873683E0
4.765489754E0,1.388636976E-1,-1.786074519E0,9.610325813E0,9.775873749E0
4.767489950E0,1.388636976E-1,-1.781286120E0,9.612719536E0,9.777353438E0
4.769490418E0,1.436520964E-1,-1.783680320E0,9.619902611E0,9.784920932E0
4.771490692E0,1.484405100E-1,-1.781286120E0,9.624691010E0,9.789264112E0
4.773492137E0,1.436520964E-1,-1.783680320E0,9.624691010E0,9.789628616E0
4.775492840E0,1.484405100E-1,-1.783680320E0,9.619902611E0,9.784992402E0
4.777494207E0,1.556231081E-1,-1.781286120E0,9.619902611E0,9.784667855E0
4.779496082E0,1.460463107E-1,-1.793257117E0,9.624691010E0,9.791413465E0
4.781497332E0,1.508347094E-1,-1.786074519E0,9.629479408E0,9.794880651E0
4.783497645E0,1.508347094E-1,-1.790862918E0,9.629479408E0,9.795754936E0
4.785498582E0,1.412578970E-1,-1.798045516E0,9.629479408E0,9.796927842E0
4.787498934E0,1.364694983E-1,-1.788468719E0,9.634267807E0,9.799814307E0
4.789499793E0,1.364694983E-1,-1.783680320E0,9.636661530E0,9.801295059E0
4.791500614E0,1.364694983E-1,-1.786074519E0,9.634267807E0,9.799377648E0
4.793501551E0,1.364694983E-1,-1.786074519E0,9.639056206E0,9.804085406E0
4.795502293E0,1.436520964E-1,-1.786074519E0,9.636661530E0,9.801833683E0
4.797502645E0,1.412578970E-1,-1.793257117E0,9.641449928E0,9.807817372E0
4.799503153E0,1.412578970E-1,-1.783680320E0,9.643844604E0,9.808425359E0
4.801503660E0,1.316810995E-1,-1.786074519E0,9.643844604E0,9.808727790E0
4.803504090E0,1.292868853E-1,-1.788468719E0,9.646238327E0,9.811485582E0
4.805504950E0,1.412578970E-1,-1.783680320E0,9.643844604E0,9.808425359E0
4.807505145E0,1.364694983E-1,-1.774103403E0,9.641449928E0,9.804265578E0
4.809505692E0,1.340752989E-1,-1.778891921E0,9.655815125E0,9.819225956E0
4.811506239E0,1.388636976E-1,-1.778891921E0,9.643844604E0,9.807521519E0
4.813507801E0,1.316810995E-1,-1.783680320E0,9.653421402E0,9.817708498E0
4.815509090E0,1.340752989E-1,-1.778891921E0,9.660603523E0,9.823934705E0
4.817510067E0,1.484405100E-1,-1.783680320E0,9.660603523E0,9.825009440E0
4.819511864E0,1.484405100E-1,-1.778891921E0,9.658209801E0,9.821787394E0
4.821514051E0,1.484405100E-1,-1.776497602E0,9.670180321E0,9.833125940E0
4.823516317E0,1.484405100E-1,-1.774103403E0,9.670180321E0,9.832693675E0
4.825517254E0,1.532289088E-1,-1.774103403E0,9.674968719E0,9.837476389E0
4.827517606E0,1.484405100E-1,-1.776497602E0,9.670180321E0,9.833125940E0
4.829519090E0,1.412578970E-1,-1.769315004E0,9.646238327E0,9.808177366E0
4.831519754E0,1.460463107E-1,-1.774103403E0,9.646238327E0,9.809112410E0
4.833520340E0,1.484405100E-1,-1.774103403E0,9.646238327E0,9.809148349E0
4.835520848E0,1.532289088E-1,-1.771709204E0,9.653421402E0,9.815853369E0
4.837522332E0,1.508347094E-1,-1.774103403E0,9.655815125E0,9.818602737E0
4.839523660E0,1.484405100E-1,-1.771709204E0,9.648633003E0,9.811070631E0
4.841525770E0,1.508347094E-1,-1.764526606E0,9.643844604E0,9.805102957E0
4.843526395E0,1.460463107E-1,-1.759738207E0,9.636661530E0,9.797104343E0
4.845527059E0,1.460463107E-1,-1.745373011E0,9.636661530E0,9.794534287E0
4.847528035E0,1.556231081E-1,-1.750161409E0,9.615114212E0,9.774339099E0
4.849529246E0,1.604115069E-1,-1.752555609E0,9.617507935E0,9.777200105E0
4.851530965E0,1.604115069E-1,-1.750161409E0,9.612719536E0,9.772060872E0
4.853532489E0,1.628057212E-1,-1.745373011E0,9.612719536E0,9.771244011E0
4.855534285E0,1.651999205E-1,-1.742978811E0,9.617507935E0,9.775567760E0
4.857535692E0,1.675941199E-1,-1.742978811E0,9.607931137E0,9.766186751E0
4.859537918E0,1.651999205E-1,-1.740584612E0,9.603142738E0,9.761007953E0
4.861538426E0,1.651999205E-1,-1.733402014E0,9.605537415E0,9.762085975E0
4.863539481E0,1.628057212E-1,-1.747767210E0,9.605537415E0,9.764606748E0
4.865540692E0,1.556231081E-1,-1.747767210E0,9.605537415E0,9.764489633E0
4.867541160E0,1.628057212E-1,-1.731007814E0,9.591172218E0,9.747485741E0
4.869542410E0,1.580173075E-1,-1.733402014E0,9.586383820E0,9.743120996E0
4.871543739E0,1.460463107E-1,-1.735796213E0,9.593565941E0,9.750426938E0
4.873545223E0,1.484405100E-1,-1.740584612E0,9.586383820E0,9.744250824E0
4.875545653E0,1.412578970E-1,-1.740584612E0,9.591172218E0,9.748854964E0
4.877545770E0,1.532289088E-1,-1.740584612E0,9.603142738E0,9.760812689E0
4.879546746E0,1.460463107E-1,-1.740584612E0,9.605537415E0,9.763058606E0
4.881547098E0,1.484405100E-1,-1.747767210E0,9.598354340E0,9.757311660E0
4.883548817E0,1.316810995E-1,-1.757344007E0,9.619902611E0,9.779985895E0
4.885550028E0,1.268926859E-1,-1.752555609E0,9.619902611E0,9.779063307E0
4.887550731E0,1.364694983E-1,-1.745373011E0,9.612719536E0,9.770840688E0
4.889552528E0,1.388636976E-1,-1.752555609E0,9.612719536E0,9.772160005E0
4.891554871E0,1.197100878E-1,-1.769315004E0,9.619902611E0,9.781990203E0
4.893556785E0,1.173158810E-1,-1.766920805E0,9.622296333E0,9.783882607E0
4.895559168E0,1.268926859E-1,-1.771709204E0,9.619902611E0,9.782514068E0
4.897561160E0,1.268926859E-1,-1.769315004E0,9.622296333E0,9.784434785E0
4.899562957E0,1.268926859E-1,-1.769315004E0,9.627084732E0,9.789143874E0
4.901565145E0,1.292868853E-1,-1.774103403E0,9.624691010E0,9.787687930E0
4.903567684E0,1.268926859E-1,-1.771709204E0,9.627084732E0,9.789576890E0
4.905570067E0,1.268926859E-1,-1.771709204E0,9.636661530E0,9.798994882E0
4.907573856E0,1.268926859E-1,-1.774103403E0,9.648633003E0,9.811200919E0
4.909577098E0,1.316810995E-1,-1.759738207E0,9.665391922E0,9.825162567E0
4.911580496E0,1.364694983E-1,-1.771709204E0,9.651026726E0,9.813250954E0
4.913583973E0,1.412578970E-1,-1.781286120E0,9.653421402E0,9.817406929E0
4.915587254E0,1.532289088E-1,-1.776497602E0,9.655815125E0,9.819072693E0
4.917589832E0,1.508347094E-1,-1.774103403E0,9.660603523E0,9.823311785E0
4.919592176E0,1.532289088E-1,-1.774103403E0,9.648633003E0,9.811576877E0
4.921595379E0,1.556231081E-1,-1.778891921E0,9.641449928E0,9.805418489E0
4.923598114E0,1.532289088E-1,-1.776497602E0,9.648633003E0,9.812010072E0
4.925599871E0,1.675941199E-1,-1.778891921E0,9.670180321E0,9.833866569E0
4.927602528E0,1.580173075E-1,-1.778891921E0,9.655815125E0,9.819582051E0
4.929604442E0,1.651999205E-1,-1.771709204E0,9.660603523E0,9.823110757E0
4.931607293E0,1.651999205E-1,-1.759738207E0,9.667786598E0,9.828024587E0
4.933608426E0,1.723825186E-1,-1.764526606E0,9.667786598E0,9.829006439E0
4.935609442E0,1.795651317E-1,-1.766920805E0,9.670180321E0,9.831919457E0
4.937611981E0,1.771709323E-1,-1.776497602E0,9.658209801E0,9.821830269E0
4.939614989E0,1.891419291E-1,-1.786074519E0,9.651026726E0,9.816728259E0
4.941617059E0,1.867477298E-1,-1.781286120E0,9.655815125E0,9.820520387E0
4.943619989E0,1.843535304E-1,-1.778891921E0,9.648633003E0,9.812979238E0
4.945622020E0,1.843535304E-1,-1.786074519E0,9.655815125E0,9.821344823E0
4.947624207E0,1.819593310E-1,-1.783680320E0,9.646238327E0,9.811449360E0
4.949625770E0,1.867477298E-1,-1.786074519E0,9.639056206E0,9.804914148E0
4.951627176E0,1.819593310E-1,-1.783680320E0,9.639056206E0,9.804388263E0
4.953629325E0,1.915361285E-1,-1.790862918E0,9.624691010E0,9.791759449E0
4.955630965E0,1.891419291E-1,-1.774103403E0,9.629479408E0,9.793369759E0
4.957632996E0,1.939303428E-1,-1.776497602E0,9.622296333E0,9.786835006E0
4.959635145E0,1.843535304E-1,-1.769315004E0,9.622296333E0,9.785348667E0
4.961636512E0,1.795651317E-1,-1.771709204E0,9.615114212E0,9.778630704E0
4.963638543E0,1.771709323E-1,-1.769315004E0,9.624691010E0,9.787570799E0
4.965640379E0,1.819593310E-1,-1.774103403E0,9.624691010E0,9.788525380E0
4.967641981E0,1.795651317E-1,-1.774103403E0,9.612719536E0,9.776710254E0
4.969643465E0,1.771709323E-1,-1.774103403E0,9.622296333E0,9.786082932E0
4.971645106E0,1.699883193E-1,-1.776497602E0,9.627084732E0,9.791098008E0
4.973645496E0,1.675941199E-1,-1.778891921E0,9.624691010E0,9.789137923E0
4.975647371E0,1.628057212E-1,-1.783680320E0,9.619902611E0,9.785220868E0
4.977649793E0,1.580173075E-1,-1.793257117E0,9.619902611E0,9.786892602E0
4.979650379E0,1.580173075E-1,-1.788468719E0,9.639056206E0,9.804845453E0
4.981651707E0,1.604115069E-1,-1.783680320E0,9.629479408E0,9.794596521E0
4.983654442E0,1.628057212E-1,-1.788468719E0,9.617507935E0,9.783740845E0
4.985655535E0,1.723825186E-1,-1.802833915E0,9.617507935E0,9.786540999E0
4.987657176E0,1.723825186E-1,-1.802833915E0,9.615114212E0,9.784188631E0
4.989658504E0,1.604115069E-1,-1.798045516E0,9.634267807E0,9.801929183E0
4.991660184E0,1.556231081E-1,-1.800439715E0,9.624691010E0,9.792878982E0
4.993662762E0,1.628057212E-1,-1.805228114E0,9.624691010E0,9.793877234E0
4.995665106E0,1.628057212E-1,-1.821987510E0,9.631873131E0,9.804036118E0
4.997667059E0,1.651999205E-1,-1.814804912E0,9.634267807E0,9.805096841E0
4.999669520E0,1.580173075E-1,-1.800439715E0,9.636661530E0,9.804682457E0
5.001671473E0,1.604115069E-1,-1.802833915E0,9.636661530E0,9.805161264E0
5.003673934E0,1.723825186E-1,-1.810016513E0,9.617507935E0,9.787866692E0
5.005675067E0,1.628057212E-1,-1.805228114E0,9.629479408E0,9.798582955E0
5.007676121E0,1.556231081E-1,-1.810016513E0,9.631873131E0,9.801701808E0
5.009676942E0,1.532289088E-1,-1.819593310E0,9.634267807E0,9.805789876E0
5.011678973E0,1.508347094E-1,-1.805228114E0,9.636661530E0,9.805449765E0
5.013680614E0,1.484405100E-1,-1.800439715E0,9.639056206E0,9.806886473E0
5.015681785E0,1.532289088E-1,-1.805228114E0,9.641449928E0,9.810192881E0
5.017682098E0,1.556231081E-1,-1.800439715E0,9.627084732E0,9.795231603E0
5.019684715E0,1.580173075E-1,-1.795651317E0,9.617507935E0,9.784977874E0
5.021686512E0,1.508347094E-1,-1.798045516E0,9.629479408E0,9.797070606E0
5.023688348E0,1.580173075E-1,-1.795651317E0,9.619902611E0,9.787331575E0
5.025690731E0,1.532289088E-1,-1.786074519E0,9.624691010E0,9.790210330E0
5.027692528E0,1.604115069E-1,-1.778891921E0,9.631873131E0,9.796079232E0
5.029694559E0,1.604115069E-1,-1.778891921E0,9.634267807E0,9.798433778E0
5.031696278E0,1.604115069E-1,-1.778891921E0,9.631873131E0,9.796079232E0
5.033697723E0,1.556231081E-1,-1.774103403E0,9.622296333E0,9.785716538E0
5.035698817E0,1.651999205E-1,-1.776497602E0,9.607931137E0,9.772183762E0
5.037700340E0,1.628057212E-1,-1.778891921E0,9.629479408E0,9.793765152E0
5.039702215E0,1.675941199E-1,-1.786074519E0,9.631873131E0,9.797506315E0
5.041703973E0,1.699883193E-1,-1.776497602E0,9.624691010E0,9.788744393E0
5.043705418E0,1.819593310E-1,-1.764526606E0,9.624691010E0,9.786794182E0
5.045707293E0,1.723825186E-1,-1.764526606E0,9.629479408E0,9.791330019E0
5.047709637E0,1.699883193E-1,-1.764526606E0,9.627084732E0,9.788933068E0
5.049712957E0,1.604115069E-1,-1.754949808E0,9.627084732E0,9.787049664E0
5.051716629E0,1.628057212E-1,-1.754949808E0,9.622296333E0,9.782379121E0
5.053718856E0,1.604115069E-1,-1.762132406E0,9.624691010E0,9.785985873E0
5.055720614E0,1.532289088E-1,-1.757344007E0,9.615114212E0,9.775589924E0
5.057721903E0,1.604115069E-1,-1.754949808E0,9.612719536E0,9.772919602E0
5.059722410E0,1.699883193E-1,-1.759738207E0,9.622296333E0,9.783361453E0
5.061723348E0,1.675941199E-1,-1.762132406E0,9.622296333E0,9.783751077E0
5.063724325E0,1.699883193E-1,-1.754949808E0,9.624691010E0,9.784856764E0
5.065725653E0,1.604115069E-1,-1.757344007E0,9.629479408E0,9.789834702E0
5.067727645E0,1.675941199E-1,-1.762132406E0,9.641449928E0,9.802589205E0
5.069729051E0,1.628057212E-1,-1.759738207E0,9.634267807E0,9.795014060E0
5.071730262E0,1.604115069E-1,-1.762132406E0,9.643844604E0,9.804824385E0
5.073732410E0,1.532289088E-1,-1.769315004E0,9.641449928E0,9.803647862E0
5.075734207E0,1.460463107E-1,-1.771709204E0,9.636661530E0,9.799261628E0
5.077736082E0,1.436520964E-1,-1.766920805E0,9.634267807E0,9.796007413E0
5.079738192E0,1.436520964E-1,-1.769315004E0,9.641449928E0,9.803502855E0
5.081740067E0,1.412578970E-1,-1.769315004E0,9.646238327E0,9.808177366E0
5.083742176E0,1.508347094E-1,-1.771709204E0,9.634267807E0,9.796980187E0
5.085744168E0,1.460463107E-1,-1.776497602E0,9.629479408E0,9.793066268E0
5.087746395E0,1.436520964E-1,-1.778891921E0,9.646238327E0,9.809944253E0
5.089748075E0,1.412578970E-1,-1.781286120E0,9.636661530E0,9.800927480E0
5.091749246E0,1.412578970E-1,-1.781286120E0,9.636661530E0,9.800927480E0
5.093750418E0,1.388636976E-1,-1.781286120E0,9.648633003E0,9.812664378E0
5.095751160E0,1.436520964E-1,-1.781286120E0,9.643844604E0,9.808025027E0
5.097752489E0,1.340752989E-1,-1.776497602E0,9.639056206E0,9.802312199E0
5.099753817E0,1.388636976E-1,-1.781286120E0,9.639056206E0,9.803247824E0
5.101755809E0,1.364694983E-1,-1.783680320E0,9.641449928E0,9.806003066E0
5.103757176E0,1.436520964E-1,-1.771709204E0,9.639056206E0,9.801581197E0
5.105759832E0,1.388636976E-1,-1.781286120E0,9.639056206E0,9.803247824E0
5.107762020E0,1.484405100E-1,-1.783680320E0,9.636661530E0,9.801469048E0
5.109764793E0,1.484405100E-1,-1.778891921E0,9.636661530E0,9.800598782E0
5.111766082E0,1.484405100E-1,-1.781286120E0,9.622296333E0,9.786909704E0
5.113767840E0,1.484405100E-1,-1.774103403E0,9.624691010E0,9.787959670E0
5.115769754E0,1.484405100E-1,-1.769315004E0,9.624691010E0,9.787092888E0
5.117772176E0,1.508347094E-1,-1.766920805E0,9.622296333E0,9.784341928E0
5.119774910E0,1.508347094E-1,-1.766920805E0,9.610325813E0,9.772569901E0
5.121776942E0,1.580173075E-1,-1.762132406E0,9.622296333E0,9.783591713E0
5.123779207E0,1.532289088E-1,-1.764526606E0,9.619902611E0,9.781592891E0
5.125782410E0,1.532289088E-1,-1.757344007E0,9.627084732E0,9.787364175E0
5.127784715E0,1.484405100E-1,-1.750161409E0,9.634267807E0,9.793069780E0
5.129787957E0,1.556231081E-1,-1.759738207E0,9.634267807E0,9.794897309E0
5.131790145E0,1.532289088E-1,-1.762132406E0,9.622296333E0,9.783515546E0
5.133792723E0,1.484405100E-1,-1.762132406E0,9.624691010E0,9.785796965E0
5.135794520E0,1.532289088E-1,-1.762132406E0,9.622296333E0,9.783515546E0
5.137795418E0,1.604115069E-1,-1.769315004E0,9.627084732E0,9.789635738E0
5.139796668E0,1.651999205E-1,-1.778891921E0,9.634267807E0,9.798513339E0
5.141798035E0,1.675941199E-1,-1.774103403E0,9.641449928E0,9.804748207E0
5.143801043E0,1.532289088E-1,-1.771709204E0,9.636661530E0,9.799371308E0
5.145802371E0,1.484405100E-1,-1.778891921E0,9.629479408E0,9.793536885E0
5.147804637E0,1.484405100E-1,-1.771709204E0,9.622296333E0,9.785171169E0
5.149806551E0,1.508347094E-1,-1.778891921E0,9.622296333E0,9.786510834E0
5.151808856E0,1.460463107E-1,-1.774103403E0,9.624691010E0,9.787923653E0
5.153810731E0,1.532289088E-1,-1.781286120E0,9.617507935E0,9.782275717E0
5.155812801E0,1.388636976E-1,-1.781286120E0,9.631873131E0,9.796185144E0
5.157814989E0,1.460463107E-1,-1.776497602E0,9.631873131E0,9.795420015E0
5.159817801E0,1.508347094E-1,-1.776497602E0,9.627084732E0,9.790784201E0
5.161820340E0,1.316810995E-1,-1.776497602E0,9.634267807E0,9.797571118E0
5.163823973E0,1.436520964E-1,-1.769315004E0,9.651026726E0,9.812921500E0
5.165825262E0,1.388636976E-1,-1.778891921E0,9.631873131E0,9.795750079E0
5.167827137E0,1.412578970E-1,-1.778891921E0,9.631873131E0,9.795784311E0
5.169829285E0,1.436520964E-1,-1.776497602E0,9.631873131E0,9.795384610E0
5.171830575E0,1.460463107E-1,-1.774103403E0,9.627084732E0,9.790277465E0
5.173833270E0,1.388636976E-1,-1.776497602E0,9.622296333E0,9.785898711E0
5.175835848E0,1.244984865E-1,-1.776497602E0,9.631873131E0,9.795122440E0
5.177837567E0,1.412578970E-1,-1.790862918E0,9.631873131E0,9.797965288E0
5.179838543E0,1.484405100E-1,-1.776497602E0,9.634267807E0,9.797810699E0
5.181839793E0,1.460463107E-1,-1.786074519E0,9.639056206E0,9.804223388E0
5.183841512E0,1.532289088E-1,-1.781286120E0,9.627084732E0,9.791691365E0
5.185842801E0,1.532289088E-1,-1.771709204E0,9.629479408E0,9.792308526E0
5.187844051E0,1.532289088E-1,-1.778891921E0,9.631873131E0,9.795964249E0
5.189846356E0,1.508347094E-1,-1.778891921E0,9.631873131E0,9.795927092E0
5.191848582E0,1.508347094E-1,-1.774103403E0,9.641449928E0,9.804476055E0
5.193850692E0,1.508347094E-1,-1.766920805E0,9.627084732E0,9.789051061E0
5.195851707E0,1.436520964E-1,-1.764526606E0,9.627084732E0,9.788511149E0
5.197852723E0,1.460463107E-1,-1.776497602E0,9.622296333E0,9.786003269E0
5.199853895E0,1.508347094E-1,-1.769315004E0,9.617507935E0,9.780065724E0
5.201855614E0,1.484405100E-1,-1.766920805E0,9.629479408E0,9.791369536E0
5.203857567E0,1.460463107E-1,-1.762132406E0,9.624691010E0,9.785760940E0
5.205860067E0,1.508347094E-1,-1.759738207E0,9.617507935E0,9.778337719E0
5.207862332E0,1.532289088E-1,-1.759738207E0,9.622296333E0,9.783084605E0
5.209864285E0,1.460463107E-1,-1.776497602E0,9.631873131E0,9.795420015E0
5.211866629E0,1.436520964E-1,-1.774103403E0,9.631873131E0,9.794950680E0
5.213868465E0,1.436520964E-1,-1.766920805E0,9.622296333E0,9.784233837E0
5.215870262E0,1.364694983E-1,-1.766920805E0,9.641449928E0,9.802968416E0
5.217872450E0,1.340752989E-1,-1.766920805E0,9.624691010E0,9.786453001E0
5.219874481E0,1.412578970E-1,-1.766920805E0,9.636661530E0,9.798326814E0
5.221876121E0,1.412578970E-1,-1.774103403E0,9.641449928E0,9.804333399E0
5.223877176E0,1.436520964E-1,-1.776497602E0,9.639056206E0,9.802447867E0
5.225878270E0,1.412578970E-1,-1.776497602E0,9.639056206E0,9.802413073E0
5.227879871E0,1.364694983E-1,-1.776497602E0,9.634267807E0,9.797636645E0
5.229880926E0,1.316810995E-1,-1.778891921E0,9.641449928E0,9.805067725E0
5.231883231E0,1.340752989E-1,-1.771709204E0,9.636661530E0,9.799090525E0
5.233884793E0,1.340752989E-1,-1.778891921E0,9.648633003E0,9.812163446E0
5.235888192E0,1.364694983E-1,-1.781286120E0,9.646238327E0,9.810276144E0
5.237891239E0,1.316810995E-1,-1.778891921E0,9.643844604E0,9.807422451E0
5.239893856E0,1.340752989E-1,-1.783680320E0,9.639056206E0,9.803616486E0
5.241896121E0,1.340752989E-1,-1.788468719E0,9.648633003E0,9.813904186E0
5.243898309E0,1.316810995E-1,-1.786074519E0,9.636661530E0,9.801665549E0
5.245899950E0,1.292868853E-1,-1.788468719E0,9.631873131E0,9.797362679E0
5.247901082E0,1.268926859E-1,-1.788468719E0,9.629479408E0,9.794978090E0
5.249901981E0,1.292868853E-1,-1.783680320E0,9.631873131E0,9.796489708E0
5.251903309E0,1.316810995E-1,-1.781286120E0,9.631873131E0,9.796085961E0
5.253905028E0,1.340752989E-1,-1.778891921E0,9.627084732E0,9.790975084E0
5.255906317E0,1.388636976E-1,-1.776497602E0,9.627084732E0,9.790607095E0
5.257907371E0,1.364694983E-1,-1.788468719E0,9.629479408E0,9.795106837E0
5.259907840E0,1.316810995E-1,-1.793257117E0,9.624691010E0,9.791209733E0
5.261908192E0,1.412578970E-1,-1.788468719E0,9.619902611E0,9.785760082E0
5.263909285E0,1.364694983E-1,-1.786074519E0,9.624691010E0,9.789962367E0
5.265909989E0,1.340752989E-1,-1.778891921E0,9.607931137E0,9.772142722E0
5.267910379E0,1.292868853E-1,-1.769315004E0,9.612719536E0,9.775048213E0
5.269912176E0,1.340752989E-1,-1.769315004E0,9.619902611E0,9.782176548E0
5.271913426E0,1.292868853E-1,-1.776497602E0,9.619902611E0,9.783413774E0
5.273914637E0,1.316810995E-1,-1.781286120E0,9.631873131E0,9.796085961E0
5.275916473E0,1.436520964E-1,-1.778891921E0,9.619902611E0,9.784049194E0
5.277918114E0,1.364694983E-1,-1.781286120E0,9.627084732E0,9.791443438E0
5.279920535E0,1.388636976E-1,-1.774103403E0,9.627084732E0,9.790172953E0
5.281922410E0,1.388636976E-1,-1.776497602E0,9.636661530E0,9.800024097E0
5.283923426E0,1.340752989E-1,-1.778891921E0,9.629479408E0,9.793329685E0
5.285924637E0,1.340752989E-1,-1.778891921E0,9.629479408E0,9.793329685E0
5.287925770E0,1.316810995E-1,-1.781286120E0,9.624691010E0,9.789024322E0
5.289926981E0,1.412578970E-1,-1.776497602E0,9.619902611E0,9.783579292E0
5.291928270E0,1.364694983E-1,-1.783680320E0,9.636661530E0,9.801295059E0
5.293930223E0,1.364694983E-1,-1.786074519E0,9.634267807E0,9.799377648E0
5.295932410E0,1.460463107E-1,-1.786074519E0,9.643844604E0,9.808931158E0
5.297934090E0,1.460463107E-1,-1.793257117E0,9.639056206E0,9.805534414E0
5.299934871E0,1.460463107E-1,-1.790862918E0,9.629479408E0,9.795682375E0
5.301936864E0,1.484405100E-1,-1.788468719E0,9.641449928E0,9.807049080E0
5.303939793E0,1.484405100E-1,-1.786074519E0,9.636661530E0,9.801905030E0
5.305941746E0,1.508347094E-1,-1.783680320E0,9.648633003E0,9.813275978E0
5.307943934E0,1.484405100E-1,-1.781286120E0,9.651026726E0,9.815158261E0
5.309946121E0,1.580173075E-1,-1.769315004E0,9.641449928E0,9.803723873E0
5.311948114E0,1.532289088E-1,-1.769315004E0,9.646238327E0,9.808357077E0
5.313950692E0,1.580173075E-1,-1.778891921E0,9.646238327E0,9.810165126E0
5.315952996E0,1.460463107E-1,-1.786074519E0,9.641449928E0,9.806576795E0
5.317954442E0,1.388636976E-1,-1.788468719E0,9.636661530E0,9.802201228E0
5.319955535E0,1.484405100E-1,-1.778891921E0,9.636661530E0,9.800598782E0
5.321957137E0,1.484405100E-1,-1.776497602E0,9.634267807E0,9.797810699E0
5.323959051E0,1.436520964E-1,-1.778891921E0,9.634267807E0,9.798173736E0
5.325960535E0,1.436520964E-1,-1.786074519E0,9.639056206E0,9.804188016E0
5.327961942E0,1.436520964E-1,-1.781286120E0,9.636661530E0,9.800962279E0
5.329962332E0,1.532289088E-1,-1.783680320E0,9.639056206E0,9.803897139E0
5.331962957E0,1.508347094E-1,-1.788468719E0,9.624691010E0,9.790610221E0
5.333963856E0,1.484405100E-1,-1.790862918E0,9.617507935E0,9.783950299E0
5.335965067E0,1.508347094E-1,-1.788468719E0,9.629479408E0,9.795317511E0
5.337966473E0,1.508347094E-1,-1.788468719E0,9.634267807E0,9.800024880E0
5.339968739E0,1.484405100E-1,-1.788468719E0,9.634267807E0,9.799988322E0
5.341970028E0,1.580173075E-1,-1.786074519E0,9.634267807E0,9.799701416E0
5.343971395E0,1.556231081E-1,-1.781286120E0,9.622296333E0,9.787021279E0
5.345973035E0,1.556231081E-1,-1.786074519E0,9.634267807E0,9.799663102E0
5.347974246E0,1.436520964E-1,-1.781286120E0,9.631873131E0,9.796254191E0
5.349974950E0,1.388636976E-1,-1.778891921E0,9.629479408E0,9.793396411E0
5.351976825E0,1.508347094E-1,-1.778891921E0,9.629479408E0,9.793573467E0
5.353978621E0,1.460463107E-1,-1.788468719E0,9.634267807E0,9.799952350E0
5.355979793E0,1.436520964E-1,-1.778891921E0,9.629479408E0,9.793465478E0
5.357981668E0,1.436520964E-1,-1.781286120E0,9.634267807E0,9.798608694E0
5.359983270E0,1.460463107E-1,-1.783680320E0,9.639056206E0,9.803787510E0
5.361985457E0,1.508347094E-1,-1.778891921E0,9.629479408E0,9.793573467E0
5.363986903E0,1.460463107E-1,-1.783680320E0,9.612719536E0,9.777894553E0
5.365988114E0,1.532289088E-1,-1.776497602E0,9.612719536E0,9.776696769E0
5.367989559E0,1.484405100E-1,-1.771709204E0,9.629479408E0,9.792234769E0
5.369991317E0,1.412578970E-1,-1.776497602E0,9.631873131E0,9.795349791E0
5.371993192E0,1.364694983E-1,-1.774103403E0,9.636661530E0,9.799556737E0
5.373994559E0,1.364694983E-1,-1.778891921E0,9.627084732E0,9.791008162E0
5.375995614E0,1.388636976E-1,-1.781286120E0,9.624691010E0,9.789123577E0
5.377997528E0,1.388636976E-1,-1.762132406E0,9.627084732E0,9.788010737E0
5.379999793E0,1.316810995E-1,-1.762132406E0,9.629479408E0,9.790266810E0
5.382002371E0,1.364694983E-1,-1.762132406E0,9.634267807E0,9.795042150E0
5.384004989E0,1.388636976E-1,-1.762132406E0,9.627084732E0,9.788010737E0
5.386007137E0,1.388636976E-1,-1.776497602E0,9.622296333E0,9.785898711E0
5.388008934E0,1.436520964E-1,-1.776497602E0,9.636661530E0,9.800093116E0
5.390010731E0,1.508347094E-1,-1.769315004E0,9.629479408E0,9.791838457E0
5.392012684E0,1.484405100E-1,-1.771709204E0,9.629479408E0,9.792234769E0
5.394014129E0,1.484405100E-1,-1.778891921E0,9.624691010E0,9.788828739E0
5.396015535E0,1.532289088E-1,-1.783680320E0,9.631873131E0,9.796834927E0
5.398016356E0,1.556231081E-1,-1.783680320E0,9.629479408E0,9.794519269E0
5.400016785E0,1.532289088E-1,-1.778891921E0,9.634267807E0,9.798318822E0
5.402017723E0,1.508347094E-1,-1.771709204E0,9.631873131E0,9.794625292E0
5.404019754E0,1.508347094E-1,-1.774103403E0,9.631873131E0,9.795058652E0
5.406021121E0,1.580173075E-1,-1.774103403E0,9.622296333E0,9.785754906E0
5.408021981E0,1.508347094E-1,-1.781286120E0,9.636661530E0,9.801070186E0
5.410023231E0,1.484405100E-1,-1.781286120E0,9.636661530E0,9.801033632E0
5.412023973E0,1.436520964E-1,-1.778891921E0,9.636661530E0,9.800527426E0
5.414024910E0,1.508347094E-1,-1.781286120E0,9.627084732E0,9.791654191E0
5.416026825E0,1.484405100E-1,-1.786074519E0,9.627084732E0,9.792489837E0
5.418027450E0,1.460463107E-1,-1.783680320E0,9.631873131E0,9.796725219E0
5.420028973E0,1.532289088E-1,-1.774103403E0,9.627084732E0,9.790387246E0
5.422030262E0,1.508347094E-1,-1.783680320E0,9.624691010E0,9.789736647E0
5.424032684E0,1.412578970E-1,-1.771709204E0,9.646238327E0,9.808609543E0
5.426033973E0,1.388636976E-1,-1.771709204E0,9.643844604E0,9.806221259E0
5.428035731E0,1.364694983E-1,-1.771709204E0,9.631873131E0,9.794414604E0
5.430037801E0,1.316810995E-1,-1.774103403E0,9.631873131E0,9.794782428E0
5.432039832E0,1.340752989E-1,-1.781286120E0,9.643844604E0,9.807889436E0
5.434041278E0,1.460463107E-1,-1.781286120E0,9.643844604E0,9.808060385E0
5.436042528E0,1.412578970E-1,-1.778891921E0,9.641449928E0,9.805201017E0
5.438043817E0,1.364694983E-1,-1.786074519E0,9.643844604E0,9.808793242E0
5.440045418E0,1.292868853E-1,-1.788468719E0,9.641449928E0,9.806777869E0
5.442046356E0,1.340752989E-1,-1.788468719E0,9.639056206E0,9.804488823E0
5.444048075E0,1.340752989E-1,-1.778891921E0,9.639056206E0,9.802746411E0
5.446050028E0,1.340752989E-1,-1.776497602E0,9.641449928E0,9.804666065E0
5.448052489E0,1.316810995E-1,-1.774103403E0,9.634267807E0,9.797137285E0
5.450054481E0,1.436520964E-1,-1.783680320E0,9.639056206E0,9.803752136E0
5.452056200E0,1.388636976E-1,-1.790862918E0,9.643844604E0,9.809699887E0
5.454057528E0,1.364694983E-1,-1.783680320E0,9.631873131E0,9.796587131E0
5.456058114E0,1.364694983E-1,-1.786074519E0,9.631873131E0,9.797023330E0
5.458058621E0,1.316810995E-1,-1.783680320E0,9.643844604E0,9.808292112E0
5.460060067E0,1.268926859E-1,-1.774103403E0,9.653421402E0,9.815910014E0
5.462062410E0,1.292868853E-1,-1.771709204E0,9.643844604E0,9.806090320E0
5.464063973E0,1.268926859E-1,-1.783680320E0,9.639056206E0,9.803520887E0
5.466066395E0,1.244984865E-1,-1.781286120E0,9.629479408E0,9.793638435E0
5.468068856E0,1.316810995E-1,-1.788468719E0,9.639056206E0,9.804456375E0
5.470071239E0,1.316810995E-1,-1.795651317E0,9.636661530E0,9.803415170E0
5.472073426E0,1.316810995E-1,-1.788468719E0,9.629479408E0,9.795041294E0
5.474075340E0,1.292868853E-1,-1.786074519E0,9.631873131E0,9.796925910E0
5.476076590E0,1.292868853E-1,-1.790862918E0,9.634267807E0,9.800154145E0
5.478077059E0,1.316810995E-1,-1.781286120E0,9.636661530E0,9.800794131E0
5.480078309E0,1.316810995E-1,-1.788468719E0,9.627084732E0,9.792687104E0
5.482079637E0,1.244984865E-1,-1.788468719E0,9.641449928E0,9.806715911E0
5.484079989E0,1.268926859E-1,-1.783680320E0,9.631873131E0,9.796458403E0
5.486081082E0,1.268926859E-1,-1.786074519E0,9.624691010E0,9.789833552E0
5.488082098E0,1.244984865E-1,-1.783680320E0,9.617507935E0,9.782304137E0
5.490083309E0,1.364694983E-1,-1.776497602E0,9.622296333E0,9.785865030E0
5.492084403E0,1.412578970E-1,-1.783680320E0,9.619902611E0,9.784886076E0
5.494085262E0,1.340752989E-1,-1.783680320E0,9.615114212E0,9.780077350E0
5.496085926E0,1.340752989E-1,-1.790862918E0,9.610325813E0,9.776682894E0
5.498086707E0,1.388636976E-1,-1.783680320E0,9.619902611E0,9.784851805E0
5.500087762E0,1.340752989E-1,-1.788468719E0,9.617507935E0,9.783304933E0
5.502089012E0,1.316810995E-1,-1.788468719E0,9.610325813E0,9.776212074E0
5.504089754E0,1.340752989E-1,-1.788468719E0,9.617507935E0,9.783304933E0
5.506090535E0,1.340752989E-1,-1.783680320E0,9.622296333E0,9.787138417E0
5.508090965E0,1.364694983E-1,-1.783680320E0,9.619902611E0,9.784818120E0
5.510091785E0,1.412578970E-1,-1.788468719E0,9.617507935E0,9.783406003E0
5.512092254E0,1.292868853E-1,-1.786074519E0,9.619902611E0,9.785157307E0
5.514093660E0,1.340752989E-1,-1.781286120E0,9.634267807E0,9.798472973E0
5.516095262E0,1.364694983E-1,-1.790862918E0,9.643844604E0,9.809666287E0
5.518096590E0,1.388636976E-1,-1.778891921E0,9.639056206E0,9.802813072E0
5.520097371E0,1.388636976E-1,-1.783680320E0,9.641449928E0,9.806036678E0
5.522098426E0,1.340752989E-1,-1.776497602E0,9.639056206E0,9.802312199E0
5.524099090E0,1.340752989E-1,-1.774103403E0,9.634267807E0,9.797169757E0
5.526099950E0,1.340752989E-1,-1.774103403E0,9.641449928E0,9.804232545E0
5.528100301E0,1.340752989E-1,-1.774103403E0,9.641449928E0,9.804232545E0
5.530102410E0,1.340752989E-1,-1.771709204E0,9.646238327E0,9.808508732E0
5.532104910E0,1.268926859E-1,-1.774103403E0,9.641449928E0,9.804136951E0
5.534106043E0,1.268926859E-1,-1.771709204E0,9.648633003E0,9.810768272E0
5.536107059E0,1.316810995E-1,-1.776497602E0,9.643844604E0,9.806988447E0
5.538108387E0,1.340752989E-1,-1.778891921E0,9.643844604E0,9.807454889E0
5.540109520E0,1.292868853E-1,-1.783680320E0,9.636661530E0,9.801197683E0
5.542110965E0,1.292868853E-1,-1.793257117E0,9.631873131E0,9.798237913E0
5.544113035E0,1.364694983E-1,-1.788468719E0,9.634267807E0,9.799814307E0
5.546114325E0,1.388636976E-1,-1.786074519E0,9.646238327E0,9.811180315E0
5.548116746E0,1.412578970E-1,-1.783680320E0,9.639056206E0,9.803717347E0
5.550118700E0,1.364694983E-1,-1.783680320E0,9.641449928E0,9.806003066E0
5.552121121E0,1.388636976E-1,-1.790862918E0,9.636661530E0,9.802638346E0
5.554122020E0,1.388636976E-1,-1.793257117E0,9.641449928E0,9.807783181E0
5.556124012E0,1.388636976E-1,-1.795651317E0,9.636661530E0,9.803514279E0
5.558125926E0,1.460463107E-1,-1.798045516E0,9.643844604E0,9.811117977E0
5.560127840E0,1.436520964E-1,-1.790862918E0,9.639056206E0,9.805061471E0
5.562130028E0,1.460463107E-1,-1.790862918E0,9.631873131E0,9.798035493E0
5.564130965E0,1.460463107E-1,-1.790862918E0,9.629479408E0,9.795682375E0
5.566130848E0,1.412578970E-1,-1.793257117E0,9.629479408E0,9.796050151E0
5.568132293E0,1.388636976E-1,-1.795651317E0,9.631873131E0,9.798807416E0
5.570133817E0,1.388636976E-1,-1.800439715E0,9.622296333E0,9.790273388E0
5.572134168E0,1.460463107E-1,-1.802833915E0,9.612719536E0,9.781406674E0
5.574135145E0,1.508347094E-1,-1.790862918E0,9.617507935E0,9.783986916E0
5.576136551E0,1.436520964E-1,-1.798045516E0,9.622296333E0,9.789902468E0
5.578137215E0,1.412578970E-1,-1.793257117E0,9.622296333E0,9.788989305E0
5.580137567E0,1.532289088E-1,-1.781286120E0,9.615114212E0,9.779922323E0
5.582138621E0,1.484405100E-1,-1.774103403E0,9.634267807E0,9.797376876E0
5.584139325E0,1.484405100E-1,-1.783680320E0,9.622296333E0,9.787345748E0
5.586140848E0,1.580173075E-1,-1.781286120E0,9.622296333E0,9.787059642E0
5.588142410E0,1.604115069E-1,-1.778891921E0,9.619902611E0,9.784309611E0
5.590144403E0,1.651999205E-1,-1.776497602E0,9.619902611E0,9.783954261E0
5.592145067E0,1.628057212E-1,-1.774103403E0,9.619902611E0,9.783479689E0
5.594145731E0,1.628057212E-1,-1.771709204E0,9.636661530E0,9.799525735E0
5.596147254E0,1.651999205E-1,-1.776497602E0,9.639056206E0,9.802787322E0
5.598149246E0,1.651999205E-1,-1.776497602E0,9.624691010E0,9.788662410E0
5.600150614E0,1.628057212E-1,-1.781286120E0,9.627084732E0,9.791845913E0
5.602152879E0,1.580173075E-1,-1.781286120E0,9.636661530E0,9.801183354E0
5.604155575E0,1.628057212E-1,-1.783680320E0,9.639056206E0,9.804051495E0
5.606158192E0,1.651999205E-1,-1.786074519E0,9.646238327E0,9.811588407E0
5.608161121E0,1.580173075E-1,-1.783680320E0,9.643844604E0,9.808681038E0
5.610162567E0,1.556231081E-1,-1.783680320E0,9.634267807E0,9.799227021E0
5.612164520E0,1.604115069E-1,-1.778891921E0,9.634267807E0,9.798433778E0
5.614166043E0,1.580173075E-1,-1.781286120E0,9.636661530E0,9.801183354E0
5.616168035E0,1.484405100E-1,-1.778891921E0,9.639056206E0,9.802953412E0
5.618169832E0,1.604115069E-1,-1.781286120E0,9.648633003E0,9.812992965E0
5.620171864E0,1.556231081E-1,-1.783680320E0,9.648633003E0,9.813350746E0
5.622173075E0,1.412578970E-1,-1.790862918E0,9.643844604E0,9.809734071E0
5.624174364E0,1.412578970E-1,-1.781286120E0,9.641449928E0,9.805635663E0
5.626175692E0,1.340752989E-1,-1.788468719E0,9.648633003E0,9.813904186E0
5.628177371E0,1.292868853E-1,-1.783680320E0,9.643844604E0,9.808260260E0
5.630178192E0,1.244984865E-1,-1.778891921E0,9.641449928E0,9.804973894E0
5.632180028E0,1.340752989E-1,-1.776497602E0,9.634267807E0,9.797603589E0
5.634181864E0,1.292868853E-1,-1.771709204E0,9.624691010E0,9.787254244E0
5.636182879E0,1.268926859E-1,-1.776497602E0,9.627084732E0,9.790444623E0
5.638184207E0,1.316810995E-1,-1.776497602E0,9.629479408E0,9.792862570E0
5.640186200E0,1.460463107E-1,-1.776497602E0,9.636661530E0,9.800128504E0
5.642187918E0,1.364694983E-1,-1.786074519E0,9.643844604E0,9.808793242E0
5.644189364E0,1.244984865E-1,-1.778891921E0,9.639056206E0,9.802620103E0
5.646190340E0,1.292868853E-1,-1.783680320E0,9.634267807E0,9.798844154E0
5.648191668E0,1.364694983E-1,-1.776497602E0,9.634267807E0,9.797636645E0
5.650193270E0,1.268926859E-1,-1.790862918E0,9.619902611E0,9.786001123E0
5.652194754E0,1.268926859E-1,-1.793257117E0,9.617507935E0,9.784085635E0
5.654195223E0,1.244984865E-1,-1.778891921E0,9.610325813E0,9.774370495E0
5.656195457E0,1.364694983E-1,-1.790862918E0,9.617507935E0,9.783775998E0
5.658195809E0,1.340752989E-1,-1.783680320E0,9.641449928E0,9.805970038E0
5.660197723E0,1.292868853E-1,-1.783680320E0,9.627084732E0,9.791781810E0
5.662198817E0,1.316810995E-1,-1.788468719E0,9.622296333E0,9.787979720E0
5.664200457E0,1.388636976E-1,-1.781286120E0,9.617507935E0,9.782061247E0
5.666202371E0,1.388636976E-1,-1.783680320E0,9.617507935E0,9.782497507E0
5.668204559E0,1.340752989E-1,-1.781286120E0,9.617507935E0,9.781994444E0
5.670206278E0,1.364694983E-1,-1.776497602E0,9.622296333E0,9.785865030E0
5.672207879E0,1.316810995E-1,-1.762132406E0,9.617507935E0,9.778492184E0
5.674210340E0,1.412578970E-1,-1.747767210E0,9.615114212E0,9.773692512E0
5.676211043E0,1.388636976E-1,-1.747767210E0,9.605537415E0,9.764236907E0
5.678211903E0,1.412578970E-1,-1.747767210E0,9.615114212E0,9.773692512E0
5.680213114E0,1.340752989E-1,-1.738190413E0,9.622296333E0,9.778950292E0
5.682214871E0,1.292868853E-1,-1.745373011E0,9.617507935E0,9.775454001E0
5.684216082E0,1.316810995E-1,-1.750161409E0,9.617507935E0,9.776342043E0
5.686219364E0,1.412578970E-1,-1.745373011E0,9.610325813E0,9.768553781E0
5.688222567E0,1.436520964E-1,-1.745373011E0,9.610325813E0,9.768588696E0
5.690225067E0,1.460463107E-1,-1.750161409E0,9.622296333E0,9.781256627E0
5.692228465E0,1.388636976E-1,-1.754949808E0,9.627084732E0,9.786720206E0
5.694231434E0,1.316810995E-1,-1.750161409E0,9.622296333E0,9.781052683E0
5.696234481E0,1.364694983E-1,-1.747767210E0,9.622296333E0,9.780690204E0
5.698237059E0,1.364694983E-1,-1.747767210E0,9.627084732E0,9.785401095E0
5.700239637E0,1.364694983E-1,-1.740584612E0,9.624691010E0,9.781765472E0
5.702241942E0,1.316810995E-1,-1.750161409E0,9.612719536E0,9.771631478E0
5.704243934E0,1.436520964E-1,-1.754949808E0,9.617507935E0,9.777368952E0
5.706245575E0,1.484405100E-1,-1.762132406E0,9.624691010E0,9.785796965E0
5.708248075E0,1.460463107E-1,-1.757344007E0,9.639056206E0,9.799030157E0
5.710251004E0,1.484405100E-1,-1.752555609E0,9.646238327E0,9.805274071E0
5.712254285E0,1.484405100E-1,-1.759738207E0,9.631873131E0,9.792430401E0
5.714256942E0,1.484405100E-1,-1.766920805E0,9.627084732E0,9.789014463E0
5.716259950E0,1.460463107E-1,-1.774103403E0,9.629479408E0,9.792632235E0
5.718262606E0,1.388636976E-1,-1.774103403E0,9.634267807E0,9.797236457E0
5.720265653E0,1.388636976E-1,-1.781286120E0,9.636661530E0,9.800893266E0
5.722268856E0,1.412578970E-1,-1.778891921E0,9.639056206E0,9.802847280E0
5.724271121E0,1.436520964E-1,-1.781286120E0,9.646238327E0,9.810378689E0
5.726272371E0,1.436520964E-1,-1.781286120E0,9.643844604E0,9.808025027E0
5.728273856E0,1.340752989E-1,-1.788468719E0,9.646238327E0,9.811549847E0
5.730276082E0,1.460463107E-1,-1.793257117E0,9.641449928E0,9.807887506E0
5.732278660E0,1.484405100E-1,-1.788468719E0,9.641449928E0,9.807049080E0
5.734281473E0,1.436520964E-1,-1.790862918E0,9.646238327E0,9.812122083E0
5.736285614E0,1.508347094E-1,-1.790862918E0,9.641449928E0,9.807522512E0
5.738289637E0,1.556231081E-1,-1.795651317E0,9.641449928E0,9.808472813E0
5.740292215E0,1.484405100E-1,-1.790862918E0,9.636661530E0,9.802778688E0
5.742294090E0,1.532289088E-1,-1.800439715E0,9.648633003E0,9.816373113E0
5.744296395E0,1.580173075E-1,-1.795651317E0,9.636661530E0,9.803804290E0
5.746299832E0,1.580173075E-1,-1.795651317E0,9.643844604E0,9.810864991E0
5.748302723E0,1.580173075E-1,-1.793257117E0,9.639056206E0,9.805720019E0
5.750305340E0,1.556231081E-1,-1.798045516E0,9.636661530E0,9.804204795E0
5.752308426E0,1.604115069E-1,-1.800439715E0,9.634267807E0,9.802368652E0
5.754310809E0,1.556231081E-1,-1.798045516E0,9.636661530E0,9.804204795E0
5.756313309E0,1.556231081E-1,-1.807622313E0,9.631873131E0,9.801259969E0
5.758316512E0,1.628057212E-1,-1.810016513E0,9.636661530E0,9.806523896E0
5.760320418E0,1.675941199E-1,-1.795651317E0,9.643844604E0,9.811023912E0
5.762323973E0,1.628057212E-1,-1.795651317E0,9.639056206E0,9.806236479E0
5.764327684E0,1.580173075E-1,-1.800439715E0,9.641449928E0,9.809388837E0
5.766330301E0,1.604115069E-1,-1.802833915E0,9.634267807E0,9.802808687E0
5.768332762E0,1.604115069E-1,-1.805228114E0,9.631873131E0,9.800895898E0
5.770336160E0,1.508347094E-1,-1.805228114E0,9.639056206E0,9.807803230E0
5.772337996E0,1.556231081E-1,-1.807622313E0,9.629479408E0,9.798907626E0
5.774340653E0,1.556231081E-1,-1.800439715E0,9.639056206E0,9.806997821E0
5.776343192E0,1.628057212E-1,-1.800439715E0,9.641449928E0,9.809467141E0
5.778345418E0,1.651999205E-1,-1.805228114E0,9.641449928E0,9.810387162E0
5.780347957E0,1.556231081E-1,-1.810016513E0,9.639056206E0,9.808760516E0
5.782351004E0,1.508347094E-1,-1.793257117E0,9.624691010E0,9.791486058E0
5.784354051E0,1.508347094E-1,-1.793257117E0,9.619902611E0,9.786779268E0
5.786357176E0,1.532289088E-1,-1.800439715E0,9.641449928E0,9.809312870E0
5.788359598E0,1.556231081E-1,-1.810016513E0,9.629479408E0,9.799349570E0
5.790362020E0,1.484405100E-1,-1.814804912E0,9.617507935E0,9.788360962E0
5.792364637E0,1.556231081E-1,-1.807622313E0,9.624691010E0,9.794202061E0
5.794367528E0,1.460463107E-1,-1.805228114E0,9.631873131E0,9.800671307E0
5.796370575E0,1.436520964E-1,-1.807622313E0,9.636661530E0,9.805782977E0
5.798373426E0,1.388636976E-1,-1.805228114E0,9.634267807E0,9.802920373E0
5.800376629E0,1.388636976E-1,-1.819593310E0,9.631873131E0,9.803223090E0
5.802378973E0,1.412578970E-1,-1.814804912E0,9.617507935E0,9.788254672E0
5.804380965E0,1.388636976E-1,-1.807622313E0,9.619902611E0,9.789244496E0
5.806383114E0,1.340752989E-1,-1.807622313E0,9.619902611E0,9.789177742E0
5.808386004E0,1.316810995E-1,-1.810016513E0,9.631873131E0,9.801350912E0
5.810388035E0,1.316810995E-1,-1.810016513E0,9.629479408E0,9.798998590E0
5.812390496E0,1.388636976E-1,-1.807622313E0,9.631873131E0,9.801008191E0
5.814393426E0,1.364694983E-1,-1.810016513E0,9.643844604E0,9.813181057E0
5.816394989E0,1.436520964E-1,-1.810016513E0,9.639056206E0,9.808577891E0
5.818397293E0,1.388636976E-1,-1.810016513E0,9.622296333E0,9.792039095E0
5.820399442E0,1.364694983E-1,-1.807622313E0,9.610325813E0,9.779799824E0
5.822402332E0,1.412578970E-1,-1.793257117E0,9.624691010E0,9.791343213E0
5.824404481E0,1.316810995E-1,-1.795651317E0,9.624691010E0,9.791648512E0
5.826407645E0,1.340752989E-1,-1.795651317E0,9.619902611E0,9.786974307E0
5.828410301E0,1.388636976E-1,-1.786074519E0,9.610325813E0,9.775873749E0
5.830412879E0,1.412578970E-1,-1.788468719E0,9.617507935E0,9.783406003E0
5.832414246E0,1.316810995E-1,-1.786074519E0,9.619902611E0,9.785189234E0
5.834415028E0,1.364694983E-1,-1.783680320E0,9.631873131E0,9.796587131E0
5.836416668E0,1.388636976E-1,-1.778891921E0,9.627084732E0,9.791041826E0
5.838417528E0,1.388636976E-1,-1.778891921E0,9.619902611E0,9.783980061E0
5.840419403E0,1.316810995E-1,-1.786074519E0,9.615114212E0,9.780481758E0
5.842420692E0,1.388636976E-1,-1.788468719E0,9.622296333E0,9.788078985E0
5.844422918E0,1.388636976E-1,-1.786074519E0,9.631873131E0,9.797056972E0
5.846425770E0,1.292868853E-1,-1.788468719E0,9.629479408E0,9.795009399E0
5.848428309E0,1.268926859E-1,-1.783680320E0,9.631873131E0,9.796458403E0
5.850430887E0,1.340752989E-1,-1.781286120E0,9.631873131E0,9.796118437E0
5.852433582E0,1.221042871E-1,-1.778891921E0,9.631873131E0,9.795526833E0
5.854435457E0,1.316810995E-1,-1.776497602E0,9.634267807E0,9.797571118E0
5.856437489E0,1.292868853E-1,-1.778891921E0,9.639056206E0,9.802682087E0
5.858438582E0,1.292868853E-1,-1.764526606E0,9.639056206E0,9.800085396E0
5.860440184E0,1.221042871E-1,-1.762132406E0,9.631873131E0,9.792497132E0
5.862441981E0,1.197100878E-1,-1.774103403E0,9.634267807E0,9.796983697E0
5.864444051E0,1.221042871E-1,-1.774103403E0,9.627084732E0,9.789949580E0
5.866446981E0,1.244984865E-1,-1.769315004E0,9.634267807E0,9.796177399E0
5.868448700E0,1.221042871E-1,-1.771709204E0,9.643844604E0,9.805998252E0
5.870449715E0,1.268926859E-1,-1.776497602E0,9.643844604E0,9.806925320E0
5.872451434E0,1.221042871E-1,-1.788468719E0,9.648633003E0,9.813747941E0
5.874452606E0,1.268926859E-1,-1.778891921E0,9.653421402E0,9.816776609E0
5.876454403E0,1.268926859E-1,-1.778891921E0,9.648633003E0,9.812067929E0
5.878456629E0,1.340752989E-1,-1.778891921E0,9.646238327E0,9.809808689E0
5.880457957E0,1.340752989E-1,-1.776497602E0,9.631873131E0,9.795248844E0
5.882458856E0,1.292868853E-1,-1.776497602E0,9.634267807E0,9.797539232E0
5.884459325E0,1.268926859E-1,-1.778891921E0,9.641449928E0,9.805004586E0
5.886460731E0,1.316810995E-1,-1.778891921E0,9.648633003E0,9.812131023E0
5.888462489E0,1.292868853E-1,-1.778891921E0,9.641449928E0,9.805035864E0
5.890463582E0,1.268926859E-1,-1.778891921E0,9.646238327E0,9.809713150E0
5.892465535E0,1.244984865E-1,-1.774103403E0,9.634267807E0,9.797043377E0
5.894466629E0,1.316810995E-1,-1.771709204E0,9.631873131E0,9.794349056E0
5.896468035E0,1.316810995E-1,-1.776497602E0,9.629479408E0,9.792862570E0
5.898469090E0,1.316810995E-1,-1.783680320E0,9.646238327E0,9.810645711E0
5.900469442E0,1.268926859E-1,-1.781286120E0,9.643844604E0,9.807793878E0
5.902470301E0,1.292868853E-1,-1.786074519E0,9.639056206E0,9.803988057E0
5.904471942E0,1.316810995E-1,-1.778891921E0,9.631873131E0,9.795650891E0
5.906474598E0,1.388636976E-1,-1.783680320E0,9.627084732E0,9.791912941E0
5.908476200E0,1.388636976E-1,-1.778891921E0,9.629479408E0,9.793396411E0
5.910478231E0,1.364694983E-1,-1.783680320E0,9.627084732E0,9.791879281E0
5.912479364E0,1.388636976E-1,-1.783680320E0,9.612719536E0,9.777789908E0
5.914481434E0,1.388636976E-1,-1.776497602E0,9.610325813E0,9.774128559E0
5.916482840E0,1.364694983E-1,-1.776497602E0,9.617507935E0,9.781156707E0
5.918484403E0,1.412578970E-1,-1.783680320E0,9.627084732E0,9.791947187E0
5.920487059E0,1.436520964E-1,-1.783680320E0,9.624691010E0,9.789628616E0
5.922489481E0,1.364694983E-1,-1.778891921E0,9.624691010E0,9.788654525E0
5.924492254E0,1.388636976E-1,-1.778891921E0,9.617507935E0,9.781625553E0
5.926495106E0,1.388636976E-1,-1.778891921E0,9.622296333E0,9.786333651E0
5.928497645E0,1.460463107E-1,-1.769315004E0,9.619902611E0,9.782347947E0
5.930499285E0,1.436520964E-1,-1.771709204E0,9.629479408E0,9.792163351E0
5.932502137E0,1.436520964E-1,-1.769315004E0,9.624691010E0,9.787021433E0
5.934504559E0,1.412578970E-1,-1.771709204E0,9.627084732E0,9.789773630E0
5.936507293E0,1.460463107E-1,-1.774103403E0,9.612719536E0,9.776152069E0
5.938509325E0,1.460463107E-1,-1.774103403E0,9.600749016E0,9.764381909E0
5.940511746E0,1.460463107E-1,-1.774103403E0,9.600749016E0,9.764381909E0
5.942513973E0,1.388636976E-1,-1.774103403E0,9.612719536E0,9.776047406E0
5.944515340E0,1.364694983E-1,-1.762132406E0,9.603142738E0,9.764429579E0
5.946517254E0,1.268926859E-1,-1.759738207E0,9.617507935E0,9.777997708E0
5.948519520E0,1.292868853E-1,-1.759738207E0,9.619902611E0,9.780384445E0
5.950521668E0,1.388636976E-1,-1.750161409E0,9.610325813E0,9.769376148E0
5.952522450E0,1.364694983E-1,-1.754949808E0,9.607931137E0,9.767845898E0
5.954523817E0,1.340752989E-1,-1.757344007E0,9.607931137E0,9.768243183E0
5.956524950E0,1.292868853E-1,-1.754949808E0,9.617507935E0,9.777168445E0
5.958527137E0,1.340752989E-1,-1.752555609E0,9.631873131E0,9.790934958E0
5.960528739E0,1.292868853E-1,-1.762132406E0,9.617507935E0,9.778460236E0
5.962530770E0,1.364694983E-1,-1.766920805E0,9.627084732E0,9.788840253E0
5.964533348E0,1.340752989E-1,-1.754949808E0,9.619902611E0,9.779588501E0
5.966536160E0,1.244984865E-1,-1.762132406E0,9.619902611E0,9.780753383E0
5.968538309E0,1.292868853E-1,-1.762132406E0,9.631873131E0,9.792589327E0
5.970540614E0,1.364694983E-1,-1.754949808E0,9.648633003E0,9.807884154E0
5.972541629E0,1.316810995E-1,-1.757344007E0,9.648633003E0,9.808247382E0
5.974541903E0,1.364694983E-1,-1.759738207E0,9.641449928E0,9.801676346E0
5.976542840E0,1.436520964E-1,-1.764526606E0,9.627084732E0,9.788511149E0
5.978543973E0,1.436520964E-1,-1.774103403E0,9.627084732E0,9.790242042E0
5.980544207E0,1.364694983E-1,-1.774103403E0,9.631873131E0,9.794847973E0
5.982544403E0,1.221042871E-1,-1.752555609E0,9.634267807E0,9.793134166E0
5.984544520E0,1.244984865E-1,-1.754949808E0,9.639056206E0,9.798303590E0
5.986544871E0,1.268926859E-1,-1.754949808E0,9.643844604E0,9.803044901E0
5.988545067E0,1.268926859E-1,-1.757344007E0,9.648633003E0,9.808184263E0
5.990544520E0,1.244984865E-1,-1.759738207E0,9.641449928E0,9.801516982E0
5.992544364E0,1.340752989E-1,-1.764526606E0,9.634267807E0,9.795440087E0
5.994544950E0,1.316810995E-1,-1.759738207E0,9.646238327E0,9.806321040E0
5.996546200E0,1.364694983E-1,-1.754949808E0,9.641449928E0,9.800817796E0
5.998547801E0,1.388636976E-1,-1.754949808E0,9.631873131E0,9.791430537E0
6.000549364E0,1.388636976E-1,-1.752555609E0,9.631873131E0,9.791001700E0
6.002550496E0,1.460463107E-1,-1.754949808E0,9.639056206E0,9.798601068E0
6.004551160E0,1.388636976E-1,-1.766920805E0,9.639056206E0,9.800647774E0
6.006551668E0,1.364694983E-1,-1.762132406E0,9.641449928E0,9.802106471E0
6.008551668E0,1.364694983E-1,-1.762132406E0,9.643844604E0,9.804461908E0
6.010552293E0,1.436520964E-1,-1.762132406E0,9.636661530E0,9.797499272E0
6.012553231E0,1.316810995E-1,-1.764526606E0,9.631873131E0,9.793052336E0
6.014553934E0,1.364694983E-1,-1.769315004E0,9.627084732E0,9.789272698E0
6.016554715E0,1.388636976E-1,-1.774103403E0,9.631873131E0,9.794881624E0
6.018555809E0,1.388636976E-1,-1.776497602E0,9.634267807E0,9.797670286E0
6.020556903E0,1.388636976E-1,-1.769315004E0,9.624691010E0,9.786952321E0
6.022558817E0,1.436520964E-1,-1.774103403E0,9.627084732E0,9.790242042E0
6.024559520E0,1.316810995E-1,-1.774103403E0,9.629479408E0,9.792428528E0
6.026560614E0,1.197100878E-1,-1.769315004E0,9.629479408E0,9.791408467E0
6.028562567E0,1.244984865E-1,-1.766920805E0,9.631873131E0,9.793390067E0
6.030563348E0,1.221042871E-1,-1.764526606E0,9.624691010E0,9.785864327E0
6.032563504E0,1.221042871E-1,-1.769315004E0,9.639056206E0,9.800856574E0
6.034565223E0,1.221042871E-1,-1.766920805E0,9.639056206E0,9.800424640E0
6.036567059E0,1.197100878E-1,-1.764526606E0,9.639056206E0,9.799963734E0
6.038567801E0,1.221042871E-1,-1.752555609E0,9.639056206E0,9.797844924E0
6.040568153E0,1.197100878E-1,-1.766920805E0,9.612719536E0,9.774493159E0
6.042569520E0,1.244984865E-1,-1.769315004E0,9.619902611E0,9.782049974E0
6.044571551E0,1.221042871E-1,-1.762132406E0,9.636661530E0,9.797207026E0
6.046573192E0,1.316810995E-1,-1.774103403E0,9.634267807E0,9.797137285E0
6.048575028E0,1.292868853E-1,-1.776497602E0,9.624691010E0,9.788122182E0
6.050575614E0,1.244984865E-1,-1.778891921E0,9.631873131E0,9.795556970E0
6.052576981E0,1.221042871E-1,-1.778891921E0,9.631873131E0,9.795526833E0
6.054578387E0,1.244984865E-1,-1.776497602E0,9.646238327E0,9.809248568E0
6.056580106E0,1.268926859E-1,-1.771709204E0,9.636661530E0,9.798994882E0
6.058581121E0,1.221042871E-1,-1.781286120E0,9.636661530E0,9.800670137E0
6.060582410E0,1.292868853E-1,-1.774103403E0,9.636661530E0,9.799459343E0
6.062584285E0,1.388636976E-1,-1.786074519E0,9.636661530E0,9.801764675E0
6.064586239E0,1.388636976E-1,-1.781286120E0,9.622296333E0,9.786769135E0
6.066587332E0,1.364694983E-1,-1.781286120E0,9.622296333E0,9.786735456E0
6.068588270E0,1.316810995E-1,-1.795651317E0,9.627084732E0,9.794001430E0
6.070589207E0,1.244984865E-1,-1.795651317E0,9.629479408E0,9.796261389E0
6.072591082E0,1.292868853E-1,-1.805228114E0,9.634267807E0,9.802789390E0
6.074592918E0,1.316810995E-1,-1.793257117E0,9.634267807E0,9.800623816E0
6.076593895E0,1.268926859E-1,-1.800439715E0,9.634267807E0,9.801877427E0
6.078595262E0,1.268926859E-1,-1.800439715E0,9.636661530E0,9.804230228E0
6.080596121E0,1.292868853E-1,-1.800439715E0,9.641449928E0,9.808968090E0
6.082597410E0,1.340752989E-1,-1.805228114E0,9.639056206E0,9.807559802E0
6.084599168E0,1.316810995E-1,-1.802833915E0,9.622296333E0,9.790614729E0
6.086600028E0,1.364694983E-1,-1.805228114E0,9.624691010E0,9.793474843E0
6.088600770E0,1.340752989E-1,-1.805228114E0,9.622296333E0,9.791088369E0
6.090601668E0,1.364694983E-1,-1.790862918E0,9.622296333E0,9.788483061E0
6.092603114E0,1.364694983E-1,-1.788468719E0,9.619902611E0,9.785692133E0
6.094605067E0,1.412578970E-1,-1.788468719E0,9.622296333E0,9.788113244E0
6.096606590E0,1.436520964E-1,-1.802833915E0,9.634267807E0,9.802548762E0
6.098607723E0,1.484405100E-1,-1.800439715E0,9.627084732E0,9.795120121E0
6.100608973E0,1.436520964E-1,-1.798045516E0,9.622296333E0,9.789902468E0
6.102611200E0,1.340752989E-1,-1.790862918E0,9.624691010E0,9.790804012E0
6.104613700E0,1.364694983E-1,-1.786074519E0,9.615114212E0,9.780547399E0
6.106614950E0,1.340752989E-1,-1.793257117E0,9.629479408E0,9.795949211E0
6.108615575E0,1.364694983E-1,-1.798045516E0,9.627084732E0,9.794506217E0
6.110616825E0,1.508347094E-1,-1.790862918E0,9.624691010E0,9.791047857E0
6.112618231E0,1.460463107E-1,-1.793257117E0,9.629479408E0,9.796120369E0
6.114620028E0,1.484405100E-1,-1.802833915E0,9.634267807E0,9.802620103E0
6.116621785E0,1.484405100E-1,-1.793257117E0,9.615114212E0,9.782035932E0
6.118622840E0,1.436520964E-1,-1.793257117E0,9.619902611E0,9.786671204E0
6.120624871E0,1.484405100E-1,-1.793257117E0,9.615114212E0,9.782035932E0
6.122626278E0,1.484405100E-1,-1.793257117E0,9.612719536E0,9.779682129E0
6.124628621E0,1.532289088E-1,-1.790862918E0,9.610325813E0,9.776964321E0
6.126630575E0,1.484405100E-1,-1.781286120E0,9.629479408E0,9.793972049E0
6.128633895E0,1.388636976E-1,-1.786074519E0,9.631873131E0,9.797056972E0
6.130636356E0,1.364694983E-1,-1.790862918E0,9.631873131E0,9.797897424E0
6.132638153E0,1.388636976E-1,-1.786074519E0,9.634267807E0,9.799411283E0
6.134639520E0,1.412578970E-1,-1.795651317E0,9.639056206E0,9.805902405E0
6.136641512E0,1.484405100E-1,-1.793257117E0,9.641449928E0,9.807923450E0
6.138643035E0,1.508347094E-1,-1.800439715E0,9.636661530E0,9.804569328E0
6.140645262E0,1.508347094E-1,-1.800439715E0,9.643844604E0,9.811629479E0
6.142647684E0,1.508347094E-1,-1.793257117E0,9.655815125E0,9.822081649E0
6.144649989E0,1.651999205E-1,-1.788468719E0,9.641449928E0,9.807317069E0
6.146652137E0,1.604115069E-1,-1.798045516E0,9.636661530E0,9.804281971E0
6.148653895E0,1.484405100E-1,-1.802833915E0,9.631873131E0,9.800266564E0
6.150655653E0,1.460463107E-1,-1.793257117E0,9.636661530E0,9.803180405E0
6.152657332E0,1.460463107E-1,-1.795651317E0,9.636661530E0,9.803618649E0
6.154659520E0,1.484405100E-1,-1.798045516E0,9.622296333E0,9.789973901E0
6.156661746E0,1.580173075E-1,-1.800439715E0,9.619902611E0,9.788211220E0
6.158664051E0,1.604115069E-1,-1.802833915E0,9.624691010E0,9.793396704E0
6.160666473E0,1.651999205E-1,-1.798045516E0,9.646238327E0,9.813774633E0
6.162668739E0,1.604115069E-1,-1.800439715E0,9.641449928E0,9.809427697E0
6.164670653E0,1.580173075E-1,-1.788468719E0,9.639056206E0,9.804845453E0
6.166673075E0,1.532289088E-1,-1.783680320E0,9.629479408E0,9.794481521E0
6.168676317E0,1.556231081E-1,-1.786074519E0,9.639056206E0,9.804370723E0
6.170678582E0,1.484405100E-1,-1.788468719E0,9.636661530E0,9.802341576E0
6.172680692E0,1.484405100E-1,-1.788468719E0,9.636661530E0,9.802341576E0
6.174682840E0,1.460463107E-1,-1.795651317E0,9.619902611E0,9.787145622E0
6.176685301E0,1.532289088E-1,-1.786074519E0,9.641449928E0,9.806686393E0
6.178688817E0,1.508347094E-1,-1.783680320E0,9.634267807E0,9.799152145E0
6.180692332E0,1.484405100E-1,-1.781286120E0,9.629479408E0,9.793972049E0
6.182695223E0,1.532289088E-1,-1.781286120E0,9.631873131E0,9.796399305E0
6.184698270E0,1.412578970E-1,-1.783680320E0,9.629479408E0,9.794301555E0
6.186699676E0,1.364694983E-1,-1.778891921E0,9.631873131E0,9.795716431E0
6.188701395E0,1.388636976E-1,-1.783680320E0,9.639056206E0,9.803683142E0
6.190702996E0,1.460463107E-1,-1.778891921E0,9.639056206E0,9.802917450E0
6.192705575E0,1.460463107E-1,-1.783680320E0,9.643844604E0,9.808495489E0
6.194707918E0,1.412578970E-1,-1.781286120E0,9.643844604E0,9.807990252E0
6.196710106E0,1.412578970E-1,-1.783680320E0,9.643844604E0,9.808425359E0
6.198712293E0,1.484405100E-1,-1.783680320E0,9.646238327E0,9.810884972E0
6.200713934E0,1.388636976E-1,-1.774103403E0,9.648633003E0,9.811363047E0
6.202716082E0,1.460463107E-1,-1.788468719E0,9.641449928E0,9.807013134E0
6.204719168E0,1.460463107E-1,-1.774103403E0,9.629479408E0,9.792632235E0
6.206721356E0,1.412578970E-1,-1.766920805E0,9.651026726E0,9.812455339E0
6.208722684E0,1.316810995E-1,-1.781286120E0,9.655815125E0,9.819627583E0
6.210724207E0,1.364694983E-1,-1.783680320E0,9.648633003E0,9.813065690E0
6.212726200E0,1.388636976E-1,-1.788468719E0,9.648633003E0,9.813970772E0
6.214728387E0,1.412578970E-1,-1.783680320E0,9.643844604E0,9.808425359E0
6.216730457E0,1.412578970E-1,-1.788468719E0,9.646238327E0,9.811650626E0
6.218731317E0,1.316810995E-1,-1.783680320E0,9.651026726E0,9.815353904E0
6.220733075E0,1.244984865E-1,-1.774103403E0,9.648633003E0,9.811170246E0
6.222735184E0,1.197100878E-1,-1.764526606E0,9.639056206E0,9.799963734E0
6.224737332E0,1.197100878E-1,-1.769315004E0,9.629479408E0,9.791408467E0
6.226739246E0,1.197100878E-1,-1.766920805E0,9.629479408E0,9.790976116E0
6.228742371E0,1.316810995E-1,-1.774103403E0,9.629479408E0,9.792428528E0
6.230744989E0,1.316810995E-1,-1.774103403E0,9.627084732E0,9.790073709E0
6.232748387E0,1.268926859E-1,-1.764526606E0,9.624691010E0,9.785925246E0
6.234751785E0,1.292868853E-1,-1.757344007E0,9.619902611E0,9.779953952E0
6.236754520E0,1.244984865E-1,-1.762132406E0,9.612719536E0,9.773688524E0
6.238757684E0,1.197100878E-1,-1.762132406E0,9.617507935E0,9.778338304E0
6.240760848E0,1.292868853E-1,-1.762132406E0,9.622296333E0,9.783169857E0
6.242763621E0,1.292868853E-1,-1.764526606E0,9.631873131E0,9.793020435E0
6.244767098E0,1.197100878E-1,-1.754949808E0,9.619902611E0,9.779402107E0
6.246769676E0,1.221042871E-1,-1.752555609E0,9.622296333E0,9.781357132E0
6.248772176E0,1.244984865E-1,-1.762132406E0,9.631873131E0,9.792527278E0
6.250773934E0,1.221042871E-1,-1.771709204E0,9.627084732E0,9.789515994E0
6.252775614E0,1.292868853E-1,-1.769315004E0,9.619902611E0,9.782112089E0
6.254779168E0,1.316810995E-1,-1.766920805E0,9.619902611E0,9.781711266E0
6.256782098E0,1.197100878E-1,-1.754949808E0,9.617507935E0,9.777046497E0
6.258784871E0,1.268926859E-1,-1.759738207E0,9.612719536E0,9.773287941E0
6.260787371E0,1.340752989E-1,-1.759738207E0,9.619902611E0,9.780448915E0
6.262790301E0,1.268926859E-1,-1.757344007E0,9.617507935E0,9.777567110E0
6.264792489E0,1.268926859E-1,-1.762132406E0,9.627084732E0,9.787848222E0
6.266794754E0,1.173158810E-1,-1.759738207E0,9.629479408E0,9.789653479E0
6.268796707E0,1.197100878E-1,-1.764526606E0,9.629479408E0,9.790544332E0
6.270798192E0,1.292868853E-1,-1.771709204E0,9.617507935E0,9.780190564E0
6.272799871E0,1.316810995E-1,-1.757344007E0,9.619902611E0,9.779985895E0
6.274801551E0,1.244984865E-1,-1.759738207E0,9.627084732E0,9.787386723E0
6.276803700E0,1.316810995E-1,-1.764526606E0,9.641449928E0,9.802471667E0
6.278805965E0,1.244984865E-1,-1.759738207E0,9.636661530E0,9.796806820E0
6.280807762E0,1.244984865E-1,-1.750161409E0,9.622296333E0,9.780958622E0
6.282810692E0,1.221042871E-1,-1.754949808E0,9.634267807E0,9.793562910E0
6.284814403E0,1.268926859E-1,-1.762132406E0,9.629479408E0,9.790203575E0
6.286816707E0,1.340752989E-1,-1.769315004E0,9.627084732E0,9.789239613E0
6.288819168E0,1.316810995E-1,-1.769315004E0,9.646238327E0,9.808044115E0
6.290821903E0,1.364694983E-1,-1.762132406E0,9.646238327E0,9.806816425E0
6.292824559E0,1.292868853E-1,-1.759738207E0,9.641449928E0,9.801578974E0
6.294827176E0,1.268926859E-1,-1.754949808E0,9.627084732E0,9.786557670E0
6.296830418E0,1.268926859E-1,-1.757344007E0,9.622296333E0,9.782277160E0
6.298833114E0,1.268926859E-1,-1.764526606E0,9.629479408E0,9.790634789E0
6.300834520E0,1.292868853E-1,-1.752555609E0,9.629479408E0,9.788515717E0
6.302835731E0,1.292868853E-1,-1.754949808E0,9.624691010E0,9.784234306E0
6.304836942E0,1.268926859E-1,-1.766920805E0,9.631873131E0,9.793420796E0
6.306838543E0,1.292868853E-1,-1.771709204E0,9.631873131E0,9.794317159E0
6.308840262E0,1.268926859E-1,-1.774103403E0,9.641449928E0,9.804136951E0
6.310841785E0,1.340752989E-1,-1.783680320E0,9.624691010E0,9.789492770E0
6.312843035E0,1.268926859E-1,-1.774103403E0,9.631873131E0,9.794719222E0
6.314844989E0,1.316810995E-1,-1.774103403E0,9.634267807E0,9.797137285E0
6.316846864E0,1.388636976E-1,-1.776497602E0,9.622296333E0,9.785898711E0
6.318849051E0,1.436520964E-1,-1.778891921E0,9.627084732E0,9.791110909E0
6.320851707E0,1.412578970E-1,-1.781286120E0,9.643844604E0,9.807990252E0
6.322853309E0,1.340752989E-1,-1.776497602E0,9.636661530E0,9.799957416E0
6.324854403E0,1.316810995E-1,-1.769315004E0,9.648633003E0,9.810399295E0
6.326856239E0,1.340752989E-1,-1.764526606E0,9.631873131E0,9.793084822E0
6.328856590E0,1.292868853E-1,-1.766920805E0,9.636661530E0,9.798161545E0
6.330857879E0,1.388636976E-1,-1.774103403E0,9.634267807E0,9.797236457E0
6.332859559E0,1.460463107E-1,-1.778891921E0,9.627084732E0,9.791146329E0
6.334861200E0,1.460463107E-1,-1.776497602E0,9.627084732E0,9.790711603E0
6.336862918E0,1.436520964E-1,-1.776497602E0,9.639056206E0,9.802447867E0
6.338864832E0,1.460463107E-1,-1.781286120E0,9.631873131E0,9.796289592E0
6.340866825E0,1.508347094E-1,-1.781286120E0,9.615114212E0,9.779885105E0
6.342868934E0,1.484405100E-1,-1.783680320E0,9.619902611E0,9.784992402E0
6.344870926E0,1.484405100E-1,-1.786074519E0,9.627084732E0,9.792489837E0
6.346872215E0,1.508347094E-1,-1.786074519E0,9.624691010E0,9.790173151E0
6.348875223E0,1.580173075E-1,-1.790862918E0,9.646238327E0,9.812342907E0
6.350877879E0,1.532289088E-1,-1.802833915E0,9.636661530E0,9.805046387E0
6.352880418E0,1.580173075E-1,-1.793257117E0,9.631873131E0,9.798659121E0
6.354882332E0,1.580173075E-1,-1.795651317E0,9.641449928E0,9.808511092E0
6.356884207E0,1.651999205E-1,-1.790862918E0,9.636661530E0,9.803046794E0
6.358886512E0,1.651999205E-1,-1.790862918E0,9.629479408E0,9.795986662E0
6.360889051E0,1.651999205E-1,-1.790862918E0,9.629479408E0,9.795986662E0
6.362891785E0,1.675941199E-1,-1.790862918E0,9.627084732E0,9.793673377E0
6.364893114E0,1.628057212E-1,-1.795651317E0,9.643844604E0,9.810943283E0
6.366894832E0,1.628057212E-1,-1.798045516E0,9.639056206E0,9.806675171E0
6.368896942E0,1.675941199E-1,-1.781286120E0,9.631873131E0,9.796634526E0
6.370899364E0,1.699883193E-1,-1.781286120E0,9.624691010E0,9.789614563E0
6.372901434E0,1.699883193E-1,-1.788468719E0,9.631873131E0,9.797984303E0
6.374903582E0,1.604115069E-1,-1.790862918E0,9.634267807E0,9.800614165E0
6.376905262E0,1.628057212E-1,-1.788468719E0,9.631873131E0,9.797862321E0
6.378907176E0,1.771709323E-1,-1.793257117E0,9.627084732E0,9.794280018E0
6.380908778E0,1.819593310E-1,-1.795651317E0,9.639056206E0,9.806573172E0
6.382910418E0,1.795651317E-1,-1.793257117E0,9.643844604E0,9.810797800E0
6.384912020E0,1.699883193E-1,-1.798045516E0,9.629479408E0,9.797384211E0
6.386914325E0,1.699883193E-1,-1.798045516E0,9.627084732E0,9.795030584E0
6.388916239E0,1.747767180E-1,-1.795651317E0,9.622296333E0,9.789969217E0
6.390919442E0,1.699883193E-1,-1.798045516E0,9.624691010E0,9.792677914E0
6.392921785E0,1.771709323E-1,-1.802833915E0,9.622296333E0,9.791332207E0
6.394923934E0,1.651999205E-1,-1.802833915E0,9.624691010E0,9.793476307E0
6.396926785E0,1.699883193E-1,-1.800439715E0,9.636661530E0,9.804882693E0
6.398929637E0,1.699883193E-1,-1.795651317E0,9.643844604E0,9.811065102E0
6.400931434E0,1.699883193E-1,-1.788468719E0,9.653421402E0,9.819168048E0
6.402932840E0,1.651999205E-1,-1.795651317E0,9.651026726E0,9.818043162E0
6.404934246E0,1.604115069E-1,-1.795651317E0,9.655815125E0,9.822670778E0
6.406936434E0,1.651999205E-1,-1.805228114E0,9.655815125E0,9.824505345E0
6.408939364E0,1.580173075E-1,-1.795651317E0,9.648633003E0,9.815571912E0
6.410941317E0,1.532289088E-1,-1.805228114E0,9.641449928E0,9.810192881E0
6.412943660E0,1.628057212E-1,-1.795651317E0,9.651026726E0,9.818003168E0
6.414945535E0,1.580173075E-1,-1.798045516E0,9.641449928E0,9.808949682E0
6.416947059E0,1.532289088E-1,-1.798045516E0,9.651026726E0,9.818287205E0
6.418949207E0,1.532289088E-1,-1.802833915E0,9.646238327E0,9.814458879E0
6.420951473E0,1.604115069E-1,-1.807622313E0,9.646238327E0,9.815454352E0
6.422953973E0,1.532289088E-1,-1.810016513E0,9.639056206E0,9.808722823E0
6.424956395E0,1.460463107E-1,-1.810016513E0,9.648633003E0,9.818024655E0
6.426958700E0,1.460463107E-1,-1.807622313E0,9.651026726E0,9.819936090E0
6.428961825E0,1.436520964E-1,-1.798045516E0,9.648633003E0,9.815789445E0
6.430964403E0,1.388636976E-1,-1.805228114E0,9.648633003E0,9.817038785E0
6.432966981E0,1.436520964E-1,-1.807622313E0,9.653421402E0,9.822254279E0
6.434969793E0,1.508347094E-1,-1.802833915E0,9.646238327E0,9.814421791E0
6.436972410E0,1.532289088E-1,-1.807622313E0,9.639056206E0,9.808281300E0
6.438975887E0,1.412578970E-1,-1.798045516E0,9.646238327E0,9.813400804E0
6.440978934E0,1.412578970E-1,-1.800439715E0,9.643844604E0,9.811486927E0
6.442982176E0,1.460463107E-1,-1.786074519E0,9.631873131E0,9.797161411E0
6.444984754E0,1.460463107E-1,-1.788468719E0,9.629479408E0,9.795244946E0
6.446987176E0,1.388636976E-1,-1.795651317E0,9.634267807E0,9.801161306E0
6.448988817E0,1.412578970E-1,-1.790862918E0,9.624691010E0,9.790905005E0
6.450992020E0,1.436520964E-1,-1.783680320E0,9.617507935E0,9.782566651E0
6.452994676E0,1.532289088E-1,-1.776497602E0,9.631873131E0,9.795529737E0
6.454997879E0,1.508347094E-1,-1.769315004E0,9.617507935E0,9.780065724E0
6.457001160E0,1.436520964E-1,-1.769315004E0,9.610325813E0,9.772894850E0
6.459004325E0,1.532289088E-1,-1.769315004E0,9.607931137E0,9.770685514E0
6.461007059E0,1.628057212E-1,-1.766920805E0,9.607931137E0,9.770407134E0
6.463010731E0,1.532289088E-1,-1.754949808E0,9.600749016E0,9.761030150E0
6.465013504E0,1.532289088E-1,-1.747767210E0,9.612719536E0,9.771517088E0
6.467017450E0,1.484405100E-1,-1.752555609E0,9.605537415E0,9.765236032E0
6.469021395E0,1.436520964E-1,-1.750161409E0,9.605537415E0,9.764735015E0
6.471024754E0,1.460463107E-1,-1.742978811E0,9.607931137E0,9.765840742E0
6.473028387E0,1.436520964E-1,-1.740584612E0,9.607931137E0,9.765378203E0
6.475031746E0,1.508347094E-1,-1.742978811E0,9.600749016E0,9.758847673E0
6.477035223E0,1.388636976E-1,-1.745373011E0,9.612719536E0,9.770874421E0
6.479038739E0,1.412578970E-1,-1.745373011E0,9.607931137E0,9.766197903E0
6.481041473E0,1.316810995E-1,-1.752555609E0,9.607931137E0,9.767350296E0
6.483044207E0,1.364694983E-1,-1.752555609E0,9.610325813E0,9.769771611E0
6.485047371E0,1.316810995E-1,-1.747767210E0,9.615114212E0,9.773558791E0
6.487050379E0,1.268926859E-1,-1.752555609E0,9.615114212E0,9.774352880E0
6.489052606E0,1.244984865E-1,-1.752555609E0,9.619902611E0,9.779032533E0
6.491054989E0,1.364694983E-1,-1.754949808E0,9.619902611E0,9.779621618E0
6.493057254E0,1.221042871E-1,-1.754949808E0,9.619902611E0,9.779431708E0
6.495059207E0,1.149216816E-1,-1.752555609E0,9.622296333E0,9.781270106E0
6.497061473E0,1.268926859E-1,-1.759738207E0,9.634267807E0,9.794482962E0
6.499062801E0,1.340752989E-1,-1.754949808E0,9.636661530E0,9.796074237E0
6.501064051E0,1.292868853E-1,-1.764526606E0,9.624691010E0,9.785956584E0
6.503066278E0,1.268926859E-1,-1.762132406E0,9.624691010E0,9.785493825E0
6.505068075E0,1.244984865E-1,-1.764526606E0,9.641449928E0,9.802377810E0
6.507069481E0,1.221042871E-1,-1.759738207E0,9.634267807E0,9.794422096E0
6.509071629E0,1.388636976E-1,-1.764526606E0,9.636661530E0,9.797861129E0
6.511073270E0,1.340752989E-1,-1.771709204E0,9.629479408E0,9.792027541E0
6.513074715E0,1.316810995E-1,-1.766920805E0,9.636661530E0,9.798193429E0
6.515077059E0,1.292868853E-1,-1.766920805E0,9.634267807E0,9.795807287E0
6.517079207E0,1.316810995E-1,-1.774103403E0,9.648633003E0,9.811264018E0
6.519081942E0,1.412578970E-1,-1.778891921E0,9.641449928E0,9.805201017E0
6.521084129E0,1.412578970E-1,-1.783680320E0,9.641449928E0,9.806070875E0
6.523084910E0,1.460463107E-1,-1.776497602E0,9.648633003E0,9.811900534E0
6.525086317E0,1.412578970E-1,-1.781286120E0,9.648633003E0,9.812698552E0
6.527087723E0,1.412578970E-1,-1.790862918E0,9.651026726E0,9.816794825E0
6.529088739E0,1.412578970E-1,-1.790862918E0,9.646238327E0,9.812087324E0
6.531089950E0,1.412578970E-1,-1.793257117E0,9.639056206E0,9.805464263E0
6.533090535E0,1.484405100E-1,-1.781286120E0,9.639056206E0,9.803388157E0
6.535090926E0,1.388636976E-1,-1.774103403E0,9.636661530E0,9.799590371E0
6.537092567E0,1.484405100E-1,-1.778891921E0,9.634267807E0,9.798245110E0
6.539094676E0,1.508347094E-1,-1.781286120E0,9.639056206E0,9.803424702E0
6.541096356E0,1.484405100E-1,-1.783680320E0,9.639056206E0,9.803823469E0
6.543098309E0,1.508347094E-1,-1.778891921E0,9.631873131E0,9.795927092E0
6.545099520E0,1.484405100E-1,-1.769315004E0,9.639056206E0,9.801220062E0
6.547100692E0,1.460463107E-1,-1.778891921E0,9.643844604E0,9.807625847E0
6.549102098E0,1.484405100E-1,-1.783680320E0,9.639056206E0,9.803823469E0
6.551103504E0,1.460463107E-1,-1.774103403E0,9.648633003E0,9.811467334E0
6.553104481E0,1.484405100E-1,-1.774103403E0,9.636661530E0,9.799730757E0
6.555104598E0,1.532289088E-1,-1.776497602E0,9.615114212E0,9.779051290E0
6.557104832E0,1.580173075E-1,-1.774103403E0,9.622296333E0,9.785754906E0
6.559105535E0,1.556231081E-1,-1.781286120E0,9.627084732E0,9.791729124E0
6.561106434E0,1.532289088E-1,-1.781286120E0,9.622296333E0,9.786983502E0
6.563107215E0,1.484405100E-1,-1.786074519E0,9.617507935E0,9.783074959E0
6.565107996E0,1.436520964E-1,-1.793257117E0,9.622296333E0,9.789024146E0
6.567108660E0,1.412578970E-1,-1.790862918E0,9.617507935E0,9.783843961E0
6.569110223E0,1.508347094E-1,-1.790862918E0,9.636661530E0,9.802815235E0
6.571110887E0,1.340752989E-1,-1.786074519E0,9.629479408E0,9.794636902E0
6.573112957E0,1.412578970E-1,-1.781286120E0,9.627084732E0,9.791511348E0
6.575114520E0,1.412578970E-1,-1.781286120E0,9.634267807E0,9.798573887E0
6.577115457E0,1.364694983E-1,-1.786074519E0,9.631873131E0,9.797023330E0
6.579115106E0,1.364694983E-1,-1.788468719E0,9.634267807E0,9.799814307E0
6.581116473E0,1.364694983E-1,-1.790862918E0,9.631873131E0,9.797897424E0
6.583116942E0,1.364694983E-1,-1.793257117E0,9.627084732E0,9.793628309E0
6.585118504E0,1.316810995E-1,-1.793257117E0,9.641449928E0,9.807684116E0
6.587119676E0,1.292868853E-1,-1.793257117E0,9.631873131E0,9.798237913E0
6.589121317E0,1.268926859E-1,-1.798045516E0,9.624691010E0,9.792024635E0
6.591123231E0,1.292868853E-1,-1.800439715E0,9.617507935E0,9.785435971E0
6.593125379E0,1.268926859E-1,-1.800439715E0,9.603142738E0,9.771286270E0
6.595127528E0,1.244984865E-1,-1.800439715E0,9.610325813E0,9.778315053E0
6.597128465E0,1.292868853E-1,-1.800439715E0,9.629479408E0,9.797202251E0
6.599130692E0,1.268926859E-1,-1.798045516E0,9.619902611E0,9.787318104E0
6.601133075E0,1.316810995E-1,-1.807622313E0,9.624691010E0,9.793850896E0
6.603135887E0,1.292868853E-1,-1.812410712E0,9.619902611E0,9.789998669E0
6.605137996E0,1.268926859E-1,-1.807622313E0,9.610325813E0,9.779670875E0
6.607140340E0,1.316810995E-1,-1.812410712E0,9.612719536E0,9.782972420E0
6.609143543E0,1.340752989E-1,-1.810016513E0,9.622296333E0,9.791972359E0
6.611145496E0,1.316810995E-1,-1.810016513E0,9.619902611E0,9.789587628E0
6.613147801E0,1.268926859E-1,-1.802833915E0,9.631873131E0,9.799963872E0
6.615149012E0,1.221042871E-1,-1.807622313E0,9.624691010E0,9.793726814E0
6.617151512E0,1.221042871E-1,-1.810016513E0,9.636661530E0,9.805932626E0
6.619153153E0,1.221042871E-1,-1.790862918E0,9.631873131E0,9.797707867E0
6.621155692E0,1.268926859E-1,-1.793257117E0,9.627084732E0,9.793499542E0
6.623157918E0,1.316810995E-1,-1.790862918E0,9.622296333E0,9.788417473E0
6.625159793E0,1.244984865E-1,-1.795651317E0,9.622296333E0,9.789200695E0
6.627161082E0,1.292868853E-1,-1.795651317E0,9.622296333E0,9.789262765E0
6.629162489E0,1.244984865E-1,-1.788468719E0,9.624691010E0,9.790239898E0
6.631164442E0,1.364694983E-1,-1.798045516E0,9.624691010E0,9.792153422E0
6.633166512E0,1.388636976E-1,-1.790862918E0,9.629479408E0,9.795577920E0
6.635168700E0,1.340752989E-1,-1.793257117E0,9.629479408E0,9.795949211E0
6.637171473E0,1.340752989E-1,-1.802833915E0,9.624691010E0,9.793000732E0
6.639174754E0,1.460463107E-1,-1.793257117E0,9.622296333E0,9.789059574E0
6.641177606E0,1.340752989E-1,-1.786074519E0,9.622296333E0,9.787575037E0
6.643180067E0,1.316810995E-1,-1.788468719E0,9.629479408E0,9.795041294E0
6.645182567E0,1.388636976E-1,-1.781286120E0,9.631873131E0,9.796185144E0
6.647184051E0,1.460463107E-1,-1.786074519E0,9.619902611E0,9.785393091E0
6.649185340E0,1.412578970E-1,-1.788468719E0,9.610325813E0,9.776345758E0
6.651186942E0,1.460463107E-1,-1.776497602E0,9.612719536E0,9.776586834E0
6.653187996E0,1.436520964E-1,-1.774103403E0,9.624691010E0,9.787888222E0
6.655189676E0,1.436520964E-1,-1.776497602E0,9.634267807E0,9.797739323E0
6.657191043E0,1.460463107E-1,-1.771709204E0,9.636661530E0,9.799261628E0
6.659193465E0,1.412578970E-1,-1.769315004E0,9.639056206E0,9.801113912E0
6.661195028E0,1.268926859E-1,-1.769315004E0,9.641449928E0,9.803271600E0
6.663196629E0,1.412578970E-1,-1.769315004E0,9.646238327E0,9.808177366E0
6.665200067E0,1.508347094E-1,-1.774103403E0,9.643844604E0,9.806830923E0
6.667202567E0,1.508347094E-1,-1.774103403E0,9.639056206E0,9.802122144E0
6.669205145E0,1.508347094E-1,-1.781286120E0,9.648633003E0,9.812841086E0
6.671206668E0,1.436520964E-1,-1.776497602E0,9.646238327E0,9.809510361E0
6.673208387E0,1.388636976E-1,-1.776497602E0,9.646238327E0,9.809441407E0
6.675210301E0,1.436520964E-1,-1.776497602E0,9.641449928E0,9.804801700E0
6.677211278E0,1.460463107E-1,-1.771709204E0,9.643844604E0,9.806325600E0
6.679212098E0,1.436520964E-1,-1.776497602E0,9.646238327E0,9.809510361E0
6.681213739E0,1.412578970E-1,-1.776497602E0,9.629479408E0,9.792996028E0
6.683215496E0,1.412578970E-1,-1.774103403E0,9.639056206E0,9.801979454E0
6.685217293E0,1.340752989E-1,-1.769315004E0,9.634267807E0,9.796303790E0
6.687219012E0,1.388636976E-1,-1.774103403E0,9.641449928E0,9.804299196E0
6.689220770E0,1.364694983E-1,-1.764526606E0,9.662998199E0,9.823732095E0
6.691222840E0,1.340752989E-1,-1.762132406E0,9.660603523E0,9.820913768E0
6.693224207E0,1.316810995E-1,-1.776497602E0,9.658209801E0,9.821115018E0
6.695225809E0,1.316810995E-1,-1.774103403E0,9.646238327E0,9.808909045E0
6.697227293E0,1.316810995E-1,-1.766920805E0,9.643844604E0,9.805258171E0
6.699229481E0,1.364694983E-1,-1.759738207E0,9.655815125E0,9.815807058E0
6.701232020E0,1.412578970E-1,-1.766920805E0,9.643844604E0,9.805391460E0
6.703235106E0,1.268926859E-1,-1.774103403E0,9.639056206E0,9.801782959E0
6.705237840E0,1.244984865E-1,-1.778891921E0,9.631873131E0,9.795556970E0
6.707240301E0,1.221042871E-1,-1.776497602E0,9.631873131E0,9.795092302E0
6.709242098E0,1.125274822E-1,-1.771709204E0,9.631873131E0,9.794110268E0
6.711243895E0,1.125274822E-1,-1.762132406E0,9.631873131E0,9.792382400E0
6.713246668E0,1.173158810E-1,-1.764526606E0,9.631873131E0,9.792869710E0
6.715248114E0,1.221042871E-1,-1.769315004E0,9.622296333E0,9.784373857E0
6.717250301E0,1.149216816E-1,-1.766920805E0,9.624691010E0,9.786209335E0
6.719253348E0,1.101332754E-1,-1.764526606E0,9.624691010E0,9.785722278E0
6.721255926E0,1.149216816E-1,-1.771709204E0,9.617507935E0,9.780011215E0
6.723257801E0,1.173158810E-1,-1.769315004E0,9.627084732E0,9.789024417E0
6.725259364E0,1.197100878E-1,-1.769315004E0,9.636661530E0,9.798471897E0
6.727261121E0,1.197100878E-1,-1.771709204E0,9.622296333E0,9.784777500E0
6.729262137E0,1.077390760E-1,-1.774103403E0,9.617507935E0,9.780363463E0
6.731262996E0,1.173158810E-1,-1.776497602E0,9.622296333E0,9.785616663E0
6.733264989E0,1.221042871E-1,-1.762132406E0,9.617507935E0,9.778367908E0
6.735267215E0,1.149216816E-1,-1.757344007E0,9.612719536E0,9.772709032E0
6.737268856E0,1.173158810E-1,-1.759738207E0,9.619902611E0,9.780233526E0
6.739270418E0,1.221042871E-1,-1.769315004E0,9.619902611E0,9.782019796E0
6.741271512E0,1.197100878E-1,-1.762132406E0,9.622296333E0,9.783047984E0
6.743273192E0,1.173158810E-1,-1.757344007E0,9.615114212E0,9.775092955E0
6.745274910E0,1.173158810E-1,-1.766920805E0,9.617507935E0,9.779173330E0
6.747276707E0,1.125274822E-1,-1.771709204E0,9.627084732E0,9.789401227E0
6.749278426E0,1.221042871E-1,-1.771709204E0,9.634267807E0,9.796579971E0
6.751286981E0,1.244984865E-1,-1.762132406E0,9.634267807E0,9.794882678E0
6.753281825E0,1.197100878E-1,-1.764526606E0,9.624691010E0,9.785834746E0
6.755284559E0,1.149216816E-1,-1.762132406E0,9.629479408E0,9.790055734E0
6.757286864E0,1.173158810E-1,-1.769315004E0,9.624691010E0,9.786670303E0
6.759288543E0,1.125274822E-1,-1.764526606E0,9.629479408E0,9.790459144E0
6.761290340E0,1.268926859E-1,-1.764526606E0,9.615114212E0,9.776506391E0
6.763291512E0,1.197100878E-1,-1.769315004E0,9.629479408E0,9.791408467E0
6.765293348E0,1.173158810E-1,-1.769315004E0,9.631873131E0,9.793733640E0
6.767294246E0,1.221042871E-1,-1.762132406E0,9.631873131E0,9.792497132E0
6.769295575E0,1.316810995E-1,-1.764526606E0,9.634267807E0,9.795407609E0
6.771296864E0,1.316810995E-1,-1.766920805E0,9.636661530E0,9.798193429E0
6.773297450E0,1.364694983E-1,-1.771709204E0,9.634267807E0,9.796769549E0
6.775298035E0,1.316810995E-1,-1.766920805E0,9.636661530E0,9.798193429E0
6.777298153E0,1.292868853E-1,-1.769315004E0,9.631873131E0,9.793884352E0
6.779299207E0,1.268926859E-1,-1.766920805E0,9.643844604E0,9.805195033E0
6.781300653E0,1.292868853E-1,-1.766920805E0,9.636661530E0,9.798161545E0
6.783301825E0,1.388636976E-1,-1.783680320E0,9.636661530E0,9.801328688E0
6.785302957E0,1.412578970E-1,-1.786074519E0,9.631873131E0,9.797091200E0
6.787304012E0,1.364694983E-1,-1.778891921E0,9.629479408E0,9.793362756E0
6.789304871E0,1.340752989E-1,-1.776497602E0,9.646238327E0,9.809374790E0
6.791305731E0,1.460463107E-1,-1.764526606E0,9.639056206E0,9.800320822E0
6.793307684E0,1.364694983E-1,-1.771709204E0,9.639056206E0,9.801478560E0
6.795309793E0,1.364694983E-1,-1.769315004E0,9.639056206E0,9.801046069E0
6.797311590E0,1.412578970E-1,-1.776497602E0,9.634267807E0,9.797704512E0
6.799313426E0,1.460463107E-1,-1.771709204E0,9.629479408E0,9.792198767E0
6.801315653E0,1.532289088E-1,-1.776497602E0,9.629479408E0,9.793176017E0
6.803317879E0,1.556231081E-1,-1.776497602E0,9.624691010E0,9.788505469E0
6.805319481E0,1.484405100E-1,-1.778891921E0,9.634267807E0,9.798245110E0
6.807319910E0,1.556231081E-1,-1.774103403E0,9.639056206E0,9.802196997E0
6.809320223E0,1.412578970E-1,-1.776497602E0,9.641449928E0,9.804766914E0
6.811321707E0,1.508347094E-1,-1.774103403E0,9.634267807E0,9.797413443E0
6.813322489E0,1.484405100E-1,-1.786074519E0,9.641449928E0,9.806612743E0
6.815323270E0,1.580173075E-1,-1.786074519E0,9.639056206E0,9.804409018E0
6.817323934E0,1.604115069E-1,-1.786074519E0,9.631873131E0,9.797386082E0
6.819324520E0,1.580173075E-1,-1.781286120E0,9.631873131E0,9.796475372E0
6.821325379E0,1.604115069E-1,-1.783680320E0,9.634267807E0,9.799304236E0
6.823327489E0,1.556231081E-1,-1.781286120E0,9.648633003E0,9.812915857E0
6.825328817E0,1.508347094E-1,-1.783680320E0,9.648633003E0,9.813275978E0
6.827330184E0,1.436520964E-1,-1.783680320E0,9.651026726E0,9.815521803E0
6.829331434E0,1.484405100E-1,-1.783680320E0,9.648633003E0,9.813239470E0
6.831332410E0,1.580173075E-1,-1.778891921E0,9.634267807E0,9.798394874E0
6.833334285E0,1.628057212E-1,-1.774103403E0,9.629479408E0,9.792896521E0
6.835335887E0,1.556231081E-1,-1.774103403E0,9.641449928E0,9.804550890E0
6.837337450E0,1.580173075E-1,-1.781286120E0,9.627084732E0,9.791767468E0
6.839339481E0,1.532289088E-1,-1.776497602E0,9.627084732E0,9.790821379E0
6.841341746E0,1.508347094E-1,-1.781286120E0,9.629479408E0,9.794008629E0
6.843343543E0,1.532289088E-1,-1.783680320E0,9.636661530E0,9.801542737E0
6.845346043E0,1.460463107E-1,-1.788468719E0,9.639056206E0,9.804659832E0
6.847346942E0,1.484405100E-1,-1.769315004E0,9.639056206E0,9.801220062E0
6.849348426E0,1.484405100E-1,-1.776497602E0,9.634267807E0,9.797810699E0
6.851351200E0,1.508347094E-1,-1.776497602E0,9.624691010E0,9.788430511E0
6.853354129E0,1.412578970E-1,-1.778891921E0,9.624691010E0,9.788722454E0
6.855356434E0,1.340752989E-1,-1.786074519E0,9.629479408E0,9.794636902E0
6.857358231E0,1.484405100E-1,-1.783680320E0,9.636661530E0,9.801469048E0
6.859360809E0,1.460463107E-1,-1.788468719E0,9.643844604E0,9.809367392E0
6.861363621E0,1.388636976E-1,-1.781286120E0,9.641449928E0,9.805601465E0
6.863366825E0,1.436520964E-1,-1.783680320E0,9.636661530E0,9.801397698E0
6.865368778E0,1.436520964E-1,-1.786074519E0,9.629479408E0,9.794772677E0
6.867370653E0,1.292868853E-1,-1.786074519E0,9.619902611E0,9.785157307E0
6.869372801E0,1.316810995E-1,-1.786074519E0,9.629479408E0,9.794604422E0
6.871374559E0,1.316810995E-1,-1.788468719E0,9.619902611E0,9.785626526E0
6.873375887E0,1.412578970E-1,-1.774103403E0,9.610325813E0,9.773727995E0
6.875377450E0,1.388636976E-1,-1.783680320E0,9.622296333E0,9.787205185E0
6.877379832E0,1.388636976E-1,-1.788468719E0,9.634267807E0,9.799847941E0
6.879381512E0,1.364694983E-1,-1.795651317E0,9.636661530E0,9.803480658E0
6.881384090E0,1.436520964E-1,-1.790862918E0,9.629479408E0,9.795646971E0
6.883387528E0,1.412578970E-1,-1.798045516E0,9.622296333E0,9.789867629E0
6.885390106E0,1.340752989E-1,-1.788468719E0,9.619902611E0,9.785659037E0
6.887392293E0,1.412578970E-1,-1.783680320E0,9.624691010E0,9.789593776E0
6.889393582E0,1.316810995E-1,-1.783680320E0,9.629479408E0,9.794168115E0
6.891395106E0,1.340752989E-1,-1.781286120E0,9.639056206E0,9.803181166E0
6.893396160E0,1.340752989E-1,-1.786074519E0,9.624691010E0,9.789929285E0
6.895397371E0,1.388636976E-1,-1.786074519E0,9.624691010E0,9.789996034E0
6.897399637E0,1.412578970E-1,-1.786074519E0,9.627084732E0,9.792383592E0
6.899401356E0,1.412578970E-1,-1.781286120E0,9.636661530E0,9.800927480E0
6.901402098E0,1.364694983E-1,-1.774103403E0,9.641449928E0,9.804265578E0
6.903404012E0,1.436520964E-1,-1.776497602E0,9.639056206E0,9.802447867E0
6.905406981E0,1.484405100E-1,-1.778891921E0,9.636661530E0,9.800598782E0
6.907408817E0,1.460463107E-1,-1.786074519E0,9.643844604E0,9.808931158E0
6.909411082E0,1.460463107E-1,-1.783680320E0,9.636661530E0,9.801433081E0
6.911413114E0,1.508347094E-1,-1.778891921E0,9.624691010E0,9.788865338E0
6.913415340E0,1.556231081E-1,-1.776497602E0,9.617507935E0,9.781442693E0
6.915417918E0,1.460463107E-1,-1.776497602E0,9.631873131E0,9.795420015E0
6.917421590E0,1.508347094E-1,-1.786074519E0,9.622296333E0,9.787818962E0
6.919424637E0,1.532289088E-1,-1.783680320E0,9.624691010E0,9.789773828E0
6.921427215E0,1.484405100E-1,-1.781286120E0,9.627084732E0,9.791617602E0
6.923429051E0,1.484405100E-1,-1.781286120E0,9.631873131E0,9.796325578E0
6.925431395E0,1.460463107E-1,-1.774103403E0,9.641449928E0,9.804403558E0
6.927434285E0,1.484405100E-1,-1.771709204E0,9.636661530E0,9.799297604E0
6.929437489E0,1.532289088E-1,-1.774103403E0,9.636661530E0,9.799804458E0
6.931440301E0,1.508347094E-1,-1.778891921E0,9.617507935E0,9.781802822E0
6.933443778E0,1.484405100E-1,-1.776497602E0,9.627084732E0,9.790747610E0
6.935446473E0,1.484405100E-1,-1.774103403E0,9.636661530E0,9.799730757E0
6.937449598E0,1.460463107E-1,-1.771709204E0,9.641449928E0,9.803970611E0
6.939451981E0,1.460463107E-1,-1.781286120E0,9.631873131E0,9.796289592E0
6.941454129E0,1.460463107E-1,-1.781286120E0,9.639056206E0,9.803352197E0
6.943457371E0,1.484405100E-1,-1.781286120E0,9.624691010E0,9.789264112E0
6.945459481E0,1.460463107E-1,-1.778891921E0,9.627084732E0,9.791146329E0
6.947462450E0,1.436520964E-1,-1.769315004E0,9.629479408E0,9.791730449E0
6.949464403E0,1.412578970E-1,-1.771709204E0,9.631873131E0,9.794482493E0
6.951467098E0,1.364694983E-1,-1.774103403E0,9.636661530E0,9.799556737E0
6.953470184E0,1.412578970E-1,-1.786074519E0,9.643844604E0,9.808861032E0
6.955472645E0,1.460463107E-1,-1.786074519E0,9.639056206E0,9.804223388E0
6.957474364E0,1.532289088E-1,-1.783680320E0,9.641449928E0,9.806250624E0
6.959477410E0,1.508347094E-1,-1.781286120E0,9.641449928E0,9.805778300E0
6.961480770E0,1.508347094E-1,-1.781286120E0,9.641449928E0,9.805778300E0
6.963483973E0,1.460463107E-1,-1.776497602E0,9.617507935E0,9.781295013E0
6.965486160E0,1.436520964E-1,-1.776497602E0,9.617507935E0,9.781259557E0
6.967487801E0,1.484405100E-1,-1.793257117E0,9.636661530E0,9.803216365E0
6.969489676E0,1.484405100E-1,-1.783680320E0,9.646238327E0,9.810884972E0
6.971491317E0,1.412578970E-1,-1.783680320E0,9.634267807E0,9.799009412E0
6.973492918E0,1.484405100E-1,-1.778891921E0,9.634267807E0,9.798245110E0
6.975494989E0,1.532289088E-1,-1.774103403E0,9.631873131E0,9.795095813E0
6.977496590E0,1.556231081E-1,-1.776497602E0,9.634267807E0,9.797922150E0
6.979499481E0,1.556231081E-1,-1.781286120E0,9.629479408E0,9.794083544E0
6.981501785E0,1.508347094E-1,-1.776497602E0,9.619902611E0,9.783722251E0
6.983504520E0,1.436520964E-1,-1.774103403E0,9.619902611E0,9.783179700E0
6.985507332E0,1.484405100E-1,-1.774103403E0,9.624691010E0,9.787959670E0
6.987511043E0,1.484405100E-1,-1.774103403E0,9.631873131E0,9.795022076E0
6.989514207E0,1.508347094E-1,-1.774103403E0,9.631873131E0,9.795058652E0
6.991517371E0,1.508347094E-1,-1.778891921E0,9.634267807E0,9.798281674E0
6.993520848E0,1.484405100E-1,-1.776497602E0,9.636661530E0,9.800164476E0
6.995524442E0,1.436520964E-1,-1.766920805E0,9.631873131E0,9.793652284E0
6.997526942E0,1.460463107E-1,-1.769315004E0,9.627084732E0,9.789410889E0
6.999529832E0,1.580173075E-1,-1.774103403E0,9.636661530E0,9.799880499E0
7.001532450E0,1.604115069E-1,-1.776497602E0,9.646238327E0,9.809770102E0
7.003535653E0,1.580173075E-1,-1.759738207E0,9.646238327E0,9.806710044E0
7.005538856E0,1.556231081E-1,-1.759738207E0,9.651026726E0,9.811381858E0
7.007541825E0,1.580173075E-1,-1.766920805E0,9.636661530E0,9.798582756E0
7.009545145E0,1.580173075E-1,-1.769315004E0,9.634267807E0,9.796660718E0
7.011547098E0,1.556231081E-1,-1.769315004E0,9.622296333E0,9.784849557E0
7.013548426E0,1.556231081E-1,-1.764526606E0,9.622296333E0,9.783984844E0
7.015549832E0,1.556231081E-1,-1.764526606E0,9.629479408E0,9.791049299E0
7.017552684E0,1.556231081E-1,-1.769315004E0,9.639056206E0,9.801331475E0
7.019555457E0,1.532289088E-1,-1.764526606E0,9.643844604E0,9.805140080E0
7.021558075E0,1.508347094E-1,-1.764526606E0,9.634267807E0,9.795683816E0
7.023560692E0,1.580173075E-1,-1.759738207E0,9.639056206E0,9.799645533E0
7.025563582E0,1.556231081E-1,-1.766920805E0,9.636661530E0,9.798544439E0
7.027566200E0,1.556231081E-1,-1.759738207E0,9.627084732E0,9.787832117E0
7.029569090E0,1.580173075E-1,-1.769315004E0,9.641449928E0,9.803723873E0
7.031571864E0,1.604115069E-1,-1.776497602E0,9.634267807E0,9.797999375E0
7.033574364E0,1.532289088E-1,-1.783680320E0,9.631873131E0,9.796834927E0
7.035576473E0,1.580173075E-1,-1.769315004E0,9.636661530E0,9.799014771E0
7.037578934E0,1.604115069E-1,-1.771709204E0,9.627084732E0,9.790068733E0
7.039581942E0,1.651999205E-1,-1.771709204E0,9.636661530E0,9.799565804E0
7.041584403E0,1.628057212E-1,-1.764526606E0,9.639056206E0,9.800584900E0
7.043586746E0,1.580173075E-1,-1.762132406E0,9.629479408E0,9.790656452E0
7.045589950E0,1.580173075E-1,-1.764526606E0,9.629479408E0,9.791087646E0
7.047592645E0,1.508347094E-1,-1.757344007E0,9.624691010E0,9.784972463E0
7.049595106E0,1.532289088E-1,-1.762132406E0,9.631873131E0,9.792934684E0
7.051596942E0,1.484405100E-1,-1.766920805E0,9.629479408E0,9.791369536E0
7.053598934E0,1.508347094E-1,-1.766920805E0,9.627084732E0,9.789051061E0
7.055600887E0,1.484405100E-1,-1.771709204E0,9.631873131E0,9.794588715E0
7.057602020E0,1.508347094E-1,-1.769315004E0,9.629479408E0,9.791838457E0
7.059604129E0,1.556231081E-1,-1.769315004E0,9.622296333E0,9.784849557E0
7.061606395E0,1.436520964E-1,-1.766920805E0,9.617507935E0,9.779524729E0
7.063608739E0,1.532289088E-1,-1.774103403E0,9.619902611E0,9.783325009E0
7.065611434E0,1.556231081E-1,-1.771709204E0,9.631873131E0,9.794700203E0
7.067612762E0,1.484405100E-1,-1.776497602E0,9.624691010E0,9.788393910E0
7.069613700E0,1.484405100E-1,-1.778891921E0,9.619902611E0,9.784120670E0
7.071616004E0,1.580173075E-1,-1.774103403E0,9.629479408E0,9.792818084E0
7.073618192E0,1.556231081E-1,-1.771709204E0,9.629479408E0,9.792346283E0
7.075620340E0,1.532289088E-1,-1.766920805E0,9.636661530E0,9.798506706E0
7.077622762E0,1.484405100E-1,-1.769315004E0,9.636661530E0,9.798865016E0
7.079625262E0,1.508347094E-1,-1.781286120E0,9.629479408E0,9.794008629E0
7.081626160E0,1.508347094E-1,-1.778891921E0,9.617507935E0,9.781802822E0
7.083627879E0,1.604115069E-1,-1.776497602E0,9.617507935E0,9.781520048E0
7.085630457E0,1.628057212E-1,-1.766920805E0,9.629479408E0,9.791597853E0
7.087632176E0,1.556231081E-1,-1.766920805E0,9.629479408E0,9.791481060E0
7.089634364E0,1.580173075E-1,-1.757344007E0,9.624691010E0,9.785085818E0
7.091637020E0,1.604115069E-1,-1.764526606E0,9.622296333E0,9.784062179E0
7.093639520E0,1.580173075E-1,-1.771709204E0,9.622296333E0,9.785321134E0
7.095642098E0,1.508347094E-1,-1.776497602E0,9.622296333E0,9.786075902E0
7.097644598E0,1.508347094E-1,-1.764526606E0,9.627084732E0,9.788619192E0
7.099646746E0,1.460463107E-1,-1.766920805E0,9.624691010E0,9.786624325E0
7.101648153E0,1.460463107E-1,-1.766920805E0,9.624691010E0,9.786624325E0
7.103650301E0,1.508347094E-1,-1.766920805E0,9.636661530E0,9.798469558E0
7.105652410E0,1.532289088E-1,-1.764526606E0,9.631873131E0,9.793365777E0
7.107654364E0,1.580173075E-1,-1.764526606E0,9.629479408E0,9.791087646E0
7.109656043E0,1.556231081E-1,-1.776497602E0,9.631873131E0,9.795567482E0
7.111658192E0,1.484405100E-1,-1.766920805E0,9.617507935E0,9.779596238E0
7.113658426E0,1.460463107E-1,-1.774103403E0,9.624691010E0,9.787923653E0
7.115660067E0,1.460463107E-1,-1.783680320E0,9.629479408E0,9.794371786E0
7.117661239E0,1.412578970E-1,-1.790862918E0,9.629479408E0,9.795612153E0
7.119663348E0,1.412578970E-1,-1.783680320E0,9.629479408E0,9.794301555E0
7.121665809E0,1.388636976E-1,-1.778891921E0,9.622296333E0,9.786333651E0
7.123666317E0,1.388636976E-1,-1.776497602E0,9.631873131E0,9.795315557E0
7.125667215E0,1.364694983E-1,-1.778891921E0,9.641449928E0,9.805133202E0
7.127668856E0,1.340752989E-1,-1.788468719E0,9.646238327E0,9.811549847E0
7.129671160E0,1.316810995E-1,-1.786074519E0,9.639056206E0,9.804019922E0
7.131674598E0,1.268926859E-1,-1.788468719E0,9.643844604E0,9.809100920E0
7.133676434E0,1.412578970E-1,-1.790862918E0,9.639056206E0,9.805026686E0
7.135677996E0,1.436520964E-1,-1.793257117E0,9.639056206E0,9.805499047E0
7.137680457E0,1.436520964E-1,-1.795651317E0,9.643844604E0,9.810644134E0
7.139682567E0,1.388636976E-1,-1.798045516E0,9.639056206E0,9.806306917E0
7.141684676E0,1.412578970E-1,-1.793257117E0,9.636661530E0,9.803110237E0
7.143686512E0,1.340752989E-1,-1.790862918E0,9.636661530E0,9.802571684E0
7.145687879E0,1.436520964E-1,-1.788468719E0,9.627084732E0,9.792855392E0
7.147690184E0,1.532289088E-1,-1.790862918E0,9.639056206E0,9.805206455E0
7.149691942E0,1.436520964E-1,-1.790862918E0,9.646238327E0,9.812122083E0
7.151693348E0,1.436520964E-1,-1.788468719E0,9.643844604E0,9.809332038E0
7.153694989E0,1.436520964E-1,-1.790862918E0,9.639056206E0,9.805061471E0
7.155695614E0,1.484405100E-1,-1.790862918E0,9.631873131E0,9.798071473E0
7.157696746E0,1.436520964E-1,-1.788468719E0,9.627084732E0,9.792855392E0
7.159698270E0,1.412578970E-1,-1.788468719E0,9.629479408E0,9.795174722E0
7.161699598E0,1.508347094E-1,-1.788468719E0,9.629479408E0,9.795317511E0
7.163701239E0,1.484405100E-1,-1.783680320E0,9.634267807E0,9.799115585E0
7.165702840E0,1.388636976E-1,-1.781286120E0,9.619902611E0,9.784415650E0
7.167704012E0,1.436520964E-1,-1.778891921E0,9.624691010E0,9.788757297E0
7.169705887E0,1.484405100E-1,-1.778891921E0,9.622296333E0,9.786474226E0
7.171707684E0,1.484405100E-1,-1.781286120E0,9.615114212E0,9.779848472E0
7.173709090E0,1.436520964E-1,-1.786074519E0,9.612719536E0,9.778296119E0
7.175710028E0,1.460463107E-1,-1.786074519E0,9.622296333E0,9.787746341E0
7.177711590E0,1.532289088E-1,-1.786074519E0,9.629479408E0,9.794917813E0
7.179713153E0,1.484405100E-1,-1.788468719E0,9.612719536E0,9.778805235E0
7.181714403E0,1.508347094E-1,-1.786074519E0,9.617507935E0,9.783111579E0
7.183715496E0,1.460463107E-1,-1.788468719E0,9.615114212E0,9.781123207E0
7.185716903E0,1.484405100E-1,-1.788468719E0,9.612719536E0,9.778805235E0
7.187717996E0,1.412578970E-1,-1.790862918E0,9.612719536E0,9.779137010E0
7.189719168E0,1.508347094E-1,-1.795651317E0,9.624691010E0,9.791924826E0
7.191721004E0,1.556231081E-1,-1.790862918E0,9.631873131E0,9.798182921E0
7.193723660E0,1.508347094E-1,-1.786074519E0,9.619902611E0,9.785465729E0
7.195726239E0,1.484405100E-1,-1.781286120E0,9.624691010E0,9.789264112E0
7.197727996E0,1.460463107E-1,-1.800439715E0,9.634267807E0,9.802144096E0
7.199729910E0,1.340752989E-1,-1.798045516E0,9.641449928E0,9.808593201E0
7.201731239E0,1.292868853E-1,-1.795651317E0,9.641449928E0,9.808090307E0
7.203733387E0,1.340752989E-1,-1.786074519E0,9.646238327E0,9.811113710E0
7.205735457E0,1.340752989E-1,-1.788468719E0,9.658209801E0,9.823319861E0
7.207737840E0,1.268926859E-1,-1.788468719E0,9.653421402E0,9.818516531E0
7.209739793E0,1.268926859E-1,-1.790862918E0,9.651026726E0,9.816598627E0
7.211741160E0,1.316810995E-1,-1.790862918E0,9.641449928E0,9.807246638E0
7.213741825E0,1.364694983E-1,-1.790862918E0,9.643844604E0,9.809666287E0
7.215742450E0,1.316810995E-1,-1.781286120E0,9.660603523E0,9.824336140E0
7.217742684E0,1.268926859E-1,-1.781286120E0,9.660603523E0,9.824273125E0
7.219742840E0,1.244984865E-1,-1.793257117E0,9.653421402E0,9.819359232E0
7.221744246E0,1.340752989E-1,-1.793257117E0,9.665391922E0,9.831253647E0
7.223745340E0,1.221042871E-1,-1.800439715E0,9.662998199E0,9.830057316E0
7.225745965E0,1.316810995E-1,-1.800439715E0,9.660603523E0,9.827826999E0
7.227747957E0,1.292868853E-1,-1.810016513E0,9.648633003E0,9.817789655E0
7.229748895E0,1.221042871E-1,-1.810016513E0,9.646238327E0,9.815344268E0
7.231749285E0,1.244984865E-1,-1.807622313E0,9.646238327E0,9.814933121E0
7.233750770E0,1.268926859E-1,-1.810016513E0,9.648633003E0,9.817758418E0
7.235751278E0,1.268926859E-1,-1.802833915E0,9.651026726E0,9.818789576E0
7.237752059E0,1.412578970E-1,-1.805228114E0,9.636661530E0,9.805307123E0
7.239752801E0,1.364694983E-1,-1.793257117E0,9.646238327E0,9.812456822E0
7.241753504E0,1.364694983E-1,-1.790862918E0,9.643844604E0,9.809666287E0
7.243754520E0,1.340752989E-1,-1.778891921E0,9.634267807E0,9.798038009E0
7.245755535E0,1.340752989E-1,-1.774103403E0,9.612719536E0,9.775980562E0
7.247757879E0,1.340752989E-1,-1.766920805E0,9.622296333E0,9.784097917E0
7.249759871E0,1.340752989E-1,-1.759738207E0,9.631873131E0,9.792223177E0
7.251761121E0,1.436520964E-1,-1.759738207E0,9.624691010E0,9.785294656E0
7.253762606E0,1.508347094E-1,-1.757344007E0,9.619902611E0,9.780262538E0
7.255764364E0,1.388636976E-1,-1.750161409E0,9.607931137E0,9.767020468E0
7.257766317E0,1.316810995E-1,-1.742978811E0,9.615114212E0,9.772703636E0
7.259768426E0,1.388636976E-1,-1.735796213E0,9.615114212E0,9.771524596E0
7.261770575E0,1.292868853E-1,-1.731007814E0,9.612719536E0,9.768187141E0
7.263773934E0,1.364694983E-1,-1.738190413E0,9.617507935E0,9.774271774E0
7.265777098E0,1.436520964E-1,-1.735796213E0,9.622296333E0,9.778661010E0
7.267779051E0,1.436520964E-1,-1.731007814E0,9.615114212E0,9.770744357E0
7.269782020E0,1.316810995E-1,-1.728613615E0,9.603142738E0,9.758370530E0
7.271783504E0,1.292868853E-1,-1.731007814E0,9.612719536E0,9.768187141E0
7.273785496E0,1.316810995E-1,-1.735796213E0,9.615114212E0,9.771425163E0
7.275787684E0,1.292868853E-1,-1.733402014E0,9.610325813E0,9.766256185E0
7.277789559E0,1.244984865E-1,-1.733402014E0,9.607931137E0,9.763837522E0
7.279791668E0,1.268926859E-1,-1.745373011E0,9.615114212E0,9.773067584E0
7.281794012E0,1.244984865E-1,-1.745373011E0,9.617507935E0,9.775391843E0
7.283795653E0,1.221042871E-1,-1.752555609E0,9.617507935E0,9.776646638E0
7.285796864E0,1.077390760E-1,-1.750161409E0,9.612719536E0,9.771338165E0
7.287797879E0,1.077390760E-1,-1.757344007E0,9.622296333E0,9.782047454E0
7.289799481E0,1.053448766E-1,-1.766920805E0,9.624691010E0,9.786101558E0
7.291801785E0,1.029506698E-1,-1.766920805E0,9.617507935E0,9.779011547E0
7.293803895E0,1.077390760E-1,-1.757344007E0,9.622296333E0,9.782047454E0
7.295804754E0,1.125274822E-1,-1.766920805E0,9.629479408E0,9.790890932E0
7.297805692E0,1.053448766E-1,-1.769315004E0,9.629479408E0,9.791243374E0
7.299807606E0,1.149216816E-1,-1.778891921E0,9.631873131E0,9.795439932E0
7.301809871E0,1.173158810E-1,-1.778891921E0,9.629479408E0,9.793114579E0
7.303811004E0,1.316810995E-1,-1.776497602E0,9.631873131E0,9.795216366E0
7.305812176E0,1.364694983E-1,-1.771709204E0,9.646238327E0,9.808541751E0
7.307814246E0,1.244984865E-1,-1.769315004E0,9.653421402E0,9.815015039E0
7.309816903E0,1.268926859E-1,-1.764526606E0,9.651026726E0,9.811828207E0
7.311818973E0,1.340752989E-1,-1.776497602E0,9.643844604E0,9.807020887E0
7.313820887E0,1.364694983E-1,-1.778891921E0,9.641449928E0,9.805133202E0
7.315821942E0,1.412578970E-1,-1.788468719E0,9.641449928E0,9.806942993E0
7.317823621E0,1.436520964E-1,-1.781286120E0,9.653421402E0,9.817441669E0
7.319824910E0,1.484405100E-1,-1.786074519E0,9.651026726E0,9.816028404E0
7.321825809E0,1.532289088E-1,-1.778891921E0,9.653421402E0,9.817152353E0
7.323826864E0,1.532289088E-1,-1.774103403E0,9.651026726E0,9.813930856E0
7.325828504E0,1.556231081E-1,-1.771709204E0,9.646238327E0,9.808826939E0
7.327829129E0,1.508347094E-1,-1.776497602E0,9.634267807E0,9.797847264E0
7.329829754E0,1.484405100E-1,-1.774103403E0,9.636661530E0,9.799730757E0
7.331830184E0,1.484405100E-1,-1.774103403E0,9.641449928E0,9.804439514E0
7.333831200E0,1.364694983E-1,-1.769315004E0,9.653421402E0,9.815174185E0
7.335831395E0,1.436520964E-1,-1.771709204E0,9.648633003E0,9.810999351E0
7.337833660E0,1.484405100E-1,-1.774103403E0,9.643844604E0,9.806794391E0
7.339834754E0,1.556231081E-1,-1.793257117E0,9.639056206E0,9.805681729E0
7.341835535E0,1.580173075E-1,-1.788468719E0,9.631873131E0,9.797783925E0
7.343835301E0,1.508347094E-1,-1.788468719E0,9.648633003E0,9.814147456E0
7.345835614E0,1.484405100E-1,-1.790862918E0,9.646238327E0,9.812193355E0
7.347835340E0,1.508347094E-1,-1.790862918E0,9.631873131E0,9.798108037E0
7.349835418E0,1.580173075E-1,-1.781286120E0,9.631873131E0,9.796475372E0
7.351836942E0,1.628057212E-1,-1.790862918E0,9.629479408E0,9.795946578E0
7.353838700E0,1.580173075E-1,-1.795651317E0,9.639056206E0,9.806158150E0
7.355839989E0,1.675941199E-1,-1.805228114E0,9.634267807E0,9.803369447E0
7.357840496E0,1.628057212E-1,-1.805228114E0,9.629479408E0,9.798582955E0
7.359841668E0,1.484405100E-1,-1.798045516E0,9.627084732E0,9.794680327E0
7.361842371E0,1.484405100E-1,-1.800439715E0,9.629479408E0,9.797473727E0
7.363842528E0,1.532289088E-1,-1.802833915E0,9.631873131E0,9.800340261E0
7.365842723E0,1.484405100E-1,-1.805228114E0,9.639056206E0,9.807766701E0
7.367843582E0,1.556231081E-1,-1.810016513E0,9.624691010E0,9.794644218E0
7.369844989E0,1.604115069E-1,-1.807622313E0,9.629479408E0,9.798984843E0
7.371845848E0,1.484405100E-1,-1.802833915E0,9.646238327E0,9.814385287E0
7.373846746E0,1.484405100E-1,-1.810016513E0,9.622296333E0,9.792179588E0
7.375847684E0,1.556231081E-1,-1.805228114E0,9.631873131E0,9.800818696E0
7.377847957E0,1.580173075E-1,-1.798045516E0,9.624691010E0,9.792477428E0
7.379848660E0,1.484405100E-1,-1.802833915E0,9.627084732E0,9.795560482E0
7.381849871E0,1.460463107E-1,-1.812410712E0,9.619902611E0,9.790234336E0
7.383850301E0,1.364694983E-1,-1.807622313E0,9.619902611E0,9.789210826E0
7.385851356E0,1.364694983E-1,-1.802833915E0,9.631873131E0,9.800092553E0
7.387851551E0,1.436520964E-1,-1.802833915E0,9.627084732E0,9.795489089E0
7.389852332E0,1.412578970E-1,-1.814804912E0,9.631873131E0,9.802369646E0
7.391852879E0,1.388636976E-1,-1.810016513E0,9.624691010E0,9.794392270E0
7.393853739E0,1.388636976E-1,-1.805228114E0,9.624691010E0,9.793508498E0
7.395854754E0,1.484405100E-1,-1.802833915E0,9.622296333E0,9.790854479E0
7.397856825E0,1.412578970E-1,-1.795651317E0,9.619902611E0,9.787075339E0
7.399857957E0,1.436520964E-1,-1.805228114E0,9.619902611E0,9.788871779E0
7.401859285E0,1.436520964E-1,-1.807622313E0,9.622296333E0,9.791665899E0
7.403860262E0,1.436520964E-1,-1.805228114E0,9.636661530E0,9.805341907E0
7.405860145E0,1.412578970E-1,-1.802833915E0,9.634267807E0,9.802513968E0
7.407860770E0,1.364694983E-1,-1.810016513E0,9.624691010E0,9.794358618E0
7.409861785E0,1.340752989E-1,-1.810016513E0,9.617507935E0,9.787266975E0
7.411862098E0,1.388636976E-1,-1.793257117E0,9.617507935E0,9.784248213E0
7.413862528E0,1.388636976E-1,-1.802833915E0,9.610325813E0,9.778949611E0
7.415863309E0,1.484405100E-1,-1.802833915E0,9.619902611E0,9.788501977E0
7.417864364E0,1.484405100E-1,-1.800439715E0,9.639056206E0,9.806886473E0
7.419865301E0,1.412578970E-1,-1.793257117E0,9.639056206E0,9.805464263E0
7.421866551E0,1.412578970E-1,-1.798045516E0,9.646238327E0,9.813400804E0
7.423867176E0,1.388636976E-1,-1.798045516E0,9.646238327E0,9.813366633E0
7.425868114E0,1.460463107E-1,-1.793257117E0,9.634267807E0,9.800827352E0
7.427869012E0,1.484405100E-1,-1.790862918E0,9.627084732E0,9.793364336E0
7.429869950E0,1.532289088E-1,-1.793257117E0,9.624691010E0,9.791523233E0
7.431870926E0,1.460463107E-1,-1.781286120E0,9.627084732E0,9.791581599E0
7.433870965E0,1.556231081E-1,-1.776497602E0,9.631873131E0,9.795567482E0
7.435871903E0,1.556231081E-1,-1.774103403E0,9.634267807E0,9.797488332E0
7.437872879E0,1.508347094E-1,-1.769315004E0,9.624691010E0,9.787129494E0
7.439874832E0,1.508347094E-1,-1.774103403E0,9.624691010E0,9.787996272E0
7.441875614E0,1.412578970E-1,-1.778891921E0,9.622296333E0,9.786367916E0
7.443876512E0,1.436520964E-1,-1.771709204E0,9.629479408E0,9.792163351E0
7.445877957E0,1.436520964E-1,-1.766920805E0,9.634267807E0,9.796007413E0
7.447878895E0,1.508347094E-1,-1.766920805E0,9.639056206E0,9.800824699E0
7.449879481E0,1.436520964E-1,-1.771709204E0,9.627084732E0,9.789808469E0
7.451880067E0,1.436520964E-1,-1.769315004E0,9.622296333E0,9.784666486E0
7.453879442E0,1.412578970E-1,-1.759738207E0,9.619902611E0,9.780550015E0
7.455880028E0,1.388636976E-1,-1.766920805E0,9.624691010E0,9.786519774E0
7.457881121E0,1.412578970E-1,-1.762132406E0,9.636661530E0,9.797464460E0
7.459882176E0,1.460463107E-1,-1.769315004E0,9.636661530E0,9.798829039E0
7.461882957E0,1.388636976E-1,-1.776497602E0,9.639056206E0,9.802378864E0
7.463883270E0,1.412578970E-1,-1.771709204E0,9.627084732E0,9.789773630E0
7.465881942E0,1.340752989E-1,-1.766920805E0,9.631873131E0,9.793516494E0
7.467882332E0,1.388636976E-1,-1.766920805E0,9.629479408E0,9.791229031E0
7.469883739E0,1.340752989E-1,-1.766920805E0,9.634267807E0,9.795871656E0
7.471884754E0,1.316810995E-1,-1.769315004E0,9.639056206E0,9.800980565E0
7.473884676E0,1.316810995E-1,-1.776497602E0,9.624691010E0,9.788154099E0
7.475885067E0,1.364694983E-1,-1.771709204E0,9.631873131E0,9.794414604E0
7.477884676E0,1.316810995E-1,-1.769315004E0,9.641449928E0,9.803334750E0
7.479884520E0,1.268926859E-1,-1.769315004E0,9.639056206E0,9.800917400E0
7.481884325E0,1.292868853E-1,-1.766920805E0,9.631873131E0,9.793452110E0
7.483883309E0,1.244984865E-1,-1.766920805E0,9.641449928E0,9.802809073E0
7.485884481E0,1.292868853E-1,-1.774103403E0,9.641449928E0,9.804168231E0
7.487884754E0,1.268926859E-1,-1.762132406E0,9.636661530E0,9.797267875E0
7.489884871E0,1.244984865E-1,-1.771709204E0,9.629479408E0,9.791901095E0
7.491885614E0,1.268926859E-1,-1.776497602E0,9.631873131E0,9.795153163E0
7.493886864E0,1.268926859E-1,-1.776497602E0,9.629479408E0,9.792799353E0
7.495887567E0,1.268926859E-1,-1.778891921E0,9.627084732E0,9.790879361E0
7.497887450E0,1.244984865E-1,-1.776497602E0,9.634267807E0,9.797477215E0
7.499888934E0,1.244984865E-1,-1.771709204E0,9.631873131E0,9.794255121E0
7.501889598E0,1.197100878E-1,-1.771709204E0,9.636661530E0,9.798904502E0
7.503890926E0,1.197100878E-1,-1.771709204E0,9.639056206E0,9.801259539E0
7.505892410E0,1.197100878E-1,-1.759738207E0,9.624691010E0,9.784972462E0
7.507894051E0,1.173158810E-1,-1.762132406E0,9.622296333E0,9.783018980E0
7.509895653E0,1.292868853E-1,-1.766920805E0,9.629479408E0,9.791097891E0
7.511896981E0,1.268926859E-1,-1.759738207E0,9.622296333E0,9.782707551E0
7.513898504E0,1.292868853E-1,-1.766920805E0,9.629479408E0,9.791097891E0
7.515899871E0,1.149216816E-1,-1.759738207E0,9.631873131E0,9.791979655E0
7.517899832E0,1.268926859E-1,-1.762132406E0,9.629479408E0,9.790203575E0
7.519899715E0,1.340752989E-1,-1.759738207E0,9.629479408E0,9.789868662E0
7.521900692E0,1.388636976E-1,-1.754949808E0,9.615114212E0,9.774945180E0
7.523902528E0,1.364694983E-1,-1.747767210E0,9.617507935E0,9.775979389E0
7.525903348E0,1.292868853E-1,-1.750161409E0,9.634267807E0,9.792798182E0
7.527903621E0,1.292868853E-1,-1.759738207E0,9.631873131E0,9.792158785E0
7.529905301E0,1.316810995E-1,-1.764526606E0,9.629479408E0,9.790698020E0
7.531906551E0,1.268926859E-1,-1.764526606E0,9.627084732E0,9.788279539E0
7.533907918E0,1.268926859E-1,-1.750161409E0,9.624691010E0,9.783345222E0
7.535909364E0,1.268926859E-1,-1.754949808E0,9.627084732E0,9.786557670E0
7.537909793E0,1.292868853E-1,-1.759738207E0,9.627084732E0,9.787448804E0
7.539910340E0,1.268926859E-1,-1.764526606E0,9.636661530E0,9.797698777E0
7.541910379E0,1.197100878E-1,-1.764526606E0,9.624691010E0,9.785834746E0
7.543911551E0,1.197100878E-1,-1.762132406E0,9.631873131E0,9.792467571E0
7.545911785E0,1.101332754E-1,-1.759738207E0,9.634267807E0,9.794280171E0
7.547911668E0,1.197100878E-1,-1.764526606E0,9.636661530E0,9.797608386E0
7.549912371E0,1.221042871E-1,-1.762132406E0,9.634267807E0,9.794852539E0
7.551912176E0,1.244984865E-1,-1.764526606E0,9.631873131E0,9.792958390E0
7.553912684E0,1.221042871E-1,-1.778891921E0,9.627084732E0,9.790818473E0
7.555913035E0,1.221042871E-1,-1.771709204E0,9.627084732E0,9.789515994E0
7.557913543E0,1.364694983E-1,-1.766920805E0,9.639056206E0,9.800614144E0
7.559913973E0,1.340752989E-1,-1.764526606E0,9.627084732E0,9.788375287E0
7.561915575E0,1.316810995E-1,-1.776497602E0,9.622296333E0,9.785799424E0
7.563916395E0,1.197100878E-1,-1.778891921E0,9.631873131E0,9.795497281E0
7.565916239E0,1.316810995E-1,-1.774103403E0,9.641449928E0,9.804200096E0
7.567917020E0,1.340752989E-1,-1.778891921E0,9.643844604E0,9.807454889E0
7.569917723E0,1.292868853E-1,-1.774103403E0,9.639056206E0,9.801814246E0
7.571918582E0,1.316810995E-1,-1.776497602E0,9.634267807E0,9.797571118E0
7.573918309E0,1.316810995E-1,-1.774103403E0,9.636661530E0,9.799491223E0
7.575918543E0,1.316810995E-1,-1.778891921E0,9.627084732E0,9.790942591E0
7.577919168E0,1.412578970E-1,-1.771709204E0,9.629479408E0,9.792128521E0
7.579920028E0,1.388636976E-1,-1.769315004E0,9.629479408E0,9.791661370E0
7.581921512E0,1.364694983E-1,-1.771709204E0,9.629479408E0,9.792060616E0
7.583923387E0,1.388636976E-1,-1.774103403E0,9.636661530E0,9.799590371E0
7.585924598E0,1.460463107E-1,-1.776497602E0,9.634267807E0,9.797774718E0
7.587925340E0,1.532289088E-1,-1.771709204E0,9.634267807E0,9.797017341E0
7.589926942E0,1.580173075E-1,-1.776497602E0,9.634267807E0,9.797960470E0
7.591928426E0,1.556231081E-1,-1.778891921E0,9.634267807E0,9.798356556E0
7.593929637E0,1.604115069E-1,-1.778891921E0,9.639056206E0,9.803141989E0
7.595931160E0,1.580173075E-1,-1.774103403E0,9.629479408E0,9.792818084E0
7.597932332E0,1.651999205E-1,-1.766920805E0,9.627084732E0,9.789282945E0
7.599933114E0,1.580173075E-1,-1.769315004E0,9.639056206E0,9.801369781E0
7.601934403E0,1.604115069E-1,-1.781286120E0,9.643844604E0,9.808284807E0
7.603936278E0,1.580173075E-1,-1.783680320E0,9.641449928E0,9.806326615E0
7.605937489E0,1.604115069E-1,-1.778891921E0,9.624691010E0,9.789017588E0
7.607937996E0,1.532289088E-1,-1.774103403E0,9.639056206E0,9.802159278E0
7.609939051E0,1.484405100E-1,-1.764526606E0,9.634267807E0,9.795647243E0
7.611940067E0,1.508347094E-1,-1.769315004E0,9.622296333E0,9.784774572E0
7.613940496E0,1.556231081E-1,-1.766920805E0,9.624691010E0,9.786771925E0
7.615942489E0,1.556231081E-1,-1.776497602E0,9.631873131E0,9.795567482E0
7.617944364E0,1.484405100E-1,-1.776497602E0,9.634267807E0,9.797810699E0
7.619946317E0,1.508347094E-1,-1.776497602E0,9.629479408E0,9.793138849E0
7.621947684E0,1.508347094E-1,-1.774103403E0,9.634267807E0,9.797413443E0
7.623948856E0,1.604115069E-1,-1.776497602E0,9.631873131E0,9.795644726E0
7.625950028E0,1.508347094E-1,-1.781286120E0,9.634267807E0,9.798716627E0
7.627950965E0,1.484405100E-1,-1.783680320E0,9.641449928E0,9.806176971E0
7.629952215E0,1.532289088E-1,-1.783680320E0,9.643844604E0,9.808605066E0
7.631952332E0,1.484405100E-1,-1.786074519E0,9.629479408E0,9.794844075E0
7.633952918E0,1.556231081E-1,-1.781286120E0,9.639056206E0,9.803499545E0
7.635954207E0,1.604115069E-1,-1.783680320E0,9.636661530E0,9.801657654E0
7.637955770E0,1.508347094E-1,-1.786074519E0,9.629479408E0,9.794880651E0
7.639956864E0,1.508347094E-1,-1.793257117E0,9.631873131E0,9.798545923E0
7.641957254E0,1.484405100E-1,-1.790862918E0,9.629479408E0,9.795718363E0
7.643959325E0,1.532289088E-1,-1.788468719E0,9.641449928E0,9.807122727E0
7.645960379E0,1.484405100E-1,-1.788468719E0,9.641449928E0,9.807049080E0
7.647961043E0,1.436520964E-1,-1.793257117E0,9.631873131E0,9.798437989E0
7.649962215E0,1.412578970E-1,-1.790862918E0,9.629479408E0,9.795612153E0
7.651962450E0,1.412578970E-1,-1.786074519E0,9.629479408E0,9.794737855E0
7.653963426E0,1.460463107E-1,-1.781286120E0,9.643844604E0,9.808060385E0
7.655963582E0,1.436520964E-1,-1.786074519E0,9.641449928E0,9.806541431E0
7.657964442E0,1.388636976E-1,-1.783680320E0,9.636661530E0,9.801328688E0
7.659965457E0,1.364694983E-1,-1.790862918E0,9.629479408E0,9.795544272E0
7.661966707E0,1.364694983E-1,-1.795651317E0,9.634267807E0,9.801127678E0
7.663967567E0,1.388636976E-1,-1.800439715E0,9.639056206E0,9.806746190E0
7.665968192E0,1.460463107E-1,-1.788468719E0,9.627084732E0,9.792890805E0
7.667969950E0,1.484405100E-1,-1.783680320E0,9.639056206E0,9.803823469E0
7.669970926E0,1.436520964E-1,-1.781286120E0,9.629479408E0,9.793900645E0
7.671972371E0,1.412578970E-1,-1.790862918E0,9.617507935E0,9.783843961E0
7.673973426E0,1.532289088E-1,-1.786074519E0,9.629479408E0,9.794917813E0
7.675974989E0,1.508347094E-1,-1.778891921E0,9.617507935E0,9.781802822E0
7.677976043E0,1.508347094E-1,-1.781286120E0,9.624691010E0,9.789300710E0
7.679977489E0,1.556231081E-1,-1.776497602E0,9.639056206E0,9.802630607E0
7.681979285E0,1.556231081E-1,-1.783680320E0,9.622296333E0,9.787457318E0
7.683979442E0,1.460463107E-1,-1.786074519E0,9.634267807E0,9.799515697E0
7.685979520E0,1.460463107E-1,-1.786074519E0,9.627084732E0,9.792453837E0
7.687979442E0,1.484405100E-1,-1.783680320E0,9.629479408E0,9.794407779E0
7.689980496E0,1.508347094E-1,-1.788468719E0,9.627084732E0,9.792963387E0
7.691981942E0,1.508347094E-1,-1.778891921E0,9.624691010E0,9.788865338E0
7.693982996E0,1.436520964E-1,-1.778891921E0,9.624691010E0,9.788757297E0
7.695982684E0,1.508347094E-1,-1.783680320E0,9.624691010E0,9.789736647E0
7.697983465E0,1.460463107E-1,-1.786074519E0,9.631873131E0,9.797161411E0
7.699985145E0,1.484405100E-1,-1.793257117E0,9.631873131E0,9.798509360E0
7.701986668E0,1.484405100E-1,-1.798045516E0,9.627084732E0,9.794680327E0
7.703988270E0,1.460463107E-1,-1.788468719E0,9.612719536E0,9.778769184E0
7.705988895E0,1.484405100E-1,-1.793257117E0,9.624691010E0,9.791449469E0
7.707989325E0,1.532289088E-1,-1.786074519E0,9.622296333E0,9.787856150E0
7.709989325E0,1.532289088E-1,-1.788468719E0,9.624691010E0,9.790647399E0
7.711990575E0,1.484405100E-1,-1.774103403E0,9.629479408E0,9.792668234E0
7.713992410E0,1.580173075E-1,-1.783680320E0,9.641449928E0,9.806326615E0
7.715993192E0,1.508347094E-1,-1.778891921E0,9.636661530E0,9.800635337E0
7.717994129E0,1.436520964E-1,-1.774103403E0,9.643844604E0,9.806723080E0
7.719994481E0,1.460463107E-1,-1.781286120E0,9.624691010E0,9.789228100E0
7.721996004E0,1.412578970E-1,-1.778891921E0,9.619902611E0,9.784014335E0
7.723997684E0,1.460463107E-1,-1.788468719E0,9.634267807E0,9.799952350E0
7.725998973E0,1.532289088E-1,-1.790862918E0,9.629479408E0,9.795792095E0
7.727999481E0,1.508347094E-1,-1.793257117E0,9.631873131E0,9.798545923E0
7.730000770E0,1.508347094E-1,-1.786074519E0,9.624691010E0,9.790173151E0
7.732002293E0,1.604115069E-1,-1.776497602E0,9.627084732E0,9.790936422E0
7.734003075E0,1.484405100E-1,-1.776497602E0,9.624691010E0,9.788393910E0
7.736003192E0,1.436520964E-1,-1.776497602E0,9.629479408E0,9.793030855E0
7.738003543E0,1.412578970E-1,-1.776497602E0,9.629479408E0,9.792996028E0
7.740004715E0,1.508347094E-1,-1.771709204E0,9.624691010E0,9.787562600E0
7.742006004E0,1.556231081E-1,-1.774103403E0,9.624691010E0,9.788071233E0
7.744007410E0,1.532289088E-1,-1.771709204E0,9.639056206E0,9.801726233E0
7.746007762E0,1.484405100E-1,-1.774103403E0,9.641449928E0,9.804439514E0
7.748008348E0,1.460463107E-1,-1.769315004E0,9.634267807E0,9.796474942E0
7.750009051E0,1.556231081E-1,-1.776497602E0,9.636661530E0,9.800275900E0
7.752010418E0,1.508347094E-1,-1.771709204E0,9.627084732E0,9.789916499E0
7.754012528E0,1.532289088E-1,-1.776497602E0,9.629479408E0,9.793176017E0
7.756013895E0,1.460463107E-1,-1.781286120E0,9.624691010E0,9.789228100E0
7.758016121E0,1.436520964E-1,-1.778891921E0,9.622296333E0,9.786402767E0
7.760017254E0,1.412578970E-1,-1.776497602E0,9.641449928E0,9.804766914E0
7.762018739E0,1.460463107E-1,-1.769315004E0,9.627084732E0,9.789410889E0
7.764019950E0,1.532289088E-1,-1.764526606E0,9.631873131E0,9.793365777E0
7.766020926E0,1.388636976E-1,-1.778891921E0,9.639056206E0,9.802813072E0
7.768021082E0,1.436520964E-1,-1.786074519E0,9.639056206E0,9.804188016E0
7.770021043E0,1.292868853E-1,-1.771709204E0,9.639056206E0,9.801381185E0
7.772022332E0,1.268926859E-1,-1.776497602E0,9.639056206E0,9.802216587E0
7.774024012E0,1.364694983E-1,-1.776497602E0,9.636661530E0,9.799990464E0
7.776025028E0,1.412578970E-1,-1.774103403E0,9.629479408E0,9.792561991E0
7.778025809E0,1.412578970E-1,-1.774103403E0,9.631873131E0,9.794915859E0
7.780027293E0,1.436520964E-1,-1.778891921E0,9.622296333E0,9.786402767E0
7.782029481E0,1.436520964E-1,-1.778891921E0,9.639056206E0,9.802882073E0
7.784030965E0,1.484405100E-1,-1.783680320E0,9.639056206E0,9.803823469E0
7.786031942E0,1.412578970E-1,-1.786074519E0,9.627084732E0,9.792383592E0
7.788033114E0,1.484405100E-1,-1.790862918E0,9.624691010E0,9.791011266E0
7.790032996E0,1.484405100E-1,-1.786074519E0,9.624691010E0,9.790136557E0
7.792033700E0,1.412578970E-1,-1.788468719E0,9.634267807E0,9.799882159E0
7.794035028E0,1.436520964E-1,-1.781286120E0,9.624691010E0,9.789192673E0
7.796036239E0,1.484405100E-1,-1.778891921E0,9.634267807E0,9.798245110E0
7.798038075E0,1.532289088E-1,-1.778891921E0,9.629479408E0,9.793610633E0
7.800039910E0,1.532289088E-1,-1.783680320E0,9.629479408E0,9.794481521E0
7.802041473E0,1.436520964E-1,-1.778891921E0,9.624691010E0,9.788757297E0
7.804042450E0,1.556231081E-1,-1.762132406E0,9.624691010E0,9.785908552E0
7.806043700E0,1.580173075E-1,-1.764526606E0,9.629479408E0,9.791087646E0
7.808045067E0,1.460463107E-1,-1.766920805E0,9.631873131E0,9.793687695E0
7.810045535E0,1.460463107E-1,-1.774103403E0,9.629479408E0,9.792632235E0
7.812046473E0,1.580173075E-1,-1.776497602E0,9.629479408E0,9.793252109E0
7.814047645E0,1.460463107E-1,-1.774103403E0,9.624691010E0,9.787923653E0
7.816048231E0,1.412578970E-1,-1.766920805E0,9.639056206E0,9.800681990E0
7.818049364E0,1.460463107E-1,-1.781286120E0,9.631873131E0,9.796289592E0
7.820050848E0,1.436520964E-1,-1.771709204E0,9.629479408E0,9.792163351E0
7.822051434E0,1.436520964E-1,-1.771709204E0,9.634267807E0,9.796872236E0
7.824051668E0,1.388636976E-1,-1.778891921E0,9.624691010E0,9.788688197E0
7.826051981E0,1.460463107E-1,-1.783680320E0,9.619902611E0,9.784956374E0
7.828053231E0,1.436520964E-1,-1.771709204E0,9.631873131E0,9.794517315E0
7.830053700E0,1.412578970E-1,-1.776497602E0,9.631873131E0,9.795349791E0
7.832053973E0,1.484405100E-1,-1.771709204E0,9.627084732E0,9.789879904E0
7.834054832E0,1.484405100E-1,-1.776497602E0,9.619902611E0,9.783685633E0
7.836056278E0,1.484405100E-1,-1.776497602E0,9.627084732E0,9.790747610E0
7.838057996E0,1.460463107E-1,-1.778891921E0,9.627084732E0,9.791146329E0
7.840059012E0,1.460463107E-1,-1.776497602E0,9.624691010E0,9.788357895E0
7.842060067E0,1.436520964E-1,-1.783680320E0,9.631873131E0,9.796689819E0
7.844061473E0,1.364694983E-1,-1.786074519E0,9.643844604E0,9.808793242E0
7.846062332E0,1.388636976E-1,-1.776497602E0,9.631873131E0,9.795315557E0
7.848063739E0,1.388636976E-1,-1.774103403E0,9.631873131E0,9.794881624E0
7.850065106E0,1.316810995E-1,-1.778891921E0,9.619902611E0,9.783880755E0
7.852066981E0,1.316810995E-1,-1.778891921E0,9.627084732E0,9.790942591E0
7.854068817E0,1.412578970E-1,-1.786074519E0,9.639056206E0,9.804153228E0
7.856070575E0,1.412578970E-1,-1.783680320E0,9.631873131E0,9.796655005E0
7.858072059E0,1.460463107E-1,-1.781286120E0,9.641449928E0,9.805705813E0
7.860073778E0,1.340752989E-1,-1.771709204E0,9.639056206E0,9.801445517E0
7.862074012E0,1.340752989E-1,-1.774103403E0,9.634267807E0,9.797169757E0
7.864075262E0,1.412578970E-1,-1.781286120E0,9.629479408E0,9.793865821E0
7.866076668E0,1.412578970E-1,-1.781286120E0,9.627084732E0,9.791511348E0
7.868077762E0,1.484405100E-1,-1.778891921E0,9.627084732E0,9.791182334E0
7.870078973E0,1.436520964E-1,-1.781286120E0,9.627084732E0,9.791546181E0
7.872080848E0,1.460463107E-1,-1.788468719E0,9.617507935E0,9.783476312E0
7.874082176E0,1.412578970E-1,-1.783680320E0,9.622296333E0,9.787239448E0
7.876084168E0,1.292868853E-1,-1.783680320E0,9.629479408E0,9.794136218E0
7.878086082E0,1.364694983E-1,-1.781286120E0,9.622296333E0,9.786735456E0
7.880087020E0,1.436520964E-1,-1.774103403E0,9.617507935E0,9.780825000E0
7.882089090E0,1.460463107E-1,-1.774103403E0,9.631873131E0,9.794986086E0
7.884090770E0,1.460463107E-1,-1.776497602E0,9.636661530E0,9.800128504E0
7.886091825E0,1.436520964E-1,-1.776497602E0,9.631873131E0,9.795384610E0
7.888093700E0,1.460463107E-1,-1.776497602E0,9.639056206E0,9.802483246E0
7.890094832E0,1.460463107E-1,-1.774103403E0,9.639056206E0,9.802049630E0
7.892096434E0,1.556231081E-1,-1.783680320E0,9.636661530E0,9.801580458E0
7.894099012E0,1.460463107E-1,-1.788468719E0,9.624691010E0,9.790537621E0
7.896101707E0,1.412578970E-1,-1.781286120E0,9.629479408E0,9.793865821E0
7.898103387E0,1.556231081E-1,-1.769315004E0,9.634267807E0,9.796622393E0
7.900105887E0,1.556231081E-1,-1.769315004E0,9.629479408E0,9.791913389E0
7.902108114E0,1.484405100E-1,-1.774103403E0,9.631873131E0,9.795022076E0
7.904109754E0,1.508347094E-1,-1.776497602E0,9.631873131E0,9.795492578E0
7.906110926E0,1.412578970E-1,-1.781286120E0,9.624691010E0,9.789157832E0
7.908111395E0,1.388636976E-1,-1.778891921E0,9.627084732E0,9.791041826E0
7.910111512E0,1.460463107E-1,-1.781286120E0,9.624691010E0,9.789228100E0
7.912111785E0,1.412578970E-1,-1.783680320E0,9.634267807E0,9.799009412E0
7.914112137E0,1.532289088E-1,-1.776497602E0,9.631873131E0,9.795529737E0
7.916112918E0,1.556231081E-1,-1.778891921E0,9.622296333E0,9.786585806E0
7.918114325E0,1.436520964E-1,-1.771709204E0,9.629479408E0,9.792163351E0
7.920116668E0,1.508347094E-1,-1.783680320E0,9.639056206E0,9.803860012E0
7.922118465E0,1.532289088E-1,-1.783680320E0,9.634267807E0,9.799189291E0
7.924119246E0,1.508347094E-1,-1.778891921E0,9.624691010E0,9.788865338E0
7.926120887E0,1.436520964E-1,-1.778891921E0,9.624691010E0,9.788757297E0
7.928122410E0,1.364694983E-1,-1.776497602E0,9.634267807E0,9.797636645E0
7.930123270E0,1.460463107E-1,-1.776497602E0,9.639056206E0,9.802483246E0
7.932123231E0,1.436520964E-1,-1.771709204E0,9.639056206E0,9.801581197E0
7.934123895E0,1.460463107E-1,-1.778891921E0,9.641449928E0,9.805271170E0
7.936124598E0,1.484405100E-1,-1.778891921E0,9.653421402E0,9.817078782E0
7.938124989E0,1.532289088E-1,-1.778891921E0,9.629479408E0,9.793610633E0
7.940124989E0,1.532289088E-1,-1.776497602E0,9.622296333E0,9.786113097E0
7.942124246E0,1.388636976E-1,-1.776497602E0,9.629479408E0,9.792961786E0
7.944125106E0,1.412578970E-1,-1.786074519E0,9.629479408E0,9.794737855E0
7.946126942E0,1.460463107E-1,-1.778891921E0,9.627084732E0,9.791146329E0
7.948128465E0,1.484405100E-1,-1.776497602E0,9.624691010E0,9.788393910E0
7.950130028E0,1.460463107E-1,-1.778891921E0,9.619902611E0,9.784084639E0
7.952130809E0,1.460463107E-1,-1.776497602E0,9.622296333E0,9.786003269E0
7.954131121E0,1.484405100E-1,-1.776497602E0,9.627084732E0,9.790747610E0
7.956132528E0,1.316810995E-1,-1.788468719E0,9.627084732E0,9.792687104E0
7.958133270E0,1.412578970E-1,-1.778891921E0,9.622296333E0,9.786367916E0
7.960135653E0,1.508347094E-1,-1.778891921E0,9.631873131E0,9.795927092E0
7.962138192E0,1.484405100E-1,-1.781286120E0,9.619902611E0,9.784556253E0
7.964140692E0,1.460463107E-1,-1.781286120E0,9.622296333E0,9.786873683E0
7.966142059E0,1.412578970E-1,-1.771709204E0,9.624691010E0,9.787419697E0
7.968143504E0,1.460463107E-1,-1.778891921E0,9.641449928E0,9.805271170E0
7.970146043E0,1.388636976E-1,-1.783680320E0,9.636661530E0,9.801328688E0
7.972148504E0,1.388636976E-1,-1.783680320E0,9.622296333E0,9.787205185E0
7.974150575E0,1.412578970E-1,-1.781286120E0,9.627084732E0,9.791511348E0
7.976151668E0,1.460463107E-1,-1.781286120E0,9.631873131E0,9.796289592E0
7.978152567E0,1.436520964E-1,-1.776497602E0,9.622296333E0,9.785967831E0
7.980154168E0,1.484405100E-1,-1.776497602E0,9.617507935E0,9.781331054E0
7.982155614E0,1.460463107E-1,-1.771709204E0,9.629479408E0,9.792198767E0
7.984157489E0,1.412578970E-1,-1.771709204E0,9.629479408E0,9.792128521E0
7.986158895E0,1.460463107E-1,-1.766920805E0,9.624691010E0,9.786624325E0
7.988159793E0,1.460463107E-1,-1.766920805E0,9.612719536E0,9.774851177E0
7.990160770E0,1.460463107E-1,-1.764526606E0,9.622296333E0,9.783837202E0
7.992162957E0,1.508347094E-1,-1.766920805E0,9.615114212E0,9.777278842E0
7.994164989E0,1.436520964E-1,-1.766920805E0,9.629479408E0,9.791298113E0
7.996165809E0,1.364694983E-1,-1.766920805E0,9.624691010E0,9.786486095E0
7.998167371E0,1.532289088E-1,-1.754949808E0,9.624691010E0,9.784579958E0
8.000168387E0,1.532289088E-1,-1.771709204E0,9.627084732E0,9.789953679E0
8.002170418E0,1.484405100E-1,-1.762132406E0,9.631873131E0,9.792860931E0
8.004172450E0,1.484405100E-1,-1.769315004E0,9.629479408E0,9.791801869E0
8.006173504E0,1.532289088E-1,-1.769315004E0,9.636661530E0,9.798938724E0
8.008175457E0,1.532289088E-1,-1.771709204E0,9.634267807E0,9.797017341E0
8.010177059E0,1.508347094E-1,-1.771709204E0,9.636661530E0,9.799334163E0
8.012178465E0,1.484405100E-1,-1.771709204E0,9.646238327E0,9.808715612E0
8.014180848E0,1.508347094E-1,-1.771709204E0,9.636661530E0,9.799334163E0
8.016183309E0,1.460463107E-1,-1.769315004E0,9.627084732E0,9.789410889E0
8.018184793E0,1.412578970E-1,-1.771709204E0,9.627084732E0,9.789773630E0
8.020187254E0,1.364694983E-1,-1.778891921E0,9.646238327E0,9.809841704E0
8.022189598E0,1.436520964E-1,-1.776497602E0,9.631873131E0,9.795384610E0
8.024191239E0,1.412578970E-1,-1.762132406E0,9.641449928E0,9.802174306E0
8.026193582E0,1.484405100E-1,-1.769315004E0,9.653421402E0,9.815347927E0
8.028196629E0,1.460463107E-1,-1.771709204E0,9.653421402E0,9.815743874E0
8.030198426E0,1.388636976E-1,-1.788468719E0,9.643844604E0,9.809263083E0
8.032199910E0,1.364694983E-1,-1.790862918E0,9.639056206E0,9.804958871E0
8.034201942E0,1.364694983E-1,-1.790862918E0,9.648633003E0,9.814373783E0
8.036204364E0,1.436520964E-1,-1.778891921E0,9.651026726E0,9.814652783E0
8.038206160E0,1.412578970E-1,-1.788468719E0,9.646238327E0,9.811650626E0
8.040208114E0,1.364694983E-1,-1.790862918E0,9.665391922E0,9.830850163E0
8.042209285E0,1.388636976E-1,-1.778891921E0,9.660603523E0,9.824001223E0
8.044210457E0,1.412578970E-1,-1.776497602E0,9.655815125E0,9.818893178E0
8.046212410E0,1.412578970E-1,-1.788468719E0,9.655815125E0,9.821066127E0
8.048214246E0,1.364694983E-1,-1.802833915E0,9.643844604E0,9.811858784E0
8.050215692E0,1.292868853E-1,-1.795651317E0,9.643844604E0,9.810444307E0
8.052216317E0,1.364694983E-1,-1.788468719E0,9.651026726E0,9.816290600E0
8.054217684E0,1.340752989E-1,-1.788468719E0,9.641449928E0,9.806842166E0
8.056219207E0,1.316810995E-1,-1.783680320E0,9.643844604E0,9.808292112E0
8.058220340E0,1.340752989E-1,-1.771709204E0,9.641449928E0,9.803799590E0
8.060222879E0,1.388636976E-1,-1.766920805E0,9.639056206E0,9.800647774E0
8.062224793E0,1.436520964E-1,-1.769315004E0,9.629479408E0,9.791730449E0
8.064226473E0,1.436520964E-1,-1.771709204E0,9.619902611E0,9.782745814E0
8.066227684E0,1.388636976E-1,-1.769315004E0,9.627084732E0,9.789306367E0
8.068227996E0,1.412578970E-1,-1.766920805E0,9.619902611E0,9.781844875E0
8.070228817E0,1.508347094E-1,-1.766920805E0,9.617507935E0,9.779632872E0
8.072229520E0,1.388636976E-1,-1.754949808E0,9.610325813E0,9.770235115E0
8.074230418E0,1.508347094E-1,-1.759738207E0,9.610325813E0,9.771273812E0
8.076231239E0,1.484405100E-1,-1.752555609E0,9.607931137E0,9.767590618E0
8.078232098E0,1.484405100E-1,-1.750161409E0,9.612719536E0,9.771871695E0
8.080232879E0,1.508347094E-1,-1.750161409E0,9.600749016E0,9.760133080E0
8.082232684E0,1.604115069E-1,-1.742978811E0,9.603142738E0,9.761355308E0
8.084233426E0,1.508347094E-1,-1.742978811E0,9.600749016E0,9.758847673E0
8.086234246E0,1.460463107E-1,-1.747767210E0,9.598354340E0,9.757275530E0
8.088234910E0,1.460463107E-1,-1.728613615E0,9.603142738E0,9.758574948E0
8.090235184E0,1.436520964E-1,-1.731007814E0,9.603142738E0,9.758963799E0
8.092235067E0,1.436520964E-1,-1.740584612E0,9.607931137E0,9.765378203E0
8.094234871E0,1.388636976E-1,-1.745373011E0,9.617507935E0,9.775585350E0
8.096234364E0,1.340752989E-1,-1.759738207E0,9.619902611E0,9.780448915E0
8.098235145E0,1.340752989E-1,-1.764526606E0,9.612719536E0,9.774247142E0
8.100236668E0,1.316810995E-1,-1.759738207E0,9.610325813E0,9.770996915E0
8.102238075E0,1.316810995E-1,-1.766920805E0,9.612719536E0,9.774647099E0
8.104239559E0,1.388636976E-1,-1.754949808E0,9.612719536E0,9.772589669E0
8.106239950E0,1.292868853E-1,-1.762132406E0,9.619902611E0,9.780815506E0
8.108240379E0,1.268926859E-1,-1.764526606E0,9.617507935E0,9.778860607E0
8.110240809E0,1.340752989E-1,-1.771709204E0,9.610325813E0,9.773192515E0
8.112241200E0,1.292868853E-1,-1.778891921E0,9.619902611E0,9.783848824E0
8.114241512E0,1.244984865E-1,-1.774103403E0,9.619902611E0,9.782917203E0
8.116241473E0,1.292868853E-1,-1.776497602E0,9.624691010E0,9.788122182E0
8.118242801E0,1.340752989E-1,-1.778891921E0,9.627084732E0,9.790975084E0
8.120243700E0,1.364694983E-1,-1.774103403E0,9.646238327E0,9.808974496E0
8.122245184E0,1.316810995E-1,-1.776497602E0,9.646238327E0,9.809342358E0
8.124246864E0,1.268926859E-1,-1.771709204E0,9.639056206E0,9.801349897E0
8.126248934E0,1.340752989E-1,-1.778891921E0,9.631873131E0,9.795683369E0
8.128250848E0,1.340752989E-1,-1.781286120E0,9.643844604E0,9.807889436E0
8.130253660E0,1.244984865E-1,-1.783680320E0,9.639056206E0,9.803490189E0
8.132255809E0,1.364694983E-1,-1.778891921E0,9.641449928E0,9.805133202E0
8.134256942E0,1.364694983E-1,-1.778891921E0,9.639056206E0,9.802779449E0
8.136258504E0,1.460463107E-1,-1.774103403E0,9.643844604E0,9.806758443E0
8.138259598E0,1.460463107E-1,-1.771709204E0,9.646238327E0,9.808679671E0
8.140260301E0,1.508347094E-1,-1.776497602E0,9.643844604E0,9.807264328E0
8.142260848E0,1.508347094E-1,-1.766920805E0,9.648633003E0,9.810243579E0
8.144260614E0,1.484405100E-1,-1.783680320E0,9.660603523E0,9.825009440E0
8.146260496E0,1.508347094E-1,-1.786074519E0,9.655815125E0,9.820772832E0
8.148260106E0,1.556231081E-1,-1.788468719E0,9.653421402E0,9.818929864E0
8.150259754E0,1.556231081E-1,-1.778891921E0,9.646238327E0,9.810126853E0
8.152259910E0,1.604115069E-1,-1.781286120E0,9.648633003E0,9.812992965E0
8.154259481E0,1.580173075E-1,-1.788468719E0,9.655815125E0,9.821321477E0
8.156260067E0,1.604115069E-1,-1.786074519E0,9.651026726E0,9.816216731E0
8.158261785E0,1.651999205E-1,-1.786074519E0,9.641449928E0,9.806880744E0
8.160263192E0,1.651999205E-1,-1.790862918E0,9.646238327E0,9.812461203E0
8.162265535E0,1.651999205E-1,-1.786074519E0,9.655815125E0,9.821003967E0
8.164267801E0,1.675941199E-1,-1.776497602E0,9.653421402E0,9.816953513E0
8.166269481E0,1.723825186E-1,-1.778891921E0,9.643844604E0,9.808053372E0
8.168270457E0,1.628057212E-1,-1.781286120E0,9.641449928E0,9.805969746E0
8.170270262E0,1.580173075E-1,-1.790862918E0,9.648633003E0,9.814697056E0
8.172271395E0,1.604115069E-1,-1.790862918E0,9.639056206E0,9.805321330E0
8.174271825E0,1.628057212E-1,-1.795651317E0,9.641449928E0,9.808589403E0
8.176272489E0,1.532289088E-1,-1.788468719E0,9.636661530E0,9.802415258E0
8.178273270E0,1.556231081E-1,-1.793257117E0,9.631873131E0,9.798620803E0
8.180274090E0,1.484405100E-1,-1.798045516E0,9.627084732E0,9.794680327E0
8.182275653E0,1.508347094E-1,-1.795651317E0,9.619902611E0,9.787218246E0
8.184276317E0,1.556231081E-1,-1.798045516E0,9.624691010E0,9.792439086E0
8.186276434E0,1.532289088E-1,-1.802833915E0,9.622296333E0,9.790928248E0
8.188277176E0,1.651999205E-1,-1.812410712E0,9.627084732E0,9.797595830E0
8.190278504E0,1.556231081E-1,-1.807622313E0,9.617507935E0,9.787143396E0
8.192279090E0,1.532289088E-1,-1.802833915E0,9.619902611E0,9.788575763E0
8.194280379E0,1.556231081E-1,-1.798045516E0,9.619902611E0,9.787732754E0
8.196282098E0,1.508347094E-1,-1.810016513E0,9.617507935E0,9.787510907E0
8.198284012E0,1.436520964E-1,-1.812410712E0,9.622296333E0,9.792551008E0
8.200285496E0,1.556231081E-1,-1.812410712E0,9.627084732E0,9.797439032E0
8.202287059E0,1.556231081E-1,-1.812410712E0,9.629479408E0,9.799792080E0
8.204287020E0,1.508347094E-1,-1.807622313E0,9.622296333E0,9.791773908E0
8.206286942E0,1.460463107E-1,-1.807622313E0,9.617507935E0,9.786995802E0
8.208288231E0,1.532289088E-1,-1.817199111E0,9.619902611E0,9.791231687E0
8.210289481E0,1.532289088E-1,-1.817199111E0,9.622296333E0,9.793583534E0
8.212290848E0,1.436520964E-1,-1.810016513E0,9.624691010E0,9.794461329E0
8.214292567E0,1.484405100E-1,-1.802833915E0,9.627084732E0,9.795560482E0
8.216293934E0,1.460463107E-1,-1.807622313E0,9.622296333E0,9.791701317E0
8.218294520E0,1.460463107E-1,-1.814804912E0,9.629479408E0,9.800087758E0
8.220296160E0,1.388636976E-1,-1.819593310E0,9.627084732E0,9.798518428E0
8.222297450E0,1.436520964E-1,-1.802833915E0,9.627084732E0,9.795489089E0
8.224298543E0,1.412578970E-1,-1.790862918E0,9.619902611E0,9.786197935E0
8.226299754E0,1.460463107E-1,-1.793257117E0,9.612719536E0,9.779646082E0
8.228301004E0,1.460463107E-1,-1.802833915E0,9.627084732E0,9.795524493E0
8.230301356E0,1.412578970E-1,-1.805228114E0,9.627084732E0,9.795895200E0
8.232303543E0,1.340752989E-1,-1.807622313E0,9.634267807E0,9.803294895E0
8.234304637E0,1.316810995E-1,-1.802833915E0,9.627084732E0,9.795320846E0
8.236305692E0,1.316810995E-1,-1.795651317E0,9.610325813E0,9.777528614E0
8.238306121E0,1.316810995E-1,-1.793257117E0,9.627084732E0,9.793562755E0
8.240307020E0,1.388636976E-1,-1.790862918E0,9.624691010E0,9.790870755E0
8.242308231E0,1.364694983E-1,-1.783680320E0,9.617507935E0,9.782463814E0
8.244309793E0,1.436520964E-1,-1.793257117E0,9.617507935E0,9.784317344E0
8.246311746E0,1.316810995E-1,-1.793257117E0,9.619902611E0,9.786502810E0
8.248313387E0,1.364694983E-1,-1.790862918E0,9.631873131E0,9.797897424E0
8.250313621E0,1.340752989E-1,-1.793257117E0,9.627084732E0,9.793595239E0
8.252313778E0,1.412578970E-1,-1.783680320E0,9.629479408E0,9.794301555E0
8.254314871E0,1.460463107E-1,-1.783680320E0,9.627084732E0,9.792017435E0
8.256316121E0,1.460463107E-1,-1.788468719E0,9.624691010E0,9.790537621E0
8.258317957E0,1.484405100E-1,-1.788468719E0,9.624691010E0,9.790573628E0
8.260319715E0,1.388636976E-1,-1.786074519E0,9.634267807E0,9.799411283E0
8.262321200E0,1.412578970E-1,-1.776497602E0,9.617507935E0,9.781224688E0
8.264322528E0,1.436520964E-1,-1.766920805E0,9.615114212E0,9.777170673E0
8.266323817E0,1.436520964E-1,-1.764526606E0,9.622296333E0,9.783801756E0
8.268325145E0,1.340752989E-1,-1.771709204E0,9.627084732E0,9.789672626E0
8.270326981E0,1.460463107E-1,-1.774103403E0,9.617507935E0,9.780860457E0
8.272328856E0,1.436520964E-1,-1.776497602E0,9.624691010E0,9.788322465E0
8.274331551E0,1.412578970E-1,-1.776497602E0,9.622296333E0,9.785932978E0
8.276333621E0,1.412578970E-1,-1.774103403E0,9.617507935E0,9.780790129E0
8.278335535E0,1.364694983E-1,-1.766920805E0,9.622296333E0,9.784131018E0
8.280336785E0,1.364694983E-1,-1.754949808E0,9.634267807E0,9.793752546E0
8.282338582E0,1.388636976E-1,-1.754949808E0,9.631873131E0,9.791430537E0
8.284339910E0,1.436520964E-1,-1.769315004E0,9.629479408E0,9.791730449E0
8.286340418E0,1.484405100E-1,-1.769315004E0,9.634267807E0,9.796510927E0
8.288341746E0,1.556231081E-1,-1.778891921E0,9.631873131E0,9.796001992E0
8.290343973E0,1.484405100E-1,-1.769315004E0,9.627084732E0,9.789446900E0
8.292345692E0,1.460463107E-1,-1.764526606E0,9.627084732E0,9.788546578E0
8.294348270E0,1.388636976E-1,-1.759738207E0,9.636661530E0,9.796999904E0
8.296349950E0,1.460463107E-1,-1.769315004E0,9.641449928E0,9.803538230E0
8.298351434E0,1.484405100E-1,-1.769315004E0,9.641449928E0,9.803574190E0
8.300352840E0,1.484405100E-1,-1.764526606E0,9.634267807E0,9.795647243E0
8.302355106E0,1.484405100E-1,-1.776497602E0,9.639056206E0,9.802519210E0
8.304357684E0,1.484405100E-1,-1.769315004E0,9.639056206E0,9.801220062E0
8.306358817E0,1.436520964E-1,-1.764526606E0,9.629479408E0,9.790866343E0
8.308359598E0,1.484405100E-1,-1.771709204E0,9.653421402E0,9.815779788E0
8.310360301E0,1.436520964E-1,-1.774103403E0,9.646238327E0,9.809077055E0
8.312361317E0,1.340752989E-1,-1.774103403E0,9.639056206E0,9.801878575E0
8.314362254E0,1.340752989E-1,-1.781286120E0,9.643844604E0,9.807889436E0
8.316364325E0,1.412578970E-1,-1.776497602E0,9.641449928E0,9.804766914E0
8.318365614E0,1.412578970E-1,-1.766920805E0,9.629479408E0,9.791263279E0
8.320366981E0,1.388636976E-1,-1.766920805E0,9.634267807E0,9.795938364E0
8.322369442E0,1.340752989E-1,-1.778891921E0,9.624691010E0,9.788621439E0
8.324370926E0,1.316810995E-1,-1.769315004E0,9.629479408E0,9.791562141E0
8.326372137E0,1.460463107E-1,-1.766920805E0,9.624691010E0,9.786624325E0
8.328373817E0,1.484405100E-1,-1.774103403E0,9.624691010E0,9.787959670E0
8.330375340E0,1.460463107E-1,-1.774103403E0,9.631873131E0,9.794986086E0
8.332376239E0,1.388636976E-1,-1.769315004E0,9.631873131E0,9.794015454E0
8.334376590E0,1.292868853E-1,-1.766920805E0,9.624691010E0,9.786388571E0
8.336377410E0,1.197100878E-1,-1.764526606E0,9.624691010E0,9.785834746E0
8.338378309E0,1.268926859E-1,-1.762132406E0,9.615114212E0,9.776074554E0
8.340378895E0,1.316810995E-1,-1.764526606E0,9.607931137E0,9.769505350E0
8.342380457E0,1.292868853E-1,-1.754949808E0,9.617507935E0,9.777168445E0
8.344382371E0,1.292868853E-1,-1.762132406E0,9.627084732E0,9.787879554E0
8.346384012E0,1.268926859E-1,-1.766920805E0,9.629479408E0,9.791066569E0
8.348386160E0,1.316810995E-1,-1.766920805E0,9.617507935E0,9.779356212E0
8.350387450E0,1.292868853E-1,-1.769315004E0,9.629479408E0,9.791530236E0
8.352389403E0,1.316810995E-1,-1.764526606E0,9.631873131E0,9.793052336E0
8.354390848E0,1.268926859E-1,-1.757344007E0,9.629479408E0,9.789342848E0
8.356392410E0,1.244984865E-1,-1.762132406E0,9.622296333E0,9.783107748E0
8.358393895E0,1.149216816E-1,-1.766920805E0,9.615114212E0,9.776790753E0
8.360395614E0,1.125274822E-1,-1.762132406E0,9.610325813E0,9.771189042E0
8.362396590E0,1.149216816E-1,-1.764526606E0,9.615114212E0,9.776358343E0
8.364397957E0,1.244984865E-1,-1.766920805E0,9.615114212E0,9.776908014E0
8.366399403E0,1.173158810E-1,-1.769315004E0,9.619902611E0,9.781961196E0
8.368401082E0,1.197100878E-1,-1.774103403E0,9.617507935E0,9.780502659E0
8.370403035E0,1.292868853E-1,-1.771709204E0,9.612719536E0,9.775481854E0
8.372403973E0,1.268926859E-1,-1.766920805E0,9.624691010E0,9.786357234E0
8.374405496E0,1.101332754E-1,-1.769315004E0,9.629479408E0,9.791296063E0
8.376405965E0,1.221042871E-1,-1.769315004E0,9.622296333E0,9.784373857E0
8.378406512E0,1.197100878E-1,-1.762132406E0,9.622296333E0,9.783047984E0
8.380406942E0,1.149216816E-1,-1.759738207E0,9.629479408E0,9.789625081E0
8.382407918E0,1.101332754E-1,-1.757344007E0,9.629479408E0,9.789139951E0
8.384408934E0,1.173158810E-1,-1.759738207E0,9.624691010E0,9.784943464E0
8.386410535E0,1.244984865E-1,-1.762132406E0,9.622296333E0,9.783107748E0
8.388411825E0,1.244984865E-1,-1.762132406E0,9.629479408E0,9.790172836E0
8.390412996E0,1.268926859E-1,-1.762132406E0,9.629479408E0,9.790203575E0
8.392413700E0,1.244984865E-1,-1.766920805E0,9.636661530E0,9.798099532E0
8.394415223E0,1.244984865E-1,-1.769315004E0,9.639056206E0,9.800886694E0
8.396416512E0,1.292868853E-1,-1.771709204E0,9.631873131E0,9.794317159E0
8.398417254E0,1.292868853E-1,-1.776497602E0,9.631873131E0,9.795184472E0
8.400417332E0,1.340752989E-1,-1.766920805E0,9.629479408E0,9.791162290E0
8.402417176E0,1.316810995E-1,-1.769315004E0,9.624691010E0,9.786853045E0
8.404416551E0,1.316810995E-1,-1.764526606E0,9.631873131E0,9.793052336E0
8.406417996E0,1.292868853E-1,-1.766920805E0,9.639056206E0,9.800516760E0
8.408418621E0,1.340752989E-1,-1.766920805E0,9.639056206E0,9.800581098E0
8.410419207E0,1.292868853E-1,-1.762132406E0,9.631873131E0,9.792589327E0
8.412420535E0,1.340752989E-1,-1.774103403E0,9.627084732E0,9.790106205E0
8.414421278E0,1.340752989E-1,-1.769315004E0,9.631873131E0,9.793948733E0
8.416422801E0,1.364694983E-1,-1.764526606E0,9.648633003E0,9.809602280E0
8.418423348E0,1.316810995E-1,-1.764526606E0,9.651026726E0,9.811891302E0
8.420424325E0,1.340752989E-1,-1.769315004E0,9.641449928E0,9.803367202E0
8.422425262E0,1.388636976E-1,-1.771709204E0,9.636661530E0,9.799157212E0
8.424426121E0,1.364694983E-1,-1.774103403E0,9.631873131E0,9.794847973E0
8.426426317E0,1.316810995E-1,-1.781286120E0,9.631873131E0,9.796085961E0
8.428426356E0,1.292868853E-1,-1.776497602E0,9.634267807E0,9.797539232E0
8.430426825E0,1.340752989E-1,-1.783680320E0,9.636661530E0,9.801262016E0
8.432426629E0,1.292868853E-1,-1.788468719E0,9.631873131E0,9.797362679E0
8.434426278E0,1.364694983E-1,-1.786074519E0,9.619902611E0,9.785254844E0
8.436426707E0,1.364694983E-1,-1.781286120E0,9.624691010E0,9.789089906E0
8.438426981E0,1.436520964E-1,-1.783680320E0,9.627084732E0,9.791982018E0
8.440427293E0,1.436520964E-1,-1.778891921E0,9.624691010E0,9.788757297E0
8.442427996E0,1.388636976E-1,-1.778891921E0,9.624691010E0,9.788688197E0
8.444428778E0,1.364694983E-1,-1.774103403E0,9.639056206E0,9.801911617E0
8.446429285E0,1.388636976E-1,-1.781286120E0,9.634267807E0,9.798539664E0
8.448429676E0,1.412578970E-1,-1.793257117E0,9.624691010E0,9.791343213E0
8.450430262E0,1.388636976E-1,-1.781286120E0,9.624691010E0,9.789123577E0
8.452431082E0,1.364694983E-1,-1.786074519E0,9.631873131E0,9.797023330E0
8.454431551E0,1.364694983E-1,-1.798045516E0,9.643844604E0,9.810980092E0
8.456432176E0,1.388636976E-1,-1.798045516E0,9.639056206E0,9.806306917E0
8.458432840E0,1.484405100E-1,-1.793257117E0,9.624691010E0,9.791449469E0
8.460433778E0,1.484405100E-1,-1.783680320E0,9.631873131E0,9.796761203E0
8.462434637E0,1.532289088E-1,-1.790862918E0,9.636661530E0,9.802852367E0
8.464436278E0,1.556231081E-1,-1.790862918E0,9.629479408E0,9.795829838E0
8.466438543E0,1.484405100E-1,-1.795651317E0,9.624691010E0,9.791888238E0
8.468441200E0,1.508347094E-1,-1.788468719E0,9.617507935E0,9.783548964E0
8.470444364E0,1.388636976E-1,-1.795651317E0,9.634267807E0,9.801161306E0
8.472445926E0,1.484405100E-1,-1.793257117E0,9.646238327E0,9.812630612E0
8.474446278E0,1.436520964E-1,-1.798045516E0,9.641449928E0,9.808728782E0
8.476446864E0,1.412578970E-1,-1.800439715E0,9.627084732E0,9.795013905E0
8.478447801E0,1.484405100E-1,-1.798045516E0,9.624691010E0,9.792327573E0
8.480449012E0,1.556231081E-1,-1.793257117E0,9.627084732E0,9.793913931E0
8.482449793E0,1.412578970E-1,-1.793257117E0,9.634267807E0,9.800757168E0
8.484452059E0,1.364694983E-1,-1.795651317E0,9.634267807E0,9.801127678E0
8.486453114E0,1.412578970E-1,-1.800439715E0,9.631873131E0,9.799720250E0
8.488454129E0,1.436520964E-1,-1.795651317E0,9.634267807E0,9.801230318E0
8.490454442E0,1.508347094E-1,-1.790862918E0,9.641449928E0,9.807522512E0
8.492455575E0,1.508347094E-1,-1.793257117E0,9.624691010E0,9.791486058E0
8.494456746E0,1.436520964E-1,-1.800439715E0,9.617507935E0,9.785636309E0
8.496458504E0,1.484405100E-1,-1.793257117E0,9.624691010E0,9.791449469E0
8.498459637E0,1.532289088E-1,-1.798045516E0,9.629479408E0,9.797107759E0
8.500461629E0,1.484405100E-1,-1.793257117E0,9.639056206E0,9.805570366E0
8.502462176E0,1.460463107E-1,-1.795651317E0,9.622296333E0,9.789498450E0
8.504462489E0,1.532289088E-1,-1.795651317E0,9.617507935E0,9.784901717E0
8.506463231E0,1.556231081E-1,-1.793257117E0,9.624691010E0,9.791560992E0
8.508463895E0,1.460463107E-1,-1.795651317E0,9.636661530E0,9.803618649E0
8.510464950E0,1.388636976E-1,-1.788468719E0,9.631873131E0,9.797493735E0
8.512466785E0,1.436520964E-1,-1.788468719E0,9.627084732E0,9.792855392E0
8.514466942E0,1.412578970E-1,-1.778891921E0,9.627084732E0,9.791076075E0
8.516466981E0,1.532289088E-1,-1.778891921E0,9.624691010E0,9.788902522E0
8.518467996E0,1.508347094E-1,-1.788468719E0,9.617507935E0,9.783548964E0
8.520469364E0,1.484405100E-1,-1.788468719E0,9.615114212E0,9.781159249E0
8.522471239E0,1.484405100E-1,-1.786074519E0,9.617507935E0,9.783074959E0
8.524471629E0,1.460463107E-1,-1.786074519E0,9.622296333E0,9.787746341E0
8.526471473E0,1.508347094E-1,-1.800439715E0,9.615114212E0,9.783391824E0
8.528471512E0,1.532289088E-1,-1.802833915E0,9.624691010E0,9.793281690E0
8.530471942E0,1.436520964E-1,-1.807622313E0,9.622296333E0,9.791665899E0
8.532472137E0,1.556231081E-1,-1.795651317E0,9.622296333E0,9.789646006E0
8.534471668E0,1.532289088E-1,-1.805228114E0,9.627084732E0,9.796075137E0
8.536471785E0,1.508347094E-1,-1.802833915E0,9.627084732E0,9.795597055E0
8.538472332E0,1.580173075E-1,-1.802833915E0,9.636661530E0,9.805122387E0
8.540472059E0,1.628057212E-1,-1.798045516E0,9.631873131E0,9.799614961E0
8.542472489E0,1.580173075E-1,-1.798045516E0,9.641449928E0,9.808949682E0
8.544473739E0,1.532289088E-1,-1.795651317E0,9.643844604E0,9.810789036E0
8.546474637E0,1.484405100E-1,-1.793257117E0,9.631873131E0,9.798509360E0
8.548475770E0,1.556231081E-1,-1.790862918E0,9.627084732E0,9.793475838E0
8.550476395E0,1.484405100E-1,-1.786074519E0,9.631873131E0,9.797197394E0
8.552476707E0,1.436520964E-1,-1.786074519E0,9.636661530E0,9.801833683E0
8.554477450E0,1.436520964E-1,-1.786074519E0,9.641449928E0,9.806541431E0
8.556478192E0,1.532289088E-1,-1.790862918E0,9.643844604E0,9.809913753E0
8.558479364E0,1.484405100E-1,-1.786074519E0,9.641449928E0,9.806612743E0
8.560480848E0,1.484405100E-1,-1.793257117E0,9.629479408E0,9.796156356E0
8.562482606E0,1.388636976E-1,-1.786074519E0,9.622296333E0,9.787641802E0
8.564483426E0,1.484405100E-1,-1.776497602E0,9.631873131E0,9.795456004E0
8.566483075E0,1.436520964E-1,-1.778891921E0,9.631873131E0,9.795819129E0
8.568484246E0,1.388636976E-1,-1.771709204E0,9.629479408E0,9.792094276E0
8.570485535E0,1.556231081E-1,-1.771709204E0,9.627084732E0,9.789991445E0
8.572486746E0,1.484405100E-1,-1.776497602E0,9.641449928E0,9.804873025E0
8.574487879E0,1.532289088E-1,-1.774103403E0,9.641449928E0,9.804513180E0
8.576490106E0,1.388636976E-1,-1.776497602E0,9.631873131E0,9.795315557E0
8.578491707E0,1.412578970E-1,-1.781286120E0,9.624691010E0,9.789157832E0
8.580492528E0,1.340752989E-1,-1.769315004E0,9.624691010E0,9.786885552E0
8.582493621E0,1.364694983E-1,-1.766920805E0,9.627084732E0,9.788840253E0
8.584493895E0,1.484405100E-1,-1.769315004E0,9.636661530E0,9.798865016E0
8.586495653E0,1.460463107E-1,-1.766920805E0,9.643844604E0,9.805461611E0
8.588496864E0,1.436520964E-1,-1.766920805E0,9.624691010E0,9.786588889E0
8.590497645E0,1.340752989E-1,-1.766920805E0,9.627084732E0,9.788807167E0
8.592496942E0,1.388636976E-1,-1.764526606E0,9.624691010E0,9.786087793E0
8.594497098E0,1.388636976E-1,-1.764526606E0,9.617507935E0,9.779023271E0
8.596497567E0,1.412578970E-1,-1.762132406E0,9.622296333E0,9.783335379E0
8.598497879E0,1.412578970E-1,-1.757344007E0,9.624691010E0,9.784829522E0
8.600497645E0,1.364694983E-1,-1.766920805E0,9.629479408E0,9.791195368E0
8.602497137E0,1.388636976E-1,-1.769315004E0,9.627084732E0,9.789306367E0
8.604496942E0,1.388636976E-1,-1.771709204E0,9.622296333E0,9.785030575E0
8.606497450E0,1.268926859E-1,-1.764526606E0,9.622296333E0,9.783570035E0
8.608497332E0,1.221042871E-1,-1.762132406E0,9.617507935E0,9.778367908E0
8.610496825E0,1.268926859E-1,-1.769315004E0,9.627084732E0,9.789143874E0
8.612496512E0,1.268926859E-1,-1.769315004E0,9.636661530E0,9.798562281E0
8.614496395E0,1.244984865E-1,-1.769315004E0,9.639056206E0,9.800886694E0
8.616496082E0,1.268926859E-1,-1.774103403E0,9.629479408E0,9.792365307E0
8.618496746E0,1.244984865E-1,-1.776497602E0,9.631873131E0,9.795122440E0
8.620497528E0,1.292868853E-1,-1.783680320E0,9.624691010E0,9.789428360E0
8.622497918E0,1.268926859E-1,-1.786074519E0,9.617507935E0,9.782771735E0
8.624498270E0,1.221042871E-1,-1.776497602E0,9.619902611E0,9.783321493E0
8.626498895E0,1.197100878E-1,-1.781286120E0,9.636661530E0,9.800640601E0
8.628499989E0,1.125274822E-1,-1.781286120E0,9.646238327E0,9.809972301E0
8.630500340E0,1.221042871E-1,-1.778891921E0,9.643844604E0,9.807298541E0
8.632499754E0,1.197100878E-1,-1.776497602E0,9.641449928E0,9.804480147E0
8.634499364E0,1.268926859E-1,-1.783680320E0,9.648633003E0,9.812937178E0
8.636498504E0,1.149216816E-1,-1.788468719E0,9.639056206E0,9.804245605E0
8.638498582E0,1.173158810E-1,-1.786074519E0,9.622296333E0,9.787359804E0
8.640499676E0,1.149216816E-1,-1.781286120E0,9.629479408E0,9.793521374E0
8.642500887E0,1.388636976E-1,-1.776497602E0,9.634267807E0,9.797670286E0
8.644500965E0,1.244984865E-1,-1.783680320E0,9.639056206E0,9.803490189E0
8.646501942E0,1.268926859E-1,-1.783680320E0,9.631873131E0,9.796458403E0
8.648503543E0,1.197100878E-1,-1.783680320E0,9.627084732E0,9.791660044E0
8.650504676E0,1.221042871E-1,-1.795651317E0,9.629479408E0,9.796231254E0
8.652504754E0,1.221042871E-1,-1.778891921E0,9.619902611E0,9.783756547E0
8.654505496E0,1.268926859E-1,-1.781286120E0,9.629479408E0,9.793669163E0
8.656505535E0,1.268926859E-1,-1.778891921E0,9.639056206E0,9.802650803E0
8.658504285E0,1.340752989E-1,-1.786074519E0,9.634267807E0,9.799344598E0
8.660503700E0,1.316810995E-1,-1.778891921E0,9.617507935E0,9.781526223E0
8.662503309E0,1.292868853E-1,-1.781286120E0,9.619902611E0,9.784284419E0
8.664504168E0,1.268926859E-1,-1.776497602E0,9.629479408E0,9.792799353E0
8.666505575E0,1.268926859E-1,-1.771709204E0,9.627084732E0,9.789576890E0
8.668506239E0,1.244984865E-1,-1.774103403E0,9.634267807E0,9.797043377E0
8.670507801E0,1.268926859E-1,-1.783680320E0,9.634267807E0,9.798812857E0
8.672508621E0,1.244984865E-1,-1.783680320E0,9.634267807E0,9.798782145E0
8.674509520E0,1.244984865E-1,-1.778891921E0,9.617507935E0,9.781432166E0
8.676510067E0,1.268926859E-1,-1.778891921E0,9.627084732E0,9.790879361E0
8.678510731E0,1.268926859E-1,-1.781286120E0,9.629479408E0,9.793669163E0
8.680511004E0,1.316810995E-1,-1.778891921E0,9.622296333E0,9.786234368E0
8.682511395E0,1.364694983E-1,-1.776497602E0,9.619902611E0,9.783511328E0
8.684512450E0,1.316810995E-1,-1.781286120E0,9.617507935E0,9.781961921E0
8.686513348E0,1.364694983E-1,-1.778891921E0,9.622296333E0,9.786299971E0
8.688513934E0,1.316810995E-1,-1.778891921E0,9.634267807E0,9.798005540E0
8.690514168E0,1.340752989E-1,-1.774103403E0,9.639056206E0,9.801878575E0
8.692513700E0,1.268926859E-1,-1.781286120E0,9.636661530E0,9.800730964E0
8.694513192E0,1.221042871E-1,-1.776497602E0,9.631873131E0,9.795092302E0
8.696513387E0,1.244984865E-1,-1.771709204E0,9.617507935E0,9.780128437E0
8.698514559E0,1.173158810E-1,-1.781286120E0,9.622296333E0,9.786487112E0
8.700515653E0,1.292868853E-1,-1.778891921E0,9.615114212E0,9.779140702E0
8.702515653E0,1.340752989E-1,-1.776497602E0,9.617507935E0,9.781123595E0
8.704516590E0,1.316810995E-1,-1.778891921E0,9.619902611E0,9.783880755E0
8.706516825E0,1.340752989E-1,-1.786074519E0,9.619902611E0,9.785221746E0
8.708517840E0,1.340752989E-1,-1.786074519E0,9.631873131E0,9.796990272E0
8.710518465E0,1.316810995E-1,-1.793257117E0,9.629479408E0,9.795916735E0
8.712519090E0,1.340752989E-1,-1.790862918E0,9.627084732E0,9.793157132E0
8.714520653E0,1.364694983E-1,-1.790862918E0,9.641449928E0,9.807312100E0
8.716521864E0,1.388636976E-1,-1.776497602E0,9.624691010E0,9.788253362E0
8.718521317E0,1.412578970E-1,-1.781286120E0,9.622296333E0,9.786803399E0
8.720521434E0,1.364694983E-1,-1.774103403E0,9.631873131E0,9.794847973E0
8.722523035E0,1.364694983E-1,-1.778891921E0,9.636661530E0,9.800424778E0
8.724523231E0,1.388636976E-1,-1.783680320E0,9.629479408E0,9.794267317E0
8.726524520E0,1.364694983E-1,-1.781286120E0,9.619902611E0,9.784381963E0
8.728526043E0,1.436520964E-1,-1.774103403E0,9.624691010E0,9.787888222E0
8.730526551E0,1.388636976E-1,-1.778891921E0,9.617507935E0,9.781625553E0
8.732526668E0,1.364694983E-1,-1.786074519E0,9.624691010E0,9.789962367E0
8.734526942E0,1.388636976E-1,-1.778891921E0,9.615114212E0,9.779272003E0
8.736527801E0,1.460463107E-1,-1.774103403E0,9.629479408E0,9.792632235E0
8.738528582E0,1.460463107E-1,-1.776497602E0,9.636661530E0,9.800128504E0
8.740528934E0,1.508347094E-1,-1.776497602E0,9.629479408E0,9.793138849E0
8.742529989E0,1.484405100E-1,-1.781286120E0,9.627084732E0,9.791617602E0
8.744529715E0,1.460463107E-1,-1.786074519E0,9.624691010E0,9.790100548E0
8.746530965E0,1.460463107E-1,-1.788468719E0,9.636661530E0,9.802305612E0
8.748531551E0,1.532289088E-1,-1.778891921E0,9.636661530E0,9.800672477E0
8.750532450E0,1.484405100E-1,-1.783680320E0,9.643844604E0,9.808531431E0
8.752532567E0,1.412578970E-1,-1.788468719E0,9.636661530E0,9.802235438E0
8.754533309E0,1.412578970E-1,-1.793257117E0,9.636661530E0,9.803110237E0
8.756534051E0,1.364694983E-1,-1.793257117E0,9.648633003E0,9.814810943E0
8.758534403E0,1.316810995E-1,-1.790862918E0,9.641449928E0,9.807246638E0
8.760534481E0,1.460463107E-1,-1.788468719E0,9.622296333E0,9.788183519E0
8.762533465E0,1.436520964E-1,-1.786074519E0,9.624691010E0,9.790065124E0
8.764533309E0,1.460463107E-1,-1.778891921E0,9.622296333E0,9.786438204E0
8.766533387E0,1.484405100E-1,-1.781286120E0,9.617507935E0,9.782201884E0
8.768533192E0,1.460463107E-1,-1.781286120E0,9.627084732E0,9.791581599E0
8.770533621E0,1.508347094E-1,-1.788468719E0,9.624691010E0,9.790610221E0
8.772534364E0,1.484405100E-1,-1.788468719E0,9.622296333E0,9.788219535E0
8.774534754E0,1.556231081E-1,-1.788468719E0,9.639056206E0,9.804807160E0
8.776534481E0,1.532289088E-1,-1.793257117E0,9.631873131E0,9.798583071E0
8.778534598E0,1.508347094E-1,-1.788468719E0,9.634267807E0,9.800024880E0
8.780534910E0,1.412578970E-1,-1.786074519E0,9.627084732E0,9.792383592E0
8.782535340E0,1.436520964E-1,-1.795651317E0,9.622296333E0,9.789463024E0
8.784534403E0,1.412578970E-1,-1.793257117E0,9.629479408E0,9.796050151E0
8.786534325E0,1.412578970E-1,-1.790862918E0,9.631873131E0,9.797965288E0
8.788534637E0,1.388636976E-1,-1.795651317E0,9.627084732E0,9.794100633E0
8.790534950E0,1.388636976E-1,-1.790862918E0,9.627084732E0,9.793223859E0
8.792534403E0,1.388636976E-1,-1.793257117E0,9.622296333E0,9.788955048E0
8.794534676E0,1.484405100E-1,-1.786074519E0,9.629479408E0,9.794844075E0
8.796534246E0,1.532289088E-1,-1.795651317E0,9.646238327E0,9.813142036E0
8.798534950E0,1.484405100E-1,-1.790862918E0,9.646238327E0,9.812193355E0
8.800535262E0,1.436520964E-1,-1.786074519E0,9.629479408E0,9.794772677E0
8.802534989E0,1.556231081E-1,-1.783680320E0,9.627084732E0,9.792164953E0
8.804535028E0,1.580173075E-1,-1.781286120E0,9.629479408E0,9.794121879E0
8.806535223E0,1.508347094E-1,-1.783680320E0,9.629479408E0,9.794444357E0
8.808534598E0,1.532289088E-1,-1.783680320E0,9.622296333E0,9.787419543E0
8.810535770E0,1.508347094E-1,-1.781286120E0,9.617507935E0,9.782238508E0
8.812536200E0,1.436520964E-1,-1.778891921E0,9.612719536E0,9.776986717E0
8.814535965E0,1.460463107E-1,-1.778891921E0,9.615114212E0,9.779376632E0
8.816536629E0,1.532289088E-1,-1.771709204E0,9.622296333E0,9.785244980E0
8.818537176E0,1.651999205E-1,-1.759738207E0,9.627084732E0,9.787989069E0
8.820537840E0,1.651999205E-1,-1.764526606E0,9.631873131E0,9.793560393E0
8.822537762E0,1.580173075E-1,-1.771709204E0,9.634267807E0,9.797093403E0
8.824538934E0,1.580173075E-1,-1.771709204E0,9.627084732E0,9.790029796E0
8.826540301E0,1.532289088E-1,-1.769315004E0,9.622296333E0,9.784811772E0
8.828540692E0,1.556231081E-1,-1.754949808E0,9.619902611E0,9.779907649E0
8.830542020E0,1.532289088E-1,-1.757344007E0,9.631873131E0,9.792074196E0
8.832542723E0,1.508347094E-1,-1.766920805E0,9.636661530E0,9.798469558E0
8.834543856E0,1.604115069E-1,-1.778891921E0,9.646238327E0,9.810203983E0
8.836544793E0,1.580173075E-1,-1.783680320E0,9.646238327E0,9.811034544E0
8.838545379E0,1.460463107E-1,-1.774103403E0,9.648633003E0,9.811467334E0
8.840546629E0,1.532289088E-1,-1.776497602E0,9.648633003E0,9.812010072E0
8.842546629E0,1.508347094E-1,-1.781286120E0,9.648633003E0,9.812841086E0
8.844546785E0,1.484405100E-1,-1.774103403E0,9.634267807E0,9.797376876E0
8.846547450E0,1.412578970E-1,-1.778891921E0,9.619902611E0,9.784014335E0
8.848548621E0,1.364694983E-1,-1.781286120E0,9.636661530E0,9.800859636E0
8.850549598E0,1.412578970E-1,-1.769315004E0,9.631873131E0,9.794049693E0
8.852550301E0,1.412578970E-1,-1.771709204E0,9.636661530E0,9.799191433E0
8.854551082E0,1.364694983E-1,-1.793257117E0,9.634267807E0,9.800689322E0
8.856551473E0,1.244984865E-1,-1.790862918E0,9.646238327E0,9.811860360E0
8.858551551E0,1.292868853E-1,-1.783680320E0,9.641449928E0,9.805905736E0
8.860552098E0,1.244984865E-1,-1.793257117E0,9.643844604E0,9.809944430E0
8.862551200E0,1.292868853E-1,-1.793257117E0,9.648633003E0,9.814713700E0
8.864551590E0,1.316810995E-1,-1.793257117E0,9.648633003E0,9.814745531E0
8.866552801E0,1.244984865E-1,-1.793257117E0,9.646238327E0,9.812297632E0
8.868552684E0,1.221042871E-1,-1.795651317E0,9.629479408E0,9.796231254E0
8.870553309E0,1.292868853E-1,-1.793257117E0,9.624691010E0,9.791177826E0
8.872553387E0,1.364694983E-1,-1.786074519E0,9.641449928E0,9.806438846E0
8.874553660E0,1.268926859E-1,-1.788468719E0,9.627084732E0,9.792623885E0
8.876552215E0,1.292868853E-1,-1.800439715E0,9.631873131E0,9.799555004E0
8.878552567E0,1.244984865E-1,-1.810016513E0,9.631873131E0,9.801257045E0
8.880552293E0,1.268926859E-1,-1.810016513E0,9.634267807E0,9.803641043E0
8.882551239E0,1.364694983E-1,-1.800439715E0,9.627084732E0,9.794946020E0
8.884550614E0,1.436520964E-1,-1.786074519E0,9.627084732E0,9.792418422E0
8.886550457E0,1.292868853E-1,-1.786074519E0,9.624691010E0,9.789864877E0
8.888550379E0,1.244984865E-1,-1.783680320E0,9.615114212E0,9.779950750E0
8.890550067E0,1.292868853E-1,-1.781286120E0,9.617507935E0,9.781929984E0
8.892549832E0,1.364694983E-1,-1.788468719E0,9.622296333E0,9.788045311E0
8.894549989E0,1.340752989E-1,-1.783680320E0,9.629479408E0,9.794200597E0
8.896550301E0,1.340752989E-1,-1.774103403E0,9.612719536E0,9.775980562E0
8.898550770E0,1.316810995E-1,-1.771709204E0,9.610325813E0,9.773159962E0
8.900551668E0,1.292868853E-1,-1.776497602E0,9.612719536E0,9.776350838E0
8.902551473E0,1.292868853E-1,-1.769315004E0,9.603142738E0,9.765630606E0
8.904550770E0,1.316810995E-1,-1.759738207E0,9.610325813E0,9.770996915E0
8.906550692E0,1.292868853E-1,-1.747767210E0,9.612719536E0,9.771170974E0
8.908550770E0,1.268926859E-1,-1.747767210E0,9.622296333E0,9.780561267E0
8.910551942E0,1.316810995E-1,-1.742978811E0,9.617507935E0,9.775058768E0
8.912552567E0,1.292868853E-1,-1.747767210E0,9.619902611E0,9.778237651E0
8.914552254E0,1.340752989E-1,-1.742978811E0,9.617507935E0,9.775091314E0
8.916552098E0,1.388636976E-1,-1.750161409E0,9.619902611E0,9.778797182E0
8.918552176E0,1.364694983E-1,-1.747767210E0,9.619902611E0,9.778335256E0
8.920552645E0,1.388636976E-1,-1.742978811E0,9.619902611E0,9.777514229E0
8.922551942E0,1.292868853E-1,-1.752555609E0,9.619902611E0,9.779094667E0
8.924551551E0,1.340752989E-1,-1.742978811E0,9.629479408E0,9.786870031E0
8.926552293E0,1.292868853E-1,-1.745373011E0,9.627084732E0,9.784876212E0
8.928552567E0,1.340752989E-1,-1.752555609E0,9.615114212E0,9.774448765E0
8.930552137E0,1.292868853E-1,-1.757344007E0,9.612719536E0,9.772888515E0
8.932552020E0,1.292868853E-1,-1.762132406E0,9.615114212E0,9.776105923E0
8.934551864E0,1.221042871E-1,-1.759738207E0,9.617507935E0,9.777936740E0
8.936551707E0,1.292868853E-1,-1.754949808E0,9.619902611E0,9.779524026E0
8.938551746E0,1.268926859E-1,-1.762132406E0,9.619902611E0,9.780784151E0
8.940551981E0,1.340752989E-1,-1.774103403E0,9.634267807E0,9.797169757E0
8.942553270E0,1.316810995E-1,-1.778891921E0,9.643844604E0,9.807422451E0
8.944553895E0,1.340752989E-1,-1.781286120E0,9.639056206E0,9.803181166E0
8.946553700E0,1.340752989E-1,-1.778891921E0,9.634267807E0,9.798038009E0
8.948553114E0,1.244984865E-1,-1.783680320E0,9.631873131E0,9.796427684E0
8.950552567E0,1.316810995E-1,-1.788468719E0,9.641449928E0,9.806809725E0
8.952552450E0,1.364694983E-1,-1.783680320E0,9.631873131E0,9.796587131E0
8.954552020E0,1.364694983E-1,-1.778891921E0,9.636661530E0,9.800424778E0
8.956551395E0,1.268926859E-1,-1.793257117E0,9.631873131E0,9.798206614E0
8.958551629E0,1.364694983E-1,-1.802833915E0,9.629479408E0,9.797739929E0
8.960551942E0,1.388636976E-1,-1.795651317E0,9.639056206E0,9.805868208E0
8.962551395E0,1.340752989E-1,-1.788468719E0,9.643844604E0,9.809196465E0
8.964551707E0,1.436520964E-1,-1.790862918E0,9.653421402E0,9.819183809E0
8.966551473E0,1.412578970E-1,-1.790862918E0,9.639056206E0,9.805026686E0
8.968551200E0,1.340752989E-1,-1.788468719E0,9.636661530E0,9.802134562E0
8.970550731E0,1.340752989E-1,-1.790862918E0,9.639056206E0,9.804925839E0
8.972549832E0,1.340752989E-1,-1.786074519E0,9.636661530E0,9.801698006E0
8.974549090E0,1.436520964E-1,-1.795651317E0,9.646238327E0,9.812997169E0
8.976548621E0,1.484405100E-1,-1.786074519E0,9.646238327E0,9.811320535E0
8.978547567E0,1.508347094E-1,-1.786074519E0,9.643844604E0,9.809003622E0
8.980547176E0,1.532289088E-1,-1.798045516E0,9.643844604E0,9.811227524E0
8.982546903E0,1.532289088E-1,-1.788468719E0,9.651026726E0,9.816537899E0
8.984546864E0,1.556231081E-1,-1.795651317E0,9.658209801E0,9.824947774E0
8.986546473E0,1.628057212E-1,-1.798045516E0,9.653421402E0,9.820795189E0
8.988546160E0,1.508347094E-1,-1.793257117E0,9.651026726E0,9.817374347E0
8.990544950E0,1.508347094E-1,-1.783680320E0,9.651026726E0,9.815629550E0
8.992544051E0,1.532289088E-1,-1.783680320E0,9.648633003E0,9.813313070E0
8.994543426E0,1.508347094E-1,-1.790862918E0,9.636661530E0,9.802815235E0
8.996542801E0,1.604115069E-1,-1.793257117E0,9.639056206E0,9.805758894E0
8.998542606E0,1.460463107E-1,-1.795651317E0,9.627084732E0,9.794205104E0
9.000542996E0,1.388636976E-1,-1.795651317E0,9.629479408E0,9.796454484E0
9.002543114E0,1.532289088E-1,-1.810016513E0,9.636661530E0,9.806369579E0
9.004544325E0,1.508347094E-1,-1.795651317E0,9.629479408E0,9.796631484E0
9.006543817E0,1.436520964E-1,-1.795651317E0,9.629479408E0,9.796523529E0
9.008542762E0,1.436520964E-1,-1.800439715E0,9.634267807E0,9.802108716E0
9.010542137E0,1.412578970E-1,-1.805228114E0,9.631873131E0,9.800601122E0
9.012541317E0,1.460463107E-1,-1.812410712E0,9.615114212E0,9.785529287E0
9.014540067E0,1.484405100E-1,-1.807622313E0,9.619902611E0,9.789385029E0
9.016540028E0,1.412578970E-1,-1.800439715E0,9.631873131E0,9.799720250E0
9.018540184E0,1.412578970E-1,-1.790862918E0,9.629479408E0,9.795612153E0
9.020539793E0,1.316810995E-1,-1.798045516E0,9.622296333E0,9.789734129E0
9.022538934E0,1.316810995E-1,-1.812410712E0,9.631873131E0,9.801793331E0
9.024539754E0,1.316810995E-1,-1.810016513E0,9.629479408E0,9.798998590E0
9.026540301E0,1.388636976E-1,-1.802833915E0,9.627084732E0,9.795420036E0
9.028541004E0,1.316810995E-1,-1.802833915E0,9.624691010E0,9.792968246E0
9.030540926E0,1.340752989E-1,-1.810016513E0,9.617507935E0,9.787266975E0
9.032541746E0,1.244984865E-1,-1.807622313E0,9.607931137E0,9.777286895E0
9.034542137E0,1.268926859E-1,-1.805228114E0,9.598354340E0,9.767464171E0
9.036543114E0,1.316810995E-1,-1.814804912E0,9.603142738E0,9.774006713E0
9.038543504E0,1.340752989E-1,-1.810016513E0,9.600749016E0,9.770799232E0
9.040543973E0,1.340752989E-1,-1.807622313E0,9.607931137E0,9.777413531E0
9.042543934E0,1.316810995E-1,-1.805228114E0,9.622296333E0,9.791055877E0
9.044543465E0,1.292868853E-1,-1.807622313E0,9.617507935E0,9.786760056E0
9.046543309E0,1.388636976E-1,-1.805228114E0,9.610325813E0,9.779391285E0
9.048543621E0,1.268926859E-1,-1.798045516E0,9.600749016E0,9.768492775E0
9.050543192E0,1.244984865E-1,-1.788468719E0,9.607931137E0,9.773763910E0
9.052542450E0,1.316810995E-1,-1.788468719E0,9.610325813E0,9.776212074E0
9.054542332E0,1.221042871E-1,-1.783680320E0,9.605537415E0,9.770505307E0
9.056541629E0,1.197100878E-1,-1.786074519E0,9.612719536E0,9.777973694E0
9.058541668E0,1.197100878E-1,-1.786074519E0,9.610325813E0,9.775620437E0
9.060541746E0,1.221042871E-1,-1.798045516E0,9.610325813E0,9.777844311E0
9.062542801E0,1.221042871E-1,-1.783680320E0,9.617507935E0,9.782273959E0
9.064543660E0,1.197100878E-1,-1.783680320E0,9.622296333E0,9.786952167E0
9.066543817E0,1.292868853E-1,-1.790862918E0,9.622296333E0,9.788385557E0
9.068544910E0,1.316810995E-1,-1.790862918E0,9.624691010E0,9.790771519E0
9.070545379E0,1.268926859E-1,-1.795651317E0,9.629479408E0,9.796292109E0
9.072545965E0,1.244984865E-1,-1.790862918E0,9.627084732E0,9.793030701E0
9.074547723E0,1.244984865E-1,-1.783680320E0,9.619902611E0,9.784658481E0
9.076548582E0,1.244984865E-1,-1.776497602E0,9.622296333E0,9.785705408E0
9.078549246E0,1.268926859E-1,-1.781286120E0,9.627084732E0,9.791314643E0
9.080550262E0,1.316810995E-1,-1.778891921E0,9.636661530E0,9.800359270E0
9.082551785E0,1.316810995E-1,-1.790862918E0,9.619902611E0,9.786064385E0
9.084552254E0,1.292868853E-1,-1.795651317E0,9.627084732E0,9.793969532E0
9.086552840E0,1.268926859E-1,-1.788468719E0,9.619902611E0,9.785563262E0
9.088554012E0,1.221042871E-1,-1.781286120E0,9.629479408E0,9.793608292E0
9.090554989E0,1.316810995E-1,-1.788468719E0,9.641449928E0,9.806809725E0
9.092556746E0,1.364694983E-1,-1.776497602E0,9.639056206E0,9.802345239E0
9.094558114E0,1.221042871E-1,-1.774103403E0,9.639056206E0,9.801722138E0
9.096560145E0,1.197100878E-1,-1.774103403E0,9.651026726E0,9.813464742E0
9.098561512E0,1.221042871E-1,-1.766920805E0,9.646238327E0,9.807488590E0
9.100560848E0,1.268926859E-1,-1.774103403E0,9.631873131E0,9.794719222E0
9.102561200E0,1.268926859E-1,-1.778891921E0,9.643844604E0,9.807359327E0
9.104561434E0,1.316810995E-1,-1.776497602E0,9.651026726E0,9.814051177E0
9.106561434E0,1.364694983E-1,-1.786074519E0,9.658209801E0,9.822917218E0
9.108561512E0,1.364694983E-1,-1.781286120E0,9.639056206E0,9.803214203E0
9.110561864E0,1.412578970E-1,-1.788468719E0,9.641449928E0,9.806942993E0
9.112562137E0,1.364694983E-1,-1.778891921E0,9.641449928E0,9.805133202E0
9.114562567E0,1.460463107E-1,-1.778891921E0,9.641449928E0,9.805271170E0
9.116562098E0,1.436520964E-1,-1.771709204E0,9.624691010E0,9.787454544E0
9.118561551E0,1.436520964E-1,-1.778891921E0,9.624691010E0,9.788757297E0
9.120561981E0,1.436520964E-1,-1.778891921E0,9.624691010E0,9.788757297E0
9.122561746E0,1.484405100E-1,-1.776497602E0,9.631873131E0,9.795456004E0
9.124562137E0,1.532289088E-1,-1.781286120E0,9.636661530E0,9.801107324E0
9.126561239E0,1.436520964E-1,-1.776497602E0,9.639056206E0,9.802447867E0
9.128560067E0,1.364694983E-1,-1.769315004E0,9.629479408E0,9.791627709E0
9.130560614E0,1.436520964E-1,-1.764526606E0,9.627084732E0,9.788511149E0
9.132560067E0,1.484405100E-1,-1.764526606E0,9.627084732E0,9.788582592E0
9.134560887E0,1.460463107E-1,-1.769315004E0,9.636661530E0,9.798829039E0
9.136561356E0,1.484405100E-1,-1.764526606E0,9.627084732E0,9.788582592E0
9.138561629E0,1.460463107E-1,-1.762132406E0,9.624691010E0,9.785760940E0
9.140561043E0,1.364694983E-1,-1.762132406E0,9.629479408E0,9.790332385E0
9.142559832E0,1.316810995E-1,-1.766920805E0,9.639056206E0,9.800548637E0
9.144559168E0,1.364694983E-1,-1.762132406E0,9.639056206E0,9.799751991E0
9.146559520E0,1.388636976E-1,-1.764526606E0,9.646238327E0,9.807280517E0
9.148559832E0,1.388636976E-1,-1.762132406E0,9.643844604E0,9.804495525E0
9.150560692E0,1.340752989E-1,-1.766920805E0,9.636661530E0,9.798225898E0
9.152561668E0,1.388636976E-1,-1.766920805E0,9.639056206E0,9.800647774E0
9.154561629E0,1.412578970E-1,-1.764526606E0,9.639056206E0,9.800250633E0
9.156561785E0,1.364694983E-1,-1.754949808E0,9.627084732E0,9.786686528E0
9.158561317E0,1.364694983E-1,-1.764526606E0,9.619902611E0,9.781344709E0
9.160561707E0,1.292868853E-1,-1.766920805E0,9.624691010E0,9.786388571E0
9.162561668E0,1.244984865E-1,-1.766920805E0,9.631873131E0,9.793390067E0
9.164562528E0,1.268926859E-1,-1.757344007E0,9.619902611E0,9.779922595E0
9.166562528E0,1.292868853E-1,-1.759738207E0,9.617507935E0,9.778029072E0
9.168561864E0,1.173158810E-1,-1.769315004E0,9.624691010E0,9.786670303E0
9.170561590E0,1.268926859E-1,-1.766920805E0,9.629479408E0,9.791066569E0
9.172561707E0,1.340752989E-1,-1.766920805E0,9.624691010E0,9.786453001E0
9.174561395E0,1.221042871E-1,-1.757344007E0,9.607931137E0,9.768086207E0
9.176561043E0,1.244984865E-1,-1.762132406E0,9.605537415E0,9.766624776E0
9.178560926E0,1.316810995E-1,-1.759738207E0,9.605537415E0,9.766287293E0
9.180561317E0,1.221042871E-1,-1.764526606E0,9.624691010E0,9.785864327E0
9.182560653E0,1.221042871E-1,-1.766920805E0,9.624691010E0,9.786296318E0
9.184560965E0,1.268926859E-1,-1.769315004E0,9.627084732E0,9.789143874E0
9.186560496E0,1.340752989E-1,-1.762132406E0,9.617507935E0,9.778524719E0
9.188561317E0,1.244984865E-1,-1.759738207E0,9.605537415E0,9.766193089E0
9.190562410E0,1.268926859E-1,-1.774103403E0,9.612719536E0,9.775884692E0
9.192563387E0,1.173158810E-1,-1.769315004E0,9.624691010E0,9.786670303E0
9.194564442E0,1.244984865E-1,-1.771709204E0,9.624691010E0,9.787192161E0
9.196565614E0,1.340752989E-1,-1.774103403E0,9.619902611E0,9.783043765E0
9.198566239E0,1.292868853E-1,-1.776497602E0,9.615114212E0,9.778705443E0
9.200566317E0,1.244984865E-1,-1.778891921E0,9.617507935E0,9.781432166E0
9.202567254E0,1.364694983E-1,-1.774103403E0,9.622296333E0,9.785430677E0
9.204567879E0,1.340752989E-1,-1.771709204E0,9.629479408E0,9.792027541E0
9.206568660E0,1.244984865E-1,-1.778891921E0,9.627084732E0,9.790848624E0
9.208568465E0,1.292868853E-1,-1.774103403E0,9.631873131E0,9.794750532E0
9.210568739E0,1.244984865E-1,-1.776497602E0,9.639056206E0,9.802185886E0
9.212568700E0,1.292868853E-1,-1.778891921E0,9.646238327E0,9.809744412E0
9.214569012E0,1.316810995E-1,-1.776497602E0,9.648633003E0,9.811697227E0
9.216570067E0,1.292868853E-1,-1.783680320E0,9.643844604E0,9.808260260E0
9.218570379E0,1.364694983E-1,-1.790862918E0,9.639056206E0,9.804958871E0
9.220570028E0,1.412578970E-1,-1.786074519E0,9.639056206E0,9.804153228E0
9.222570067E0,1.388636976E-1,-1.776497602E0,9.639056206E0,9.802378864E0
9.224571356E0,1.340752989E-1,-1.774103403E0,9.629479408E0,9.792461016E0
9.226571785E0,1.292868853E-1,-1.774103403E0,9.636661530E0,9.799459343E0
9.228571825E0,1.436520964E-1,-1.778891921E0,9.631873131E0,9.795819129E0
9.230572293E0,1.460463107E-1,-1.781286120E0,9.631873131E0,9.796289592E0
9.232572840E0,1.388636976E-1,-1.788468719E0,9.636661530E0,9.802201228E0
9.234573387E0,1.460463107E-1,-1.781286120E0,9.627084732E0,9.791581599E0
9.236573700E0,1.436520964E-1,-1.771709204E0,9.639056206E0,9.801581197E0
9.238574481E0,1.460463107E-1,-1.783680320E0,9.643844604E0,9.808495489E0
9.240576239E0,1.532289088E-1,-1.778891921E0,9.643844604E0,9.807735433E0
9.242577371E0,1.556231081E-1,-1.783680320E0,9.639056206E0,9.803934852E0
9.244578348E0,1.412578970E-1,-1.783680320E0,9.641449928E0,9.806070875E0
9.246579051E0,1.388636976E-1,-1.783680320E0,9.641449928E0,9.806036678E0
9.248580184E0,1.460463107E-1,-1.776497602E0,9.627084732E0,9.790711603E0
9.250581239E0,1.412578970E-1,-1.778891921E0,9.627084732E0,9.791076075E0
9.252581629E0,1.388636976E-1,-1.778891921E0,9.629479408E0,9.793396411E0
9.254583075E0,1.364694983E-1,-1.776497602E0,9.641449928E0,9.804699097E0
9.256582137E0,1.340752989E-1,-1.774103403E0,9.643844604E0,9.806587471E0
9.258582176E0,1.388636976E-1,-1.778891921E0,9.622296333E0,9.786333651E0
9.260582645E0,1.436520964E-1,-1.776497602E0,9.631873131E0,9.795384610E0
9.262583582E0,1.412578970E-1,-1.778891921E0,9.634267807E0,9.798138927E0
9.264585067E0,1.436520964E-1,-1.776497602E0,9.627084732E0,9.790676182E0
9.266585653E0,1.364694983E-1,-1.781286120E0,9.622296333E0,9.786735456E0
9.268585496E0,1.364694983E-1,-1.783680320E0,9.627084732E0,9.791879281E0
9.270585887E0,1.460463107E-1,-1.783680320E0,9.631873131E0,9.796725219E0
9.272586004E0,1.508347094E-1,-1.790862918E0,9.636661530E0,9.802815235E0
9.274585379E0,1.388636976E-1,-1.790862918E0,9.634267807E0,9.800285164E0
9.276584676E0,1.340752989E-1,-1.793257117E0,9.636661530E0,9.803009370E0
9.278584403E0,1.316810995E-1,-1.788468719E0,9.629479408E0,9.795041294E0
9.280584793E0,1.316810995E-1,-1.790862918E0,9.624691010E0,9.790771519E0
9.282585379E0,1.364694983E-1,-1.783680320E0,9.624691010E0,9.789525853E0
9.284586121E0,1.436520964E-1,-1.790862918E0,9.627084732E0,9.793292927E0
9.286586239E0,1.388636976E-1,-1.795651317E0,9.631873131E0,9.798807416E0
9.288586200E0,1.436520964E-1,-1.793257117E0,9.634267807E0,9.800791968E0
9.290586590E0,1.460463107E-1,-1.788468719E0,9.629479408E0,9.795244946E0
9.292586356E0,1.436520964E-1,-1.786074519E0,9.617507935E0,9.783003475E0
9.294586473E0,1.436520964E-1,-1.781286120E0,9.622296333E0,9.786838248E0
9.296586356E0,1.340752989E-1,-1.793257117E0,9.627084732E0,9.793595239E0
9.298585535E0,1.412578970E-1,-1.793257117E0,9.636661530E0,9.803110237E0
9.300585457E0,1.460463107E-1,-1.786074519E0,9.629479408E0,9.794808083E0
9.302585770E0,1.436520964E-1,-1.778891921E0,9.622296333E0,9.786402767E0
9.304584207E0,1.508347094E-1,-1.781286120E0,9.615114212E0,9.779885105E0
9.306585067E0,1.388636976E-1,-1.778891921E0,9.607931137E0,9.772209593E0
9.308585457E0,1.412578970E-1,-1.778891921E0,9.615114212E0,9.779306293E0
9.310585692E0,1.412578970E-1,-1.781286120E0,9.631873131E0,9.796219375E0
9.312585809E0,1.388636976E-1,-1.776497602E0,9.627084732E0,9.790607095E0
9.314587801E0,1.388636976E-1,-1.778891921E0,9.639056206E0,9.802813072E0
9.316589129E0,1.412578970E-1,-1.786074519E0,9.629479408E0,9.794737855E0
9.318590223E0,1.388636976E-1,-1.776497602E0,9.629479408E0,9.792961786E0
9.320591785E0,1.412578970E-1,-1.788468719E0,9.629479408E0,9.795174722E0
9.322594637E0,1.460463107E-1,-1.793257117E0,9.627084732E0,9.793766438E0
9.324597098E0,1.436520964E-1,-1.793257117E0,9.624691010E0,9.791378046E0
9.326598621E0,1.412578970E-1,-1.790862918E0,9.624691010E0,9.790905005E0
9.328600301E0,1.388636976E-1,-1.802833915E0,9.627084732E0,9.795420036E0
9.330602410E0,1.412578970E-1,-1.790862918E0,9.629479408E0,9.795612153E0
9.332604754E0,1.412578970E-1,-1.795651317E0,9.629479408E0,9.796488714E0
9.334606395E0,1.460463107E-1,-1.790862918E0,9.622296333E0,9.788621264E0
9.336608700E0,1.412578970E-1,-1.783680320E0,9.627084732E0,9.791947187E0
9.338609871E0,1.388636976E-1,-1.790862918E0,9.634267807E0,9.800285164E0
9.340611707E0,1.412578970E-1,-1.795651317E0,9.627084732E0,9.794134872E0
9.342614129E0,1.340752989E-1,-1.788468719E0,9.622296333E0,9.788012223E0
9.344616551E0,1.340752989E-1,-1.786074519E0,9.627084732E0,9.792282615E0
9.346618426E0,1.340752989E-1,-1.786074519E0,9.634267807E0,9.799344598E0
9.348620301E0,1.412578970E-1,-1.783680320E0,9.643844604E0,9.808425359E0
9.350621903E0,1.388636976E-1,-1.793257117E0,9.634267807E0,9.800722953E0
9.352623153E0,1.484405100E-1,-1.788468719E0,9.627084732E0,9.792926804E0
9.354625067E0,1.508347094E-1,-1.778891921E0,9.619902611E0,9.784157287E0
9.356627489E0,1.508347094E-1,-1.783680320E0,9.627084732E0,9.792090024E0
9.358628934E0,1.484405100E-1,-1.790862918E0,9.629479408E0,9.795718363E0
9.360630457E0,1.388636976E-1,-1.788468719E0,9.629479408E0,9.795140487E0
9.362632098E0,1.508347094E-1,-1.790862918E0,9.624691010E0,9.791047857E0
9.364633192E0,1.604115069E-1,-1.786074519E0,9.617507935E0,9.783263919E0
9.366634442E0,1.508347094E-1,-1.790862918E0,9.622296333E0,9.788693877E0
9.368636121E0,1.484405100E-1,-1.788468719E0,9.624691010E0,9.790573628E0
9.370637450E0,1.436520964E-1,-1.783680320E0,9.619902611E0,9.784920932E0
9.372639207E0,1.484405100E-1,-1.778891921E0,9.622296333E0,9.786474226E0
9.374640535E0,1.484405100E-1,-1.771709204E0,9.627084732E0,9.789879904E0
9.376642489E0,1.532289088E-1,-1.776497602E0,9.624691010E0,9.788467697E0
9.378644559E0,1.388636976E-1,-1.778891921E0,9.622296333E0,9.786333651E0
9.380648114E0,1.508347094E-1,-1.783680320E0,9.619902611E0,9.785029015E0
9.382651317E0,1.436520964E-1,-1.774103403E0,9.629479408E0,9.792596820E0
9.384653895E0,1.460463107E-1,-1.776497602E0,9.622296333E0,9.786003269E0
9.386656200E0,1.484405100E-1,-1.771709204E0,9.634267807E0,9.796943619E0
9.388657957E0,1.460463107E-1,-1.769315004E0,9.624691010E0,9.787056868E0
9.390661356E0,1.436520964E-1,-1.778891921E0,9.624691010E0,9.788757297E0
9.392663739E0,1.460463107E-1,-1.778891921E0,9.622296333E0,9.786438204E0
9.394665535E0,1.364694983E-1,-1.781286120E0,9.619902611E0,9.784381963E0
9.396667957E0,1.484405100E-1,-1.776497602E0,9.612719536E0,9.776622893E0
9.398670379E0,1.484405100E-1,-1.776497602E0,9.624691010E0,9.788393910E0
9.400672645E0,1.484405100E-1,-1.781286120E0,9.619902611E0,9.784556253E0
9.402675145E0,1.460463107E-1,-1.781286120E0,9.627084732E0,9.791581599E0
9.404677723E0,1.460463107E-1,-1.776497602E0,9.636661530E0,9.800128504E0
9.406681043E0,1.316810995E-1,-1.781286120E0,9.627084732E0,9.791377870E0
9.408684442E0,1.340752989E-1,-1.776497602E0,9.622296333E0,9.785831934E0
9.410687489E0,1.388636976E-1,-1.786074519E0,9.629479408E0,9.794703619E0
9.412690106E0,1.364694983E-1,-1.783680320E0,9.639056206E0,9.803649522E0
9.414692762E0,1.388636976E-1,-1.783680320E0,9.639056206E0,9.803683142E0
9.416694754E0,1.316810995E-1,-1.790862918E0,9.631873131E0,9.797831898E0
9.418698309E0,1.364694983E-1,-1.781286120E0,9.631873131E0,9.796151498E0
9.420700731E0,1.412578970E-1,-1.776497602E0,9.624691010E0,9.788287621E0
9.422703270E0,1.388636976E-1,-1.776497602E0,9.627084732E0,9.790607095E0
9.424704754E0,1.364694983E-1,-1.778891921E0,9.631873131E0,9.795716431E0
9.426705379E0,1.316810995E-1,-1.778891921E0,9.636661530E0,9.800359270E0
9.428706590E0,1.316810995E-1,-1.778891921E0,9.636661530E0,9.800359270E0
9.430708309E0,1.340752989E-1,-1.774103403E0,9.622296333E0,9.785397580E0
9.432710614E0,1.316810995E-1,-1.771709204E0,9.617507935E0,9.780222507E0
9.434712059E0,1.340752989E-1,-1.778891921E0,9.622296333E0,9.786266877E0
9.436713856E0,1.340752989E-1,-1.778891921E0,9.622296333E0,9.786266877E0
9.438716160E0,1.436520964E-1,-1.776497602E0,9.636661530E0,9.800093116E0
9.440717723E0,1.436520964E-1,-1.783680320E0,9.641449928E0,9.806105656E0
9.442719285E0,1.412578970E-1,-1.769315004E0,9.641449928E0,9.803468065E0
9.444720535E0,1.460463107E-1,-1.764526606E0,9.636661530E0,9.797965559E0
9.446721590E0,1.460463107E-1,-1.776497602E0,9.624691010E0,9.788357895E0
9.448722254E0,1.484405100E-1,-1.774103403E0,9.619902611E0,9.783251183E0
9.450723582E0,1.364694983E-1,-1.781286120E0,9.624691010E0,9.789089906E0
9.452724598E0,1.388636976E-1,-1.786074519E0,9.627084732E0,9.792349348E0
9.454726434E0,1.388636976E-1,-1.781286120E0,9.619902611E0,9.784415650E0
9.456728621E0,1.484405100E-1,-1.783680320E0,9.607931137E0,9.773223153E0
9.458729325E0,1.484405100E-1,-1.778891921E0,9.617507935E0,9.781766197E0
9.460731082E0,1.412578970E-1,-1.778891921E0,9.619902611E0,9.784014335E0
9.462733153E0,1.412578970E-1,-1.776497602E0,9.619902611E0,9.783579292E0
9.464734012E0,1.388636976E-1,-1.774103403E0,9.622296333E0,9.785464360E0
9.466735848E0,1.436520964E-1,-1.774103403E0,9.624691010E0,9.787888222E0
9.468737606E0,1.484405100E-1,-1.769315004E0,9.629479408E0,9.791801869E0
9.470739676E0,1.532289088E-1,-1.776497602E0,9.615114212E0,9.779051290E0
9.472741707E0,1.484405100E-1,-1.776497602E0,9.622296333E0,9.786039293E0
9.474743621E0,1.436520964E-1,-1.771709204E0,9.627084732E0,9.789808469E0
9.476745496E0,1.412578970E-1,-1.774103403E0,9.624691010E0,9.787853376E0
9.478746551E0,1.436520964E-1,-1.764526606E0,9.627084732E0,9.788511149E0
9.480748114E0,1.364694983E-1,-1.769315004E0,9.617507935E0,9.779854722E0
9.482749832E0,1.268926859E-1,-1.781286120E0,9.607931137E0,9.772482936E0
9.484751473E0,1.244984865E-1,-1.778891921E0,9.610325813E0,9.774370495E0
9.486753270E0,1.388636976E-1,-1.774103403E0,9.624691010E0,9.787819116E0
9.488755848E0,1.388636976E-1,-1.776497602E0,9.631873131E0,9.795315557E0
9.490758543E0,1.412578970E-1,-1.786074519E0,9.634267807E0,9.799445503E0
9.492760301E0,1.388636976E-1,-1.786074519E0,9.636661530E0,9.801764675E0
9.494762879E0,1.364694983E-1,-1.786074519E0,9.627084732E0,9.792315689E0
9.496766004E0,1.436520964E-1,-1.783680320E0,9.629479408E0,9.794336378E0
9.498768895E0,1.364694983E-1,-1.781286120E0,9.619902611E0,9.784381963E0
9.500772528E0,1.316810995E-1,-1.781286120E0,9.622296333E0,9.786669857E0
9.502776160E0,1.340752989E-1,-1.776497602E0,9.634267807E0,9.797603589E0
9.504778973E0,1.340752989E-1,-1.781286120E0,9.639056206E0,9.803181166E0
9.506781160E0,1.412578970E-1,-1.781286120E0,9.624691010E0,9.789157832E0
9.508784559E0,1.364694983E-1,-1.786074519E0,9.622296333E0,9.787608127E0
9.510788075E0,1.412578970E-1,-1.778891921E0,9.631873131E0,9.795784311E0
9.512791512E0,1.436520964E-1,-1.776497602E0,9.634267807E0,9.797739323E0
9.514794832E0,1.412578970E-1,-1.771709204E0,9.631873131E0,9.794482493E0
9.516797176E0,1.364694983E-1,-1.771709204E0,9.631873131E0,9.794414604E0
9.518799481E0,1.388636976E-1,-1.774103403E0,9.641449928E0,9.804299196E0
9.520802567E0,1.460463107E-1,-1.776497602E0,9.634267807E0,9.797774718E0
9.522805379E0,1.388636976E-1,-1.774103403E0,9.629479408E0,9.792527748E0
9.524807450E0,1.388636976E-1,-1.776497602E0,9.631873131E0,9.795315557E0
9.526809832E0,1.340752989E-1,-1.783680320E0,9.629479408E0,9.794200597E0
9.528812645E0,1.484405100E-1,-1.771709204E0,9.617507935E0,9.780462513E0
9.530815692E0,1.460463107E-1,-1.771709204E0,9.631873131E0,9.794552723E0
9.532819129E0,1.412578970E-1,-1.774103403E0,9.629479408E0,9.792561991E0
9.534822723E0,1.412578970E-1,-1.778891921E0,9.631873131E0,9.795784311E0
9.536825887E0,1.460463107E-1,-1.781286120E0,9.636661530E0,9.800997664E0
9.538828739E0,1.484405100E-1,-1.776497602E0,9.636661530E0,9.800164476E0
9.540831825E0,1.436520964E-1,-1.769315004E0,9.646238327E0,9.808212139E0
9.542835614E0,1.484405100E-1,-1.776497602E0,9.636661530E0,9.800164476E0
9.544838504E0,1.484405100E-1,-1.762132406E0,9.624691010E0,9.785796965E0
9.546841121E0,1.460463107E-1,-1.766920805E0,9.615114212E0,9.777206143E0
9.548843973E0,1.436520964E-1,-1.771709204E0,9.619902611E0,9.782745814E0
9.550846707E0,1.388636976E-1,-1.766920805E0,9.619902611E0,9.781810594E0
9.552849559E0,1.460463107E-1,-1.757344007E0,9.624691010E0,9.784899821E0
9.554851981E0,1.532289088E-1,-1.762132406E0,9.622296333E0,9.783515546E0
9.556854246E0,1.508347094E-1,-1.766920805E0,9.629479408E0,9.791406126E0
9.558857254E0,1.460463107E-1,-1.766920805E0,9.634267807E0,9.796042815E0
9.560859950E0,1.388636976E-1,-1.769315004E0,9.643844604E0,9.805788977E0
9.562862723E0,1.340752989E-1,-1.769315004E0,9.624691010E0,9.786885552E0
9.564865145E0,1.316810995E-1,-1.774103403E0,9.624691010E0,9.787719848E0
9.566868114E0,1.388636976E-1,-1.771709204E0,9.631873131E0,9.794448256E0
9.568871043E0,1.484405100E-1,-1.781286120E0,9.629479408E0,9.793972049E0
9.570873778E0,1.484405100E-1,-1.771709204E0,9.629479408E0,9.792234769E0
9.572877254E0,1.436520964E-1,-1.774103403E0,9.634267807E0,9.797305496E0
9.574882020E0,1.364694983E-1,-1.774103403E0,9.639056206E0,9.801911617E0
9.576885340E0,1.412578970E-1,-1.771709204E0,9.627084732E0,9.789773630E0
9.578888856E0,1.436520964E-1,-1.774103403E0,9.624691010E0,9.787888222E0
9.580891864E0,1.412578970E-1,-1.774103403E0,9.634267807E0,9.797270684E0
9.582895028E0,1.436520964E-1,-1.774103403E0,9.636661530E0,9.799659394E0
9.584898153E0,1.364694983E-1,-1.774103403E0,9.624691010E0,9.787785441E0
9.586902020E0,1.316810995E-1,-1.774103403E0,9.627084732E0,9.790073709E0
9.588905731E0,1.268926859E-1,-1.781286120E0,9.629479408E0,9.793669163E0
9.590908817E0,1.340752989E-1,-1.783680320E0,9.629479408E0,9.794200597E0
9.592911707E0,1.436520964E-1,-1.790862918E0,9.619902611E0,9.786232787E0
9.594914832E0,1.460463107E-1,-1.783680320E0,9.627084732E0,9.792017435E0
9.596918114E0,1.412578970E-1,-1.778891921E0,9.624691010E0,9.788722454E0
9.598920731E0,1.292868853E-1,-1.778891921E0,9.624691010E0,9.788557023E0
9.600923739E0,1.412578970E-1,-1.778891921E0,9.631873131E0,9.795784311E0
9.602926551E0,1.412578970E-1,-1.786074519E0,9.629479408E0,9.794737855E0
9.604929793E0,1.508347094E-1,-1.788468719E0,9.629479408E0,9.795317511E0
9.606933660E0,1.460463107E-1,-1.781286120E0,9.634267807E0,9.798644087E0
9.608937215E0,1.508347094E-1,-1.788468719E0,9.629479408E0,9.795317511E0
9.610940223E0,1.460463107E-1,-1.788468719E0,9.622296333E0,9.788183519E0
9.612942957E0,1.460463107E-1,-1.788468719E0,9.634267807E0,9.799952350E0
9.614945418E0,1.436520964E-1,-1.786074519E0,9.629479408E0,9.794772677E0
9.616947801E0,1.508347094E-1,-1.793257117E0,9.624691010E0,9.791486058E0
9.618950106E0,1.532289088E-1,-1.783680320E0,9.624691010E0,9.789773828E0
9.620951668E0,1.556231081E-1,-1.786074519E0,9.627084732E0,9.792601349E0
9.622954871E0,1.532289088E-1,-1.781286120E0,9.607931137E0,9.772860384E0
9.624957215E0,1.556231081E-1,-1.790862918E0,9.612719536E0,9.779355061E0
9.626960184E0,1.508347094E-1,-1.788468719E0,9.619902611E0,9.785903009E0
9.628962293E0,1.508347094E-1,-1.783680320E0,9.627084732E0,9.792090024E0
9.630964598E0,1.460463107E-1,-1.788468719E0,9.627084732E0,9.792890805E0
9.632967254E0,1.484405100E-1,-1.781286120E0,9.615114212E0,9.779848472E0
9.634969403E0,1.604115069E-1,-1.778891921E0,9.619902611E0,9.784309611E0
9.636970965E0,1.532289088E-1,-1.776497602E0,9.629479408E0,9.793176017E0
9.638972801E0,1.604115069E-1,-1.764526606E0,9.639056206E0,9.800545420E0
9.640974598E0,1.532289088E-1,-1.776497602E0,9.629479408E0,9.793176017E0
9.642976707E0,1.460463107E-1,-1.776497602E0,9.622296333E0,9.786003269E0
9.644979325E0,1.460463107E-1,-1.769315004E0,9.617507935E0,9.779993046E0
9.646981785E0,1.436520964E-1,-1.774103403E0,9.622296333E0,9.785533482E0
9.648984793E0,1.460463107E-1,-1.776497602E0,9.631873131E0,9.795420015E0
9.650986746E0,1.460463107E-1,-1.781286120E0,9.634267807E0,9.798644087E0
9.652988504E0,1.460463107E-1,-1.778891921E0,9.629479408E0,9.793500889E0
9.654990731E0,1.412578970E-1,-1.766920805E0,9.631873131E0,9.793617459E0
9.656992723E0,1.460463107E-1,-1.771709204E0,9.627084732E0,9.789843894E0
9.658994051E0,1.388636976E-1,-1.783680320E0,9.631873131E0,9.796620775E0
9.660997059E0,1.388636976E-1,-1.786074519E0,9.639056206E0,9.804119025E0
9.662999520E0,1.412578970E-1,-1.783680320E0,9.653421402E0,9.817841618E0
9.665001707E0,1.340752989E-1,-1.783680320E0,9.646238327E0,9.810678138E0
9.667004012E0,1.364694983E-1,-1.790862918E0,9.651026726E0,9.816727091E0
9.669005340E0,1.364694983E-1,-1.790862918E0,9.648633003E0,9.814373783E0
9.671007059E0,1.268926859E-1,-1.795651317E0,9.639056206E0,9.805705989E0
9.673008934E0,1.292868853E-1,-1.786074519E0,9.651026726E0,9.815757441E0
9.675010614E0,1.340752989E-1,-1.786074519E0,9.653421402E0,9.818176161E0
9.677012371E0,1.292868853E-1,-1.788468719E0,9.648633003E0,9.813839936E0
9.679013270E0,1.316810995E-1,-1.800439715E0,9.646238327E0,9.813706585E0
9.681015145E0,1.268926859E-1,-1.795651317E0,9.653421402E0,9.819827400E0
9.683016551E0,1.292868853E-1,-1.793257117E0,9.651026726E0,9.817066927E0
9.685018504E0,1.244984865E-1,-1.781286120E0,9.658209801E0,9.821888651E0
9.687019832E0,1.244984865E-1,-1.795651317E0,9.658209801E0,9.824504063E0
9.689021200E0,1.316810995E-1,-1.788468719E0,9.646238327E0,9.811517422E0
9.691022801E0,1.364694983E-1,-1.793257117E0,9.658209801E0,9.824225749E0
9.693024559E0,1.340752989E-1,-1.798045516E0,9.651026726E0,9.818006963E0
9.695026942E0,1.244984865E-1,-1.788468719E0,9.643844604E0,9.809070241E0
9.697029090E0,1.292868853E-1,-1.786074519E0,9.646238327E0,9.811049442E0
9.699031981E0,1.340752989E-1,-1.795651317E0,9.648633003E0,9.815215671E0
9.701034559E0,1.316810995E-1,-1.795651317E0,9.627084732E0,9.794001430E0
9.703036160E0,1.412578970E-1,-1.781286120E0,9.631873131E0,9.796219375E0
9.705038231E0,1.340752989E-1,-1.781286120E0,9.624691010E0,9.789056822E0
9.707040575E0,1.412578970E-1,-1.783680320E0,9.627084732E0,9.791947187E0
9.709043504E0,1.388636976E-1,-1.781286120E0,9.624691010E0,9.789123577E0
9.711046434E0,1.340752989E-1,-1.790862918E0,9.617507935E0,9.783742896E0
9.713048856E0,1.460463107E-1,-1.776497602E0,9.617507935E0,9.781295013E0
9.715051707E0,1.460463107E-1,-1.764526606E0,9.627084732E0,9.788546578E0
9.717054598E0,1.484405100E-1,-1.754949808E0,9.622296333E0,9.782150589E0
9.719056629E0,1.412578970E-1,-1.762132406E0,9.607931137E0,9.769206987E0
9.721058778E0,1.508347094E-1,-1.752555609E0,9.600749016E0,9.760562685E0
9.723061160E0,1.412578970E-1,-1.750161409E0,9.603142738E0,9.762344452E0
9.725062840E0,1.364694983E-1,-1.750161409E0,9.600749016E0,9.759921647E0
9.727064598E0,1.388636976E-1,-1.745373011E0,9.607931137E0,9.766163567E0
9.729066278E0,1.412578970E-1,-1.740584612E0,9.600749016E0,9.758277012E0
9.731067957E0,1.388636976E-1,-1.740584612E0,9.607931137E0,9.765308938E0
9.733069051E0,1.412578970E-1,-1.745373011E0,9.610325813E0,9.768553781E0
9.735069676E0,1.316810995E-1,-1.740584612E0,9.600749016E0,9.758143080E0
9.737070731E0,1.244984865E-1,-1.731007814E0,9.610325813E0,9.765769307E0
9.739073035E0,1.244984865E-1,-1.740584612E0,9.610325813E0,9.767471367E0
9.741074950E0,1.292868853E-1,-1.740584612E0,9.610325813E0,9.767533574E0
9.743076317E0,1.268926859E-1,-1.759738207E0,9.603142738E0,9.763868637E0
9.745078153E0,1.292868853E-1,-1.759738207E0,9.615114212E0,9.775674655E0
9.747079090E0,1.221042871E-1,-1.750161409E0,9.622296333E0,9.780928440E0
9.749080067E0,1.197100878E-1,-1.750161409E0,9.619902611E0,9.778543946E0
9.751087567E0,1.221042871E-1,-1.754949808E0,9.627084732E0,9.786496754E0
9.753083309E0,1.197100878E-1,-1.764526606E0,9.622296333E0,9.783479513E0
9.755084754E0,1.268926859E-1,-1.774103403E0,9.612719536E0,9.775884692E0
9.757086785E0,1.221042871E-1,-1.776497602E0,9.607931137E0,9.771550231E0
9.759088895E0,1.197100878E-1,-1.766920805E0,9.615114212E0,9.776848211E0
9.761091160E0,1.125274822E-1,-1.766920805E0,9.636661530E0,9.797954736E0
9.763093426E0,1.197100878E-1,-1.771709204E0,9.631873131E0,9.794195425E0
9.765095418E0,1.221042871E-1,-1.764526606E0,9.627084732E0,9.788218635E0
9.767096200E0,1.197100878E-1,-1.769315004E0,9.643844604E0,9.805536438E0
9.769098192E0,1.244984865E-1,-1.776497602E0,9.648633003E0,9.811603459E0
9.771098973E0,1.292868853E-1,-1.769315004E0,9.646238327E0,9.808012263E0
9.773100184E0,1.268926859E-1,-1.771709204E0,9.648633003E0,9.810768272E0
9.775101551E0,1.197100878E-1,-1.781286120E0,9.648633003E0,9.812412016E0
9.777102879E0,1.316810995E-1,-1.783680320E0,9.651026726E0,9.815353904E0
9.779105028E0,1.292868853E-1,-1.786074519E0,9.653421402E0,9.818111939E0
9.781107762E0,1.244984865E-1,-1.778891921E0,9.639056206E0,9.802620103E0
9.783109793E0,1.364694983E-1,-1.778891921E0,9.651026726E0,9.814550283E0
9.785111746E0,1.412578970E-1,-1.778891921E0,9.646238327E0,9.809909486E0
9.787113973E0,1.364694983E-1,-1.778891921E0,9.643844604E0,9.807487912E0
9.789114637E0,1.412578970E-1,-1.776497602E0,9.639056206E0,9.802413073E0
9.791116864E0,1.388636976E-1,-1.776497602E0,9.629479408E0,9.792961786E0
9.793119168E0,1.388636976E-1,-1.774103403E0,9.643844604E0,9.806654107E0
9.795122137E0,1.412578970E-1,-1.776497602E0,9.643844604E0,9.807121712E0
9.797124090E0,1.508347094E-1,-1.776497602E0,9.641449928E0,9.804909564E0
9.799126434E0,1.484405100E-1,-1.778891921E0,9.643844604E0,9.807661791E0
9.801128739E0,1.436520964E-1,-1.786074519E0,9.643844604E0,9.808895803E0
9.803130535E0,1.484405100E-1,-1.778891921E0,9.636661530E0,9.800598782E0
9.805132957E0,1.508347094E-1,-1.776497602E0,9.631873131E0,9.795492578E0
9.807134403E0,1.556231081E-1,-1.778891921E0,9.631873131E0,9.796001992E0
9.809135731E0,1.508347094E-1,-1.788468719E0,9.627084732E0,9.792963387E0
9.811137254E0,1.508347094E-1,-1.790862918E0,9.624691010E0,9.791047857E0
9.813139481E0,1.460463107E-1,-1.788468719E0,9.629479408E0,9.795244946E0
9.815141473E0,1.508347094E-1,-1.776497602E0,9.624691010E0,9.788430511E0
9.817143895E0,1.412578970E-1,-1.776497602E0,9.624691010E0,9.788287621E0
9.819145379E0,1.436520964E-1,-1.793257117E0,9.622296333E0,9.789024146E0
9.821148387E0,1.460463107E-1,-1.788468719E0,9.619902611E0,9.785830375E0
9.823150223E0,1.484405100E-1,-1.795651317E0,9.629479408E0,9.796594914E0
9.825151825E0,1.556231081E-1,-1.795651317E0,9.629479408E0,9.796706379E0
9.827153582E0,1.580173075E-1,-1.790862918E0,9.617507935E0,9.784100282E0
9.829154364E0,1.532289088E-1,-1.800439715E0,9.603142738E0,9.771663764E0
9.831155770E0,1.556231081E-1,-1.807622313E0,9.615114212E0,9.784791173E0
9.833157450E0,1.532289088E-1,-1.812410712E0,9.612719536E0,9.783286184E0
9.835158739E0,1.508347094E-1,-1.805228114E0,9.619902611E0,9.788979819E0
9.837159051E0,1.436520964E-1,-1.805228114E0,9.624691010E0,9.793577564E0
9.839160301E0,1.460463107E-1,-1.812410712E0,9.627084732E0,9.797291593E0
9.841162489E0,1.484405100E-1,-1.812410712E0,9.627084732E0,9.797327575E0
9.843163895E0,1.556231081E-1,-1.802833915E0,9.627084732E0,9.795671958E0
9.845166121E0,1.580173075E-1,-1.798045516E0,9.627084732E0,9.794830146E0
9.847168817E0,1.508347094E-1,-1.810016513E0,9.639056206E0,9.808685713E0
9.849171160E0,1.484405100E-1,-1.807622313E0,9.629479408E0,9.798796186E0
9.851173348E0,1.484405100E-1,-1.812410712E0,9.622296333E0,9.792622422E0
9.853174754E0,1.508347094E-1,-1.812410712E0,9.612719536E0,9.783248978E0
9.855176356E0,1.460463107E-1,-1.812410712E0,9.627084732E0,9.797291593E0
9.857176785E0,1.436520964E-1,-1.817199111E0,9.631873131E0,9.802847981E0
9.859178309E0,1.436520964E-1,-1.807622313E0,9.634267807E0,9.803430549E0
9.861180184E0,1.412578970E-1,-1.805228114E0,9.629479408E0,9.798248620E0
9.863182450E0,1.436520964E-1,-1.800439715E0,9.610325813E0,9.778577674E0
9.865185067E0,1.412578970E-1,-1.807622313E0,9.605537415E0,9.775162466E0
9.867187684E0,1.484405100E-1,-1.817199111E0,9.624691010E0,9.795862607E0
9.869189559E0,1.460463107E-1,-1.807622313E0,9.619902611E0,9.789349018E0
9.871191512E0,1.508347094E-1,-1.810016513E0,9.629479408E0,9.799274696E0
9.873194481E0,1.436520964E-1,-1.805228114E0,9.634267807E0,9.802989373E0
9.875198192E0,1.436520964E-1,-1.805228114E0,9.619902611E0,9.788871779E0
9.877201200E0,1.340752989E-1,-1.805228114E0,9.624691010E0,9.793441773E0
9.879204832E0,1.340752989E-1,-1.805228114E0,9.627084732E0,9.795794259E0
9.881207957E0,1.316810995E-1,-1.798045516E0,9.631873131E0,9.799147289E0
9.883210965E0,1.340752989E-1,-1.788468719E0,9.629479408E0,9.795073773E0
9.885212879E0,1.412578970E-1,-1.793257117E0,9.624691010E0,9.791343213E0
9.887215184E0,1.436520964E-1,-1.795651317E0,9.629479408E0,9.796523529E0
9.889216864E0,1.508347094E-1,-1.795651317E0,9.622296333E0,9.789571057E0
9.891219715E0,1.484405100E-1,-1.793257117E0,9.641449928E0,9.807923450E0
9.893222879E0,1.460463107E-1,-1.790862918E0,9.636661530E0,9.802742726E0
9.895226082E0,1.484405100E-1,-1.795651317E0,9.622296333E0,9.789534461E0
9.897229559E0,1.460463107E-1,-1.788468719E0,9.629479408E0,9.795244946E0
9.899232762E0,1.484405100E-1,-1.776497602E0,9.622296333E0,9.786039293E0
9.901236043E0,1.484405100E-1,-1.783680320E0,9.622296333E0,9.787345748E0
9.903239403E0,1.484405100E-1,-1.776497602E0,9.619902611E0,9.783685633E0
9.905243504E0,1.508347094E-1,-1.776497602E0,9.622296333E0,9.786075902E0
9.907245535E0,1.508347094E-1,-1.776497602E0,9.612719536E0,9.776659538E0
9.909248075E0,1.436520964E-1,-1.771709204E0,9.624691010E0,9.787454544E0
9.911250848E0,1.436520964E-1,-1.781286120E0,9.624691010E0,9.789192673E0
9.913253895E0,1.484405100E-1,-1.776497602E0,9.624691010E0,9.788393910E0
9.915257567E0,1.436520964E-1,-1.771709204E0,9.615114212E0,9.778037162E0
9.917260379E0,1.460463107E-1,-1.766920805E0,9.624691010E0,9.786624325E0
9.919263192E0,1.460463107E-1,-1.766920805E0,9.615114212E0,9.777206143E0
9.921264832E0,1.436520964E-1,-1.764526606E0,9.617507935E0,9.779092439E0
9.923267918E0,1.556231081E-1,-1.769315004E0,9.619902611E0,9.782495611E0
9.925269520E0,1.556231081E-1,-1.766920805E0,9.619902611E0,9.782062866E0
9.927271317E0,1.484405100E-1,-1.771709204E0,9.634267807E0,9.796943619E0
9.929273465E0,1.388636976E-1,-1.774103403E0,9.639056206E0,9.801945243E0
9.931275692E0,1.388636976E-1,-1.781286120E0,9.629479408E0,9.793831581E0
9.933277410E0,1.412578970E-1,-1.778891921E0,9.622296333E0,9.786367916E0
9.935278543E0,1.364694983E-1,-1.778891921E0,9.631873131E0,9.795716431E0
9.937281200E0,1.316810995E-1,-1.769315004E0,9.629479408E0,9.791562141E0
9.939283192E0,1.292868853E-1,-1.771709204E0,9.622296333E0,9.784899352E0
9.941285965E0,1.292868853E-1,-1.776497602E0,9.627084732E0,9.790475947E0
9.943287528E0,1.388636976E-1,-1.778891921E0,9.634267807E0,9.798104703E0
9.945287918E0,1.364694983E-1,-1.783680320E0,9.639056206E0,9.803649522E0
9.947289910E0,1.364694983E-1,-1.776497602E0,9.634267807E0,9.797636645E0
9.949291121E0,1.340752989E-1,-1.781286120E0,9.636661530E0,9.800826591E0
9.951291825E0,1.292868853E-1,-1.766920805E0,9.639056206E0,9.800516760E0
9.953293270E0,1.244984865E-1,-1.771709204E0,9.622296333E0,9.784837255E0
9.955294364E0,1.292868853E-1,-1.769315004E0,9.617507935E0,9.779757132E0
9.957295301E0,1.316810995E-1,-1.778891921E0,9.622296333E0,9.786234368E0
9.959296239E0,1.221042871E-1,-1.771709204E0,9.631873131E0,9.794224980E0
9.961298582E0,1.173158810E-1,-1.764526606E0,9.641449928E0,9.802289216E0
9.963300496E0,1.197100878E-1,-1.762132406E0,9.634267807E0,9.794822985E0
9.965303114E0,1.244984865E-1,-1.757344007E0,9.629479408E0,9.789312106E0
9.967305184E0,1.316810995E-1,-1.757344007E0,9.627084732E0,9.787050542E0
9.969307684E0,1.364694983E-1,-1.757344007E0,9.631873131E0,9.791826280E0
9.971310809E0,1.268926859E-1,-1.754949808E0,9.629479408E0,9.788913334E0
9.973312723E0,1.244984865E-1,-1.759738207E0,9.615114212E0,9.775612499E0
9.975315770E0,1.412578970E-1,-1.757344007E0,9.624691010E0,9.784829522E0
9.977318192E0,1.340752989E-1,-1.752555609E0,9.610325813E0,9.769738460E0
9.979320965E0,1.268926859E-1,-1.752555609E0,9.619902611E0,9.779063307E0
9.981323739E0,1.316810995E-1,-1.752555609E0,9.619902611E0,9.779126613E0
9.983326004E0,1.340752989E-1,-1.754949808E0,9.605537415E0,9.765458209E0
9.985327918E0,1.364694983E-1,-1.752555609E0,9.617507935E0,9.776836603E0
9.987330926E0,1.340752989E-1,-1.764526606E0,9.610325813E0,9.771892988E0
9.989334129E0,1.316810995E-1,-1.754949808E0,9.617507935E0,9.777200397E0
9.991337059E0,1.292868853E-1,-1.769315004E0,9.617507935E0,9.779757132E0
9.993338973E0,1.340752989E-1,-1.762132406E0,9.610325813E0,9.771460947E0
9.995341434E0,1.340752989E-1,-1.762132406E0,9.612719536E0,9.773815206E0
9.997343895E0,1.316810995E-1,-1.759738207E0,9.612719536E0,9.773351285E0
9.999345848E0,1.221042871E-1,-1.766920805E0,9.607931137E0,9.769813679E0
1.000134765E1,1.221042871E-1,-1.759738207E0,9.603142738E0,9.763807580E0
1.000334991E1,1.268926859E-1,-1.766920805E0,9.610325813E0,9.772229690E0
1.000535206E1,1.292868853E-1,-1.774103403E0,9.617507935E0,9.780624564E0
1.000735390E1,1.292868853E-1,-1.774103403E0,9.624691010E0,9.787687930E0
1.000935632E1,1.268926859E-1,-1.766920805E0,9.629479408E0,9.791066569E0
1.001135893E1,1.173158810E-1,-1.766920805E0,9.636661530E0,9.798010899E0
1.001336100E1,1.173158810E-1,-1.766920805E0,9.631873131E0,9.793301392E0
1.001536249E1,1.268926859E-1,-1.764526606E0,9.627084732E0,9.788279539E0
1.001736401E1,1.364694983E-1,-1.766920805E0,9.622296333E0,9.784131018E0
1.001936565E1,1.292868853E-1,-1.776497602E0,9.631873131E0,9.795184472E0
1.002136737E1,1.244984865E-1,-1.769315004E0,9.627084732E0,9.789113131E0
1.002336804E1,1.292868853E-1,-1.778891921E0,9.629479408E0,9.793265300E0
1.002536827E1,1.268926859E-1,-1.778891921E0,9.643844604E0,9.807359327E0
1.002736995E1,1.316810995E-1,-1.776497602E0,9.636661530E0,9.799924953E0
1.002937237E1,1.364694983E-1,-1.783680320E0,9.641449928E0,9.806003066E0
1.003137390E1,1.388636976E-1,-1.781286120E0,9.648633003E0,9.812664378E0
1.003337475E1,1.388636976E-1,-1.778891921E0,9.646238327E0,9.809875303E0
1.003537624E1,1.436520964E-1,-1.778891921E0,9.646238327E0,9.809944253E0
1.003737800E1,1.532289088E-1,-1.778891921E0,9.634267807E0,9.798318822E0
1.003937823E1,1.436520964E-1,-1.781286120E0,9.634267807E0,9.798608694E0
1.004137933E1,1.412578970E-1,-1.776497602E0,9.624691010E0,9.788287621E0
1.004338206E1,1.484405100E-1,-1.774103403E0,9.653421402E0,9.816212214E0
1.004538390E1,1.508347094E-1,-1.776497602E0,9.658209801E0,9.821390502E0
1.004738596E1,1.556231081E-1,-1.776497602E0,9.643844604E0,9.807339142E0
1.004938850E1,1.364694983E-1,-1.769315004E0,9.636661530E0,9.798690981E0
1.005139058E1,1.364694983E-1,-1.771709204E0,9.624691010E0,9.787351759E0
1.005339272E1,1.436520964E-1,-1.766920805E0,9.634267807E0,9.796007413E0
1.005539417E1,1.436520964E-1,-1.766920805E0,9.639056206E0,9.800716790E0
1.005739542E1,1.508347094E-1,-1.774103403E0,9.646238327E0,9.809184872E0
1.005939764E1,1.460463107E-1,-1.774103403E0,9.639056206E0,9.802049630E0
1.006139936E1,1.412578970E-1,-1.771709204E0,9.639056206E0,9.801546400E0
1.006340284E1,1.460463107E-1,-1.771709204E0,9.631873131E0,9.794552723E0
1.006540491E1,1.532289088E-1,-1.776497602E0,9.643844604E0,9.807301443E0
1.006740741E1,1.580173075E-1,-1.783680320E0,9.641449928E0,9.806326615E0
1.006940995E1,1.532289088E-1,-1.783680320E0,9.631873131E0,9.796834927E0
1.007141143E1,1.460463107E-1,-1.786074519E0,9.627084732E0,9.792453837E0
1.007341304E1,1.484405100E-1,-1.778891921E0,9.629479408E0,9.793536885E0
1.007541518E1,1.532289088E-1,-1.781286120E0,9.634267807E0,9.798753774E0
1.007741784E1,1.532289088E-1,-1.778891921E0,9.627084732E0,9.791256099E0
1.007942073E1,1.460463107E-1,-1.781286120E0,9.631873131E0,9.796289592E0
1.008142327E1,1.484405100E-1,-1.788468719E0,9.641449928E0,9.807049080E0
1.008342464E1,1.460463107E-1,-1.788468719E0,9.641449928E0,9.807013134E0
1.008542671E1,1.484405100E-1,-1.781286120E0,9.631873131E0,9.796325578E0
1.008742964E1,1.460463107E-1,-1.788468719E0,9.624691010E0,9.790537621E0
1.008943186E1,1.436520964E-1,-1.788468719E0,9.629479408E0,9.795209541E0
1.009143511E1,1.364694983E-1,-1.786074519E0,9.636661530E0,9.801731048E0
1.009343843E1,1.388636976E-1,-1.786074519E0,9.634267807E0,9.799411283E0
1.009544182E1,1.484405100E-1,-1.786074519E0,9.619902611E0,9.785429118E0
1.009744663E1,1.412578970E-1,-1.781286120E0,9.627084732E0,9.791511348E0
1.009945065E1,1.436520964E-1,-1.788468719E0,9.636661530E0,9.802270233E0
1.010145390E1,1.484405100E-1,-1.776497602E0,9.639056206E0,9.802519210E0
1.010345624E1,1.460463107E-1,-1.769315004E0,9.629479408E0,9.791765866E0
1.010545788E1,1.436520964E-1,-1.776497602E0,9.634267807E0,9.797739323E0
1.010746015E1,1.412578970E-1,-1.786074519E0,9.639056206E0,9.804153228E0
1.010946413E1,1.412578970E-1,-1.786074519E0,9.639056206E0,9.804153228E0
1.011146765E1,1.388636976E-1,-1.781286120E0,9.636661530E0,9.800893266E0
1.011347093E1,1.436520964E-1,-1.778891921E0,9.636661530E0,9.800527426E0
1.011547370E1,1.436520964E-1,-1.783680320E0,9.634267807E0,9.799044218E0
1.011747561E1,1.412578970E-1,-1.783680320E0,9.631873131E0,9.796655005E0
1.011947823E1,1.388636976E-1,-1.786074519E0,9.622296333E0,9.787641802E0
1.012148007E1,1.364694983E-1,-1.783680320E0,9.619902611E0,9.784818120E0
1.012348245E1,1.388636976E-1,-1.786074519E0,9.622296333E0,9.787641802E0
1.012548452E1,1.460463107E-1,-1.786074519E0,9.619902611E0,9.785393091E0
1.012748675E1,1.508347094E-1,-1.786074519E0,9.622296333E0,9.787818962E0
1.012948928E1,1.460463107E-1,-1.783680320E0,9.629479408E0,9.794371786E0
1.013149100E1,1.460463107E-1,-1.788468719E0,9.641449928E0,9.807013134E0
1.013349393E1,1.316810995E-1,-1.795651317E0,9.634267807E0,9.801062174E0
1.013549483E1,1.436520964E-1,-1.790862918E0,9.629479408E0,9.795646971E0
1.013749593E1,1.460463107E-1,-1.790862918E0,9.615114212E0,9.781561267E0
1.013949823E1,1.436520964E-1,-1.798045516E0,9.624691010E0,9.792256156E0
1.014150042E1,1.436520964E-1,-1.802833915E0,9.627084732E0,9.795489089E0
1.014350167E1,1.436520964E-1,-1.798045516E0,9.624691010E0,9.792256156E0
1.014550440E1,1.364694983E-1,-1.790862918E0,9.622296333E0,9.788483061E0
1.014750714E1,1.412578970E-1,-1.783680320E0,9.619902611E0,9.784886076E0
1.014951038E1,1.508347094E-1,-1.774103403E0,9.624691010E0,9.787996272E0
1.015151241E1,1.460463107E-1,-1.783680320E0,9.631873131E0,9.796725219E0
1.015351409E1,1.484405100E-1,-1.778891921E0,9.641449928E0,9.805307123E0
1.015551589E1,1.388636976E-1,-1.788468719E0,9.643844604E0,9.809263083E0
1.015751850E1,1.340752989E-1,-1.788468719E0,9.636661530E0,9.802134562E0
1.015952061E1,1.340752989E-1,-1.790862918E0,9.641449928E0,9.807279077E0
1.016152241E1,1.484405100E-1,-1.788468719E0,9.631873131E0,9.797634151E0
1.016352378E1,1.532289088E-1,-1.786074519E0,9.629479408E0,9.794917813E0
1.016552546E1,1.484405100E-1,-1.786074519E0,9.634267807E0,9.799551671E0
1.016752811E1,1.436520964E-1,-1.781286120E0,9.634267807E0,9.798608694E0
1.016953140E1,1.460463107E-1,-1.778891921E0,9.624691010E0,9.788792725E0
1.017153409E1,1.436520964E-1,-1.786074519E0,9.636661530E0,9.801833683E0
1.017353714E1,1.436520964E-1,-1.786074519E0,9.646238327E0,9.811249257E0
1.017554003E1,1.460463107E-1,-1.774103403E0,9.631873131E0,9.794986086E0
1.017754339E1,1.412578970E-1,-1.778891921E0,9.627084732E0,9.791076075E0
1.017954675E1,1.340752989E-1,-1.771709204E0,9.622296333E0,9.784963792E0
1.018155003E1,1.412578970E-1,-1.769315004E0,9.624691010E0,9.786986585E0
1.018355253E1,1.388636976E-1,-1.774103403E0,9.634267807E0,9.797236457E0
1.018555565E1,1.412578970E-1,-1.776497602E0,9.643844604E0,9.807121712E0
1.018755808E1,1.388636976E-1,-1.781286120E0,9.624691010E0,9.789123577E0
1.018956058E1,1.340752989E-1,-1.783680320E0,9.622296333E0,9.787138417E0
1.019156300E1,1.268926859E-1,-1.778891921E0,9.631873131E0,9.795587692E0
1.019356483E1,1.292868853E-1,-1.776497602E0,9.629479408E0,9.792830669E0
1.019556628E1,1.268926859E-1,-1.771709204E0,9.624691010E0,9.787222910E0
1.019756932E1,1.340752989E-1,-1.769315004E0,9.627084732E0,9.789239613E0
1.019957257E1,1.388636976E-1,-1.769315004E0,9.631873131E0,9.794015454E0
1.020157417E1,1.316810995E-1,-1.778891921E0,9.619902611E0,9.783880755E0
1.020357667E1,1.340752989E-1,-1.781286120E0,9.619902611E0,9.784348863E0
1.020557944E1,1.388636976E-1,-1.778891921E0,9.627084732E0,9.791041826E0
1.020758167E1,1.292868853E-1,-1.774103403E0,9.619902611E0,9.782979312E0
1.020958397E1,1.221042871E-1,-1.788468719E0,9.629479408E0,9.794917227E0
1.021158671E1,1.244984865E-1,-1.783680320E0,9.631873131E0,9.796427684E0
1.021358913E1,1.292868853E-1,-1.778891921E0,9.627084732E0,9.790910683E0
1.021559140E1,1.268926859E-1,-1.781286120E0,9.624691010E0,9.788961080E0
1.021759300E1,1.292868853E-1,-1.781286120E0,9.624691010E0,9.788992408E0
1.021959561E1,1.292868853E-1,-1.776497602E0,9.624691010E0,9.788122182E0
1.022159776E1,1.268926859E-1,-1.774103403E0,9.627084732E0,9.790010474E0
1.022359991E1,1.340752989E-1,-1.771709204E0,9.627084732E0,9.789672626E0
1.022560171E1,1.316810995E-1,-1.776497602E0,9.631873131E0,9.795216366E0
1.022760491E1,1.316810995E-1,-1.786074519E0,9.612719536E0,9.778127580E0
1.022960733E1,1.412578970E-1,-1.788468719E0,9.619902611E0,9.785760082E0
1.023160968E1,1.436520964E-1,-1.781286120E0,9.624691010E0,9.789192673E0
1.023361175E1,1.340752989E-1,-1.776497602E0,9.627084732E0,9.790540351E0
1.023561409E1,1.412578970E-1,-1.776497602E0,9.624691010E0,9.788287621E0
1.023761671E1,1.460463107E-1,-1.778891921E0,9.627084732E0,9.791146329E0
1.023961948E1,1.340752989E-1,-1.776497602E0,9.629479408E0,9.792895057E0
1.024162253E1,1.388636976E-1,-1.776497602E0,9.627084732E0,9.790607095E0
1.024362538E1,1.460463107E-1,-1.774103403E0,9.631873131E0,9.794986086E0
1.024562694E1,1.412578970E-1,-1.783680320E0,9.629479408E0,9.794301555E0
1.024762835E1,1.412578970E-1,-1.771709204E0,9.631873131E0,9.794482493E0
1.024963073E1,1.340752989E-1,-1.769315004E0,9.624691010E0,9.786885552E0
1.025163264E1,1.436520964E-1,-1.771709204E0,9.629479408E0,9.792163351E0
1.025363432E1,1.484405100E-1,-1.776497602E0,9.624691010E0,9.788393910E0
1.025563612E1,1.484405100E-1,-1.778891921E0,9.612719536E0,9.777058245E0
1.025763866E1,1.388636976E-1,-1.769315004E0,9.617507935E0,9.779888424E0
1.025964163E1,1.484405100E-1,-1.771709204E0,9.634267807E0,9.796943619E0
1.026164362E1,1.484405100E-1,-1.771709204E0,9.631873131E0,9.794588715E0
1.026364538E1,1.508347094E-1,-1.766920805E0,9.631873131E0,9.793760271E0
1.026564839E1,1.508347094E-1,-1.766920805E0,9.639056206E0,9.800824699E0
1.026765042E1,1.580173075E-1,-1.766920805E0,9.639056206E0,9.800937870E0
1.026965288E1,1.556231081E-1,-1.762132406E0,9.636661530E0,9.797682104E0
1.027165561E1,1.460463107E-1,-1.769315004E0,9.636661530E0,9.798829039E0
1.027365846E1,1.532289088E-1,-1.759738207E0,9.643844604E0,9.804279495E0
1.027566100E1,1.556231081E-1,-1.762132406E0,9.636661530E0,9.797682104E0
1.027766425E1,1.556231081E-1,-1.764526606E0,9.629479408E0,9.791049299E0
1.027966737E1,1.532289088E-1,-1.764526606E0,9.624691010E0,9.786302175E0
1.028166983E1,1.556231081E-1,-1.766920805E0,9.627084732E0,9.789126014E0
1.028367179E1,1.556231081E-1,-1.776497602E0,9.627084732E0,9.790859141E0
1.028567472E1,1.556231081E-1,-1.774103403E0,9.622296333E0,9.785716538E0
1.028767757E1,1.556231081E-1,-1.776497602E0,9.631873131E0,9.795567482E0
1.028968061E1,1.460463107E-1,-1.783680320E0,9.631873131E0,9.796725219E0
1.029168331E1,1.556231081E-1,-1.783680320E0,9.634267807E0,9.799227021E0
1.029368608E1,1.532289088E-1,-1.781286120E0,9.639056206E0,9.803461831E0
1.029568925E1,1.532289088E-1,-1.774103403E0,9.634267807E0,9.797450595E0
1.029769140E1,1.436520964E-1,-1.778891921E0,9.629479408E0,9.793465478E0
1.029969393E1,1.508347094E-1,-1.776497602E0,9.615114212E0,9.779014068E0
1.030169722E1,1.508347094E-1,-1.776497602E0,9.615114212E0,9.779014068E0
1.030369952E1,1.460463107E-1,-1.778891921E0,9.627084732E0,9.791146329E0
1.030570225E1,1.460463107E-1,-1.769315004E0,9.624691010E0,9.787056868E0
1.030770479E1,1.508347094E-1,-1.769315004E0,9.624691010E0,9.787129494E0
1.030970729E1,1.532289088E-1,-1.774103403E0,9.639056206E0,9.802159278E0
1.031170972E1,1.556231081E-1,-1.783680320E0,9.636661530E0,9.801580458E0
1.031371096E1,1.580173075E-1,-1.778891921E0,9.617507935E0,9.781916213E0
1.031571237E1,1.651999205E-1,-1.771709204E0,9.622296333E0,9.785439757E0
1.031771319E1,1.628057212E-1,-1.769315004E0,9.619902611E0,9.782612510E0
1.031971382E1,1.628057212E-1,-1.769315004E0,9.624691010E0,9.787321304E0
1.032171483E1,1.532289088E-1,-1.781286120E0,9.622296333E0,9.786983502E0
1.032371675E1,1.484405100E-1,-1.778891921E0,9.617507935E0,9.781766197E0
1.032571819E1,1.532289088E-1,-1.769315004E0,9.622296333E0,9.784811772E0
1.032771972E1,1.484405100E-1,-1.774103403E0,9.619902611E0,9.783251183E0
1.032972085E1,1.580173075E-1,-1.776497602E0,9.615114212E0,9.779127492E0
1.033172222E1,1.580173075E-1,-1.781286120E0,9.615114212E0,9.779998519E0
1.033372405E1,1.604115069E-1,-1.776497602E0,9.612719536E0,9.776811978E0
1.033572542E1,1.508347094E-1,-1.778891921E0,9.615114212E0,9.779449314E0
1.033772671E1,1.484405100E-1,-1.776497602E0,9.629479408E0,9.793102266E0
1.033972819E1,1.412578970E-1,-1.778891921E0,9.636661530E0,9.800492625E0
1.034173011E1,1.484405100E-1,-1.783680320E0,9.634267807E0,9.799115585E0
1.034373210E1,1.412578970E-1,-1.786074519E0,9.619902611E0,9.785322796E0
1.034573331E1,1.388636976E-1,-1.786074519E0,9.622296333E0,9.787641802E0
1.034773468E1,1.436520964E-1,-1.776497602E0,9.627084732E0,9.790676182E0
1.034973596E1,1.460463107E-1,-1.774103403E0,9.627084732E0,9.790277465E0
1.035173722E1,1.436520964E-1,-1.776497602E0,9.624691010E0,9.788322465E0
1.035373862E1,1.412578970E-1,-1.788468719E0,9.636661530E0,9.802235438E0
1.035573979E1,1.532289088E-1,-1.781286120E0,9.629479408E0,9.794045794E0
1.035774233E1,1.532289088E-1,-1.776497602E0,9.631873131E0,9.795529737E0
1.035974479E1,1.556231081E-1,-1.781286120E0,9.627084732E0,9.791729124E0
1.036174686E1,1.532289088E-1,-1.778891921E0,9.639056206E0,9.803027089E0
1.036374948E1,1.580173075E-1,-1.783680320E0,9.634267807E0,9.799265336E0
1.036575261E1,1.580173075E-1,-1.786074519E0,9.627084732E0,9.792639690E0
1.036775561E1,1.436520964E-1,-1.778891921E0,9.627084732E0,9.791110909E0
1.036975819E1,1.556231081E-1,-1.776497602E0,9.634267807E0,9.797922150E0
1.037176085E1,1.532289088E-1,-1.778891921E0,9.639056206E0,9.803027089E0
1.037376358E1,1.556231081E-1,-1.781286120E0,9.634267807E0,9.798791506E0
1.037576663E1,1.508347094E-1,-1.781286120E0,9.639056206E0,9.803424702E0
1.037776905E1,1.484405100E-1,-1.778891921E0,9.639056206E0,9.802953412E0
1.037977178E1,1.484405100E-1,-1.778891921E0,9.639056206E0,9.802953412E0
1.038177456E1,1.508347094E-1,-1.776497602E0,9.631873131E0,9.795492578E0
1.038377628E1,1.484405100E-1,-1.771709204E0,9.631873131E0,9.794588715E0
1.038577858E1,1.484405100E-1,-1.769315004E0,9.624691010E0,9.787092888E0
1.038778069E1,1.580173075E-1,-1.771709204E0,9.622296333E0,9.785321134E0
1.038978304E1,1.580173075E-1,-1.776497602E0,9.622296333E0,9.786189244E0
1.039178561E1,1.508347094E-1,-1.771709204E0,9.627084732E0,9.789916499E0
1.039378819E1,1.508347094E-1,-1.774103403E0,9.643844604E0,9.806830923E0
1.039579077E1,1.484405100E-1,-1.762132406E0,9.639056206E0,9.799926007E0
1.039779315E1,1.460463107E-1,-1.762132406E0,9.639056206E0,9.799890034E0
1.039979554E1,1.651999205E-1,-1.764526606E0,9.631873131E0,9.793560393E0
1.040179827E1,1.604115069E-1,-1.776497602E0,9.631873131E0,9.795644726E0
1.040380054E1,1.436520964E-1,-1.776497602E0,9.619902611E0,9.783614153E0
1.040580319E1,1.388636976E-1,-1.774103403E0,9.627084732E0,9.790172953E0
1.040780655E1,1.436520964E-1,-1.776497602E0,9.629479408E0,9.793030855E0
1.040980944E1,1.484405100E-1,-1.783680320E0,9.624691010E0,9.789700051E0
1.041181124E1,1.532289088E-1,-1.783680320E0,9.627084732E0,9.792127196E0
1.041381346E1,1.532289088E-1,-1.783680320E0,9.629479408E0,9.794481521E0
1.041581538E1,1.508347094E-1,-1.786074519E0,9.629479408E0,9.794880651E0
1.041781706E1,1.436520964E-1,-1.790862918E0,9.617507935E0,9.783878821E0
1.041981893E1,1.412578970E-1,-1.795651317E0,9.622296333E0,9.789428184E0
1.042181995E1,1.364694983E-1,-1.786074519E0,9.636661530E0,9.801731048E0
1.042382116E1,1.316810995E-1,-1.781286120E0,9.629479408E0,9.793732375E0
1.042582175E1,1.460463107E-1,-1.778891921E0,9.639056206E0,9.802917450E0
1.042782276E1,1.388636976E-1,-1.788468719E0,9.627084732E0,9.792786321E0
1.042982413E1,1.412578970E-1,-1.788468719E0,9.624691010E0,9.790467363E0
1.043182499E1,1.460463107E-1,-1.788468719E0,9.619902611E0,9.785830375E0
1.043382514E1,1.388636976E-1,-1.788468719E0,9.615114212E0,9.781018597E0
1.043582558E1,1.412578970E-1,-1.790862918E0,9.617507935E0,9.783843961E0
1.043782604E1,1.340752989E-1,-1.783680320E0,9.617507935E0,9.782430707E0
1.043982710E1,1.316810995E-1,-1.786074519E0,9.619902611E0,9.785189234E0
1.044182835E1,1.388636976E-1,-1.790862918E0,9.615114212E0,9.781456662E0
1.044382948E1,1.364694983E-1,-1.790862918E0,9.615114212E0,9.781422965E0
1.044583261E1,1.412578970E-1,-1.790862918E0,9.619902611E0,9.786197935E0
1.044783495E1,1.388636976E-1,-1.786074519E0,9.615114212E0,9.780581099E0
1.044983698E1,1.412578970E-1,-1.783680320E0,9.622296333E0,9.787239448E0
1.045183952E1,1.340752989E-1,-1.783680320E0,9.624691010E0,9.789492770E0
1.045384108E1,1.292868853E-1,-1.781286120E0,9.619902611E0,9.784284419E0
1.045584475E1,1.340752989E-1,-1.778891921E0,9.619902611E0,9.783913271E0
1.045784831E1,1.268926859E-1,-1.786074519E0,9.629479408E0,9.794541215E0
1.045985003E1,1.412578970E-1,-1.776497602E0,9.634267807E0,9.797704512E0
1.046185206E1,1.460463107E-1,-1.776497602E0,9.629479408E0,9.793066268E0
1.046385417E1,1.508347094E-1,-1.788468719E0,9.624691010E0,9.790610221E0
1.046585671E1,1.532289088E-1,-1.800439715E0,9.631873131E0,9.799900116E0
1.046785808E1,1.532289088E-1,-1.793257117E0,9.622296333E0,9.789169368E0
1.046986003E1,1.508347094E-1,-1.778891921E0,9.622296333E0,9.786510834E0
1.047186210E1,1.388636976E-1,-1.778891921E0,9.619902611E0,9.783980061E0
1.047386327E1,1.364694983E-1,-1.776497602E0,9.634267807E0,9.797636645E0
1.047586428E1,1.436520964E-1,-1.778891921E0,9.629479408E0,9.793465478E0
1.047786569E1,1.436520964E-1,-1.776497602E0,9.624691010E0,9.788322465E0
1.047986745E1,1.340752989E-1,-1.783680320E0,9.627084732E0,9.791846205E0
1.048186780E1,1.364694983E-1,-1.786074519E0,9.627084732E0,9.792315689E0
1.048386878E1,1.340752989E-1,-1.793257117E0,9.641449928E0,9.807716554E0
1.048587128E1,1.316810995E-1,-1.781286120E0,9.636661530E0,9.800794131E0
1.048787397E1,1.268926859E-1,-1.786074519E0,9.639056206E0,9.803956777E0
1.048987647E1,1.268926859E-1,-1.778891921E0,9.639056206E0,9.802650803E0
1.049187925E1,1.221042871E-1,-1.790862918E0,9.643844604E0,9.809476959E0
1.049388140E1,1.244984865E-1,-1.790862918E0,9.641449928E0,9.807152828E0
1.049588366E1,1.244984865E-1,-1.786074519E0,9.641449928E0,9.806279559E0
1.049788503E1,1.173158810E-1,-1.788468719E0,9.636661530E0,9.801919649E0
1.049988690E1,1.244984865E-1,-1.790862918E0,9.624691010E0,9.790677550E0
1.050188874E1,1.221042871E-1,-1.790862918E0,9.646238327E0,9.811830273E0
1.050389143E1,1.268926859E-1,-1.790862918E0,9.653421402E0,9.818952923E0
1.050589472E1,1.173158810E-1,-1.788468719E0,9.655815125E0,9.820750943E0
1.050789749E1,1.197100878E-1,-1.786074519E0,9.655815125E0,9.820344109E0
1.050989975E1,1.221042871E-1,-1.783680320E0,9.646238327E0,9.810521841E0
1.051190206E1,1.316810995E-1,-1.786074519E0,9.641449928E0,9.806373378E0
1.051390382E1,1.292868853E-1,-1.795651317E0,9.641449928E0,9.808090307E0
1.051590573E1,1.244984865E-1,-1.802833915E0,9.634267807E0,9.802286783E0
1.051790761E1,1.221042871E-1,-1.793257117E0,9.634267807E0,9.800499820E0
1.051990932E1,1.244984865E-1,-1.790862918E0,9.636661530E0,9.802445373E0
1.052191061E1,1.197100878E-1,-1.778891921E0,9.636661530E0,9.800205733E0
1.052391194E1,1.340752989E-1,-1.781286120E0,9.636661530E0,9.800826591E0
1.052591335E1,1.364694983E-1,-1.786074519E0,9.641449928E0,9.806438846E0
1.052791546E1,1.268926859E-1,-1.786074519E0,9.641449928E0,9.806310247E0
1.052991682E1,1.340752989E-1,-1.795651317E0,9.634267807E0,9.801094633E0
1.053191846E1,1.364694983E-1,-1.786074519E0,9.622296333E0,9.787608127E0
1.053392026E1,1.292868853E-1,-1.786074519E0,9.612719536E0,9.778095631E0
1.053592222E1,1.268926859E-1,-1.776497602E0,9.612719536E0,9.776319469E0
1.053792386E1,1.316810995E-1,-1.766920805E0,9.619902611E0,9.781711266E0
1.053992632E1,1.340752989E-1,-1.764526606E0,9.617507935E0,9.778956447E0
1.054192901E1,1.388636976E-1,-1.762132406E0,9.615114212E0,9.776237265E0
1.054393061E1,1.268926859E-1,-1.759738207E0,9.624691010E0,9.785062971E0
1.054593272E1,1.340752989E-1,-1.764526606E0,9.624691010E0,9.786021018E0
1.054793452E1,1.316810995E-1,-1.759738207E0,9.612719536E0,9.773351285E0
1.054993612E1,1.340752989E-1,-1.754949808E0,9.605537415E0,9.765458209E0
1.055193718E1,1.316810995E-1,-1.754949808E0,9.610325813E0,9.770135668E0
1.055393827E1,1.316810995E-1,-1.740584612E0,9.615114212E0,9.772276910E0
1.055594112E1,1.292868853E-1,-1.747767210E0,9.610325813E0,9.768816078E0
1.055794268E1,1.292868853E-1,-1.750161409E0,9.617507935E0,9.776310088E0
1.055994339E1,1.292868853E-1,-1.747767210E0,9.619902611E0,9.778237651E0
1.056194475E1,1.268926859E-1,-1.735796213E0,9.615114212E0,9.771361807E0
1.056394514E1,1.268926859E-1,-1.747767210E0,9.610325813E0,9.768784684E0
1.056594667E1,1.244984865E-1,-1.745373011E0,9.615114212E0,9.773036792E0
1.056794780E1,1.221042871E-1,-1.754949808E0,9.610325813E0,9.770011286E0
1.056994933E1,1.197100878E-1,-1.754949808E0,9.610325813E0,9.769981657E0
1.057195163E1,1.149216816E-1,-1.745373011E0,9.619902611E0,9.777630602E0
1.057395253E1,1.149216816E-1,-1.745373011E0,9.615114212E0,9.772919484E0
1.057595354E1,1.197100878E-1,-1.747767210E0,9.615114212E0,9.773404833E0
1.057795405E1,1.197100878E-1,-1.766920805E0,9.610325813E0,9.772139063E0
1.057995569E1,1.268926859E-1,-1.757344007E0,9.612719536E0,9.772857135E0
1.058195655E1,1.268926859E-1,-1.769315004E0,9.629479408E0,9.791498916E0
1.058395757E1,1.268926859E-1,-1.764526606E0,9.643844604E0,9.804763875E0
1.058595808E1,1.197100878E-1,-1.759738207E0,9.653421402E0,9.813233607E0
1.058795917E1,1.244984865E-1,-1.766920805E0,9.643844604E0,9.805164341E0
1.058995991E1,1.244984865E-1,-1.771709204E0,9.639056206E0,9.801319193E0
1.059196069E1,1.292868853E-1,-1.771709204E0,9.631873131E0,9.794317159E0
1.059396175E1,1.244984865E-1,-1.774103403E0,9.641449928E0,9.804106256E0
1.059596296E1,1.292868853E-1,-1.769315004E0,9.629479408E0,9.791530236E0
1.059796511E1,1.268926859E-1,-1.771709204E0,9.646238327E0,9.808413180E0
1.059996628E1,1.364694983E-1,-1.766920805E0,9.646238327E0,9.807677957E0
1.060196858E1,1.316810995E-1,-1.764526606E0,9.648633003E0,9.809536833E0
1.060397085E1,1.316810995E-1,-1.769315004E0,9.646238327E0,9.808044115E0
1.060597233E1,1.388636976E-1,-1.769315004E0,9.643844604E0,9.805788977E0
1.060797390E1,1.460463107E-1,-1.771709204E0,9.646238327E0,9.808679671E0
1.060997581E1,1.412578970E-1,-1.771709204E0,9.651026726E0,9.813318713E0
1.061197823E1,1.508347094E-1,-1.771709204E0,9.660603523E0,9.822879672E0
1.061398007E1,1.556231081E-1,-1.771709204E0,9.646238327E0,9.808826939E0
1.061598186E1,1.460463107E-1,-1.769315004E0,9.653421402E0,9.815312011E0
1.061798390E1,1.484405100E-1,-1.774103403E0,9.648633003E0,9.811503264E0
1.061998558E1,1.532289088E-1,-1.774103403E0,9.658209801E0,9.820994784E0
1.062198808E1,1.532289088E-1,-1.769315004E0,9.660603523E0,9.822485180E0
1.062398972E1,1.628057212E-1,-1.778891921E0,9.648633003E0,9.812598076E0
1.062599210E1,1.604115069E-1,-1.776497602E0,9.639056206E0,9.802707795E0
1.062799311E1,1.604115069E-1,-1.786074519E0,9.648633003E0,9.813863300E0
1.062999436E1,1.580173075E-1,-1.790862918E0,9.653421402E0,9.819404474E0
1.063199550E1,1.532289088E-1,-1.795651317E0,9.641449928E0,9.808435118E0
1.063399554E1,1.628057212E-1,-1.798045516E0,9.639056206E0,9.806675171E0
1.063599686E1,1.651999205E-1,-1.800439715E0,9.636661530E0,9.804800845E0
1.063799815E1,1.628057212E-1,-1.795651317E0,9.631873131E0,9.799175953E0
1.064000026E1,1.628057212E-1,-1.795651317E0,9.627084732E0,9.794469347E0
1.064200237E1,1.580173075E-1,-1.793257117E0,9.631873131E0,9.798659121E0
1.064400429E1,1.628057212E-1,-1.793257117E0,9.622296333E0,9.789323956E0
1.064600651E1,1.628057212E-1,-1.790862918E0,9.631873131E0,9.798299633E0
1.064800858E1,1.651999205E-1,-1.793257117E0,9.624691010E0,9.791717885E0
1.065001081E1,1.747767180E-1,-1.795651317E0,9.622296333E0,9.789969217E0
1.065201292E1,1.771709323E-1,-1.800439715E0,9.615114212E0,9.783833299E0
1.065401483E1,1.699883193E-1,-1.798045516E0,9.615114212E0,9.783265560E0
1.065601749E1,1.651999205E-1,-1.800439715E0,9.622296333E0,9.790682352E0
1.065801952E1,1.580173075E-1,-1.788468719E0,9.629479408E0,9.795430746E0
1.066002026E1,1.532289088E-1,-1.798045516E0,9.627084732E0,9.794754066E0
1.066202249E1,1.556231081E-1,-1.805228114E0,9.617507935E0,9.786701486E0
1.066402456E1,1.580173075E-1,-1.805228114E0,9.610325813E0,9.779682012E0
1.066602702E1,1.651999205E-1,-1.805228114E0,9.622296333E0,9.791564037E0
1.066802886E1,1.628057212E-1,-1.805228114E0,9.619902611E0,9.789171594E0
1.067003124E1,1.580173075E-1,-1.805228114E0,9.615114212E0,9.784387529E0
1.067203319E1,1.604115069E-1,-1.810016513E0,9.624691010E0,9.794721469E0
1.067403558E1,1.628057212E-1,-1.798045516E0,9.615114212E0,9.783143395E0
1.067603757E1,1.556231081E-1,-1.805228114E0,9.617507935E0,9.786701486E0
1.067804007E1,1.580173075E-1,-1.805228114E0,9.622296333E0,9.791445488E0
1.068004311E1,1.532289088E-1,-1.807622313E0,9.612719536E0,9.782400237E0
1.068204483E1,1.508347094E-1,-1.807622313E0,9.619902611E0,9.789421626E0
1.068404640E1,1.532289088E-1,-1.812410712E0,9.619902611E0,9.790344117E0
1.068604780E1,1.580173075E-1,-1.812410712E0,9.617507935E0,9.788067272E0
1.068804831E1,1.604115069E-1,-1.805228114E0,9.612719536E0,9.782073260E0
1.069005058E1,1.675941199E-1,-1.805228114E0,9.624691010E0,9.793958003E0
1.069205292E1,1.532289088E-1,-1.805228114E0,9.619902611E0,9.789017003E0
1.069405554E1,1.604115069E-1,-1.802833915E0,9.605537415E0,9.774573699E0
1.069605776E1,1.604115069E-1,-1.798045516E0,9.615114212E0,9.783103845E0
1.069805862E1,1.675941199E-1,-1.802833915E0,9.619902611E0,9.788811172E0
1.070005979E1,1.723825186E-1,-1.793257117E0,9.615114212E0,9.782428540E0
1.070206069E1,1.723825186E-1,-1.788468719E0,9.624691010E0,9.790965893E0
1.070406112E1,1.628057212E-1,-1.795651317E0,9.622296333E0,9.789762820E0
1.070606225E1,1.580173075E-1,-1.807622313E0,9.624691010E0,9.794240396E0
1.070806390E1,1.580173075E-1,-1.800439715E0,9.627084732E0,9.795269934E0
1.071006530E1,1.651999205E-1,-1.800439715E0,9.636661530E0,9.804800845E0
1.071206628E1,1.604115069E-1,-1.786074519E0,9.631873131E0,9.797386082E0
1.071406862E1,1.604115069E-1,-1.783680320E0,9.627084732E0,9.792242224E0
1.071607046E1,1.604115069E-1,-1.783680320E0,9.634267807E0,9.799304236E0
1.071807167E1,1.675941199E-1,-1.781286120E0,9.643844604E0,9.808404905E0
1.072007327E1,1.556231081E-1,-1.771709204E0,9.634267807E0,9.797055080E0
1.072207526E1,1.556231081E-1,-1.776497602E0,9.641449928E0,9.804984396E0
1.072407741E1,1.484405100E-1,-1.776497602E0,9.634267807E0,9.797810699E0
1.072607921E1,1.556231081E-1,-1.781286120E0,9.622296333E0,9.787021279E0
1.072808222E1,1.508347094E-1,-1.774103403E0,9.624691010E0,9.787996272E0
1.073008366E1,1.556231081E-1,-1.769315004E0,9.634267807E0,9.796622393E0
1.073208429E1,1.580173075E-1,-1.769315004E0,9.641449928E0,9.803723873E0
1.073408593E1,1.580173075E-1,-1.769315004E0,9.631873131E0,9.794305747E0
1.073608761E1,1.556231081E-1,-1.759738207E0,9.639056206E0,9.799607219E0
1.073808901E1,1.484405100E-1,-1.766920805E0,9.641449928E0,9.803142376E0
1.074009182E1,1.484405100E-1,-1.771709204E0,9.617507935E0,9.780462513E0
1.074209522E1,1.532289088E-1,-1.778891921E0,9.629479408E0,9.793610633E0
1.074409886E1,1.580173075E-1,-1.776497602E0,9.634267807E0,9.797960470E0
1.074610249E1,1.484405100E-1,-1.774103403E0,9.631873131E0,9.795022076E0
1.074810577E1,1.436520964E-1,-1.774103403E0,9.627084732E0,9.790242042E0
1.075010890E1,1.412578970E-1,-1.766920805E0,9.627084732E0,9.788908180E0
1.075211245E1,1.412578970E-1,-1.769315004E0,9.615114212E0,9.777568751E0
1.075411620E1,1.388636976E-1,-1.769315004E0,9.631873131E0,9.794015454E0
1.075611964E1,1.340752989E-1,-1.764526606E0,9.643844604E0,9.804859463E0
1.075812288E1,1.316810995E-1,-1.783680320E0,9.629479408E0,9.794168115E0
1.076012565E1,1.340752989E-1,-1.781286120E0,9.627084732E0,9.791410361E0
1.076212936E1,1.364694983E-1,-1.783680320E0,9.641449928E0,9.806003066E0
1.076413214E1,1.388636976E-1,-1.790862918E0,9.636661530E0,9.802638346E0
1.076613511E1,1.364694983E-1,-1.790862918E0,9.634267807E0,9.800251532E0
1.076813846E1,1.412578970E-1,-1.781286120E0,9.636661530E0,9.800927480E0
1.077014183E1,1.364694983E-1,-1.781286120E0,9.648633003E0,9.812630789E0
1.077214628E1,1.364694983E-1,-1.774103403E0,9.641449928E0,9.804265578E0
1.077414995E1,1.388636976E-1,-1.783680320E0,9.627084732E0,9.791912941E0
1.077615339E1,1.316810995E-1,-1.790862918E0,9.622296333E0,9.788417473E0
1.077815636E1,1.364694983E-1,-1.778891921E0,9.627084732E0,9.791008162E0
1.078015850E1,1.388636976E-1,-1.774103403E0,9.631873131E0,9.794881624E0
1.078216042E1,1.388636976E-1,-1.769315004E0,9.629479408E0,9.791661370E0
1.078416182E1,1.292868853E-1,-1.769315004E0,9.634267807E0,9.796239424E0
1.078616339E1,1.244984865E-1,-1.769315004E0,9.634267807E0,9.796177399E0
1.078816491E1,1.173158810E-1,-1.759738207E0,9.619902611E0,9.780233526E0
1.079016682E1,1.292868853E-1,-1.757344007E0,9.631873131E0,9.791728809E0
1.079216960E1,1.340752989E-1,-1.762132406E0,9.629479408E0,9.790299305E0
1.079417268E1,1.292868853E-1,-1.759738207E0,9.646238327E0,9.806289182E0
1.079617472E1,1.292868853E-1,-1.764526606E0,9.631873131E0,9.793020435E0
1.079817686E1,1.316810995E-1,-1.771709204E0,9.629479408E0,9.791995052E0
1.080017850E1,1.364694983E-1,-1.764526606E0,9.617507935E0,9.778989566E0
1.080218065E1,1.436520964E-1,-1.764526606E0,9.617507935E0,9.779092439E0
1.080418233E1,1.364694983E-1,-1.764526606E0,9.619902611E0,9.781344709E0
1.080618386E1,1.268926859E-1,-1.766920805E0,9.615114212E0,9.776938795E0
1.080818612E1,1.292868853E-1,-1.754949808E0,9.612719536E0,9.772458278E0
1.081018811E1,1.268926859E-1,-1.750161409E0,9.619902611E0,9.778634514E0
1.081218999E1,1.292868853E-1,-1.757344007E0,9.617507935E0,9.777598475E0
1.081419159E1,1.292868853E-1,-1.759738207E0,9.617507935E0,9.778029072E0
1.081619319E1,1.221042871E-1,-1.764526606E0,9.629479408E0,9.790573899E0
1.081819409E1,1.268926859E-1,-1.762132406E0,9.622296333E0,9.783138510E0
1.082019468E1,1.244984865E-1,-1.762132406E0,9.627084732E0,9.787817475E0
1.082219600E1,1.244984865E-1,-1.771709204E0,9.631873131E0,9.794255121E0
1.082419702E1,1.268926859E-1,-1.771709204E0,9.629479408E0,9.791931828E0
1.082619956E1,1.244984865E-1,-1.766920805E0,9.622296333E0,9.783971368E0
1.082820112E1,1.149216816E-1,-1.754949808E0,9.622296333E0,9.781699369E0
1.083020327E1,1.173158810E-1,-1.757344007E0,9.624691010E0,9.784513172E0
1.083220604E1,1.268926859E-1,-1.764526606E0,9.617507935E0,9.778860607E0
1.083420928E1,1.197100878E-1,-1.757344007E0,9.617507935E0,9.777476532E0
1.083621136E1,1.268926859E-1,-1.766920805E0,9.615114212E0,9.776938795E0
1.083821370E1,1.221042871E-1,-1.771709204E0,9.627084732E0,9.789515994E0
1.084021604E1,1.197100878E-1,-1.774103403E0,9.639056206E0,9.801692605E0
1.084221745E1,1.316810995E-1,-1.769315004E0,9.629479408E0,9.791562141E0
1.084421862E1,1.316810995E-1,-1.764526606E0,9.629479408E0,9.790698020E0
1.084621983E1,1.268926859E-1,-1.771709204E0,9.619902611E0,9.782514068E0
1.084822171E1,1.316810995E-1,-1.771709204E0,9.617507935E0,9.780222507E0
1.085022311E1,1.292868853E-1,-1.766920805E0,9.622296333E0,9.784033471E0
1.085222444E1,1.268926859E-1,-1.766920805E0,9.636661530E0,9.798130246E0
1.085422624E1,1.292868853E-1,-1.764526606E0,9.651026726E0,9.811859462E0
1.085622745E1,1.268926859E-1,-1.764526606E0,9.648633003E0,9.809473723E0
1.085822866E1,1.244984865E-1,-1.771709204E0,9.639056206E0,9.801319193E0
1.086022948E1,1.221042871E-1,-1.774103403E0,9.636661530E0,9.799367213E0
1.086223077E1,1.221042871E-1,-1.757344007E0,9.646238327E0,9.805767756E0
1.086423315E1,1.268926859E-1,-1.762132406E0,9.641449928E0,9.801977815E0
1.086623515E1,1.268926859E-1,-1.771709204E0,9.636661530E0,9.798994882E0
1.086823690E1,1.316810995E-1,-1.774103403E0,9.627084732E0,9.790073709E0
1.087023800E1,1.340752989E-1,-1.783680320E0,9.636661530E0,9.801262016E0
1.087223983E1,1.340752989E-1,-1.776497602E0,9.627084732E0,9.790540351E0
1.087424206E1,1.340752989E-1,-1.771709204E0,9.629479408E0,9.792027541E0
1.087624475E1,1.340752989E-1,-1.778891921E0,9.631873131E0,9.795683369E0
1.087824690E1,1.316810995E-1,-1.786074519E0,9.627084732E0,9.792250126E0
1.088024964E1,1.436520964E-1,-1.783680320E0,9.631873131E0,9.796689819E0
1.088225202E1,1.340752989E-1,-1.781286120E0,9.631873131E0,9.796118437E0
1.088425542E1,1.412578970E-1,-1.788468719E0,9.636661530E0,9.802235438E0
1.088625757E1,1.484405100E-1,-1.781286120E0,9.624691010E0,9.789264112E0
1.088825932E1,1.412578970E-1,-1.774103403E0,9.646238327E0,9.809042285E0
1.089026198E1,1.388636976E-1,-1.783680320E0,9.636661530E0,9.801328688E0
1.089226323E1,1.340752989E-1,-1.783680320E0,9.634267807E0,9.798908503E0
1.089426464E1,1.412578970E-1,-1.778891921E0,9.624691010E0,9.788722454E0
1.089626569E1,1.436520964E-1,-1.771709204E0,9.627084732E0,9.789808469E0
1.089826655E1,1.436520964E-1,-1.781286120E0,9.627084732E0,9.791546181E0
1.090026768E1,1.508347094E-1,-1.781286120E0,9.622296333E0,9.786946310E0
1.090226831E1,1.580173075E-1,-1.774103403E0,9.634267807E0,9.797526654E0
1.090426897E1,1.532289088E-1,-1.771709204E0,9.641449928E0,9.804080238E0
1.090627034E1,1.580173075E-1,-1.781286120E0,9.631873131E0,9.796475372E0
1.090827214E1,1.580173075E-1,-1.776497602E0,9.622296333E0,9.786189244E0
1.091027354E1,1.651999205E-1,-1.769315004E0,9.631873131E0,9.794424261E0
1.091227475E1,1.628057212E-1,-1.774103403E0,9.639056206E0,9.802313662E0
1.091427515E1,1.532289088E-1,-1.776497602E0,9.648633003E0,9.812010072E0
1.091627675E1,1.532289088E-1,-1.778891921E0,9.643844604E0,9.807735433E0
1.091827901E1,1.532289088E-1,-1.781286120E0,9.624691010E0,9.789337892E0
1.092028065E1,1.580173075E-1,-1.776497602E0,9.634267807E0,9.797960470E0
1.092228233E1,1.532289088E-1,-1.781286120E0,9.627084732E0,9.791691365E0
1.092428390E1,1.508347094E-1,-1.783680320E0,9.624691010E0,9.789736647E0
1.092628640E1,1.556231081E-1,-1.783680320E0,9.639056206E0,9.803934852E0
1.092828792E1,1.556231081E-1,-1.781286120E0,9.641449928E0,9.805853125E0
1.093028972E1,1.484405100E-1,-1.776497602E0,9.639056206E0,9.802519210E0
1.093229136E1,1.388636976E-1,-1.776497602E0,9.624691010E0,9.788253362E0
1.093429374E1,1.316810995E-1,-1.786074519E0,9.627084732E0,9.792250126E0
1.093629612E1,1.364694983E-1,-1.786074519E0,9.629479408E0,9.794669968E0
1.093829780E1,1.340752989E-1,-1.786074519E0,9.634267807E0,9.799344598E0
1.094030093E1,1.340752989E-1,-1.790862918E0,9.634267807E0,9.800218485E0
1.094230190E1,1.436520964E-1,-1.793257117E0,9.629479408E0,9.796084967E0
1.094430288E1,1.436520964E-1,-1.795651317E0,9.624691010E0,9.791816818E0
1.094630448E1,1.364694983E-1,-1.788468719E0,9.612719536E0,9.778630843E0
1.094830706E1,1.412578970E-1,-1.793257117E0,9.612719536E0,9.779575745E0
1.095030925E1,1.412578970E-1,-1.790862918E0,9.617507935E0,9.783843961E0
1.095231108E1,1.412578970E-1,-1.788468719E0,9.624691010E0,9.790467363E0
1.095431366E1,1.316810995E-1,-1.781286120E0,9.612719536E0,9.777254064E0
1.095631659E1,1.292868853E-1,-1.781286120E0,9.617507935E0,9.781929984E0
1.095831905E1,1.364694983E-1,-1.778891921E0,9.624691010E0,9.788654525E0
1.096032085E1,1.364694983E-1,-1.776497602E0,9.629479408E0,9.792928128E0
1.096232311E1,1.340752989E-1,-1.788468719E0,9.627084732E0,9.792719591E0
1.096432565E1,1.292868853E-1,-1.786074519E0,9.622296333E0,9.787510614E0
1.096632722E1,1.292868853E-1,-1.788468719E0,9.615114212E0,9.780887320E0
1.096832925E1,1.340752989E-1,-1.788468719E0,9.624691010E0,9.790366366E0
1.097033147E1,1.412578970E-1,-1.786074519E0,9.622296333E0,9.787676063E0
1.097233390E1,1.412578970E-1,-1.786074519E0,9.619902611E0,9.785322796E0
1.097433596E1,1.460463107E-1,-1.778891921E0,9.617507935E0,9.781730157E0
1.097633858E1,1.340752989E-1,-1.771709204E0,9.619902611E0,9.782609873E0
1.097834018E1,1.340752989E-1,-1.778891921E0,9.627084732E0,9.790975084E0
1.098034175E1,1.364694983E-1,-1.781286120E0,9.631873131E0,9.796151498E0
1.098234304E1,1.364694983E-1,-1.786074519E0,9.634267807E0,9.799377648E0
1.098434444E1,1.364694983E-1,-1.781286120E0,9.631873131E0,9.796151498E0
1.098634706E1,1.340752989E-1,-1.771709204E0,9.622296333E0,9.784963792E0
1.098834948E1,1.364694983E-1,-1.771709204E0,9.627084732E0,9.789705709E0
1.099035104E1,1.364694983E-1,-1.764526606E0,9.627084732E0,9.788408374E0
1.099235218E1,1.388636976E-1,-1.771709204E0,9.639056206E0,9.801512188E0
1.099435382E1,1.364694983E-1,-1.774103403E0,9.627084732E0,9.790139286E0
1.099635604E1,1.388636976E-1,-1.783680320E0,9.617507935E0,9.782497507E0
1.099835846E1,1.412578970E-1,-1.766920805E0,9.631873131E0,9.793617459E0
1.100036163E1,1.388636976E-1,-1.769315004E0,9.636661530E0,9.798724618E0
1.100236483E1,1.340752989E-1,-1.771709204E0,9.636661530E0,9.799090525E0
1.100436718E1,1.388636976E-1,-1.769315004E0,9.639056206E0,9.801079698E0
1.100636847E1,1.412578970E-1,-1.776497602E0,9.636661530E0,9.800058314E0
1.100837018E1,1.364694983E-1,-1.776497602E0,9.627084732E0,9.790573430E0
1.101037175E1,1.364694983E-1,-1.774103403E0,9.631873131E0,9.794847973E0
1.101237343E1,1.436520964E-1,-1.776497602E0,9.634267807E0,9.797739323E0
1.101437436E1,1.388636976E-1,-1.774103403E0,9.619902611E0,9.783110561E0
1.101637581E1,1.412578970E-1,-1.774103403E0,9.631873131E0,9.794915859E0
1.101837741E1,1.388636976E-1,-1.771709204E0,9.634267807E0,9.796803193E0
1.102037995E1,1.388636976E-1,-1.771709204E0,9.631873131E0,9.794448256E0
1.102238147E1,1.436520964E-1,-1.781286120E0,9.629479408E0,9.793900645E0
1.102438397E1,1.364694983E-1,-1.783680320E0,9.636661530E0,9.801295059E0
1.102638522E1,1.412578970E-1,-1.783680320E0,9.631873131E0,9.796655005E0
1.102838722E1,1.388636976E-1,-1.776497602E0,9.624691010E0,9.788253362E0
1.103038811E1,1.388636976E-1,-1.783680320E0,9.617507935E0,9.782497507E0
1.103238870E1,1.436520964E-1,-1.778891921E0,9.619902611E0,9.784049194E0
1.103438940E1,1.436520964E-1,-1.778891921E0,9.631873131E0,9.795819129E0
1.103639061E1,1.460463107E-1,-1.783680320E0,9.629479408E0,9.794371786E0
1.103839249E1,1.436520964E-1,-1.783680320E0,9.629479408E0,9.794336378E0
1.104039518E1,1.412578970E-1,-1.774103403E0,9.624691010E0,9.787853376E0
1.104239761E1,1.484405100E-1,-1.774103403E0,9.617507935E0,9.780896500E0
1.104439975E1,1.460463107E-1,-1.774103403E0,9.622296333E0,9.785568922E0
1.104640155E1,1.460463107E-1,-1.774103403E0,9.624691010E0,9.787923653E0
1.104840272E1,1.340752989E-1,-1.781286120E0,9.615114212E0,9.779640982E0
1.105040382E1,1.364694983E-1,-1.781286120E0,9.615114212E0,9.779674099E0
1.105240464E1,1.388636976E-1,-1.776497602E0,9.617507935E0,9.781190405E0
1.105440647E1,1.388636976E-1,-1.778891921E0,9.629479408E0,9.793396411E0
1.105640948E1,1.364694983E-1,-1.778891921E0,9.631873131E0,9.795716431E0
1.105841182E1,1.388636976E-1,-1.778891921E0,9.624691010E0,9.788688197E0
1.106041452E1,1.316810995E-1,-1.783680320E0,9.622296333E0,9.787105911E0
1.106241651E1,1.292868853E-1,-1.788468719E0,9.629479408E0,9.795009399E0
1.106441835E1,1.484405100E-1,-1.783680320E0,9.634267807E0,9.799115585E0
1.106642046E1,1.388636976E-1,-1.783680320E0,9.631873131E0,9.796620775E0
1.106842280E1,1.340752989E-1,-1.783680320E0,9.631873131E0,9.796554072E0
1.107042608E1,1.316810995E-1,-1.776497602E0,9.636661530E0,9.799924953E0
1.107242804E1,1.316810995E-1,-1.781286120E0,9.624691010E0,9.789024322E0
1.107443054E1,1.364694983E-1,-1.783680320E0,9.627084732E0,9.791879281E0
1.107643335E1,1.388636976E-1,-1.778891921E0,9.629479408E0,9.793396411E0
1.107843600E1,1.436520964E-1,-1.771709204E0,9.634267807E0,9.796872236E0
1.108043823E1,1.460463107E-1,-1.766920805E0,9.631873131E0,9.793687695E0
1.108243991E1,1.460463107E-1,-1.778891921E0,9.624691010E0,9.788792725E0
1.108444163E1,1.412578970E-1,-1.776497602E0,9.627084732E0,9.790641346E0
1.108644382E1,1.412578970E-1,-1.766920805E0,9.636661530E0,9.798326814E0
1.108844624E1,1.388636976E-1,-1.764526606E0,9.629479408E0,9.790797258E0
1.109044765E1,1.364694983E-1,-1.771709204E0,9.629479408E0,9.792060616E0
1.109244991E1,1.340752989E-1,-1.771709204E0,9.634267807E0,9.796736491E0
1.109445096E1,1.364694983E-1,-1.776497602E0,9.629479408E0,9.792928128E0
1.109645151E1,1.340752989E-1,-1.774103403E0,9.631873131E0,9.794814908E0
1.109845264E1,1.388636976E-1,-1.776497602E0,9.619902611E0,9.783545017E0
1.110045433E1,1.364694983E-1,-1.776497602E0,9.629479408E0,9.792928128E0
1.110245659E1,1.268926859E-1,-1.776497602E0,9.636661530E0,9.799861781E0
1.110445827E1,1.340752989E-1,-1.776497602E0,9.631873131E0,9.795248844E0
1.110645983E1,1.436520964E-1,-1.766920805E0,9.634267807E0,9.796007413E0
1.110846143E1,1.388636976E-1,-1.771709204E0,9.631873131E0,9.794448256E0
1.111046339E1,1.364694983E-1,-1.771709204E0,9.636661530E0,9.799123576E0
1.111246542E1,1.412578970E-1,-1.774103403E0,9.631873131E0,9.794915859E0
1.111446753E1,1.412578970E-1,-1.776497602E0,9.634267807E0,9.797704512E0
1.111646952E1,1.412578970E-1,-1.778891921E0,9.631873131E0,9.795784311E0
1.111847003E1,1.436520964E-1,-1.788468719E0,9.634267807E0,9.799916962E0
1.112047093E1,1.364694983E-1,-1.783680320E0,9.641449928E0,9.806003066E0
1.112247167E1,1.388636976E-1,-1.776497602E0,9.646238327E0,9.809441407E0
1.112447409E1,1.460463107E-1,-1.771709204E0,9.634267807E0,9.796907635E0
1.112647577E1,1.460463107E-1,-1.766920805E0,9.629479408E0,9.791333532E0
1.112847749E1,1.412578970E-1,-1.766920805E0,9.636661530E0,9.798326814E0
1.113047874E1,1.412578970E-1,-1.771709204E0,9.627084732E0,9.789773630E0
1.113247968E1,1.388636976E-1,-1.769315004E0,9.629479408E0,9.791661370E0
1.113448015E1,1.484405100E-1,-1.788468719E0,9.631873131E0,9.797634151E0
1.113648077E1,1.484405100E-1,-1.778891921E0,9.627084732E0,9.791182334E0
1.113848261E1,1.460463107E-1,-1.788468719E0,9.627084732E0,9.792890805E0
1.114048425E1,1.412578970E-1,-1.781286120E0,9.619902611E0,9.784449922E0
1.114248596E1,1.388636976E-1,-1.776497602E0,9.619902611E0,9.783545017E0
1.114448831E1,1.364694983E-1,-1.774103403E0,9.624691010E0,9.787785441E0
1.114648917E1,1.484405100E-1,-1.781286120E0,9.624691010E0,9.789264112E0
1.114849034E1,1.532289088E-1,-1.774103403E0,9.629479408E0,9.792741989E0
1.115049241E1,1.508347094E-1,-1.766920805E0,9.634267807E0,9.796115374E0
1.115249405E1,1.460463107E-1,-1.759738207E0,9.624691010E0,9.785330097E0
1.115449487E1,1.412578970E-1,-1.769315004E0,9.646238327E0,9.808177366E0
1.115649511E1,1.436520964E-1,-1.769315004E0,9.636661530E0,9.798793647E0
1.115849507E1,1.484405100E-1,-1.766920805E0,9.627084732E0,9.789014463E0
1.116049550E1,1.556231081E-1,-1.774103403E0,9.617507935E0,9.781008144E0
1.116249698E1,1.460463107E-1,-1.771709204E0,9.627084732E0,9.789843894E0
1.116449843E1,1.436520964E-1,-1.769315004E0,9.622296333E0,9.784666486E0
1.116649991E1,1.388636976E-1,-1.764526606E0,9.634267807E0,9.795506799E0
1.116850081E1,1.460463107E-1,-1.764526606E0,9.624691010E0,9.786192349E0
1.117050253E1,1.508347094E-1,-1.771709204E0,9.629479408E0,9.792271355E0
1.117250346E1,1.508347094E-1,-1.771709204E0,9.636661530E0,9.799334163E0
1.117450561E1,1.580173075E-1,-1.774103403E0,9.629479408E0,9.792818084E0
1.117650694E1,1.532289088E-1,-1.781286120E0,9.634267807E0,9.798753774E0
1.117850827E1,1.508347094E-1,-1.781286120E0,9.627084732E0,9.791654191E0
1.118050936E1,1.556231081E-1,-1.778891921E0,9.627084732E0,9.791293860E0
1.118250972E1,1.532289088E-1,-1.774103403E0,9.619902611E0,9.783325009E0
1.118451058E1,1.508347094E-1,-1.778891921E0,9.641449928E0,9.805343660E0
1.118651163E1,1.484405100E-1,-1.771709204E0,9.648633003E0,9.811070631E0
1.118851354E1,1.532289088E-1,-1.781286120E0,9.646238327E0,9.810523595E0
1.119051577E1,1.388636976E-1,-1.774103403E0,9.643844604E0,9.806654107E0
1.119251776E1,1.364694983E-1,-1.771709204E0,9.634267807E0,9.796769549E0
1.119451972E1,1.532289088E-1,-1.771709204E0,9.643844604E0,9.806435201E0
1.119652050E1,1.580173075E-1,-1.771709204E0,9.646238327E0,9.808865216E0
1.119852077E1,1.580173075E-1,-1.778891921E0,9.636661530E0,9.800748511E0
1.120052081E1,1.532289088E-1,-1.771709204E0,9.646238327E0,9.808789246E0
1.120251995E1,1.484405100E-1,-1.762132406E0,9.617507935E0,9.778732232E0
1.120452054E1,1.580173075E-1,-1.766920805E0,9.619902611E0,9.782101249E0
1.120652100E1,1.604115069E-1,-1.781286120E0,9.627084732E0,9.791806398E0
1.120852112E1,1.580173075E-1,-1.776497602E0,9.622296333E0,9.786189244E0
1.121052171E1,1.604115069E-1,-1.774103403E0,9.627084732E0,9.790502294E0
1.121252249E1,1.556231081E-1,-1.771709204E0,9.629479408E0,9.792346283E0
1.121452386E1,1.532289088E-1,-1.764526606E0,9.629479408E0,9.791011537E0
1.121652530E1,1.532289088E-1,-1.764526606E0,9.634267807E0,9.795720975E0
1.121852581E1,1.484405100E-1,-1.769315004E0,9.619902611E0,9.782383984E0
1.122052604E1,1.532289088E-1,-1.769315004E0,9.624691010E0,9.787166685E0
1.122252706E1,1.556231081E-1,-1.764526606E0,9.622296333E0,9.783984844E0
1.122452804E1,1.508347094E-1,-1.774103403E0,9.624691010E0,9.787996272E0
1.122652929E1,1.556231081E-1,-1.776497602E0,9.631873131E0,9.795567482E0
1.122852936E1,1.556231081E-1,-1.771709204E0,9.634267807E0,9.797055080E0
1.123053069E1,1.556231081E-1,-1.769315004E0,9.627084732E0,9.789558446E0
1.123253163E1,1.532289088E-1,-1.774103403E0,9.622296333E0,9.785678756E0
1.123453284E1,1.532289088E-1,-1.771709204E0,9.622296333E0,9.785244980E0
1.123653343E1,1.436520964E-1,-1.771709204E0,9.615114212E0,9.778037162E0
1.123853393E1,1.460463107E-1,-1.781286120E0,9.615114212E0,9.779812426E0
1.124053514E1,1.460463107E-1,-1.783680320E0,9.607931137E0,9.773187082E0
1.124253636E1,1.364694983E-1,-1.781286120E0,9.619902611E0,9.784381963E0
1.124453733E1,1.340752989E-1,-1.781286120E0,9.619902611E0,9.784348863E0
1.124653913E1,1.436520964E-1,-1.788468719E0,9.617507935E0,9.783440865E0
1.124854046E1,1.436520964E-1,-1.793257117E0,9.627084732E0,9.793731028E0
1.125054151E1,1.436520964E-1,-1.786074519E0,9.641449928E0,9.806541431E0
1.125254257E1,1.412578970E-1,-1.776497602E0,9.629479408E0,9.792996028E0
1.125454268E1,1.436520964E-1,-1.771709204E0,9.627084732E0,9.789808469E0
1.125654354E1,1.412578970E-1,-1.776497602E0,9.631873131E0,9.795349791E0
1.125854483E1,1.412578970E-1,-1.774103403E0,9.639056206E0,9.801979454E0
1.126054624E1,1.364694983E-1,-1.774103403E0,9.643844604E0,9.806620497E0
1.126254796E1,1.364694983E-1,-1.781286120E0,9.639056206E0,9.803214203E0
1.126455081E1,1.316810995E-1,-1.788468719E0,9.631873131E0,9.797394566E0
1.126655358E1,1.316810995E-1,-1.783680320E0,9.639056206E0,9.803584035E0
1.126855565E1,1.364694983E-1,-1.776497602E0,9.636661530E0,9.799990464E0
1.127055620E1,1.340752989E-1,-1.778891921E0,9.639056206E0,9.802746411E0
1.127255792E1,1.316810995E-1,-1.786074519E0,9.641449928E0,9.806373378E0
1.127455874E1,1.388636976E-1,-1.783680320E0,9.646238327E0,9.810744746E0
1.127656038E1,1.340752989E-1,-1.786074519E0,9.648633003E0,9.813468154E0
1.127856077E1,1.316810995E-1,-1.788468719E0,9.646238327E0,9.811517422E0
1.128056120E1,1.244984865E-1,-1.783680320E0,9.641449928E0,9.805843772E0
1.128256182E1,1.316810995E-1,-1.790862918E0,9.634267807E0,9.800186023E0
1.128456229E1,1.412578970E-1,-1.793257117E0,9.641449928E0,9.807817372E0
1.128656362E1,1.412578970E-1,-1.793257117E0,9.643844604E0,9.810171438E0
1.128856483E1,1.460463107E-1,-1.793257117E0,9.619902611E0,9.786706640E0
1.129056596E1,1.412578970E-1,-1.795651317E0,9.617507935E0,9.784721576E0
1.129256757E1,1.316810995E-1,-1.795651317E0,9.631873131E0,9.798708260E0
1.129456968E1,1.460463107E-1,-1.793257117E0,9.631873131E0,9.798473382E0
1.129657249E1,1.412578970E-1,-1.788468719E0,9.624691010E0,9.790467363E0
1.129857327E1,1.364694983E-1,-1.795651317E0,9.629479408E0,9.796420839E0
1.130057464E1,1.364694983E-1,-1.805228114E0,9.639056206E0,9.807592824E0
1.130257596E1,1.412578970E-1,-1.800439715E0,9.641449928E0,9.809133177E0
1.130457714E1,1.508347094E-1,-1.795651317E0,9.641449928E0,9.808398008E0
1.130657757E1,1.508347094E-1,-1.793257117E0,9.634267807E0,9.800899876E0
1.130857835E1,1.460463107E-1,-1.800439715E0,9.619902611E0,9.788025283E0
1.131057936E1,1.412578970E-1,-1.800439715E0,9.617507935E0,9.785601455E0
1.131258159E1,1.436520964E-1,-1.790862918E0,9.619902611E0,9.786232787E0
1.131458284E1,1.436520964E-1,-1.774103403E0,9.619902611E0,9.783179700E0
1.131658460E1,1.412578970E-1,-1.771709204E0,9.617507935E0,9.780356137E0
1.131858628E1,1.484405100E-1,-1.778891921E0,9.607931137E0,9.772350372E0
1.132058690E1,1.484405100E-1,-1.778891921E0,9.619902611E0,9.784120670E0
1.132258796E1,1.508347094E-1,-1.781286120E0,9.624691010E0,9.789300710E0
1.132458890E1,1.532289088E-1,-1.771709204E0,9.629479408E0,9.792308526E0
1.132659050E1,1.556231081E-1,-1.771709204E0,9.619902611E0,9.782928922E0
1.132859225E1,1.484405100E-1,-1.774103403E0,9.619902611E0,9.783251183E0
1.133059354E1,1.532289088E-1,-1.778891921E0,9.605537415E0,9.770070859E0
1.133259518E1,1.460463107E-1,-1.778891921E0,9.607931137E0,9.772314297E0
1.133459593E1,1.436520964E-1,-1.786074519E0,9.612719536E0,9.778296119E0
1.133659667E1,1.388636976E-1,-1.788468719E0,9.615114212E0,9.781018597E0
1.133859831E1,1.412578970E-1,-1.795651317E0,9.627084732E0,9.794134872E0
1.134060124E1,1.364694983E-1,-1.786074519E0,9.641449928E0,9.806438846E0
1.134260323E1,1.364694983E-1,-1.788468719E0,9.629479408E0,9.795106837E0
1.134460475E1,1.316810995E-1,-1.793257117E0,9.651026726E0,9.817098750E0
1.134660761E1,1.340752989E-1,-1.790862918E0,9.655815125E0,9.821401728E0
1.134860972E1,1.340752989E-1,-1.788468719E0,9.660603523E0,9.825673360E0
1.135061077E1,1.221042871E-1,-1.783680320E0,9.665391922E0,9.829355317E0
1.135261296E1,1.244984865E-1,-1.795651317E0,9.660603523E0,9.826857278E0
1.135461526E1,1.221042871E-1,-1.800439715E0,9.665391922E0,9.832410367E0
1.135661846E1,1.268926859E-1,-1.798045516E0,9.653421402E0,9.820265485E0
1.135862026E1,1.197100878E-1,-1.802833915E0,9.641449928E0,9.809286281E0
1.136062186E1,1.173158810E-1,-1.805228114E0,9.643844604E0,9.812051280E0
1.136262378E1,1.029506698E-1,-1.798045516E0,9.643844604E0,9.810571098E0
1.136462608E1,1.197100878E-1,-1.793257117E0,9.643844604E0,9.809884829E0
1.136662722E1,1.173158810E-1,-1.795651317E0,9.636661530E0,9.803232737E0
1.136862850E1,1.077390760E-1,-1.790862918E0,9.646238327E0,9.811662018E0
1.137063128E1,1.053448766E-1,-1.786074519E0,9.648633003E0,9.813117678E0
1.137263440E1,1.077390760E-1,-1.790862918E0,9.651026726E0,9.816369724E0
1.137463675E1,1.149216816E-1,-1.793257117E0,9.643844604E0,9.809827564E0
1.137663827E1,1.125274822E-1,-1.783680320E0,9.639056206E0,9.803345473E0
1.137863956E1,1.149216816E-1,-1.786074519E0,9.634267807E0,9.799101253E0
1.138064178E1,1.149216816E-1,-1.786074519E0,9.631873131E0,9.796746868E0
1.138264436E1,1.125274822E-1,-1.788468719E0,9.636661530E0,9.801863508E0
1.138464624E1,1.197100878E-1,-1.788468719E0,9.634267807E0,9.799595249E0
1.138664784E1,1.221042871E-1,-1.786074519E0,9.629479408E0,9.794480350E0
1.138864987E1,1.197100878E-1,-1.781286120E0,9.624691010E0,9.788870608E0
1.139065140E1,1.101332754E-1,-1.776497602E0,9.622296333E0,9.785533189E0
1.139265315E1,1.101332754E-1,-1.766920805E0,9.605537415E0,9.767317313E0
1.139465558E1,1.173158810E-1,-1.759738207E0,9.610325813E0,9.770813877E0
1.139665733E1,1.149216816E-1,-1.764526606E0,9.615114212E0,9.776358343E0
1.139865948E1,1.197100878E-1,-1.764526606E0,9.610325813E0,9.771706447E0
1.140066171E1,1.221042871E-1,-1.764526606E0,9.600749016E0,9.762317617E0
1.140266370E1,1.221042871E-1,-1.766920805E0,9.603142738E0,9.765104661E0
1.140466460E1,1.173158810E-1,-1.752555609E0,9.615114212E0,9.774233243E0
1.140666632E1,1.125274822E-1,-1.747767210E0,9.619902611E0,9.778030420E0
1.140866722E1,1.221042871E-1,-1.750161409E0,9.607931137E0,9.766796565E0
1.141066792E1,1.268926859E-1,-1.747767210E0,9.610325813E0,9.768784684E0
1.141266944E1,1.268926859E-1,-1.735796213E0,9.603142738E0,9.759581994E0
1.141467140E1,1.197100878E-1,-1.747767210E0,9.605537415E0,9.763983293E0
1.141667300E1,1.221042871E-1,-1.740584612E0,9.615114212E0,9.772152555E0
1.141867452E1,1.173158810E-1,-1.740584612E0,9.612719536E0,9.769737698E0
1.142067495E1,1.149216816E-1,-1.735796213E0,9.612719536E0,9.768857270E0
1.142267550E1,1.125274822E-1,-1.745373011E0,9.610325813E0,9.768180568E0
1.142467737E1,1.149216816E-1,-1.754949808E0,9.612719536E0,9.772278787E0
1.142667870E1,1.125274822E-1,-1.752555609E0,9.610325813E0,9.769466507E0
1.142868104E1,1.173158810E-1,-1.759738207E0,9.600749016E0,9.761394533E0
1.143068366E1,1.244984865E-1,-1.759738207E0,9.617507935E0,9.777966931E0
1.143268663E1,1.221042871E-1,-1.766920805E0,9.615114212E0,9.776877820E0
1.143468921E1,1.221042871E-1,-1.774103403E0,9.622296333E0,9.785240879E0
1.143669104E1,1.197100878E-1,-1.774103403E0,9.631873131E0,9.794628803E0
1.143869249E1,1.125274822E-1,-1.776497602E0,9.624691010E0,9.787915161E0
1.144069452E1,1.244984865E-1,-1.778891921E0,9.627084732E0,9.790848624E0
1.144269577E1,1.197100878E-1,-1.771709204E0,9.639056206E0,9.801259539E0
1.144469753E1,1.125274822E-1,-1.778891921E0,9.636661530E0,9.800120629E0
1.144669921E1,1.101332754E-1,-1.786074519E0,9.629479408E0,9.794338426E0
1.144869991E1,1.244984865E-1,-1.793257117E0,9.629479408E0,9.795822816E0
1.145070179E1,1.268926859E-1,-1.795651317E0,9.634267807E0,9.800999009E0
1.145270335E1,1.412578970E-1,-1.795651317E0,9.643844604E0,9.810609369E0
1.145470464E1,1.340752989E-1,-1.783680320E0,9.643844604E0,9.808324547E0
1.145670679E1,1.316810995E-1,-1.786074519E0,9.641449928E0,9.806373378E0
1.145870890E1,1.388636976E-1,-1.790862918E0,9.641449928E0,9.807345708E0
1.146070987E1,1.412578970E-1,-1.798045516E0,9.639056206E0,9.806341112E0
1.146271147E1,1.460463107E-1,-1.793257117E0,9.631873131E0,9.798473382E0
1.146471304E1,1.484405100E-1,-1.795651317E0,9.639056206E0,9.806008504E0
1.146671327E1,1.436520964E-1,-1.795651317E0,9.648633003E0,9.815351161E0
1.146871432E1,1.460463107E-1,-1.783680320E0,9.651026726E0,9.815557135E0
1.147071558E1,1.484405100E-1,-1.783680320E0,9.651026726E0,9.815593050E0
1.147271554E1,1.508347094E-1,-1.781286120E0,9.643844604E0,9.808132855E0
1.147471643E1,1.532289088E-1,-1.783680320E0,9.641449928E0,9.806250624E0
1.147671651E1,1.532289088E-1,-1.786074519E0,9.653421402E0,9.818456399E0
1.147871733E1,1.556231081E-1,-1.781286120E0,9.651026726E0,9.815269515E0
1.148071882E1,1.460463107E-1,-1.788468719E0,9.641449928E0,9.807013134E0
1.148272089E1,1.460463107E-1,-1.795651317E0,9.634267807E0,9.801265702E0
1.148472339E1,1.580173075E-1,-1.786074519E0,9.627084732E0,9.792639690E0
1.148672530E1,1.580173075E-1,-1.790862918E0,9.631873131E0,9.798221240E0
1.148872768E1,1.675941199E-1,-1.786074519E0,9.646238327E0,9.811629010E0
1.149072944E1,1.651999205E-1,-1.786074519E0,9.636661530E0,9.802173159E0
1.149273120E1,1.628057212E-1,-1.783680320E0,9.636661530E0,9.801697130E0
1.149473261E1,1.532289088E-1,-1.788468719E0,9.631873131E0,9.797707868E0
1.149673444E1,1.604115069E-1,-1.793257117E0,9.634267807E0,9.801051939E0
1.149873632E1,1.580173075E-1,-1.793257117E0,9.634267807E0,9.801013046E0
1.150073729E1,1.532289088E-1,-1.800439715E0,9.624691010E0,9.792841227E0
1.150273925E1,1.508347094E-1,-1.795651317E0,9.629479408E0,9.796631484E0
1.150474210E1,1.436520964E-1,-1.798045516E0,9.636661530E0,9.804022085E0
1.150674428E1,1.484405100E-1,-1.802833915E0,9.610325813E0,9.779090292E0
1.150874636E1,1.556231081E-1,-1.817199111E0,9.615114212E0,9.786564896E0
1.151074772E1,1.532289088E-1,-1.810016513E0,9.617507935E0,9.787548097E0
1.151274995E1,1.460463107E-1,-1.810016513E0,9.627084732E0,9.796848970E0
1.151475225E1,1.532289088E-1,-1.812410712E0,9.624691010E0,9.795049194E0
1.151675397E1,1.436520964E-1,-1.805228114E0,9.619902611E0,9.788871779E0
1.151875612E1,1.412578970E-1,-1.810016513E0,9.624691010E0,9.794426507E0
1.152075819E1,1.340752989E-1,-1.824381709E0,9.631873131E0,9.804046349E0
1.152275932E1,1.412578970E-1,-1.814804912E0,9.634267807E0,9.804722680E0
1.152476046E1,1.460463107E-1,-1.807622313E0,9.619902611E0,9.789349018E0
1.152676151E1,1.460463107E-1,-1.819593310E0,9.641449928E0,9.812736930E0
1.152876292E1,1.460463107E-1,-1.805228114E0,9.624691010E0,9.793612975E0
1.153076479E1,1.436520964E-1,-1.805228114E0,9.629479408E0,9.798283428E0
1.153276632E1,1.412578970E-1,-1.807622313E0,9.634267807E0,9.803395759E0
1.153476811E1,1.292868853E-1,-1.805228114E0,9.643844604E0,9.812201710E0
1.153677018E1,1.316810995E-1,-1.795651317E0,9.643844604E0,9.810476151E0
1.153877225E1,1.340752989E-1,-1.800439715E0,9.629479408E0,9.797266610E0
1.154077390E1,1.292868853E-1,-1.793257117E0,9.627084732E0,9.793530856E0
1.154277561E1,1.268926859E-1,-1.800439715E0,9.619902611E0,9.787758230E0
1.154477737E1,1.364694983E-1,-1.798045516E0,9.612719536E0,9.780386929E0
1.154677843E1,1.388636976E-1,-1.793257117E0,9.612719536E0,9.779541456E0
1.154877979E1,1.388636976E-1,-1.790862918E0,9.610325813E0,9.776749734E0
1.155078210E1,1.340752989E-1,-1.788468719E0,9.619902611E0,9.785659037E0
1.155278366E1,1.388636976E-1,-1.781286120E0,9.622296333E0,9.786769135E0
1.155478503E1,1.436520964E-1,-1.783680320E0,9.617507935E0,9.782566651E0
1.155678686E1,1.412578970E-1,-1.786074519E0,9.617507935E0,9.782968611E0
1.155878796E1,1.388636976E-1,-1.788468719E0,9.619902611E0,9.785725815E0
1.156078913E1,1.388636976E-1,-1.790862918E0,9.610325813E0,9.776749734E0
1.156279069E1,1.412578970E-1,-1.786074519E0,9.610325813E0,9.775908051E0
1.156479237E1,1.460463107E-1,-1.786074519E0,9.612719536E0,9.778331585E0
1.156679350E1,1.460463107E-1,-1.790862918E0,9.603142738E0,9.769793753E0
1.156879343E1,1.388636976E-1,-1.790862918E0,9.603142738E0,9.769689021E0
1.157079495E1,1.316810995E-1,-1.788468719E0,9.622296333E0,9.787979720E0
1.157279624E1,1.388636976E-1,-1.783680320E0,9.612719536E0,9.777789908E0
1.157479678E1,1.292868853E-1,-1.778891921E0,9.615114212E0,9.779140702E0
1.157679850E1,1.364694983E-1,-1.774103403E0,9.622296333E0,9.785430677E0
1.157879999E1,1.340752989E-1,-1.778891921E0,9.615114212E0,9.779205181E0
1.158080073E1,1.364694983E-1,-1.778891921E0,9.619902611E0,9.783946373E0
1.158280225E1,1.460463107E-1,-1.774103403E0,9.631873131E0,9.794986086E0
1.158480487E1,1.436520964E-1,-1.769315004E0,9.631873131E0,9.794084517E0
1.158680659E1,1.532289088E-1,-1.769315004E0,9.619902611E0,9.782457816E0
1.158880843E1,1.460463107E-1,-1.778891921E0,9.619902611E0,9.784084639E0
1.159081022E1,1.412578970E-1,-1.776497602E0,9.636661530E0,9.800058314E0
1.159281292E1,1.388636976E-1,-1.778891921E0,9.629479408E0,9.793396411E0
1.159481499E1,1.364694983E-1,-1.776497602E0,9.629479408E0,9.792928128E0
1.159681725E1,1.316810995E-1,-1.774103403E0,9.634267807E0,9.797137285E0
1.159881878E1,1.340752989E-1,-1.771709204E0,9.627084732E0,9.789672626E0
1.160082140E1,1.388636976E-1,-1.776497602E0,9.617507935E0,9.781190405E0
1.160282362E1,1.340752989E-1,-1.778891921E0,9.639056206E0,9.802746411E0
1.160482542E1,1.316810995E-1,-1.766920805E0,9.629479408E0,9.791129798E0
1.160682690E1,1.364694983E-1,-1.774103403E0,9.627084732E0,9.790139286E0
1.160882897E1,1.221042871E-1,-1.781286120E0,9.629479408E0,9.793608292E0
1.161083171E1,1.244984865E-1,-1.786074519E0,9.629479408E0,9.794510490E0
1.161283428E1,1.388636976E-1,-1.783680320E0,9.636661530E0,9.801328688E0
1.161483683E1,1.292868853E-1,-1.783680320E0,9.639056206E0,9.803552168E0
1.161683983E1,1.292868853E-1,-1.778891921E0,9.639056206E0,9.802682087E0
1.161884190E1,1.316810995E-1,-1.776497602E0,9.641449928E0,9.804633617E0
1.162084417E1,1.316810995E-1,-1.781286120E0,9.648633003E0,9.812565362E0
1.162284690E1,1.340752989E-1,-1.790862918E0,9.639056206E0,9.804925839E0
1.162484944E1,1.340752989E-1,-1.774103403E0,9.651026726E0,9.813650490E0
1.162685104E1,1.340752989E-1,-1.771709204E0,9.646238327E0,9.808508732E0
1.162885268E1,1.364694983E-1,-1.781286120E0,9.634267807E0,9.798506026E0
1.163085550E1,1.388636976E-1,-1.783680320E0,9.636661530E0,9.801328688E0
1.163285823E1,1.412578970E-1,-1.778891921E0,9.646238327E0,9.809909486E0
1.163486058E1,1.316810995E-1,-1.781286120E0,9.651026726E0,9.814919104E0
1.163686190E1,1.197100878E-1,-1.781286120E0,9.643844604E0,9.807703580E0
1.163886413E1,1.244984865E-1,-1.778891921E0,9.629479408E0,9.793203256E0
1.164086655E1,1.340752989E-1,-1.783680320E0,9.622296333E0,9.787138417E0
1.164286819E1,1.364694983E-1,-1.774103403E0,9.615114212E0,9.778368377E0
1.164487018E1,1.340752989E-1,-1.776497602E0,9.627084732E0,9.790540351E0
1.164687331E1,1.388636976E-1,-1.774103403E0,9.619902611E0,9.783110561E0
1.164887499E1,1.412578970E-1,-1.766920805E0,9.634267807E0,9.795972596E0
1.165087722E1,1.412578970E-1,-1.766920805E0,9.631873131E0,9.793617459E0
1.165287850E1,1.340752989E-1,-1.771709204E0,9.636661530E0,9.799090525E0
1.165487952E1,1.316810995E-1,-1.766920805E0,9.636661530E0,9.798193429E0
1.165687944E1,1.340752989E-1,-1.762132406E0,9.624691010E0,9.785589601E0
1.165887960E1,1.364694983E-1,-1.757344007E0,9.617507935E0,9.777696086E0
1.166088077E1,1.388636976E-1,-1.759738207E0,9.603142738E0,9.764031551E0
1.166288222E1,1.388636976E-1,-1.762132406E0,9.610325813E0,9.771527822E0
1.166488413E1,1.340752989E-1,-1.754949808E0,9.617507935E0,9.777232936E0
1.166688636E1,1.292868853E-1,-1.759738207E0,9.617507935E0,9.778029072E0
1.166888741E1,1.221042871E-1,-1.757344007E0,9.619902611E0,9.779861638E0
1.167088933E1,1.244984865E-1,-1.759738207E0,9.612719536E0,9.773257149E0
1.167289061E1,1.244984865E-1,-1.759738207E0,9.607931137E0,9.768547444E0
1.167489186E1,1.292868853E-1,-1.757344007E0,9.610325813E0,9.770534033E0
1.167689370E1,1.244984865E-1,-1.759738207E0,9.622296333E0,9.782676789E0
1.167889534E1,1.197100878E-1,-1.762132406E0,9.634267807E0,9.794822985E0
1.168089663E1,1.268926859E-1,-1.766920805E0,9.624691010E0,9.786357234E0
1.168289706E1,1.149216816E-1,-1.757344007E0,9.627084732E0,9.786839397E0
1.168489765E1,1.197100878E-1,-1.750161409E0,9.624691010E0,9.783254698E0
1.168689846E1,1.173158810E-1,-1.754949808E0,9.622296333E0,9.781727791E0
1.168889999E1,1.125274822E-1,-1.757344007E0,9.627084732E0,9.786811576E0
1.169090140E1,1.221042871E-1,-1.759738207E0,9.629479408E0,9.789712033E0
1.169290249E1,1.173158810E-1,-1.762132406E0,9.631873131E0,9.792438595E0
1.169490272E1,1.173158810E-1,-1.776497602E0,9.629479408E0,9.792679941E0
1.169690487E1,1.221042871E-1,-1.771709204E0,9.622296333E0,9.784807085E0
1.169890604E1,1.221042871E-1,-1.774103403E0,9.622296333E0,9.785240879E0
1.170090733E1,1.221042871E-1,-1.781286120E0,9.615114212E0,9.779484189E0
1.170290788E1,1.268926859E-1,-1.774103403E0,9.629479408E0,9.792365307E0
1.170490886E1,1.221042871E-1,-1.774103403E0,9.636661530E0,9.799367213E0
1.170690940E1,1.197100878E-1,-1.776497602E0,9.641449928E0,9.804480147E0
1.170891046E1,1.221042871E-1,-1.783680320E0,9.617507935E0,9.782273959E0
1.171091163E1,1.268926859E-1,-1.786074519E0,9.619902611E0,9.785125967E0
1.171291308E1,1.268926859E-1,-1.781286120E0,9.627084732E0,9.791314643E0
1.171491483E1,1.316810995E-1,-1.771709204E0,9.627084732E0,9.789640129E0
1.171691616E1,1.316810995E-1,-1.781286120E0,9.639056206E0,9.803148713E0
1.171891808E1,1.292868853E-1,-1.781286120E0,9.643844604E0,9.807825146E0
1.172091936E1,1.340752989E-1,-1.774103403E0,9.641449928E0,9.804232545E0
1.172292124E1,1.388636976E-1,-1.776497602E0,9.641449928E0,9.804732713E0
1.172492280E1,1.364694983E-1,-1.769315004E0,9.624691010E0,9.786918644E0
1.172692421E1,1.340752989E-1,-1.769315004E0,9.639056206E0,9.801013025E0
1.172892464E1,1.316810995E-1,-1.774103403E0,9.634267807E0,9.797137285E0
1.173092425E1,1.340752989E-1,-1.764526606E0,9.636661530E0,9.797794434E0
1.173292444E1,1.388636976E-1,-1.776497602E0,9.629479408E0,9.792961786E0
1.173492530E1,1.412578970E-1,-1.776497602E0,9.629479408E0,9.792996028E0
1.173692558E1,1.388636976E-1,-1.776497602E0,9.634267807E0,9.797670286E0
1.173892593E1,1.316810995E-1,-1.774103403E0,9.634267807E0,9.797137285E0
1.174092725E1,1.292868853E-1,-1.774103403E0,9.631873131E0,9.794750532E0
1.174292780E1,1.316810995E-1,-1.771709204E0,9.634267807E0,9.796704017E0
1.174492757E1,1.436520964E-1,-1.764526606E0,9.641449928E0,9.802639787E0
1.174692788E1,1.364694983E-1,-1.774103403E0,9.631873131E0,9.794847973E0
1.174892800E1,1.460463107E-1,-1.781286120E0,9.631873131E0,9.796289592E0
1.175092757E1,1.364694983E-1,-1.778891921E0,9.629479408E0,9.793362756E0
1.175292843E1,1.364694983E-1,-1.776497602E0,9.622296333E0,9.785865030E0
1.175492882E1,1.412578970E-1,-1.771709204E0,9.631873131E0,9.794482493E0
1.175692921E1,1.412578970E-1,-1.774103403E0,9.636661530E0,9.799624590E0
1.175893007E1,1.388636976E-1,-1.781286120E0,9.634267807E0,9.798539664E0
1.176092983E1,1.436520964E-1,-1.771709204E0,9.627084732E0,9.789808469E0
1.176293077E1,1.484405100E-1,-1.781286120E0,9.646238327E0,9.810449974E0
1.176493178E1,1.436520964E-1,-1.790862918E0,9.634267807E0,9.800354182E0
1.176693222E1,1.412578970E-1,-1.795651317E0,9.627084732E0,9.794134872E0
1.176893268E1,1.484405100E-1,-1.795651317E0,9.629479408E0,9.796594914E0
1.177093186E1,1.556231081E-1,-1.793257117E0,9.629479408E0,9.796267826E0
1.177293143E1,1.508347094E-1,-1.795651317E0,9.622296333E0,9.789571057E0
1.177493151E1,1.460463107E-1,-1.795651317E0,9.619902611E0,9.787145622E0
1.177693171E1,1.436520964E-1,-1.788468719E0,9.624691010E0,9.790502199E0
1.177893206E1,1.412578970E-1,-1.798045516E0,9.624691010E0,9.792221326E0
1.178093183E1,1.412578970E-1,-1.798045516E0,9.636661530E0,9.803987296E0
1.178293210E1,1.364694983E-1,-1.805228114E0,9.631873131E0,9.800533275E0
1.178493288E1,1.388636976E-1,-1.802833915E0,9.639056206E0,9.807186028E0
1.178693292E1,1.388636976E-1,-1.788468719E0,9.629479408E0,9.795140487E0
1.178893288E1,1.388636976E-1,-1.781286120E0,9.634267807E0,9.798539664E0
1.179093245E1,1.292868853E-1,-1.788468719E0,9.627084732E0,9.792655201E0
1.179293292E1,1.436520964E-1,-1.802833915E0,9.631873131E0,9.800195205E0
1.179493433E1,1.388636976E-1,-1.800439715E0,9.636661530E0,9.804392471E0
1.179693460E1,1.412578970E-1,-1.793257117E0,9.634267807E0,9.800757168E0
1.179893507E1,1.508347094E-1,-1.793257117E0,9.627084732E0,9.793839014E0
1.180093550E1,1.484405100E-1,-1.795651317E0,9.617507935E0,9.784827904E0
1.180293589E1,1.340752989E-1,-1.802833915E0,9.624691010E0,9.793000732E0
1.180493589E1,1.340752989E-1,-1.795651317E0,9.634267807E0,9.801094633E0
1.180693729E1,1.364694983E-1,-1.795651317E0,9.639056206E0,9.805834595E0
1.180893932E1,1.412578970E-1,-1.788468719E0,9.636661530E0,9.802235438E0
1.181094124E1,1.388636976E-1,-1.802833915E0,9.639056206E0,9.807186028E0
1.181294245E1,1.460463107E-1,-1.790862918E0,9.634267807E0,9.800389568E0
1.181494284E1,1.364694983E-1,-1.795651317E0,9.639056206E0,9.805834595E0
1.181694331E1,1.340752989E-1,-1.790862918E0,9.646238327E0,9.811986549E0
1.181894386E1,1.388636976E-1,-1.800439715E0,9.636661530E0,9.804392471E0
1.182094436E1,1.460463107E-1,-1.798045516E0,9.639056206E0,9.806411257E0
1.182294440E1,1.412578970E-1,-1.793257117E0,9.634267807E0,9.800757168E0
1.182494472E1,1.460463107E-1,-1.800439715E0,9.634267807E0,9.802144096E0
1.182694452E1,1.580173075E-1,-1.798045516E0,9.634267807E0,9.801890293E0
1.182894464E1,1.556231081E-1,-1.795651317E0,9.636661530E0,9.803765993E0
1.183094456E1,1.604115069E-1,-1.800439715E0,9.619902611E0,9.788250163E0
1.183294409E1,1.604115069E-1,-1.802833915E0,9.619902611E0,9.788690833E0
1.183494382E1,1.580173075E-1,-1.805228114E0,9.627084732E0,9.796151206E0
1.183694374E1,1.556231081E-1,-1.800439715E0,9.624691010E0,9.792878982E0
1.183894409E1,1.556231081E-1,-1.795651317E0,9.624691010E0,9.791999757E0
1.184094382E1,1.532289088E-1,-1.795651317E0,9.622296333E0,9.789608239E0
1.184294413E1,1.484405100E-1,-1.790862918E0,9.619902611E0,9.786304247E0
1.184494460E1,1.484405100E-1,-1.795651317E0,9.624691010E0,9.791888238E0
1.184694444E1,1.508347094E-1,-1.788468719E0,9.624691010E0,9.790610221E0
1.184894452E1,1.508347094E-1,-1.788468719E0,9.627084732E0,9.792963387E0
1.185094444E1,1.460463107E-1,-1.790862918E0,9.629479408E0,9.795682375E0
1.185294581E1,1.460463107E-1,-1.798045516E0,9.619902611E0,9.787585169E0
1.185494538E1,1.508347094E-1,-1.788468719E0,9.619902611E0,9.785903009E0
1.185694530E1,1.460463107E-1,-1.790862918E0,9.619902611E0,9.786268224E0
1.185894554E1,1.508347094E-1,-1.781286120E0,9.629479408E0,9.794008629E0
1.186094558E1,1.556231081E-1,-1.778891921E0,9.636661530E0,9.800710201E0
1.186294686E1,1.556231081E-1,-1.786074519E0,9.636661530E0,9.802016434E0
1.186494737E1,1.412578970E-1,-1.793257117E0,9.627084732E0,9.793696203E0
1.186694729E1,1.364694983E-1,-1.788468719E0,9.627084732E0,9.792752663E0
1.186894737E1,1.412578970E-1,-1.778891921E0,9.629479408E0,9.793430652E0
1.187094839E1,1.484405100E-1,-1.783680320E0,9.629479408E0,9.794407779E0
1.187295011E1,1.508347094E-1,-1.788468719E0,9.619902611E0,9.785903009E0
1.187495034E1,1.436520964E-1,-1.788468719E0,9.617507935E0,9.783440865E0
1.187695050E1,1.436520964E-1,-1.786074519E0,9.629479408E0,9.794772677E0
1.187895077E1,1.412578970E-1,-1.788468719E0,9.631873131E0,9.797527962E0
1.188095171E1,1.436520964E-1,-1.783680320E0,9.627084732E0,9.791982018E0
1.188295151E1,1.388636976E-1,-1.781286120E0,9.624691010E0,9.789123577E0
1.188495159E1,1.340752989E-1,-1.776497602E0,9.619902611E0,9.783478224E0
1.188695186E1,1.436520964E-1,-1.783680320E0,9.617507935E0,9.782566651E0
1.188895300E1,1.436520964E-1,-1.776497602E0,9.615114212E0,9.778905919E0
1.189095464E1,1.340752989E-1,-1.771709204E0,9.629479408E0,9.792027541E0
1.189295475E1,1.316810995E-1,-1.776497602E0,9.624691010E0,9.788154099E0
1.189495444E1,1.364694983E-1,-1.786074519E0,9.622296333E0,9.787608127E0
1.189695491E1,1.388636976E-1,-1.788468719E0,9.627084732E0,9.792786321E0
1.189895569E1,1.316810995E-1,-1.781286120E0,9.615114212E0,9.779608452E0
1.190095561E1,1.316810995E-1,-1.781286120E0,9.624691010E0,9.789024322E0
1.190295514E1,1.292868853E-1,-1.786074519E0,9.622296333E0,9.787510614E0
1.190495460E1,1.316810995E-1,-1.786074519E0,9.615114212E0,9.780481758E0
1.190695452E1,1.268926859E-1,-1.786074519E0,9.615114212E0,9.780418460E0
1.190895374E1,1.316810995E-1,-1.769315004E0,9.631873131E0,9.793916250E0
1.191095409E1,1.316810995E-1,-1.766920805E0,9.627084732E0,9.788774667E0
1.191295362E1,1.340752989E-1,-1.774103403E0,9.627084732E0,9.790106205E0
1.191495276E1,1.316810995E-1,-1.783680320E0,9.641449928E0,9.805937595E0
1.191695198E1,1.268926859E-1,-1.776497602E0,9.646238327E0,9.809279247E0
1.191895198E1,1.221042871E-1,-1.769315004E0,9.646238327E0,9.807920213E0
1.192095140E1,1.221042871E-1,-1.771709204E0,9.627084732E0,9.789515994E0
1.192295069E1,1.221042871E-1,-1.778891921E0,9.631873131E0,9.795526833E0
1.192494944E1,1.268926859E-1,-1.778891921E0,9.643844604E0,9.807359327E0
1.192694890E1,1.221042871E-1,-1.778891921E0,9.636661530E0,9.800235271E0
1.192894960E1,1.221042871E-1,-1.776497602E0,9.629479408E0,9.792738476E0
1.193094866E1,1.292868853E-1,-1.771709204E0,9.639056206E0,9.801381185E0
1.193294909E1,1.197100878E-1,-1.769315004E0,9.631873131E0,9.793762612E0
1.193494866E1,1.221042871E-1,-1.781286120E0,9.636661530E0,9.800670137E0
1.193694897E1,1.268926859E-1,-1.788468719E0,9.629479408E0,9.794978090E0
1.193894882E1,1.221042871E-1,-1.793257117E0,9.627084732E0,9.793438670E0
1.194094952E1,1.197100878E-1,-1.786074519E0,9.631873131E0,9.796804209E0
1.194294968E1,1.173158810E-1,-1.781286120E0,9.631873131E0,9.795903392E0
1.194494936E1,1.149216816E-1,-1.771709204E0,9.629479408E0,9.791784014E0
1.194694862E1,1.197100878E-1,-1.776497602E0,9.636661530E0,9.799771409E0
1.194894800E1,1.244984865E-1,-1.786074519E0,9.631873131E0,9.796863889E0
1.195094620E1,1.221042871E-1,-1.776497602E0,9.627084732E0,9.790383732E0
1.195294600E1,1.149216816E-1,-1.776497602E0,9.627084732E0,9.790296786E0
1.195494702E1,1.125274822E-1,-1.769315004E0,9.636661530E0,9.798386778E0
1.195694671E1,1.221042871E-1,-1.766920805E0,9.631873131E0,9.793359924E0
1.195894569E1,1.221042871E-1,-1.769315004E0,9.629479408E0,9.791438031E0
1.196094514E1,1.173158810E-1,-1.774103403E0,9.634267807E0,9.796954735E0
1.196294475E1,1.197100878E-1,-1.771709204E0,9.629479408E0,9.791841384E0
1.196494507E1,1.292868853E-1,-1.774103403E0,9.634267807E0,9.797105397E0
1.196694491E1,1.244984865E-1,-1.766920805E0,9.634267807E0,9.795745259E0
1.196894522E1,1.221042871E-1,-1.769315004E0,9.634267807E0,9.796147264E0
1.197094421E1,1.292868853E-1,-1.776497602E0,9.651026726E0,9.814019344E0
1.197294401E1,1.197100878E-1,-1.776497602E0,9.646238327E0,9.809188962E0
1.197494323E1,1.268926859E-1,-1.776497602E0,9.634267807E0,9.797507931E0
1.197694214E1,1.340752989E-1,-1.776497602E0,9.624691010E0,9.788186602E0
1.197894218E1,1.268926859E-1,-1.764526606E0,9.631873131E0,9.792989120E0
1.198094225E1,1.197100878E-1,-1.766920805E0,9.629479408E0,9.790976116E0
1.198294222E1,1.244984865E-1,-1.776497602E0,9.627084732E0,9.790413885E0
1.198494128E1,1.221042871E-1,-1.781286120E0,9.631873131E0,9.795961908E0
1.198694073E1,1.244984865E-1,-1.774103403E0,9.629479408E0,9.792334575E0
1.198894011E1,1.292868853E-1,-1.769315004E0,9.631873131E0,9.793884352E0
1.199093952E1,1.268926859E-1,-1.786074519E0,9.617507935E0,9.782771735E0
1.199294030E1,1.173158810E-1,-1.778891921E0,9.610325813E0,9.774281647E0
1.199494097E1,1.244984865E-1,-1.776497602E0,9.629479408E0,9.792768622E0
1.199694096E1,1.197100878E-1,-1.778891921E0,9.636661530E0,9.800205733E0
1.199894136E1,1.316810995E-1,-1.776497602E0,9.631873131E0,9.795216366E0
1.200094206E1,1.316810995E-1,-1.776497602E0,9.622296333E0,9.785799424E0
1.200294225E1,1.244984865E-1,-1.771709204E0,9.617507935E0,9.780128437E0
1.200494308E1,1.197100878E-1,-1.774103403E0,9.615114212E0,9.778148838E0
1.200694374E1,1.173158810E-1,-1.766920805E0,9.627084732E0,9.788591961E0
1.200894374E1,1.268926859E-1,-1.776497602E0,9.636661530E0,9.799861781E0
1.201094390E1,1.316810995E-1,-1.771709204E0,9.629479408E0,9.791995052E0
1.201294475E1,1.340752989E-1,-1.776497602E0,9.631873131E0,9.795248844E0
1.201494499E1,1.340752989E-1,-1.774103403E0,9.631873131E0,9.794814908E0
1.201694565E1,1.340752989E-1,-1.776497602E0,9.634267807E0,9.797603589E0
1.201894487E1,1.268926859E-1,-1.771709204E0,9.631873131E0,9.794285848E0
1.202094452E1,1.244984865E-1,-1.774103403E0,9.629479408E0,9.792334575E0
1.202294374E1,1.316810995E-1,-1.776497602E0,9.629479408E0,9.792862570E0
1.202494331E1,1.436520964E-1,-1.790862918E0,9.631873131E0,9.798000098E0
1.202694272E1,1.388636976E-1,-1.788468719E0,9.629479408E0,9.795140487E0
1.202894245E1,1.364694983E-1,-1.783680320E0,9.619902611E0,9.784818120E0
1.203094140E1,1.460463107E-1,-1.788468719E0,9.631873131E0,9.797598169E0
1.203294061E1,1.340752989E-1,-1.783680320E0,9.634267807E0,9.798908503E0
1.203494155E1,1.436520964E-1,-1.781286120E0,9.624691010E0,9.789192673E0
1.203694198E1,1.436520964E-1,-1.776497602E0,9.627084732E0,9.790676182E0
1.203894190E1,1.508347094E-1,-1.776497602E0,9.639056206E0,9.802555757E0
1.204094296E1,1.484405100E-1,-1.766920805E0,9.634267807E0,9.796078802E0
1.204294362E1,1.460463107E-1,-1.771709204E0,9.629479408E0,9.792198767E0
1.204494405E1,1.460463107E-1,-1.783680320E0,9.631873131E0,9.796725219E0
1.204694358E1,1.388636976E-1,-1.788468719E0,9.629479408E0,9.795140487E0
1.204894311E1,1.316810995E-1,-1.776497602E0,9.631873131E0,9.795216366E0
1.205094284E1,1.364694983E-1,-1.769315004E0,9.629479408E0,9.791627709E0
1.205294245E1,1.364694983E-1,-1.774103403E0,9.634267807E0,9.797202814E0
1.205494175E1,1.340752989E-1,-1.783680320E0,9.627084732E0,9.791846205E0
1.205694026E1,1.268926859E-1,-1.783680320E0,9.619902611E0,9.784689238E0
1.205893960E1,1.436520964E-1,-1.776497602E0,9.641449928E0,9.804801700E0
1.206093913E1,1.532289088E-1,-1.771709204E0,9.631873131E0,9.794662455E0
1.206293764E1,1.460463107E-1,-1.764526606E0,9.629479408E0,9.790901763E0
1.206493647E1,1.556231081E-1,-1.776497602E0,9.627084732E0,9.790859141E0
1.206693483E1,1.484405100E-1,-1.778891921E0,9.636661530E0,9.800598782E0
1.206893378E1,1.436520964E-1,-1.781286120E0,9.631873131E0,9.796254191E0
1.207093358E1,1.364694983E-1,-1.781286120E0,9.629479408E0,9.793797927E0
1.207293327E1,1.340752989E-1,-1.778891921E0,9.624691010E0,9.788621439E0
1.207493308E1,1.412578970E-1,-1.778891921E0,9.619902611E0,9.784014335E0
1.207693288E1,1.412578970E-1,-1.776497602E0,9.619902611E0,9.783579292E0
1.207893288E1,1.340752989E-1,-1.786074519E0,9.612719536E0,9.778160116E0
1.208093182E1,1.340752989E-1,-1.783680320E0,9.619902611E0,9.784785021E0
1.208293186E1,1.436520964E-1,-1.786074519E0,9.615114212E0,9.780650256E0
1.208493151E1,1.412578970E-1,-1.786074519E0,9.617507935E0,9.782968611E0
1.208692936E1,1.388636976E-1,-1.790862918E0,9.617507935E0,9.783809687E0
1.208892811E1,1.388636976E-1,-1.788468719E0,9.622296333E0,9.788078985E0
1.209092718E1,1.340752989E-1,-1.790862918E0,9.617507935E0,9.783742896E0
1.209292694E1,1.292868853E-1,-1.788468719E0,9.622296333E0,9.787947802E0
1.209492678E1,1.221042871E-1,-1.793257117E0,9.627084732E0,9.793438670E0
1.209692702E1,1.292868853E-1,-1.795651317E0,9.629479408E0,9.796323414E0
1.209892702E1,1.292868853E-1,-1.798045516E0,9.631873131E0,9.799115408E0
1.210092675E1,1.364694983E-1,-1.790862918E0,9.639056206E0,9.804958871E0
1.210292593E1,1.364694983E-1,-1.788468719E0,9.636661530E0,9.802167603E0
1.210492507E1,1.364694983E-1,-1.795651317E0,9.631873131E0,9.798773780E0
1.210692503E1,1.388636976E-1,-1.798045516E0,9.636661530E0,9.803953092E0
1.210892534E1,1.508347094E-1,-1.793257117E0,9.629479408E0,9.796192927E0
1.211092530E1,1.532289088E-1,-1.793257117E0,9.629479408E0,9.796230084E0
1.211292436E1,1.508347094E-1,-1.783680320E0,9.627084732E0,9.792090024E0
1.211492409E1,1.436520964E-1,-1.788468719E0,9.622296333E0,9.788148089E0
1.211692409E1,1.436520964E-1,-1.795651317E0,9.622296333E0,9.789463024E0
1.211892428E1,1.436520964E-1,-1.793257117E0,9.627084732E0,9.793731028E0
1.212092405E1,1.484405100E-1,-1.795651317E0,9.617507935E0,9.784827904E0
1.212292292E1,1.460463107E-1,-1.795651317E0,9.607931137E0,9.775378965E0
1.212492194E1,1.484405100E-1,-1.790862918E0,9.622296333E0,9.788657278E0
1.212692128E1,1.484405100E-1,-1.781286120E0,9.617507935E0,9.782201884E0
1.212892167E1,1.460463107E-1,-1.793257117E0,9.629479408E0,9.796120369E0
1.213092175E1,1.436520964E-1,-1.798045516E0,9.629479408E0,9.796962656E0
1.213292085E1,1.436520964E-1,-1.798045516E0,9.619902611E0,9.787549736E0
1.213492030E1,1.388636976E-1,-1.793257117E0,9.624691010E0,9.791308965E0
1.213691999E1,1.556231081E-1,-1.798045516E0,9.615114212E0,9.783026502E0
1.213891925E1,1.628057212E-1,-1.788468719E0,9.622296333E0,9.788447925E0
1.214091827E1,1.532289088E-1,-1.778891921E0,9.619902611E0,9.784194489E0
1.214291737E1,1.484405100E-1,-1.786074519E0,9.619902611E0,9.785429118E0
1.214491643E1,1.436520964E-1,-1.788468719E0,9.619902611E0,9.785794936E0
1.214691678E1,1.436520964E-1,-1.783680320E0,9.624691010E0,9.789628616E0
1.214891729E1,1.556231081E-1,-1.783680320E0,9.627084732E0,9.792164953E0
1.215091788E1,1.580173075E-1,-1.781286120E0,9.629479408E0,9.794121879E0
1.215291725E1,1.532289088E-1,-1.781286120E0,9.641449928E0,9.805815420E0
1.215491765E1,1.508347094E-1,-1.788468719E0,9.636661530E0,9.802378125E0
1.215691776E1,1.556231081E-1,-1.781286120E0,9.641449928E0,9.805853125E0
1.215891811E1,1.508347094E-1,-1.778891921E0,9.631873131E0,9.795927092E0
1.216091843E1,1.556231081E-1,-1.786074519E0,9.622296333E0,9.787893924E0
1.216291901E1,1.556231081E-1,-1.788468719E0,9.624691010E0,9.790685162E0
1.216491843E1,1.532289088E-1,-1.793257117E0,9.636661530E0,9.803290041E0
1.216691753E1,1.484405100E-1,-1.793257117E0,9.634267807E0,9.800863322E0
1.216891698E1,1.436520964E-1,-1.781286120E0,9.646238327E0,9.810378689E0
1.217091577E1,1.412578970E-1,-1.781286120E0,9.648633003E0,9.812698552E0
1.217291546E1,1.340752989E-1,-1.788468719E0,9.643844604E0,9.809196465E0
1.217491448E1,1.436520964E-1,-1.788468719E0,9.653421402E0,9.818747428E0
1.217691354E1,1.316810995E-1,-1.793257117E0,9.653421402E0,9.819452926E0
1.217891222E1,1.244984865E-1,-1.790862918E0,9.653421402E0,9.818922274E0
1.218091292E1,1.221042871E-1,-1.790862918E0,9.655815125E0,9.821245602E0
1.218291331E1,1.221042871E-1,-1.790862918E0,9.651026726E0,9.816537898E0
1.218491483E1,1.244984865E-1,-1.783680320E0,9.648633003E0,9.812906511E0
1.218691624E1,1.316810995E-1,-1.778891921E0,9.653421402E0,9.816839672E0
1.218891741E1,1.364694983E-1,-1.781286120E0,9.641449928E0,9.805567851E0
1.219091819E1,1.221042871E-1,-1.783680320E0,9.646238327E0,9.810521841E0
1.219291928E1,1.221042871E-1,-1.776497602E0,9.641449928E0,9.804509672E0
1.219491913E1,1.221042871E-1,-1.776497602E0,9.653421402E0,9.816282288E0
1.219691921E1,1.173158810E-1,-1.788468719E0,9.634267807E0,9.799566294E0
1.219891987E1,1.173158810E-1,-1.798045516E0,9.646238327E0,9.813085374E0
1.220092112E1,1.149216816E-1,-1.795651317E0,9.636661530E0,9.803204378E0
1.220292194E1,1.173158810E-1,-1.793257117E0,9.627084732E0,9.793380139E0
1.220492132E1,1.125274822E-1,-1.783680320E0,9.622296333E0,9.786866947E0
1.220692058E1,1.125274822E-1,-1.783680320E0,9.619902611E0,9.784513486E0
1.220892030E1,1.173158810E-1,-1.786074519E0,9.615114212E0,9.780298897E0
1.221091979E1,1.149216816E-1,-1.790862918E0,9.607931137E0,9.774085007E0
1.221291999E1,1.149216816E-1,-1.790862918E0,9.612719536E0,9.778792045E0
1.221491952E1,1.149216816E-1,-1.790862918E0,9.610325813E0,9.776438985E0
1.221691897E1,1.173158810E-1,-1.783680320E0,9.605537415E0,9.770446639E0
1.221891862E1,1.173158810E-1,-1.771709204E0,9.603142738E0,9.765913525E0
1.222091913E1,1.340752989E-1,-1.774103403E0,9.607931137E0,9.771272169E0
1.222292042E1,1.197100878E-1,-1.771709204E0,9.610325813E0,9.773005998E0
1.222492085E1,1.197100878E-1,-1.764526606E0,9.615114212E0,9.776415803E0
1.222692069E1,1.221042871E-1,-1.764526606E0,9.603142738E0,9.764671733E0
1.222892100E1,1.221042871E-1,-1.766920805E0,9.600749016E0,9.762750650E0
1.223092163E1,1.221042871E-1,-1.752555609E0,9.605537415E0,9.764871205E0
1.223292140E1,1.292868853E-1,-1.742978811E0,9.607931137E0,9.765604486E0
1.223492159E1,1.173158810E-1,-1.745373011E0,9.615114212E0,9.772947932E0
1.223692261E1,1.221042871E-1,-1.750161409E0,9.619902611E0,9.778573549E0
1.223892397E1,1.268926859E-1,-1.754949808E0,9.615114212E0,9.774782447E0
1.224092413E1,1.244984865E-1,-1.752555609E0,9.610325813E0,9.769611726E0
1.224292522E1,1.173158810E-1,-1.742978811E0,9.619902611E0,9.777231939E0
1.224492710E1,1.149216816E-1,-1.742978811E0,9.615114212E0,9.772492182E0
1.224692796E1,1.125274822E-1,-1.742978811E0,9.627084732E0,9.784242332E0
1.224892800E1,1.101332754E-1,-1.742978811E0,9.624691010E0,9.781859818E0
1.225092905E1,1.197100878E-1,-1.740584612E0,9.617507935E0,9.774478204E0
1.225292972E1,1.221042871E-1,-1.738190413E0,9.605537415E0,9.762303232E0
1.225493046E1,1.173158810E-1,-1.750161409E0,9.612719536E0,9.771448452E0
1.225693116E1,1.221042871E-1,-1.747767210E0,9.617507935E0,9.775789408E0
1.225893206E1,1.316810995E-1,-1.754949808E0,9.617507935E0,9.777200397E0
1.226093257E1,1.173158810E-1,-1.754949808E0,9.624691010E0,9.784083446E0
1.226293245E1,1.197100878E-1,-1.757344007E0,9.629479408E0,9.789252379E0
1.226493272E1,1.197100878E-1,-1.757344007E0,9.631873131E0,9.791607042E0
1.226693178E1,1.173158810E-1,-1.757344007E0,9.631873131E0,9.791578064E0
1.226893143E1,1.197100878E-1,-1.757344007E0,9.636661530E0,9.796317364E0
1.227093030E1,1.244984865E-1,-1.757344007E0,9.648633003E0,9.808153581E0
1.227292999E1,1.173158810E-1,-1.764526606E0,9.646238327E0,9.806999083E0
1.227492890E1,1.149216816E-1,-1.764526606E0,9.634267807E0,9.795196645E0
1.227692874E1,1.221042871E-1,-1.776497602E0,9.629479408E0,9.792738476E0
1.227892890E1,1.316810995E-1,-1.766920805E0,9.639056206E0,9.800548637E0
1.228092948E1,1.316810995E-1,-1.754949808E0,9.639056206E0,9.798397485E0
1.228292913E1,1.412578970E-1,-1.759738207E0,9.639056206E0,9.799389618E0
1.228492811E1,1.364694983E-1,-1.776497602E0,9.634267807E0,9.797636645E0
1.228692761E1,1.316810995E-1,-1.774103403E0,9.636661530E0,9.799491223E0
1.228892823E1,1.292868853E-1,-1.769315004E0,9.641449928E0,9.803302882E0
1.229092827E1,1.316810995E-1,-1.774103403E0,9.636661530E0,9.799491223E0
1.229292850E1,1.412578970E-1,-1.774103403E0,9.641449928E0,9.804333399E0
1.229492886E1,1.388636976E-1,-1.769315004E0,9.636661530E0,9.798724618E0
1.229692897E1,1.364694983E-1,-1.778891921E0,9.639056206E0,9.802779449E0
1.229892925E1,1.340752989E-1,-1.778891921E0,9.624691010E0,9.788621439E0
1.230092972E1,1.268926859E-1,-1.786074519E0,9.643844604E0,9.808664675E0
1.230293003E1,1.340752989E-1,-1.788468719E0,9.636661530E0,9.802134562E0
1.230493007E1,1.340752989E-1,-1.788468719E0,9.631873131E0,9.797427037E0
1.230692975E1,1.484405100E-1,-1.793257117E0,9.639056206E0,9.805570366E0
1.230892956E1,1.388636976E-1,-1.798045516E0,9.639056206E0,9.806306917E0
1.231093026E1,1.364694983E-1,-1.793257117E0,9.634267807E0,9.800689322E0
1.231292987E1,1.364694983E-1,-1.800439715E0,9.634267807E0,9.802006084E0
1.231493003E1,1.340752989E-1,-1.800439715E0,9.631873131E0,9.799619348E0
1.231693081E1,1.316810995E-1,-1.798045516E0,9.646238327E0,9.813267624E0
1.231893100E1,1.388636976E-1,-1.798045516E0,9.646238327E0,9.813366633E0
1.232093077E1,1.364694983E-1,-1.798045516E0,9.639056206E0,9.806273305E0
1.232293159E1,1.412578970E-1,-1.805228114E0,9.619902611E0,9.788836937E0
1.232493225E1,1.460463107E-1,-1.800439715E0,9.629479408E0,9.797437745E0
1.232693339E1,1.460463107E-1,-1.805228114E0,9.631873131E0,9.800671307E0
1.232893370E1,1.436520964E-1,-1.798045516E0,9.641449928E0,9.808728782E0
1.233093479E1,1.460463107E-1,-1.802833915E0,9.639056206E0,9.807290359E0
1.233293530E1,1.388636976E-1,-1.798045516E0,9.648633003E0,9.815720536E0
1.233493581E1,1.364694983E-1,-1.802833915E0,9.648633003E0,9.816565228E0
1.233693640E1,1.388636976E-1,-1.812410712E0,9.636661530E0,9.806597838E0
1.233893612E1,1.388636976E-1,-1.802833915E0,9.634267807E0,9.802479759E0
1.234093569E1,1.316810995E-1,-1.805228114E0,9.634267807E0,9.802821259E0
1.234293554E1,1.436520964E-1,-1.810016513E0,9.641449928E0,9.810930253E0
1.234493495E1,1.436520964E-1,-1.805228114E0,9.643844604E0,9.812401501E0
1.234693558E1,1.484405100E-1,-1.805228114E0,9.631873131E0,9.800707277E0
1.234893554E1,1.484405100E-1,-1.810016513E0,9.612719536E0,9.782769099E0
1.235093538E1,1.484405100E-1,-1.810016513E0,9.610325813E0,9.780416995E0
1.235293596E1,1.436520964E-1,-1.819593310E0,9.615114212E0,9.786826710E0
1.235493683E1,1.508347094E-1,-1.817199111E0,9.617507935E0,9.788841739E0
1.235693725E1,1.508347094E-1,-1.817199111E0,9.629479408E0,9.800603930E0
1.235893843E1,1.508347094E-1,-1.814804912E0,9.622296333E0,9.793102404E0
1.236093890E1,1.484405100E-1,-1.812410712E0,9.619902611E0,9.790270344E0
1.236293987E1,1.532289088E-1,-1.812410712E0,9.622296333E0,9.792696177E0
1.236494104E1,1.532289088E-1,-1.810016513E0,9.612719536E0,9.782842928E0
1.236694292E1,1.580173075E-1,-1.810016513E0,9.612719536E0,9.782919100E0
1.236894542E1,1.484405100E-1,-1.807622313E0,9.607931137E0,9.777621068E0
1.237094675E1,1.388636976E-1,-1.814804912E0,9.607931137E0,9.778810803E0
1.237294725E1,1.412578970E-1,-1.814804912E0,9.615114212E0,9.785902716E0
1.237494847E1,1.508347094E-1,-1.805228114E0,9.610325813E0,9.779568594E0
1.237694870E1,1.340752989E-1,-1.795651317E0,9.607931137E0,9.775207444E0
1.237894886E1,1.340752989E-1,-1.800439715E0,9.624691010E0,9.792560257E0
1.238094979E1,1.316810995E-1,-1.798045516E0,9.615114212E0,9.782674936E0
1.238294944E1,1.340752989E-1,-1.795651317E0,9.612719536E0,9.779913942E0
1.238495007E1,1.364694983E-1,-1.790862918E0,9.610325813E0,9.776716021E0
1.238695120E1,1.364694983E-1,-1.798045516E0,9.612719536E0,9.780386929E0
1.238895249E1,1.532289088E-1,-1.800439715E0,9.629479408E0,9.797547445E0
1.239095366E1,1.412578970E-1,-1.800439715E0,9.641449928E0,9.809133177E0
1.239295554E1,1.340752989E-1,-1.793257117E0,9.631873131E0,9.798302265E0
1.239495608E1,1.436520964E-1,-1.783680320E0,9.629479408E0,9.794336378E0
1.239695737E1,1.364694983E-1,-1.793257117E0,9.622296333E0,9.788921378E0
1.239895886E1,1.364694983E-1,-1.793257117E0,9.624691010E0,9.791275302E0
1.240095987E1,1.412578970E-1,-1.788468719E0,9.627084732E0,9.792820563E0
1.240296077E1,1.340752989E-1,-1.786074519E0,9.610325813E0,9.775806903E0
1.240496229E1,1.388636976E-1,-1.781286120E0,9.624691010E0,9.789123577E0
1.240696331E1,1.364694983E-1,-1.781286120E0,9.627084732E0,9.791443438E0
1.240896515E1,1.436520964E-1,-1.781286120E0,9.619902611E0,9.784484780E0
1.241096620E1,1.460463107E-1,-1.771709204E0,9.629479408E0,9.792198767E0
1.241296694E1,1.412578970E-1,-1.769315004E0,9.610325813E0,9.772859951E0
1.241496725E1,1.436520964E-1,-1.769315004E0,9.612719536E0,9.775248763E0
1.241696737E1,1.436520964E-1,-1.766920805E0,9.622296333E0,9.784233837E0
1.241896698E1,1.388636976E-1,-1.771709204E0,9.622296333E0,9.785030575E0
1.242096612E1,1.460463107E-1,-1.776497602E0,9.619902611E0,9.783649600E0
1.242296608E1,1.412578970E-1,-1.762132406E0,9.629479408E0,9.790400303E0
1.242496596E1,1.460463107E-1,-1.771709204E0,9.641449928E0,9.803970611E0
1.242696577E1,1.412578970E-1,-1.774103403E0,9.631873131E0,9.794915859E0
1.242896440E1,1.412578970E-1,-1.781286120E0,9.629479408E0,9.793865821E0
1.243096319E1,1.436520964E-1,-1.781286120E0,9.629479408E0,9.793900645E0
1.243296323E1,1.436520964E-1,-1.786074519E0,9.624691010E0,9.790065124E0
1.243496257E1,1.388636976E-1,-1.778891921E0,9.631873131E0,9.795750079E0
1.243696276E1,1.388636976E-1,-1.781286120E0,9.629479408E0,9.793831581E0
1.243896225E1,1.460463107E-1,-1.778891921E0,9.631873131E0,9.795854531E0
1.244096132E1,1.460463107E-1,-1.781286120E0,9.631873131E0,9.796289592E0
1.244296100E1,1.436520964E-1,-1.783680320E0,9.627084732E0,9.791982018E0
1.244496112E1,1.532289088E-1,-1.783680320E0,9.617507935E0,9.782711968E0
1.244696108E1,1.556231081E-1,-1.781286120E0,9.622296333E0,9.787021279E0
1.244896151E1,1.412578970E-1,-1.778891921E0,9.631873131E0,9.795784311E0
1.245096237E1,1.484405100E-1,-1.776497602E0,9.619902611E0,9.783685633E0
1.245296315E1,1.508347094E-1,-1.776497602E0,9.634267807E0,9.797847264E0
1.245496421E1,1.532289088E-1,-1.774103403E0,9.634267807E0,9.797450595E0
1.245696511E1,1.484405100E-1,-1.774103403E0,9.617507935E0,9.780896500E0
1.245896569E1,1.508347094E-1,-1.771709204E0,9.619902611E0,9.782853922E0
1.246096550E1,1.484405100E-1,-1.771709204E0,9.624691010E0,9.787525996E0
1.246296558E1,1.484405100E-1,-1.771709204E0,9.622296333E0,9.785171169E0
1.246496456E1,1.556231081E-1,-1.766920805E0,9.639056206E0,9.800899562E0
1.246696452E1,1.532289088E-1,-1.762132406E0,9.639056206E0,9.799999707E0
1.246896421E1,1.436520964E-1,-1.759738207E0,9.619902611E0,9.780584887E0
1.247096370E1,1.436520964E-1,-1.757344007E0,9.619902611E0,9.780154402E0
1.247296386E1,1.364694983E-1,-1.747767210E0,9.636661530E0,9.794823101E0
1.247496358E1,1.364694983E-1,-1.747767210E0,9.629479408E0,9.787757037E0
1.247696475E1,1.364694983E-1,-1.747767210E0,9.627084732E0,9.785401095E0
1.247896448E1,1.436520964E-1,-1.754949808E0,9.622296333E0,9.782079098E0
1.248096448E1,1.412578970E-1,-1.762132406E0,9.627084732E0,9.788044996E0
1.248296475E1,1.340752989E-1,-1.757344007E0,9.627084732E0,9.787083048E0
1.248496468E1,1.340752989E-1,-1.757344007E0,9.629479408E0,9.789438586E0
1.248696401E1,1.364694983E-1,-1.752555609E0,9.631873131E0,9.790968037E0
1.248896390E1,1.340752989E-1,-1.764526606E0,9.627084732E0,9.788375287E0
1.249096432E1,1.364694983E-1,-1.759738207E0,9.619902611E0,9.780482029E0
1.249296491E1,1.316810995E-1,-1.757344007E0,9.615114212E0,9.775275913E0
1.249496612E1,1.340752989E-1,-1.766920805E0,9.619902611E0,9.781743789E0
1.249696804E1,1.268926859E-1,-1.759738207E0,9.629479408E0,9.789772928E0
1.249896831E1,1.244984865E-1,-1.762132406E0,9.627084732E0,9.787817475E0
1.250096983E1,1.244984865E-1,-1.757344007E0,9.629479408E0,9.789312106E0
1.250297108E1,1.244984865E-1,-1.757344007E0,9.627084732E0,9.786956538E0
1.250497331E1,1.173158810E-1,-1.762132406E0,9.615114212E0,9.775954938E0
1.250697433E1,1.244984865E-1,-1.766920805E0,9.627084732E0,9.788680679E0
1.250897526E1,1.244984865E-1,-1.769315004E0,9.627084732E0,9.789113131E0
1.251097780E1,1.197100878E-1,-1.766920805E0,9.622296333E0,9.783911608E0
1.251297948E1,1.268926859E-1,-1.771709204E0,9.619902611E0,9.782514068E0
1.251498128E1,1.221042871E-1,-1.776497602E0,9.631873131E0,9.795092302E0
1.251698354E1,1.221042871E-1,-1.778891921E0,9.617507935E0,9.781401985E0
1.251898472E1,1.316810995E-1,-1.769315004E0,9.610325813E0,9.772726218E0
1.252098515E1,1.364694983E-1,-1.771709204E0,9.615114212E0,9.777934278E0
1.252298534E1,1.316810995E-1,-1.764526606E0,9.627084732E0,9.788342786E0
1.252498671E1,1.268926859E-1,-1.766920805E0,9.631873131E0,9.793420796E0
1.252698683E1,1.340752989E-1,-1.766920805E0,9.631873131E0,9.793516494E0
1.252898757E1,1.268926859E-1,-1.762132406E0,9.639056206E0,9.799623304E0
1.253098928E1,1.316810995E-1,-1.762132406E0,9.629479408E0,9.790266810E0
1.253298995E1,1.364694983E-1,-1.766920805E0,9.636661530E0,9.798258952E0
1.253499140E1,1.316810995E-1,-1.766920805E0,9.641449928E0,9.802902925E0
1.253699140E1,1.316810995E-1,-1.764526606E0,9.643844604E0,9.804827016E0
1.253899229E1,1.364694983E-1,-1.759738207E0,9.627084732E0,9.787546318E0
1.254099229E1,1.364694983E-1,-1.759738207E0,9.622296333E0,9.782836460E0
1.254299206E1,1.340752989E-1,-1.762132406E0,9.639056206E0,9.799718942E0
1.254499163E1,1.460463107E-1,-1.762132406E0,9.648633003E0,9.809309811E0
1.254699128E1,1.364694983E-1,-1.764526606E0,9.641449928E0,9.802537161E0
1.254899253E1,1.292868853E-1,-1.764526606E0,9.641449928E0,9.802439796E0
1.255099296E1,1.268926859E-1,-1.764526606E0,9.627084732E0,9.788279539E0
1.255299335E1,1.268926859E-1,-1.764526606E0,9.624691010E0,9.785925246E0
1.255499436E1,1.221042871E-1,-1.762132406E0,9.639056206E0,9.799562470E0
1.255699472E1,1.221042871E-1,-1.764526606E0,9.636661530E0,9.797637931E0
1.255899565E1,1.221042871E-1,-1.769315004E0,9.641449928E0,9.803210788E0
1.256099632E1,1.292868853E-1,-1.769315004E0,9.624691010E0,9.786821124E0
1.256299624E1,1.340752989E-1,-1.774103403E0,9.612719536E0,9.775980562E0
1.256499542E1,1.340752989E-1,-1.781286120E0,9.631873131E0,9.796118437E0
1.256699483E1,1.292868853E-1,-1.769315004E0,9.631873131E0,9.793884352E0
1.256899468E1,1.268926859E-1,-1.771709204E0,9.636661530E0,9.798994882E0
1.257099405E1,1.292868853E-1,-1.783680320E0,9.639056206E0,9.803552168E0
1.257299265E1,1.292868853E-1,-1.788468719E0,9.641449928E0,9.806777869E0
1.257499241E1,1.292868853E-1,-1.786074519E0,9.636661530E0,9.801633676E0
1.257699264E1,1.316810995E-1,-1.778891921E0,9.631873131E0,9.795650891E0
1.257899167E1,1.340752989E-1,-1.786074519E0,9.624691010E0,9.789929285E0
1.258099229E1,1.292868853E-1,-1.783680320E0,9.631873131E0,9.796489708E0
1.258299272E1,1.268926859E-1,-1.786074519E0,9.629479408E0,9.794541215E0
1.258499276E1,1.340752989E-1,-1.790862918E0,9.629479408E0,9.795511209E0
1.258699284E1,1.221042871E-1,-1.790862918E0,9.622296333E0,9.788293323E0
1.258899261E1,1.221042871E-1,-1.793257117E0,9.617507935E0,9.784024704E0
1.259099335E1,1.292868853E-1,-1.793257117E0,9.619902611E0,9.786470887E0
1.259299335E1,1.221042871E-1,-1.793257117E0,9.622296333E0,9.788731648E0
1.259499300E1,1.340752989E-1,-1.793257117E0,9.636661530E0,9.803009370E0
1.259699249E1,1.340752989E-1,-1.786074519E0,9.636661530E0,9.801698006E0
1.259899245E1,1.244984865E-1,-1.793257117E0,9.629479408E0,9.795822816E0
1.260099202E1,1.316810995E-1,-1.793257117E0,9.624691010E0,9.791209733E0
1.260299132E1,1.340752989E-1,-1.783680320E0,9.612719536E0,9.777723076E0
1.260499038E1,1.316810995E-1,-1.786074519E0,9.619902611E0,9.785189234E0
1.260698925E1,1.292868853E-1,-1.783680320E0,9.619902611E0,9.784720580E0
1.260898874E1,1.221042871E-1,-1.781286120E0,9.622296333E0,9.786545684E0
1.261098901E1,1.268926859E-1,-1.781286120E0,9.627084732E0,9.791314643E0
1.261298905E1,1.244984865E-1,-1.783680320E0,9.622296333E0,9.787011908E0
1.261498890E1,1.292868853E-1,-1.788468719E0,9.615114212E0,9.780887320E0
1.261698921E1,1.292868853E-1,-1.776497602E0,9.629479408E0,9.792830669E0
1.261898925E1,1.316810995E-1,-1.781286120E0,9.636661530E0,9.800794131E0
1.262098866E1,1.292868853E-1,-1.786074519E0,9.619902611E0,9.785157307E0
1.262298897E1,1.292868853E-1,-1.786074519E0,9.627084732E0,9.792218223E0
1.262498940E1,1.292868853E-1,-1.778891921E0,9.612719536E0,9.776786202E0
1.262699022E1,1.364694983E-1,-1.781286120E0,9.615114212E0,9.779674099E0
1.262899163E1,1.340752989E-1,-1.776497602E0,9.627084732E0,9.790540351E0
1.263099233E1,1.340752989E-1,-1.786074519E0,9.624691010E0,9.789929285E0
1.263299257E1,1.364694983E-1,-1.793257117E0,9.619902611E0,9.786568411E0
1.263499202E1,1.340752989E-1,-1.793257117E0,9.629479408E0,9.795949211E0
1.263699124E1,1.244984865E-1,-1.786074519E0,9.631873131E0,9.796863889E0
1.263899022E1,1.316810995E-1,-1.788468719E0,9.627084732E0,9.792687104E0
1.264098897E1,1.292868853E-1,-1.788468719E0,9.631873131E0,9.797362679E0
1.264298788E1,1.316810995E-1,-1.783680320E0,9.636661530E0,9.801229557E0
1.264498745E1,1.244984865E-1,-1.781286120E0,9.624691010E0,9.788930337E0
1.264698577E1,1.316810995E-1,-1.776497602E0,9.629479408E0,9.792862570E0
1.264898495E1,1.340752989E-1,-1.781286120E0,9.624691010E0,9.789056822E0
1.265098472E1,1.340752989E-1,-1.781286120E0,9.631873131E0,9.796118437E0
1.265298397E1,1.316810995E-1,-1.783680320E0,9.622296333E0,9.787105911E0
1.265498319E1,1.316810995E-1,-1.788468719E0,9.624691010E0,9.790333871E0
1.265698214E1,1.316810995E-1,-1.790862918E0,9.617507935E0,9.783710379E0
1.265898237E1,1.412578970E-1,-1.786074519E0,9.627084732E0,9.792383592E0
1.266098300E1,1.412578970E-1,-1.788468719E0,9.639056206E0,9.804589675E0
1.266298339E1,1.364694983E-1,-1.790862918E0,9.631873131E0,9.797897424E0
1.266498393E1,1.388636976E-1,-1.788468719E0,9.634267807E0,9.799847941E0
1.266698421E1,1.412578970E-1,-1.795651317E0,9.634267807E0,9.801195520E0
1.266898479E1,1.388636976E-1,-1.800439715E0,9.619902611E0,9.787920746E0
1.267098479E1,1.412578970E-1,-1.783680320E0,9.622296333E0,9.787239448E0
1.267298526E1,1.412578970E-1,-1.783680320E0,9.629479408E0,9.794301555E0
1.267498589E1,1.412578970E-1,-1.795651317E0,9.636661530E0,9.803548484E0
1.267698694E1,1.532289088E-1,-1.786074519E0,9.617507935E0,9.783148785E0
1.267898862E1,1.580173075E-1,-1.781286120E0,9.631873131E0,9.796475372E0
1.268099022E1,1.580173075E-1,-1.778891921E0,9.627084732E0,9.791332206E0
1.268299104E1,1.484405100E-1,-1.783680320E0,9.627084732E0,9.792053437E0
1.268499132E1,1.580173075E-1,-1.788468719E0,9.634267807E0,9.800138060E0
1.268699175E1,1.556231081E-1,-1.788468719E0,9.629479408E0,9.795392416E0
1.268899190E1,1.556231081E-1,-1.786074519E0,9.629479408E0,9.794955560E0
1.269099143E1,1.532289088E-1,-1.790862918E0,9.627084732E0,9.793438085E0
1.269299089E1,1.532289088E-1,-1.788468719E0,9.624691010E0,9.790647399E0
1.269499175E1,1.508347094E-1,-1.790862918E0,9.629479408E0,9.795754936E0
1.269699311E1,1.556231081E-1,-1.790862918E0,9.643844604E0,9.809951442E0
1.269899366E1,1.532289088E-1,-1.790862918E0,9.648633003E0,9.814621130E0
1.270099456E1,1.651999205E-1,-1.783680320E0,9.651026726E0,9.815860806E0
1.270299468E1,1.556231081E-1,-1.781286120E0,9.627084732E0,9.791729124E0
1.270499440E1,1.556231081E-1,-1.774103403E0,9.627084732E0,9.790425010E0
1.270699413E1,1.556231081E-1,-1.776497602E0,9.629479408E0,9.793213771E0
1.270899464E1,1.556231081E-1,-1.774103403E0,9.634267807E0,9.797488332E0
1.271099577E1,1.532289088E-1,-1.781286120E0,9.634267807E0,9.798753774E0
1.271299675E1,1.556231081E-1,-1.783680320E0,9.629479408E0,9.794519269E0
1.271499733E1,1.508347094E-1,-1.778891921E0,9.627084732E0,9.791218924E0
1.271699808E1,1.460463107E-1,-1.781286120E0,9.629479408E0,9.793936055E0
1.271899819E1,1.532289088E-1,-1.781286120E0,9.627084732E0,9.791691365E0
1.272099854E1,1.556231081E-1,-1.783680320E0,9.619902611E0,9.785103999E0
1.272299694E1,1.604115069E-1,-1.788468719E0,9.627084732E0,9.793115574E0
1.272499667E1,1.651999205E-1,-1.783680320E0,9.627084732E0,9.792321836E0
1.272699593E1,1.532289088E-1,-1.790862918E0,9.624691010E0,9.791085033E0
1.272899546E1,1.508347094E-1,-1.786074519E0,9.615114212E0,9.780758386E0
1.273099468E1,1.484405100E-1,-1.786074519E0,9.617507935E0,9.783074959E0
1.273299436E1,1.460463107E-1,-1.788468719E0,9.624691010E0,9.790537621E0
1.273499382E1,1.460463107E-1,-1.778891921E0,9.615114212E0,9.779376632E0
1.273699257E1,1.556231081E-1,-1.786074519E0,9.619902611E0,9.785540710E0
1.273899183E1,1.484405100E-1,-1.790862918E0,9.629479408E0,9.795718363E0
1.274099147E1,1.484405100E-1,-1.788468719E0,9.627084732E0,9.792926804E0
1.274299143E1,1.460463107E-1,-1.786074519E0,9.619902611E0,9.785393091E0
1.274499100E1,1.460463107E-1,-1.786074519E0,9.617507935E0,9.783038924E0
1.274699124E1,1.484405100E-1,-1.786074519E0,9.627084732E0,9.792489837E0
1.274899112E1,1.580173075E-1,-1.788468719E0,9.619902611E0,9.786016353E0
1.275099100E1,1.436520964E-1,-1.778891921E0,9.639056206E0,9.802882073E0
1.275299046E1,1.460463107E-1,-1.776497602E0,9.639056206E0,9.802483246E0
1.275498979E1,1.340752989E-1,-1.776497602E0,9.639056206E0,9.802312199E0
1.275698995E1,1.412578970E-1,-1.786074519E0,9.643844604E0,9.808861032E0
1.275899065E1,1.436520964E-1,-1.786074519E0,9.646238327E0,9.811249257E0
1.276099124E1,1.436520964E-1,-1.781286120E0,9.641449928E0,9.805670446E0
1.276299069E1,1.412578970E-1,-1.783680320E0,9.634267807E0,9.799009412E0
1.276499065E1,1.292868853E-1,-1.786074519E0,9.619902611E0,9.785157307E0
1.276699030E1,1.292868853E-1,-1.788468719E0,9.627084732E0,9.792655201E0
1.276898991E1,1.364694983E-1,-1.793257117E0,9.636661530E0,9.803042408E0
1.277099104E1,1.412578970E-1,-1.783680320E0,9.634267807E0,9.799009412E0
1.277299167E1,1.412578970E-1,-1.790862918E0,9.639056206E0,9.805026686E0
1.277499186E1,1.364694983E-1,-1.781286120E0,9.636661530E0,9.800859636E0
1.277699280E1,1.340752989E-1,-1.776497602E0,9.641449928E0,9.804666065E0
1.277899276E1,1.364694983E-1,-1.783680320E0,9.641449928E0,9.806003066E0
1.278099288E1,1.436520964E-1,-1.783680320E0,9.636661530E0,9.801397698E0
1.278299245E1,1.460463107E-1,-1.788468719E0,9.619902611E0,9.785830375E0
1.278499210E1,1.412578970E-1,-1.783680320E0,9.627084732E0,9.791947187E0
1.278699190E1,1.412578970E-1,-1.778891921E0,9.629479408E0,9.793430652E0
1.278899175E1,1.460463107E-1,-1.776497602E0,9.624691010E0,9.788357895E0
1.279099136E1,1.436520964E-1,-1.783680320E0,9.615114212E0,9.780213327E0
1.279299179E1,1.460463107E-1,-1.783680320E0,9.622296333E0,9.787309729E0
1.279499257E1,1.388636976E-1,-1.776497602E0,9.641449928E0,9.804732713E0
1.279699448E1,1.340752989E-1,-1.786074519E0,9.627084732E0,9.792282615E0
1.279899569E1,1.340752989E-1,-1.781286120E0,9.627084732E0,9.791410361E0
1.280099643E1,1.460463107E-1,-1.786074519E0,9.627084732E0,9.792453837E0
1.280299729E1,1.484405100E-1,-1.778891921E0,9.631873131E0,9.795890519E0
1.280499796E1,1.460463107E-1,-1.771709204E0,9.622296333E0,9.785135142E0
1.280699819E1,1.388636976E-1,-1.774103403E0,9.622296333E0,9.785464360E0
1.280899952E1,1.340752989E-1,-1.771709204E0,9.619902611E0,9.782609873E0
1.281100046E1,1.268926859E-1,-1.766920805E0,9.624691010E0,9.786357234E0
1.281300042E1,1.292868853E-1,-1.774103403E0,9.627084732E0,9.790041799E0
1.281500014E1,1.388636976E-1,-1.776497602E0,9.624691010E0,9.788253362E0
1.281700050E1,1.340752989E-1,-1.778891921E0,9.627084732E0,9.790975084E0
1.281900050E1,1.388636976E-1,-1.774103403E0,9.643844604E0,9.806654107E0
1.282100046E1,1.364694983E-1,-1.776497602E0,9.646238327E0,9.809407807E0
1.282300038E1,1.340752989E-1,-1.771709204E0,9.639056206E0,9.801445517E0
1.282500143E1,1.412578970E-1,-1.769315004E0,9.636661530E0,9.798758840E0
1.282700124E1,1.412578970E-1,-1.783680320E0,9.631873131E0,9.796655005E0
1.282900151E1,1.316810995E-1,-1.778891921E0,9.639056206E0,9.802713957E0
1.283100214E1,1.292868853E-1,-1.762132406E0,9.627084732E0,9.787879554E0
1.283300268E1,1.316810995E-1,-1.769315004E0,9.619902611E0,9.782144026E0
1.283500308E1,1.364694983E-1,-1.781286120E0,9.629479408E0,9.793797927E0
1.283700362E1,1.268926859E-1,-1.766920805E0,9.629479408E0,9.791066569E0
1.283900335E1,1.268926859E-1,-1.764526606E0,9.622296333E0,9.783570035E0
1.284100401E1,1.292868853E-1,-1.762132406E0,9.627084732E0,9.787879554E0
1.284300440E1,1.316810995E-1,-1.762132406E0,9.631873131E0,9.792621229E0
1.284500573E1,1.292868853E-1,-1.762132406E0,9.631873131E0,9.792589327E0
1.284700706E1,1.364694983E-1,-1.757344007E0,9.624691010E0,9.784761567E0
1.284900757E1,1.340752989E-1,-1.754949808E0,9.641449928E0,9.800784751E0
1.285100893E1,1.340752989E-1,-1.764526606E0,9.634267807E0,9.795440087E0
1.285301022E1,1.340752989E-1,-1.771709204E0,9.627084732E0,9.789672626E0
1.285501124E1,1.268926859E-1,-1.764526606E0,9.643844604E0,9.804763875E0
1.285701202E1,1.292868853E-1,-1.769315004E0,9.636661530E0,9.798593579E0
1.285901280E1,1.340752989E-1,-1.778891921E0,9.629479408E0,9.793329685E0
1.286101347E1,1.364694983E-1,-1.766920805E0,9.627084732E0,9.788840253E0
1.286301444E1,1.388636976E-1,-1.766920805E0,9.619902611E0,9.781810594E0
1.286501573E1,1.412578970E-1,-1.764526606E0,9.631873131E0,9.793185791E0
1.286701710E1,1.388636976E-1,-1.762132406E0,9.639056206E0,9.799785624E0
1.286901815E1,1.268926859E-1,-1.757344007E0,9.634267807E0,9.794053088E0
1.287101968E1,1.268926859E-1,-1.774103403E0,9.619902611E0,9.782947965E0
1.287302046E1,1.292868853E-1,-1.771709204E0,9.619902611E0,9.782545417E0
1.287502132E1,1.316810995E-1,-1.764526606E0,9.636661530E0,9.797761963E0
1.287702171E1,1.316810995E-1,-1.764526606E0,9.641449928E0,9.802471667E0
1.287902315E1,1.244984865E-1,-1.774103403E0,9.634267807E0,9.797043377E0
1.288102339E1,1.268926859E-1,-1.776497602E0,9.641449928E0,9.804570475E0
1.288302374E1,1.292868853E-1,-1.774103403E0,9.639056206E0,9.801814246E0
1.288502390E1,1.412578970E-1,-1.774103403E0,9.627084732E0,9.790207205E0
1.288702405E1,1.388636976E-1,-1.778891921E0,9.629479408E0,9.793396411E0
1.288902507E1,1.388636976E-1,-1.776497602E0,9.619902611E0,9.783545017E0
1.289102483E1,1.292868853E-1,-1.771709204E0,9.627084732E0,9.789608217E0
1.289302386E1,1.292868853E-1,-1.774103403E0,9.643844604E0,9.806523173E0
1.289502374E1,1.316810995E-1,-1.778891921E0,9.646238327E0,9.809776258E0
1.289702362E1,1.340752989E-1,-1.771709204E0,9.651026726E0,9.813217951E0
1.289902237E1,1.364694983E-1,-1.774103403E0,9.643844604E0,9.806620497E0
1.290102218E1,1.316810995E-1,-1.771709204E0,9.646238327E0,9.808476297E0
1.290302225E1,1.316810995E-1,-1.774103403E0,9.639056206E0,9.801846119E0
1.290502225E1,1.316810995E-1,-1.781286120E0,9.629479408E0,9.793732375E0
1.290702245E1,1.364694983E-1,-1.774103403E0,9.629479408E0,9.792494089E0
1.290902327E1,1.268926859E-1,-1.776497602E0,9.627084732E0,9.790444623E0
1.291102436E1,1.268926859E-1,-1.776497602E0,9.619902611E0,9.783382428E0
1.291302440E1,1.316810995E-1,-1.774103403E0,9.624691010E0,9.787719848E0
1.291502444E1,1.316810995E-1,-1.778891921E0,9.617507935E0,9.781526223E0
1.291702507E1,1.268926859E-1,-1.778891921E0,9.619902611E0,9.783817479E0
1.291902526E1,1.316810995E-1,-1.778891921E0,9.622296333E0,9.786234368E0
1.292102608E1,1.340752989E-1,-1.778891921E0,9.619902611E0,9.783913271E0
1.292302729E1,1.364694983E-1,-1.776497602E0,9.629479408E0,9.792928128E0
1.292502800E1,1.268926859E-1,-1.781286120E0,9.627084732E0,9.791314643E0
1.292702745E1,1.268926859E-1,-1.788468719E0,9.622296333E0,9.787916471E0
1.292902753E1,1.292868853E-1,-1.786074519E0,9.622296333E0,9.787510614E0
1.293102788E1,1.221042871E-1,-1.783680320E0,9.624691010E0,9.789336135E0
1.293302843E1,1.221042871E-1,-1.786074519E0,9.622296333E0,9.787418371E0
1.293502839E1,1.244984865E-1,-1.788468719E0,9.617507935E0,9.783178374E0
1.293702854E1,1.412578970E-1,-1.786074519E0,9.617507935E0,9.782968611E0
1.293902874E1,1.436520964E-1,-1.781286120E0,9.619902611E0,9.784484780E0
1.294102975E1,1.364694983E-1,-1.795651317E0,9.610325813E0,9.777594275E0
1.294303065E1,1.340752989E-1,-1.800439715E0,9.622296333E0,9.790206641E0
1.294503054E1,1.388636976E-1,-1.793257117E0,9.619902611E0,9.786602089E0
1.294703171E1,1.412578970E-1,-1.783680320E0,9.631873131E0,9.796655005E0
1.294903257E1,1.316810995E-1,-1.788468719E0,9.627084732E0,9.792687104E0
1.295103304E1,1.292868853E-1,-1.793257117E0,9.629479408E0,9.795884843E0
1.295303382E1,1.364694983E-1,-1.786074519E0,9.636661530E0,9.801731048E0
1.295503428E1,1.364694983E-1,-1.778891921E0,9.622296333E0,9.786299971E0
1.295703390E1,1.364694983E-1,-1.778891921E0,9.631873131E0,9.795716431E0
1.295903409E1,1.484405100E-1,-1.786074519E0,9.622296333E0,9.787782359E0
1.296103382E1,1.364694983E-1,-1.778891921E0,9.617507935E0,9.781591857E0
1.296303421E1,1.388636976E-1,-1.781286120E0,9.624691010E0,9.789123577E0
1.296503479E1,1.436520964E-1,-1.783680320E0,9.627084732E0,9.791982018E0
1.296703483E1,1.412578970E-1,-1.783680320E0,9.624691010E0,9.789593776E0
1.296903515E1,1.316810995E-1,-1.783680320E0,9.627084732E0,9.791813715E0
1.297103514E1,1.412578970E-1,-1.776497602E0,9.627084732E0,9.790641346E0
1.297303472E1,1.412578970E-1,-1.781286120E0,9.631873131E0,9.796219375E0
1.297503433E1,1.436520964E-1,-1.793257117E0,9.619902611E0,9.786671204E0
1.297703487E1,1.460463107E-1,-1.793257117E0,9.607931137E0,9.774939455E0
1.297903456E1,1.436520964E-1,-1.790862918E0,9.627084732E0,9.793292927E0
1.298103452E1,1.484405100E-1,-1.793257117E0,9.639056206E0,9.805570366E0
1.298303460E1,1.460463107E-1,-1.790862918E0,9.648633003E0,9.814511620E0
1.298503507E1,1.412578970E-1,-1.788468719E0,9.639056206E0,9.804589675E0
1.298703518E1,1.412578970E-1,-1.793257117E0,9.636661530E0,9.803110237E0
1.298903581E1,1.388636976E-1,-1.798045516E0,9.643844604E0,9.811013687E0
1.299103577E1,1.436520964E-1,-1.798045516E0,9.648633003E0,9.815789445E0
1.299303675E1,1.412578970E-1,-1.793257117E0,9.660603523E0,9.826646697E0
1.299503749E1,1.340752989E-1,-1.790862918E0,9.648633003E0,9.814340783E0
1.299703776E1,1.268926859E-1,-1.790862918E0,9.653421402E0,9.818952923E0
1.299903854E1,1.244984865E-1,-1.790862918E0,9.660603523E0,9.825983426E0
1.300103972E1,1.340752989E-1,-1.793257117E0,9.655815125E0,9.821838575E0
1.300304042E1,1.388636976E-1,-1.795651317E0,9.648633003E0,9.815282248E0
1.300504085E1,1.364694983E-1,-1.800439715E0,9.634267807E0,9.802006084E0
1.300704132E1,1.364694983E-1,-1.810016513E0,9.641449928E0,9.810827713E0
1.300904214E1,1.364694983E-1,-1.812410712E0,9.648633003E0,9.818328541E0
1.301104257E1,1.412578970E-1,-1.812410712E0,9.648633003E0,9.818396265E0
1.301304327E1,1.364694983E-1,-1.807622313E0,9.643844604E0,9.812739735E0
1.301504428E1,1.388636976E-1,-1.810016513E0,9.643844604E0,9.813214644E0
1.301704511E1,1.412578970E-1,-1.810016513E0,9.648633003E0,9.817954594E0
1.301904628E1,1.436520964E-1,-1.810016513E0,9.643844604E0,9.813283572E0
1.302104874E1,1.484405100E-1,-1.807622313E0,9.648633003E0,9.817619459E0
1.302305100E1,1.436520964E-1,-1.807622313E0,9.641449928E0,9.810488829E0
1.302505210E1,1.340752989E-1,-1.800439715E0,9.627084732E0,9.794912955E0
1.302705386E1,1.412578970E-1,-1.800439715E0,9.636661530E0,9.804426674E0
1.302905546E1,1.412578970E-1,-1.800439715E0,9.641449928E0,9.809133177E0
1.303105538E1,1.388636976E-1,-1.802833915E0,9.639056206E0,9.807186028E0
1.303305589E1,1.412578970E-1,-1.793257117E0,9.641449928E0,9.807817372E0
1.303505686E1,1.436520964E-1,-1.786074519E0,9.619902611E0,9.785357651E0
1.303705909E1,1.436520964E-1,-1.786074519E0,9.612719536E0,9.778296119E0
1.303906038E1,1.532289088E-1,-1.786074519E0,9.622296333E0,9.787856150E0
1.304106190E1,1.604115069E-1,-1.774103403E0,9.607931137E0,9.771669022E0
1.304306261E1,1.556231081E-1,-1.766920805E0,9.612719536E0,9.774998954E0
1.304506225E1,1.508347094E-1,-1.764526606E0,9.612719536E0,9.774491400E0
1.304706280E1,1.460463107E-1,-1.762132406E0,9.615114212E0,9.776341926E0
1.304906428E1,1.436520964E-1,-1.757344007E0,9.610325813E0,9.770734677E0
1.305106409E1,1.460463107E-1,-1.757344007E0,9.610325813E0,9.770770170E0
1.305306350E1,1.436520964E-1,-1.757344007E0,9.612719536E0,9.773089110E0
1.305506347E1,1.412578970E-1,-1.752555609E0,9.607931137E0,9.767484102E0
1.305706429E1,1.508347094E-1,-1.747767210E0,9.600749016E0,9.759704042E0
1.305906542E1,1.460463107E-1,-1.747767210E0,9.600749016E0,9.759631213E0
1.306106589E1,1.388636976E-1,-1.735796213E0,9.605537415E0,9.762101241E0
1.306306659E1,1.221042871E-1,-1.740584612E0,9.607931137E0,9.765084996E0
1.306506686E1,1.173158810E-1,-1.745373011E0,9.603142738E0,9.761170033E0
1.306706725E1,1.268926859E-1,-1.752555609E0,9.610325813E0,9.769642529E0
1.306906718E1,1.316810995E-1,-1.757344007E0,9.622296333E0,9.782340446E0
1.307106647E1,1.244984865E-1,-1.757344007E0,9.607931137E0,9.768116429E0
1.307306678E1,1.221042871E-1,-1.762132406E0,9.619902611E0,9.780723200E0
1.307506706E1,1.221042871E-1,-1.766920805E0,9.627084732E0,9.788650521E0
1.307706741E1,1.244984865E-1,-1.769315004E0,9.624691010E0,9.786759039E0
1.307906753E1,1.197100878E-1,-1.764526606E0,9.627084732E0,9.788189061E0
1.308106780E1,1.197100878E-1,-1.769315004E0,9.627084732E0,9.789053403E0
1.308306706E1,1.173158810E-1,-1.778891921E0,9.622296333E0,9.786051615E0
1.308506655E1,1.292868853E-1,-1.769315004E0,9.612719536E0,9.775048213E0
1.308706585E1,1.244984865E-1,-1.769315004E0,9.619902611E0,9.782049974E0
1.308906550E1,1.221042871E-1,-1.774103403E0,9.636661530E0,9.799367213E0
1.309106468E1,1.221042871E-1,-1.778891921E0,9.622296333E0,9.786110190E0
1.309306397E1,1.268926859E-1,-1.778891921E0,9.612719536E0,9.776754835E0
1.309506499E1,1.244984865E-1,-1.771709204E0,9.622296333E0,9.784837255E0
1.309706468E1,1.268926859E-1,-1.778891921E0,9.636661530E0,9.800296100E0
1.309906456E1,1.268926859E-1,-1.776497602E0,9.641449928E0,9.804570475E0
1.310106405E1,1.268926859E-1,-1.776497602E0,9.634267807E0,9.797507931E0
1.310306397E1,1.388636976E-1,-1.771709204E0,9.636661530E0,9.799157212E0
1.310506413E1,1.316810995E-1,-1.774103403E0,9.636661530E0,9.799491223E0
1.310706421E1,1.340752989E-1,-1.769315004E0,9.641449928E0,9.803367202E0
1.310906456E1,1.364694983E-1,-1.769315004E0,9.646238327E0,9.808109572E0
1.311106550E1,1.436520964E-1,-1.769315004E0,9.643844604E0,9.805857957E0
1.311306600E1,1.388636976E-1,-1.769315004E0,9.651026726E0,9.812852571E0
1.311506612E1,1.484405100E-1,-1.774103403E0,9.641449928E0,9.804439514E0
1.311706565E1,1.508347094E-1,-1.778891921E0,9.646238327E0,9.810052061E0
1.311906554E1,1.460463107E-1,-1.781286120E0,9.648633003E0,9.812768651E0
1.312106542E1,1.388636976E-1,-1.776497602E0,9.634267807E0,9.797670286E0
1.312306577E1,1.388636976E-1,-1.774103403E0,9.651026726E0,9.813717077E0
1.312506659E1,1.388636976E-1,-1.774103403E0,9.651026726E0,9.813717077E0
1.312706655E1,1.436520964E-1,-1.778891921E0,9.641449928E0,9.805235801E0
1.312906772E1,1.484405100E-1,-1.776497602E0,9.634267807E0,9.797810699E0
1.313106870E1,1.508347094E-1,-1.776497602E0,9.634267807E0,9.797847264E0
1.313306878E1,1.460463107E-1,-1.778891921E0,9.634267807E0,9.798209131E0
1.313506811E1,1.460463107E-1,-1.786074519E0,9.639056206E0,9.804223388E0
1.313706706E1,1.412578970E-1,-1.781286120E0,9.634267807E0,9.798573887E0
1.313906663E1,1.460463107E-1,-1.774103403E0,9.627084732E0,9.790277465E0
1.314106765E1,1.556231081E-1,-1.771709204E0,9.622296333E0,9.785282764E0
1.314306753E1,1.556231081E-1,-1.793257117E0,9.627084732E0,9.793913931E0
1.314506800E1,1.532289088E-1,-1.778891921E0,9.624691010E0,9.788902522E0
1.314706905E1,1.556231081E-1,-1.781286120E0,9.617507935E0,9.782313513E0
1.314906956E1,1.484405100E-1,-1.788468719E0,9.617507935E0,9.783512345E0
1.315106847E1,1.508347094E-1,-1.783680320E0,9.624691010E0,9.789736647E0
1.315306768E1,1.460463107E-1,-1.790862918E0,9.622296333E0,9.788621264E0
1.315506772E1,1.532289088E-1,-1.795651317E0,9.622296333E0,9.789608239E0
1.315706811E1,1.556231081E-1,-1.798045516E0,9.624691010E0,9.792439086E0
1.315906839E1,1.484405100E-1,-1.795651317E0,9.617507935E0,9.784827904E0
1.316107014E1,1.460463107E-1,-1.793257117E0,9.629479408E0,9.796120369E0
1.316307061E1,1.460463107E-1,-1.798045516E0,9.622296333E0,9.789937892E0
1.316507054E1,1.340752989E-1,-1.800439715E0,9.617507935E0,9.785500408E0
1.316707128E1,1.412578970E-1,-1.812410712E0,9.617507935E0,9.787811055E0
1.316907225E1,1.460463107E-1,-1.807622313E0,9.619902611E0,9.789349018E0
1.317107241E1,1.388636976E-1,-1.807622313E0,9.627084732E0,9.796302465E0
1.317307218E1,1.364694983E-1,-1.802833915E0,9.631873131E0,9.800092553E0
1.317507253E1,1.340752989E-1,-1.802833915E0,9.622296333E0,9.790647223E0
1.317707249E1,1.292868853E-1,-1.793257117E0,9.627084732E0,9.793530856E0
1.317907265E1,1.412578970E-1,-1.798045516E0,9.639056206E0,9.806341112E0
1.318107257E1,1.316810995E-1,-1.807622313E0,9.634267807E0,9.803262443E0
1.318307288E1,1.364694983E-1,-1.805228114E0,9.622296333E0,9.791121447E0
1.318507346E1,1.412578970E-1,-1.800439715E0,9.629479408E0,9.797367536E0
1.318707397E1,1.388636976E-1,-1.805228114E0,9.627084732E0,9.795860968E0
1.318907425E1,1.412578970E-1,-1.800439715E0,9.627084732E0,9.795013905E0
1.319107393E1,1.412578970E-1,-1.795651317E0,9.622296333E0,9.789428184E0
1.319307335E1,1.364694983E-1,-1.798045516E0,9.629479408E0,9.796859970E0
1.319507296E1,1.340752989E-1,-1.802833915E0,9.629479408E0,9.797706874E0
1.319707237E1,1.340752989E-1,-1.802833915E0,9.619902611E0,9.788294670E0
1.319907194E1,1.292868853E-1,-1.800439715E0,9.619902611E0,9.787789562E0
1.320107268E1,1.388636976E-1,-1.800439715E0,9.624691010E0,9.792626988E0
1.320307237E1,1.340752989E-1,-1.800439715E0,9.629479408E0,9.797266610E0
1.320507194E1,1.316810995E-1,-1.800439715E0,9.627084732E0,9.794880475E0
1.320707167E1,1.364694983E-1,-1.793257117E0,9.624691010E0,9.791275302E0
1.320907089E1,1.460463107E-1,-1.802833915E0,9.622296333E0,9.790818473E0
1.321107073E1,1.364694983E-1,-1.798045516E0,9.639056206E0,9.806273305E0
1.321306968E1,1.268926859E-1,-1.798045516E0,9.631873131E0,9.799084112E0
1.321506905E1,1.316810995E-1,-1.800439715E0,9.624691010E0,9.792527769E0
1.321706952E1,1.292868853E-1,-1.790862918E0,9.627084732E0,9.793092746E0
1.321906893E1,1.316810995E-1,-1.786074519E0,9.624691010E0,9.789896788E0
1.322106960E1,1.292868853E-1,-1.786074519E0,9.629479408E0,9.794572526E0
1.322307011E1,1.364694983E-1,-1.788468719E0,9.629479408E0,9.795106837E0
1.322507136E1,1.436520964E-1,-1.786074519E0,9.624691010E0,9.790065124E0
1.322707249E1,1.412578970E-1,-1.778891921E0,9.622296333E0,9.786367916E0
1.322907335E1,1.412578970E-1,-1.776497602E0,9.619902611E0,9.783579292E0
1.323107350E1,1.412578970E-1,-1.774103403E0,9.617507935E0,9.780790129E0
1.323307413E1,1.460463107E-1,-1.774103403E0,9.627084732E0,9.790277465E0
1.323507495E1,1.460463107E-1,-1.774103403E0,9.629479408E0,9.792632235E0
1.323707600E1,1.388636976E-1,-1.764526606E0,9.619902611E0,9.781378405E0
1.323907675E1,1.412578970E-1,-1.759738207E0,9.622296333E0,9.782904429E0
1.324107761E1,1.388636976E-1,-1.769315004E0,9.624691010E0,9.786952321E0
1.324307846E1,1.412578970E-1,-1.774103403E0,9.617507935E0,9.780790129E0
1.324507893E1,1.388636976E-1,-1.759738207E0,9.622296333E0,9.782870152E0
1.324708007E1,1.388636976E-1,-1.757344007E0,9.617507935E0,9.777729796E0
1.324908077E1,1.316810995E-1,-1.764526606E0,9.629479408E0,9.790698020E0
1.325108081E1,1.316810995E-1,-1.771709204E0,9.624691010E0,9.787286163E0
1.325308061E1,1.340752989E-1,-1.764526606E0,9.624691010E0,9.786021018E0
1.325508050E1,1.340752989E-1,-1.762132406E0,9.627084732E0,9.787943974E0
1.325708069E1,1.388636976E-1,-1.757344007E0,9.631873131E0,9.791859941E0
1.325908112E1,1.340752989E-1,-1.764526606E0,9.636661530E0,9.797794434E0
1.326108171E1,1.508347094E-1,-1.778891921E0,9.641449928E0,9.805343660E0
1.326308210E1,1.388636976E-1,-1.776497602E0,9.634267807E0,9.797670286E0
1.326508143E1,1.340752989E-1,-1.778891921E0,9.627084732E0,9.790975084E0
1.326708171E1,1.340752989E-1,-1.776497602E0,9.634267807E0,9.797603589E0
1.326908190E1,1.292868853E-1,-1.781286120E0,9.639056206E0,9.803116845E0
1.327108261E1,1.316810995E-1,-1.778891921E0,9.643844604E0,9.807422451E0
1.327308390E1,1.221042871E-1,-1.774103403E0,9.646238327E0,9.808785154E0
1.327508507E1,1.292868853E-1,-1.776497602E0,9.641449928E0,9.804601754E0
1.327708663E1,1.268926859E-1,-1.781286120E0,9.631873131E0,9.796022765E0
1.327908749E1,1.221042871E-1,-1.783680320E0,9.624691010E0,9.789336135E0
1.328108753E1,1.244984865E-1,-1.781286120E0,9.627084732E0,9.791283907E0
1.328308858E1,1.268926859E-1,-1.771709204E0,9.629479408E0,9.791931828E0
1.328508960E1,1.221042871E-1,-1.774103403E0,9.629479408E0,9.792304428E0
1.328709069E1,1.268926859E-1,-1.769315004E0,9.631873131E0,9.793853039E0
1.328909069E1,1.221042871E-1,-1.769315004E0,9.629479408E0,9.791438031E0
1.329109042E1,1.221042871E-1,-1.774103403E0,9.631873131E0,9.794658358E0
1.329309081E1,1.340752989E-1,-1.766920805E0,9.631873131E0,9.793516494E0
1.329508999E1,1.316810995E-1,-1.766920805E0,9.636661530E0,9.798193429E0
1.329708831E1,1.292868853E-1,-1.778891921E0,9.634267807E0,9.797973655E0
1.329908835E1,1.340752989E-1,-1.774103403E0,9.631873131E0,9.794814908E0
1.330108839E1,1.268926859E-1,-1.769315004E0,9.624691010E0,9.786789789E0
1.330308823E1,1.292868853E-1,-1.764526606E0,9.624691010E0,9.785956584E0
1.330508874E1,1.244984865E-1,-1.764526606E0,9.624691010E0,9.785894494E0
1.330709042E1,1.221042871E-1,-1.757344007E0,9.627084732E0,9.786926374E0
1.330909042E1,1.244984865E-1,-1.757344007E0,9.636661530E0,9.796377048E0
1.331108983E1,1.173158810E-1,-1.764526606E0,9.631873131E0,9.792869710E0
1.331308886E1,1.221042871E-1,-1.762132406E0,9.624691010E0,9.785432903E0
1.331508843E1,1.197100878E-1,-1.762132406E0,9.631873131E0,9.792467571E0
1.331708776E1,1.244984865E-1,-1.764526606E0,9.627084732E0,9.788248794E0
1.331908780E1,1.364694983E-1,-1.764526606E0,9.622296333E0,9.783698932E0
1.332108722E1,1.388636976E-1,-1.771709204E0,9.617507935E0,9.780321851E0
1.332308651E1,1.340752989E-1,-1.766920805E0,9.624691010E0,9.786453001E0
1.332508624E1,1.268926859E-1,-1.771709204E0,9.622296333E0,9.784868010E0
1.332708530E1,1.268926859E-1,-1.769315004E0,9.615114212E0,9.777371766E0
1.332908401E1,1.268926859E-1,-1.778891921E0,9.619902611E0,9.783817479E0
1.333108331E1,1.340752989E-1,-1.769315004E0,9.627084732E0,9.789239613E0
1.333308331E1,1.316810995E-1,-1.776497602E0,9.622296333E0,9.785799424E0
1.333508327E1,1.244984865E-1,-1.771709204E0,9.624691010E0,9.787192161E0
1.333708319E1,1.292868853E-1,-1.771709204E0,9.627084732E0,9.789608217E0
1.333908229E1,1.388636976E-1,-1.774103403E0,9.622296333E0,9.785464360E0
1.334108124E1,1.268926859E-1,-1.776497602E0,9.627084732E0,9.790444623E0
1.334308085E1,1.316810995E-1,-1.771709204E0,9.627084732E0,9.789640129E0
1.334507944E1,1.292868853E-1,-1.771709204E0,9.624691010E0,9.787254244E0
1.334707804E1,1.388636976E-1,-1.774103403E0,9.631873131E0,9.794881624E0
1.334907647E1,1.340752989E-1,-1.776497602E0,9.624691010E0,9.788186602E0
1.335107640E1,1.316810995E-1,-1.788468719E0,9.624691010E0,9.790333871E0
1.335307655E1,1.292868853E-1,-1.781286120E0,9.619902611E0,9.784284419E0
1.335507593E1,1.268926859E-1,-1.764526606E0,9.617507935E0,9.778860607E0
1.335707561E1,1.268926859E-1,-1.759738207E0,9.622296333E0,9.782707551E0
1.335907514E1,1.244984865E-1,-1.764526606E0,9.629479408E0,9.790604051E0
1.336107526E1,1.292868853E-1,-1.762132406E0,9.629479408E0,9.790234900E0
1.336307472E1,1.292868853E-1,-1.766920805E0,9.629479408E0,9.791097891E0
1.336507472E1,1.388636976E-1,-1.771709204E0,9.629479408E0,9.792094276E0
1.336707483E1,1.364694983E-1,-1.766920805E0,9.631873131E0,9.793549564E0
1.336907413E1,1.340752989E-1,-1.762132406E0,9.636661530E0,9.797363535E0
1.337107382E1,1.412578970E-1,-1.769315004E0,9.631873131E0,9.794049693E0
1.337307264E1,1.412578970E-1,-1.778891921E0,9.636661530E0,9.800492625E0
1.337507210E1,1.460463107E-1,-1.781286120E0,9.629479408E0,9.793936055E0
1.337707069E1,1.484405100E-1,-1.781286120E0,9.636661530E0,9.801033632E0
1.337906995E1,1.436520964E-1,-1.788468719E0,9.641449928E0,9.806977771E0
1.338106870E1,1.508347094E-1,-1.786074519E0,9.639056206E0,9.804295887E0
1.338306753E1,1.508347094E-1,-1.795651317E0,9.636661530E0,9.803691152E0
1.338506683E1,1.484405100E-1,-1.786074519E0,9.636661530E0,9.801905030E0
1.338706628E1,1.436520964E-1,-1.793257117E0,9.636661530E0,9.803145028E0
1.338906581E1,1.556231081E-1,-1.793257117E0,9.624691010E0,9.791560992E0
1.339106604E1,1.556231081E-1,-1.793257117E0,9.646238327E0,9.812741895E0
1.339306655E1,1.532289088E-1,-1.793257117E0,9.643844604E0,9.810351112E0
1.339506640E1,1.460463107E-1,-1.798045516E0,9.627084732E0,9.794644335E0
1.339706632E1,1.532289088E-1,-1.795651317E0,9.617507935E0,9.784901717E0
1.339906698E1,1.484405100E-1,-1.788468719E0,9.622296333E0,9.788219535E0
1.340106768E1,1.508347094E-1,-1.786074519E0,9.629479408E0,9.794880651E0
1.340306854E1,1.508347094E-1,-1.781286120E0,9.636661530E0,9.801070186E0
1.340506897E1,1.508347094E-1,-1.781286120E0,9.634267807E0,9.798716627E0
1.340706886E1,1.484405100E-1,-1.783680320E0,9.634267807E0,9.799115585E0
1.340906858E1,1.556231081E-1,-1.783680320E0,9.631873131E0,9.796872666E0
1.341106862E1,1.436520964E-1,-1.781286120E0,9.636661530E0,9.800962279E0
1.341306999E1,1.460463107E-1,-1.774103403E0,9.639056206E0,9.802049630E0
1.341507210E1,1.508347094E-1,-1.776497602E0,9.629479408E0,9.793138849E0
1.341707354E1,1.484405100E-1,-1.778891921E0,9.629479408E0,9.793536885E0
1.341907475E1,1.556231081E-1,-1.771709204E0,9.612719536E0,9.775865636E0
1.342107663E1,1.436520964E-1,-1.764526606E0,9.619902611E0,9.781447557E0
1.342307835E1,1.436520964E-1,-1.769315004E0,9.634267807E0,9.796439541E0
1.342507960E1,1.460463107E-1,-1.776497602E0,9.648633003E0,9.811900534E0
1.342708026E1,1.460463107E-1,-1.778891921E0,9.631873131E0,9.795854531E0
1.342908179E1,1.460463107E-1,-1.778891921E0,9.624691010E0,9.788792725E0
1.343108378E1,1.436520964E-1,-1.783680320E0,9.624691010E0,9.789628616E0
1.343308522E1,1.436520964E-1,-1.793257117E0,9.629479408E0,9.796084967E0
1.343508690E1,1.460463107E-1,-1.798045516E0,9.624691010E0,9.792291572E0
1.343708808E1,1.436520964E-1,-1.807622313E0,9.634267807E0,9.803430549E0
1.343908991E1,1.436520964E-1,-1.812410712E0,9.634267807E0,9.804314596E0
1.344109147E1,1.604115069E-1,-1.800439715E0,9.617507935E0,9.785896683E0
1.344309413E1,1.484405100E-1,-1.795651317E0,9.619902611E0,9.787181641E0
1.344509663E1,1.436520964E-1,-1.788468719E0,9.622296333E0,9.788148089E0
1.344709913E1,1.412578970E-1,-1.786074519E0,9.627084732E0,9.792383592E0
1.344910069E1,1.388636976E-1,-1.788468719E0,9.631873131E0,9.797493735E0
1.345110237E1,1.364694983E-1,-1.788468719E0,9.631873131E0,9.797460094E0
1.345310358E1,1.340752989E-1,-1.795651317E0,9.627084732E0,9.794033912E0
1.345510507E1,1.364694983E-1,-1.793257117E0,9.622296333E0,9.788921378E0
1.345710604E1,1.436520964E-1,-1.800439715E0,9.627084732E0,9.795048725E0
1.345910651E1,1.388636976E-1,-1.798045516E0,9.629479408E0,9.796893614E0
1.346110722E1,1.484405100E-1,-1.788468719E0,9.636661530E0,9.802341576E0
1.346310800E1,1.412578970E-1,-1.788468719E0,9.639056206E0,9.804589675E0
1.346510921E1,1.340752989E-1,-1.783680320E0,9.639056206E0,9.803616486E0
1.346710960E1,1.244984865E-1,-1.790862918E0,9.639056206E0,9.804799559E0
1.346911007E1,1.316810995E-1,-1.795651317E0,9.634267807E0,9.801062174E0
1.347111128E1,1.268926859E-1,-1.793257117E0,9.624691010E0,9.791146504E0
1.347311292E1,1.364694983E-1,-1.781286120E0,9.636661530E0,9.800859636E0
1.347511268E1,1.412578970E-1,-1.786074519E0,9.619902611E0,9.785322796E0
1.347711288E1,1.412578970E-1,-1.783680320E0,9.631873131E0,9.796655005E0
1.347911315E1,1.484405100E-1,-1.781286120E0,9.634267807E0,9.798680064E0
1.348111440E1,1.436520964E-1,-1.786074519E0,9.636661530E0,9.801833683E0
1.348311550E1,1.388636976E-1,-1.786074519E0,9.629479408E0,9.794703619E0
1.348511561E1,1.316810995E-1,-1.793257117E0,9.619902611E0,9.786502810E0
1.348711725E1,1.316810995E-1,-1.790862918E0,9.629479408E0,9.795478731E0
1.348911909E1,1.388636976E-1,-1.786074519E0,9.624691010E0,9.789996034E0
1.349112042E1,1.340752989E-1,-1.781286120E0,9.622296333E0,9.786702364E0
1.349312163E1,1.436520964E-1,-1.778891921E0,9.617507935E0,9.781694703E0
1.349512319E1,1.412578970E-1,-1.783680320E0,9.607931137E0,9.773116699E0
1.349712393E1,1.388636976E-1,-1.781286120E0,9.619902611E0,9.784415650E0
1.349912468E1,1.436520964E-1,-1.778891921E0,9.627084732E0,9.791110909E0
1.350112569E1,1.412578970E-1,-1.778891921E0,9.624691010E0,9.788722454E0
1.350312671E1,1.364694983E-1,-1.778891921E0,9.619902611E0,9.783946373E0
1.350512741E1,1.364694983E-1,-1.774103403E0,9.627084732E0,9.790139286E0
1.350712843E1,1.364694983E-1,-1.774103403E0,9.619902611E0,9.783076870E0
1.350912890E1,1.364694983E-1,-1.771709204E0,9.619902611E0,9.782642980E0
1.351112921E1,1.364694983E-1,-1.771709204E0,9.622296333E0,9.784996891E0
1.351312968E1,1.412578970E-1,-1.771709204E0,9.619902611E0,9.782710950E0
1.351513018E1,1.364694983E-1,-1.769315004E0,9.627084732E0,9.789272698E0
1.351712956E1,1.412578970E-1,-1.769315004E0,9.622296333E0,9.784631628E0
1.351912847E1,1.460463107E-1,-1.771709204E0,9.612719536E0,9.775717871E0
1.352112850E1,1.484405100E-1,-1.774103403E0,9.619902611E0,9.783251183E0
1.352312882E1,1.460463107E-1,-1.771709204E0,9.619902611E0,9.782781264E0
1.352512932E1,1.460463107E-1,-1.771709204E0,9.629479408E0,9.792198767E0
1.352712979E1,1.340752989E-1,-1.776497602E0,9.639056206E0,9.802312199E0
1.352912987E1,1.221042871E-1,-1.793257117E0,9.629479408E0,9.795792680E0
1.353113042E1,1.221042871E-1,-1.795651317E0,9.631873131E0,9.798584240E0
1.353313147E1,1.316810995E-1,-1.788468719E0,9.624691010E0,9.790333871E0
1.353513261E1,1.340752989E-1,-1.786074519E0,9.627084732E0,9.792282615E0
1.353713350E1,1.388636976E-1,-1.788468719E0,9.622296333E0,9.788078985E0
1.353913483E1,1.364694983E-1,-1.778891921E0,9.636661530E0,9.800424778E0
1.354113628E1,1.316810995E-1,-1.778891921E0,9.634267807E0,9.798005540E0
1.354313686E1,1.268926859E-1,-1.781286120E0,9.617507935E0,9.781898633E0
1.354513710E1,1.292868853E-1,-1.778891921E0,9.619902611E0,9.783848824E0
1.354713651E1,1.316810995E-1,-1.781286120E0,9.612719536E0,9.777254064E0
1.354913667E1,1.364694983E-1,-1.778891921E0,9.627084732E0,9.791008162E0
1.355113768E1,1.364694983E-1,-1.778891921E0,9.629479408E0,9.793362756E0
1.355313819E1,1.364694983E-1,-1.771709204E0,9.622296333E0,9.784996891E0
1.355513874E1,1.388636976E-1,-1.771709204E0,9.629479408E0,9.792094276E0
1.355713874E1,1.316810995E-1,-1.776497602E0,9.627084732E0,9.790507856E0
1.355913952E1,1.364694983E-1,-1.776497602E0,9.629479408E0,9.792928128E0
1.356113964E1,1.364694983E-1,-1.774103403E0,9.636661530E0,9.799556737E0
1.356313921E1,1.436520964E-1,-1.769315004E0,9.634267807E0,9.796439541E0
1.356513972E1,1.508347094E-1,-1.778891921E0,9.631873131E0,9.795927092E0
1.356714003E1,1.484405100E-1,-1.776497602E0,9.627084732E0,9.790747610E0
1.356914175E1,1.436520964E-1,-1.774103403E0,9.619902611E0,9.783179700E0
1.357114276E1,1.460463107E-1,-1.771709204E0,9.624691010E0,9.787489977E0
1.357314280E1,1.268926859E-1,-1.766920805E0,9.624691010E0,9.786357234E0
1.357514284E1,1.268926859E-1,-1.774103403E0,9.622296333E0,9.785301802E0
1.357714214E1,1.364694983E-1,-1.766920805E0,9.617507935E0,9.779421861E0
1.357914151E1,1.316810995E-1,-1.757344007E0,9.624691010E0,9.784695953E0
1.358114069E1,1.388636976E-1,-1.769315004E0,9.619902611E0,9.782243350E0
1.358314096E1,1.340752989E-1,-1.766920805E0,9.627084732E0,9.788807167E0
1.358514007E1,1.316810995E-1,-1.757344007E0,9.634267807E0,9.794116298E0
1.358713905E1,1.340752989E-1,-1.762132406E0,9.629479408E0,9.790299305E0
1.358913768E1,1.268926859E-1,-1.766920805E0,9.617507935E0,9.779292907E0
1.359113745E1,1.292868853E-1,-1.769315004E0,9.627084732E0,9.789175201E0
1.359313722E1,1.316810995E-1,-1.759738207E0,9.622296333E0,9.782770834E0
1.359513675E1,1.364694983E-1,-1.764526606E0,9.627084732E0,9.788408374E0
1.359713690E1,1.412578970E-1,-1.762132406E0,9.629479408E0,9.790400303E0
1.359913585E1,1.364694983E-1,-1.769315004E0,9.619902611E0,9.782209656E0
1.360113514E1,1.388636976E-1,-1.776497602E0,9.631873131E0,9.795315557E0
1.360313472E1,1.412578970E-1,-1.790862918E0,9.636661530E0,9.802672555E0
1.360513436E1,1.388636976E-1,-1.783680320E0,9.629479408E0,9.794267317E0
1.360713401E1,1.388636976E-1,-1.788468719E0,9.631873131E0,9.797493735E0
1.360913468E1,1.388636976E-1,-1.793257117E0,9.641449928E0,9.807783181E0
1.361113554E1,1.412578970E-1,-1.783680320E0,9.636661530E0,9.801362901E0
1.361313624E1,1.412578970E-1,-1.781286120E0,9.634267807E0,9.798573887E0
1.361513604E1,1.412578970E-1,-1.781286120E0,9.631873131E0,9.796219375E0
1.361713745E1,1.364694983E-1,-1.774103403E0,9.631873131E0,9.794847973E0
1.361913678E1,1.412578970E-1,-1.778891921E0,9.617507935E0,9.781659835E0
1.362113616E1,1.412578970E-1,-1.790862918E0,9.622296333E0,9.788550991E0
1.362313479E1,1.340752989E-1,-1.790862918E0,9.634267807E0,9.800218485E0
1.362513374E1,1.292868853E-1,-1.786074519E0,9.629479408E0,9.794572526E0
1.362713331E1,1.484405100E-1,-1.774103403E0,9.622296333E0,9.785604948E0
1.362913268E1,1.436520964E-1,-1.778891921E0,9.617507935E0,9.781694703E0
1.363113210E1,1.436520964E-1,-1.783680320E0,9.622296333E0,9.787274295E0
1.363313167E1,1.508347094E-1,-1.786074519E0,9.634267807E0,9.799588230E0
1.363513132E1,1.484405100E-1,-1.788468719E0,9.634267807E0,9.799988322E0
1.363713061E1,1.508347094E-1,-1.788468719E0,9.627084732E0,9.792963387E0
1.363913038E1,1.460463107E-1,-1.788468719E0,9.622296333E0,9.788183519E0
1.364112999E1,1.436520964E-1,-1.786074519E0,9.619902611E0,9.785357651E0
1.364313042E1,1.484405100E-1,-1.781286120E0,9.617507935E0,9.782201884E0
1.364513042E1,1.460463107E-1,-1.786074519E0,9.617507935E0,9.783038924E0
1.364713100E1,1.484405100E-1,-1.786074519E0,9.617507935E0,9.783074959E0
1.364913042E1,1.484405100E-1,-1.783680320E0,9.617507935E0,9.782638138E0
1.365113018E1,1.508347094E-1,-1.786074519E0,9.624691010E0,9.790173151E0
1.365312956E1,1.484405100E-1,-1.778891921E0,9.617507935E0,9.781766197E0
1.365512932E1,1.508347094E-1,-1.783680320E0,9.612719536E0,9.777967246E0
1.365712901E1,1.580173075E-1,-1.771709204E0,9.617507935E0,9.780612550E0
1.365912901E1,1.580173075E-1,-1.776497602E0,9.612719536E0,9.776772989E0
1.366112843E1,1.508347094E-1,-1.781286120E0,9.615114212E0,9.779885105E0
1.366312675E1,1.532289088E-1,-1.781286120E0,9.615114212E0,9.779922323E0
1.366512616E1,1.484405100E-1,-1.774103403E0,9.627084732E0,9.790313473E0
1.366712577E1,1.484405100E-1,-1.778891921E0,9.636661530E0,9.800598782E0
1.366912530E1,1.484405100E-1,-1.778891921E0,9.624691010E0,9.788828739E0
1.367112479E1,1.508347094E-1,-1.776497602E0,9.643844604E0,9.807264328E0
1.367312233E1,1.651999205E-1,-1.783680320E0,9.641449928E0,9.806444984E0
1.367512038E1,1.580173075E-1,-1.774103403E0,9.639056206E0,9.802235301E0
1.367711835E1,1.556231081E-1,-1.774103403E0,9.636661530E0,9.799842186E0
1.367911706E1,1.484405100E-1,-1.776497602E0,9.631873131E0,9.795456004E0
1.368111647E1,1.532289088E-1,-1.783680320E0,9.629479408E0,9.794481521E0
1.368311640E1,1.484405100E-1,-1.786074519E0,9.631873131E0,9.797197394E0
1.368511597E1,1.388636976E-1,-1.781286120E0,9.627084732E0,9.791477100E0
1.368711499E1,1.436520964E-1,-1.776497602E0,9.627084732E0,9.790676182E0
1.368911417E1,1.460463107E-1,-1.771709204E0,9.629479408E0,9.792198767E0
1.369111393E1,1.460463107E-1,-1.771709204E0,9.636661530E0,9.799261628E0
1.369311374E1,1.412578970E-1,-1.771709204E0,9.622296333E0,9.785064845E0
1.369511378E1,1.412578970E-1,-1.774103403E0,9.624691010E0,9.787853376E0
1.369711358E1,1.412578970E-1,-1.778891921E0,9.629479408E0,9.793430652E0
1.369911296E1,1.460463107E-1,-1.778891921E0,9.627084732E0,9.791146329E0
1.370111296E1,1.436520964E-1,-1.774103403E0,9.636661530E0,9.799659394E0
1.370311280E1,1.436520964E-1,-1.776497602E0,9.624691010E0,9.788322465E0
1.370511296E1,1.556231081E-1,-1.774103403E0,9.636661530E0,9.799842186E0
1.370711311E1,1.508347094E-1,-1.781286120E0,9.641449928E0,9.805778300E0
1.370911304E1,1.460463107E-1,-1.776497602E0,9.641449928E0,9.804837070E0
1.371111339E1,1.484405100E-1,-1.764526606E0,9.627084732E0,9.788582592E0
1.371311354E1,1.412578970E-1,-1.776497602E0,9.617507935E0,9.781224688E0
1.371511347E1,1.412578970E-1,-1.766920805E0,9.617507935E0,9.779489854E0
1.371711323E1,1.412578970E-1,-1.774103403E0,9.629479408E0,9.792561991E0
1.371911429E1,1.436520964E-1,-1.778891921E0,9.629479408E0,9.793465478E0
1.372111475E1,1.436520964E-1,-1.774103403E0,9.631873131E0,9.794950680E0
1.372311413E1,1.412578970E-1,-1.774103403E0,9.629479408E0,9.792561991E0
1.372511362E1,1.436520964E-1,-1.781286120E0,9.610325813E0,9.775069228E0
1.372711335E1,1.340752989E-1,-1.781286120E0,9.612719536E0,9.777286602E0
1.372911335E1,1.412578970E-1,-1.778891921E0,9.627084732E0,9.791076075E0
1.373111448E1,1.412578970E-1,-1.781286120E0,9.639056206E0,9.803282031E0
1.373311436E1,1.388636976E-1,-1.786074519E0,9.636661530E0,9.801764675E0
1.373511401E1,1.316810995E-1,-1.776497602E0,9.619902611E0,9.783445706E0
1.373711366E1,1.316810995E-1,-1.781286120E0,9.622296333E0,9.786669857E0
1.373911225E1,1.316810995E-1,-1.786074519E0,9.629479408E0,9.794604422E0
1.374111167E1,1.292868853E-1,-1.781286120E0,9.629479408E0,9.793700476E0
1.374311178E1,1.316810995E-1,-1.774103403E0,9.629479408E0,9.792428528E0
1.374511210E1,1.292868853E-1,-1.774103403E0,9.629479408E0,9.792396625E0
1.374711300E1,1.340752989E-1,-1.778891921E0,9.627084732E0,9.790975084E0
1.374911354E1,1.340752989E-1,-1.776497602E0,9.629479408E0,9.792895057E0
1.375111409E1,1.388636976E-1,-1.790862918E0,9.641449928E0,9.807345708E0
1.375311405E1,1.388636976E-1,-1.786074519E0,9.629479408E0,9.794703619E0
1.375511397E1,1.364694983E-1,-1.788468719E0,9.622296333E0,9.788045311E0
1.375711433E1,1.340752989E-1,-1.793257117E0,9.629479408E0,9.795949211E0
1.375911530E1,1.412578970E-1,-1.788468719E0,9.617507935E0,9.783406003E0
1.376111554E1,1.412578970E-1,-1.781286120E0,9.622296333E0,9.786803399E0
1.376311565E1,1.364694983E-1,-1.790862918E0,9.624691010E0,9.790837091E0
1.376511589E1,1.340752989E-1,-1.793257117E0,9.634267807E0,9.800656277E0
1.376711698E1,1.340752989E-1,-1.793257117E0,9.629479408E0,9.795949211E0
1.376911765E1,1.292868853E-1,-1.793257117E0,9.631873131E0,9.798237913E0
1.377111862E1,1.292868853E-1,-1.788468719E0,9.631873131E0,9.797362679E0
1.377311983E1,1.388636976E-1,-1.786074519E0,9.636661530E0,9.801764675E0
1.377512014E1,1.412578970E-1,-1.786074519E0,9.627084732E0,9.792383592E0
1.377712065E1,1.388636976E-1,-1.776497602E0,9.615114212E0,9.778836749E0
1.377912108E1,1.436520964E-1,-1.764526606E0,9.622296333E0,9.783801756E0
1.378112015E1,1.436520964E-1,-1.778891921E0,9.631873131E0,9.795819129E0
1.378312015E1,1.412578970E-1,-1.774103403E0,9.624691010E0,9.787853376E0
1.378511928E1,1.364694983E-1,-1.776497602E0,9.627084732E0,9.790573430E0
1.378712003E1,1.412578970E-1,-1.781286120E0,9.629479408E0,9.793865821E0
1.378911956E1,1.460463107E-1,-1.776497602E0,9.622296333E0,9.786003269E0
1.379112042E1,1.412578970E-1,-1.778891921E0,9.627084732E0,9.791076075E0
1.379312061E1,1.484405100E-1,-1.778891921E0,9.619902611E0,9.784120670E0
1.379512093E1,1.460463107E-1,-1.778891921E0,9.624691010E0,9.788792725E0
1.379712171E1,1.484405100E-1,-1.778891921E0,9.627084732E0,9.791182334E0
1.379912175E1,1.484405100E-1,-1.783680320E0,9.627084732E0,9.792053437E0
1.380112296E1,1.556231081E-1,-1.776497602E0,9.622296333E0,9.786150878E0
1.380312386E1,1.604115069E-1,-1.781286120E0,9.617507935E0,9.782390861E0
1.380512472E1,1.412578970E-1,-1.781286120E0,9.627084732E0,9.791511348E0
1.380712546E1,1.388636976E-1,-1.778891921E0,9.629479408E0,9.793396411E0
1.380912659E1,1.340752989E-1,-1.778891921E0,9.629479408E0,9.793329685E0
1.381112561E1,1.388636976E-1,-1.778891921E0,9.641449928E0,9.805166817E0
1.381312503E1,1.436520964E-1,-1.781286120E0,9.634267807E0,9.798608694E0
1.381512475E1,1.364694983E-1,-1.776497602E0,9.629479408E0,9.792928128E0
1.381712499E1,1.316810995E-1,-1.783680320E0,9.627084732E0,9.791813715E0
1.381912448E1,1.268926859E-1,-1.783680320E0,9.639056206E0,9.803520887E0
1.382112425E1,1.340752989E-1,-1.769315004E0,9.641449928E0,9.803367202E0
1.382312401E1,1.197100878E-1,-1.776497602E0,9.643844604E0,9.806835014E0
1.382512452E1,1.244984865E-1,-1.788468719E0,9.636661530E0,9.802008247E0
1.382712475E1,1.244984865E-1,-1.795651317E0,9.641449928E0,9.808028357E0
1.382912440E1,1.221042871E-1,-1.790862918E0,9.653421402E0,9.818892209E0
1.383112429E1,1.244984865E-1,-1.795651317E0,9.651026726E0,9.817442660E0
1.383312472E1,1.244984865E-1,-1.798045516E0,9.655815125E0,9.822587911E0
1.383512538E1,1.292868853E-1,-1.800439715E0,9.648633003E0,9.816028581E0
1.383712608E1,1.244984865E-1,-1.800439715E0,9.648633003E0,9.815966681E0
1.383912530E1,1.221042871E-1,-1.795651317E0,9.653421402E0,9.819766691E0
1.384112425E1,1.268926859E-1,-1.802833915E0,9.646238327E0,9.814083031E0
1.384312428E1,1.268926859E-1,-1.790862918E0,9.651026726E0,9.816598627E0
1.384512323E1,1.149216816E-1,-1.793257117E0,9.641449928E0,9.807473416E0
1.384712331E1,1.173158810E-1,-1.793257117E0,9.624691010E0,9.791027072E0
1.384912261E1,1.244984865E-1,-1.788468719E0,9.629479408E0,9.794947366E0
1.385112143E1,1.364694983E-1,-1.783680320E0,9.622296333E0,9.787171508E0
1.385312065E1,1.340752989E-1,-1.778891921E0,9.629479408E0,9.793329685E0
1.385512061E1,1.412578970E-1,-1.774103403E0,9.636661530E0,9.799624590E0
1.385712015E1,1.412578970E-1,-1.774103403E0,9.629479408E0,9.792561991E0
1.385911952E1,1.340752989E-1,-1.774103403E0,9.619902611E0,9.783043765E0
1.386111913E1,1.412578970E-1,-1.769315004E0,9.624691010E0,9.786986585E0
1.386311749E1,1.364694983E-1,-1.764526606E0,9.622296333E0,9.783698932E0
1.386511686E1,1.364694983E-1,-1.766920805E0,9.622296333E0,9.784131018E0
1.386711608E1,1.340752989E-1,-1.771709204E0,9.622296333E0,9.784963792E0
1.386911518E1,1.340752989E-1,-1.759738207E0,9.615114212E0,9.775739156E0
1.387111479E1,1.268926859E-1,-1.762132406E0,9.607931137E0,9.769009832E0
1.387311440E1,1.268926859E-1,-1.766920805E0,9.595960617E0,9.758102841E0
1.387511319E1,1.268926859E-1,-1.754949808E0,9.598354340E0,9.758296809E0
1.387711151E1,1.244984865E-1,-1.754949808E0,9.607931137E0,9.767685982E0
1.387911190E1,1.316810995E-1,-1.750161409E0,9.610325813E0,9.769276693E0
1.388111132E1,1.364694983E-1,-1.752555609E0,9.610325813E0,9.769771611E0
1.388311093E1,1.364694983E-1,-1.738190413E0,9.610325813E0,9.767204926E0
1.388511151E1,1.316810995E-1,-1.745373011E0,9.607931137E0,9.766064079E0
1.388711151E1,1.173158810E-1,-1.750161409E0,9.612719536E0,9.771448452E0
1.388911116E1,1.244984865E-1,-1.752555609E0,9.622296333E0,9.781387313E0
1.389111136E1,1.292868853E-1,-1.754949808E0,9.619902611E0,9.779524026E0
1.389311128E1,1.268926859E-1,-1.750161409E0,9.607931137E0,9.766857604E0
1.389511198E1,1.268926859E-1,-1.747767210E0,9.612719536E0,9.771139588E0
1.389711202E1,1.268926859E-1,-1.747767210E0,9.619902611E0,9.778206288E0
1.389911249E1,1.268926859E-1,-1.752555609E0,9.627084732E0,9.786128619E0
1.390111229E1,1.221042871E-1,-1.754949808E0,9.622296333E0,9.781786392E0
1.390311253E1,1.197100878E-1,-1.771709204E0,9.619902611E0,9.782423537E0
1.390511272E1,1.268926859E-1,-1.764526606E0,9.624691010E0,9.785925246E0
1.390711245E1,1.268926859E-1,-1.766920805E0,9.634267807E0,9.795775981E0
1.390911300E1,1.268926859E-1,-1.766920805E0,9.629479408E0,9.791066569E0
1.391111225E1,1.340752989E-1,-1.776497602E0,9.636661530E0,9.799957416E0
1.391311327E1,1.364694983E-1,-1.776497602E0,9.643844604E0,9.807053911E0
1.391511382E1,1.268926859E-1,-1.778891921E0,9.634267807E0,9.797942355E0
1.391711339E1,1.364694983E-1,-1.771709204E0,9.627084732E0,9.789705709E0
1.391911483E1,1.340752989E-1,-1.771709204E0,9.624691010E0,9.787318668E0
1.392111546E1,1.436520964E-1,-1.769315004E0,9.622296333E0,9.784666486E0
1.392311561E1,1.508347094E-1,-1.769315004E0,9.641449928E0,9.803610733E0
1.392511558E1,1.580173075E-1,-1.771709204E0,9.641449928E0,9.804156246E0
1.392711636E1,1.556231081E-1,-1.769315004E0,9.646238327E0,9.808394772E0
1.392911729E1,1.532289088E-1,-1.774103403E0,9.641449928E0,9.804513180E0
1.393111839E1,1.556231081E-1,-1.771709204E0,9.639056206E0,9.801763953E0
1.393311983E1,1.508347094E-1,-1.786074519E0,9.641449928E0,9.806649276E0
1.393512069E1,1.556231081E-1,-1.783680320E0,9.641449928E0,9.806288327E0
1.393712159E1,1.484405100E-1,-1.781286120E0,9.648633003E0,9.812804577E0
1.393912272E1,1.556231081E-1,-1.783680320E0,9.646238327E0,9.810996274E0
1.394112346E1,1.628057212E-1,-1.790862918E0,9.636661530E0,9.803006739E0
1.394312347E1,1.628057212E-1,-1.788468719E0,9.641449928E0,9.807277032E0
1.394512370E1,1.628057212E-1,-1.774103403E0,9.641449928E0,9.804667527E0
1.394712292E1,1.675941199E-1,-1.783680320E0,9.646238327E0,9.811193461E0
1.394912194E1,1.580173075E-1,-1.798045516E0,9.648633003E0,9.816010186E0
1.395112163E1,1.580173075E-1,-1.786074519E0,9.648633003E0,9.813824458E0
1.395312194E1,1.556231081E-1,-1.788468719E0,9.639056206E0,9.804807160E0
1.395512093E1,1.628057212E-1,-1.793257117E0,9.641449928E0,9.808151381E0
1.395712061E1,1.675941199E-1,-1.790862918E0,9.636661530E0,9.803087433E0
1.395912018E1,1.651999205E-1,-1.790862918E0,9.631873131E0,9.798339707E0
1.396112026E1,1.651999205E-1,-1.800439715E0,9.627084732E0,9.795388436E0
1.396312026E1,1.675941199E-1,-1.788468719E0,9.636661530E0,9.802650335E0
1.396511897E1,1.699883193E-1,-1.788468719E0,9.631873131E0,9.797984303E0
1.396711808E1,1.628057212E-1,-1.790862918E0,9.629479408E0,9.795946578E0
1.396911718E1,1.556231081E-1,-1.795651317E0,9.624691010E0,9.791999757E0
1.397111675E1,1.651999205E-1,-1.798045516E0,9.627084732E0,9.794948654E0
1.397311565E1,1.651999205E-1,-1.795651317E0,9.639056206E0,9.806276521E0
1.397511514E1,1.628057212E-1,-1.793257117E0,9.636661530E0,9.803444406E0
1.397711600E1,1.508347094E-1,-1.807622313E0,9.627084732E0,9.796479468E0
1.397911585E1,1.604115069E-1,-1.800439715E0,9.624691010E0,9.792956247E0
1.398111667E1,1.556231081E-1,-1.802833915E0,9.624691010E0,9.793319443E0
1.398311804E1,1.580173075E-1,-1.807622313E0,9.629479408E0,9.798945942E0
1.398511913E1,1.580173075E-1,-1.805228114E0,9.643844604E0,9.812622319E0
1.398712022E1,1.508347094E-1,-1.812410712E0,9.631873131E0,9.802069358E0
1.398912159E1,1.484405100E-1,-1.805228114E0,9.643844604E0,9.812472771E0
1.399112288E1,1.484405100E-1,-1.802833915E0,9.643844604E0,9.812032586E0
1.399312319E1,1.460463107E-1,-1.812410712E0,9.624691010E0,9.794939466E0
1.399512468E1,1.484405100E-1,-1.812410712E0,9.627084732E0,9.797327575E0
1.399712550E1,1.460463107E-1,-1.807622313E0,9.641449928E0,9.810524179E0
1.399912581E1,1.436520964E-1,-1.810016513E0,9.631873131E0,9.801519051E0
1.400112753E1,1.436520964E-1,-1.802833915E0,9.622296333E0,9.790783052E0
1.400312882E1,1.460463107E-1,-1.802833915E0,9.629479408E0,9.797878001E0
1.400512983E1,1.412578970E-1,-1.810016513E0,9.631873131E0,9.801484254E0
1.400713128E1,1.460463107E-1,-1.807622313E0,9.639056206E0,9.808171720E0
1.400913229E1,1.556231081E-1,-1.800439715E0,9.643844604E0,9.811704260E0
1.401113257E1,1.508347094E-1,-1.807622313E0,9.641449928E0,9.810596631E0
1.401313300E1,1.412578970E-1,-1.807622313E0,9.629479408E0,9.798690009E0
1.401513526E1,1.460463107E-1,-1.798045516E0,9.627084732E0,9.794644335E0
1.401713772E1,1.556231081E-1,-1.800439715E0,9.615114212E0,9.783466821E0
1.401913909E1,1.484405100E-1,-1.798045516E0,9.624691010E0,9.792327573E0
1.402114042E1,1.436520964E-1,-1.786074519E0,9.612719536E0,9.778296119E0
1.402314190E1,1.460463107E-1,-1.786074519E0,9.610325813E0,9.775978414E0
1.402514214E1,1.436520964E-1,-1.790862918E0,9.615114212E0,9.781525813E0
1.402714331E1,1.460463107E-1,-1.783680320E0,9.607931137E0,9.773187082E0
1.402914413E1,1.388636976E-1,-1.776497602E0,9.605537415E0,9.769420448E0
1.403114444E1,1.412578970E-1,-1.788468719E0,9.612719536E0,9.778698841E0
1.403314604E1,1.388636976E-1,-1.795651317E0,9.615114212E0,9.782334491E0
1.403514764E1,1.484405100E-1,-1.786074519E0,9.624691010E0,9.790136557E0
1.403714995E1,1.556231081E-1,-1.776497602E0,9.617507935E0,9.781442693E0
1.403915186E1,1.484405100E-1,-1.783680320E0,9.619902611E0,9.784992402E0
1.404115311E1,1.460463107E-1,-1.788468719E0,9.615114212E0,9.781123207E0
1.404315483E1,1.316810995E-1,-1.776497602E0,9.617507935E0,9.781091070E0
1.404515698E1,1.388636976E-1,-1.774103403E0,9.622296333E0,9.785464360E0
1.404715901E1,1.364694983E-1,-1.771709204E0,9.617507935E0,9.780288150E0
1.404915999E1,1.364694983E-1,-1.781286120E0,9.615114212E0,9.779674099E0
1.405116065E1,1.364694983E-1,-1.771709204E0,9.622296333E0,9.784996891E0
1.405316140E1,1.292868853E-1,-1.776497602E0,9.627084732E0,9.790475947E0
1.405516304E1,1.292868853E-1,-1.778891921E0,9.629479408E0,9.793265300E0
1.405716370E1,1.364694983E-1,-1.781286120E0,9.643844604E0,9.807922457E0
1.405916409E1,1.388636976E-1,-1.776497602E0,9.639056206E0,9.802378864E0
1.406116421E1,1.388636976E-1,-1.778891921E0,9.629479408E0,9.793396411E0
1.406316440E1,1.340752989E-1,-1.769315004E0,9.624691010E0,9.786885552E0
1.406516518E1,1.388636976E-1,-1.764526606E0,9.629479408E0,9.790797258E0
1.406716534E1,1.292868853E-1,-1.771709204E0,9.631873131E0,9.794317159E0
1.406916624E1,1.340752989E-1,-1.771709204E0,9.624691010E0,9.787318668E0
1.407116675E1,1.340752989E-1,-1.774103403E0,9.617507935E0,9.780689032E0
1.407316768E1,1.340752989E-1,-1.774103403E0,9.622296333E0,9.785397580E0
1.407516792E1,1.292868853E-1,-1.783680320E0,9.617507935E0,9.782366250E0
1.407716788E1,1.292868853E-1,-1.788468719E0,9.617507935E0,9.783240482E0
1.407916706E1,1.292868853E-1,-1.786074519E0,9.629479408E0,9.794572526E0
1.408116729E1,1.292868853E-1,-1.781286120E0,9.641449928E0,9.805470517E0
1.408316776E1,1.340752989E-1,-1.771709204E0,9.639056206E0,9.801445517E0
1.408516862E1,1.316810995E-1,-1.774103403E0,9.641449928E0,9.804200096E0
1.408716905E1,1.268926859E-1,-1.778891921E0,9.641449928E0,9.805004586E0
1.408917038E1,1.268926859E-1,-1.781286120E0,9.631873131E0,9.796022765E0
1.409117089E1,1.244984865E-1,-1.781286120E0,9.624691010E0,9.788930337E0
1.409317171E1,1.268926859E-1,-1.786074519E0,9.627084732E0,9.792186905E0
1.409517237E1,1.244984865E-1,-1.781286120E0,9.629479408E0,9.793638435E0
1.409717225E1,1.292868853E-1,-1.781286120E0,9.615114212E0,9.779576507E0
1.409917280E1,1.364694983E-1,-1.786074519E0,9.631873131E0,9.797023330E0
1.410117444E1,1.292868853E-1,-1.776497602E0,9.636661530E0,9.799893074E0
1.410317538E1,1.292868853E-1,-1.769315004E0,9.636661530E0,9.798593579E0
1.410517765E1,1.197100878E-1,-1.771709204E0,9.636661530E0,9.798904502E0
1.410717819E1,1.197100878E-1,-1.769315004E0,9.615114212E0,9.777281187E0
1.410917948E1,1.268926859E-1,-1.771709204E0,9.619902611E0,9.782514068E0
1.411118081E1,1.292868853E-1,-1.759738207E0,9.619902611E0,9.780384445E0
1.411318304E1,1.244984865E-1,-1.766920805E0,9.619902611E0,9.781617210E0
1.411518468E1,1.197100878E-1,-1.769315004E0,9.624691010E0,9.786699296E0
1.411718612E1,1.173158810E-1,-1.764526606E0,9.631873131E0,9.792869710E0
1.411918823E1,1.244984865E-1,-1.764526606E0,9.627084732E0,9.788248794E0
1.412118940E1,1.221042871E-1,-1.769315004E0,9.629479408E0,9.791438031E0
1.412319034E1,1.173158810E-1,-1.766920805E0,9.636661530E0,9.798010899E0
1.412519296E1,1.077390760E-1,-1.754949808E0,9.631873131E0,9.791038584E0
1.412719518E1,1.149216816E-1,-1.762132406E0,9.617507935E0,9.778280855E0
1.412919718E1,1.197100878E-1,-1.771709204E0,9.615114212E0,9.777714729E0
1.413119819E1,1.125274822E-1,-1.766920805E0,9.624691010E0,9.786181512E0
1.413319925E1,1.173158810E-1,-1.762132406E0,9.615114212E0,9.775954938E0
1.413520003E1,1.221042871E-1,-1.764526606E0,9.610325813E0,9.771736071E0
1.413720089E1,1.221042871E-1,-1.771709204E0,9.610325813E0,9.773035618E0
1.413920214E1,1.197100878E-1,-1.774103403E0,9.622296333E0,9.785211296E0
1.414120362E1,1.149216816E-1,-1.774103403E0,9.617507935E0,9.780445222E0
1.414320472E1,1.101332754E-1,-1.769315004E0,9.631873131E0,9.793650235E0
1.414520620E1,1.173158810E-1,-1.771709204E0,9.629479408E0,9.791812406E0
1.414720843E1,1.173158810E-1,-1.778891921E0,9.629479408E0,9.793114579E0
1.414920999E1,1.125274822E-1,-1.778891921E0,9.624691010E0,9.788350011E0
1.415121124E1,1.101332754E-1,-1.771709204E0,9.617507935E0,9.779956120E0
1.415321225E1,1.149216816E-1,-1.766920805E0,9.612719536E0,9.774435687E0
1.415521308E1,1.173158810E-1,-1.774103403E0,9.612719536E0,9.775765074E0
1.415721491E1,1.173158810E-1,-1.774103403E0,9.619902611E0,9.782828433E0
1.415921636E1,1.173158810E-1,-1.774103403E0,9.617507935E0,9.780473648E0
1.416121870E1,1.149216816E-1,-1.776497602E0,9.624691010E0,9.787942979E0
1.416321983E1,1.101332754E-1,-1.776497602E0,9.617507935E0,9.780824707E0
1.416522089E1,1.125274822E-1,-1.776497602E0,9.617507935E0,9.780851959E0
1.416722155E1,1.173158810E-1,-1.776497602E0,9.627084732E0,9.790325183E0
1.416922280E1,1.197100878E-1,-1.764526606E0,9.624691010E0,9.785834746E0
1.417122460E1,1.221042871E-1,-1.774103403E0,9.627084732E0,9.789949580E0
1.417322507E1,1.221042871E-1,-1.774103403E0,9.634267807E0,9.797013245E0
1.417522565E1,1.173158810E-1,-1.769315004E0,9.634267807E0,9.796088749E0
1.417722678E1,1.244984865E-1,-1.774103403E0,9.634267807E0,9.797043377E0
1.417922854E1,1.149216816E-1,-1.781286120E0,9.627084732E0,9.791166819E0
1.418122917E1,1.173158810E-1,-1.778891921E0,9.634267807E0,9.797823006E0
1.418323022E1,1.292868853E-1,-1.774103403E0,9.639056206E0,9.801814246E0
1.418523108E1,1.340752989E-1,-1.769315004E0,9.648633003E0,9.810431724E0
1.418723132E1,1.340752989E-1,-1.766920805E0,9.639056206E0,9.800581098E0
1.418923257E1,1.340752989E-1,-1.769315004E0,9.639056206E0,9.801013025E0
1.419123440E1,1.316810995E-1,-1.776497602E0,9.634267807E0,9.797571118E0
1.419323491E1,1.364694983E-1,-1.771709204E0,9.629479408E0,9.792060616E0
1.419523511E1,1.364694983E-1,-1.766920805E0,9.619902611E0,9.781776899E0
1.419723526E1,1.364694983E-1,-1.774103403E0,9.617507935E0,9.780722145E0
1.419923558E1,1.484405100E-1,-1.781286120E0,9.631873131E0,9.796325578E0
1.420123596E1,1.412578970E-1,-1.781286120E0,9.631873131E0,9.796219375E0
1.420323558E1,1.412578970E-1,-1.774103403E0,9.629479408E0,9.792561991E0
1.420523651E1,1.508347094E-1,-1.776497602E0,9.634267807E0,9.797847264E0
1.420723690E1,1.556231081E-1,-1.781286120E0,9.622296333E0,9.787021279E0
1.420923679E1,1.436520964E-1,-1.778891921E0,9.622296333E0,9.786402767E0
1.421123675E1,1.484405100E-1,-1.778891921E0,9.639056206E0,9.802953412E0
1.421323745E1,1.556231081E-1,-1.776497602E0,9.634267807E0,9.797922150E0
1.421523854E1,1.508347094E-1,-1.776497602E0,9.622296333E0,9.786075902E0
1.421723890E1,1.436520964E-1,-1.788468719E0,9.629479408E0,9.795209541E0
1.421924065E1,1.460463107E-1,-1.783680320E0,9.634267807E0,9.799079609E0
1.422124171E1,1.556231081E-1,-1.786074519E0,9.627084732E0,9.792601349E0
1.422324288E1,1.556231081E-1,-1.788468719E0,9.646238327E0,9.811867955E0
1.422524382E1,1.532289088E-1,-1.788468719E0,9.634267807E0,9.800062022E0
1.422724413E1,1.532289088E-1,-1.786074519E0,9.636661530E0,9.801978715E0
1.422924534E1,1.532289088E-1,-1.786074519E0,9.634267807E0,9.799625374E0
1.423124554E1,1.508347094E-1,-1.793257117E0,9.627084732E0,9.793839014E0
1.423324546E1,1.412578970E-1,-1.788468719E0,9.631873131E0,9.797527962E0
1.423524593E1,1.268926859E-1,-1.783680320E0,9.629479408E0,9.794104906E0
1.423724706E1,1.460463107E-1,-1.778891921E0,9.627084732E0,9.791146329E0
1.423924733E1,1.436520964E-1,-1.771709204E0,9.624691010E0,9.787454544E0
1.424124808E1,1.388636976E-1,-1.776497602E0,9.639056206E0,9.802378864E0
1.424324815E1,1.388636976E-1,-1.769315004E0,9.641449928E0,9.803433859E0
1.424524811E1,1.484405100E-1,-1.766920805E0,9.634267807E0,9.796078802E0
1.424724866E1,1.460463107E-1,-1.771709204E0,9.627084732E0,9.789843894E0
1.424924909E1,1.436520964E-1,-1.769315004E0,9.641449928E0,9.803502855E0
1.425124944E1,1.436520964E-1,-1.776497602E0,9.627084732E0,9.790676182E0
1.425324944E1,1.460463107E-1,-1.776497602E0,9.634267807E0,9.797774718E0
1.425524850E1,1.532289088E-1,-1.776497602E0,9.631873131E0,9.795529737E0
1.425724839E1,1.604115069E-1,-1.778891921E0,9.627084732E0,9.791371138E0
1.425924811E1,1.532289088E-1,-1.783680320E0,9.634267807E0,9.799189291E0
1.426124784E1,1.532289088E-1,-1.781286120E0,9.627084732E0,9.791691365E0
1.426324772E1,1.484405100E-1,-1.786074519E0,9.631873131E0,9.797197394E0
1.426524671E1,1.436520964E-1,-1.781286120E0,9.624691010E0,9.789192673E0
1.426724718E1,1.460463107E-1,-1.783680320E0,9.634267807E0,9.799079609E0
1.426924796E1,1.580173075E-1,-1.781286120E0,9.639056206E0,9.803537844E0
1.427124850E1,1.604115069E-1,-1.786074519E0,9.639056206E0,9.804447898E0
1.427324964E1,1.508347094E-1,-1.798045516E0,9.624691010E0,9.792364159E0
1.427525198E1,1.460463107E-1,-1.798045516E0,9.629479408E0,9.796998054E0
1.427725444E1,1.436520964E-1,-1.790862918E0,9.622296333E0,9.788585835E0
1.427925729E1,1.436520964E-1,-1.786074519E0,9.622296333E0,9.787710909E0
1.428125897E1,1.532289088E-1,-1.786074519E0,9.619902611E0,9.785502927E0
1.428326054E1,1.508347094E-1,-1.798045516E0,9.629479408E0,9.797070606E0
1.428526233E1,1.412578970E-1,-1.788468719E0,9.629479408E0,9.795174722E0
1.428726401E1,1.412578970E-1,-1.793257117E0,9.631873131E0,9.798403181E0
1.428926565E1,1.532289088E-1,-1.790862918E0,9.634267807E0,9.800499236E0
1.429126624E1,1.508347094E-1,-1.786074519E0,9.622296333E0,9.787818962E0
1.429326733E1,1.460463107E-1,-1.786074519E0,9.624691010E0,9.790100548E0
1.429526784E1,1.460463107E-1,-1.788468719E0,9.605537415E0,9.771709109E0
1.429726944E1,1.388636976E-1,-1.781286120E0,9.615114212E0,9.779707801E0
1.429927061E1,1.484405100E-1,-1.790862918E0,9.619902611E0,9.786304247E0
1.430127100E1,1.484405100E-1,-1.802833915E0,9.617507935E0,9.786148557E0
1.430327104E1,1.532289088E-1,-1.800439715E0,9.627084732E0,9.795193857E0
1.430527214E1,1.508347094E-1,-1.795651317E0,9.619902611E0,9.787218246E0
1.430727218E1,1.508347094E-1,-1.800439715E0,9.622296333E0,9.790450501E0
1.430927311E1,1.532289088E-1,-1.798045516E0,9.634267807E0,9.801814268E0
1.431127288E1,1.532289088E-1,-1.790862918E0,9.610325813E0,9.776964321E0
1.431327343E1,1.580173075E-1,-1.786074519E0,9.612719536E0,9.778517706E0
1.431527448E1,1.508347094E-1,-1.786074519E0,9.617507935E0,9.783111579E0
1.431727620E1,1.460463107E-1,-1.781286120E0,9.622296333E0,9.786873683E0
1.431927651E1,1.484405100E-1,-1.793257117E0,9.627084732E0,9.793802434E0
1.432127737E1,1.460463107E-1,-1.793257117E0,9.629479408E0,9.796120369E0
1.432327690E1,1.436520964E-1,-1.793257117E0,9.624691010E0,9.791378046E0
1.432527725E1,1.436520964E-1,-1.795651317E0,9.631873131E0,9.798876445E0
1.432727780E1,1.484405100E-1,-1.790862918E0,9.627084732E0,9.793364336E0
1.432927858E1,1.412578970E-1,-1.790862918E0,9.624691010E0,9.790905005E0
1.433127870E1,1.532289088E-1,-1.774103403E0,9.615114212E0,9.778616635E0
1.433327913E1,1.532289088E-1,-1.788468719E0,9.624691010E0,9.790647399E0
1.433527928E1,1.580173075E-1,-1.798045516E0,9.622296333E0,9.790123793E0
1.433728026E1,1.604115069E-1,-1.790862918E0,9.624691010E0,9.791200073E0
1.433928042E1,1.484405100E-1,-1.788468719E0,9.622296333E0,9.788219535E0
1.434128104E1,1.460463107E-1,-1.788468719E0,9.627084732E0,9.792890805E0
1.434328198E1,1.508347094E-1,-1.778891921E0,9.629479408E0,9.793573467E0
1.434528222E1,1.412578970E-1,-1.781286120E0,9.622296333E0,9.786803399E0
1.434728261E1,1.412578970E-1,-1.781286120E0,9.624691010E0,9.789157832E0
1.434928280E1,1.508347094E-1,-1.786074519E0,9.631873131E0,9.797233962E0
1.435128386E1,1.436520964E-1,-1.781286120E0,9.622296333E0,9.786838248E0
1.435328479E1,1.436520964E-1,-1.771709204E0,9.622296333E0,9.785099701E0
1.435528483E1,1.412578970E-1,-1.774103403E0,9.624691010E0,9.787853376E0
1.435728511E1,1.412578970E-1,-1.769315004E0,9.639056206E0,9.801113912E0
1.435928593E1,1.460463107E-1,-1.771709204E0,9.634267807E0,9.796907635E0
1.436128741E1,1.460463107E-1,-1.776497602E0,9.624691010E0,9.788357895E0
1.436328800E1,1.388636976E-1,-1.778891921E0,9.629479408E0,9.793396411E0
1.436528882E1,1.412578970E-1,-1.781286120E0,9.624691010E0,9.789157832E0
1.436728952E1,1.436520964E-1,-1.788468719E0,9.634267807E0,9.799916962E0
1.436929179E1,1.412578970E-1,-1.786074519E0,9.631873131E0,9.797091200E0
1.437129339E1,1.388636976E-1,-1.783680320E0,9.634267807E0,9.798975191E0
1.437329460E1,1.412578970E-1,-1.774103403E0,9.634267807E0,9.797270684E0
1.437529569E1,1.364694983E-1,-1.771709204E0,9.634267807E0,9.796769549E0
1.437729694E1,1.340752989E-1,-1.764526606E0,9.639056206E0,9.800149737E0
1.437929800E1,1.388636976E-1,-1.771709204E0,9.624691010E0,9.787385435E0
1.438129870E1,1.292868853E-1,-1.774103403E0,9.617507935E0,9.780624564E0
1.438329854E1,1.244984865E-1,-1.766920805E0,9.615114212E0,9.776908014E0
1.438529870E1,1.244984865E-1,-1.771709204E0,9.619902611E0,9.782483305E0
1.438730026E1,1.316810995E-1,-1.774103403E0,9.627084732E0,9.790073709E0
1.438930136E1,1.316810995E-1,-1.769315004E0,9.619902611E0,9.782144026E0
1.439130186E1,1.292868853E-1,-1.776497602E0,9.627084732E0,9.790475947E0
1.439330147E1,1.221042871E-1,-1.774103403E0,9.619902611E0,9.782887027E0
1.439530171E1,1.340752989E-1,-1.771709204E0,9.627084732E0,9.789672626E0
1.439730327E1,1.244984865E-1,-1.778891921E0,9.641449928E0,9.804973894E0
1.439930440E1,1.268926859E-1,-1.778891921E0,9.629479408E0,9.793233985E0
1.440130440E1,1.244984865E-1,-1.776497602E0,9.629479408E0,9.792768622E0
1.440330354E1,1.292868853E-1,-1.783680320E0,9.634267807E0,9.798844154E0
1.440530304E1,1.268926859E-1,-1.776497602E0,9.622296333E0,9.785736161E0
1.440730339E1,1.244984865E-1,-1.781286120E0,9.619902611E0,9.784222317E0
1.440930421E1,1.173158810E-1,-1.778891921E0,9.629479408E0,9.793114579E0
1.441130464E1,1.149216816E-1,-1.786074519E0,9.627084732E0,9.792039094E0
1.441330597E1,1.244984865E-1,-1.793257117E0,9.627084732E0,9.793468813E0
1.441530733E1,1.292868853E-1,-1.786074519E0,9.624691010E0,9.789864877E0
1.441730659E1,1.221042871E-1,-1.778891921E0,9.631873131E0,9.795526833E0
1.441930733E1,1.125274822E-1,-1.776497602E0,9.631873131E0,9.794977599E0
1.442130862E1,1.173158810E-1,-1.788468719E0,9.636661530E0,9.801919649E0
1.442330995E1,1.197100878E-1,-1.786074519E0,9.643844604E0,9.808574384E0
1.442531272E1,1.221042871E-1,-1.793257117E0,9.634267807E0,9.800499820E0
1.442731421E1,1.268926859E-1,-1.786074519E0,9.624691010E0,9.789833552E0
1.442931518E1,1.292868853E-1,-1.781286120E0,9.636661530E0,9.800762255E0
1.443131558E1,1.292868853E-1,-1.793257117E0,9.634267807E0,9.800591939E0
1.443331569E1,1.292868853E-1,-1.786074519E0,9.631873131E0,9.796925910E0
1.443531667E1,1.221042871E-1,-1.783680320E0,9.629479408E0,9.794044038E0
1.443731655E1,1.173158810E-1,-1.781286120E0,9.622296333E0,9.786487112E0
1.443931815E1,1.149216816E-1,-1.783680320E0,9.619902611E0,9.784541314E0
1.444131921E1,1.244984865E-1,-1.786074519E0,9.619902611E0,9.785095212E0
1.444332034E1,1.197100878E-1,-1.778891921E0,9.624691010E0,9.788435217E0
1.444532198E1,1.197100878E-1,-1.778891921E0,9.624691010E0,9.788435217E0
1.444732417E1,1.197100878E-1,-1.783680320E0,9.622296333E0,9.786952167E0
1.444932538E1,1.221042871E-1,-1.774103403E0,9.615114212E0,9.778178442E0
1.445132702E1,1.173158810E-1,-1.774103403E0,9.610325813E0,9.773411285E0
1.445332948E1,1.197100878E-1,-1.774103403E0,9.627084732E0,9.789920011E0
1.445533093E1,1.197100878E-1,-1.774103403E0,9.617507935E0,9.780502659E0
1.445733300E1,1.197100878E-1,-1.776497602E0,9.619902611E0,9.783291904E0
1.445933468E1,1.292868853E-1,-1.776497602E0,9.619902611E0,9.783413774E0
1.446133667E1,1.244984865E-1,-1.774103403E0,9.610325813E0,9.773500140E0
1.446333749E1,1.197100878E-1,-1.766920805E0,9.624691010E0,9.786266738E0
1.446533936E1,1.268926859E-1,-1.771709204E0,9.617507935E0,9.780159208E0
1.446734030E1,1.221042871E-1,-1.774103403E0,9.622296333E0,9.785240879E0
1.446934237E1,1.197100878E-1,-1.764526606E0,9.631873131E0,9.792898685E0
1.447134390E1,1.268926859E-1,-1.771709204E0,9.631873131E0,9.794285848E0
1.447334386E1,1.221042871E-1,-1.774103403E0,9.624691010E0,9.787595689E0
1.447534347E1,1.173158810E-1,-1.774103403E0,9.627084732E0,9.789891028E0
1.447734382E1,1.125274822E-1,-1.774103403E0,9.629479408E0,9.792189693E0
1.447934530E1,1.221042871E-1,-1.774103403E0,9.617507935E0,9.780532256E0
1.448134546E1,1.268926859E-1,-1.774103403E0,9.634267807E0,9.797074095E0
1.448334655E1,1.221042871E-1,-1.776497602E0,9.629479408E0,9.792738476E0
1.448534780E1,1.292868853E-1,-1.774103403E0,9.646238327E0,9.808877196E0
1.448734858E1,1.244984865E-1,-1.769315004E0,9.629479408E0,9.791468181E0
1.448935011E1,1.244984865E-1,-1.764526606E0,9.636661530E0,9.797668062E0
1.449135261E1,1.292868853E-1,-1.776497602E0,9.636661530E0,9.799893074E0
1.449335339E1,1.340752989E-1,-1.774103403E0,9.624691010E0,9.787752352E0
1.449535421E1,1.364694983E-1,-1.774103403E0,9.619902611E0,9.783076870E0
1.449735538E1,1.292868853E-1,-1.781286120E0,9.619902611E0,9.784284419E0
1.449935741E1,1.292868853E-1,-1.781286120E0,9.622296333E0,9.786637935E0
1.450135811E1,1.388636976E-1,-1.790862918E0,9.627084732E0,9.793223859E0
1.450335905E1,1.436520964E-1,-1.788468719E0,9.622296333E0,9.788148089E0
1.450535987E1,1.364694983E-1,-1.790862918E0,9.634267807E0,9.800251532E0
1.450735944E1,1.388636976E-1,-1.795651317E0,9.615114212E0,9.782334491E0
1.450935999E1,1.340752989E-1,-1.795651317E0,9.629479408E0,9.796387779E0
1.451136093E1,1.412578970E-1,-1.788468719E0,9.631873131E0,9.797527962E0
1.451336249E1,1.388636976E-1,-1.781286120E0,9.629479408E0,9.793831581E0
1.451536382E1,1.436520964E-1,-1.790862918E0,9.617507935E0,9.783878821E0
1.451736475E1,1.388636976E-1,-1.798045516E0,9.619902611E0,9.787480628E0
1.451936565E1,1.412578970E-1,-1.788468719E0,9.631873131E0,9.797527962E0
1.452136616E1,1.388636976E-1,-1.781286120E0,9.624691010E0,9.789123577E0
1.452336722E1,1.412578970E-1,-1.774103403E0,9.619902611E0,9.783144838E0
1.452536917E1,1.412578970E-1,-1.776497602E0,9.636661530E0,9.800058314E0
1.452737058E1,1.412578970E-1,-1.778891921E0,9.639056206E0,9.802847280E0
1.452937163E1,1.436520964E-1,-1.783680320E0,9.639056206E0,9.803752136E0
1.453137300E1,1.460463107E-1,-1.771709204E0,9.634267807E0,9.796907635E0
1.453337362E1,1.484405100E-1,-1.781286120E0,9.619902611E0,9.784556253E0
1.453537440E1,1.484405100E-1,-1.771709204E0,9.624691010E0,9.787525996E0
1.453737546E1,1.436520964E-1,-1.778891921E0,9.631873131E0,9.795819129E0
1.453937546E1,1.460463107E-1,-1.774103403E0,9.629479408E0,9.792632235E0
1.454137729E1,1.508347094E-1,-1.783680320E0,9.629479408E0,9.794444357E0
1.454337835E1,1.484405100E-1,-1.781286120E0,9.624691010E0,9.789264112E0
1.454538007E1,1.532289088E-1,-1.783680320E0,9.619902611E0,9.785066215E0
1.454738151E1,1.508347094E-1,-1.774103403E0,9.622296333E0,9.785641559E0
1.454938300E1,1.556231081E-1,-1.776497602E0,9.619902611E0,9.783797245E0
1.455138413E1,1.580173075E-1,-1.786074519E0,9.617507935E0,9.783224955E0
1.455338499E1,1.628057212E-1,-1.783680320E0,9.607931137E0,9.773451894E0
1.455538581E1,1.508347094E-1,-1.786074519E0,9.624691010E0,9.790173151E0
1.455738612E1,1.436520964E-1,-1.783680320E0,9.634267807E0,9.799044218E0
1.455938640E1,1.436520964E-1,-1.788468719E0,9.627084732E0,9.792855392E0
1.456138647E1,1.460463107E-1,-1.793257117E0,9.631873131E0,9.798473382E0
1.456338745E1,1.580173075E-1,-1.800439715E0,9.631873131E0,9.799976155E0
1.456538788E1,1.508347094E-1,-1.800439715E0,9.636661530E0,9.804569328E0
1.456738823E1,1.484405100E-1,-1.805228114E0,9.639056206E0,9.807766701E0
1.456938870E1,1.484405100E-1,-1.805228114E0,9.639056206E0,9.807766701E0
1.457138850E1,1.484405100E-1,-1.802833915E0,9.634267807E0,9.802620103E0
1.457338866E1,1.460463107E-1,-1.798045516E0,9.629479408E0,9.796998054E0
1.457538940E1,1.436520964E-1,-1.805228114E0,9.629479408E0,9.798283428E0
1.457739042E1,1.436520964E-1,-1.805228114E0,9.629479408E0,9.798283428E0
1.457939143E1,1.364694983E-1,-1.805228114E0,9.631873131E0,9.800533275E0
1.458139280E1,1.340752989E-1,-1.817199111E0,9.627084732E0,9.798007411E0
1.458339362E1,1.412578970E-1,-1.817199111E0,9.627084732E0,9.798108330E0
1.458539436E1,1.460463107E-1,-1.807622313E0,9.627084732E0,9.796406912E0
1.458739565E1,1.460463107E-1,-1.802833915E0,9.639056206E0,9.807290359E0
1.458939569E1,1.460463107E-1,-1.810016513E0,9.634267807E0,9.803907664E0
1.459139643E1,1.532289088E-1,-1.805228114E0,9.624691010E0,9.793722718E0
1.459339718E1,1.460463107E-1,-1.800439715E0,9.622296333E0,9.790377900E0
1.459539792E1,1.412578970E-1,-1.798045516E0,9.629479408E0,9.796927842E0
1.459739792E1,1.412578970E-1,-1.786074519E0,9.634267807E0,9.799445503E0
1.459939878E1,1.484405100E-1,-1.781286120E0,9.624691010E0,9.789264112E0
1.460140018E1,1.532289088E-1,-1.781286120E0,9.619902611E0,9.784630069E0
1.460340116E1,1.484405100E-1,-1.786074519E0,9.617507935E0,9.783074959E0
1.460540100E1,1.484405100E-1,-1.783680320E0,9.631873131E0,9.796761203E0
1.460740096E1,1.532289088E-1,-1.781286120E0,9.624691010E0,9.789337892E0
1.460940058E1,1.508347094E-1,-1.783680320E0,9.624691010E0,9.789736647E0
1.461140093E1,1.460463107E-1,-1.778891921E0,9.617507935E0,9.781730157E0
1.461340159E1,1.484405100E-1,-1.774103403E0,9.627084732E0,9.790313473E0
1.461540245E1,1.532289088E-1,-1.774103403E0,9.617507935E0,9.780970343E0
1.461740460E1,1.532289088E-1,-1.778891921E0,9.629479408E0,9.793610633E0
1.461940491E1,1.556231081E-1,-1.776497602E0,9.624691010E0,9.788505469E0
1.462140593E1,1.532289088E-1,-1.776497602E0,9.627084732E0,9.790821379E0
1.462340678E1,1.580173075E-1,-1.781286120E0,9.636661530E0,9.801183354E0
1.462540718E1,1.556231081E-1,-1.783680320E0,9.636661530E0,9.801580458E0
1.462740921E1,1.556231081E-1,-1.788468719E0,9.641449928E0,9.807160426E0
1.462941093E1,1.556231081E-1,-1.783680320E0,9.634267807E0,9.799227021E0
1.463141253E1,1.532289088E-1,-1.798045516E0,9.636661530E0,9.804167084E0
1.463341468E1,1.412578970E-1,-1.798045516E0,9.624691010E0,9.792221326E0
1.463541675E1,1.460463107E-1,-1.800439715E0,9.639056206E0,9.806850526E0
1.463741757E1,1.388636976E-1,-1.790862918E0,9.639056206E0,9.804992486E0
1.463941839E1,1.292868853E-1,-1.786074519E0,9.639056206E0,9.803988057E0
1.464141975E1,1.268926859E-1,-1.786074519E0,9.639056206E0,9.803956777E0
1.464342112E1,1.340752989E-1,-1.790862918E0,9.651026726E0,9.816694099E0
1.464542202E1,1.316810995E-1,-1.798045516E0,9.660603523E0,9.827388668E0
1.464742272E1,1.197100878E-1,-1.793257117E0,9.646238327E0,9.812238045E0
1.464942428E1,1.101332754E-1,-1.793257117E0,9.636661530E0,9.802711149E0
1.465142542E1,1.197100878E-1,-1.795651317E0,9.631873131E0,9.798554698E0
1.465342682E1,1.149216816E-1,-1.790862918E0,9.643844604E0,9.809390182E0
1.465542718E1,1.173158810E-1,-1.783680320E0,9.639056206E0,9.803401605E0
1.465742800E1,1.197100878E-1,-1.783680320E0,9.639056206E0,9.803430549E0
1.465942905E1,1.149216816E-1,-1.781286120E0,9.639056206E0,9.802937915E0
1.466143081E1,1.173158810E-1,-1.781286120E0,9.636661530E0,9.800611649E0
1.466343206E1,1.268926859E-1,-1.786074519E0,9.639056206E0,9.803956777E0
1.466543300E1,1.221042871E-1,-1.776497602E0,9.627084732E0,9.790383732E0
1.466743483E1,1.101332754E-1,-1.783680320E0,9.629479408E0,9.793902108E0
1.466943698E1,1.173158810E-1,-1.786074519E0,9.619902611E0,9.785006461E0
1.467143905E1,1.244984865E-1,-1.778891921E0,9.610325813E0,9.774370495E0
1.467344065E1,1.173158810E-1,-1.778891921E0,9.612719536E0,9.776635227E0
1.467544194E1,1.149216816E-1,-1.786074519E0,9.615114212E0,9.780270471E0
1.467744323E1,1.173158810E-1,-1.781286120E0,9.617507935E0,9.781779088E0
1.467944436E1,1.221042871E-1,-1.771709204E0,9.622296333E0,9.784807085E0
1.468144569E1,1.173158810E-1,-1.766920805E0,9.615114212E0,9.776819189E0
1.468344768E1,1.173158810E-1,-1.774103403E0,9.603142738E0,9.766348159E0
1.468545112E1,1.221042871E-1,-1.764526606E0,9.598354340E0,9.759962583E0
1.468745198E1,1.292868853E-1,-1.754949808E0,9.600749016E0,9.760683664E0
1.468945397E1,1.268926859E-1,-1.752555609E0,9.598354340E0,9.757866516E0
1.469145604E1,1.340752989E-1,-1.759738207E0,9.607931137E0,9.768674192E0
1.469345749E1,1.316810995E-1,-1.757344007E0,9.610325813E0,9.770566008E0
1.469545839E1,1.316810995E-1,-1.769315004E0,9.603142738E0,9.765662597E0
1.469745975E1,1.197100878E-1,-1.764526606E0,9.600749016E0,9.762287965E0
1.469946116E1,1.221042871E-1,-1.764526606E0,9.595960617E0,9.757608506E0
1.470146241E1,1.244984865E-1,-1.759738207E0,9.598354340E0,9.759128263E0
1.470346386E1,1.268926859E-1,-1.754949808E0,9.605537415E0,9.765362236E0
1.470546468E1,1.268926859E-1,-1.757344007E0,9.610325813E0,9.770502646E0
1.470746558E1,1.244984865E-1,-1.747767210E0,9.617507935E0,9.775819606E0
1.470946780E1,1.173158810E-1,-1.752555609E0,9.622296333E0,9.781298529E0
1.471147050E1,1.197100878E-1,-1.757344007E0,9.622296333E0,9.782186626E0
1.471347253E1,1.101332754E-1,-1.764526606E0,9.617507935E0,9.778657492E0
1.471547421E1,1.173158810E-1,-1.759738207E0,9.610325813E0,9.770813877E0
1.471747538E1,1.125274822E-1,-1.752555609E0,9.607931137E0,9.767110849E0
1.471947714E1,1.197100878E-1,-1.764526606E0,9.627084732E0,9.788189061E0
1.472147897E1,1.149216816E-1,-1.764526606E0,9.631873131E0,9.792841321E0
1.472348085E1,1.077390760E-1,-1.766920805E0,9.634267807E0,9.795546591E0
1.472548245E1,1.077390760E-1,-1.769315004E0,9.631873131E0,9.793623604E0
1.472748358E1,1.053448766E-1,-1.771709204E0,9.636661530E0,9.798739535E0
1.472948573E1,1.125274822E-1,-1.778891921E0,9.624691010E0,9.788350011E0
1.473148679E1,1.149216816E-1,-1.778891921E0,9.622296333E0,9.786023206E0
1.473348831E1,1.125274822E-1,-1.788468719E0,9.627084732E0,9.792448276E0
1.473549081E1,1.077390760E-1,-1.778891921E0,9.631873131E0,9.795358298E0
1.473749218E1,1.053448766E-1,-1.781286120E0,9.629479408E0,9.793413678E0
1.473949261E1,1.173158810E-1,-1.793257117E0,9.629479408E0,9.795734162E0
1.474149343E1,1.173158810E-1,-1.790862918E0,9.636661530E0,9.802356780E0
1.474349444E1,1.197100878E-1,-1.790862918E0,9.643844604E0,9.809447449E0
1.474549616E1,1.221042871E-1,-1.786074519E0,9.641449928E0,9.806249455E0
1.474749808E1,1.197100878E-1,-1.786074519E0,9.636661530E0,9.801512033E0
1.474949890E1,1.244984865E-1,-1.788468719E0,9.631873131E0,9.797300661E0
1.475149983E1,1.244984865E-1,-1.783680320E0,9.634267807E0,9.798782145E0
1.475350054E1,1.316810995E-1,-1.783680320E0,9.641449928E0,9.805937595E0
1.475550171E1,1.388636976E-1,-1.795651317E0,9.641449928E0,9.808221220E0
1.475750350E1,1.484405100E-1,-1.781286120E0,9.643844604E0,9.808096328E0
1.475950499E1,1.460463107E-1,-1.790862918E0,9.643844604E0,9.809804191E0
1.476150620E1,1.460463107E-1,-1.790862918E0,9.634267807E0,9.800389568E0
1.476350788E1,1.436520964E-1,-1.786074519E0,9.643844604E0,9.808895803E0
1.476550928E1,1.532289088E-1,-1.786074519E0,9.643844604E0,9.809040730E0
1.476751085E1,1.508347094E-1,-1.788468719E0,9.646238327E0,9.811793176E0
1.476951206E1,1.532289088E-1,-1.793257117E0,9.643844604E0,9.810351112E0
1.477151280E1,1.580173075E-1,-1.788468719E0,9.627084732E0,9.793076650E0
1.477351460E1,1.508347094E-1,-1.783680320E0,9.639056206E0,9.803860012E0
1.477551585E1,1.508347094E-1,-1.793257117E0,9.636661530E0,9.803252911E0
1.477751694E1,1.508347094E-1,-1.788468719E0,9.624691010E0,9.790610221E0
1.477951831E1,1.628057212E-1,-1.788468719E0,9.631873131E0,9.797862321E0
1.478151983E1,1.580173075E-1,-1.793257117E0,9.631873131E0,9.798659121E0
1.478352058E1,1.580173075E-1,-1.795651317E0,9.636661530E0,9.803804290E0
1.478552202E1,1.580173075E-1,-1.802833915E0,9.631873131E0,9.800416297E0
1.478752335E1,1.556231081E-1,-1.802833915E0,9.617507935E0,9.786260141E0
1.478952491E1,1.580173075E-1,-1.798045516E0,9.622296333E0,9.790123793E0
1.479152675E1,1.604115069E-1,-1.802833915E0,9.624691010E0,9.793396704E0
1.479352850E1,1.508347094E-1,-1.810016513E0,9.619902611E0,9.789863999E0
1.479552975E1,1.484405100E-1,-1.802833915E0,9.607931137E0,9.776736953E0
1.479753089E1,1.460463107E-1,-1.800439715E0,9.619902611E0,9.788025283E0
1.479953198E1,1.460463107E-1,-1.798045516E0,9.627084732E0,9.794644335E0
1.480153284E1,1.532289088E-1,-1.814804912E0,9.612719536E0,9.783730007E0
1.480353370E1,1.460463107E-1,-1.819593310E0,9.615114212E0,9.786862145E0
1.480553433E1,1.532289088E-1,-1.805228114E0,9.619902611E0,9.789017003E0
1.480753511E1,1.460463107E-1,-1.807622313E0,9.627084732E0,9.796406912E0
1.480953589E1,1.316810995E-1,-1.814804912E0,9.615114212E0,9.785769162E0
1.481153784E1,1.292868853E-1,-1.817199111E0,9.619902611E0,9.790886270E0
1.481353897E1,1.460463107E-1,-1.812410712E0,9.622296333E0,9.792586422E0
1.481553987E1,1.460463107E-1,-1.812410712E0,9.619902611E0,9.790234336E0
1.481754077E1,1.388636976E-1,-1.812410712E0,9.624691010E0,9.794835003E0
1.481954198E1,1.412578970E-1,-1.817199111E0,9.634267807E0,9.805166117E0
1.482154253E1,1.364694983E-1,-1.817199111E0,9.636661530E0,9.807450330E0
1.482354276E1,1.412578970E-1,-1.812410712E0,9.627084732E0,9.797221383E0
1.482554405E1,1.436520964E-1,-1.802833915E0,9.610325813E0,9.779018779E0
1.482754499E1,1.436520964E-1,-1.805228114E0,9.605537415E0,9.774754907E0
1.482954581E1,1.388636976E-1,-1.807622313E0,9.619902611E0,9.789244496E0
1.483154600E1,1.316810995E-1,-1.807622313E0,9.624691010E0,9.793850896E0
1.483354663E1,1.316810995E-1,-1.802833915E0,9.612719536E0,9.781202733E0
1.483554702E1,1.292868853E-1,-1.800439715E0,9.605537415E0,9.773671127E0
1.483754761E1,1.316810995E-1,-1.800439715E0,9.612719536E0,9.780761727E0
1.483954921E1,1.340752989E-1,-1.802833915E0,9.617507935E0,9.785941201E0
1.484155132E1,1.340752989E-1,-1.793257117E0,9.610325813E0,9.777121740E0
1.484355327E1,1.340752989E-1,-1.795651317E0,9.617507935E0,9.784620519E0
1.484555542E1,1.388636976E-1,-1.798045516E0,9.605537415E0,9.773361746E0
1.484755745E1,1.460463107E-1,-1.793257117E0,9.615114212E0,9.781999894E0
1.484955956E1,1.508347094E-1,-1.788468719E0,9.627084732E0,9.792963387E0
1.485156112E1,1.436520964E-1,-1.783680320E0,9.619902611E0,9.784920932E0
1.485356264E1,1.388636976E-1,-1.776497602E0,9.610325813E0,9.774128559E0
1.485556425E1,1.388636976E-1,-1.781286120E0,9.605537415E0,9.770292339E0
1.485756616E1,1.316810995E-1,-1.781286120E0,9.615114212E0,9.779608452E0
1.485956706E1,1.316810995E-1,-1.776497602E0,9.612719536E0,9.776382793E0
1.486156854E1,1.412578970E-1,-1.769315004E0,9.622296333E0,9.784631628E0
1.486357018E1,1.388636976E-1,-1.769315004E0,9.631873131E0,9.794015454E0
1.486557155E1,1.388636976E-1,-1.778891921E0,9.619902611E0,9.783980061E0
1.486757343E1,1.508347094E-1,-1.781286120E0,9.617507935E0,9.782238508E0
1.486957577E1,1.556231081E-1,-1.781286120E0,9.627084732E0,9.791729124E0
1.487157714E1,1.508347094E-1,-1.774103403E0,9.622296333E0,9.785641559E0
1.487357913E1,1.532289088E-1,-1.766920805E0,9.627084732E0,9.789088245E0
1.487557983E1,1.508347094E-1,-1.766920805E0,9.615114212E0,9.777278842E0
1.487758132E1,1.460463107E-1,-1.759738207E0,9.619902611E0,9.780620344E0
1.487958319E1,1.460463107E-1,-1.759738207E0,9.622296333E0,9.782974742E0
1.488158436E1,1.436520964E-1,-1.774103403E0,9.634267807E0,9.797305496E0
1.488358616E1,1.460463107E-1,-1.766920805E0,9.641449928E0,9.803106415E0
1.488558776E1,1.532289088E-1,-1.766920805E0,9.639056206E0,9.800861838E0
1.488758901E1,1.460463107E-1,-1.776497602E0,9.629479408E0,9.793066268E0
1.488959097E1,1.508347094E-1,-1.769315004E0,9.631873131E0,9.794192499E0
1.489159210E1,1.436520964E-1,-1.766920805E0,9.629479408E0,9.791298113E0
1.489359409E1,1.412578970E-1,-1.769315004E0,9.624691010E0,9.786986585E0
1.489559542E1,1.460463107E-1,-1.774103403E0,9.634267807E0,9.797340894E0
1.489759690E1,1.484405100E-1,-1.778891921E0,9.641449928E0,9.805307123E0
1.489959792E1,1.651999205E-1,-1.778891921E0,9.641449928E0,9.805575159E0
1.490159811E1,1.556231081E-1,-1.771709204E0,9.634267807E0,9.797055080E0
1.490359874E1,1.580173075E-1,-1.774103403E0,9.646238327E0,9.809297947E0
1.490559987E1,1.532289088E-1,-1.786074519E0,9.634267807E0,9.799625374E0
1.490760124E1,1.604115069E-1,-1.793257117E0,9.631873131E0,9.798698023E0
1.490960308E1,1.580173075E-1,-1.786074519E0,9.634267807E0,9.799701416E0
1.491160456E1,1.532289088E-1,-1.783680320E0,9.631873131E0,9.796834927E0
1.491360558E1,1.436520964E-1,-1.778891921E0,9.617507935E0,9.781694703E0
1.491560577E1,1.484405100E-1,-1.771709204E0,9.627084732E0,9.789879904E0
1.491760675E1,1.364694983E-1,-1.764526606E0,9.634267807E0,9.795473151E0
1.491960862E1,1.484405100E-1,-1.769315004E0,9.624691010E0,9.787092888E0
1.492160975E1,1.484405100E-1,-1.764526606E0,9.634267807E0,9.795647243E0
1.492361073E1,1.580173075E-1,-1.766920805E0,9.624691010E0,9.786810289E0
1.492561272E1,1.436520964E-1,-1.762132406E0,9.639056206E0,9.799854646E0
1.492761405E1,1.436520964E-1,-1.764526606E0,9.641449928E0,9.802639787E0
1.492961558E1,1.388636976E-1,-1.769315004E0,9.636661530E0,9.798724618E0
1.493161702E1,1.412578970E-1,-1.766920805E0,9.629479408E0,9.791263279E0
1.493361831E1,1.412578970E-1,-1.769315004E0,9.636661530E0,9.798758840E0
1.493562054E1,1.412578970E-1,-1.764526606E0,9.624691010E0,9.786122060E0
1.493762253E1,1.508347094E-1,-1.769315004E0,9.612719536E0,9.775356954E0
1.493962370E1,1.484405100E-1,-1.771709204E0,9.615114212E0,9.778108682E0
1.494162448E1,1.436520964E-1,-1.769315004E0,9.634267807E0,9.796439541E0
1.494362647E1,1.436520964E-1,-1.766920805E0,9.622296333E0,9.784233837E0
1.494562862E1,1.460463107E-1,-1.769315004E0,9.624691010E0,9.787056868E0
1.494763022E1,1.460463107E-1,-1.766920805E0,9.627084732E0,9.788978450E0
1.494963163E1,1.316810995E-1,-1.769315004E0,9.624691010E0,9.786853045E0
1.495163335E1,1.292868853E-1,-1.776497602E0,9.629479408E0,9.792830669E0
1.495363436E1,1.244984865E-1,-1.766920805E0,9.617507935E0,9.779262134E0
1.495563483E1,1.197100878E-1,-1.766920805E0,9.617507935E0,9.779202345E0
1.495763632E1,1.149216816E-1,-1.766920805E0,9.607931137E0,9.769726550E0
1.495963858E1,1.149216816E-1,-1.764526606E0,9.607931137E0,9.769293827E0
1.496163987E1,1.173158810E-1,-1.762132406E0,9.610325813E0,9.771245359E0
1.496364143E1,1.173158810E-1,-1.759738207E0,9.610325813E0,9.770813877E0
1.496564300E1,1.197100878E-1,-1.764526606E0,9.624691010E0,9.785834746E0
1.496764475E1,1.173158810E-1,-1.766920805E0,9.629479408E0,9.790947136E0
1.496964577E1,1.221042871E-1,-1.769315004E0,9.622296333E0,9.784373857E0
1.497164788E1,1.221042871E-1,-1.769315004E0,9.615114212E0,9.777310793E0
1.497364948E1,1.173158810E-1,-1.759738207E0,9.627084732E0,9.787297993E0
1.497565104E1,1.221042871E-1,-1.762132406E0,9.627084732E0,9.787787314E0
1.497765171E1,1.244984865E-1,-1.771709204E0,9.627084732E0,9.789546150E0
1.497965257E1,1.173158810E-1,-1.776497602E0,9.636661530E0,9.799742455E0
1.498165350E1,1.197100878E-1,-1.778891921E0,9.610325813E0,9.774310677E0
1.498365534E1,1.173158810E-1,-1.771709204E0,9.612719536E0,9.775330858E0
1.498565683E1,1.149216816E-1,-1.776497602E0,9.629479408E0,9.792651551E0
1.498765757E1,1.173158810E-1,-1.776497602E0,9.636661530E0,9.799742455E0
1.498965928E1,1.244984865E-1,-1.769315004E0,9.617507935E0,9.779695002E0
1.499166116E1,1.244984865E-1,-1.769315004E0,9.619902611E0,9.782049974E0
1.499366335E1,1.173158810E-1,-1.776497602E0,9.629479408E0,9.792679941E0
1.499566452E1,1.173158810E-1,-1.771709204E0,9.627084732E0,9.789457439E0
1.499766565E1,1.197100878E-1,-1.769315004E0,9.636661530E0,9.798471897E0
1.499966667E1,1.221042871E-1,-1.778891921E0,9.631873131E0,9.795526833E0
1.500166917E1,1.221042871E-1,-1.769315004E0,9.629479408E0,9.791438031E0
1.500367093E1,1.197100878E-1,-1.766920805E0,9.631873131E0,9.793330365E0
1.500567331E1,1.292868853E-1,-1.764526606E0,9.622296333E0,9.783601380E0
1.500767530E1,1.316810995E-1,-1.764526606E0,9.627084732E0,9.788342786E0
1.500967733E1,1.292868853E-1,-1.778891921E0,9.629479408E0,9.793265300E0
1.501167886E1,1.340752989E-1,-1.781286120E0,9.617507935E0,9.781994444E0
1.501367933E1,1.316810995E-1,-1.781286120E0,9.634267807E0,9.798440505E0
1.501568065E1,1.268926859E-1,-1.774103403E0,9.631873131E0,9.794719222E0
1.501768206E1,1.197100878E-1,-1.776497602E0,9.627084732E0,9.790354165E0
1.501968382E1,1.197100878E-1,-1.774103403E0,9.634267807E0,9.796983697E0
1.502168444E1,1.149216816E-1,-1.776497602E0,9.648633003E0,9.811486613E0
1.502368573E1,1.221042871E-1,-1.776497602E0,9.641449928E0,9.804509672E0
1.502568714E1,1.221042871E-1,-1.774103403E0,9.629479408E0,9.792304428E0
1.502768909E1,1.244984865E-1,-1.781286120E0,9.636661530E0,9.800700258E0
1.502969198E1,1.197100878E-1,-1.783680320E0,9.631873131E0,9.796368000E0
1.503169374E1,1.268926859E-1,-1.778891921E0,9.634267807E0,9.797942355E0
1.503369499E1,1.268926859E-1,-1.786074519E0,9.629479408E0,9.794541215E0
1.503569643E1,1.292868853E-1,-1.781286120E0,9.627084732E0,9.791345964E0
1.503769780E1,1.268926859E-1,-1.781286120E0,9.641449928E0,9.805439241E0
1.503970015E1,1.221042871E-1,-1.783680320E0,9.643844604E0,9.808168213E0
1.504170194E1,1.268926859E-1,-1.788468719E0,9.634267807E0,9.799685622E0
1.504370354E1,1.221042871E-1,-1.788468719E0,9.619902611E0,9.785502340E0
1.504570534E1,1.173158810E-1,-1.781286120E0,9.619902611E0,9.784133559E0
1.504770780E1,1.125274822E-1,-1.781286120E0,9.619902611E0,9.784077316E0
1.504970925E1,1.173158810E-1,-1.778891921E0,9.631873131E0,9.795468314E0
1.505171128E1,1.244984865E-1,-1.795651317E0,9.631873131E0,9.798614368E0
1.505371124E1,1.244984865E-1,-1.788468719E0,9.627084732E0,9.792593153E0
1.505571132E1,1.244984865E-1,-1.786074519E0,9.622296333E0,9.787448533E0
1.505771300E1,1.197100878E-1,-1.798045516E0,9.634267807E0,9.801347579E0
1.505971409E1,1.268926859E-1,-1.795651317E0,9.629479408E0,9.796292109E0
1.506171526E1,1.268926859E-1,-1.795651317E0,9.624691010E0,9.791585287E0
1.506371686E1,1.340752989E-1,-1.793257117E0,9.619902611E0,9.786535317E0
1.506571780E1,1.388636976E-1,-1.793257117E0,9.627084732E0,9.793661963E0
1.506772007E1,1.292868853E-1,-1.795651317E0,9.624691010E0,9.791616607E0
1.506972198E1,1.244984865E-1,-1.795651317E0,9.629479408E0,9.796261389E0
1.507172448E1,1.268926859E-1,-1.795651317E0,9.636661530E0,9.803352021E0
1.507372640E1,1.244984865E-1,-1.790862918E0,9.624691010E0,9.790677550E0
1.507572862E1,1.292868853E-1,-1.800439715E0,9.619902611E0,9.787789562E0
1.507773061E1,1.340752989E-1,-1.800439715E0,9.615114212E0,9.783147789E0
1.507973241E1,1.340752989E-1,-1.798045516E0,9.622296333E0,9.789766626E0
1.508173358E1,1.316810995E-1,-1.788468719E0,9.622296333E0,9.787979720E0
1.508373468E1,1.316810995E-1,-1.800439715E0,9.617507935E0,9.785467896E0
1.508573600E1,1.292868853E-1,-1.788468719E0,9.627084732E0,9.792655201E0
1.508773718E1,1.292868853E-1,-1.788468719E0,9.624691010E0,9.790301961E0
1.508973858E1,1.292868853E-1,-1.795651317E0,9.622296333E0,9.789262765E0
1.509174022E1,1.173158810E-1,-1.786074519E0,9.629479408E0,9.794421825E0
1.509374194E1,1.244984865E-1,-1.783680320E0,9.629479408E0,9.794074179E0
1.509574432E1,1.268926859E-1,-1.783680320E0,9.636661530E0,9.801166393E0
1.509774581E1,1.244984865E-1,-1.781286120E0,9.629479408E0,9.793638435E0
1.509974729E1,1.244984865E-1,-1.781286120E0,9.634267807E0,9.798346610E0
1.510174901E1,1.292868853E-1,-1.783680320E0,9.627084732E0,9.791781810E0
1.510375147E1,1.340752989E-1,-1.783680320E0,9.619902611E0,9.784785021E0
1.510575288E1,1.292868853E-1,-1.783680320E0,9.622296333E0,9.787073991E0
1.510775452E1,1.316810995E-1,-1.788468719E0,9.629479408E0,9.795041294E0
1.510975561E1,1.268926859E-1,-1.793257117E0,9.627084732E0,9.793499542E0
1.511175741E1,1.268926859E-1,-1.786074519E0,9.634267807E0,9.799248957E0
1.511375952E1,1.292868853E-1,-1.790862918E0,9.629479408E0,9.795446838E0
1.511576124E1,1.292868853E-1,-1.774103403E0,9.622296333E0,9.785333142E0
1.511776300E1,1.268926859E-1,-1.778891921E0,9.634267807E0,9.797942355E0
1.511976409E1,1.388636976E-1,-1.781286120E0,9.627084732E0,9.791477100E0
1.512176518E1,1.388636976E-1,-1.786074519E0,9.624691010E0,9.789996034E0
1.512376659E1,1.364694983E-1,-1.793257117E0,9.629479408E0,9.795982273E0
1.512576831E1,1.340752989E-1,-1.776497602E0,9.631873131E0,9.795248844E0
1.512776929E1,1.316810995E-1,-1.783680320E0,9.619902611E0,9.784752508E0
1.512977046E1,1.268926859E-1,-1.786074519E0,9.629479408E0,9.794541215E0
1.513177194E1,1.268926859E-1,-1.778891921E0,9.629479408E0,9.793233985E0
1.513377354E1,1.268926859E-1,-1.776497602E0,9.619902611E0,9.783382428E0
1.513577468E1,1.388636976E-1,-1.783680320E0,9.627084732E0,9.791912941E0
1.513777487E1,1.388636976E-1,-1.783680320E0,9.629479408E0,9.794267317E0
1.513977585E1,1.340752989E-1,-1.788468719E0,9.627084732E0,9.792719591E0
1.514177768E1,1.316810995E-1,-1.778891921E0,9.622296333E0,9.786234368E0
1.514377968E1,1.364694983E-1,-1.786074519E0,9.617507935E0,9.782900643E0
1.514578182E1,1.484405100E-1,-1.786074519E0,9.612719536E0,9.778367637E0
1.514778366E1,1.364694983E-1,-1.790862918E0,9.619902611E0,9.786129989E0
1.514978530E1,1.292868853E-1,-1.790862918E0,9.631873131E0,9.797800013E0
1.515178675E1,1.292868853E-1,-1.790862918E0,9.629479408E0,9.795446838E0
1.515378710E1,1.412578970E-1,-1.781286120E0,9.629479408E0,9.793865821E0
1.515578804E1,1.388636976E-1,-1.783680320E0,9.627084732E0,9.791912941E0
1.515778874E1,1.364694983E-1,-1.781286120E0,9.617507935E0,9.782027553E0
1.515978936E1,1.340752989E-1,-1.781286120E0,9.619902611E0,9.784348863E0
1.516179034E1,1.316810995E-1,-1.783680320E0,9.629479408E0,9.794168115E0
1.516379202E1,1.484405100E-1,-1.783680320E0,9.634267807E0,9.799115585E0
1.516579436E1,1.508347094E-1,-1.783680320E0,9.636661530E0,9.801505600E0
1.516779569E1,1.436520964E-1,-1.778891921E0,9.617507935E0,9.781694703E0
1.516979761E1,1.412578970E-1,-1.778891921E0,9.622296333E0,9.786367916E0
1.517179874E1,1.412578970E-1,-1.781286120E0,9.629479408E0,9.793865821E0
1.517380003E1,1.292868853E-1,-1.781286120E0,9.636661530E0,9.800762255E0
1.517580003E1,1.340752989E-1,-1.783680320E0,9.624691010E0,9.789492770E0
1.517780022E1,1.484405100E-1,-1.783680320E0,9.615114212E0,9.780284831E0
1.517980108E1,1.436520964E-1,-1.783680320E0,9.624691010E0,9.789628616E0
1.518180249E1,1.412578970E-1,-1.781286120E0,9.631873131E0,9.796219375E0
1.518380425E1,1.388636976E-1,-1.786074519E0,9.627084732E0,9.792349348E0
1.518580530E1,1.340752989E-1,-1.783680320E0,9.610325813E0,9.775369758E0
1.518780725E1,1.316810995E-1,-1.781286120E0,9.619902611E0,9.784316348E0
1.518980862E1,1.316810995E-1,-1.776497602E0,9.622296333E0,9.785799424E0
1.519181038E1,1.364694983E-1,-1.783680320E0,9.627084732E0,9.791879281E0
1.519381186E1,1.412578970E-1,-1.769315004E0,9.619902611E0,9.782277629E0
1.519581249E1,1.412578970E-1,-1.778891921E0,9.627084732E0,9.791076075E0
1.519781393E1,1.412578970E-1,-1.781286120E0,9.622296333E0,9.786803399E0
1.519981612E1,1.436520964E-1,-1.786074519E0,9.619902611E0,9.785357651E0
1.520181839E1,1.292868853E-1,-1.781286120E0,9.615114212E0,9.779576507E0
1.520382030E1,1.364694983E-1,-1.778891921E0,9.622296333E0,9.786299971E0
1.520582214E1,1.436520964E-1,-1.774103403E0,9.627084732E0,9.790242042E0
1.520782405E1,1.340752989E-1,-1.774103403E0,9.646238327E0,9.808941479E0
1.520982518E1,1.340752989E-1,-1.781286120E0,9.634267807E0,9.798472973E0
1.521182718E1,1.364694983E-1,-1.781286120E0,9.627084732E0,9.791443438E0
1.521382788E1,1.436520964E-1,-1.769315004E0,9.629479408E0,9.791730449E0
1.521582948E1,1.436520964E-1,-1.769315004E0,9.624691010E0,9.787021433E0
1.521783034E1,1.412578970E-1,-1.781286120E0,9.619902611E0,9.784449922E0
1.521983264E1,1.436520964E-1,-1.781286120E0,9.629479408E0,9.793900645E0
1.522183393E1,1.460463107E-1,-1.783680320E0,9.615114212E0,9.780248786E0
1.522383518E1,1.364694983E-1,-1.786074519E0,9.610325813E0,9.775840033E0
1.522583710E1,1.436520964E-1,-1.778891921E0,9.627084732E0,9.791110909E0
1.522783858E1,1.388636976E-1,-1.771709204E0,9.627084732E0,9.789739377E0
1.522983913E1,1.412578970E-1,-1.774103403E0,9.629479408E0,9.792561991E0
1.523183956E1,1.412578970E-1,-1.769315004E0,9.619902611E0,9.782277629E0
1.523384058E1,1.340752989E-1,-1.771709204E0,9.605537415E0,9.768483951E0
1.523584179E1,1.292868853E-1,-1.783680320E0,9.615114212E0,9.780012878E0
1.523784218E1,1.340752989E-1,-1.788468719E0,9.631873131E0,9.797427037E0
1.523984206E1,1.340752989E-1,-1.774103403E0,9.643844604E0,9.806587471E0
1.524184264E1,1.460463107E-1,-1.774103403E0,9.641449928E0,9.804403558E0
1.524384347E1,1.484405100E-1,-1.781286120E0,9.622296333E0,9.786909704E0
1.524584440E1,1.460463107E-1,-1.781286120E0,9.619902611E0,9.784520224E0
1.524784429E1,1.460463107E-1,-1.783680320E0,9.636661530E0,9.801433081E0
1.524984433E1,1.412578970E-1,-1.790862918E0,9.627084732E0,9.793258100E0
1.525184479E1,1.388636976E-1,-1.793257117E0,9.631873131E0,9.798368957E0
1.525384651E1,1.364694983E-1,-1.783680320E0,9.636661530E0,9.801295059E0
1.525584675E1,1.364694983E-1,-1.793257117E0,9.631873131E0,9.798335319E0
1.525784667E1,1.412578970E-1,-1.788468719E0,9.631873131E0,9.797527962E0
1.525984636E1,1.388636976E-1,-1.778891921E0,9.629479408E0,9.793396411E0
1.526184690E1,1.388636976E-1,-1.774103403E0,9.631873131E0,9.794881624E0
1.526384671E1,1.460463107E-1,-1.774103403E0,9.636661530E0,9.799694783E0
1.526584706E1,1.388636976E-1,-1.776497602E0,9.646238327E0,9.809441407E0
1.526784815E1,1.412578970E-1,-1.771709204E0,9.636661530E0,9.799191433E0
1.526985018E1,1.412578970E-1,-1.774103403E0,9.622296333E0,9.785498628E0
1.527185167E1,1.508347094E-1,-1.776497602E0,9.619902611E0,9.783722251E0
1.527385339E1,1.460463107E-1,-1.778891921E0,9.622296333E0,9.786438204E0
1.527585456E1,1.532289088E-1,-1.769315004E0,9.622296333E0,9.784811772E0
1.527785558E1,1.532289088E-1,-1.769315004E0,9.629479408E0,9.791875630E0
1.527985729E1,1.484405100E-1,-1.771709204E0,9.636661530E0,9.799297604E0
1.528185948E1,1.484405100E-1,-1.771709204E0,9.631873131E0,9.794588715E0
1.528386128E1,1.460463107E-1,-1.771709204E0,9.627084732E0,9.789843894E0
1.528586343E1,1.628057212E-1,-1.776497602E0,9.622296333E0,9.786267734E0
1.528786534E1,1.508347094E-1,-1.771709204E0,9.617507935E0,9.780499143E0
1.528986718E1,1.460463107E-1,-1.774103403E0,9.624691010E0,9.787923653E0
1.529186819E1,1.460463107E-1,-1.776497602E0,9.629479408E0,9.793066268E0
1.529386905E1,1.460463107E-1,-1.774103403E0,9.629479408E0,9.792632235E0
1.529586995E1,1.436520964E-1,-1.776497602E0,9.629479408E0,9.793030855E0
1.529787034E1,1.436520964E-1,-1.783680320E0,9.619902611E0,9.784920932E0
1.529987058E1,1.412578970E-1,-1.781286120E0,9.622296333E0,9.786803399E0
1.530187081E1,1.436520964E-1,-1.776497602E0,9.627084732E0,9.790676182E0
1.530387190E1,1.364694983E-1,-1.783680320E0,9.624691010E0,9.789525853E0
1.530587448E1,1.484405100E-1,-1.781286120E0,9.622296333E0,9.786909704E0
1.530787616E1,1.508347094E-1,-1.774103403E0,9.615114212E0,9.778579411E0
1.530987757E1,1.436520964E-1,-1.774103403E0,9.617507935E0,9.780825000E0
1.531187933E1,1.412578970E-1,-1.783680320E0,9.612719536E0,9.777824203E0
1.531388104E1,1.388636976E-1,-1.776497602E0,9.612719536E0,9.776482176E0
1.531588304E1,1.412578970E-1,-1.774103403E0,9.627084732E0,9.790207205E0
1.531788464E1,1.364694983E-1,-1.771709204E0,9.627084732E0,9.789705709E0
1.531988659E1,1.388636976E-1,-1.771709204E0,9.617507935E0,9.780321851E0
1.532188745E1,1.388636976E-1,-1.781286120E0,9.629479408E0,9.793831581E0
1.532388878E1,1.436520964E-1,-1.778891921E0,9.622296333E0,9.786402767E0
1.532589030E1,1.412578970E-1,-1.776497602E0,9.617507935E0,9.781224688E0
1.532789132E1,1.316810995E-1,-1.783680320E0,9.636661530E0,9.801229557E0
1.532989288E1,1.292868853E-1,-1.781286120E0,9.627084732E0,9.791345964E0
1.533189393E1,1.292868853E-1,-1.778891921E0,9.619902611E0,9.783848824E0
1.533389526E1,1.364694983E-1,-1.774103403E0,9.629479408E0,9.792494089E0
1.533589706E1,1.412578970E-1,-1.771709204E0,9.641449928E0,9.803900449E0
1.533789858E1,1.412578970E-1,-1.783680320E0,9.634267807E0,9.799009412E0
1.533990018E1,1.388636976E-1,-1.776497602E0,9.629479408E0,9.792961786E0
1.534190077E1,1.412578970E-1,-1.781286120E0,9.627084732E0,9.791511348E0
1.534390194E1,1.388636976E-1,-1.783680320E0,9.629479408E0,9.794267317E0
1.534590319E1,1.436520964E-1,-1.783680320E0,9.629479408E0,9.794336378E0
1.534790491E1,1.436520964E-1,-1.774103403E0,9.634267807E0,9.797305496E0
1.534990561E1,1.316810995E-1,-1.786074519E0,9.631873131E0,9.796957799E0
1.535190686E1,1.412578970E-1,-1.778891921E0,9.627084732E0,9.791076075E0
1.535390925E1,1.388636976E-1,-1.769315004E0,9.619902611E0,9.782243350E0
1.535591108E1,1.508347094E-1,-1.781286120E0,9.639056206E0,9.803424702E0
1.535791272E1,1.484405100E-1,-1.781286120E0,9.646238327E0,9.810449974E0
1.535991386E1,1.484405100E-1,-1.788468719E0,9.629479408E0,9.795280936E0
1.536191452E1,1.412578970E-1,-1.786074519E0,9.624691010E0,9.790030286E0
1.536391600E1,1.436520964E-1,-1.783680320E0,9.619902611E0,9.784920932E0
1.536591706E1,1.460463107E-1,-1.781286120E0,9.622296333E0,9.786873683E0
1.536791909E1,1.436520964E-1,-1.790862918E0,9.617507935E0,9.783878821E0
1.536992140E1,1.460463107E-1,-1.786074519E0,9.627084732E0,9.792453837E0
1.537192253E1,1.532289088E-1,-1.788468719E0,9.631873131E0,9.797707868E0
1.537392323E1,1.580173075E-1,-1.783680320E0,9.629479408E0,9.794557602E0
1.537592452E1,1.508347094E-1,-1.783680320E0,9.629479408E0,9.794444357E0
1.537792640E1,1.484405100E-1,-1.790862918E0,9.639056206E0,9.805132794E0
1.537992753E1,1.412578970E-1,-1.786074519E0,9.631873131E0,9.797091200E0
1.538192901E1,1.436520964E-1,-1.776497602E0,9.624691010E0,9.788322465E0
1.538393061E1,1.484405100E-1,-1.788468719E0,9.619902611E0,9.785866399E0
1.538593261E1,1.556231081E-1,-1.788468719E0,9.612719536E0,9.778916902E0
1.538793366E1,1.556231081E-1,-1.774103403E0,9.617507935E0,9.781008144E0
1.538993386E1,1.484405100E-1,-1.776497602E0,9.629479408E0,9.793102266E0
1.539193499E1,1.436520964E-1,-1.778891921E0,9.634267807E0,9.798173736E0
1.539393604E1,1.436520964E-1,-1.778891921E0,9.619902611E0,9.784049194E0
1.539593671E1,1.460463107E-1,-1.781286120E0,9.622296333E0,9.786873683E0
1.539793858E1,1.484405100E-1,-1.783680320E0,9.627084732E0,9.792053437E0
1.539994030E1,1.484405100E-1,-1.788468719E0,9.622296333E0,9.788219535E0
1.540194331E1,1.436520964E-1,-1.778891921E0,9.629479408E0,9.793465478E0
1.540394554E1,1.484405100E-1,-1.781286120E0,9.629479408E0,9.793972049E0
1.540594725E1,1.436520964E-1,-1.783680320E0,9.627084732E0,9.791982018E0
1.540794905E1,1.532289088E-1,-1.783680320E0,9.634267807E0,9.799189291E0
1.540995042E1,1.508347094E-1,-1.790862918E0,9.639056206E0,9.805169332E0
1.541195198E1,1.388636976E-1,-1.788468719E0,9.639056206E0,9.804555473E0
1.541395374E1,1.316810995E-1,-1.793257117E0,9.631873131E0,9.798269797E0
1.541595561E1,1.364694983E-1,-1.793257117E0,9.634267807E0,9.800689322E0
1.541795761E1,1.436520964E-1,-1.798045516E0,9.646238327E0,9.813435559E0
1.541995811E1,1.436520964E-1,-1.800439715E0,9.643844604E0,9.811521689E0
1.542195819E1,1.364694983E-1,-1.802833915E0,9.643844604E0,9.811858784E0
1.542395928E1,1.388636976E-1,-1.788468719E0,9.636661530E0,9.802201228E0
1.542596073E1,1.364694983E-1,-1.790862918E0,9.639056206E0,9.804958871E0
1.542796229E1,1.364694983E-1,-1.783680320E0,9.646238327E0,9.810711150E0
1.542996452E1,1.340752989E-1,-1.793257117E0,9.648633003E0,9.814777945E0
1.543196515E1,1.412578970E-1,-1.798045516E0,9.639056206E0,9.806341112E0
1.543396569E1,1.388636976E-1,-1.790862918E0,9.651026726E0,9.816760666E0
1.543596597E1,1.412578970E-1,-1.793257117E0,9.646238327E0,9.812524586E0
1.543796718E1,1.292868853E-1,-1.793257117E0,9.627084732E0,9.793530856E0
1.543996780E1,1.364694983E-1,-1.793257117E0,9.636661530E0,9.803042408E0
1.544196843E1,1.244984865E-1,-1.790862918E0,9.646238327E0,9.811860360E0
1.544396956E1,1.149216816E-1,-1.795651317E0,9.636661530E0,9.803204378E0
1.544597022E1,1.173158810E-1,-1.795651317E0,9.646238327E0,9.812646969E0
1.544797233E1,1.221042871E-1,-1.795651317E0,9.639056206E0,9.805645193E0
1.544997382E1,1.316810995E-1,-1.788468719E0,9.631873131E0,9.797394566E0
1.545197530E1,1.364694983E-1,-1.790862918E0,9.634267807E0,9.800251532E0
1.545397694E1,1.316810995E-1,-1.778891921E0,9.631873131E0,9.795650891E0
1.545597866E1,1.268926859E-1,-1.778891921E0,9.631873131E0,9.795587692E0
1.545798050E1,1.292868853E-1,-1.783680320E0,9.631873131E0,9.796489708E0
1.545998178E1,1.244984865E-1,-1.783680320E0,9.631873131E0,9.796427684E0
1.546198339E1,1.292868853E-1,-1.774103403E0,9.627084732E0,9.790041799E0
1.546398530E1,1.388636976E-1,-1.774103403E0,9.622296333E0,9.785464360E0
1.546598725E1,1.268926859E-1,-1.766920805E0,9.605537415E0,9.767520663E0
1.546798835E1,1.292868853E-1,-1.764526606E0,9.600749016E0,9.762410097E0
1.546999073E1,1.340752989E-1,-1.757344007E0,9.605537415E0,9.765888755E0
1.547199304E1,1.340752989E-1,-1.759738207E0,9.607931137E0,9.768674192E0
1.547399530E1,1.292868853E-1,-1.759738207E0,9.605537415E0,9.766255305E0
1.547599761E1,1.316810995E-1,-1.759738207E0,9.600749016E0,9.761577748E0
1.547799987E1,1.340752989E-1,-1.759738207E0,9.612719536E0,9.773383837E0
1.548000159E1,1.340752989E-1,-1.757344007E0,9.603142738E0,9.763533408E0
1.548200428E1,1.268926859E-1,-1.750161409E0,9.610325813E0,9.769213323E0
1.548400589E1,1.268926859E-1,-1.745373011E0,9.617507935E0,9.775422629E0
1.548600725E1,1.340752989E-1,-1.747767210E0,9.603142738E0,9.761814220E0
1.548800928E1,1.244984865E-1,-1.750161409E0,9.607931137E0,9.766826791E0
1.549001050E1,1.173158810E-1,-1.754949808E0,9.615114212E0,9.774662815E0
1.549201182E1,1.053448766E-1,-1.754949808E0,9.605537415E0,9.765106010E0
1.549401257E1,1.173158810E-1,-1.747767210E0,9.605537415E0,9.763954233E0
1.549601370E1,1.173158810E-1,-1.733402014E0,9.607931137E0,9.763748578E0
1.549801448E1,1.244984865E-1,-1.733402014E0,9.615114212E0,9.770905983E0
1.550001620E1,1.173158810E-1,-1.733402014E0,9.617507935E0,9.773172690E0
1.550201655E1,1.101332754E-1,-1.733402014E0,9.615114212E0,9.770733503E0
1.550401827E1,1.077390760E-1,-1.747767210E0,9.610325813E0,9.768554661E0
1.550602034E1,1.221042871E-1,-1.752555609E0,9.607931137E0,9.767225878E0
1.550802222E1,1.173158810E-1,-1.759738207E0,9.603142738E0,9.763748871E0
1.551002413E1,1.173158810E-1,-1.759738207E0,9.617507935E0,9.777878116E0
1.551202538E1,1.268926859E-1,-1.759738207E0,9.624691010E0,9.785062971E0
1.551402647E1,1.197100878E-1,-1.759738207E0,9.617507935E0,9.777907135E0
1.551602800E1,1.221042871E-1,-1.759738207E0,9.619902611E0,9.780292135E0
1.551802890E1,1.268926859E-1,-1.764526606E0,9.624691010E0,9.785925246E0
1.552002933E1,1.197100878E-1,-1.764526606E0,9.643844604E0,9.804673549E0
1.552203050E1,1.173158810E-1,-1.764526606E0,9.641449928E0,9.802289216E0
1.552403179E1,1.173158810E-1,-1.759738207E0,9.641449928E0,9.801428380E0
1.552603253E1,1.292868853E-1,-1.757344007E0,9.658209801E0,9.817636661E0
1.552803366E1,1.388636976E-1,-1.762132406E0,9.641449928E0,9.802140096E0
1.553003448E1,1.436520964E-1,-1.766920805E0,9.624691010E0,9.786588889E0
1.553203554E1,1.364694983E-1,-1.766920805E0,9.624691010E0,9.786486095E0
1.553403706E1,1.268926859E-1,-1.771709204E0,9.631873131E0,9.794285848E0
1.553603846E1,1.364694983E-1,-1.771709204E0,9.634267807E0,9.796769549E0
1.553803975E1,1.412578970E-1,-1.762132406E0,9.636661530E0,9.797464460E0
1.554004116E1,1.340752989E-1,-1.771709204E0,9.641449928E0,9.803799590E0
1.554204335E1,1.460463107E-1,-1.774103403E0,9.641449928E0,9.804403558E0
1.554404522E1,1.508347094E-1,-1.774103403E0,9.643844604E0,9.806830923E0
1.554604741E1,1.508347094E-1,-1.786074519E0,9.636661530E0,9.801941580E0
1.554804933E1,1.532289088E-1,-1.783680320E0,9.639056206E0,9.803897139E0
1.555005194E1,1.484405100E-1,-1.783680320E0,9.648633003E0,9.813239470E0
1.555205417E1,1.436520964E-1,-1.783680320E0,9.655815125E0,9.820229994E0
1.555405620E1,1.508347094E-1,-1.786074519E0,9.641449928E0,9.806649276E0
1.555605772E1,1.508347094E-1,-1.783680320E0,9.629479408E0,9.794444357E0
1.555805890E1,1.580173075E-1,-1.786074519E0,9.631873131E0,9.797347175E0
1.556006022E1,1.580173075E-1,-1.790862918E0,9.639056206E0,9.805282454E0
1.556206167E1,1.604115069E-1,-1.793257117E0,9.641449928E0,9.808111931E0
1.556406292E1,1.604115069E-1,-1.793257117E0,9.641449928E0,9.808111931E0
1.556606433E1,1.532289088E-1,-1.790862918E0,9.619902611E0,9.786378050E0
1.556806514E1,1.436520964E-1,-1.802833915E0,9.627084732E0,9.795489089E0
1.557006628E1,1.556231081E-1,-1.802833915E0,9.624691010E0,9.793319443E0
1.557206839E1,1.484405100E-1,-1.810016513E0,9.624691010E0,9.794532730E0
1.557407100E1,1.508347094E-1,-1.800439715E0,9.629479408E0,9.797510294E0
1.557607421E1,1.580173075E-1,-1.800439715E0,9.631873131E0,9.799976155E0
1.557807640E1,1.580173075E-1,-1.810016513E0,9.624691010E0,9.794682551E0
1.558007944E1,1.580173075E-1,-1.810016513E0,9.622296333E0,9.792329446E0
1.558208245E1,1.675941199E-1,-1.790862918E0,9.634267807E0,9.800734358E0
1.558408515E1,1.532289088E-1,-1.793257117E0,9.629479408E0,9.796230084E0
1.558608682E1,1.484405100E-1,-1.805228114E0,9.619902611E0,9.788943220E0
1.558808846E1,1.556231081E-1,-1.805228114E0,9.612719536E0,9.781995909E0
1.559009065E1,1.556231081E-1,-1.812410712E0,9.627084732E0,9.797439032E0
1.559209128E1,1.580173075E-1,-1.810016513E0,9.627084732E0,9.797034739E0
1.559409222E1,1.532289088E-1,-1.817199111E0,9.627084732E0,9.798288225E0
1.559609292E1,1.532289088E-1,-1.814804912E0,9.627084732E0,9.797844477E0
1.559809425E1,1.556231081E-1,-1.810016513E0,9.624691010E0,9.794644218E0
1.560009468E1,1.556231081E-1,-1.805228114E0,9.631873131E0,9.800818696E0
1.560209565E1,1.484405100E-1,-1.807622313E0,9.627084732E0,9.796442898E0
1.560409741E1,1.460463107E-1,-1.817199111E0,9.622296333E0,9.793473789E0
1.560609925E1,1.556231081E-1,-1.807622313E0,9.627084732E0,9.796554365E0
1.560810030E1,1.412578970E-1,-1.821987510E0,9.624691010E0,9.796645819E0
1.561010190E1,1.484405100E-1,-1.812410712E0,9.622296333E0,9.792622422E0
1.561210284E1,1.484405100E-1,-1.810016513E0,9.622296333E0,9.792179588E0
1.561410358E1,1.484405100E-1,-1.802833915E0,9.617507935E0,9.786148557E0
1.561610495E1,1.508347094E-1,-1.800439715E0,9.619902611E0,9.788097901E0
1.561810643E1,1.484405100E-1,-1.805228114E0,9.627084732E0,9.796001407E0
1.562010811E1,1.412578970E-1,-1.807622313E0,9.619902611E0,9.789278751E0
1.562210839E1,1.436520964E-1,-1.802833915E0,9.627084732E0,9.795489089E0
1.562411077E1,1.460463107E-1,-1.802833915E0,9.634267807E0,9.802584140E0
1.562611147E1,1.436520964E-1,-1.802833915E0,9.624691010E0,9.793136529E0
1.562811237E1,1.460463107E-1,-1.805228114E0,9.627084732E0,9.795965420E0
1.563011405E1,1.412578970E-1,-1.802833915E0,9.617507935E0,9.786042243E0
1.563211589E1,1.460463107E-1,-1.800439715E0,9.622296333E0,9.790377900E0
1.563411714E1,1.412578970E-1,-1.798045516E0,9.631873131E0,9.799280661E0
1.563611940E1,1.436520964E-1,-1.800439715E0,9.634267807E0,9.802108716E0
1.563812136E1,1.436520964E-1,-1.795651317E0,9.631873131E0,9.798876445E0
1.564012304E1,1.436520964E-1,-1.790862918E0,9.622296333E0,9.788585835E0
1.564212429E1,1.412578970E-1,-1.798045516E0,9.617507935E0,9.785161232E0
1.564412682E1,1.364694983E-1,-1.793257117E0,9.619902611E0,9.786568411E0
1.564612850E1,1.436520964E-1,-1.788468719E0,9.629479408E0,9.795209541E0
1.564813065E1,1.436520964E-1,-1.793257117E0,9.629479408E0,9.796084967E0
1.565013186E1,1.436520964E-1,-1.786074519E0,9.629479408E0,9.794772677E0
1.565213370E1,1.364694983E-1,-1.783680320E0,9.634267807E0,9.798941554E0
1.565413690E1,1.364694983E-1,-1.793257117E0,9.615114212E0,9.781861598E0
1.565613929E1,1.364694983E-1,-1.786074519E0,9.617507935E0,9.782900643E0
1.565814116E1,1.412578970E-1,-1.783680320E0,9.619902611E0,9.784886076E0
1.566014300E1,1.460463107E-1,-1.781286120E0,9.629479408E0,9.793936055E0
1.566214444E1,1.436520964E-1,-1.781286120E0,9.629479408E0,9.793900645E0
1.566414604E1,1.484405100E-1,-1.769315004E0,9.627084732E0,9.789446900E0
1.566614706E1,1.508347094E-1,-1.776497602E0,9.619902611E0,9.783722251E0
1.566814858E1,1.436520964E-1,-1.778891921E0,9.629479408E0,9.793465478E0
1.567015050E1,1.484405100E-1,-1.771709204E0,9.631873131E0,9.794588715E0
1.567215124E1,1.388636976E-1,-1.754949808E0,9.622296333E0,9.782009951E0
1.567415272E1,1.436520964E-1,-1.766920805E0,9.624691010E0,9.786588889E0
1.567615370E1,1.412578970E-1,-1.776497602E0,9.624691010E0,9.788287621E0
1.567815518E1,1.388636976E-1,-1.776497602E0,9.617507935E0,9.781190405E0
1.568015686E1,1.412578970E-1,-1.774103403E0,9.629479408E0,9.792561991E0
1.568215905E1,1.292868853E-1,-1.771709204E0,9.639056206E0,9.801381185E0
1.568416288E1,1.244984865E-1,-1.769315004E0,9.639056206E0,9.800886694E0
1.568616522E1,1.316810995E-1,-1.774103403E0,9.639056206E0,9.801846119E0
1.568816819E1,1.268926859E-1,-1.769315004E0,9.629479408E0,9.791498916E0
1.569017108E1,1.268926859E-1,-1.771709204E0,9.634267807E0,9.796640824E0
1.569217257E1,1.268926859E-1,-1.774103403E0,9.627084732E0,9.790010474E0
1.569417534E1,1.173158810E-1,-1.769315004E0,9.629479408E0,9.791379488E0
1.569617800E1,1.197100878E-1,-1.769315004E0,9.634267807E0,9.796117714E0
1.569818069E1,1.244984865E-1,-1.769315004E0,9.636661530E0,9.798531568E0
1.570018265E1,1.221042871E-1,-1.771709204E0,9.639056206E0,9.801289073E0
1.570218530E1,1.149216816E-1,-1.774103403E0,9.629479408E0,9.792217499E0
1.570418870E1,1.125274822E-1,-1.776497602E0,9.631873131E0,9.794977599E0
1.570619210E1,1.149216816E-1,-1.778891921E0,9.636661530E0,9.800148412E0
1.570819452E1,1.125274822E-1,-1.776497602E0,9.634267807E0,9.797332410E0
1.571019663E1,1.197100878E-1,-1.783680320E0,9.619902611E0,9.784598726E0
1.571219874E1,1.197100878E-1,-1.783680320E0,9.639056206E0,9.803430549E0
1.571420159E1,1.268926859E-1,-1.774103403E0,9.631873131E0,9.794719222E0
1.571620429E1,1.221042871E-1,-1.771709204E0,9.634267807E0,9.796579971E0
1.571820550E1,1.268926859E-1,-1.774103403E0,9.629479408E0,9.792365307E0
1.572020718E1,1.292868853E-1,-1.764526606E0,9.612719536E0,9.774182632E0
1.572220886E1,1.316810995E-1,-1.759738207E0,9.622296333E0,9.782770834E0
1.572421018E1,1.292868853E-1,-1.762132406E0,9.624691010E0,9.785525164E0
1.572621159E1,1.292868853E-1,-1.769315004E0,9.622296333E0,9.784466128E0
1.572821304E1,1.292868853E-1,-1.771709204E0,9.615114212E0,9.777836668E0
1.573021530E1,1.340752989E-1,-1.759738207E0,9.612719536E0,9.773383837E0
1.573221772E1,1.340752989E-1,-1.764526606E0,9.624691010E0,9.786021018E0
1.573421944E1,1.316810995E-1,-1.764526606E0,9.619902611E0,9.781279073E0
1.573622179E1,1.340752989E-1,-1.762132406E0,9.619902611E0,9.780879973E0
1.573822362E1,1.340752989E-1,-1.747767210E0,9.615114212E0,9.773591342E0
1.574022538E1,1.292868853E-1,-1.747767210E0,9.617507935E0,9.775881760E0
1.574222870E1,1.292868853E-1,-1.754949808E0,9.619902611E0,9.779524026E0
1.574423151E1,1.244984865E-1,-1.759738207E0,9.622296333E0,9.782676789E0
1.574623350E1,1.292868853E-1,-1.759738207E0,9.605537415E0,9.766255305E0
1.574823640E1,1.268926859E-1,-1.757344007E0,9.607931137E0,9.768147237E0
1.575023925E1,1.268926859E-1,-1.764526606E0,9.615114212E0,9.776506391E0
1.575224210E1,1.244984865E-1,-1.766920805E0,9.619902611E0,9.781617210E0
1.575424542E1,1.316810995E-1,-1.762132406E0,9.631873131E0,9.792621229E0
1.575624776E1,1.292868853E-1,-1.764526606E0,9.629479408E0,9.790666112E0
1.575825050E1,1.340752989E-1,-1.759738207E0,9.622296333E0,9.782803354E0
1.576025272E1,1.316810995E-1,-1.766920805E0,9.619902611E0,9.781711266E0
1.576225499E1,1.221042871E-1,-1.762132406E0,9.619902611E0,9.780723200E0
1.576425698E1,1.173158810E-1,-1.766920805E0,9.615114212E0,9.776819189E0
1.576625940E1,1.221042871E-1,-1.764526606E0,9.622296333E0,9.783509101E0
1.576826229E1,1.173158810E-1,-1.771709204E0,9.624691010E0,9.787103430E0
1.577026487E1,1.149216816E-1,-1.769315004E0,9.619902611E0,9.781932775E0
1.577226706E1,1.197100878E-1,-1.766920805E0,9.624691010E0,9.786266738E0
1.577426870E1,1.197100878E-1,-1.771709204E0,9.627084732E0,9.789486424E0
1.577627225E1,1.197100878E-1,-1.759738207E0,9.619902611E0,9.780262538E0
1.577827573E1,1.173158810E-1,-1.769315004E0,9.627084732E0,9.789024417E0
1.578028022E1,1.221042871E-1,-1.764526606E0,9.631873131E0,9.792928245E0
1.578228382E1,1.316810995E-1,-1.766920805E0,9.636661530E0,9.798193429E0
1.578428686E1,1.292868853E-1,-1.766920805E0,9.627084732E0,9.788742752E0
1.578628991E1,1.292868853E-1,-1.776497602E0,9.631873131E0,9.795184472E0
1.578829409E1,1.268926859E-1,-1.774103403E0,9.641449928E0,9.804136951E0
1.579029761E1,1.292868853E-1,-1.771709204E0,9.634267807E0,9.796672128E0
1.579230140E1,1.316810995E-1,-1.781286120E0,9.622296333E0,9.786669857E0
1.579430483E1,1.292868853E-1,-1.774103403E0,9.629479408E0,9.792396625E0
1.579630866E1,1.340752989E-1,-1.774103403E0,9.627084732E0,9.790106205E0
1.579831249E1,1.412578970E-1,-1.769315004E0,9.631873131E0,9.794049693E0
1.580031620E1,1.244984865E-1,-1.776497602E0,9.646238327E0,9.809248568E0
1.580232065E1,1.244984865E-1,-1.771709204E0,9.634267807E0,9.796610105E0
1.580432593E1,1.292868853E-1,-1.771709204E0,9.629479408E0,9.791963147E0
1.580632991E1,1.316810995E-1,-1.771709204E0,9.631873131E0,9.794349056E0
1.580833362E1,1.244984865E-1,-1.774103403E0,9.624691010E0,9.787625850E0
1.581033706E1,1.340752989E-1,-1.769315004E0,9.617507935E0,9.779821606E0
1.581234007E1,1.364694983E-1,-1.774103403E0,9.631873131E0,9.794847973E0
1.581434280E1,1.412578970E-1,-1.774103403E0,9.631873131E0,9.794915859E0
1.581634573E1,1.460463107E-1,-1.774103403E0,9.636661530E0,9.799694783E0
1.581834886E1,1.412578970E-1,-1.783680320E0,9.639056206E0,9.803717347E0
1.582035140E1,1.364694983E-1,-1.788468719E0,9.636661530E0,9.802167603E0
1.582235390E1,1.364694983E-1,-1.783680320E0,9.641449928E0,9.806003066E0
1.582435694E1,1.388636976E-1,-1.788468719E0,9.641449928E0,9.806908800E0
1.582636030E1,1.364694983E-1,-1.790862918E0,9.627084732E0,9.793190203E0
1.582836276E1,1.388636976E-1,-1.790862918E0,9.636661530E0,9.802638346E0
1.583036511E1,1.412578970E-1,-1.783680320E0,9.646238327E0,9.810778926E0
1.583236772E1,1.436520964E-1,-1.793257117E0,9.639056206E0,9.805499047E0
1.583437108E1,1.484405100E-1,-1.793257117E0,9.646238327E0,9.812630612E0
1.583637386E1,1.556231081E-1,-1.786074519E0,9.641449928E0,9.806724094E0
1.583837655E1,1.580173075E-1,-1.788468719E0,9.641449928E0,9.807198710E0
1.584037913E1,1.508347094E-1,-1.795651317E0,9.631873131E0,9.798984374E0
1.584238171E1,1.508347094E-1,-1.788468719E0,9.629479408E0,9.795317511E0
1.584438378E1,1.532289088E-1,-1.790862918E0,9.636661530E0,9.802852367E0
1.584638597E1,1.460463107E-1,-1.788468719E0,9.629479408E0,9.795244946E0
1.584838768E1,1.532289088E-1,-1.790862918E0,9.629479408E0,9.795792095E0
1.585038874E1,1.580173075E-1,-1.798045516E0,9.646238327E0,9.813656353E0
1.585238956E1,1.580173075E-1,-1.795651317E0,9.643844604E0,9.810864991E0
1.585439140E1,1.532289088E-1,-1.790862918E0,9.627084732E0,9.793438085E0
1.585639253E1,1.508347094E-1,-1.783680320E0,9.636661530E0,9.801505600E0
1.585839362E1,1.556231081E-1,-1.793257117E0,9.622296333E0,9.789207137E0
1.586039495E1,1.508347094E-1,-1.798045516E0,9.617507935E0,9.785304168E0
1.586239702E1,1.460463107E-1,-1.786074519E0,9.622296333E0,9.787746341E0
1.586439843E1,1.460463107E-1,-1.786074519E0,9.624691010E0,9.790100548E0
1.586640015E1,1.436520964E-1,-1.788468719E0,9.634267807E0,9.799916962E0
1.586840202E1,1.436520964E-1,-1.790862918E0,9.627084732E0,9.793292927E0
1.587040417E1,1.436520964E-1,-1.788468719E0,9.622296333E0,9.788148089E0
1.587240640E1,1.532289088E-1,-1.781286120E0,9.622296333E0,9.786983502E0
1.587440808E1,1.436520964E-1,-1.790862918E0,9.627084732E0,9.793292927E0
1.587640956E1,1.364694983E-1,-1.790862918E0,9.624691010E0,9.790837091E0
1.587841237E1,1.340752989E-1,-1.783680320E0,9.617507935E0,9.782430707E0
1.588041421E1,1.364694983E-1,-1.795651317E0,9.627084732E0,9.794066980E0
1.588241612E1,1.436520964E-1,-1.793257117E0,9.619902611E0,9.786671204E0
1.588441800E1,1.460463107E-1,-1.788468719E0,9.612719536E0,9.778769184E0
1.588642081E1,1.364694983E-1,-1.790862918E0,9.610325813E0,9.776716021E0
1.588842327E1,1.388636976E-1,-1.790862918E0,9.622296333E0,9.788516734E0
1.589042515E1,1.364694983E-1,-1.795651317E0,9.617507935E0,9.784653619E0
1.589242694E1,1.436520964E-1,-1.800439715E0,9.619902611E0,9.787989852E0
1.589442819E1,1.436520964E-1,-1.802833915E0,9.631873131E0,9.800195205E0
1.589642929E1,1.436520964E-1,-1.800439715E0,9.643844604E0,9.811521689E0
1.589843022E1,1.316810995E-1,-1.798045516E0,9.634267807E0,9.801501098E0
1.590043186E1,1.316810995E-1,-1.798045516E0,9.631873131E0,9.799147289E0
1.590243468E1,1.364694983E-1,-1.798045516E0,9.639056206E0,9.806273305E0
1.590443628E1,1.388636976E-1,-1.786074519E0,9.639056206E0,9.804119025E0
1.590643776E1,1.436520964E-1,-1.786074519E0,9.619902611E0,9.785357651E0
1.590844026E1,1.508347094E-1,-1.793257117E0,9.627084732E0,9.793839014E0
1.591044218E1,1.460463107E-1,-1.786074519E0,9.631873131E0,9.797161411E0
1.591244378E1,1.436520964E-1,-1.786074519E0,9.636661530E0,9.801833683E0
1.591444495E1,1.460463107E-1,-1.786074519E0,9.636661530E0,9.801869064E0
1.591644640E1,1.460463107E-1,-1.781286120E0,9.636661530E0,9.800997664E0
1.591844729E1,1.436520964E-1,-1.769315004E0,9.627084732E0,9.789375463E0
1.592044913E1,1.484405100E-1,-1.786074519E0,9.629479408E0,9.794844075E0
1.592245026E1,1.484405100E-1,-1.793257117E0,9.622296333E0,9.789095586E0
1.592445194E1,1.364694983E-1,-1.783680320E0,9.619902611E0,9.784818120E0
1.592645366E1,1.412578970E-1,-1.783680320E0,9.610325813E0,9.775470910E0
1.592845526E1,1.556231081E-1,-1.786074519E0,9.622296333E0,9.787893924E0
1.593045640E1,1.508347094E-1,-1.788468719E0,9.627084732E0,9.792963387E0
1.593245827E1,1.460463107E-1,-1.781286120E0,9.631873131E0,9.796289592E0
1.593446093E1,1.412578970E-1,-1.781286120E0,9.629479408E0,9.793865821E0
1.593646319E1,1.460463107E-1,-1.783680320E0,9.631873131E0,9.796725219E0
1.593846616E1,1.436520964E-1,-1.781286120E0,9.622296333E0,9.786838248E0
1.594046870E1,1.484405100E-1,-1.778891921E0,9.612719536E0,9.777058245E0
1.594247038E1,1.508347094E-1,-1.778891921E0,9.612719536E0,9.777094888E0
1.594447175E1,1.388636976E-1,-1.778891921E0,9.624691010E0,9.788688197E0
1.594647397E1,1.364694983E-1,-1.778891921E0,9.631873131E0,9.795716431E0
1.594847593E1,1.340752989E-1,-1.776497602E0,9.624691010E0,9.788186602E0
1.595047753E1,1.364694983E-1,-1.776497602E0,9.622296333E0,9.785865030E0
1.595247827E1,1.460463107E-1,-1.778891921E0,9.622296333E0,9.786438204E0
1.595448011E1,1.388636976E-1,-1.776497602E0,9.629479408E0,9.792961786E0
1.595648237E1,1.460463107E-1,-1.776497602E0,9.639056206E0,9.802483246E0
1.595848444E1,1.436520964E-1,-1.793257117E0,9.627084732E0,9.793731028E0
1.596048593E1,1.460463107E-1,-1.786074519E0,9.629479408E0,9.794808083E0
1.596248792E1,1.412578970E-1,-1.771709204E0,9.629479408E0,9.792128521E0
1.596449089E1,1.388636976E-1,-1.774103403E0,9.627084732E0,9.790172953E0
1.596649225E1,1.508347094E-1,-1.774103403E0,9.629479408E0,9.792704819E0
1.596849452E1,1.460463107E-1,-1.771709204E0,9.624691010E0,9.787489977E0
1.597049632E1,1.412578970E-1,-1.778891921E0,9.624691010E0,9.788722454E0
1.597249968E1,1.460463107E-1,-1.781286120E0,9.631873131E0,9.796289592E0
1.597450175E1,1.364694983E-1,-1.778891921E0,9.639056206E0,9.802779449E0
1.597650319E1,1.364694983E-1,-1.774103403E0,9.627084732E0,9.790139286E0
1.597850401E1,1.436520964E-1,-1.781286120E0,9.615114212E0,9.779776965E0
1.598050600E1,1.412578970E-1,-1.786074519E0,9.617507935E0,9.782968611E0
1.598250827E1,1.364694983E-1,-1.786074519E0,9.619902611E0,9.785254844E0
1.598450983E1,1.340752989E-1,-1.774103403E0,9.627084732E0,9.790106205E0
1.598651147E1,1.292868853E-1,-1.776497602E0,9.624691010E0,9.788122182E0
1.598851358E1,1.340752989E-1,-1.769315004E0,9.622296333E0,9.784530571E0
1.599051632E1,1.292868853E-1,-1.769315004E0,9.612719536E0,9.775048213E0
1.599251800E1,1.292868853E-1,-1.776497602E0,9.612719536E0,9.776350838E0
1.599451940E1,1.412578970E-1,-1.771709204E0,9.622296333E0,9.785064845E0
1.599652190E1,1.412578970E-1,-1.766920805E0,9.629479408E0,9.791263279E0
1.599852428E1,1.388636976E-1,-1.771709204E0,9.634267807E0,9.796803193E0
1.600052550E1,1.436520964E-1,-1.786074519E0,9.631873131E0,9.797126013E0
1.600252757E1,1.436520964E-1,-1.783680320E0,9.629479408E0,9.794336378E0
1.600452854E1,1.436520964E-1,-1.783680320E0,9.636661530E0,9.801397698E0
1.600653034E1,1.436520964E-1,-1.781286120E0,9.634267807E0,9.798608694E0
1.600853194E1,1.412578970E-1,-1.781286120E0,9.639056206E0,9.803282031E0
1.601053308E1,1.364694983E-1,-1.776497602E0,9.641449928E0,9.804699097E0
1.601253628E1,1.388636976E-1,-1.774103403E0,9.636661530E0,9.799590371E0
1.601453729E1,1.340752989E-1,-1.781286120E0,9.627084732E0,9.791410361E0
1.601653772E1,1.412578970E-1,-1.781286120E0,9.622296333E0,9.786803399E0
1.601853886E1,1.484405100E-1,-1.776497602E0,9.631873131E0,9.795456004E0
1.602053975E1,1.460463107E-1,-1.774103403E0,9.627084732E0,9.790277465E0
1.602254178E1,1.436520964E-1,-1.781286120E0,9.624691010E0,9.789192673E0
1.602454362E1,1.316810995E-1,-1.776497602E0,9.639056206E0,9.802279744E0
1.602654651E1,1.436520964E-1,-1.774103403E0,9.622296333E0,9.785533482E0
1.602854854E1,1.436520964E-1,-1.774103403E0,9.622296333E0,9.785533482E0
1.603055022E1,1.412578970E-1,-1.776497602E0,9.646238327E0,9.809475592E0
1.603255112E1,1.436520964E-1,-1.781286120E0,9.643844604E0,9.808025027E0
1.603455327E1,1.316810995E-1,-1.781286120E0,9.627084732E0,9.791377870E0
1.603655534E1,1.316810995E-1,-1.778891921E0,9.622296333E0,9.786234368E0
1.603855761E1,1.436520964E-1,-1.783680320E0,9.619902611E0,9.784920932E0
1.604055936E1,1.436520964E-1,-1.790862918E0,9.629479408E0,9.795646971E0
1.604256159E1,1.364694983E-1,-1.788468719E0,9.631873131E0,9.797460094E0
1.604456261E1,1.388636976E-1,-1.790862918E0,9.631873131E0,9.797931063E0
1.604656464E1,1.412578970E-1,-1.781286120E0,9.627084732E0,9.791511348E0
1.604856636E1,1.292868853E-1,-1.783680320E0,9.624691010E0,9.789428360E0
1.605056761E1,1.340752989E-1,-1.788468719E0,9.617507935E0,9.783304933E0
1.605256999E1,1.388636976E-1,-1.790862918E0,9.612719536E0,9.779102719E0
1.605457159E1,1.364694983E-1,-1.778891921E0,9.607931137E0,9.772175864E0
1.605657304E1,1.268926859E-1,-1.778891921E0,9.605537415E0,9.769693303E0
1.605857393E1,1.316810995E-1,-1.769315004E0,9.624691010E0,9.786853045E0
1.606057491E1,1.340752989E-1,-1.766920805E0,9.622296333E0,9.784097917E0
1.606257589E1,1.364694983E-1,-1.774103403E0,9.622296333E0,9.785430677E0
1.606457725E1,1.388636976E-1,-1.769315004E0,9.631873131E0,9.794015454E0
1.606657796E1,1.388636976E-1,-1.769315004E0,9.629479408E0,9.791661370E0
1.606857854E1,1.412578970E-1,-1.771709204E0,9.624691010E0,9.787419697E0
1.607057846E1,1.364694983E-1,-1.778891921E0,9.617507935E0,9.781591857E0
1.607257870E1,1.388636976E-1,-1.778891921E0,9.617507935E0,9.781625553E0
1.607457890E1,1.412578970E-1,-1.766920805E0,9.624691010E0,9.786554039E0
1.607658007E1,1.388636976E-1,-1.771709204E0,9.624691010E0,9.787385435E0
1.607858132E1,1.388636976E-1,-1.781286120E0,9.627084732E0,9.791477100E0
1.608058186E1,1.388636976E-1,-1.783680320E0,9.617507935E0,9.782497507E0
1.608258202E1,1.436520964E-1,-1.774103403E0,9.612719536E0,9.776116595E0
1.608458237E1,1.388636976E-1,-1.769315004E0,9.605537415E0,9.768116898E0
1.608658323E1,1.460463107E-1,-1.774103403E0,9.622296333E0,9.785568922E0
1.608858421E1,1.460463107E-1,-1.776497602E0,9.622296333E0,9.786003269E0
1.609058460E1,1.508347094E-1,-1.781286120E0,9.627084732E0,9.791654191E0
1.609258542E1,1.484405100E-1,-1.776497602E0,9.622296333E0,9.786039293E0
1.609458706E1,1.484405100E-1,-1.769315004E0,9.631873131E0,9.794155920E0
1.609658886E1,1.460463107E-1,-1.759738207E0,9.634267807E0,9.794749831E0
1.609859104E1,1.412578970E-1,-1.766920805E0,9.622296333E0,9.784198978E0
1.610059245E1,1.484405100E-1,-1.774103403E0,9.629479408E0,9.792668234E0
1.610259393E1,1.508347094E-1,-1.766920805E0,9.629479408E0,9.791406126E0
1.610459507E1,1.460463107E-1,-1.762132406E0,9.627084732E0,9.788115272E0
1.610659655E1,1.436520964E-1,-1.757344007E0,9.624691010E0,9.784864379E0
1.610859737E1,1.436520964E-1,-1.759738207E0,9.622296333E0,9.782939293E0
1.611059893E1,1.364694983E-1,-1.762132406E0,9.622296333E0,9.783267413E0
1.611260022E1,1.484405100E-1,-1.762132406E0,9.639056206E0,9.799926007E0
1.611460151E1,1.460463107E-1,-1.776497602E0,9.629479408E0,9.793066268E0
1.611660264E1,1.508347094E-1,-1.774103403E0,9.624691010E0,9.787996272E0
1.611860346E1,1.460463107E-1,-1.778891921E0,9.639056206E0,9.802917450E0
1.612060405E1,1.556231081E-1,-1.786074519E0,9.629479408E0,9.794955560E0
1.612260538E1,1.532289088E-1,-1.781286120E0,9.624691010E0,9.789337892E0
1.612460659E1,1.436520964E-1,-1.788468719E0,9.636661530E0,9.802270233E0
1.612660808E1,1.436520964E-1,-1.781286120E0,9.634267807E0,9.798608694E0
1.612860964E1,1.388636976E-1,-1.781286120E0,9.629479408E0,9.793831581E0
1.613060948E1,1.388636976E-1,-1.786074519E0,9.624691010E0,9.789996034E0
1.613260983E1,1.388636976E-1,-1.790862918E0,9.624691010E0,9.790870755E0
1.613461069E1,1.388636976E-1,-1.786074519E0,9.617507935E0,9.782934334E0
1.613661163E1,1.460463107E-1,-1.781286120E0,9.615114212E0,9.779812426E0
1.613861155E1,1.412578970E-1,-1.778891921E0,9.622296333E0,9.786367916E0
1.614061147E1,1.388636976E-1,-1.788468719E0,9.622296333E0,9.788078985E0
1.614260999E1,1.340752989E-1,-1.788468719E0,9.636661530E0,9.802134562E0
1.614460831E1,1.316810995E-1,-1.790862918E0,9.631873131E0,9.797831898E0
1.614660784E1,1.316810995E-1,-1.786074519E0,9.631873131E0,9.796957799E0
1.614860847E1,1.292868853E-1,-1.783680320E0,9.619902611E0,9.784720580E0
1.615060917E1,1.340752989E-1,-1.781286120E0,9.627084732E0,9.791410361E0
1.615261007E1,1.412578970E-1,-1.776497602E0,9.624691010E0,9.788287621E0
1.615461104E1,1.436520964E-1,-1.776497602E0,9.634267807E0,9.797739323E0
1.615661210E1,1.388636976E-1,-1.788468719E0,9.624691010E0,9.790433112E0
1.615861327E1,1.388636976E-1,-1.786074519E0,9.612719536E0,9.778226945E0
1.616061550E1,1.460463107E-1,-1.774103403E0,9.615114212E0,9.778506722E0
1.616261667E1,1.460463107E-1,-1.781286120E0,9.617507935E0,9.782165846E0
1.616461804E1,1.412578970E-1,-1.778891921E0,9.622296333E0,9.786367916E0
1.616661901E1,1.460463107E-1,-1.783680320E0,9.615114212E0,9.780248786E0
1.616861870E1,1.508347094E-1,-1.788468719E0,9.627084732E0,9.792963387E0
1.617062054E1,1.484405100E-1,-1.783680320E0,9.636661530E0,9.801469048E0
1.617262233E1,1.460463107E-1,-1.783680320E0,9.639056206E0,9.803787510E0
1.617462362E1,1.508347094E-1,-1.781286120E0,9.622296333E0,9.786946310E0
1.617662491E1,1.508347094E-1,-1.771709204E0,9.610325813E0,9.773436798E0
1.617862550E1,1.436520964E-1,-1.769315004E0,9.603142738E0,9.765831350E0
1.618062659E1,1.484405100E-1,-1.774103403E0,9.615114212E0,9.778542774E0
1.618262784E1,1.412578970E-1,-1.778891921E0,9.622296333E0,9.786367916E0
1.618462932E1,1.364694983E-1,-1.769315004E0,9.619902611E0,9.782209656E0
1.618663112E1,1.388636976E-1,-1.774103403E0,9.624691010E0,9.787819116E0
1.618863335E1,1.484405100E-1,-1.776497602E0,9.617507935E0,9.781331054E0
1.619063518E1,1.460463107E-1,-1.776497602E0,9.622296333E0,9.786003269E0
1.619263761E1,1.484405100E-1,-1.776497602E0,9.634267807E0,9.797810699E0
1.619463956E1,1.460463107E-1,-1.788468719E0,9.629479408E0,9.795244946E0
1.619664194E1,1.508347094E-1,-1.800439715E0,9.641449928E0,9.809275763E0
1.619864397E1,1.508347094E-1,-1.795651317E0,9.634267807E0,9.801338222E0
1.620064546E1,1.460463107E-1,-1.790862918E0,9.636661530E0,9.802742726E0
1.620264718E1,1.460463107E-1,-1.788468719E0,9.639056206E0,9.804659832E0
1.620464882E1,1.556231081E-1,-1.774103403E0,9.631873131E0,9.795133559E0
1.620665065E1,1.484405100E-1,-1.781286120E0,9.622296333E0,9.786909704E0
1.620865167E1,1.460463107E-1,-1.783680320E0,9.629479408E0,9.794371786E0
1.621065417E1,1.412578970E-1,-1.783680320E0,9.627084732E0,9.791947187E0
1.621265698E1,1.436520964E-1,-1.786074519E0,9.639056206E0,9.804188016E0
1.621465995E1,1.364694983E-1,-1.783680320E0,9.648633003E0,9.813065690E0
1.621666268E1,1.340752989E-1,-1.786074519E0,9.658209801E0,9.822884247E0
1.621866366E1,1.340752989E-1,-1.783680320E0,9.658209801E0,9.822449197E0
1.622066432E1,1.412578970E-1,-1.786074519E0,9.651026726E0,9.815922414E0
1.622266608E1,1.436520964E-1,-1.793257117E0,9.653421402E0,9.819620755E0
1.622466659E1,1.388636976E-1,-1.805228114E0,9.646238327E0,9.814685198E0
1.622666753E1,1.388636976E-1,-1.805228114E0,9.651026726E0,9.819391454E0
1.622866893E1,1.364694983E-1,-1.793257117E0,9.651026726E0,9.817164146E0
1.623066897E1,1.292868853E-1,-1.798045516E0,9.655815125E0,9.822649770E0
1.623266913E1,1.316810995E-1,-1.800439715E0,9.651026726E0,9.818413311E0
1.623466936E1,1.340752989E-1,-1.802833915E0,9.648633003E0,9.816532236E0
1.623667077E1,1.316810995E-1,-1.800439715E0,9.648633003E0,9.816060407E0
1.623867304E1,1.364694983E-1,-1.800439715E0,9.653421402E0,9.820832544E0
1.624067507E1,1.364694983E-1,-1.805228114E0,9.636661530E0,9.805239309E0
1.624267714E1,1.388636976E-1,-1.802833915E0,9.636661530E0,9.804832415E0
1.624467819E1,1.460463107E-1,-1.802833915E0,9.634267807E0,9.802584140E0
1.624667956E1,1.436520964E-1,-1.800439715E0,9.622296333E0,9.790342477E0
1.624867944E1,1.364694983E-1,-1.798045516E0,9.624691010E0,9.792153422E0
1.625067890E1,1.316810995E-1,-1.795651317E0,9.622296333E0,9.789294678E0
1.625267917E1,1.340752989E-1,-1.790862918E0,9.619902611E0,9.786096894E0
1.625468007E1,1.388636976E-1,-1.786074519E0,9.617507935E0,9.782934334E0
1.625668085E1,1.388636976E-1,-1.781286120E0,9.600749016E0,9.765584726E0
1.625868116E1,1.412578970E-1,-1.786074519E0,9.600749016E0,9.766493621E0
1.626068159E1,1.436520964E-1,-1.771709204E0,9.600749016E0,9.763911670E0
1.626268178E1,1.460463107E-1,-1.762132406E0,9.607931137E0,9.769277398E0
1.626468284E1,1.460463107E-1,-1.757344007E0,9.612719536E0,9.773124596E0
1.626668386E1,1.436520964E-1,-1.759738207E0,9.607931137E0,9.768810328E0
1.626868479E1,1.388636976E-1,-1.764526606E0,9.607931137E0,9.769604803E0
1.627068522E1,1.436520964E-1,-1.759738207E0,9.615114212E0,9.775875193E0
1.627268530E1,1.436520964E-1,-1.745373011E0,9.615114212E0,9.773299554E0
1.627468452E1,1.412578970E-1,-1.745373011E0,9.607931137E0,9.766197903E0
1.627668460E1,1.460463107E-1,-1.742978811E0,9.610325813E0,9.768196707E0
1.627868561E1,1.364694983E-1,-1.742978811E0,9.612719536E0,9.770413294E0
1.628068593E1,1.460463107E-1,-1.740584612E0,9.619902611E0,9.777192366E0
1.628268616E1,1.436520964E-1,-1.750161409E0,9.615114212E0,9.774155830E0
1.628468722E1,1.412578970E-1,-1.747767210E0,9.610325813E0,9.768981843E0
1.628668811E1,1.364694983E-1,-1.747767210E0,9.610325813E0,9.768913777E0
1.628868905E1,1.292868853E-1,-1.752555609E0,9.615114212E0,9.774384255E0
1.629069081E1,1.340752989E-1,-1.747767210E0,9.610325813E0,9.768880624E0
1.629269206E1,1.292868853E-1,-1.747767210E0,9.615114212E0,9.773526827E0
1.629469409E1,1.268926859E-1,-1.754949808E0,9.615114212E0,9.774782447E0
1.629669600E1,1.244984865E-1,-1.764526606E0,9.619902611E0,9.781185013E0
1.629869768E1,1.197100878E-1,-1.766920805E0,9.612719536E0,9.774493159E0
1.630069819E1,1.149216816E-1,-1.759738207E0,9.619902611E0,9.780205100E0
1.630269925E1,1.221042871E-1,-1.754949808E0,9.619902611E0,9.779431708E0
1.630470089E1,1.197100878E-1,-1.764526606E0,9.624691010E0,9.785834746E0
1.630670229E1,1.125274822E-1,-1.769315004E0,9.627084732E0,9.788968202E0
1.630870386E1,1.173158810E-1,-1.766920805E0,9.627084732E0,9.788591961E0
1.631070604E1,1.197100878E-1,-1.769315004E0,9.634267807E0,9.796117714E0
1.631270823E1,1.125274822E-1,-1.764526606E0,9.641449928E0,9.802233077E0
1.631471046E1,1.101332754E-1,-1.774103403E0,9.646238327E0,9.808643438E0
1.631671163E1,1.221042871E-1,-1.776497602E0,9.636661530E0,9.799800948E0
1.631871347E1,1.197100878E-1,-1.776497602E0,9.636661530E0,9.799771409E0
1.632071487E1,1.292868853E-1,-1.776497602E0,9.641449928E0,9.804601754E0
1.632271636E1,1.340752989E-1,-1.776497602E0,9.643844604E0,9.807020887E0
1.632471671E1,1.340752989E-1,-1.766920805E0,9.639056206E0,9.800581098E0
1.632671765E1,1.292868853E-1,-1.771709204E0,9.646238327E0,9.808444447E0
1.632871706E1,1.292868853E-1,-1.778891921E0,9.643844604E0,9.807390597E0
1.633071706E1,1.364694983E-1,-1.788468719E0,9.648633003E0,9.813937187E0
1.633271686E1,1.340752989E-1,-1.781286120E0,9.646238327E0,9.810243131E0
1.633471659E1,1.364694983E-1,-1.776497602E0,9.631873131E0,9.795281908E0
1.633671741E1,1.412578970E-1,-1.776497602E0,9.631873131E0,9.795349791E0
1.633871800E1,1.412578970E-1,-1.774103403E0,9.627084732E0,9.790207205E0
1.634071819E1,1.412578970E-1,-1.769315004E0,9.639056206E0,9.801113912E0
1.634271800E1,1.484405100E-1,-1.764526606E0,9.655815125E0,9.816840349E0
1.634471843E1,1.556231081E-1,-1.769315004E0,9.658209801E0,9.820168567E0
1.634671890E1,1.532289088E-1,-1.778891921E0,9.648633003E0,9.812443854E0
1.634872003E1,1.508347094E-1,-1.774103403E0,9.634267807E0,9.797413443E0
1.635072011E1,1.556231081E-1,-1.786074519E0,9.627084732E0,9.792601349E0
1.635271952E1,1.556231081E-1,-1.771709204E0,9.619902611E0,9.782928922E0
1.635471975E1,1.508347094E-1,-1.778891921E0,9.631873131E0,9.795927092E0
1.635672116E1,1.532289088E-1,-1.788468719E0,9.631873131E0,9.797707868E0
1.635872284E1,1.580173075E-1,-1.788468719E0,9.627084732E0,9.793076650E0
1.636072346E1,1.604115069E-1,-1.793257117E0,9.629479408E0,9.796345064E0
1.636272393E1,1.532289088E-1,-1.793257117E0,9.634267807E0,9.800937015E0
1.636472436E1,1.580173075E-1,-1.793257117E0,9.634267807E0,9.801013046E0
1.636672503E1,1.532289088E-1,-1.795651317E0,9.619902611E0,9.787255437E0
1.636872546E1,1.436520964E-1,-1.778891921E0,9.617507935E0,9.781694703E0
1.637072608E1,1.436520964E-1,-1.788468719E0,9.624691010E0,9.790502199E0
1.637272643E1,1.484405100E-1,-1.793257117E0,9.634267807E0,9.800863322E0
1.637472706E1,1.508347094E-1,-1.795651317E0,9.639056206E0,9.806045039E0
1.637672776E1,1.484405100E-1,-1.800439715E0,9.636661530E0,9.804532788E0
1.637872804E1,1.436520964E-1,-1.800439715E0,9.617507935E0,9.785636309E0
1.638072890E1,1.388636976E-1,-1.802833915E0,9.607931137E0,9.776596237E0
1.638273026E1,1.340752989E-1,-1.802833915E0,9.622296333E0,9.790647223E0
1.638473175E1,1.364694983E-1,-1.807622313E0,9.622296333E0,9.791563158E0
1.638673194E1,1.388636976E-1,-1.812410712E0,9.639056206E0,9.808951027E0
1.638873346E1,1.460463107E-1,-1.807622313E0,9.634267807E0,9.803465924E0
1.639073413E1,1.436520964E-1,-1.807622313E0,9.631873131E0,9.801077204E0
1.639273452E1,1.412578970E-1,-1.810016513E0,9.629479408E0,9.799131964E0
1.639473460E1,1.388636976E-1,-1.814804912E0,9.617507935E0,9.788220414E0
1.639673550E1,1.388636976E-1,-1.814804912E0,9.619902611E0,9.790573335E0
1.639873706E1,1.508347094E-1,-1.812410712E0,9.634267807E0,9.804422465E0
1.640073761E1,1.436520964E-1,-1.814804912E0,9.617507935E0,9.788289517E0
1.640273933E1,1.364694983E-1,-1.814804912E0,9.612719536E0,9.783481878E0
1.640474081E1,1.340752989E-1,-1.810016513E0,9.619902611E0,9.789620126E0
1.640674292E1,1.364694983E-1,-1.802833915E0,9.624691010E0,9.793033804E0
1.640874440E1,1.412578970E-1,-1.805228114E0,9.627084732E0,9.795895200E0
1.641074565E1,1.436520964E-1,-1.802833915E0,9.622296333E0,9.790783052E0
1.641274640E1,1.412578970E-1,-1.805228114E0,9.631873131E0,9.800601122E0
1.641474679E1,1.484405100E-1,-1.802833915E0,9.624691010E0,9.793207939E0
1.641674749E1,1.388636976E-1,-1.805228114E0,9.629479408E0,9.798214396E0
1.641874843E1,1.388636976E-1,-1.805228114E0,9.636661530E0,9.805272924E0
1.642074936E1,1.388636976E-1,-1.800439715E0,9.631873131E0,9.799686031E0
1.642275050E1,1.436520964E-1,-1.798045516E0,9.634267807E0,9.801669234E0
1.642475186E1,1.508347094E-1,-1.798045516E0,9.639056206E0,9.806483739E0
1.642675296E1,1.484405100E-1,-1.798045516E0,9.639056206E0,9.806447206E0
1.642875409E1,1.484405100E-1,-1.800439715E0,9.627084732E0,9.795120121E0
1.643075468E1,1.484405100E-1,-1.798045516E0,9.627084732E0,9.794680327E0
1.643275620E1,1.436520964E-1,-1.788468719E0,9.622296333E0,9.788148089E0
1.643475811E1,1.436520964E-1,-1.781286120E0,9.610325813E0,9.775069228E0
1.643675956E1,1.436520964E-1,-1.793257117E0,9.603142738E0,9.770197412E0
1.643876058E1,1.460463107E-1,-1.788468719E0,9.617507935E0,9.783476312E0
1.644076268E1,1.508347094E-1,-1.786074519E0,9.619902611E0,9.785465729E0
1.644276362E1,1.484405100E-1,-1.786074519E0,9.617507935E0,9.783074959E0
1.644476518E1,1.460463107E-1,-1.776497602E0,9.624691010E0,9.788357895E0
1.644676714E1,1.460463107E-1,-1.771709204E0,9.622296333E0,9.785135142E0
1.644876874E1,1.484405100E-1,-1.769315004E0,9.629479408E0,9.791801869E0
1.645077069E1,1.484405100E-1,-1.764526606E0,9.634267807E0,9.795647243E0
1.645277253E1,1.388636976E-1,-1.766920805E0,9.629479408E0,9.791229031E0
1.645477421E1,1.460463107E-1,-1.786074519E0,9.624691010E0,9.790100548E0
1.645677577E1,1.412578970E-1,-1.790862918E0,9.622296333E0,9.788550991E0
1.645877741E1,1.412578970E-1,-1.778891921E0,9.627084732E0,9.791076075E0
1.646078026E1,1.388636976E-1,-1.771709204E0,9.624691010E0,9.787385435E0
1.646278346E1,1.412578970E-1,-1.771709204E0,9.619902611E0,9.782710950E0
1.646478526E1,1.388636976E-1,-1.769315004E0,9.612719536E0,9.775179568E0
1.646678718E1,1.388636976E-1,-1.771709204E0,9.624691010E0,9.787385435E0
1.646878936E1,1.388636976E-1,-1.774103403E0,9.627084732E0,9.790172953E0
1.647079050E1,1.388636976E-1,-1.781286120E0,9.634267807E0,9.798539664E0
1.647279179E1,1.388636976E-1,-1.774103403E0,9.634267807E0,9.797236457E0
1.647479292E1,1.412578970E-1,-1.776497602E0,9.627084732E0,9.790641346E0
1.647679425E1,1.340752989E-1,-1.776497602E0,9.634267807E0,9.797603589E0
1.647879514E1,1.316810995E-1,-1.769315004E0,9.624691010E0,9.786853045E0
1.648079600E1,1.221042871E-1,-1.769315004E0,9.629479408E0,9.791438031E0
1.648279718E1,1.268926859E-1,-1.769315004E0,9.619902611E0,9.782080739E0
1.648479827E1,1.316810995E-1,-1.759738207E0,9.622296333E0,9.782770834E0
1.648679886E1,1.340752989E-1,-1.766920805E0,9.624691010E0,9.786453001E0
1.648880034E1,1.316810995E-1,-1.769315004E0,9.619902611E0,9.782144026E0
1.649080214E1,1.340752989E-1,-1.771709204E0,9.641449928E0,9.803799590E0
1.649280479E1,1.388636976E-1,-1.776497602E0,9.639056206E0,9.802378864E0
1.649480706E1,1.340752989E-1,-1.778891921E0,9.636661530E0,9.800391731E0
1.649680936E1,1.316810995E-1,-1.776497602E0,9.636661530E0,9.799924953E0
1.649881210E1,1.292868853E-1,-1.778891921E0,9.636661530E0,9.800327393E0
1.650081448E1,1.364694983E-1,-1.778891921E0,9.636661530E0,9.800424778E0
1.650281647E1,1.364694983E-1,-1.774103403E0,9.634267807E0,9.797202814E0
1.650481917E1,1.340752989E-1,-1.774103403E0,9.631873131E0,9.794814908E0
1.650682225E1,1.388636976E-1,-1.783680320E0,9.629479408E0,9.794267317E0
1.650882386E1,1.340752989E-1,-1.778891921E0,9.631873131E0,9.795683369E0
1.651082565E1,1.412578970E-1,-1.769315004E0,9.629479408E0,9.791695617E0
1.651282796E1,1.388636976E-1,-1.769315004E0,9.627084732E0,9.789306367E0
1.651482956E1,1.388636976E-1,-1.771709204E0,9.617507935E0,9.780321851E0
1.651683081E1,1.340752989E-1,-1.766920805E0,9.617507935E0,9.779388743E0
1.651883288E1,1.340752989E-1,-1.757344007E0,9.619902611E0,9.780018425E0
1.652083339E1,1.340752989E-1,-1.754949808E0,9.619902611E0,9.779588501E0
1.652283530E1,1.268926859E-1,-1.759738207E0,9.629479408E0,9.789772928E0
1.652483749E1,1.292868853E-1,-1.759738207E0,9.634267807E0,9.794514272E0
1.652683975E1,1.364694983E-1,-1.762132406E0,9.631873131E0,9.792686789E0
1.652884186E1,1.412578970E-1,-1.757344007E0,9.615114212E0,9.775409611E0
1.653084319E1,1.364694983E-1,-1.759738207E0,9.615114212E0,9.775772286E0
1.653284440E1,1.340752989E-1,-1.764526606E0,9.600749016E0,9.762474686E0
1.653484655E1,1.316810995E-1,-1.754949808E0,9.607931137E0,9.767780171E0
1.653684850E1,1.316810995E-1,-1.752555609E0,9.605537415E0,9.764995653E0
1.653885112E1,1.364694983E-1,-1.752555609E0,9.617507935E0,9.776836603E0
1.654085288E1,1.340752989E-1,-1.764526606E0,9.612719536E0,9.774247142E0
1.654285538E1,1.388636976E-1,-1.764526606E0,9.617507935E0,9.779023271E0
1.654485640E1,1.340752989E-1,-1.764526606E0,9.612719536E0,9.774247142E0
1.654685800E1,1.316810995E-1,-1.764526606E0,9.607931137E0,9.769505350E0
1.654885964E1,1.316810995E-1,-1.754949808E0,9.612719536E0,9.772490246E0
1.655086100E1,1.340752989E-1,-1.759738207E0,9.612719536E0,9.773383837E0
1.655286272E1,1.316810995E-1,-1.764526606E0,9.619902611E0,9.781279073E0
1.655486405E1,1.316810995E-1,-1.752555609E0,9.612719536E0,9.772060578E0
1.655686526E1,1.244984865E-1,-1.754949808E0,9.610325813E0,9.770041501E0
1.655886667E1,1.292868853E-1,-1.764526606E0,9.634267807E0,9.795375716E0
1.656086831E1,1.364694983E-1,-1.764526606E0,9.624691010E0,9.786054113E0
1.656287061E1,1.364694983E-1,-1.757344007E0,9.619902611E0,9.780051540E0
1.656487268E1,1.364694983E-1,-1.757344007E0,9.631873131E0,9.791826280E0
1.656687386E1,1.388636976E-1,-1.750161409E0,9.631873131E0,9.790573430E0
1.656887534E1,1.412578970E-1,-1.754949808E0,9.629479408E0,9.789110087E0
1.657087729E1,1.412578970E-1,-1.764526606E0,9.629479408E0,9.790831508E0
1.657287811E1,1.340752989E-1,-1.759738207E0,9.634267807E0,9.794578649E0
1.657487940E1,1.412578970E-1,-1.762132406E0,9.636661530E0,9.797464460E0
1.657688081E1,1.292868853E-1,-1.769315004E0,9.639056206E0,9.800948690E0
1.657888159E1,1.244984865E-1,-1.766920805E0,9.653421402E0,9.814583729E0
1.658088374E1,1.364694983E-1,-1.762132406E0,9.641449928E0,9.802106471E0
1.658288530E1,1.316810995E-1,-1.771709204E0,9.634267807E0,9.796704017E0
1.658488655E1,1.292868853E-1,-1.769315004E0,9.631873131E0,9.793884352E0
1.658688846E1,1.340752989E-1,-1.766920805E0,9.631873131E0,9.793516494E0
1.658889038E1,1.316810995E-1,-1.762132406E0,9.636661530E0,9.797331063E0
1.659089155E1,1.292868853E-1,-1.764526606E0,9.634267807E0,9.795375716E0
1.659289292E1,1.340752989E-1,-1.776497602E0,9.641449928E0,9.804666065E0
1.659489479E1,1.316810995E-1,-1.774103403E0,9.643844604E0,9.806555030E0
1.659689624E1,1.316810995E-1,-1.776497602E0,9.639056206E0,9.802279744E0
1.659889819E1,1.388636976E-1,-1.778891921E0,9.634267807E0,9.798104703E0
1.660089999E1,1.412578970E-1,-1.783680320E0,9.641449928E0,9.806070875E0
1.660290077E1,1.436520964E-1,-1.778891921E0,9.639056206E0,9.802882073E0
1.660490280E1,1.436520964E-1,-1.776497602E0,9.622296333E0,9.785967831E0
1.660690440E1,1.436520964E-1,-1.781286120E0,9.634267807E0,9.798608694E0
1.660890651E1,1.412578970E-1,-1.778891921E0,9.634267807E0,9.798138927E0
1.661090808E1,1.460463107E-1,-1.778891921E0,9.629479408E0,9.793500889E0
1.661290979E1,1.484405100E-1,-1.781286120E0,9.631873131E0,9.796325578E0
1.661491194E1,1.508347094E-1,-1.783680320E0,9.631873131E0,9.796797773E0
1.661691475E1,1.484405100E-1,-1.783680320E0,9.629479408E0,9.794407779E0
1.661891640E1,1.508347094E-1,-1.783680320E0,9.629479408E0,9.794444357E0
1.662091808E1,1.436520964E-1,-1.786074519E0,9.631873131E0,9.797126013E0
1.662291968E1,1.508347094E-1,-1.786074519E0,9.629479408E0,9.794880651E0
1.662492054E1,1.508347094E-1,-1.783680320E0,9.624691010E0,9.789736647E0
1.662692249E1,1.580173075E-1,-1.774103403E0,9.629479408E0,9.792818084E0
1.662892417E1,1.580173075E-1,-1.776497602E0,9.629479408E0,9.793252109E0
1.663092655E1,1.580173075E-1,-1.781286120E0,9.639056206E0,9.803537844E0
1.663292874E1,1.508347094E-1,-1.783680320E0,9.641449928E0,9.806213505E0
1.663493061E1,1.484405100E-1,-1.783680320E0,9.627084732E0,9.792053437E0
1.663693339E1,1.508347094E-1,-1.778891921E0,9.634267807E0,9.798281674E0
1.663893546E1,1.508347094E-1,-1.778891921E0,9.627084732E0,9.791218924E0
1.664093804E1,1.508347094E-1,-1.774103403E0,9.622296333E0,9.785641559E0
1.664294077E1,1.556231081E-1,-1.783680320E0,9.612719536E0,9.778042284E0
1.664494296E1,1.556231081E-1,-1.783680320E0,9.617507935E0,9.782749762E0
1.664694472E1,1.508347094E-1,-1.786074519E0,9.627084732E0,9.792526423E0
1.664894632E1,1.508347094E-1,-1.790862918E0,9.631873131E0,9.798108037E0
1.665094815E1,1.460463107E-1,-1.786074519E0,9.631873131E0,9.797161411E0
1.665294936E1,1.412578970E-1,-1.783680320E0,9.610325813E0,9.775470910E0
1.665495042E1,1.484405100E-1,-1.788468719E0,9.631873131E0,9.797634151E0
1.665695288E1,1.532289088E-1,-1.798045516E0,9.624691010E0,9.792401330E0
1.665895460E1,1.460463107E-1,-1.798045516E0,9.627084732E0,9.794644335E0
1.666095678E1,1.460463107E-1,-1.786074519E0,9.639056206E0,9.804223388E0
1.666295823E1,1.436520964E-1,-1.781286120E0,9.641449928E0,9.805670446E0
1.666495878E1,1.484405100E-1,-1.788468719E0,9.641449928E0,9.807049080E0
1.666696038E1,1.460463107E-1,-1.795651317E0,9.629479408E0,9.796558929E0
1.666896120E1,1.460463107E-1,-1.800439715E0,9.627084732E0,9.795084131E0
1.667096245E1,1.484405100E-1,-1.795651317E0,9.622296333E0,9.789534461E0
1.667296452E1,1.388636976E-1,-1.798045516E0,9.624691010E0,9.792187081E0
1.667496538E1,1.412578970E-1,-1.790862918E0,9.617507935E0,9.783843961E0
1.667696651E1,1.436520964E-1,-1.786074519E0,9.624691010E0,9.790065124E0
1.667896764E1,1.388636976E-1,-1.778891921E0,9.631873131E0,9.795750079E0
1.668096901E1,1.340752989E-1,-1.778891921E0,9.639056206E0,9.802746411E0
1.668297026E1,1.316810995E-1,-1.781286120E0,9.634267807E0,9.798440505E0
1.668497186E1,1.292868853E-1,-1.783680320E0,9.619902611E0,9.784720580E0
1.668697397E1,1.364694983E-1,-1.798045516E0,9.617507935E0,9.785093279E0
1.668897604E1,1.340752989E-1,-1.793257117E0,9.627084732E0,9.793595239E0
1.669097761E1,1.388636976E-1,-1.790862918E0,9.627084732E0,9.793223859E0
1.669297917E1,1.388636976E-1,-1.778891921E0,9.634267807E0,9.798104703E0
1.669498225E1,1.388636976E-1,-1.781286120E0,9.631873131E0,9.796185144E0
1.669698495E1,1.412578970E-1,-1.790862918E0,9.617507935E0,9.783843961E0
1.669898843E1,1.364694983E-1,-1.805228114E0,9.631873131E0,9.800533275E0
1.670099026E1,1.244984865E-1,-1.798045516E0,9.631873131E0,9.799053401E0
1.670299206E1,1.364694983E-1,-1.795651317E0,9.629479408E0,9.796420839E0
1.670499417E1,1.364694983E-1,-1.790862918E0,9.629479408E0,9.795544272E0
1.670699522E1,1.364694983E-1,-1.790862918E0,9.631873131E0,9.797897424E0
1.670899753E1,1.364694983E-1,-1.802833915E0,9.631873131E0,9.800092553E0
1.671099901E1,1.340752989E-1,-1.798045516E0,9.629479408E0,9.796826912E0
1.671300034E1,1.436520964E-1,-1.788468719E0,9.619902611E0,9.785794936E0
1.671500186E1,1.364694983E-1,-1.793257117E0,9.622296333E0,9.788921378E0
1.671700280E1,1.316810995E-1,-1.795651317E0,9.627084732E0,9.794001430E0
1.671900436E1,1.340752989E-1,-1.790862918E0,9.629479408E0,9.795511209E0
1.672100573E1,1.340752989E-1,-1.788468719E0,9.634267807E0,9.799781259E0
1.672300694E1,1.364694983E-1,-1.790862918E0,9.622296333E0,9.788483061E0
1.672500831E1,1.340752989E-1,-1.790862918E0,9.629479408E0,9.795511209E0
1.672700901E1,1.292868853E-1,-1.788468719E0,9.622296333E0,9.787947802E0
1.672901011E1,1.388636976E-1,-1.783680320E0,9.629479408E0,9.794267317E0
1.673101100E1,1.292868853E-1,-1.783680320E0,9.607931137E0,9.772951004E0
1.673301308E1,1.340752989E-1,-1.778891921E0,9.612719536E0,9.776850696E0
1.673501456E1,1.388636976E-1,-1.778891921E0,9.627084732E0,9.791041826E0
1.673701589E1,1.388636976E-1,-1.774103403E0,9.627084732E0,9.790172953E0
1.673901620E1,1.292868853E-1,-1.774103403E0,9.619902611E0,9.782979312E0
1.674101757E1,1.316810995E-1,-1.771709204E0,9.615114212E0,9.777868619E0
1.674301839E1,1.364694983E-1,-1.774103403E0,9.624691010E0,9.787785441E0
1.674501991E1,1.364694983E-1,-1.783680320E0,9.627084732E0,9.791879281E0
1.674702050E1,1.412578970E-1,-1.781286120E0,9.622296333E0,9.786803399E0
1.674902104E1,1.364694983E-1,-1.774103403E0,9.624691010E0,9.787785441E0
1.675103042E1,1.364694983E-1,-1.774103403E0,9.619902611E0,9.783076870E0
1.675302296E1,1.412578970E-1,-1.774103403E0,9.610325813E0,9.773727995E0
1.675502452E1,1.364694983E-1,-1.783680320E0,9.612719536E0,9.777756199E0
1.675702643E1,1.340752989E-1,-1.783680320E0,9.615114212E0,9.780077350E0
1.675902757E1,1.412578970E-1,-1.774103403E0,9.610325813E0,9.773727995E0
1.676102858E1,1.436520964E-1,-1.776497602E0,9.617507935E0,9.781259557E0
1.676302952E1,1.412578970E-1,-1.776497602E0,9.622296333E0,9.785932978E0
1.676503026E1,1.436520964E-1,-1.781286120E0,9.624691010E0,9.789192673E0
1.676703120E1,1.292868853E-1,-1.774103403E0,9.622296333E0,9.785333142E0
1.676903390E1,1.316810995E-1,-1.781286120E0,9.629479408E0,9.793732375E0
1.677103542E1,1.388636976E-1,-1.776497602E0,9.631873131E0,9.795315557E0
1.677303675E1,1.340752989E-1,-1.781286120E0,9.622296333E0,9.786702364E0
1.677503874E1,1.316810995E-1,-1.781286120E0,9.617507935E0,9.781961921E0
1.677703983E1,1.388636976E-1,-1.778891921E0,9.624691010E0,9.788688197E0
1.677904140E1,1.364694983E-1,-1.786074519E0,9.627084732E0,9.792315689E0
1.678104210E1,1.364694983E-1,-1.778891921E0,9.631873131E0,9.795716431E0
1.678304331E1,1.340752989E-1,-1.788468719E0,9.627084732E0,9.792719591E0
1.678504468E1,1.316810995E-1,-1.783680320E0,9.627084732E0,9.791813715E0
1.678704565E1,1.364694983E-1,-1.778891921E0,9.634267807E0,9.798071064E0
1.678904694E1,1.412578970E-1,-1.774103403E0,9.629479408E0,9.792561991E0
1.679104796E1,1.412578970E-1,-1.778891921E0,9.629479408E0,9.793430652E0
1.679304999E1,1.388636976E-1,-1.771709204E0,9.631873131E0,9.794448256E0
1.679505132E1,1.460463107E-1,-1.778891921E0,9.639056206E0,9.802917450E0
1.679705171E1,1.388636976E-1,-1.783680320E0,9.639056206E0,9.803683142E0
1.679905323E1,1.412578970E-1,-1.771709204E0,9.648633003E0,9.810964587E0
1.680105425E1,1.436520964E-1,-1.769315004E0,9.636661530E0,9.798793647E0
1.680305624E1,1.436520964E-1,-1.776497602E0,9.636661530E0,9.800093116E0
1.680505804E1,1.388636976E-1,-1.776497602E0,9.641449928E0,9.804732713E0
1.680705968E1,1.364694983E-1,-1.774103403E0,9.648633003E0,9.811329453E0
1.680906167E1,1.388636976E-1,-1.766920805E0,9.639056206E0,9.800647774E0
1.681106249E1,1.364694983E-1,-1.766920805E0,9.629479408E0,9.791195368E0
1.681306358E1,1.436520964E-1,-1.776497602E0,9.629479408E0,9.793030855E0
1.681506472E1,1.460463107E-1,-1.769315004E0,9.634267807E0,9.796474942E0
1.681706636E1,1.484405100E-1,-1.781286120E0,9.634267807E0,9.798680064E0
1.681906733E1,1.508347094E-1,-1.781286120E0,9.622296333E0,9.786946310E0
1.682106800E1,1.388636976E-1,-1.776497602E0,9.619902611E0,9.783545017E0
1.682306847E1,1.412578970E-1,-1.771709204E0,9.624691010E0,9.787419697E0
1.682506870E1,1.436520964E-1,-1.769315004E0,9.627084732E0,9.789375463E0
1.682706905E1,1.388636976E-1,-1.771709204E0,9.624691010E0,9.787385435E0
1.682906979E1,1.484405100E-1,-1.769315004E0,9.619902611E0,9.782383984E0
1.683107104E1,1.388636976E-1,-1.766920805E0,9.629479408E0,9.791229031E0
1.683307210E1,1.316810995E-1,-1.774103403E0,9.624691010E0,9.787719848E0
1.683507346E1,1.388636976E-1,-1.776497602E0,9.622296333E0,9.785898711E0
1.683707487E1,1.364694983E-1,-1.778891921E0,9.627084732E0,9.791008162E0
1.683907585E1,1.388636976E-1,-1.776497602E0,9.631873131E0,9.795315557E0
1.684107753E1,1.580173075E-1,-1.774103403E0,9.627084732E0,9.790463359E0
1.684307917E1,1.532289088E-1,-1.771709204E0,9.624691010E0,9.787599789E0
1.684508085E1,1.436520964E-1,-1.776497602E0,9.610325813E0,9.774197762E0
1.684708280E1,1.388636976E-1,-1.769315004E0,9.622296333E0,9.784597357E0
1.684908495E1,1.460463107E-1,-1.766920805E0,9.636661530E0,9.798397016E0
1.685108565E1,1.460463107E-1,-1.764526606E0,9.639056206E0,9.800320822E0
1.685308608E1,1.412578970E-1,-1.786074519E0,9.629479408E0,9.794737855E0
1.685508741E1,1.436520964E-1,-1.781286120E0,9.631873131E0,9.796254191E0
1.685708854E1,1.460463107E-1,-1.781286120E0,9.622296333E0,9.786873683E0
1.685908901E1,1.436520964E-1,-1.781286120E0,9.629479408E0,9.793900645E0
1.686108921E1,1.436520964E-1,-1.781286120E0,9.636661530E0,9.800962279E0
1.686308921E1,1.412578970E-1,-1.776497602E0,9.627084732E0,9.790641346E0
1.686509073E1,1.436520964E-1,-1.774103403E0,9.622296333E0,9.785533482E0
1.686709218E1,1.388636976E-1,-1.781286120E0,9.627084732E0,9.791477100E0
1.686909386E1,1.436520964E-1,-1.774103403E0,9.636661530E0,9.799659394E0
1.687109589E1,1.508347094E-1,-1.776497602E0,9.631873131E0,9.795492578E0
1.687309808E1,1.508347094E-1,-1.778891921E0,9.619902611E0,9.784157287E0
1.687509975E1,1.580173075E-1,-1.778891921E0,9.612719536E0,9.777208334E0
1.687710132E1,1.580173075E-1,-1.778891921E0,9.619902611E0,9.784270651E0
1.687910249E1,1.604115069E-1,-1.778891921E0,9.615114212E0,9.779601711E0
1.688110327E1,1.604115069E-1,-1.776497602E0,9.624691010E0,9.788582768E0
1.688310526E1,1.628057212E-1,-1.771709204E0,9.627084732E0,9.790108255E0
1.688510702E1,1.556231081E-1,-1.771709204E0,9.629479408E0,9.792346283E0
1.688710823E1,1.508347094E-1,-1.774103403E0,9.627084732E0,9.790350067E0
1.688911042E1,1.508347094E-1,-1.781286120E0,9.619902611E0,9.784592868E0
1.689111237E1,1.604115069E-1,-1.771709204E0,9.622296333E0,9.785360089E0
1.689311362E1,1.604115069E-1,-1.774103403E0,9.624691010E0,9.788148536E0
1.689511561E1,1.532289088E-1,-1.762132406E0,9.627084732E0,9.788225077E0
1.689711757E1,1.508347094E-1,-1.759738207E0,9.624691010E0,9.785402735E0
1.689911968E1,1.532289088E-1,-1.762132406E0,9.627084732E0,9.788225077E0
1.690112096E1,1.436520964E-1,-1.764526606E0,9.627084732E0,9.788511149E0
1.690312304E1,1.436520964E-1,-1.774103403E0,9.627084732E0,9.790242042E0
1.690512440E1,1.484405100E-1,-1.776497602E0,9.631873131E0,9.795456004E0
1.690712671E1,1.484405100E-1,-1.769315004E0,9.634267807E0,9.796510927E0
1.690912940E1,1.508347094E-1,-1.762132406E0,9.629479408E0,9.790543162E0
1.691113183E1,1.460463107E-1,-1.774103403E0,9.627084732E0,9.790277465E0
1.691313386E1,1.436520964E-1,-1.778891921E0,9.627084732E0,9.791110909E0
1.691513495E1,1.436520964E-1,-1.774103403E0,9.639056206E0,9.802014249E0
1.691713647E1,1.484405100E-1,-1.778891921E0,9.636661530E0,9.800598782E0
1.691913811E1,1.484405100E-1,-1.781286120E0,9.631873131E0,9.796325578E0
1.692113975E1,1.460463107E-1,-1.781286120E0,9.636661530E0,9.800997664E0
1.692314100E1,1.460463107E-1,-1.788468719E0,9.627084732E0,9.792890805E0
1.692514210E1,1.412578970E-1,-1.778891921E0,9.631873131E0,9.795784311E0
1.692714339E1,1.436520964E-1,-1.786074519E0,9.631873131E0,9.797126013E0
1.692914499E1,1.388636976E-1,-1.774103403E0,9.641449928E0,9.804299196E0
1.693114585E1,1.340752989E-1,-1.778891921E0,9.636661530E0,9.800391731E0
1.693314682E1,1.364694983E-1,-1.771709204E0,9.636661530E0,9.799123576E0
1.693514749E1,1.388636976E-1,-1.771709204E0,9.636661530E0,9.799157212E0
1.693714831E1,1.340752989E-1,-1.771709204E0,9.629479408E0,9.792027541E0
1.693914925E1,1.340752989E-1,-1.766920805E0,9.629479408E0,9.791162290E0
1.694114901E1,1.340752989E-1,-1.771709204E0,9.631873131E0,9.794381537E0
1.694314964E1,1.340752989E-1,-1.766920805E0,9.634267807E0,9.795871656E0
1.694515034E1,1.316810995E-1,-1.769315004E0,9.619902611E0,9.782144026E0
1.694715104E1,1.316810995E-1,-1.774103403E0,9.631873131E0,9.794782428E0
1.694915128E1,1.292868853E-1,-1.781286120E0,9.624691010E0,9.788992408E0
1.695115194E1,1.292868853E-1,-1.776497602E0,9.619902611E0,9.783413774E0
1.695315202E1,1.436520964E-1,-1.783680320E0,9.622296333E0,9.787274295E0
1.695515265E1,1.388636976E-1,-1.783680320E0,9.622296333E0,9.787205185E0
1.695715366E1,1.388636976E-1,-1.793257117E0,9.612719536E0,9.779541456E0
1.695915405E1,1.436520964E-1,-1.786074519E0,9.610325813E0,9.775942939E0
1.696115487E1,1.388636976E-1,-1.786074519E0,9.622296333E0,9.787641802E0
1.696315514E1,1.436520964E-1,-1.786074519E0,9.624691010E0,9.790065124E0
1.696515569E1,1.460463107E-1,-1.781286120E0,9.622296333E0,9.786873683E0
1.696715647E1,1.484405100E-1,-1.778891921E0,9.622296333E0,9.786474226E0
1.696915737E1,1.508347094E-1,-1.793257117E0,9.612719536E0,9.779718762E0
1.697115870E1,1.508347094E-1,-1.786074519E0,9.615114212E0,9.780758386E0
1.697316058E1,1.436520964E-1,-1.783680320E0,9.619902611E0,9.784920932E0
1.697516210E1,1.508347094E-1,-1.776497602E0,9.617507935E0,9.781367681E0
1.697716343E1,1.388636976E-1,-1.776497602E0,9.607931137E0,9.771774025E0
1.697916487E1,1.460463107E-1,-1.776497602E0,9.619902611E0,9.783649600E0
1.698116581E1,1.484405100E-1,-1.769315004E0,9.624691010E0,9.787092888E0
1.698316612E1,1.532289088E-1,-1.764526606E0,9.612719536E0,9.774528639E0
1.698516632E1,1.580173075E-1,-1.769315004E0,9.615114212E0,9.777825237E0
1.698716694E1,1.628057212E-1,-1.776497602E0,9.619902611E0,9.783914129E0
1.698916808E1,1.604115069E-1,-1.762132406E0,9.639056206E0,9.800114643E0
1.699117022E1,1.580173075E-1,-1.766920805E0,9.634267807E0,9.796228600E0
1.699317124E1,1.556231081E-1,-1.769315004E0,9.631873131E0,9.794267412E0
1.699517280E1,1.651999205E-1,-1.776497602E0,9.629479408E0,9.793370636E0
1.699717448E1,1.651999205E-1,-1.778891921E0,9.624691010E0,9.789097226E0
1.699917569E1,1.628057212E-1,-1.774103403E0,9.629479408E0,9.792896521E0
1.700117690E1,1.580173075E-1,-1.769315004E0,9.636661530E0,9.799014771E0
1.700317835E1,1.628057212E-1,-1.774103403E0,9.631873131E0,9.795250308E0
1.700517952E1,1.651999205E-1,-1.778891921E0,9.641449928E0,9.805575159E0
1.700718046E1,1.604115069E-1,-1.788468719E0,9.641449928E0,9.807237579E0
1.700918159E1,1.532289088E-1,-1.783680320E0,9.646238327E0,9.810958589E0
1.701118284E1,1.412578970E-1,-1.783680320E0,9.646238327E0,9.810778926E0
1.701318405E1,1.388636976E-1,-1.783680320E0,9.641449928E0,9.806036678E0
1.701518589E1,1.436520964E-1,-1.781286120E0,9.646238327E0,9.810378689E0
1.701718819E1,1.436520964E-1,-1.783680320E0,9.651026726E0,9.815521803E0
1.701918921E1,1.460463107E-1,-1.778891921E0,9.655815125E0,9.819396708E0
1.702119038E1,1.484405100E-1,-1.774103403E0,9.655815125E0,9.818566249E0
1.702319245E1,1.460463107E-1,-1.774103403E0,9.653421402E0,9.816176301E0
1.702519401E1,1.412578970E-1,-1.778891921E0,9.641449928E0,9.805201017E0
1.702719554E1,1.436520964E-1,-1.788468719E0,9.660603523E0,9.825808705E0
1.702919698E1,1.364694983E-1,-1.788468719E0,9.653421402E0,9.818644970E0
1.703119765E1,1.316810995E-1,-1.786074519E0,9.646238327E0,9.811081284E0
1.703319964E1,1.412578970E-1,-1.786074519E0,9.653421402E0,9.818276873E0
1.703520159E1,1.340752989E-1,-1.790862918E0,9.651026726E0,9.816694099E0
1.703720292E1,1.412578970E-1,-1.793257117E0,9.641449928E0,9.807817372E0
1.703920366E1,1.316810995E-1,-1.800439715E0,9.641449928E0,9.808999939E0
1.704120530E1,1.364694983E-1,-1.800439715E0,9.639056206E0,9.806712580E0
1.704320722E1,1.412578970E-1,-1.795651317E0,9.639056206E0,9.805902405E0
1.704520913E1,1.388636976E-1,-1.798045516E0,9.641449928E0,9.808659823E0
1.704720944E1,1.364694983E-1,-1.798045516E0,9.634267807E0,9.801566598E0
1.704921038E1,1.340752989E-1,-1.795651317E0,9.641449928E0,9.808154595E0
1.705121229E1,1.412578970E-1,-1.783680320E0,9.639056206E0,9.803717347E0
1.705321464E1,1.412578970E-1,-1.778891921E0,9.624691010E0,9.788722454E0
1.705521546E1,1.460463107E-1,-1.781286120E0,9.624691010E0,9.789228100E0
1.705721628E1,1.508347094E-1,-1.781286120E0,9.612719536E0,9.777530784E0
1.705921741E1,1.508347094E-1,-1.771709204E0,9.615114212E0,9.778145321E0
1.706121886E1,1.484405100E-1,-1.769315004E0,9.612719536E0,9.775320304E0
1.706322030E1,1.436520964E-1,-1.769315004E0,9.615114212E0,9.777603634E0
1.706522143E1,1.388636976E-1,-1.764526606E0,9.612719536E0,9.774313999E0
1.706722304E1,1.484405100E-1,-1.757344007E0,9.612719536E0,9.773160667E0
1.706922417E1,1.508347094E-1,-1.762132406E0,9.598354340E0,9.759931750E0
1.707122514E1,1.436520964E-1,-1.762132406E0,9.607931137E0,9.769241899E0
1.707322624E1,1.436520964E-1,-1.752555609E0,9.612719536E0,9.772229222E0
1.707522784E1,1.412578970E-1,-1.752555609E0,9.607931137E0,9.767484102E0
1.707722858E1,1.436520964E-1,-1.750161409E0,9.603142738E0,9.762379389E0
1.707922913E1,1.292868853E-1,-1.752555609E0,9.605537415E0,9.764963660E0
1.708122897E1,1.292868853E-1,-1.750161409E0,9.612719536E0,9.771599507E0
1.708322991E1,1.268926859E-1,-1.742978811E0,9.603142738E0,9.760862018E0
1.708523030E1,1.268926859E-1,-1.747767210E0,9.615114212E0,9.773495449E0
1.708723167E1,1.412578970E-1,-1.757344007E0,9.617507935E0,9.777764091E0
1.708923206E1,1.412578970E-1,-1.752555609E0,9.607931137E0,9.767484102E0
1.709123194E1,1.268926859E-1,-1.759738207E0,9.617507935E0,9.777997708E0
1.709323339E1,1.268926859E-1,-1.766920805E0,9.617507935E0,9.779292907E0
1.709523401E1,1.268926859E-1,-1.769315004E0,9.615114212E0,9.777371766E0
1.709723448E1,1.173158810E-1,-1.769315004E0,9.612719536E0,9.774897210E0
1.709923511E1,1.197100878E-1,-1.769315004E0,9.610325813E0,9.772572247E0
1.710123565E1,1.149216816E-1,-1.778891921E0,9.617507935E0,9.781314959E0
1.710323643E1,1.316810995E-1,-1.764526606E0,9.631873131E0,9.793052336E0
1.710523647E1,1.244984865E-1,-1.774103403E0,9.636661530E0,9.799397338E0
1.710723651E1,1.268926859E-1,-1.781286120E0,9.641449928E0,9.805439241E0
1.710923706E1,1.244984865E-1,-1.778891921E0,9.643844604E0,9.807328642E0
1.711123718E1,1.173158810E-1,-1.776497602E0,9.639056206E0,9.802097290E0
1.711323733E1,1.149216816E-1,-1.778891921E0,9.631873131E0,9.795439932E0
1.711523616E1,1.244984865E-1,-1.769315004E0,9.634267807E0,9.796177399E0
1.711723640E1,1.364694983E-1,-1.778891921E0,9.646238327E0,9.809841704E0
1.711923655E1,1.364694983E-1,-1.778891921E0,9.639056206E0,9.802779449E0
1.712123698E1,1.292868853E-1,-1.774103403E0,9.648633003E0,9.811232176E0
1.712323784E1,1.244984865E-1,-1.771709204E0,9.655815125E0,9.817801133E0
1.712523913E1,1.268926859E-1,-1.774103403E0,9.643844604E0,9.806491900E0
1.712723866E1,1.340752989E-1,-1.766920805E0,9.639056206E0,9.800581098E0
1.712923866E1,1.364694983E-1,-1.766920805E0,9.639056206E0,9.800614144E0
1.713123890E1,1.460463107E-1,-1.774103403E0,9.648633003E0,9.811467334E0
1.713323960E1,1.532289088E-1,-1.783680320E0,9.646238327E0,9.810958589E0
1.713524108E1,1.508347094E-1,-1.781286120E0,9.643844604E0,9.808132855E0
1.713724175E1,1.460463107E-1,-1.778891921E0,9.631873131E0,9.795854531E0
1.713924319E1,1.388636976E-1,-1.776497602E0,9.627084732E0,9.790607095E0
1.714124515E1,1.436520964E-1,-1.774103403E0,9.639056206E0,9.802014249E0
1.714324667E1,1.532289088E-1,-1.776497602E0,9.651026726E0,9.814363947E0
1.714524714E1,1.580173075E-1,-1.783680320E0,9.634267807E0,9.799265336E0
1.714724722E1,1.580173075E-1,-1.781286120E0,9.643844604E0,9.808245942E0
1.714924811E1,1.532289088E-1,-1.774103403E0,9.643844604E0,9.806868039E0
1.715124972E1,1.556231081E-1,-1.783680320E0,9.641449928E0,9.806288327E0
1.715325100E1,1.532289088E-1,-1.793257117E0,9.639056206E0,9.805644024E0
1.715525167E1,1.508347094E-1,-1.793257117E0,9.646238327E0,9.812667123E0
1.715725194E1,1.484405100E-1,-1.793257117E0,9.646238327E0,9.812630612E0
1.715925253E1,1.556231081E-1,-1.786074519E0,9.643844604E0,9.809078422E0
1.716125335E1,1.604115069E-1,-1.793257117E0,9.627084732E0,9.793991187E0
1.716325366E1,1.532289088E-1,-1.793257117E0,9.629479408E0,9.796230084E0
1.716525487E1,1.556231081E-1,-1.788468719E0,9.617507935E0,9.783623959E0
1.716725487E1,1.484405100E-1,-1.788468719E0,9.617507935E0,9.783512345E0
1.716925632E1,1.460463107E-1,-1.793257117E0,9.622296333E0,9.789059574E0
1.717125733E1,1.412578970E-1,-1.798045516E0,9.619902611E0,9.787514889E0
1.717325733E1,1.412578970E-1,-1.798045516E0,9.615114212E0,9.782808532E0
1.717525866E1,1.436520964E-1,-1.800439715E0,9.617507935E0,9.785636309E0
1.717725968E1,1.388636976E-1,-1.800439715E0,9.612719536E0,9.780861065E0
1.717926100E1,1.460463107E-1,-1.800439715E0,9.619902611E0,9.788025283E0
1.718126222E1,1.460463107E-1,-1.802833915E0,9.624691010E0,9.793171942E0
1.718326296E1,1.532289088E-1,-1.805228114E0,9.612719536E0,9.781958113E0
1.718526358E1,1.460463107E-1,-1.802833915E0,9.627084732E0,9.795524493E0
1.718726487E1,1.364694983E-1,-1.802833915E0,9.624691010E0,9.793033804E0
1.718926671E1,1.340752989E-1,-1.805228114E0,9.624691010E0,9.793441773E0
1.719126823E1,1.316810995E-1,-1.807622313E0,9.619902611E0,9.789145243E0
1.719326968E1,1.388636976E-1,-1.805228114E0,9.615114212E0,9.784096943E0
1.719527190E1,1.436520964E-1,-1.807622313E0,9.612719536E0,9.782254915E0
1.719727347E1,1.412578970E-1,-1.812410712E0,9.617507935E0,9.787811055E0
1.719927472E1,1.412578970E-1,-1.814804912E0,9.605537415E0,9.776493220E0
1.720127600E1,1.460463107E-1,-1.817199111E0,9.627084732E0,9.798178533E0
1.720327784E1,1.412578970E-1,-1.819593310E0,9.629479408E0,9.800905432E0
1.720527921E1,1.388636976E-1,-1.814804912E0,9.624691010E0,9.795278302E0
1.720727933E1,1.388636976E-1,-1.805228114E0,9.622296333E0,9.791155110E0
1.720927991E1,1.340752989E-1,-1.802833915E0,9.624691010E0,9.793000732E0
1.721128136E1,1.364694983E-1,-1.800439715E0,9.627084732E0,9.794946020E0
1.721328253E1,1.364694983E-1,-1.805228114E0,9.641449928E0,9.809945422E0
1.721528370E1,1.292868853E-1,-1.800439715E0,9.619902611E0,9.787789562E0
1.721728663E1,1.316810995E-1,-1.812410712E0,9.619902611E0,9.790030579E0
1.721928776E1,1.364694983E-1,-1.812410712E0,9.624691010E0,9.794801353E0
1.722128995E1,1.364694983E-1,-1.802833915E0,9.624691010E0,9.793033804E0
1.722329178E1,1.388636976E-1,-1.790862918E0,9.627084732E0,9.793223859E0
1.722529218E1,1.292868853E-1,-1.802833915E0,9.617507935E0,9.785876767E0
1.722729323E1,1.292868853E-1,-1.802833915E0,9.634267807E0,9.802348770E0
1.722929428E1,1.292868853E-1,-1.795651317E0,9.631873131E0,9.798676378E0
1.723129561E1,1.340752989E-1,-1.788468719E0,9.636661530E0,9.802134562E0
1.723329741E1,1.292868853E-1,-1.798045516E0,9.624691010E0,9.792055954E0
1.723529886E1,1.292868853E-1,-1.798045516E0,9.624691010E0,9.792055954E0
1.723729936E1,1.316810995E-1,-1.788468719E0,9.634267807E0,9.799748795E0
1.723929999E1,1.292868853E-1,-1.786074519E0,9.631873131E0,9.796925910E0
1.724130120E1,1.292868853E-1,-1.778891921E0,9.631873131E0,9.795618999E0
1.724330245E1,1.292868853E-1,-1.788468719E0,9.622296333E0,9.787947802E0
1.724530409E1,1.244984865E-1,-1.783680320E0,9.617507935E0,9.782304137E0
1.724730589E1,1.292868853E-1,-1.778891921E0,9.634267807E0,9.797973655E0
1.724930698E1,1.316810995E-1,-1.776497602E0,9.624691010E0,9.788154099E0
1.725130776E1,1.268926859E-1,-1.778891921E0,9.619902611E0,9.783817479E0
1.725330843E1,1.340752989E-1,-1.771709204E0,9.624691010E0,9.787318668E0
1.725530925E1,1.340752989E-1,-1.776497602E0,9.622296333E0,9.785831934E0
1.725730975E1,1.268926859E-1,-1.771709204E0,9.624691010E0,9.787222910E0
1.725931202E1,1.268926859E-1,-1.776497602E0,9.627084732E0,9.790444623E0
1.726131253E1,1.221042871E-1,-1.778891921E0,9.617507935E0,9.781401985E0
1.726331350E1,1.221042871E-1,-1.774103403E0,9.619902611E0,9.782887027E0
1.726531413E1,1.292868853E-1,-1.783680320E0,9.627084732E0,9.791781810E0
1.726731511E1,1.316810995E-1,-1.781286120E0,9.631873131E0,9.796085961E0
1.726931690E1,1.412578970E-1,-1.774103403E0,9.629479408E0,9.792561991E0
1.727131936E1,1.436520964E-1,-1.764526606E0,9.629479408E0,9.790866343E0
1.727332178E1,1.340752989E-1,-1.769315004E0,9.627084732E0,9.789239613E0
1.727532362E1,1.316810995E-1,-1.766920805E0,9.629479408E0,9.791129798E0
1.727732554E1,1.292868853E-1,-1.764526606E0,9.636661530E0,9.797730078E0
1.727932636E1,1.268926859E-1,-1.774103403E0,9.641449928E0,9.804136951E0
1.728132733E1,1.340752989E-1,-1.774103403E0,9.651026726E0,9.813650490E0
1.728332886E1,1.340752989E-1,-1.776497602E0,9.648633003E0,9.811729651E0
1.728532940E1,1.340752989E-1,-1.776497602E0,9.641449928E0,9.804666065E0
1.728733065E1,1.388636976E-1,-1.786074519E0,9.641449928E0,9.806472456E0
1.728933175E1,1.436520964E-1,-1.783680320E0,9.636661530E0,9.801397698E0
1.729133214E1,1.316810995E-1,-1.781286120E0,9.639056206E0,9.803148713E0
1.729333304E1,1.292868853E-1,-1.774103403E0,9.658209801E0,9.820650413E0
1.729533350E1,1.340752989E-1,-1.771709204E0,9.643844604E0,9.806154621E0
1.729733436E1,1.316810995E-1,-1.774103403E0,9.643844604E0,9.806555030E0
1.729933511E1,1.316810995E-1,-1.766920805E0,9.643844604E0,9.805258171E0
1.730133511E1,1.412578970E-1,-1.769315004E0,9.641449928E0,9.803468065E0
1.730333604E1,1.436520964E-1,-1.769315004E0,9.631873131E0,9.794084517E0
1.730533706E1,1.412578970E-1,-1.771709204E0,9.624691010E0,9.787419697E0
1.730733655E1,1.316810995E-1,-1.769315004E0,9.631873131E0,9.793916250E0
1.730933636E1,1.364694983E-1,-1.769315004E0,9.629479408E0,9.791627709E0
1.731133651E1,1.412578970E-1,-1.769315004E0,9.627084732E0,9.789340622E0
1.731333702E1,1.412578970E-1,-1.764526606E0,9.639056206E0,9.800250633E0
1.731533702E1,1.388636976E-1,-1.762132406E0,9.641449928E0,9.802140096E0
1.731733671E1,1.364694983E-1,-1.757344007E0,9.634267807E0,9.794181847E0
1.731933663E1,1.340752989E-1,-1.764526606E0,9.624691010E0,9.786021018E0
1.732133702E1,1.388636976E-1,-1.757344007E0,9.624691010E0,9.784795252E0
1.732333694E1,1.388636976E-1,-1.759738207E0,9.631873131E0,9.792289910E0
1.732533558E1,1.340752989E-1,-1.762132406E0,9.627084732E0,9.787943974E0
1.732733511E1,1.340752989E-1,-1.764526606E0,9.615114212E0,9.776602254E0
1.732933495E1,1.364694983E-1,-1.759738207E0,9.612719536E0,9.773416974E0
1.733133483E1,1.388636976E-1,-1.762132406E0,9.612719536E0,9.773882065E0
1.733333534E1,1.412578970E-1,-1.766920805E0,9.629479408E0,9.791263279E0
1.733533526E1,1.436520964E-1,-1.771709204E0,9.619902611E0,9.782745814E0
1.733733495E1,1.436520964E-1,-1.774103403E0,9.627084732E0,9.790242042E0
1.733933374E1,1.388636976E-1,-1.774103403E0,9.619902611E0,9.783110561E0
1.734133358E1,1.436520964E-1,-1.769315004E0,9.615114212E0,9.777603634E0
1.734333346E1,1.436520964E-1,-1.759738207E0,9.622296333E0,9.782939293E0
1.734533440E1,1.460463107E-1,-1.766920805E0,9.629479408E0,9.791333532E0
1.734733413E1,1.436520964E-1,-1.769315004E0,9.631873131E0,9.794084517E0
1.734933530E1,1.436520964E-1,-1.778891921E0,9.622296333E0,9.786402767E0
1.735133604E1,1.388636976E-1,-1.769315004E0,9.617507935E0,9.779888424E0
1.735333784E1,1.460463107E-1,-1.774103403E0,9.622296333E0,9.785568922E0
1.735533862E1,1.508347094E-1,-1.766920805E0,9.622296333E0,9.784341928E0
1.735733968E1,1.340752989E-1,-1.759738207E0,9.634267807E0,9.794578649E0
1.735934046E1,1.292868853E-1,-1.757344007E0,9.643844604E0,9.803505078E0
1.736134089E1,1.244984865E-1,-1.771709204E0,9.636661530E0,9.798964170E0
1.736334143E1,1.268926859E-1,-1.771709204E0,9.624691010E0,9.787222910E0
1.736534214E1,1.268926859E-1,-1.774103403E0,9.615114212E0,9.778239409E0
1.736734229E1,1.268926859E-1,-1.778891921E0,9.622296333E0,9.786171108E0
1.736934335E1,1.340752989E-1,-1.771709204E0,9.619902611E0,9.782609873E0
1.737134390E1,1.436520964E-1,-1.774103403E0,9.629479408E0,9.792596820E0
1.737334296E1,1.292868853E-1,-1.771709204E0,9.639056206E0,9.801381185E0
1.737534225E1,1.316810995E-1,-1.774103403E0,9.631873131E0,9.794782428E0
1.737734183E1,1.292868853E-1,-1.769315004E0,9.624691010E0,9.786821124E0
1.737934171E1,1.364694983E-1,-1.766920805E0,9.631873131E0,9.793549564E0
1.738134245E1,1.364694983E-1,-1.762132406E0,9.636661530E0,9.797396592E0
1.738334311E1,1.340752989E-1,-1.764526606E0,9.634267807E0,9.795440087E0
1.738534374E1,1.340752989E-1,-1.776497602E0,9.639056206E0,9.802312199E0
1.738734522E1,1.364694983E-1,-1.778891921E0,9.631873131E0,9.795716431E0
1.738934632E1,1.364694983E-1,-1.759738207E0,9.619902611E0,9.780482029E0
1.739134632E1,1.340752989E-1,-1.759738207E0,9.627084732E0,9.787513228E0
1.739334725E1,1.412578970E-1,-1.764526606E0,9.627084732E0,9.788476305E0
1.739534858E1,1.388636976E-1,-1.764526606E0,9.636661530E0,9.797861129E0
1.739734960E1,1.340752989E-1,-1.769315004E0,9.629479408E0,9.791594632E0
1.739935081E1,1.340752989E-1,-1.762132406E0,9.622296333E0,9.783234308E0
1.740135163E1,1.460463107E-1,-1.752555609E0,9.627084732E0,9.786395717E0
1.740335284E1,1.508347094E-1,-1.766920805E0,9.629479408E0,9.791406126E0
1.740535397E1,1.484405100E-1,-1.766920805E0,9.627084732E0,9.789014463E0
1.740735491E1,1.412578970E-1,-1.771709204E0,9.624691010E0,9.787419697E0
1.740935569E1,1.412578970E-1,-1.771709204E0,9.622296333E0,9.785064845E0
1.741135589E1,1.412578970E-1,-1.774103403E0,9.631873131E0,9.794915859E0
1.741335667E1,1.412578970E-1,-1.778891921E0,9.634267807E0,9.798138927E0
1.741535858E1,1.412578970E-1,-1.774103403E0,9.617507935E0,9.780790129E0
1.741735964E1,1.484405100E-1,-1.766920805E0,9.627084732E0,9.789014463E0
1.741936155E1,1.412578970E-1,-1.781286120E0,9.622296333E0,9.786803399E0
1.742136288E1,1.436520964E-1,-1.778891921E0,9.615114212E0,9.779341169E0
1.742336483E1,1.412578970E-1,-1.774103403E0,9.622296333E0,9.785498628E0
1.742536577E1,1.412578970E-1,-1.774103403E0,9.629479408E0,9.792561991E0
1.742736737E1,1.340752989E-1,-1.786074519E0,9.627084732E0,9.792282615E0
1.742936928E1,1.340752989E-1,-1.781286120E0,9.631873131E0,9.796118437E0
1.743137003E1,1.364694983E-1,-1.783680320E0,9.643844604E0,9.808357567E0
1.743337018E1,1.268926859E-1,-1.778891921E0,9.636661530E0,9.800296100E0
1.743537085E1,1.244984865E-1,-1.786074519E0,9.627084732E0,9.792156172E0
1.743737159E1,1.316810995E-1,-1.786074519E0,9.624691010E0,9.789896788E0
1.743937198E1,1.316810995E-1,-1.790862918E0,9.639056206E0,9.804893393E0
1.744137319E1,1.364694983E-1,-1.790862918E0,9.653421402E0,9.819081356E0
1.744337436E1,1.364694983E-1,-1.783680320E0,9.631873131E0,9.796587131E0
1.744537448E1,1.244984865E-1,-1.793257117E0,9.639056206E0,9.805237147E0
1.744737640E1,1.340752989E-1,-1.800439715E0,9.634267807E0,9.801973043E0
1.744937765E1,1.340752989E-1,-1.793257117E0,9.631873131E0,9.798302265E0
1.745137768E1,1.364694983E-1,-1.798045516E0,9.627084732E0,9.794506217E0
1.745337866E1,1.364694983E-1,-1.795651317E0,9.610325813E0,9.777594275E0
1.745537983E1,1.316810995E-1,-1.793257117E0,9.615114212E0,9.781795966E0
1.745738046E1,1.292868853E-1,-1.798045516E0,9.622296333E0,9.789702217E0
1.745938065E1,1.292868853E-1,-1.795651317E0,9.634267807E0,9.801030299E0
1.746138116E1,1.388636976E-1,-1.795651317E0,9.629479408E0,9.796454484E0
1.746338206E1,1.292868853E-1,-1.788468719E0,9.629479408E0,9.795009399E0
1.746538374E1,1.292868853E-1,-1.786074519E0,9.639056206E0,9.803988057E0
1.746738464E1,1.340752989E-1,-1.788468719E0,9.634267807E0,9.799781259E0
1.746938565E1,1.316810995E-1,-1.793257117E0,9.646238327E0,9.812391394E0
1.747138534E1,1.364694983E-1,-1.793257117E0,9.641449928E0,9.807749575E0
1.747338503E1,1.388636976E-1,-1.790862918E0,9.634267807E0,9.800285164E0
1.747538585E1,1.460463107E-1,-1.781286120E0,9.617507935E0,9.782165846E0
1.747738546E1,1.460463107E-1,-1.795651317E0,9.627084732E0,9.794205104E0
1.747938534E1,1.364694983E-1,-1.795651317E0,9.631873131E0,9.798773780E0
1.748138585E1,1.412578970E-1,-1.793257117E0,9.629479408E0,9.796050151E0
1.748338647E1,1.364694983E-1,-1.793257117E0,9.629479408E0,9.795982273E0
1.748538628E1,1.340752989E-1,-1.800439715E0,9.619902611E0,9.787853983E0
1.748738647E1,1.364694983E-1,-1.788468719E0,9.615114212E0,9.780984899E0
1.748938636E1,1.364694983E-1,-1.786074519E0,9.619902611E0,9.785254844E0
1.749138628E1,1.364694983E-1,-1.788468719E0,9.627084732E0,9.792752663E0
1.749338632E1,1.436520964E-1,-1.795651317E0,9.639056206E0,9.805937187E0
1.749538694E1,1.364694983E-1,-1.795651317E0,9.629479408E0,9.796420839E0
1.749738698E1,1.292868853E-1,-1.798045516E0,9.624691010E0,9.792055954E0
1.749938683E1,1.388636976E-1,-1.798045516E0,9.624691010E0,9.792187081E0
1.750138714E1,1.388636976E-1,-1.800439715E0,9.622296333E0,9.790273388E0
1.750338843E1,1.436520964E-1,-1.795651317E0,9.619902611E0,9.787110187E0
1.750538928E1,1.460463107E-1,-1.795651317E0,9.617507935E0,9.784791876E0
1.750739018E1,1.364694983E-1,-1.798045516E0,9.627084732E0,9.794506217E0
1.750939116E1,1.388636976E-1,-1.783680320E0,9.629479408E0,9.794267317E0
1.751139264E1,1.484405100E-1,-1.786074519E0,9.629479408E0,9.794844075E0
1.751339366E1,1.436520964E-1,-1.788468719E0,9.629479408E0,9.795209541E0
1.751539421E1,1.436520964E-1,-1.778891921E0,9.634267807E0,9.798173736E0
1.751739460E1,1.412578970E-1,-1.774103403E0,9.634267807E0,9.797270684E0
1.751939479E1,1.340752989E-1,-1.786074519E0,9.631873131E0,9.796990272E0
1.752139460E1,1.388636976E-1,-1.788468719E0,9.627084732E0,9.792786321E0
1.752339507E1,1.364694983E-1,-1.788468719E0,9.622296333E0,9.788045311E0
1.752539511E1,1.340752989E-1,-1.778891921E0,9.624691010E0,9.788621439E0
1.752739491E1,1.412578970E-1,-1.783680320E0,9.627084732E0,9.791947187E0
1.752939495E1,1.436520964E-1,-1.783680320E0,9.639056206E0,9.803752136E0
1.753139542E1,1.556231081E-1,-1.793257117E0,9.631873131E0,9.798620803E0
1.753339554E1,1.508347094E-1,-1.786074519E0,9.619902611E0,9.785465729E0
1.753539600E1,1.460463107E-1,-1.783680320E0,9.622296333E0,9.787309729E0
1.753739581E1,1.412578970E-1,-1.778891921E0,9.624691010E0,9.788722454E0
1.753939655E1,1.364694983E-1,-1.774103403E0,9.627084732E0,9.790139286E0
1.754139694E1,1.340752989E-1,-1.778891921E0,9.622296333E0,9.786266877E0
1.754339686E1,1.364694983E-1,-1.783680320E0,9.636661530E0,9.801295059E0
1.754539620E1,1.364694983E-1,-1.793257117E0,9.648633003E0,9.814810943E0
1.754739608E1,1.340752989E-1,-1.795651317E0,9.629479408E0,9.796387779E0
1.754939538E1,1.388636976E-1,-1.786074519E0,9.617507935E0,9.782934334E0
1.755139558E1,1.388636976E-1,-1.778891921E0,9.622296333E0,9.786333651E0
1.755339546E1,1.388636976E-1,-1.786074519E0,9.629479408E0,9.794703619E0
1.755539569E1,1.412578970E-1,-1.781286120E0,9.631873131E0,9.796219375E0
1.755739491E1,1.364694983E-1,-1.771709204E0,9.617507935E0,9.780288150E0
1.755939444E1,1.508347094E-1,-1.771709204E0,9.624691010E0,9.787562600E0
1.756139425E1,1.484405100E-1,-1.769315004E0,9.634267807E0,9.796510927E0
1.756339354E1,1.436520964E-1,-1.776497602E0,9.631873131E0,9.795384610E0
1.756539386E1,1.436520964E-1,-1.778891921E0,9.634267807E0,9.798173736E0
1.756739550E1,1.412578970E-1,-1.783680320E0,9.631873131E0,9.796655005E0
1.756939608E1,1.412578970E-1,-1.783680320E0,9.622296333E0,9.787239448E0
1.757139675E1,1.388636976E-1,-1.783680320E0,9.634267807E0,9.798975191E0
1.757339792E1,1.460463107E-1,-1.786074519E0,9.619902611E0,9.785393091E0
1.757539811E1,1.388636976E-1,-1.783680320E0,9.622296333E0,9.787205185E0
1.757739761E1,1.436520964E-1,-1.783680320E0,9.629479408E0,9.794336378E0
1.757939819E1,1.388636976E-1,-1.788468719E0,9.639056206E0,9.804555473E0
1.758139827E1,1.388636976E-1,-1.781286120E0,9.639056206E0,9.803247824E0
1.758339890E1,1.388636976E-1,-1.781286120E0,9.634267807E0,9.798539664E0
1.758539928E1,1.388636976E-1,-1.778891921E0,9.629479408E0,9.793396411E0
1.758739925E1,1.340752989E-1,-1.778891921E0,9.629479408E0,9.793329685E0
1.758939944E1,1.460463107E-1,-1.783680320E0,9.631873131E0,9.796725219E0
1.759139983E1,1.460463107E-1,-1.778891921E0,9.634267807E0,9.798209131E0
1.759340100E1,1.484405100E-1,-1.776497602E0,9.627084732E0,9.790747610E0
1.759540292E1,1.436520964E-1,-1.778891921E0,9.617507935E0,9.781694703E0
1.759740448E1,1.484405100E-1,-1.783680320E0,9.622296333E0,9.787345748E0
1.759940530E1,1.508347094E-1,-1.778891921E0,9.622296333E0,9.786510834E0
1.760140596E1,1.556231081E-1,-1.774103403E0,9.629479408E0,9.792779744E0
1.760340749E1,1.508347094E-1,-1.774103403E0,9.627084732E0,9.790350067E0
1.760540768E1,1.484405100E-1,-1.781286120E0,9.627084732E0,9.791617602E0
1.760740874E1,1.460463107E-1,-1.774103403E0,9.622296333E0,9.785568922E0
1.760940952E1,1.460463107E-1,-1.778891921E0,9.612719536E0,9.777022188E0
1.761141042E1,1.508347094E-1,-1.786074519E0,9.631873131E0,9.797233962E0
1.761341136E1,1.460463107E-1,-1.793257117E0,9.624691010E0,9.791413465E0
1.761541190E1,1.412578970E-1,-1.788468719E0,9.622296333E0,9.788113244E0
1.761741401E1,1.508347094E-1,-1.786074519E0,9.629479408E0,9.794880651E0
1.761941546E1,1.508347094E-1,-1.783680320E0,9.634267807E0,9.799152145E0
1.762141749E1,1.436520964E-1,-1.793257117E0,9.622296333E0,9.789024146E0
1.762341846E1,1.388636976E-1,-1.790862918E0,9.612719536E0,9.779102719E0
1.762541893E1,1.436520964E-1,-1.798045516E0,9.615114212E0,9.782843396E0
1.762741979E1,1.508347094E-1,-1.786074519E0,9.622296333E0,9.787818962E0
1.762942077E1,1.532289088E-1,-1.783680320E0,9.622296333E0,9.787419543E0
1.763142198E1,1.508347094E-1,-1.786074519E0,9.624691010E0,9.790173151E0
1.763342222E1,1.436520964E-1,-1.786074519E0,9.631873131E0,9.797126013E0
1.763542362E1,1.412578970E-1,-1.781286120E0,9.629479408E0,9.793865821E0
1.763742565E1,1.460463107E-1,-1.788468719E0,9.631873131E0,9.797598169E0
1.763942784E1,1.412578970E-1,-1.786074519E0,9.629479408E0,9.794737855E0
1.764142882E1,1.412578970E-1,-1.786074519E0,9.631873131E0,9.797091200E0
1.764342972E1,1.292868853E-1,-1.774103403E0,9.624691010E0,9.787687930E0
1.764543015E1,1.316810995E-1,-1.776497602E0,9.639056206E0,9.802279744E0
1.764743003E1,1.316810995E-1,-1.776497602E0,9.646238327E0,9.809342358E0
1.764943042E1,1.436520964E-1,-1.783680320E0,9.636661530E0,9.801397698E0
1.765143198E1,1.436520964E-1,-1.778891921E0,9.639056206E0,9.802882073E0
1.765343280E1,1.460463107E-1,-1.776497602E0,9.629479408E0,9.793066268E0
1.765543300E1,1.484405100E-1,-1.778891921E0,9.627084732E0,9.791182334E0
1.765743417E1,1.556231081E-1,-1.769315004E0,9.636661530E0,9.798976455E0
1.765943499E1,1.604115069E-1,-1.781286120E0,9.627084732E0,9.791806398E0
1.766143632E1,1.436520964E-1,-1.774103403E0,9.617507935E0,9.780825000E0
1.766343725E1,1.412578970E-1,-1.771709204E0,9.617507935E0,9.780356137E0
1.766543827E1,1.508347094E-1,-1.778891921E0,9.639056206E0,9.802989958E0
1.766743983E1,1.412578970E-1,-1.774103403E0,9.634267807E0,9.797270684E0
1.766944178E1,1.412578970E-1,-1.769315004E0,9.639056206E0,9.801113912E0
1.767144331E1,1.460463107E-1,-1.771709204E0,9.631873131E0,9.794552723E0
1.767344448E1,1.436520964E-1,-1.778891921E0,9.622296333E0,9.786402767E0
1.767544643E1,1.508347094E-1,-1.776497602E0,9.624691010E0,9.788430511E0
1.767744722E1,1.412578970E-1,-1.778891921E0,9.619902611E0,9.784014335E0
1.767944878E1,1.412578970E-1,-1.783680320E0,9.622296333E0,9.787239448E0
1.768145081E1,1.436520964E-1,-1.781286120E0,9.624691010E0,9.789192673E0
1.768345214E1,1.484405100E-1,-1.783680320E0,9.629479408E0,9.794407779E0
1.768545315E1,1.436520964E-1,-1.783680320E0,9.643844604E0,9.808460132E0
1.768745483E1,1.364694983E-1,-1.788468719E0,9.631873131E0,9.797460094E0
1.768945569E1,1.292868853E-1,-1.776497602E0,9.612719536E0,9.776350838E0
1.769145749E1,1.340752989E-1,-1.776497602E0,9.612719536E0,9.776415334E0
1.769345975E1,1.388636976E-1,-1.778891921E0,9.619902611E0,9.783980061E0
1.769546100E1,1.412578970E-1,-1.781286120E0,9.619902611E0,9.784449922E0
1.769746249E1,1.364694983E-1,-1.778891921E0,9.622296333E0,9.786299971E0
1.769946292E1,1.460463107E-1,-1.778891921E0,9.610325813E0,9.774668702E0
1.770146421E1,1.484405100E-1,-1.771709204E0,9.612719536E0,9.775753933E0
1.770346558E1,1.484405100E-1,-1.764526606E0,9.622296333E0,9.783873234E0
1.770546600E1,1.484405100E-1,-1.766920805E0,9.610325813E0,9.772533241E0
1.770746737E1,1.436520964E-1,-1.776497602E0,9.627084732E0,9.790676182E0
1.770946917E1,1.460463107E-1,-1.771709204E0,9.634267807E0,9.796907635E0
1.771147034E1,1.460463107E-1,-1.771709204E0,9.634267807E0,9.796907635E0
1.771347198E1,1.316810995E-1,-1.762132406E0,9.629479408E0,9.790266810E0
1.771547386E1,1.340752989E-1,-1.766920805E0,9.629479408E0,9.791162290E0
1.771747581E1,1.316810995E-1,-1.776497602E0,9.636661530E0,9.799924953E0
1.771947788E1,1.436520964E-1,-1.774103403E0,9.629479408E0,9.792596820E0
1.772147921E1,1.412578970E-1,-1.771709204E0,9.636661530E0,9.799191433E0
1.772348042E1,1.484405100E-1,-1.781286120E0,9.646238327E0,9.810449974E0
1.772548225E1,1.388636976E-1,-1.771709204E0,9.641449928E0,9.803866245E0
1.772748354E1,1.340752989E-1,-1.776497602E0,9.639056206E0,9.802312199E0
1.772948569E1,1.340752989E-1,-1.781286120E0,9.641449928E0,9.805534822E0
1.773148722E1,1.340752989E-1,-1.774103403E0,9.641449928E0,9.804232545E0
1.773348987E1,1.364694983E-1,-1.778891921E0,9.631873131E0,9.795716431E0
1.773549140E1,1.412578970E-1,-1.771709204E0,9.631873131E0,9.794482493E0
1.773749280E1,1.436520964E-1,-1.774103403E0,9.643844604E0,9.806723080E0
1.773949503E1,1.364694983E-1,-1.778891921E0,9.643844604E0,9.807487912E0
1.774149765E1,1.340752989E-1,-1.781286120E0,9.629479408E0,9.793764858E0
1.774349944E1,1.292868853E-1,-1.786074519E0,9.619902611E0,9.785157307E0
1.774550163E1,1.316810995E-1,-1.798045516E0,9.617507935E0,9.785027668E0
1.774750257E1,1.364694983E-1,-1.793257117E0,9.612719536E0,9.779507753E0
1.774950390E1,1.292868853E-1,-1.798045516E0,9.612719536E0,9.780289344E0
1.775150600E1,1.292868853E-1,-1.795651317E0,9.617507935E0,9.784556077E0
1.775350780E1,1.340752989E-1,-1.805228114E0,9.629479408E0,9.798147703E0
1.775550897E1,1.340752989E-1,-1.793257117E0,9.631873131E0,9.798302265E0
1.775751030E1,1.316810995E-1,-1.800439715E0,9.624691010E0,9.792527769E0
1.775951143E1,1.316810995E-1,-1.802833915E0,9.629479408E0,9.797674403E0
1.776151202E1,1.412578970E-1,-1.800439715E0,9.629479408E0,9.797367536E0
1.776351276E1,1.340752989E-1,-1.807622313E0,9.622296333E0,9.791530082E0
1.776551386E1,1.316810995E-1,-1.814804912E0,9.619902611E0,9.790474096E0
1.776751405E1,1.316810995E-1,-1.807622313E0,9.615114212E0,9.784439670E0
1.776951456E1,1.292868853E-1,-1.802833915E0,9.624691010E0,9.792936345E0
1.777151534E1,1.292868853E-1,-1.790862918E0,9.629479408E0,9.795446838E0
1.777351593E1,1.244984865E-1,-1.783680320E0,9.627084732E0,9.791719757E0
1.777551659E1,1.316810995E-1,-1.790862918E0,9.612719536E0,9.779003363E0
1.777751698E1,1.268926859E-1,-1.805228114E0,9.617507935E0,9.786286792E0
1.777951725E1,1.316810995E-1,-1.800439715E0,9.615114212E0,9.783115270E0
1.778151811E1,1.268926859E-1,-1.802833915E0,9.619902611E0,9.788198921E0
1.778351944E1,1.268926859E-1,-1.795651317E0,9.627084732E0,9.793938219E0
1.778552104E1,1.364694983E-1,-1.781286120E0,9.617507935E0,9.782027553E0
1.778752245E1,1.412578970E-1,-1.769315004E0,9.627084732E0,9.789340622E0
1.778952308E1,1.388636976E-1,-1.769315004E0,9.631873131E0,9.794015454E0
1.779152280E1,1.388636976E-1,-1.781286120E0,9.631873131E0,9.796185144E0
1.779352358E1,1.436520964E-1,-1.781286120E0,9.627084732E0,9.791546181E0
1.779552483E1,1.460463107E-1,-1.788468719E0,9.643844604E0,9.809367392E0
1.779752503E1,1.484405100E-1,-1.793257117E0,9.643844604E0,9.810277490E0
1.779952499E1,1.436520964E-1,-1.783680320E0,9.627084732E0,9.791982018E0
1.780152518E1,1.412578970E-1,-1.778891921E0,9.636661530E0,9.800492625E0
1.780352663E1,1.412578970E-1,-1.776497602E0,9.636661530E0,9.800058314E0
1.780552753E1,1.412578970E-1,-1.776497602E0,9.634267807E0,9.797704512E0
1.780752870E1,1.412578970E-1,-1.766920805E0,9.643844604E0,9.805391460E0
1.780953030E1,1.436520964E-1,-1.766920805E0,9.641449928E0,9.803071038E0
1.781153178E1,1.340752989E-1,-1.769315004E0,9.648633003E0,9.810431724E0
1.781353300E1,1.244984865E-1,-1.778891921E0,9.648633003E0,9.812037259E0
1.781553432E1,1.268926859E-1,-1.781286120E0,9.641449928E0,9.805439241E0
1.781753518E1,1.292868853E-1,-1.781286120E0,9.651026726E0,9.814887274E0
1.781953530E1,1.340752989E-1,-1.776497602E0,9.648633003E0,9.811729651E0
1.782153600E1,1.340752989E-1,-1.778891921E0,9.643844604E0,9.807454889E0
1.782353600E1,1.268926859E-1,-1.781286120E0,9.643844604E0,9.807793878E0
1.782553694E1,1.316810995E-1,-1.783680320E0,9.651026726E0,9.815353904E0
1.782753768E1,1.244984865E-1,-1.790862918E0,9.648633003E0,9.814214624E0
1.782953741E1,1.197100878E-1,-1.800439715E0,9.639056206E0,9.806493676E0
1.783153757E1,1.149216816E-1,-1.781286120E0,9.646238327E0,9.810000056E0
1.783353796E1,1.149216816E-1,-1.781286120E0,9.636661530E0,9.800583282E0
1.783553890E1,1.149216816E-1,-1.790862918E0,9.631873131E0,9.797620986E0
1.783753929E1,1.125274822E-1,-1.793257117E0,9.631873131E0,9.798031105E0
1.783953983E1,1.197100878E-1,-1.793257117E0,9.629479408E0,9.795763128E0
1.784154167E1,1.101332754E-1,-1.793257117E0,9.627084732E0,9.793296731E0
1.784354241E1,1.197100878E-1,-1.793257117E0,9.627084732E0,9.793409112E0
1.784554401E1,1.149216816E-1,-1.793257117E0,9.629479408E0,9.795705781E0
1.784754499E1,1.077390760E-1,-1.790862918E0,9.636661530E0,9.802246841E0
1.784954749E1,1.125274822E-1,-1.793257117E0,9.634267807E0,9.800385181E0
1.785154890E1,1.125274822E-1,-1.795651317E0,9.615114212E0,9.781996084E0
1.785354975E1,1.125274822E-1,-1.802833915E0,9.619902611E0,9.788023232E0
1.785555163E1,1.101332754E-1,-1.805228114E0,9.622296333E0,9.790789785E0
1.785755327E1,1.077390760E-1,-1.793257117E0,9.622296333E0,9.788562996E0
1.785955354E1,1.125274822E-1,-1.788468719E0,9.607931137E0,9.773618753E0
1.786155479E1,1.149216816E-1,-1.786074519E0,9.615114212E0,9.780270471E0
1.786355550E1,1.221042871E-1,-1.769315004E0,9.617507935E0,9.779664816E0
1.786555581E1,1.221042871E-1,-1.769315004E0,9.619902611E0,9.782019796E0
1.786755628E1,1.244984865E-1,-1.769315004E0,9.607931137E0,9.770277181E0
1.786955655E1,1.244984865E-1,-1.774103403E0,9.612719536E0,9.775853908E0
1.787155800E1,1.292868853E-1,-1.769315004E0,9.617507935E0,9.779757132E0
1.787355921E1,1.244984865E-1,-1.764526606E0,9.615114212E0,9.776475609E0
1.787555995E1,1.244984865E-1,-1.769315004E0,9.610325813E0,9.772632076E0
1.787756257E1,1.292868853E-1,-1.766920805E0,9.617507935E0,9.779324266E0
1.787956460E1,1.244984865E-1,-1.762132406E0,9.619902611E0,9.780753383E0
1.788156632E1,1.292868853E-1,-1.757344007E0,9.603142738E0,9.763468826E0
1.788356741E1,1.316810995E-1,-1.757344007E0,9.610325813E0,9.770566008E0
1.788556804E1,1.244984865E-1,-1.754949808E0,9.612719536E0,9.772396102E0
1.788756936E1,1.173158810E-1,-1.747767210E0,9.603142738E0,9.761598419E0
1.788957007E1,1.292868853E-1,-1.754949808E0,9.622296333E0,9.781878687E0
1.789157069E1,1.364694983E-1,-1.764526606E0,9.617507935E0,9.778989566E0
1.789357214E1,1.364694983E-1,-1.757344007E0,9.612719536E0,9.772986174E0
1.789557382E1,1.244984865E-1,-1.762132406E0,9.627084732E0,9.787817475E0
1.789757401E1,1.412578970E-1,-1.766920805E0,9.605537415E0,9.767717847E0
1.789957522E1,1.340752989E-1,-1.766920805E0,9.600749016E0,9.762907711E0
1.790157589E1,1.292868853E-1,-1.764526606E0,9.605537415E0,9.767119241E0
1.790357643E1,1.197100878E-1,-1.764526606E0,9.607931137E0,9.769351329E0
1.790557694E1,1.268926859E-1,-1.764526606E0,9.629479408E0,9.790634789E0
1.790757768E1,1.244984865E-1,-1.769315004E0,9.622296333E0,9.784404028E0
1.790957940E1,1.316810995E-1,-1.781286120E0,9.639056206E0,9.803148713E0
1.791158116E1,1.316810995E-1,-1.778891921E0,9.636661530E0,9.800359270E0
1.791358241E1,1.412578970E-1,-1.790862918E0,9.639056206E0,9.805026686E0
1.791558343E1,1.460463107E-1,-1.788468719E0,9.624691010E0,9.790537621E0
1.791758495E1,1.388636976E-1,-1.783680320E0,9.629479408E0,9.794267317E0
1.791958554E1,1.436520964E-1,-1.790862918E0,9.631873131E0,9.798000098E0
1.792158534E1,1.484405100E-1,-1.798045516E0,9.643844604E0,9.811153909E0
1.792358722E1,1.484405100E-1,-1.793257117E0,9.636661530E0,9.803216365E0
1.792558835E1,1.532289088E-1,-1.800439715E0,9.636661530E0,9.804606453E0
1.792758979E1,1.580173075E-1,-1.793257117E0,9.641449928E0,9.808073066E0
1.792959042E1,1.460463107E-1,-1.790862918E0,9.643844604E0,9.809804191E0
1.793159155E1,1.556231081E-1,-1.790862918E0,9.646238327E0,9.812304643E0
1.793359339E1,1.508347094E-1,-1.788468719E0,9.631873131E0,9.797670717E0
1.793559386E1,1.508347094E-1,-1.788468719E0,9.627084732E0,9.792963387E0
1.793759475E1,1.508347094E-1,-1.790862918E0,9.636661530E0,9.802815235E0
1.793959577E1,1.484405100E-1,-1.790862918E0,9.639056206E0,9.805132794E0
1.794159671E1,1.580173075E-1,-1.786074519E0,9.636661530E0,9.802054738E0
1.794359757E1,1.651999205E-1,-1.790862918E0,9.631873131E0,9.798339707E0
1.794559850E1,1.556231081E-1,-1.790862918E0,9.643844604E0,9.809951442E0
1.794759882E1,1.604115069E-1,-1.795651317E0,9.648633003E0,9.815610747E0
1.794959964E1,1.628057212E-1,-1.795651317E0,9.646238327E0,9.813296246E0
1.795159991E1,1.651999205E-1,-1.783680320E0,9.629479408E0,9.794676114E0
1.795360069E1,1.580173075E-1,-1.795651317E0,9.639056206E0,9.806158150E0
1.795560136E1,1.628057212E-1,-1.795651317E0,9.639056206E0,9.806236479E0
1.795760264E1,1.604115069E-1,-1.790862918E0,9.631873131E0,9.798260144E0
1.795960280E1,1.556231081E-1,-1.800439715E0,9.634267807E0,9.802291462E0
1.796160409E1,1.556231081E-1,-1.798045516E0,9.636661530E0,9.804204795E0
1.796360507E1,1.651999205E-1,-1.795651317E0,9.631873131E0,9.799216023E0
1.796560475E1,1.556231081E-1,-1.802833915E0,9.619902611E0,9.788613534E0
1.796760561E1,1.436520964E-1,-1.805228114E0,9.631873131E0,9.800635922E0
1.796960581E1,1.460463107E-1,-1.807622313E0,9.629479408E0,9.798760209E0
1.797160616E1,1.460463107E-1,-1.817199111E0,9.624691010E0,9.795826620E0
1.797360682E1,1.412578970E-1,-1.805228114E0,9.631873131E0,9.800601122E0
1.797560784E1,1.388636976E-1,-1.805228114E0,9.634267807E0,9.802920373E0
1.797760897E1,1.436520964E-1,-1.802833915E0,9.636661530E0,9.804901401E0
1.797960909E1,1.436520964E-1,-1.814804912E0,9.636661530E0,9.807109576E0
1.798160928E1,1.412578970E-1,-1.814804912E0,9.627084732E0,9.797664574E0
1.798361007E1,1.412578970E-1,-1.802833915E0,9.622296333E0,9.790748217E0
1.798561097E1,1.484405100E-1,-1.800439715E0,9.624691010E0,9.792767473E0
1.798761171E1,1.340752989E-1,-1.800439715E0,9.629479408E0,9.797266610E0
1.798961222E1,1.388636976E-1,-1.800439715E0,9.634267807E0,9.802039710E0
1.799161327E1,1.316810995E-1,-1.802833915E0,9.627084732E0,9.795320846E0
1.799361468E1,1.436520964E-1,-1.795651317E0,9.622296333E0,9.789463024E0
1.799561479E1,1.412578970E-1,-1.795651317E0,9.619902611E0,9.787075339E0
1.799761561E1,1.364694983E-1,-1.793257117E0,9.610325813E0,9.777154865E0
1.799961686E1,1.388636976E-1,-1.790862918E0,9.607931137E0,9.774395831E0
1.800161784E1,1.316810995E-1,-1.793257117E0,9.610325813E0,9.777089201E0
1.800361780E1,1.364694983E-1,-1.790862918E0,9.624691010E0,9.790837091E0
1.800561846E1,1.340752989E-1,-1.790862918E0,9.615114212E0,9.781389855E0
1.800761874E1,1.316810995E-1,-1.798045516E0,9.603142738E0,9.770908762E0
1.800961835E1,1.364694983E-1,-1.788468719E0,9.607931137E0,9.773923727E0
1.801161823E1,1.340752989E-1,-1.783680320E0,9.612719536E0,9.777723076E0
1.801361897E1,1.316810995E-1,-1.786074519E0,9.617507935E0,9.782835017E0
1.801561925E1,1.292868853E-1,-1.793257117E0,9.603142738E0,9.769996757E0
1.801761995E1,1.268926859E-1,-1.783680320E0,9.603142738E0,9.768212103E0
1.801962050E1,1.316810995E-1,-1.783680320E0,9.603142738E0,9.768275480E0
1.802162085E1,1.268926859E-1,-1.778891921E0,9.603142738E0,9.767338874E0
1.802362183E1,1.197100878E-1,-1.774103403E0,9.607931137E0,9.771085616E0
1.802562229E1,1.125274822E-1,-1.776497602E0,9.603142738E0,9.766727017E0
1.802762202E1,1.197100878E-1,-1.774103403E0,9.605537415E0,9.768731873E0
1.802962190E1,1.244984865E-1,-1.769315004E0,9.615114212E0,9.777340987E0
1.803162315E1,1.316810995E-1,-1.781286120E0,9.619902611E0,9.784316348E0
1.803362374E1,1.316810995E-1,-1.781286120E0,9.619902611E0,9.784316348E0
1.803562409E1,1.316810995E-1,-1.778891921E0,9.624691010E0,9.788588939E0
1.803762460E1,1.364694983E-1,-1.781286120E0,9.615114212E0,9.779674099E0
1.803962589E1,1.292868853E-1,-1.778891921E0,9.622296333E0,9.786202445E0
1.804162667E1,1.292868853E-1,-1.786074519E0,9.636661530E0,9.801633676E0
1.804362698E1,1.292868853E-1,-1.783680320E0,9.639056206E0,9.803552168E0
1.804562729E1,1.268926859E-1,-1.774103403E0,9.631873131E0,9.794719222E0
1.804762843E1,1.316810995E-1,-1.769315004E0,9.636661530E0,9.798625461E0
1.804962948E1,1.340752989E-1,-1.771709204E0,9.629479408E0,9.792027541E0
1.805163096E1,1.244984865E-1,-1.771709204E0,9.627084732E0,9.789546150E0
1.805363229E1,1.292868853E-1,-1.774103403E0,9.622296333E0,9.785333142E0
1.805563319E1,1.316810995E-1,-1.776497602E0,9.634267807E0,9.797571118E0
1.805763433E1,1.316810995E-1,-1.771709204E0,9.634267807E0,9.796704017E0
1.805963440E1,1.340752989E-1,-1.769315004E0,9.641449928E0,9.803367202E0
1.806163417E1,1.364694983E-1,-1.762132406E0,9.639056206E0,9.799751991E0
1.806363515E1,1.316810995E-1,-1.766920805E0,9.641449928E0,9.802902925E0
1.806563514E1,1.316810995E-1,-1.759738207E0,9.651026726E0,9.811031308E0
1.806763561E1,1.388636976E-1,-1.766920805E0,9.646238327E0,9.807711564E0
1.806963624E1,1.292868853E-1,-1.778891921E0,9.648633003E0,9.812099184E0
1.807163737E1,1.244984865E-1,-1.781286120E0,9.643844604E0,9.807763194E0
1.807363788E1,1.364694983E-1,-1.776497602E0,9.648633003E0,9.811762660E0
1.807563940E1,1.388636976E-1,-1.783680320E0,9.641449928E0,9.806036678E0
1.807764050E1,1.388636976E-1,-1.778891921E0,9.641449928E0,9.805166817E0
1.807964054E1,1.436520964E-1,-1.778891921E0,9.641449928E0,9.805235801E0
1.808164093E1,1.460463107E-1,-1.776497602E0,9.639056206E0,9.802483246E0
1.808364124E1,1.508347094E-1,-1.781286120E0,9.636661530E0,9.801070186E0
1.808564143E1,1.436520964E-1,-1.788468719E0,9.631873131E0,9.797562773E0
1.808764265E1,1.412578970E-1,-1.781286120E0,9.622296333E0,9.786803399E0
1.808964354E1,1.436520964E-1,-1.783680320E0,9.622296333E0,9.787274295E0
1.809164425E1,1.436520964E-1,-1.778891921E0,9.624691010E0,9.788757297E0
1.809364507E1,1.460463107E-1,-1.776497602E0,9.631873131E0,9.795420015E0
1.809564597E1,1.412578970E-1,-1.776497602E0,9.622296333E0,9.785932978E0
1.809764698E1,1.388636976E-1,-1.783680320E0,9.622296333E0,9.787205185E0
1.809964772E1,1.340752989E-1,-1.778891921E0,9.627084732E0,9.790975084E0
1.810164831E1,1.340752989E-1,-1.778891921E0,9.615114212E0,9.779205181E0
1.810364909E1,1.388636976E-1,-1.783680320E0,9.612719536E0,9.777789908E0
1.810564890E1,1.412578970E-1,-1.769315004E0,9.627084732E0,9.789340622E0
1.810764948E1,1.412578970E-1,-1.766920805E0,9.627084732E0,9.788908180E0
1.810964979E1,1.364694983E-1,-1.771709204E0,9.610325813E0,9.773225653E0
1.811165077E1,1.364694983E-1,-1.774103403E0,9.617507935E0,9.780722145E0
1.811365120E1,1.292868853E-1,-1.771709204E0,9.629479408E0,9.791963147E0
1.811565222E1,1.316810995E-1,-1.776497602E0,9.622296333E0,9.785799424E0
1.811765366E1,1.340752989E-1,-1.769315004E0,9.617507935E0,9.779821606E0
1.811965354E1,1.292868853E-1,-1.774103403E0,9.622296333E0,9.785333142E0
1.812165343E1,1.292868853E-1,-1.762132406E0,9.615114212E0,9.776105923E0
1.812365479E1,1.244984865E-1,-1.766920805E0,9.615114212E0,9.776908014E0
1.812565636E1,1.340752989E-1,-1.774103403E0,9.627084732E0,9.790106205E0
1.812765843E1,1.292868853E-1,-1.778891921E0,9.629479408E0,9.793265300E0
1.812965866E1,1.316810995E-1,-1.776497602E0,9.619902611E0,9.783445706E0
1.813166018E1,1.316810995E-1,-1.776497602E0,9.617507935E0,9.781091070E0
1.813366214E1,1.292868853E-1,-1.766920805E0,9.617507935E0,9.779324266E0
1.813566495E1,1.364694983E-1,-1.769315004E0,9.619902611E0,9.782209656E0
1.813766710E1,1.221042871E-1,-1.771709204E0,9.624691010E0,9.787161999E0
1.813966901E1,1.268926859E-1,-1.776497602E0,9.619902611E0,9.783382428E0
1.814167116E1,1.316810995E-1,-1.774103403E0,9.617507935E0,9.780656505E0
1.814367237E1,1.197100878E-1,-1.766920805E0,9.629479408E0,9.790976116E0
1.814567284E1,1.173158810E-1,-1.764526606E0,9.636661530E0,9.797579425E0
1.814767374E1,1.268926859E-1,-1.754949808E0,9.629479408E0,9.788913334E0
1.814967460E1,1.221042871E-1,-1.762132406E0,9.624691010E0,9.785432903E0
1.815167561E1,1.221042871E-1,-1.771709204E0,9.636661530E0,9.798934044E0
1.815367675E1,1.268926859E-1,-1.766920805E0,9.631873131E0,9.793420796E0
1.815567772E1,1.292868853E-1,-1.766920805E0,9.624691010E0,9.786388571E0
1.815767866E1,1.292868853E-1,-1.762132406E0,9.610325813E0,9.771396418E0
1.815967897E1,1.221042871E-1,-1.764526606E0,9.615114212E0,9.776445413E0
1.816167878E1,1.244984865E-1,-1.764526606E0,9.615114212E0,9.776475609E0
1.816367862E1,1.173158810E-1,-1.769315004E0,9.627084732E0,9.789024417E0
1.816567909E1,1.173158810E-1,-1.774103403E0,9.619902611E0,9.782828433E0
1.816767979E1,1.340752989E-1,-1.778891921E0,9.627084732E0,9.790975084E0
1.816968038E1,1.388636976E-1,-1.781286120E0,9.629479408E0,9.793831581E0
1.817168128E1,1.436520964E-1,-1.778891921E0,9.624691010E0,9.788757297E0
1.817368300E1,1.340752989E-1,-1.781286120E0,9.631873131E0,9.796118437E0
1.817568448E1,1.316810995E-1,-1.774103403E0,9.634267807E0,9.797137285E0
1.817768628E1,1.292868853E-1,-1.783680320E0,9.629479408E0,9.794136218E0
1.817968827E1,1.364694983E-1,-1.786074519E0,9.648633003E0,9.813501156E0
1.818169014E1,1.316810995E-1,-1.781286120E0,9.648633003E0,9.812565362E0
1.818369175E1,1.340752989E-1,-1.776497602E0,9.629479408E0,9.792895057E0
1.818569401E1,1.340752989E-1,-1.769315004E0,9.631873131E0,9.793948733E0
1.818769444E1,1.388636976E-1,-1.769315004E0,9.639056206E0,9.801079698E0
1.818969479E1,1.340752989E-1,-1.774103403E0,9.641449928E0,9.804232545E0
1.819169643E1,1.388636976E-1,-1.764526606E0,9.624691010E0,9.786087793E0
1.819369698E1,1.412578970E-1,-1.771709204E0,9.639056206E0,9.801546400E0
1.819569796E1,1.388636976E-1,-1.783680320E0,9.636661530E0,9.801328688E0
1.819769866E1,1.364694983E-1,-1.781286120E0,9.627084732E0,9.791443438E0
1.819969925E1,1.436520964E-1,-1.778891921E0,9.624691010E0,9.788757297E0
1.820170050E1,1.412578970E-1,-1.776497602E0,9.627084732E0,9.790641346E0
1.820370233E1,1.412578970E-1,-1.781286120E0,9.634267807E0,9.798573887E0
1.820570413E1,1.388636976E-1,-1.778891921E0,9.643844604E0,9.807521519E0
1.820770495E1,1.340752989E-1,-1.790862918E0,9.639056206E0,9.804925839E0
1.820970534E1,1.436520964E-1,-1.788468719E0,9.641449928E0,9.806977771E0
1.821170636E1,1.364694983E-1,-1.790862918E0,9.643844604E0,9.809666287E0
1.821370862E1,1.364694983E-1,-1.786074519E0,9.631873131E0,9.797023330E0
1.821571058E1,1.412578970E-1,-1.783680320E0,9.629479408E0,9.794301555E0
1.821771194E1,1.388636976E-1,-1.783680320E0,9.631873131E0,9.796620775E0
1.821971225E1,1.388636976E-1,-1.781286120E0,9.631873131E0,9.796185144E0
1.822171323E1,1.412578970E-1,-1.776497602E0,9.624691010E0,9.788287621E0
1.822371425E1,1.388636976E-1,-1.783680320E0,9.629479408E0,9.794267317E0
1.822571565E1,1.412578970E-1,-1.781286120E0,9.636661530E0,9.800927480E0
1.822771733E1,1.460463107E-1,-1.786074519E0,9.617507935E0,9.783038924E0
1.822971925E1,1.412578970E-1,-1.783680320E0,9.617507935E0,9.782531786E0
1.823172077E1,1.388636976E-1,-1.786074519E0,9.622296333E0,9.787641802E0
1.823372284E1,1.412578970E-1,-1.783680320E0,9.627084732E0,9.791947187E0
1.823572323E1,1.412578970E-1,-1.786074519E0,9.617507935E0,9.782968611E0
1.823772444E1,1.436520964E-1,-1.788468719E0,9.636661530E0,9.802270233E0
1.823972495E1,1.436520964E-1,-1.788468719E0,9.634267807E0,9.799916962E0
1.824172405E1,1.364694983E-1,-1.788468719E0,9.624691010E0,9.790399446E0
1.824372452E1,1.412578970E-1,-1.786074519E0,9.619902611E0,9.785322796E0
1.824572569E1,1.436520964E-1,-1.788468719E0,9.607931137E0,9.774026653E0
1.824772565E1,1.364694983E-1,-1.795651317E0,9.612719536E0,9.779947058E0
1.824972636E1,1.364694983E-1,-1.795651317E0,9.629479408E0,9.796420839E0
1.825172745E1,1.340752989E-1,-1.795651317E0,9.622296333E0,9.789327176E0
1.825372784E1,1.316810995E-1,-1.800439715E0,9.627084732E0,9.794880475E0
1.825572815E1,1.388636976E-1,-1.800439715E0,9.631873131E0,9.799686031E0
1.825772882E1,1.412578970E-1,-1.800439715E0,9.629479408E0,9.797367536E0
1.825972890E1,1.388636976E-1,-1.800439715E0,9.624691010E0,9.792626988E0
1.826172890E1,1.412578970E-1,-1.793257117E0,9.627084732E0,9.793696203E0
1.826372987E1,1.412578970E-1,-1.793257117E0,9.627084732E0,9.793696203E0
1.826573151E1,1.412578970E-1,-1.788468719E0,9.627084732E0,9.792820563E0
1.826773382E1,1.316810995E-1,-1.786074519E0,9.622296333E0,9.787542533E0
1.826973526E1,1.292868853E-1,-1.793257117E0,9.624691010E0,9.791177826E0
1.827173655E1,1.388636976E-1,-1.795651317E0,9.634267807E0,9.801161306E0
1.827373761E1,1.436520964E-1,-1.802833915E0,9.643844604E0,9.811961313E0
1.827573808E1,1.508347094E-1,-1.798045516E0,9.631873131E0,9.799423391E0
1.827773882E1,1.292868853E-1,-1.790862918E0,9.622296333E0,9.788385557E0
1.827974061E1,1.292868853E-1,-1.802833915E0,9.629479408E0,9.797642517E0
1.828174147E1,1.292868853E-1,-1.802833915E0,9.631873131E0,9.799995165E0
1.828374194E1,1.292868853E-1,-1.790862918E0,9.639056206E0,9.804861530E0
1.828574245E1,1.340752989E-1,-1.781286120E0,9.627084732E0,9.791410361E0
1.828774331E1,1.364694983E-1,-1.786074519E0,9.624691010E0,9.789962367E0
1.828974370E1,1.364694983E-1,-1.786074519E0,9.634267807E0,9.799377648E0
1.829174421E1,1.412578970E-1,-1.783680320E0,9.641449928E0,9.806070875E0
1.829374425E1,1.412578970E-1,-1.788468719E0,9.627084732E0,9.792820563E0
1.829574511E1,1.292868853E-1,-1.795651317E0,9.629479408E0,9.796323414E0
1.829774546E1,1.340752989E-1,-1.790862918E0,9.624691010E0,9.790804012E0
1.829974518E1,1.388636976E-1,-1.788468719E0,9.612719536E0,9.778664549E0
1.830174589E1,1.412578970E-1,-1.788468719E0,9.619902611E0,9.785760082E0
1.830374725E1,1.364694983E-1,-1.788468719E0,9.646238327E0,9.811582856E0
1.830574772E1,1.484405100E-1,-1.788468719E0,9.639056206E0,9.804695787E0
1.830774784E1,1.436520964E-1,-1.781286120E0,9.622296333E0,9.786838248E0
1.830974827E1,1.412578970E-1,-1.786074519E0,9.629479408E0,9.794737855E0
1.831174854E1,1.388636976E-1,-1.786074519E0,9.629479408E0,9.794703619E0
1.831374862E1,1.412578970E-1,-1.786074519E0,9.622296333E0,9.787676063E0
1.831574811E1,1.436520964E-1,-1.793257117E0,9.629479408E0,9.796084967E0
1.831774772E1,1.436520964E-1,-1.793257117E0,9.622296333E0,9.789024146E0
1.831974772E1,1.364694983E-1,-1.790862918E0,9.636661530E0,9.802604723E0
1.832174792E1,1.340752989E-1,-1.788468719E0,9.634267807E0,9.799781259E0
1.832374878E1,1.388636976E-1,-1.778891921E0,9.622296333E0,9.786333651E0
1.832574905E1,1.460463107E-1,-1.788468719E0,9.612719536E0,9.778769184E0
1.832774968E1,1.412578970E-1,-1.786074519E0,9.619902611E0,9.785322796E0
1.832974972E1,1.364694983E-1,-1.786074519E0,9.624691010E0,9.789962367E0
1.833174960E1,1.412578970E-1,-1.786074519E0,9.615114212E0,9.780615384E0
1.833375018E1,1.436520964E-1,-1.783680320E0,9.631873131E0,9.796689819E0
1.833575097E1,1.532289088E-1,-1.778891921E0,9.634267807E0,9.798318822E0
1.833775155E1,1.508347094E-1,-1.783680320E0,9.631873131E0,9.796797773E0
1.833975163E1,1.508347094E-1,-1.788468719E0,9.629479408E0,9.795317511E0
1.834175280E1,1.532289088E-1,-1.788468719E0,9.615114212E0,9.781233090E0
1.834375405E1,1.484405100E-1,-1.786074519E0,9.615114212E0,9.780721757E0
1.834575491E1,1.508347094E-1,-1.786074519E0,9.617507935E0,9.783111579E0
1.834775538E1,1.388636976E-1,-1.783680320E0,9.624691010E0,9.789559522E0
1.834975518E1,1.388636976E-1,-1.781286120E0,9.619902611E0,9.784415650E0
1.835175577E1,1.436520964E-1,-1.783680320E0,9.615114212E0,9.780213327E0
1.835375577E1,1.484405100E-1,-1.783680320E0,9.622296333E0,9.787345748E0
1.835575585E1,1.508347094E-1,-1.783680320E0,9.622296333E0,9.787382353E0
1.835775503E1,1.532289088E-1,-1.783680320E0,9.622296333E0,9.787419543E0
1.835975495E1,1.556231081E-1,-1.781286120E0,9.624691010E0,9.789375661E0
1.836175518E1,1.508347094E-1,-1.786074519E0,9.622296333E0,9.787818962E0
1.836375522E1,1.460463107E-1,-1.788468719E0,9.624691010E0,9.790537621E0
1.836575577E1,1.412578970E-1,-1.781286120E0,9.619902611E0,9.784449922E0
1.836775577E1,1.460463107E-1,-1.771709204E0,9.629479408E0,9.792198767E0
1.836975659E1,1.460463107E-1,-1.776497602E0,9.643844604E0,9.807191851E0
1.837175640E1,1.412578970E-1,-1.774103403E0,9.643844604E0,9.806688301E0
1.837375706E1,1.460463107E-1,-1.774103403E0,9.634267807E0,9.797340894E0
1.837575772E1,1.436520964E-1,-1.771709204E0,9.634267807E0,9.796872236E0
1.837775741E1,1.412578970E-1,-1.776497602E0,9.615114212E0,9.778871041E0
1.837975702E1,1.460463107E-1,-1.783680320E0,9.612719536E0,9.777894553E0
1.838175608E1,1.436520964E-1,-1.776497602E0,9.622296333E0,9.785967831E0
1.838375534E1,1.436520964E-1,-1.776497602E0,9.631873131E0,9.795384610E0
1.838575456E1,1.388636976E-1,-1.774103403E0,9.631873131E0,9.794881624E0
1.838775456E1,1.460463107E-1,-1.771709204E0,9.636661530E0,9.799261628E0
1.838975511E1,1.340752989E-1,-1.776497602E0,9.634267807E0,9.797603589E0
1.839175632E1,1.340752989E-1,-1.781286120E0,9.636661530E0,9.800826591E0
1.839375675E1,1.388636976E-1,-1.786074519E0,9.631873131E0,9.797056972E0
1.839575741E1,1.412578970E-1,-1.778891921E0,9.619902611E0,9.784014335E0
1.839775839E1,1.388636976E-1,-1.781286120E0,9.619902611E0,9.784415650E0
1.839975893E1,1.340752989E-1,-1.781286120E0,9.624691010E0,9.789056822E0
1.840175925E1,1.316810995E-1,-1.781286120E0,9.634267807E0,9.798440505E0
1.840375944E1,1.412578970E-1,-1.788468719E0,9.627084732E0,9.792820563E0
1.840575979E1,1.364694983E-1,-1.778891921E0,9.619902611E0,9.783946373E0
1.840776120E1,1.292868853E-1,-1.783680320E0,9.622296333E0,9.787073991E0
1.840976140E1,1.197100878E-1,-1.783680320E0,9.627084732E0,9.791660044E0
1.841176268E1,1.292868853E-1,-1.786074519E0,9.612719536E0,9.778095631E0
1.841376280E1,1.316810995E-1,-1.793257117E0,9.610325813E0,9.777089201E0
1.841576249E1,1.244984865E-1,-1.793257117E0,9.629479408E0,9.795822816E0
1.841776319E1,1.197100878E-1,-1.786074519E0,9.631873131E0,9.796804209E0
1.841976397E1,1.268926859E-1,-1.776497602E0,9.627084732E0,9.790444623E0
1.842176417E1,1.316810995E-1,-1.766920805E0,9.641449928E0,9.802902925E0
1.842376561E1,1.268926859E-1,-1.766920805E0,9.651026726E0,9.812259054E0
1.842576655E1,1.388636976E-1,-1.766920805E0,9.639056206E0,9.800647774E0
1.842776761E1,1.244984865E-1,-1.776497602E0,9.627084732E0,9.790413885E0
1.842976890E1,1.221042871E-1,-1.771709204E0,9.624691010E0,9.787161999E0
1.843176991E1,1.316810995E-1,-1.778891921E0,9.639056206E0,9.802713957E0
1.843377218E1,1.340752989E-1,-1.771709204E0,9.624691010E0,9.787318668E0
1.843577428E1,1.292868853E-1,-1.766920805E0,9.631873131E0,9.793452110E0
1.843777596E1,1.221042871E-1,-1.771709204E0,9.629479408E0,9.791870947E0
1.843977749E1,1.244984865E-1,-1.774103403E0,9.636661530E0,9.799397338E0
1.844177800E1,1.316810995E-1,-1.774103403E0,9.636661530E0,9.799491223E0
1.844377901E1,1.292868853E-1,-1.771709204E0,9.631873131E0,9.794317159E0
1.844578061E1,1.292868853E-1,-1.762132406E0,9.631873131E0,9.792589327E0
1.844778214E1,1.268926859E-1,-1.757344007E0,9.631873131E0,9.791697489E0
1.844978292E1,1.316810995E-1,-1.766920805E0,9.619902611E0,9.781711266E0
1.845178499E1,1.292868853E-1,-1.771709204E0,9.624691010E0,9.787254244E0
1.845378514E1,1.340752989E-1,-1.769315004E0,9.617507935E0,9.779821606E0
1.845578678E1,1.412578970E-1,-1.771709204E0,9.619902611E0,9.782710950E0
1.845778827E1,1.436520964E-1,-1.774103403E0,9.612719536E0,9.776116595E0
1.845979007E1,1.436520964E-1,-1.781286120E0,9.610325813E0,9.775069228E0
1.846179237E1,1.412578970E-1,-1.776497602E0,9.607931137E0,9.771808341E0
1.846379495E1,1.436520964E-1,-1.783680320E0,9.627084732E0,9.791982018E0
1.846579604E1,1.460463107E-1,-1.771709204E0,9.627084732E0,9.789843894E0
1.846779647E1,1.412578970E-1,-1.769315004E0,9.624691010E0,9.786986585E0
1.846979761E1,1.364694983E-1,-1.771709204E0,9.627084732E0,9.789705709E0
1.847179823E1,1.412578970E-1,-1.771709204E0,9.627084732E0,9.789773630E0
1.847379811E1,1.340752989E-1,-1.776497602E0,9.622296333E0,9.785831934E0
1.847579893E1,1.388636976E-1,-1.778891921E0,9.627084732E0,9.791041826E0
1.847779952E1,1.340752989E-1,-1.774103403E0,9.619902611E0,9.783043765E0
1.847980108E1,1.388636976E-1,-1.771709204E0,9.629479408E0,9.792094276E0
1.848180159E1,1.412578970E-1,-1.774103403E0,9.634267807E0,9.797270684E0
1.848380222E1,1.460463107E-1,-1.778891921E0,9.639056206E0,9.802917450E0
1.848580397E1,1.388636976E-1,-1.774103403E0,9.636661530E0,9.799590371E0
1.848780487E1,1.364694983E-1,-1.776497602E0,9.634267807E0,9.797636645E0
1.848980522E1,1.388636976E-1,-1.778891921E0,9.639056206E0,9.802813072E0
1.849180573E1,1.412578970E-1,-1.766920805E0,9.629479408E0,9.791263279E0
1.849380507E1,1.340752989E-1,-1.762132406E0,9.631873131E0,9.792653716E0
1.849580530E1,1.340752989E-1,-1.762132406E0,9.629479408E0,9.790299305E0
1.849780663E1,1.388636976E-1,-1.769315004E0,9.631873131E0,9.794015454E0
1.849980600E1,1.388636976E-1,-1.778891921E0,9.631873131E0,9.795750079E0
1.850180593E1,1.436520964E-1,-1.774103403E0,9.619902611E0,9.783179700E0
1.850380679E1,1.436520964E-1,-1.771709204E0,9.622296333E0,9.785099701E0
1.850580671E1,1.316810995E-1,-1.771709204E0,9.639056206E0,9.801413059E0
1.850780722E1,1.292868853E-1,-1.769315004E0,9.643844604E0,9.805658032E0
1.850980792E1,1.340752989E-1,-1.776497602E0,9.631873131E0,9.795248844E0
1.851180846E1,1.412578970E-1,-1.771709204E0,9.627084732E0,9.789773630E0
1.851380932E1,1.436520964E-1,-1.781286120E0,9.610325813E0,9.775069228E0
1.851580862E1,1.412578970E-1,-1.781286120E0,9.610325813E0,9.775034336E0
1.851780913E1,1.460463107E-1,-1.790862918E0,9.612719536E0,9.779207350E0
1.851980928E1,1.436520964E-1,-1.783680320E0,9.619902611E0,9.784920932E0
1.852180882E1,1.364694983E-1,-1.776497602E0,9.627084732E0,9.790573430E0
1.852380897E1,1.412578970E-1,-1.778891921E0,9.624691010E0,9.788722454E0
1.852580897E1,1.532289088E-1,-1.790862918E0,9.624691010E0,9.791085033E0
1.852780890E1,1.436520964E-1,-1.793257117E0,9.629479408E0,9.796084967E0
1.852980843E1,1.388636976E-1,-1.786074519E0,9.636661530E0,9.801764675E0
1.853180839E1,1.340752989E-1,-1.790862918E0,9.627084732E0,9.793157132E0
1.853380768E1,1.388636976E-1,-1.790862918E0,9.624691010E0,9.790870755E0
1.853580792E1,1.388636976E-1,-1.790862918E0,9.631873131E0,9.797931063E0
1.853780757E1,1.412578970E-1,-1.790862918E0,9.624691010E0,9.790905005E0
1.853980827E1,1.412578970E-1,-1.778891921E0,9.631873131E0,9.795784311E0
1.854180960E1,1.436520964E-1,-1.781286120E0,9.636661530E0,9.800962279E0
1.854381069E1,1.484405100E-1,-1.783680320E0,9.646238327E0,9.810884972E0
1.854581104E1,1.460463107E-1,-1.776497602E0,9.629479408E0,9.793066268E0
1.854781159E1,1.436520964E-1,-1.776497602E0,9.624691010E0,9.788322465E0
1.854981155E1,1.436520964E-1,-1.778891921E0,9.627084732E0,9.791110909E0
1.855181182E1,1.436520964E-1,-1.776497602E0,9.634267807E0,9.797739323E0
1.855381202E1,1.460463107E-1,-1.774103403E0,9.631873131E0,9.794986086E0
1.855581136E1,1.484405100E-1,-1.781286120E0,9.639056206E0,9.803388157E0
1.855781120E1,1.484405100E-1,-1.778891921E0,9.636661530E0,9.800598782E0
1.855981069E1,1.508347094E-1,-1.788468719E0,9.627084732E0,9.792963387E0
1.856180952E1,1.484405100E-1,-1.771709204E0,9.615114212E0,9.778108682E0
1.856380995E1,1.532289088E-1,-1.774103403E0,9.624691010E0,9.788033460E0
1.856580917E1,1.508347094E-1,-1.778891921E0,9.622296333E0,9.786510834E0
1.856780960E1,1.532289088E-1,-1.776497602E0,9.627084732E0,9.790821379E0
1.856980948E1,1.604115069E-1,-1.769315004E0,9.641449928E0,9.803762755E0
1.857180846E1,1.604115069E-1,-1.774103403E0,9.629479408E0,9.792857010E0
1.857380768E1,1.556231081E-1,-1.774103403E0,9.624691010E0,9.788071233E0
1.857580655E1,1.508347094E-1,-1.776497602E0,9.619902611E0,9.783722251E0
1.857780503E1,1.508347094E-1,-1.778891921E0,9.624691010E0,9.788865338E0
1.857980507E1,1.556231081E-1,-1.786074519E0,9.615114212E0,9.780833403E0
1.858180354E1,1.532289088E-1,-1.793257117E0,9.622296333E0,9.789169368E0
1.858380343E1,1.508347094E-1,-1.793257117E0,9.615114212E0,9.782072557E0
1.858580245E1,1.532289088E-1,-1.800439715E0,9.617507935E0,9.785781580E0
1.858780194E1,1.484405100E-1,-1.798045516E0,9.636661530E0,9.804093415E0
1.858980069E1,1.484405100E-1,-1.802833915E0,9.643844604E0,9.812032586E0
1.859179901E1,1.460463107E-1,-1.790862918E0,9.651026726E0,9.816864896E0
1.859379874E1,1.556231081E-1,-1.788468719E0,9.646238327E0,9.811867955E0
1.859579854E1,1.484405100E-1,-1.783680320E0,9.655815125E0,9.820301207E0
1.859779702E1,1.460463107E-1,-1.790862918E0,9.646238327E0,9.812157427E0
1.859979468E1,1.412578970E-1,-1.798045516E0,9.643844604E0,9.811047866E0
1.860179354E1,1.436520964E-1,-1.795651317E0,9.646238327E0,9.812997169E0
1.860379268E1,1.364694983E-1,-1.798045516E0,9.636661530E0,9.803919473E0
1.860579186E1,1.436520964E-1,-1.788468719E0,9.641449928E0,9.806977771E0
1.860779198E1,1.364694983E-1,-1.786074519E0,9.643844604E0,9.808793242E0
1.860979237E1,1.244984865E-1,-1.795651317E0,9.653421402E0,9.819796754E0
1.861179112E1,1.197100878E-1,-1.800439715E0,9.648633003E0,9.815907116E0
1.861378960E1,1.244984865E-1,-1.798045516E0,9.648633003E0,9.815527820E0
1.861578874E1,1.316810995E-1,-1.793257117E0,9.651026726E0,9.817098750E0
1.861778827E1,1.340752989E-1,-1.798045516E0,9.651026726E0,9.818006963E0
1.861978741E1,1.316810995E-1,-1.790862918E0,9.658209801E0,9.823723655E0
1.862178694E1,1.292868853E-1,-1.795651317E0,9.646238327E0,9.812797390E0
1.862378725E1,1.268926859E-1,-1.793257117E0,9.641449928E0,9.807620994E0
1.862578792E1,1.316810995E-1,-1.800439715E0,9.631873131E0,9.799586884E0
1.862778675E1,1.316810995E-1,-1.798045516E0,9.634267807E0,9.801501098E0
1.862978710E1,1.340752989E-1,-1.798045516E0,9.634267807E0,9.801533556E0
1.863178698E1,1.268926859E-1,-1.805228114E0,9.634267807E0,9.802758105E0
1.863378632E1,1.316810995E-1,-1.793257117E0,9.612719536E0,9.779442104E0
1.863578624E1,1.316810995E-1,-1.776497602E0,9.617507935E0,9.781091070E0
1.863778565E1,1.268926859E-1,-1.778891921E0,9.629479408E0,9.793233985E0
1.863978546E1,1.412578970E-1,-1.783680320E0,9.622296333E0,9.787239448E0
1.864178491E1,1.364694983E-1,-1.776497602E0,9.610325813E0,9.774094838E0
1.864378499E1,1.292868853E-1,-1.776497602E0,9.610325813E0,9.773997190E0
1.864578483E1,1.292868853E-1,-1.778891921E0,9.603142738E0,9.767370271E0
1.864778436E1,1.244984865E-1,-1.769315004E0,9.610325813E0,9.772632076E0
1.864978444E1,1.292868853E-1,-1.766920805E0,9.615114212E0,9.776970162E0
1.865178464E1,1.268926859E-1,-1.757344007E0,9.600749016E0,9.761083002E0
1.865378550E1,1.316810995E-1,-1.759738207E0,9.603142738E0,9.763932042E0
1.865578495E1,1.316810995E-1,-1.747767210E0,9.605537415E0,9.764137399E0
1.865778428E1,1.292868853E-1,-1.742978811E0,9.598354340E0,9.756182464E0
1.865978417E1,1.292868853E-1,-1.740584612E0,9.598354340E0,9.755755015E0
1.866178405E1,1.173158810E-1,-1.752555609E0,9.603142738E0,9.762456895E0
1.866378284E1,1.125274822E-1,-1.742978811E0,9.595960617E0,9.753619725E0
1.866578315E1,1.197100878E-1,-1.740584612E0,9.617507935E0,9.774478204E0
1.866778343E1,1.221042871E-1,-1.747767210E0,9.612719536E0,9.771078577E0
1.866978300E1,1.149216816E-1,-1.747767210E0,9.619902611E0,9.778058266E0
1.867178378E1,1.173158810E-1,-1.745373011E0,9.615114212E0,9.772947932E0
1.867378464E1,1.173158810E-1,-1.750161409E0,9.615114212E0,9.773804238E0
1.867578511E1,1.149216816E-1,-1.750161409E0,9.624691010E0,9.783197278E0
1.867778675E1,1.125274822E-1,-1.754949808E0,9.624691010E0,9.784027202E0
1.867978811E1,1.173158810E-1,-1.764526606E0,9.603142738E0,9.764613029E0
1.868178956E1,1.197100878E-1,-1.769315004E0,9.607931137E0,9.770217338E0
1.868379003E1,1.149216816E-1,-1.769315004E0,9.619902611E0,9.781932775E0
1.868578987E1,1.125274822E-1,-1.771709204E0,9.636661530E0,9.798819387E0
1.868778956E1,1.125274822E-1,-1.771709204E0,9.643844604E0,9.805883677E0
1.868978972E1,1.221042871E-1,-1.766920805E0,9.641449928E0,9.802778958E0
1.869179077E1,1.244984865E-1,-1.762132406E0,9.631873131E0,9.792527278E0
1.869379073E1,1.268926859E-1,-1.774103403E0,9.634267807E0,9.797074095E0
1.869579089E1,1.292868853E-1,-1.776497602E0,9.629479408E0,9.792830669E0
1.869779007E1,1.173158810E-1,-1.776497602E0,9.636661530E0,9.799742455E0
1.869978972E1,1.149216816E-1,-1.776497602E0,9.631873131E0,9.795005397E0
1.870178913E1,1.316810995E-1,-1.769315004E0,9.629479408E0,9.791562141E0
1.870378890E1,1.292868853E-1,-1.769315004E0,9.651026726E0,9.812721720E0
1.870578956E1,1.268926859E-1,-1.771709204E0,9.646238327E0,9.808413180E0
1.870778987E1,1.292868853E-1,-1.774103403E0,9.646238327E0,9.808877196E0
1.870978972E1,1.364694983E-1,-1.771709204E0,9.643844604E0,9.806187648E0
1.871178991E1,1.388636976E-1,-1.766920805E0,9.643844604E0,9.805357261E0
1.871378968E1,1.412578970E-1,-1.766920805E0,9.646238327E0,9.807745755E0
1.871578897E1,1.412578970E-1,-1.776497602E0,9.648633003E0,9.811830428E0
1.871778882E1,1.364694983E-1,-1.774103403E0,9.641449928E0,9.804265578E0
1.871978960E1,1.484405100E-1,-1.774103403E0,9.641449928E0,9.804439514E0
1.872178983E1,1.388636976E-1,-1.783680320E0,9.651026726E0,9.815452892E0
1.872379046E1,1.364694983E-1,-1.781286120E0,9.646238327E0,9.810276144E0
1.872579167E1,1.364694983E-1,-1.774103403E0,9.634267807E0,9.797202814E0
1.872779237E1,1.436520964E-1,-1.778891921E0,9.643844604E0,9.807590486E0
1.872979366E1,1.460463107E-1,-1.783680320E0,9.648633003E0,9.813203546E0
1.873179397E1,1.484405100E-1,-1.783680320E0,9.643844604E0,9.808531431E0
1.873379464E1,1.556231081E-1,-1.776497602E0,9.627084732E0,9.790859141E0
1.873579554E1,1.508347094E-1,-1.786074519E0,9.624691010E0,9.790173151E0
1.873779640E1,1.532289088E-1,-1.783680320E0,9.622296333E0,9.787419543E0
1.873979636E1,1.508347094E-1,-1.786074519E0,9.619902611E0,9.785465729E0
1.874179596E1,1.484405100E-1,-1.795651317E0,9.624691010E0,9.791888238E0
1.874379675E1,1.580173075E-1,-1.798045516E0,9.631873131E0,9.799536579E0
1.874579757E1,1.604115069E-1,-1.798045516E0,9.610325813E0,9.778397710E0
1.874779882E1,1.508347094E-1,-1.800439715E0,9.610325813E0,9.778685828E0
1.874979979E1,1.580173075E-1,-1.810016513E0,9.622296333E0,9.792329446E0
1.875179909E1,1.556231081E-1,-1.807622313E0,9.631873131E0,9.801259969E0
1.875379905E1,1.532289088E-1,-1.802833915E0,9.629479408E0,9.797987696E0
1.875579925E1,1.556231081E-1,-1.802833915E0,9.615114212E0,9.783907705E0
1.875779968E1,1.460463107E-1,-1.807622313E0,9.624691010E0,9.794054573E0
1.875980112E1,1.532289088E-1,-1.798045516E0,9.617507935E0,9.785341366E0
1.876180155E1,1.556231081E-1,-1.793257117E0,9.622296333E0,9.789207137E0
1.876380210E1,1.484405100E-1,-1.805228114E0,9.624691010E0,9.793648971E0
1.876580237E1,1.484405100E-1,-1.812410712E0,9.631873131E0,9.802032809E0
1.876780292E1,1.508347094E-1,-1.805228114E0,9.631873131E0,9.800743832E0
1.876980417E1,1.484405100E-1,-1.798045516E0,9.631873131E0,9.799386831E0
1.877180440E1,1.484405100E-1,-1.802833915E0,9.641449928E0,9.809678967E0
1.877380526E1,1.484405100E-1,-1.802833915E0,9.636661530E0,9.804972725E0
1.877580542E1,1.388636976E-1,-1.800439715E0,9.627084732E0,9.794979670E0
1.877780636E1,1.436520964E-1,-1.800439715E0,9.624691010E0,9.792696060E0
1.877980702E1,1.340752989E-1,-1.798045516E0,9.636661530E0,9.803886438E0
1.878180831E1,1.436520964E-1,-1.795651317E0,9.624691010E0,9.791816818E0
1.878381011E1,1.556231081E-1,-1.786074519E0,9.622296333E0,9.787893924E0
1.878581143E1,1.556231081E-1,-1.788468719E0,9.619902611E0,9.785977986E0
1.878781315E1,1.460463107E-1,-1.807622313E0,9.622296333E0,9.791701317E0
1.878981397E1,1.532289088E-1,-1.800439715E0,9.617507935E0,9.785781580E0
1.879181386E1,1.508347094E-1,-1.800439715E0,9.619902611E0,9.788097901E0
1.879381382E1,1.532289088E-1,-1.812410712E0,9.612719536E0,9.783286184E0
1.879581581E1,1.460463107E-1,-1.807622313E0,9.619902611E0,9.789349018E0
1.879781737E1,1.412578970E-1,-1.807622313E0,9.619902611E0,9.789278751E0
1.879981815E1,1.532289088E-1,-1.802833915E0,9.622296333E0,9.790928248E0
1.880181796E1,1.532289088E-1,-1.802833915E0,9.634267807E0,9.802693783E0
1.880381874E1,1.484405100E-1,-1.800439715E0,9.631873131E0,9.799826415E0
1.880581901E1,1.460463107E-1,-1.790862918E0,9.627084732E0,9.793328339E0
1.880781956E1,1.316810995E-1,-1.793257117E0,9.627084732E0,9.793562755E0
1.880982050E1,1.388636976E-1,-1.793257117E0,9.622296333E0,9.788955048E0
1.881182120E1,1.316810995E-1,-1.793257117E0,9.636661530E0,9.802976917E0
1.881382159E1,1.364694983E-1,-1.786074519E0,9.639056206E0,9.804085406E0
1.881582300E1,1.388636976E-1,-1.776497602E0,9.636661530E0,9.800024097E0
1.881782397E1,1.412578970E-1,-1.776497602E0,9.634267807E0,9.797704512E0
1.881982472E1,1.436520964E-1,-1.781286120E0,9.631873131E0,9.796254191E0
1.882182597E1,1.484405100E-1,-1.786074519E0,9.629479408E0,9.794844075E0
1.882382804E1,1.436520964E-1,-1.781286120E0,9.622296333E0,9.786838248E0
1.882582952E1,1.412578970E-1,-1.781286120E0,9.615114212E0,9.779742090E0
1.882783050E1,1.436520964E-1,-1.778891921E0,9.627084732E0,9.791110909E0
1.882983249E1,1.364694983E-1,-1.781286120E0,9.622296333E0,9.786735456E0
1.883183409E1,1.436520964E-1,-1.769315004E0,9.624691010E0,9.787021433E0
1.883383565E1,1.364694983E-1,-1.774103403E0,9.629479408E0,9.792494089E0
1.883583792E1,1.364694983E-1,-1.776497602E0,9.615114212E0,9.778803044E0
1.883783972E1,1.436520964E-1,-1.769315004E0,9.603142738E0,9.765831350E0
1.883984128E1,1.508347094E-1,-1.762132406E0,9.622296333E0,9.783478341E0
1.884184257E1,1.436520964E-1,-1.769315004E0,9.612719536E0,9.775248763E0
1.884384464E1,1.388636976E-1,-1.764526606E0,9.617507935E0,9.779023271E0
1.884584655E1,1.316810995E-1,-1.776497602E0,9.619902611E0,9.783445706E0
1.884784886E1,1.268926859E-1,-1.774103403E0,9.617507935E0,9.780593208E0
1.884985112E1,1.268926859E-1,-1.771709204E0,9.619902611E0,9.782514068E0
1.885185346E1,1.340752989E-1,-1.776497602E0,9.619902611E0,9.783478224E0
1.885385475E1,1.388636976E-1,-1.778891921E0,9.629479408E0,9.793396411E0
1.885585472E1,1.436520964E-1,-1.776497602E0,9.619902611E0,9.783614153E0
1.885785624E1,1.460463107E-1,-1.771709204E0,9.622296333E0,9.785135142E0
1.885985678E1,1.412578970E-1,-1.769315004E0,9.631873131E0,9.794049693E0
1.886185878E1,1.340752989E-1,-1.786074519E0,9.636661530E0,9.801698006E0
1.886385987E1,1.436520964E-1,-1.788468719E0,9.624691010E0,9.790502199E0
1.886586128E1,1.484405100E-1,-1.795651317E0,9.634267807E0,9.801301669E0
1.886786253E1,1.412578970E-1,-1.790862918E0,9.643844604E0,9.809734071E0
1.886986253E1,1.364694983E-1,-1.781286120E0,9.629479408E0,9.793797927E0
1.887186323E1,1.268926859E-1,-1.776497602E0,9.646238327E0,9.809279247E0
1.887386530E1,1.244984865E-1,-1.788468719E0,9.646238327E0,9.811423653E0
1.887586764E1,1.340752989E-1,-1.783680320E0,9.643844604E0,9.808324547E0
1.887786952E1,1.316810995E-1,-1.776497602E0,9.634267807E0,9.797571118E0
1.887987108E1,1.244984865E-1,-1.778891921E0,9.627084732E0,9.790848624E0
1.888187198E1,1.340752989E-1,-1.778891921E0,9.634267807E0,9.798038009E0
1.888387300E1,1.340752989E-1,-1.778891921E0,9.639056206E0,9.802746411E0
1.888587257E1,1.364694983E-1,-1.774103403E0,9.651026726E0,9.813683491E0
1.888787222E1,1.388636976E-1,-1.764526606E0,9.641449928E0,9.802570785E0
1.888987163E1,1.388636976E-1,-1.766920805E0,9.639056206E0,9.800647774E0
1.889187089E1,1.340752989E-1,-1.766920805E0,9.655815125E0,9.817064278E0
1.889387054E1,1.340752989E-1,-1.764526606E0,9.643844604E0,9.804859463E0
1.889586968E1,1.316810995E-1,-1.766920805E0,9.636661530E0,9.798193429E0
1.889786925E1,1.316810995E-1,-1.766920805E0,9.634267807E0,9.795839179E0
1.889986932E1,1.292868853E-1,-1.766920805E0,9.627084732E0,9.788742752E0
1.890186870E1,1.268926859E-1,-1.769315004E0,9.617507935E0,9.779725774E0
1.890386870E1,1.244984865E-1,-1.776497602E0,9.624691010E0,9.788060106E0
1.890586893E1,1.244984865E-1,-1.771709204E0,9.612719536E0,9.775419697E0
1.890786928E1,1.244984865E-1,-1.766920805E0,9.615114212E0,9.776908014E0
1.890987038E1,1.244984865E-1,-1.762132406E0,9.603142738E0,9.764269606E0
1.891187179E1,1.149216816E-1,-1.771709204E0,9.610325813E0,9.772948518E0
1.891387319E1,1.149216816E-1,-1.771709204E0,9.607931137E0,9.770593699E0
1.891587362E1,1.316810995E-1,-1.769315004E0,9.607931137E0,9.770371346E0
1.891787323E1,1.268926859E-1,-1.769315004E0,9.605537415E0,9.767954052E0
1.891987421E1,1.221042871E-1,-1.769315004E0,9.610325813E0,9.772601868E0
1.892187550E1,1.268926859E-1,-1.771709204E0,9.619902611E0,9.782514068E0
1.892387593E1,1.292868853E-1,-1.766920805E0,9.612719536E0,9.774615138E0
1.892587745E1,1.292868853E-1,-1.774103403E0,9.607931137E0,9.771207639E0
1.892787768E1,1.244984865E-1,-1.769315004E0,9.615114212E0,9.777340987E0
1.892987811E1,1.221042871E-1,-1.769315004E0,9.612719536E0,9.774955852E0
1.893187741E1,1.268926859E-1,-1.769315004E0,9.615114212E0,9.777371766E0
1.893387714E1,1.340752989E-1,-1.771709204E0,9.634267807E0,9.796736491E0
1.893587722E1,1.221042871E-1,-1.764526606E0,9.631873131E0,9.792928245E0
1.893787722E1,1.197100878E-1,-1.764526606E0,9.631873131E0,9.792898685E0
1.893987640E1,1.244984865E-1,-1.766920805E0,9.629479408E0,9.791035833E0
1.894187640E1,1.197100878E-1,-1.766920805E0,9.629479408E0,9.790976116E0
1.894387604E1,1.197100878E-1,-1.759738207E0,9.624691010E0,9.784972462E0
1.894587515E1,1.197100878E-1,-1.769315004E0,9.629479408E0,9.791408467E0
1.894787444E1,1.268926859E-1,-1.774103403E0,9.634267807E0,9.797074095E0
1.894987472E1,1.340752989E-1,-1.776497602E0,9.631873131E0,9.795248844E0
1.895187495E1,1.340752989E-1,-1.757344007E0,9.627084732E0,9.787083048E0
1.895387518E1,1.340752989E-1,-1.766920805E0,9.622296333E0,9.784097917E0
1.895587577E1,1.316810995E-1,-1.778891921E0,9.631873131E0,9.795650891E0
1.895787659E1,1.364694983E-1,-1.778891921E0,9.634267807E0,9.798071064E0
1.895987694E1,1.364694983E-1,-1.783680320E0,9.627084732E0,9.791879281E0
1.896187788E1,1.316810995E-1,-1.774103403E0,9.624691010E0,9.787719848E0
1.896387850E1,1.364694983E-1,-1.771709204E0,9.622296333E0,9.784996891E0
1.896587991E1,1.364694983E-1,-1.776497602E0,9.634267807E0,9.797636645E0
1.896788050E1,1.460463107E-1,-1.766920805E0,9.643844604E0,9.805461611E0
1.896988222E1,1.460463107E-1,-1.766920805E0,9.627084732E0,9.788978450E0
1.897188483E1,1.484405100E-1,-1.771709204E0,9.631873131E0,9.794588715E0
1.897388714E1,1.508347094E-1,-1.769315004E0,9.643844604E0,9.805965809E0
1.897588839E1,1.532289088E-1,-1.774103403E0,9.643844604E0,9.806868039E0
1.897789030E1,1.460463107E-1,-1.771709204E0,9.634267807E0,9.796907635E0
1.897989210E1,1.484405100E-1,-1.769315004E0,9.643844604E0,9.805929274E0
1.898189315E1,1.484405100E-1,-1.769315004E0,9.634267807E0,9.796510927E0
1.898389440E1,1.436520964E-1,-1.766920805E0,9.629479408E0,9.791298113E0
1.898589573E1,1.484405100E-1,-1.769315004E0,9.624691010E0,9.787092888E0
1.898789620E1,1.532289088E-1,-1.769315004E0,9.631873131E0,9.794229663E0
1.898989722E1,1.460463107E-1,-1.778891921E0,9.629479408E0,9.793500889E0
1.899189757E1,1.412578970E-1,-1.783680320E0,9.629479408E0,9.794301555E0
1.899389882E1,1.436520964E-1,-1.786074519E0,9.619902611E0,9.785357651E0
1.899590108E1,1.436520964E-1,-1.783680320E0,9.627084732E0,9.791982018E0
1.899790237E1,1.460463107E-1,-1.771709204E0,9.641449928E0,9.803970611E0
1.899990409E1,1.364694983E-1,-1.774103403E0,9.631873131E0,9.794847973E0
1.900190526E1,1.460463107E-1,-1.774103403E0,9.610325813E0,9.773798374E0
1.900390643E1,1.460463107E-1,-1.776497602E0,9.631873131E0,9.795420015E0
1.900590843E1,1.412578970E-1,-1.769315004E0,9.631873131E0,9.794049693E0
1.900791069E1,1.364694983E-1,-1.776497602E0,9.624691010E0,9.788219689E0
1.900991304E1,1.412578970E-1,-1.786074519E0,9.624691010E0,9.790030286E0
1.901191475E1,1.460463107E-1,-1.774103403E0,9.615114212E0,9.778506722E0
1.901391573E1,1.460463107E-1,-1.776497602E0,9.631873131E0,9.795420015E0
1.901591643E1,1.460463107E-1,-1.783680320E0,9.629479408E0,9.794371786E0
1.901791737E1,1.436520964E-1,-1.793257117E0,9.624691010E0,9.791378046E0
1.901991952E1,1.460463107E-1,-1.795651317E0,9.617507935E0,9.784791876E0
1.902192054E1,1.412578970E-1,-1.802833915E0,9.615114212E0,9.783689755E0
1.902392214E1,1.412578970E-1,-1.800439715E0,9.612719536E0,9.780895349E0
1.902592362E1,1.508347094E-1,-1.790862918E0,9.622296333E0,9.788693877E0
1.902792487E1,1.580173075E-1,-1.793257117E0,9.624691010E0,9.791599338E0
1.902992538E1,1.532289088E-1,-1.802833915E0,9.615114212E0,9.783869916E0
1.903192604E1,1.556231081E-1,-1.807622313E0,9.627084732E0,9.796554365E0
1.903392725E1,1.412578970E-1,-1.810016513E0,9.615114212E0,9.785015834E0
1.903592831E1,1.316810995E-1,-1.802833915E0,9.617507935E0,9.785908691E0
1.903792846E1,1.316810995E-1,-1.802833915E0,9.634267807E0,9.802380640E0
1.903992933E1,1.244984865E-1,-1.800439715E0,9.631873131E0,9.799493000E0
1.904192987E1,1.292868853E-1,-1.800439715E0,9.622296333E0,9.790142236E0
1.904393058E1,1.292868853E-1,-1.800439715E0,9.624691010E0,9.792495867E0
1.904593159E1,1.388636976E-1,-1.793257117E0,9.627084732E0,9.793661963E0
1.904793163E1,1.340752989E-1,-1.781286120E0,9.629479408E0,9.793764858E0
1.904993167E1,1.364694983E-1,-1.783680320E0,9.624691010E0,9.789525853E0
1.905193225E1,1.412578970E-1,-1.788468719E0,9.619902611E0,9.785760082E0
1.905393253E1,1.316810995E-1,-1.793257117E0,9.631873131E0,9.798269797E0
1.905593339E1,1.268926859E-1,-1.795651317E0,9.634267807E0,9.800999009E0
1.905793292E1,1.316810995E-1,-1.778891921E0,9.631873131E0,9.795650891E0
1.905993343E1,1.388636976E-1,-1.774103403E0,9.641449928E0,9.804299196E0
1.906193428E1,1.340752989E-1,-1.776497602E0,9.622296333E0,9.785831934E0
1.906393460E1,1.388636976E-1,-1.783680320E0,9.617507935E0,9.782497507E0
1.906593444E1,1.460463107E-1,-1.788468719E0,9.622296333E0,9.788183519E0
1.906793472E1,1.484405100E-1,-1.781286120E0,9.629479408E0,9.793972049E0
1.906993499E1,1.436520964E-1,-1.778891921E0,9.629479408E0,9.793465478E0
1.907193530E1,1.412578970E-1,-1.776497602E0,9.627084732E0,9.790641346E0
1.907393526E1,1.412578970E-1,-1.783680320E0,9.622296333E0,9.787239448E0
1.907593581E1,1.556231081E-1,-1.788468719E0,9.646238327E0,9.811867955E0
1.907793776E1,1.484405100E-1,-1.788468719E0,9.627084732E0,9.792926804E0
1.907993792E1,1.364694983E-1,-1.788468719E0,9.629479408E0,9.795106837E0
1.908193811E1,1.508347094E-1,-1.788468719E0,9.619902611E0,9.785903009E0
1.908393925E1,1.460463107E-1,-1.781286120E0,9.619902611E0,9.784520224E0
1.908593995E1,1.436520964E-1,-1.781286120E0,9.624691010E0,9.789192673E0
1.908794050E1,1.412578970E-1,-1.781286120E0,9.634267807E0,9.798573887E0
1.908994077E1,1.388636976E-1,-1.776497602E0,9.636661530E0,9.800024097E0
1.909194077E1,1.364694983E-1,-1.781286120E0,9.634267807E0,9.798506026E0
1.909394155E1,1.436520964E-1,-1.781286120E0,9.624691010E0,9.789192673E0
1.909594261E1,1.412578970E-1,-1.788468719E0,9.622296333E0,9.788113244E0
1.909794276E1,1.484405100E-1,-1.788468719E0,9.615114212E0,9.781159249E0
1.909994401E1,1.460463107E-1,-1.793257117E0,9.629479408E0,9.796120369E0
1.910194472E1,1.436520964E-1,-1.781286120E0,9.631873131E0,9.796254191E0
1.910394440E1,1.484405100E-1,-1.778891921E0,9.624691010E0,9.788828739E0
1.910594401E1,1.460463107E-1,-1.778891921E0,9.615114212E0,9.779376632E0
1.910794436E1,1.580173075E-1,-1.778891921E0,9.631873131E0,9.796040320E0
1.910994460E1,1.508347094E-1,-1.776497602E0,9.629479408E0,9.793138849E0
1.911194468E1,1.484405100E-1,-1.776497602E0,9.612719536E0,9.776622893E0
1.911394483E1,1.484405100E-1,-1.781286120E0,9.610325813E0,9.775140770E0
1.911594514E1,1.460463107E-1,-1.781286120E0,9.617507935E0,9.782165846E0
1.911794464E1,1.460463107E-1,-1.778891921E0,9.631873131E0,9.795854531E0
1.911994456E1,1.460463107E-1,-1.781286120E0,9.631873131E0,9.796289592E0
1.912194511E1,1.412578970E-1,-1.790862918E0,9.627084732E0,9.793258100E0
1.912394569E1,1.364694983E-1,-1.788468719E0,9.617507935E0,9.783338037E0
1.912594604E1,1.316810995E-1,-1.786074519E0,9.627084732E0,9.792250126E0
1.912794643E1,1.436520964E-1,-1.781286120E0,9.627084732E0,9.791546181E0
1.912994702E1,1.508347094E-1,-1.778891921E0,9.622296333E0,9.786510834E0
1.913194589E1,1.484405100E-1,-1.774103403E0,9.615114212E0,9.778542774E0
1.913394585E1,1.436520964E-1,-1.774103403E0,9.619902611E0,9.783179700E0
1.913594522E1,1.412578970E-1,-1.776497602E0,9.617507935E0,9.781224688E0
1.913794483E1,1.364694983E-1,-1.774103403E0,9.615114212E0,9.778368377E0
1.913994604E1,1.316810995E-1,-1.778891921E0,9.624691010E0,9.788588939E0
1.914194640E1,1.340752989E-1,-1.783680320E0,9.622296333E0,9.787138417E0
1.914394636E1,1.364694983E-1,-1.783680320E0,9.617507935E0,9.782463814E0
1.914594698E1,1.316810995E-1,-1.778891921E0,9.631873131E0,9.795650891E0
1.914794737E1,1.340752989E-1,-1.778891921E0,9.639056206E0,9.802746411E0
1.914994776E1,1.340752989E-1,-1.778891921E0,9.627084732E0,9.790975084E0
1.915194831E1,1.388636976E-1,-1.781286120E0,9.631873131E0,9.796185144E0
1.915394862E1,1.340752989E-1,-1.776497602E0,9.627084732E0,9.790540351E0
1.915594952E1,1.412578970E-1,-1.774103403E0,9.619902611E0,9.783144838E0
1.915794893E1,1.436520964E-1,-1.771709204E0,9.634267807E0,9.796872236E0
1.915994932E1,1.412578970E-1,-1.771709204E0,9.624691010E0,9.787419697E0
1.916194944E1,1.412578970E-1,-1.781286120E0,9.624691010E0,9.789157832E0
1.916394909E1,1.364694983E-1,-1.781286120E0,9.636661530E0,9.800859636E0
1.916594975E1,1.340752989E-1,-1.778891921E0,9.631873131E0,9.795683369E0
1.916794960E1,1.364694983E-1,-1.771709204E0,9.629479408E0,9.792060616E0
1.916995171E1,1.340752989E-1,-1.774103403E0,9.627084732E0,9.790106205E0
1.917195268E1,1.316810995E-1,-1.776497602E0,9.624691010E0,9.788154099E0
1.917395464E1,1.412578970E-1,-1.776497602E0,9.619902611E0,9.783579292E0
1.917595538E1,1.364694983E-1,-1.781286120E0,9.627084732E0,9.791443438E0
1.917795636E1,1.436520964E-1,-1.776497602E0,9.634267807E0,9.797739323E0
1.917995757E1,1.508347094E-1,-1.778891921E0,9.619902611E0,9.784157287E0
1.918195917E1,1.460463107E-1,-1.776497602E0,9.627084732E0,9.790711603E0
1.918396093E1,1.388636976E-1,-1.786074519E0,9.631873131E0,9.797056972E0
1.918596167E1,1.412578970E-1,-1.783680320E0,9.627084732E0,9.791947187E0
1.918796358E1,1.388636976E-1,-1.778891921E0,9.622296333E0,9.786333651E0
1.918996479E1,1.340752989E-1,-1.776497602E0,9.627084732E0,9.790540351E0
1.919196686E1,1.364694983E-1,-1.778891921E0,9.624691010E0,9.788654525E0
1.919396882E1,1.412578970E-1,-1.776497602E0,9.641449928E0,9.804766914E0
1.919596975E1,1.316810995E-1,-1.778891921E0,9.639056206E0,9.802713957E0
1.919797124E1,1.364694983E-1,-1.783680320E0,9.639056206E0,9.803649522E0
1.919997382E1,1.412578970E-1,-1.776497602E0,9.627084732E0,9.790641346E0
1.920197581E1,1.436520964E-1,-1.781286120E0,9.617507935E0,9.782130394E0
1.920397757E1,1.364694983E-1,-1.786074519E0,9.624691010E0,9.789962367E0
1.920597964E1,1.388636976E-1,-1.783680320E0,9.605537415E0,9.770729125E0
1.920798065E1,1.364694983E-1,-1.781286120E0,9.598354340E0,9.763196720E0
1.920998272E1,1.412578970E-1,-1.783680320E0,9.603142738E0,9.768409273E0
1.921198518E1,1.340752989E-1,-1.786074519E0,9.610325813E0,9.775806903E0
1.921398725E1,1.388636976E-1,-1.778891921E0,9.619902611E0,9.783980061E0
1.921598968E1,1.388636976E-1,-1.781286120E0,9.617507935E0,9.782061247E0
1.921799214E1,1.484405100E-1,-1.786074519E0,9.622296333E0,9.787782359E0
1.921999390E1,1.532289088E-1,-1.776497602E0,9.636661530E0,9.800238174E0
1.922199534E1,1.412578970E-1,-1.776497602E0,9.624691010E0,9.788287621E0
1.922399686E1,1.316810995E-1,-1.776497602E0,9.631873131E0,9.795216366E0
1.922599858E1,1.388636976E-1,-1.778891921E0,9.631873131E0,9.795750079E0
1.922800046E1,1.460463107E-1,-1.771709204E0,9.641449928E0,9.803970611E0
1.923000116E1,1.412578970E-1,-1.771709204E0,9.636661530E0,9.799191433E0
1.923200182E1,1.340752989E-1,-1.766920805E0,9.631873131E0,9.793516494E0
1.923400280E1,1.364694983E-1,-1.776497602E0,9.627084732E0,9.790573430E0
1.923600390E1,1.484405100E-1,-1.776497602E0,9.631873131E0,9.795456004E0
1.923800464E1,1.508347094E-1,-1.774103403E0,9.639056206E0,9.802122144E0
1.924000550E1,1.484405100E-1,-1.776497602E0,9.636661530E0,9.800164476E0
1.924200768E1,1.484405100E-1,-1.774103403E0,9.631873131E0,9.795022076E0
1.924400878E1,1.460463107E-1,-1.778891921E0,9.634267807E0,9.798209131E0
1.924600936E1,1.412578970E-1,-1.774103403E0,9.634267807E0,9.797270684E0
1.924801015E1,1.460463107E-1,-1.776497602E0,9.627084732E0,9.790711603E0
1.925001077E1,1.412578970E-1,-1.781286120E0,9.624691010E0,9.789157832E0
1.925201272E1,1.388636976E-1,-1.776497602E0,9.617507935E0,9.781190405E0
1.925401448E1,1.340752989E-1,-1.778891921E0,9.624691010E0,9.788621439E0
1.925601577E1,1.412578970E-1,-1.778891921E0,9.615114212E0,9.779306293E0
1.925801690E1,1.412578970E-1,-1.774103403E0,9.622296333E0,9.785498628E0
1.926001784E1,1.412578970E-1,-1.766920805E0,9.619902611E0,9.781844875E0
1.926202014E1,1.436520964E-1,-1.769315004E0,9.627084732E0,9.789375463E0
1.926402100E1,1.388636976E-1,-1.771709204E0,9.636661530E0,9.799157212E0
1.926602225E1,1.412578970E-1,-1.766920805E0,9.622296333E0,9.784198978E0
1.926802378E1,1.412578970E-1,-1.774103403E0,9.619902611E0,9.783144838E0
1.927002518E1,1.364694983E-1,-1.771709204E0,9.624691010E0,9.787351759E0
1.927202663E1,1.364694983E-1,-1.771709204E0,9.634267807E0,9.796769549E0
1.927402874E1,1.484405100E-1,-1.776497602E0,9.636661530E0,9.800164476E0
1.927603038E1,1.484405100E-1,-1.778891921E0,9.634267807E0,9.798245110E0
1.927803222E1,1.460463107E-1,-1.774103403E0,9.627084732E0,9.790277465E0
1.928003350E1,1.436520964E-1,-1.774103403E0,9.617507935E0,9.780825000E0
1.928203593E1,1.460463107E-1,-1.774103403E0,9.622296333E0,9.785568922E0
1.928403882E1,1.436520964E-1,-1.778891921E0,9.627084732E0,9.791110909E0
1.928604061E1,1.484405100E-1,-1.766920805E0,9.624691010E0,9.786660347E0
1.928804155E1,1.436520964E-1,-1.776497602E0,9.629479408E0,9.793030855E0
1.929004378E1,1.436520964E-1,-1.774103403E0,9.631873131E0,9.794950680E0
1.929204522E1,1.388636976E-1,-1.778891921E0,9.631873131E0,9.795750079E0
1.929404616E1,1.388636976E-1,-1.774103403E0,9.631873131E0,9.794881624E0
1.929604757E1,1.412578970E-1,-1.776497602E0,9.629479408E0,9.792996028E0
1.929804843E1,1.316810995E-1,-1.774103403E0,9.631873131E0,9.794782428E0
1.930005022E1,1.340752989E-1,-1.766920805E0,9.622296333E0,9.784097917E0
1.930205237E1,1.364694983E-1,-1.764526606E0,9.629479408E0,9.790763593E0
1.930405452E1,1.364694983E-1,-1.769315004E0,9.636661530E0,9.798690981E0
1.930605616E1,1.340752989E-1,-1.766920805E0,9.631873131E0,9.793516494E0
1.930805776E1,1.412578970E-1,-1.771709204E0,9.631873131E0,9.794482493E0
1.931005850E1,1.412578970E-1,-1.774103403E0,9.636661530E0,9.799624590E0
1.931205886E1,1.436520964E-1,-1.771709204E0,9.646238327E0,9.808644315E0
1.931406050E1,1.412578970E-1,-1.781286120E0,9.636661530E0,9.800927480E0
1.931606241E1,1.460463107E-1,-1.774103403E0,9.634267807E0,9.797340894E0
1.931806346E1,1.460463107E-1,-1.786074519E0,9.627084732E0,9.792453837E0
1.932006440E1,1.484405100E-1,-1.795651317E0,9.627084732E0,9.794241097E0
1.932206538E1,1.532289088E-1,-1.795651317E0,9.639056206E0,9.806082158E0
1.932406604E1,1.484405100E-1,-1.790862918E0,9.629479408E0,9.795718363E0
1.932606741E1,1.460463107E-1,-1.790862918E0,9.624691010E0,9.790975260E0
1.932806850E1,1.508347094E-1,-1.800439715E0,9.631873131E0,9.799862973E0
1.933006874E1,1.508347094E-1,-1.802833915E0,9.631873131E0,9.800303120E0
1.933206956E1,1.484405100E-1,-1.798045516E0,9.631873131E0,9.799386831E0
1.933407132E1,1.484405100E-1,-1.793257117E0,9.622296333E0,9.789095586E0
1.933607225E1,1.460463107E-1,-1.795651317E0,9.619902611E0,9.787145622E0
1.933807366E1,1.460463107E-1,-1.793257117E0,9.627084732E0,9.793766438E0
1.934007475E1,1.436520964E-1,-1.793257117E0,9.631873131E0,9.798437989E0
1.934207643E1,1.436520964E-1,-1.793257117E0,9.634267807E0,9.800791968E0
1.934407831E1,1.436520964E-1,-1.778891921E0,9.631873131E0,9.795819129E0
1.934607940E1,1.460463107E-1,-1.769315004E0,9.622296333E0,9.784701929E0
1.934808042E1,1.484405100E-1,-1.766920805E0,9.619902611E0,9.781951235E0
1.935008178E1,1.508347094E-1,-1.766920805E0,9.619902611E0,9.781987859E0
1.935208225E1,1.484405100E-1,-1.764526606E0,9.634267807E0,9.795647243E0
1.935408280E1,1.508347094E-1,-1.776497602E0,9.624691010E0,9.788430511E0
1.935608374E1,1.532289088E-1,-1.766920805E0,9.617507935E0,9.779670092E0
1.935808468E1,1.556231081E-1,-1.762132406E0,9.615114212E0,9.776489681E0
1.936008636E1,1.556231081E-1,-1.759738207E0,9.615114212E0,9.776058430E0
1.936208741E1,1.556231081E-1,-1.766920805E0,9.619902611E0,9.782062866E0
1.936408784E1,1.628057212E-1,-1.764526606E0,9.629479408E0,9.791166096E0
1.936608995E1,1.556231081E-1,-1.781286120E0,9.634267807E0,9.798791506E0
1.936809147E1,1.604115069E-1,-1.788468719E0,9.617507935E0,9.783701298E0
1.937009229E1,1.508347094E-1,-1.793257117E0,9.622296333E0,9.789132184E0
1.937209429E1,1.460463107E-1,-1.786074519E0,9.636661530E0,9.801869064E0
1.937409491E1,1.484405100E-1,-1.786074519E0,9.631873131E0,9.797197394E0
1.937609581E1,1.532289088E-1,-1.783680320E0,9.622296333E0,9.787419543E0
1.937809678E1,1.436520964E-1,-1.793257117E0,9.646238327E0,9.812559344E0
1.938009835E1,1.388636976E-1,-1.793257117E0,9.653421402E0,9.819551873E0
1.938209921E1,1.412578970E-1,-1.793257117E0,9.643844604E0,9.810171438E0
1.938410069E1,1.412578970E-1,-1.795651317E0,9.651026726E0,9.817669495E0
1.938610214E1,1.412578970E-1,-1.798045516E0,9.646238327E0,9.813400804E0
1.938810421E1,1.364694983E-1,-1.810016513E0,9.646238327E0,9.815533483E0
1.939010558E1,1.340752989E-1,-1.807622313E0,9.653421402E0,9.822118884E0
1.939210636E1,1.268926859E-1,-1.800439715E0,9.653421402E0,9.820704134E0
1.939410733E1,1.340752989E-1,-1.807622313E0,9.658209801E0,9.826825081E0
1.939610897E1,1.388636976E-1,-1.802833915E0,9.653421402E0,9.821305311E0
1.939811124E1,1.292868853E-1,-1.802833915E0,9.643844604E0,9.811761513E0
1.940011386E1,1.292868853E-1,-1.795651317E0,9.641449928E0,9.808090307E0
1.940211600E1,1.340752989E-1,-1.798045516E0,9.646238327E0,9.813300043E0
1.940411850E1,1.388636976E-1,-1.805228114E0,9.646238327E0,9.814685198E0
1.940612140E1,1.364694983E-1,-1.802833915E0,9.629479408E0,9.797739929E0
1.940812390E1,1.364694983E-1,-1.786074519E0,9.622296333E0,9.787608127E0
1.941012616E1,1.412578970E-1,-1.793257117E0,9.634267807E0,9.800757168E0
1.941212858E1,1.268926859E-1,-1.802833915E0,9.634267807E0,9.802317484E0
1.941413054E1,1.292868853E-1,-1.786074519E0,9.622296333E0,9.787510614E0
1.941613237E1,1.340752989E-1,-1.786074519E0,9.619902611E0,9.785221746E0
1.941813464E1,1.268926859E-1,-1.786074519E0,9.624691010E0,9.789833552E0
1.942013678E1,1.292868853E-1,-1.788468719E0,9.624691010E0,9.790301961E0
1.942213827E1,1.388636976E-1,-1.783680320E0,9.617507935E0,9.782497507E0
1.942414042E1,1.412578970E-1,-1.769315004E0,9.615114212E0,9.777568751E0
1.942614190E1,1.412578970E-1,-1.762132406E0,9.600749016E0,9.762143518E0
1.942814296E1,1.508347094E-1,-1.764526606E0,9.612719536E0,9.774491400E0
1.943014464E1,1.532289088E-1,-1.757344007E0,9.622296333E0,9.782654230E0
1.943214608E1,1.460463107E-1,-1.752555609E0,9.610325813E0,9.769910078E0
1.943414718E1,1.436520964E-1,-1.742978811E0,9.610325813E0,9.768161204E0
1.943614948E1,1.484405100E-1,-1.735796213E0,9.610325813E0,9.766953738E0
1.943815186E1,1.460463107E-1,-1.738190413E0,9.607931137E0,9.764987259E0
1.944015311E1,1.364694983E-1,-1.740584612E0,9.605537415E0,9.762920042E0
1.944215550E1,1.388636976E-1,-1.735796213E0,9.607931137E0,9.764456583E0
1.944415768E1,1.340752989E-1,-1.738190413E0,9.615114212E0,9.771883309E0
1.944615944E1,1.316810995E-1,-1.738190413E0,9.607931137E0,9.764782975E0
1.944816104E1,1.340752989E-1,-1.745373011E0,9.600749016E0,9.759030935E0
1.945016249E1,1.292868853E-1,-1.750161409E0,9.615114212E0,9.773955257E0
1.945216378E1,1.292868853E-1,-1.754949808E0,9.615114212E0,9.774813821E0
1.945416495E1,1.388636976E-1,-1.762132406E0,9.603142738E0,9.764463334E0
1.945616671E1,1.436520964E-1,-1.766920805E0,9.605537415E0,9.767752765E0
1.945816897E1,1.412578970E-1,-1.762132406E0,9.617507935E0,9.778625838E0
1.946017073E1,1.292868853E-1,-1.771709204E0,9.629479408E0,9.791963147E0
1.946217186E1,1.197100878E-1,-1.769315004E0,9.629479408E0,9.791408467E0
1.946417370E1,1.149216816E-1,-1.781286120E0,9.636661530E0,9.800583282E0
1.946617456E1,1.053448766E-1,-1.771709204E0,9.631873131E0,9.794030378E0
1.946817577E1,1.101332754E-1,-1.774103403E0,9.631873131E0,9.794516437E0
1.947017655E1,1.197100878E-1,-1.774103403E0,9.629479408E0,9.792274867E0
1.947217628E1,1.197100878E-1,-1.776497602E0,9.622296333E0,9.785645659E0
1.947417663E1,1.197100878E-1,-1.774103403E0,9.629479408E0,9.792274867E0
1.947617768E1,1.053448766E-1,-1.769315004E0,9.639056206E0,9.800662103E0
1.947817936E1,1.053448766E-1,-1.766920805E0,9.639056206E0,9.800230161E0
1.948018093E1,1.173158810E-1,-1.774103403E0,9.634267807E0,9.796954735E0
1.948218206E1,1.173158810E-1,-1.776497602E0,9.641449928E0,9.804451207E0
1.948418319E1,1.149216816E-1,-1.776497602E0,9.641449928E0,9.804422851E0
1.948618487E1,1.268926859E-1,-1.776497602E0,9.634267807E0,9.797507931E0
1.948818620E1,1.316810995E-1,-1.778891921E0,9.658209801E0,9.821548398E0
1.949018827E1,1.340752989E-1,-1.776497602E0,9.648633003E0,9.811729651E0
1.949219007E1,1.292868853E-1,-1.774103403E0,9.648633003E0,9.811232176E0
1.949419276E1,1.388636976E-1,-1.771709204E0,9.643844604E0,9.806221259E0
1.949619472E1,1.484405100E-1,-1.771709204E0,9.648633003E0,9.811070631E0
1.949819581E1,1.508347094E-1,-1.788468719E0,9.643844604E0,9.809439853E0
1.950019749E1,1.484405100E-1,-1.788468719E0,9.634267807E0,9.799988322E0
1.950219882E1,1.532289088E-1,-1.781286120E0,9.636661530E0,9.801107324E0
1.950420065E1,1.484405100E-1,-1.783680320E0,9.639056206E0,9.803823469E0
1.950620140E1,1.412578970E-1,-1.776497602E0,9.636661530E0,9.800058314E0
1.950820288E1,1.412578970E-1,-1.788468719E0,9.648633003E0,9.814004941E0
1.951020382E1,1.484405100E-1,-1.793257117E0,9.646238327E0,9.812630612E0
1.951220495E1,1.436520964E-1,-1.783680320E0,9.646238327E0,9.810813691E0
1.951420600E1,1.388636976E-1,-1.778891921E0,9.636661530E0,9.800458409E0
1.951620745E1,1.412578970E-1,-1.776497602E0,9.636661530E0,9.800058314E0
1.951820940E1,1.388636976E-1,-1.771709204E0,9.627084732E0,9.789739377E0
1.952021155E1,1.412578970E-1,-1.793257117E0,9.615114212E0,9.781929574E0
1.952221304E1,1.436520964E-1,-1.798045516E0,9.624691010E0,9.792256156E0
1.952421397E1,1.484405100E-1,-1.788468719E0,9.629479408E0,9.795280936E0
1.952621444E1,1.340752989E-1,-1.800439715E0,9.615114212E0,9.783147789E0
1.952821589E1,1.340752989E-1,-1.798045516E0,9.636661530E0,9.803886438E0
1.953021718E1,1.364694983E-1,-1.800439715E0,9.643844604E0,9.811419156E0
1.953221897E1,1.340752989E-1,-1.800439715E0,9.631873131E0,9.799619348E0
1.953422050E1,1.388636976E-1,-1.805228114E0,9.631873131E0,9.800566906E0
1.953622323E1,1.316810995E-1,-1.800439715E0,9.624691010E0,9.792527769E0
1.953822558E1,1.268926859E-1,-1.802833915E0,9.619902611E0,9.788198921E0
1.954022647E1,1.292868853E-1,-1.802833915E0,9.624691010E0,9.792936345E0
1.954222694E1,1.364694983E-1,-1.795651317E0,9.629479408E0,9.796420839E0
1.954422811E1,1.412578970E-1,-1.795651317E0,9.617507935E0,9.784721576E0
1.954623003E1,1.412578970E-1,-1.793257117E0,9.610325813E0,9.777222874E0
1.954823214E1,1.364694983E-1,-1.795651317E0,9.610325813E0,9.777594275E0
1.955023382E1,1.316810995E-1,-1.798045516E0,9.624691010E0,9.792087858E0
1.955223593E1,1.364694983E-1,-1.805228114E0,9.636661530E0,9.805239309E0
1.955423737E1,1.412578970E-1,-1.800439715E0,9.627084732E0,9.795013905E0
1.955623901E1,1.412578970E-1,-1.802833915E0,9.615114212E0,9.783689755E0
1.955824007E1,1.340752989E-1,-1.795651317E0,9.607931137E0,9.775207444E0
1.956024186E1,1.412578970E-1,-1.793257117E0,9.624691010E0,9.791343213E0
1.956224382E1,1.364694983E-1,-1.795651317E0,9.627084732E0,9.794066980E0
1.956424522E1,1.340752989E-1,-1.793257117E0,9.631873131E0,9.798302265E0
1.956624651E1,1.340752989E-1,-1.798045516E0,9.627084732E0,9.794473151E0
1.956824874E1,1.484405100E-1,-1.800439715E0,9.631873131E0,9.799826415E0
1.957025042E1,1.508347094E-1,-1.802833915E0,9.627084732E0,9.795597055E0
1.957225163E1,1.460463107E-1,-1.802833915E0,9.624691010E0,9.793171942E0
1.957425370E1,1.484405100E-1,-1.800439715E0,9.629479408E0,9.797473727E0
1.957625538E1,1.436520964E-1,-1.795651317E0,9.631873131E0,9.798876445E0
1.957825643E1,1.508347094E-1,-1.798045516E0,9.627084732E0,9.794716904E0
1.958025753E1,1.484405100E-1,-1.795651317E0,9.634267807E0,9.801301669E0
1.958225905E1,1.460463107E-1,-1.790862918E0,9.627084732E0,9.793328339E0
1.958426089E1,1.460463107E-1,-1.786074519E0,9.624691010E0,9.790100548E0
1.958626233E1,1.412578970E-1,-1.793257117E0,9.617507935E0,9.784282485E0
1.958826366E1,1.340752989E-1,-1.795651317E0,9.617507935E0,9.784620519E0
1.959026600E1,1.292868853E-1,-1.800439715E0,9.612719536E0,9.780729786E0
1.959226737E1,1.292868853E-1,-1.795651317E0,9.617507935E0,9.784556077E0
1.959426870E1,1.412578970E-1,-1.783680320E0,9.627084732E0,9.791947187E0
1.959626968E1,1.436520964E-1,-1.781286120E0,9.631873131E0,9.796254191E0
1.959827061E1,1.412578970E-1,-1.778891921E0,9.641449928E0,9.805201017E0
1.960027186E1,1.436520964E-1,-1.788468719E0,9.627084732E0,9.792855392E0
1.960227346E1,1.460463107E-1,-1.786074519E0,9.624691010E0,9.790100548E0
1.960427491E1,1.388636976E-1,-1.774103403E0,9.629479408E0,9.792527748E0
1.960627659E1,1.412578970E-1,-1.778891921E0,9.619902611E0,9.784014335E0
1.960827823E1,1.412578970E-1,-1.781286120E0,9.617507935E0,9.782095527E0
1.961027890E1,1.460463107E-1,-1.790862918E0,9.627084732E0,9.793328339E0
1.961228050E1,1.436520964E-1,-1.788468719E0,9.624691010E0,9.790502199E0
1.961428104E1,1.460463107E-1,-1.781286120E0,9.615114212E0,9.779812426E0
1.961628229E1,1.460463107E-1,-1.776497602E0,9.619902611E0,9.783649600E0
1.961828428E1,1.556231081E-1,-1.783680320E0,9.624691010E0,9.789811595E0
1.962028518E1,1.556231081E-1,-1.776497602E0,9.619902611E0,9.783797245E0
1.962228682E1,1.484405100E-1,-1.776497602E0,9.619902611E0,9.783685633E0
1.962428964E1,1.580173075E-1,-1.771709204E0,9.629479408E0,9.792384625E0
1.962629186E1,1.484405100E-1,-1.774103403E0,9.634267807E0,9.797376876E0
1.962829409E1,1.508347094E-1,-1.771709204E0,9.639056206E0,9.801689097E0
1.963029585E1,1.484405100E-1,-1.764526606E0,9.634267807E0,9.795647243E0
1.963229819E1,1.508347094E-1,-1.771709204E0,9.639056206E0,9.801689097E0
1.963429901E1,1.484405100E-1,-1.771709204E0,9.643844604E0,9.806361550E0
1.963629968E1,1.484405100E-1,-1.766920805E0,9.643844604E0,9.805497564E0
1.963830140E1,1.532289088E-1,-1.769315004E0,9.639056206E0,9.801293752E0
1.964030241E1,1.484405100E-1,-1.774103403E0,9.627084732E0,9.790313473E0
1.964230284E1,1.460463107E-1,-1.769315004E0,9.627084732E0,9.789410889E0
1.964430370E1,1.364694983E-1,-1.769315004E0,9.629479408E0,9.791627709E0
1.964630464E1,1.340752989E-1,-1.766920805E0,9.622296333E0,9.784097917E0
1.964830565E1,1.340752989E-1,-1.766920805E0,9.631873131E0,9.793516494E0
1.965030710E1,1.364694983E-1,-1.766920805E0,9.639056206E0,9.800614144E0
1.965230796E1,1.364694983E-1,-1.778891921E0,9.634267807E0,9.798071064E0
1.965431069E1,1.460463107E-1,-1.786074519E0,9.619902611E0,9.785393091E0
1.965631366E1,1.460463107E-1,-1.781286120E0,9.622296333E0,9.786873683E0
1.965831608E1,1.364694983E-1,-1.776497602E0,9.631873131E0,9.795281908E0
1.966031819E1,1.292868853E-1,-1.778891921E0,9.636661530E0,9.800327393E0
1.966231999E1,1.388636976E-1,-1.776497602E0,9.634267807E0,9.797670286E0
1.966432214E1,1.484405100E-1,-1.783680320E0,9.631873131E0,9.796761203E0
1.966632448E1,1.364694983E-1,-1.788468719E0,9.631873131E0,9.797460094E0
1.966832749E1,1.388636976E-1,-1.778891921E0,9.631873131E0,9.795750079E0
1.967032921E1,1.412578970E-1,-1.771709204E0,9.636661530E0,9.799191433E0
1.967233022E1,1.412578970E-1,-1.766920805E0,9.617507935E0,9.779489854E0
1.967433225E1,1.364694983E-1,-1.774103403E0,9.627084732E0,9.790139286E0
1.967633382E1,1.340752989E-1,-1.774103403E0,9.629479408E0,9.792461016E0
1.967833554E1,1.388636976E-1,-1.762132406E0,9.622296333E0,9.783301103E0
1.968033722E1,1.460463107E-1,-1.766920805E0,9.629479408E0,9.791333532E0
1.968233913E1,1.364694983E-1,-1.774103403E0,9.627084732E0,9.790139286E0
1.968434104E1,1.388636976E-1,-1.762132406E0,9.634267807E0,9.795075800E0
1.968634206E1,1.388636976E-1,-1.766920805E0,9.629479408E0,9.791229031E0
1.968834393E1,1.436520964E-1,-1.764526606E0,9.622296333E0,9.783801756E0
1.969034647E1,1.436520964E-1,-1.766920805E0,9.619902611E0,9.781879742E0
1.969234772E1,1.460463107E-1,-1.762132406E0,9.619902611E0,9.781051395E0
1.969434897E1,1.388636976E-1,-1.750161409E0,9.622296333E0,9.781152019E0
1.969634991E1,1.436520964E-1,-1.757344007E0,9.629479408E0,9.789574432E0
1.969835112E1,1.436520964E-1,-1.754949808E0,9.624691010E0,9.784434669E0
1.970035249E1,1.412578970E-1,-1.754949808E0,9.631873131E0,9.791464785E0
1.970235386E1,1.460463107E-1,-1.764526606E0,9.636661530E0,9.797965559E0
1.970435561E1,1.484405100E-1,-1.754949808E0,9.629479408E0,9.789216367E0
1.970635792E1,1.412578970E-1,-1.757344007E0,9.615114212E0,9.775409611E0
1.970836018E1,1.436520964E-1,-1.757344007E0,9.612719536E0,9.773089110E0
1.971036214E1,1.436520964E-1,-1.764526606E0,9.610325813E0,9.772029078E0
1.971236409E1,1.292868853E-1,-1.764526606E0,9.615114212E0,9.776537759E0
1.971436604E1,1.244984865E-1,-1.757344007E0,9.612719536E0,9.772826342E0
1.971636800E1,1.221042871E-1,-1.759738207E0,9.619902611E0,9.780292135E0
1.971837022E1,1.221042871E-1,-1.776497602E0,9.617507935E0,9.780966826E0
1.972037202E1,1.221042871E-1,-1.774103403E0,9.634267807E0,9.797013245E0
1.972237354E1,1.340752989E-1,-1.759738207E0,9.634267807E0,9.794578649E0
1.972437511E1,1.388636976E-1,-1.764526606E0,9.624691010E0,9.786087793E0
1.972637671E1,1.292868853E-1,-1.764526606E0,9.617507935E0,9.778891968E0
1.972837827E1,1.340752989E-1,-1.766920805E0,9.629479408E0,9.791162290E0
1.973038011E1,1.244984865E-1,-1.759738207E0,9.622296333E0,9.782676789E0
1.973238136E1,1.268926859E-1,-1.759738207E0,9.615114212E0,9.775643284E0
1.973438206E1,1.292868853E-1,-1.764526606E0,9.624691010E0,9.785956584E0
1.973638296E1,1.221042871E-1,-1.762132406E0,9.619902611E0,9.780723200E0
1.973838433E1,1.221042871E-1,-1.769315004E0,9.631873131E0,9.793792169E0
1.974038542E1,1.244984865E-1,-1.774103403E0,9.629479408E0,9.792334575E0
1.974238632E1,1.268926859E-1,-1.771709204E0,9.631873131E0,9.794285848E0
1.974438698E1,1.221042871E-1,-1.776497602E0,9.624691010E0,9.788029946E0
1.974638827E1,1.292868853E-1,-1.764526606E0,9.622296333E0,9.783601380E0
1.974838956E1,1.340752989E-1,-1.769315004E0,9.641449928E0,9.803367202E0
1.975039038E1,1.244984865E-1,-1.766920805E0,9.627084732E0,9.788680679E0
1.975239167E1,1.316810995E-1,-1.781286120E0,9.636661530E0,9.800794131E0
1.975439292E1,1.436520964E-1,-1.778891921E0,9.629479408E0,9.793465478E0
1.975639452E1,1.508347094E-1,-1.774103403E0,9.631873131E0,9.795058652E0
1.975839636E1,1.316810995E-1,-1.766920805E0,9.627084732E0,9.788774667E0
1.976039854E1,1.316810995E-1,-1.771709204E0,9.624691010E0,9.787286163E0
1.976239975E1,1.412578970E-1,-1.771709204E0,9.629479408E0,9.792128521E0
1.976439928E1,1.412578970E-1,-1.764526606E0,9.631873131E0,9.793185791E0
1.976639909E1,1.460463107E-1,-1.769315004E0,9.636661530E0,9.798829039E0
1.976839893E1,1.388636976E-1,-1.769315004E0,9.631873131E0,9.794015454E0
1.977039991E1,1.436520964E-1,-1.774103403E0,9.639056206E0,9.802014249E0
1.977240140E1,1.364694983E-1,-1.774103403E0,9.636661530E0,9.799556737E0
1.977440308E1,1.412578970E-1,-1.778891921E0,9.631873131E0,9.795784311E0
1.977640464E1,1.532289088E-1,-1.771709204E0,9.636661530E0,9.799371308E0
1.977840620E1,1.412578970E-1,-1.771709204E0,9.634267807E0,9.796837422E0
1.978040714E1,1.412578970E-1,-1.778891921E0,9.627084732E0,9.791076075E0
1.978240831E1,1.532289088E-1,-1.771709204E0,9.643844604E0,9.806435201E0
1.978440913E1,1.484405100E-1,-1.771709204E0,9.651026726E0,9.813424731E0
1.978640995E1,1.436520964E-1,-1.778891921E0,9.643844604E0,9.807590486E0
1.978841132E1,1.388636976E-1,-1.783680320E0,9.624691010E0,9.789559522E0
1.979041284E1,1.412578970E-1,-1.786074519E0,9.631873131E0,9.797091200E0
1.979241433E1,1.436520964E-1,-1.790862918E0,9.634267807E0,9.800354182E0
1.979441569E1,1.484405100E-1,-1.781286120E0,9.636661530E0,9.801033632E0
1.979641702E1,1.460463107E-1,-1.786074519E0,9.631873131E0,9.797161411E0
1.979841846E1,1.388636976E-1,-1.781286120E0,9.631873131E0,9.796185144E0
1.980042151E1,1.388636976E-1,-1.776497602E0,9.636661530E0,9.800024097E0
1.980242343E1,1.412578970E-1,-1.776497602E0,9.634267807E0,9.797704512E0
1.980442511E1,1.412578970E-1,-1.790862918E0,9.636661530E0,9.802672555E0
1.980642522E1,1.412578970E-1,-1.786074519E0,9.631873131E0,9.797091200E0
1.980842546E1,1.412578970E-1,-1.788468719E0,9.622296333E0,9.788113244E0
1.981042522E1,1.364694983E-1,-1.786074519E0,9.627084732E0,9.792315689E0
1.981242569E1,1.364694983E-1,-1.783680320E0,9.631873131E0,9.796587131E0
1.981442600E1,1.316810995E-1,-1.783680320E0,9.643844604E0,9.808292112E0
1.981642561E1,1.436520964E-1,-1.786074519E0,9.617507935E0,9.783003475E0
1.981842546E1,1.412578970E-1,-1.786074519E0,9.612719536E0,9.778261239E0
1.982042573E1,1.388636976E-1,-1.781286120E0,9.627084732E0,9.791477100E0
1.982242534E1,1.436520964E-1,-1.786074519E0,9.639056206E0,9.804188016E0
1.982442475E1,1.460463107E-1,-1.778891921E0,9.636661530E0,9.800562812E0
1.982642386E1,1.388636976E-1,-1.788468719E0,9.641449928E0,9.806908800E0
1.982842366E1,1.484405100E-1,-1.788468719E0,9.629479408E0,9.795280936E0
1.983042315E1,1.460463107E-1,-1.790862918E0,9.619902611E0,9.786268224E0
1.983242331E1,1.412578970E-1,-1.793257117E0,9.619902611E0,9.786636354E0
1.983442182E1,1.364694983E-1,-1.793257117E0,9.622296333E0,9.788921378E0
1.983642046E1,1.364694983E-1,-1.786074519E0,9.619902611E0,9.785254844E0
1.983842011E1,1.364694983E-1,-1.790862918E0,9.627084732E0,9.793190203E0
1.984041917E1,1.388636976E-1,-1.783680320E0,9.631873131E0,9.796620775E0
1.984241874E1,1.340752989E-1,-1.790862918E0,9.641449928E0,9.807279077E0
1.984441800E1,1.268926859E-1,-1.788468719E0,9.631873131E0,9.797331377E0
1.984641753E1,1.292868853E-1,-1.783680320E0,9.629479408E0,9.794136218E0
1.984841804E1,1.292868853E-1,-1.786074519E0,9.629479408E0,9.794572526E0
1.985041671E1,1.244984865E-1,-1.793257117E0,9.627084732E0,9.793468813E0
1.985241647E1,1.316810995E-1,-1.795651317E0,9.622296333E0,9.789294678E0
1.985441624E1,1.316810995E-1,-1.795651317E0,9.634267807E0,9.801062174E0
1.985641565E1,1.221042871E-1,-1.781286120E0,9.634267807E0,9.798316482E0
1.985841464E1,1.244984865E-1,-1.778891921E0,9.619902611E0,9.783786720E0
1.986041483E1,1.292868853E-1,-1.786074519E0,9.629479408E0,9.794572526E0
1.986241530E1,1.316810995E-1,-1.790862918E0,9.624691010E0,9.790771519E0
1.986441495E1,1.292868853E-1,-1.788468719E0,9.624691010E0,9.790301961E0
1.986641565E1,1.316810995E-1,-1.788468719E0,9.629479408E0,9.795041294E0
1.986841710E1,1.292868853E-1,-1.788468719E0,9.634267807E0,9.799716916E0
1.987041819E1,1.364694983E-1,-1.788468719E0,9.634267807E0,9.799814307E0
1.987242022E1,1.340752989E-1,-1.790862918E0,9.627084732E0,9.793157132E0
1.987442058E1,1.412578970E-1,-1.783680320E0,9.624691010E0,9.789593776E0
1.987642163E1,1.436520964E-1,-1.786074519E0,9.631873131E0,9.797126013E0
1.987842319E1,1.364694983E-1,-1.788468719E0,9.634267807E0,9.799814307E0
1.988042378E1,1.460463107E-1,-1.788468719E0,9.619902611E0,9.785830375E0
1.988242421E1,1.484405100E-1,-1.793257117E0,9.622296333E0,9.789095586E0
1.988442413E1,1.436520964E-1,-1.793257117E0,9.631873131E0,9.798437989E0
1.988642514E1,1.460463107E-1,-1.788468719E0,9.634267807E0,9.799952350E0
1.988842706E1,1.388636976E-1,-1.783680320E0,9.639056206E0,9.803683142E0
1.989042761E1,1.388636976E-1,-1.786074519E0,9.639056206E0,9.804119025E0
1.989242839E1,1.340752989E-1,-1.788468719E0,9.629479408E0,9.795073773E0
1.989442921E1,1.436520964E-1,-1.778891921E0,9.627084732E0,9.791110909E0
1.989643093E1,1.484405100E-1,-1.778891921E0,9.627084732E0,9.791182334E0
1.989843272E1,1.460463107E-1,-1.783680320E0,9.631873131E0,9.796725219E0
1.990043452E1,1.484405100E-1,-1.778891921E0,9.634267807E0,9.798245110E0
1.990243620E1,1.580173075E-1,-1.776497602E0,9.624691010E0,9.788543826E0
1.990443714E1,1.460463107E-1,-1.771709204E0,9.631873131E0,9.794552723E0
1.990643835E1,1.388636976E-1,-1.778891921E0,9.629479408E0,9.793396411E0
1.990843975E1,1.412578970E-1,-1.786074519E0,9.629479408E0,9.794737855E0
1.991044073E1,1.364694983E-1,-1.778891921E0,9.624691010E0,9.788654525E0
1.991244155E1,1.436520964E-1,-1.783680320E0,9.634267807E0,9.799044218E0
1.991444163E1,1.412578970E-1,-1.781286120E0,9.629479408E0,9.793865821E0
1.991644245E1,1.460463107E-1,-1.783680320E0,9.619902611E0,9.784956374E0
1.991844308E1,1.484405100E-1,-1.783680320E0,9.636661530E0,9.801469048E0
1.992044304E1,1.484405100E-1,-1.783680320E0,9.629479408E0,9.794407779E0
1.992244308E1,1.412578970E-1,-1.786074519E0,9.622296333E0,9.787676063E0
1.992444315E1,1.460463107E-1,-1.786074519E0,9.619902611E0,9.785393091E0
1.992644468E1,1.436520964E-1,-1.783680320E0,9.624691010E0,9.789628616E0
1.992844628E1,1.388636976E-1,-1.778891921E0,9.639056206E0,9.802813072E0
1.993044753E1,1.412578970E-1,-1.778891921E0,9.631873131E0,9.795784311E0
1.993244780E1,1.364694983E-1,-1.783680320E0,9.622296333E0,9.787171508E0
1.993444850E1,1.436520964E-1,-1.778891921E0,9.639056206E0,9.802882073E0
1.993645011E1,1.436520964E-1,-1.783680320E0,9.636661530E0,9.801397698E0
1.993845136E1,1.460463107E-1,-1.783680320E0,9.639056206E0,9.803787510E0
1.994045272E1,1.460463107E-1,-1.795651317E0,9.639056206E0,9.805972553E0
1.994245483E1,1.532289088E-1,-1.781286120E0,9.624691010E0,9.789337892E0
1.994445671E1,1.484405100E-1,-1.783680320E0,9.634267807E0,9.799115585E0
1.994645792E1,1.460463107E-1,-1.781286120E0,9.631873131E0,9.796289592E0
1.994845870E1,1.388636976E-1,-1.781286120E0,9.639056206E0,9.803247824E0
1.995045944E1,1.436520964E-1,-1.776497602E0,9.624691010E0,9.788322465E0
1.995246046E1,1.412578970E-1,-1.776497602E0,9.622296333E0,9.785932978E0
1.995446128E1,1.460463107E-1,-1.774103403E0,9.636661530E0,9.799694783E0
1.995646233E1,1.532289088E-1,-1.778891921E0,9.631873131E0,9.795964249E0
1.995846413E1,1.436520964E-1,-1.783680320E0,9.636661530E0,9.801397698E0
1.996046479E1,1.364694983E-1,-1.783680320E0,9.636661530E0,9.801295059E0
1.996246538E1,1.460463107E-1,-1.783680320E0,9.639056206E0,9.803787510E0
1.996446643E1,1.436520964E-1,-1.774103403E0,9.624691010E0,9.787888222E0
1.996646862E1,1.484405100E-1,-1.778891921E0,9.622296333E0,9.786474226E0
1.996846854E1,1.436520964E-1,-1.786074519E0,9.622296333E0,9.787710909E0
1.997046944E1,1.508347094E-1,-1.783680320E0,9.629479408E0,9.794444357E0
1.997247073E1,1.484405100E-1,-1.781286120E0,9.641449928E0,9.805741764E0
1.997447253E1,1.484405100E-1,-1.778891921E0,9.643844604E0,9.807661791E0
1.997647487E1,1.508347094E-1,-1.778891921E0,9.636661530E0,9.800635337E0
1.997847643E1,1.460463107E-1,-1.778891921E0,9.624691010E0,9.788792725E0
1.998047866E1,1.460463107E-1,-1.781286120E0,9.624691010E0,9.789228100E0
1.998248014E1,1.484405100E-1,-1.778891921E0,9.627084732E0,9.791182334E0
1.998448132E1,1.484405100E-1,-1.776497602E0,9.634267807E0,9.797810699E0
1.998648343E1,1.556231081E-1,-1.771709204E0,9.627084732E0,9.789991445E0
1.998848397E1,1.604115069E-1,-1.774103403E0,9.634267807E0,9.797565561E0
1.999048499E1,1.532289088E-1,-1.778891921E0,9.634267807E0,9.798318822E0
1.999248534E1,1.460463107E-1,-1.776497602E0,9.627084732E0,9.790711603E0
1.999448636E1,1.460463107E-1,-1.769315004E0,9.627084732E0,9.789410889E0
1.999648706E1,1.436520964E-1,-1.781286120E0,9.622296333E0,9.786838248E0
1.999848784E1,1.484405100E-1,-1.776497602E0,9.634267807E0,9.797810699E0
2.000049007E1,1.412578970E-1,-1.771709204E0,9.634267807E0,9.796837422E0
2.000249112E1,1.340752989E-1,-1.774103403E0,9.622296333E0,9.785397580E0
2.000449257E1,1.364694983E-1,-1.778891921E0,9.631873131E0,9.795716431E0
2.000649378E1,1.388636976E-1,-1.781286120E0,9.634267807E0,9.798539664E0
