"Time (s)","Acceleration x (m/s^2)","Acceleration y (m/s^2)","Acceleration z (m/s^2)","Absolute acceleration (m/s^2)"
7.232137000E-3,-4.189853072E-1,1.489193439E0,9.512163162E0,9.637141371E0
9.233035000E-3,-4.118026793E-1,1.491587639E0,9.524134636E0,9.649018380E0
1.123401200E-2,-4.046200812E-1,1.496376038E0,9.524134636E0,9.649455903E0
1.323401200E-2,-3.998316824E-1,1.493981838E0,9.555258751E0,9.679608303E0
1.523432400E-2,-3.830722570E-1,1.498770237E0,9.574412346E0,9.698578677E0
1.723428500E-2,-3.687070608E-1,1.508347034E0,9.583989143E0,9.708959964E0
1.923530100E-2,-3.327940404E-1,1.503558636E0,9.595960617E0,9.718739662E0
2.123686300E-2,-3.160346150E-1,1.493981838E0,9.593565941E0,9.714338221E0
2.323764500E-2,-2.873041928E-1,1.501164436E0,9.591172218E0,9.712189397E0
2.523819200E-2,-2.561795712E-1,1.496376038E0,9.610325813E0,9.729498006E0
2.723776200E-2,-2.298433632E-1,1.493981838E0,9.600749016E0,9.719011851E0
2.923815300E-2,-2.130839527E-1,1.484405041E0,9.617507935E0,9.733720870E0
3.123881700E-2,-1.987187415E-1,1.470039845E0,9.617507935E0,9.731236569E0
3.323881700E-2,-1.819593310E-1,1.470039845E0,9.631873131E0,9.745106790E0
3.523807400E-2,-1.675941199E-1,1.465251446E0,9.651026726E0,9.763061326E0
3.723846500E-2,-1.651999205E-1,1.462857246E0,9.643844604E0,9.755561547E0
3.923799600E-2,-1.580173075E-1,1.462857246E0,9.639056206E0,9.750708966E0
4.123842600E-2,-1.675941199E-1,1.465251446E0,9.629479408E0,9.741761815E0
4.323780100E-2,-1.747767180E-1,1.470039845E0,9.617507935E0,9.730777097E0
4.523862100E-2,-1.891419291E-1,1.474828243E0,9.607931137E0,9.722305989E0
4.723936300E-2,-1.987187415E-1,1.474828243E0,9.603142738E0,9.717765069E0
4.924041800E-2,-2.178723514E-1,1.484405041E0,9.619902611E0,9.736192938E0
5.124104300E-2,-2.346317619E-1,1.491587639E0,9.612719536E0,9.730583879E0
5.324151200E-2,-2.394201756E-1,1.491587639E0,9.610325813E0,9.728335826E0
5.524213700E-2,-2.489969730E-1,1.493981838E0,9.605537415E0,9.724213606E0
5.724291800E-2,-2.633621991E-1,1.491587639E0,9.610325813E0,9.728954495E0
5.924389500E-2,-2.729389966E-1,1.498770237E0,9.595960617E0,9.716134421E0
6.124561300E-2,-2.849099934E-1,1.491587639E0,9.593565941E0,9.713007508E0
6.324639500E-2,-2.968810201E-1,1.491587639E0,9.591172218E0,9.711001830E0
6.524760600E-2,-3.208230138E-1,1.493981838E0,9.579200745E0,9.700309070E0
6.724866000E-2,-3.208230138E-1,1.486799240E0,9.600749016E0,9.720487696E0
6.925022300E-2,-3.208230138E-1,1.484405041E0,9.603142738E0,9.722486111E0
7.125116000E-2,-3.280056417E-1,1.474828243E0,9.598354340E0,9.716538071E0
7.325112100E-2,-3.423708379E-1,1.472434044E0,9.615114212E0,9.733226655E0
7.525100400E-2,-3.495534360E-1,1.465251446E0,9.617507935E0,9.734762877E0
7.725151200E-2,-3.639186621E-1,1.455674648E0,9.639056206E0,9.755143772E0
7.925205900E-2,-3.711012602E-1,1.450886250E0,9.665391922E0,9.780725334E0
8.125186300E-2,-3.806780577E-1,1.438915253E0,9.677363396E0,9.791156989E0
8.325174600E-2,-3.806780577E-1,1.424550056E0,9.691728592E0,9.803257711E0
8.525202000E-2,-3.782838583E-1,1.414973259E0,9.696516991E0,9.806512619E0
8.725174600E-2,-3.806780577E-1,1.414973259E0,9.710882187E0,9.820809435E0
8.925155100E-2,-3.854664862E-1,1.410184860E0,9.720458984E0,9.829777648E0
9.125139500E-2,-3.854664862E-1,1.417367458E0,9.727641106E0,9.837912197E0
9.325233200E-2,-3.902548850E-1,1.412579060E0,9.751583099E0,9.861087740E0
9.525319200E-2,-4.022258818E-1,1.414973259E0,9.775525093E0,9.885586772E0
9.725252800E-2,-4.094084799E-1,1.412579060E0,9.797073364E0,9.906848208E0
9.925159000E-2,-4.118026793E-1,1.395819545E0,9.806650162E0,9.914044636E0
1.012505350E-1,-4.237737060E-1,1.398213744E0,9.832986832E0,9.940936367E0
1.032501060E-1,-4.405331016E-1,1.414973259E0,9.844957352E0,9.955872839E0
1.052497930E-1,-4.405331016E-1,1.424550056E0,9.873687744E0,9.985645795E0
1.072495590E-1,-4.405331016E-1,1.426944256E0,9.902418137E0,1.001439585E1
1.092493240E-1,-4.381389022E-1,1.417367458E0,9.926360130E0,1.003660907E1
1.112487380E-1,-4.357447028E-1,1.417367458E0,9.938331604E0,1.004834509E1
1.132485040E-1,-4.285621047E-1,1.412579060E0,9.938331604E0,1.004736185E1
1.152488170E-1,-4.261679053E-1,1.407790542E0,9.938331604E0,1.004658790E1
1.172488560E-1,-4.237737060E-1,1.414973259E0,9.938331604E0,1.004749564E1
1.192492850E-1,-4.141969085E-1,1.410184860E0,9.943120003E0,1.005115992E1
1.212485430E-1,-4.070142806E-1,1.403002143E0,9.950302124E0,1.005696714E1
1.232476450E-1,-3.950432837E-1,1.395819545E0,9.950302124E0,1.005549023E1
1.252465120E-1,-3.974374831E-1,1.391031146E0,9.935936928E0,1.004070549E1
1.272468630E-1,-3.926490843E-1,1.405396342E0,9.923966408E0,1.003067403E1
1.292467070E-1,-3.806780577E-1,1.395819545E0,9.907206535E0,1.001229091E1
1.312474100E-1,-3.711012602E-1,1.395819545E0,9.902418137E0,1.000719308E1
1.332487380E-1,-3.639186621E-1,1.395819545E0,9.890447617E0,9.995083944E0
1.352494420E-1,-3.567360640E-1,1.405396342E0,9.878476143E0,9.984322231E0
1.372499880E-1,-3.519476354E-1,1.410184860E0,9.856928825E0,9.963510142E0
1.392504570E-1,-3.567360640E-1,1.424550056E0,9.816226959E0,9.925468009E0
1.412504960E-1,-3.591302633E-1,1.431732655E0,9.792284966E0,9.902912591E0
1.432504180E-1,-3.591302633E-1,1.441309452E0,9.770736694E0,9.882997674E0
1.452506920E-1,-3.591302633E-1,1.450886250E0,9.758766174E0,9.872566166E0
1.472504960E-1,-3.567360640E-1,1.460463047E0,9.749189377E0,9.864426311E0
1.492508480E-1,-3.615244627E-1,1.465251446E0,9.710882187E0,9.827456160E0
1.512511600E-1,-3.687070608E-1,1.479616642E0,9.701305389E0,9.820414277E0
1.532516680E-1,-3.758896589E-1,1.489193439E0,9.698910713E0,9.819768794E0
1.552524490E-1,-3.830722570E-1,1.493981838E0,9.691728592E0,9.813680716E0
1.572528400E-1,-3.854664862E-1,1.503558636E0,9.665391922E0,9.789232554E0
1.592545200E-1,-3.854664862E-1,1.510741234E0,9.672574997E0,9.797429794E0
1.612554570E-1,-3.806780577E-1,1.508347034E0,9.684545517E0,9.808692493E0
1.632563950E-1,-3.830722570E-1,1.508347034E0,9.679757118E0,9.804057986E0
1.652578010E-1,-3.830722570E-1,1.505952835E0,9.665391922E0,9.789506591E0
1.672588170E-1,-3.711012602E-1,1.501164436E0,9.665391922E0,9.788309957E0
1.692599490E-1,-3.639186621E-1,1.491587639E0,9.651026726E0,9.772389029E0
1.712617070E-1,-3.543418646E-1,1.482010841E0,9.665391922E0,9.784769558E0
1.732618240E-1,-3.591302633E-1,1.472434044E0,9.662998199E0,9.781133409E0
1.752614730E-1,-3.471592367E-1,1.448492050E0,9.674968719E0,9.788956455E0
1.772606920E-1,-3.375824392E-1,1.431732655E0,9.679757118E0,9.790889549E0
1.792606130E-1,-3.256114423E-1,1.422155857E0,9.677363396E0,9.786721228E0
1.812606130E-1,-3.184288144E-1,1.405396342E0,9.670180321E0,9.776958792E0
1.832610430E-1,-3.136404157E-1,1.395819545E0,9.665391922E0,9.770695140E0
1.852601840E-1,-3.040636182E-1,1.376665950E0,9.655815125E0,9.758198068E0
1.872583870E-1,-2.992752194E-1,1.359906554E0,9.658209801E0,9.758069894E0
1.892571370E-1,-3.112462163E-1,1.347935557E0,9.624691010E0,9.723604347E0
1.912565120E-1,-3.160346150E-1,1.352723956E0,9.629479408E0,9.729163050E0
1.932559260E-1,-3.375824392E-1,1.352723956E0,9.619902611E0,9.720408955E0
1.952566680E-1,-3.519476354E-1,1.352723956E0,9.619902611E0,9.720918448E0
1.972578790E-1,-3.639186621E-1,1.350329757E0,9.634267807E0,9.735242340E0
1.992582700E-1,-3.758896589E-1,1.355118155E0,9.629479408E0,9.731624321E0
2.012592850E-1,-3.902548850E-1,1.374271750E0,9.639056206E0,9.744348426E0
2.032594810E-1,-4.118026793E-1,1.381454349E0,9.643844604E0,9.750986428E0
2.052592850E-1,-4.094084799E-1,1.379060149E0,9.655815125E0,9.762386384E0
2.072593630E-1,-4.189853072E-1,1.386242747E0,9.660603523E0,9.768545341E0
2.092604960E-1,-4.237737060E-1,1.395819545E0,9.655815125E0,9.765380795E0
2.112613170E-1,-4.261679053E-1,1.400607944E0,9.665391922E0,9.775639248E0
2.132632310E-1,-4.261679053E-1,1.400607944E0,9.684545517E0,9.794577253E0
2.152640120E-1,-4.285621047E-1,1.414973259E0,9.696516991E0,9.808580761E0
2.172646370E-1,-4.261679053E-1,1.417367458E0,9.713275909E0,9.825389483E0
2.192648320E-1,-4.261679053E-1,1.424550056E0,9.732429504E0,9.845361649E0
2.212659650E-1,-4.165911078E-1,1.417367458E0,9.742006302E0,9.853383452E0
2.232675670E-1,-4.022258818E-1,1.412579060E0,9.749189377E0,9.859201731E0
2.252677620E-1,-3.902548850E-1,1.410184860E0,9.753977776E0,9.863113234E0
2.272671370E-1,-3.806780577E-1,1.403002143E0,9.758766174E0,9.866450630E0
2.292681530E-1,-3.567360640E-1,1.412579060E0,9.763554573E0,9.871658327E0
2.312695590E-1,-3.375824392E-1,1.412579060E0,9.749189377E0,9.856776096E0
2.332703790E-1,-3.184288144E-1,1.407790542E0,9.749189377E0,9.855453547E0
2.352708870E-1,-2.873041928E-1,1.403002143E0,9.739612579E0,9.844339079E0
2.372717460E-1,-2.729389966E-1,1.398213744E0,9.730035782E0,9.833773115E0
2.392722150E-1,-2.585737705E-1,1.403002143E0,9.730035782E0,9.834066896E0
2.412728790E-1,-2.513911724E-1,1.400607944E0,9.725247383E0,9.828801392E0
2.432732700E-1,-2.418143749E-1,1.414973259E0,9.710882187E0,9.816407508E0
2.452751060E-1,-2.322375625E-1,1.422155857E0,9.701305389E0,9.807741219E0
2.472763170E-1,-2.178723514E-1,1.431732655E0,9.708487511E0,9.815908338E0
2.492769810E-1,-2.178723514E-1,1.450886250E0,9.715670586E0,9.825822826E0
2.512767070E-1,-2.178723514E-1,1.472434044E0,9.703699112E0,9.817194448E0
2.532762780E-1,-2.274491638E-1,1.482010841E0,9.722852707E0,9.837781966E0
2.552764730E-1,-2.298433632E-1,1.491587639E0,9.713275909E0,9.829821491E0
2.572775280E-1,-2.322375625E-1,1.491587639E0,9.720458984E0,9.836975696E0
2.592789340E-1,-2.418143749E-1,1.515529633E0,9.746794701E0,9.866879506E0
2.612809650E-1,-2.537853718E-1,1.520318031E0,9.763554573E0,9.884471247E0
2.632828790E-1,-2.585737705E-1,1.537077546E0,9.773131371E0,9.896644106E0
2.652841680E-1,-2.561795712E-1,1.537077546E0,9.777919769E0,9.901310538E0
2.672843240E-1,-2.585737705E-1,1.525106430E0,9.763554573E0,9.885332970E0
2.692843240E-1,-2.633621991E-1,1.520318031E0,9.763554573E0,9.884721770E0
2.712836210E-1,-2.657563984E-1,1.515529633E0,9.763554573E0,9.884050507E0
2.732831130E-1,-2.657563984E-1,1.510741234E0,9.773131371E0,9.892778292E0
2.752833870E-1,-2.585737705E-1,1.498770237E0,9.770736694E0,9.888400688E0
2.772842460E-1,-2.561795712E-1,1.491587639E0,9.763554573E0,9.880154835E0
2.792848320E-1,-2.513911724E-1,1.493981838E0,9.732429504E0,9.849637725E0
2.812850670E-1,-2.633621991E-1,1.484405041E0,9.725247383E0,9.841405115E0
2.832859260E-1,-2.705447972E-1,1.472434044E0,9.720458984E0,9.835068854E0
2.852874100E-1,-2.920926213E-1,1.460463047E0,9.701305389E0,9.814967991E0
2.872880350E-1,-2.992752194E-1,1.450886250E0,9.670180321E0,9.782996678E0
2.892879960E-1,-2.992752194E-1,1.443703651E0,9.662998199E0,9.774834019E0
2.912888950E-1,-3.160346150E-1,1.434126854E0,9.648633003E0,9.759749820E0
2.932901450E-1,-3.399766386E-1,1.417367458E0,9.651026726E0,9.760472913E0
2.952913560E-1,-3.495534360E-1,1.398213744E0,9.624691010E0,9.732002174E0
2.972922540E-1,-3.591302633E-1,1.388636947E0,9.617507935E0,9.723875050E0
2.992922540E-1,-3.734954596E-1,1.376665950E0,9.610325813E0,9.715609617E0
3.012927230E-1,-3.782838583E-1,1.367089152E0,9.619902611E0,9.723916786E0
3.032937780E-1,-3.902548850E-1,1.367089152E0,9.605537415E0,9.710179228E0
3.052955740E-1,-3.950432837E-1,1.362300754E0,9.612719536E0,9.716805000E0
3.072963170E-1,-4.046200812E-1,1.355118155E0,9.612719536E0,9.716194703E0
3.092970980E-1,-4.118026793E-1,1.335964561E0,9.617507935E0,9.718582285E0
3.112976450E-1,-4.118026793E-1,1.331176162E0,9.612719536E0,9.713186310E0
3.132985040E-1,-4.285621047E-1,1.316810966E0,9.600749016E0,9.700105064E0
3.152993630E-1,-4.333505034E-1,1.302445769E0,9.605537415E0,9.703118399E0
3.173001060E-1,-4.381389022E-1,1.300051570E0,9.615114212E0,9.712493042E0
3.193010040E-1,-4.477157295E-1,1.302445769E0,9.619902611E0,9.717990564E0
3.213020590E-1,-4.525041282E-1,1.302445769E0,9.615114212E0,9.713472411E0
3.233041680E-1,-4.572925270E-1,1.304839969E0,9.619902611E0,9.718757639E0
3.253055350E-1,-4.716577232E-1,1.309628367E0,9.646238327E0,9.746153155E0
3.273070980E-1,-4.764461517E-1,1.314416766E0,9.653421402E0,9.754139487E0
3.293099100E-1,-4.836287498E-1,1.328781962E0,9.662998199E0,9.765914830E0
3.313105740E-1,-4.908113480E-1,1.338358760E0,9.689333916E0,9.793635264E0
3.333110040E-1,-4.884171486E-1,1.355118155E0,9.694122314E0,9.800556309E0
3.353112380E-1,-4.908113480E-1,1.359906554E0,9.708487511E0,9.815547431E0
3.373119030E-1,-4.932055473E-1,1.369483352E0,9.710882187E0,9.819367047E0
3.393134260E-1,-4.932055473E-1,1.371877551E0,9.710882187E0,9.819701247E0
3.413144030E-1,-4.836287498E-1,1.374271750E0,9.718064308E0,9.826662379E0
3.433143630E-1,-4.716577232E-1,1.376665950E0,9.734824181E0,9.842991007E0
3.453142070E-1,-4.596867263E-1,1.371877551E0,9.749189377E0,9.855965372E0
3.473138950E-1,-4.357447028E-1,1.376665950E0,9.751583099E0,9.857913345E0
3.493132700E-1,-4.213795066E-1,1.362300754E0,9.734824181E0,9.838710579E0
3.513136990E-1,-4.094084799E-1,1.362300754E0,9.725247383E0,9.828729079E0
3.533143240E-1,-4.094084799E-1,1.359906554E0,9.718064308E0,9.821289887E0
3.553136600E-1,-4.070142806E-1,1.352723956E0,9.722852707E0,9.824937022E0
3.573133090E-1,-4.046200812E-1,1.357512355E0,9.718064308E0,9.820760210E0
3.593135040E-1,-3.902548850E-1,1.359906554E0,9.720458984E0,9.822879801E0
3.613131530E-1,-3.878606856E-1,1.362300754E0,9.713275909E0,9.816008769E0
3.633140510E-1,-3.734954596E-1,1.369483352E0,9.703699112E0,9.806975067E0
3.653147540E-1,-3.591302633E-1,1.367089152E0,9.696516991E0,9.798997349E0
3.673148710E-1,-3.567360640E-1,1.376665950E0,9.698910713E0,9.802618976E0
3.693146370E-1,-3.591302633E-1,1.381454349E0,9.689333916E0,9.793905370E0
3.713149880E-1,-3.519476354E-1,1.379060149E0,9.686940193E0,9.790938890E0
3.733149100E-1,-3.423708379E-1,1.376665950E0,9.691728592E0,9.795000257E0
3.753154960E-1,-3.423708379E-1,1.383848548E0,9.674968719E0,9.779431186E0
3.773167850E-1,-3.375824392E-1,1.388636947E0,9.670180321E0,9.775206489E0
3.793179960E-1,-3.327940404E-1,1.393425345E0,9.653421402E0,9.759146009E0
3.813193240E-1,-3.351882398E-1,1.379060149E0,9.629479408E0,9.733500487E0
3.833210040E-1,-3.375824392E-1,1.374271750E0,9.619902611E0,9.723431030E0
3.853228400E-1,-3.351882398E-1,1.369483352E0,9.615114212E0,9.717934818E0
3.873238560E-1,-3.256114423E-1,1.364694953E0,9.595960617E0,9.697983053E0
3.893253790E-1,-3.303998411E-1,1.367089152E0,9.581595421E0,9.684269080E0
3.913271370E-1,-3.327940404E-1,1.362300754E0,9.576807022E0,9.678938369E0
3.933285040E-1,-3.256114423E-1,1.369483352E0,9.576807022E0,9.679707651E0
3.953305350E-1,-3.303998411E-1,1.369483352E0,9.555258751E0,9.658551574E0
3.973313560E-1,-3.327940404E-1,1.364694953E0,9.545681953E0,9.648481131E0
3.993322540E-1,-3.471592367E-1,1.379060149E0,9.533711433E0,9.639189807E0
4.013336600E-1,-3.423708379E-1,1.379060149E0,9.528923035E0,9.634282479E0
4.033353010E-1,-3.399766386E-1,1.374271750E0,9.536105156E0,9.640617641E0
4.053364730E-1,-3.423708379E-1,1.379060149E0,9.521739960E0,9.627178016E0
4.073386600E-1,-3.471592367E-1,1.376665950E0,9.524134636E0,9.629375329E0
4.093397540E-1,-3.519476354E-1,1.381454349E0,9.533711433E0,9.639706269E0
4.113413560E-1,-3.567360640E-1,1.381454349E0,9.536105156E0,9.642249648E0
4.133431130E-1,-3.471592367E-1,1.374271750E0,9.538499832E0,9.643242267E0
4.153447150E-1,-3.471592367E-1,1.369483352E0,9.540893555E0,9.644928927E0
4.173465120E-1,-3.519476354E-1,1.374271750E0,9.545681953E0,9.650519879E0
4.193479180E-1,-3.495534360E-1,1.371877551E0,9.548076630E0,9.652460979E0
4.213493240E-1,-3.519476354E-1,1.379060149E0,9.552865028E0,9.658307527E0
4.233513560E-1,-3.423708379E-1,1.371877551E0,9.574412346E0,9.678255916E0
4.253528010E-1,-3.447650373E-1,1.371877551E0,9.588777542E0,9.692552074E0
4.273540900E-1,-3.423708379E-1,1.371877551E0,9.600749016E0,9.704310767E0
4.293559650E-1,-3.423708379E-1,1.374271750E0,9.607931137E0,9.711754804E0
4.313576060E-1,-3.519476354E-1,1.371877551E0,9.617507935E0,9.721233154E0
4.333593240E-1,-3.519476354E-1,1.359906554E0,9.624691010E0,9.726658728E0
4.353603010E-1,-3.471592367E-1,1.359906554E0,9.639056206E0,9.740701715E0
4.373610820E-1,-3.519476354E-1,1.364694953E0,9.643844604E0,9.746281250E0
4.393622930E-1,-3.543418646E-1,1.371877551E0,9.655815125E0,9.759219840E0
4.413629960E-1,-3.519476354E-1,1.371877551E0,9.660603523E0,9.763870933E0
4.433644810E-1,-3.639186621E-1,1.371877551E0,9.677363396E0,9.780891938E0
4.453662780E-1,-3.854664862E-1,1.371877551E0,9.686940193E0,9.791192100E0
4.473665120E-1,-3.878606856E-1,1.379060149E0,9.691728592E0,9.797032505E0
4.493675280E-1,-3.974374831E-1,1.383848548E0,9.698910713E0,9.805195683E0
4.513687780E-1,-4.070142806E-1,1.383848548E0,9.708487511E0,9.815061241E0
4.533693240E-1,-4.141969085E-1,1.386242747E0,9.722852707E0,9.829908077E0
4.553698710E-1,-4.213795066E-1,1.391031146E0,9.737217903E0,9.845097299E0
4.573702230E-1,-4.237737060E-1,1.391031146E0,9.727641106E0,9.835728406E0
4.593704570E-1,-4.381389022E-1,1.383848548E0,9.739612579E0,9.847185166E0
4.613703790E-1,-4.237737060E-1,1.369483352E0,9.737217903E0,9.842178687E0
4.633697930E-1,-4.189853072E-1,1.367089152E0,9.749189377E0,9.853485421E0
4.653703790E-1,-4.189853072E-1,1.364694953E0,9.773131371E0,9.876843513E0
4.673715120E-1,-4.118026793E-1,1.345541358E0,9.770736694E0,9.871542865E0
4.693727620E-1,-4.094084799E-1,1.343147159E0,9.777919769E0,9.878227301E0
4.713738950E-1,-3.950432837E-1,1.340752959E0,9.775525093E0,9.874946508E0
4.733757310E-1,-3.878606856E-1,1.343147159E0,9.758766174E0,9.858397306E0
4.753770200E-1,-3.639186621E-1,1.333570361E0,9.744400978E0,9.841961040E0
4.773786210E-1,-3.471592367E-1,1.326387763E0,9.722852707E0,9.819047245E0
4.793797540E-1,-3.399766386E-1,1.319205165E0,9.715670586E0,9.810715637E0
4.813804570E-1,-3.208230138E-1,1.297657371E0,9.694122314E0,9.785849452E0
4.833814730E-1,-2.992752194E-1,1.300051570E0,9.696516991E0,9.787856839E0
4.853827620E-1,-2.944868207E-1,1.288080573E0,9.672574997E0,9.762406523E0
4.873841290E-1,-2.801215947E-1,1.280897856E0,9.646238327E0,9.734941257E0
4.893842460E-1,-2.873041928E-1,1.290474772E0,9.641449928E0,9.731671262E0
4.913831920E-1,-2.896983922E-1,1.288080573E0,9.627084732E0,9.717192864E0
4.933827230E-1,-3.112462163E-1,1.300051570E0,9.615114212E0,9.707596489E0
4.953833870E-1,-3.208230138E-1,1.309628367E0,9.610325813E0,9.704453416E0
4.973842460E-1,-3.351882398E-1,1.321599364E0,9.607931137E0,9.704190681E0
4.993847150E-1,-3.639186621E-1,1.326387763E0,9.588777542E0,9.686918811E0
5.013851450E-1,-3.878606856E-1,1.333570361E0,9.576807022E0,9.676987060E0
5.033856130E-1,-4.022258818E-1,1.347935557E0,9.567230225E0,9.670088422E0
5.053861600E-1,-4.094084799E-1,1.357512355E0,9.552865028E0,9.657519627E0
5.073856530E-1,-4.333505034E-1,1.376665950E0,9.543288231E0,9.651805637E0
5.093858480E-1,-4.572925270E-1,1.388636947E0,9.552865028E0,9.664091229E0
5.113850280E-1,-4.668693244E-1,1.391031146E0,9.550470352E0,9.662526510E0
5.133845200E-1,-4.788403511E-1,1.400607944E0,9.540893555E0,9.655031875E0
5.153838560E-1,-4.884171486E-1,1.403002143E0,9.543288231E0,9.658225333E0
5.173835040E-1,-4.979939461E-1,1.414973259E0,9.538499832E0,9.655730233E0
5.193834260E-1,-4.884171486E-1,1.417367458E0,9.555258751E0,9.672148242E0
5.213833480E-1,-4.908113480E-1,1.426944256E0,9.569623947E0,9.687867060E0
5.233839340E-1,-4.812345505E-1,1.434126854E0,9.581595421E0,9.700272024E0
5.253846760E-1,-4.644751251E-1,1.431732655E0,9.598354340E0,9.715657547E0
5.273856920E-1,-4.572925270E-1,1.438915253E0,9.605537415E0,9.723473792E0
5.293859650E-1,-4.357447028E-1,1.438915253E0,9.622296333E0,9.739041908E0
5.313867070E-1,-4.189853072E-1,1.426944256E0,9.629479408E0,9.743643686E0
5.333863950E-1,-3.854664862E-1,1.429338455E0,9.648633003E0,9.761542484E0
5.353866290E-1,-3.591302633E-1,1.429338455E0,9.655815125E0,9.767637825E0
5.373865900E-1,-3.303998411E-1,1.419761658E0,9.660603523E0,9.769961497E0
5.393860820E-1,-2.896983922E-1,1.412579060E0,9.662998199E0,9.769996876E0
5.413866290E-1,-2.753331959E-1,1.407790542E0,9.677363396E0,9.783099962E0
5.433880740E-1,-2.633621991E-1,1.405396342E0,9.677363396E0,9.782426121E0
5.453882310E-1,-2.370259613E-1,1.403002143E0,9.686940193E0,9.790883853E0
5.473878790E-1,-2.226607651E-1,1.405396342E0,9.674968719E0,9.779045783E0
5.493880350E-1,-2.130839527E-1,1.398213744E0,9.667786598E0,9.770696196E0
5.513888170E-1,-1.963245422E-1,1.393425345E0,9.662998199E0,9.764922515E0
5.533892070E-1,-1.747767180E-1,1.395819545E0,9.648633003E0,9.750639873E0
5.553896760E-1,-1.723825186E-1,1.388636947E0,9.658209801E0,9.759049383E0
5.573900670E-1,-1.675941199E-1,1.386242747E0,9.636661530E0,9.737299532E0
5.593906530E-1,-1.699883193E-1,1.388636947E0,9.624691010E0,9.725835986E0
5.613913950E-1,-1.699883193E-1,1.388636947E0,9.605537415E0,9.706881972E0
5.633904960E-1,-1.651999205E-1,1.398213744E0,9.591172218E0,9.693960863E0
5.653897540E-1,-1.699883193E-1,1.398213744E0,9.574412346E0,9.677461933E0
5.673901060E-1,-1.867477298E-1,1.386242747E0,9.548076630E0,9.649990207E0
5.693898710E-1,-1.891419291E-1,1.381454349E0,9.538499832E0,9.639873953E0
5.713885820E-1,-2.035071403E-1,1.383848548E0,9.528923035E0,9.631034532E0
5.733880350E-1,-2.130839527E-1,1.376665950E0,9.521739960E0,9.623104788E0
5.753865900E-1,-2.226607651E-1,1.371877551E0,9.509769440E0,9.610792924E0
5.773858480E-1,-2.394201756E-1,1.376665950E0,9.497797966E0,9.600036321E0
5.793840900E-1,-2.681505978E-1,1.374271750E0,9.478644371E0,9.581504407E0
5.813836600E-1,-2.849099934E-1,1.371877551E0,9.457097054E0,9.560329827E0
5.833838950E-1,-2.992752194E-1,1.374271750E0,9.454702377E0,9.558743931E0
5.853844810E-1,-3.256114423E-1,1.357512355E0,9.447520256E0,9.550104795E0
5.873845980E-1,-3.495534360E-1,1.355118155E0,9.445125580E0,9.548242249E0
5.893848320E-1,-3.615244627E-1,1.362300754E0,9.459490776E0,9.563918079E0
5.913849490E-1,-3.830722570E-1,1.350329757E0,9.469067574E0,9.572532346E0
5.933843630E-1,-3.902548850E-1,1.338358760E0,9.478644371E0,9.580615959E0
5.953854960E-1,-4.070142806E-1,1.340752959E0,9.485827446E0,9.588753905E0
5.973867850E-1,-4.165911078E-1,1.338358760E0,9.507374763E0,9.610147096E0
5.993877230E-1,-4.189853072E-1,1.340752959E0,9.531316757E0,9.634270409E0
6.013877230E-1,-4.213795066E-1,1.331176162E0,9.538499832E0,9.640154029E0
6.033870980E-1,-4.189853072E-1,1.326387763E0,9.538499832E0,9.639389619E0
6.053867460E-1,-4.141969085E-1,1.316810966E0,9.540893555E0,9.640238587E0
6.073872930E-1,-4.070142806E-1,1.304839969E0,9.560047150E0,9.657265113E0
6.093872150E-1,-3.926490843E-1,1.295263171E0,9.591172218E0,9.686199694E0
6.113873710E-1,-3.902548850E-1,1.290474772E0,9.610325813E0,9.704431269E0
6.133870590E-1,-3.950432837E-1,1.283292055E0,9.622296333E0,9.715528005E0
6.153877620E-1,-3.902548850E-1,1.271321058E0,9.641449928E0,9.732734088E0
6.173881920E-1,-3.950432837E-1,1.271321058E0,9.643844604E0,9.735299440E0
6.193890120E-1,-4.070142806E-1,1.285686255E0,9.653421402E0,9.747163410E0
6.213898710E-1,-4.118026793E-1,1.295263171E0,9.660603523E0,9.755744388E0
6.233911600E-1,-4.333505034E-1,1.285686255E0,9.684545517E0,9.779120803E0
6.253928790E-1,-4.501099288E-1,1.295263171E0,9.703699112E0,9.800106228E0
6.273938170E-1,-4.644751251E-1,1.312022567E0,9.706093788E0,9.805375923E0
6.293956920E-1,-4.764461517E-1,1.323993564E0,9.715670586E0,9.817036967E0
6.313970980E-1,-4.932055473E-1,1.335964561E0,9.739612579E0,9.843175616E0
6.333985820E-1,-5.003881454E-1,1.338358760E0,9.742006302E0,9.846231729E0
6.353995200E-1,-5.099649429E-1,1.350329757E0,9.765948296E0,9.872041370E0
6.374011990E-1,-5.099649429E-1,1.355118155E0,9.765948296E0,9.872697482E0
6.394017850E-1,-5.219359994E-1,1.369483352E0,9.775525093E0,9.884775803E0
6.414017850E-1,-5.195417404E-1,1.364694953E0,9.782708168E0,9.891091701E0
6.434020980E-1,-5.147533417E-1,1.364694953E0,9.792284966E0,9.900313539E0
6.454020590E-1,-5.003881454E-1,1.362300754E0,9.792284966E0,9.899247269E0
6.474019420E-1,-4.955997467E-1,1.367089152E0,9.797073364E0,9.904402979E0
6.494022540E-1,-4.740519226E-1,1.371877551E0,9.797073364E0,9.904010286E0
6.514029180E-1,-4.548983276E-1,1.359906554E0,9.794678688E0,9.899091318E0
6.534031920E-1,-4.429273009E-1,1.362300754E0,9.794678688E0,9.898877640E0
6.554038170E-1,-4.189853072E-1,1.369483352E0,9.792284966E0,9.896457860E0
6.574035040E-1,-3.854664862E-1,1.374271750E0,9.797073364E0,9.900497652E0
6.594033480E-1,-3.615244627E-1,1.374271750E0,9.785101891E0,9.887747053E0
6.614035430E-1,-3.447650373E-1,1.379060149E0,9.792284966E0,9.894923682E0
6.634043630E-1,-3.112462163E-1,1.388636947E0,9.787496567E0,9.890413329E0
6.654051450E-1,-2.992752194E-1,1.381454349E0,9.792284966E0,9.893777166E0
6.674044810E-1,-2.825157940E-1,1.393425345E0,9.782708168E0,9.885485748E0
6.694038560E-1,-2.705447972E-1,1.400607944E0,9.787496567E0,9.890904213E0
6.714036600E-1,-2.609679997E-1,1.407790542E0,9.787496567E0,9.891666571E0
6.734038560E-1,-2.585737705E-1,1.417367458E0,9.789890289E0,9.895339448E0
6.754045980E-1,-2.418143749E-1,1.419761658E0,9.768342972E0,9.873941552E0
6.774045590E-1,-2.250549644E-1,1.424550056E0,9.773131371E0,9.878972081E0
6.794044810E-1,-2.130839527E-1,1.431732655E0,9.773131371E0,9.879744933E0
6.814043630E-1,-1.939303428E-1,1.429338455E0,9.770736694E0,9.876634697E0
6.834054570E-1,-1.891419291E-1,1.426944256E0,9.768342972E0,9.873827474E0
6.854055350E-1,-1.867477298E-1,1.422155857E0,9.763554573E0,9.868353454E0
6.874065900E-1,-1.915361285E-1,1.419761658E0,9.756371498E0,9.860993564E0
6.894085040E-1,-1.963245422E-1,1.434126854E0,9.746794701E0,9.853693221E0
6.914098710E-1,-1.915361285E-1,1.438915253E0,9.756371498E0,9.863769462E0
6.934106920E-1,-1.987187415E-1,1.443703651E0,9.758766174E0,9.866979610E0
6.954115510E-1,-1.963245422E-1,1.443703651E0,9.765948296E0,9.874035126E0
6.974111210E-1,-1.939303428E-1,1.441309452E0,9.768342972E0,9.876006598E0
6.994103790E-1,-1.891419291E-1,1.429338455E0,9.761159897E0,9.867067732E0
7.014099490E-1,-1.915361285E-1,1.431732655E0,9.746794701E0,9.853250805E0
7.034092850E-1,-2.082955539E-1,1.431732655E0,9.737217903E0,9.844117935E0
7.054094030E-1,-2.082955539E-1,1.434126854E0,9.725247383E0,9.832626482E0
7.074102620E-1,-2.059013397E-1,1.429338455E0,9.727641106E0,9.834246553E0
7.094105740E-1,-2.178723514E-1,1.429338455E0,9.698910713E0,9.806087181E0
7.114105740E-1,-2.274491638E-1,1.429338455E0,9.686940193E0,9.794465368E0
7.134113560E-1,-2.394201756E-1,1.434126854E0,9.689333916E0,9.797817797E0
7.154124100E-1,-2.442085743E-1,1.429338455E0,9.698910713E0,9.806707667E0
7.174135430E-1,-2.561795712E-1,1.414973259E0,9.694122314E0,9.800193097E0
7.194133870E-1,-2.801215947E-1,1.410184860E0,9.679757118E0,9.785948463E0
7.214128790E-1,-3.016694188E-1,1.414973259E0,9.670180321E0,9.777808609E0
7.234119030E-1,-3.112462163E-1,1.417367458E0,9.665391922E0,9.773720158E0
7.254118630E-1,-3.303998411E-1,1.405396342E0,9.670180321E0,9.777356001E0
7.274110430E-1,-3.495534360E-1,1.400607944E0,9.658209801E0,9.765495726E0
7.294101840E-1,-3.591302633E-1,1.391031146E0,9.619902611E0,9.726585652E0
7.314096760E-1,-3.663128614E-1,1.391031146E0,9.627084732E0,9.733956708E0
7.334101060E-1,-3.734954596E-1,1.393425345E0,9.634267807E0,9.741675894E0
7.354104180E-1,-3.830722570E-1,1.388636947E0,9.636661530E0,9.743731439E0
7.374102620E-1,-4.022258818E-1,1.386242747E0,9.636661530E0,9.744162358E0
7.394108870E-1,-4.118026793E-1,1.388636947E0,9.651026726E0,9.759109123E0
7.414117850E-1,-4.261679053E-1,1.383848548E0,9.648633003E0,9.756678468E0
7.434118240E-1,-4.237737060E-1,1.383848548E0,9.653421402E0,9.761309631E0
7.454115120E-1,-4.165911078E-1,1.388636947E0,9.658209801E0,9.766415784E0
7.474123710E-1,-4.141969085E-1,1.386242747E0,9.653421402E0,9.761238282E0
7.494123710E-1,-4.118026793E-1,1.371877551E0,9.646238327E0,9.752002016E0
7.514122540E-1,-4.141969085E-1,1.362300754E0,9.653421402E0,9.757866938E0
7.534124880E-1,-4.213795066E-1,1.362300754E0,9.648633003E0,9.753437490E0
7.554133090E-1,-4.189853072E-1,1.362300754E0,9.653421402E0,9.758071367E0
7.574137780E-1,-4.333505034E-1,1.369483352E0,9.672574997E0,9.778649415E0
7.594143240E-1,-4.405331016E-1,1.369483352E0,9.674968719E0,9.781338037E0
7.614146760E-1,-4.525041282E-1,1.364694953E0,9.689333916E0,9.795424648E0
7.634142460E-1,-4.620809257E-1,1.371877551E0,9.691728592E0,9.799243333E0
7.654138170E-1,-4.668693244E-1,1.379060149E0,9.703699112E0,9.812316256E0
7.674135430E-1,-4.668693244E-1,1.371877551E0,9.715670586E0,9.823149694E0
7.694129570E-1,-4.764461517E-1,1.374271750E0,9.725247383E0,9.833415502E0
7.714130350E-1,-4.788403511E-1,1.379060149E0,9.734824181E0,9.843672933E0
7.734133480E-1,-4.716577232E-1,1.371877551E0,9.742006302E0,9.849426166E0
7.754136990E-1,-4.620809257E-1,1.369483352E0,9.756371498E0,9.862848891E0
7.774128400E-1,-4.525041282E-1,1.364694953E0,9.761159897E0,9.866478340E0
7.794123710E-1,-4.429273009E-1,1.362300754E0,9.763554573E0,9.868082176E0
7.814116680E-1,-4.309563041E-1,1.369483352E0,9.763554573E0,9.868546290E0
7.834110430E-1,-4.141969085E-1,1.357512355E0,9.763554573E0,9.866174374E0
7.854113560E-1,-3.926490843E-1,1.343147159E0,9.773131371E0,9.872806814E0
7.874115120E-1,-3.663128614E-1,1.340752959E0,9.770736694E0,9.869098194E0
7.894104960E-1,-3.495534360E-1,1.333570361E0,9.763554573E0,9.860405439E0
7.914087780E-1,-3.280056417E-1,1.335964561E0,9.775525093E0,9.871842779E0
7.934078790E-1,-3.160346150E-1,1.335964561E0,9.782708168E0,9.878565599E0
7.954072540E-1,-3.112462163E-1,1.345541358E0,9.785101891E0,9.882083523E0
7.974065510E-1,-2.920926213E-1,1.357512355E0,9.782708168E0,9.880766013E0
7.994060820E-1,-2.729389966E-1,1.374271750E0,9.785101891E0,9.884904529E0
8.014054570E-1,-2.681505978E-1,1.388636947E0,9.804255486E0,9.905737880E0
8.034049880E-1,-2.729389966E-1,1.405396342E0,9.811438560E0,9.915339692E0
8.054039730E-1,-2.681505978E-1,1.422155857E0,9.823410034E0,9.929441914E0
8.074045200E-1,-2.681505978E-1,1.438915253E0,9.832986832E0,9.941328477E0
8.094042850E-1,-2.537853718E-1,1.443703651E0,9.842563629E0,9.951117829E0
8.114037780E-1,-2.513911724E-1,1.450886250E0,9.852140427E0,9.961573140E0
8.134045980E-1,-2.418143749E-1,1.465251446E0,9.866505623E0,9.977643469E0
8.154047930E-1,-2.322375625E-1,1.467645645E0,9.873687744E0,9.984869939E0
8.174040120E-1,-2.250549644E-1,1.470039845E0,9.861717224E0,9.973220818E0
8.194041680E-1,-2.178723514E-1,1.467645645E0,9.835380554E0,9.946665911E0
8.214031920E-1,-2.130839527E-1,1.443703651E0,9.821015358E0,9.928848255E0
8.234029570E-1,-1.939303428E-1,1.429338455E0,9.799467087E0,9.905057929E0
8.254021370E-1,-1.867477298E-1,1.429338455E0,9.777919769E0,9.883602488E0
8.274018240E-1,-1.795651317E-1,1.422155857E0,9.763554573E0,9.868220144E0
8.294011600E-1,-1.867477298E-1,1.414973259E0,9.730035782E0,9.834155803E0
8.313999880E-1,-1.987187415E-1,1.412579060E0,9.708487511E0,9.812726353E0
8.333980350E-1,-2.178723514E-1,1.410184860E0,9.694122314E0,9.798576282E0
8.353971760E-1,-2.442085743E-1,1.412579060E0,9.670180321E0,9.775858267E0
8.373965510E-1,-2.537853718E-1,1.414973259E0,9.655815125E0,9.762239603E0
8.393957310E-1,-2.729389966E-1,1.426944256E0,9.655815125E0,9.764498519E0
8.413954570E-1,-2.873041928E-1,1.424550056E0,9.648633003E0,9.757458962E0
8.433954960E-1,-3.040636182E-1,1.434126854E0,9.648633003E0,9.759369516E0
8.453951060E-1,-3.184288144E-1,1.434126854E0,9.629479408E0,9.740892691E0
8.473961990E-1,-3.351882398E-1,1.426944256E0,9.619902611E0,9.730932499E0
8.493967070E-1,-3.567360640E-1,1.419761658E0,9.615114212E0,9.725914101E0
8.513962380E-1,-3.758896589E-1,1.426944256E0,9.619902611E0,9.732419493E0
8.533959260E-1,-3.902548850E-1,1.422155857E0,9.615114212E0,9.727550949E0
8.553964340E-1,-4.094084799E-1,1.417367458E0,9.634267807E0,9.746571807E0
8.573957700E-1,-4.237737060E-1,1.414973259E0,9.648633003E0,9.761037461E0
8.593954960E-1,-4.477157295E-1,1.417367458E0,9.653421402E0,9.767186117E0
8.613955740E-1,-4.668693244E-1,1.412579060E0,9.670180321E0,9.783952882E0
8.633963560E-1,-4.668693244E-1,1.412579060E0,9.694122314E0,9.807617142E0
8.653974100E-1,-4.764461517E-1,1.410184860E0,9.694122314E0,9.807733159E0
8.673970200E-1,-4.788403511E-1,1.398213744E0,9.720458984E0,9.832172325E0
8.693978400E-1,-4.884171486E-1,1.395819545E0,9.737217903E0,9.848871814E0
8.713988170E-1,-4.908113480E-1,1.369483352E0,9.749189377E0,9.857133150E0
8.733998320E-1,-4.884171486E-1,1.367089152E0,9.761159897E0,9.868522007E0
8.754006130E-1,-4.932055473E-1,1.362300754E0,9.765948296E0,9.872834505E0
8.774003790E-1,-4.884171486E-1,1.355118155E0,9.777919769E0,9.883451398E0
8.793999490E-1,-4.860229492E-1,1.340752959E0,9.785101891E0,9.888480966E0
8.813998710E-1,-4.932055473E-1,1.338358760E0,9.789890289E0,9.893250616E0
8.833995590E-1,-4.932055473E-1,1.333570361E0,9.799467087E0,9.902081438E0
8.854002620E-1,-4.908113480E-1,1.343147159E0,9.804255486E0,9.907995039E0
8.874007310E-1,-4.979939461E-1,1.350329757E0,9.809044838E0,9.914068239E0
8.894013560E-1,-4.932055473E-1,1.350329757E0,9.813833237E0,9.918566679E0
8.914021760E-1,-4.955997467E-1,1.359906554E0,9.813833237E0,9.919994342E0
8.934021760E-1,-4.932055473E-1,1.362300754E0,9.823410034E0,9.929677727E0
8.954027620E-1,-4.692635238E-1,1.376665950E0,9.823410034E0,9.930498582E0
8.974038170E-1,-4.596867263E-1,1.376665950E0,9.832986832E0,9.939524690E0
8.994038950E-1,-4.477157295E-1,1.386242747E0,9.837775230E0,9.945045994E0
9.014039340E-1,-4.213795066E-1,1.391031146E0,9.842563629E0,9.949300836E0
9.034044420E-1,-3.950432837E-1,1.381454349E0,9.840168953E0,9.944516094E0
9.054045980E-1,-3.782838583E-1,1.381454349E0,9.840168953E0,9.943864431E0
9.074049100E-1,-3.543418646E-1,1.369483352E0,9.847352028E0,9.948436298E0
9.094053790E-1,-3.208230138E-1,1.369483352E0,9.842563629E0,9.942558567E0
9.114056920E-1,-2.944868207E-1,1.379060149E0,9.830592155E0,9.931217021E0
9.134053010E-1,-2.657563984E-1,1.379060149E0,9.840168953E0,9.939887242E0
9.154053010E-1,-2.489969730E-1,1.398213744E0,9.842563629E0,9.944498980E0
9.174057700E-1,-2.466027737E-1,1.403002143E0,9.837775230E0,9.940374713E0
9.194048710E-1,-2.370259613E-1,1.419761658E0,9.852140427E0,9.956735181E0
9.214042850E-1,-2.274491638E-1,1.424550056E0,9.854534149E0,9.959564211E0
9.234041290E-1,-2.250549644E-1,1.438915253E0,9.856928825E0,9.963943632E0
9.254042850E-1,-2.154781520E-1,1.462857246E0,9.864110947E0,9.974320374E0
9.274042070E-1,-2.130839527E-1,1.470039845E0,9.866505623E0,9.977692876E0
9.294037780E-1,-2.082955539E-1,1.477222443E0,9.854534149E0,9.966815764E0
9.314032310E-1,-2.035071403E-1,1.489193439E0,9.847352028E0,9.961398206E0
9.334045980E-1,-1.939303428E-1,1.491587639E0,9.830592155E0,9.944997978E0
9.354063950E-1,-1.915361285E-1,1.491587639E0,9.825803757E0,9.940218269E0
9.374063950E-1,-1.651999205E-1,1.489193439E0,9.806650162E0,9.920452384E0
9.394065900E-1,-1.604115069E-1,1.482010841E0,9.787496567E0,9.900362470E0
9.414070200E-1,-1.747767180E-1,1.465251446E0,9.756371498E0,9.867334671E0
9.434079570E-1,-1.604115069E-1,1.462857246E0,9.749189377E0,9.859633699E0
9.454080740E-1,-1.747767180E-1,1.448492050E0,9.742006302E0,9.850652918E0
9.474085430E-1,-1.915361285E-1,1.443703651E0,9.730035782E0,9.838422772E0
9.494102620E-1,-2.154781520E-1,1.436521053E0,9.718064308E0,9.826026535E0
9.514110040E-1,-2.226607651E-1,1.426944256E0,9.708487511E0,9.815318511E0
9.534112380E-1,-2.442085743E-1,1.436521053E0,9.689333916E0,9.798286702E0
9.554116290E-1,-2.585737705E-1,1.434126854E0,9.679757118E0,9.788834358E0
9.574113950E-1,-2.849099934E-1,1.434126854E0,9.662998199E0,9.772994819E0
9.594117850E-1,-3.016694188E-1,1.426944256E0,9.651026726E0,9.760609162E0
9.614129960E-1,-3.232172430E-1,1.424550056E0,9.641449928E0,9.751480348E0
9.634134260E-1,-3.471592367E-1,1.417367458E0,9.639056206E0,9.748889916E0
9.654137780E-1,-3.543418646E-1,1.410184860E0,9.651026726E0,9.759943461E0
9.674143630E-1,-3.591302633E-1,1.403002143E0,9.658209801E0,9.766186877E0
9.694155740E-1,-3.758896589E-1,1.391031146E0,9.651026726E0,9.758000694E0
9.714181920E-1,-3.854664862E-1,1.383848548E0,9.660603523E0,9.766825567E0
9.734193630E-1,-3.878606856E-1,1.374271750E0,9.674968719E0,9.779779061E0
9.754199100E-1,-3.830722570E-1,1.355118155E0,9.667786598E0,9.769809992E0
9.774215120E-1,-3.806780577E-1,1.331176162E0,9.646238327E0,9.745094131E0
9.794234650E-1,-3.758896589E-1,1.323993564E0,9.641449928E0,9.739189325E0
9.814253790E-1,-3.711012602E-1,1.304839969E0,9.641449928E0,9.736420297E0
9.834261990E-1,-3.734954596E-1,1.297657371E0,9.639056206E0,9.733181291E0
9.854269030E-1,-3.758896589E-1,1.285686255E0,9.615114212E0,9.707971132E0
9.874270980E-1,-3.782838583E-1,1.283292055E0,9.588777542E0,9.681662663E0
9.894274490E-1,-3.902548850E-1,1.280897856E0,9.586383820E0,9.679450032E0
9.914279180E-1,-3.926490843E-1,1.285686255E0,9.583989143E0,9.677810204E0
9.934286990E-1,-4.022258818E-1,1.288080573E0,9.574412346E0,9.669038680E0
9.954290120E-1,-4.237737060E-1,1.300051570E0,9.576807022E0,9.673931516E0
9.974296760E-1,-4.333505034E-1,1.312022567E0,9.574412346E0,9.673601586E0
9.994293630E-1,-4.357447028E-1,1.319205165E0,9.581595421E0,9.681794592E0
1.001429012E0,-4.405331016E-1,1.328781962E0,9.583989143E0,9.685689383E0
1.003429285E0,-4.525041282E-1,1.338358760E0,9.591172218E0,9.694665991E0
1.005429598E0,-4.477157295E-1,1.345541358E0,9.588777542E0,9.693068950E0
1.007430067E0,-4.453215301E-1,1.350329757E0,9.591172218E0,9.695993309E0
1.009431121E0,-4.453215301E-1,1.352723956E0,9.591172218E0,9.696327031E0
1.011431863E0,-4.357447028E-1,1.355118155E0,9.603142738E0,9.708067218E0
1.013432762E0,-4.213795066E-1,1.347935557E0,9.615114212E0,9.718277227E0
1.015433074E0,-4.189853072E-1,1.352723956E0,9.607931137E0,9.711732674E0
1.017433113E0,-4.141969085E-1,1.345541358E0,9.591172218E0,9.693947862E0
1.019433309E0,-4.118026793E-1,1.333570361E0,9.583989143E0,9.685083338E0
1.021434090E0,-4.118026793E-1,1.333570361E0,9.574412346E0,9.675606602E0
1.023434676E0,-4.070142806E-1,1.343147159E0,9.567230225E0,9.669622489E0
1.025434871E0,-3.998316824E-1,1.343147159E0,9.574412346E0,9.676429167E0
1.027435418E0,-4.022258818E-1,1.352723956E0,9.572018623E0,9.675494214E0
1.029435809E0,-3.926490843E-1,1.359906554E0,9.567230225E0,9.671370808E0
1.031436903E0,-3.950432837E-1,1.355118155E0,9.560047150E0,9.663690078E0
1.033437215E0,-3.974374831E-1,1.357512355E0,9.560047150E0,9.664124267E0
1.035438035E0,-3.974374831E-1,1.369483352E0,9.579200745E0,9.684757514E0
1.037439012E0,-3.974374831E-1,1.393425345E0,9.579200745E0,9.688172049E0
1.039439949E0,-3.950432837E-1,1.393425345E0,9.579200745E0,9.688074127E0
1.041440731E0,-3.854664862E-1,1.400607944E0,9.567230225E0,9.676889025E0
1.043441863E0,-3.782838583E-1,1.407790542E0,9.583989143E0,9.694215842E0
1.045444363E0,-3.615244627E-1,1.410184860E0,9.591172218E0,9.701026018E0
1.047445926E0,-3.591302633E-1,1.412579060E0,9.588777542E0,9.698917924E0
1.049446942E0,-3.447650373E-1,1.422155857E0,9.581595421E0,9.692696272E0
1.051447645E0,-3.327940404E-1,1.426944256E0,9.579200745E0,9.690614464E0
1.053448309E0,-3.184288144E-1,1.424550056E0,9.588777542E0,9.699247111E0
1.055449637E0,-3.088520169E-1,1.422155857E0,9.598354340E0,9.708054536E0
1.057451551E0,-2.873041928E-1,1.410184860E0,9.607931137E0,9.715117383E0
1.059451863E0,-2.777273953E-1,1.417367458E0,9.631873131E0,9.739560720E0
1.061453934E0,-2.513911724E-1,1.419761658E0,9.634267807E0,9.741562342E0
1.063454988E0,-2.489969730E-1,1.417367458E0,9.636661530E0,9.743519664E0
1.065455574E0,-2.418143749E-1,1.410184860E0,9.636661530E0,9.742296493E0
1.067455887E0,-2.322375625E-1,1.405396342E0,9.636661530E0,9.741371495E0
1.069456590E0,-2.106897533E-1,1.405396342E0,9.641449928E0,9.745618799E0
1.071456942E0,-2.059013397E-1,1.388636947E0,9.639056206E0,9.740744965E0
1.073458465E0,-2.059013397E-1,1.381454349E0,9.622296333E0,9.723137261E0
1.075458973E0,-2.082955539E-1,1.381454349E0,9.617507935E0,9.718449569E0
1.077458934E0,-2.106897533E-1,1.376665950E0,9.619902611E0,9.720191642E0
1.079459754E0,-2.130839527E-1,1.371877551E0,9.615114212E0,9.714827538E0
1.081460926E0,-2.178723514E-1,1.362300754E0,9.615114212E0,9.713586002E0
1.083461590E0,-2.250549644E-1,1.352723956E0,9.581595421E0,9.679229445E0
1.085461199E0,-2.274491638E-1,1.352723956E0,9.569623947E0,9.667434909E0
1.087461199E0,-2.346317619E-1,1.350329757E0,9.564835548E0,9.662531841E0
1.089462840E0,-2.585737705E-1,1.347935557E0,9.550470352E0,9.648589255E0
1.091463153E0,-2.657563984E-1,1.347935557E0,9.550470352E0,9.648784415E0
1.093462293E0,-2.920926213E-1,1.340752959E0,9.540893555E0,9.639065640E0
1.095462098E0,-3.016694188E-1,1.340752959E0,9.533711433E0,9.632251898E0
1.097462098E0,-3.208230138E-1,1.345541358E0,9.538499832E0,9.638277232E0
1.099463113E0,-3.327940404E-1,1.343147159E0,9.550470352E0,9.650195859E0
1.101463973E0,-3.495534360E-1,1.347935557E0,9.560047150E0,9.660932635E0
1.103465223E0,-3.615244627E-1,1.345541358E0,9.552865028E0,9.653932449E0
1.105465848E0,-3.711012602E-1,1.335964561E0,9.555258751E0,9.655334652E0
1.107467137E0,-3.806780577E-1,1.326387763E0,9.557653427E0,9.656757184E0
1.109468543E0,-3.878606856E-1,1.326387763E0,9.552865028E0,9.652303904E0
1.111468856E0,-3.854664862E-1,1.323993564E0,9.569623947E0,9.668466572E0
1.113468504E0,-3.878606856E-1,1.321599364E0,9.557653427E0,9.656386479E0
1.115468778E0,-3.878606856E-1,1.312022567E0,9.564835548E0,9.662190134E0
1.117469129E0,-3.902548850E-1,1.309628367E0,9.569623947E0,9.666702014E0
1.119469442E0,-3.974374831E-1,1.297657371E0,9.564835548E0,9.660639227E0
1.121468778E0,-3.926490843E-1,1.295263171E0,9.574412346E0,9.669604529E0
1.123469090E0,-3.878606856E-1,1.304839969E0,9.591172218E0,9.687292077E0
1.125469090E0,-3.902548850E-1,1.312022567E0,9.600749016E0,9.697839128E0
1.127468856E0,-3.878606856E-1,1.321599364E0,9.610325813E0,9.708523216E0
1.129470106E0,-3.902548850E-1,1.335964561E0,9.607931137E0,9.708215125E0
1.131471317E0,-4.022258818E-1,1.355118155E0,9.619902611E0,9.723201999E0
1.133472801E0,-3.998316824E-1,1.362300754E0,9.622296333E0,9.726474975E0
1.135472645E0,-4.022258818E-1,1.371877551E0,9.631873131E0,9.737392551E0
1.137473153E0,-4.070142806E-1,1.376665950E0,9.646238327E0,9.752475769E0
1.139474715E0,-4.189853072E-1,1.381454349E0,9.651026726E0,9.758395445E0
1.141475184E0,-4.165911078E-1,1.383848548E0,9.653421402E0,9.761000447E0
1.143475535E0,-4.141969085E-1,1.391031146E0,9.655815125E0,9.764286582E0
1.145475965E0,-4.118026793E-1,1.393425345E0,9.658209801E0,9.766894706E0
1.147477176E0,-4.094084799E-1,1.393425345E0,9.658209801E0,9.766794052E0
1.149477801E0,-3.950432837E-1,1.379060149E0,9.653421402E0,9.759426769E0
1.151478660E0,-3.782838583E-1,1.374271750E0,9.653421402E0,9.758087225E0
1.153479129E0,-3.663128614E-1,1.374271750E0,9.634267807E0,9.738681848E0
1.155480653E0,-3.519476354E-1,1.364694953E0,9.619902611E0,9.722591511E0
1.157482059E0,-3.447650373E-1,1.364694953E0,9.617507935E0,9.719964718E0
1.159484207E0,-3.399766386E-1,1.362300754E0,9.612719536E0,9.714722041E0
1.161484754E0,-3.495534360E-1,1.379060149E0,9.612719536E0,9.717426170E0
1.163485067E0,-3.567360640E-1,1.391031146E0,9.600749016E0,9.707554271E0
1.165485887E0,-3.519476354E-1,1.393425345E0,9.588777542E0,9.695883461E0
1.167486160E0,-3.471592367E-1,1.405396342E0,9.610325813E0,9.718745837E0
1.169486121E0,-3.495534360E-1,1.405396342E0,9.581595421E0,9.690422968E0
1.171486512E0,-3.495534360E-1,1.398213744E0,9.569623947E0,9.677545751E0
1.173487645E0,-3.471592367E-1,1.400607944E0,9.567230225E0,9.675438818E0
1.175488309E0,-3.303998411E-1,1.405396342E0,9.576807022E0,9.685016039E0
1.177488348E0,-3.375824392E-1,1.403002143E0,9.576807022E0,9.684916605E0
1.179488582E0,-3.280056417E-1,1.398213744E0,9.591172218E0,9.698101561E0
1.181488465E0,-3.232172430E-1,1.405396342E0,9.595960617E0,9.703714156E0
1.183489363E0,-3.208230138E-1,1.400607944E0,9.593565941E0,9.700574080E0
1.185490926E0,-3.256114423E-1,1.391031146E0,9.612719536E0,9.718300640E0
1.187491121E0,-3.280056417E-1,1.391031146E0,9.619902611E0,9.725486188E0
1.189491942E0,-3.256114423E-1,1.391031146E0,9.624691010E0,9.730142213E0
1.191493074E0,-3.375824392E-1,1.391031146E0,9.646238327E0,9.751863587E0
1.193494363E0,-3.423708379E-1,1.388636947E0,9.648633003E0,9.754058088E0
1.195494754E0,-3.280056417E-1,1.388636947E0,9.655815125E0,9.760669341E0
1.197495770E0,-3.280056417E-1,1.381454349E0,9.679757118E0,9.783337962E0
1.199496551E0,-3.136404157E-1,1.381454349E0,9.684545517E0,9.787604829E0
1.201497996E0,-3.064578176E-1,1.374271750E0,9.706093788E0,9.807690649E0
1.203499129E0,-2.920926213E-1,1.369483352E0,9.722852707E0,9.823169932E0
1.205500809E0,-2.896983922E-1,1.364694953E0,9.730035782E0,9.829542908E0
1.207503231E0,-2.849099934E-1,1.364694953E0,9.737217903E0,9.836512518E0
1.209504754E0,-2.729389966E-1,1.362300754E0,9.761159897E0,9.859543680E0
1.211506746E0,-2.633621991E-1,1.369483352E0,9.765948296E0,9.865018521E0
1.213507567E0,-2.609679997E-1,1.374271750E0,9.756371498E0,9.856140824E0
1.215508113E0,-2.657563984E-1,1.367089152E0,9.758766174E0,9.857640512E0
1.217509715E0,-2.681505978E-1,1.367089152E0,9.765948296E0,9.864815437E0
1.219511238E0,-2.729389966E-1,1.362300754E0,9.770736694E0,9.869025007E0
1.221511160E0,-2.825157940E-1,1.369483352E0,9.775525093E0,9.875028641E0
1.223511863E0,-2.968810201E-1,1.371877551E0,9.773131371E0,9.873412943E0
1.225512410E0,-3.136404157E-1,1.379060149E0,9.770736694E0,9.872561611E0
1.227513465E0,-3.208230138E-1,1.400607944E0,9.758766174E0,9.863982323E0
1.229513973E0,-3.280056417E-1,1.407790542E0,9.742006302E0,9.848662280E0
1.231515301E0,-3.447650373E-1,1.407790542E0,9.734824181E0,9.842130814E0
1.233516590E0,-3.567360640E-1,1.412579060E0,9.727641106E0,9.836139573E0
1.235516707E0,-3.758896589E-1,1.414973259E0,9.725247383E0,9.834829893E0
1.237517957E0,-3.830722570E-1,1.414973259E0,9.730035782E0,9.839841970E0
1.239518621E0,-3.926490843E-1,1.412579060E0,9.720458984E0,9.830405677E0
1.241519559E0,-3.974374831E-1,1.412579060E0,9.701305389E0,9.811659514E0
1.243519871E0,-4.022258818E-1,1.414973259E0,9.686940193E0,9.797997004E0
1.245520809E0,-3.998316824E-1,1.400607944E0,9.667786598E0,9.776894481E0
1.247522488E0,-3.878606856E-1,1.381454349E0,9.660603523E0,9.766581411E0
1.249523113E0,-3.854664862E-1,1.376665950E0,9.646238327E0,9.751600249E0
1.251524403E0,-3.758896589E-1,1.374271750E0,9.619902611E0,9.724836354E0
1.253525301E0,-3.663128614E-1,1.371877551E0,9.617507935E0,9.721763832E0
1.255526746E0,-3.591302633E-1,1.359906554E0,9.605537415E0,9.707969376E0
1.257527840E0,-3.663128614E-1,1.364694953E0,9.598354340E0,9.701803103E0
1.259527449E0,-3.567360640E-1,1.371877551E0,9.586383820E0,9.690617285E0
1.261528582E0,-3.471592367E-1,1.369483352E0,9.579200745E0,9.682824541E0
1.263529129E0,-3.423708379E-1,1.374271750E0,9.581595421E0,9.685701391E0
1.265528856E0,-3.327940404E-1,1.369483352E0,9.574412346E0,9.677582771E0
1.267529246E0,-3.208230138E-1,1.362300754E0,9.574412346E0,9.676164660E0
1.269529988E0,-3.184288144E-1,1.362300754E0,9.586383820E0,9.687931409E0
1.271530223E0,-3.232172430E-1,1.371877551E0,9.581595421E0,9.684703827E0
1.273531942E0,-3.112462163E-1,1.371877551E0,9.576807022E0,9.679574111E0
1.275532528E0,-3.112462163E-1,1.374271750E0,9.562441826E0,9.665701771E0
1.277533934E0,-3.160346150E-1,1.374271750E0,9.555258751E0,9.658750981E0
1.279534363E0,-3.112462163E-1,1.381454349E0,9.560047150E0,9.664356773E0
1.281534442E0,-3.256114423E-1,1.393425345E0,9.579200745E0,9.685491413E0
1.283534754E0,-3.208230138E-1,1.393425345E0,9.591172218E0,9.697172068E0
1.285535535E0,-3.280056417E-1,1.405396342E0,9.593565941E0,9.701506792E0
1.287536903E0,-3.280056417E-1,1.417367458E0,9.595960617E0,9.705615816E0
1.289537254E0,-3.351882398E-1,1.417367458E0,9.610325813E0,9.720063987E0
1.291537840E0,-3.399766386E-1,1.431732655E0,9.646238327E0,9.757835640E0
1.293538660E0,-3.351882398E-1,1.446097851E0,9.662998199E0,9.776353326E0
1.295539285E0,-3.303998411E-1,1.446097851E0,9.672574997E0,9.785656346E0
1.297539559E0,-3.303998411E-1,1.455674648E0,9.686940193E0,9.801273542E0
1.299539598E0,-3.280056417E-1,1.450886250E0,9.698910713E0,9.812315101E0
1.301539715E0,-3.280056417E-1,1.453280449E0,9.713275909E0,9.826868304E0
1.303540340E0,-3.184288144E-1,1.467645645E0,9.715670586E0,9.831054652E0
1.305541004E0,-3.136404157E-1,1.460463047E0,9.720458984E0,9.834563818E0
1.307542840E0,-3.208230138E-1,1.455674648E0,9.730035782E0,9.843551819E0
1.309543543E0,-3.232172430E-1,1.458068848E0,9.737217903E0,9.851083526E0
1.311544129E0,-3.184288144E-1,1.448492050E0,9.734824181E0,9.847148214E0
1.313545223E0,-3.160346150E-1,1.448492050E0,9.734824181E0,9.847071084E0
1.315545535E0,-3.088520169E-1,1.453280449E0,9.734824181E0,9.847548703E0
1.317545262E0,-3.184288144E-1,1.453280449E0,9.732429504E0,9.845486531E0
1.319545145E0,-3.184288144E-1,1.448492050E0,9.722852707E0,9.835313462E0
1.321544598E0,-3.136404157E-1,1.441309452E0,9.708487511E0,9.819901883E0
1.323544754E0,-3.088520169E-1,1.422155857E0,9.698910713E0,9.807486216E0
1.325545496E0,-3.040636182E-1,1.407790542E0,9.674968719E0,9.781582112E0
1.327545848E0,-3.016694188E-1,1.400607944E0,9.670180321E0,9.775740099E0
1.329545926E0,-3.184288144E-1,1.405396342E0,9.651026726E0,9.758014790E0
1.331546785E0,-3.160346150E-1,1.412579060E0,9.636661530E0,9.744767976E0
1.333547488E0,-3.232172430E-1,1.417367458E0,9.639056206E0,9.748066702E0
1.335547567E0,-3.471592367E-1,1.438915253E0,9.665391922E0,9.778077400E0
1.337548231E0,-3.447650373E-1,1.446097851E0,9.674968719E0,9.788517847E0
1.339548270E0,-3.471592367E-1,1.462857246E0,9.682151794E0,9.798190355E0
1.341548934E0,-3.567360640E-1,1.472434044E0,9.682151794E0,9.799968674E0
1.343549676E0,-3.543418646E-1,1.484405041E0,9.691728592E0,9.811147720E0
1.345549949E0,-3.327940404E-1,1.489193439E0,9.694122314E0,9.813483399E0
1.347550653E0,-3.184288144E-1,1.489193439E0,9.706093788E0,9.824833364E0
1.349551512E0,-3.112462163E-1,1.491587639E0,9.718064308E0,9.836792251E0
1.351552215E0,-3.040636182E-1,1.501164436E0,9.727641106E0,9.847484492E0
1.353552645E0,-2.849099934E-1,1.505952835E0,9.718064308E0,9.838182837E0
1.355554129E0,-2.681505978E-1,1.496376038E0,9.739612579E0,9.857540220E0
1.357555731E0,-2.489969730E-1,1.484405041E0,9.773131371E0,9.888354494E0
1.359556903E0,-2.298433632E-1,1.477222443E0,9.780313492E0,9.893914600E0
1.361557801E0,-2.154781520E-1,1.467645645E0,9.780313492E0,9.892165919E0
1.363558153E0,-2.035071403E-1,1.462857246E0,9.777919769E0,9.888836205E0
1.365558348E0,-1.891419291E-1,1.453280449E0,9.777919769E0,9.887138805E0
1.367559520E0,-1.771709323E-1,1.448492050E0,9.789890289E0,9.898053881E0
1.369560809E0,-1.651999205E-1,1.426944256E0,9.782708168E0,9.887610430E0
1.371561395E0,-1.604115069E-1,1.414973259E0,9.756371498E0,9.859749793E0
1.373562488E0,-1.412578970E-1,1.410184860E0,9.744400978E0,9.846924675E0
1.375562957E0,-1.268926859E-1,1.405396342E0,9.746794701E0,9.848413454E0
1.377564520E0,-1.173158810E-1,1.400607944E0,9.713275909E0,9.814438064E0
1.379566356E0,-1.173158810E-1,1.403002143E0,9.706093788E0,9.807672234E0
1.381568074E0,-1.197100878E-1,1.395819545E0,9.665391922E0,9.766393588E0
1.383569754E0,-1.292868853E-1,1.388636947E0,9.648633003E0,9.748904887E0
1.385570809E0,-1.244984865E-1,1.383848548E0,9.619902611E0,9.719725455E0
1.387572606E0,-1.388636976E-1,1.379060149E0,9.591172218E0,9.690803607E0
1.389574129E0,-1.580173075E-1,1.379060149E0,9.567230225E0,9.667402471E0
1.391575496E0,-1.819593310E-1,1.374271750E0,9.524134636E0,9.624493369E0
1.393576668E0,-2.178723514E-1,1.376665950E0,9.507374763E0,9.608998511E0
1.395577606E0,-2.322375625E-1,1.386242747E0,9.493009567E0,9.596501127E0
1.397579051E0,-2.585737705E-1,1.391031146E0,9.457097054E0,9.562348703E0
1.399580692E0,-2.968810201E-1,1.388636947E0,9.433155060E0,9.539437368E0
1.401581473E0,-3.351882398E-1,1.395819545E0,9.433155060E0,9.541754437E0
1.403582410E0,-3.639186621E-1,1.407790542E0,9.423578262E0,9.535100328E0
1.405582996E0,-3.926490843E-1,1.407790542E0,9.421183586E0,9.533873697E0
1.407584559E0,-4.165911078E-1,1.398213744E0,9.423578262E0,9.535846952E0
1.409585848E0,-4.189853072E-1,1.403002143E0,9.423578262E0,9.536655125E0
1.411587684E0,-4.309563041E-1,1.410184860E0,9.433155060E0,9.547709624E0
1.413588973E0,-4.405331016E-1,1.410184860E0,9.425971985E0,9.541050184E0
1.415590457E0,-4.453215301E-1,1.407790542E0,9.428366661E0,9.543284726E0
1.417592449E0,-4.525041282E-1,1.400607944E0,9.445125580E0,9.559124427E0
1.419594129E0,-4.405331016E-1,1.395819545E0,9.464279175E0,9.576792882E0
1.421596434E0,-4.285621047E-1,1.388636947E0,9.485827446E0,9.596504592E0
1.423599246E0,-4.261679053E-1,1.391031146E0,9.500192642E0,9.610944125E0
1.425601629E0,-4.213795066E-1,1.381454349E0,9.521739960E0,9.630654633E0
1.427603270E0,-4.141969085E-1,1.383848548E0,9.526528358E0,9.635421031E0
1.429604910E0,-3.998316824E-1,1.379060149E0,9.548076630E0,9.655435754E0
1.431605496E0,-3.902548850E-1,1.379060149E0,9.569623947E0,9.676353045E0
1.433607254E0,-3.854664862E-1,1.374271750E0,9.581595421E0,9.687320479E0
1.435608934E0,-3.782838583E-1,1.367089152E0,9.598354340E0,9.702599521E0
1.437609168E0,-3.543418646E-1,1.347935557E0,9.603142738E0,9.703753855E0
1.439610340E0,-3.327940404E-1,1.338358760E0,9.615114212E0,9.713515190E0
1.441612567E0,-3.232172430E-1,1.321599364E0,9.631873131E0,9.727490646E0
1.443614910E0,-3.184288144E-1,1.321599364E0,9.631873131E0,9.727332718E0
1.445616590E0,-3.088520169E-1,1.309628367E0,9.639056206E0,9.732518716E0
1.447618074E0,-2.992752194E-1,1.304839969E0,9.631873131E0,9.724461579E0
1.449618543E0,-2.944868207E-1,1.300051570E0,9.641449928E0,9.733160499E0
1.451619637E0,-2.896983922E-1,1.292868972E0,9.655815125E0,9.746291657E0
1.453619793E0,-2.968810201E-1,1.295263171E0,9.660603523E0,9.751569384E0
1.455620535E0,-3.064578176E-1,1.292868972E0,9.674968719E0,9.765779349E0
1.457621082E0,-3.160346150E-1,1.307234168E0,9.679757118E0,9.772739479E0
1.459621473E0,-3.256114423E-1,1.314416766E0,9.674968719E0,9.769274997E0
1.461621785E0,-3.423708379E-1,1.323993564E0,9.684545517E0,9.780623631E0
1.463621004E0,-3.591302633E-1,1.335964561E0,9.694122314E0,9.792332883E0
1.465620653E0,-3.758896589E-1,1.352723956E0,9.689333916E0,9.790523319E0
1.467621238E0,-3.902548850E-1,1.374271750E0,9.706093788E0,9.810666560E0
1.469621629E0,-3.926490843E-1,1.383848548E0,9.701305389E0,9.807371532E0
1.471621863E0,-3.998316824E-1,1.393425345E0,9.698910713E0,9.806649203E0
1.473621395E0,-3.998316824E-1,1.400607944E0,9.694122314E0,9.802937082E0
1.475620301E0,-4.046200812E-1,1.400607944E0,9.682151794E0,9.791296308E0
1.477620340E0,-3.926490843E-1,1.407790542E0,9.689333916E0,9.798940720E0
1.479620731E0,-3.854664862E-1,1.407790542E0,9.691728592E0,9.801023504E0
1.481621356E0,-3.711012602E-1,1.400607944E0,9.686940193E0,9.794704134E0
1.483622840E0,-3.567360640E-1,1.403002143E0,9.691728592E0,9.799248886E0
1.485623504E0,-3.351882398E-1,1.395819545E0,9.684545517E0,9.790356747E0
1.487623113E0,-3.136404157E-1,1.393425345E0,9.682151794E0,9.786933528E0
1.489623074E0,-3.088520169E-1,1.391031146E0,9.677363396E0,9.781703303E0
1.491623270E0,-2.896983922E-1,1.381454349E0,9.655815125E0,9.758437733E0
1.493623543E0,-2.681505978E-1,1.388636947E0,9.674968719E0,9.777793055E0
1.495623387E0,-2.609679997E-1,1.395819545E0,9.684545517E0,9.788096769E0
1.497623778E0,-2.513911724E-1,1.386242747E0,9.670180321E0,9.772269640E0
1.499623934E0,-2.513911724E-1,1.391031146E0,9.653421402E0,9.756367661E0
1.501623778E0,-2.633621991E-1,1.400607944E0,9.636661530E0,9.741473589E0
1.503623738E0,-2.609679997E-1,1.398213744E0,9.643844604E0,9.748171353E0
1.505623543E0,-2.633621991E-1,1.395819545E0,9.639056206E0,9.743155361E0
1.507622215E0,-2.657563984E-1,1.395819545E0,9.631873131E0,9.736114146E0
1.509622059E0,-2.705447972E-1,1.403002143E0,9.619902611E0,9.725437560E0
1.511622528E0,-2.801215947E-1,1.403002143E0,9.603142738E0,9.709131453E0
1.513621590E0,-2.801215947E-1,1.393425345E0,9.603142738E0,9.707752199E0
1.515621512E0,-2.896983922E-1,1.379060149E0,9.586383820E0,9.689400745E0
1.517620496E0,-2.873041928E-1,1.381454349E0,9.600749016E0,9.703882804E0
1.519619793E0,-3.040636182E-1,1.369483352E0,9.595960617E0,9.697958522E0
1.521619207E0,-3.040636182E-1,1.367089152E0,9.607931137E0,9.709465905E0
1.523619129E0,-3.208230138E-1,1.364694953E0,9.612719536E0,9.714406652E0
1.525619442E0,-3.351882398E-1,1.369483352E0,9.607931137E0,9.710827799E0
1.527618856E0,-3.327940404E-1,1.367089152E0,9.605537415E0,9.708039640E0
1.529618153E0,-3.543418646E-1,1.362300754E0,9.627084732E0,9.729449210E0
1.531617528E0,-3.711012602E-1,1.381454349E0,9.622296333E0,9.728037777E0
1.533617567E0,-3.854664862E-1,1.388636947E0,9.622296333E0,9.729618888E0
1.535617918E0,-3.878606856E-1,1.395819545E0,9.636661530E0,9.744947078E0
1.537619090E0,-3.878606856E-1,1.400607944E0,9.641449928E0,9.750368980E0
1.539618660E0,-3.878606856E-1,1.395819545E0,9.662998199E0,9.770991880E0
1.541618465E0,-3.830722570E-1,1.398213744E0,9.677363396E0,9.785351722E0
1.543617801E0,-3.639186621E-1,1.412579060E0,9.703699112E0,9.812726066E0
1.545616746E0,-3.639186621E-1,1.412579060E0,9.713275909E0,9.822196561E0
1.547616824E0,-3.519476354E-1,1.414973259E0,9.706093788E0,9.815002450E0
1.549615965E0,-3.447650373E-1,1.424550056E0,9.715670586E0,9.825602308E0
1.551615965E0,-3.327940404E-1,1.429338455E0,9.720458984E0,9.830619673E0
1.553615848E0,-3.232172430E-1,1.431732655E0,9.725247383E0,9.835383289E0
1.555616707E0,-3.208230138E-1,1.434126854E0,9.756371498E0,9.866429549E0
1.557616395E0,-3.112462163E-1,1.429338455E0,9.753977776E0,9.863060634E0
1.559616121E0,-3.184288144E-1,1.438915253E0,9.751583099E0,9.862314483E0
1.561616629E0,-3.256114423E-1,1.436521053E0,9.753977776E0,9.864567806E0
1.563617020E0,-3.208230138E-1,1.426944256E0,9.751583099E0,9.860652628E0
1.565617371E0,-3.160346150E-1,1.434126854E0,9.737217903E0,9.847335183E0
1.567617215E0,-3.184288144E-1,1.431732655E0,9.715670586E0,9.825757489E0
1.569616512E0,-3.208230138E-1,1.426944256E0,9.715670586E0,9.825138790E0
1.571615692E0,-3.327940404E-1,1.429338455E0,9.710882187E0,9.821150296E0
1.573614403E0,-3.543418646E-1,1.419761658E0,9.713275909E0,9.822881971E0
1.575614129E0,-3.663128614E-1,1.419761658E0,9.706093788E0,9.816219481E0
1.577613074E0,-3.615244627E-1,1.422155857E0,9.708487511E0,9.818755367E0
1.579613426E0,-3.734954596E-1,1.417367458E0,9.691728592E0,9.801940240E0
1.581613817E0,-3.878606856E-1,1.412579060E0,9.686940193E0,9.797072308E0
1.583614051E0,-3.926490843E-1,1.410184860E0,9.679757118E0,9.789815755E0
1.585614285E0,-3.974374831E-1,1.398213744E0,9.677363396E0,9.785924612E0
1.587614559E0,-3.974374831E-1,1.391031146E0,9.667786598E0,9.775429500E0
1.589613465E0,-3.902548850E-1,1.388636947E0,9.648633003E0,9.755856204E0
1.591612918E0,-3.902548850E-1,1.381454349E0,9.653421402E0,9.759572724E0
1.593612371E0,-3.902548850E-1,1.388636947E0,9.648633003E0,9.755856204E0
1.595611668E0,-3.998316824E-1,1.388636947E0,9.658209801E0,9.765715258E0
1.597610770E0,-3.926490843E-1,1.386242747E0,9.655815125E0,9.762715195E0
1.599608934E0,-3.902548850E-1,1.393425345E0,9.665391922E0,9.773112814E0
1.601606434E0,-3.854664862E-1,1.405396342E0,9.684545517E0,9.793576730E0
1.603605613E0,-3.878606856E-1,1.410184860E0,9.684545517E0,9.794359556E0
1.605604715E0,-3.902548850E-1,1.417367458E0,9.682151794E0,9.793124770E0
1.607604676E0,-3.854664862E-1,1.424550056E0,9.696516991E0,9.808178680E0
1.609604598E0,-3.902548850E-1,1.417367458E0,9.706093788E0,9.816796117E0
1.611605262E0,-3.950432837E-1,1.414973259E0,9.710882187E0,9.821376755E0
1.613604832E0,-3.926490843E-1,1.424550056E0,9.720458984E0,9.832132985E0
1.615604949E0,-3.902548850E-1,1.426944256E0,9.715670586E0,9.827650976E0
1.617604403E0,-3.950432837E-1,1.424550056E0,9.715670586E0,9.827494950E0
1.619603895E0,-3.926490843E-1,1.434126854E0,9.720458984E0,9.833525106E0
1.621603074E0,-3.950432837E-1,1.426944256E0,9.715670586E0,9.827842288E0
1.623602879E0,-3.782838583E-1,1.414973259E0,9.713275909E0,9.823083879E0
1.625603621E0,-3.782838583E-1,1.412579060E0,9.710882187E0,9.820372250E0
1.627603387E0,-3.687070608E-1,1.407790542E0,9.703699112E0,9.812216649E0
1.629603192E0,-3.639186621E-1,1.403002143E0,9.715670586E0,9.823192288E0
1.631603192E0,-3.639186621E-1,1.398213744E0,9.710882187E0,9.817773236E0
1.633603192E0,-3.471592367E-1,1.383848548E0,9.682151794E0,9.786706275E0
1.635603895E0,-3.447650373E-1,1.383848548E0,9.684545517E0,9.788989815E0
1.637604207E0,-3.375824392E-1,1.379060149E0,9.679757118E0,9.783325951E0
1.639604403E0,-3.351882398E-1,1.376665950E0,9.662998199E0,9.766324513E0
1.641604871E0,-3.327940404E-1,1.367089152E0,9.648633003E0,9.750682205E0
1.643605692E0,-3.375824392E-1,1.367089152E0,9.634267807E0,9.736632417E0
1.645605145E0,-3.351882398E-1,1.359906554E0,9.612719536E0,9.714220188E0
1.647604793E0,-3.399766386E-1,1.350329757E0,9.612719536E0,9.713050573E0
1.649604012E0,-3.495534360E-1,1.362300754E0,9.612719536E0,9.715061905E0
1.651604129E0,-3.423708379E-1,1.352723956E0,9.598354340E0,9.699251823E0
1.653603895E0,-3.495534360E-1,1.350329757E0,9.583989143E0,9.684958748E0
1.655603778E0,-3.687070608E-1,1.352723956E0,9.593565941E0,9.695479073E0
1.657603934E0,-3.711012602E-1,1.355118155E0,9.598354340E0,9.700642628E0
1.659604520E0,-3.806780577E-1,1.362300754E0,9.593565941E0,9.697282433E0
1.661603582E0,-4.046200812E-1,1.376665950E0,9.598354340E0,9.705015846E0
1.663603504E0,-4.165911078E-1,1.386242747E0,9.598354340E0,9.706885347E0
1.665603504E0,-4.261679053E-1,1.391031146E0,9.591172218E0,9.700885076E0
1.667603543E0,-4.381389022E-1,1.405396342E0,9.598354340E0,9.710587552E0
1.669603621E0,-4.501099288E-1,1.410184860E0,9.615114212E0,9.728393577E0
1.671604988E0,-4.548983276E-1,1.417367458E0,9.622296333E0,9.736757660E0
1.673605145E0,-4.525041282E-1,1.419761658E0,9.651026726E0,9.765387858E0
1.675604637E0,-4.644751251E-1,1.434126854E0,9.660603523E0,9.777510798E0
1.677604285E0,-4.668693244E-1,1.450886250E0,9.674968719E0,9.794286988E0
1.679603660E0,-4.668693244E-1,1.453280449E0,9.679757118E0,9.799371862E0
1.681604207E0,-4.644751251E-1,1.470039845E0,9.701305389E0,9.823038254E0
1.683604168E0,-4.548983276E-1,1.474828243E0,9.725247383E0,9.846953209E0
1.685603465E0,-4.453215301E-1,1.486799240E0,9.744400978E0,9.867230294E0
1.687603270E0,-4.381389022E-1,1.503558636E0,9.777919769E0,9.902543576E0
1.689603856E0,-4.070142806E-1,1.498770237E0,9.785101891E0,9.907582544E0
1.691603699E0,-3.902548850E-1,1.489193439E0,9.818621635E0,9.938577705E0
1.693602684E0,-3.806780577E-1,1.496376038E0,9.830592155E0,9.951110448E0
1.695602254E0,-3.567360640E-1,1.508347034E0,9.854534149E0,9.975681164E0
1.697602332E0,-3.423708379E-1,1.510741234E0,9.892841339E0,1.001338437E1
1.699601668E0,-3.280056417E-1,1.508347034E0,9.919178009E0,1.003856518E1
1.701601551E0,-3.280056417E-1,1.513135433E0,9.933543205E0,1.005347936E1
1.703601160E0,-3.351882398E-1,1.515529633E0,9.933543205E0,1.005407688E1
1.705601863E0,-3.351882398E-1,1.513135433E0,9.935936928E0,1.005608138E1
1.707602371E0,-3.160346150E-1,1.498770237E0,9.938331604E0,1.005567627E1
1.709602957E0,-3.088520169E-1,1.501164436E0,9.940725327E0,1.005817599E1
1.711602996E0,-3.112462163E-1,1.498770237E0,9.940725327E0,1.005789274E1
1.713602762E0,-3.112462163E-1,1.491587639E0,9.926360130E0,1.004262582E1
1.715603192E0,-3.016694188E-1,1.477222443E0,9.919178009E0,1.003310934E1
1.717604090E0,-3.016694188E-1,1.470039845E0,9.900024414E0,1.001311665E1
1.719604988E0,-3.088520169E-1,1.455674648E0,9.873687744E0,9.985193434E0
1.721605887E0,-3.112462163E-1,1.448492050E0,9.856928825E0,9.967650139E0
1.723606863E0,-3.136404157E-1,1.443703651E0,9.830592155E0,9.940985498E0
1.725607879E0,-3.160346150E-1,1.436521053E0,9.813833237E0,9.923446650E0
1.727608270E0,-3.136404157E-1,1.422155857E0,9.773131371E0,9.881042171E0
1.729608348E0,-3.184288144E-1,1.414973259E0,9.749189377E0,9.856482118E0
1.731608426E0,-3.160346150E-1,1.395819545E0,9.718064308E0,9.822879617E0
1.733610028E0,-3.208230138E-1,1.379060149E0,9.679757118E0,9.782761991E0
1.735610770E0,-3.280056417E-1,1.367089152E0,9.648633003E0,9.750519949E0
1.737611473E0,-3.303998411E-1,1.357512355E0,9.631873131E0,9.732676089E0
1.739612567E0,-3.543418646E-1,1.355118155E0,9.605537415E0,9.707123796E0
1.741613387E0,-3.639186621E-1,1.355118155E0,9.598354340E0,9.700370510E0
1.743614012E0,-3.854664862E-1,1.362300754E0,9.586383820E0,9.690366479E0
1.745614403E0,-4.118026793E-1,1.386242747E0,9.588777542E0,9.697211205E0
1.747614832E0,-4.261679053E-1,1.405396342E0,9.603142738E0,9.714788130E0
1.749616082E0,-4.381389022E-1,1.414973259E0,9.605537415E0,9.719077325E0
1.751617762E0,-4.525041282E-1,1.422155857E0,9.607931137E0,9.723149079E0
1.753617488E0,-4.548983276E-1,1.424550056E0,9.603142738E0,9.718879864E0
1.755618074E0,-4.525041282E-1,1.441309452E0,9.617507935E0,9.735429718E0
1.757617918E0,-4.501099288E-1,1.443703651E0,9.627084732E0,9.745134151E0
1.759616903E0,-4.477157295E-1,1.438915253E0,9.636661530E0,9.753777315E0
1.761615809E0,-4.405331016E-1,1.443703651E0,9.653421402E0,9.770716167E0
1.763615379E0,-4.357447028E-1,1.446097851E0,9.667786598E0,9.785048296E0
1.765615223E0,-4.261679053E-1,1.448492050E0,9.696516991E0,9.813367926E0
1.767614168E0,-4.237737060E-1,1.434126854E0,9.701305389E0,9.815886626E0
1.769614988E0,-4.237737060E-1,1.429338455E0,9.701305389E0,9.815188171E0
1.771616199E0,-4.333505034E-1,1.436521053E0,9.722852707E0,9.837949489E0
1.773616942E0,-4.333505034E-1,1.438915253E0,9.727641106E0,9.843031608E0
1.775617723E0,-4.261679053E-1,1.424550056E0,9.751583099E0,9.864295965E0
1.777618387E0,-4.261679053E-1,1.417367458E0,9.775525093E0,9.886932813E0
1.779619051E0,-4.237737060E-1,1.412579060E0,9.780313492E0,9.890879423E0
1.781619168E0,-4.309563041E-1,1.412579060E0,9.787496567E0,9.898292377E0
1.783619598E0,-4.261679053E-1,1.405396342E0,9.799467087E0,9.908900703E0
1.785619754E0,-4.309563041E-1,1.410184860E0,9.794678688E0,9.905053017E0
1.787619910E0,-4.333505034E-1,1.407790542E0,9.801861763E0,9.911920141E0
1.789619168E0,-4.357447028E-1,1.412579060E0,9.801861763E0,9.912706344E0
1.791619363E0,-4.429273009E-1,1.412579060E0,9.799467087E0,9.910656859E0
1.793619559E0,-4.381389022E-1,1.417367458E0,9.797073364E0,9.908760907E0
1.795620418E0,-4.405331016E-1,1.417367458E0,9.809044838E0,9.920703632E0
1.797620887E0,-4.548983276E-1,1.429338455E0,9.806650162E0,9.920702007E0
1.799621942E0,-4.453215301E-1,1.434126854E0,9.806650162E0,9.920958547E0
1.801621863E0,-4.453215301E-1,1.441309452E0,9.787496567E0,9.903068880E0
1.803621199E0,-4.429273009E-1,1.443703651E0,9.780313492E0,9.896211236E0
1.805621238E0,-4.429273009E-1,1.446097851E0,9.780313492E0,9.896560796E0
1.807620574E0,-4.405331016E-1,1.458068848E0,9.775525093E0,9.893478914E0
1.809619246E0,-4.405331016E-1,1.460463047E0,9.765948296E0,9.884369876E0
1.811618348E0,-4.309563041E-1,1.455674648E0,9.753977776E0,9.871412992E0
1.813617762E0,-4.285621047E-1,1.460463047E0,9.753977776E0,9.872016017E0
1.815616785E0,-4.309563041E-1,1.460463047E0,9.751583099E0,9.869754232E0
1.817616746E0,-4.261679053E-1,1.453280449E0,9.730035782E0,9.847194497E0
1.819616590E0,-4.189853072E-1,1.448492050E0,9.722852707E0,9.839082410E0
1.821617215E0,-4.046200812E-1,1.443703651E0,9.713275909E0,9.828312497E0
1.823617332E0,-3.926490843E-1,1.431732655E0,9.706093788E0,9.818975930E0
1.825616824E0,-3.782838583E-1,1.417367458E0,9.715670586E0,9.825796869E0
1.827617488E0,-3.567360640E-1,1.412579060E0,9.706093788E0,9.814830454E0
1.829617801E0,-3.351882398E-1,1.407790542E0,9.689333916E0,9.796806474E0
1.831618113E0,-3.256114423E-1,1.405396342E0,9.660603523E0,9.767723487E0
1.833617801E0,-3.016694188E-1,1.410184860E0,9.670180321E0,9.777116815E0
1.835618270E0,-2.944868207E-1,1.405396342E0,9.670180321E0,9.776208304E0
1.837617606E0,-2.801215947E-1,1.405396342E0,9.660603523E0,9.766312888E0
1.839615965E0,-2.753331959E-1,1.414973259E0,9.643844604E0,9.750984384E0
1.841615887E0,-2.681505978E-1,1.422155857E0,9.643844604E0,9.751829099E0
1.843616199E0,-2.585737705E-1,1.441309452E0,9.643844604E0,9.754382199E0
1.845616278E0,-2.633621991E-1,1.455674648E0,9.646238327E0,9.759009283E0
1.847616668E0,-2.633621991E-1,1.472434044E0,9.641449928E0,9.756791398E0
1.849615574E0,-2.633621991E-1,1.479616642E0,9.646238327E0,9.762609227E0
1.851616160E0,-2.681505978E-1,1.482010841E0,9.646238327E0,9.763102721E0
1.853616707E0,-2.657563984E-1,1.486799240E0,9.643844604E0,9.761400371E0
1.855615965E0,-2.633621991E-1,1.482010841E0,9.639056206E0,9.755876194E0
1.857616121E0,-2.633621991E-1,1.484405041E0,9.643844604E0,9.760971096E0
1.859615692E0,-2.753331959E-1,1.486799240E0,9.660603523E0,9.778222782E0
1.861616434E0,-2.777273953E-1,1.484405041E0,9.653421402E0,9.770830855E0
1.863617293E0,-2.777273953E-1,1.489193439E0,9.660603523E0,9.778654817E0
1.865618387E0,-2.849099934E-1,1.474828243E0,9.662998199E0,9.779050376E0
1.867617918E0,-2.896983922E-1,1.470039845E0,9.665391922E0,9.780835512E0
1.869617723E0,-3.016694188E-1,1.465251446E0,9.655815125E0,9.771014889E0
1.871618309E0,-2.920926213E-1,1.465251446E0,9.651026726E0,9.765991847E0
1.873618426E0,-2.968810201E-1,1.455674648E0,9.636661530E0,9.750506267E0
1.875618582E0,-2.873041928E-1,1.443703651E0,9.629479408E0,9.741339621E0
1.877618348E0,-2.849099934E-1,1.422155857E0,9.629479408E0,9.738099130E0
1.879617879E0,-2.873041928E-1,1.400607944E0,9.603142738E0,9.708995662E0
1.881618270E0,-2.896983922E-1,1.391031146E0,9.586383820E0,9.691111781E0
1.883618035E0,-2.873041928E-1,1.388636947E0,9.576807022E0,9.681223528E0
1.885616903E0,-2.944868207E-1,1.376665950E0,9.564835548E0,9.667885534E0
1.887615613E0,-2.992752194E-1,1.376665950E0,9.552865028E0,9.656189986E0
1.889616082E0,-2.968810201E-1,1.379060149E0,9.533711433E0,9.637509996E0
1.891615613E0,-2.873041928E-1,1.383848548E0,9.519346237E0,9.623696446E0
1.893614676E0,-2.944868207E-1,1.374271750E0,9.507374763E0,9.610698217E0
1.895614324E0,-2.992752194E-1,1.379060149E0,9.493009567E0,9.597322710E0
1.897614285E0,-2.849099934E-1,1.376665950E0,9.485827446E0,9.589437167E0
1.899612957E0,-2.825157940E-1,1.371877551E0,9.481039047E0,9.583943061E0
1.901610887E0,-2.849099934E-1,1.369483352E0,9.476250648E0,9.578934424E0
1.903609871E0,-2.753331959E-1,1.367089152E0,9.459490776E0,9.561731374E0
1.905609090E0,-2.609679997E-1,1.376665950E0,9.440337181E0,9.543756049E0
1.907607957E0,-2.561795712E-1,1.379060149E0,9.435548782E0,9.539235593E0
1.909607606E0,-2.585737705E-1,1.374271750E0,9.445125580E0,9.548082554E0
1.911607762E0,-2.537853718E-1,1.374271750E0,9.445125580E0,9.547954078E0
1.913607996E0,-2.585737705E-1,1.367089152E0,9.449913979E0,9.551788699E0
1.915609168E0,-2.609679997E-1,1.371877551E0,9.459490776E0,9.562014330E0
1.917609246E0,-2.705447972E-1,1.381454349E0,9.473855972E0,9.577868113E0
1.919608348E0,-2.944868207E-1,1.395819545E0,9.495404243E0,9.601965238E0
1.921608231E0,-3.160346150E-1,1.403002143E0,9.509769440E0,9.617900378E0
1.923606317E0,-3.256114423E-1,1.412579060E0,9.507374763E0,9.617254146E0
1.925605379E0,-3.399766386E-1,1.414973259E0,9.533711433E0,9.644137449E0
1.927604598E0,-3.543418646E-1,1.419761658E0,9.548076630E0,9.659557373E0
1.929604481E0,-3.639186621E-1,1.417367458E0,9.557653427E0,9.669028200E0
1.931604246E0,-3.830722570E-1,1.426944256E0,9.574412346E0,9.687738954E0
1.933603973E0,-3.902548850E-1,1.438915253E0,9.572018623E0,9.687430852E0
1.935604246E0,-3.998316824E-1,1.438915253E0,9.598354340E0,9.713843138E0
1.937604910E0,-4.046200812E-1,1.443703651E0,9.603142738E0,9.719482913E0
1.939605613E0,-4.070142806E-1,1.436521053E0,9.610325813E0,9.725616464E0
1.941605887E0,-4.046200812E-1,1.422155857E0,9.612719536E0,9.725771001E0
1.943606551E0,-3.974374831E-1,1.417367458E0,9.617507935E0,9.729509029E0
1.945606863E0,-3.974374831E-1,1.414973259E0,9.615114212E0,9.726794291E0
1.947608231E0,-3.926490843E-1,1.403002143E0,9.624691010E0,9.734334356E0
1.949609012E0,-3.782838583E-1,1.393425345E0,9.603142738E0,9.711080441E0
1.951609598E0,-3.615244627E-1,1.371877551E0,9.610325813E0,9.714479409E0
1.953608231E0,-3.495534360E-1,1.362300754E0,9.615114212E0,9.717431361E0
1.955607645E0,-3.447650373E-1,1.371877551E0,9.607931137E0,9.711501000E0
1.957607254E0,-3.256114423E-1,1.359906554E0,9.593565941E0,9.694940748E0
1.959607215E0,-3.088520169E-1,1.364694953E0,9.583989143E0,9.685588768E0
1.961607371E0,-3.040636182E-1,1.371877551E0,9.586383820E0,9.688821261E0
1.963607488E0,-3.112462163E-1,1.383848548E0,9.583989143E0,9.688382678E0
1.965607567E0,-2.968810201E-1,1.388636947E0,9.574412346E0,9.679143696E0
1.967607723E0,-2.920926213E-1,1.395819545E0,9.564835548E0,9.670558896E0
1.969609207E0,-2.896983922E-1,1.412579060E0,9.560047150E0,9.668185262E0
1.971609832E0,-2.825157940E-1,1.407790542E0,9.552865028E0,9.660171822E0
1.973609910E0,-2.777273953E-1,1.405396342E0,9.562441826E0,9.669155344E0
1.975610731E0,-2.657563984E-1,1.417367458E0,9.567230225E0,9.675301088E0
1.977611160E0,-2.585737705E-1,1.422155857E0,9.581595421E0,9.690013338E0
1.979610692E0,-2.513911724E-1,1.414973259E0,9.588777542E0,9.695875494E0
1.981610106E0,-2.442085743E-1,1.400607944E0,9.586383820E0,9.691238062E0
1.983609637E0,-2.418143749E-1,1.398213744E0,9.586383820E0,9.690832297E0
1.985609910E0,-2.370259613E-1,1.386242747E0,9.588777542E0,9.691362392E0
1.987608973E0,-2.394201756E-1,1.391031146E0,9.603142738E0,9.706319597E0
1.989609090E0,-2.466027737E-1,1.381454349E0,9.610325813E0,9.712239252E0
1.991609676E0,-2.442085743E-1,1.374271750E0,9.617507935E0,9.718267312E0
1.993609403E0,-2.513911724E-1,1.376665950E0,9.624691010E0,9.725897577E0
1.995608817E0,-2.609679997E-1,1.391031146E0,9.627084732E0,9.730561771E0
1.997608934E0,-2.801215947E-1,1.386242747E0,9.643844604E0,9.746993168E0
1.999608348E0,-2.944868207E-1,1.395819545E0,9.662998199E0,9.767731000E0
2.001607176E0,-3.016694188E-1,1.412579060E0,9.670180321E0,9.777462425E0
2.003605926E0,-3.160346150E-1,1.417367458E0,9.679757118E0,9.788079804E0
2.005604598E0,-3.303998411E-1,1.434126854E0,9.686940193E0,9.798096458E0
2.007602801E0,-3.519476354E-1,1.436521053E0,9.674968719E0,9.787363261E0
2.009601590E0,-3.591302633E-1,1.434126854E0,9.684545517E0,9.796740083E0
2.011600184E0,-3.591302633E-1,1.414973259E0,9.682151794E0,9.791587575E0
2.013599207E0,-3.734954596E-1,1.407790542E0,9.686940193E0,9.795824793E0
2.015597645E0,-3.830722570E-1,1.386242747E0,9.682151794E0,9.788384784E0
2.017596707E0,-3.878606856E-1,1.367089152E0,9.696516991E0,9.800092368E0
2.019595496E0,-3.878606856E-1,1.362300754E0,9.696516991E0,9.799425545E0
2.021594949E0,-3.854664862E-1,1.347935557E0,9.689333916E0,9.790235258E0
2.023594637E0,-3.854664862E-1,1.338358760E0,9.672574997E0,9.772333173E0
2.025594168E0,-3.902548850E-1,1.328781962E0,9.672574997E0,9.771216273E0
2.027592996E0,-3.806780577E-1,1.304839969E0,9.667786598E0,9.762869498E0
2.029592528E0,-3.711012602E-1,1.292868972E0,9.641449928E0,9.734823216E0
2.031592371E0,-3.711012602E-1,1.280897856E0,9.643844604E0,9.735612678E0
2.033592020E0,-3.687070608E-1,1.268926859E0,9.615114212E0,9.705490280E0
2.035591278E0,-3.639186621E-1,1.271321058E0,9.605537415E0,9.696135470E0
2.037591004E0,-3.687070608E-1,1.280897856E0,9.603142738E0,9.695204725E0
2.039590223E0,-3.711012602E-1,1.278503656E0,9.595960617E0,9.687866014E0
2.041589637E0,-3.806780577E-1,1.283292055E0,9.581595421E0,9.674643409E0
2.043588348E0,-3.782838583E-1,1.295263171E0,9.576807022E0,9.671403109E0
2.045587723E0,-3.878606856E-1,1.309628367E0,9.572018623E0,9.668976311E0
2.047586785E0,-3.854664862E-1,1.314416766E0,9.562441826E0,9.660050182E0
2.049586903E0,-3.830722570E-1,1.335964561E0,9.572018623E0,9.672387822E0
2.051586942E0,-3.806780577E-1,1.367089152E0,9.583989143E0,9.688482669E0
2.053586629E0,-3.854664862E-1,1.379060149E0,9.583989143E0,9.690368373E0
2.055586317E0,-3.830722570E-1,1.379060149E0,9.593565941E0,9.699745291E0
2.057586356E0,-3.711012602E-1,1.395819545E0,9.605537415E0,9.713515191E0
2.059586629E0,-3.663128614E-1,1.405396342E0,9.612719536E0,9.721815719E0
2.061585692E0,-3.543418646E-1,1.426944256E0,9.636661530E0,9.748177958E0
2.063583973E0,-3.519476354E-1,1.431732655E0,9.660603523E0,9.772460589E0
2.065582996E0,-3.327940404E-1,1.426944256E0,9.682151794E0,9.792394250E0
2.067582684E0,-3.184288144E-1,1.438915253E0,9.701305389E0,9.812604153E0
2.069582996E0,-2.992752194E-1,1.453280449E0,9.715670586E0,9.828318506E0
2.071583895E0,-2.896983922E-1,1.458068848E0,9.718064308E0,9.831106948E0
2.073584090E0,-2.657563984E-1,1.458068848E0,9.722852707E0,9.835164258E0
2.075584910E0,-2.466027737E-1,1.448492050E0,9.727641106E0,9.837984734E0
2.077586199E0,-2.274491638E-1,1.448492050E0,9.737217903E0,9.846993188E0
2.079587918E0,-2.154781520E-1,1.450886250E0,9.744400978E0,9.854179426E0
2.081588778E0,-2.082955539E-1,1.455674648E0,9.739612579E0,9.849996392E0
2.083588738E0,-2.106897533E-1,1.460463047E0,9.756371498E0,9.867326248E0
2.085587918E0,-2.298433632E-1,1.458068848E0,9.749189377E0,9.860298486E0
2.087587488E0,-2.370259613E-1,1.453280449E0,9.742006302E0,9.852659141E0
2.089587723E0,-2.513911724E-1,1.455674648E0,9.727641106E0,9.839166005E0
2.091588270E0,-2.753331959E-1,1.462857246E0,9.713275909E0,9.826672305E0
2.093589051E0,-2.920926213E-1,1.460463047E0,9.710882187E0,9.824433992E0
2.095590692E0,-3.088520169E-1,1.446097851E0,9.708487511E0,9.820454078E0
2.097591942E0,-3.232172430E-1,1.436521053E0,9.701305389E0,9.812409917E0
2.099593074E0,-3.303998411E-1,1.438915253E0,9.682151794E0,9.794064760E0
2.101592957E0,-3.519476354E-1,1.431732655E0,9.658209801E0,9.770094272E0
2.103592801E0,-3.591302633E-1,1.422155857E0,9.660603523E0,9.771323465E0
2.105592918E0,-3.663128614E-1,1.403002143E0,9.655815125E0,9.764085510E0
2.107593192E0,-3.687070608E-1,1.381454349E0,9.643844604E0,9.749261499E0
2.109592215E0,-3.687070608E-1,1.359906554E0,9.636661530E0,9.739123994E0
2.111592449E0,-3.495534360E-1,1.343147159E0,9.617507935E0,9.717133876E0
2.113593035E0,-3.519476354E-1,1.323993564E0,9.588777542E0,9.686148917E0
2.115592059E0,-3.519476354E-1,1.319205165E0,9.569623947E0,9.666533603E0
2.117591395E0,-3.567360640E-1,1.314416766E0,9.564835548E0,9.661316221E0
2.119590692E0,-3.567360640E-1,1.314416766E0,9.562441826E0,9.658946409E0
2.121590574E0,-3.615244627E-1,1.316810966E0,9.569623947E0,9.666560585E0
2.123590926E0,-3.854664862E-1,1.323993564E0,9.574412346E0,9.673206042E0
2.125590574E0,-4.046200812E-1,1.328781962E0,9.588777542E0,9.688861319E0
2.127590457E0,-4.094084799E-1,1.345541358E0,9.610325813E0,9.712695768E0
2.129591082E0,-4.189853072E-1,1.371877551E0,9.607931137E0,9.714419048E0
2.131592723E0,-4.333505034E-1,1.403002143E0,9.634267807E0,9.745528403E0
2.133592918E0,-4.477157295E-1,1.417367458E0,9.653421402E0,9.767186117E0
2.135594090E0,-4.548983276E-1,1.424550056E0,9.667786598E0,9.782758970E0
2.137594520E0,-4.644751251E-1,1.438915253E0,9.677363396E0,9.794772919E0
2.139595184E0,-4.692635238E-1,1.453280449E0,9.701305389E0,9.820771791E0
2.141595887E0,-4.572925270E-1,1.472434044E0,9.730035782E0,9.851435164E0
2.143596629E0,-4.548983276E-1,1.474828243E0,9.744400978E0,9.865870527E0
2.145596824E0,-4.405331016E-1,1.484405041E0,9.751583099E0,9.873748056E0
2.147596317E0,-4.189853072E-1,1.474828243E0,9.770736694E0,9.890296385E0
2.149597254E0,-4.118026793E-1,1.470039845E0,9.775525093E0,9.894012808E0
2.151596981E0,-3.854664862E-1,1.458068848E0,9.780313492E0,9.895912347E0
2.153597215E0,-3.495534360E-1,1.455674648E0,9.775525093E0,9.889492764E0
2.155597684E0,-3.232172430E-1,1.453280449E0,9.787496567E0,9.900079924E0
2.157598270E0,-2.944868207E-1,1.446097851E0,9.785101891E0,9.895763765E0
2.159599207E0,-2.801215947E-1,1.441309452E0,9.782708168E0,9.892280836E0
2.161599832E0,-2.633621991E-1,1.438915253E0,9.773131371E0,9.882000483E0
2.163599598E0,-2.537853718E-1,1.429338455E0,9.749189377E0,9.856678393E0
2.165600692E0,-2.370259613E-1,1.436521053E0,9.751583099E0,9.859672763E0
2.167600613E0,-2.202665508E-1,1.436521053E0,9.753977776E0,9.861652627E0
2.169601004E0,-1.939303428E-1,1.426944256E0,9.725247383E0,9.831287584E0
2.171601590E0,-1.939303428E-1,1.412579060E0,9.689333916E0,9.793680631E0
2.173601434E0,-1.819593310E-1,1.407790542E0,9.672574997E0,9.776179749E0
2.175601160E0,-1.747767180E-1,1.383848548E0,9.634267807E0,9.734716220E0
2.177601317E0,-1.604115069E-1,1.367089152E0,9.586383820E0,9.684700271E0
2.179601551E0,-1.508347094E-1,1.352723956E0,9.552865028E0,9.649344199E0
2.181601903E0,-1.508347094E-1,1.343147159E0,9.533711433E0,9.629041961E0
2.183602098E0,-1.628057212E-1,1.331176162E0,9.490615845E0,9.584900875E0
2.185601981E0,-1.771709323E-1,1.331176162E0,9.469067574E0,9.563820378E0
2.187601199E0,-2.059013397E-1,1.331176162E0,9.430760384E0,9.526471894E0
2.189600809E0,-2.298433632E-1,1.340752959E0,9.402029991E0,9.499927075E0
2.191600887E0,-2.442085743E-1,1.355118155E0,9.390059471E0,9.490479435E0
2.193600535E0,-2.657563984E-1,1.362300754E0,9.387664795E0,9.489717599E0
2.195600809E0,-2.992752194E-1,1.379060149E0,9.382876396E0,9.488400393E0
2.197601551E0,-3.136404157E-1,1.383848548E0,9.387664795E0,9.494296046E0
2.199601746E0,-3.232172430E-1,1.412579060E0,9.392453194E0,9.503579640E0
2.201602684E0,-3.351882398E-1,1.412579060E0,9.399636269E0,9.511093141E0
2.203604637E0,-3.471592367E-1,1.414973259E0,9.423578262E0,9.535538586E0
2.205606199E0,-3.543418646E-1,1.431732655E0,9.425971985E0,9.540668971E0
2.207606903E0,-3.543418646E-1,1.438915253E0,9.423578262E0,9.539384809E0
2.209607293E0,-3.543418646E-1,1.414973259E0,9.418789864E0,9.531070767E0
2.211607645E0,-3.399766386E-1,1.410184860E0,9.430760384E0,9.541668977E0
2.213608074E0,-3.399766386E-1,1.400607944E0,9.442731857E0,9.552092528E0
2.215609129E0,-3.495534360E-1,1.386242747E0,9.457097054E0,9.564546055E0
2.217609520E0,-3.519476354E-1,1.374271750E0,9.490615845E0,9.596055392E0
2.219610574E0,-3.519476354E-1,1.367089152E0,9.514557838E0,9.618711491E0
2.221611629E0,-3.495534360E-1,1.359906554E0,9.548076630E0,9.650766849E0
2.223613309E0,-3.447650373E-1,1.355118155E0,9.572018623E0,9.673610943E0
2.225614793E0,-3.519476354E-1,1.345541358E0,9.598354340E0,9.698595502E0
2.227615262E0,-3.687070608E-1,1.343147159E0,9.629479408E0,9.729689762E0
2.229615653E0,-3.782838583E-1,1.343147159E0,9.646238327E0,9.746643362E0
2.231616395E0,-3.974374831E-1,1.357512355E0,9.694122314E0,9.796775173E0
2.233616785E0,-4.046200812E-1,1.369483352E0,9.715670586E0,9.820053818E0
2.235616629E0,-4.070142806E-1,1.383848548E0,9.765948296E0,9.871901719E0
2.237615692E0,-4.141969085E-1,1.391031146E0,9.809044838E0,9.915840225E0
2.239614793E0,-4.213795066E-1,1.405396342E0,9.837775230E0,9.946583386E0
2.241613973E0,-4.429273009E-1,1.405396342E0,9.866505623E0,9.975933875E0
2.243612059E0,-4.429273009E-1,1.419761658E0,9.890447617E0,1.000164296E1
2.245610653E0,-4.405331016E-1,1.422155857E0,9.897629738E0,1.000897952E1
2.247609403E0,-4.405331016E-1,1.426944256E0,9.909601212E0,1.002149867E1
2.249609246E0,-4.333505034E-1,1.422155857E0,9.935936928E0,1.004654978E1
2.251608153E0,-4.309563041E-1,1.419761658E0,9.947908401E0,1.005794850E1
2.253607996E0,-4.309563041E-1,1.429338455E0,9.955090523E0,1.006640746E1
2.255608153E0,-4.094084799E-1,1.414973259E0,9.952696800E0,1.006111019E1
2.257608074E0,-4.022258818E-1,1.407790542E0,9.950302124E0,1.005744362E1
2.259608817E0,-3.950432837E-1,1.400607944E0,9.959878922E0,1.006563212E1
2.261608543E0,-3.950432837E-1,1.395819545E0,9.959878922E0,1.006496694E1
2.263607567E0,-3.998316824E-1,1.405396342E0,9.955090523E0,1.006175092E1
2.265606082E0,-3.974374831E-1,1.410184860E0,9.952696800E0,1.005995783E1
2.267604910E0,-3.878606856E-1,1.417367458E0,9.928754807E0,1.003690881E1
2.269604988E0,-3.830722570E-1,1.424550056E0,9.933543205E0,1.004247817E1
2.271603778E0,-3.734954596E-1,1.417367458E0,9.928754807E0,1.003636395E1
2.273603348E0,-3.663128614E-1,1.429338455E0,9.909601212E0,1.001885172E1
2.275603621E0,-3.639186621E-1,1.429338455E0,9.900024414E0,1.000929211E1
2.277603582E0,-3.519476354E-1,1.429338455E0,9.873687744E0,9.982814494E0
2.279603738E0,-3.375824392E-1,1.429338455E0,9.856928825E0,9.965742129E0
2.281604949E0,-3.375824392E-1,1.434126854E0,9.844957352E0,9.954590247E0
2.283605613E0,-3.136404157E-1,1.424550056E0,9.828198433E0,9.935854146E0
2.285606043E0,-3.184288144E-1,1.417367458E0,9.816226959E0,9.923136557E0
2.287606668E0,-3.136404157E-1,1.419761658E0,9.801861763E0,9.909116383E0
2.289607020E0,-3.040636182E-1,1.414973259E0,9.763554573E0,9.870238189E0
2.291607723E0,-3.088520169E-1,1.417367458E0,9.758766174E0,9.865993986E0
2.293608231E0,-3.112462163E-1,1.407790542E0,9.737217903E0,9.843381579E0
2.295608699E0,-3.160346150E-1,1.398213744E0,9.718064308E0,9.823220116E0
2.297609676E0,-3.256114423E-1,1.403002143E0,9.708487511E0,9.814742359E0
2.299610731E0,-3.351882398E-1,1.417367458E0,9.698910713E0,9.807657758E0
2.301612371E0,-3.519476354E-1,1.414973259E0,9.677363396E0,9.786591784E0
2.303613817E0,-3.471592367E-1,1.417367458E0,9.665391922E0,9.774929721E0
2.305614363E0,-3.615244627E-1,1.414973259E0,9.662998199E0,9.772736744E0
2.307614910E0,-3.687070608E-1,1.410184860E0,9.665391922E0,9.774679905E0
2.309616160E0,-3.687070608E-1,1.405396342E0,9.655815125E0,9.764519932E0
2.311617254E0,-3.567360640E-1,1.405396342E0,9.643844604E0,9.752237602E0
2.313617918E0,-3.375824392E-1,1.393425345E0,9.639056206E0,9.745101366E0
2.315619832E0,-3.399766386E-1,1.379060149E0,9.629479408E0,9.733666559E0
2.317621707E0,-3.232172430E-1,1.371877551E0,9.631873131E0,9.734449004E0
2.319623856E0,-3.208230138E-1,1.359906554E0,9.624691010E0,9.725582259E0
2.321625067E0,-3.184288144E-1,1.359906554E0,9.615114212E0,9.716026145E0
2.323625457E0,-3.160346150E-1,1.359906554E0,9.615114212E0,9.715947974E0
2.325626004E0,-3.184288144E-1,1.359906554E0,9.619902611E0,9.720764835E0
2.327626434E0,-3.232172430E-1,1.379060149E0,9.622296333E0,9.725989050E0
2.329626551E0,-3.184288144E-1,1.388636947E0,9.617507935E0,9.722456909E0
2.331626238E0,-3.232172430E-1,1.398213744E0,9.607931137E0,9.714515520E0
2.333626043E0,-3.256114423E-1,1.403002143E0,9.622296333E0,9.729492512E0
2.335626551E0,-3.208230138E-1,1.410184860E0,9.643844604E0,9.751681265E0
2.337627449E0,-3.327940404E-1,1.414973259E0,9.641449928E0,9.750408090E0
2.339627567E0,-3.327940404E-1,1.424550056E0,9.653421402E0,9.763638640E0
2.341628153E0,-3.423708379E-1,1.438915253E0,9.672574997E0,9.785009043E0
2.343629051E0,-3.543418646E-1,1.450886250E0,9.682151794E0,9.796667415E0
2.345629910E0,-3.447650373E-1,1.460463047E0,9.686940193E0,9.802480581E0
2.347630926E0,-3.447650373E-1,1.479616642E0,9.694122314E0,9.812448002E0
2.349631356E0,-3.471592367E-1,1.489193439E0,9.710882187E0,9.830536582E0
2.351631903E0,-3.543418646E-1,1.508347034E0,9.720458984E0,9.843169805E0
2.353633504E0,-3.543418646E-1,1.508347034E0,9.732429504E0,9.854991273E0
2.355634637E0,-3.567360640E-1,1.510741234E0,9.732429504E0,9.855444371E0
2.357635809E0,-3.495534360E-1,1.520318031E0,9.730035782E0,9.854296060E0
2.359636317E0,-3.351882398E-1,1.513135433E0,9.730035782E0,9.852691323E0
2.361637801E0,-3.399766386E-1,1.503558636E0,9.715670586E0,9.837201208E0
2.363639168E0,-3.280056417E-1,1.498770237E0,9.713275909E0,9.833698634E0
2.365639910E0,-3.184288144E-1,1.498770237E0,9.701305389E0,9.821559723E0
2.367639871E0,-3.160346150E-1,1.493981838E0,9.694122314E0,9.813657170E0
2.369639871E0,-3.208230138E-1,1.482010841E0,9.672574997E0,9.790709403E0
2.371640067E0,-3.136404157E-1,1.479616642E0,9.665391922E0,9.783017772E0
2.373640223E0,-3.064578176E-1,1.474828243E0,9.662998199E0,9.779701884E0
2.375639793E0,-3.064578176E-1,1.462857246E0,9.643844604E0,9.758975688E0
2.377639168E0,-2.944868207E-1,1.460463047E0,9.622296333E0,9.736953401E0
2.379638699E0,-2.873041928E-1,1.460463047E0,9.612719536E0,9.727274690E0
2.381638934E0,-2.873041928E-1,1.460463047E0,9.600749016E0,9.715445315E0
2.383639246E0,-2.873041928E-1,1.453280449E0,9.607931137E0,9.721466376E0
2.385639559E0,-2.968810201E-1,1.450886250E0,9.593565941E0,9.707199221E0
2.387639871E0,-3.064578176E-1,1.453280449E0,9.583989143E0,9.698391019E0
2.389640496E0,-3.184288144E-1,1.462857246E0,9.581595421E0,9.697851259E0
2.391640965E0,-3.184288144E-1,1.470039845E0,9.600749016E0,9.717859626E0
2.393641512E0,-3.232172430E-1,1.479616642E0,9.610325813E0,9.728930930E0
2.395641238E0,-3.232172430E-1,1.474828243E0,9.605537415E0,9.723473492E0
2.397641512E0,-3.399766386E-1,1.489193439E0,9.600749016E0,9.721505176E0
2.399641942E0,-3.471592367E-1,1.486799240E0,9.610325813E0,9.730850618E0
2.401642332E0,-3.519476354E-1,1.496376038E0,9.617507935E0,9.739582499E0
2.403642606E0,-3.591302633E-1,1.491587639E0,9.622296333E0,9.743838820E0
2.405641785E0,-3.543418646E-1,1.479616642E0,9.636661530E0,9.756027316E0
2.407640926E0,-3.591302633E-1,1.484405041E0,9.651026726E0,9.771118141E0
2.409640926E0,-3.711012602E-1,1.489193439E0,9.667786598E0,9.788846252E0
2.411640926E0,-3.854664862E-1,1.486799240E0,9.677363396E0,9.798495736E0
2.413641238E0,-3.830722570E-1,1.484405041E0,9.701305389E0,9.821686665E0
2.415642488E0,-3.830722570E-1,1.479616642E0,9.715670586E0,9.835154533E0
2.417643699E0,-3.854664862E-1,1.477222443E0,9.722852707E0,9.841983302E0
2.419644207E0,-3.782838583E-1,1.467645645E0,9.749189377E0,9.866294944E0
2.421644754E0,-3.615244627E-1,1.458068848E0,9.770736694E0,9.885542992E0
2.423645653E0,-3.399766386E-1,1.460463047E0,9.777919769E0,9.892231874E0
2.425646356E0,-3.303998411E-1,1.443703651E0,9.773131371E0,9.884712493E0
2.427647215E0,-3.112462163E-1,1.434126854E0,9.763554573E0,9.873226015E0
2.429646824E0,-2.849099934E-1,1.407790542E0,9.770736694E0,9.875745211E0
2.431646668E0,-2.681505978E-1,1.386242747E0,9.761159897E0,9.862748919E0
2.433646160E0,-2.657563984E-1,1.374271750E0,9.746794701E0,9.846789134E0
2.435646590E0,-2.753331959E-1,1.371877551E0,9.737217903E0,9.837238885E0
2.437647059E0,-2.825157940E-1,1.369483352E0,9.730035782E0,9.829999804E0
2.439646707E0,-2.920926213E-1,1.371877551E0,9.703699112E0,9.804547035E0
2.441647879E0,-3.040636182E-1,1.376665950E0,9.703699112E0,9.805582098E0
2.443648778E0,-3.303998411E-1,1.371877551E0,9.706093788E0,9.808132783E0
2.445648621E0,-3.495534360E-1,1.369483352E0,9.694122314E0,9.796615727E0
2.447648778E0,-3.663128614E-1,1.383848548E0,9.665391922E0,9.770825089E0
2.449648543E0,-3.758896589E-1,1.386242747E0,9.660603523E0,9.766791818E0
2.451649598E0,-3.902548850E-1,1.393425345E0,9.655815125E0,9.763641677E0
2.453649871E0,-4.070142806E-1,1.403002143E0,9.653421402E0,9.763330395E0
2.455649988E0,-4.070142806E-1,1.410184860E0,9.648633003E0,9.759631181E0
2.457650848E0,-4.261679053E-1,1.419761658E0,9.641449928E0,9.754737258E0
2.459651082E0,-4.429273009E-1,1.419761658E0,9.651026726E0,9.764948777E0
2.461650379E0,-4.453215301E-1,1.414973259E0,9.658209801E0,9.771462385E0
2.463649949E0,-4.501099288E-1,1.414973259E0,9.660603523E0,9.774047713E0
2.465650457E0,-4.501099288E-1,1.417367458E0,9.667786598E0,9.781494117E0
2.467650965E0,-4.501099288E-1,1.417367458E0,9.701305389E0,9.814624584E0
2.469651629E0,-4.477157295E-1,1.417367458E0,9.696516991E0,9.809781936E0
2.471651863E0,-4.477157295E-1,1.405396342E0,9.691728592E0,9.803325525E0
2.473651512E0,-4.285621047E-1,1.398213744E0,9.696516991E0,9.806177079E0
2.475651668E0,-4.333505034E-1,1.405396342E0,9.710882187E0,9.821617198E0
2.477652528E0,-4.261679053E-1,1.417367458E0,9.737217903E0,9.849058944E0
2.479652606E0,-4.285621047E-1,1.417367458E0,9.739612579E0,9.851530297E0
2.481652801E0,-4.213795066E-1,1.422155857E0,9.739612579E0,9.851910534E0
2.483652801E0,-4.165911078E-1,1.434126854E0,9.749189377E0,9.862908369E0
2.485653270E0,-4.094084799E-1,1.431732655E0,9.761159897E0,9.874093185E0
2.487652684E0,-4.046200812E-1,1.436521053E0,9.768342972E0,9.881691888E0
2.489653426E0,-4.118026793E-1,1.446097851E0,9.780313492E0,9.895216644E0
2.491653621E0,-4.022258818E-1,1.455674648E0,9.787496567E0,9.903325875E0
2.493653348E0,-4.022258818E-1,1.450886250E0,9.794678688E0,9.909721851E0
2.495653738E0,-3.926490843E-1,1.446097851E0,9.794678688E0,9.908637792E0
2.497654090E0,-3.902548850E-1,1.448492050E0,9.799467087E0,9.913626142E0
2.499653738E0,-3.734954596E-1,1.455674648E0,9.799467087E0,9.914032617E0
2.501652567E0,-3.591302633E-1,1.453280449E0,9.792284966E0,9.906050851E0
2.503651942E0,-3.519476354E-1,1.460463047E0,9.799467087E0,9.913948489E0
2.505650731E0,-3.327940404E-1,1.450886250E0,9.804255486E0,9.916614766E0
2.507650692E0,-3.280056417E-1,1.458068848E0,9.816226959E0,9.929343593E0
2.509650965E0,-3.280056417E-1,1.470039845E0,9.832986832E0,9.947674848E0
2.511650301E0,-3.112462163E-1,1.479616642E0,9.832986832E0,9.948556159E0
2.513649988E0,-3.064578176E-1,1.479616642E0,9.835380554E0,9.950773460E0
2.515650692E0,-2.968810201E-1,1.484405041E0,9.837775230E0,9.953563088E0
2.517651707E0,-2.944868207E-1,1.493981838E0,9.842563629E0,9.959656772E0
2.519651981E0,-2.873041928E-1,1.501164436E0,9.832986832E0,9.951063682E0
2.521651551E0,-2.705447972E-1,1.498770237E0,9.825803757E0,9.943134625E0
2.523652176E0,-2.513911724E-1,1.498770237E0,9.816226959E0,9.933167745E0
2.525653660E0,-2.418143749E-1,1.486799240E0,9.804255486E0,9.919297949E0
2.527655809E0,-2.226607651E-1,1.472434044E0,9.777919769E0,9.890670091E0
2.529657957E0,-2.130839527E-1,1.465251446E0,9.761159897E0,9.872821740E0
2.531659793E0,-2.059013397E-1,1.455674648E0,9.730035782E0,9.840476633E0
2.533660926E0,-1.987187415E-1,1.450886250E0,9.713275909E0,9.823048862E0
2.535661278E0,-1.963245422E-1,1.436521053E0,9.679757118E0,9.787738959E0
2.537661317E0,-1.939303428E-1,1.429338455E0,9.662998199E0,9.770064053E0
2.539660731E0,-1.939303428E-1,1.436521053E0,9.634267807E0,9.742705881E0
2.541660809E0,-2.035071403E-1,1.436521053E0,9.615114212E0,9.723961600E0
2.543660887E0,-2.082955539E-1,1.431732655E0,9.615114212E0,9.723356763E0
2.545662528E0,-2.082955539E-1,1.434126854E0,9.612719536E0,9.721341664E0
2.547664676E0,-2.226607651E-1,1.446097851E0,9.612719536E0,9.723433225E0
2.549664637E0,-2.442085743E-1,1.453280449E0,9.600749016E0,9.713189155E0
2.551663582E0,-2.561795712E-1,1.458068848E0,9.595960617E0,9.709482628E0
2.553662840E0,-2.777273953E-1,1.460463047E0,9.615114212E0,9.729363090E0
2.555662762E0,-2.920926213E-1,1.470039845E0,9.617507935E0,9.733591018E0
2.557663192E0,-3.064578176E-1,1.462857246E0,9.622296333E0,9.737682191E0
2.559664090E0,-3.112462163E-1,1.462857246E0,9.629479408E0,9.744931975E0
2.561664871E0,-3.256114423E-1,1.453280449E0,9.646238327E0,9.760530761E0
2.563665379E0,-3.375824392E-1,1.453280449E0,9.648633003E0,9.763303990E0
2.565665067E0,-3.375824392E-1,1.446097851E0,9.670180321E0,9.783534552E0
2.567664520E0,-3.375824392E-1,1.443703651E0,9.686940193E0,9.799747570E0
2.569664168E0,-3.471592367E-1,1.429338455E0,9.696516991E0,9.807444606E0
2.571665223E0,-3.471592367E-1,1.434126854E0,9.718064308E0,9.829446234E0
2.573665574E0,-3.567360640E-1,1.434126854E0,9.739612579E0,9.851093018E0
2.575666473E0,-3.519476354E-1,1.429338455E0,9.734824181E0,9.845490205E0
2.577666551E0,-3.447650373E-1,1.419761658E0,9.737217903E0,9.846217476E0
2.579667332E0,-3.447650373E-1,1.395819545E0,9.742006302E0,9.847530752E0
2.581667059E0,-3.519476354E-1,1.381454349E0,9.727641106E0,9.831545389E0
2.583667996E0,-3.447650373E-1,1.357512355E0,9.732429504E0,9.832694787E0
2.585668660E0,-3.423708379E-1,1.355118155E0,9.718064308E0,9.818061769E0
2.587669481E0,-3.519476354E-1,1.347935557E0,9.698910713E0,9.798452247E0
2.589670770E0,-3.663128614E-1,1.340752959E0,9.677363396E0,9.776664355E0
2.591672098E0,-3.782838583E-1,1.340752959E0,9.670180321E0,9.770010471E0
2.593673348E0,-3.926490843E-1,1.352723956E0,9.660603523E0,9.762750424E0
2.595673856E0,-4.022258818E-1,1.350329757E0,9.658209801E0,9.760440188E0
2.597674442E0,-4.046200812E-1,1.367089152E0,9.662998199E0,9.767608938E0
2.599675535E0,-4.213795066E-1,1.371877551E0,9.655815125E0,9.761883754E0
2.601676824E0,-4.309563041E-1,1.381454349E0,9.639056206E0,9.747078741E0
2.603677176E0,-4.429273009E-1,1.376665950E0,9.641449928E0,9.749305127E0
2.605677840E0,-4.525041282E-1,1.379060149E0,9.629479408E0,9.738246277E0
2.607679403E0,-4.501099288E-1,1.388636947E0,9.624691010E0,9.734761864E0
2.609680887E0,-4.357447028E-1,1.398213744E0,9.603142738E0,9.714176526E0
2.611682840E0,-4.285621047E-1,1.381454349E0,9.595960617E0,9.704356844E0
2.613683582E0,-4.213795066E-1,1.371877551E0,9.574412346E0,9.681372861E0
2.615683817E0,-4.189853072E-1,1.359906554E0,9.560047150E0,9.665370972E0
2.617684129E0,-4.141969085E-1,1.357512355E0,9.557653427E0,9.662460241E0
2.619683699E0,-4.022258818E-1,1.343147159E0,9.538499832E0,9.640996266E0
2.621683543E0,-3.998316824E-1,1.345541358E0,9.543288231E0,9.645967923E0
2.623683074E0,-3.950432837E-1,1.350329757E0,9.538499832E0,9.641702583E0
2.625683113E0,-3.926490843E-1,1.347935557E0,9.526528358E0,9.629426054E0
2.627682918E0,-4.022258818E-1,1.364694953E0,9.531316757E0,9.636917407E0
2.629682762E0,-4.070142806E-1,1.371877551E0,9.538499832E0,9.645241712E0
2.631683348E0,-4.070142806E-1,1.383848548E0,9.538499832E0,9.646951668E0
2.633684246E0,-4.094084799E-1,1.398213744E0,9.543288231E0,9.653857635E0
2.635685067E0,-4.022258818E-1,1.405396342E0,9.555258751E0,9.666431313E0
2.637684363E0,-3.974374831E-1,1.424550056E0,9.555258751E0,9.669036623E0
2.639683465E0,-3.950432837E-1,1.431732655E0,9.557653427E0,9.672365617E0
2.641684559E0,-3.854664862E-1,1.448492050E0,9.569623947E0,9.686300435E0
2.643685809E0,-3.734954596E-1,1.458068848E0,9.579200745E0,9.696728857E0
2.645686707E0,-3.663128614E-1,1.470039845E0,9.593565941E0,9.712451272E0
2.647687254E0,-3.567360640E-1,1.479616642E0,9.607931137E0,9.727736980E0
2.649687215E0,-3.399766386E-1,1.484405041E0,9.615114212E0,9.734960901E0
2.651687645E0,-3.256114423E-1,1.482010841E0,9.641449928E0,9.760119654E0
2.653687645E0,-3.064578176E-1,1.493981838E0,9.665391922E0,9.784973129E0
2.655687137E0,-2.992752194E-1,1.496376038E0,9.674968719E0,9.794576388E0
2.657686824E0,-2.753331959E-1,1.501164436E0,9.679757118E0,9.799336758E0
2.659686981E0,-2.489969730E-1,1.508347034E0,9.694122314E0,9.813924685E0
2.661686082E0,-2.274491638E-1,1.520318031E0,9.710882187E0,9.831802118E0
2.663685106E0,-2.106897533E-1,1.527500629E0,9.725247383E0,9.846729661E0
2.665685301E0,-1.939303428E-1,1.522712231E0,9.737217903E0,9.857467931E0
2.667684988E0,-1.771709323E-1,1.517923832E0,9.730035782E0,9.849318688E0
2.669684637E0,-1.723825186E-1,1.513135433E0,9.737217903E0,9.855592680E0
2.671683895E0,-1.651999205E-1,1.508347034E0,9.739612579E0,9.857101754E0
2.673683270E0,-1.556231081E-1,1.501164436E0,9.734824181E0,9.851117452E0
2.675682801E0,-1.436520964E-1,1.486799240E0,9.722852707E0,9.836923943E0
2.677682137E0,-1.316810995E-1,1.479616642E0,9.706093788E0,9.819106983E0
2.679681160E0,-1.364694983E-1,1.465251446E0,9.677363396E0,9.788613181E0
2.681680379E0,-1.532289088E-1,1.450886250E0,9.636661530E0,9.746476053E0
2.683681199E0,-1.580173075E-1,1.436521053E0,9.612719536E0,9.720747866E0
2.685680028E0,-1.651999205E-1,1.436521053E0,9.600749016E0,9.709030097E0
2.687679637E0,-1.915361285E-1,1.431732655E0,9.564835548E0,9.673294348E0
2.689679598E0,-1.987187415E-1,1.426944256E0,9.533711433E0,9.641955857E0
2.691678387E0,-2.106897533E-1,1.436521053E0,9.504981041E0,9.615229976E0
2.693677645E0,-2.322375625E-1,1.448492050E0,9.481039047E0,9.593860793E0
2.695677723E0,-2.513911724E-1,1.448492050E0,9.469067574E0,9.582513629E0
2.697677762E0,-2.729389966E-1,1.455674648E0,9.454702377E0,9.569999029E0
2.699677996E0,-2.968810201E-1,1.448492050E0,9.433155060E0,9.548333988E0
2.701678387E0,-3.064578176E-1,1.450886250E0,9.445125580E0,9.560825515E0
2.703678074E0,-3.232172430E-1,1.458068848E0,9.449913979E0,9.567199609E0
2.705676981E0,-3.375824392E-1,1.458068848E0,9.445125580E0,9.562966270E0
2.707676395E0,-3.591302633E-1,1.460463047E0,9.459490776E0,9.578303221E0
2.709676004E0,-3.734954596E-1,1.460463047E0,9.471462250E0,9.590675071E0
2.711676746E0,-3.806780577E-1,1.467645645E0,9.478644371E0,9.599145724E0
2.713677293E0,-3.878606856E-1,1.470039845E0,9.519346237E0,9.639989929E0
2.715676824E0,-4.046200812E-1,1.465251446E0,9.538499832E0,9.658864232E0
2.717677137E0,-4.046200812E-1,1.458068848E0,9.545681953E0,9.664870725E0
2.719677293E0,-3.950432837E-1,1.453280449E0,9.560047150E0,9.677943209E0
2.721677645E0,-3.854664862E-1,1.453280449E0,9.583989143E0,9.701209016E0
2.723678778E0,-3.687070608E-1,1.436521053E0,9.619902611E0,9.733553507E0
2.725679051E0,-3.447650373E-1,1.419761658E0,9.636661530E0,9.746785703E0
2.727679910E0,-3.208230138E-1,1.395819545E0,9.651026726E0,9.756718530E0
2.729679949E0,-2.873041928E-1,1.379060149E0,9.672574997E0,9.774612916E0
2.731680574E0,-2.681505978E-1,1.364694953E0,9.684545517E0,9.783901008E0
2.733679363E0,-2.513911724E-1,1.355118155E0,9.686940193E0,9.784495544E0
2.735678465E0,-2.442085743E-1,1.343147159E0,9.682151794E0,9.777921328E0
2.737677957E0,-2.370259613E-1,1.328781962E0,9.677363396E0,9.771039100E0
2.739678348E0,-2.418143749E-1,1.328781962E0,9.670180321E0,9.764042356E0
2.741678348E0,-2.394201756E-1,1.331176162E0,9.665391922E0,9.759567255E0
2.743678035E0,-2.418143749E-1,1.328781962E0,9.670180321E0,9.764042356E0
2.745678621E0,-2.561795712E-1,1.328781962E0,9.662998199E0,9.757295920E0
2.747679363E0,-2.681505978E-1,1.321599364E0,9.658209801E0,9.751899619E0
2.749679520E0,-2.705447972E-1,1.331176162E0,9.648633003E0,9.743784855E0
2.751680887E0,-2.944868207E-1,1.340752959E0,9.634267807E0,9.731570128E0
2.753681824E0,-3.040636182E-1,1.345541358E0,9.631873131E0,9.730154996E0
2.755681395E0,-3.399766386E-1,1.347935557E0,9.617507935E0,9.717457139E0
2.757680926E0,-3.567360640E-1,1.359906554E0,9.615114212E0,9.717357036E0
2.759680184E0,-3.663128614E-1,1.362300754E0,9.615114212E0,9.718048660E0
2.761679910E0,-3.998316824E-1,1.379060149E0,9.598354340E0,9.705157304E0
2.763679442E0,-4.141969085E-1,1.393425345E0,9.603142738E0,9.712545687E0
2.765679246E0,-4.165911078E-1,1.388636947E0,9.610325813E0,9.719064922E0
2.767678856E0,-4.357447028E-1,1.391031146E0,9.622296333E0,9.732082399E0
2.769678660E0,-4.405331016E-1,1.410184860E0,9.624691010E0,9.737421003E0
2.771678778E0,-4.620809257E-1,1.414973259E0,9.624691010E0,9.739114186E0
2.773678582E0,-4.812345505E-1,1.422155857E0,9.631873131E0,9.748184138E0
2.775677957E0,-4.836287498E-1,1.424550056E0,9.653421402E0,9.769942906E0
2.777677918E0,-4.932055473E-1,1.436521053E0,9.667786598E0,9.786365115E0
2.779678074E0,-4.884171486E-1,1.450886250E0,9.677363396E0,9.797703022E0
2.781678309E0,-4.860229492E-1,1.455674648E0,9.684545517E0,9.805387746E0
2.783678074E0,-4.740519226E-1,1.455674648E0,9.689333916E0,9.809531367E0
2.785677762E0,-4.501099288E-1,1.460463047E0,9.713275909E0,9.832765641E0
2.787676746E0,-4.333505034E-1,1.448492050E0,9.715670586E0,9.832607833E0
2.789675574E0,-3.998316824E-1,1.443703651E0,9.734824181E0,9.849413558E0
2.791675926E0,-3.663128614E-1,1.436521053E0,9.739612579E0,9.851793291E0
2.793675145E0,-3.495534360E-1,1.431732655E0,9.739612579E0,9.850487257E0
2.795675145E0,-3.327940404E-1,1.441309452E0,9.746794701E0,9.858404118E0
2.797675496E0,-3.136404157E-1,1.434126854E0,9.732429504E0,9.842523772E0
2.799675535E0,-2.873041928E-1,1.434126854E0,9.730035782E0,9.839352613E0
2.801675106E0,-2.657563984E-1,1.412579060E0,9.703699112E0,9.809576062E0
2.803674246E0,-2.513911724E-1,1.407790542E0,9.679757118E0,9.784823432E0
2.805673113E0,-2.202665508E-1,1.417367458E0,9.660603523E0,9.766509525E0
2.807672332E0,-2.035071403E-1,1.410184860E0,9.639056206E0,9.743789870E0
2.809672840E0,-1.915361285E-1,1.407790542E0,9.612719536E0,9.717146555E0
2.811672996E0,-1.867477298E-1,1.414973259E0,9.600749016E0,9.706256009E0
2.813673270E0,-1.747767180E-1,1.410184860E0,9.586383820E0,9.691125991E0
2.815672645E0,-1.699883193E-1,1.410184860E0,9.567230225E0,9.672094475E0
2.817672098E0,-1.747767180E-1,1.400607944E0,9.548076630E0,9.651840075E0
2.819671707E0,-1.819593310E-1,1.405396342E0,9.528923035E0,9.633723178E0
2.821671668E0,-1.915361285E-1,1.398213744E0,9.512163162E0,9.616284927E0
2.823670692E0,-1.963245422E-1,1.400607944E0,9.495404243E0,9.600153524E0
2.825670145E0,-2.059013397E-1,1.403002143E0,9.476250648E0,9.581760628E0
2.827669754E0,-2.130839527E-1,1.407790542E0,9.473855972E0,9.580251874E0
2.829669715E0,-2.346317619E-1,1.412579060E0,9.454702377E0,9.562522089E0
2.831668817E0,-2.513911724E-1,1.405396342E0,9.452308655E0,9.559522755E0
2.833668192E0,-2.849099934E-1,1.417367458E0,9.449913979E0,9.559862887E0
2.835666356E0,-3.088520169E-1,1.422155857E0,9.454702377E0,9.566050067E0
2.837664910E0,-3.280056417E-1,1.424550056E0,9.469067574E0,9.581240592E0
2.839664090E0,-3.567360640E-1,1.426944256E0,9.485827446E0,9.599185010E0
2.841662488E0,-3.830722570E-1,1.443703651E0,9.507374763E0,9.623990829E0
2.843662059E0,-3.902548850E-1,1.446097851E0,9.519346237E0,9.636464635E0
2.845662176E0,-3.974374831E-1,1.436521053E0,9.516951561E0,9.632959893E0
2.847661356E0,-4.141969085E-1,1.434126854E0,9.538499832E0,9.654597763E0
2.849661707E0,-4.213795066E-1,1.429338455E0,9.552865028E0,9.668391767E0
2.851661863E0,-4.261679053E-1,1.414973259E0,9.569623947E0,9.683050702E0
2.853661082E0,-4.189853072E-1,1.407790542E0,9.591172218E0,9.702989612E0
2.855661512E0,-4.070142806E-1,1.400607944E0,9.615114212E0,9.725111030E0
2.857660653E0,-4.070142806E-1,1.400607944E0,9.634267807E0,9.744048410E0
2.859660926E0,-3.998316824E-1,1.403002143E0,9.651026726E0,9.760665820E0
2.861662020E0,-3.830722570E-1,1.412579060E0,9.667786598E0,9.777945677E0
2.863662762E0,-3.758896589E-1,1.407790542E0,9.677363396E0,9.786446216E0
2.865663738E0,-3.567360640E-1,1.417367458E0,9.691728592E0,9.801315944E0
2.867663973E0,-3.399766386E-1,1.422155857E0,9.696516991E0,9.806148742E0
2.869664129E0,-3.280056417E-1,1.417367458E0,9.698910713E0,9.807414911E0
2.871663856E0,-3.112462163E-1,1.424550056E0,9.708487511E0,9.817379835E0
2.873664285E0,-2.992752194E-1,1.431732655E0,9.703699112E0,9.813317508E0
2.875664285E0,-2.992752194E-1,1.429338455E0,9.696516991E0,9.805866399E0
2.877663270E0,-2.873041928E-1,1.429338455E0,9.689333916E0,9.798405169E0
2.879662449E0,-2.873041928E-1,1.431732655E0,9.689333916E0,9.798754708E0
2.881661395E0,-2.849099934E-1,1.434126854E0,9.689333916E0,9.799034915E0
2.883660692E0,-2.777273953E-1,1.426944256E0,9.689333916E0,9.797780062E0
2.885660028E0,-2.777273953E-1,1.407790542E0,9.686940193E0,9.792640963E0
2.887659012E0,-2.801215947E-1,1.410184860E0,9.667786598E0,9.774107998E0
2.889657840E0,-2.777273953E-1,1.410184860E0,9.658209801E0,9.764567087E0
2.891656942E0,-2.753331959E-1,1.407790542E0,9.655815125E0,9.761785098E0
2.893656473E0,-2.609679997E-1,1.400607944E0,9.648633003E0,9.753252060E0
2.895656434E0,-2.489969730E-1,1.386242747E0,9.629479408E0,9.731934141E0
2.897657137E0,-2.513911724E-1,1.388636947E0,9.615114212E0,9.718123862E0
2.899657332E0,-2.561795712E-1,1.376665950E0,9.591172218E0,9.692854153E0
2.901658192E0,-2.705447972E-1,1.376665950E0,9.588777542E0,9.690875006E0
2.903659012E0,-2.729389966E-1,1.374271750E0,9.581595421E0,9.683495719E0
2.905659754E0,-2.801215947E-1,1.374271750E0,9.583989143E0,9.686069319E0
2.907660496E0,-3.040636182E-1,1.376665950E0,9.581595421E0,9.684763014E0
2.909661160E0,-3.280056417E-1,1.386242747E0,9.569623947E0,9.675068948E0
2.911661278E0,-3.447650373E-1,1.386242747E0,9.572018623E0,9.678020067E0
2.913662957E0,-3.639186621E-1,1.388636947E0,9.574412346E0,9.681431771E0
2.915664832E0,-3.830722570E-1,1.395819545E0,9.579200745E0,9.687938040E0
2.917664246E0,-4.022258818E-1,1.407790542E0,9.581595421E0,9.692813352E0
2.919664442E0,-4.189853072E-1,1.419761658E0,9.593565941E0,9.707099428E0
2.921665106E0,-4.237737060E-1,1.422155857E0,9.595960617E0,9.710024284E0
2.923665145E0,-4.333505034E-1,1.426944256E0,9.595960617E0,9.711149403E0
2.925664988E0,-4.405331016E-1,1.431732655E0,9.610325813E0,9.726370857E0
2.927665184E0,-4.261679053E-1,1.431732655E0,9.631873131E0,9.747023006E0
2.929666473E0,-4.213795066E-1,1.453280449E0,9.646238327E0,9.764194724E0
2.931667801E0,-4.094084799E-1,1.465251446E0,9.648633003E0,9.767839881E0
2.933668660E0,-3.998316824E-1,1.465251446E0,9.672574997E0,9.791094640E0
2.935669051E0,-3.806780577E-1,1.477222443E0,9.682151794E0,9.801589937E0
2.937669285E0,-3.687070608E-1,1.486799240E0,9.689333916E0,9.809674236E0
2.939669285E0,-3.495534360E-1,1.503558636E0,9.686940193E0,9.809163394E0
2.941669988E0,-3.399766386E-1,1.510741234E0,9.677363396E0,9.800473738E0
2.943671473E0,-3.232172430E-1,1.505952835E0,9.665391922E0,9.787347155E0
2.945672684E0,-3.040636182E-1,1.508347034E0,9.682151794E0,9.803653851E0
2.947674207E0,-2.920926213E-1,1.510741234E0,9.684545517E0,9.806022590E0
2.949675848E0,-2.849099934E-1,1.510741234E0,9.682151794E0,9.803447157E0
2.951676160E0,-2.633621991E-1,1.503558636E0,9.686940193E0,9.806470238E0
2.953677528E0,-2.561795712E-1,1.501164436E0,9.686940193E0,9.805913162E0
2.955679051E0,-2.418143749E-1,1.503558636E0,9.689333916E0,9.808279895E0
2.957679324E0,-2.418143749E-1,1.489193439E0,9.686940193E0,9.803722844E0
2.959680223E0,-2.274491638E-1,1.489193439E0,9.667786598E0,9.784453379E0
2.961682020E0,-2.154781520E-1,1.479616642E0,9.662998199E0,9.777997261E0
2.963683426E0,-1.987187415E-1,1.474828243E0,9.651026726E0,9.765087012E0
2.965683504E0,-1.867477298E-1,1.460463047E0,9.643844604E0,9.755591514E0
2.967684090E0,-1.819593310E-1,1.462857246E0,9.646238327E0,9.758225985E0
2.969686434E0,-1.795651317E-1,1.465251446E0,9.646238327E0,9.758540839E0
2.971687918E0,-1.771709323E-1,1.465251446E0,9.624691010E0,9.737198178E0
2.973689246E0,-1.747767180E-1,1.462857246E0,9.617507935E0,9.729694604E0
2.975690418E0,-1.843535304E-1,1.462857246E0,9.622296333E0,9.734604474E0
2.977691707E0,-1.843535304E-1,1.472434044E0,9.617507935E0,9.731315795E0
2.979692851E0,-1.867477298E-1,1.477222443E0,9.624691010E0,9.739185689E0
2.981694715E0,-1.891419291E-1,1.486799240E0,9.627084732E0,9.743054300E0
2.983696317E0,-1.867477298E-1,1.491587639E0,9.636661530E0,9.753202235E0
2.985697567E0,-1.963245422E-1,1.496376038E0,9.639056206E0,9.756489589E0
2.987698934E0,-2.202665508E-1,1.496376038E0,9.636661530E0,9.754635003E0
2.989699832E0,-2.202665508E-1,1.503558636E0,9.636661530E0,9.755739406E0
2.991701160E0,-2.370259613E-1,1.505952835E0,9.662998199E0,9.782515497E0
2.993703153E0,-2.585737705E-1,1.501164436E0,9.648633003E0,9.768135640E0
2.995705028E0,-2.729389966E-1,1.491587639E0,9.658209801E0,9.776520134E0
2.997707137E0,-2.801215947E-1,1.486799240E0,9.670180321E0,9.787820366E0
2.999709051E0,-2.896983922E-1,1.484405041E0,9.653421402E0,9.771178447E0
3.001711043E0,-2.992752194E-1,1.482010841E0,9.653421402E0,9.771103651E0
3.003712762E0,-3.112462163E-1,1.474828243E0,9.655815125E0,9.772755920E0
3.005714832E0,-3.256114423E-1,1.460463047E0,9.653421402E0,9.768701034E0
3.007717449E0,-3.399766386E-1,1.458068848E0,9.653421402E0,9.768832768E0
3.009719715E0,-3.471592367E-1,1.450886250E0,9.655815125E0,9.770381577E0
3.011722254E0,-3.663128614E-1,1.446097851E0,9.658209801E0,9.772737624E0
3.013724598E0,-3.758896589E-1,1.436521053E0,9.653421402E0,9.766956053E0
3.015725770E0,-3.878606856E-1,1.422155857E0,9.643844604E0,9.755854752E0
3.017727879E0,-3.950432837E-1,1.417367458E0,9.641449928E0,9.753078818E0
3.019730379E0,-4.022258818E-1,1.412579060E0,9.629479408E0,9.740843851E0
3.021732371E0,-4.094084799E-1,1.414973259E0,9.634267807E0,9.746223925E0
3.023734520E0,-4.237737060E-1,1.405396342E0,9.629479408E0,9.740718490E0
3.025735692E0,-4.333505034E-1,1.405396342E0,9.629479408E0,9.741139831E0
3.027736863E0,-4.453215301E-1,1.407790542E0,9.641449928E0,9.753857811E0
3.029737840E0,-4.668693244E-1,1.400607944E0,9.639056206E0,9.751465229E0
3.031738699E0,-4.764461517E-1,1.398213744E0,9.648633003E0,9.761051247E0
3.033740223E0,-4.764461517E-1,1.393425345E0,9.660603523E0,9.772200139E0
3.035741004E0,-4.860229492E-1,1.388636947E0,9.674968719E0,9.786191833E0
3.037742254E0,-4.908113480E-1,1.393425345E0,9.679757118E0,9.791844966E0
3.039744207E0,-4.884171486E-1,1.391031146E0,9.703699112E0,9.815054529E0
3.041746043E0,-4.955997467E-1,1.400607944E0,9.732429504E0,9.845176777E0
3.043747410E0,-4.932055473E-1,1.417367458E0,9.753977776E0,9.868751931E0
3.045748543E0,-4.788403511E-1,1.426944256E0,9.773131371E0,9.888354503E0
3.047750848E0,-4.788403511E-1,1.436521053E0,9.792284966E0,9.908669218E0
3.049752801E0,-4.740519226E-1,1.436521053E0,9.806650162E0,9.922636008E0
3.051754910E0,-4.620809257E-1,1.441309452E0,9.830592155E0,9.946428195E0
3.053757801E0,-4.405331016E-1,1.448492050E0,9.842563629E0,9.958326035E0
3.055759715E0,-4.213795066E-1,1.465251446E0,9.861717224E0,9.978877146E0
3.057760926E0,-4.046200812E-1,1.462857246E0,9.873687744E0,9.989663578E0
3.059762020E0,-3.782838583E-1,1.460463047E0,9.871294022E0,9.985914913E0
3.061763504E0,-3.519476354E-1,1.465251446E0,9.897629738E0,1.001168834E1
3.063764676E0,-3.351882398E-1,1.462857246E0,9.900024414E0,1.001313067E1
3.065764442E0,-3.232172430E-1,1.462857246E0,9.907206535E0,1.001983842E1
3.067764481E0,-3.016694188E-1,1.470039845E0,9.916783333E0,1.002968660E1
3.069764988E0,-2.705447972E-1,1.467645645E0,9.916783333E0,1.002844803E1
3.071764871E0,-2.489969730E-1,1.455674648E0,9.914389610E0,1.002377721E1
3.073765653E0,-2.370259613E-1,1.446097851E0,9.900024414E0,1.000789007E1
3.075766707E0,-2.035071403E-1,1.441309452E0,9.878476143E0,9.985142913E0
3.077767879E0,-1.963245422E-1,1.441309452E0,9.849745750E0,9.956576099E0
3.079769481E0,-1.891419291E-1,1.443703651E0,9.823410034E0,9.930732078E0
3.081770692E0,-1.891419291E-1,1.443703651E0,9.806650162E0,9.914153635E0
3.083772723E0,-1.891419291E-1,1.434126854E0,9.789890289E0,9.896183425E0
3.085773934E0,-2.035071403E-1,1.441309452E0,9.751583099E0,9.859622763E0
3.087775613E0,-2.106897533E-1,1.448492050E0,9.730035782E0,9.839518063E0
3.089776942E0,-2.178723514E-1,1.455674648E0,9.701305389E0,9.812328129E0
3.091778543E0,-2.106897533E-1,1.460463047E0,9.682151794E0,9.793947409E0
3.093780809E0,-2.298433632E-1,1.470039845E0,9.662998199E0,9.776879836E0
3.095782371E0,-2.394201756E-1,1.467645645E0,9.636661530E0,9.750720547E0
3.097783621E0,-2.418143749E-1,1.472434044E0,9.639056206E0,9.753867989E0
3.099785418E0,-2.585737705E-1,1.462857246E0,9.634267807E0,9.748124327E0
3.101787449E0,-2.777273953E-1,1.472434044E0,9.612719536E0,9.728801128E0
3.103788738E0,-2.825157940E-1,1.474828243E0,9.600749016E0,9.717474733E0
3.105789520E0,-2.944868207E-1,1.477222443E0,9.600749016E0,9.718193778E0
3.107791356E0,-3.136404157E-1,1.477222443E0,9.615114212E0,9.732984011E0
3.109792488E0,-3.303998411E-1,1.472434044E0,9.612719536E0,9.730447212E0
3.111794246E0,-3.327940404E-1,1.470039845E0,9.612719536E0,9.730166797E0
3.113796473E0,-3.351882398E-1,1.470039845E0,9.615114212E0,9.732614737E0
3.115799246E0,-3.471592367E-1,1.470039845E0,9.624691010E0,9.742495251E0
3.117801785E0,-3.591302633E-1,1.467645645E0,9.629479408E0,9.747298701E0
3.119803437E0,-3.615244627E-1,1.472434044E0,9.646238327E0,9.764664654E0
3.121806746E0,-3.639186621E-1,1.462857246E0,9.658209801E0,9.775142182E0
3.123803633E0,-3.687070608E-1,1.465251446E0,9.674968719E0,9.792238070E0
3.125809832E0,-3.734954596E-1,1.460463047E0,9.677363396E0,9.794070321E0
3.127812059E0,-3.806780577E-1,1.465251446E0,9.715670586E0,9.832910684E0
3.129814285E0,-3.830722570E-1,1.460463047E0,9.732429504E0,9.848851746E0
3.131815731E0,-3.782838583E-1,1.460463047E0,9.749189377E0,9.865229064E0
3.133817332E0,-3.830722570E-1,1.474828243E0,9.765948296E0,9.884108903E0
3.135818465E0,-3.758896589E-1,1.472434044E0,9.785101891E0,9.902402439E0
3.137819481E0,-3.806780577E-1,1.467645645E0,9.799467087E0,9.916070528E0
3.139819949E0,-3.758896589E-1,1.474828243E0,9.811438560E0,9.928783310E0
3.141820848E0,-3.711012602E-1,1.467645645E0,9.832986832E0,9.948835606E0
3.143822215E0,-3.615244627E-1,1.467645645E0,9.828198433E0,9.943750204E0
3.145823778E0,-3.519476354E-1,1.462857246E0,9.821015358E0,9.935600693E0
3.147825574E0,-3.495534360E-1,1.438915253E0,9.806650162E0,9.917814886E0
3.149826512E0,-3.423708379E-1,1.417367458E0,9.797073364E0,9.904988380E0
3.151828074E0,-3.471592367E-1,1.414973259E0,9.792284966E0,9.900076449E0
3.153829481E0,-3.423708379E-1,1.429338455E0,9.787496567E0,9.897237759E0
3.155829765E0,-3.423708379E-1,1.422155857E0,9.770736694E0,9.879627555E0
3.157832215E0,-3.399766386E-1,1.412579060E0,9.763554573E0,9.871066893E0
3.159833895E0,-3.423708379E-1,1.414973259E0,9.749189377E0,9.857284647E0
3.161835028E0,-3.447650373E-1,1.417367458E0,9.739612579E0,9.848240789E0
3.163835468E0,-3.495534360E-1,1.424550056E0,9.734824181E0,9.844710879E0
3.165838778E0,-3.447650373E-1,1.410184860E0,9.701305389E0,9.809322634E0
3.167839559E0,-3.519476354E-1,1.405396342E0,9.672574997E0,9.780476118E0
3.169840496E0,-3.543418646E-1,1.412579060E0,9.658209801E0,9.767392401E0
3.171841278E0,-3.615244627E-1,1.419761658E0,9.624691010E0,9.735558542E0
3.173842215E0,-3.591302633E-1,1.424550056E0,9.591172218E0,9.703035707E0
3.175843543E0,-3.567360640E-1,1.431732655E0,9.579200745E0,9.692172405E0
3.177846043E0,-3.567360640E-1,1.426944256E0,9.564835548E0,9.677267672E0
3.179848699E0,-3.567360640E-1,1.429338455E0,9.552865028E0,9.665790153E0
3.181850223E0,-3.519476354E-1,1.434126854E0,9.533711433E0,9.647395538E0
3.183851824E0,-3.471592367E-1,1.450886250E0,9.512163162E0,9.628439046E0
3.185852645E0,-3.327940404E-1,1.448492050E0,9.493009567E0,9.608647758E0
3.187853934E0,-3.184288144E-1,1.453280449E0,9.476250648E0,9.592327524E0
3.189854676E0,-3.112462163E-1,1.465251446E0,9.471462250E0,9.589183133E0
3.191856199E0,-3.112462163E-1,1.465251446E0,9.464279175E0,9.582088306E0
3.193857215E0,-2.944868207E-1,1.482010841E0,9.457097054E0,9.577043557E0
3.195857996E0,-2.849099934E-1,1.493981838E0,9.461885452E0,9.583341367E0
3.197858973E0,-2.849099934E-1,1.498770237E0,9.454702377E0,9.576997597E0
3.199860820E0,-2.705447972E-1,1.508347034E0,9.459490776E0,9.582811227E0
3.201862918E0,-2.633621991E-1,1.522712231E0,9.449913979E0,9.575431394E0
3.203865731E0,-2.561795712E-1,1.537077546E0,9.452308655E0,9.579894272E0
3.205868074E0,-2.466027737E-1,1.539471745E0,9.464279175E0,9.591838535E0
3.207870887E0,-2.394201756E-1,1.541865945E0,9.471462250E0,9.599128594E0
3.209872059E0,-2.370259613E-1,1.537077546E0,9.461885452E0,9.588851078E0
3.211874910E0,-2.370259613E-1,1.532289028E0,9.476250648E0,9.602261053E0
3.213876434E0,-2.298433632E-1,1.529894829E0,9.495404243E0,9.620608500E0
3.215877801E0,-2.298433632E-1,1.527500629E0,9.495404243E0,9.620228058E0
3.217879207E0,-2.370259613E-1,1.515529633E0,9.519346237E0,9.642145205E0
3.219881863E0,-2.394201756E-1,1.513135433E0,9.531316757E0,9.653646979E0
3.221883153E0,-2.466027737E-1,1.505952835E0,9.543288231E0,9.664525706E0
3.223884910E0,-2.513911724E-1,1.505952835E0,9.555258751E0,9.676469463E0
3.225886278E0,-2.609679997E-1,1.510741234E0,9.583989143E0,9.705838000E0
3.227887176E0,-2.705447972E-1,1.503558636E0,9.591172218E0,9.712078438E0
3.229888778E0,-2.849099934E-1,1.491587639E0,9.600749016E0,9.720102317E0
3.231890535E0,-2.968810201E-1,1.486799240E0,9.600749016E0,9.719726950E0
3.233891785E0,-3.303998411E-1,1.489193439E0,9.612719536E0,9.732997382E0
3.235893504E0,-3.423708379E-1,1.472434044E0,9.610325813E0,9.728496392E0
3.237896043E0,-3.471592367E-1,1.446097851E0,9.622296333E0,9.736544831E0
3.239898387E0,-3.543418646E-1,1.434126854E0,9.631873131E0,9.744498858E0
3.241900301E0,-3.711012602E-1,1.424550056E0,9.655815125E0,9.767385767E0
3.243902567E0,-3.734954596E-1,1.414973259E0,9.672574997E0,9.782655838E0
3.245904090E0,-3.854664862E-1,1.410184860E0,9.677363396E0,9.787163432E0
3.247906551E0,-3.854664862E-1,1.403002143E0,9.682151794E0,9.790866294E0
3.249909246E0,-3.950432837E-1,1.386242747E0,9.679757118E0,9.786492018E0
3.251911551E0,-3.974374831E-1,1.376665950E0,9.691728592E0,9.797079605E0
3.253913348E0,-4.022258818E-1,1.369483352E0,9.698910713E0,9.803373875E0
3.255915731E0,-4.070142806E-1,1.364694953E0,9.708487511E0,9.812379053E0
3.257918699E0,-4.165911078E-1,1.362300754E0,9.706093788E0,9.810079924E0
3.259921942E0,-4.261679053E-1,1.362300754E0,9.715670586E0,9.819966260E0
3.261924520E0,-4.213795066E-1,1.362300754E0,9.715670586E0,9.819759618E0
3.263926317E0,-4.189853072E-1,1.355118155E0,9.722852707E0,9.825770131E0
3.265928074E0,-4.237737060E-1,1.350329757E0,9.742006302E0,9.844270485E0
3.267927148E0,-4.261679053E-1,1.355118155E0,9.763554573E0,9.866355062E0
3.269933309E0,-4.357447028E-1,1.369483352E0,9.763554573E0,9.868756558E0
3.271935770E0,-4.333505034E-1,1.371877551E0,9.756371498E0,9.861877381E0
3.273938153E0,-4.261679053E-1,1.371877551E0,9.765948296E0,9.871039115E0
3.275939910E0,-4.261679053E-1,1.376665950E0,9.777919769E0,9.883549121E0
3.277941903E0,-4.261679053E-1,1.381454349E0,9.780313492E0,9.886585214E0
3.279943113E0,-4.213795066E-1,1.395819545E0,9.782708168E0,9.890765996E0
3.281944949E0,-4.285621047E-1,1.398213744E0,9.787496567E0,9.896148554E0
3.283944726E0,-4.213795066E-1,1.388636947E0,9.792284966E0,9.899228157E0
3.285946942E0,-4.237737060E-1,1.393425345E0,9.804255486E0,9.911843621E0
3.287949129E0,-4.237737060E-1,1.393425345E0,9.809044838E0,9.916581013E0
3.289950926E0,-4.118026793E-1,1.391031146E0,9.801861763E0,9.908634776E0
3.291954090E0,-4.022258818E-1,1.395819545E0,9.792284966E0,9.899441535E0
3.293956199E0,-3.950432837E-1,1.395819545E0,9.789890289E0,9.896783481E0
3.295957801E0,-3.830722570E-1,1.386242747E0,9.773131371E0,9.878386007E0
3.297960106E0,-3.758896589E-1,1.388636947E0,9.782708168E0,9.887921152E0
3.299962762E0,-3.687070608E-1,1.383848548E0,9.765948296E0,9.870396538E0
3.301965223E0,-3.734954596E-1,1.400607944E0,9.742006302E0,9.849258259E0
3.303967098E0,-3.687070608E-1,1.398213744E0,9.737217903E0,9.844001171E0
3.305969246E0,-3.615244627E-1,1.400607944E0,9.732429504E0,9.839338728E0
3.307970379E0,-3.687070608E-1,1.403002143E0,9.718064308E0,9.825738334E0
3.309972098E0,-3.567360640E-1,1.417367458E0,9.694122314E0,9.803682909E0
3.311971015E0,-3.591302633E-1,1.438915253E0,9.679757118E0,9.792708998E0
3.313975184E0,-3.519476354E-1,1.450886250E0,9.670180321E0,9.784749638E0
3.315976434E0,-3.375824392E-1,1.465251446E0,9.670180321E0,9.786383966E0
3.317977957E0,-3.280056417E-1,1.477222443E0,9.667786598E0,9.785492913E0
3.319979129E0,-3.232172430E-1,1.474828243E0,9.662998199E0,9.780241405E0
3.321981629E0,-3.040636182E-1,1.462857246E0,9.658209801E0,9.773096877E0
3.323983778E0,-3.064578176E-1,1.467645645E0,9.651026726E0,9.766791540E0
3.325986356E0,-2.920926213E-1,1.467645645E0,9.622296333E0,9.737961212E0
3.327987734E0,-2.777273953E-1,1.477222443E0,9.624691010E0,9.741354920E0
3.329990496E0,-2.681505978E-1,1.477222443E0,9.624691010E0,9.741086588E0
3.331991473E0,-2.609679997E-1,1.486799240E0,9.603142738E0,9.721060988E0
3.333992918E0,-2.513911724E-1,1.482010841E0,9.600749016E0,9.717712453E0
3.335993934E0,-2.489969730E-1,1.479616642E0,9.600749016E0,9.717285967E0
3.337995145E0,-2.537853718E-1,1.484405041E0,9.605537415E0,9.722870685E0
3.339997801E0,-2.561795712E-1,1.482010841E0,9.603142738E0,9.720202393E0
3.341999324E0,-2.537853718E-1,1.493981838E0,9.617507935E0,9.736161853E0
3.344001668E0,-2.537853718E-1,1.503558636E0,9.598354340E0,9.718719134E0
3.346003348E0,-2.561795712E-1,1.486799240E0,9.615114212E0,9.732760208E0
3.348005692E0,-2.442085743E-1,1.484405041E0,9.603142738E0,9.720259596E0
3.350008231E0,-2.394201756E-1,1.474828243E0,9.586383820E0,9.702123227E0
3.352008699E0,-2.370259613E-1,1.470039845E0,9.579200745E0,9.694239803E0
3.354009285E0,-2.298433632E-1,1.455674648E0,9.574412346E0,9.687166171E0
3.356011356E0,-2.202665508E-1,1.450886250E0,9.574412346E0,9.686225273E0
3.358012723E0,-2.226607651E-1,1.455674648E0,9.552865028E0,9.665702083E0
3.360012918E0,-2.226607651E-1,1.458068848E0,9.540893555E0,9.654231839E0
3.362013270E0,-2.394201756E-1,1.458068848E0,9.540893555E0,9.654632909E0
3.364014793E0,-2.489969730E-1,1.453280449E0,9.533711433E0,9.647055367E0
3.366016082E0,-2.609679997E-1,1.453280449E0,9.538499832E0,9.652103781E0
3.368018270E0,-2.729389966E-1,1.458068848E0,9.540893555E0,9.655522269E0
3.370019520E0,-2.920926213E-1,1.458068848E0,9.564835548E0,9.679739766E0
3.372020692E0,-3.064578176E-1,1.470039845E0,9.574412346E0,9.691455273E0
3.374022098E0,-3.136404157E-1,1.465251446E0,9.581595421E0,9.698056657E0
3.376024129E0,-3.232172430E-1,1.458068848E0,9.588777542E0,9.704385035E0
3.378025028E0,-3.208230138E-1,1.465251446E0,9.591172218E0,9.707753279E0
3.380026004E0,-3.064578176E-1,1.448492050E0,9.600749016E0,9.714238379E0
3.382027176E0,-3.112462163E-1,1.419761658E0,9.605537415E0,9.714882727E0
3.384028426E0,-3.160346150E-1,1.410184860E0,9.603142738E0,9.711274359E0
3.386029871E0,-3.040636182E-1,1.391031146E0,9.598354340E0,9.703392621E0
3.388032293E0,-3.112462163E-1,1.371877551E0,9.588777542E0,9.691417697E0
3.390035418E0,-3.064578176E-1,1.355118155E0,9.591172218E0,9.691276806E0
3.392038074E0,-3.088520169E-1,1.331176162E0,9.595960617E0,9.692774613E0
3.394040028E0,-3.088520169E-1,1.326387763E0,9.603142738E0,9.699229068E0
3.396041445E0,-3.088520169E-1,1.321599364E0,9.615114212E0,9.710429226E0
3.398043738E0,-3.112462163E-1,1.316810966E0,9.615114212E0,9.709855130E0
3.400045653E0,-3.160346150E-1,1.321599364E0,9.605537415E0,9.701177855E0
3.402048387E0,-3.232172430E-1,1.335964561E0,9.615114212E0,9.712862194E0
3.404049910E0,-3.447650373E-1,1.345541358E0,9.627084732E0,9.726772585E0
3.406052215E0,-3.639186621E-1,1.359906554E0,9.643844604E0,9.746051579E0
3.408053895E0,-3.878606856E-1,1.371877551E0,9.679757118E0,9.784180180E0
3.410056004E0,-4.118026793E-1,1.381454349E0,9.696516991E0,9.803083153E0
3.412057918E0,-4.237737060E-1,1.393425345E0,9.710882187E0,9.819493429E0
3.414060028E0,-4.429273009E-1,1.405396342E0,9.734824181E0,9.845716089E0
3.416061629E0,-4.525041282E-1,1.417367458E0,9.746794701E0,9.859700677E0
3.418063856E0,-4.716577232E-1,1.434126854E0,9.775525093E0,9.891414039E0
3.420065496E0,-4.716577232E-1,1.441309452E0,9.799467087E0,9.916117644E0
3.422067137E0,-4.716577232E-1,1.453280449E0,9.835380554E0,9.953350979E0
3.424069246E0,-4.572925270E-1,1.455674648E0,9.859322548E0,9.976690145E0
3.426070535E0,-4.596867263E-1,1.443703651E0,9.866505623E0,9.982160354E0
3.428072254E0,-4.477157295E-1,1.438915253E0,9.866505623E0,9.980924791E0
3.430074246E0,-4.189853072E-1,1.448492050E0,9.883264542E0,9.997629514E0
3.432076629E0,-4.141969085E-1,1.438915253E0,9.885659218E0,9.998414592E0
3.434078426E0,-3.974374831E-1,1.436521053E0,9.873687744E0,9.985552511E0
3.436080731E0,-3.806780577E-1,1.438915253E0,9.876082420E0,9.987612170E0
3.438082371E0,-3.591302633E-1,1.438915253E0,9.866505623E0,9.977343577E0
3.440083895E0,-3.327940404E-1,1.446097851E0,9.868899345E0,9.979835928E0
3.442084988E0,-3.040636182E-1,1.446097851E0,9.859322548E0,9.969448068E0
3.444086082E0,-2.801215947E-1,1.438915253E0,9.852140427E0,9.960603205E0
3.446086707E0,-2.513911724E-1,1.441309452E0,9.821015358E0,9.929396413E0
3.448088074E0,-2.418143749E-1,1.446097851E0,9.809044838E0,9.918015619E0
3.450089715E0,-2.178723514E-1,1.436521053E0,9.799467087E0,9.906594586E0
3.452091434E0,-1.915361285E-1,1.438915253E0,9.780313492E0,9.887451400E0
3.454092957E0,-1.795651317E-1,1.431732655E0,9.753977776E0,9.860131058E0
3.456094442E0,-1.651999205E-1,1.446097851E0,9.734824181E0,9.843032654E0
3.458096863E0,-1.604115069E-1,1.438915253E0,9.706093788E0,9.813483866E0
3.460097996E0,-1.508347094E-1,1.422155857E0,9.672574997E0,9.777729054E0
3.462100067E0,-1.340752989E-1,1.424550056E0,9.619902611E0,9.725731093E0
3.464101473E0,-1.340752989E-1,1.434126854E0,9.598354340E0,9.705828251E0
3.466103074E0,-1.436520964E-1,1.436521053E0,9.569623947E0,9.677909441E0
3.468105848E0,-1.604115069E-1,1.436521053E0,9.574412346E0,9.682907433E0
3.470107606E0,-1.604115069E-1,1.438915253E0,9.536105156E0,9.645388043E0
3.472108660E0,-1.723825186E-1,1.431732655E0,9.526528358E0,9.635056652E0
3.474109676E0,-1.843535304E-1,1.431732655E0,9.512163162E0,9.621075441E0
3.476110926E0,-1.891419291E-1,1.448492050E0,9.497797966E0,9.609478138E0
3.478111863E0,-1.963245422E-1,1.455674648E0,9.471462250E0,9.584682006E0
3.480112762E0,-1.987187415E-1,1.467645645E0,9.469067574E0,9.584190816E0
3.482114481E0,-2.106897533E-1,1.477222443E0,9.488221169E0,9.604838221E0
3.484116082E0,-2.274491638E-1,1.493981838E0,9.495404243E0,9.614905959E0
3.486117098E0,-2.489969730E-1,1.513135433E0,9.514557838E0,9.637343472E0
3.488118465E0,-2.753331959E-1,1.534683347E0,9.528923035E0,9.655642679E0
3.490120457E0,-2.801215947E-1,1.549048543E0,9.545681953E0,9.674609214E0
3.492121238E0,-2.849099934E-1,1.553836942E0,9.562441826E0,9.692052240E0
3.494122371E0,-2.896983922E-1,1.551442742E0,9.574412346E0,9.703621567E0
3.496122723E0,-2.992752194E-1,1.549048543E0,9.581595421E0,9.710617275E0
3.498123817E0,-3.040636182E-1,1.549048543E0,9.612719536E0,9.741477452E0
3.500125848E0,-3.016694188E-1,1.544260144E0,9.629479408E0,9.757182867E0
3.502127293E0,-2.968810201E-1,1.532289028E0,9.658209801E0,9.783509828E0
3.504128817E0,-2.873041928E-1,1.513135433E0,9.679757118E0,9.801521331E0
3.506130574E0,-2.705447972E-1,1.493981838E0,9.696516991E0,9.814663416E0
3.508131785E0,-2.633621991E-1,1.482010841E0,9.706093788E0,9.822116493E0
3.510134285E0,-2.418143749E-1,1.462857246E0,9.715670586E0,9.828157530E0
3.512136434E0,-2.274491638E-1,1.453280449E0,9.715670586E0,9.826393647E0
3.514138582E0,-2.154781520E-1,1.441309452E0,9.682151794E0,9.791213773E0
3.516140613E0,-2.130839527E-1,1.429338455E0,9.679757118E0,9.787037910E0
3.518141942E0,-2.154781520E-1,1.422155857E0,9.672574997E0,9.778939881E0
3.520144129E0,-2.274491638E-1,1.426944256E0,9.660603523E0,9.768068564E0
3.522146317E0,-2.418143749E-1,1.426944256E0,9.653421402E0,9.761310817E0
3.524147176E0,-2.705447972E-1,1.434126854E0,9.641449928E0,9.751280482E0
3.526148426E0,-2.944868207E-1,1.436521053E0,9.646238327E0,9.757060474E0
3.528149442E0,-3.064578176E-1,1.438915253E0,9.646238327E0,9.757781887E0
3.530151082E0,-3.399766386E-1,1.431732655E0,9.617507935E0,9.729434792E0
3.532152645E0,-3.591302633E-1,1.436521053E0,9.617507935E0,9.730828647E0
3.534154012E0,-3.782838583E-1,1.424550056E0,9.605537415E0,9.717962264E0
3.536155496E0,-3.974374831E-1,1.424550056E0,9.605537415E0,9.718726688E0
3.538156473E0,-4.094084799E-1,1.424550056E0,9.586383820E0,9.700294475E0
3.540157606E0,-4.237737060E-1,1.417367458E0,9.581595421E0,9.695126893E0
3.542158738E0,-4.189853072E-1,1.407790542E0,9.586383820E0,9.698256422E0
3.544160028E0,-4.165911078E-1,1.400607944E0,9.588777542E0,9.699479652E0
3.546160106E0,-4.165911078E-1,1.393425345E0,9.588777542E0,9.698445087E0
3.548160809E0,-4.333505034E-1,1.381454349E0,9.591172218E0,9.699834705E0
3.550160887E0,-4.381389022E-1,1.383848548E0,9.595960617E0,9.705125587E0
3.552161121E0,-4.285621047E-1,1.386242747E0,9.600749016E0,9.709774256E0
3.554162215E0,-4.189853072E-1,1.381454349E0,9.612719536E0,9.720511390E0
3.556164129E0,-4.070142806E-1,1.383848548E0,9.627084732E0,9.734549700E0
3.558165574E0,-3.926490843E-1,1.369483352E0,9.631873131E0,9.736664622E0
3.560166903E0,-3.782838583E-1,1.369483352E0,9.631873131E0,9.736095898E0
3.562167918E0,-3.615244627E-1,1.367089152E0,9.636661530E0,9.739860272E0
3.564169793E0,-3.423708379E-1,1.364694953E0,9.631873131E0,9.734094211E0
3.566172020E0,-3.160346150E-1,1.359906554E0,9.629479408E0,9.730164304E0
3.568172996E0,-3.016694188E-1,1.379060149E0,9.639056206E0,9.741879483E0
3.570174403E0,-2.849099934E-1,1.391031146E0,9.643844604E0,9.747814120E0
3.572175262E0,-2.777273953E-1,1.391031146E0,9.634267807E0,9.738132076E0
3.574176043E0,-2.729389966E-1,1.393425345E0,9.636661530E0,9.740707126E0
3.576177332E0,-2.657563984E-1,1.398213744E0,9.655815125E0,9.760143127E0
3.578178621E0,-2.585737705E-1,1.417367458E0,9.646238327E0,9.753240732E0
3.580179988E0,-2.489969730E-1,1.438915253E0,9.655815125E0,9.765615307E0
3.582180770E0,-2.513911724E-1,1.446097851E0,9.677363396E0,9.788041623E0
3.584180848E0,-2.585737705E-1,1.470039845E0,9.677363396E0,9.791794515E0
3.586180809E0,-2.657563984E-1,1.503558636E0,9.706093788E0,9.825455290E0
3.588181317E0,-2.753331959E-1,1.513135433E0,9.715670586E0,9.836647912E0
3.590182723E0,-2.681505978E-1,1.520318031E0,9.710882187E0,9.832827900E0
3.592184832E0,-2.777273953E-1,1.539471745E0,9.718064308E0,9.843164108E0
3.594186121E0,-2.825157940E-1,1.546654344E0,9.715670586E0,9.842063288E0
3.596188153E0,-2.849099934E-1,1.539471745E0,9.715670586E0,9.841006142E0
3.598190770E0,-2.896983922E-1,1.539471745E0,9.708487511E0,9.834054513E0
3.600192449E0,-2.777273953E-1,1.539471745E0,9.698910713E0,9.824254414E0
3.602194363E0,-2.777273953E-1,1.522712231E0,9.708487511E0,9.831099368E0
3.604196356E0,-2.753331959E-1,1.527500629E0,9.706093788E0,9.829411130E0
3.606197410E0,-2.729389966E-1,1.522712231E0,9.706093788E0,9.828601368E0
3.608198113E0,-2.609679997E-1,1.513135433E0,9.701305389E0,9.822067470E0
3.610198270E0,-2.513911724E-1,1.513135433E0,9.689333916E0,9.809993277E0
3.612199090E0,-2.513911724E-1,1.501164436E0,9.689333916E0,9.808153950E0
3.614200262E0,-2.394201756E-1,1.498770237E0,9.679757118E0,9.798026950E0
3.616201278E0,-2.394201756E-1,1.484405041E0,9.672574997E0,9.788742893E0
3.618203231E0,-2.370259613E-1,1.474828243E0,9.660603523E0,9.775405878E0
3.620204481E0,-2.346317619E-1,1.470039845E0,9.646238327E0,9.760429451E0
3.622205301E0,-2.370259613E-1,1.470039845E0,9.646238327E0,9.760487299E0
3.624206434E0,-2.370259613E-1,1.448492050E0,9.646238327E0,9.757265210E0
3.626207957E0,-2.274491638E-1,1.429338455E0,9.631873131E0,9.740006240E0
3.628209012E0,-2.274491638E-1,1.422155857E0,9.622296333E0,9.729483395E0
3.630210770E0,-2.418143749E-1,1.426944256E0,9.617507935E0,9.725795750E0
3.632212645E0,-2.394201756E-1,1.412579060E0,9.622296333E0,9.728375422E0
3.634215145E0,-2.633621991E-1,1.395819545E0,9.612719536E0,9.717100839E0
3.636216785E0,-2.801215947E-1,1.395819545E0,9.612719536E0,9.717569510E0
3.638218426E0,-2.896983922E-1,1.403002143E0,9.600749016E0,9.707044959E0
3.640219598E0,-3.064578176E-1,1.400607944E0,9.598354340E0,9.704845441E0
3.642221473E0,-3.256114423E-1,1.400607944E0,9.605537415E0,9.712573008E0
3.644222840E0,-3.447650373E-1,1.393425345E0,9.588777542E0,9.695625399E0
3.646225379E0,-3.639186621E-1,1.391031146E0,9.593565941E0,9.700717082E0
3.648226863E0,-3.830722570E-1,1.383848548E0,9.598354340E0,9.705162914E0
3.650227410E0,-3.974374831E-1,1.386242747E0,9.595960617E0,9.703715045E0
3.652228895E0,-4.118026793E-1,1.386242747E0,9.607931137E0,9.716151045E0
3.654229324E0,-4.213795066E-1,1.383848548E0,9.603142738E0,9.711485362E0
3.656231590E0,-4.333505034E-1,1.386242747E0,9.624691010E0,9.733660085E0
3.658232996E0,-4.429273009E-1,1.383848548E0,9.629479408E0,9.738485256E0
3.660234598E0,-4.477157295E-1,1.381454349E0,9.653421402E0,9.762039247E0
3.662235379E0,-4.548983276E-1,1.391031146E0,9.665391922E0,9.775566538E0
3.664235770E0,-4.572925270E-1,1.383848548E0,9.670180321E0,9.779393677E0
3.666236746E0,-4.548983276E-1,1.381454349E0,9.672574997E0,9.781311552E0
3.668237879E0,-4.357447028E-1,1.381454349E0,9.691728592E0,9.799382259E0
3.670238543E0,-4.261679053E-1,1.374271750E0,9.689333916E0,9.795582354E0
3.672238778E0,-4.118026793E-1,1.352723956E0,9.682151794E0,9.784861109E0
3.674238543E0,-3.998316824E-1,1.345541358E0,9.677363396E0,9.778635345E0
3.676238387E0,-3.902548850E-1,1.340752959E0,9.672574997E0,9.772851398E0
3.678238231E0,-3.734954596E-1,1.343147159E0,9.658209801E0,9.758307215E0
3.680237645E0,-3.639186621E-1,1.357512355E0,9.646238327E0,9.748086502E0
3.682239403E0,-3.663128614E-1,1.362300754E0,9.643844604E0,9.746475630E0
3.684240613E0,-3.663128614E-1,1.374271750E0,9.641449928E0,9.745787022E0
3.686242723E0,-3.615244627E-1,1.381454349E0,9.639056206E0,9.744255774E0
3.688243543E0,-3.615244627E-1,1.383848548E0,9.639056206E0,9.744595491E0
3.690243973E0,-3.663128614E-1,1.400607944E0,9.631873131E0,9.740065078E0
3.692244324E0,-3.591302633E-1,1.417367458E0,9.636661530E0,9.746955960E0
3.694244754E0,-3.543418646E-1,1.417367458E0,9.631873131E0,9.742046432E0
3.696243504E0,-3.591302633E-1,1.438915253E0,9.636661530E0,9.750112670E0
3.698243660E0,-3.471592367E-1,1.458068848E0,9.634267807E0,9.750158998E0
3.700244129E0,-3.256114423E-1,1.462857246E0,9.617507935E0,9.733572469E0
3.702245067E0,-3.136404157E-1,1.460463047E0,9.610325813E0,9.725722845E0
3.704246043E0,-2.992752194E-1,1.458068848E0,9.593565941E0,9.708348875E0
3.706246473E0,-2.920926213E-1,1.453280449E0,9.593565941E0,9.707412097E0
3.708246981E0,-2.777273953E-1,1.465251446E0,9.603142738E0,9.718253174E0
3.710247059E0,-2.657563984E-1,1.458068848E0,9.600749016E0,9.714472342E0
3.712248035E0,-2.513911724E-1,1.467645645E0,9.600749016E0,9.715532045E0
3.714249207E0,-2.466027737E-1,1.470039845E0,9.607931137E0,9.722868445E0
3.716249324E0,-2.418143749E-1,1.467645645E0,9.610325813E0,9.724752962E0
3.718249324E0,-2.489969730E-1,1.474828243E0,9.607931137E0,9.723654589E0
3.720249481E0,-2.633621991E-1,1.477222443E0,9.598354340E0,9.714934473E0
3.722249715E0,-2.657563984E-1,1.479616642E0,9.603142738E0,9.720094769E0
3.724251278E0,-2.609679997E-1,1.470039845E0,9.603142738E0,9.718511815E0
3.726251942E0,-2.657563984E-1,1.467645645E0,9.617507935E0,9.732474972E0
3.728252449E0,-2.705447972E-1,1.470039845E0,9.634267807E0,9.749529620E0
3.730253074E0,-2.801215947E-1,1.474828243E0,9.641449928E0,9.757619749E0
3.732254246E0,-2.992752194E-1,1.482010841E0,9.641449928E0,9.759276536E0
3.734255262E0,-3.088520169E-1,1.479616642E0,9.646238327E0,9.763942280E0
3.736257020E0,-3.112462163E-1,1.484405041E0,9.660603523E0,9.778936188E0
3.738258582E0,-3.088520169E-1,1.472434044E0,9.677363396E0,9.793610870E0
3.740260379E0,-3.160346150E-1,1.486799240E0,9.698910713E0,9.817296923E0
3.742261512E0,-3.256114423E-1,1.496376038E0,9.703699112E0,9.823794609E0
3.744262723E0,-3.375824392E-1,1.491587639E0,9.725247383E0,9.844756587E0
3.746263270E0,-3.351882398E-1,1.484405041E0,9.730035782E0,9.848319948E0
3.748263426E0,-3.471592367E-1,1.482010841E0,9.742006302E0,9.860200934E0
3.750263582E0,-3.495534360E-1,1.474828243E0,9.742006302E0,9.859208525E0
3.752263660E0,-3.399766386E-1,1.470039845E0,9.758766174E0,9.874721186E0
3.754263934E0,-3.423708379E-1,1.455674648E0,9.763554573E0,9.877408788E0
3.756264285E0,-3.351882398E-1,1.448492050E0,9.770736694E0,9.883206763E0
3.758264754E0,-3.375824392E-1,1.455674648E0,9.775525093E0,9.889076875E0
3.760264832E0,-3.399766386E-1,1.443703651E0,9.777919769E0,9.889771451E0
3.762264832E0,-3.399766386E-1,1.424550056E0,9.770736694E0,9.879889803E0
3.764263465E0,-3.351882398E-1,1.422155857E0,9.763554573E0,9.872278174E0
3.766263270E0,-3.208230138E-1,1.422155857E0,9.758766174E0,9.867065011E0
3.768263231E0,-3.016694188E-1,1.412579060E0,9.737217903E0,9.843769427E0
3.770263270E0,-2.920926213E-1,1.398213744E0,9.713275909E0,9.817741526E0
3.772262840E0,-2.801215947E-1,1.383848548E0,9.706093788E0,9.808249667E0
3.774262879E0,-2.657563984E-1,1.386242747E0,9.694122314E0,9.796341300E0
3.776263113E0,-2.489969730E-1,1.374271750E0,9.665391922E0,9.765778174E0
3.778262762E0,-2.370259613E-1,1.367089152E0,9.641449928E0,9.740773623E0
3.780262918E0,-2.322375625E-1,1.376665950E0,9.636661530E0,9.737268039E0
3.782263582E0,-2.298433632E-1,1.391031146E0,9.612719536E0,9.715563416E0
3.784262723E0,-2.178723514E-1,1.393425345E0,9.595960617E0,9.699049578E0
3.786262137E0,-2.274491638E-1,1.400607944E0,9.581595421E0,9.686093461E0
3.788261903E0,-2.274491638E-1,1.400607944E0,9.555258751E0,9.660041694E0
3.790261199E0,-2.274491638E-1,1.414973259E0,9.548076630E0,9.655032355E0
3.792260379E0,-2.418143749E-1,1.431732655E0,9.536105156E0,9.646016490E0
3.794259520E0,-2.489969730E-1,1.443703651E0,9.526528358E0,9.638517640E0
3.796258973E0,-2.561795712E-1,1.446097851E0,9.516951561E0,9.629599887E0
3.798258699E0,-2.777273953E-1,1.443703651E0,9.509769440E0,9.622740126E0
3.800259285E0,-2.825157940E-1,1.450886250E0,9.507374763E0,9.621593474E0
3.802259832E0,-2.968810201E-1,1.458068848E0,9.512163162E0,9.627842496E0
3.804259910E0,-3.040636182E-1,1.443703651E0,9.516951561E0,9.630633517E0
3.806259403E0,-3.208230138E-1,1.436521053E0,9.514557838E0,9.627737585E0
3.808260301E0,-3.303998411E-1,1.424550056E0,9.509769440E0,9.621549860E0
3.810260028E0,-3.327940404E-1,1.410184860E0,9.509769440E0,9.619515997E0
3.812259988E0,-3.399766386E-1,1.405396342E0,9.497797966E0,9.607231089E0
3.814259598E0,-3.615244627E-1,1.400607944E0,9.495404243E0,9.604952071E0
3.816259285E0,-3.830722570E-1,1.398213744E0,9.509769440E0,9.619639329E0
3.818258973E0,-3.998316824E-1,1.395819545E0,9.524134636E0,9.634174492E0
3.820258660E0,-4.070142806E-1,1.391031146E0,9.536105156E0,9.645617130E0
3.822258348E0,-4.285621047E-1,1.395819545E0,9.552865028E0,9.663809183E0
3.824258504E0,-4.548983276E-1,1.393425345E0,9.583989143E0,9.695432666E0
3.826258504E0,-4.884171486E-1,1.407790542E0,9.617507935E0,9.732259984E0
3.828259363E0,-4.908113480E-1,1.407790542E0,9.631873131E0,9.746576322E0
3.830259012E0,-5.003881454E-1,1.426944256E0,9.682151794E0,9.799521497E0
3.832259129E0,-5.075707436E-1,1.426944256E0,9.706093788E0,9.823545928E0
3.834259637E0,-5.099649429E-1,1.431732655E0,9.739612579E0,9.857483240E0
3.836259129E0,-5.051765442E-1,1.422155857E0,9.773131371E0,9.888975043E0
3.838257645E0,-5.003881454E-1,1.417367458E0,9.806650162E0,9.921174638E0
3.840256903E0,-4.836287498E-1,1.414973259E0,9.828198433E0,9.941304267E0
3.842256824E0,-4.692635238E-1,1.412579060E0,9.861717224E0,9.973417391E0
3.844256707E0,-4.572925270E-1,1.410184860E0,9.873687744E0,9.984360143E0
3.846256512E0,-4.405331016E-1,1.398213744E0,9.907206535E0,1.001507925E1
3.848256356E0,-4.165911078E-1,1.405396342E0,9.938331604E0,1.004585099E1
3.850255184E0,-3.998316824E-1,1.410184860E0,9.943120003E0,1.005057820E1
3.852255145E0,-3.878606856E-1,1.407790542E0,9.952696800E0,1.005924867E1
3.854255262E0,-3.687070608E-1,1.403002143E0,9.964667320E0,1.006970480E1
3.856255184E0,-3.567360640E-1,1.419761658E0,9.967061996E0,1.007399169E1
3.858254754E0,-3.351882398E-1,1.417367458E0,9.969455719E0,1.007528307E1
3.860253856E0,-3.280056417E-1,1.424550056E0,9.971850395E0,1.007842899E1
3.862253074E0,-3.136404157E-1,1.438915253E0,9.964667320E0,1.007290634E1
3.864253231E0,-3.184288144E-1,1.450886250E0,9.945513725E0,1.005582971E1
3.866253426E0,-3.208230138E-1,1.467645645E0,9.945513725E0,1.005833756E1
3.868252762E0,-3.136404157E-1,1.474828243E0,9.938331604E0,1.005206067E1
3.870253270E0,-3.016694188E-1,1.489193439E0,9.919178009E0,1.003487887E1
3.872252449E0,-2.968810201E-1,1.505952835E0,9.900024414E0,1.001830902E1
3.874252332E0,-2.849099934E-1,1.532289028E0,9.890447617E0,1.001249407E1
3.876252332E0,-2.753331959E-1,1.534683347E0,9.873687744E0,9.996037766E0
3.878252254E0,-2.537853718E-1,1.525106430E0,9.842563629E0,9.963253255E0
3.880252332E0,-2.298433632E-1,1.532289028E0,9.825803757E0,9.947218561E0
3.882252606E0,-2.202665508E-1,1.534683347E0,9.806650162E0,9.928451930E0
3.884251981E0,-2.059013397E-1,1.539471745E0,9.765948296E0,9.888686198E0
3.886252528E0,-2.011129409E-1,1.527500629E0,9.737217903E0,9.858352656E0
3.888252567E0,-1.891419291E-1,1.537077546E0,9.718064308E0,9.840688794E0
3.890252293E0,-1.843535304E-1,1.529894829E0,9.701305389E0,9.822926787E0
3.892252371E0,-1.747767180E-1,1.517923832E0,9.667786598E0,9.787785110E0
3.894252488E0,-1.699883193E-1,1.515529633E0,9.634267807E0,9.754221767E0
3.896252840E0,-1.675941199E-1,1.510741234E0,9.615114212E0,9.734518384E0
3.898252449E0,-1.843535304E-1,1.513135433E0,9.600749016E0,9.721005438E0
3.900252488E0,-1.867477298E-1,1.503558636E0,9.581595421E0,9.700646066E0
3.902252684E0,-1.987187415E-1,1.525106430E0,9.583989143E0,9.706610462E0
3.904253035E0,-2.178723514E-1,1.525106430E0,9.569623947E0,9.692838618E0
3.906252567E0,-2.346317619E-1,1.527500629E0,9.560047150E0,9.684152608E0
3.908253192E0,-2.513911724E-1,1.532289028E0,9.567230225E0,9.692419789E0
3.910253738E0,-2.729389966E-1,1.529894829E0,9.572018623E0,9.697350896E0
3.912254520E0,-2.849099934E-1,1.541865945E0,9.574412346E0,9.701953209E0
3.914254871E0,-3.088520169E-1,1.537077546E0,9.579200745E0,9.706651527E0
3.916254988E0,-3.303998411E-1,1.534683347E0,9.591172218E0,9.718796302E0
3.918254949E0,-3.399766386E-1,1.537077546E0,9.605537415E0,9.733680728E0
3.920254832E0,-3.423708379E-1,1.527500629E0,9.607931137E0,9.734619494E0
3.922255574E0,-3.375824392E-1,1.525106430E0,9.615114212E0,9.741166914E0
3.924256043E0,-3.471592367E-1,1.517923832E0,9.636661530E0,9.761652408E0
3.926255965E0,-3.471592367E-1,1.503558636E0,9.648633003E0,9.771250019E0
3.928255613E0,-3.567360640E-1,1.493981838E0,9.658209801E0,9.779583780E0
3.930256512E0,-3.519476354E-1,1.491587639E0,9.658209801E0,9.779044809E0
3.932256278E0,-3.519476354E-1,1.482010841E0,9.674968719E0,9.794143301E0
3.934255653E0,-3.423708379E-1,1.477222443E0,9.674968719E0,9.793080397E0
3.936255535E0,-3.351882398E-1,1.460463047E0,9.672574997E0,9.787952316E0
3.938256629E0,-3.375824392E-1,1.453280449E0,9.684545517E0,9.798796244E0
3.940256707E0,-3.303998411E-1,1.436521053E0,9.694122314E0,9.805547626E0
3.942256473E0,-3.280056417E-1,1.417367458E0,9.674968719E0,9.783738444E0
3.944256746E0,-3.184288144E-1,1.417367458E0,9.655815125E0,9.764481202E0
3.946257801E0,-3.160346150E-1,1.395819545E0,9.651026726E0,9.756562250E0
3.948257996E0,-3.136404157E-1,1.367089152E0,9.622296333E0,9.723985283E0
3.950258895E0,-3.112462163E-1,1.355118155E0,9.612719536E0,9.712754311E0
3.952260340E0,-3.256114423E-1,1.333570361E0,9.591172218E0,9.688912077E0
3.954260145E0,-3.256114423E-1,1.331176162E0,9.581595421E0,9.679102417E0
3.956260223E0,-3.375824392E-1,1.328781962E0,9.557653427E0,9.655483543E0
3.958261160E0,-3.471592367E-1,1.340752959E0,9.555258751E0,9.655107862E0
3.960262957E0,-3.734954596E-1,1.357512355E0,9.560047150E0,9.663169260E0
3.962263895E0,-3.926490843E-1,1.386242747E0,9.560047150E0,9.668006194E0
3.964264168E0,-4.141969085E-1,1.407790542E0,9.572018623E0,9.683851187E0
3.966265028E0,-4.309563041E-1,1.434126854E0,9.591172218E0,9.707369762E0
3.968266121E0,-4.309563041E-1,1.458068848E0,9.615114212E0,9.734583166E0
3.970267215E0,-4.333505034E-1,1.474828243E0,9.619902611E0,9.741942170E0
3.972268192E0,-4.333505034E-1,1.493981838E0,9.646238327E0,9.770859136E0
3.974268582E0,-4.429273009E-1,1.501164436E0,9.658209801E0,9.784206448E0
3.976269481E0,-4.333505034E-1,1.520318031E0,9.660603523E0,9.789096997E0
3.978269793E0,-4.189853072E-1,1.517923832E0,9.665391922E0,9.792826071E0
3.980270574E0,-4.022258818E-1,1.517923832E0,9.677363396E0,9.803940061E0
3.982271121E0,-3.830722570E-1,1.515529633E0,9.679757118E0,9.805165592E0
3.984270692E0,-3.591302633E-1,1.508347034E0,9.694122314E0,9.817336338E0
3.986270340E0,-3.471592367E-1,1.508347034E0,9.706093788E0,9.828727636E0
3.988270574E0,-3.184288144E-1,1.491587639E0,9.715670586E0,9.834657367E0
3.990271043E0,-3.040636182E-1,1.491587639E0,9.720458984E0,9.838933440E0
3.992271707E0,-2.825157940E-1,1.479616642E0,9.730035782E0,9.845947232E0
3.994272449E0,-2.585737705E-1,1.472434044E0,9.730035782E0,9.844212448E0
3.996274129E0,-2.346317619E-1,1.465251446E0,9.715670586E0,9.828340083E0
3.998275926E0,-2.154781520E-1,1.467645645E0,9.730035782E0,9.842459596E0
4.000276590E0,-2.082955539E-1,1.467645645E0,9.715670586E0,9.828103871E0
4.002277801E0,-2.059013397E-1,1.465251446E0,9.706093788E0,9.818228648E0
4.004278192E0,-2.035071403E-1,1.472434044E0,9.694122314E0,9.807419876E0
4.006278621E0,-2.130839527E-1,1.477222443E0,9.682151794E0,9.796512353E0
4.008279442E0,-2.250549644E-1,1.474828243E0,9.672574997E0,9.786954335E0
4.010280535E0,-2.322375625E-1,1.489193439E0,9.660603523E0,9.777468579E0
4.012282137E0,-2.442085743E-1,1.501164436E0,9.667786598E0,9.786686375E0
4.014283153E0,-2.585737705E-1,1.510741234E0,9.658209801E0,9.779070305E0
4.016284051E0,-2.681505978E-1,1.520318031E0,9.651026726E0,9.773719278E0
4.018285301E0,-2.753331959E-1,1.520318031E0,9.655815125E0,9.778647197E0
4.020286668E0,-2.896983922E-1,1.517923832E0,9.634267807E0,9.757414314E0
4.022287215E0,-2.944868207E-1,1.517923832E0,9.634267807E0,9.757557657E0
4.024287020E0,-2.992752194E-1,1.513135433E0,9.629479408E0,9.752231446E0
4.026287567E0,-2.920926213E-1,1.501164436E0,9.634267807E0,9.754892564E0
4.028287723E0,-2.968810201E-1,1.491587639E0,9.651026726E0,9.770122255E0
4.030287528E0,-2.873041928E-1,1.482010841E0,9.651026726E0,9.768378407E0
4.032287215E0,-2.825157940E-1,1.482010841E0,9.651026726E0,9.768238744E0
4.034287137E0,-2.777273953E-1,1.472434044E0,9.648633003E0,9.764287652E0
4.036287254E0,-2.705447972E-1,1.470039845E0,9.648633003E0,9.763725235E0
4.038287176E0,-2.537853718E-1,1.467645645E0,9.643844604E0,9.758182695E0
4.040287801E0,-2.585737705E-1,1.458068848E0,9.641449928E0,9.754505722E0
4.042288778E0,-2.442085743E-1,1.453280449E0,9.639056206E0,9.751054632E0
4.044289285E0,-2.394201756E-1,1.441309452E0,9.624691010E0,9.734956188E0
4.046289637E0,-2.394201756E-1,1.431732655E0,9.615114212E0,9.724073309E0
4.048289481E0,-2.394201756E-1,1.426944256E0,9.610325813E0,9.718634378E0
4.050289090E0,-2.394201756E-1,1.419761658E0,9.610325813E0,9.717582386E0
4.052288074E0,-2.489969730E-1,1.417367458E0,9.603142738E0,9.710369738E0
4.054288231E0,-2.537853718E-1,1.412579060E0,9.600749016E0,9.707428510E0
4.056287879E0,-2.633621991E-1,1.407790542E0,9.595960617E0,9.702252008E0
4.058287449E0,-2.753331959E-1,1.398213744E0,9.588777542E0,9.694094326E0
4.060288895E0,-2.896983922E-1,1.391031146E0,9.581595421E0,9.686375154E0
4.062288348E0,-3.016694188E-1,1.388636947E0,9.572018623E0,9.676923971E0
4.064287449E0,-3.064578176E-1,1.386242747E0,9.572018623E0,9.676731156E0
4.066287684E0,-3.184288144E-1,1.381454349E0,9.572018623E0,9.676432894E0
4.068287176E0,-3.327940404E-1,1.383848548E0,9.574412346E0,9.679626049E0
4.070287176E0,-3.543418646E-1,1.383848548E0,9.574412346E0,9.680390836E0
4.072288309E0,-3.639186621E-1,1.388636947E0,9.569623947E0,9.676696329E0
4.074289051E0,-3.782838583E-1,1.379060149E0,9.576807022E0,9.682981891E0
4.076289012E0,-3.902548850E-1,1.379060149E0,9.569623947E0,9.676353045E0
4.078288738E0,-3.998316824E-1,1.388636947E0,9.567230225E0,9.675746592E0
4.080288192E0,-4.094084799E-1,1.386242747E0,9.567230225E0,9.675803761E0
4.082287879E0,-4.261679053E-1,1.386242747E0,9.569623947E0,9.678894076E0
4.084287137E0,-4.381389022E-1,1.376665950E0,9.564835548E0,9.673326930E0
4.086286590E0,-4.596867263E-1,1.383848548E0,9.579200745E0,9.689552910E0
4.088286199E0,-4.740519226E-1,1.383848548E0,9.586383820E0,9.697345862E0
4.090286863E0,-4.884171486E-1,1.391031146E0,9.605537415E0,9.718017698E0
4.092286551E0,-5.003881454E-1,1.393425345E0,9.622296333E0,9.735533330E0
4.094286746E0,-4.932055473E-1,1.403002143E0,9.627084732E0,9.741274412E0
4.096286551E0,-4.908113480E-1,1.405396342E0,9.631873131E0,9.746230793E0
4.098286199E0,-4.692635238E-1,1.405396342E0,9.653421402E0,9.766467729E0
4.100286278E0,-4.548983276E-1,1.414973259E0,9.655815125E0,9.769536710E0
4.102285809E0,-4.453215301E-1,1.414973259E0,9.667786598E0,9.780928294E0
4.104285574E0,-4.333505034E-1,1.426944256E0,9.674968719E0,9.789227870E0
4.106285418E0,-4.165911078E-1,1.429338455E0,9.684545517E0,9.798315082E0
4.108286317E0,-3.902548850E-1,1.438915253E0,9.708487511E0,9.822296357E0
4.110286356E0,-3.687070608E-1,1.436521053E0,9.713275909E0,9.825846860E0
4.112286668E0,-3.615244627E-1,1.441309452E0,9.725247383E0,9.838115141E0
4.114288074E0,-3.495534360E-1,1.453280449E0,9.727641106E0,9.841809445E0
4.116288895E0,-3.280056417E-1,1.455674648E0,9.734824181E0,9.848521626E0
4.118288973E0,-3.040636182E-1,1.477222443E0,9.744400978E0,9.860425511E0
4.120289754E0,-2.825157940E-1,1.489193439E0,9.742006302E0,9.859218988E0
4.122290887E0,-2.729389966E-1,1.498770237E0,9.732429504E0,9.850938634E0
4.124292840E0,-2.537853718E-1,1.508347034E0,9.749189377E0,9.868445232E0
4.126294637E0,-2.346317619E-1,1.515529633E0,9.744400978E0,9.864341466E0
4.128297215E0,-2.226607651E-1,1.513135433E0,9.734824181E0,9.854235561E0
4.130298973E0,-2.130839527E-1,1.513135433E0,9.725247383E0,9.844562980E0
4.132300613E0,-2.011129409E-1,1.520318031E0,9.708487511E0,9.828862756E0
4.134301004E0,-1.891419291E-1,1.527500629E0,9.703699112E0,9.825009379E0
4.136301629E0,-1.723825186E-1,1.529894829E0,9.679757118E0,9.801428048E0
4.138301707E0,-1.651999205E-1,1.534683347E0,9.646238327E0,9.768953775E0
4.140301434E0,-1.532289088E-1,1.532289028E0,9.636661530E0,9.758925873E0
4.142301317E0,-1.460463107E-1,1.539471745E0,9.629479408E0,9.752854785E0
4.144301863E0,-1.388636976E-1,1.537077546E0,9.615114212E0,9.738188323E0
4.146302488E0,-1.340752989E-1,1.532289028E0,9.586383820E0,9.708997919E0
4.148303270E0,-1.388636976E-1,1.544260144E0,9.574412346E0,9.699143998E0
4.150303895E0,-1.460463107E-1,1.539471745E0,9.552865028E0,9.677217215E0
4.152303660E0,-1.628057212E-1,1.546654344E0,9.550470352E0,9.676266290E0
4.154304051E0,-1.628057212E-1,1.544260144E0,9.557653427E0,9.682973930E0
4.156303778E0,-1.819593310E-1,1.546654344E0,9.545681953E0,9.671881555E0
4.158303699E0,-1.939303428E-1,1.544260144E0,9.543288231E0,9.669369092E0
4.160303543E0,-2.178723514E-1,1.553836942E0,9.540893555E0,9.669049975E0
4.162303465E0,-2.322375625E-1,1.563413739E0,9.543288231E0,9.673290395E0
4.164303621E0,-2.513911724E-1,1.549048543E0,9.557653427E0,9.685633069E0
4.166303348E0,-2.753331959E-1,1.549048543E0,9.564835548E0,9.693370870E0
4.168303270E0,-2.896983922E-1,1.532289028E0,9.572018623E0,9.698215060E0
4.170301863E0,-3.016694188E-1,1.522712231E0,9.591172218E0,9.715978669E0
4.172301082E0,-3.280056417E-1,1.522712231E0,9.600749016E0,9.726285103E0
4.174299949E0,-3.327940404E-1,1.515529633E0,9.603142738E0,9.727688954E0
4.176299637E0,-3.423708379E-1,1.505952835E0,9.619902611E0,9.743081544E0
4.178300379E0,-3.519476354E-1,1.491587639E0,9.624691010E0,9.745941609E0
4.180299598E0,-3.639186621E-1,1.472434044E0,9.624691010E0,9.743468368E0
4.182299949E0,-3.758896589E-1,1.462857246E0,9.643844604E0,9.761402723E0
4.184299754E0,-3.806780577E-1,1.460463047E0,9.655815125E0,9.773056524E0
4.186299520E0,-3.687070608E-1,1.443703651E0,9.655815125E0,9.770107003E0
4.188299168E0,-3.687070608E-1,1.417367458E0,9.670180321E0,9.780453100E0
4.190297645E0,-3.711012602E-1,1.407790542E0,9.665391922E0,9.774425372E0
4.192296551E0,-3.663128614E-1,1.391031146E0,9.646238327E0,9.752900421E0
4.194296395E0,-3.663128614E-1,1.379060149E0,9.631873131E0,9.736989885E0
4.196296317E0,-3.663128614E-1,1.367089152E0,9.624691010E0,9.728195870E0
4.198295613E0,-3.639186621E-1,1.359906554E0,9.591172218E0,9.693934555E0
4.200294832E0,-3.734954596E-1,1.343147159E0,9.583989143E0,9.684853693E0
4.202294832E0,-3.734954596E-1,1.331176162E0,9.557653427E0,9.657135593E0
4.204294910E0,-3.758896589E-1,1.331176162E0,9.560047150E0,9.659597534E0
4.206293543E0,-3.878606856E-1,1.333570361E0,9.545681953E0,9.646185245E0
4.208292410E0,-4.070142806E-1,1.347935557E0,9.536105156E0,9.639496483E0
4.210292528E0,-4.141969085E-1,1.350329757E0,9.540893555E0,9.644874253E0
4.212292293E0,-4.357447028E-1,1.359906554E0,9.538499832E0,9.644801622E0
4.214291512E0,-4.501099288E-1,1.379060149E0,9.536105156E0,9.645812946E0
4.216290067E0,-4.740519226E-1,1.391031146E0,9.543288231E0,9.655777707E0
4.218288543E0,-4.860229492E-1,1.407790542E0,9.550470352E0,9.665897603E0
4.220288387E0,-4.932055473E-1,1.424550056E0,9.567230225E0,9.685271744E0
4.222287762E0,-5.003881454E-1,1.429338455E0,9.569623947E0,9.688709883E0
4.224286707E0,-5.051765442E-1,1.438915253E0,9.588777542E0,9.709291179E0
4.226286238E0,-5.147533417E-1,1.448492050E0,9.607931137E0,9.730130572E0
4.228285653E0,-5.123591423E-1,1.450886250E0,9.627084732E0,9.749273985E0
4.230285145E0,-5.099649429E-1,1.470039845E0,9.653421402E0,9.778017496E0
4.232284754E0,-5.003881454E-1,1.465251446E0,9.674968719E0,9.798079905E0
4.234283973E0,-4.884171486E-1,1.474828243E0,9.710882187E0,9.834373519E0
4.236283817E0,-4.812345505E-1,1.484405041E0,9.713275909E0,9.837823637E0
4.238283699E0,-4.764461517E-1,1.484405041E0,9.730035782E0,9.854139007E0
4.240283895E0,-4.572925270E-1,1.484405041E0,9.746794701E0,9.869781240E0
4.242283309E0,-4.333505034E-1,1.489193439E0,9.775525093E0,9.897796755E0
4.244282410E0,-4.094084799E-1,1.489193439E0,9.775525093E0,9.896777417E0
4.246282059E0,-3.782838583E-1,1.482010841E0,9.780313492E0,9.899191220E0
4.248281512E0,-3.567360640E-1,1.479616642E0,9.777919769E0,9.895667792E0
4.250281004E0,-3.327940404E-1,1.479616642E0,9.768342972E0,9.885370084E0
4.252281082E0,-3.232172430E-1,1.479616642E0,9.761159897E0,9.877954106E0
4.254280692E0,-3.064578176E-1,1.474828243E0,9.758766174E0,9.874338053E0
4.256280535E0,-2.896983922E-1,1.460463047E0,9.737217903E0,9.850395422E0
4.258280692E0,-2.753331959E-1,1.443703651E0,9.715670586E0,9.826206976E0
4.260280184E0,-2.657563984E-1,1.450886250E0,9.703699112E0,9.815165502E0
4.262278074E0,-2.537853718E-1,1.448492050E0,9.689333916E0,9.800292239E0
4.264276395E0,-2.585737705E-1,1.448492050E0,9.689333916E0,9.800417407E0
4.266275184E0,-2.609679997E-1,1.458068848E0,9.684545517E0,9.797167495E0
4.268273817E0,-2.633621991E-1,1.462857246E0,9.682151794E0,9.795579326E0
4.270272137E0,-2.705447972E-1,1.474828243E0,9.679757118E0,9.795203454E0
4.272270262E0,-2.777273953E-1,1.482010841E0,9.679757118E0,9.796488478E0
4.274268699E0,-2.920926213E-1,1.482010841E0,9.710882187E0,9.827660306E0
4.276266903E0,-2.992752194E-1,1.493981838E0,9.701305389E0,9.820227780E0
4.278266004E0,-3.184288144E-1,1.501164436E0,9.698910713E0,9.819560102E0
4.280264754E0,-3.160346150E-1,1.503558636E0,9.713275909E0,9.834037591E0
4.282262723E0,-3.256114423E-1,1.520318031E0,9.725247383E0,9.848747453E0
4.284262215E0,-3.351882398E-1,1.522712231E0,9.727641106E0,9.851802128E0
4.286261590E0,-3.327940404E-1,1.525106430E0,9.742006302E0,9.866275299E0
4.288260770E0,-3.256114423E-1,1.534683347E0,9.746794701E0,9.872248109E0
4.290260613E0,-3.208230138E-1,1.527500629E0,9.765948296E0,9.889890378E0
4.292259324E0,-3.232172430E-1,1.529894829E0,9.773131371E0,9.897431200E0
4.294257996E0,-3.136404157E-1,1.529894829E0,9.777919769E0,9.901851519E0
4.296256317E0,-3.064578176E-1,1.517923832E0,9.792284966E0,9.913972665E0
4.298254676E0,-2.968810201E-1,1.513135433E0,9.789890289E0,9.910583689E0
4.300253231E0,-2.873041928E-1,1.513135433E0,9.797073364E0,9.917397292E0
4.302251551E0,-2.825157940E-1,1.501164436E0,9.797073364E0,9.915440300E0
4.304249793E0,-2.825157940E-1,1.493981838E0,9.789890289E0,9.907257379E0
4.306248348E0,-2.705447972E-1,1.498770237E0,9.797073364E0,9.914744233E0
4.308248035E0,-2.657563984E-1,1.489193439E0,9.794678688E0,9.910804920E0
4.310247332E0,-2.633621991E-1,1.498770237E0,9.799467087E0,9.916916207E0
4.312246512E0,-2.561795712E-1,1.496376038E0,9.804255486E0,9.921098470E0
4.314245379E0,-2.609679997E-1,1.489193439E0,9.789890289E0,9.905945350E0
4.316244442E0,-2.657563984E-1,1.489193439E0,9.775525093E0,9.891876182E0
4.318243270E0,-2.633621991E-1,1.489193439E0,9.751583099E0,9.868152294E0
4.320243660E0,-2.801215947E-1,1.491587639E0,9.739612579E0,9.857147406E0
4.322243231E0,-2.849099934E-1,1.486799240E0,9.718064308E0,9.835269167E0
4.324243270E0,-2.968810201E-1,1.491587639E0,9.703699112E0,9.822156000E0
4.326243699E0,-3.160346150E-1,1.493981838E0,9.674968719E0,9.794737328E0
4.328243543E0,-3.351882398E-1,1.491587639E0,9.670180321E0,9.790279479E0
4.330243192E0,-3.423708379E-1,1.493981838E0,9.670180321E0,9.790893062E0
4.332243465E0,-3.471592367E-1,1.493981838E0,9.658209801E0,9.779239123E0
4.334243660E0,-3.639186621E-1,1.489193439E0,9.651026726E0,9.772023882E0
4.336243465E0,-3.758896589E-1,1.501164436E0,9.634267807E0,9.757761212E0
4.338244168E0,-3.782838583E-1,1.505952835E0,9.622296333E0,9.746772766E0
4.340244754E0,-3.854664862E-1,1.510741234E0,9.612719536E0,9.738341767E0
4.342244715E0,-3.902548850E-1,1.505952835E0,9.615114212E0,9.740154728E0
4.344245535E0,-4.022258818E-1,1.515529633E0,9.598354340E0,9.725585934E0
4.346245379E0,-4.022258818E-1,1.513135433E0,9.598354340E0,9.725213135E0
4.348245496E0,-4.046200812E-1,1.510741234E0,9.595960617E0,9.722577675E0
4.350245613E0,-4.118026793E-1,1.508347034E0,9.605537415E0,9.731959784E0
4.352244793E0,-3.998316824E-1,1.501164436E0,9.629479408E0,9.753985530E0
4.354243973E0,-3.926490843E-1,1.496376038E0,9.639056206E0,9.762413589E0
4.356243035E0,-3.902548850E-1,1.482010841E0,9.636661530E0,9.757761036E0
4.358242176E0,-3.782838583E-1,1.472434044E0,9.641449928E0,9.760569523E0
4.360241629E0,-3.687070608E-1,1.462857246E0,9.655815125E0,9.772955640E0
4.362240613E0,-3.639186621E-1,1.460463047E0,9.662998199E0,9.779515494E0
4.364240418E0,-3.519476354E-1,1.470039845E0,9.665391922E0,9.782877148E0
4.366240106E0,-3.351882398E-1,1.462857246E0,9.674968719E0,9.790675268E0
4.368239637E0,-3.256114423E-1,1.441309452E0,9.674968719E0,9.787155637E0
4.370239559E0,-3.184288144E-1,1.438915253E0,9.679757118E0,9.791300827E0
4.372239910E0,-3.088520169E-1,1.438915253E0,9.694122314E0,9.805196282E0
4.374240184E0,-2.992752194E-1,1.441309452E0,9.686940193E0,9.798150280E0
4.376240457E0,-3.016694188E-1,1.431732655E0,9.670180321E0,9.780247966E0
4.378241004E0,-2.992752194E-1,1.426944256E0,9.665391922E0,9.774739719E0
4.380240262E0,-2.944868207E-1,1.438915253E0,9.665391922E0,9.776349042E0
4.382240379E0,-2.992752194E-1,1.438915253E0,9.655815125E0,9.767026594E0
4.384240340E0,-2.968810201E-1,1.441309452E0,9.653421402E0,9.764940145E0
4.386239246E0,-3.088520169E-1,1.446097851E0,9.641449928E0,9.754186039E0
4.388239481E0,-3.016694188E-1,1.443703651E0,9.615114212E0,9.727574517E0
4.390239051E0,-3.064578176E-1,1.455674648E0,9.612719536E0,9.727141510E0
4.392237957E0,-3.112462163E-1,1.453280449E0,9.586383820E0,9.700909906E0
4.394236824E0,-3.160346150E-1,1.458068848E0,9.579200745E0,9.694685634E0
4.396236395E0,-3.280056417E-1,1.470039845E0,9.574412346E0,9.692160575E0
4.398237293E0,-3.184288144E-1,1.482010841E0,9.572018623E0,9.691299891E0
4.400237918E0,-3.136404157E-1,1.503558636E0,9.579200745E0,9.701553782E0
4.402238778E0,-3.160346150E-1,1.515529633E0,9.581595421E0,9.705857961E0
4.404239910E0,-3.136404157E-1,1.517923832E0,9.564835548E0,9.689610010E0
4.406240692E0,-3.112462163E-1,1.522712231E0,9.564835548E0,9.690284093E0
4.408241160E0,-3.064578176E-1,1.532289028E0,9.567230225E0,9.694004344E0
4.410241590E0,-3.040636182E-1,1.534683347E0,9.572018623E0,9.699033363E0
4.412242176E0,-2.920926213E-1,1.539471745E0,9.567230225E0,9.694698836E0
4.414242293E0,-2.753331959E-1,1.546654344E0,9.560047150E0,9.688263494E0
4.416242449E0,-2.777273953E-1,1.529894829E0,9.569623947E0,9.695123165E0
4.418242762E0,-2.753331959E-1,1.532289028E0,9.579200745E0,9.704885622E0
4.420242801E0,-2.801215947E-1,1.537077546E0,9.576807022E0,9.703417348E0
4.422243778E0,-2.801215947E-1,1.527500629E0,9.579200745E0,9.704267782E0
4.424244285E0,-2.849099934E-1,1.513135433E0,9.588777542E0,9.711611982E0
4.426245574E0,-2.873041928E-1,1.503558636E0,9.586383820E0,9.707831221E0
4.428247020E0,-2.825157940E-1,1.501164436E0,9.591172218E0,9.712048927E0
4.430248270E0,-2.849099934E-1,1.510741234E0,9.579200745E0,9.701783325E0
4.432250301E0,-2.705447972E-1,1.501164436E0,9.598354340E0,9.718801118E0
4.434251082E0,-2.657563984E-1,1.489193439E0,9.607931137E0,9.726287282E0
4.436251903E0,-2.681505978E-1,1.486799240E0,9.612719536E0,9.730717014E0
4.438253621E0,-2.705447972E-1,1.479616642E0,9.624691010E0,9.741516151E0
4.440255223E0,-2.609679997E-1,1.474828243E0,9.627084732E0,9.742893979E0
4.442255692E0,-2.609679997E-1,1.470039845E0,9.634267807E0,9.749268568E0
4.444256434E0,-2.561795712E-1,1.460463047E0,9.636661530E0,9.750067985E0
4.446257528E0,-2.537853718E-1,1.450886250E0,9.631873131E0,9.743842052E0
4.448258270E0,-2.633621991E-1,1.434126854E0,9.629479408E0,9.739248080E0
4.450259207E0,-2.657563984E-1,1.429338455E0,9.639056206E0,9.748078755E0
4.452259754E0,-2.801215947E-1,1.426944256E0,9.643844604E0,9.752865055E0
4.454260145E0,-3.064578176E-1,1.424550056E0,9.639056206E0,9.748572398E0
4.456260418E0,-3.232172430E-1,1.438915253E0,9.641449928E0,9.753589248E0
4.458260145E0,-3.280056417E-1,1.441309452E0,9.641449928E0,9.754102591E0
4.460259207E0,-3.591302633E-1,1.438915253E0,9.655815125E0,9.769043831E0
4.462259012E0,-3.711012602E-1,1.453280449E0,9.655815125E0,9.771617365E0
4.464259403E0,-3.878606856E-1,1.455674648E0,9.677363396E0,9.793915810E0
4.466260340E0,-3.998316824E-1,1.477222443E0,9.684545517E0,9.804716895E0
4.468260770E0,-4.094084799E-1,1.477222443E0,9.684545517E0,9.805112101E0
4.470261824E0,-4.094084799E-1,1.477222443E0,9.682151794E0,9.802747820E0
4.472263543E0,-4.118026793E-1,1.474828243E0,9.696516991E0,9.816676706E0
4.474265574E0,-4.118026793E-1,1.479616642E0,9.696516991E0,9.817397242E0
4.476267996E0,-4.094084799E-1,1.486799240E0,9.696516991E0,9.818382200E0
4.478269598E0,-3.902548850E-1,1.486799240E0,9.703699112E0,9.824695787E0
4.480270340E0,-4.046200812E-1,1.486799240E0,9.691728592E0,9.813454666E0
4.482271863E0,-3.974374831E-1,1.482010841E0,9.686940193E0,9.807707326E0
4.484274363E0,-4.022258818E-1,1.472434044E0,9.674968719E0,9.794634623E0
4.486275887E0,-4.070142806E-1,1.474828243E0,9.674968719E0,9.795192632E0
4.488276942E0,-4.070142806E-1,1.477222443E0,9.672574997E0,9.793189156E0
4.490277371E0,-3.998316824E-1,1.489193439E0,9.674968719E0,9.797070082E0
4.492277918E0,-3.902548850E-1,1.482010841E0,9.667786598E0,9.788501045E0
4.494278817E0,-3.830722570E-1,1.484405041E0,9.660603523E0,9.781485731E0
4.496278934E0,-3.663128614E-1,1.482010841E0,9.648633003E0,9.768657025E0
4.498279793E0,-3.519476354E-1,1.465251446E0,9.622296333E0,9.739579850E0
4.500279715E0,-3.375824392E-1,1.458068848E0,9.605537415E0,9.721433829E0
4.502279481E0,-3.303998411E-1,1.441309452E0,9.591172218E0,9.704489761E0
4.504279363E0,-3.303998411E-1,1.434126854E0,9.593565941E0,9.705791640E0
4.506279559E0,-3.136404157E-1,1.429338455E0,9.579200745E0,9.690328459E0
4.508279481E0,-2.968810201E-1,1.422155857E0,9.564835548E0,9.674541058E0
4.510279832E0,-2.992752194E-1,1.429338455E0,9.564835548E0,9.675673266E0
4.512279949E0,-3.064578176E-1,1.438915253E0,9.557653427E0,9.670218846E0
4.514280145E0,-3.112462163E-1,1.453280449E0,9.545681953E0,9.660690567E0
4.516280340E0,-3.160346150E-1,1.482010841E0,9.572018623E0,9.691221519E0
4.518280770E0,-3.303998411E-1,1.501164436E0,9.586383820E0,9.708831725E0
4.520280809E0,-3.375824392E-1,1.501164436E0,9.600749016E0,9.723262736E0
4.522280965E0,-3.471592367E-1,1.515529633E0,9.600749016E0,9.725828050E0
4.524280653E0,-3.471592367E-1,1.546654344E0,9.622296333E0,9.751986768E0
4.526280574E0,-3.471592367E-1,1.549048543E0,9.653421402E0,9.783078027E0
4.528281473E0,-3.423708379E-1,1.553836942E0,9.670180321E0,9.800204818E0
4.530281824E0,-3.351882398E-1,1.558625340E0,9.674968719E0,9.805441542E0
4.532282293E0,-3.208230138E-1,1.556231141E0,9.691728592E0,9.821119380E0
4.534283387E0,-3.064578176E-1,1.549048543E0,9.698910713E0,9.826613700E0
4.536284363E0,-2.944868207E-1,1.539471745E0,9.713275909E0,9.838923957E0
4.538285574E0,-2.705447972E-1,1.515529633E0,9.742006302E0,9.862895687E0
4.540286356E0,-2.489969730E-1,1.515529633E0,9.753977776E0,9.874153736E0
4.542286942E0,-2.394201756E-1,1.510741234E0,9.751583099E0,9.870817293E0
4.544287606E0,-2.250549644E-1,1.496376038E0,9.765948296E0,9.882486382E0
4.546288426E0,-2.274491638E-1,1.486799240E0,9.763554573E0,9.878729827E0
4.548289363E0,-2.274491638E-1,1.489193439E0,9.765948296E0,9.881456185E0
4.550289637E0,-2.226607651E-1,1.477222443E0,9.765948296E0,9.879550095E0
4.552290223E0,-2.178723514E-1,1.470039845E0,9.761159897E0,9.873638035E0
4.554290731E0,-2.370259613E-1,1.460463047E0,9.751583099E0,9.863189472E0
4.556291512E0,-2.537853718E-1,1.465251446E0,9.744400978E0,9.857216607E0
4.558292293E0,-2.681505978E-1,1.450886250E0,9.722852707E0,9.834166991E0
4.560293192E0,-2.825157940E-1,1.462857246E0,9.703699112E0,9.817410196E0
4.562294012E0,-3.064578176E-1,1.472434044E0,9.684545517E0,9.800632647E0
4.564294949E0,-3.351882398E-1,1.460463047E0,9.679757118E0,9.795049838E0
4.566295926E0,-3.687070608E-1,1.455674648E0,9.667786598E0,9.783712551E0
4.568296903E0,-3.854664862E-1,1.458068848E0,9.662998199E0,9.779983813E0
4.570296903E0,-4.118026793E-1,1.458068848E0,9.655815125E0,9.773960913E0
4.572297410E0,-4.333505034E-1,1.455674648E0,9.643844604E0,9.762710694E0
4.574297371E0,-4.525041282E-1,1.465251446E0,9.636661530E0,9.757918181E0
4.576296707E0,-4.644751251E-1,1.465251446E0,9.624691010E0,9.746659734E0
4.578296981E0,-4.764461517E-1,1.474828243E0,9.612719536E0,9.736862747E0
4.580298153E0,-4.955997467E-1,1.474828243E0,9.610325813E0,9.735455803E0
4.582298270E0,-5.051765442E-1,1.470039845E0,9.619902611E0,9.744677867E0
4.584298778E0,-5.027823448E-1,1.470039845E0,9.627084732E0,9.751644357E0
4.586300145E0,-5.003881454E-1,1.467645645E0,9.631873131E0,9.755888070E0
4.588300653E0,-4.955997467E-1,1.465251446E0,9.641449928E0,9.764739506E0
4.590300692E0,-4.884171486E-1,1.467645645E0,9.648633003E0,9.771829608E0
4.592299910E0,-4.716577232E-1,1.474828243E0,9.660603523E0,9.783907184E0
4.594299793E0,-4.572925270E-1,1.472434044E0,9.682151794E0,9.804144116E0
4.596299910E0,-4.357447028E-1,1.477222443E0,9.679757118E0,9.801518120E0
4.598300340E0,-4.165911078E-1,1.479616642E0,9.701305389E0,9.822328635E0
4.600300692E0,-4.070142806E-1,1.477222443E0,9.710882187E0,9.831026377E0
4.602301434E0,-3.830722570E-1,1.479616642E0,9.710882187E0,9.830424335E0
4.604302918E0,-3.567360640E-1,1.465251446E0,9.720458984E0,9.836744649E0
4.606303817E0,-3.303998411E-1,1.467645645E0,9.734824181E0,9.850378146E0
4.608304012E0,-2.992752194E-1,1.462857246E0,9.734824181E0,9.848670916E0
4.610304285E0,-2.609679997E-1,1.443703651E0,9.739612579E0,9.849489211E0
4.612304598E0,-2.394201756E-1,1.446097851E0,9.727641106E0,9.837455082E0
4.614304168E0,-2.298433632E-1,1.443703651E0,9.720458984E0,9.829772687E0
4.616305028E0,-2.178723514E-1,1.436521053E0,9.708487511E0,9.816607909E0
4.618306473E0,-2.178723514E-1,1.419761658E0,9.672574997E0,9.778645029E0
4.620307488E0,-2.298433632E-1,1.424550056E0,9.651026726E0,9.758303526E0
4.622308582E0,-2.489969730E-1,1.422155857E0,9.619902611E0,9.727643755E0
4.624309012E0,-2.681505978E-1,1.419761658E0,9.617507935E0,9.725435043E0
4.626309754E0,-2.944868207E-1,1.446097851E0,9.603142738E0,9.715877312E0
4.628310262E0,-3.232172430E-1,1.446097851E0,9.598354340E0,9.712058196E0
4.630311238E0,-3.375824392E-1,1.448492050E0,9.593565941E0,9.708171743E0
4.632312098E0,-3.711012602E-1,1.455674648E0,9.581595421E0,9.698642979E0
4.634313035E0,-4.094084799E-1,1.462857246E0,9.576807022E0,9.696535431E0
4.636314481E0,-4.309563041E-1,1.465251446E0,9.564835548E0,9.686008683E0
4.638316238E0,-4.548983276E-1,1.470039845E0,9.557653427E0,9.680738023E0
4.640317488E0,-4.620809257E-1,1.467645645E0,9.557653427E0,9.680714930E0
4.642318504E0,-4.716577232E-1,1.479616642E0,9.574412346E0,9.699541133E0
4.644319090E0,-4.692635238E-1,1.474828243E0,9.581595421E0,9.705786800E0
4.646320574E0,-4.692635238E-1,1.472434044E0,9.579200745E0,9.703059166E0
4.648322918E0,-4.740519226E-1,1.472434044E0,9.591172218E0,9.715110486E0
4.650324129E0,-4.668693244E-1,1.453280449E0,9.610325813E0,9.730794072E0
4.652325301E0,-4.716577232E-1,1.462857246E0,9.622296333E0,9.744280325E0
4.654326395E0,-4.596867263E-1,1.460463047E0,9.655815125E0,9.776452829E0
4.656328035E0,-4.525041282E-1,1.462857246E0,9.672574997E0,9.793029071E0
4.658329559E0,-4.405331016E-1,1.477222443E0,9.698910713E0,9.820647870E0
4.660330926E0,-4.261679053E-1,1.477222443E0,9.737217903E0,9.857850563E0
4.662333192E0,-4.141969085E-1,1.472434044E0,9.746794701E0,9.866084737E0
4.664335340E0,-4.046200812E-1,1.477222443E0,9.751583099E0,9.871133496E0
4.666337293E0,-4.094084799E-1,1.489193439E0,9.763554573E0,9.884953733E0
4.668337410E0,-4.118026793E-1,1.486799240E0,9.782708168E0,9.903612095E0
4.670338778E0,-4.118026793E-1,1.498770237E0,9.797073364E0,9.919603832E0
4.672339403E0,-4.070142806E-1,1.501164436E0,9.813833237E0,9.936321155E0
4.674340340E0,-4.094084799E-1,1.513135433E0,9.823410034E0,9.947692136E0
4.676341043E0,-4.189853072E-1,1.515529633E0,9.840168953E0,9.965003953E0
4.678342371E0,-4.213795066E-1,1.517923832E0,9.856928825E0,9.982018800E0
4.680343934E0,-4.141969085E-1,1.534683347E0,9.864110947E0,9.991371118E0
4.682344793E0,-4.189853072E-1,1.546654344E0,9.880870819E0,1.000995986E1
4.684346629E0,-4.189853072E-1,1.551442742E0,9.888052940E0,1.001778989E1
4.686348817E0,-4.141969085E-1,1.568202138E0,9.897629738E0,1.002965061E1
4.688349871E0,-4.118026793E-1,1.584961534E0,9.902418137E0,1.003691035E1
4.690351707E0,-4.070142806E-1,1.592144132E0,9.907206535E0,1.004257561E1
4.692352567E0,-3.998316824E-1,1.601720929E0,9.911994934E0,1.004853317E1
4.694353856E0,-3.974374831E-1,1.599326730E0,9.911994934E0,1.004805683E1
4.696354988E0,-3.950432837E-1,1.599326730E0,9.902418137E0,1.003851534E1
4.698356395E0,-3.687070608E-1,1.601720929E0,9.895236015E0,1.003081007E1
4.700357762E0,-3.471592367E-1,1.592144132E0,9.895236015E0,1.002851625E1
4.702359207E0,-3.399766386E-1,1.594538331E0,9.876082420E0,1.000975227E1
4.704361082E0,-3.399766386E-1,1.589749932E0,9.868899345E0,1.000190298E1
4.706364168E0,-3.399766386E-1,1.604115129E0,9.873687744E0,1.000891998E1
4.708365770E0,-3.519476354E-1,1.611297727E0,9.866505623E0,1.000340346E1
4.710368192E0,-3.639186621E-1,1.616086125E0,9.852140427E0,9.990437535E0
4.712370067E0,-3.758896589E-1,1.616086125E0,9.844957352E0,9.983797507E0
4.714371473E0,-3.854664862E-1,1.611297727E0,9.847352028E0,9.985750184E0
4.716373348E0,-3.926490843E-1,1.618480325E0,9.842563629E0,9.982470168E0
4.718375613E0,-3.974374831E-1,1.623268723E0,9.854534149E0,9.995238927E0
4.720377801E0,-4.070142806E-1,1.630451322E0,9.861717224E0,1.000387419E1
4.722379246E0,-4.141969085E-1,1.620874524E0,9.837775230E0,9.979008708E0
4.724381668E0,-4.165911078E-1,1.608903527E0,9.816226959E0,9.955924388E0
4.726383699E0,-4.094084799E-1,1.601720929E0,9.804255486E0,9.942663168E0
4.728385965E0,-4.118026793E-1,1.601720929E0,9.792284966E0,9.930958475E0
4.730386981E0,-4.046200812E-1,1.584961534E0,9.775525093E0,9.911443453E0
4.732388270E0,-4.046200812E-1,1.570596337E0,9.753977776E0,9.887900319E0
4.734389832E0,-3.998316824E-1,1.565807939E0,9.742006302E0,9.875135779E0
4.736391512E0,-4.022258818E-1,1.565807939E0,9.727641106E0,9.861061892E0
4.738392840E0,-3.950432837E-1,1.558625340E0,9.706093788E0,9.838375312E0
4.740393699E0,-3.902548850E-1,1.561019540E0,9.696516991E0,9.829116066E0
4.742395379E0,-3.926490843E-1,1.553836942E0,9.694122314E0,9.825710661E0
4.744396668E0,-3.902548850E-1,1.565807939E0,9.684545517E0,9.818068814E0
4.746398270E0,-3.950432837E-1,1.568202138E0,9.679757118E0,9.813919452E0
4.748399324E0,-3.854664862E-1,1.572990537E0,9.655815125E0,9.790691976E0
4.750400067E0,-3.902548850E-1,1.572990537E0,9.622296333E0,9.757826850E0
4.752400809E0,-3.950432837E-1,1.568202138E0,9.603142738E0,9.738360622E0
4.754400770E0,-3.950432837E-1,1.568202138E0,9.595960617E0,9.731278298E0
4.756401317E0,-3.902548850E-1,1.565807939E0,9.572018623E0,9.707089878E0
4.758402371E0,-3.902548850E-1,1.561019540E0,9.557653427E0,9.692152491E0
4.760403035E0,-3.878606856E-1,1.551442742E0,9.528923035E0,9.662183226E0
4.762403074E0,-3.854664862E-1,1.534683347E0,9.507374763E0,9.638153987E0
4.764404481E0,-3.591302633E-1,1.529894829E0,9.493009567E0,9.622202626E0
4.766405496E0,-3.495534360E-1,1.541865945E0,9.483432770E0,9.614314083E0
4.768406903E0,-3.447650373E-1,1.558625340E0,9.469067574E0,9.602677574E0
4.770408035E0,-3.495534360E-1,1.575384736E0,9.469067574E0,9.605585114E0
4.772409090E0,-3.567360640E-1,1.577778935E0,9.452308655E0,9.589722931E0
4.774409324E0,-3.591302633E-1,1.575384736E0,9.445125580E0,9.582338380E0
4.776408660E0,-3.663128614E-1,1.570596337E0,9.437943459E0,9.574744628E0
4.778408660E0,-3.663128614E-1,1.561019540E0,9.428366661E0,9.563736979E0
4.780408660E0,-3.734954596E-1,1.568202138E0,9.435548782E0,9.572269200E0
4.782409012E0,-3.830722570E-1,1.575384736E0,9.425971985E0,9.564388599E0
4.784409363E0,-4.070142806E-1,1.589749932E0,9.433155060E0,9.574830539E0
4.786410067E0,-4.333505034E-1,1.601720929E0,9.464279175E0,9.608635850E0
4.788411043E0,-4.501099288E-1,1.616086125E0,9.485827446E0,9.633029412E0
4.790411551E0,-4.572925270E-1,1.616086125E0,9.493009567E0,9.640439900E0
4.792412215E0,-4.668693244E-1,1.616086125E0,9.516951561E0,9.664474551E0
4.794412371E0,-4.692635238E-1,1.620874524E0,9.533711433E0,9.681895278E0
4.796413309E0,-4.620809257E-1,1.611297727E0,9.562441826E0,9.708248700E0
4.798413543E0,-4.525041282E-1,1.606509328E0,9.569623947E0,9.714079200E0
4.800414598E0,-4.453215301E-1,1.601720929E0,9.581595421E0,9.724751514E0
4.802415496E0,-4.525041282E-1,1.594538331E0,9.603142738E0,9.745135347E0
4.804416707E0,-4.477157295E-1,1.592144132E0,9.617507935E0,9.758679787E0
4.806417567E0,-4.477157295E-1,1.584961534E0,9.629479408E0,9.769310421E0
4.808419559E0,-4.548983276E-1,1.582567334E0,9.643844604E0,9.783414057E0
4.810421043E0,-4.501099288E-1,1.580173135E0,9.648633003E0,9.787525985E0
4.812423192E0,-4.405331016E-1,1.582567334E0,9.658209801E0,9.796918155E0
4.814425223E0,-4.357447028E-1,1.568202138E0,9.698910713E0,9.834531022E0
4.816426551E0,-4.453215301E-1,1.556231141E0,9.703699112E0,9.837781411E0
4.818428504E0,-4.501099288E-1,1.539471745E0,9.691728592E0,9.823552072E0
4.820429637E0,-4.477157295E-1,1.532289028E0,9.682151794E0,9.812870243E0
4.822430106E0,-4.477157295E-1,1.525106430E0,9.686940193E0,9.816476420E0
4.824430770E0,-4.453215301E-1,1.503558636E0,9.684545517E0,9.810678963E0
4.826431707E0,-4.405331016E-1,1.482010841E0,9.660603523E0,9.783541587E0
4.828432410E0,-4.261679053E-1,1.477222443E0,9.634267807E0,9.756173502E0
4.830432918E0,-4.141969085E-1,1.465251446E0,9.617507935E0,9.737298380E0
4.832432371E0,-3.926490843E-1,1.453280449E0,9.612719536E0,9.729880484E0
4.834432840E0,-3.830722570E-1,1.455674648E0,9.591172218E0,9.708569285E0
4.836434246E0,-3.734954596E-1,1.448492050E0,9.579200745E0,9.695293445E0
4.838434910E0,-3.639186621E-1,1.441309452E0,9.576807022E0,9.691493304E0
4.840436317E0,-3.591302633E-1,1.453280449E0,9.567230225E0,9.683640471E0
4.842437098E0,-3.591302633E-1,1.458068848E0,9.555258751E0,9.672533748E0
4.844438699E0,-3.567360640E-1,1.470039845E0,9.526528358E0,9.645881003E0
4.846439715E0,-3.399766386E-1,1.479616642E0,9.536105156E0,9.656197547E0
4.848442020E0,-3.447650373E-1,1.477222443E0,9.521739960E0,9.641814193E0
4.850444442E0,-3.471592367E-1,1.484405041E0,9.526528358E0,9.647731362E0
4.852445262E0,-3.615244627E-1,1.486799240E0,9.536105156E0,9.658083322E0
4.854446356E0,-3.615244627E-1,1.484405041E0,9.533711433E0,9.655351467E0
4.856448035E0,-3.663128614E-1,1.472434044E0,9.526528358E0,9.646605086E0
4.858449129E0,-3.639186621E-1,1.460463047E0,9.524134636E0,9.642330095E0
4.860450848E0,-3.663128614E-1,1.446097851E0,9.512163162E0,9.628428331E0
4.862452137E0,-3.639186621E-1,1.434126854E0,9.514557838E0,9.628913100E0
4.864453231E0,-3.591302633E-1,1.414973259E0,9.500192642E0,9.611700376E0
4.866455262E0,-3.519476354E-1,1.410184860E0,9.502586365E0,9.613097113E0
4.868457996E0,-3.471592367E-1,1.400607944E0,9.514557838E0,9.623358718E0
4.870459871E0,-3.519476354E-1,1.386242747E0,9.500192642E0,9.607247074E0
4.872460809E0,-3.543418646E-1,1.405396342E0,9.481039047E0,9.591183371E0
4.874461746E0,-3.567360640E-1,1.412579060E0,9.500192642E0,9.611259046E0
4.876462410E0,-3.591302633E-1,1.414973259E0,9.502586365E0,9.614066335E0
4.878463504E0,-3.543418646E-1,1.417367458E0,9.495404243E0,9.607142677E0
4.880463504E0,-3.711012602E-1,1.429338455E0,9.495404243E0,9.609548705E0
4.882464520E0,-3.734954596E-1,1.429338455E0,9.507374763E0,9.621469855E0
4.884464676E0,-3.758896589E-1,1.434126854E0,9.502586365E0,9.617544411E0
4.886464832E0,-3.926490843E-1,1.446097851E0,9.514557838E0,9.631831765E0
4.888465692E0,-3.950432837E-1,1.458068848E0,9.512163162E0,9.631369165E0
4.890466785E0,-4.070142806E-1,1.460463047E0,9.524134636E0,9.644052753E0
4.892466629E0,-4.118026793E-1,1.467645645E0,9.538499832E0,9.659531264E0
4.894466473E0,-4.261679053E-1,1.472434044E0,9.550470352E0,9.672702055E0
4.896466160E0,-4.357447028E-1,1.465251446E0,9.562441826E0,9.683859196E0
4.898466356E0,-4.381389022E-1,1.465251446E0,9.564835548E0,9.686330913E0
4.900466590E0,-4.405331016E-1,1.455674648E0,9.574412346E0,9.694453562E0
4.902466395E0,-4.501099288E-1,1.429338455E0,9.581595421E0,9.698070848E0
4.904467567E0,-4.381389022E-1,1.398213744E0,9.569623947E0,9.681150234E0
4.906467410E0,-4.357447028E-1,1.388636947E0,9.567230225E0,9.677297153E0
4.908466942E0,-4.477157295E-1,1.369483352E0,9.538499832E0,9.646704778E0
4.910467410E0,-4.525041282E-1,1.357512355E0,9.519346237E0,9.626294851E0
4.912467567E0,-4.596867263E-1,1.352723956E0,9.516951561E0,9.623592936E0
4.914468504E0,-4.836287498E-1,1.345541358E0,9.514557838E0,9.621392268E0
4.916468699E0,-4.979939461E-1,1.355118155E0,9.504981041E0,9.614000612E0
4.918468621E0,-5.123591423E-1,1.369483352E0,9.497797966E0,9.609691085E0
4.920469207E0,-5.291185975E-1,1.376665950E0,9.493009567E0,9.606893685E0
4.922469207E0,-5.267243981E-1,1.381454349E0,9.497797966E0,9.612180861E0
4.924469403E0,-5.267243981E-1,1.391031146E0,9.500192642E0,9.615927749E0
4.926470731E0,-5.291185975E-1,1.403002143E0,9.507374763E0,9.624892539E0
4.928472098E0,-5.291185975E-1,1.424550056E0,9.497797966E0,9.618600499E0
4.930473348E0,-5.195417404E-1,1.438915253E0,9.507374763E0,9.629671626E0
4.932475379E0,-5.123591423E-1,1.441309452E0,9.507374763E0,9.629644839E0
4.934476512E0,-4.955997467E-1,1.448492050E0,9.519346237E0,9.641664852E0
4.936477645E0,-4.908113480E-1,1.458068848E0,9.526528358E0,9.649953529E0
4.938478504E0,-4.812345505E-1,1.458068848E0,9.536105156E0,9.658926079E0
4.940479715E0,-4.596867263E-1,1.465251446E0,9.548076630E0,9.670782854E0
4.942481082E0,-4.381389022E-1,1.462857246E0,9.560047150E0,9.681240547E0
4.944482098E0,-4.237737060E-1,1.458068848E0,9.557653427E0,9.677514554E0
4.946483387E0,-4.118026793E-1,1.455674648E0,9.569623947E0,9.688460797E0
4.948484754E0,-4.022258818E-1,1.462857246E0,9.567230225E0,9.686776097E0
4.950486551E0,-3.854664862E-1,1.465251446E0,9.579200745E0,9.698279905E0
4.952487528E0,-3.711012602E-1,1.462857246E0,9.586383820E0,9.704453730E0
4.954487762E0,-3.615244627E-1,1.470039845E0,9.595960617E0,9.714637268E0
4.956487801E0,-3.663128614E-1,1.472434044E0,9.610325813E0,9.729368395E0
4.958489168E0,-3.519476354E-1,1.477222443E0,9.612719536E0,9.731928388E0
4.960490028E0,-3.375824392E-1,1.477222443E0,9.622296333E0,9.740879569E0
4.962491590E0,-3.232172430E-1,1.482010841E0,9.622296333E0,9.741119661E0
4.964493895E0,-3.160346150E-1,1.479616642E0,9.615114212E0,9.733425121E0
4.966495379E0,-3.208230138E-1,1.474828243E0,9.591172218E0,9.709203380E0
4.968496512E0,-3.088520169E-1,1.482010841E0,9.581595421E0,9.700449294E0
4.970496981E0,-3.112462163E-1,1.472434044E0,9.579200745E0,9.696701662E0
4.972497684E0,-3.208230138E-1,1.472434044E0,9.576807022E0,9.694649151E0
4.974498934E0,-3.351882398E-1,1.479616642E0,9.569623947E0,9.689134071E0
4.976500770E0,-3.447650373E-1,1.498770237E0,9.569623947E0,9.692413407E0
4.978502020E0,-3.615244627E-1,1.496376038E0,9.581595421E0,9.704473813E0
4.980502645E0,-3.639186621E-1,1.493981838E0,9.581595421E0,9.704194420E0
4.982504754E0,-3.663128614E-1,1.496376038E0,9.579200745E0,9.702289073E0
4.984505653E0,-3.687070608E-1,1.513135433E0,9.576807022E0,9.702615960E0
4.986506512E0,-3.639186621E-1,1.517923832E0,9.564835548E0,9.691367737E0
4.988507606E0,-3.687070608E-1,1.517923832E0,9.555258751E0,9.682097265E0
4.990508856E0,-3.663128614E-1,1.520318031E0,9.557653427E0,9.684745276E0
4.992509871E0,-3.543418646E-1,1.525106430E0,9.550470352E0,9.677964235E0
4.994511746E0,-3.639186621E-1,1.529894829E0,9.538499832E0,9.667264040E0
4.996512488E0,-3.711012602E-1,1.527500629E0,9.526528358E0,9.655346544E0
4.998513426E0,-3.878606856E-1,1.527500629E0,9.526528358E0,9.656005212E0
5.000513543E0,-3.854664862E-1,1.522712231E0,9.514557838E0,9.643342149E0
5.002513621E0,-3.758896589E-1,1.510741234E0,9.502586365E0,9.629266832E0
5.004514363E0,-3.878606856E-1,1.510741234E0,9.495404243E0,9.622654350E0
5.006515301E0,-4.094084799E-1,1.510741234E0,9.481039047E0,9.609373330E0
5.008515965E0,-4.309563041E-1,1.510741234E0,9.454702377E0,9.584334064E0
5.010517293E0,-4.692635238E-1,1.510741234E0,9.449913979E0,9.581410206E0
5.012519168E0,-4.836287498E-1,1.498770237E0,9.440337181E0,9.570798038E0
5.014520496E0,-5.195417404E-1,1.493981838E0,9.430760384E0,9.562486432E0
5.016521356E0,-5.506663918E-1,1.491587639E0,9.437943459E0,9.570937461E0
5.018522332E0,-5.793967843E-1,1.493981838E0,9.457097054E0,9.591890692E0
5.020523465E0,-5.961562395E-1,1.489193439E0,9.469067574E0,9.603975223E0
5.022524598E0,-6.105214357E-1,1.486799240E0,9.469067574E0,9.604506709E0
5.024524637E0,-6.200982332E-1,1.472434044E0,9.471462250E0,9.605268397E0
5.026524012E0,-6.344634295E-1,1.467645645E0,9.471462250E0,9.605473686E0
5.028523309E0,-6.368576288E-1,1.467645645E0,9.471462250E0,9.605632125E0
5.030523817E0,-6.200982332E-1,1.462857246E0,9.478644371E0,9.610888214E0
5.032524403E0,-6.057330370E-1,1.453280449E0,9.485827446E0,9.615604969E0
5.034525067E0,-5.985504389E-1,1.438915253E0,9.478644371E0,9.605906456E0
5.036525887E0,-5.937620401E-1,1.438915253E0,9.466673851E0,9.593797177E0
5.038526707E0,-5.793967843E-1,1.441309452E0,9.459490776E0,9.586190031E0
5.040527918E0,-5.530605912E-1,1.448492050E0,9.461885452E0,9.588080181E0
5.042528426E0,-5.434837937E-1,1.436521053E0,9.457097054E0,9.581004752E0
5.044529403E0,-5.267243981E-1,1.426944256E0,9.445125580E0,9.566817952E0
5.046530926E0,-5.123591423E-1,1.412579060E0,9.414001465E0,9.533169204E0
5.048532567E0,-5.003881454E-1,1.398213744E0,9.409213066E0,9.525685303E0
5.050533660E0,-4.764461517E-1,1.381454349E0,9.366117477E0,9.479428973E0
5.052534403E0,-4.572925270E-1,1.374271750E0,9.320627213E0,9.432488056E0
5.054534520E0,-4.620809257E-1,1.357512355E0,9.272743225E0,9.382969972E0
5.056535067E0,-4.692635238E-1,1.345541358E0,9.236829758E0,9.346106878E0
5.058535496E0,-4.788403511E-1,1.343147159E0,9.208099365E0,9.317855241E0
5.060535848E0,-5.027823448E-1,1.338358760E0,9.157821655E0,9.268748121E0
5.062535965E0,-5.386953950E-1,1.331176162E0,9.109937668E0,9.222428477E0
5.064536551E0,-5.793967843E-1,1.345541358E0,9.076418877E0,9.193887198E0
5.066536863E0,-6.488286853E-1,1.362300754E0,9.057265282E0,9.182096514E0
5.068537684E0,-7.182605267E-1,1.386242747E0,9.040505409E0,9.174328596E0
5.070539442E0,-7.685387731E-1,1.422155857E0,9.038111687E0,9.181538106E0
5.072540613E0,-8.403648138E-1,1.460463047E0,9.011775017E0,9.167947114E0
5.074541473E0,-8.619126081E-1,1.479616642E0,9.004592896E0,9.165961595E0
5.076542410E0,-9.002198577E-1,1.515529633E0,8.992621422E0,9.163758284E0
5.078542840E0,-9.361328483E-1,1.549048543E0,8.966285706E0,9.147140288E0
5.080544012E0,-9.552865028E-1,1.549048543E0,8.908824921E0,9.092815029E0
5.082545848E0,-9.337386489E-1,1.544260144E0,8.813055992E0,8.995919251E0
5.084548270E0,-8.978256583E-1,1.513135433E0,8.683769226E0,8.860221088E0
5.086549988E0,-8.307880163E-1,1.465251446E0,8.516175270E0,8.681152675E0
5.088551004E0,-7.565677166E-1,1.414973259E0,8.343792915E0,8.496671363E0
5.090552059E0,-7.110779285E-1,1.395819545E0,8.248024940E0,8.395466601E0
5.092552371E0,-6.200982332E-1,1.359906554E0,8.046912193E0,8.184538075E0
5.094553074E0,-5.339069963E-1,1.304839969E0,7.819462776E0,7.945543539E0
5.096553699E0,-4.668693244E-1,1.252167463E0,7.587224960E0,7.704016674E0
5.098553934E0,-4.070142806E-1,1.211466074E0,7.328651428E0,7.439250125E0
5.100554793E0,-3.663128614E-1,1.165976286E0,7.041347027E0,7.146625341E0
5.102556395E0,-3.112462163E-1,1.115697980E0,6.722918510E0,6.821971085E0
5.104558153E0,-2.442085743E-1,1.070208192E0,6.397306919E0,6.490802664E0
5.106559129E0,-2.059013397E-1,1.043871999E0,6.227318764E0,6.317559901E0
5.108560184E0,-1.460463107E-1,9.720458984E-1,5.872976780E0,5.954666994E0
5.110561668E0,-1.484405100E-1,7.757213712E-1,5.468356609E0,5.525097487E0
5.112562098E0,1.197100803E-2,7.015010715E-1,5.090072632E0,5.138198756E0
5.114562332E0,5.674257874E-1,4.405331016E-1,4.718971729E0,4.773335901E0
5.116563543E0,9.217676520E-1,3.303998411E-1,4.276044369E0,4.386727152E0
5.118564637E0,9.911994934E-1,3.160346150E-1,3.825934410E0,3.964861716E0
5.120566121E0,9.624691010E-1,2.968810201E-1,3.337517262E0,3.486187973E0
5.122566785E0,9.361328483E-1,2.920926213E-1,3.076549292E0,3.229058431E0
5.124568738E0,9.409212470E-1,2.968810201E-1,2.578555346E0,2.760872834E0
5.126569988E0,9.624691010E-1,3.208230138E-1,2.114080191E0,2.344911348E0
5.128571082E0,9.409212470E-1,3.998316824E-1,1.654393315E0,1.944791868E0
5.130571473E0,7.110779285E-1,5.865794420E-1,1.175553083E0,1.493864892E0
5.132572254E0,6.512228847E-1,7.517793179E-1,7.589619160E-1,1.251114135E0
5.134573192E0,7.350199223E-1,8.834604025E-1,4.405331016E-1,1.230782671E0
5.136574442E0,8.738836050E-1,1.010353088E0,1.580173075E-1,1.345159986E0
5.138576278E0,9.457096457E-1,1.070208192E0,2.633621916E-2,1.428427774E0
5.140575692E0,1.082179189E0,1.194706678E0,-1.843535304E-1,1.622474058E0
5.142576121E0,1.218648672E0,1.278503656E0,-3.112462163E-1,1.793474391E0
5.144576629E0,1.371877551E0,1.261744261E0,-1.556231081E-1,1.870364977E0
5.146577879E0,1.343147159E0,1.230619669E0,7.661445439E-2,1.823276949E0
5.148578348E0,7.661445141E-1,7.661445141E-1,2.011129409E-1,1.101998751E0
5.150579442E0,2.513911724E-1,1.771709323E-1,2.178723514E-1,3.769024042E-1
5.152580887E0,8.379705995E-2,4.070143029E-2,1.651999205E-1,1.896564458E-1
5.154582293E0,4.548983276E-2,2.154781483E-2,1.268926859E-1,1.365114901E-1
5.156584598E0,9.576806799E-3,7.182605099E-3,8.379705995E-2,8.464781333E-2
5.158586473E0,-7.182605099E-3,2.394201700E-3,6.224924326E-2,6.270797640E-2
5.160587723E0,-7.182605099E-3,-7.182605099E-3,5.027823523E-2,5.129405979E-2
5.162589090E0,-9.576806799E-3,-1.197100803E-2,4.788403213E-2,5.027823381E-2
5.164590379E0,-9.576806799E-3,-1.675941236E-2,4.788403213E-2,5.162822546E-2
5.166591160E0,-4.788403399E-3,-1.436521020E-2,3.591302410E-2,3.897477865E-2
5.168592918E0,-2.394201700E-3,-1.915361360E-2,2.394201607E-2,3.075407695E-2
5.170593504E0,0.000000000E0,-1.915361360E-2,3.112462163E-2,3.654590244E-2
5.172593738E0,0.000000000E0,-1.436521020E-2,4.070143029E-2,4.316208628E-2
5.174595262E0,-2.394201700E-3,-2.154781483E-2,3.830722719E-2,4.401686246E-2
5.176595496E0,-2.394201700E-3,-1.436521020E-2,3.112462163E-2,3.436325854E-2
5.178594910E0,0.000000000E0,-1.436521020E-2,3.112462163E-2,3.427975110E-2
5.180596199E0,-1.436521020E-2,-1.675941236E-2,3.351882473E-2,4.013413482E-2
5.182597762E0,-9.576806799E-3,-1.675941236E-2,4.548983276E-2,4.941576687E-2
5.184599090E0,-9.576806799E-3,-9.576806799E-3,5.985504389E-2,6.136820623E-2
5.186598543E0,-2.394201700E-3,-1.436521020E-2,5.985504389E-2,6.160128038E-2
5.188598153E0,0.000000000E0,-1.675941236E-2,5.746084079E-2,5.985504262E-2
5.190598192E0,2.394201700E-3,-2.394201607E-2,5.746084079E-2,6.229526916E-2
5.192598153E0,-4.788403399E-3,-2.154781483E-2,3.591302410E-2,4.215426943E-2
5.194597645E0,-1.197100803E-2,-1.675941236E-2,5.506663769E-2,5.879215529E-2
5.196597488E0,-4.788403399E-3,-1.436521020E-2,5.985504389E-2,6.174070254E-2
5.198597488E0,-1.197100803E-2,-2.394201607E-2,5.746084079E-2,6.338985243E-2
5.200597098E0,-1.436521020E-2,-2.873042040E-2,5.985504389E-2,6.792954143E-2
5.202597449E0,-1.197100803E-2,-1.915361360E-2,5.506663769E-2,5.951890905E-2
5.204598387E0,-9.576806799E-3,-2.394201607E-2,5.506663769E-2,6.080518028E-2
5.206598504E0,-4.788403399E-3,-2.394201607E-2,5.985504389E-2,6.464344684E-2
5.208599832E0,-4.788403399E-3,-1.197100803E-2,8.140286058E-2,8.241759249E-2
5.210600535E0,-2.394201700E-3,-2.154781483E-2,7.661445439E-2,7.962295616E-2
5.212600340E0,-7.182605099E-3,-2.394201607E-2,7.900865376E-2,8.286843379E-2
5.214600223E0,2.394201700E-3,-3.351882473E-2,8.619125932E-2,9.251041561E-2
5.216599520E0,4.788403399E-3,-2.633621916E-2,7.661445439E-2,8.115602176E-2
5.218599442E0,0.000000000E0,-1.436521020E-2,7.182604820E-2,7.324848438E-2
5.220600028E0,-7.182605099E-3,-1.436521020E-2,7.900865376E-2,8.062453999E-2
5.222600457E0,-4.788403399E-3,-1.197100803E-2,9.097966552E-2,9.188870104E-2
5.224601043E0,-7.182605099E-3,-9.576806799E-3,8.619125932E-2,8.701860852E-2
5.226601590E0,0.000000000E0,-7.182605099E-3,8.619125932E-2,8.649001676E-2
5.228601903E0,-7.182605099E-3,-7.182605099E-3,9.576806426E-2,9.630525305E-2
5.230602332E0,-7.182605099E-3,-1.675941236E-2,9.576806426E-2,9.748840880E-2
5.232602449E0,-1.197100803E-2,-1.197100803E-2,9.097966552E-2,9.254139400E-2
5.234601824E0,-1.197100803E-2,-1.197100803E-2,9.576806426E-2,9.725292900E-2
5.236601590E0,-1.197100803E-2,-9.576806799E-3,1.101332754E-1,1.111951375E-1
5.238601121E0,-2.394201700E-3,-2.394201607E-2,1.197100878E-1,1.221042892E-1
5.240600731E0,-7.182605099E-3,-3.112462163E-2,1.173158810E-1,1.215867913E-1
5.242600145E0,-1.436521020E-2,-2.873042040E-2,1.173158810E-1,1.216339272E-1
5.244599637E0,-9.576806799E-3,-1.675941236E-2,1.149216816E-1,1.165314808E-1
5.246600965E0,-4.788403399E-3,-1.915361360E-2,1.221042871E-1,1.236901235E-1
5.248601707E0,0.000000000E0,-2.154781483E-2,1.197100878E-1,1.216339321E-1
5.250602215E0,0.000000000E0,-2.394201607E-2,1.173158810E-1,1.197340221E-1
5.252601942E0,4.788403399E-3,-3.112462163E-2,1.316810995E-1,1.353941758E-1
5.254602371E0,-2.394201700E-3,-1.915361360E-2,1.508347094E-1,1.520647976E-1
5.256601707E0,0.000000000E0,-1.915361360E-2,1.556231081E-1,1.567973619E-1
5.258600613E0,0.000000000E0,-1.436521020E-2,1.436520964E-1,1.443685702E-1
5.260599598E0,-2.394201700E-3,-1.915361360E-2,1.508347094E-1,1.520647976E-1
5.262598660E0,0.000000000E0,-1.915361360E-2,1.532289088E-1,1.544213696E-1
5.264598153E0,0.000000000E0,-1.915361360E-2,1.508347094E-1,1.520459486E-1
5.266597996E0,-7.182605099E-3,-1.436521020E-2,1.484405100E-1,1.493068455E-1
5.268596785E0,-7.182605099E-3,-1.675941236E-2,1.532289088E-1,1.543099679E-1
5.270595731E0,-4.788403399E-3,-1.436521020E-2,1.532289088E-1,1.539752790E-1
5.272595106E0,-1.197100803E-2,-1.915361360E-2,1.532289088E-1,1.548846811E-1
5.274594442E0,-9.576806799E-3,-2.394201607E-2,1.436520964E-1,1.459481420E-1
5.276594442E0,0.000000000E0,-2.394201607E-2,1.388636976E-1,1.409125497E-1
5.278594090E0,-2.394201700E-3,-2.873042040E-2,1.508347094E-1,1.535652266E-1
5.280594090E0,0.000000000E0,-2.873042040E-2,1.532289088E-1,1.558991198E-1
5.282594754E0,-9.576806799E-3,-1.915361360E-2,1.747767180E-1,1.760837224E-1
5.284595653E0,-1.197100803E-2,-1.675941236E-2,1.795651317E-1,1.807424119E-1
5.286595653E0,-9.576806799E-3,-2.154781483E-2,1.699883193E-1,1.716160023E-1
5.288596473E0,-9.576806799E-3,-2.633621916E-2,1.747767180E-1,1.770090756E-1
5.290596238E0,-1.436521020E-2,-1.675941236E-2,1.747767180E-1,1.761650883E-1
5.292596785E0,-1.436521020E-2,-1.915361360E-2,1.771709323E-1,1.787813173E-1
5.294596746E0,-1.197100803E-2,-2.154781483E-2,1.867477298E-1,1.883675342E-1
5.296597996E0,-1.197100803E-2,-1.915361360E-2,1.891419291E-1,1.904857877E-1
5.298598348E0,-9.576806799E-3,-1.675941236E-2,1.987187415E-1,1.996540292E-1
5.300598426E0,-1.436521020E-2,-2.873042040E-2,2.059013397E-1,2.083918376E-1
5.302598153E0,-4.788403399E-3,-2.873042040E-2,2.082955539E-1,2.103221426E-1
5.304598426E0,-2.394201700E-3,-2.154781483E-2,2.059013397E-1,2.070396150E-1
5.306599090E0,2.394201700E-3,-2.154781483E-2,2.011129409E-1,2.022781637E-1
5.308599051E0,-4.788403399E-3,-2.394201607E-2,1.963245422E-1,1.978369905E-1
5.310598934E0,-9.576806799E-3,-2.633621916E-2,2.011129409E-1,2.030559693E-1
5.312599988E0,-2.394201700E-3,-2.633621916E-2,2.082955539E-1,2.099675366E-1
5.314599012E0,-4.788403399E-3,-1.675941236E-2,2.274491638E-1,2.281160424E-1
5.316598153E0,-4.788403399E-3,-1.675941236E-2,2.322375625E-1,2.328907301E-1
5.318598621E0,-1.436521020E-2,-1.436521020E-2,2.370259613E-1,2.378949870E-1
5.320598660E0,0.000000000E0,-1.675941236E-2,2.346317619E-1,2.352295509E-1
5.322598543E0,0.000000000E0,-2.154781483E-2,2.466027737E-1,2.475423929E-1
5.324597918E0,-4.788403399E-3,-1.915361360E-2,2.537853718E-1,2.545521649E-1
5.326598113E0,-2.394201700E-3,-2.154781483E-2,2.513911724E-1,2.523243193E-1
5.328597410E0,-2.394201700E-3,-2.154781483E-2,2.585737705E-1,2.594810886E-1
5.330597567E0,-2.394201700E-3,-2.394201607E-2,2.513911724E-1,2.525400442E-1
5.332598660E0,-2.394201700E-3,-1.675941236E-2,2.537853718E-1,2.543494152E-1
5.334598465E0,0.000000000E0,-2.394201607E-2,2.609679997E-1,2.620639559E-1
5.336599090E0,-9.576806799E-3,-2.633621916E-2,2.585737705E-1,2.600878822E-1
5.338598778E0,0.000000000E0,-2.394201607E-2,2.537853718E-1,2.549122105E-1
5.340598973E0,-2.394201700E-3,-2.873042040E-2,2.633621991E-1,2.649354962E-1
5.342599793E0,-2.394201700E-3,-2.633621916E-2,2.681505978E-1,2.694514274E-1
5.344600145E0,-7.182605099E-3,-1.675941236E-2,2.633621991E-1,2.639926431E-1
5.346600770E0,-4.788403399E-3,-1.915361360E-2,2.705447972E-1,2.712642199E-1
5.348602684E0,0.000000000E0,-2.873042040E-2,2.825157940E-1,2.839729053E-1
5.350604285E0,0.000000000E0,-3.112462163E-2,2.873041928E-1,2.889851921E-1
5.352605301E0,7.182605099E-3,-1.675941236E-2,2.896983922E-1,2.902716420E-1
5.354606199E0,2.394201700E-3,-2.154781483E-2,2.873041928E-1,2.881210505E-1
5.356606668E0,2.394201700E-3,-1.915361360E-2,2.920926213E-1,2.927297261E-1
5.358607723E0,7.182605099E-3,-1.436521020E-2,2.944868207E-1,2.949244592E-1
5.360608270E0,-7.182605099E-3,-1.436521020E-2,3.136404157E-1,3.140513643E-1
5.362608387E0,-7.182605099E-3,-1.197100803E-2,3.112462163E-1,3.115591469E-1
5.364608309E0,-7.182605099E-3,-2.394201607E-2,3.160346150E-1,3.170215889E-1
5.366608817E0,-4.788403399E-3,-2.394201607E-2,3.280056417E-1,3.289131343E-1
5.368609285E0,0.000000000E0,-2.394201607E-2,3.303998411E-1,3.312661696E-1
5.370609285E0,-4.788403399E-3,-1.675941236E-2,3.375824392E-1,3.380321138E-1
5.372610496E0,0.000000000E0,-2.154781483E-2,3.471592367E-1,3.478273191E-1
5.374612215E0,2.394201700E-3,-1.675941236E-2,3.495534360E-1,3.499631620E-1
5.376614520E0,0.000000000E0,-1.436521020E-2,3.471592367E-1,3.474563208E-1
5.378614910E0,9.576806799E-3,-1.915361360E-2,3.519476354E-1,3.525985170E-1
5.380615340E0,2.394201700E-3,-2.154781483E-2,3.543418646E-1,3.550045035E-1
5.382615301E0,-4.788403399E-3,-2.154781483E-2,3.639186621E-1,3.645874789E-1
5.384615535E0,0.000000000E0,-2.394201607E-2,3.830722570E-1,3.838197158E-1
5.386616590E0,2.394201700E-3,-1.915361360E-2,3.974374831E-1,3.979059513E-1
5.388617176E0,2.394201700E-3,-1.915361360E-2,4.022258818E-1,4.026887795E-1
5.390617723E0,2.394201700E-3,-1.675941236E-2,4.094084799E-1,4.097583599E-1
5.392617957E0,-2.394201700E-3,-9.576806799E-3,4.309563041E-1,4.310693488E-1
5.394617840E0,-4.788403399E-3,-2.154781483E-2,4.525041282E-1,4.530421870E-1
5.396617996E0,-2.394201700E-3,-1.915361360E-2,4.812345505E-1,4.816215171E-1
5.398618582E0,-2.394201700E-3,-1.915361360E-2,5.123591423E-1,5.127226188E-1
5.400619403E0,-4.788403399E-3,-1.915361360E-2,5.698199868E-1,5.701619131E-1
5.402619949E0,-1.197100803E-2,-2.394201607E-2,6.464344859E-1,6.469884618E-1
5.404620653E0,-1.915361360E-2,-1.436521020E-2,7.924807668E-1,7.928423462E-1
5.406620926E0,-2.873042040E-2,-1.915361360E-2,9.074024558E-1,9.080592022E-1
5.408621551E0,-5.746084079E-2,-3.351882473E-2,1.539471745E0,1.540908341E0
5.410621942E0,-2.154781483E-2,-1.029506698E-1,3.021482468E0,3.023312662E0
5.412621863E0,-1.209071875E0,-1.723825216E0,2.738966703E0,3.454760017E0
5.414623231E0,-1.391031146E0,-4.690241337E0,1.063025570E1,1.170195145E1
5.416623738E0,-2.375048161E0,-7.347805023E0,2.181596565E1,2.314233026E1
5.418623231E0,-3.512293816E0,-9.476250648E0,2.896984100E1,3.068203419E1
5.420622567E0,-2.825158119E0,-1.260547161E1,3.633679962E1,3.856478238E1
5.422622293E0,-1.077390790E0,-1.399889755E1,4.369178772E1,4.589228931E1
5.424622762E0,2.384624958E0,-1.701319695E1,6.939115143E1,7.148613294E1
5.426624207E0,4.304774761E0,-2.129402924E1,7.844362640E1,8.139637148E1
5.428626082E0,4.484339714E0,-2.383427811E1,7.844362640E1,8.210715340E1
5.430626590E0,4.453215122E0,-2.088462067E1,7.844362640E1,8.129822279E1
5.432627449E0,2.906560898E0,-1.366610336E1,7.844362640E1,7.967818397E1
5.434628934E0,1.113303781E0,-5.841852188E0,7.844362640E1,7.866873080E1
5.436631512E0,-2.420537949E0,5.410895944E-1,7.844362640E1,7.848282809E1
5.438632801E0,-4.788403511E0,2.837129116E0,7.844362640E1,7.864083312E1
5.440634324E0,-8.674192429E0,5.248090267E0,7.844362640E1,7.909605925E1
5.442636082E0,-1.102769279E1,5.286397457E0,7.844362640E1,7.939117413E1
5.444637098E0,-1.152568722E1,3.873818398E0,7.844362640E1,7.938041609E1
5.446638231E0,-1.051772785E1,2.188300371E0,7.844362640E1,7.917584089E1
5.448639168E0,-9.306262016E0,9.361328483E-1,7.844362640E1,7.899927456E1
5.450638895E0,-8.113949776E0,1.173158810E-1,6.702088928E1,6.751036620E1
5.452639363E0,-6.871358871E0,-3.280056417E-1,5.116408920E1,5.162448241E1
5.454639442E0,-6.282385349E0,-4.237737060E-1,4.427836609E1,4.472383764E1
5.456640067E0,-5.133168221E0,-4.692635238E-1,3.227623367E1,3.268523955E1
5.458640887E0,-4.034229755E0,-3.615244627E-1,2.166034317E1,2.203579306E1
5.460641082E0,-2.942473888E0,-1.556231081E-1,1.157596493E1,1.194509670E1
5.462641356E0,-1.991975784E0,3.591302410E-2,3.648763418E0,4.157250504E0
5.464641160E0,-1.450886250E0,8.858546615E-2,-3.519476354E-1,1.495588657E0
5.466641707E0,-1.118092179E0,3.351882473E-2,-1.893813491E0,2.199496118E0
5.468643387E0,-8.858546019E-1,-1.077390760E-1,-2.501940727E0,2.656323302E0
5.470643817E0,-7.733271718E-1,-1.843535304E-1,-2.636016130E0,2.753289338E0
5.472645379E0,-5.386953950E-1,-3.998316824E-1,-2.552218914E0,2.638916347E0
5.474645887E0,-3.591302633E-1,-5.889736414E-1,-2.082955360E0,2.194212280E0
5.476648113E0,-2.394201756E-1,-5.267243981E-1,-1.601720929E0,1.703018070E0
5.478650028E0,-1.651999205E-1,-3.806780577E-1,-1.252167463E0,1.319139929E0
5.480651512E0,-1.532289088E-1,-3.375824392E-1,-1.048660398E0,1.112263292E0
5.482653387E0,-1.508347094E-1,-3.327940404E-1,-9.002198577E-1,9.715445307E-1
5.484654637E0,-1.508347094E-1,-3.399766386E-1,-7.158663273E-1,8.067216514E-1
5.486655067E0,-1.436520964E-1,-3.447650373E-1,-6.177040339E-1,7.218428701E-1
5.488656278E0,-1.484405100E-1,-3.543418646E-1,-4.596867263E-1,5.990864949E-1
5.490657137E0,-1.364694983E-1,-3.543418646E-1,-3.519476354E-1,5.177346995E-1
5.492658778E0,-1.340752989E-1,-3.495534360E-1,-2.729389966E-1,4.633135939E-1
5.494659285E0,-1.292868853E-1,-3.423708379E-1,-2.130839527E-1,4.234827744E-1
5.496659207E0,-1.340752989E-1,-3.351882398E-1,-1.723825186E-1,4.000538397E-1
5.498659403E0,-1.508347094E-1,-3.375824392E-1,-1.604115069E-1,4.030444943E-1
5.500658817E0,-1.508347094E-1,-3.399766386E-1,-1.532289088E-1,4.022615105E-1
5.502660028E0,-1.532289088E-1,-3.423708379E-1,-1.508347094E-1,4.042870252E-1
5.504661238E0,-1.604115069E-1,-3.423708379E-1,-1.436520964E-1,4.044571263E-1
5.506661981E0,-1.556231081E-1,-3.351882398E-1,-1.388636976E-1,3.947820087E-1
5.508662528E0,-1.604115069E-1,-3.423708379E-1,-1.029506698E-1,3.918526287E-1
5.510662684E0,-1.723825186E-1,-3.423708379E-1,-9.337386489E-2,3.945278216E-1
5.512662879E0,-1.628057212E-1,-3.423708379E-1,-9.816227108E-2,3.916111911E-1
5.514663035E0,-1.699883193E-1,-3.399766386E-1,-8.379705995E-2,3.892326948E-1
5.516663582E0,-1.699883193E-1,-3.375824392E-1,-7.900865376E-2,3.861350791E-1
5.518664168E0,-1.699883193E-1,-3.351882398E-1,-6.943184882E-2,3.821883913E-1
5.520664207E0,-1.675941199E-1,-3.375824392E-1,-6.464344263E-2,3.823983093E-1
5.522664246E0,-1.699883193E-1,-3.280056417E-1,-4.548983276E-2,3.722271545E-1
5.524664910E0,-1.819593310E-1,-3.351882398E-1,-4.548983276E-2,3.840959244E-1
5.526665613E0,-1.771709323E-1,-3.327940404E-1,-5.267243832E-2,3.806780771E-1
5.528666004E0,-1.723825186E-1,-3.232172430E-1,-4.788403213E-2,3.694292888E-1
5.530666278E0,-1.699883193E-1,-3.232172430E-1,-3.830722719E-2,3.671959402E-1
5.532666199E0,-1.723825186E-1,-3.256114423E-1,-3.830722719E-2,3.704132662E-1
5.534665653E0,-1.795651317E-1,-3.280056417E-1,-2.394201607E-2,3.747059616E-1
5.536664090E0,-1.675941199E-1,-3.232172430E-1,-4.788403399E-3,3.641155091E-1
5.538663192E0,-1.699883193E-1,-3.280056417E-1,0.000000000E0,3.694370443E-1
5.540663738E0,-1.675941199E-1,-3.303998411E-1,0.000000000E0,3.704751598E-1
5.542665106E0,-1.675941199E-1,-3.375824392E-1,-4.788403399E-3,3.769252195E-1
5.544665848E0,-1.723825186E-1,-3.256114423E-1,-2.394201700E-3,3.684349011E-1
5.546666199E0,-1.747767180E-1,-3.303998411E-1,2.154781483E-2,3.743998724E-1
5.548666434E0,-1.723825186E-1,-3.280056417E-1,2.633621916E-2,3.714795151E-1
5.550667098E0,-1.771709323E-1,-3.256114423E-1,1.197100803E-2,3.708849628E-1
5.552666004E0,-1.675941199E-1,-3.256114423E-1,2.154781483E-2,3.668445294E-1
5.554665223E0,-1.675941199E-1,-3.327940404E-1,1.915361360E-2,3.731039042E-1
5.556665496E0,-1.604115069E-1,-3.232172430E-1,2.873042040E-2,3.619760693E-1
5.558665301E0,-1.675941199E-1,-3.232172430E-1,1.915361360E-2,3.645874876E-1
5.560665535E0,-1.628057212E-1,-3.184288144E-1,2.394201607E-2,3.584352561E-1
5.562665496E0,-1.604115069E-1,-3.160346150E-1,2.633621916E-2,3.553917921E-1
5.564665692E0,-1.604115069E-1,-3.160346150E-1,2.633621916E-2,3.553917921E-1
5.566665496E0,-1.651999205E-1,-3.184288144E-1,3.112462163E-2,3.600786937E-1
5.568664715E0,-1.723825186E-1,-3.232172430E-1,3.591302410E-2,3.680691025E-1
5.570665731E0,-1.675941199E-1,-3.303998411E-1,3.830722719E-2,3.724503828E-1
5.572666863E0,-1.628057212E-1,-3.280056417E-1,4.309562966E-2,3.687148453E-1
5.574668074E0,-1.723825186E-1,-3.136404157E-1,4.309562966E-2,3.604764574E-1
5.576668113E0,-2.035071403E-1,-3.040636182E-1,-7.182604820E-2,3.728656879E-1
5.578668387E0,-4.309563041E-1,-3.088520169E-1,-9.624691010E-1,1.098844700E0
5.580668934E0,-5.219359994E-1,-3.040636182E-1,-1.400607944E0,1.525311274E0
5.582669363E0,-6.464344859E-1,-2.681505978E-1,-1.996764183E0,2.115856680E0
5.584670067E0,-7.230489254E-1,-2.298433632E-1,-2.420537949E0,2.536657581E0
5.586670809E0,-7.757213712E-1,-1.915361285E-1,-2.734178305E0,2.848536596E0
5.588671004E0,-8.283938169E-1,-1.580173075E-1,-3.093308687E0,3.206207170E0
5.590672293E0,-9.169792533E-1,-1.412578970E-1,-3.615244627E0,3.732398486E0
5.592673387E0,-9.792284966E-1,-1.173158810E-1,-4.082113743E0,4.199559986E0
5.594673856E0,-9.552865028E-1,4.309562966E-2,-4.350264549E0,4.454125187E0
5.596673778E0,-9.002198577E-1,1.843535304E-1,-4.395754337E0,4.490772563E0
5.598673856E0,-7.493851185E-1,4.979939461E-1,-4.371812344E0,4.463442527E0
5.600674754E0,-5.698199868E-1,8.451532125E-1,-4.292803764E0,4.412158534E0
5.602675145E0,-3.734954596E-1,1.230619669E0,-4.175487995E0,4.369052944E0
5.604676199E0,-1.532289088E-1,1.625662923E0,-3.969586372E0,4.292304160E0
5.606676590E0,7.182604820E-2,2.035071373E0,-3.675099611E0,4.201551098E0
5.608676746E0,2.992752194E-1,2.418143749E0,-3.323152065E0,4.120718930E0
5.610677528E0,4.716577232E-1,2.715024710E0,-2.992752075E0,4.068216460E0
5.612678035E0,5.099649429E-1,2.801215887E0,-2.863465309E0,4.038107015E0
5.614679051E0,5.051765442E-1,2.806004286E0,-2.698265314E0,3.925493485E0
5.616679442E0,4.429273009E-1,2.717418909E0,-2.580949545E0,3.773837659E0
5.618679832E0,3.399766386E-1,2.552218914E0,-2.482787132E0,3.576819459E0
5.620680692E0,2.418143749E-1,2.370259762E0,-2.370259762E0,3.360764328E0
5.622681473E0,1.316810995E-1,2.130839586E0,-2.238578558E0,3.093388306E0
5.624682215E0,1.675941236E-2,1.860294700E0,-2.082955360E0,2.792790769E0
5.626683856E0,-1.149216816E-1,1.546654344E0,-1.903390408E0,2.455247787E0
5.628683934E0,-1.819593310E-1,1.388636947E0,-1.812410712E0,2.290470335E0
5.630683504E0,-3.064578176E-1,1.098938584E0,-1.628057122E0,1.988002113E0
5.632685223E0,-4.022258818E-1,8.236053586E-1,-1.465251446E0,1.728315147E0
5.634684832E0,-4.932055473E-1,5.746083856E-1,-1.297657371E0,1.502445061E0
5.636685262E0,-5.722141862E-1,3.758896589E-1,-1.103726983E0,1.298820759E0
5.638685613E0,-6.440402865E-1,1.699883193E-1,-9.576807022E-1,1.166548862E0
5.640686824E0,-6.775590777E-1,-5.746084079E-2,-8.810662031E-1,1.112953596E0
5.642687996E0,-6.033388376E-1,-3.806780577E-1,-9.265560508E-1,1.169375753E0
5.644689559E0,-5.099649429E-1,-5.674257874E-1,-8.978256583E-1,1.178188092E0
5.646691278E0,-3.040636182E-1,-9.145850539E-1,-6.368576288E-1,1.155209134E0
5.648691551E0,-1.197100878E-1,-1.225831270E0,-2.082955539E-1,1.249151650E0
5.650691824E0,-2.154781483E-2,-1.527500629E0,3.303998411E-1,1.562973620E0
5.652692606E0,7.182605099E-3,-1.922544003E0,9.888052940E-1,2.161934999E0
5.654693074E0,-2.154781483E-2,-2.477998734E0,2.557007313E0,3.560790422E0
5.656693778E0,-4.788403511E-1,-3.107673883E0,5.432443619E0,6.276811987E0
5.658694832E0,-7.326257229E-1,-3.440467834E0,7.477091789E0,8.263199199E0
5.660695418E0,-1.113303781E0,-4.096478939E0,1.465969658E1,1.526195560E1
5.662695574E0,-6.177040339E-1,-5.035006046E0,2.353739738E1,2.407783046E1
5.664695535E0,-4.094084799E-1,-6.555324078E0,2.930023956E1,3.002738629E1
5.666696512E0,-2.212242365E0,-7.414842606E0,3.506068802E1,3.590439738E1
5.668697684E0,-4.644751072E0,-7.673416615E0,4.278438568E1,4.371451353E1
5.670698426E0,-6.902483463E0,-7.402871609E0,5.150406647E1,5.248919554E1
5.672698465E0,-8.939949036E0,-6.916848660E0,6.013755798E1,6.119061500E1
5.674698113E0,-9.935936928E0,-6.600813866E0,6.390603256E1,6.500980375E1
5.676698113E0,-1.168130970E1,-6.026205540E0,6.957310486E1,7.080384925E1
5.678698504E0,-1.269884586E1,-5.973533154E0,7.192420959E1,7.328052750E1
5.680698973E0,-1.247139645E1,-6.663063526E0,7.044699097E1,7.185200541E1
5.682699676E0,-1.109712505E1,-7.601590633E0,6.512228394E1,6.649693399E1
5.684700653E0,-9.313444138E0,-8.123526573E0,5.687186813E1,5.819915215E1
5.686701121E0,-7.548917770E0,-8.051700592E0,4.732379150E1,4.859379882E1
5.688700965E0,-5.911283970E0,-7.493851185E0,3.777331924E1,3.896055352E1
5.690701863E0,-5.164293289E0,-7.094019413E0,3.329616165E1,3.443296992E1
5.692702098E0,-3.909731388E0,-6.153098583E0,2.523488617E1,2.626682512E1
5.694702645E0,-2.940079689E0,-5.142745018E0,1.856464005E1,1.948686108E1
5.696703738E0,-2.240972757E0,-4.141968727E0,1.333809757E1,1.414505959E1
5.698705653E0,-1.728613615E0,-3.160346270E0,9.430760384E0,1.009530262E1
5.700706395E0,-1.350329757E0,-2.250549555E0,6.591237068E0,7.094559172E0
5.702706278E0,-1.067813993E0,-1.434126854E0,4.604049683E0,4.939050520E0
5.704706121E0,-8.882488012E-1,-7.086837292E-1,3.241749048E0,3.435135434E0
5.706707137E0,-8.116343617E-1,-3.926490843E-1,2.722207308E0,2.867636007E0
5.708708192E0,-6.129156351E-1,1.604115069E-1,1.924938202E0,2.026520296E0
5.710709090E0,-3.782838583E-1,6.105214357E-1,1.383848548E0,1.559125365E0
5.712708895E0,-1.268926859E-1,9.768342972E-1,1.036689281E0,1.430046036E0
5.714708270E0,1.029506698E-1,1.264138460E0,7.996633649E-1,1.499368662E0
5.716709012E0,2.944868207E-1,1.465251446E0,6.392518282E-1,1.625523665E0
5.718709754E0,4.405331016E-1,1.606509328E0,5.339069963E-1,1.749285087E0
5.720711590E0,5.482721925E-1,1.697489023E0,4.405331016E-1,1.837427766E0
5.722711903E0,5.770025849E-1,1.711854219E0,4.070142806E-1,1.851766043E0
5.724712957E0,6.224924326E-1,1.721431017E0,3.639186621E-1,1.866348940E0
5.726713309E0,6.775590777E-1,1.695094824E0,3.280056417E-1,1.854729217E0
5.728713699E0,7.302315235E-1,1.632845521E0,3.232172430E-1,1.817661123E0
5.730714715E0,7.876923680E-1,1.525106430E0,3.423708379E-1,1.750321879E0
5.732714871E0,8.451532125E-1,1.388636947E0,3.663128614E-1,1.666367797E0
5.734716004E0,9.145850539E-1,1.233013868E0,4.285621047E-1,1.593880327E0
5.736717254E0,9.576807022E-1,1.060631394E0,5.171475410E-1,1.519714730E0
5.738718309E0,9.744400978E-1,9.576807022E-1,5.793967843E-1,1.484043957E0
5.740718426E0,9.672574997E-1,7.493851185E-1,7.398083210E-1,1.429853656E0
5.742719637E0,9.074024558E-1,5.315127969E-1,9.552865028E-1,1.420724242E0
5.744721356E0,8.212111592E-1,3.160346150E-1,1.244984865E0,1.524550085E0
5.746722645E0,7.038952708E-1,1.221042871E-1,1.608903527E0,1.760383075E0
5.748723582E0,5.602431893E-1,-6.224924326E-2,2.030282974E0,2.107082427E0
5.750724676E0,4.070142806E-1,-2.178723514E-1,2.497152328E0,2.539468200E0
5.752724559E0,2.633621991E-1,-3.447650373E-1,3.021482468E0,3.052470947E0
5.754726278E0,1.939303428E-1,-4.022258818E-1,3.308786631E0,3.338781755E0
5.756727801E0,6.224924326E-2,-5.123591423E-1,3.979163170E0,4.012496279E0
5.758728738E0,-6.703764945E-2,-6.153098345E-1,4.797980309E0,4.837738654E0
5.760729403E0,-1.867477298E-1,-7.302315235E-1,5.949591160E0,5.997144968E0
5.762730379E0,-2.561795712E-1,-8.858546019E-1,7.218518257E0,7.277181609E0
5.764732020E0,-2.561795712E-1,-1.034295082E0,8.281543732E0,8.349812026E0
5.766732762E0,-2.154781520E-1,-1.144428372E0,9.263166428E0,9.336080516E0
5.768732840E0,-1.628057212E-1,-1.249773264E0,1.027591324E1,1.035291417E1
5.770733699E0,-9.337386489E-2,-1.314416766E0,1.083855152E1,1.091836110E1
5.772733973E0,5.027823523E-2,-1.443703651E0,1.204044056E1,1.212678923E1
5.774734012E0,9.097966552E-2,-1.537077546E0,1.318008041E1,1.326971757E1
5.776734129E0,4.548983276E-2,-1.589749932E0,1.420479870E1,1.429355380E1
5.778734324E0,-8.140286058E-2,-1.618480325E0,1.518163300E1,1.526787757E1
5.780735145E0,-2.513911724E-1,-1.618480325E0,1.606509399E1,1.614837209E1
5.782736121E0,-5.195417404E-1,-1.596932530E0,1.677138329E1,1.685524887E1
5.784736121E0,-8.571242094E-1,-1.537077546E0,1.730050087E1,1.738978435E1
5.786736512E0,-1.048660398E0,-1.501164436E0,1.749443245E1,1.759000711E1
5.788737293E0,-1.460463047E0,-1.414973259E0,1.770033264E1,1.781675833E1
5.790738153E0,-1.869871497E0,-1.297657371E0,1.765723801E1,1.780332520E1
5.792739246E0,-2.267308950E0,-1.168370485E0,1.738908768E1,1.757515717E1
5.794739637E0,-2.597708941E0,-1.027112484E0,1.683842087E1,1.706855205E1
5.796740770E0,-2.841917515E0,-8.906430602E-1,1.599805546E1,1.627290750E1
5.798742098E0,-2.940079689E0,-7.805097699E-1,1.495657825E1,1.526278144E1
5.800743153E0,-2.892195702E0,-6.847416759E-1,1.382651520E1,1.414235446E1
5.802744715E0,-2.806004286E0,-6.464344859E-1,1.326387787E1,1.357284030E1
5.804744949E0,-2.552218914E0,-5.626373887E-1,1.220563984E1,1.248230852E1
5.806744598E0,-2.248155355E0,-4.860229492E-1,1.126232433E1,1.149479753E1
5.808744090E0,-1.922544003E0,-4.118026793E-1,1.041717148E1,1.060109516E1
5.810744949E0,-1.601720929E0,-3.447650373E-1,9.686940193E0,9.824519488E0
5.812745418E0,-1.297657371E0,-2.968810201E-1,9.071630478E0,9.168780318E0
5.814746043E0,-1.041477680E0,-2.705447972E-1,8.588001251E0,8.655150821E0
5.816746082E0,-9.169792533E-1,-2.585737705E-1,8.372523308E0,8.426556704E0
5.818745340E0,-6.919242740E-1,-2.489969730E-1,8.027758598E0,8.061368792E0
5.820745613E0,-4.932055473E-1,-2.537853718E-1,7.759607792E0,7.779406906E0
5.822746434E0,-3.303998411E-1,-2.705447972E-1,7.560888767E0,7.572938498E0
5.824746473E0,-1.843535304E-1,-3.040636182E-1,7.443572998E0,7.452061452E0
5.826746942E0,-6.224924326E-2,-3.495534360E-1,7.374141216E0,7.382683879E0
5.828746746E0,2.633621916E-2,-4.141969085E-1,7.359776020E0,7.371469035E0
5.830746473E0,9.337386489E-2,-4.884171486E-1,7.407660007E0,7.424331403E0
5.832745965E0,1.173158810E-1,-5.291185975E-1,7.445967197E0,7.465665209E0
5.834746512E0,1.580173075E-1,-6.033388376E-1,7.577648163E0,7.603271592E0
5.836747020E0,1.699883193E-1,-6.823474765E-1,7.757213593E0,7.789021558E0
5.838748192E0,1.292868853E-1,-7.661445141E-1,7.991845131E0,8.029525584E0
5.840749676E0,5.027823523E-2,-8.259995580E-1,8.279149055E0,8.320403371E0
5.842750301E0,-6.703764945E-2,-8.571242094E-1,8.564059258E0,8.607105607E0
5.844750379E0,-2.202665508E-1,-8.571242094E-1,8.870517731E0,8.914553498E0
5.846750457E0,-3.663128614E-1,-8.403648138E-1,9.167398453E0,9.213120672E0
5.848750145E0,-4.381389022E-1,-8.259995580E-1,9.320627213E0,9.367407998E0
5.850750848E0,-5.746083856E-1,-7.924807668E-1,9.600749016E0,9.650522381E0
5.852751160E0,-7.038952708E-1,-7.613561153E-1,9.861717224E0,9.916077768E0
5.854750731E0,-8.068459630E-1,-7.110779285E-1,1.010353088E1,1.016060867E1
5.856750809E0,-9.002198577E-1,-6.727706790E-1,1.030703831E1,1.036812687E1
5.858750848E0,-9.888052940E-1,-6.344634295E-1,1.047463226E1,1.054031313E1
5.860751317E0,-1.063025594E0,-5.937620401E-1,1.060152531E1,1.067121903E1
5.862752059E0,-1.130063176E0,-5.578489900E-1,1.070447540E1,1.077840582E1
5.864751590E0,-1.163581967E0,-5.458779931E-1,1.072841740E1,1.080513052E1
5.866750965E0,-1.221042871E0,-5.219359994E-1,1.076911926E1,1.085068166E1
5.868750574E0,-1.254561663E0,-5.123591423E-1,1.075954247E1,1.084454660E1
5.870750809E0,-1.264138460E0,-5.027823448E-1,1.070447540E1,1.079058060E1
5.872749988E0,-1.254561663E0,-5.075707436E-1,1.058716011E1,1.067330840E1
5.874749754E0,-1.192312479E0,-5.339069963E-1,1.045069027E1,1.053202701E1
5.876749442E0,-1.091755986E0,-5.698199868E-1,1.027591324E1,1.034944534E1
5.878750145E0,-9.935936928E-1,-6.057330370E-1,1.007958889E1,1.014653897E1
5.880749637E0,-9.433154464E-1,-6.177040339E-1,1.000058079E1,1.006394646E1
5.882749988E0,-8.475474119E-1,-6.368576288E-1,9.844957352E0,9.901874040E0
5.884749910E0,-7.589619160E-1,-6.560112834E-1,9.684545517E0,9.736364612E0
5.886750067E0,-6.823474765E-1,-6.631938815E-1,9.564835548E0,9.612049900E0
5.888750028E0,-6.177040339E-1,-6.560112834E-1,9.454702377E0,9.497542109E0
5.890749793E0,-5.841852427E-1,-6.512228847E-1,9.373299599E0,9.414037870E0
5.892749559E0,-5.554547906E-1,-6.464344859E-1,9.313444138E0,9.352360626E0
5.894749520E0,-5.339069963E-1,-6.320692301E-1,9.282320023E0,9.319121911E0
5.896750145E0,-5.339069963E-1,-6.272808313E-1,9.282320023E0,9.318798363E0
5.898749207E0,-5.410895944E-1,-6.224924326E-1,9.275136948E0,9.311736690E0
5.900749598E0,-5.554547906E-1,-6.200982332E-1,9.299078941E0,9.336269116E0
5.902749481E0,-5.961562395E-1,-6.248866320E-1,9.344569206E0,9.384394451E0
5.904749715E0,-6.392518282E-1,-6.081272364E-1,9.416395187E0,9.457640296E0
5.906750106E0,-6.871358752E-1,-6.105214357E-1,9.485827446E0,9.530257839E0
5.908750770E0,-7.278373241E-1,-6.105214357E-1,9.576807022E0,9.623809866E0
5.910751590E0,-7.637503147E-1,-6.177040339E-1,9.667786598E0,9.717559906E0
5.912752215E0,-7.805097699E-1,-6.296750307E-1,9.713275909E0,9.764907324E0
5.914752137E0,-8.092401624E-1,-6.392518282E-1,9.806650162E0,9.860725122E0
5.916752957E0,-8.379706144E-1,-6.392518282E-1,9.876082420E0,9.932161981E0
5.918753231E0,-8.571242094E-1,-6.512228847E-1,9.933543205E0,9.991698242E0
5.920754520E0,-8.619126081E-1,-6.560112834E-1,9.979032516E0,1.003764585E1
5.922755848E0,-8.690952063E-1,-6.512228847E-1,1.000776291E1,1.006651559E1
5.924757488E0,-8.714894056E-1,-6.488286853E-1,1.002452278E1,1.008323011E1
5.926758817E0,-8.499416113E-1,-6.536170840E-1,1.001255131E1,1.006979641E1
5.928759832E0,-8.379706144E-1,-6.440402865E-1,9.995792389E0,1.005150974E1
5.930760535E0,-8.188169599E-1,-6.368576288E-1,9.955090523E0,1.000898977E1
5.932760457E0,-7.852981687E-1,-6.320692301E-1,9.926360130E0,9.977416006E0
5.934760574E0,-7.493851185E-1,-6.272808313E-1,9.878476143E0,9.926698857E0
5.936760653E0,-7.254431248E-1,-6.248866320E-1,9.809044838E0,9.855663938E0
5.938761942E0,-7.110779285E-1,-6.248866320E-1,9.732429504E0,9.778358716E0
5.940762801E0,-7.110779285E-1,-6.200982332E-1,9.679757118E0,9.725628592E0
5.942764129E0,-7.015010715E-1,-6.033388376E-1,9.653421402E0,9.697662928E0
5.944764832E0,-6.991068721E-1,-6.033388376E-1,9.607931137E0,9.652207463E0
5.946765848E0,-6.991068721E-1,-6.057330370E-1,9.579200745E0,9.623759652E0
5.948767098E0,-7.110779285E-1,-6.009446383E-1,9.560047150E0,9.605272916E0
5.950768309E0,-7.206547260E-1,-6.009446383E-1,9.548076630E0,9.594073432E0
5.952769129E0,-7.422025204E-1,-6.105214357E-1,9.557653427E0,9.605849262E0
5.954770379E0,-7.565677166E-1,-6.129156351E-1,9.586383820E0,9.635705217E0
5.956772215E0,-7.781155705E-1,-6.200982332E-1,9.617507935E0,9.668838841E0
5.958773270E0,-7.900865674E-1,-6.200982332E-1,9.629479408E0,9.681716391E0
5.960774520E0,-7.996633649E-1,-6.200982332E-1,9.670180321E0,9.722981577E0
5.962775809E0,-8.116343617E-1,-6.272808313E-1,9.715670586E0,9.769671771E0
5.964777176E0,-8.212111592E-1,-6.368576288E-1,9.756371498E0,9.811562578E0
5.966777957E0,-8.188169599E-1,-6.416460276E-1,9.794678688E0,9.849766568E0
5.968777410E0,-8.259995580E-1,-6.440402865E-1,9.821015358E0,9.876710273E0
5.970777606E0,-8.236053586E-1,-6.368576288E-1,9.835380554E0,9.890329826E0
5.972778270E0,-8.212111592E-1,-6.416460276E-1,9.844957352E0,9.899963770E0
5.974778348E0,-8.188169599E-1,-6.440402865E-1,9.840168953E0,9.895159126E0
5.976778699E0,-7.996633649E-1,-6.320692301E-1,9.844957352E0,9.897583456E0
5.978779754E0,-7.924807668E-1,-6.248866320E-1,9.837775230E0,9.889404965E0
5.980780028E0,-7.733271718E-1,-6.248866320E-1,9.825803757E0,9.875977809E0
5.982781590E0,-7.637503147E-1,-6.153098345E-1,9.806650162E0,9.855572441E0
5.984782020E0,-7.469909191E-1,-6.153098345E-1,9.768342972E0,9.816166565E0
5.986782996E0,-7.326257229E-1,-6.057330370E-1,9.753977776E0,9.800190580E0
5.988783074E0,-7.278373241E-1,-6.105214357E-1,9.725247383E0,9.771536228E0
5.990783582E0,-7.302315235E-1,-6.129156351E-1,9.718064308E0,9.764715948E0
5.992784363E0,-7.350199223E-1,-6.177040339E-1,9.715670586E0,9.762994801E0
5.994784910E0,-7.326257229E-1,-6.200982332E-1,9.718064308E0,9.765348748E0
5.996784988E0,-7.254431248E-1,-6.177040339E-1,9.696516991E0,9.743216499E0
5.998785262E0,-7.326257229E-1,-6.224924326E-1,9.710882187E0,9.758353864E0
6.000785692E0,-7.469909191E-1,-6.296750307E-1,9.701305389E0,9.750374984E0
6.002786746E0,-7.517793179E-1,-6.272808313E-1,9.698910713E0,9.748206112E0
6.004786942E0,-7.541735172E-1,-6.320692301E-1,9.696516991E0,9.746318841E0
6.006787528E0,-7.517793179E-1,-6.368576288E-1,9.703699112E0,9.753590941E0
6.008788153E0,-7.565677166E-1,-6.512228847E-1,9.725247383E0,9.776345054E0
6.010787528E0,-7.685387731E-1,-6.416460276E-1,9.739612579E0,9.790935332E0
6.012787918E0,-7.685387731E-1,-6.440402865E-1,9.742006302E0,9.793473670E0
6.014787684E0,-7.733271718E-1,-6.416460276E-1,9.734824181E0,9.786549257E0
6.016787137E0,-7.781155705E-1,-6.368576288E-1,9.746794701E0,9.798523277E0
6.018787606E0,-7.781155705E-1,-6.296750307E-1,9.734824181E0,9.786151251E0
6.020788582E0,-7.805097699E-1,-6.296750307E-1,9.732429504E0,9.783959843E0
6.022788387E0,-7.757213712E-1,-6.296750307E-1,9.727641106E0,9.778815663E0
6.024788035E0,-7.733271718E-1,-6.224924326E-1,9.734824181E0,9.785312135E0
6.026788074E0,-7.733271718E-1,-6.200982332E-1,9.744400978E0,9.794687701E0
6.028788699E0,-7.637503147E-1,-6.272808313E-1,9.744400978E0,9.794393611E0
6.030788582E0,-7.685387731E-1,-6.177040339E-1,9.756371498E0,9.806069290E0
6.032788387E0,-7.757213712E-1,-6.153098345E-1,9.753977776E0,9.804102829E0
6.034788113E0,-7.733271718E-1,-6.129156351E-1,9.756371498E0,9.806145282E0
6.036788973E0,-7.637503147E-1,-6.129156351E-1,9.751583099E0,9.800630238E0
6.038789520E0,-7.637503147E-1,-6.105214357E-1,9.761159897E0,9.810009862E0
6.040789754E0,-7.613561153E-1,-6.129156351E-1,9.758766174E0,9.807591241E0
6.042791082E0,-7.685387731E-1,-6.153098345E-1,9.749189377E0,9.798772961E0
6.044792762E0,-7.757213712E-1,-6.248866320E-1,9.756371498E0,9.807089872E0
6.046793973E0,-7.852981687E-1,-6.248866320E-1,9.746794701E0,9.798325543E0
6.048795926E0,-7.781155705E-1,-6.224924326E-1,9.749189377E0,9.799982356E0
6.050797059E0,-7.805097699E-1,-6.224924326E-1,9.749189377E0,9.800172745E0
6.052797996E0,-7.876923680E-1,-6.248866320E-1,9.730035782E0,9.781847417E0
6.054799442E0,-7.852981687E-1,-6.272808313E-1,9.734824181E0,9.786571222E0
6.056800809E0,-7.781155705E-1,-6.416460276E-1,9.734824181E0,9.786928798E0
6.058801903E0,-7.757213712E-1,-6.320692301E-1,9.720458984E0,9.771825726E0
6.060802840E0,-7.757213712E-1,-6.416460276E-1,9.708487511E0,9.760542148E0
6.062803270E0,-7.685387731E-1,-6.368576288E-1,9.710882187E0,9.762042426E0
6.064803153E0,-7.613561153E-1,-6.320692301E-1,9.720458984E0,9.770695856E0
6.066803973E0,-7.637503147E-1,-6.344634295E-1,9.720458984E0,9.771037880E0
6.068803934E0,-7.661445141E-1,-6.368576288E-1,9.730035782E0,9.780908003E0
6.070804559E0,-7.661445141E-1,-6.320692301E-1,9.737217903E0,9.787742407E0
6.072805301E0,-7.685387731E-1,-6.320692301E-1,9.742006302E0,9.792693712E0
6.074806512E0,-7.517793179E-1,-6.296750307E-1,9.739612579E0,9.788856725E0
6.076807254E0,-7.493851185E-1,-6.320692301E-1,9.749189377E0,9.798356141E0
6.078807801E0,-7.493851185E-1,-6.272808313E-1,9.749189377E0,9.798048418E0
6.080808231E0,-7.565677166E-1,-6.248866320E-1,9.739612579E0,9.788918797E0
6.082808817E0,-7.541735172E-1,-6.200982332E-1,9.746794701E0,9.795575861E0
6.084809324E0,-7.541735172E-1,-6.224924326E-1,9.751583099E0,9.800492205E0
6.086809832E0,-7.541735172E-1,-6.296750307E-1,9.751583099E0,9.800951040E0
6.088811160E0,-7.493851185E-1,-6.296750307E-1,9.749189377E0,9.798201988E0
6.090812410E0,-7.398083210E-1,-6.296750307E-1,9.742006302E0,9.790326541E0
6.092812957E0,-7.541735172E-1,-6.272808313E-1,9.734824181E0,9.784122892E0
6.094813387E0,-7.661445141E-1,-6.272808313E-1,9.737217903E0,9.787434350E0
6.096813699E0,-7.685387731E-1,-6.368576288E-1,9.730035782E0,9.781095838E0
6.098814403E0,-7.757213712E-1,-6.392518282E-1,9.727641106E0,9.779436999E0
6.100815965E0,-7.685387731E-1,-6.368576288E-1,9.720458984E0,9.771569083E0
6.102817215E0,-7.661445141E-1,-6.344634295E-1,9.722852707E0,9.773606602E0
6.104817371E0,-7.637503147E-1,-6.272808313E-1,9.732429504E0,9.782483317E0
6.106818856E0,-7.613561153E-1,-6.224924326E-1,9.722852707E0,9.772462572E0
6.108821473E0,-7.637503147E-1,-6.272808313E-1,9.720458984E0,9.770574121E0
6.110824403E0,-7.733271718E-1,-6.344634295E-1,9.720458984E0,9.771791117E0
6.112827137E0,-7.709329724E-1,-6.320692301E-1,9.725247383E0,9.776210197E0
6.114828074E0,-7.637503147E-1,-6.224924326E-1,9.737217903E0,9.786941497E0
6.116829520E0,-7.685387731E-1,-6.177040339E-1,9.739612579E0,9.789395452E0
6.118830028E0,-7.709329724E-1,-6.153098345E-1,9.737217903E0,9.787050441E0
6.120831395E0,-7.781155705E-1,-6.200982332E-1,9.742006302E0,9.792684639E0
6.122832918E0,-7.781155705E-1,-6.200982332E-1,9.749189377E0,9.799830568E0
6.124833582E0,-7.709329724E-1,-6.153098345E-1,9.742006302E0,9.791814471E0
6.126834090E0,-7.757213712E-1,-6.224924326E-1,9.742006302E0,9.792646591E0
6.128833582E0,-7.805097699E-1,-6.153098345E-1,9.749189377E0,9.799719139E0
6.130834051E0,-7.781155705E-1,-6.248866320E-1,9.732429504E0,9.783462128E0
6.132833387E0,-7.805097699E-1,-6.296750307E-1,9.737217903E0,9.788723034E0
6.134833387E0,-7.829039693E-1,-6.153098345E-1,9.746794701E0,9.797527839E0
6.136833387E0,-7.709329724E-1,-6.224924326E-1,9.734824181E0,9.785123214E0
6.138832684E0,-7.781155705E-1,-6.320692301E-1,9.734824181E0,9.786305594E0
6.140831395E0,-7.709329724E-1,-6.320692301E-1,9.732429504E0,9.783354906E0
6.142830770E0,-7.685387731E-1,-6.296750307E-1,9.742006302E0,9.792539470E0
6.144831160E0,-7.661445141E-1,-6.272808313E-1,9.737217903E0,9.787434350E0
6.146832059E0,-7.685387731E-1,-6.224924326E-1,9.742006302E0,9.792080242E0
6.148832645E0,-7.661445141E-1,-6.224924326E-1,9.742006302E0,9.791892617E0
6.150833426E0,-7.685387731E-1,-6.272808313E-1,9.751583099E0,9.801913386E0
6.152834207E0,-7.637503147E-1,-6.248866320E-1,9.746794701E0,9.796622111E0
6.154834715E0,-7.589619160E-1,-6.296750307E-1,9.751583099E0,9.801320665E0
6.156836199E0,-7.565677166E-1,-6.416460276E-1,9.739612579E0,9.790002938E0
6.158837684E0,-7.565677166E-1,-6.344634295E-1,9.732429504E0,9.782388390E0
6.160838699E0,-7.565677166E-1,-6.320692301E-1,9.734824181E0,9.784615887E0
6.162839012E0,-7.565677166E-1,-6.320692301E-1,9.727641106E0,9.777469392E0
6.164840262E0,-7.493851185E-1,-6.344634295E-1,9.730035782E0,9.779453881E0
6.166840145E0,-7.374141216E-1,-6.344634295E-1,9.732429504E0,9.780925697E0
6.168840965E0,-7.422025204E-1,-6.272808313E-1,9.734824181E0,9.783207432E0
6.170841395E0,-7.565677166E-1,-6.272808313E-1,9.727641106E0,9.777161011E0
6.172841551E0,-7.541735172E-1,-6.392518282E-1,9.732429504E0,9.782515252E0
6.174841824E0,-7.565677166E-1,-6.296750307E-1,9.720458984E0,9.770169304E0
6.176841668E0,-7.589619160E-1,-6.344634295E-1,9.720458984E0,9.770664762E0
6.178841043E0,-7.613561153E-1,-6.344634295E-1,9.734824181E0,9.785142248E0
6.180840301E0,-7.589619160E-1,-6.344634295E-1,9.739612579E0,9.789720130E0
6.182840535E0,-7.517793179E-1,-6.248866320E-1,9.730035782E0,9.779021002E0
6.184840535E0,-7.589619160E-1,-6.224924326E-1,9.739612579E0,9.788951589E0
6.186840613E0,-7.589619160E-1,-6.177040339E-1,9.739612579E0,9.788648255E0
6.188841199E0,-7.637503147E-1,-6.272808313E-1,9.734824181E0,9.784865743E0
6.190841356E0,-7.709329724E-1,-6.272808313E-1,9.746794701E0,9.797337691E0
6.192841160E0,-7.661445141E-1,-6.296750307E-1,9.751583099E0,9.801879463E0
6.194841707E0,-7.709329724E-1,-6.224924326E-1,9.744400978E0,9.794650831E0
6.196842567E0,-7.733271718E-1,-6.153098345E-1,9.744400978E0,9.794385715E0
6.198842684E0,-7.733271718E-1,-6.248866320E-1,9.746794701E0,9.797373380E0
6.200842723E0,-7.829039693E-1,-6.224924326E-1,9.744400978E0,9.795600333E0
6.202843348E0,-7.805097699E-1,-6.296750307E-1,9.744400978E0,9.795868342E0
6.204843192E0,-7.733271718E-1,-6.272808313E-1,9.739612579E0,9.790381471E0
6.206843231E0,-7.733271718E-1,-6.200982332E-1,9.734824181E0,9.785160119E0
6.208843582E0,-7.757213712E-1,-6.224924326E-1,9.734824181E0,9.785501638E0
6.210844598E0,-7.709329724E-1,-6.153098345E-1,9.737217903E0,9.787050441E0
6.212844832E0,-7.685387731E-1,-6.129156351E-1,9.732429504E0,9.781947734E0
6.214846082E0,-7.637503147E-1,-6.200982332E-1,9.732429504E0,9.782025374E0
6.216847488E0,-7.613561153E-1,-6.296750307E-1,9.734824181E0,9.784832937E0
6.218847918E0,-7.685387731E-1,-6.272808313E-1,9.734824181E0,9.785240667E0
6.220848348E0,-7.781155705E-1,-6.200982332E-1,9.722852707E0,9.773630360E0
6.222849090E0,-7.733271718E-1,-6.320692301E-1,9.732429504E0,9.783543861E0
6.224849715E0,-7.709329724E-1,-6.296750307E-1,9.732429504E0,9.783200517E0
6.226849442E0,-7.685387731E-1,-6.368576288E-1,9.730035782E0,9.781095838E0
6.228850028E0,-7.613561153E-1,-6.392518282E-1,9.734824181E0,9.785453891E0
6.230850223E0,-7.661445141E-1,-6.368576288E-1,9.749189377E0,9.799962171E0
6.232850770E0,-7.589619160E-1,-6.224924326E-1,9.739612579E0,9.788951589E0
6.234851121E0,-7.541735172E-1,-6.200982332E-1,9.739612579E0,9.788429532E0
6.236849910E0,-7.541735172E-1,-6.248866320E-1,9.732429504E0,9.781587042E0
6.238849168E0,-7.517793179E-1,-6.224924326E-1,9.722852707E0,9.771721124E0
6.240849520E0,-7.517793179E-1,-6.129156351E-1,9.727641106E0,9.775880482E0
6.242849637E0,-7.637503147E-1,-6.129156351E-1,9.732429504E0,9.781572684E0
6.244849051E0,-7.589619160E-1,-6.200982332E-1,9.739612579E0,9.788799630E0
6.246848660E0,-7.613561153E-1,-6.248866320E-1,9.734824181E0,9.784525960E0
6.248847879E0,-7.565677166E-1,-6.296750307E-1,9.732429504E0,9.782078992E0
6.250848465E0,-7.613561153E-1,-6.392518282E-1,9.727641106E0,9.778308009E0
6.252848543E0,-7.589619160E-1,-6.344634295E-1,9.734824181E0,9.784956252E0
6.254848543E0,-7.613561153E-1,-6.392518282E-1,9.727641106E0,9.778308009E0
6.256848426E0,-7.685387731E-1,-6.416460276E-1,9.739612579E0,9.790935332E0
6.258848582E0,-7.637503147E-1,-6.464344859E-1,9.742006302E0,9.793256806E0
6.260848778E0,-7.661445141E-1,-6.392518282E-1,9.725247383E0,9.776300782E0
6.262848738E0,-7.733271718E-1,-6.392518282E-1,9.722852707E0,9.774484261E0
6.264849910E0,-7.733271718E-1,-6.416460276E-1,9.725247383E0,9.777023126E0
6.266850731E0,-7.757213712E-1,-6.344634295E-1,9.730035782E0,9.781507236E0
6.268851160E0,-7.661445141E-1,-6.368576288E-1,9.739612579E0,9.790435039E0
6.270852879E0,-7.589619160E-1,-6.296750307E-1,9.742006302E0,9.791792513E0
6.272854012E0,-7.661445141E-1,-6.296750307E-1,9.737217903E0,9.787588087E0
6.274856004E0,-7.685387731E-1,-6.248866320E-1,9.749189377E0,9.799378993E0
6.276857801E0,-7.685387731E-1,-6.224924326E-1,9.744400978E0,9.794462675E0
6.278858778E0,-7.733271718E-1,-6.224924326E-1,9.751583099E0,9.801984732E0
6.280859246E0,-7.685387731E-1,-6.296750307E-1,9.739612579E0,9.790158103E0
6.282860106E0,-7.733271718E-1,-6.272808313E-1,9.749189377E0,9.799908656E0
6.284860574E0,-7.757213712E-1,-6.272808313E-1,9.751583099E0,9.802479168E0
6.286861004E0,-7.709329724E-1,-6.320692301E-1,9.734824181E0,9.785737120E0
6.288861942E0,-7.661445141E-1,-6.272808313E-1,9.742006302E0,9.792198193E0
6.290863465E0,-7.733271718E-1,-6.248866320E-1,9.737217903E0,9.787846071E0
6.292864363E0,-7.781155705E-1,-6.224924326E-1,9.732429504E0,9.783309498E0
6.294864520E0,-7.733271718E-1,-6.129156351E-1,9.730035782E0,9.779943599E0
6.296865184E0,-7.733271718E-1,-6.224924326E-1,9.739612579E0,9.790075839E0
6.298865379E0,-7.685387731E-1,-6.296750307E-1,9.739612579E0,9.790158103E0
6.300865145E0,-7.709329724E-1,-6.296750307E-1,9.742006302E0,9.792727663E0
6.302866434E0,-7.661445141E-1,-6.296750307E-1,9.744400978E0,9.794734222E0
6.304866551E0,-7.661445141E-1,-6.224924326E-1,9.734824181E0,9.784747113E0
6.306866121E0,-7.685387731E-1,-6.200982332E-1,9.734824181E0,9.784782854E0
6.308866668E0,-7.589619160E-1,-6.153098345E-1,9.742006302E0,9.790879234E0
6.310867098E0,-7.589619160E-1,-6.248866320E-1,9.732429504E0,9.781957399E0
6.312868192E0,-7.613561153E-1,-6.320692301E-1,9.742006302E0,9.792132629E0
6.314867567E0,-7.541735172E-1,-6.344634295E-1,9.737217903E0,9.786967561E0
6.316867371E0,-7.613561153E-1,-6.320692301E-1,9.732429504E0,9.782604904E0
6.318867371E0,-7.565677166E-1,-6.296750307E-1,9.727641106E0,9.777314909E0
6.320867215E0,-7.541735172E-1,-6.320692301E-1,9.734824181E0,9.784431053E0
6.322868074E0,-7.613561153E-1,-6.296750307E-1,9.734824181E0,9.784832937E0
6.324868426E0,-7.661445141E-1,-6.224924326E-1,9.732429504E0,9.782364658E0
6.326868778E0,-7.661445141E-1,-6.224924326E-1,9.739612579E0,9.789511093E0
6.328868934E0,-7.589619160E-1,-6.272808313E-1,9.739612579E0,9.789257256E0
6.330869285E0,-7.637503147E-1,-6.296750307E-1,9.744400978E0,9.794547239E0
6.332869832E0,-7.541735172E-1,-6.248866320E-1,9.744400978E0,9.793498426E0
6.334870067E0,-7.565677166E-1,-6.177040339E-1,9.732429504E0,9.781315711E0
6.336870418E0,-7.661445141E-1,-6.248866320E-1,9.737217903E0,9.787281196E0
6.338870653E0,-7.685387731E-1,-6.296750307E-1,9.739612579E0,9.790158103E0
6.340870379E0,-7.637503147E-1,-6.224924326E-1,9.734824181E0,9.784559939E0
6.342870379E0,-7.565677166E-1,-6.248866320E-1,9.732429504E0,9.781771929E0
6.344870926E0,-7.709329724E-1,-6.320692301E-1,9.730035782E0,9.780973647E0
6.346870535E0,-7.709329724E-1,-6.320692301E-1,9.739612579E0,9.790500618E0
6.348872254E0,-7.781155705E-1,-6.296750307E-1,9.734824181E0,9.786151251E0
6.350873465E0,-7.781155705E-1,-6.344634295E-1,9.732429504E0,9.784078482E0
6.352874520E0,-7.709329724E-1,-6.224924326E-1,9.737217903E0,9.787504634E0
6.354874246E0,-7.709329724E-1,-6.153098345E-1,9.739612579E0,9.789432927E0
6.356873895E0,-7.733271718E-1,-6.177040339E-1,9.732429504E0,9.782626296E0
6.358873465E0,-7.709329724E-1,-6.248866320E-1,9.749189377E0,9.799567055E0
6.360873035E0,-7.637503147E-1,-6.224924326E-1,9.751583099E0,9.801233816E0
6.362871824E0,-7.661445141E-1,-6.296750307E-1,9.727641106E0,9.778060623E0
6.364870731E0,-7.733271718E-1,-6.344634295E-1,9.727641106E0,9.778935537E0
6.366870301E0,-7.709329724E-1,-6.200982332E-1,9.725247383E0,9.775443526E0
6.368870379E0,-7.637503147E-1,-6.153098345E-1,9.720458984E0,9.769812874E0
6.370870028E0,-7.709329724E-1,-6.177040339E-1,9.727641106E0,9.777673415E0
6.372870067E0,-7.613561153E-1,-6.320692301E-1,9.739612579E0,9.789751163E0
6.374869403E0,-7.685387731E-1,-6.272808313E-1,9.730035782E0,9.780476952E0
6.376869168E0,-7.757213712E-1,-6.296750307E-1,9.737217903E0,9.788342392E0
6.378869715E0,-7.685387731E-1,-6.224924326E-1,9.734824181E0,9.784934875E0
6.380869754E0,-7.733271718E-1,-6.224924326E-1,9.734824181E0,9.785312135E0
6.382869793E0,-7.661445141E-1,-6.272808313E-1,9.730035782E0,9.780289105E0
6.384871317E0,-7.733271718E-1,-6.296750307E-1,9.732429504E0,9.783389475E0
6.386871863E0,-7.709329724E-1,-6.272808313E-1,9.732429504E0,9.783046711E0
6.388872801E0,-7.637503147E-1,-6.296750307E-1,9.727641106E0,9.777873320E0
6.390873504E0,-7.709329724E-1,-6.224924326E-1,9.734824181E0,9.785123214E0
6.392873660E0,-7.685387731E-1,-6.296750307E-1,9.734824181E0,9.785394439E0
6.394874403E0,-7.685387731E-1,-6.320692301E-1,9.734824181E0,9.785548793E0
6.396874715E0,-7.637503147E-1,-6.248866320E-1,9.739612579E0,9.789476546E0
6.398875809E0,-7.613561153E-1,-6.248866320E-1,9.737217903E0,9.786907526E0
6.400876629E0,-7.589619160E-1,-6.272808313E-1,9.737217903E0,9.786874727E0
6.402877762E0,-7.709329724E-1,-6.272808313E-1,9.744400978E0,9.794956320E0
6.404879051E0,-7.685387731E-1,-6.224924326E-1,9.746794701E0,9.796844166E0
6.406879871E0,-7.733271718E-1,-6.296750307E-1,9.744400978E0,9.795298667E0
6.408881043E0,-7.685387731E-1,-6.272808313E-1,9.725247383E0,9.775713260E0
6.410881668E0,-7.661445141E-1,-6.272808313E-1,9.730035782E0,9.780289105E0
6.412881473E0,-7.541735172E-1,-6.320692301E-1,9.732429504E0,9.782048521E0
6.414881590E0,-7.613561153E-1,-6.200982332E-1,9.725247383E0,9.774692917E0
6.416881903E0,-7.637503147E-1,-6.224924326E-1,9.727641106E0,9.777413403E0
6.418883309E0,-7.637503147E-1,-6.272808313E-1,9.751583099E0,9.801539100E0
6.420883817E0,-7.613561153E-1,-6.320692301E-1,9.744400978E0,9.794515050E0
6.422884051E0,-7.613561153E-1,-6.248866320E-1,9.744400978E0,9.794054158E0
6.424884832E0,-7.565677166E-1,-6.296750307E-1,9.732429504E0,9.782078992E0
6.426885067E0,-7.541735172E-1,-6.368576288E-1,9.727641106E0,9.777595145E0
6.428886082E0,-7.613561153E-1,-6.296750307E-1,9.739612579E0,9.789596875E0
6.430888192E0,-7.589619160E-1,-6.272808313E-1,9.753977776E0,9.803549708E0
6.432889871E0,-7.565677166E-1,-6.272808313E-1,9.751583099E0,9.800982037E0
6.434890418E0,-7.613561153E-1,-6.248866320E-1,9.749189377E0,9.798818293E0
6.436891317E0,-7.637503147E-1,-6.272808313E-1,9.753977776E0,9.803921574E0
6.438892684E0,-7.637503147E-1,-6.224924326E-1,9.739612579E0,9.789324010E0
6.440894403E0,-7.709329724E-1,-6.224924326E-1,9.727641106E0,9.777977089E0
6.442894910E0,-7.757213712E-1,-6.200982332E-1,9.720458984E0,9.771058711E0
6.444895692E0,-7.733271718E-1,-6.177040339E-1,9.720458984E0,9.770717274E0
6.446897059E0,-7.685387731E-1,-6.248866320E-1,9.718064308E0,9.768413845E0
6.448898504E0,-7.709329724E-1,-6.296750307E-1,9.718064308E0,9.768909980E0
6.450899520E0,-7.685387731E-1,-6.320692301E-1,9.734824181E0,9.785548793E0
6.452900457E0,-7.685387731E-1,-6.368576288E-1,9.739612579E0,9.790622691E0
6.454901121E0,-7.685387731E-1,-6.392518282E-1,9.722852707E0,9.774106584E0
6.456901317E0,-7.685387731E-1,-6.344634295E-1,9.730035782E0,9.780940241E0
6.458901668E0,-7.637503147E-1,-6.320692301E-1,9.744400978E0,9.794701449E0
6.460901863E0,-7.685387731E-1,-6.272808313E-1,9.739612579E0,9.790004407E0
6.462902567E0,-7.805097699E-1,-6.224924326E-1,9.725247383E0,9.776355609E0
6.464902528E0,-7.781155705E-1,-6.248866320E-1,9.730035782E0,9.781080894E0
6.466901707E0,-7.757213712E-1,-6.320692301E-1,9.739612579E0,9.790878835E0
6.468901121E0,-7.709329724E-1,-6.344634295E-1,9.744400978E0,9.795418925E0
6.470901317E0,-7.661445141E-1,-6.320692301E-1,9.734824181E0,9.785361044E0
6.472901395E0,-7.661445141E-1,-6.296750307E-1,9.737217903E0,9.787588087E0
6.474901473E0,-7.685387731E-1,-6.296750307E-1,9.744400978E0,9.794921792E0
6.476901785E0,-7.661445141E-1,-6.272808313E-1,9.739612579E0,9.789816743E0
6.478903270E0,-7.661445141E-1,-6.248866320E-1,9.734824181E0,9.784899721E0
6.480902684E0,-7.613561153E-1,-6.272808313E-1,9.739612579E0,9.789443170E0
6.482903309E0,-7.709329724E-1,-6.392518282E-1,9.742006302E0,9.793348117E0
6.484903778E0,-7.661445141E-1,-6.344634295E-1,9.732429504E0,9.783133717E0
6.486904832E0,-7.637503147E-1,-6.272808313E-1,9.744400978E0,9.794393611E0
6.488905770E0,-7.613561153E-1,-6.248866320E-1,9.732429504E0,9.782143451E0
6.490906317E0,-7.589619160E-1,-6.296750307E-1,9.739612579E0,9.789410964E0
6.492907684E0,-7.613561153E-1,-6.296750307E-1,9.730035782E0,9.780069023E0
6.494908387E0,-7.637503147E-1,-6.248866320E-1,9.737217903E0,9.787094070E0
6.496909129E0,-7.613561153E-1,-6.224924326E-1,9.739612579E0,9.789137508E0
6.498910145E0,-7.637503147E-1,-6.296750307E-1,9.737217903E0,9.787400967E0
6.500910418E0,-7.637503147E-1,-6.272808313E-1,9.734824181E0,9.784865743E0
6.502909871E0,-7.661445141E-1,-6.320692301E-1,9.727641106E0,9.778215093E0
6.504910692E0,-7.661445141E-1,-6.296750307E-1,9.739612579E0,9.789970442E0
6.506910770E0,-7.613561153E-1,-6.272808313E-1,9.742006302E0,9.791824711E0
6.508911395E0,-7.685387731E-1,-6.248866320E-1,9.734824181E0,9.785087479E0
6.510912567E0,-7.709329724E-1,-6.177040339E-1,9.734824181E0,9.784819761E0
6.512913504E0,-7.709329724E-1,-6.248866320E-1,9.737217903E0,9.787657199E0
6.514913387E0,-7.709329724E-1,-6.320692301E-1,9.730035782E0,9.780973647E0
6.516912957E0,-7.613561153E-1,-6.200982332E-1,9.744400978E0,9.793749812E0
6.518913621E0,-7.661445141E-1,-6.200982332E-1,9.744400978E0,9.794123220E0
6.520914285E0,-7.709329724E-1,-6.177040339E-1,9.737217903E0,9.787201255E0
6.522916004E0,-7.565677166E-1,-6.153098345E-1,9.730035782E0,9.778783013E0
6.524916629E0,-7.613561153E-1,-6.177040339E-1,9.727641106E0,9.776922976E0
6.526917371E0,-7.637503147E-1,-6.153098345E-1,9.734824181E0,9.784105609E0
6.528917449E0,-7.613561153E-1,-6.200982332E-1,9.737217903E0,9.786602957E0
6.530917410E0,-7.685387731E-1,-6.177040339E-1,9.732429504E0,9.782248932E0
6.532917332E0,-7.685387731E-1,-6.248866320E-1,9.739612579E0,9.789851293E0
6.534916824E0,-7.685387731E-1,-6.200982332E-1,9.737217903E0,9.787164357E0
6.536916981E0,-7.637503147E-1,-6.177040339E-1,9.742006302E0,9.791402331E0
6.538917254E0,-7.613561153E-1,-6.320692301E-1,9.727641106E0,9.777841077E0
6.540917918E0,-7.661445141E-1,-6.416460276E-1,9.718064308E0,9.769312204E0
6.542918074E0,-7.637503147E-1,-6.272808313E-1,9.722852707E0,9.772955569E0
6.544918699E0,-7.637503147E-1,-6.296750307E-1,9.730035782E0,9.780255697E0
6.546918270E0,-7.685387731E-1,-6.392518282E-1,9.742006302E0,9.793159936E0
6.548917879E0,-7.661445141E-1,-6.344634295E-1,9.732429504E0,9.783133717E0
6.550918074E0,-7.661445141E-1,-6.272808313E-1,9.737217903E0,9.787434350E0
6.552919246E0,-7.613561153E-1,-6.272808313E-1,9.734824181E0,9.784679157E0
6.554920106E0,-7.613561153E-1,-6.320692301E-1,9.742006302E0,9.792132629E0
6.556920535E0,-7.685387731E-1,-6.392518282E-1,9.732429504E0,9.783633211E0
6.558920848E0,-7.637503147E-1,-6.464344859E-1,9.737217903E0,9.788493479E0
6.560922371E0,-7.637503147E-1,-6.416460276E-1,9.727641106E0,9.778651525E0
6.562924090E0,-7.637503147E-1,-6.344634295E-1,9.730035782E0,9.780565153E0
6.564924246E0,-7.637503147E-1,-6.248866320E-1,9.734824181E0,9.784712549E0
6.566924598E0,-7.637503147E-1,-6.272808313E-1,9.739612579E0,9.789629665E0
6.568925340E0,-7.613561153E-1,-6.200982332E-1,9.737217903E0,9.786602957E0
6.570926551E0,-7.565677166E-1,-6.248866320E-1,9.737217903E0,9.786536185E0
6.572926199E0,-7.541735172E-1,-6.200982332E-1,9.739612579E0,9.788429532E0
6.574925848E0,-7.589619160E-1,-6.224924326E-1,9.742006302E0,9.791333250E0
6.576925184E0,-7.589619160E-1,-6.224924326E-1,9.739612579E0,9.788951589E0
6.578924871E0,-7.661445141E-1,-6.248866320E-1,9.727641106E0,9.777753433E0
6.580924168E0,-7.709329724E-1,-6.200982332E-1,9.722852707E0,9.773061149E0
6.582922840E0,-7.661445141E-1,-6.248866320E-1,9.713275909E0,9.763461969E0
6.584922645E0,-7.685387731E-1,-6.320692301E-1,9.732429504E0,9.783166533E0
6.586921668E0,-7.613561153E-1,-6.368576288E-1,9.739612579E0,9.790061490E0
6.588921278E0,-7.613561153E-1,-6.392518282E-1,9.742006302E0,9.792598880E0
6.590920145E0,-7.661445141E-1,-6.320692301E-1,9.744400978E0,9.794888430E0
6.592919637E0,-7.685387731E-1,-6.272808313E-1,9.753977776E0,9.804295769E0
6.594919793E0,-7.709329724E-1,-6.248866320E-1,9.742006302E0,9.792420933E0
6.596918973E0,-7.733271718E-1,-6.200982332E-1,9.737217903E0,9.787541531E0
6.598917684E0,-7.757213712E-1,-6.153098345E-1,9.734824181E0,9.785047351E0
6.600916903E0,-7.733271718E-1,-6.129156351E-1,9.742006302E0,9.791853107E0
6.602917918E0,-7.709329724E-1,-6.248866320E-1,9.744400978E0,9.794803284E0
6.604917410E0,-7.709329724E-1,-6.248866320E-1,9.742006302E0,9.792420933E0
6.606918426E0,-7.661445141E-1,-6.200982332E-1,9.744400978E0,9.794123220E0
6.608918660E0,-7.781155705E-1,-6.272808313E-1,9.742006302E0,9.793142084E0
6.610918621E0,-7.781155705E-1,-6.224924326E-1,9.739612579E0,9.790455243E0
6.612919168E0,-7.805097699E-1,-6.200982332E-1,9.725247383E0,9.776203454E0
6.614919442E0,-7.709329724E-1,-6.320692301E-1,9.732429504E0,9.783354906E0
6.616919207E0,-7.589619160E-1,-6.368576288E-1,9.734824181E0,9.785111786E0
6.618918426E0,-7.613561153E-1,-6.224924326E-1,9.734824181E0,9.784373347E0
6.620917410E0,-7.661445141E-1,-6.272808313E-1,9.734824181E0,9.785052912E0
6.622916629E0,-7.661445141E-1,-6.272808313E-1,9.732429504E0,9.782670531E0
6.624915184E0,-7.733271718E-1,-6.248866320E-1,9.730035782E0,9.780701127E0
6.626914715E0,-7.709329724E-1,-6.177040339E-1,9.744400978E0,9.794347673E0
6.628914403E0,-7.613561153E-1,-6.129156351E-1,9.751583099E0,9.800443952E0
6.630913309E0,-7.613561153E-1,-6.200982332E-1,9.739612579E0,9.788985553E0
6.632911590E0,-7.685387731E-1,-6.248866320E-1,9.746794701E0,9.796996585E0
6.634910067E0,-7.709329724E-1,-6.272808313E-1,9.742006302E0,9.792574007E0
6.636908738E0,-7.685387731E-1,-6.248866320E-1,9.742006302E0,9.792232735E0
6.638908778E0,-7.613561153E-1,-6.296750307E-1,9.739612579E0,9.789596875E0
6.640908660E0,-7.565677166E-1,-6.248866320E-1,9.732429504E0,9.781771929E0
6.642907528E0,-7.637503147E-1,-6.224924326E-1,9.732429504E0,9.782177438E0
6.644905809E0,-7.637503147E-1,-6.272808313E-1,9.737217903E0,9.787247227E0
6.646905340E0,-7.613561153E-1,-6.200982332E-1,9.725247383E0,9.774692917E0
6.648904910E0,-7.637503147E-1,-6.224924326E-1,9.742006302E0,9.791705580E0
6.650905145E0,-7.661445141E-1,-6.177040339E-1,9.746794701E0,9.796353537E0
6.652904442E0,-7.685387731E-1,-6.248866320E-1,9.744400978E0,9.794615131E0
6.654903465E0,-7.685387731E-1,-6.320692301E-1,9.742006302E0,9.792693712E0
6.656903270E0,-7.685387731E-1,-6.320692301E-1,9.749189377E0,9.799839635E0
6.658902488E0,-7.757213712E-1,-6.272808313E-1,9.742006302E0,9.792952143E0
6.660902879E0,-7.709329724E-1,-6.272808313E-1,9.739612579E0,9.790192648E0
6.662902879E0,-7.709329724E-1,-6.200982332E-1,9.739612579E0,9.789735066E0
6.664903113E0,-7.613561153E-1,-6.200982332E-1,9.722852707E0,9.772310357E0
6.666904051E0,-7.661445141E-1,-6.224924326E-1,9.730035782E0,9.779983158E0
6.668903699E0,-7.661445141E-1,-6.272808313E-1,9.739612579E0,9.789816743E0
6.670903504E0,-7.733271718E-1,-6.320692301E-1,9.739612579E0,9.790689435E0
6.672904129E0,-7.781155705E-1,-6.392518282E-1,9.744400978E0,9.796298136E0
6.674904012E0,-7.685387731E-1,-6.344634295E-1,9.744400978E0,9.795230784E0
6.676903660E0,-7.637503147E-1,-6.272808313E-1,9.742006302E0,9.792011161E0
6.678903543E0,-7.685387731E-1,-6.344634295E-1,9.744400978E0,9.795230784E0
6.680903465E0,-7.709329724E-1,-6.296750307E-1,9.751583099E0,9.802254906E0
6.682903856E0,-7.709329724E-1,-6.296750307E-1,9.751583099E0,9.802254906E0
6.684903504E0,-7.685387731E-1,-6.320692301E-1,9.744400978E0,9.795075997E0
6.686904168E0,-7.637503147E-1,-6.272808313E-1,9.737217903E0,9.787247227E0
6.688904793E0,-7.661445141E-1,-6.296750307E-1,9.739612579E0,9.789970442E0
6.690904520E0,-7.733271718E-1,-6.224924326E-1,9.739612579E0,9.790075839E0
6.692903660E0,-7.613561153E-1,-6.200982332E-1,9.749189377E0,9.798514094E0
6.694903074E0,-7.685387731E-1,-6.200982332E-1,9.742006302E0,9.791928332E0
6.696901863E0,-7.685387731E-1,-6.320692301E-1,9.742006302E0,9.792693712E0
6.698901434E0,-7.613561153E-1,-6.296750307E-1,9.734824181E0,9.784832937E0
6.700901278E0,-7.637503147E-1,-6.248866320E-1,9.732429504E0,9.782330086E0
6.702901199E0,-7.685387731E-1,-6.248866320E-1,9.725247383E0,9.775559923E0
6.704900965E0,-7.781155705E-1,-6.224924326E-1,9.734824181E0,9.785691723E0
6.706900887E0,-7.709329724E-1,-6.296750307E-1,9.739612579E0,9.790346342E0
6.708902020E0,-7.613561153E-1,-6.344634295E-1,9.742006302E0,9.792287463E0
6.710902449E0,-7.637503147E-1,-6.320692301E-1,9.732429504E0,9.782791530E0
6.712902567E0,-7.637503147E-1,-6.320692301E-1,9.730035782E0,9.780410133E0
6.714903192E0,-7.589619160E-1,-6.248866320E-1,9.730035782E0,9.779575799E0
6.716902879E0,-7.613561153E-1,-6.224924326E-1,9.739612579E0,9.789137508E0
6.718902567E0,-7.661445141E-1,-6.177040339E-1,9.746794701E0,9.796353537E0
6.720903035E0,-7.685387731E-1,-6.248866320E-1,9.744400978E0,9.794615131E0
6.722904246E0,-7.541735172E-1,-6.296750307E-1,9.739612579E0,9.789040889E0
6.724905340E0,-7.589619160E-1,-6.296750307E-1,9.732429504E0,9.782264456E0
6.726906707E0,-7.565677166E-1,-6.320692301E-1,9.737217903E0,9.786997431E0
6.728907020E0,-7.565677166E-1,-6.177040339E-1,9.739612579E0,9.788462912E0
6.730907371E0,-7.589619160E-1,-6.248866320E-1,9.734824181E0,9.784339953E0
6.732908231E0,-7.613561153E-1,-6.224924326E-1,9.730035782E0,9.779609209E0
6.734909246E0,-7.661445141E-1,-6.272808313E-1,9.737217903E0,9.787434350E0
6.736909520E0,-7.661445141E-1,-6.368576288E-1,9.746794701E0,9.797579905E0
6.738910379E0,-7.685387731E-1,-6.368576288E-1,9.744400978E0,9.795386154E0
6.740911121E0,-7.685387731E-1,-6.368576288E-1,9.739612579E0,9.790622691E0
6.742911238E0,-7.613561153E-1,-6.272808313E-1,9.739612579E0,9.789443170E0
6.744911043E0,-7.589619160E-1,-6.248866320E-1,9.737217903E0,9.786721565E0
6.746911043E0,-7.637503147E-1,-6.296750307E-1,9.727641106E0,9.777873320E0
6.748910613E0,-7.685387731E-1,-6.296750307E-1,9.720458984E0,9.771103590E0
6.750910535E0,-7.733271718E-1,-6.344634295E-1,9.730035782E0,9.781317655E0
6.752910770E0,-7.637503147E-1,-6.392518282E-1,9.742006302E0,9.792785315E0
6.754911278E0,-7.637503147E-1,-6.296750307E-1,9.734824181E0,9.785019520E0
6.756911395E0,-7.733271718E-1,-6.296750307E-1,9.727641106E0,9.778626030E0
6.758911395E0,-7.709329724E-1,-6.320692301E-1,9.725247383E0,9.776210197E0
6.760911121E0,-7.661445141E-1,-6.224924326E-1,9.734824181E0,9.784747113E0
6.762911043E0,-7.685387731E-1,-6.320692301E-1,9.730035782E0,9.780785228E0
6.764911160E0,-7.685387731E-1,-6.296750307E-1,9.725247383E0,9.775867182E0
6.766911434E0,-7.661445141E-1,-6.224924326E-1,9.739612579E0,9.789511093E0
6.768911473E0,-7.661445141E-1,-6.296750307E-1,9.744400978E0,9.794734222E0
6.770911434E0,-7.733271718E-1,-6.272808313E-1,9.739612579E0,9.790381471E0
6.772911629E0,-7.757213712E-1,-6.200982332E-1,9.732429504E0,9.782967317E0
6.774912020E0,-7.685387731E-1,-6.200982332E-1,9.744400978E0,9.794310802E0
6.776911551E0,-7.637503147E-1,-6.224924326E-1,9.737217903E0,9.786941497E0
6.778911903E0,-7.613561153E-1,-6.248866320E-1,9.727641106E0,9.777379399E0
6.780911746E0,-7.685387731E-1,-6.200982332E-1,9.737217903E0,9.787164357E0
6.782911824E0,-7.685387731E-1,-6.296750307E-1,9.732429504E0,9.783012141E0
6.784911434E0,-7.661445141E-1,-6.224924326E-1,9.737217903E0,9.787128626E0
6.786911473E0,-7.661445141E-1,-6.200982332E-1,9.734824181E0,9.784595089E0
6.788911590E0,-7.709329724E-1,-6.177040339E-1,9.737217903E0,9.787201255E0
6.790911199E0,-7.733271718E-1,-6.296750307E-1,9.749189377E0,9.800062197E0
6.792911160E0,-7.637503147E-1,-6.368576288E-1,9.742006302E0,9.792629318E0
6.794910613E0,-7.589619160E-1,-6.368576288E-1,9.744400978E0,9.794639414E0
6.796910379E0,-7.565677166E-1,-6.296750307E-1,9.727641106E0,9.777314909E0
6.798910574E0,-7.613561153E-1,-6.296750307E-1,9.744400978E0,9.794360837E0
6.800910067E0,-7.685387731E-1,-6.344634295E-1,9.732429504E0,9.783321509E0
6.802909363E0,-7.757213712E-1,-6.368576288E-1,9.722852707E0,9.774517689E0
6.804909012E0,-7.733271718E-1,-6.248866320E-1,9.727641106E0,9.778318858E0
6.806908934E0,-7.709329724E-1,-6.320692301E-1,9.727641106E0,9.778591445E0
6.808909285E0,-7.589619160E-1,-6.296750307E-1,9.732429504E0,9.782264456E0
6.810908426E0,-7.637503147E-1,-6.296750307E-1,9.734824181E0,9.785019520E0
6.812906863E0,-7.661445141E-1,-6.272808313E-1,9.734824181E0,9.785052912E0
6.814905574E0,-7.709329724E-1,-6.200982332E-1,9.746794701E0,9.796880442E0
6.816906199E0,-7.661445141E-1,-6.200982332E-1,9.739612579E0,9.789359143E0
6.818906199E0,-7.709329724E-1,-6.224924326E-1,9.746794701E0,9.797032276E0
6.820906082E0,-7.757213712E-1,-6.296750307E-1,9.746794701E0,9.797869219E0
6.822906043E0,-7.613561153E-1,-6.320692301E-1,9.744400978E0,9.794515050E0
6.824905379E0,-7.661445141E-1,-6.272808313E-1,9.739612579E0,9.789816743E0
6.826905457E0,-7.637503147E-1,-6.320692301E-1,9.742006302E0,9.792319074E0
6.828906004E0,-7.613561153E-1,-6.368576288E-1,9.746794701E0,9.797206628E0
6.830906590E0,-7.685387731E-1,-6.320692301E-1,9.742006302E0,9.792693712E0
6.832906668E0,-7.661445141E-1,-6.248866320E-1,9.732429504E0,9.782517303E0
6.834907215E0,-7.565677166E-1,-6.344634295E-1,9.732429504E0,9.782388390E0
6.836907840E0,-7.613561153E-1,-6.320692301E-1,9.739612579E0,9.789751163E0
6.838907801E0,-7.637503147E-1,-6.272808313E-1,9.734824181E0,9.784865743E0
6.840906942E0,-7.637503147E-1,-6.344634295E-1,9.739612579E0,9.790092522E0
6.842906004E0,-7.661445141E-1,-6.392518282E-1,9.730035782E0,9.781064187E0
6.844904754E0,-7.757213712E-1,-6.248866320E-1,9.727641106E0,9.778508497E0
6.846903856E0,-7.685387731E-1,-6.200982332E-1,9.739612579E0,9.789546816E0
6.848903270E0,-7.661445141E-1,-6.200982332E-1,9.744400978E0,9.794123220E0
6.850902996E0,-7.661445141E-1,-6.224924326E-1,9.744400978E0,9.794275097E0
6.852902801E0,-7.613561153E-1,-6.272808313E-1,9.744400978E0,9.794207206E0
6.854902684E0,-7.613561153E-1,-6.272808313E-1,9.732429504E0,9.782296685E0
6.856902996E0,-7.709329724E-1,-6.296750307E-1,9.732429504E0,9.783200517E0
6.858903660E0,-7.733271718E-1,-6.272808313E-1,9.737217903E0,9.787999216E0
6.860904637E0,-7.757213712E-1,-6.224924326E-1,9.730035782E0,9.780738049E0
6.862904871E0,-7.733271718E-1,-6.224924326E-1,9.725247383E0,9.775784797E0
6.864905184E0,-7.781155705E-1,-6.272808313E-1,9.730035782E0,9.781234145E0
6.866906395E0,-7.685387731E-1,-6.248866320E-1,9.722852707E0,9.773177575E0
6.868906395E0,-7.685387731E-1,-6.248866320E-1,9.718064308E0,9.768413845E0
6.870906551E0,-7.733271718E-1,-6.248866320E-1,9.727641106E0,9.778318858E0
6.872905926E0,-7.637503147E-1,-6.248866320E-1,9.746794701E0,9.796622111E0
6.874905028E0,-7.613561153E-1,-6.224924326E-1,9.746794701E0,9.796283321E0
6.876904949E0,-7.685387731E-1,-6.320692301E-1,9.744400978E0,9.795075997E0
6.878904949E0,-7.637503147E-1,-6.320692301E-1,9.742006302E0,9.792319074E0
6.880904129E0,-7.685387731E-1,-6.296750307E-1,9.746794701E0,9.797303171E0
6.882903660E0,-7.709329724E-1,-6.368576288E-1,9.737217903E0,9.788428770E0
6.884902957E0,-7.637503147E-1,-6.224924326E-1,9.730035782E0,9.779795892E0
6.886902098E0,-7.613561153E-1,-6.296750307E-1,9.730035782E0,9.780069023E0
6.888901356E0,-7.613561153E-1,-6.320692301E-1,9.742006302E0,9.792132629E0
6.890900731E0,-7.757213712E-1,-6.296750307E-1,9.737217903E0,9.788342392E0
6.892900301E0,-7.685387731E-1,-6.296750307E-1,9.746794701E0,9.797303171E0
6.894899403E0,-7.661445141E-1,-6.320692301E-1,9.737217903E0,9.787742407E0
6.896898582E0,-7.661445141E-1,-6.272808313E-1,9.734824181E0,9.785052912E0
6.898897606E0,-7.757213712E-1,-6.368576288E-1,9.744400978E0,9.795952312E0
6.900897137E0,-7.757213712E-1,-6.296750307E-1,9.742006302E0,9.793105793E0
6.902896629E0,-7.709329724E-1,-6.368576288E-1,9.744400978E0,9.795574292E0
6.904895535E0,-7.685387731E-1,-6.392518282E-1,9.739612579E0,9.790778720E0
6.906893348E0,-7.613561153E-1,-6.272808313E-1,9.746794701E0,9.796588759E0
6.908891043E0,-7.637503147E-1,-6.272808313E-1,9.751583099E0,9.801539100E0
6.910889754E0,-7.685387731E-1,-6.296750307E-1,9.739612579E0,9.790158103E0
6.912887957E0,-7.685387731E-1,-6.248866320E-1,9.742006302E0,9.792232735E0
6.914886863E0,-7.709329724E-1,-6.248866320E-1,9.734824181E0,9.785275815E0
6.916885301E0,-7.613561153E-1,-6.272808313E-1,9.742006302E0,9.791824711E0
6.918883621E0,-7.589619160E-1,-6.224924326E-1,9.737217903E0,9.786568986E0
6.920882684E0,-7.565677166E-1,-6.177040339E-1,9.739612579E0,9.788462912E0
6.922881707E0,-7.565677166E-1,-6.224924326E-1,9.744400978E0,9.793530618E0
6.924880887E0,-7.565677166E-1,-6.296750307E-1,9.746794701E0,9.796371384E0
6.926880301E0,-7.709329724E-1,-6.344634295E-1,9.737217903E0,9.788273289E0
6.928879637E0,-7.709329724E-1,-6.344634295E-1,9.734824181E0,9.785892055E0
6.930878699E0,-7.613561153E-1,-6.320692301E-1,9.739612579E0,9.789751163E0
6.932879246E0,-7.637503147E-1,-6.248866320E-1,9.734824181E0,9.784712549E0
6.934878504E0,-7.661445141E-1,-6.200982332E-1,9.730035782E0,9.779831059E0
6.936877488E0,-7.661445141E-1,-6.248866320E-1,9.732429504E0,9.782517303E0
6.938877137E0,-7.661445141E-1,-6.368576288E-1,9.742006302E0,9.792816339E0
6.940876551E0,-7.637503147E-1,-6.344634295E-1,9.744400978E0,9.794856242E0
6.942875457E0,-7.637503147E-1,-6.272808313E-1,9.737217903E0,9.787247227E0
6.944873895E0,-7.661445141E-1,-6.320692301E-1,9.744400978E0,9.794888430E0
6.946873387E0,-7.709329724E-1,-6.320692301E-1,9.744400978E0,9.795264140E0
6.948871785E0,-7.613561153E-1,-6.224924326E-1,9.744400978E0,9.793901694E0
6.950870926E0,-7.637503147E-1,-6.200982332E-1,9.732429504E0,9.782025374E0
6.952870028E0,-7.661445141E-1,-6.129156351E-1,9.730035782E0,9.779378268E0
6.954869598E0,-7.685387731E-1,-6.200982332E-1,9.734824181E0,9.784782854E0
6.956868348E0,-7.733271718E-1,-6.320692301E-1,9.727641106E0,9.778780492E0
6.958867215E0,-7.733271718E-1,-6.272808313E-1,9.734824181E0,9.785617915E0
6.960865692E0,-7.661445141E-1,-6.224924326E-1,9.737217903E0,9.787128626E0
6.962864598E0,-7.661445141E-1,-6.272808313E-1,9.737217903E0,9.787434350E0
6.964863387E0,-7.637503147E-1,-6.248866320E-1,9.742006302E0,9.791858079E0
6.966861942E0,-7.589619160E-1,-6.224924326E-1,9.739612579E0,9.788951589E0
6.968861160E0,-7.709329724E-1,-6.248866320E-1,9.749189377E0,9.799567055E0
6.970859871E0,-7.661445141E-1,-6.296750307E-1,9.742006302E0,9.792351855E0
6.972858270E0,-7.733271718E-1,-6.296750307E-1,9.749189377E0,9.800062197E0
6.974857840E0,-7.733271718E-1,-6.296750307E-1,9.746794701E0,9.797679955E0
6.976857684E0,-7.661445141E-1,-6.248866320E-1,9.749189377E0,9.799191509E0
6.978857059E0,-7.637503147E-1,-6.248866320E-1,9.744400978E0,9.794240566E0
6.980855770E0,-7.685387731E-1,-6.296750307E-1,9.742006302E0,9.792539470E0
6.982854481E0,-7.661445141E-1,-6.344634295E-1,9.742006302E0,9.792660928E0
6.984853504E0,-7.661445141E-1,-6.296750307E-1,9.725247383E0,9.775679246E0
6.986852410E0,-7.565677166E-1,-6.344634295E-1,9.730035782E0,9.780006895E0
6.988852020E0,-7.565677166E-1,-6.296750307E-1,9.734824181E0,9.784461517E0
6.990851395E0,-7.637503147E-1,-6.248866320E-1,9.730035782E0,9.779948577E0
6.992850535E0,-7.589619160E-1,-6.200982332E-1,9.734824181E0,9.784035304E0
6.994849403E0,-7.589619160E-1,-6.153098345E-1,9.737217903E0,9.786114749E0
6.996849168E0,-7.589619160E-1,-6.200982332E-1,9.734824181E0,9.784035304E0
6.998849246E0,-7.637503147E-1,-6.248866320E-1,9.732429504E0,9.782330086E0
7.000849871E0,-7.637503147E-1,-6.200982332E-1,9.742006302E0,9.791553664E0
7.002850418E0,-7.565677166E-1,-6.320692301E-1,9.744400978E0,9.794143997E0
7.004850145E0,-7.637503147E-1,-6.320692301E-1,9.722852707E0,9.773264082E0
7.006849285E0,-7.685387731E-1,-6.368576288E-1,9.725247383E0,9.776332449E0
7.008848778E0,-7.613561153E-1,-6.416460276E-1,9.734824181E0,9.785610588E0
7.010847137E0,-7.685387731E-1,-6.296750307E-1,9.734824181E0,9.785394439E0
7.012844988E0,-7.589619160E-1,-6.248866320E-1,9.737217903E0,9.786721565E0
7.014843309E0,-7.589619160E-1,-6.272808313E-1,9.730035782E0,9.779729073E0
7.016841395E0,-7.685387731E-1,-6.296750307E-1,9.737217903E0,9.787775793E0
7.018840028E0,-7.637503147E-1,-6.368576288E-1,9.732429504E0,9.783102077E0
7.020838738E0,-7.565677166E-1,-6.296750307E-1,9.739612579E0,9.789225636E0
7.022838035E0,-7.709329724E-1,-6.296750307E-1,9.732429504E0,9.783200517E0
7.024837215E0,-7.709329724E-1,-6.320692301E-1,9.739612579E0,9.790500618E0
7.026836004E0,-7.613561153E-1,-6.248866320E-1,9.742006302E0,9.791671626E0
7.028835379E0,-7.685387731E-1,-6.177040339E-1,9.732429504E0,9.782248932E0
7.030834012E0,-7.661445141E-1,-6.177040339E-1,9.732429504E0,9.782061120E0
7.032833270E0,-7.781155705E-1,-6.272808313E-1,9.737217903E0,9.788378700E0
7.034833738E0,-7.757213712E-1,-6.272808313E-1,9.725247383E0,9.776280558E0
7.036833660E0,-7.685387731E-1,-6.248866320E-1,9.734824181E0,9.785087479E0
7.038832723E0,-7.613561153E-1,-6.248866320E-1,9.749189377E0,9.798818293E0
7.040832176E0,-7.637503147E-1,-6.248866320E-1,9.734824181E0,9.784712549E0
7.042831160E0,-7.637503147E-1,-6.200982332E-1,9.744400978E0,9.793936225E0
7.044830809E0,-7.637503147E-1,-6.320692301E-1,9.742006302E0,9.792319074E0
7.046830926E0,-7.637503147E-1,-6.296750307E-1,9.734824181E0,9.785019520E0
7.048830809E0,-7.709329724E-1,-6.320692301E-1,9.739612579E0,9.790500618E0
7.050830145E0,-7.637503147E-1,-6.224924326E-1,9.739612579E0,9.789324010E0
7.052829949E0,-7.565677166E-1,-6.224924326E-1,9.737217903E0,9.786383603E0
7.054829520E0,-7.661445141E-1,-6.248866320E-1,9.739612579E0,9.789663626E0
7.056828934E0,-7.613561153E-1,-6.320692301E-1,9.742006302E0,9.792132629E0
7.058829129E0,-7.589619160E-1,-6.344634295E-1,9.734824181E0,9.784956252E0
7.060829442E0,-7.589619160E-1,-6.296750307E-1,9.727641106E0,9.777500464E0
7.062829754E0,-7.613561153E-1,-6.296750307E-1,9.732429504E0,9.782450503E0
7.064829637E0,-7.661445141E-1,-6.320692301E-1,9.732429504E0,9.782978738E0
7.066829403E0,-7.565677166E-1,-6.272808313E-1,9.744400978E0,9.793836142E0
7.068829520E0,-7.541735172E-1,-6.200982332E-1,9.727641106E0,9.776517836E0
7.070830028E0,-7.685387731E-1,-6.224924326E-1,9.727641106E0,9.777788613E0
7.072830848E0,-7.613561153E-1,-6.248866320E-1,9.727641106E0,9.777379399E0
7.074830926E0,-7.637503147E-1,-6.248866320E-1,9.737217903E0,9.787094070E0
7.076830965E0,-7.637503147E-1,-6.296750307E-1,9.739612579E0,9.789783368E0
7.078830848E0,-7.685387731E-1,-6.272808313E-1,9.732429504E0,9.782858332E0
7.080830340E0,-7.613561153E-1,-6.320692301E-1,9.727641106E0,9.777841077E0
7.082829988E0,-7.637503147E-1,-6.296750307E-1,9.730035782E0,9.780255697E0
7.084830418E0,-7.685387731E-1,-6.224924326E-1,9.730035782E0,9.780171010E0
7.086830692E0,-7.613561153E-1,-6.272808313E-1,9.732429504E0,9.782296685E0
7.088830145E0,-7.685387731E-1,-6.296750307E-1,9.753977776E0,9.804449242E0
7.090829949E0,-7.733271718E-1,-6.296750307E-1,9.753977776E0,9.804825751E0
7.092830574E0,-7.685387731E-1,-6.320692301E-1,9.756371498E0,9.806984662E0
7.094829871E0,-7.709329724E-1,-6.344634295E-1,9.744400978E0,9.795418925E0
7.096829403E0,-7.613561153E-1,-6.272808313E-1,9.746794701E0,9.796588759E0
7.098828074E0,-7.733271718E-1,-6.320692301E-1,9.744400978E0,9.795452866E0
7.100827645E0,-7.757213712E-1,-6.368576288E-1,9.749189377E0,9.800715524E0
7.102826746E0,-7.685387731E-1,-6.296750307E-1,9.742006302E0,9.792539470E0
7.104825067E0,-7.709329724E-1,-6.224924326E-1,9.734824181E0,9.785123214E0
7.106823973E0,-7.637503147E-1,-6.272808313E-1,9.732429504E0,9.782483317E0
7.108823113E0,-7.637503147E-1,-6.248866320E-1,9.730035782E0,9.779948577E0
7.110822059E0,-7.637503147E-1,-6.392518282E-1,9.739612579E0,9.790404008E0
7.112821278E0,-7.589619160E-1,-6.296750307E-1,9.734824181E0,9.784646936E0
7.114818934E0,-7.661445141E-1,-6.344634295E-1,9.744400978E0,9.795043220E0
7.116817840E0,-7.709329724E-1,-6.296750307E-1,9.739612579E0,9.790346342E0
7.118815613E0,-7.637503147E-1,-6.344634295E-1,9.730035782E0,9.780565153E0
7.120814090E0,-7.685387731E-1,-6.320692301E-1,9.742006302E0,9.792693712E0
7.122812801E0,-7.637503147E-1,-6.320692301E-1,9.744400978E0,9.794701449E0
7.124812137E0,-7.613561153E-1,-6.320692301E-1,9.739612579E0,9.789751163E0
7.126811199E0,-7.661445141E-1,-6.200982332E-1,9.737217903E0,9.786976639E0
7.128810496E0,-7.637503147E-1,-6.248866320E-1,9.730035782E0,9.779948577E0
7.130809285E0,-7.685387731E-1,-6.296750307E-1,9.732429504E0,9.783012141E0
7.132809090E0,-7.709329724E-1,-6.320692301E-1,9.732429504E0,9.783354906E0
7.134807957E0,-7.733271718E-1,-6.320692301E-1,9.715670586E0,9.766872650E0
7.136807371E0,-7.613561153E-1,-6.272808313E-1,9.725247383E0,9.775151203E0
7.138807371E0,-7.661445141E-1,-6.224924326E-1,9.727641106E0,9.777600714E0
7.140807371E0,-7.661445141E-1,-6.296750307E-1,9.732429504E0,9.782824343E0
7.142807801E0,-7.709329724E-1,-6.248866320E-1,9.734824181E0,9.785275815E0
7.144806004E0,-7.733271718E-1,-6.224924326E-1,9.734824181E0,9.785312135E0
7.146803895E0,-7.637503147E-1,-6.272808313E-1,9.739612579E0,9.789629665E0
7.148802879E0,-7.637503147E-1,-6.224924326E-1,9.746794701E0,9.796469686E0
7.150802684E0,-7.589619160E-1,-6.200982332E-1,9.739612579E0,9.788799630E0
7.152802840E0,-7.565677166E-1,-6.296750307E-1,9.732429504E0,9.782078992E0
7.154802801E0,-7.613561153E-1,-6.320692301E-1,9.734824181E0,9.784987301E0
7.156801903E0,-7.613561153E-1,-6.320692301E-1,9.734824181E0,9.784987301E0
7.158801395E0,-7.661445141E-1,-6.248866320E-1,9.734824181E0,9.784899721E0
7.160800496E0,-7.685387731E-1,-6.224924326E-1,9.739612579E0,9.789698763E0
7.162799793E0,-7.613561153E-1,-6.248866320E-1,9.732429504E0,9.782143451E0
7.164798934E0,-7.613561153E-1,-6.368576288E-1,9.725247383E0,9.775770427E0
7.166798035E0,-7.685387731E-1,-6.296750307E-1,9.725247383E0,9.775867182E0
7.168796434E0,-7.709329724E-1,-6.320692301E-1,9.730035782E0,9.780973647E0
7.170795184E0,-7.685387731E-1,-6.248866320E-1,9.734824181E0,9.785087479E0
7.172793426E0,-7.613561153E-1,-6.224924326E-1,9.730035782E0,9.779609209E0
7.174792449E0,-7.661445141E-1,-6.224924326E-1,9.749189377E0,9.799039124E0
7.176791395E0,-7.685387731E-1,-6.344634295E-1,9.751583099E0,9.802375663E0
7.178790418E0,-7.517793179E-1,-6.272808313E-1,9.749189377E0,9.798231825E0
7.180789754E0,-7.661445141E-1,-6.320692301E-1,9.746794701E0,9.797269817E0
7.182788973E0,-7.565677166E-1,-6.248866320E-1,9.737217903E0,9.786536185E0
7.184788699E0,-7.517793179E-1,-6.272808313E-1,9.746794701E0,9.795849137E0
7.186788387E0,-7.541735172E-1,-6.272808313E-1,9.742006302E0,9.791268851E0
7.188787215E0,-7.637503147E-1,-6.177040339E-1,9.746794701E0,9.796166585E0
7.190785301E0,-7.637503147E-1,-6.296750307E-1,9.739612579E0,9.789783368E0
7.192783426E0,-7.709329724E-1,-6.200982332E-1,9.746794701E0,9.796880442E0
7.194781082E0,-7.733271718E-1,-6.248866320E-1,9.742006302E0,9.792609714E0
7.196778348E0,-7.637503147E-1,-6.344634295E-1,9.732429504E0,9.782946511E0
7.198776317E0,-7.733271718E-1,-6.224924326E-1,9.749189377E0,9.799603321E0
7.200773738E0,-7.733271718E-1,-6.200982332E-1,9.742006302E0,9.792305322E0
7.202771356E0,-7.709329724E-1,-6.296750307E-1,9.730035782E0,9.780819220E0
7.204769207E0,-7.613561153E-1,-6.296750307E-1,9.722852707E0,9.772922722E0
7.206766512E0,-7.613561153E-1,-6.368576288E-1,9.730035782E0,9.780534090E0
7.208764324E0,-7.661445141E-1,-6.320692301E-1,9.730035782E0,9.780597387E0
7.210762762E0,-7.637503147E-1,-6.272808313E-1,9.730035782E0,9.780101845E0
7.212760965E0,-7.565677166E-1,-6.272808313E-1,9.734824181E0,9.784307731E0
7.214759598E0,-7.541735172E-1,-6.248866320E-1,9.737217903E0,9.786351388E0
7.216758621E0,-7.709329724E-1,-6.224924326E-1,9.744400978E0,9.794650831E0
7.218757371E0,-7.685387731E-1,-6.272808313E-1,9.744400978E0,9.794768170E0
7.220756551E0,-7.685387731E-1,-6.296750307E-1,9.734824181E0,9.785394439E0
7.222755809E0,-7.757213712E-1,-6.224924326E-1,9.737217903E0,9.787882967E0
7.224754637E0,-7.637503147E-1,-6.105214357E-1,9.732429504E0,9.781422955E0
7.226753973E0,-7.589619160E-1,-6.105214357E-1,9.749189377E0,9.797726936E0
7.228752762E0,-7.637503147E-1,-6.177040339E-1,9.737217903E0,9.786638100E0
7.230751903E0,-7.661445141E-1,-6.224924326E-1,9.737217903E0,9.787128626E0
7.232751160E0,-7.637503147E-1,-6.224924326E-1,9.739612579E0,9.789324010E0
7.234749637E0,-7.637503147E-1,-6.248866320E-1,9.744400978E0,9.794240566E0
7.236747645E0,-7.685387731E-1,-6.272808313E-1,9.739612579E0,9.790004407E0
7.238746629E0,-7.709329724E-1,-6.320692301E-1,9.737217903E0,9.788118392E0
7.240745379E0,-7.661445141E-1,-6.344634295E-1,9.742006302E0,9.792660928E0
7.242744676E0,-7.589619160E-1,-6.320692301E-1,9.737217903E0,9.787182802E0
7.244744403E0,-7.661445141E-1,-6.296750307E-1,9.737217903E0,9.787588087E0
7.246744207E0,-7.685387731E-1,-6.248866320E-1,9.744400978E0,9.794615131E0
7.248744363E0,-7.709329724E-1,-6.248866320E-1,9.744400978E0,9.794803284E0
7.250743973E0,-7.685387731E-1,-6.153098345E-1,9.751583099E0,9.801154574E0
7.252743035E0,-7.565677166E-1,-6.224924326E-1,9.734824181E0,9.784001910E0
7.254742528E0,-7.589619160E-1,-6.248866320E-1,9.727641106E0,9.777193256E0
7.256740653E0,-7.589619160E-1,-6.224924326E-1,9.737217903E0,9.786568986E0
7.258739520E0,-7.685387731E-1,-6.224924326E-1,9.732429504E0,9.782552465E0
7.260738113E0,-7.637503147E-1,-6.344634295E-1,9.739612579E0,9.790092522E0
7.262737098E0,-7.589619160E-1,-6.344634295E-1,9.730035782E0,9.780192398E0
7.264736785E0,-7.613561153E-1,-6.392518282E-1,9.720458984E0,9.771163129E0
7.266737098E0,-7.637503147E-1,-6.344634295E-1,9.727641106E0,9.778182851E0
7.268737215E0,-7.709329724E-1,-6.272808313E-1,9.730035782E0,9.780665376E0
7.270737528E0,-7.733271718E-1,-6.344634295E-1,9.727641106E0,9.778935537E0
7.272738074E0,-7.733271718E-1,-6.296750307E-1,9.725247383E0,9.776244791E0
7.274738856E0,-7.685387731E-1,-6.224924326E-1,9.737217903E0,9.787316341E0
7.276739871E0,-7.637503147E-1,-6.320692301E-1,9.739612579E0,9.789937653E0
7.278739520E0,-7.661445141E-1,-6.344634295E-1,9.746794701E0,9.797424570E0
7.280739481E0,-7.685387731E-1,-6.248866320E-1,9.751583099E0,9.801760459E0
7.282739871E0,-7.637503147E-1,-6.224924326E-1,9.742006302E0,9.791705580E0
7.284739363E0,-7.685387731E-1,-6.224924326E-1,9.734824181E0,9.784934875E0
7.286738660E0,-7.661445141E-1,-6.320692301E-1,9.727641106E0,9.778215093E0
7.288737723E0,-7.661445141E-1,-6.344634295E-1,9.734824181E0,9.785515985E0
7.290737645E0,-7.661445141E-1,-6.368576288E-1,9.737217903E0,9.788052797E0
7.292737059E0,-7.637503147E-1,-6.344634295E-1,9.737217903E0,9.787710196E0
7.294736121E0,-7.637503147E-1,-6.296750307E-1,9.732429504E0,9.782637131E0
7.296734559E0,-7.637503147E-1,-6.272808313E-1,9.732429504E0,9.782483317E0
7.298732762E0,-7.589619160E-1,-6.272808313E-1,9.730035782E0,9.779729073E0
7.300731785E0,-7.613561153E-1,-6.272808313E-1,9.746794701E0,9.796588759E0
7.302729988E0,-7.661445141E-1,-6.177040339E-1,9.751583099E0,9.801117724E0
7.304729285E0,-7.637503147E-1,-6.105214357E-1,9.739612579E0,9.788570078E0
7.306728504E0,-7.757213712E-1,-6.177040339E-1,9.730035782E0,9.780434460E0
7.308727957E0,-7.685387731E-1,-6.248866320E-1,9.732429504E0,9.782705107E0
7.310726199E0,-7.661445141E-1,-6.248866320E-1,9.737217903E0,9.787281196E0
7.312724442E0,-7.637503147E-1,-6.248866320E-1,9.749189377E0,9.799004610E0
7.314722684E0,-7.589619160E-1,-6.200982332E-1,9.746794701E0,9.795945689E0
7.316721707E0,-7.613561153E-1,-6.224924326E-1,9.742006302E0,9.791519124E0
7.318720301E0,-7.637503147E-1,-6.272808313E-1,9.737217903E0,9.787247227E0
7.320719676E0,-7.589619160E-1,-6.368576288E-1,9.746794701E0,9.797020862E0
7.322719129E0,-7.637503147E-1,-6.368576288E-1,9.727641106E0,9.778338492E0
7.324718504E0,-7.613561153E-1,-6.320692301E-1,9.720458984E0,9.770695856E0
7.326717567E0,-7.565677166E-1,-6.296750307E-1,9.718064308E0,9.767786814E0
7.328715848E0,-7.565677166E-1,-6.344634295E-1,9.720458984E0,9.770479078E0
7.330715223E0,-7.613561153E-1,-6.248866320E-1,9.722852707E0,9.772615371E0
7.332714910E0,-7.709329724E-1,-6.272808313E-1,9.734824181E0,9.785429000E0
7.334715028E0,-7.661445141E-1,-6.296750307E-1,9.732429504E0,9.782824343E0
7.336714442E0,-7.661445141E-1,-6.296750307E-1,9.722852707E0,9.773296927E0
7.338714129E0,-7.709329724E-1,-6.272808313E-1,9.727641106E0,9.778283099E0
7.340713660E0,-7.685387731E-1,-6.296750307E-1,9.722852707E0,9.773484908E0
7.342713348E0,-7.685387731E-1,-6.320692301E-1,9.734824181E0,9.785548793E0
7.344713895E0,-7.781155705E-1,-6.200982332E-1,9.734824181E0,9.785539714E0
7.346713192E0,-7.757213712E-1,-6.105214357E-1,9.732429504E0,9.782364956E0
7.348713387E0,-7.661445141E-1,-6.200982332E-1,9.744400978E0,9.794123220E0
7.350713309E0,-7.685387731E-1,-6.224924326E-1,9.734824181E0,9.784934875E0
7.352712215E0,-7.733271718E-1,-6.200982332E-1,9.730035782E0,9.780396365E0
7.354711863E0,-7.685387731E-1,-6.153098345E-1,9.739612579E0,9.789244671E0
7.356711121E0,-7.685387731E-1,-6.200982332E-1,9.744400978E0,9.794310802E0
7.358710613E0,-7.661445141E-1,-6.177040339E-1,9.744400978E0,9.793971927E0
7.360709871E0,-7.637503147E-1,-6.200982332E-1,9.734824181E0,9.784407912E0
7.362708582E0,-7.637503147E-1,-6.224924326E-1,9.746794701E0,9.796469686E0
7.364707528E0,-7.685387731E-1,-6.200982332E-1,9.742006302E0,9.791928332E0
7.366706785E0,-7.637503147E-1,-6.224924326E-1,9.742006302E0,9.791705580E0
7.368706160E0,-7.685387731E-1,-6.153098345E-1,9.727641106E0,9.777333968E0
7.370704559E0,-7.685387731E-1,-6.177040339E-1,9.737217903E0,9.787012957E0
7.372704598E0,-7.685387731E-1,-6.272808313E-1,9.737217903E0,9.787622060E0
7.374704871E0,-7.637503147E-1,-6.248866320E-1,9.732429504E0,9.782330086E0
7.376704949E0,-7.661445141E-1,-6.296750307E-1,9.730035782E0,9.780442954E0
7.378705457E0,-7.685387731E-1,-6.296750307E-1,9.744400978E0,9.794921792E0
7.380705067E0,-7.661445141E-1,-6.368576288E-1,9.732429504E0,9.783289279E0
7.382705457E0,-7.661445141E-1,-6.296750307E-1,9.744400978E0,9.794734222E0
7.384705145E0,-7.709329724E-1,-6.248866320E-1,9.730035782E0,9.780512117E0
7.386705379E0,-7.709329724E-1,-6.272808313E-1,9.730035782E0,9.780665376E0
7.388706121E0,-7.661445141E-1,-6.344634295E-1,9.734824181E0,9.785515985E0
7.390706512E0,-7.637503147E-1,-6.392518282E-1,9.744400978E0,9.795167577E0
7.392707762E0,-7.661445141E-1,-6.344634295E-1,9.744400978E0,9.795043220E0
7.394708074E0,-7.637503147E-1,-6.320692301E-1,9.722852707E0,9.773264082E0
7.396709207E0,-7.613561153E-1,-6.296750307E-1,9.739612579E0,9.789596875E0
7.398709988E0,-7.637503147E-1,-6.320692301E-1,9.734824181E0,9.785173881E0
7.400709637E0,-7.685387731E-1,-6.344634295E-1,9.732429504E0,9.783321509E0
7.402709481E0,-7.733271718E-1,-6.272808313E-1,9.732429504E0,9.783235672E0
7.404710028E0,-7.709329724E-1,-6.320692301E-1,9.732429504E0,9.783354906E0
7.406709520E0,-7.709329724E-1,-6.320692301E-1,9.739612579E0,9.790500618E0
7.408709793E0,-7.685387731E-1,-6.272808313E-1,9.746794701E0,9.797149587E0
7.410709285E0,-7.685387731E-1,-6.248866320E-1,9.739612579E0,9.789851293E0
7.412708660E0,-7.661445141E-1,-6.177040339E-1,9.732429504E0,9.782061120E0
7.414707957E0,-7.613561153E-1,-6.272808313E-1,9.730035782E0,9.779915168E0
7.416708192E0,-7.565677166E-1,-6.272808313E-1,9.734824181E0,9.784307731E0
7.418708231E0,-7.589619160E-1,-6.296750307E-1,9.737217903E0,9.787028473E0
7.420708895E0,-7.637503147E-1,-6.296750307E-1,9.742006302E0,9.792164826E0
7.422710184E0,-7.661445141E-1,-6.344634295E-1,9.732429504E0,9.783133717E0
7.424710965E0,-7.685387731E-1,-6.320692301E-1,9.737217903E0,9.787930111E0
7.426711903E0,-7.781155705E-1,-6.224924326E-1,9.737217903E0,9.788073006E0
7.428712488E0,-7.757213712E-1,-6.153098345E-1,9.732429504E0,9.782664969E0
7.430713035E0,-7.709329724E-1,-6.248866320E-1,9.730035782E0,9.780512117E0
7.432712840E0,-7.709329724E-1,-6.320692301E-1,9.715670586E0,9.766683372E0
7.434712645E0,-7.661445141E-1,-6.272808313E-1,9.727641106E0,9.777906736E0
7.436712645E0,-7.661445141E-1,-6.272808313E-1,9.727641106E0,9.777906736E0
7.438712840E0,-7.709329724E-1,-6.296750307E-1,9.732429504E0,9.783200517E0
7.440713192E0,-7.661445141E-1,-6.320692301E-1,9.746794701E0,9.797269817E0
7.442712645E0,-7.709329724E-1,-6.320692301E-1,9.742006302E0,9.792881902E0
7.444711903E0,-7.661445141E-1,-6.296750307E-1,9.737217903E0,9.787588087E0
7.446711082E0,-7.637503147E-1,-6.296750307E-1,9.725247383E0,9.775491898E0
7.448710418E0,-7.709329724E-1,-6.392518282E-1,9.737217903E0,9.788584833E0
7.450710145E0,-7.613561153E-1,-6.392518282E-1,9.734824181E0,9.785453891E0
7.452710223E0,-7.565677166E-1,-6.464344859E-1,9.730035782E0,9.780790795E0
7.454709949E0,-7.685387731E-1,-6.320692301E-1,9.739612579E0,9.790312383E0
7.456709285E0,-7.589619160E-1,-6.224924326E-1,9.730035782E0,9.779423108E0
7.458708309E0,-7.661445141E-1,-6.224924326E-1,9.727641106E0,9.777600714E0
7.460707332E0,-7.661445141E-1,-6.224924326E-1,9.734824181E0,9.784747113E0
7.462706785E0,-7.637503147E-1,-6.200982332E-1,9.739612579E0,9.789172057E0
7.464706707E0,-7.637503147E-1,-6.224924326E-1,9.751583099E0,9.801233816E0
7.466707020E0,-7.613561153E-1,-6.272808313E-1,9.739612579E0,9.789443170E0
7.468706160E0,-7.613561153E-1,-6.248866320E-1,9.734824181E0,9.784525960E0
7.470706160E0,-7.589619160E-1,-6.272808313E-1,9.753977776E0,9.803549708E0
7.472706668E0,-7.661445141E-1,-6.320692301E-1,9.744400978E0,9.794888430E0
7.474707137E0,-7.685387731E-1,-6.296750307E-1,9.744400978E0,9.794921792E0
7.476708035E0,-7.613561153E-1,-6.368576288E-1,9.744400978E0,9.794825225E0
7.478708817E0,-7.685387731E-1,-6.416460276E-1,9.739612579E0,9.790935332E0
7.480709832E0,-7.733271718E-1,-6.272808313E-1,9.744400978E0,9.795145051E0
7.482710496E0,-7.685387731E-1,-6.248866320E-1,9.749189377E0,9.799378993E0
7.484709637E0,-7.661445141E-1,-6.272808313E-1,9.749189377E0,9.799344476E0
7.486708934E0,-7.613561153E-1,-6.248866320E-1,9.742006302E0,9.791671626E0
7.488709481E0,-7.565677166E-1,-6.224924326E-1,9.732429504E0,9.781619273E0
7.490710262E0,-7.685387731E-1,-6.272808313E-1,9.739612579E0,9.790004407E0
7.492711434E0,-7.709329724E-1,-6.153098345E-1,9.737217903E0,9.787050441E0
7.494712528E0,-7.733271718E-1,-6.272808313E-1,9.725247383E0,9.776090876E0
7.496713192E0,-7.781155705E-1,-6.248866320E-1,9.732429504E0,9.783462128E0
7.498713973E0,-7.685387731E-1,-6.248866320E-1,9.730035782E0,9.780323689E0
7.500714363E0,-7.709329724E-1,-6.272808313E-1,9.727641106E0,9.778283099E0
7.502714793E0,-7.733271718E-1,-6.272808313E-1,9.737217903E0,9.787999216E0
7.504715262E0,-7.733271718E-1,-6.177040339E-1,9.742006302E0,9.792154001E0
7.506715613E0,-7.757213712E-1,-6.177040339E-1,9.739612579E0,9.789961957E0
7.508715145E0,-7.685387731E-1,-6.105214357E-1,9.739612579E0,9.788944860E0
7.510716238E0,-7.709329724E-1,-6.224924326E-1,9.761159897E0,9.811323917E0
7.512717098E0,-7.589619160E-1,-6.296750307E-1,9.751583099E0,9.801320665E0
7.514718387E0,-7.565677166E-1,-6.344634295E-1,9.742006302E0,9.791916326E0
7.516719168E0,-7.589619160E-1,-6.272808313E-1,9.732429504E0,9.782110636E0
7.518719285E0,-7.637503147E-1,-6.224924326E-1,9.734824181E0,9.784559939E0
7.520720223E0,-7.565677166E-1,-6.344634295E-1,9.734824181E0,9.784770839E0
7.522721551E0,-7.613561153E-1,-6.344634295E-1,9.730035782E0,9.780378484E0
7.524722801E0,-7.613561153E-1,-6.368576288E-1,9.730035782E0,9.780534090E0
7.526724246E0,-7.637503147E-1,-6.368576288E-1,9.734824181E0,9.785484352E0
7.528724324E0,-7.661445141E-1,-6.272808313E-1,9.737217903E0,9.787434350E0
7.530724520E0,-7.613561153E-1,-6.224924326E-1,9.732429504E0,9.781990800E0
7.532725145E0,-7.637503147E-1,-6.248866320E-1,9.727641106E0,9.777566125E0
7.534726317E0,-7.709329724E-1,-6.224924326E-1,9.727641106E0,9.777977089E0
7.536727528E0,-7.733271718E-1,-6.224924326E-1,9.732429504E0,9.782929817E0
7.538728192E0,-7.589619160E-1,-6.296750307E-1,9.744400978E0,9.794175017E0
7.540729715E0,-7.589619160E-1,-6.248866320E-1,9.734824181E0,9.784339953E0
7.542729832E0,-7.637503147E-1,-6.248866320E-1,9.720458984E0,9.770420703E0
7.544730926E0,-7.637503147E-1,-6.296750307E-1,9.720458984E0,9.770728123E0
7.546731863E0,-7.661445141E-1,-6.344634295E-1,9.725247383E0,9.775988846E0
7.548731903E0,-7.685387731E-1,-6.320692301E-1,9.742006302E0,9.792693712E0
7.550731707E0,-7.589619160E-1,-6.344634295E-1,9.739612579E0,9.789720130E0
7.552730809E0,-7.685387731E-1,-6.320692301E-1,9.730035782E0,9.780785228E0
7.554731551E0,-7.757213712E-1,-6.368576288E-1,9.730035782E0,9.781662824E0
7.556732098E0,-7.757213712E-1,-6.320692301E-1,9.730035782E0,9.781352231E0
7.558732528E0,-7.661445141E-1,-6.272808313E-1,9.742006302E0,9.792198193E0
7.560733543E0,-7.661445141E-1,-6.153098345E-1,9.739612579E0,9.789056993E0
7.562733660E0,-7.685387731E-1,-6.153098345E-1,9.739612579E0,9.789244671E0
7.564734285E0,-7.685387731E-1,-6.272808313E-1,9.739612579E0,9.790004407E0
7.566735106E0,-7.637503147E-1,-6.248866320E-1,9.732429504E0,9.782330086E0
7.568735184E0,-7.613561153E-1,-6.320692301E-1,9.742006302E0,9.792132629E0
7.570735067E0,-7.589619160E-1,-6.320692301E-1,9.746794701E0,9.796710756E0
7.572735067E0,-7.637503147E-1,-6.368576288E-1,9.742006302E0,9.792629318E0
7.574735887E0,-7.637503147E-1,-6.272808313E-1,9.737217903E0,9.787247227E0
7.576736004E0,-7.637503147E-1,-6.296750307E-1,9.739612579E0,9.789783368E0
7.578737137E0,-7.661445141E-1,-6.344634295E-1,9.744400978E0,9.795043220E0
7.580738465E0,-7.709329724E-1,-6.344634295E-1,9.739612579E0,9.790655478E0
7.582739520E0,-7.733271718E-1,-6.320692301E-1,9.732429504E0,9.783543861E0
7.584740692E0,-7.733271718E-1,-6.344634295E-1,9.734824181E0,9.786080962E0
7.586741746E0,-7.685387731E-1,-6.224924326E-1,9.739612579E0,9.789698763E0
7.588743621E0,-7.685387731E-1,-6.248866320E-1,9.746794701E0,9.796996585E0
7.590744988E0,-7.661445141E-1,-6.200982332E-1,9.744400978E0,9.794123220E0
7.592746668E0,-7.637503147E-1,-6.272808313E-1,9.744400978E0,9.794393611E0
7.594747332E0,-7.589619160E-1,-6.272808313E-1,9.749189377E0,9.798785534E0
7.596747996E0,-7.613561153E-1,-6.272808313E-1,9.739612579E0,9.789443170E0
7.598747762E0,-7.685387731E-1,-6.296750307E-1,9.734824181E0,9.785394439E0
7.600747293E0,-7.565677166E-1,-6.248866320E-1,9.737217903E0,9.786536185E0
7.602746981E0,-7.637503147E-1,-6.344634295E-1,9.742006302E0,9.792473905E0
7.604747762E0,-7.589619160E-1,-6.224924326E-1,9.734824181E0,9.784187337E0
7.606749285E0,-7.589619160E-1,-6.177040339E-1,9.739612579E0,9.788648255E0
7.608749949E0,-7.613561153E-1,-6.248866320E-1,9.730035782E0,9.779761897E0
7.610751434E0,-7.661445141E-1,-6.200982332E-1,9.730035782E0,9.779831059E0
7.612752606E0,-7.661445141E-1,-6.224924326E-1,9.725247383E0,9.775219226E0
7.614753153E0,-7.637503147E-1,-6.200982332E-1,9.732429504E0,9.782025374E0
7.616753465E0,-7.757213712E-1,-6.129156351E-1,9.744400978E0,9.794424927E0
7.618753973E0,-7.637503147E-1,-6.272808313E-1,9.734824181E0,9.784865743E0
7.620754715E0,-7.517793179E-1,-6.296750307E-1,9.732429504E0,9.781709812E0
7.622755613E0,-7.589619160E-1,-6.272808313E-1,9.737217903E0,9.786874727E0
7.624756278E0,-7.709329724E-1,-6.224924326E-1,9.739612579E0,9.789887010E0
7.626756199E0,-7.685387731E-1,-6.272808313E-1,9.739612579E0,9.790004407E0
7.628756473E0,-7.757213712E-1,-6.224924326E-1,9.734824181E0,9.785501638E0
7.630756903E0,-7.709329724E-1,-6.272808313E-1,9.732429504E0,9.783046711E0
7.632757215E0,-7.637503147E-1,-6.320692301E-1,9.739612579E0,9.789937653E0
7.634756981E0,-7.637503147E-1,-6.344634295E-1,9.737217903E0,9.787710196E0
7.636756863E0,-7.661445141E-1,-6.296750307E-1,9.746794701E0,9.797115647E0
7.638756629E0,-7.733271718E-1,-6.320692301E-1,9.751583099E0,9.802597583E0
7.640757215E0,-7.685387731E-1,-6.296750307E-1,9.758766174E0,9.809213003E0
7.642757020E0,-7.637503147E-1,-6.296750307E-1,9.753977776E0,9.804075052E0
7.644756942E0,-7.637503147E-1,-6.320692301E-1,9.746794701E0,9.797082882E0
7.646756903E0,-7.661445141E-1,-6.368576288E-1,9.744400978E0,9.795198593E0
7.648757176E0,-7.685387731E-1,-6.416460276E-1,9.732429504E0,9.783789937E0
7.650757879E0,-7.757213712E-1,-6.416460276E-1,9.727641106E0,9.779593793E0
7.652758582E0,-7.685387731E-1,-6.368576288E-1,9.732429504E0,9.783477068E0
7.654759051E0,-7.685387731E-1,-6.296750307E-1,9.739612579E0,9.790158103E0
7.656758582E0,-7.781155705E-1,-6.320692301E-1,9.742006302E0,9.793449961E0
7.658758348E0,-7.757213712E-1,-6.392518282E-1,9.732429504E0,9.784200049E0
7.660758660E0,-7.733271718E-1,-6.320692301E-1,9.739612579E0,9.790689435E0
7.662758621E0,-7.757213712E-1,-6.296750307E-1,9.727641106E0,9.778815663E0
7.664759871E0,-7.805097699E-1,-6.272808313E-1,9.720458984E0,9.771898465E0
7.666761082E0,-7.709329724E-1,-6.177040339E-1,9.718064308E0,9.768145669E0
7.668762567E0,-7.709329724E-1,-6.272808313E-1,9.715670586E0,9.766374651E0
7.670763738E0,-7.685387731E-1,-6.224924326E-1,9.722852707E0,9.773024784E0
7.672764442E0,-7.637503147E-1,-6.177040339E-1,9.742006302E0,9.791402331E0
7.674765340E0,-7.685387731E-1,-6.177040339E-1,9.739612579E0,9.789395452E0
7.676765692E0,-7.757213712E-1,-6.200982332E-1,9.734824181E0,9.785349625E0
7.678765535E0,-7.757213712E-1,-6.224924326E-1,9.734824181E0,9.785501638E0
7.680765848E0,-7.685387731E-1,-6.177040339E-1,9.739612579E0,9.789395452E0
7.682767020E0,-7.565677166E-1,-6.272808313E-1,9.734824181E0,9.784307731E0
7.684767801E0,-7.637503147E-1,-6.248866320E-1,9.749189377E0,9.799004610E0
7.686768738E0,-7.589619160E-1,-6.248866320E-1,9.751583099E0,9.801014204E0
7.688769637E0,-7.565677166E-1,-6.248866320E-1,9.749189377E0,9.798447403E0
7.690770770E0,-7.613561153E-1,-6.296750307E-1,9.744400978E0,9.794360837E0
7.692771824E0,-7.709329724E-1,-6.248866320E-1,9.737217903E0,9.787657199E0
7.694772762E0,-7.637503147E-1,-6.272808313E-1,9.727641106E0,9.777719431E0
7.696774129E0,-7.661445141E-1,-6.272808313E-1,9.732429504E0,9.782670531E0
7.698773817E0,-7.661445141E-1,-6.296750307E-1,9.718064308E0,9.768533255E0
7.700772762E0,-7.613561153E-1,-6.344634295E-1,9.722852707E0,9.773232410E0
7.702772567E0,-7.613561153E-1,-6.320692301E-1,9.734824181E0,9.784987301E0
7.704772879E0,-7.637503147E-1,-6.344634295E-1,9.732429504E0,9.782946511E0
7.706772879E0,-7.613561153E-1,-6.320692301E-1,9.734824181E0,9.784987301E0
7.708772449E0,-7.661445141E-1,-6.296750307E-1,9.734824181E0,9.785206686E0
7.710772410E0,-7.661445141E-1,-6.224924326E-1,9.744400978E0,9.794275097E0
7.712772723E0,-7.709329724E-1,-6.344634295E-1,9.734824181E0,9.785892055E0
7.714772293E0,-7.661445141E-1,-6.296750307E-1,9.739612579E0,9.789970442E0
7.716772449E0,-7.661445141E-1,-6.296750307E-1,9.732429504E0,9.782824343E0
7.718773192E0,-7.661445141E-1,-6.224924326E-1,9.730035782E0,9.779983158E0
7.720774285E0,-7.685387731E-1,-6.224924326E-1,9.722852707E0,9.773024784E0
7.722774285E0,-7.637503147E-1,-6.200982332E-1,9.737217903E0,9.786789507E0
7.724773699E0,-7.589619160E-1,-6.248866320E-1,9.734824181E0,9.784339953E0
7.726774246E0,-7.661445141E-1,-6.248866320E-1,9.732429504E0,9.782517303E0
7.728775301E0,-7.733271718E-1,-6.320692301E-1,9.720458984E0,9.771635958E0
7.730775379E0,-7.613561153E-1,-6.320692301E-1,9.734824181E0,9.784987301E0
7.732775926E0,-7.589619160E-1,-6.320692301E-1,9.742006302E0,9.791946767E0
7.734776434E0,-7.685387731E-1,-6.224924326E-1,9.742006302E0,9.792080242E0
7.736776707E0,-7.661445141E-1,-6.296750307E-1,9.734824181E0,9.785206686E0
7.738777176E0,-7.637503147E-1,-6.200982332E-1,9.730035782E0,9.779643791E0
7.740777332E0,-7.613561153E-1,-6.320692301E-1,9.732429504E0,9.782604904E0
7.742777137E0,-7.661445141E-1,-6.272808313E-1,9.734824181E0,9.785052912E0
7.744777215E0,-7.661445141E-1,-6.296750307E-1,9.734824181E0,9.785206686E0
7.746776473E0,-7.637503147E-1,-6.320692301E-1,9.734824181E0,9.785173881E0
7.748776434E0,-7.661445141E-1,-6.224924326E-1,9.749189377E0,9.799039124E0
7.750777098E0,-7.685387731E-1,-6.224924326E-1,9.758766174E0,9.808754555E0
7.752775379E0,-7.685387731E-1,-6.177040339E-1,9.753977776E0,9.803687702E0
7.754775106E0,-7.613561153E-1,-6.320692301E-1,9.744400978E0,9.794515050E0
7.756774871E0,-7.565677166E-1,-6.344634295E-1,9.742006302E0,9.791916326E0
7.758773660E0,-7.685387731E-1,-6.248866320E-1,9.737217903E0,9.787468909E0
7.760773543E0,-7.637503147E-1,-6.224924326E-1,9.744400978E0,9.794088104E0
7.762772449E0,-7.637503147E-1,-6.344634295E-1,9.744400978E0,9.794856242E0
7.764772098E0,-7.589619160E-1,-6.272808313E-1,9.730035782E0,9.779729073E0
7.766771160E0,-7.637503147E-1,-6.248866320E-1,9.727641106E0,9.777566125E0
7.768770574E0,-7.589619160E-1,-6.296750307E-1,9.727641106E0,9.777500464E0
7.770769676E0,-7.589619160E-1,-6.296750307E-1,9.720458984E0,9.770354994E0
7.772768621E0,-7.637503147E-1,-6.320692301E-1,9.722852707E0,9.773264082E0
7.774768582E0,-7.685387731E-1,-6.177040339E-1,9.742006302E0,9.791777004E0
7.776767684E0,-7.685387731E-1,-6.177040339E-1,9.742006302E0,9.791777004E0
7.778766707E0,-7.685387731E-1,-6.248866320E-1,9.734824181E0,9.785087479E0
7.780765301E0,-7.661445141E-1,-6.248866320E-1,9.730035782E0,9.780135839E0
7.782764168E0,-7.637503147E-1,-6.248866320E-1,9.739612579E0,9.789476546E0
7.784763192E0,-7.613561153E-1,-6.248866320E-1,9.739612579E0,9.789290047E0
7.786761824E0,-7.661445141E-1,-6.248866320E-1,9.734824181E0,9.784899721E0
7.788761199E0,-7.637503147E-1,-6.248866320E-1,9.732429504E0,9.782330086E0
7.790760770E0,-7.613561153E-1,-6.129156351E-1,9.732429504E0,9.781386035E0
7.792760965E0,-7.613561153E-1,-6.105214357E-1,9.737217903E0,9.786000820E0
7.794761160E0,-7.613561153E-1,-6.248866320E-1,9.758766174E0,9.808346633E0
7.796761199E0,-7.613561153E-1,-6.224924326E-1,9.753977776E0,9.803430135E0
7.798761317E0,-7.613561153E-1,-6.248866320E-1,9.739612579E0,9.789290047E0
7.800761004E0,-7.613561153E-1,-6.248866320E-1,9.739612579E0,9.789290047E0
7.802760926E0,-7.565677166E-1,-6.248866320E-1,9.739612579E0,9.788918797E0
7.804760926E0,-7.637503147E-1,-6.296750307E-1,9.734824181E0,9.785019520E0
7.806760223E0,-7.541735172E-1,-6.296750307E-1,9.739612579E0,9.789040889E0
7.808759012E0,-7.541735172E-1,-6.344634295E-1,9.725247383E0,9.775057964E0
7.810757176E0,-7.637503147E-1,-6.224924326E-1,9.734824181E0,9.784559939E0
7.812755496E0,-7.613561153E-1,-6.224924326E-1,9.737217903E0,9.786754950E0
7.814755067E0,-7.661445141E-1,-6.320692301E-1,9.742006302E0,9.792506100E0
7.816753621E0,-7.709329724E-1,-6.296750307E-1,9.734824181E0,9.785582769E0
7.818752567E0,-7.637503147E-1,-6.272808313E-1,9.727641106E0,9.777719431E0
7.820751160E0,-7.757213712E-1,-6.344634295E-1,9.730035782E0,9.781507236E0
7.822750887E0,-7.757213712E-1,-6.296750307E-1,9.734824181E0,9.785961175E0
7.824750262E0,-7.805097699E-1,-6.272808313E-1,9.744400978E0,9.795714735E0
7.826748543E0,-7.685387731E-1,-6.248866320E-1,9.739612579E0,9.789851293E0
7.828747098E0,-7.661445141E-1,-6.224924326E-1,9.737217903E0,9.787128626E0
7.830746356E0,-7.709329724E-1,-6.224924326E-1,9.734824181E0,9.785123214E0
7.832745848E0,-7.781155705E-1,-6.224924326E-1,9.739612579E0,9.790455243E0
7.834745613E0,-7.781155705E-1,-6.248866320E-1,9.727641106E0,9.778698718E0
7.836745418E0,-7.685387731E-1,-6.272808313E-1,9.732429504E0,9.782858332E0
7.838745145E0,-7.637503147E-1,-6.153098345E-1,9.734824181E0,9.784105609E0
7.840744324E0,-7.589619160E-1,-6.129156351E-1,9.742006302E0,9.790729061E0
7.842743660E0,-7.661445141E-1,-6.177040339E-1,9.730035782E0,9.779679545E0
7.844742957E0,-7.685387731E-1,-6.248866320E-1,9.737217903E0,9.787468909E0
7.846742567E0,-7.613561153E-1,-6.248866320E-1,9.734824181E0,9.784525960E0
7.848742528E0,-7.637503147E-1,-6.296750307E-1,9.730035782E0,9.780255697E0
7.850743113E0,-7.661445141E-1,-6.320692301E-1,9.732429504E0,9.782978738E0
7.852743895E0,-7.637503147E-1,-6.272808313E-1,9.732429504E0,9.782483317E0
7.854743387E0,-7.589619160E-1,-6.272808313E-1,9.746794701E0,9.796402981E0
7.856743309E0,-7.613561153E-1,-6.248866320E-1,9.739612579E0,9.789290047E0
7.858743699E0,-7.685387731E-1,-6.224924326E-1,9.739612579E0,9.789698763E0
7.860744129E0,-7.613561153E-1,-6.200982332E-1,9.734824181E0,9.784221317E0
7.862744051E0,-7.565677166E-1,-6.248866320E-1,9.739612579E0,9.788918797E0
7.864743309E0,-7.661445141E-1,-6.272808313E-1,9.737217903E0,9.787434350E0
7.866742020E0,-7.637503147E-1,-6.248866320E-1,9.739612579E0,9.789476546E0
7.868741160E0,-7.637503147E-1,-6.296750307E-1,9.732429504E0,9.782637131E0
7.870741082E0,-7.661445141E-1,-6.248866320E-1,9.739612579E0,9.789663626E0
7.872740887E0,-7.613561153E-1,-6.224924326E-1,9.730035782E0,9.779609209E0
7.874740496E0,-7.637503147E-1,-6.296750307E-1,9.722852707E0,9.773109533E0
7.876740340E0,-7.757213712E-1,-6.320692301E-1,9.739612579E0,9.790878835E0
7.878739754E0,-7.757213712E-1,-6.320692301E-1,9.744400978E0,9.795642173E0
7.880740067E0,-7.709329724E-1,-6.296750307E-1,9.734824181E0,9.785582769E0
7.882740301E0,-7.685387731E-1,-6.320692301E-1,9.744400978E0,9.795075997E0
7.884740067E0,-7.709329724E-1,-6.344634295E-1,9.746794701E0,9.797800183E0
7.886740496E0,-7.661445141E-1,-6.272808313E-1,9.737217903E0,9.787434350E0
7.888741434E0,-7.637503147E-1,-6.296750307E-1,9.730035782E0,9.780255697E0
7.890742293E0,-7.685387731E-1,-6.248866320E-1,9.734824181E0,9.785087479E0
7.892742567E0,-7.757213712E-1,-6.248866320E-1,9.732429504E0,9.783271999E0
7.894743621E0,-7.781155705E-1,-6.296750307E-1,9.737217903E0,9.788532422E0
7.896745496E0,-7.781155705E-1,-6.416460276E-1,9.737217903E0,9.789309779E0
7.898745418E0,-7.589619160E-1,-6.392518282E-1,9.739612579E0,9.790031628E0
7.900746278E0,-7.613561153E-1,-6.368576288E-1,9.746794701E0,9.797206628E0
7.902746356E0,-7.637503147E-1,-6.344634295E-1,9.732429504E0,9.782946511E0
7.904745262E0,-7.637503147E-1,-6.224924326E-1,9.742006302E0,9.791705580E0
7.906744520E0,-7.685387731E-1,-6.296750307E-1,9.730035782E0,9.780630798E0
7.908744832E0,-7.613561153E-1,-6.320692301E-1,9.730035782E0,9.780223462E0
7.910745613E0,-7.685387731E-1,-6.344634295E-1,9.725247383E0,9.776176776E0
7.912746238E0,-7.709329724E-1,-6.296750307E-1,9.734824181E0,9.785582769E0
7.914747567E0,-7.709329724E-1,-6.296750307E-1,9.737217903E0,9.787964078E0
7.916748348E0,-7.541735172E-1,-6.224924326E-1,9.727641106E0,9.776669985E0
7.918748387E0,-7.661445141E-1,-6.344634295E-1,9.734824181E0,9.785515985E0
7.920749363E0,-7.805097699E-1,-6.296750307E-1,9.739612579E0,9.791105113E0
7.922749871E0,-7.661445141E-1,-6.296750307E-1,9.732429504E0,9.782824343E0
7.924751590E0,-7.613561153E-1,-6.272808313E-1,9.737217903E0,9.787060686E0
7.926751903E0,-7.661445141E-1,-6.272808313E-1,9.732429504E0,9.782670531E0
7.928751551E0,-7.661445141E-1,-6.296750307E-1,9.730035782E0,9.780442954E0
7.930752488E0,-7.589619160E-1,-6.272808313E-1,9.739612579E0,9.789257256E0
7.932752996E0,-7.637503147E-1,-6.177040339E-1,9.742006302E0,9.791402331E0
7.934753543E0,-7.685387731E-1,-6.296750307E-1,9.739612579E0,9.790158103E0
7.936754520E0,-7.589619160E-1,-6.248866320E-1,9.734824181E0,9.784339953E0
7.938755457E0,-7.565677166E-1,-6.296750307E-1,9.732429504E0,9.782078992E0
7.940757879E0,-7.589619160E-1,-6.248866320E-1,9.734824181E0,9.784339953E0
7.942759637E0,-7.685387731E-1,-6.248866320E-1,9.732429504E0,9.782705107E0
7.944760184E0,-7.709329724E-1,-6.368576288E-1,9.737217903E0,9.788428770E0
7.946761942E0,-7.709329724E-1,-6.416460276E-1,9.739612579E0,9.791123555E0
7.948762762E0,-7.661445141E-1,-6.272808313E-1,9.744400978E0,9.794580597E0
7.950761942E0,-7.757213712E-1,-6.224924326E-1,9.737217903E0,9.787882967E0
7.952761551E0,-7.781155705E-1,-6.177040339E-1,9.744400978E0,9.794915647E0
7.954761590E0,-7.685387731E-1,-6.248866320E-1,9.739612579E0,9.789851293E0
7.956761551E0,-7.709329724E-1,-6.248866320E-1,9.734824181E0,9.785275815E0
7.958761082E0,-7.661445141E-1,-6.344634295E-1,9.739612579E0,9.790279590E0
7.960760262E0,-7.685387731E-1,-6.320692301E-1,9.739612579E0,9.790312383E0
7.962759949E0,-7.709329724E-1,-6.272808313E-1,9.737217903E0,9.787810347E0
7.964759988E0,-7.733271718E-1,-6.153098345E-1,9.737217903E0,9.787239325E0
7.966759715E0,-7.637503147E-1,-6.272808313E-1,9.725247383E0,9.775337971E0
7.968760028E0,-7.613561153E-1,-6.200982332E-1,9.737217903E0,9.786602957E0
7.970759754E0,-7.661445141E-1,-6.272808313E-1,9.725247383E0,9.775525322E0
7.972759246E0,-7.685387731E-1,-6.248866320E-1,9.727641106E0,9.777941329E0
7.974759168E0,-7.613561153E-1,-6.224924326E-1,9.734824181E0,9.784373347E0
7.976757996E0,-7.565677166E-1,-6.248866320E-1,9.739612579E0,9.788918797E0
7.978757801E0,-7.565677166E-1,-6.272808313E-1,9.742006302E0,9.791453556E0
7.980757098E0,-7.565677166E-1,-6.248866320E-1,9.739612579E0,9.788918797E0
7.982756356E0,-7.565677166E-1,-6.153098345E-1,9.753977776E0,9.802605947E0
7.984756668E0,-7.565677166E-1,-6.272808313E-1,9.730035782E0,9.779543561E0
7.986757410E0,-7.565677166E-1,-6.248866320E-1,9.734824181E0,9.784154529E0
7.988757293E0,-7.589619160E-1,-6.224924326E-1,9.742006302E0,9.791333250E0
7.990758074E0,-7.685387731E-1,-6.177040339E-1,9.730035782E0,9.779867404E0
7.992758192E0,-7.709329724E-1,-6.105214357E-1,9.727641106E0,9.777222282E0
7.994757488E0,-7.709329724E-1,-6.177040339E-1,9.730035782E0,9.780055840E0
7.996756981E0,-7.637503147E-1,-6.248866320E-1,9.744400978E0,9.794240566E0
7.998756473E0,-7.637503147E-1,-6.248866320E-1,9.734824181E0,9.784712549E0
8.000755184E0,-7.685387731E-1,-6.177040339E-1,9.732429504E0,9.782248932E0
8.002754442E0,-7.709329724E-1,-6.224924326E-1,9.742006302E0,9.792268443E0
8.004754598E0,-7.709329724E-1,-6.200982332E-1,9.744400978E0,9.794498961E0
8.006754285E0,-7.733271718E-1,-6.248866320E-1,9.732429504E0,9.783082453E0
8.008754168E0,-7.781155705E-1,-6.272808313E-1,9.739612579E0,9.790760863E0
8.010754324E0,-7.661445141E-1,-6.200982332E-1,9.744400978E0,9.794123220E0
8.012754324E0,-7.517793179E-1,-6.177040339E-1,9.742006302E0,9.790475841E0
8.014754793E0,-7.589619160E-1,-6.224924326E-1,9.730035782E0,9.779423108E0
8.016754832E0,-7.637503147E-1,-6.153098345E-1,9.734824181E0,9.784105609E0
8.018755692E0,-7.613561153E-1,-6.153098345E-1,9.742006302E0,9.791065116E0
8.020756629E0,-7.613561153E-1,-6.177040339E-1,9.744400978E0,9.793598513E0
8.022757567E0,-7.613561153E-1,-6.248866320E-1,9.744400978E0,9.794054158E0
8.024758387E0,-7.517793179E-1,-6.224924326E-1,9.722852707E0,9.771721124E0
8.026757957E0,-7.613561153E-1,-6.224924326E-1,9.713275909E0,9.762934439E0
8.028758113E0,-7.661445141E-1,-6.248866320E-1,9.715670586E0,9.765844339E0
8.030759403E0,-7.565677166E-1,-6.272808313E-1,9.722852707E0,9.772396876E0
8.032759676E0,-7.541735172E-1,-6.248866320E-1,9.732429504E0,9.781587042E0
8.034760106E0,-7.565677166E-1,-6.224924326E-1,9.732429504E0,9.781619273E0
8.036760692E0,-7.589619160E-1,-6.200982332E-1,9.737217903E0,9.786416990E0
8.038760496E0,-7.637503147E-1,-6.200982332E-1,9.739612579E0,9.789172057E0
8.040760613E0,-7.565677166E-1,-6.272808313E-1,9.737217903E0,9.786689351E0
8.042761082E0,-7.637503147E-1,-6.224924326E-1,9.730035782E0,9.779795892E0
8.044762059E0,-7.733271718E-1,-6.248866320E-1,9.730035782E0,9.780701127E0
8.046763153E0,-7.661445141E-1,-6.224924326E-1,9.732429504E0,9.782364658E0
8.048764168E0,-7.661445141E-1,-6.320692301E-1,9.744400978E0,9.794888430E0
8.050764637E0,-7.685387731E-1,-6.344634295E-1,9.742006302E0,9.792848537E0
8.052765301E0,-7.637503147E-1,-6.344634295E-1,9.737217903E0,9.787710196E0
8.054765692E0,-7.637503147E-1,-6.224924326E-1,9.742006302E0,9.791705580E0
8.056766199E0,-7.685387731E-1,-6.296750307E-1,9.732429504E0,9.783012141E0
8.058767332E0,-7.637503147E-1,-6.416460276E-1,9.732429504E0,9.783414957E0
8.060767918E0,-7.685387731E-1,-6.416460276E-1,9.739612579E0,9.790935332E0
8.062767528E0,-7.637503147E-1,-6.368576288E-1,9.739612579E0,9.790247973E0
8.064767723E0,-7.685387731E-1,-6.440402865E-1,9.730035782E0,9.781566135E0
8.066767996E0,-7.685387731E-1,-6.368576288E-1,9.734824181E0,9.785859253E0
8.068767488E0,-7.613561153E-1,-6.272808313E-1,9.737217903E0,9.787060686E0
8.070768504E0,-7.709329724E-1,-6.320692301E-1,9.730035782E0,9.780973647E0
8.072769168E0,-7.565677166E-1,-6.296750307E-1,9.742006302E0,9.791607230E0
8.074768934E0,-7.637503147E-1,-6.296750307E-1,9.730035782E0,9.780255697E0
8.076768895E0,-7.661445141E-1,-6.368576288E-1,9.730035782E0,9.780908003E0
8.078768387E0,-7.709329724E-1,-6.296750307E-1,9.737217903E0,9.787964078E0
8.080768934E0,-7.685387731E-1,-6.248866320E-1,9.727641106E0,9.777941329E0
8.082768660E0,-7.685387731E-1,-6.272808313E-1,9.734824181E0,9.785240667E0
8.084768543E0,-7.685387731E-1,-6.320692301E-1,9.744400978E0,9.795075997E0
8.086767449E0,-7.709329724E-1,-6.344634295E-1,9.737217903E0,9.788273289E0
8.088767020E0,-7.661445141E-1,-6.416460276E-1,9.749189377E0,9.800274514E0
8.090766903E0,-7.805097699E-1,-6.320692301E-1,9.756371498E0,9.807930048E0
8.092766317E0,-7.685387731E-1,-6.272808313E-1,9.739612579E0,9.790004407E0
8.094766395E0,-7.685387731E-1,-6.224924326E-1,9.722852707E0,9.773024784E0
8.096766903E0,-7.685387731E-1,-6.272808313E-1,9.734824181E0,9.785240667E0
8.098767449E0,-7.709329724E-1,-6.248866320E-1,9.742006302E0,9.792420933E0
8.100767371E0,-7.685387731E-1,-6.272808313E-1,9.742006302E0,9.792385811E0
8.102767293E0,-7.637503147E-1,-6.320692301E-1,9.737217903E0,9.787555290E0
8.104766942E0,-7.661445141E-1,-6.248866320E-1,9.730035782E0,9.780135839E0
8.106766863E0,-7.709329724E-1,-6.224924326E-1,9.737217903E0,9.787504634E0
8.108766629E0,-7.733271718E-1,-6.224924326E-1,9.730035782E0,9.780548454E0
8.110766629E0,-7.805097699E-1,-6.224924326E-1,9.734824181E0,9.785882390E0
8.112767645E0,-7.733271718E-1,-6.177040339E-1,9.722852707E0,9.773098687E0
8.114767332E0,-7.685387731E-1,-6.272808313E-1,9.732429504E0,9.782858332E0
8.116768035E0,-7.661445141E-1,-6.200982332E-1,9.742006302E0,9.791740704E0
8.118768387E0,-7.661445141E-1,-6.177040339E-1,9.751583099E0,9.801117724E0
8.120769246E0,-7.709329724E-1,-6.153098345E-1,9.746794701E0,9.796578524E0
8.122769988E0,-7.685387731E-1,-6.272808313E-1,9.734824181E0,9.785240667E0
8.124770731E0,-7.709329724E-1,-6.248866320E-1,9.742006302E0,9.792420933E0
8.126770457E0,-7.733271718E-1,-6.272808313E-1,9.734824181E0,9.785617915E0
8.128770379E0,-7.733271718E-1,-6.272808313E-1,9.739612579E0,9.790381471E0
8.130769910E0,-7.733271718E-1,-6.320692301E-1,9.734824181E0,9.785926029E0
8.132770418E0,-7.733271718E-1,-6.248866320E-1,9.737217903E0,9.787846071E0
8.134770653E0,-7.685387731E-1,-6.248866320E-1,9.744400978E0,9.794615131E0
8.136771043E0,-7.613561153E-1,-6.248866320E-1,9.742006302E0,9.791671626E0
8.138771590E0,-7.637503147E-1,-6.248866320E-1,9.739612579E0,9.789476546E0
8.140772606E0,-7.637503147E-1,-6.200982332E-1,9.734824181E0,9.784407912E0
8.142773074E0,-7.637503147E-1,-6.200982332E-1,9.734824181E0,9.784407912E0
8.144772879E0,-7.613561153E-1,-6.272808313E-1,9.725247383E0,9.775151203E0
8.146772957E0,-7.589619160E-1,-6.272808313E-1,9.725247383E0,9.774965018E0
8.148772801E0,-7.661445141E-1,-6.200982332E-1,9.722852707E0,9.772684585E0
8.150772254E0,-7.709329724E-1,-6.224924326E-1,9.742006302E0,9.792268443E0
8.152772215E0,-7.709329724E-1,-6.177040339E-1,9.739612579E0,9.789583705E0
8.154772528E0,-7.661445141E-1,-6.153098345E-1,9.737217903E0,9.786674415E0
8.156773270E0,-7.709329724E-1,-6.153098345E-1,9.742006302E0,9.791814471E0
8.158774090E0,-7.637503147E-1,-6.224924326E-1,9.734824181E0,9.784559939E0
8.160775067E0,-7.685387731E-1,-6.248866320E-1,9.739612579E0,9.789851293E0
8.162775457E0,-7.685387731E-1,-6.200982332E-1,9.734824181E0,9.784782854E0
8.164775496E0,-7.757213712E-1,-6.200982332E-1,9.734824181E0,9.785349625E0
8.166776434E0,-7.661445141E-1,-6.177040339E-1,9.727641106E0,9.777297028E0
8.168777332E0,-7.661445141E-1,-6.344634295E-1,9.720458984E0,9.771225313E0
8.170777957E0,-7.709329724E-1,-6.320692301E-1,9.722852707E0,9.773828007E0
8.172778192E0,-7.637503147E-1,-6.248866320E-1,9.739612579E0,9.789476546E0
8.174778699E0,-7.661445141E-1,-6.224924326E-1,9.727641106E0,9.777600714E0
8.176779598E0,-7.685387731E-1,-6.248866320E-1,9.727641106E0,9.777941329E0
8.178780731E0,-7.637503147E-1,-6.224924326E-1,9.725247383E0,9.775031869E0
8.180781395E0,-7.541735172E-1,-6.272808313E-1,9.734824181E0,9.784122892E0
8.182781160E0,-7.565677166E-1,-6.224924326E-1,9.727641106E0,9.776854966E0
8.184782059E0,-7.613561153E-1,-6.224924326E-1,9.732429504E0,9.781990800E0
8.186782449E0,-7.613561153E-1,-6.320692301E-1,9.730035782E0,9.780223462E0
8.188782137E0,-7.733271718E-1,-6.296750307E-1,9.730035782E0,9.781008224E0
8.190782606E0,-7.685387731E-1,-6.200982332E-1,9.730035782E0,9.780018915E0
8.192784051E0,-7.685387731E-1,-6.224924326E-1,9.725247383E0,9.775407170E0
8.194784520E0,-7.661445141E-1,-6.320692301E-1,9.742006302E0,9.792506100E0
8.196784754E0,-7.709329724E-1,-6.272808313E-1,9.734824181E0,9.785429000E0
8.198784910E0,-7.613561153E-1,-6.224924326E-1,9.732429504E0,9.781990800E0
8.200784754E0,-7.613561153E-1,-6.272808313E-1,9.742006302E0,9.791824711E0
8.202785653E0,-7.685387731E-1,-6.248866320E-1,9.744400978E0,9.794615131E0
8.204785223E0,-7.637503147E-1,-6.224924326E-1,9.732429504E0,9.782177438E0
8.206784910E0,-7.613561153E-1,-6.296750307E-1,9.749189377E0,9.799124822E0
8.208785223E0,-7.685387731E-1,-6.296750307E-1,9.739612579E0,9.790158103E0
8.210784832E0,-7.661445141E-1,-6.296750307E-1,9.739612579E0,9.789970442E0
8.212784403E0,-7.661445141E-1,-6.320692301E-1,9.737217903E0,9.787742407E0
8.214784715E0,-7.709329724E-1,-6.320692301E-1,9.725247383E0,9.776210197E0
8.216784949E0,-7.709329724E-1,-6.320692301E-1,9.744400978E0,9.795264140E0
8.218786512E0,-7.661445141E-1,-6.320692301E-1,9.749189377E0,9.799652159E0
8.220787879E0,-7.661445141E-1,-6.272808313E-1,9.744400978E0,9.794580597E0
8.222788895E0,-7.637503147E-1,-6.224924326E-1,9.739612579E0,9.789324010E0
8.224790262E0,-7.661445141E-1,-6.272808313E-1,9.737217903E0,9.787434350E0
8.226790340E0,-7.709329724E-1,-6.177040339E-1,9.732429504E0,9.782437323E0
8.228791160E0,-7.757213712E-1,-6.248866320E-1,9.737217903E0,9.788035525E0
8.230792098E0,-7.757213712E-1,-6.272808313E-1,9.734824181E0,9.785807412E0
8.232793153E0,-7.709329724E-1,-6.344634295E-1,9.732429504E0,9.783509879E0
8.234793660E0,-7.709329724E-1,-6.392518282E-1,9.737217903E0,9.788584833E0
8.236794363E0,-7.757213712E-1,-6.320692301E-1,9.753977776E0,9.805168923E0
8.238795301E0,-7.709329724E-1,-6.200982332E-1,9.749189377E0,9.799262879E0
8.240795653E0,-7.637503147E-1,-6.224924326E-1,9.746794701E0,9.796469686E0
8.242795301E0,-7.661445141E-1,-6.177040339E-1,9.737217903E0,9.786825235E0
8.244794793E0,-7.685387731E-1,-6.177040339E-1,9.746794701E0,9.796541076E0
8.246795731E0,-7.685387731E-1,-6.248866320E-1,9.742006302E0,9.792232735E0
8.248796356E0,-7.637503147E-1,-6.224924326E-1,9.732429504E0,9.782177438E0
8.250797137E0,-7.733271718E-1,-6.344634295E-1,9.737217903E0,9.788462149E0
8.252797371E0,-7.733271718E-1,-6.344634295E-1,9.739612579E0,9.790844292E0
8.254799324E0,-7.709329724E-1,-6.272808313E-1,9.739612579E0,9.790192648E0
8.256800574E0,-7.709329724E-1,-6.224924326E-1,9.742006302E0,9.792268443E0
8.258801317E0,-7.757213712E-1,-6.272808313E-1,9.739612579E0,9.790570876E0
8.260801707E0,-7.733271718E-1,-6.296750307E-1,9.737217903E0,9.788152944E0
8.262801199E0,-7.661445141E-1,-6.224924326E-1,9.718064308E0,9.768072898E0
8.264801004E0,-7.637503147E-1,-6.296750307E-1,9.718064308E0,9.768345770E0
8.266801863E0,-7.589619160E-1,-6.368576288E-1,9.718064308E0,9.768438193E0
8.268803113E0,-7.541735172E-1,-6.296750307E-1,9.725247383E0,9.774748334E0
8.270803113E0,-7.637503147E-1,-6.320692301E-1,9.739612579E0,9.789937653E0
8.272803231E0,-7.709329724E-1,-6.296750307E-1,9.737217903E0,9.787964078E0
8.274803738E0,-7.685387731E-1,-6.224924326E-1,9.737217903E0,9.787316341E0
8.276804129E0,-7.589619160E-1,-6.177040339E-1,9.739612579E0,9.788648255E0
8.278803895E0,-7.637503147E-1,-6.368576288E-1,9.739612579E0,9.790247973E0
8.280803465E0,-7.685387731E-1,-6.320692301E-1,9.730035782E0,9.780785228E0
8.282803074E0,-7.637503147E-1,-6.320692301E-1,9.749189377E0,9.799465269E0
8.284802332E0,-7.733271718E-1,-6.272808313E-1,9.744400978E0,9.795145051E0
8.286801551E0,-7.709329724E-1,-6.248866320E-1,9.739612579E0,9.790039538E0
8.288800692E0,-7.661445141E-1,-6.248866320E-1,9.739612579E0,9.789663626E0
8.290799793E0,-7.613561153E-1,-6.177040339E-1,9.734824181E0,9.784069871E0
8.292798348E0,-7.661445141E-1,-6.224924326E-1,9.732429504E0,9.782364658E0
8.294797059E0,-7.637503147E-1,-6.296750307E-1,9.742006302E0,9.792164826E0
8.296795653E0,-7.613561153E-1,-6.272808313E-1,9.734824181E0,9.784679157E0
8.298794754E0,-7.589619160E-1,-6.200982332E-1,9.737217903E0,9.786416990E0
8.300794363E0,-7.613561153E-1,-6.272808313E-1,9.742006302E0,9.791824711E0
8.302794403E0,-7.613561153E-1,-6.272808313E-1,9.739612579E0,9.789443170E0
8.304794363E0,-7.685387731E-1,-6.368576288E-1,9.751583099E0,9.802530920E0
8.306794676E0,-7.637503147E-1,-6.344634295E-1,9.746794701E0,9.797237637E0
8.308796004E0,-7.637503147E-1,-6.272808313E-1,9.749189377E0,9.799157581E0
8.310797254E0,-7.613561153E-1,-6.344634295E-1,9.739612579E0,9.789906035E0
8.312799442E0,-7.685387731E-1,-6.320692301E-1,9.739612579E0,9.790312383E0
8.314800418E0,-7.709329724E-1,-6.200982332E-1,9.725247383E0,9.775443526E0
8.316800457E0,-7.589619160E-1,-6.272808313E-1,9.720458984E0,9.770200986E0
8.318800379E0,-7.613561153E-1,-6.272808313E-1,9.725247383E0,9.775151203E0
8.320800692E0,-7.709329724E-1,-6.296750307E-1,9.730035782E0,9.780819220E0
8.322801746E0,-7.685387731E-1,-6.296750307E-1,9.730035782E0,9.780630798E0
8.324802567E0,-7.661445141E-1,-6.248866320E-1,9.722852707E0,9.772989588E0
8.326803387E0,-7.685387731E-1,-6.248866320E-1,9.730035782E0,9.780323689E0
8.328804481E0,-7.733271718E-1,-6.248866320E-1,9.739612579E0,9.790228364E0
8.330805262E0,-7.709329724E-1,-6.248866320E-1,9.749189377E0,9.799567055E0
8.332805692E0,-7.613561153E-1,-6.272808313E-1,9.732429504E0,9.782296685E0
8.334806082E0,-7.613561153E-1,-6.296750307E-1,9.737217903E0,9.787214429E0
8.336805965E0,-7.613561153E-1,-6.272808313E-1,9.737217903E0,9.787060686E0
8.338807098E0,-7.661445141E-1,-6.153098345E-1,9.744400978E0,9.793821217E0
8.340808270E0,-7.637503147E-1,-6.248866320E-1,9.734824181E0,9.784712549E0
8.342808504E0,-7.589619160E-1,-6.272808313E-1,9.737217903E0,9.786874727E0
8.344809403E0,-7.637503147E-1,-6.272808313E-1,9.730035782E0,9.780101845E0
8.346810340E0,-7.637503147E-1,-6.344634295E-1,9.732429504E0,9.782946511E0
8.348811199E0,-7.637503147E-1,-6.272808313E-1,9.732429504E0,9.782483317E0
8.350811278E0,-7.685387731E-1,-6.296750307E-1,9.734824181E0,9.785394439E0
8.352811590E0,-7.733271718E-1,-6.272808313E-1,9.730035782E0,9.780854384E0
8.354811981E0,-7.757213712E-1,-6.272808313E-1,9.732429504E0,9.783425215E0
8.356813231E0,-7.613561153E-1,-6.248866320E-1,9.737217903E0,9.786907526E0
8.358813426E0,-7.733271718E-1,-6.224924326E-1,9.734824181E0,9.785312135E0
8.360812645E0,-7.781155705E-1,-6.320692301E-1,9.732429504E0,9.783923518E0
8.362812449E0,-7.757213712E-1,-6.296750307E-1,9.734824181E0,9.785961175E0
8.364811551E0,-7.757213712E-1,-6.272808313E-1,9.734824181E0,9.785807412E0
8.366811590E0,-7.733271718E-1,-6.248866320E-1,9.722852707E0,9.773555289E0
8.368811785E0,-7.733271718E-1,-6.248866320E-1,9.730035782E0,9.780701127E0
8.370811981E0,-7.685387731E-1,-6.272808313E-1,9.739612579E0,9.790004407E0
8.372813153E0,-7.757213712E-1,-6.272808313E-1,9.734824181E0,9.785807412E0
8.374814637E0,-7.685387731E-1,-6.296750307E-1,9.734824181E0,9.785394439E0
8.376815067E0,-7.661445141E-1,-6.296750307E-1,9.737217903E0,9.787588087E0
8.378816473E0,-7.637503147E-1,-6.272808313E-1,9.744400978E0,9.794393611E0
8.380817176E0,-7.661445141E-1,-6.296750307E-1,9.751583099E0,9.801879463E0
8.382817606E0,-7.685387731E-1,-6.320692301E-1,9.749189377E0,9.799839635E0
8.384818895E0,-7.661445141E-1,-6.344634295E-1,9.727641106E0,9.778370147E0
8.386819988E0,-7.685387731E-1,-6.272808313E-1,9.734824181E0,9.785240667E0
8.388821590E0,-7.661445141E-1,-6.272808313E-1,9.737217903E0,9.787434350E0
8.390822723E0,-7.613561153E-1,-6.248866320E-1,9.742006302E0,9.791671626E0
8.392824246E0,-7.661445141E-1,-6.296750307E-1,9.746794701E0,9.797115647E0
8.394824715E0,-7.733271718E-1,-6.416460276E-1,9.744400978E0,9.796075488E0
8.396826004E0,-7.709329724E-1,-6.248866320E-1,9.739612579E0,9.790039538E0
8.398826981E0,-7.589619160E-1,-6.200982332E-1,9.734824181E0,9.784035304E0
8.400828582E0,-7.661445141E-1,-6.177040339E-1,9.727641106E0,9.777297028E0
8.402830028E0,-7.613561153E-1,-6.200982332E-1,9.727641106E0,9.777074533E0
8.404831512E0,-7.565677166E-1,-6.200982332E-1,9.732429504E0,9.781467200E0
8.406833973E0,-7.469909191E-1,-6.272808313E-1,9.737217903E0,9.785953667E0
8.408835731E0,-7.661445141E-1,-6.200982332E-1,9.734824181E0,9.784595089E0
8.410837410E0,-7.709329724E-1,-6.200982332E-1,9.737217903E0,9.787352653E0
8.412838270E0,-7.685387731E-1,-6.272808313E-1,9.725247383E0,9.775713260E0
8.414838973E0,-7.685387731E-1,-6.272808313E-1,9.730035782E0,9.780476952E0
8.416840379E0,-7.637503147E-1,-6.224924326E-1,9.732429504E0,9.782177438E0
8.418841434E0,-7.565677166E-1,-6.200982332E-1,9.727641106E0,9.776702819E0
8.420841707E0,-7.541735172E-1,-6.129156351E-1,9.734824181E0,9.783212412E0
8.422842567E0,-7.589619160E-1,-6.200982332E-1,9.742006302E0,9.791181328E0
8.424843387E0,-7.589619160E-1,-6.248866320E-1,9.734824181E0,9.784339953E0
8.426844793E0,-7.637503147E-1,-6.153098345E-1,9.718064308E0,9.767430298E0
8.428845692E0,-7.661445141E-1,-6.320692301E-1,9.718064308E0,9.768687876E0
8.430846043E0,-7.685387731E-1,-6.344634295E-1,9.720458984E0,9.771413335E0
8.432847606E0,-7.589619160E-1,-6.368576288E-1,9.718064308E0,9.768438193E0
8.434848778E0,-7.541735172E-1,-6.296750307E-1,9.720458984E0,9.769984197E0
8.436849754E0,-7.565677166E-1,-6.416460276E-1,9.718064308E0,9.768565823E0
8.438851238E0,-7.661445141E-1,-6.344634295E-1,9.722852707E0,9.773606602E0
8.440851942E0,-7.685387731E-1,-6.392518282E-1,9.730035782E0,9.781252019E0
8.442853309E0,-7.661445141E-1,-6.320692301E-1,9.722852707E0,9.773451473E0
8.444854363E0,-7.685387731E-1,-6.248866320E-1,9.734824181E0,9.785087479E0
8.446855692E0,-7.637503147E-1,-6.248866320E-1,9.737217903E0,9.787094070E0
8.448857059E0,-7.685387731E-1,-6.224924326E-1,9.744400978E0,9.794462675E0
8.450857567E0,-7.685387731E-1,-6.296750307E-1,9.742006302E0,9.792539470E0
8.452858231E0,-7.685387731E-1,-6.368576288E-1,9.742006302E0,9.793003945E0
8.454858856E0,-7.709329724E-1,-6.248866320E-1,9.742006302E0,9.792420933E0
8.456859363E0,-7.685387731E-1,-6.248866320E-1,9.742006302E0,9.792232735E0
8.458859520E0,-7.613561153E-1,-6.224924326E-1,9.746794701E0,9.796283321E0
8.460860418E0,-7.685387731E-1,-6.224924326E-1,9.744400978E0,9.794462675E0
8.462860379E0,-7.637503147E-1,-6.224924326E-1,9.739612579E0,9.789324010E0
8.464862176E0,-7.709329724E-1,-6.296750307E-1,9.742006302E0,9.792727663E0
8.466863074E0,-7.613561153E-1,-6.344634295E-1,9.742006302E0,9.792287463E0
8.468863856E0,-7.589619160E-1,-6.296750307E-1,9.737217903E0,9.787028473E0
8.470865028E0,-7.661445141E-1,-6.272808313E-1,9.732429504E0,9.782670531E0
8.472866590E0,-7.661445141E-1,-6.248866320E-1,9.732429504E0,9.782517303E0
8.474867684E0,-7.637503147E-1,-6.248866320E-1,9.734824181E0,9.784712549E0
8.476868699E0,-7.685387731E-1,-6.200982332E-1,9.727641106E0,9.777636481E0
8.478869832E0,-7.637503147E-1,-6.177040339E-1,9.730035782E0,9.779492274E0
8.480870067E0,-7.661445141E-1,-6.224924326E-1,9.732429504E0,9.782364658E0
8.482870887E0,-7.613561153E-1,-6.248866320E-1,9.725247383E0,9.774997857E0
8.484871863E0,-7.589619160E-1,-6.177040339E-1,9.732429504E0,9.781501190E0
8.486872840E0,-7.613561153E-1,-6.177040339E-1,9.734824181E0,9.784069871E0
8.488872801E0,-7.637503147E-1,-6.248866320E-1,9.737217903E0,9.787094070E0
8.490873426E0,-7.709329724E-1,-6.224924326E-1,9.737217903E0,9.787504634E0
8.492874520E0,-7.709329724E-1,-6.224924326E-1,9.737217903E0,9.787504634E0
8.494875809E0,-7.661445141E-1,-6.248866320E-1,9.742006302E0,9.792045114E0
8.496876629E0,-7.661445141E-1,-6.320692301E-1,9.722852707E0,9.773451473E0
8.498877293E0,-7.661445141E-1,-6.440402865E-1,9.732429504E0,9.783759470E0
8.500879051E0,-7.781155705E-1,-6.392518282E-1,9.732429504E0,9.784390160E0
8.502879676E0,-7.757213712E-1,-6.392518282E-1,9.730035782E0,9.781818996E0
8.504880457E0,-7.685387731E-1,-6.296750307E-1,9.730035782E0,9.780630798E0
8.506881863E0,-7.637503147E-1,-6.296750307E-1,9.739612579E0,9.789783368E0
8.508882918E0,-7.661445141E-1,-6.272808313E-1,9.739612579E0,9.789816743E0
8.510884559E0,-7.589619160E-1,-6.296750307E-1,9.737217903E0,9.787028473E0
8.512885145E0,-7.613561153E-1,-6.272808313E-1,9.732429504E0,9.782296685E0
8.514887176E0,-7.661445141E-1,-6.224924326E-1,9.742006302E0,9.791892617E0
8.516888817E0,-7.757213712E-1,-6.320692301E-1,9.727641106E0,9.778970122E0
8.518889988E0,-7.757213712E-1,-6.272808313E-1,9.732429504E0,9.783425215E0
8.520890692E0,-7.709329724E-1,-6.392518282E-1,9.737217903E0,9.788584833E0
8.522892684E0,-7.613561153E-1,-6.248866320E-1,9.732429504E0,9.782143451E0
8.524893817E0,-7.613561153E-1,-6.296750307E-1,9.742006302E0,9.791978378E0
8.526894481E0,-7.709329724E-1,-6.248866320E-1,9.746794701E0,9.797184692E0
8.528894637E0,-7.709329724E-1,-6.296750307E-1,9.744400978E0,9.795109939E0
8.530895848E0,-7.685387731E-1,-6.344634295E-1,9.742006302E0,9.792848537E0
8.532896746E0,-7.733271718E-1,-6.272808313E-1,9.744400978E0,9.795145051E0
8.534896942E0,-7.757213712E-1,-6.248866320E-1,9.742006302E0,9.792799076E0
8.536896863E0,-7.637503147E-1,-6.248866320E-1,9.737217903E0,9.787094070E0
8.538896473E0,-7.613561153E-1,-6.248866320E-1,9.742006302E0,9.791671626E0
8.540896785E0,-7.685387731E-1,-6.224924326E-1,9.749189377E0,9.799226611E0
8.542897098E0,-7.637503147E-1,-6.272808313E-1,9.744400978E0,9.794393611E0
8.544898465E0,-7.637503147E-1,-6.200982332E-1,9.727641106E0,9.777261265E0
8.546898543E0,-7.565677166E-1,-6.177040339E-1,9.730035782E0,9.778933955E0
8.548899051E0,-7.565677166E-1,-6.177040339E-1,9.737217903E0,9.786080190E0
8.550899442E0,-7.541735172E-1,-6.177040339E-1,9.744400978E0,9.793042754E0
8.552899168E0,-7.661445141E-1,-6.177040339E-1,9.744400978E0,9.793971927E0
8.554899051E0,-7.757213712E-1,-6.153098345E-1,9.742006302E0,9.792192636E0
8.556898192E0,-7.757213712E-1,-6.129156351E-1,9.742006302E0,9.792042484E0
8.558898621E0,-7.709329724E-1,-6.177040339E-1,9.734824181E0,9.784819761E0
8.560897879E0,-7.709329724E-1,-6.296750307E-1,9.734824181E0,9.785582769E0
8.562896395E0,-7.589619160E-1,-6.320692301E-1,9.739612579E0,9.789565256E0
8.564896004E0,-7.733271718E-1,-6.200982332E-1,9.746794701E0,9.797069137E0
8.566896746E0,-7.613561153E-1,-6.200982332E-1,9.732429504E0,9.781838734E0
8.568897020E0,-7.565677166E-1,-6.224924326E-1,9.725247383E0,9.774473295E0
8.570897449E0,-7.613561153E-1,-6.224924326E-1,9.742006302E0,9.791519124E0
8.572897254E0,-7.637503147E-1,-6.224924326E-1,9.737217903E0,9.786941497E0
8.574896824E0,-7.661445141E-1,-6.272808313E-1,9.739612579E0,9.789816743E0
8.576895770E0,-7.661445141E-1,-6.320692301E-1,9.734824181E0,9.785361044E0
8.578895692E0,-7.757213712E-1,-6.296750307E-1,9.746794701E0,9.797869219E0
8.580897293E0,-7.685387731E-1,-6.344634295E-1,9.749189377E0,9.799994347E0
8.582898348E0,-7.685387731E-1,-6.320692301E-1,9.742006302E0,9.792693712E0
8.584899324E0,-7.613561153E-1,-6.272808313E-1,9.746794701E0,9.796588759E0
8.586899285E0,-7.637503147E-1,-6.272808313E-1,9.732429504E0,9.782483317E0
8.588899442E0,-7.661445141E-1,-6.296750307E-1,9.734824181E0,9.785206686E0
8.590900106E0,-7.637503147E-1,-6.248866320E-1,9.746794701E0,9.796622111E0
8.592901238E0,-7.637503147E-1,-6.200982332E-1,9.734824181E0,9.784407912E0
8.594901746E0,-7.709329724E-1,-6.248866320E-1,9.732429504E0,9.782893489E0
8.596901903E0,-7.733271718E-1,-6.200982332E-1,9.742006302E0,9.792305322E0
8.598903074E0,-7.613561153E-1,-6.272808313E-1,9.732429504E0,9.782296685E0
8.600903582E0,-7.613561153E-1,-6.296750307E-1,9.739612579E0,9.789596875E0
8.602903348E0,-7.685387731E-1,-6.248866320E-1,9.737217903E0,9.787468909E0
8.604904403E0,-7.709329724E-1,-6.200982332E-1,9.734824181E0,9.784971195E0
8.606904090E0,-7.637503147E-1,-6.272808313E-1,9.737217903E0,9.787247227E0
8.608904598E0,-7.661445141E-1,-6.248866320E-1,9.737217903E0,9.787281196E0
8.610905106E0,-7.637503147E-1,-6.224924326E-1,9.720458984E0,9.770267869E0
8.612904715E0,-7.613561153E-1,-6.224924326E-1,9.720458984E0,9.770081004E0
8.614905965E0,-7.637503147E-1,-6.296750307E-1,9.732429504E0,9.782637131E0
8.616906629E0,-7.709329724E-1,-6.296750307E-1,9.718064308E0,9.768909980E0
8.618906707E0,-7.685387731E-1,-6.272808313E-1,9.727641106E0,9.778094629E0
8.620906551E0,-7.709329724E-1,-6.296750307E-1,9.727641106E0,9.778436980E0
8.622906160E0,-7.661445141E-1,-6.296750307E-1,9.720458984E0,9.770915562E0
8.624906512E0,-7.637503147E-1,-6.344634295E-1,9.727641106E0,9.778182851E0
8.626906512E0,-7.661445141E-1,-6.368576288E-1,9.730035782E0,9.780908003E0
8.628905418E0,-7.709329724E-1,-6.344634295E-1,9.746794701E0,9.797800183E0
8.630905106E0,-7.661445141E-1,-6.320692301E-1,9.737217903E0,9.787742407E0
8.632905418E0,-7.613561153E-1,-6.368576288E-1,9.730035782E0,9.780534090E0
8.634905340E0,-7.637503147E-1,-6.392518282E-1,9.734824181E0,9.785640463E0
8.636904949E0,-7.637503147E-1,-6.416460276E-1,9.739612579E0,9.790560626E0
8.638904910E0,-7.685387731E-1,-6.392518282E-1,9.727641106E0,9.778869885E0
8.640904324E0,-7.589619160E-1,-6.512228847E-1,9.732429504E0,9.783675102E0
8.642903817E0,-7.661445141E-1,-6.416460276E-1,9.734824181E0,9.785984308E0
8.644904598E0,-7.637503147E-1,-6.416460276E-1,9.739612579E0,9.790560626E0
8.646904754E0,-7.661445141E-1,-6.320692301E-1,9.739612579E0,9.790124725E0
8.648905809E0,-7.709329724E-1,-6.296750307E-1,9.727641106E0,9.778436980E0
8.650907645E0,-7.661445141E-1,-6.320692301E-1,9.727641106E0,9.778215093E0
8.652908973E0,-7.685387731E-1,-6.320692301E-1,9.737217903E0,9.787930111E0
8.654909403E0,-7.613561153E-1,-6.344634295E-1,9.734824181E0,9.785142248E0
8.656909168E0,-7.589619160E-1,-6.320692301E-1,9.734824181E0,9.784801302E0
8.658909676E0,-7.637503147E-1,-6.248866320E-1,9.739612579E0,9.789476546E0
8.660910535E0,-7.637503147E-1,-6.248866320E-1,9.744400978E0,9.794240566E0
8.662911160E0,-7.517793179E-1,-6.248866320E-1,9.742006302E0,9.790931632E0
8.664911629E0,-7.637503147E-1,-6.177040339E-1,9.739612579E0,9.789020687E0
8.666912215E0,-7.661445141E-1,-6.177040339E-1,9.744400978E0,9.793971927E0
8.668912762E0,-7.637503147E-1,-6.153098345E-1,9.751583099E0,9.800780259E0
8.670913231E0,-7.685387731E-1,-6.177040339E-1,9.746794701E0,9.796541076E0
8.672913856E0,-7.637503147E-1,-6.200982332E-1,9.742006302E0,9.791553664E0
8.674914012E0,-7.613561153E-1,-6.177040339E-1,9.739612579E0,9.788834180E0
8.676914793E0,-7.685387731E-1,-6.177040339E-1,9.737217903E0,9.787012957E0
8.678915145E0,-7.781155705E-1,-6.248866320E-1,9.727641106E0,9.778698718E0
8.680915496E0,-7.709329724E-1,-6.200982332E-1,9.734824181E0,9.784971195E0
8.682915887E0,-7.733271718E-1,-6.200982332E-1,9.734824181E0,9.785160119E0
8.684916004E0,-7.685387731E-1,-6.224924326E-1,9.742006302E0,9.792080242E0
8.686915926E0,-7.685387731E-1,-6.296750307E-1,9.739612579E0,9.790158103E0
8.688916395E0,-7.685387731E-1,-6.272808313E-1,9.737217903E0,9.787622060E0
8.690917332E0,-7.637503147E-1,-6.224924326E-1,9.727641106E0,9.777413403E0
8.692917684E0,-7.613561153E-1,-6.296750307E-1,9.725247383E0,9.775305133E0
8.694918504E0,-7.637503147E-1,-6.248866320E-1,9.730035782E0,9.779948577E0
8.696919793E0,-7.613561153E-1,-6.177040339E-1,9.725247383E0,9.774541323E0
8.698920653E0,-7.637503147E-1,-6.177040339E-1,9.725247383E0,9.774728103E0
8.700922176E0,-7.709329724E-1,-6.177040339E-1,9.727641106E0,9.777673415E0
8.702924442E0,-7.661445141E-1,-6.248866320E-1,9.725247383E0,9.775371982E0
8.704926199E0,-7.637503147E-1,-6.248866320E-1,9.718064308E0,9.768038275E0
8.706926746E0,-7.565677166E-1,-6.272808313E-1,9.732429504E0,9.781925169E0
8.708926434E0,-7.517793179E-1,-6.177040339E-1,9.744400978E0,9.792858665E0
8.710926434E0,-7.565677166E-1,-6.200982332E-1,9.737217903E0,9.786231605E0
8.712926981E0,-7.589619160E-1,-6.224924326E-1,9.734824181E0,9.784187337E0
8.714927410E0,-7.637503147E-1,-6.248866320E-1,9.727641106E0,9.777566125E0
8.716928309E0,-7.613561153E-1,-6.272808313E-1,9.739612579E0,9.789443170E0
8.718930067E0,-7.637503147E-1,-6.248866320E-1,9.732429504E0,9.782330086E0
8.720932215E0,-7.661445141E-1,-6.224924326E-1,9.732429504E0,9.782364658E0
8.722933309E0,-7.661445141E-1,-6.296750307E-1,9.732429504E0,9.782824343E0
8.724933895E0,-7.613561153E-1,-6.224924326E-1,9.742006302E0,9.791519124E0
8.726933934E0,-7.637503147E-1,-6.200982332E-1,9.737217903E0,9.786789507E0
8.728932957E0,-7.613561153E-1,-6.224924326E-1,9.737217903E0,9.786754950E0
8.730932879E0,-7.565677166E-1,-6.224924326E-1,9.734824181E0,9.784001910E0
8.732933973E0,-7.709329724E-1,-6.344634295E-1,9.734824181E0,9.785892055E0
8.734934285E0,-7.733271718E-1,-6.272808313E-1,9.746794701E0,9.797526376E0
8.736935145E0,-7.685387731E-1,-6.248866320E-1,9.737217903E0,9.787468909E0
8.738934363E0,-7.637503147E-1,-6.200982332E-1,9.727641106E0,9.777261265E0
8.740934285E0,-7.517793179E-1,-6.224924326E-1,9.734824181E0,9.783632802E0
8.742933895E0,-7.637503147E-1,-6.153098345E-1,9.744400978E0,9.793634216E0
8.744933934E0,-7.709329724E-1,-6.153098345E-1,9.732429504E0,9.782286435E0
8.746934754E0,-7.661445141E-1,-6.177040339E-1,9.730035782E0,9.779679545E0
8.748935301E0,-7.685387731E-1,-6.248866320E-1,9.756371498E0,9.806524357E0
8.750936395E0,-7.709329724E-1,-6.320692301E-1,9.753977776E0,9.804791258E0
8.752936160E0,-7.709329724E-1,-6.344634295E-1,9.742006302E0,9.793036724E0
8.754936981E0,-7.685387731E-1,-6.296750307E-1,9.732429504E0,9.783012141E0
8.756937332E0,-7.661445141E-1,-6.296750307E-1,9.727641106E0,9.778060623E0
8.758937801E0,-7.709329724E-1,-6.296750307E-1,9.734824181E0,9.785582769E0
8.760937918E0,-7.709329724E-1,-6.272808313E-1,9.744400978E0,9.794956320E0
8.762937840E0,-7.709329724E-1,-6.320692301E-1,9.744400978E0,9.795264140E0
8.764938387E0,-7.637503147E-1,-6.344634295E-1,9.730035782E0,9.780565153E0
8.766937918E0,-7.589619160E-1,-6.248866320E-1,9.730035782E0,9.779575799E0
8.768938270E0,-7.709329724E-1,-6.296750307E-1,9.722852707E0,9.773673468E0
8.770938582E0,-7.709329724E-1,-6.248866320E-1,9.737217903E0,9.787657199E0
8.772939832E0,-7.709329724E-1,-6.200982332E-1,9.737217903E0,9.787352653E0
8.774940692E0,-7.733271718E-1,-6.200982332E-1,9.722852707E0,9.773250303E0
8.776941590E0,-7.733271718E-1,-6.200982332E-1,9.722852707E0,9.773250303E0
8.778942371E0,-7.661445141E-1,-6.177040339E-1,9.734824181E0,9.784443649E0
8.780943153E0,-7.757213712E-1,-6.200982332E-1,9.749189377E0,9.799640757E0
8.782943621E0,-7.709329724E-1,-6.248866320E-1,9.737217903E0,9.787657199E0
8.784943387E0,-7.613561153E-1,-6.344634295E-1,9.739612579E0,9.789906035E0
8.786942801E0,-7.661445141E-1,-6.296750307E-1,9.732429504E0,9.782824343E0
8.788942059E0,-7.685387731E-1,-6.344634295E-1,9.737217903E0,9.788085011E0
8.790940965E0,-7.733271718E-1,-6.320692301E-1,9.734824181E0,9.785926029E0
8.792940340E0,-7.685387731E-1,-6.320692301E-1,9.730035782E0,9.780785228E0
8.794939754E0,-7.613561153E-1,-6.368576288E-1,9.722852707E0,9.773388130E0
8.796939363E0,-7.757213712E-1,-6.320692301E-1,9.718064308E0,9.769443641E0
8.798938817E0,-7.661445141E-1,-6.392518282E-1,9.732429504E0,9.783445425E0
8.800938192E0,-7.685387731E-1,-6.320692301E-1,9.727641106E0,9.778402980E0
8.802937723E0,-7.637503147E-1,-6.272808313E-1,9.734824181E0,9.784865743E0
8.804938738E0,-7.685387731E-1,-6.368576288E-1,9.730035782E0,9.781095838E0
8.806939285E0,-7.637503147E-1,-6.296750307E-1,9.722852707E0,9.773109533E0
8.808939832E0,-7.613561153E-1,-6.200982332E-1,9.727641106E0,9.777074533E0
8.810940340E0,-7.613561153E-1,-6.248866320E-1,9.730035782E0,9.779761897E0
8.812941668E0,-7.589619160E-1,-6.320692301E-1,9.732429504E0,9.782418860E0
8.814942059E0,-7.541735172E-1,-6.320692301E-1,9.732429504E0,9.782048521E0
8.816942137E0,-7.565677166E-1,-6.224924326E-1,9.725247383E0,9.774473295E0
8.818941512E0,-7.685387731E-1,-6.320692301E-1,9.730035782E0,9.780785228E0
8.820941824E0,-7.709329724E-1,-6.296750307E-1,9.734824181E0,9.785582769E0
8.822942293E0,-7.733271718E-1,-6.272808313E-1,9.744400978E0,9.795145051E0
8.824942176E0,-7.709329724E-1,-6.344634295E-1,9.746794701E0,9.797800183E0
8.826942879E0,-7.661445141E-1,-6.344634295E-1,9.749189377E0,9.799806874E0
8.828942528E0,-7.685387731E-1,-6.368576288E-1,9.734824181E0,9.785859253E0
8.830942293E0,-7.685387731E-1,-6.320692301E-1,9.732429504E0,9.783166533E0
8.832942410E0,-7.709329724E-1,-6.272808313E-1,9.739612579E0,9.790192648E0
8.834942254E0,-7.805097699E-1,-6.296750307E-1,9.744400978E0,9.795868342E0
8.836942723E0,-7.805097699E-1,-6.320692301E-1,9.742006302E0,9.793640477E0
8.838944207E0,-7.781155705E-1,-6.272808313E-1,9.744400978E0,9.795524259E0
8.840945106E0,-7.805097699E-1,-6.272808313E-1,9.737217903E0,9.788569315E0
8.842945653E0,-7.781155705E-1,-6.272808313E-1,9.734824181E0,9.785997492E0
8.844944832E0,-7.709329724E-1,-6.296750307E-1,9.734824181E0,9.785582769E0
8.846946004E0,-7.685387731E-1,-6.248866320E-1,9.739612579E0,9.789851293E0
8.848947606E0,-7.637503147E-1,-6.224924326E-1,9.744400978E0,9.794088104E0
8.850948738E0,-7.685387731E-1,-6.200982332E-1,9.730035782E0,9.780018915E0
8.852949832E0,-7.709329724E-1,-6.248866320E-1,9.737217903E0,9.787657199E0
8.854949793E0,-7.709329724E-1,-6.105214357E-1,9.739612579E0,9.789133121E0
8.856949793E0,-7.685387731E-1,-6.105214357E-1,9.734824181E0,9.784180604E0
8.858949481E0,-7.733271718E-1,-6.200982332E-1,9.725247383E0,9.775632634E0
8.860949363E0,-7.613561153E-1,-6.296750307E-1,9.722852707E0,9.772922722E0
8.862949598E0,-7.613561153E-1,-6.344634295E-1,9.742006302E0,9.792287463E0
8.864949715E0,-7.613561153E-1,-6.344634295E-1,9.742006302E0,9.792287463E0
8.866949910E0,-7.589619160E-1,-6.344634295E-1,9.739612579E0,9.789720130E0
8.868949676E0,-7.709329724E-1,-6.392518282E-1,9.744400978E0,9.795730242E0
8.870949988E0,-7.661445141E-1,-6.344634295E-1,9.739612579E0,9.790279590E0
8.872950965E0,-7.637503147E-1,-6.224924326E-1,9.739612579E0,9.789324010E0
8.874952098E0,-7.637503147E-1,-6.320692301E-1,9.737217903E0,9.787555290E0
8.876953192E0,-7.685387731E-1,-6.248866320E-1,9.744400978E0,9.794615131E0
8.878953778E0,-7.709329724E-1,-6.344634295E-1,9.732429504E0,9.783509879E0
8.880954598E0,-7.709329724E-1,-6.248866320E-1,9.732429504E0,9.782893489E0
8.882955418E0,-7.637503147E-1,-6.272808313E-1,9.722852707E0,9.772955569E0
8.884956317E0,-7.685387731E-1,-6.272808313E-1,9.722852707E0,9.773330949E0
8.886957137E0,-7.637503147E-1,-6.248866320E-1,9.732429504E0,9.782330086E0
8.888958153E0,-7.637503147E-1,-6.224924326E-1,9.742006302E0,9.791705580E0
8.890959207E0,-7.685387731E-1,-6.368576288E-1,9.722852707E0,9.773950289E0
8.892960887E0,-7.613561153E-1,-6.392518282E-1,9.725247383E0,9.775926692E0
8.894962176E0,-7.637503147E-1,-6.416460276E-1,9.737217903E0,9.788178414E0
8.896964285E0,-7.637503147E-1,-6.392518282E-1,9.744400978E0,9.795167577E0
8.898965809E0,-7.589619160E-1,-6.320692301E-1,9.737217903E0,9.787182802E0
8.900966942E0,-7.565677166E-1,-6.296750307E-1,9.732429504E0,9.782078992E0
8.902968778E0,-7.589619160E-1,-6.272808313E-1,9.730035782E0,9.779729073E0
8.904970926E0,-7.613561153E-1,-6.296750307E-1,9.739612579E0,9.789596875E0
8.906971707E0,-7.757213712E-1,-6.296750307E-1,9.734824181E0,9.785961175E0
8.908972762E0,-7.733271718E-1,-6.296750307E-1,9.737217903E0,9.788152944E0
8.910973699E0,-7.685387731E-1,-6.320692301E-1,9.737217903E0,9.787930111E0
8.912975301E0,-7.613561153E-1,-6.320692301E-1,9.744400978E0,9.794515050E0
8.914976668E0,-7.589619160E-1,-6.272808313E-1,9.727641106E0,9.777346568E0
8.916978113E0,-7.637503147E-1,-6.224924326E-1,9.730035782E0,9.779795892E0
8.918979754E0,-7.685387731E-1,-6.248866320E-1,9.737217903E0,9.787468909E0
8.920979363E0,-7.709329724E-1,-6.296750307E-1,9.737217903E0,9.787964078E0
8.922980457E0,-7.661445141E-1,-6.320692301E-1,9.739612579E0,9.790124725E0
8.924981473E0,-7.685387731E-1,-6.248866320E-1,9.739612579E0,9.789851293E0
8.926982879E0,-7.661445141E-1,-6.272808313E-1,9.744400978E0,9.794580597E0
8.928983465E0,-7.661445141E-1,-6.224924326E-1,9.744400978E0,9.794275097E0
8.930984481E0,-7.613561153E-1,-6.224924326E-1,9.742006302E0,9.791519124E0
8.932984129E0,-7.613561153E-1,-6.248866320E-1,9.749189377E0,9.798818293E0
8.934984598E0,-7.589619160E-1,-6.296750307E-1,9.742006302E0,9.791792513E0
8.936985340E0,-7.709329724E-1,-6.320692301E-1,9.734824181E0,9.785737120E0
8.938986512E0,-7.685387731E-1,-6.296750307E-1,9.732429504E0,9.783012141E0
8.940986434E0,-7.733271718E-1,-6.224924326E-1,9.734824181E0,9.785312135E0
8.942986238E0,-7.781155705E-1,-6.224924326E-1,9.742006302E0,9.792836538E0
8.944986082E0,-7.781155705E-1,-6.224924326E-1,9.739612579E0,9.790455243E0
8.946984832E0,-7.685387731E-1,-6.224924326E-1,9.742006302E0,9.792080242E0
8.948983817E0,-7.661445141E-1,-6.200982332E-1,9.739612579E0,9.789359143E0
8.950983778E0,-7.661445141E-1,-6.272808313E-1,9.730035782E0,9.780289105E0
8.952983934E0,-7.637503147E-1,-6.320692301E-1,9.734824181E0,9.785173881E0
8.954984090E0,-7.709329724E-1,-6.296750307E-1,9.739612579E0,9.790346342E0
8.956984403E0,-7.757213712E-1,-6.320692301E-1,9.734824181E0,9.786115521E0
8.958984442E0,-7.637503147E-1,-6.248866320E-1,9.737217903E0,9.787094070E0
8.960983543E0,-7.661445141E-1,-6.248866320E-1,9.730035782E0,9.780135839E0
8.962983895E0,-7.637503147E-1,-6.248866320E-1,9.727641106E0,9.777566125E0
8.964984246E0,-7.661445141E-1,-6.416460276E-1,9.720458984E0,9.771694321E0
8.966983778E0,-7.637503147E-1,-6.440402865E-1,9.730035782E0,9.781191070E0
8.968984168E0,-7.613561153E-1,-6.368576288E-1,9.725247383E0,9.775770427E0
8.970984754E0,-7.637503147E-1,-6.368576288E-1,9.727641106E0,9.778338492E0
8.972984949E0,-7.685387731E-1,-6.320692301E-1,9.734824181E0,9.785548793E0
8.974984168E0,-7.637503147E-1,-6.320692301E-1,9.737217903E0,9.787555290E0
8.976983621E0,-7.589619160E-1,-6.320692301E-1,9.753977776E0,9.803857259E0
8.978983660E0,-7.613561153E-1,-6.224924326E-1,9.746794701E0,9.796283321E0
8.980983270E0,-7.661445141E-1,-6.177040339E-1,9.739612579E0,9.789207776E0
8.982983348E0,-7.661445141E-1,-6.153098345E-1,9.734824181E0,9.784292792E0
8.984983270E0,-7.637503147E-1,-6.248866320E-1,9.732429504E0,9.782330086E0
8.986983778E0,-7.709329724E-1,-6.224924326E-1,9.727641106E0,9.777977089E0
8.988983582E0,-7.613561153E-1,-6.200982332E-1,9.734824181E0,9.784221317E0
8.990984637E0,-7.637503147E-1,-6.200982332E-1,9.734824181E0,9.784407912E0
8.992985496E0,-7.637503147E-1,-6.224924326E-1,9.732429504E0,9.782177438E0
8.994986981E0,-7.661445141E-1,-6.200982332E-1,9.742006302E0,9.791740704E0
8.996988660E0,-7.709329724E-1,-6.200982332E-1,9.744400978E0,9.794498961E0
8.998990535E0,-7.685387731E-1,-6.248866320E-1,9.749189377E0,9.799378993E0
9.000992879E0,-7.661445141E-1,-6.224924326E-1,9.742006302E0,9.791892617E0
9.002994637E0,-7.757213712E-1,-6.272808313E-1,9.734824181E0,9.785807412E0
9.004995926E0,-7.637503147E-1,-6.248866320E-1,9.732429504E0,9.782330086E0
9.006997723E0,-7.613561153E-1,-6.248866320E-1,9.746794701E0,9.796435748E0
9.008999559E0,-7.685387731E-1,-6.272808313E-1,9.742006302E0,9.792385811E0
9.011000574E0,-7.757213712E-1,-6.272808313E-1,9.753977776E0,9.804861413E0
9.013001512E0,-7.829039693E-1,-6.224924326E-1,9.751583099E0,9.802744942E0
9.015002020E0,-7.805097699E-1,-6.248866320E-1,9.753977776E0,9.805088539E0
9.017002840E0,-7.661445141E-1,-6.224924326E-1,9.737217903E0,9.787128626E0
9.019004793E0,-7.685387731E-1,-6.344634295E-1,9.730035782E0,9.780940241E0
9.021006746E0,-7.661445141E-1,-6.296750307E-1,9.727641106E0,9.778060623E0
9.023009090E0,-7.637503147E-1,-6.368576288E-1,9.725247383E0,9.775957183E0
9.025010653E0,-7.709329724E-1,-6.416460276E-1,9.732429504E0,9.783978298E0
9.027012645E0,-7.685387731E-1,-6.368576288E-1,9.744400978E0,9.795386154E0
9.029013699E0,-7.661445141E-1,-6.320692301E-1,9.737217903E0,9.787742407E0
9.031014207E0,-7.709329724E-1,-6.320692301E-1,9.737217903E0,9.788118392E0
9.033014949E0,-7.637503147E-1,-6.392518282E-1,9.720458984E0,9.771349974E0
9.035015496E0,-7.589619160E-1,-6.296750307E-1,9.725247383E0,9.775118951E0
9.037016238E0,-7.589619160E-1,-6.392518282E-1,9.744400978E0,9.794795379E0
9.039016981E0,-7.637503147E-1,-6.392518282E-1,9.734824181E0,9.785640463E0
9.041017567E0,-7.589619160E-1,-6.296750307E-1,9.737217903E0,9.787028473E0
9.043020535E0,-7.661445141E-1,-6.296750307E-1,9.734824181E0,9.785206686E0
9.045022684E0,-7.613561153E-1,-6.320692301E-1,9.732429504E0,9.782604904E0
9.047024637E0,-7.613561153E-1,-6.248866320E-1,9.739612579E0,9.789290047E0
9.049026395E0,-7.709329724E-1,-6.320692301E-1,9.734824181E0,9.785737120E0
9.051028270E0,-7.685387731E-1,-6.368576288E-1,9.730035782E0,9.781095838E0
9.053030770E0,-7.757213712E-1,-6.272808313E-1,9.727641106E0,9.778661788E0
9.055032449E0,-7.613561153E-1,-6.296750307E-1,9.725247383E0,9.775305133E0
9.057033778E0,-7.589619160E-1,-6.248866320E-1,9.727641106E0,9.777193256E0
9.059034637E0,-7.613561153E-1,-6.248866320E-1,9.739612579E0,9.789290047E0
9.061034910E0,-7.637503147E-1,-6.224924326E-1,9.744400978E0,9.794088104E0
9.063035028E0,-7.661445141E-1,-6.224924326E-1,9.739612579E0,9.789511093E0
9.065035262E0,-7.709329724E-1,-6.272808313E-1,9.737217903E0,9.787810347E0
9.067036160E0,-7.733271718E-1,-6.368576288E-1,9.725247383E0,9.776710041E0
9.069037528E0,-7.733271718E-1,-6.440402865E-1,9.730035782E0,9.781943525E0
9.071037645E0,-7.661445141E-1,-6.320692301E-1,9.725247383E0,9.775833754E0
9.073038621E0,-7.613561153E-1,-6.272808313E-1,9.730035782E0,9.779915168E0
9.075039559E0,-7.613561153E-1,-6.272808313E-1,9.734824181E0,9.784679157E0
9.077040965E0,-7.613561153E-1,-6.248866320E-1,9.737217903E0,9.786907526E0
9.079042215E0,-7.613561153E-1,-6.272808313E-1,9.734824181E0,9.784679157E0
9.081042996E0,-7.685387731E-1,-6.248866320E-1,9.746794701E0,9.796996585E0
9.083043699E0,-7.709329724E-1,-6.224924326E-1,9.737217903E0,9.787504634E0
9.085045340E0,-7.661445141E-1,-6.224924326E-1,9.727641106E0,9.777600714E0
9.087045887E0,-7.685387731E-1,-6.248866320E-1,9.725247383E0,9.775559923E0
9.089046668E0,-7.709329724E-1,-6.344634295E-1,9.734824181E0,9.785892055E0
9.091046785E0,-7.709329724E-1,-6.320692301E-1,9.742006302E0,9.792881902E0
9.093047332E0,-7.661445141E-1,-6.392518282E-1,9.737217903E0,9.788208866E0
9.095047879E0,-7.637503147E-1,-6.368576288E-1,9.734824181E0,9.785484352E0
9.097048348E0,-7.685387731E-1,-6.368576288E-1,9.734824181E0,9.785859253E0
9.099048738E0,-7.637503147E-1,-6.224924326E-1,9.722852707E0,9.772649392E0
9.101049598E0,-7.661445141E-1,-6.272808313E-1,9.715670586E0,9.765997829E0
9.103050926E0,-7.613561153E-1,-6.296750307E-1,9.730035782E0,9.780069023E0
9.105051785E0,-7.709329724E-1,-6.296750307E-1,9.730035782E0,9.780819220E0
9.107052957E0,-7.757213712E-1,-6.200982332E-1,9.720458984E0,9.771058711E0
9.109053778E0,-7.709329724E-1,-6.368576288E-1,9.732429504E0,9.783665435E0
9.111055809E0,-7.685387731E-1,-6.344634295E-1,9.739612579E0,9.790467245E0
9.113056863E0,-7.685387731E-1,-6.320692301E-1,9.732429504E0,9.783166533E0
9.115057840E0,-7.613561153E-1,-6.296750307E-1,9.737217903E0,9.787214429E0
9.117058074E0,-7.637503147E-1,-6.272808313E-1,9.749189377E0,9.799157581E0
9.119058426E0,-7.613561153E-1,-6.200982332E-1,9.756371498E0,9.805660088E0
9.121058738E0,-7.613561153E-1,-6.248866320E-1,9.732429504E0,9.782143451E0
9.123059363E0,-7.637503147E-1,-6.248866320E-1,9.744400978E0,9.794240566E0
9.125059988E0,-7.661445141E-1,-6.272808313E-1,9.749189377E0,9.799344476E0
9.127060184E0,-7.589619160E-1,-6.344634295E-1,9.737217903E0,9.787337714E0
9.129061356E0,-7.613561153E-1,-6.368576288E-1,9.732429504E0,9.782915457E0
9.131062137E0,-7.661445141E-1,-6.344634295E-1,9.742006302E0,9.792660928E0
9.133063113E0,-7.685387731E-1,-6.296750307E-1,9.744400978E0,9.794921792E0
9.135062957E0,-7.661445141E-1,-6.224924326E-1,9.739612579E0,9.789511093E0
9.137063660E0,-7.637503147E-1,-6.129156351E-1,9.732429504E0,9.781572684E0
9.139063973E0,-7.517793179E-1,-6.129156351E-1,9.725247383E0,9.773498574E0
9.141063895E0,-7.517793179E-1,-6.129156351E-1,9.727641106E0,9.775880482E0
9.143065184E0,-7.589619160E-1,-6.153098345E-1,9.737217903E0,9.786114749E0
9.145065574E0,-7.661445141E-1,-6.248866320E-1,9.749189377E0,9.799191509E0
9.147067137E0,-7.637503147E-1,-6.320692301E-1,9.734824181E0,9.785173881E0
9.149067332E0,-7.685387731E-1,-6.296750307E-1,9.727641106E0,9.778248512E0
9.151067567E0,-7.613561153E-1,-6.248866320E-1,9.725247383E0,9.774997857E0
9.153068465E0,-7.613561153E-1,-6.272808313E-1,9.720458984E0,9.770387262E0
9.155068934E0,-7.733271718E-1,-6.248866320E-1,9.730035782E0,9.780701127E0
9.157068582E0,-7.733271718E-1,-6.272808313E-1,9.727641106E0,9.778472152E0
9.159068895E0,-7.685387731E-1,-6.320692301E-1,9.739612579E0,9.790312383E0
9.161069520E0,-7.589619160E-1,-6.392518282E-1,9.749189377E0,9.799559153E0
9.163070028E0,-7.589619160E-1,-6.272808313E-1,9.749189377E0,9.798785534E0
9.165071160E0,-7.637503147E-1,-6.296750307E-1,9.751583099E0,9.801692616E0
9.167071785E0,-7.685387731E-1,-6.344634295E-1,9.737217903E0,9.788085011E0
9.169071278E0,-7.661445141E-1,-6.296750307E-1,9.734824181E0,9.785206686E0
9.171071707E0,-7.661445141E-1,-6.272808313E-1,9.739612579E0,9.789816743E0
9.173072449E0,-7.709329724E-1,-6.248866320E-1,9.749189377E0,9.799567055E0
9.175073348E0,-7.637503147E-1,-6.248866320E-1,9.739612579E0,9.789476546E0
9.177074520E0,-7.613561153E-1,-6.296750307E-1,9.737217903E0,9.787214429E0
9.179074090E0,-7.757213712E-1,-6.272808313E-1,9.734824181E0,9.785807412E0
9.181074871E0,-7.709329724E-1,-6.320692301E-1,9.727641106E0,9.778591445E0
9.183076278E0,-7.709329724E-1,-6.248866320E-1,9.727641106E0,9.778129802E0
9.185076863E0,-7.781155705E-1,-6.248866320E-1,9.737217903E0,9.788225561E0
9.187076590E0,-7.685387731E-1,-6.296750307E-1,9.739612579E0,9.790158103E0
9.189077332E0,-7.637503147E-1,-6.320692301E-1,9.742006302E0,9.792319074E0
9.191077762E0,-7.613561153E-1,-6.368576288E-1,9.737217903E0,9.787679156E0
9.193078543E0,-7.661445141E-1,-6.368576288E-1,9.725247383E0,9.776144522E0
9.195078699E0,-7.661445141E-1,-6.392518282E-1,9.730035782E0,9.781064187E0
9.197078778E0,-7.637503147E-1,-6.296750307E-1,9.734824181E0,9.785019520E0
9.199078934E0,-7.565677166E-1,-6.272808313E-1,9.730035782E0,9.779543561E0
9.201079559E0,-7.613561153E-1,-6.296750307E-1,9.737217903E0,9.787214429E0
9.203080379E0,-7.613561153E-1,-6.368576288E-1,9.739612579E0,9.790061490E0
9.205081551E0,-7.541735172E-1,-6.368576288E-1,9.730035782E0,9.779977589E0
9.207081903E0,-7.589619160E-1,-6.296750307E-1,9.734824181E0,9.784646936E0
9.209083113E0,-7.589619160E-1,-6.248866320E-1,9.732429504E0,9.781957399E0
9.211084207E0,-7.637503147E-1,-6.248866320E-1,9.725247383E0,9.775184628E0
9.213085457E0,-7.613561153E-1,-6.296750307E-1,9.727641106E0,9.777686601E0
9.215086473E0,-7.565677166E-1,-6.272808313E-1,9.722852707E0,9.772396876E0
9.217086903E0,-7.637503147E-1,-6.224924326E-1,9.737217903E0,9.786941497E0
9.219088113E0,-7.757213712E-1,-6.224924326E-1,9.737217903E0,9.787882967E0
9.221088426E0,-7.757213712E-1,-6.272808313E-1,9.734824181E0,9.785807412E0
9.223089442E0,-7.613561153E-1,-6.320692301E-1,9.734824181E0,9.784987301E0
9.225089285E0,-7.541735172E-1,-6.320692301E-1,9.732429504E0,9.782048521E0
9.227090106E0,-7.685387731E-1,-6.320692301E-1,9.722852707E0,9.773639451E0
9.229091512E0,-7.757213712E-1,-6.392518282E-1,9.715670586E0,9.767529958E0
9.231091473E0,-7.565677166E-1,-6.368576288E-1,9.718064308E0,9.768252466E0
9.233091746E0,-7.565677166E-1,-6.344634295E-1,9.722852707E0,9.772860549E0
9.235091903E0,-7.661445141E-1,-6.320692301E-1,9.720458984E0,9.771070146E0
9.237092957E0,-7.613561153E-1,-6.320692301E-1,9.715670586E0,9.765932089E0
9.239094207E0,-7.733271718E-1,-6.272808313E-1,9.727641106E0,9.778472152E0
9.241094832E0,-7.613561153E-1,-6.248866320E-1,9.742006302E0,9.791671626E0
9.243095028E0,-7.589619160E-1,-6.272808313E-1,9.756371498E0,9.805931330E0
9.245095731E0,-7.685387731E-1,-6.368576288E-1,9.734824181E0,9.785859253E0
9.247095457E0,-7.733271718E-1,-6.344634295E-1,9.727641106E0,9.778935537E0
9.249095653E0,-7.709329724E-1,-6.368576288E-1,9.739612579E0,9.790810921E0
9.251094676E0,-7.685387731E-1,-6.320692301E-1,9.727641106E0,9.778402980E0
9.253093621E0,-7.661445141E-1,-6.320692301E-1,9.725247383E0,9.775833754E0
9.255093895E0,-7.685387731E-1,-6.344634295E-1,9.742006302E0,9.792848537E0
9.257094012E0,-7.709329724E-1,-6.296750307E-1,9.734824181E0,9.785582769E0
9.259093817E0,-7.661445141E-1,-6.248866320E-1,9.727641106E0,9.777753433E0
9.261093270E0,-7.589619160E-1,-6.248866320E-1,9.732429504E0,9.781957399E0
9.263092449E0,-7.637503147E-1,-6.272808313E-1,9.737217903E0,9.787247227E0
9.265092684E0,-7.685387731E-1,-6.248866320E-1,9.739612579E0,9.789851293E0
9.267093348E0,-7.733271718E-1,-6.248866320E-1,9.737217903E0,9.787846071E0
9.269093309E0,-7.733271718E-1,-6.272808313E-1,9.732429504E0,9.783235672E0
9.271092332E0,-7.685387731E-1,-6.224924326E-1,9.722852707E0,9.773024784E0
9.273092059E0,-7.757213712E-1,-6.224924326E-1,9.734824181E0,9.785501638E0
9.275092645E0,-7.709329724E-1,-6.272808313E-1,9.746794701E0,9.797337691E0
9.277094129E0,-7.733271718E-1,-6.296750307E-1,9.734824181E0,9.785771681E0
9.279094520E0,-7.637503147E-1,-6.272808313E-1,9.734824181E0,9.784865743E0
9.281094598E0,-7.685387731E-1,-6.320692301E-1,9.739612579E0,9.790312383E0
9.283095067E0,-7.661445141E-1,-6.392518282E-1,9.737217903E0,9.788208866E0
9.285095184E0,-7.661445141E-1,-6.344634295E-1,9.730035782E0,9.780752403E0
9.287096121E0,-7.709329724E-1,-6.296750307E-1,9.727641106E0,9.778436980E0
9.289096317E0,-7.685387731E-1,-6.320692301E-1,9.732429504E0,9.783166533E0
9.291096317E0,-7.661445141E-1,-6.344634295E-1,9.737217903E0,9.787897310E0
9.293098074E0,-7.637503147E-1,-6.344634295E-1,9.730035782E0,9.780565153E0
9.295099285E0,-7.613561153E-1,-6.272808313E-1,9.739612579E0,9.789443170E0
9.297099403E0,-7.685387731E-1,-6.224924326E-1,9.739612579E0,9.789698763E0
9.299100692E0,-7.733271718E-1,-6.177040339E-1,9.737217903E0,9.787390136E0
9.301101395E0,-7.661445141E-1,-6.200982332E-1,9.732429504E0,9.782212597E0
9.303102059E0,-7.685387731E-1,-6.248866320E-1,9.730035782E0,9.780323689E0
9.305103074E0,-7.685387731E-1,-6.344634295E-1,9.720458984E0,9.771413335E0
9.307103660E0,-7.733271718E-1,-6.224924326E-1,9.725247383E0,9.775784797E0
9.309104285E0,-7.757213712E-1,-6.248866320E-1,9.730035782E0,9.780890719E0
9.311105028E0,-7.661445141E-1,-6.368576288E-1,9.727641106E0,9.778525785E0
9.313106551E0,-7.613561153E-1,-6.296750307E-1,9.739612579E0,9.789596875E0
9.315108035E0,-7.733271718E-1,-6.296750307E-1,9.739612579E0,9.790535162E0
9.317110184E0,-7.757213712E-1,-6.296750307E-1,9.744400978E0,9.795487977E0
9.319111121E0,-7.757213712E-1,-6.224924326E-1,9.742006302E0,9.792646591E0
9.321111746E0,-7.805097699E-1,-6.248866320E-1,9.746794701E0,9.797942934E0
9.323112801E0,-7.733271718E-1,-6.272808313E-1,9.749189377E0,9.799908656E0
9.325112723E0,-7.757213712E-1,-6.224924326E-1,9.749189377E0,9.799792548E0
9.327113856E0,-7.781155705E-1,-6.177040339E-1,9.730035782E0,9.780624644E0
9.329114949E0,-7.757213712E-1,-6.129156351E-1,9.734824181E0,9.784897089E0
9.331115106E0,-7.757213712E-1,-6.105214357E-1,9.734824181E0,9.784747411E0
9.333115184E0,-7.733271718E-1,-6.177040339E-1,9.739612579E0,9.789772540E0
9.335115067E0,-7.757213712E-1,-6.272808313E-1,9.744400978E0,9.795334364E0
9.337115340E0,-7.733271718E-1,-6.272808313E-1,9.746794701E0,9.797526376E0
9.339114949E0,-7.637503147E-1,-6.368576288E-1,9.732429504E0,9.783102077E0
9.341114676E0,-7.661445141E-1,-6.272808313E-1,9.742006302E0,9.792198193E0
9.343114012E0,-7.661445141E-1,-6.177040339E-1,9.732429504E0,9.782061120E0
9.345114168E0,-7.709329724E-1,-6.224924326E-1,9.718064308E0,9.768449640E0
9.347114598E0,-7.709329724E-1,-6.224924326E-1,9.720458984E0,9.770831968E0
9.349115067E0,-7.685387731E-1,-6.200982332E-1,9.725247383E0,9.775255001E0
9.351115067E0,-7.685387731E-1,-6.200982332E-1,9.734824181E0,9.784782854E0
9.353115887E0,-7.685387731E-1,-6.272808313E-1,9.732429504E0,9.782858332E0
9.355117723E0,-7.757213712E-1,-6.248866320E-1,9.727641106E0,9.778508497E0
9.357119090E0,-7.709329724E-1,-6.248866320E-1,9.730035782E0,9.780512117E0
9.359119246E0,-7.685387731E-1,-6.248866320E-1,9.742006302E0,9.792232735E0
9.361120340E0,-7.685387731E-1,-6.368576288E-1,9.730035782E0,9.781095838E0
9.363121238E0,-7.613561153E-1,-6.392518282E-1,9.720458984E0,9.771163129E0
9.365122840E0,-7.661445141E-1,-6.368576288E-1,9.720458984E0,9.771381065E0
9.367123934E0,-7.637503147E-1,-6.392518282E-1,9.732429504E0,9.783258225E0
9.369125340E0,-7.661445141E-1,-6.368576288E-1,9.727641106E0,9.778525785E0
9.371126356E0,-7.637503147E-1,-6.296750307E-1,9.725247383E0,9.775491898E0
9.373127801E0,-7.637503147E-1,-6.272808313E-1,9.734824181E0,9.784865743E0
9.375128973E0,-7.661445141E-1,-6.344634295E-1,9.734824181E0,9.785515985E0
9.377130653E0,-7.661445141E-1,-6.344634295E-1,9.727641106E0,9.778370147E0
9.379131668E0,-7.661445141E-1,-6.296750307E-1,9.730035782E0,9.780442954E0
9.381132762E0,-7.637503147E-1,-6.248866320E-1,9.737217903E0,9.787094070E0
9.383134715E0,-7.565677166E-1,-6.368576288E-1,9.725247383E0,9.775398663E0
9.385136903E0,-7.589619160E-1,-6.368576288E-1,9.732429504E0,9.782729419E0
9.387136863E0,-7.709329724E-1,-6.272808313E-1,9.737217903E0,9.787810347E0
9.389138387E0,-7.757213712E-1,-6.344634295E-1,9.734824181E0,9.786270450E0
9.391139129E0,-7.757213712E-1,-6.344634295E-1,9.739612579E0,9.791033688E0
9.393140692E0,-7.733271718E-1,-6.296750307E-1,9.734824181E0,9.785771681E0
9.395141863E0,-7.757213712E-1,-6.296750307E-1,9.746794701E0,9.797869219E0
9.397142840E0,-7.709329724E-1,-6.344634295E-1,9.742006302E0,9.793036724E0
9.399143660E0,-7.685387731E-1,-6.320692301E-1,9.739612579E0,9.790312383E0
9.401143192E0,-7.661445141E-1,-6.272808313E-1,9.742006302E0,9.792198193E0
9.403143192E0,-7.565677166E-1,-6.248866320E-1,9.739612579E0,9.788918797E0
9.405144012E0,-7.637503147E-1,-6.320692301E-1,9.746794701E0,9.797082882E0
9.407143817E0,-7.661445141E-1,-6.296750307E-1,9.732429504E0,9.782824343E0
9.409144520E0,-7.661445141E-1,-6.177040339E-1,9.732429504E0,9.782061120E0
9.411145106E0,-7.661445141E-1,-6.153098345E-1,9.737217903E0,9.786674415E0
9.413145731E0,-7.661445141E-1,-6.200982332E-1,9.737217903E0,9.786976639E0
9.415146824E0,-7.637503147E-1,-6.224924326E-1,9.744400978E0,9.794088104E0
9.417147645E0,-7.709329724E-1,-6.224924326E-1,9.737217903E0,9.787504634E0
9.419148543E0,-7.661445141E-1,-6.272808313E-1,9.734824181E0,9.785052912E0
9.421149520E0,-7.637503147E-1,-6.272808313E-1,9.727641106E0,9.777719431E0
9.423150067E0,-7.661445141E-1,-6.320692301E-1,9.722852707E0,9.773451473E0
9.425150809E0,-7.709329724E-1,-6.272808313E-1,9.727641106E0,9.778283099E0
9.427150887E0,-7.661445141E-1,-6.296750307E-1,9.732429504E0,9.782824343E0
9.429150809E0,-7.661445141E-1,-6.320692301E-1,9.732429504E0,9.782978738E0
9.431150770E0,-7.589619160E-1,-6.320692301E-1,9.732429504E0,9.782418860E0
9.433150613E0,-7.637503147E-1,-6.248866320E-1,9.734824181E0,9.784712549E0
9.435150848E0,-7.613561153E-1,-6.224924326E-1,9.725247383E0,9.774845095E0
9.437151668E0,-7.661445141E-1,-6.177040339E-1,9.737217903E0,9.786825235E0
9.439151707E0,-7.661445141E-1,-6.224924326E-1,9.730035782E0,9.779983158E0
9.441152488E0,-7.685387731E-1,-6.272808313E-1,9.725247383E0,9.775713260E0
9.443153192E0,-7.709329724E-1,-6.224924326E-1,9.732429504E0,9.782740850E0
9.445154168E0,-7.685387731E-1,-6.272808313E-1,9.739612579E0,9.790004407E0
9.447155613E0,-7.757213712E-1,-6.296750307E-1,9.737217903E0,9.788342392E0
9.449156707E0,-7.757213712E-1,-6.320692301E-1,9.734824181E0,9.786115521E0
9.451159090E0,-7.805097699E-1,-6.200982332E-1,9.730035782E0,9.780966907E0
9.453160223E0,-7.709329724E-1,-6.296750307E-1,9.734824181E0,9.785582769E0
9.455160223E0,-7.709329724E-1,-6.224924326E-1,9.756371498E0,9.806560013E0
9.457159207E0,-7.733271718E-1,-6.200982332E-1,9.742006302E0,9.792305322E0
9.459159910E0,-7.661445141E-1,-6.177040339E-1,9.730035782E0,9.779679545E0
9.461160457E0,-7.661445141E-1,-6.200982332E-1,9.725247383E0,9.775067053E0
9.463159871E0,-7.661445141E-1,-6.200982332E-1,9.742006302E0,9.791740704E0
9.465158113E0,-7.709329724E-1,-6.200982332E-1,9.732429504E0,9.782588795E0
9.467157567E0,-7.637503147E-1,-6.153098345E-1,9.739612579E0,9.788869901E0
9.469157059E0,-7.733271718E-1,-6.296750307E-1,9.737217903E0,9.788152944E0
9.471156903E0,-7.757213712E-1,-6.248866320E-1,9.727641106E0,9.778508497E0
9.473157176E0,-7.733271718E-1,-6.248866320E-1,9.732429504E0,9.783082453E0
9.475156785E0,-7.661445141E-1,-6.344634295E-1,9.734824181E0,9.785515985E0
9.477156434E0,-7.661445141E-1,-6.320692301E-1,9.725247383E0,9.775833754E0
9.479156668E0,-7.637503147E-1,-6.320692301E-1,9.727641106E0,9.778027794E0
9.481157879E0,-7.637503147E-1,-6.320692301E-1,9.742006302E0,9.792319074E0
9.483157762E0,-7.733271718E-1,-6.296750307E-1,9.734824181E0,9.785771681E0
9.485158074E0,-7.685387731E-1,-6.248866320E-1,9.725247383E0,9.775559923E0
9.487158817E0,-7.589619160E-1,-6.272808313E-1,9.732429504E0,9.782110636E0
9.489160145E0,-7.613561153E-1,-6.248866320E-1,9.725247383E0,9.774997857E0
9.491160535E0,-7.637503147E-1,-6.200982332E-1,9.730035782E0,9.779643791E0
9.493161160E0,-7.637503147E-1,-6.248866320E-1,9.734824181E0,9.784712549E0
9.495160809E0,-7.637503147E-1,-6.224924326E-1,9.737217903E0,9.786941497E0
9.497160731E0,-7.613561153E-1,-6.272808313E-1,9.737217903E0,9.787060686E0
9.499161043E0,-7.637503147E-1,-6.272808313E-1,9.730035782E0,9.780101845E0
9.501161473E0,-7.661445141E-1,-6.272808313E-1,9.737217903E0,9.787434350E0
9.503161863E0,-7.733271718E-1,-6.344634295E-1,9.744400978E0,9.795607647E0
9.505162215E0,-7.757213712E-1,-6.344634295E-1,9.739612579E0,9.791033688E0
9.507161824E0,-7.781155705E-1,-6.296750307E-1,9.730035782E0,9.781387979E0
9.509161317E0,-7.757213712E-1,-6.320692301E-1,9.732429504E0,9.783733399E0
9.511161082E0,-7.613561153E-1,-6.177040339E-1,9.734824181E0,9.784069871E0
9.513161668E0,-7.637503147E-1,-6.320692301E-1,9.737217903E0,9.787555290E0
9.515162332E0,-7.589619160E-1,-6.200982332E-1,9.749189377E0,9.798328353E0
9.517163035E0,-7.589619160E-1,-6.272808313E-1,9.739612579E0,9.789257256E0
9.519163231E0,-7.709329724E-1,-6.248866320E-1,9.739612579E0,9.790039538E0
9.521163738E0,-7.685387731E-1,-6.224924326E-1,9.730035782E0,9.780171010E0
9.523164793E0,-7.661445141E-1,-6.224924326E-1,9.732429504E0,9.782364658E0
9.525165379E0,-7.661445141E-1,-6.296750307E-1,9.722852707E0,9.773296927E0
9.527166004E0,-7.733271718E-1,-6.224924326E-1,9.725247383E0,9.775784797E0
9.529166395E0,-7.733271718E-1,-6.272808313E-1,9.734824181E0,9.785617915E0
9.531166629E0,-7.709329724E-1,-6.272808313E-1,9.730035782E0,9.780665376E0
9.533166395E0,-7.613561153E-1,-6.272808313E-1,9.722852707E0,9.772768755E0
9.535167488E0,-7.661445141E-1,-6.344634295E-1,9.725247383E0,9.775988846E0
9.537167606E0,-7.661445141E-1,-6.392518282E-1,9.725247383E0,9.776300782E0
9.539168231E0,-7.637503147E-1,-6.296750307E-1,9.730035782E0,9.780255697E0
9.541168348E0,-7.709329724E-1,-6.296750307E-1,9.749189377E0,9.799873560E0
9.543168426E0,-7.733271718E-1,-6.272808313E-1,9.749189377E0,9.799908656E0
9.545169090E0,-7.685387731E-1,-6.296750307E-1,9.739612579E0,9.790158103E0
9.547169129E0,-7.637503147E-1,-6.296750307E-1,9.737217903E0,9.787400967E0
9.549169129E0,-7.661445141E-1,-6.296750307E-1,9.732429504E0,9.782824343E0
9.551169285E0,-7.685387731E-1,-6.272808313E-1,9.734824181E0,9.785240667E0
9.553169559E0,-7.709329724E-1,-6.272808313E-1,9.730035782E0,9.780665376E0
9.555169051E0,-7.589619160E-1,-6.224924326E-1,9.722852707E0,9.772276336E0
9.557169715E0,-7.565677166E-1,-6.153098345E-1,9.734824181E0,9.783547553E0
9.559170418E0,-7.589619160E-1,-6.296750307E-1,9.737217903E0,9.787028473E0
9.561170926E0,-7.637503147E-1,-6.344634295E-1,9.739612579E0,9.790092522E0
9.563171317E0,-7.733271718E-1,-6.320692301E-1,9.737217903E0,9.788307255E0
9.565172137E0,-7.661445141E-1,-6.200982332E-1,9.739612579E0,9.789359143E0
9.567173309E0,-7.661445141E-1,-6.200982332E-1,9.744400978E0,9.794123220E0
9.569174168E0,-7.541735172E-1,-6.224924326E-1,9.727641106E0,9.776669985E0
9.571174754E0,-7.565677166E-1,-6.200982332E-1,9.730035782E0,9.779085481E0
9.573175028E0,-7.637503147E-1,-6.248866320E-1,9.727641106E0,9.777566125E0
9.575175926E0,-7.709329724E-1,-6.272808313E-1,9.734824181E0,9.785429000E0
9.577177059E0,-7.685387731E-1,-6.224924326E-1,9.742006302E0,9.792080242E0
9.579178348E0,-7.661445141E-1,-6.248866320E-1,9.727641106E0,9.777753433E0
9.581179012E0,-7.685387731E-1,-6.224924326E-1,9.734824181E0,9.784934875E0
9.583179988E0,-7.685387731E-1,-6.224924326E-1,9.742006302E0,9.792080242E0
9.585181903E0,-7.637503147E-1,-6.200982332E-1,9.737217903E0,9.786789507E0
9.587183699E0,-7.613561153E-1,-6.200982332E-1,9.749189377E0,9.798514094E0
9.589185457E0,-7.661445141E-1,-6.200982332E-1,9.734824181E0,9.784595089E0
9.591186473E0,-7.661445141E-1,-6.344634295E-1,9.732429504E0,9.783133717E0
9.593187996E0,-7.613561153E-1,-6.320692301E-1,9.725247383E0,9.775459647E0
9.595188934E0,-7.613561153E-1,-6.320692301E-1,9.725247383E0,9.775459647E0
9.597189910E0,-7.661445141E-1,-6.248866320E-1,9.737217903E0,9.787281196E0
9.599189871E0,-7.661445141E-1,-6.248866320E-1,9.746794701E0,9.796809055E0
9.601189285E0,-7.637503147E-1,-6.200982332E-1,9.744400978E0,9.793936225E0
9.603189403E0,-7.661445141E-1,-6.296750307E-1,9.739612579E0,9.789970442E0
9.605189403E0,-7.733271718E-1,-6.320692301E-1,9.730035782E0,9.781162648E0
9.607190535E0,-7.685387731E-1,-6.224924326E-1,9.737217903E0,9.787316341E0
9.609190613E0,-7.709329724E-1,-6.296750307E-1,9.744400978E0,9.795109939E0
9.611190770E0,-7.733271718E-1,-6.320692301E-1,9.727641106E0,9.778780492E0
9.613191238E0,-7.637503147E-1,-6.368576288E-1,9.734824181E0,9.785484352E0
9.615191629E0,-7.685387731E-1,-6.272808313E-1,9.737217903E0,9.787622060E0
9.617191981E0,-7.661445141E-1,-6.272808313E-1,9.725247383E0,9.775525322E0
9.619192879E0,-7.637503147E-1,-6.272808313E-1,9.732429504E0,9.782483317E0
9.621192957E0,-7.685387731E-1,-6.344634295E-1,9.734824181E0,9.785703731E0
9.623192762E0,-7.637503147E-1,-6.344634295E-1,9.732429504E0,9.782946511E0
9.625192293E0,-7.709329724E-1,-6.344634295E-1,9.742006302E0,9.793036724E0
9.627192762E0,-7.637503147E-1,-6.248866320E-1,9.737217903E0,9.787094070E0
9.629193153E0,-7.589619160E-1,-6.344634295E-1,9.739612579E0,9.789720130E0
9.631193504E0,-7.613561153E-1,-6.368576288E-1,9.734824181E0,9.785297778E0
9.633193543E0,-7.661445141E-1,-6.296750307E-1,9.742006302E0,9.792351855E0
9.635193778E0,-7.637503147E-1,-6.344634295E-1,9.744400978E0,9.794856242E0
9.637194871E0,-7.661445141E-1,-6.320692301E-1,9.744400978E0,9.794888430E0
9.639195223E0,-7.709329724E-1,-6.296750307E-1,9.739612579E0,9.790346342E0
9.641195574E0,-7.685387731E-1,-6.296750307E-1,9.734824181E0,9.785394439E0
9.643194988E0,-7.757213712E-1,-6.320692301E-1,9.742006302E0,9.793260026E0
9.645195457E0,-7.709329724E-1,-6.320692301E-1,9.734824181E0,9.785737120E0
9.647195653E0,-7.709329724E-1,-6.344634295E-1,9.732429504E0,9.783509879E0
9.649195145E0,-7.661445141E-1,-6.296750307E-1,9.730035782E0,9.780442954E0
9.651194676E0,-7.685387731E-1,-6.320692301E-1,9.730035782E0,9.780785228E0
9.653194285E0,-7.709329724E-1,-6.272808313E-1,9.746794701E0,9.797337691E0
9.655193856E0,-7.709329724E-1,-6.368576288E-1,9.749189377E0,9.800337688E0
9.657193113E0,-7.637503147E-1,-6.368576288E-1,9.749189377E0,9.799775288E0
9.659192449E0,-7.709329724E-1,-6.296750307E-1,9.751583099E0,9.802254906E0
9.661193035E0,-7.709329724E-1,-6.296750307E-1,9.744400978E0,9.795109939E0
9.663193113E0,-7.709329724E-1,-6.272808313E-1,9.742006302E0,9.792574007E0
9.665192098E0,-7.709329724E-1,-6.272808313E-1,9.742006302E0,9.792574007E0
9.667192645E0,-7.709329724E-1,-6.177040339E-1,9.746794701E0,9.796729192E0
9.669193387E0,-7.661445141E-1,-6.248866320E-1,9.746794701E0,9.796809055E0
9.671194324E0,-7.733271718E-1,-6.224924326E-1,9.739612579E0,9.790075839E0
9.673194442E0,-7.661445141E-1,-6.200982332E-1,9.730035782E0,9.779831059E0
9.675195379E0,-7.613561153E-1,-6.224924326E-1,9.734824181E0,9.784373347E0
9.677195184E0,-7.589619160E-1,-6.296750307E-1,9.730035782E0,9.779882931E0
9.679195262E0,-7.565677166E-1,-6.320692301E-1,9.722852707E0,9.772705407E0
9.681194832E0,-7.661445141E-1,-6.248866320E-1,9.749189377E0,9.799191509E0
9.683194832E0,-7.589619160E-1,-6.177040339E-1,9.734824181E0,9.783883855E0
9.685194949E0,-7.589619160E-1,-6.177040339E-1,9.734824181E0,9.783883855E0
9.687195340E0,-7.589619160E-1,-6.320692301E-1,9.730035782E0,9.780037373E0
9.689196512E0,-7.637503147E-1,-6.224924326E-1,9.739612579E0,9.789324010E0
9.691197528E0,-7.661445141E-1,-6.320692301E-1,9.742006302E0,9.792506100E0
9.693198621E0,-7.685387731E-1,-6.368576288E-1,9.746794701E0,9.797767420E0
9.695199324E0,-7.661445141E-1,-6.368576288E-1,9.746794701E0,9.797579905E0
9.697201004E0,-7.661445141E-1,-6.296750307E-1,9.737217903E0,9.787588087E0
9.699201590E0,-7.613561153E-1,-6.296750307E-1,9.730035782E0,9.780069023E0
9.701202684E0,-7.685387731E-1,-6.272808313E-1,9.742006302E0,9.792385811E0
9.703203856E0,-7.661445141E-1,-6.296750307E-1,9.744400978E0,9.794734222E0
9.705205496E0,-7.637503147E-1,-6.153098345E-1,9.737217903E0,9.786487277E0
9.707206473E0,-7.661445141E-1,-6.200982332E-1,9.734824181E0,9.784595089E0
9.709207020E0,-7.733271718E-1,-6.200982332E-1,9.734824181E0,9.785160119E0
9.711208582E0,-7.709329724E-1,-6.248866320E-1,9.742006302E0,9.792420933E0
9.713210613E0,-7.613561153E-1,-6.320692301E-1,9.732429504E0,9.782604904E0
9.715212020E0,-7.685387731E-1,-6.344634295E-1,9.730035782E0,9.780940241E0
9.717212996E0,-7.757213712E-1,-6.200982332E-1,9.730035782E0,9.780585963E0
9.719213465E0,-7.685387731E-1,-6.272808313E-1,9.720458984E0,9.770949593E0
9.721213973E0,-7.709329724E-1,-6.200982332E-1,9.718064308E0,9.768297363E0
9.723215067E0,-7.661445141E-1,-6.200982332E-1,9.744400978E0,9.794123220E0
9.725215418E0,-7.613561153E-1,-6.177040339E-1,9.746794701E0,9.795980214E0
9.727216004E0,-7.589619160E-1,-6.224924326E-1,9.737217903E0,9.786568986E0
9.729216629E0,-7.685387731E-1,-6.248866320E-1,9.739612579E0,9.789851293E0
9.731218192E0,-7.637503147E-1,-6.296750307E-1,9.746794701E0,9.796928709E0
9.733219559E0,-7.637503147E-1,-6.200982332E-1,9.734824181E0,9.784407912E0
9.735220613E0,-7.637503147E-1,-6.177040339E-1,9.732429504E0,9.781873894E0
9.737221356E0,-7.589619160E-1,-6.248866320E-1,9.730035782E0,9.779575799E0
9.739222098E0,-7.661445141E-1,-6.177040339E-1,9.715670586E0,9.765387377E0
9.741222801E0,-7.709329724E-1,-6.129156351E-1,9.720458984E0,9.770226512E0
9.743223934E0,-7.709329724E-1,-6.200982332E-1,9.730035782E0,9.780207349E0
9.745225535E0,-7.709329724E-1,-6.200982332E-1,9.722852707E0,9.773061149E0
9.747227020E0,-7.709329724E-1,-6.272808313E-1,9.734824181E0,9.785429000E0
9.749227957E0,-7.685387731E-1,-6.296750307E-1,9.732429504E0,9.783012141E0
9.751228348E0,-7.637503147E-1,-6.272808313E-1,9.734824181E0,9.784865743E0
9.753227996E0,-7.637503147E-1,-6.344634295E-1,9.746794701E0,9.797237637E0
9.755228153E0,-7.589619160E-1,-6.248866320E-1,9.739612579E0,9.789104131E0
9.757228387E0,-7.589619160E-1,-6.248866320E-1,9.746794701E0,9.796249968E0
9.759228270E0,-7.685387731E-1,-6.272808313E-1,9.742006302E0,9.792385811E0
9.761229012E0,-7.613561153E-1,-6.320692301E-1,9.734824181E0,9.784987301E0
9.763229129E0,-7.637503147E-1,-6.344634295E-1,9.737217903E0,9.787710196E0
9.765229715E0,-7.637503147E-1,-6.296750307E-1,9.734824181E0,9.785019520E0
9.767231199E0,-7.637503147E-1,-6.272808313E-1,9.732429504E0,9.782483317E0
9.769231512E0,-7.613561153E-1,-6.272808313E-1,9.734824181E0,9.784679157E0
9.771231863E0,-7.613561153E-1,-6.320692301E-1,9.730035782E0,9.780223462E0
9.773232801E0,-7.589619160E-1,-6.344634295E-1,9.732429504E0,9.782573848E0
9.775234051E0,-7.613561153E-1,-6.296750307E-1,9.737217903E0,9.787214429E0
9.777234871E0,-7.709329724E-1,-6.320692301E-1,9.737217903E0,9.788118392E0
9.779235418E0,-7.709329724E-1,-6.368576288E-1,9.756371498E0,9.807482353E0
9.781235887E0,-7.661445141E-1,-6.344634295E-1,9.746794701E0,9.797424570E0
9.783237723E0,-7.661445141E-1,-6.320692301E-1,9.742006302E0,9.792506100E0
9.785239363E0,-7.709329724E-1,-6.224924326E-1,9.753977776E0,9.804178544E0
9.787239832E0,-7.661445141E-1,-6.296750307E-1,9.746794701E0,9.797115647E0
9.789240535E0,-7.613561153E-1,-6.296750307E-1,9.737217903E0,9.787214429E0
9.791241473E0,-7.661445141E-1,-6.248866320E-1,9.739612579E0,9.789663626E0
9.793242371E0,-7.733271718E-1,-6.272808313E-1,9.749189377E0,9.799908656E0
9.795242645E0,-7.733271718E-1,-6.320692301E-1,9.753977776E0,9.804979800E0
9.797243426E0,-7.709329724E-1,-6.248866320E-1,9.739612579E0,9.790039538E0
9.799244207E0,-7.733271718E-1,-6.224924326E-1,9.730035782E0,9.780548454E0
9.801245028E0,-7.733271718E-1,-6.272808313E-1,9.722852707E0,9.773708657E0
9.803247488E0,-7.685387731E-1,-6.200982332E-1,9.725247383E0,9.775255001E0
9.805248817E0,-7.637503147E-1,-6.248866320E-1,9.727641106E0,9.777566125E0
9.807249637E0,-7.685387731E-1,-6.224924326E-1,9.725247383E0,9.775407170E0
9.809250535E0,-7.637503147E-1,-6.224924326E-1,9.720458984E0,9.770267869E0
9.811251043E0,-7.637503147E-1,-6.272808313E-1,9.727641106E0,9.777719431E0
9.813251473E0,-7.685387731E-1,-6.320692301E-1,9.718064308E0,9.768875946E0
9.815252137E0,-7.637503147E-1,-6.392518282E-1,9.730035782E0,9.780876942E0
9.817252254E0,-7.733271718E-1,-6.416460276E-1,9.732429504E0,9.784167241E0
9.819252645E0,-7.661445141E-1,-6.344634295E-1,9.742006302E0,9.792660928E0
9.821253504E0,-7.613561153E-1,-6.296750307E-1,9.746794701E0,9.796742352E0
9.823253934E0,-7.637503147E-1,-6.200982332E-1,9.739612579E0,9.789172057E0
9.825255613E0,-7.685387731E-1,-6.392518282E-1,9.737217903E0,9.788396561E0
9.827256551E0,-7.613561153E-1,-6.392518282E-1,9.742006302E0,9.792598880E0
9.829257137E0,-7.565677166E-1,-6.416460276E-1,9.742006302E0,9.792384343E0
9.831258387E0,-7.685387731E-1,-6.392518282E-1,9.737217903E0,9.788396561E0
9.833259324E0,-7.637503147E-1,-6.344634295E-1,9.746794701E0,9.797237637E0
9.835260145E0,-7.661445141E-1,-6.320692301E-1,9.749189377E0,9.799652159E0
9.837260379E0,-7.613561153E-1,-6.344634295E-1,9.749189377E0,9.799433682E0
9.839260653E0,-7.637503147E-1,-6.296750307E-1,9.746794701E0,9.796928709E0
9.841260887E0,-7.637503147E-1,-6.320692301E-1,9.730035782E0,9.780410133E0
9.843261903E0,-7.661445141E-1,-6.296750307E-1,9.732429504E0,9.782824343E0
9.845262371E0,-7.661445141E-1,-6.296750307E-1,9.744400978E0,9.794734222E0
9.847263465E0,-7.637503147E-1,-6.272808313E-1,9.737217903E0,9.787247227E0
9.849264246E0,-7.637503147E-1,-6.344634295E-1,9.749189377E0,9.799619987E0
9.851264481E0,-7.637503147E-1,-6.248866320E-1,9.749189377E0,9.799004610E0
9.853264910E0,-7.661445141E-1,-6.248866320E-1,9.742006302E0,9.792045114E0
9.855266082E0,-7.685387731E-1,-6.200982332E-1,9.744400978E0,9.794310802E0
9.857267176E0,-7.685387731E-1,-6.296750307E-1,9.734824181E0,9.785394439E0
9.859268309E0,-7.661445141E-1,-6.320692301E-1,9.730035782E0,9.780597387E0
9.861267567E0,-7.661445141E-1,-6.320692301E-1,9.727641106E0,9.778215093E0
9.863267957E0,-7.661445141E-1,-6.296750307E-1,9.722852707E0,9.773296927E0
9.865267645E0,-7.613561153E-1,-6.320692301E-1,9.727641106E0,9.777841077E0
9.867267918E0,-7.613561153E-1,-6.200982332E-1,9.737217903E0,9.786602957E0
9.869268074E0,-7.613561153E-1,-6.224924326E-1,9.742006302E0,9.791519124E0
9.871268504E0,-7.565677166E-1,-6.177040339E-1,9.730035782E0,9.778933955E0
9.873268270E0,-7.565677166E-1,-6.224924326E-1,9.734824181E0,9.784001910E0
9.875268543E0,-7.637503147E-1,-6.200982332E-1,9.739612579E0,9.789172057E0
9.877269246E0,-7.637503147E-1,-6.320692301E-1,9.746794701E0,9.797082882E0
9.879270379E0,-7.685387731E-1,-6.296750307E-1,9.739612579E0,9.790158103E0
9.881271317E0,-7.637503147E-1,-6.296750307E-1,9.732429504E0,9.782637131E0
9.883271785E0,-7.661445141E-1,-6.320692301E-1,9.737217903E0,9.787742407E0
9.885272801E0,-7.589619160E-1,-6.344634295E-1,9.730035782E0,9.780192398E0
9.887273582E0,-7.589619160E-1,-6.272808313E-1,9.749189377E0,9.798785534E0
9.889273426E0,-7.709329724E-1,-6.296750307E-1,9.739612579E0,9.790346342E0
9.891273582E0,-7.661445141E-1,-6.296750307E-1,9.746794701E0,9.797115647E0
9.893274207E0,-7.685387731E-1,-6.272808313E-1,9.732429504E0,9.782858332E0
9.895274715E0,-7.661445141E-1,-6.272808313E-1,9.727641106E0,9.777906736E0
9.897275379E0,-7.589619160E-1,-6.224924326E-1,9.732429504E0,9.781804745E0
9.899275965E0,-7.637503147E-1,-6.272808313E-1,9.732429504E0,9.782483317E0
9.901276395E0,-7.565677166E-1,-6.368576288E-1,9.739612579E0,9.789690268E0
9.903276356E0,-7.517793179E-1,-6.296750307E-1,9.742006302E0,9.791238409E0
9.905275770E0,-7.613561153E-1,-6.296750307E-1,9.730035782E0,9.780069023E0
9.907274754E0,-7.565677166E-1,-6.296750307E-1,9.727641106E0,9.777314909E0
9.909273699E0,-7.613561153E-1,-6.344634295E-1,9.730035782E0,9.780378484E0
9.911273699E0,-7.709329724E-1,-6.224924326E-1,9.732429504E0,9.782740850E0
9.913274363E0,-7.709329724E-1,-6.296750307E-1,9.732429504E0,9.783200517E0
9.915274207E0,-7.637503147E-1,-6.272808313E-1,9.732429504E0,9.782483317E0
9.917275340E0,-7.589619160E-1,-6.272808313E-1,9.722852707E0,9.772582524E0
9.919276238E0,-7.541735172E-1,-6.200982332E-1,9.720458984E0,9.769371647E0
9.921276434E0,-7.637503147E-1,-6.248866320E-1,9.727641106E0,9.777566125E0
9.923277606E0,-7.637503147E-1,-6.129156351E-1,9.732429504E0,9.781572684E0
9.925277840E0,-7.613561153E-1,-6.248866320E-1,9.737217903E0,9.786907526E0
9.927278778E0,-7.565677166E-1,-6.248866320E-1,9.737217903E0,9.786536185E0
9.929279637E0,-7.637503147E-1,-6.272808313E-1,9.725247383E0,9.775337971E0
9.931279949E0,-7.661445141E-1,-6.296750307E-1,9.725247383E0,9.775679246E0
9.933280223E0,-7.685387731E-1,-6.224924326E-1,9.730035782E0,9.780171010E0
9.935279481E0,-7.685387731E-1,-6.248866320E-1,9.742006302E0,9.792232735E0
9.937279051E0,-7.589619160E-1,-6.248866320E-1,9.737217903E0,9.786721565E0
9.939278973E0,-7.709329724E-1,-6.320692301E-1,9.727641106E0,9.778591445E0
9.941278270E0,-7.685387731E-1,-6.272808313E-1,9.732429504E0,9.782858332E0
9.943278699E0,-7.613561153E-1,-6.344634295E-1,9.732429504E0,9.782759888E0
9.945279363E0,-7.613561153E-1,-6.224924326E-1,9.737217903E0,9.786754950E0
9.947278856E0,-7.637503147E-1,-6.248866320E-1,9.739612579E0,9.789476546E0
9.949279246E0,-7.637503147E-1,-6.320692301E-1,9.739612579E0,9.789937653E0
9.951278582E0,-7.589619160E-1,-6.368576288E-1,9.751583099E0,9.801784724E0
9.953277410E0,-7.613561153E-1,-6.272808313E-1,9.739612579E0,9.789443170E0
9.955276746E0,-7.637503147E-1,-6.248866320E-1,9.734824181E0,9.784712549E0
9.957277293E0,-7.637503147E-1,-6.177040339E-1,9.744400978E0,9.793784929E0
9.959276707E0,-7.613561153E-1,-6.153098345E-1,9.734824181E0,9.783919008E0
9.961277254E0,-7.589619160E-1,-6.200982332E-1,9.732429504E0,9.781652676E0
9.963276903E0,-7.661445141E-1,-6.248866320E-1,9.734824181E0,9.784899721E0
9.965277645E0,-7.637503147E-1,-6.272808313E-1,9.732429504E0,9.782483317E0
9.967277840E0,-7.685387731E-1,-6.224924326E-1,9.737217903E0,9.787316341E0
9.969278231E0,-7.709329724E-1,-6.272808313E-1,9.737217903E0,9.787810347E0
9.971279207E0,-7.757213712E-1,-6.296750307E-1,9.727641106E0,9.778815663E0
9.973279715E0,-7.685387731E-1,-6.296750307E-1,9.742006302E0,9.792539470E0
9.975279754E0,-7.685387731E-1,-6.368576288E-1,9.744400978E0,9.795386154E0
9.977279559E0,-7.637503147E-1,-6.392518282E-1,9.742006302E0,9.792785315E0
9.979279754E0,-7.637503147E-1,-6.368576288E-1,9.742006302E0,9.792629318E0
9.981280496E0,-7.637503147E-1,-6.320692301E-1,9.751583099E0,9.801846714E0
9.983281317E0,-7.565677166E-1,-6.296750307E-1,9.744400978E0,9.793989778E0
9.985282059E0,-7.661445141E-1,-6.296750307E-1,9.746794701E0,9.797115647E0
9.987281746E0,-7.637503147E-1,-6.392518282E-1,9.742006302E0,9.792785315E0
9.989282684E0,-7.637503147E-1,-6.296750307E-1,9.732429504E0,9.782637131E0
9.991283934E0,-7.685387731E-1,-6.296750307E-1,9.742006302E0,9.792539470E0
9.993285028E0,-7.733271718E-1,-6.248866320E-1,9.744400978E0,9.794992018E0
9.995285184E0,-7.661445141E-1,-6.320692301E-1,9.742006302E0,9.792506100E0
9.997285028E0,-7.613561153E-1,-6.416460276E-1,9.727641106E0,9.778464820E0
9.999285574E0,-7.709329724E-1,-6.320692301E-1,9.737217903E0,9.788118392E0
1.000128628E1,-7.661445141E-1,-6.368576288E-1,9.727641106E0,9.778525785E0
1.000328600E1,-7.661445141E-1,-6.320692301E-1,9.739612579E0,9.790124725E0
1.000528741E1,-7.613561153E-1,-6.320692301E-1,9.739612579E0,9.789751163E0
1.000728846E1,-7.685387731E-1,-6.296750307E-1,9.734824181E0,9.785394439E0
1.000928987E1,-7.661445141E-1,-6.272808313E-1,9.727641106E0,9.777906736E0
1.001129089E1,-7.685387731E-1,-6.248866320E-1,9.730035782E0,9.780323689E0
1.001329143E1,-7.661445141E-1,-6.248866320E-1,9.734824181E0,9.784899721E0
1.001529268E1,-7.661445141E-1,-6.177040339E-1,9.734824181E0,9.784443649E0
1.001729300E1,-7.661445141E-1,-6.200982332E-1,9.744400978E0,9.794123220E0
1.001929307E1,-7.637503147E-1,-6.248866320E-1,9.737217903E0,9.787094070E0
1.002129350E1,-7.709329724E-1,-6.272808313E-1,9.730035782E0,9.780665376E0
1.002329362E1,-7.661445141E-1,-6.296750307E-1,9.734824181E0,9.785206686E0
1.002529346E1,-7.637503147E-1,-6.296750307E-1,9.730035782E0,9.780255697E0
1.002729362E1,-7.637503147E-1,-6.272808313E-1,9.734824181E0,9.784865743E0
1.002929393E1,-7.589619160E-1,-6.272808313E-1,9.732429504E0,9.782110636E0
1.003129440E1,-7.541735172E-1,-6.368576288E-1,9.727641106E0,9.777595145E0
1.003329475E1,-7.565677166E-1,-6.368576288E-1,9.730035782E0,9.780162507E0
1.003529472E1,-7.565677166E-1,-6.272808313E-1,9.739612579E0,9.789071925E0
1.003729514E1,-7.565677166E-1,-6.368576288E-1,9.744400978E0,9.794454184E0
1.003929557E1,-7.685387731E-1,-6.368576288E-1,9.732429504E0,9.783477068E0
1.004129491E1,-7.685387731E-1,-6.368576288E-1,9.725247383E0,9.776332449E0
1.004329624E1,-7.685387731E-1,-6.344634295E-1,9.725247383E0,9.776176776E0
1.004529643E1,-7.709329724E-1,-6.296750307E-1,9.734824181E0,9.785582769E0
1.004729729E1,-7.685387731E-1,-6.200982332E-1,9.742006302E0,9.791928332E0
1.004929850E1,-7.685387731E-1,-6.200982332E-1,9.749189377E0,9.799074812E0
1.005129987E1,-7.733271718E-1,-6.272808313E-1,9.730035782E0,9.780854384E0
1.005330108E1,-7.661445141E-1,-6.248866320E-1,9.732429504E0,9.782517303E0
1.005530182E1,-7.781155705E-1,-6.224924326E-1,9.742006302E0,9.792836538E0
1.005730390E1,-7.805097699E-1,-6.248866320E-1,9.742006302E0,9.793179544E0
1.005930495E1,-7.733271718E-1,-6.248866320E-1,9.732429504E0,9.783082453E0
1.006130507E1,-7.733271718E-1,-6.272808313E-1,9.734824181E0,9.785617915E0
1.006330573E1,-7.805097699E-1,-6.248866320E-1,9.746794701E0,9.797942934E0
1.006530577E1,-7.709329724E-1,-6.344634295E-1,9.758766174E0,9.809709411E0
1.006730659E1,-7.661445141E-1,-6.248866320E-1,9.737217903E0,9.787281196E0
1.006930796E1,-7.637503147E-1,-6.344634295E-1,9.739612579E0,9.790092522E0
1.007130890E1,-7.661445141E-1,-6.344634295E-1,9.746794701E0,9.797424570E0
1.007330964E1,-7.661445141E-1,-6.296750307E-1,9.746794701E0,9.797115647E0
1.007530940E1,-7.685387731E-1,-6.296750307E-1,9.744400978E0,9.794921792E0
1.007730940E1,-7.733271718E-1,-6.392518282E-1,9.742006302E0,9.793536879E0
1.007930968E1,-7.661445141E-1,-6.320692301E-1,9.739612579E0,9.790124725E0
1.008131143E1,-7.685387731E-1,-6.296750307E-1,9.734824181E0,9.785394439E0
1.008331163E1,-7.685387731E-1,-6.320692301E-1,9.732429504E0,9.783166533E0
1.008531143E1,-7.733271718E-1,-6.296750307E-1,9.742006302E0,9.792916437E0
1.008731108E1,-7.709329724E-1,-6.248866320E-1,9.727641106E0,9.778129802E0
1.008931069E1,-7.685387731E-1,-6.248866320E-1,9.725247383E0,9.775559923E0
1.009130964E1,-7.685387731E-1,-6.224924326E-1,9.722852707E0,9.773024784E0
1.009330991E1,-7.637503147E-1,-6.129156351E-1,9.732429504E0,9.781572684E0
1.009530925E1,-7.661445141E-1,-6.177040339E-1,9.727641106E0,9.777297028E0
1.009730975E1,-7.661445141E-1,-6.177040339E-1,9.734824181E0,9.784443649E0
1.009931030E1,-7.661445141E-1,-6.177040339E-1,9.751583099E0,9.801117724E0
1.010130995E1,-7.709329724E-1,-6.248866320E-1,9.749189377E0,9.799567055E0
1.010331046E1,-7.709329724E-1,-6.344634295E-1,9.746794701E0,9.797800183E0
1.010531026E1,-7.685387731E-1,-6.344634295E-1,9.737217903E0,9.788085011E0
1.010730944E1,-7.565677166E-1,-6.320692301E-1,9.746794701E0,9.796525566E0
1.010930940E1,-7.613561153E-1,-6.320692301E-1,9.746794701E0,9.796896528E0
1.011130921E1,-7.637503147E-1,-6.296750307E-1,9.753977776E0,9.804075052E0
1.011330999E1,-7.733271718E-1,-6.344634295E-1,9.746794701E0,9.797988860E0
1.011531030E1,-7.733271718E-1,-6.368576288E-1,9.737217903E0,9.788617627E0
1.011731077E1,-7.685387731E-1,-6.344634295E-1,9.725247383E0,9.776176776E0
1.011931182E1,-7.661445141E-1,-6.296750307E-1,9.722852707E0,9.773296927E0
1.012131132E1,-7.709329724E-1,-6.320692301E-1,9.725247383E0,9.776210197E0
1.012331155E1,-7.661445141E-1,-6.224924326E-1,9.732429504E0,9.782364658E0
1.012531206E1,-7.709329724E-1,-6.272808313E-1,9.734824181E0,9.785429000E0
1.012731249E1,-7.709329724E-1,-6.320692301E-1,9.737217903E0,9.788118392E0
1.012931296E1,-7.709329724E-1,-6.320692301E-1,9.734824181E0,9.785737120E0
1.013131280E1,-7.733271718E-1,-6.320692301E-1,9.734824181E0,9.785926029E0
1.013331366E1,-7.685387731E-1,-6.392518282E-1,9.746794701E0,9.797923335E0
1.013531358E1,-7.613561153E-1,-6.368576288E-1,9.737217903E0,9.787679156E0
1.013731386E1,-7.661445141E-1,-6.344634295E-1,9.730035782E0,9.780752403E0
1.013931425E1,-7.637503147E-1,-6.272808313E-1,9.725247383E0,9.775337971E0
1.014131417E1,-7.589619160E-1,-6.296750307E-1,9.725247383E0,9.775118951E0
1.014331479E1,-7.637503147E-1,-6.368576288E-1,9.730035782E0,9.780720756E0
1.014531460E1,-7.637503147E-1,-6.248866320E-1,9.732429504E0,9.782330086E0
1.014731460E1,-7.613561153E-1,-6.272808313E-1,9.737217903E0,9.787060686E0
1.014931417E1,-7.709329724E-1,-6.272808313E-1,9.725247383E0,9.775901777E0
1.015131405E1,-7.661445141E-1,-6.344634295E-1,9.725247383E0,9.775988846E0
1.015331331E1,-7.637503147E-1,-6.344634295E-1,9.739612579E0,9.790092522E0
1.015531382E1,-7.685387731E-1,-6.392518282E-1,9.739612579E0,9.790778720E0
1.015731358E1,-7.733271718E-1,-6.272808313E-1,9.732429504E0,9.783235672E0
1.015931300E1,-7.685387731E-1,-6.320692301E-1,9.734824181E0,9.785548793E0
1.016131319E1,-7.685387731E-1,-6.320692301E-1,9.742006302E0,9.792693712E0
1.016331261E1,-7.685387731E-1,-6.224924326E-1,9.737217903E0,9.787316341E0
1.016531167E1,-7.613561153E-1,-6.272808313E-1,9.730035782E0,9.779915168E0
1.016731089E1,-7.589619160E-1,-6.248866320E-1,9.730035782E0,9.779575799E0
1.016931112E1,-7.637503147E-1,-6.200982332E-1,9.727641106E0,9.777261265E0
1.017131136E1,-7.661445141E-1,-6.248866320E-1,9.727641106E0,9.777753433E0
1.017331155E1,-7.661445141E-1,-6.320692301E-1,9.725247383E0,9.775833754E0
1.017531128E1,-7.613561153E-1,-6.272808313E-1,9.732429504E0,9.782296685E0
1.017731163E1,-7.565677166E-1,-6.224924326E-1,9.730035782E0,9.779237591E0
1.017931202E1,-7.589619160E-1,-6.392518282E-1,9.737217903E0,9.787649288E0
1.018131261E1,-7.661445141E-1,-6.344634295E-1,9.739612579E0,9.790279590E0
1.018331222E1,-7.661445141E-1,-6.320692301E-1,9.734824181E0,9.785361044E0
1.018531225E1,-7.709329724E-1,-6.320692301E-1,9.730035782E0,9.780973647E0
1.018731190E1,-7.709329724E-1,-6.344634295E-1,9.737217903E0,9.788273289E0
1.018931167E1,-7.685387731E-1,-6.296750307E-1,9.739612579E0,9.790158103E0
1.019131116E1,-7.589619160E-1,-6.224924326E-1,9.744400978E0,9.793715865E0
1.019331042E1,-7.637503147E-1,-6.200982332E-1,9.746794701E0,9.796317844E0
1.019531003E1,-7.685387731E-1,-6.320692301E-1,9.749189377E0,9.799839635E0
1.019730975E1,-7.709329724E-1,-6.224924326E-1,9.739612579E0,9.789887010E0
1.019930874E1,-7.733271718E-1,-6.200982332E-1,9.739612579E0,9.789923898E0
1.020130835E1,-7.757213712E-1,-6.272808313E-1,9.732429504E0,9.783425215E0
1.020330811E1,-7.637503147E-1,-6.368576288E-1,9.734824181E0,9.785484352E0
1.020530663E1,-7.613561153E-1,-6.320692301E-1,9.725247383E0,9.775459647E0
1.020730518E1,-7.685387731E-1,-6.296750307E-1,9.720458984E0,9.771103590E0
1.020930495E1,-7.613561153E-1,-6.320692301E-1,9.737217903E0,9.787368755E0
1.021130448E1,-7.493851185E-1,-6.320692301E-1,9.742006302E0,9.791209136E0
1.021330440E1,-7.589619160E-1,-6.272808313E-1,9.742006302E0,9.791638842E0
1.021530421E1,-7.637503147E-1,-6.320692301E-1,9.744400978E0,9.794701449E0
1.021730401E1,-7.613561153E-1,-6.296750307E-1,9.739612579E0,9.789596875E0
1.021930323E1,-7.637503147E-1,-6.296750307E-1,9.751583099E0,9.801692616E0
1.022130257E1,-7.565677166E-1,-6.296750307E-1,9.744400978E0,9.793989778E0
1.022330264E1,-7.589619160E-1,-6.248866320E-1,9.753977776E0,9.803396806E0
1.022530265E1,-7.565677166E-1,-6.296750307E-1,9.739612579E0,9.789225636E0
1.022730390E1,-7.613561153E-1,-6.344634295E-1,9.727641106E0,9.777996137E0
1.022930390E1,-7.685387731E-1,-6.320692301E-1,9.725247383E0,9.776021687E0
1.023130452E1,-7.685387731E-1,-6.320692301E-1,9.730035782E0,9.780785228E0
1.023330397E1,-7.709329724E-1,-6.248866320E-1,9.732429504E0,9.782893489E0
1.023530397E1,-7.781155705E-1,-6.177040339E-1,9.737217903E0,9.787769644E0
1.023730339E1,-7.709329724E-1,-6.344634295E-1,9.727641106E0,9.778746493E0
1.023930272E1,-7.661445141E-1,-6.272808313E-1,9.727641106E0,9.777906736E0
1.024130179E1,-7.637503147E-1,-6.344634295E-1,9.725247383E0,9.775801504E0
1.024330026E1,-7.733271718E-1,-6.368576288E-1,9.744400978E0,9.795763011E0
1.024529928E1,-7.661445141E-1,-6.320692301E-1,9.734824181E0,9.785361044E0
1.024729921E1,-7.733271718E-1,-6.248866320E-1,9.732429504E0,9.783082453E0
1.024929854E1,-7.757213712E-1,-6.320692301E-1,9.749189377E0,9.800405536E0
1.025129800E1,-7.757213712E-1,-6.320692301E-1,9.749189377E0,9.800405536E0
1.025329682E1,-7.661445141E-1,-6.320692301E-1,9.739612579E0,9.790124725E0
1.025529604E1,-7.541735172E-1,-6.320692301E-1,9.742006302E0,9.791576788E0
1.025729596E1,-7.637503147E-1,-6.248866320E-1,9.744400978E0,9.794240566E0
1.025929589E1,-7.661445141E-1,-6.200982332E-1,9.734824181E0,9.784595089E0
1.026129608E1,-7.565677166E-1,-6.248866320E-1,9.732429504E0,9.781771929E0
1.026329589E1,-7.661445141E-1,-6.272808313E-1,9.742006302E0,9.792198193E0
1.026529569E1,-7.685387731E-1,-6.177040339E-1,9.739612579E0,9.789395452E0
1.026729436E1,-7.685387731E-1,-6.177040339E-1,9.744400978E0,9.794159512E0
1.026929343E1,-7.757213712E-1,-6.224924326E-1,9.739612579E0,9.790265250E0
1.027129198E1,-7.661445141E-1,-6.296750307E-1,9.739612579E0,9.789970442E0
1.027329175E1,-7.685387731E-1,-6.248866320E-1,9.725247383E0,9.775559923E0
1.027529093E1,-7.757213712E-1,-6.248866320E-1,9.727641106E0,9.778508497E0
1.027728905E1,-7.709329724E-1,-6.200982332E-1,9.720458984E0,9.770679727E0
1.027928706E1,-7.613561153E-1,-6.248866320E-1,9.734824181E0,9.784525960E0
1.028128514E1,-7.613561153E-1,-6.296750307E-1,9.734824181E0,9.784832937E0
1.028328268E1,-7.637503147E-1,-6.200982332E-1,9.739612579E0,9.789172057E0
1.028528155E1,-7.637503147E-1,-6.200982332E-1,9.742006302E0,9.791553664E0
1.028728089E1,-7.637503147E-1,-6.296750307E-1,9.746794701E0,9.796928709E0
1.028927952E1,-7.589619160E-1,-6.248866320E-1,9.734824181E0,9.784339953E0
1.029127811E1,-7.637503147E-1,-6.153098345E-1,9.734824181E0,9.784105609E0
1.029327671E1,-7.637503147E-1,-6.200982332E-1,9.730035782E0,9.779643791E0
1.029527596E1,-7.661445141E-1,-6.248866320E-1,9.734824181E0,9.784899721E0
1.029727511E1,-7.685387731E-1,-6.200982332E-1,9.739612579E0,9.789546816E0
1.029927390E1,-7.661445141E-1,-6.272808313E-1,9.732429504E0,9.782670531E0
1.030127339E1,-7.661445141E-1,-6.320692301E-1,9.732429504E0,9.782978738E0
1.030327460E1,-7.637503147E-1,-6.344634295E-1,9.734824181E0,9.785328825E0
1.030527577E1,-7.565677166E-1,-6.272808313E-1,9.722852707E0,9.772396876E0
1.030727671E1,-7.565677166E-1,-6.368576288E-1,9.732429504E0,9.782543964E0
1.030927710E1,-7.613561153E-1,-6.320692301E-1,9.737217903E0,9.787368755E0
1.031127780E1,-7.685387731E-1,-6.344634295E-1,9.744400978E0,9.795230784E0
1.031327882E1,-7.733271718E-1,-6.368576288E-1,9.742006302E0,9.793380894E0
1.031527983E1,-7.661445141E-1,-6.272808313E-1,9.737217903E0,9.787434350E0
1.031728038E1,-7.733271718E-1,-6.368576288E-1,9.742006302E0,9.793380894E0
1.031928038E1,-7.589619160E-1,-6.296750307E-1,9.737217903E0,9.787028473E0
1.032128030E1,-7.685387731E-1,-6.177040339E-1,9.739612579E0,9.789395452E0
1.032328014E1,-7.733271718E-1,-6.224924326E-1,9.746794701E0,9.797220967E0
1.032527983E1,-7.661445141E-1,-6.272808313E-1,9.758766174E0,9.808872305E0
1.032728026E1,-7.733271718E-1,-6.320692301E-1,9.749189377E0,9.800216321E0
1.032928073E1,-7.613561153E-1,-6.368576288E-1,9.732429504E0,9.782915457E0
1.033128116E1,-7.661445141E-1,-6.248866320E-1,9.730035782E0,9.780135839E0
1.033328104E1,-7.589619160E-1,-6.296750307E-1,9.720458984E0,9.770354994E0
1.033528022E1,-7.589619160E-1,-6.224924326E-1,9.730035782E0,9.779423108E0
1.033727905E1,-7.565677166E-1,-6.248866320E-1,9.737217903E0,9.786536185E0
1.033927913E1,-7.685387731E-1,-6.200982332E-1,9.732429504E0,9.782400407E0
1.034127870E1,-7.685387731E-1,-6.200982332E-1,9.732429504E0,9.782400407E0
1.034327929E1,-7.685387731E-1,-6.272808313E-1,9.739612579E0,9.790004407E0
1.034527991E1,-7.733271718E-1,-6.248866320E-1,9.732429504E0,9.783082453E0
1.034728038E1,-7.733271718E-1,-6.177040339E-1,9.727641106E0,9.777862480E0
1.034928128E1,-7.733271718E-1,-6.248866320E-1,9.727641106E0,9.778318858E0
1.035128182E1,-7.733271718E-1,-6.272808313E-1,9.722852707E0,9.773708657E0
1.035328288E1,-7.613561153E-1,-6.248866320E-1,9.727641106E0,9.777379399E0
1.035528390E1,-7.661445141E-1,-6.272808313E-1,9.722852707E0,9.773142965E0
1.035728464E1,-7.661445141E-1,-6.248866320E-1,9.722852707E0,9.772989588E0
1.035928382E1,-7.709329724E-1,-6.200982332E-1,9.742006302E0,9.792116536E0
1.036128327E1,-7.637503147E-1,-6.224924326E-1,9.739612579E0,9.789324010E0
1.036328307E1,-7.565677166E-1,-6.272808313E-1,9.737217903E0,9.786689351E0
1.036528300E1,-7.613561153E-1,-6.272808313E-1,9.737217903E0,9.787060686E0
1.036728237E1,-7.661445141E-1,-6.320692301E-1,9.739612579E0,9.790124725E0
1.036928143E1,-7.661445141E-1,-6.296750307E-1,9.739612579E0,9.789970442E0
1.037128155E1,-7.709329724E-1,-6.272808313E-1,9.737217903E0,9.787810347E0
1.037328077E1,-7.733271718E-1,-6.272808313E-1,9.742006302E0,9.792762784E0
1.037528096E1,-7.757213712E-1,-6.272808313E-1,9.734824181E0,9.785807412E0
1.037728073E1,-7.709329724E-1,-6.248866320E-1,9.732429504E0,9.782893489E0
1.037928069E1,-7.661445141E-1,-6.248866320E-1,9.737217903E0,9.787281196E0
1.038128073E1,-7.637503147E-1,-6.296750307E-1,9.739612579E0,9.789783368E0
1.038327999E1,-7.565677166E-1,-6.272808313E-1,9.744400978E0,9.793836142E0
1.038527944E1,-7.661445141E-1,-6.248866320E-1,9.727641106E0,9.777753433E0
1.038727925E1,-7.709329724E-1,-6.248866320E-1,9.734824181E0,9.785275815E0
1.038927854E1,-7.685387731E-1,-6.272808313E-1,9.744400978E0,9.794768170E0
1.039127792E1,-7.589619160E-1,-6.368576288E-1,9.742006302E0,9.792257024E0
1.039327694E1,-7.685387731E-1,-6.248866320E-1,9.749189377E0,9.799378993E0
1.039527686E1,-7.637503147E-1,-6.200982332E-1,9.756371498E0,9.805846275E0
1.039727565E1,-7.781155705E-1,-6.272808313E-1,9.734824181E0,9.785997492E0
1.039927526E1,-7.733271718E-1,-6.368576288E-1,9.722852707E0,9.774327973E0
1.040127479E1,-7.733271718E-1,-6.320692301E-1,9.720458984E0,9.771635958E0
1.040327534E1,-7.829039693E-1,-6.272808313E-1,9.725247383E0,9.776853100E0
1.040527390E1,-7.805097699E-1,-6.224924326E-1,9.725247383E0,9.776355609E0
1.040727370E1,-7.685387731E-1,-6.248866320E-1,9.725247383E0,9.775559923E0
1.040927432E1,-7.709329724E-1,-6.296750307E-1,9.713275909E0,9.764146516E0
1.041127515E1,-7.757213712E-1,-6.224924326E-1,9.725247383E0,9.775974485E0
1.041327616E1,-7.685387731E-1,-6.224924326E-1,9.737217903E0,9.787316341E0
1.041527608E1,-7.733271718E-1,-6.272808313E-1,9.732429504E0,9.783235672E0
1.041727663E1,-7.733271718E-1,-6.200982332E-1,9.734824181E0,9.785160119E0
1.041927722E1,-7.709329724E-1,-6.248866320E-1,9.732429504E0,9.782893489E0
1.042127714E1,-7.661445141E-1,-6.224924326E-1,9.722852707E0,9.772836794E0
1.042327737E1,-7.661445141E-1,-6.153098345E-1,9.734824181E0,9.784292792E0
1.042527800E1,-7.589619160E-1,-6.272808313E-1,9.742006302E0,9.791638842E0
1.042727940E1,-7.685387731E-1,-6.224924326E-1,9.730035782E0,9.780171010E0
1.042927917E1,-7.613561153E-1,-6.224924326E-1,9.732429504E0,9.781990800E0
1.043127882E1,-7.637503147E-1,-6.224924326E-1,9.734824181E0,9.784559939E0
1.043327936E1,-7.661445141E-1,-6.224924326E-1,9.739612579E0,9.789511093E0
1.043527928E1,-7.661445141E-1,-6.224924326E-1,9.734824181E0,9.784747113E0
1.043727972E1,-7.661445141E-1,-6.200982332E-1,9.725247383E0,9.775067053E0
1.043927979E1,-7.733271718E-1,-6.272808313E-1,9.746794701E0,9.797526376E0
1.044127862E1,-7.709329724E-1,-6.224924326E-1,9.739612579E0,9.789887010E0
1.044327846E1,-7.589619160E-1,-6.272808313E-1,9.732429504E0,9.782110636E0
1.044527780E1,-7.661445141E-1,-6.392518282E-1,9.744400978E0,9.795354549E0
1.044727737E1,-7.685387731E-1,-6.344634295E-1,9.744400978E0,9.795230784E0
1.044927690E1,-7.637503147E-1,-6.272808313E-1,9.742006302E0,9.792011161E0
1.045127675E1,-7.637503147E-1,-6.296750307E-1,9.742006302E0,9.792164826E0
1.045327640E1,-7.637503147E-1,-6.344634295E-1,9.734824181E0,9.785328825E0
1.045527725E1,-7.589619160E-1,-6.272808313E-1,9.739612579E0,9.789257256E0
1.045727714E1,-7.661445141E-1,-6.200982332E-1,9.737217903E0,9.786976639E0
1.045927796E1,-7.637503147E-1,-6.224924326E-1,9.746794701E0,9.796469686E0
1.046127772E1,-7.613561153E-1,-6.248866320E-1,9.744400978E0,9.794054158E0
1.046327757E1,-7.589619160E-1,-6.296750307E-1,9.742006302E0,9.791792513E0
1.046527753E1,-7.685387731E-1,-6.296750307E-1,9.727641106E0,9.778248512E0
1.046727757E1,-7.685387731E-1,-6.248866320E-1,9.732429504E0,9.782705107E0
1.046927729E1,-7.685387731E-1,-6.272808313E-1,9.722852707E0,9.773330949E0
1.047127710E1,-7.613561153E-1,-6.248866320E-1,9.727641106E0,9.777379399E0
1.047327718E1,-7.613561153E-1,-6.272808313E-1,9.732429504E0,9.782296685E0
1.047527757E1,-7.541735172E-1,-6.368576288E-1,9.727641106E0,9.777595145E0
1.047727753E1,-7.661445141E-1,-6.368576288E-1,9.739612579E0,9.790435039E0
1.047927780E1,-7.661445141E-1,-6.344634295E-1,9.749189377E0,9.799806874E0
1.048127792E1,-7.661445141E-1,-6.368576288E-1,9.744400978E0,9.795198593E0
1.048327772E1,-7.709329724E-1,-6.320692301E-1,9.727641106E0,9.778591445E0
1.048527745E1,-7.637503147E-1,-6.344634295E-1,9.739612579E0,9.790092522E0
1.048727722E1,-7.685387731E-1,-6.272808313E-1,9.734824181E0,9.785240667E0
1.048927694E1,-7.637503147E-1,-6.224924326E-1,9.734824181E0,9.784559939E0
1.049127784E1,-7.637503147E-1,-6.200982332E-1,9.732429504E0,9.782025374E0
1.049327745E1,-7.589619160E-1,-6.224924326E-1,9.732429504E0,9.781804745E0
1.049527702E1,-7.685387731E-1,-6.224924326E-1,9.739612579E0,9.789698763E0
1.049727686E1,-7.709329724E-1,-6.177040339E-1,9.749189377E0,9.799111665E0
1.049927651E1,-7.733271718E-1,-6.224924326E-1,9.753977776E0,9.804367098E0
1.050127702E1,-7.733271718E-1,-6.224924326E-1,9.730035782E0,9.780548454E0
1.050327792E1,-7.709329724E-1,-6.272808313E-1,9.725247383E0,9.775901777E0
1.050527839E1,-7.613561153E-1,-6.248866320E-1,9.732429504E0,9.782143451E0
1.050727761E1,-7.709329724E-1,-6.224924326E-1,9.753977776E0,9.804178544E0
1.050927772E1,-7.733271718E-1,-6.153098345E-1,9.751583099E0,9.801531210E0
1.051127870E1,-7.637503147E-1,-6.200982332E-1,9.734824181E0,9.784407912E0
1.051327827E1,-7.589619160E-1,-6.224924326E-1,9.727641106E0,9.777040529E0
1.051527886E1,-7.589619160E-1,-6.224924326E-1,9.732429504E0,9.781804745E0
1.051727948E1,-7.685387731E-1,-6.296750307E-1,9.727641106E0,9.778248512E0
1.051927893E1,-7.661445141E-1,-6.344634295E-1,9.737217903E0,9.787897310E0
1.052127804E1,-7.613561153E-1,-6.320692301E-1,9.730035782E0,9.780223462E0
1.052327800E1,-7.685387731E-1,-6.224924326E-1,9.720458984E0,9.770643353E0
1.052527909E1,-7.757213712E-1,-6.177040339E-1,9.737217903E0,9.787579599E0
1.052727991E1,-7.709329724E-1,-6.153098345E-1,9.739612579E0,9.789432927E0
1.052927995E1,-7.613561153E-1,-6.153098345E-1,9.734824181E0,9.783919008E0
1.053128007E1,-7.685387731E-1,-6.224924326E-1,9.734824181E0,9.784934875E0
1.053328081E1,-7.661445141E-1,-6.224924326E-1,9.739612579E0,9.789511093E0
1.053528214E1,-7.709329724E-1,-6.224924326E-1,9.739612579E0,9.789887010E0
1.053728304E1,-7.733271718E-1,-6.200982332E-1,9.753977776E0,9.804215378E0
1.053928304E1,-7.733271718E-1,-6.200982332E-1,9.751583099E0,9.801832975E0
1.054128393E1,-7.709329724E-1,-6.296750307E-1,9.756371498E0,9.807018563E0
1.054328405E1,-7.613561153E-1,-6.296750307E-1,9.746794701E0,9.796742352E0
1.054528581E1,-7.541735172E-1,-6.296750307E-1,9.744400978E0,9.793805122E0
1.054728753E1,-7.589619160E-1,-6.248866320E-1,9.742006302E0,9.791485754E0
1.054928741E1,-7.661445141E-1,-6.344634295E-1,9.737217903E0,9.787897310E0
1.055128925E1,-7.685387731E-1,-6.296750307E-1,9.737217903E0,9.787775793E0
1.055328991E1,-7.637503147E-1,-6.368576288E-1,9.732429504E0,9.783102077E0
1.055529124E1,-7.661445141E-1,-6.416460276E-1,9.727641106E0,9.778838813E0
1.055729272E1,-7.685387731E-1,-6.320692301E-1,9.739612579E0,9.790312383E0
1.055929518E1,-7.661445141E-1,-6.344634295E-1,9.746794701E0,9.797424570E0
1.056129702E1,-7.685387731E-1,-6.296750307E-1,9.742006302E0,9.792539470E0
1.056329925E1,-7.685387731E-1,-6.320692301E-1,9.730035782E0,9.780785228E0
1.056530112E1,-7.661445141E-1,-6.320692301E-1,9.732429504E0,9.782978738E0
1.056730202E1,-7.613561153E-1,-6.344634295E-1,9.737217903E0,9.787523664E0
1.056930343E1,-7.613561153E-1,-6.344634295E-1,9.730035782E0,9.780378484E0
1.057130440E1,-7.661445141E-1,-6.368576288E-1,9.715670586E0,9.766617633E0
1.057330608E1,-7.637503147E-1,-6.296750307E-1,9.739612579E0,9.789783368E0
1.057530710E1,-7.709329724E-1,-6.248866320E-1,9.742006302E0,9.792420933E0
1.057730823E1,-7.733271718E-1,-6.177040339E-1,9.734824181E0,9.785008688E0
1.057930843E1,-7.733271718E-1,-6.177040339E-1,9.742006302E0,9.792154001E0
1.058130847E1,-7.637503147E-1,-6.224924326E-1,9.739612579E0,9.789324010E0
1.058330917E1,-7.613561153E-1,-6.344634295E-1,9.732429504E0,9.782759888E0
1.058530932E1,-7.661445141E-1,-6.296750307E-1,9.725247383E0,9.775679246E0
1.058730944E1,-7.709329724E-1,-6.272808313E-1,9.715670586E0,9.766374651E0
1.058930928E1,-7.661445141E-1,-6.272808313E-1,9.720458984E0,9.770761563E0
1.059130893E1,-7.589619160E-1,-6.272808313E-1,9.727641106E0,9.777346568E0
1.059330823E1,-7.637503147E-1,-6.272808313E-1,9.739612579E0,9.789629665E0
1.059530667E1,-7.709329724E-1,-6.320692301E-1,9.744400978E0,9.795264140E0
1.059730561E1,-7.685387731E-1,-6.153098345E-1,9.734824181E0,9.784480562E0
1.059930507E1,-7.613561153E-1,-6.177040339E-1,9.739612579E0,9.788834180E0
1.060130456E1,-7.709329724E-1,-6.248866320E-1,9.732429504E0,9.782893489E0
1.060330393E1,-7.637503147E-1,-6.248866320E-1,9.742006302E0,9.791858079E0
1.060530460E1,-7.637503147E-1,-6.224924326E-1,9.744400978E0,9.794088104E0
1.060730561E1,-7.613561153E-1,-6.272808313E-1,9.751583099E0,9.801352831E0
1.060930596E1,-7.637503147E-1,-6.248866320E-1,9.744400978E0,9.794240566E0
1.061130686E1,-7.757213712E-1,-6.296750307E-1,9.742006302E0,9.793105793E0
1.061330741E1,-7.613561153E-1,-6.224924326E-1,9.751583099E0,9.801047541E0
1.061530682E1,-7.637503147E-1,-6.296750307E-1,9.739612579E0,9.789783368E0
1.061730714E1,-7.661445141E-1,-6.248866320E-1,9.725247383E0,9.775371982E0
1.061930772E1,-7.589619160E-1,-6.272808313E-1,9.734824181E0,9.784493153E0
1.062130780E1,-7.637503147E-1,-6.368576288E-1,9.739612579E0,9.790247973E0
1.062330737E1,-7.613561153E-1,-6.344634295E-1,9.732429504E0,9.782759888E0
1.062530753E1,-7.805097699E-1,-6.224924326E-1,9.732429504E0,9.783500211E0
1.062730671E1,-7.805097699E-1,-6.177040339E-1,9.730035782E0,9.780815410E0
1.062930573E1,-7.805097699E-1,-6.248866320E-1,9.730035782E0,9.781271651E0
1.063130526E1,-7.733271718E-1,-6.224924326E-1,9.720458984E0,9.771021165E0
1.063330487E1,-7.661445141E-1,-6.248866320E-1,9.730035782E0,9.780135839E0
1.063530514E1,-7.661445141E-1,-6.320692301E-1,9.744400978E0,9.794888430E0
1.063730428E1,-7.637503147E-1,-6.320692301E-1,9.742006302E0,9.792319074E0
1.063930401E1,-7.589619160E-1,-6.296750307E-1,9.737217903E0,9.787028473E0
1.064130393E1,-7.565677166E-1,-6.320692301E-1,9.732429504E0,9.782233399E0
1.064330346E1,-7.637503147E-1,-6.248866320E-1,9.720458984E0,9.770420703E0
1.064530405E1,-7.541735172E-1,-6.368576288E-1,9.715670586E0,9.765685857E0
1.064730452E1,-7.613561153E-1,-6.320692301E-1,9.722852707E0,9.773077274E0
1.064930393E1,-7.733271718E-1,-6.248866320E-1,9.730035782E0,9.780701127E0
1.065130311E1,-7.757213712E-1,-6.177040339E-1,9.739612579E0,9.789961957E0
1.065330261E1,-7.613561153E-1,-6.224924326E-1,9.734824181E0,9.784373347E0
1.065530175E1,-7.637503147E-1,-6.248866320E-1,9.742006302E0,9.791858079E0
1.065730100E1,-7.661445141E-1,-6.248866320E-1,9.742006302E0,9.792045114E0
1.065930034E1,-7.685387731E-1,-6.296750307E-1,9.730035782E0,9.780630798E0
1.066130026E1,-7.661445141E-1,-6.248866320E-1,9.730035782E0,9.780135839E0
1.066329952E1,-7.613561153E-1,-6.200982332E-1,9.725247383E0,9.774692917E0
1.066529870E1,-7.637503147E-1,-6.200982332E-1,9.732429504E0,9.782025374E0
1.066729827E1,-7.637503147E-1,-6.272808313E-1,9.737217903E0,9.787247227E0
1.066929722E1,-7.661445141E-1,-6.224924326E-1,9.749189377E0,9.799039124E0
1.067129640E1,-7.637503147E-1,-6.272808313E-1,9.746794701E0,9.796775118E0
1.067329573E1,-7.685387731E-1,-6.320692301E-1,9.720458984E0,9.771258170E0
1.067529507E1,-7.733271718E-1,-6.200982332E-1,9.722852707E0,9.773250303E0
1.067729440E1,-7.733271718E-1,-6.272808313E-1,9.732429504E0,9.783235672E0
1.067929319E1,-7.613561153E-1,-6.272808313E-1,9.737217903E0,9.787060686E0
1.068129257E1,-7.541735172E-1,-6.296750307E-1,9.732429504E0,9.781894111E0
1.068329225E1,-7.637503147E-1,-6.248866320E-1,9.730035782E0,9.779948577E0
1.068529143E1,-7.613561153E-1,-6.248866320E-1,9.720458984E0,9.770233841E0
1.068729065E1,-7.589619160E-1,-6.248866320E-1,9.727641106E0,9.777193256E0
1.068929178E1,-7.685387731E-1,-6.344634295E-1,9.730035782E0,9.780940241E0
1.069129155E1,-7.685387731E-1,-6.248866320E-1,9.727641106E0,9.777941329E0
1.069329136E1,-7.661445141E-1,-6.177040339E-1,9.739612579E0,9.789207776E0
1.069529057E1,-7.589619160E-1,-6.248866320E-1,9.734824181E0,9.784339953E0
1.069729026E1,-7.685387731E-1,-6.296750307E-1,9.734824181E0,9.785394439E0
1.069929034E1,-7.661445141E-1,-6.272808313E-1,9.734824181E0,9.785052912E0
1.070128972E1,-7.613561153E-1,-6.224924326E-1,9.737217903E0,9.786754950E0
1.070328811E1,-7.613561153E-1,-6.200982332E-1,9.744400978E0,9.793749812E0
1.070528776E1,-7.613561153E-1,-6.296750307E-1,9.746794701E0,9.796742352E0
1.070728765E1,-7.589619160E-1,-6.272808313E-1,9.737217903E0,9.786874727E0
1.070928733E1,-7.733271718E-1,-6.296750307E-1,9.732429504E0,9.783389475E0
1.071128636E1,-7.709329724E-1,-6.177040339E-1,9.734824181E0,9.784819761E0
1.071328554E1,-7.661445141E-1,-6.177040339E-1,9.725247383E0,9.774915465E0
1.071528460E1,-7.757213712E-1,-6.224924326E-1,9.739612579E0,9.790265250E0
1.071728272E1,-7.709329724E-1,-6.248866320E-1,9.737217903E0,9.787657199E0
1.071928085E1,-7.757213712E-1,-6.296750307E-1,9.730035782E0,9.781197810E0
1.072128061E1,-7.733271718E-1,-6.224924326E-1,9.744400978E0,9.794839568E0
1.072327975E1,-7.685387731E-1,-6.296750307E-1,9.749189377E0,9.799685505E0
1.072527862E1,-7.661445141E-1,-6.296750307E-1,9.732429504E0,9.782824343E0
1.072727663E1,-7.733271718E-1,-6.344634295E-1,9.727641106E0,9.778935537E0
1.072927573E1,-7.685387731E-1,-6.296750307E-1,9.734824181E0,9.785394439E0
1.073127511E1,-7.709329724E-1,-6.368576288E-1,9.753977776E0,9.805101108E0
1.073327386E1,-7.685387731E-1,-6.392518282E-1,9.753977776E0,9.805068954E0
1.073527222E1,-7.685387731E-1,-6.368576288E-1,9.730035782E0,9.781095838E0
1.073727116E1,-7.613561153E-1,-6.416460276E-1,9.727641106E0,9.778464820E0
1.073926975E1,-7.661445141E-1,-6.368576288E-1,9.732429504E0,9.783289279E0
1.074127003E1,-7.709329724E-1,-6.296750307E-1,9.732429504E0,9.783200517E0
1.074327054E1,-7.637503147E-1,-6.320692301E-1,9.730035782E0,9.780410133E0
1.074527085E1,-7.661445141E-1,-6.392518282E-1,9.744400978E0,9.795354549E0
1.074727057E1,-7.637503147E-1,-6.272808313E-1,9.749189377E0,9.799157581E0
1.074926944E1,-7.613561153E-1,-6.320692301E-1,9.742006302E0,9.792132629E0
1.075126882E1,-7.733271718E-1,-6.368576288E-1,9.737217903E0,9.788617627E0
1.075326784E1,-7.757213712E-1,-6.296750307E-1,9.732429504E0,9.783579015E0
1.075526722E1,-7.733271718E-1,-6.248866320E-1,9.739612579E0,9.790228364E0
1.075726640E1,-7.709329724E-1,-6.320692301E-1,9.725247383E0,9.776210197E0
1.075926589E1,-7.637503147E-1,-6.200982332E-1,9.725247383E0,9.774879694E0
1.076126499E1,-7.589619160E-1,-6.153098345E-1,9.727641106E0,9.776585849E0
1.076326456E1,-7.637503147E-1,-6.177040339E-1,9.727641106E0,9.777109711E0
1.076526335E1,-7.613561153E-1,-6.248866320E-1,9.739612579E0,9.789290047E0
1.076726241E1,-7.613561153E-1,-6.224924326E-1,9.746794701E0,9.796283321E0
1.076926155E1,-7.589619160E-1,-6.224924326E-1,9.730035782E0,9.779423108E0
1.077126050E1,-7.589619160E-1,-6.320692301E-1,9.739612579E0,9.789565256E0
1.077326085E1,-7.613561153E-1,-6.320692301E-1,9.737217903E0,9.787368755E0
1.077526163E1,-7.661445141E-1,-6.368576288E-1,9.732429504E0,9.783289279E0
1.077726151E1,-7.637503147E-1,-6.200982332E-1,9.737217903E0,9.786789507E0
1.077926096E1,-7.589619160E-1,-6.248866320E-1,9.725247383E0,9.774811669E0
1.078126120E1,-7.613561153E-1,-6.272808313E-1,9.725247383E0,9.775151203E0
1.078326140E1,-7.613561153E-1,-6.296750307E-1,9.715670586E0,9.765777425E0
1.078526186E1,-7.661445141E-1,-6.296750307E-1,9.718064308E0,9.768533255E0
1.078726311E1,-7.661445141E-1,-6.248866320E-1,9.732429504E0,9.782517303E0
1.078926288E1,-7.613561153E-1,-6.248866320E-1,9.734824181E0,9.784525960E0
1.079126343E1,-7.637503147E-1,-6.296750307E-1,9.742006302E0,9.792164826E0
1.079326327E1,-7.637503147E-1,-6.296750307E-1,9.742006302E0,9.792164826E0
1.079526401E1,-7.733271718E-1,-6.320692301E-1,9.742006302E0,9.793070673E0
1.079726417E1,-7.709329724E-1,-6.320692301E-1,9.739612579E0,9.790500618E0
1.079926413E1,-7.709329724E-1,-6.296750307E-1,9.727641106E0,9.778436980E0
1.080126413E1,-7.589619160E-1,-6.320692301E-1,9.732429504E0,9.782418860E0
1.080326374E1,-7.565677166E-1,-6.320692301E-1,9.734824181E0,9.784615887E0
1.080526292E1,-7.757213712E-1,-6.272808313E-1,9.730035782E0,9.781043973E0
1.080726257E1,-7.733271718E-1,-6.248866320E-1,9.732429504E0,9.783082453E0
1.080926194E1,-7.541735172E-1,-6.248866320E-1,9.727641106E0,9.776822719E0
1.081126159E1,-7.637503147E-1,-6.272808313E-1,9.727641106E0,9.777719431E0
1.081325991E1,-7.757213712E-1,-6.248866320E-1,9.730035782E0,9.780890719E0
1.081525761E1,-7.637503147E-1,-6.248866320E-1,9.727641106E0,9.777566125E0
1.081725624E1,-7.661445141E-1,-6.272808313E-1,9.722852707E0,9.773142965E0
1.081925440E1,-7.661445141E-1,-6.248866320E-1,9.730035782E0,9.780135839E0
1.082125354E1,-7.661445141E-1,-6.368576288E-1,9.730035782E0,9.780908003E0
1.082325307E1,-7.637503147E-1,-6.224924326E-1,9.727641106E0,9.777413403E0
1.082525237E1,-7.709329724E-1,-6.153098345E-1,9.734824181E0,9.784668909E0
1.082725155E1,-7.637503147E-1,-6.177040339E-1,9.732429504E0,9.781873894E0
1.082925038E1,-7.637503147E-1,-6.177040339E-1,9.722852707E0,9.772345551E0
1.083124936E1,-7.589619160E-1,-6.200982332E-1,9.727641106E0,9.776888385E0
1.083324819E1,-7.565677166E-1,-6.153098345E-1,9.727641106E0,9.776400277E0
1.083524729E1,-7.637503147E-1,-6.248866320E-1,9.742006302E0,9.791858079E0
1.083724682E1,-7.589619160E-1,-6.177040339E-1,9.725247383E0,9.774355126E0
1.083924628E1,-7.565677166E-1,-6.224924326E-1,9.725247383E0,9.774473295E0
1.084124366E1,-7.565677166E-1,-6.177040339E-1,9.732429504E0,9.781315711E0
1.084324218E1,-7.565677166E-1,-6.248866320E-1,9.732429504E0,9.781771929E0
1.084524096E1,-7.517793179E-1,-6.272808313E-1,9.732429504E0,9.781555983E0
1.084724057E1,-7.613561153E-1,-6.296750307E-1,9.732429504E0,9.782450503E0
1.084924018E1,-7.661445141E-1,-6.320692301E-1,9.725247383E0,9.775833754E0
1.085123975E1,-7.565677166E-1,-6.416460276E-1,9.737217903E0,9.787620591E0
1.085323936E1,-7.589619160E-1,-6.464344859E-1,9.718064308E0,9.769067234E0
1.085523882E1,-7.637503147E-1,-6.320692301E-1,9.720458984E0,9.770882709E0
1.085723815E1,-7.661445141E-1,-6.296750307E-1,9.732429504E0,9.782824343E0
1.085923659E1,-7.661445141E-1,-6.320692301E-1,9.739612579E0,9.790124725E0
1.086123507E1,-7.685387731E-1,-6.368576288E-1,9.737217903E0,9.788240495E0
1.086323444E1,-7.589619160E-1,-6.368576288E-1,9.737217903E0,9.787493209E0
1.086523249E1,-7.613561153E-1,-6.320692301E-1,9.732429504E0,9.782604904E0
1.086723108E1,-7.589619160E-1,-6.344634295E-1,9.734824181E0,9.784956252E0
1.086923100E1,-7.637503147E-1,-6.368576288E-1,9.732429504E0,9.783102077E0
1.087123014E1,-7.733271718E-1,-6.320692301E-1,9.730035782E0,9.781162648E0
1.087322819E1,-7.757213712E-1,-6.344634295E-1,9.727641106E0,9.779125164E0
1.087522589E1,-7.757213712E-1,-6.368576288E-1,9.737217903E0,9.788807066E0
1.087722452E1,-7.733271718E-1,-6.296750307E-1,9.732429504E0,9.783389475E0
1.087922409E1,-7.709329724E-1,-6.296750307E-1,9.734824181E0,9.785582769E0
1.088122362E1,-7.757213712E-1,-6.368576288E-1,9.732429504E0,9.784043916E0
1.088322241E1,-7.709329724E-1,-6.344634295E-1,9.732429504E0,9.783509879E0
1.088522159E1,-7.781155705E-1,-6.344634295E-1,9.737217903E0,9.788841616E0
1.088722167E1,-7.757213712E-1,-6.248866320E-1,9.734824181E0,9.785654233E0
1.088922194E1,-7.613561153E-1,-6.248866320E-1,9.732429504E0,9.782143451E0
1.089122014E1,-7.661445141E-1,-6.248866320E-1,9.732429504E0,9.782517303E0
1.089321960E1,-7.852981687E-1,-6.224924326E-1,9.746794701E0,9.798173145E0
1.089521940E1,-7.757213712E-1,-6.224924326E-1,9.742006302E0,9.792646591E0
1.089721921E1,-7.685387731E-1,-6.129156351E-1,9.737217903E0,9.786711905E0
1.089921827E1,-7.661445141E-1,-6.105214357E-1,9.732429504E0,9.781610189E0
1.090121678E1,-7.709329724E-1,-6.344634295E-1,9.739612579E0,9.790655478E0
1.090321679E1,-7.613561153E-1,-6.224924326E-1,9.739612579E0,9.789137508E0
1.090521604E1,-7.637503147E-1,-6.200982332E-1,9.742006302E0,9.791553664E0
1.090721596E1,-7.685387731E-1,-6.200982332E-1,9.732429504E0,9.782400407E0
1.090921600E1,-7.685387731E-1,-6.248866320E-1,9.732429504E0,9.782705107E0
1.091121616E1,-7.757213712E-1,-6.296750307E-1,9.727641106E0,9.778815663E0
1.091321573E1,-7.685387731E-1,-6.248866320E-1,9.734824181E0,9.785087479E0
1.091521511E1,-7.637503147E-1,-6.248866320E-1,9.742006302E0,9.791858079E0
1.091721366E1,-7.565677166E-1,-6.248866320E-1,9.744400978E0,9.793683088E0
1.091921272E1,-7.637503147E-1,-6.248866320E-1,9.727641106E0,9.777566125E0
1.092121222E1,-7.661445141E-1,-6.344634295E-1,9.725247383E0,9.775988846E0
1.092321218E1,-7.709329724E-1,-6.368576288E-1,9.730035782E0,9.781284251E0
1.092521050E1,-7.613561153E-1,-6.320692301E-1,9.737217903E0,9.787368755E0
1.092720917E1,-7.685387731E-1,-6.344634295E-1,9.734824181E0,9.785703731E0
1.092920764E1,-7.661445141E-1,-6.320692301E-1,9.730035782E0,9.780597387E0
1.093120706E1,-7.661445141E-1,-6.200982332E-1,9.725247383E0,9.775067053E0
1.093320675E1,-7.661445141E-1,-6.248866320E-1,9.742006302E0,9.792045114E0
1.093520585E1,-7.637503147E-1,-6.272808313E-1,9.734824181E0,9.784865743E0
1.093720561E1,-7.685387731E-1,-6.296750307E-1,9.730035782E0,9.780630798E0
1.093920593E1,-7.661445141E-1,-6.296750307E-1,9.739612579E0,9.789970442E0
1.094120569E1,-7.733271718E-1,-6.224924326E-1,9.746794701E0,9.797220967E0
1.094320624E1,-7.757213712E-1,-6.272808313E-1,9.737217903E0,9.788188667E0
1.094520620E1,-7.733271718E-1,-6.200982332E-1,9.737217903E0,9.787541531E0
1.094720651E1,-7.685387731E-1,-6.248866320E-1,9.737217903E0,9.787468909E0
1.094920616E1,-7.613561153E-1,-6.344634295E-1,9.742006302E0,9.792287463E0
1.095120538E1,-7.685387731E-1,-6.320692301E-1,9.734824181E0,9.785548793E0
1.095320436E1,-7.685387731E-1,-6.248866320E-1,9.734824181E0,9.785087479E0
1.095520268E1,-7.757213712E-1,-6.177040339E-1,9.725247383E0,9.775670748E0
1.095720159E1,-7.685387731E-1,-6.129156351E-1,9.732429504E0,9.781947734E0
1.095920030E1,-7.661445141E-1,-6.200982332E-1,9.730035782E0,9.779831059E0
1.096120003E1,-7.637503147E-1,-6.224924326E-1,9.720458984E0,9.770267869E0
1.096319952E1,-7.565677166E-1,-6.177040339E-1,9.732429504E0,9.781315711E0
1.096519846E1,-7.613561153E-1,-6.153098345E-1,9.737217903E0,9.786300722E0
1.096719737E1,-7.685387731E-1,-6.129156351E-1,9.737217903E0,9.786711905E0
1.096919647E1,-7.709329724E-1,-6.153098345E-1,9.732429504E0,9.782286435E0
1.097119620E1,-7.781155705E-1,-6.224924326E-1,9.732429504E0,9.783309498E0
1.097319600E1,-7.709329724E-1,-6.200982332E-1,9.727641106E0,9.777824960E0
1.097519593E1,-7.637503147E-1,-6.248866320E-1,9.718064308E0,9.768038275E0
1.097719667E1,-7.661445141E-1,-6.272808313E-1,9.725247383E0,9.775525322E0
1.097919749E1,-7.637503147E-1,-6.248866320E-1,9.730035782E0,9.779948577E0
1.098119702E1,-7.685387731E-1,-6.177040339E-1,9.727641106E0,9.777484932E0
1.098319636E1,-7.637503147E-1,-6.272808313E-1,9.730035782E0,9.780101845E0
1.098519585E1,-7.613561153E-1,-6.320692301E-1,9.732429504E0,9.782604904E0
1.098719507E1,-7.613561153E-1,-6.344634295E-1,9.734824181E0,9.785142248E0
1.098919475E1,-7.685387731E-1,-6.368576288E-1,9.739612579E0,9.790622691E0
1.099119479E1,-7.709329724E-1,-6.272808313E-1,9.739612579E0,9.790192648E0
1.099319522E1,-7.709329724E-1,-6.344634295E-1,9.737217903E0,9.788273289E0
1.099519495E1,-7.685387731E-1,-6.296750307E-1,9.727641106E0,9.778248512E0
1.099719507E1,-7.637503147E-1,-6.320692301E-1,9.732429504E0,9.782791530E0
1.099919511E1,-7.661445141E-1,-6.320692301E-1,9.739612579E0,9.790124725E0
1.100119425E1,-7.685387731E-1,-6.296750307E-1,9.739612579E0,9.790158103E0
1.100319366E1,-7.613561153E-1,-6.344634295E-1,9.742006302E0,9.792287463E0
1.100519374E1,-7.709329724E-1,-6.368576288E-1,9.739612579E0,9.790810921E0
1.100719304E1,-7.829039693E-1,-6.296750307E-1,9.725247383E0,9.777007003E0
1.100919214E1,-7.685387731E-1,-6.248866320E-1,9.734824181E0,9.785087479E0
1.101119233E1,-7.709329724E-1,-6.296750307E-1,9.739612579E0,9.790346342E0
1.101319229E1,-7.613561153E-1,-6.392518282E-1,9.744400978E0,9.794981187E0
1.101519104E1,-7.661445141E-1,-6.392518282E-1,9.746794701E0,9.797735823E0
1.101718987E1,-7.661445141E-1,-6.368576288E-1,9.737217903E0,9.788052797E0
1.101919015E1,-7.757213712E-1,-6.344634295E-1,9.737217903E0,9.788651592E0
1.102119061E1,-7.685387731E-1,-6.272808313E-1,9.737217903E0,9.787622060E0
1.102319077E1,-7.685387731E-1,-6.320692301E-1,9.749189377E0,9.799839635E0
1.102519100E1,-7.733271718E-1,-6.200982332E-1,9.739612579E0,9.789923898E0
1.102719093E1,-7.757213712E-1,-6.344634295E-1,9.744400978E0,9.795796951E0
1.102919050E1,-7.733271718E-1,-6.200982332E-1,9.746794701E0,9.797069137E0
1.103118952E1,-7.757213712E-1,-6.177040339E-1,9.739612579E0,9.789961957E0
1.103318850E1,-7.661445141E-1,-6.272808313E-1,9.732429504E0,9.782670531E0
1.103518678E1,-7.661445141E-1,-6.200982332E-1,9.730035782E0,9.779831059E0
1.103718530E1,-7.637503147E-1,-6.248866320E-1,9.739612579E0,9.789476546E0
1.103918507E1,-7.589619160E-1,-6.224924326E-1,9.739612579E0,9.788951589E0
1.104118491E1,-7.685387731E-1,-6.368576288E-1,9.730035782E0,9.781095838E0
1.104318425E1,-7.661445141E-1,-6.368576288E-1,9.737217903E0,9.788052797E0
1.104518268E1,-7.613561153E-1,-6.368576288E-1,9.732429504E0,9.782915457E0
1.104718167E1,-7.637503147E-1,-6.344634295E-1,9.727641106E0,9.778182851E0
1.104918026E1,-7.565677166E-1,-6.320692301E-1,9.732429504E0,9.782233399E0
1.105118081E1,-7.613561153E-1,-6.320692301E-1,9.732429504E0,9.782604904E0
1.105318069E1,-7.637503147E-1,-6.320692301E-1,9.727641106E0,9.778027794E0
1.105518140E1,-7.613561153E-1,-6.296750307E-1,9.734824181E0,9.784832937E0
1.105718143E1,-7.565677166E-1,-6.272808313E-1,9.739612579E0,9.789071925E0
1.105918007E1,-7.589619160E-1,-6.296750307E-1,9.737217903E0,9.787028473E0
1.106117999E1,-7.685387731E-1,-6.248866320E-1,9.730035782E0,9.780323689E0
1.106318081E1,-7.709329724E-1,-6.296750307E-1,9.737217903E0,9.787964078E0
1.106518054E1,-7.757213712E-1,-6.272808313E-1,9.739612579E0,9.790570876E0
1.106718034E1,-7.637503147E-1,-6.296750307E-1,9.739612579E0,9.789783368E0
1.106917917E1,-7.637503147E-1,-6.320692301E-1,9.739612579E0,9.789937653E0
1.107117764E1,-7.637503147E-1,-6.296750307E-1,9.746794701E0,9.796928709E0
1.107317686E1,-7.709329724E-1,-6.248866320E-1,9.739612579E0,9.790039538E0
1.107517698E1,-7.781155705E-1,-6.224924326E-1,9.732429504E0,9.783309498E0
1.107717698E1,-7.685387731E-1,-6.272808313E-1,9.732429504E0,9.782858332E0
1.107917725E1,-7.709329724E-1,-6.296750307E-1,9.732429504E0,9.783200517E0
1.108117741E1,-7.733271718E-1,-6.272808313E-1,9.732429504E0,9.783235672E0
1.108317780E1,-7.733271718E-1,-6.320692301E-1,9.732429504E0,9.783543861E0
1.108517737E1,-7.637503147E-1,-6.248866320E-1,9.739612579E0,9.789476546E0
1.108717835E1,-7.589619160E-1,-6.368576288E-1,9.737217903E0,9.787493209E0
1.108917854E1,-7.685387731E-1,-6.272808313E-1,9.739612579E0,9.790004407E0
1.109117788E1,-7.613561153E-1,-6.296750307E-1,9.744400978E0,9.794360837E0
1.109317690E1,-7.589619160E-1,-6.272808313E-1,9.742006302E0,9.791638842E0
1.109517616E1,-7.613561153E-1,-6.224924326E-1,9.742006302E0,9.791519124E0
1.109717554E1,-7.613561153E-1,-6.248866320E-1,9.742006302E0,9.791671626E0
1.109917491E1,-7.661445141E-1,-6.224924326E-1,9.732429504E0,9.782364658E0
1.110117393E1,-7.685387731E-1,-6.272808313E-1,9.742006302E0,9.792385811E0
1.110317319E1,-7.685387731E-1,-6.200982332E-1,9.742006302E0,9.791928332E0
1.110517241E1,-7.685387731E-1,-6.224924326E-1,9.742006302E0,9.792080242E0
1.110717136E1,-7.685387731E-1,-6.248866320E-1,9.737217903E0,9.787468909E0
1.110917132E1,-7.709329724E-1,-6.248866320E-1,9.737217903E0,9.787657199E0
1.111117093E1,-7.685387731E-1,-6.296750307E-1,9.746794701E0,9.797303171E0
1.111317046E1,-7.757213712E-1,-6.296750307E-1,9.725247383E0,9.776434470E0
1.111517116E1,-7.661445141E-1,-6.248866320E-1,9.730035782E0,9.780135839E0
1.111717097E1,-7.733271718E-1,-6.272808313E-1,9.737217903E0,9.787999216E0
1.111917050E1,-7.661445141E-1,-6.224924326E-1,9.730035782E0,9.779983158E0
1.112117026E1,-7.613561153E-1,-6.296750307E-1,9.734824181E0,9.784832937E0
1.112317050E1,-7.613561153E-1,-6.320692301E-1,9.727641106E0,9.777841077E0
1.112516987E1,-7.661445141E-1,-6.296750307E-1,9.727641106E0,9.778060623E0
1.112716905E1,-7.613561153E-1,-6.296750307E-1,9.734824181E0,9.784832937E0
1.112916952E1,-7.685387731E-1,-6.344634295E-1,9.732429504E0,9.783321509E0
1.113117030E1,-7.685387731E-1,-6.272808313E-1,9.737217903E0,9.787622060E0
1.113316932E1,-7.637503147E-1,-6.320692301E-1,9.732429504E0,9.782791530E0
1.113516917E1,-7.685387731E-1,-6.320692301E-1,9.730035782E0,9.780785228E0
1.113716815E1,-7.733271718E-1,-6.320692301E-1,9.732429504E0,9.783543861E0
1.113916847E1,-7.685387731E-1,-6.320692301E-1,9.737217903E0,9.787930111E0
1.114116823E1,-7.661445141E-1,-6.320692301E-1,9.732429504E0,9.782978738E0
1.114316800E1,-7.685387731E-1,-6.296750307E-1,9.737217903E0,9.787775793E0
1.114516776E1,-7.733271718E-1,-6.105214357E-1,9.737217903E0,9.786939452E0
1.114716725E1,-7.685387731E-1,-6.272808313E-1,9.744400978E0,9.794768170E0
1.114916792E1,-7.613561153E-1,-6.320692301E-1,9.742006302E0,9.792132629E0
1.115116733E1,-7.709329724E-1,-6.272808313E-1,9.756371498E0,9.806865131E0
1.115316843E1,-7.685387731E-1,-6.296750307E-1,9.732429504E0,9.783012141E0
1.115516940E1,-7.661445141E-1,-6.224924326E-1,9.749189377E0,9.799039124E0
1.115716960E1,-7.709329724E-1,-6.320692301E-1,9.746794701E0,9.797645436E0
1.115916952E1,-7.685387731E-1,-6.296750307E-1,9.744400978E0,9.794921792E0
1.116116964E1,-7.709329724E-1,-6.296750307E-1,9.744400978E0,9.795109939E0
1.116316909E1,-7.685387731E-1,-6.224924326E-1,9.742006302E0,9.792080242E0
1.116516831E1,-7.637503147E-1,-6.248866320E-1,9.732429504E0,9.782330086E0
1.116716776E1,-7.637503147E-1,-6.248866320E-1,9.732429504E0,9.782330086E0
1.116916604E1,-7.613561153E-1,-6.177040339E-1,9.732429504E0,9.781687250E0
1.117116542E1,-7.613561153E-1,-6.177040339E-1,9.746794701E0,9.795980214E0
1.117316440E1,-7.709329724E-1,-6.177040339E-1,9.742006302E0,9.791965212E0
1.117516370E1,-7.661445141E-1,-6.200982332E-1,9.727641106E0,9.777448579E0
1.117716436E1,-7.685387731E-1,-6.177040339E-1,9.732429504E0,9.782248932E0
1.117916456E1,-7.613561153E-1,-6.200982332E-1,9.720458984E0,9.769928752E0
1.118116534E1,-7.757213712E-1,-6.272808313E-1,9.732429504E0,9.783425215E0
1.118316479E1,-7.733271718E-1,-6.224924326E-1,9.727641106E0,9.778166148E0
1.118516428E1,-7.781155705E-1,-6.320692301E-1,9.727641106E0,9.779160334E0
1.118716432E1,-7.661445141E-1,-6.296750307E-1,9.739612579E0,9.789970442E0
1.118916393E1,-7.661445141E-1,-6.224924326E-1,9.734824181E0,9.784747113E0
1.119116409E1,-7.685387731E-1,-6.200982332E-1,9.742006302E0,9.791928332E0
1.119316421E1,-7.685387731E-1,-6.296750307E-1,9.734824181E0,9.785394439E0
1.119516468E1,-7.709329724E-1,-6.296750307E-1,9.742006302E0,9.792727663E0
1.119716409E1,-7.709329724E-1,-6.296750307E-1,9.734824181E0,9.785582769E0
1.119916432E1,-7.733271718E-1,-6.248866320E-1,9.730035782E0,9.780701127E0
1.120116432E1,-7.733271718E-1,-6.224924326E-1,9.727641106E0,9.778166148E0
1.120316456E1,-7.637503147E-1,-6.200982332E-1,9.730035782E0,9.779643791E0
1.120516495E1,-7.637503147E-1,-6.224924326E-1,9.739612579E0,9.789324010E0
1.120716554E1,-7.685387731E-1,-6.296750307E-1,9.727641106E0,9.778248512E0
1.120916507E1,-7.685387731E-1,-6.488286853E-1,9.722852707E0,9.774737606E0
1.121116475E1,-7.613561153E-1,-6.416460276E-1,9.742006302E0,9.792755462E0
1.121316366E1,-7.709329724E-1,-6.392518282E-1,9.739612579E0,9.790966946E0
1.121516276E1,-7.685387731E-1,-6.296750307E-1,9.730035782E0,9.780630798E0
1.121716175E1,-7.685387731E-1,-6.368576288E-1,9.727641106E0,9.778713666E0
1.121916167E1,-7.661445141E-1,-6.296750307E-1,9.730035782E0,9.780442954E0
1.122116140E1,-7.685387731E-1,-6.248866320E-1,9.732429504E0,9.782705107E0
1.122316046E1,-7.733271718E-1,-6.224924326E-1,9.732429504E0,9.782929817E0
1.122515975E1,-7.637503147E-1,-6.200982332E-1,9.737217903E0,9.786789507E0
1.122715893E1,-7.661445141E-1,-6.320692301E-1,9.739612579E0,9.790124725E0
1.122915866E1,-7.661445141E-1,-6.320692301E-1,9.742006302E0,9.792506100E0
1.123115925E1,-7.613561153E-1,-6.344634295E-1,9.739612579E0,9.789906035E0
1.123315886E1,-7.637503147E-1,-6.224924326E-1,9.727641106E0,9.777413403E0
1.123515780E1,-7.661445141E-1,-6.248866320E-1,9.722852707E0,9.772989588E0
1.123715757E1,-7.637503147E-1,-6.296750307E-1,9.730035782E0,9.780255697E0
1.123915749E1,-7.565677166E-1,-6.272808313E-1,9.730035782E0,9.779543561E0
1.124115718E1,-7.661445141E-1,-6.296750307E-1,9.734824181E0,9.785206686E0
1.124315718E1,-7.565677166E-1,-6.296750307E-1,9.737217903E0,9.786843099E0
1.124515788E1,-7.589619160E-1,-6.320692301E-1,9.739612579E0,9.789565256E0
1.124715667E1,-7.637503147E-1,-6.272808313E-1,9.734824181E0,9.784865743E0
1.124915620E1,-7.661445141E-1,-6.296750307E-1,9.722852707E0,9.773296927E0
1.125115472E1,-7.709329724E-1,-6.248866320E-1,9.727641106E0,9.778129802E0
1.125315343E1,-7.661445141E-1,-6.200982332E-1,9.730035782E0,9.779831059E0
1.125515311E1,-7.637503147E-1,-6.296750307E-1,9.732429504E0,9.782637131E0
1.125715253E1,-7.613561153E-1,-6.320692301E-1,9.744400978E0,9.794515050E0
1.125915206E1,-7.637503147E-1,-6.296750307E-1,9.742006302E0,9.792164826E0
1.126115136E1,-7.661445141E-1,-6.248866320E-1,9.734824181E0,9.784899721E0
1.126315140E1,-7.709329724E-1,-6.320692301E-1,9.732429504E0,9.783354906E0
1.126515128E1,-7.661445141E-1,-6.296750307E-1,9.742006302E0,9.792351855E0
1.126715089E1,-7.637503147E-1,-6.320692301E-1,9.737217903E0,9.787555290E0
1.126915007E1,-7.733271718E-1,-6.272808313E-1,9.737217903E0,9.787999216E0
1.127114960E1,-7.709329724E-1,-6.224924326E-1,9.737217903E0,9.787504634E0
1.127314952E1,-7.757213712E-1,-6.248866320E-1,9.737217903E0,9.788035525E0
1.127514831E1,-7.685387731E-1,-6.320692301E-1,9.739612579E0,9.790312383E0
1.127714772E1,-7.685387731E-1,-6.296750307E-1,9.734824181E0,9.785394439E0
1.127914780E1,-7.637503147E-1,-6.200982332E-1,9.730035782E0,9.779643791E0
1.128114815E1,-7.685387731E-1,-6.320692301E-1,9.737217903E0,9.787930111E0
1.128314800E1,-7.661445141E-1,-6.344634295E-1,9.737217903E0,9.787897310E0
1.128514784E1,-7.805097699E-1,-6.177040339E-1,9.734824181E0,9.785578961E0
1.128714796E1,-7.709329724E-1,-6.248866320E-1,9.742006302E0,9.792420933E0
1.128914835E1,-7.613561153E-1,-6.272808313E-1,9.742006302E0,9.791824711E0
1.129114921E1,-7.637503147E-1,-6.296750307E-1,9.739612579E0,9.789783368E0
1.129314925E1,-7.565677166E-1,-6.320692301E-1,9.742006302E0,9.791761486E0
1.129514901E1,-7.541735172E-1,-6.272808313E-1,9.730035782E0,9.779358632E0
1.129714893E1,-7.517793179E-1,-6.320692301E-1,9.732429504E0,9.781864225E0
1.129914917E1,-7.565677166E-1,-6.248866320E-1,9.727641106E0,9.777007696E0
1.130114995E1,-7.565677166E-1,-6.248866320E-1,9.730035782E0,9.779390284E0
1.130315042E1,-7.589619160E-1,-6.296750307E-1,9.732429504E0,9.782264456E0
1.130515030E1,-7.709329724E-1,-6.344634295E-1,9.730035782E0,9.781128657E0
1.130715007E1,-7.661445141E-1,-6.248866320E-1,9.739612579E0,9.789663626E0
1.130915069E1,-7.661445141E-1,-6.248866320E-1,9.744400978E0,9.794427556E0
1.131115151E1,-7.733271718E-1,-6.248866320E-1,9.746794701E0,9.797373380E0
1.131315155E1,-7.733271718E-1,-6.272808313E-1,9.744400978E0,9.795145051E0
1.131515233E1,-7.709329724E-1,-6.368576288E-1,9.739612579E0,9.790810921E0
1.131715222E1,-7.709329724E-1,-6.296750307E-1,9.746794701E0,9.797491272E0
1.131915237E1,-7.637503147E-1,-6.200982332E-1,9.739612579E0,9.789172057E0
1.132115296E1,-7.589619160E-1,-6.248866320E-1,9.742006302E0,9.791485754E0
1.132315370E1,-7.613561153E-1,-6.224924326E-1,9.746794701E0,9.796283321E0
1.132515409E1,-7.589619160E-1,-6.320692301E-1,9.739612579E0,9.789565256E0
1.132715428E1,-7.685387731E-1,-6.296750307E-1,9.737217903E0,9.787775793E0
1.132915401E1,-7.709329724E-1,-6.296750307E-1,9.727641106E0,9.778436980E0
1.133115339E1,-7.661445141E-1,-6.224924326E-1,9.727641106E0,9.777600714E0
1.133315210E1,-7.637503147E-1,-6.296750307E-1,9.730035782E0,9.780255697E0
1.133515124E1,-7.589619160E-1,-6.272808313E-1,9.730035782E0,9.779729073E0
1.133715069E1,-7.709329724E-1,-6.272808313E-1,9.725247383E0,9.775901777E0
1.133915061E1,-7.637503147E-1,-6.296750307E-1,9.730035782E0,9.780255697E0
1.134115014E1,-7.685387731E-1,-6.248866320E-1,9.737217903E0,9.787468909E0
1.134314925E1,-7.685387731E-1,-6.320692301E-1,9.737217903E0,9.787930111E0
1.134514807E1,-7.709329724E-1,-6.320692301E-1,9.739612579E0,9.790500618E0
1.134714643E1,-7.733271718E-1,-6.272808313E-1,9.742006302E0,9.792762784E0
1.134914518E1,-7.637503147E-1,-6.224924326E-1,9.732429504E0,9.782177438E0
1.135114378E1,-7.637503147E-1,-6.272808313E-1,9.734824181E0,9.784865743E0
1.135314346E1,-7.637503147E-1,-6.248866320E-1,9.720458984E0,9.770420703E0
1.135514241E1,-7.685387731E-1,-6.272808313E-1,9.722852707E0,9.773330949E0
1.135714202E1,-7.637503147E-1,-6.320692301E-1,9.737217903E0,9.787555290E0
1.135914022E1,-7.685387731E-1,-6.296750307E-1,9.734824181E0,9.785394439E0
1.136113991E1,-7.685387731E-1,-6.344634295E-1,9.746794701E0,9.797612088E0
1.136313991E1,-7.637503147E-1,-6.248866320E-1,9.746794701E0,9.796622111E0
1.136513995E1,-7.733271718E-1,-6.200982332E-1,9.739612579E0,9.789923898E0
1.136713983E1,-7.781155705E-1,-6.344634295E-1,9.734824181E0,9.786460520E0
1.136913929E1,-7.685387731E-1,-6.248866320E-1,9.742006302E0,9.792232735E0
1.137113940E1,-7.781155705E-1,-6.320692301E-1,9.742006302E0,9.793449961E0
1.137313983E1,-7.661445141E-1,-6.320692301E-1,9.742006302E0,9.792506100E0
1.137513975E1,-7.661445141E-1,-6.296750307E-1,9.732429504E0,9.782824343E0
1.137714007E1,-7.685387731E-1,-6.320692301E-1,9.730035782E0,9.780785228E0
1.137913960E1,-7.709329724E-1,-6.344634295E-1,9.727641106E0,9.778746493E0
1.138113847E1,-7.637503147E-1,-6.248866320E-1,9.727641106E0,9.777566125E0
1.138313909E1,-7.613561153E-1,-6.224924326E-1,9.730035782E0,9.779609209E0
1.138513905E1,-7.661445141E-1,-6.248866320E-1,9.727641106E0,9.777753433E0
1.138713925E1,-7.637503147E-1,-6.320692301E-1,9.734824181E0,9.785173881E0
1.138913991E1,-7.637503147E-1,-6.224924326E-1,9.737217903E0,9.786941497E0
1.139114069E1,-7.661445141E-1,-6.200982332E-1,9.730035782E0,9.779831059E0
1.139314140E1,-7.661445141E-1,-6.177040339E-1,9.734824181E0,9.784443649E0
1.139514104E1,-7.565677166E-1,-6.320692301E-1,9.722852707E0,9.772705407E0
1.139714077E1,-7.661445141E-1,-6.320692301E-1,9.727641106E0,9.778215093E0
1.139914034E1,-7.661445141E-1,-6.320692301E-1,9.739612579E0,9.790124725E0
1.140114003E1,-7.589619160E-1,-6.272808313E-1,9.742006302E0,9.791638842E0
1.140313975E1,-7.613561153E-1,-6.224924326E-1,9.732429504E0,9.781990800E0
1.140513995E1,-7.637503147E-1,-6.272808313E-1,9.725247383E0,9.775337971E0
1.140713991E1,-7.613561153E-1,-6.344634295E-1,9.725247383E0,9.775614745E0
1.140914011E1,-7.637503147E-1,-6.344634295E-1,9.734824181E0,9.785328825E0
1.141114050E1,-7.661445141E-1,-6.272808313E-1,9.737217903E0,9.787434350E0
1.141314077E1,-7.709329724E-1,-6.320692301E-1,9.732429504E0,9.783354906E0
1.141514014E1,-7.661445141E-1,-6.320692301E-1,9.737217903E0,9.787742407E0
1.141713956E1,-7.661445141E-1,-6.344634295E-1,9.737217903E0,9.787897310E0
1.141914011E1,-7.781155705E-1,-6.272808313E-1,9.744400978E0,9.795524259E0
1.142114151E1,-7.709329724E-1,-6.248866320E-1,9.730035782E0,9.780512117E0
1.142314253E1,-7.733271718E-1,-6.248866320E-1,9.727641106E0,9.778318858E0
1.142514229E1,-7.661445141E-1,-6.272808313E-1,9.734824181E0,9.785052912E0
1.142714159E1,-7.613561153E-1,-6.296750307E-1,9.739612579E0,9.789596875E0
1.142914116E1,-7.589619160E-1,-6.248866320E-1,9.739612579E0,9.789104131E0
1.143114096E1,-7.709329724E-1,-6.248866320E-1,9.744400978E0,9.794803284E0
1.143314077E1,-7.661445141E-1,-6.153098345E-1,9.739612579E0,9.789056993E0
1.143514057E1,-7.661445141E-1,-6.105214357E-1,9.739612579E0,9.788757175E0
1.143713968E1,-7.637503147E-1,-6.153098345E-1,9.732429504E0,9.781722997E0
1.143913944E1,-7.685387731E-1,-6.129156351E-1,9.732429504E0,9.781947734E0
1.144113932E1,-7.661445141E-1,-6.248866320E-1,9.722852707E0,9.772989588E0
1.144313882E1,-7.637503147E-1,-6.248866320E-1,9.720458984E0,9.770420703E0
1.144513847E1,-7.661445141E-1,-6.296750307E-1,9.706093788E0,9.756624656E0
1.144713804E1,-7.637503147E-1,-6.296750307E-1,9.715670586E0,9.765964372E0
1.144913839E1,-7.637503147E-1,-6.368576288E-1,9.725247383E0,9.775957183E0
1.145113886E1,-7.589619160E-1,-6.248866320E-1,9.718064308E0,9.767665043E0
1.145313862E1,-7.589619160E-1,-6.272808313E-1,9.720458984E0,9.770200986E0
1.145513854E1,-7.613561153E-1,-6.272808313E-1,9.718064308E0,9.768004826E0
1.145713921E1,-7.637503147E-1,-6.320692301E-1,9.737217903E0,9.787555290E0
1.145914007E1,-7.685387731E-1,-6.368576288E-1,9.737217903E0,9.788240495E0
1.146114100E1,-7.661445141E-1,-6.416460276E-1,9.737217903E0,9.788365519E0
1.146314245E1,-7.661445141E-1,-6.320692301E-1,9.730035782E0,9.780597387E0
1.146514319E1,-7.637503147E-1,-6.224924326E-1,9.746794701E0,9.796469686E0
1.146714401E1,-7.661445141E-1,-6.272808313E-1,9.739612579E0,9.789816743E0
1.146914499E1,-7.685387731E-1,-6.272808313E-1,9.725247383E0,9.775713260E0
1.147114577E1,-7.685387731E-1,-6.248866320E-1,9.727641106E0,9.777941329E0
1.147314604E1,-7.733271718E-1,-6.224924326E-1,9.720458984E0,9.771021165E0
1.147514565E1,-7.757213712E-1,-6.248866320E-1,9.722852707E0,9.773745020E0
1.147714487E1,-7.733271718E-1,-6.200982332E-1,9.727641106E0,9.778014022E0
1.147914405E1,-7.709329724E-1,-6.272808313E-1,9.742006302E0,9.792574007E0
1.148114315E1,-7.709329724E-1,-6.344634295E-1,9.737217903E0,9.788273289E0
1.148314265E1,-7.661445141E-1,-6.224924326E-1,9.722852707E0,9.772836794E0
1.148514206E1,-7.709329724E-1,-6.224924326E-1,9.734824181E0,9.785123214E0
1.148714073E1,-7.685387731E-1,-6.200982332E-1,9.732429504E0,9.782400407E0
1.148914011E1,-7.733271718E-1,-6.177040339E-1,9.737217903E0,9.787390136E0
1.149113975E1,-7.757213712E-1,-6.177040339E-1,9.732429504E0,9.782815851E0
1.149314120E1,-7.757213712E-1,-6.248866320E-1,9.727641106E0,9.778508497E0
1.149514202E1,-7.637503147E-1,-6.177040339E-1,9.730035782E0,9.779492274E0
1.149714264E1,-7.685387731E-1,-6.224924326E-1,9.734824181E0,9.784934875E0
1.149914304E1,-7.733271718E-1,-6.153098345E-1,9.744400978E0,9.794385715E0
1.150114315E1,-7.733271718E-1,-6.224924326E-1,9.742006302E0,9.792457226E0
1.150314362E1,-7.685387731E-1,-6.224924326E-1,9.751583099E0,9.801608114E0
1.150514362E1,-7.589619160E-1,-6.200982332E-1,9.756371498E0,9.805474482E0
1.150714413E1,-7.589619160E-1,-6.177040339E-1,9.739612579E0,9.788648255E0
1.150914448E1,-7.565677166E-1,-6.224924326E-1,9.737217903E0,9.786383603E0
1.151114483E1,-7.565677166E-1,-6.224924326E-1,9.739612579E0,9.788766252E0
1.151314565E1,-7.493851185E-1,-6.272808313E-1,9.739612579E0,9.788519423E0
1.151514632E1,-7.517793179E-1,-6.272808313E-1,9.732429504E0,9.781555983E0
1.151714725E1,-7.565677166E-1,-6.153098345E-1,9.732429504E0,9.781164806E0
1.151914800E1,-7.565677166E-1,-6.177040339E-1,9.737217903E0,9.786080190E0
1.152114847E1,-7.517793179E-1,-6.200982332E-1,9.730035782E0,9.778716188E0
1.152314882E1,-7.613561153E-1,-6.248866320E-1,9.722852707E0,9.772615371E0
1.152514940E1,-7.685387731E-1,-6.248866320E-1,9.742006302E0,9.792232735E0
1.152714804E1,-7.685387731E-1,-6.296750307E-1,9.739612579E0,9.790158103E0
1.152914655E1,-7.685387731E-1,-6.248866320E-1,9.725247383E0,9.775559923E0
1.153114542E1,-7.709329724E-1,-6.248866320E-1,9.727641106E0,9.778129802E0
1.153314542E1,-7.709329724E-1,-6.224924326E-1,9.732429504E0,9.782740850E0
1.153514526E1,-7.733271718E-1,-6.153098345E-1,9.737217903E0,9.787239325E0
1.153714554E1,-7.709329724E-1,-6.153098345E-1,9.737217903E0,9.787050441E0
1.153914518E1,-7.709329724E-1,-6.224924326E-1,9.734824181E0,9.785123214E0
1.154114554E1,-7.757213712E-1,-6.272808313E-1,9.727641106E0,9.778661788E0
1.154314659E1,-7.733271718E-1,-6.248866320E-1,9.730035782E0,9.780701127E0
1.154514675E1,-7.781155705E-1,-6.344634295E-1,9.737217903E0,9.788841616E0
1.154714729E1,-7.733271718E-1,-6.344634295E-1,9.727641106E0,9.778935537E0
1.154914710E1,-7.661445141E-1,-6.392518282E-1,9.718064308E0,9.769155246E0
1.155114714E1,-7.661445141E-1,-6.368576288E-1,9.739612579E0,9.790435039E0
1.155314706E1,-7.709329724E-1,-6.272808313E-1,9.737217903E0,9.787810347E0
1.155514788E1,-7.709329724E-1,-6.296750307E-1,9.739612579E0,9.790346342E0
1.155714870E1,-7.661445141E-1,-6.248866320E-1,9.739612579E0,9.789663626E0
1.155914925E1,-7.685387731E-1,-6.248866320E-1,9.744400978E0,9.794615131E0
1.156114940E1,-7.661445141E-1,-6.248866320E-1,9.737217903E0,9.787281196E0
1.156315050E1,-7.613561153E-1,-6.200982332E-1,9.730035782E0,9.779457105E0
1.156515120E1,-7.613561153E-1,-6.177040339E-1,9.727641106E0,9.776922976E0
1.156715194E1,-7.661445141E-1,-6.200982332E-1,9.725247383E0,9.775067053E0
1.156915233E1,-7.709329724E-1,-6.224924326E-1,9.727641106E0,9.777977089E0
1.157115284E1,-7.709329724E-1,-6.368576288E-1,9.734824181E0,9.786047574E0
1.157315354E1,-7.733271718E-1,-6.248866320E-1,9.730035782E0,9.780701127E0
1.157515401E1,-7.637503147E-1,-6.272808313E-1,9.732429504E0,9.782483317E0
1.157715464E1,-7.661445141E-1,-6.368576288E-1,9.720458984E0,9.771381065E0
1.157915444E1,-7.565677166E-1,-6.392518282E-1,9.734824181E0,9.785082495E0
1.158115382E1,-7.565677166E-1,-6.368576288E-1,9.742006302E0,9.792071749E0
1.158315300E1,-7.637503147E-1,-6.320692301E-1,9.739612579E0,9.789937653E0
1.158515210E1,-7.661445141E-1,-6.368576288E-1,9.739612579E0,9.790435039E0
1.158715132E1,-7.661445141E-1,-6.368576288E-1,9.737217903E0,9.788052797E0
1.158915046E1,-7.685387731E-1,-6.392518282E-1,9.730035782E0,9.781252019E0
1.159115026E1,-7.757213712E-1,-6.224924326E-1,9.737217903E0,9.787882967E0
1.159315042E1,-7.709329724E-1,-6.320692301E-1,9.737217903E0,9.788118392E0
1.159515034E1,-7.661445141E-1,-6.392518282E-1,9.737217903E0,9.788208866E0
1.159715073E1,-7.757213712E-1,-6.368576288E-1,9.732429504E0,9.784043916E0
1.159915136E1,-7.685387731E-1,-6.296750307E-1,9.734824181E0,9.785394439E0
1.160115077E1,-7.613561153E-1,-6.248866320E-1,9.734824181E0,9.784525960E0
1.160315112E1,-7.613561153E-1,-6.200982332E-1,9.732429504E0,9.781838734E0
1.160515061E1,-7.661445141E-1,-6.272808313E-1,9.725247383E0,9.775525322E0
1.160715124E1,-7.709329724E-1,-6.272808313E-1,9.739612579E0,9.790192648E0
1.160915159E1,-7.661445141E-1,-6.320692301E-1,9.744400978E0,9.794888430E0
1.161115245E1,-7.589619160E-1,-6.344634295E-1,9.734824181E0,9.784956252E0
1.161315319E1,-7.589619160E-1,-6.296750307E-1,9.734824181E0,9.784646936E0
1.161515456E1,-7.589619160E-1,-6.177040339E-1,9.737217903E0,9.786265578E0
1.161715604E1,-7.637503147E-1,-6.320692301E-1,9.732429504E0,9.782791530E0
1.161915729E1,-7.637503147E-1,-6.368576288E-1,9.730035782E0,9.780720756E0
1.162115866E1,-7.661445141E-1,-6.368576288E-1,9.734824181E0,9.785671509E0
1.162315905E1,-7.709329724E-1,-6.272808313E-1,9.737217903E0,9.787810347E0
1.162515987E1,-7.685387731E-1,-6.177040339E-1,9.730035782E0,9.779867404E0
1.162716089E1,-7.685387731E-1,-6.296750307E-1,9.722852707E0,9.773484908E0
1.162916167E1,-7.733271718E-1,-6.320692301E-1,9.727641106E0,9.778780492E0
1.163116214E1,-7.781155705E-1,-6.320692301E-1,9.732429504E0,9.783923518E0
1.163316167E1,-7.733271718E-1,-6.224924326E-1,9.734824181E0,9.785312135E0
1.163516261E1,-7.661445141E-1,-6.248866320E-1,9.744400978E0,9.794427556E0
1.163716378E1,-7.661445141E-1,-6.296750307E-1,9.737217903E0,9.787588087E0
1.163916479E1,-7.637503147E-1,-6.272808313E-1,9.737217903E0,9.787247227E0
1.164116577E1,-7.709329724E-1,-6.296750307E-1,9.737217903E0,9.787964078E0
1.164316718E1,-7.757213712E-1,-6.296750307E-1,9.739612579E0,9.790724564E0
1.164516807E1,-7.757213712E-1,-6.320692301E-1,9.734824181E0,9.786115521E0
1.164716862E1,-7.661445141E-1,-6.368576288E-1,9.720458984E0,9.771381065E0
1.164916944E1,-7.733271718E-1,-6.296750307E-1,9.734824181E0,9.785771681E0
1.165117003E1,-7.733271718E-1,-6.368576288E-1,9.742006302E0,9.793380894E0
1.165317007E1,-7.685387731E-1,-6.296750307E-1,9.730035782E0,9.780630798E0
1.165516995E1,-7.685387731E-1,-6.200982332E-1,9.734824181E0,9.784782854E0
1.165716975E1,-7.757213712E-1,-6.200982332E-1,9.730035782E0,9.780585963E0
1.165916979E1,-7.805097699E-1,-6.248866320E-1,9.734824181E0,9.786034980E0
1.166116983E1,-7.805097699E-1,-6.272808313E-1,9.737217903E0,9.788569315E0
1.166316972E1,-7.757213712E-1,-6.248866320E-1,9.734824181E0,9.785654233E0
1.166516936E1,-7.709329724E-1,-6.248866320E-1,9.746794701E0,9.797184692E0
1.166716893E1,-7.661445141E-1,-6.224924326E-1,9.739612579E0,9.789511093E0
1.166916858E1,-7.709329724E-1,-6.320692301E-1,9.732429504E0,9.783354906E0
1.167116843E1,-7.637503147E-1,-6.224924326E-1,9.739612579E0,9.789324010E0
1.167316815E1,-7.565677166E-1,-6.177040339E-1,9.732429504E0,9.781315711E0
1.167516764E1,-7.565677166E-1,-6.200982332E-1,9.734824181E0,9.783849874E0
1.167716780E1,-7.637503147E-1,-6.224924326E-1,9.727641106E0,9.777413403E0
1.167916882E1,-7.589619160E-1,-6.272808313E-1,9.730035782E0,9.779729073E0
1.168116901E1,-7.661445141E-1,-6.272808313E-1,9.722852707E0,9.773142965E0
1.168316854E1,-7.661445141E-1,-6.248866320E-1,9.732429504E0,9.782517303E0
1.168516893E1,-7.661445141E-1,-6.320692301E-1,9.727641106E0,9.778215093E0
1.168716940E1,-7.637503147E-1,-6.296750307E-1,9.727641106E0,9.777873320E0
1.168916991E1,-7.637503147E-1,-6.320692301E-1,9.746794701E0,9.797082882E0
1.169117007E1,-7.661445141E-1,-6.344634295E-1,9.739612579E0,9.790279590E0
1.169317050E1,-7.733271718E-1,-6.248866320E-1,9.734824181E0,9.785464733E0
1.169516979E1,-7.709329724E-1,-6.224924326E-1,9.734824181E0,9.785123214E0
1.169716909E1,-7.733271718E-1,-6.153098345E-1,9.746794701E0,9.796767224E0
1.169916882E1,-7.757213712E-1,-6.224924326E-1,9.744400978E0,9.795028887E0
1.170116807E1,-7.685387731E-1,-6.248866320E-1,9.737217903E0,9.787468909E0
1.170316702E1,-7.733271718E-1,-6.200982332E-1,9.749189377E0,9.799451527E0
1.170516671E1,-7.709329724E-1,-6.296750307E-1,9.734824181E0,9.785582769E0
1.170716620E1,-7.685387731E-1,-6.320692301E-1,9.727641106E0,9.778402980E0
1.170916534E1,-7.685387731E-1,-6.129156351E-1,9.727641106E0,9.777183587E0
1.171116640E1,-7.661445141E-1,-6.344634295E-1,9.732429504E0,9.783133717E0
1.171316671E1,-7.637503147E-1,-6.320692301E-1,9.742006302E0,9.792319074E0
1.171516729E1,-7.709329724E-1,-6.320692301E-1,9.734824181E0,9.785737120E0
1.171716706E1,-7.733271718E-1,-6.248866320E-1,9.732429504E0,9.783082453E0
1.171916702E1,-7.661445141E-1,-6.224924326E-1,9.732429504E0,9.782364658E0
1.172116702E1,-7.637503147E-1,-6.224924326E-1,9.742006302E0,9.791705580E0
1.172316784E1,-7.685387731E-1,-6.248866320E-1,9.739612579E0,9.789851293E0
1.172516858E1,-7.733271718E-1,-6.200982332E-1,9.732429504E0,9.782777765E0
1.172716893E1,-7.733271718E-1,-6.248866320E-1,9.737217903E0,9.787846071E0
1.172917003E1,-7.661445141E-1,-6.224924326E-1,9.725247383E0,9.775219226E0
1.173117112E1,-7.565677166E-1,-6.320692301E-1,9.727641106E0,9.777469392E0
1.173317229E1,-7.565677166E-1,-6.344634295E-1,9.739612579E0,9.789534808E0
1.173517331E1,-7.661445141E-1,-6.320692301E-1,9.732429504E0,9.782978738E0
1.173717428E1,-7.613561153E-1,-6.344634295E-1,9.737217903E0,9.787523664E0
1.173917581E1,-7.661445141E-1,-6.320692301E-1,9.734824181E0,9.785361044E0
1.174117651E1,-7.661445141E-1,-6.129156351E-1,9.727641106E0,9.776995677E0
1.174317655E1,-7.541735172E-1,-6.224924326E-1,9.725247383E0,9.774288270E0
1.174517671E1,-7.661445141E-1,-6.296750307E-1,9.730035782E0,9.780442954E0
1.174717671E1,-7.637503147E-1,-6.224924326E-1,9.730035782E0,9.779795892E0
1.174917780E1,-7.709329724E-1,-6.248866320E-1,9.722852707E0,9.773366140E0
1.175117792E1,-7.685387731E-1,-6.200982332E-1,9.742006302E0,9.791928332E0
1.175317827E1,-7.637503147E-1,-6.296750307E-1,9.734824181E0,9.785019520E0
1.175517831E1,-7.709329724E-1,-6.320692301E-1,9.727641106E0,9.778591445E0
1.175717827E1,-7.661445141E-1,-6.392518282E-1,9.727641106E0,9.778682007E0
1.175917913E1,-7.637503147E-1,-6.272808313E-1,9.734824181E0,9.784865743E0
1.176117893E1,-7.613561153E-1,-6.320692301E-1,9.732429504E0,9.782604904E0
1.176317839E1,-7.589619160E-1,-6.344634295E-1,9.727641106E0,9.777810006E0
1.176517827E1,-7.637503147E-1,-6.224924326E-1,9.730035782E0,9.779795892E0
1.176717768E1,-7.613561153E-1,-6.272808313E-1,9.730035782E0,9.779915168E0
1.176917675E1,-7.637503147E-1,-6.320692301E-1,9.737217903E0,9.787555290E0
1.177117624E1,-7.685387731E-1,-6.344634295E-1,9.737217903E0,9.788085011E0
1.177317413E1,-7.685387731E-1,-6.368576288E-1,9.739612579E0,9.790622691E0
1.177517257E1,-7.661445141E-1,-6.368576288E-1,9.727641106E0,9.778525785E0
1.177717210E1,-7.613561153E-1,-6.368576288E-1,9.727641106E0,9.778151781E0
1.177917112E1,-7.685387731E-1,-6.296750307E-1,9.732429504E0,9.783012141E0
1.178117054E1,-7.733271718E-1,-6.368576288E-1,9.734824181E0,9.786236477E0
1.178316909E1,-7.685387731E-1,-6.392518282E-1,9.730035782E0,9.781252019E0
1.178516800E1,-7.709329724E-1,-6.368576288E-1,9.727641106E0,9.778902125E0
1.178716698E1,-7.661445141E-1,-6.320692301E-1,9.727641106E0,9.778215093E0
1.178916593E1,-7.709329724E-1,-6.320692301E-1,9.737217903E0,9.788118392E0
1.179116514E1,-7.685387731E-1,-6.224924326E-1,9.739612579E0,9.789698763E0
1.179316456E1,-7.685387731E-1,-6.272808313E-1,9.739612579E0,9.790004407E0
1.179516409E1,-7.709329724E-1,-6.272808313E-1,9.739612579E0,9.790192648E0
1.179716354E1,-7.685387731E-1,-6.200982332E-1,9.737217903E0,9.787164357E0
1.179916218E1,-7.661445141E-1,-6.200982332E-1,9.732429504E0,9.782212597E0
1.180116140E1,-7.661445141E-1,-6.272808313E-1,9.734824181E0,9.785052912E0
1.180316093E1,-7.733271718E-1,-6.248866320E-1,9.730035782E0,9.780701127E0
1.180516054E1,-7.733271718E-1,-6.272808313E-1,9.737217903E0,9.787999216E0
1.180716034E1,-7.709329724E-1,-6.248866320E-1,9.746794701E0,9.797184692E0
1.180916018E1,-7.685387731E-1,-6.177040339E-1,9.751583099E0,9.801305171E0
1.181115952E1,-7.709329724E-1,-6.248866320E-1,9.737217903E0,9.787657199E0
1.181315882E1,-7.733271718E-1,-6.200982332E-1,9.725247383E0,9.775632634E0
1.181515811E1,-7.805097699E-1,-6.272808313E-1,9.742006302E0,9.793332606E0
1.181715858E1,-7.757213712E-1,-6.296750307E-1,9.734824181E0,9.785961175E0
1.181915944E1,-7.709329724E-1,-6.344634295E-1,9.715670586E0,9.766838609E0
1.182115882E1,-7.733271718E-1,-6.200982332E-1,9.720458984E0,9.770868928E0
1.182315854E1,-7.733271718E-1,-6.248866320E-1,9.725247383E0,9.775937545E0
1.182515823E1,-7.757213712E-1,-6.296750307E-1,9.737217903E0,9.788342392E0
1.182715835E1,-7.685387731E-1,-6.296750307E-1,9.744400978E0,9.794921792E0
1.182915929E1,-7.637503147E-1,-6.320692301E-1,9.732429504E0,9.782791530E0
1.183115901E1,-7.661445141E-1,-6.248866320E-1,9.730035782E0,9.780135839E0
1.183315913E1,-7.637503147E-1,-6.296750307E-1,9.737217903E0,9.787400967E0
1.183515921E1,-7.733271718E-1,-6.296750307E-1,9.737217903E0,9.788152944E0
1.183715979E1,-7.709329724E-1,-6.344634295E-1,9.725247383E0,9.776365283E0
1.183916026E1,-7.685387731E-1,-6.248866320E-1,9.730035782E0,9.780323689E0
1.184116069E1,-7.709329724E-1,-6.344634295E-1,9.732429504E0,9.783509879E0
1.184316171E1,-7.757213712E-1,-6.368576288E-1,9.737217903E0,9.788807066E0
1.184516257E1,-7.709329724E-1,-6.200982332E-1,9.734824181E0,9.784971195E0
1.184716214E1,-7.637503147E-1,-6.224924326E-1,9.727641106E0,9.777413403E0
1.184916182E1,-7.661445141E-1,-6.296750307E-1,9.725247383E0,9.775679246E0
1.185116222E1,-7.805097699E-1,-6.344634295E-1,9.725247383E0,9.777125140E0
1.185316194E1,-7.709329724E-1,-6.344634295E-1,9.727641106E0,9.778746493E0
1.185516108E1,-7.733271718E-1,-6.296750307E-1,9.727641106E0,9.778626030E0
1.185716096E1,-7.685387731E-1,-6.320692301E-1,9.730035782E0,9.780785228E0
1.185916007E1,-7.709329724E-1,-6.320692301E-1,9.720458984E0,9.771446772E0
1.186116003E1,-7.661445141E-1,-6.296750307E-1,9.727641106E0,9.778060623E0
1.186315827E1,-7.637503147E-1,-6.320692301E-1,9.732429504E0,9.782791530E0
1.186515745E1,-7.613561153E-1,-6.344634295E-1,9.739612579E0,9.789906035E0
1.186715678E1,-7.637503147E-1,-6.272808313E-1,9.746794701E0,9.796775118E0
1.186915593E1,-7.661445141E-1,-6.224924326E-1,9.744400978E0,9.794275097E0
1.187115561E1,-7.709329724E-1,-6.368576288E-1,9.732429504E0,9.783665435E0
1.187315507E1,-7.757213712E-1,-6.368576288E-1,9.739612579E0,9.791189125E0
1.187515538E1,-7.757213712E-1,-6.296750307E-1,9.739612579E0,9.790724564E0
1.187715546E1,-7.757213712E-1,-6.296750307E-1,9.742006302E0,9.793105793E0
1.187915557E1,-7.757213712E-1,-6.248866320E-1,9.730035782E0,9.780890719E0
1.188115569E1,-7.709329724E-1,-6.248866320E-1,9.727641106E0,9.778129802E0
1.188315557E1,-7.661445141E-1,-6.320692301E-1,9.727641106E0,9.778215093E0
1.188515585E1,-7.661445141E-1,-6.296750307E-1,9.722852707E0,9.773296927E0
1.188715557E1,-7.709329724E-1,-6.272808313E-1,9.720458984E0,9.771138202E0
1.188915534E1,-7.685387731E-1,-6.272808313E-1,9.718064308E0,9.768567294E0
1.189115530E1,-7.733271718E-1,-6.320692301E-1,9.722852707E0,9.774017147E0
1.189315468E1,-7.637503147E-1,-6.368576288E-1,9.727641106E0,9.778338492E0
1.189515393E1,-7.589619160E-1,-6.344634295E-1,9.739612579E0,9.789720130E0
1.189715272E1,-7.637503147E-1,-6.296750307E-1,9.727641106E0,9.777873320E0
1.189915206E1,-7.637503147E-1,-6.296750307E-1,9.727641106E0,9.777873320E0
1.190115190E1,-7.613561153E-1,-6.153098345E-1,9.732429504E0,9.781536351E0
1.190315186E1,-7.709329724E-1,-6.272808313E-1,9.734824181E0,9.785429000E0
1.190515288E1,-7.661445141E-1,-6.344634295E-1,9.734824181E0,9.785515985E0
1.190715304E1,-7.613561153E-1,-6.344634295E-1,9.737217903E0,9.787523664E0
1.190915241E1,-7.661445141E-1,-6.296750307E-1,9.746794701E0,9.797115647E0
1.191115120E1,-7.637503147E-1,-6.296750307E-1,9.742006302E0,9.792164826E0
1.191314956E1,-7.637503147E-1,-6.248866320E-1,9.737217903E0,9.787094070E0
1.191514972E1,-7.637503147E-1,-6.344634295E-1,9.732429504E0,9.782946511E0
1.191714995E1,-7.709329724E-1,-6.296750307E-1,9.732429504E0,9.783200517E0
1.191915007E1,-7.757213712E-1,-6.272808313E-1,9.737217903E0,9.788188667E0
1.192115022E1,-7.709329724E-1,-6.224924326E-1,9.727641106E0,9.777977089E0
1.192315015E1,-7.637503147E-1,-6.153098345E-1,9.727641106E0,9.776958741E0
1.192514968E1,-7.565677166E-1,-6.224924326E-1,9.734824181E0,9.784001910E0
1.192714956E1,-7.565677166E-1,-6.248866320E-1,9.744400978E0,9.793683088E0
1.192914819E1,-7.637503147E-1,-6.248866320E-1,9.737217903E0,9.787094070E0
1.193114745E1,-7.685387731E-1,-6.153098345E-1,9.737217903E0,9.786862139E0
1.193314772E1,-7.661445141E-1,-6.200982332E-1,9.737217903E0,9.786976639E0
1.193514780E1,-7.709329724E-1,-6.224924326E-1,9.727641106E0,9.777977089E0
1.193714667E1,-7.685387731E-1,-6.177040339E-1,9.730035782E0,9.779867404E0
1.193914565E1,-7.637503147E-1,-6.344634295E-1,9.739612579E0,9.790092522E0
1.194114514E1,-7.661445141E-1,-6.272808313E-1,9.739612579E0,9.789816743E0
1.194314495E1,-7.637503147E-1,-6.224924326E-1,9.739612579E0,9.789324010E0
1.194514468E1,-7.733271718E-1,-6.224924326E-1,9.730035782E0,9.780548454E0
1.194714432E1,-7.709329724E-1,-6.272808313E-1,9.725247383E0,9.775901777E0
1.194914432E1,-7.637503147E-1,-6.272808313E-1,9.734824181E0,9.784865743E0
1.195114350E1,-7.709329724E-1,-6.248866320E-1,9.730035782E0,9.780512117E0
1.195314350E1,-7.685387731E-1,-6.320692301E-1,9.737217903E0,9.787930111E0
1.195514397E1,-7.661445141E-1,-6.344634295E-1,9.732429504E0,9.783133717E0
1.195714354E1,-7.661445141E-1,-6.272808313E-1,9.725247383E0,9.775525322E0
1.195914304E1,-7.685387731E-1,-6.248866320E-1,9.732429504E0,9.782705107E0
1.196114245E1,-7.709329724E-1,-6.272808313E-1,9.742006302E0,9.792574007E0
1.196314128E1,-7.709329724E-1,-6.272808313E-1,9.751583099E0,9.802101399E0
1.196513964E1,-7.757213712E-1,-6.248866320E-1,9.739612579E0,9.790417772E0
1.196713917E1,-7.709329724E-1,-6.320692301E-1,9.739612579E0,9.790500618E0
1.196913928E1,-7.661445141E-1,-6.344634295E-1,9.739612579E0,9.790279590E0
1.197113780E1,-7.661445141E-1,-6.392518282E-1,9.739612579E0,9.790591071E0
1.197313725E1,-7.637503147E-1,-6.296750307E-1,9.744400978E0,9.794547239E0
1.197513597E1,-7.637503147E-1,-6.248866320E-1,9.742006302E0,9.791858079E0
1.197713432E1,-7.541735172E-1,-6.320692301E-1,9.737217903E0,9.786812642E0
1.197913237E1,-7.661445141E-1,-6.368576288E-1,9.742006302E0,9.792816339E0
1.198113065E1,-7.685387731E-1,-6.464344859E-1,9.744400978E0,9.796013465E0
1.198312925E1,-7.637503147E-1,-6.392518282E-1,9.742006302E0,9.792785315E0
1.198512749E1,-7.613561153E-1,-6.368576288E-1,9.732429504E0,9.782915457E0
1.198712647E1,-7.685387731E-1,-6.368576288E-1,9.718064308E0,9.769186936E0
1.198912440E1,-7.637503147E-1,-6.320692301E-1,9.718064308E0,9.768500394E0
1.199112218E1,-7.637503147E-1,-6.344634295E-1,9.727641106E0,9.778182851E0
1.199311979E1,-7.589619160E-1,-6.344634295E-1,9.725247383E0,9.775428568E0
1.199511893E1,-7.613561153E-1,-6.248866320E-1,9.725247383E0,9.774997857E0
1.199711765E1,-7.637503147E-1,-6.320692301E-1,9.720458984E0,9.770882709E0
1.199911714E1,-7.589619160E-1,-6.344634295E-1,9.710882187E0,9.761137223E0
1.200111604E1,-7.637503147E-1,-6.320692301E-1,9.720458984E0,9.770882709E0
1.200311460E1,-7.589619160E-1,-6.296750307E-1,9.727641106E0,9.777500464E0
1.200511323E1,-7.589619160E-1,-6.248866320E-1,9.730035782E0,9.779575799E0
1.200711288E1,-7.637503147E-1,-6.344634295E-1,9.734824181E0,9.785328825E0
1.200911202E1,-7.685387731E-1,-6.296750307E-1,9.727641106E0,9.778248512E0
1.201111089E1,-7.613561153E-1,-6.320692301E-1,9.727641106E0,9.777841077E0
1.201311007E1,-7.685387731E-1,-6.344634295E-1,9.727641106E0,9.778558031E0
1.201510874E1,-7.709329724E-1,-6.320692301E-1,9.727641106E0,9.778591445E0
1.201710655E1,-7.685387731E-1,-6.320692301E-1,9.727641106E0,9.778402980E0
1.201910401E1,-7.709329724E-1,-6.248866320E-1,9.734824181E0,9.785275815E0
1.202110218E1,-7.661445141E-1,-6.296750307E-1,9.730035782E0,9.780442954E0
1.202310003E1,-7.685387731E-1,-6.320692301E-1,9.734824181E0,9.785548793E0
1.202509792E1,-7.733271718E-1,-6.248866320E-1,9.734824181E0,9.785464733E0
1.202709604E1,-7.661445141E-1,-6.344634295E-1,9.742006302E0,9.792660928E0
1.202909460E1,-7.685387731E-1,-6.296750307E-1,9.742006302E0,9.792539470E0
1.203109335E1,-7.685387731E-1,-6.248866320E-1,9.744400978E0,9.794615131E0
1.203309210E1,-7.685387731E-1,-6.177040339E-1,9.734824181E0,9.784631416E0
1.203509143E1,-7.709329724E-1,-6.272808313E-1,9.742006302E0,9.792574007E0
1.203709061E1,-7.661445141E-1,-6.272808313E-1,9.742006302E0,9.792198193E0
1.203908897E1,-7.685387731E-1,-6.224924326E-1,9.734824181E0,9.784934875E0
1.204108757E1,-7.685387731E-1,-6.272808313E-1,9.730035782E0,9.780476952E0
1.204308538E1,-7.637503147E-1,-6.200982332E-1,9.739612579E0,9.789172057E0
1.204508432E1,-7.685387731E-1,-6.368576288E-1,9.737217903E0,9.788240495E0
1.204708284E1,-7.661445141E-1,-6.272808313E-1,9.734824181E0,9.785052912E0
1.204908054E1,-7.637503147E-1,-6.248866320E-1,9.722852707E0,9.772802188E0
1.205107960E1,-7.685387731E-1,-6.272808313E-1,9.725247383E0,9.775713260E0
1.205307827E1,-7.733271718E-1,-6.272808313E-1,9.727641106E0,9.778472152E0
1.205507862E1,-7.757213712E-1,-6.224924326E-1,9.722852707E0,9.773592238E0
1.205707850E1,-7.661445141E-1,-6.248866320E-1,9.725247383E0,9.775371982E0
1.205907741E1,-7.685387731E-1,-6.320692301E-1,9.725247383E0,9.776021687E0
1.206107640E1,-7.637503147E-1,-6.296750307E-1,9.722852707E0,9.773109533E0
1.206307534E1,-7.661445141E-1,-6.248866320E-1,9.710882187E0,9.761080553E0
1.206507440E1,-7.757213712E-1,-6.248866320E-1,9.713275909E0,9.764218138E0
1.206707370E1,-7.709329724E-1,-6.248866320E-1,9.722852707E0,9.773366140E0
1.206907393E1,-7.661445141E-1,-6.248866320E-1,9.737217903E0,9.787281196E0
1.207107444E1,-7.637503147E-1,-6.296750307E-1,9.739612579E0,9.789783368E0
1.207307393E1,-7.757213712E-1,-6.272808313E-1,9.739612579E0,9.790570876E0
1.207507272E1,-7.733271718E-1,-6.272808313E-1,9.744400978E0,9.795145051E0
1.207707179E1,-7.781155705E-1,-6.272808313E-1,9.742006302E0,9.793142084E0
1.207907085E1,-7.709329724E-1,-6.272808313E-1,9.744400978E0,9.794956320E0
1.208107065E1,-7.637503147E-1,-6.248866320E-1,9.737217903E0,9.787094070E0
1.208307108E1,-7.613561153E-1,-6.224924326E-1,9.737217903E0,9.786754950E0
1.208507065E1,-7.637503147E-1,-6.224924326E-1,9.732429504E0,9.782177438E0
1.208707050E1,-7.637503147E-1,-6.296750307E-1,9.727641106E0,9.777873320E0
1.208906854E1,-7.589619160E-1,-6.344634295E-1,9.734824181E0,9.784956252E0
1.209106632E1,-7.661445141E-1,-6.272808313E-1,9.730035782E0,9.780289105E0
1.209306499E1,-7.661445141E-1,-6.320692301E-1,9.732429504E0,9.782978738E0
1.209506390E1,-7.709329724E-1,-6.272808313E-1,9.730035782E0,9.780665376E0
1.209706343E1,-7.637503147E-1,-6.224924326E-1,9.730035782E0,9.779795892E0
1.209906268E1,-7.589619160E-1,-6.200982332E-1,9.734824181E0,9.784035304E0
1.210106054E1,-7.541735172E-1,-6.153098345E-1,9.720458984E0,9.769068879E0
1.210305979E1,-7.661445141E-1,-6.153098345E-1,9.732429504E0,9.781910226E0
1.210505901E1,-7.613561153E-1,-6.320692301E-1,9.730035782E0,9.780223462E0
1.210705796E1,-7.613561153E-1,-6.296750307E-1,9.737217903E0,9.787214429E0
1.210905741E1,-7.613561153E-1,-6.224924326E-1,9.725247383E0,9.774845095E0
1.211105843E1,-7.685387731E-1,-6.320692301E-1,9.737217903E0,9.787930111E0
1.211305901E1,-7.685387731E-1,-6.272808313E-1,9.734824181E0,9.785240667E0
1.211505862E1,-7.661445141E-1,-6.272808313E-1,9.737217903E0,9.787434350E0
1.211705839E1,-7.613561153E-1,-6.224924326E-1,9.734824181E0,9.784373347E0
1.211905807E1,-7.685387731E-1,-6.296750307E-1,9.739612579E0,9.790158103E0
1.212105788E1,-7.685387731E-1,-6.248866320E-1,9.746794701E0,9.796996585E0
1.212305757E1,-7.685387731E-1,-6.248866320E-1,9.739612579E0,9.789851293E0
1.212505651E1,-7.661445141E-1,-6.224924326E-1,9.734824181E0,9.784747113E0
1.212705475E1,-7.637503147E-1,-6.272808313E-1,9.727641106E0,9.777719431E0
1.212905307E1,-7.661445141E-1,-6.248866320E-1,9.734824181E0,9.784899721E0
1.213105206E1,-7.661445141E-1,-6.248866320E-1,9.737217903E0,9.787281196E0
1.213305014E1,-7.637503147E-1,-6.272808313E-1,9.734824181E0,9.784865743E0
1.213504882E1,-7.565677166E-1,-6.296750307E-1,9.739612579E0,9.789225636E0
1.213704788E1,-7.637503147E-1,-6.320692301E-1,9.739612579E0,9.789937653E0
1.213904573E1,-7.613561153E-1,-6.296750307E-1,9.742006302E0,9.791978378E0
1.214104343E1,-7.661445141E-1,-6.296750307E-1,9.739612579E0,9.789970442E0
1.214304237E1,-7.709329724E-1,-6.368576288E-1,9.739612579E0,9.790810921E0
1.214504042E1,-7.733271718E-1,-6.344634295E-1,9.742006302E0,9.793225492E0
1.214703831E1,-7.781155705E-1,-6.224924326E-1,9.727641106E0,9.778546014E0
1.214903690E1,-7.685387731E-1,-6.248866320E-1,9.734824181E0,9.785087479E0
1.215103515E1,-7.733271718E-1,-6.224924326E-1,9.742006302E0,9.792457226E0
1.215303288E1,-7.637503147E-1,-6.272808313E-1,9.730035782E0,9.780101845E0
1.215503007E1,-7.661445141E-1,-6.296750307E-1,9.734824181E0,9.785206686E0
1.215702796E1,-7.613561153E-1,-6.344634295E-1,9.732429504E0,9.782759888E0
1.215902561E1,-7.661445141E-1,-6.272808313E-1,9.732429504E0,9.782670531E0
1.216102253E1,-7.661445141E-1,-6.224924326E-1,9.727641106E0,9.777600714E0
1.216302050E1,-7.613561153E-1,-6.248866320E-1,9.722852707E0,9.772615371E0
1.216501804E1,-7.565677166E-1,-6.248866320E-1,9.739612579E0,9.788918797E0
1.216701608E1,-7.565677166E-1,-6.224924326E-1,9.744400978E0,9.793530618E0
1.216901464E1,-7.685387731E-1,-6.224924326E-1,9.737217903E0,9.787316341E0
1.217101413E1,-7.637503147E-1,-6.200982332E-1,9.732429504E0,9.782025374E0
1.217301249E1,-7.637503147E-1,-6.248866320E-1,9.732429504E0,9.782330086E0
1.217501112E1,-7.613561153E-1,-6.200982332E-1,9.732429504E0,9.781838734E0
1.217700925E1,-7.637503147E-1,-6.224924326E-1,9.727641106E0,9.777413403E0
1.217900718E1,-7.685387731E-1,-6.248866320E-1,9.713275909E0,9.763650139E0
1.218100483E1,-7.661445141E-1,-6.248866320E-1,9.725247383E0,9.775371982E0
1.218300257E1,-7.685387731E-1,-6.296750307E-1,9.732429504E0,9.783012141E0
1.218500089E1,-7.613561153E-1,-6.224924326E-1,9.739612579E0,9.789137508E0
1.218699858E1,-7.685387731E-1,-6.224924326E-1,9.739612579E0,9.789698763E0
1.218899546E1,-7.709329724E-1,-6.296750307E-1,9.734824181E0,9.785582769E0
1.219099284E1,-7.709329724E-1,-6.368576288E-1,9.727641106E0,9.778902125E0
1.219299054E1,-7.781155705E-1,-6.416460276E-1,9.725247383E0,9.777403036E0
1.219498796E1,-7.733271718E-1,-6.464344859E-1,9.739612579E0,9.791627324E0
1.219698671E1,-7.781155705E-1,-6.440402865E-1,9.737217903E0,9.789467004E0
1.219898464E1,-7.709329724E-1,-6.416460276E-1,9.727641106E0,9.779215140E0
1.220098257E1,-7.685387731E-1,-6.320692301E-1,9.727641106E0,9.778402980E0
1.220298018E1,-7.589619160E-1,-6.344634295E-1,9.720458984E0,9.770664762E0
1.220497901E1,-7.589619160E-1,-6.344634295E-1,9.737217903E0,9.787337714E0
1.220697706E1,-7.589619160E-1,-6.320692301E-1,9.742006302E0,9.791946767E0
1.220897554E1,-7.613561153E-1,-6.344634295E-1,9.746794701E0,9.797051287E0
1.221097472E1,-7.709329724E-1,-6.296750307E-1,9.727641106E0,9.778436980E0
1.221297311E1,-7.685387731E-1,-6.296750307E-1,9.722852707E0,9.773484908E0
1.221497100E1,-7.637503147E-1,-6.224924326E-1,9.720458984E0,9.770267869E0
1.221696901E1,-7.733271718E-1,-6.272808313E-1,9.739612579E0,9.790381471E0
1.221896694E1,-7.661445141E-1,-6.296750307E-1,9.727641106E0,9.778060623E0
1.222096714E1,-7.613561153E-1,-6.224924326E-1,9.718064308E0,9.767698494E0
1.222296757E1,-7.565677166E-1,-6.248866320E-1,9.727641106E0,9.777007696E0
1.222496655E1,-7.613561153E-1,-6.248866320E-1,9.749189377E0,9.798818293E0
1.222696526E1,-7.637503147E-1,-6.177040339E-1,9.742006302E0,9.791402331E0
1.222896370E1,-7.685387731E-1,-6.177040339E-1,9.742006302E0,9.791777004E0
1.223096155E1,-7.709329724E-1,-6.153098345E-1,9.737217903E0,9.787050441E0
1.223295999E1,-7.757213712E-1,-6.177040339E-1,9.730035782E0,9.780434460E0
1.223495850E1,-7.637503147E-1,-6.248866320E-1,9.742006302E0,9.791858079E0
1.223695690E1,-7.757213712E-1,-6.200982332E-1,9.742006302E0,9.792494690E0
1.223895600E1,-7.757213712E-1,-6.224924326E-1,9.734824181E0,9.785501638E0
1.224095589E1,-7.661445141E-1,-6.200982332E-1,9.720458984E0,9.770303071E0
1.224295468E1,-7.541735172E-1,-6.272808313E-1,9.730035782E0,9.779358632E0
1.224495390E1,-7.637503147E-1,-6.248866320E-1,9.742006302E0,9.791858079E0
1.224695370E1,-7.637503147E-1,-6.200982332E-1,9.744400978E0,9.793936225E0
1.224895370E1,-7.637503147E-1,-6.296750307E-1,9.739612579E0,9.789783368E0
1.225095288E1,-7.661445141E-1,-6.224924326E-1,9.722852707E0,9.772836794E0
1.225295093E1,-7.493851185E-1,-6.248866320E-1,9.737217903E0,9.785983540E0
1.225494968E1,-7.541735172E-1,-6.296750307E-1,9.742006302E0,9.791422528E0
1.225694909E1,-7.613561153E-1,-6.200982332E-1,9.737217903E0,9.786602957E0
1.225894835E1,-7.685387731E-1,-6.296750307E-1,9.730035782E0,9.780630798E0
1.226094796E1,-7.661445141E-1,-6.320692301E-1,9.720458984E0,9.771070146E0
1.226294905E1,-7.757213712E-1,-6.248866320E-1,9.734824181E0,9.785654233E0
1.226494925E1,-7.637503147E-1,-6.368576288E-1,9.730035782E0,9.780720756E0
1.226694901E1,-7.613561153E-1,-6.296750307E-1,9.734824181E0,9.784832937E0
1.226894831E1,-7.685387731E-1,-6.320692301E-1,9.730035782E0,9.780785228E0
1.227094765E1,-7.661445141E-1,-6.296750307E-1,9.732429504E0,9.782824343E0
1.227294663E1,-7.709329724E-1,-6.320692301E-1,9.732429504E0,9.783354906E0
1.227494600E1,-7.685387731E-1,-6.272808313E-1,9.725247383E0,9.775713260E0
1.227694483E1,-7.661445141E-1,-6.224924326E-1,9.732429504E0,9.782364658E0
1.227894382E1,-7.661445141E-1,-6.320692301E-1,9.727641106E0,9.778215093E0
1.228094241E1,-7.733271718E-1,-6.320692301E-1,9.727641106E0,9.778780492E0
1.228294132E1,-7.733271718E-1,-6.296750307E-1,9.727641106E0,9.778626030E0
1.228493999E1,-7.661445141E-1,-6.248866320E-1,9.722852707E0,9.772989588E0
1.228693878E1,-7.637503147E-1,-6.177040339E-1,9.727641106E0,9.777109711E0
1.228893702E1,-7.637503147E-1,-6.272808313E-1,9.739612579E0,9.789629665E0
1.229093569E1,-7.493851185E-1,-6.177040339E-1,9.732429504E0,9.780762771E0
1.229293421E1,-7.661445141E-1,-6.200982332E-1,9.725247383E0,9.775067053E0
1.229493311E1,-7.733271718E-1,-6.272808313E-1,9.725247383E0,9.776090876E0
1.229693178E1,-7.709329724E-1,-6.320692301E-1,9.725247383E0,9.776210197E0
1.229893042E1,-7.661445141E-1,-6.272808313E-1,9.727641106E0,9.777906736E0
1.230092843E1,-7.661445141E-1,-6.248866320E-1,9.734824181E0,9.784899721E0
1.230292757E1,-7.661445141E-1,-6.177040339E-1,9.739612579E0,9.789207776E0
1.230492682E1,-7.709329724E-1,-6.248866320E-1,9.730035782E0,9.780512117E0
1.230692503E1,-7.613561153E-1,-6.224924326E-1,9.744400978E0,9.793901694E0
1.230892378E1,-7.637503147E-1,-6.177040339E-1,9.746794701E0,9.796166585E0
1.231092253E1,-7.733271718E-1,-6.224924326E-1,9.744400978E0,9.794839568E0
1.231292003E1,-7.757213712E-1,-6.248866320E-1,9.746794701E0,9.797562650E0
1.231491878E1,-7.685387731E-1,-6.368576288E-1,9.722852707E0,9.773950289E0
1.231691745E1,-7.733271718E-1,-6.416460276E-1,9.722852707E0,9.774641134E0
1.231891636E1,-7.733271718E-1,-6.368576288E-1,9.732429504E0,9.783854384E0
1.232091487E1,-7.733271718E-1,-6.368576288E-1,9.734824181E0,9.786236477E0
1.232291319E1,-7.733271718E-1,-6.344634295E-1,9.732429504E0,9.783698831E0
1.232491257E1,-7.637503147E-1,-6.344634295E-1,9.756371498E0,9.806765175E0
1.232691100E1,-7.661445141E-1,-6.440402865E-1,9.744400978E0,9.795668212E0
1.232891026E1,-7.589619160E-1,-6.440402865E-1,9.739612579E0,9.790345463E0
1.233090886E1,-7.637503147E-1,-6.320692301E-1,9.746794701E0,9.797082882E0
1.233290741E1,-7.661445141E-1,-6.272808313E-1,9.739612579E0,9.789816743E0
1.233490612E1,-7.661445141E-1,-6.344634295E-1,9.734824181E0,9.785515985E0
1.233690429E1,-7.661445141E-1,-6.440402865E-1,9.737217903E0,9.788522759E0
1.233890249E1,-7.661445141E-1,-6.392518282E-1,9.732429504E0,9.783445425E0
1.234090042E1,-7.709329724E-1,-6.392518282E-1,9.732429504E0,9.783821575E0
1.234289850E1,-7.709329724E-1,-6.368576288E-1,9.732429504E0,9.783665435E0
1.234489628E1,-7.661445141E-1,-6.368576288E-1,9.734824181E0,9.785671509E0
1.234689401E1,-7.637503147E-1,-6.272808313E-1,9.734824181E0,9.784865743E0
1.234889186E1,-7.661445141E-1,-6.320692301E-1,9.727641106E0,9.778215093E0
1.235088940E1,-7.709329724E-1,-6.272808313E-1,9.739612579E0,9.790192648E0
1.235288784E1,-7.685387731E-1,-6.248866320E-1,9.746794701E0,9.796996585E0
1.235488788E1,-7.613561153E-1,-6.153098345E-1,9.742006302E0,9.791065116E0
1.235688710E1,-7.613561153E-1,-6.224924326E-1,9.730035782E0,9.779609209E0
1.235888624E1,-7.637503147E-1,-6.224924326E-1,9.727641106E0,9.777413403E0
1.236088518E1,-7.589619160E-1,-6.248866320E-1,9.730035782E0,9.779575799E0
1.236288503E1,-7.661445141E-1,-6.224924326E-1,9.727641106E0,9.777600714E0
1.236488452E1,-7.661445141E-1,-6.153098345E-1,9.725247383E0,9.774764461E0
1.236688386E1,-7.565677166E-1,-6.224924326E-1,9.734824181E0,9.784001910E0
1.236888350E1,-7.565677166E-1,-6.320692301E-1,9.734824181E0,9.784615887E0
1.237088335E1,-7.589619160E-1,-6.272808313E-1,9.725247383E0,9.774965018E0
1.237288315E1,-7.613561153E-1,-6.129156351E-1,9.720458984E0,9.769475502E0
1.237488323E1,-7.661445141E-1,-6.224924326E-1,9.737217903E0,9.787128626E0
1.237688327E1,-7.733271718E-1,-6.320692301E-1,9.734824181E0,9.785926029E0
1.237888198E1,-7.733271718E-1,-6.344634295E-1,9.732429504E0,9.783698831E0
1.238088057E1,-7.661445141E-1,-6.296750307E-1,9.727641106E0,9.778060623E0
1.238287913E1,-7.685387731E-1,-6.272808313E-1,9.732429504E0,9.782858332E0
1.238487745E1,-7.709329724E-1,-6.272808313E-1,9.732429504E0,9.783046711E0
1.238687690E1,-7.685387731E-1,-6.272808313E-1,9.734824181E0,9.785240667E0
1.238887585E1,-7.685387731E-1,-6.320692301E-1,9.739612579E0,9.790312383E0
1.239087495E1,-7.613561153E-1,-6.296750307E-1,9.734824181E0,9.784832937E0
1.239287362E1,-7.613561153E-1,-6.248866320E-1,9.718064308E0,9.767851367E0
1.239487167E1,-7.685387731E-1,-6.296750307E-1,9.725247383E0,9.775867182E0
1.239687015E1,-7.733271718E-1,-6.368576288E-1,9.737217903E0,9.788617627E0
1.239886839E1,-7.661445141E-1,-6.392518282E-1,9.739612579E0,9.790591071E0
1.240086815E1,-7.637503147E-1,-6.248866320E-1,9.739612579E0,9.789476546E0
1.240286667E1,-7.661445141E-1,-6.224924326E-1,9.730035782E0,9.779983158E0
1.240486577E1,-7.661445141E-1,-6.248866320E-1,9.734824181E0,9.784899721E0
1.240686491E1,-7.637503147E-1,-6.272808313E-1,9.739612579E0,9.789629665E0
1.240886386E1,-7.613561153E-1,-6.224924326E-1,9.734824181E0,9.784373347E0
1.241086307E1,-7.589619160E-1,-6.177040339E-1,9.732429504E0,9.781501190E0
1.241286202E1,-7.637503147E-1,-6.272808313E-1,9.730035782E0,9.780101845E0
1.241486132E1,-7.757213712E-1,-6.224924326E-1,9.722852707E0,9.773592238E0
1.241686073E1,-7.805097699E-1,-6.200982332E-1,9.725247383E0,9.776203454E0
1.241885987E1,-7.733271718E-1,-6.224924326E-1,9.730035782E0,9.780548454E0
1.242085815E1,-7.661445141E-1,-6.248866320E-1,9.730035782E0,9.780135839E0
1.242285718E1,-7.661445141E-1,-6.224924326E-1,9.734824181E0,9.784747113E0
1.242485589E1,-7.685387731E-1,-6.129156351E-1,9.734824181E0,9.784330291E0
1.242685448E1,-7.661445141E-1,-6.129156351E-1,9.739612579E0,9.788906792E0
1.242885327E1,-7.661445141E-1,-6.224924326E-1,9.732429504E0,9.782364658E0
1.243085167E1,-7.661445141E-1,-6.272808313E-1,9.727641106E0,9.777906736E0
1.243285108E1,-7.637503147E-1,-6.248866320E-1,9.734824181E0,9.784712549E0
1.243485120E1,-7.685387731E-1,-6.248866320E-1,9.734824181E0,9.785087479E0
1.243685026E1,-7.733271718E-1,-6.081272364E-1,9.727641106E0,9.777262149E0
1.243885022E1,-7.661445141E-1,-6.153098345E-1,9.732429504E0,9.781910226E0
1.244084897E1,-7.661445141E-1,-6.224924326E-1,9.730035782E0,9.779983158E0
1.244284831E1,-7.709329724E-1,-6.224924326E-1,9.739612579E0,9.789887010E0
1.244484843E1,-7.661445141E-1,-6.296750307E-1,9.742006302E0,9.792351855E0
1.244684819E1,-7.757213712E-1,-6.248866320E-1,9.732429504E0,9.783271999E0
1.244884827E1,-7.733271718E-1,-6.296750307E-1,9.732429504E0,9.783389475E0
1.245084772E1,-7.709329724E-1,-6.320692301E-1,9.744400978E0,9.795264140E0
1.245284733E1,-7.685387731E-1,-6.344634295E-1,9.727641106E0,9.778558031E0
1.245484714E1,-7.685387731E-1,-6.224924326E-1,9.739612579E0,9.789698763E0
1.245684608E1,-7.685387731E-1,-6.200982332E-1,9.734824181E0,9.784782854E0
1.245884499E1,-7.685387731E-1,-6.224924326E-1,9.718064308E0,9.768260980E0
1.246084401E1,-7.661445141E-1,-6.296750307E-1,9.725247383E0,9.775679246E0
1.246284339E1,-7.637503147E-1,-6.368576288E-1,9.749189377E0,9.799775288E0
1.246484315E1,-7.685387731E-1,-6.416460276E-1,9.739612579E0,9.790935332E0
1.246684358E1,-7.661445141E-1,-6.320692301E-1,9.734824181E0,9.785361044E0
1.246884378E1,-7.685387731E-1,-6.296750307E-1,9.732429504E0,9.783012141E0
1.247084354E1,-7.709329724E-1,-6.272808313E-1,9.732429504E0,9.783046711E0
1.247284249E1,-7.685387731E-1,-6.296750307E-1,9.734824181E0,9.785394439E0
1.247484155E1,-7.637503147E-1,-6.200982332E-1,9.737217903E0,9.786789507E0
1.247684030E1,-7.637503147E-1,-6.177040339E-1,9.739612579E0,9.789020687E0
1.247883866E1,-7.733271718E-1,-6.248866320E-1,9.739612579E0,9.790228364E0
1.248083745E1,-7.685387731E-1,-6.153098345E-1,9.720458984E0,9.770188376E0
1.248283647E1,-7.589619160E-1,-6.177040339E-1,9.715670586E0,9.764826491E0
1.248483518E1,-7.613561153E-1,-6.248866320E-1,9.715670586E0,9.765469849E0
1.248683366E1,-7.685387731E-1,-6.248866320E-1,9.722852707E0,9.773177575E0
1.248883218E1,-7.685387731E-1,-6.248866320E-1,9.727641106E0,9.777941329E0
1.249083171E1,-7.709329724E-1,-6.248866320E-1,9.732429504E0,9.782893489E0
1.249282995E1,-7.733271718E-1,-6.177040339E-1,9.742006302E0,9.792154001E0
1.249482870E1,-7.613561153E-1,-6.200982332E-1,9.742006302E0,9.791367205E0
1.249682780E1,-7.709329724E-1,-6.177040339E-1,9.739612579E0,9.789583705E0
1.249882667E1,-7.685387731E-1,-6.296750307E-1,9.730035782E0,9.780630798E0
1.250082526E1,-7.637503147E-1,-6.272808313E-1,9.734824181E0,9.784865743E0
1.250282425E1,-7.613561153E-1,-6.177040339E-1,9.742006302E0,9.791215869E0
1.250482382E1,-7.637503147E-1,-6.200982332E-1,9.742006302E0,9.791553664E0
1.250682335E1,-7.589619160E-1,-6.368576288E-1,9.749189377E0,9.799403264E0
1.250882307E1,-7.589619160E-1,-6.392518282E-1,9.727641106E0,9.778121884E0
1.251082241E1,-7.589619160E-1,-6.320692301E-1,9.730035782E0,9.780037373E0
1.251282089E1,-7.661445141E-1,-6.296750307E-1,9.734824181E0,9.785206686E0
1.251482061E1,-7.661445141E-1,-6.344634295E-1,9.734824181E0,9.785515985E0
1.251681948E1,-7.613561153E-1,-6.320692301E-1,9.732429504E0,9.782604904E0
1.251881936E1,-7.637503147E-1,-6.392518282E-1,9.727641106E0,9.778494717E0
1.252081932E1,-7.613561153E-1,-6.392518282E-1,9.730035782E0,9.780690280E0
1.252281890E1,-7.685387731E-1,-6.296750307E-1,9.734824181E0,9.785394439E0
1.252481780E1,-7.685387731E-1,-6.320692301E-1,9.727641106E0,9.778402980E0
1.252681604E1,-7.733271718E-1,-6.320692301E-1,9.730035782E0,9.781162648E0
1.252881483E1,-7.685387731E-1,-6.344634295E-1,9.725247383E0,9.776176776E0
1.253081436E1,-7.637503147E-1,-6.344634295E-1,9.734824181E0,9.785328825E0
1.253281386E1,-7.613561153E-1,-6.320692301E-1,9.746794701E0,9.796896528E0
1.253481327E1,-7.661445141E-1,-6.296750307E-1,9.746794701E0,9.797115647E0
1.253681323E1,-7.661445141E-1,-6.272808313E-1,9.744400978E0,9.794580597E0
1.253881292E1,-7.685387731E-1,-6.248866320E-1,9.737217903E0,9.787468909E0
1.254081245E1,-7.661445141E-1,-6.320692301E-1,9.739612579E0,9.790124725E0
1.254281202E1,-7.685387731E-1,-6.200982332E-1,9.742006302E0,9.791928332E0
1.254481124E1,-7.733271718E-1,-6.272808313E-1,9.746794701E0,9.797526376E0
1.254681128E1,-7.661445141E-1,-6.368576288E-1,9.730035782E0,9.780908003E0
1.254881112E1,-7.685387731E-1,-6.224924326E-1,9.727641106E0,9.777788613E0
1.255080983E1,-7.637503147E-1,-6.224924326E-1,9.737217903E0,9.786941497E0
1.255280835E1,-7.589619160E-1,-6.320692301E-1,9.749189377E0,9.799093234E0
1.255480737E1,-7.589619160E-1,-6.344634295E-1,9.730035782E0,9.780192398E0
1.255680651E1,-7.637503147E-1,-6.248866320E-1,9.742006302E0,9.791858079E0
1.255880600E1,-7.589619160E-1,-6.320692301E-1,9.739612579E0,9.789565256E0
1.256080515E1,-7.613561153E-1,-6.296750307E-1,9.749189377E0,9.799124822E0
1.256280526E1,-7.613561153E-1,-6.296750307E-1,9.749189377E0,9.799124822E0
1.256480479E1,-7.613561153E-1,-6.344634295E-1,9.737217903E0,9.787523664E0
1.256680479E1,-7.637503147E-1,-6.320692301E-1,9.737217903E0,9.787555290E0
1.256880464E1,-7.637503147E-1,-6.248866320E-1,9.737217903E0,9.787094070E0
1.257080460E1,-7.709329724E-1,-6.320692301E-1,9.732429504E0,9.783354906E0
1.257280483E1,-7.661445141E-1,-6.224924326E-1,9.725247383E0,9.775219226E0
1.257480413E1,-7.709329724E-1,-6.200982332E-1,9.730035782E0,9.780207349E0
1.257680464E1,-7.733271718E-1,-6.200982332E-1,9.734824181E0,9.785160119E0
1.257880507E1,-7.685387731E-1,-6.344634295E-1,9.730035782E0,9.780940241E0
1.258080468E1,-7.685387731E-1,-6.272808313E-1,9.742006302E0,9.792385811E0
1.258280343E1,-7.661445141E-1,-6.296750307E-1,9.742006302E0,9.792351855E0
1.258480354E1,-7.757213712E-1,-6.296750307E-1,9.732429504E0,9.783579015E0
1.258680304E1,-7.637503147E-1,-6.320692301E-1,9.727641106E0,9.778027794E0
1.258880300E1,-7.661445141E-1,-6.344634295E-1,9.739612579E0,9.790279590E0
1.259080284E1,-7.661445141E-1,-6.368576288E-1,9.746794701E0,9.797579905E0
1.259280190E1,-7.589619160E-1,-6.272808313E-1,9.730035782E0,9.779729073E0
1.259480042E1,-7.613561153E-1,-6.272808313E-1,9.730035782E0,9.779915168E0
1.259679890E1,-7.685387731E-1,-6.200982332E-1,9.725247383E0,9.775255001E0
1.259879862E1,-7.637503147E-1,-6.224924326E-1,9.727641106E0,9.777413403E0
1.260079792E1,-7.589619160E-1,-6.296750307E-1,9.739612579E0,9.789410964E0
1.260279725E1,-7.565677166E-1,-6.248866320E-1,9.742006302E0,9.791300465E0
1.260479698E1,-7.637503147E-1,-6.272808313E-1,9.732429504E0,9.782483317E0
1.260679694E1,-7.685387731E-1,-6.368576288E-1,9.732429504E0,9.783477068E0
1.260879632E1,-7.709329724E-1,-6.224924326E-1,9.737217903E0,9.787504634E0
1.261079698E1,-7.757213712E-1,-6.177040339E-1,9.732429504E0,9.782815851E0
1.261279729E1,-7.733271718E-1,-6.296750307E-1,9.732429504E0,9.783389475E0
1.261479706E1,-7.733271718E-1,-6.224924326E-1,9.737217903E0,9.787693510E0
1.261679675E1,-7.685387731E-1,-6.224924326E-1,9.725247383E0,9.775407170E0
1.261879663E1,-7.685387731E-1,-6.177040339E-1,9.722852707E0,9.772720956E0
1.262079663E1,-7.805097699E-1,-6.224924326E-1,9.725247383E0,9.776355609E0
1.262279620E1,-7.805097699E-1,-6.248866320E-1,9.732429504E0,9.783652838E0
1.262479608E1,-7.733271718E-1,-6.296750307E-1,9.732429504E0,9.783389475E0
1.262679640E1,-7.685387731E-1,-6.248866320E-1,9.725247383E0,9.775559923E0
1.262879686E1,-7.709329724E-1,-6.224924326E-1,9.727641106E0,9.777977089E0
1.263079671E1,-7.589619160E-1,-6.272808313E-1,9.739612579E0,9.789257256E0
1.263279671E1,-7.661445141E-1,-6.320692301E-1,9.742006302E0,9.792506100E0
1.263479542E1,-7.685387731E-1,-6.320692301E-1,9.739612579E0,9.790312383E0
1.263679417E1,-7.565677166E-1,-6.177040339E-1,9.715670586E0,9.764640695E0
1.263879366E1,-7.637503147E-1,-6.272808313E-1,9.725247383E0,9.775337971E0
1.264079390E1,-7.613561153E-1,-6.296750307E-1,9.732429504E0,9.782450503E0
1.264279284E1,-7.613561153E-1,-6.272808313E-1,9.725247383E0,9.775151203E0
1.264479202E1,-7.565677166E-1,-6.344634295E-1,9.725247383E0,9.775242975E0
1.264679261E1,-7.541735172E-1,-6.272808313E-1,9.730035782E0,9.779358632E0
1.264879300E1,-7.637503147E-1,-6.344634295E-1,9.730035782E0,9.780565153E0
1.265079265E1,-7.613561153E-1,-6.296750307E-1,9.732429504E0,9.782450503E0
1.265279147E1,-7.613561153E-1,-6.320692301E-1,9.725247383E0,9.775459647E0
1.265479132E1,-7.565677166E-1,-6.248866320E-1,9.737217903E0,9.786536185E0
1.265679136E1,-7.637503147E-1,-6.296750307E-1,9.734824181E0,9.785019520E0
1.265878983E1,-7.613561153E-1,-6.248866320E-1,9.737217903E0,9.786907526E0
1.266078995E1,-7.565677166E-1,-6.320692301E-1,9.734824181E0,9.784615887E0
1.266278987E1,-7.661445141E-1,-6.296750307E-1,9.744400978E0,9.794734222E0
1.266479030E1,-7.589619160E-1,-6.296750307E-1,9.737217903E0,9.787028473E0
1.266679128E1,-7.685387731E-1,-6.296750307E-1,9.732429504E0,9.783012141E0
1.266879147E1,-7.613561153E-1,-6.296750307E-1,9.737217903E0,9.787214429E0
1.267079065E1,-7.637503147E-1,-6.248866320E-1,9.732429504E0,9.782330086E0
1.267279022E1,-7.661445141E-1,-6.272808313E-1,9.744400978E0,9.794580597E0
1.267478925E1,-7.565677166E-1,-6.272808313E-1,9.732429504E0,9.781925169E0
1.267678843E1,-7.589619160E-1,-6.296750307E-1,9.732429504E0,9.782264456E0
1.267878796E1,-7.661445141E-1,-6.320692301E-1,9.742006302E0,9.792506100E0
1.268078725E1,-7.661445141E-1,-6.272808313E-1,9.739612579E0,9.789816743E0
1.268278698E1,-7.733271718E-1,-6.272808313E-1,9.742006302E0,9.792762784E0
1.268478678E1,-7.781155705E-1,-6.320692301E-1,9.739612579E0,9.791068815E0
1.268678678E1,-7.637503147E-1,-6.320692301E-1,9.739612579E0,9.789937653E0
1.268878640E1,-7.613561153E-1,-6.248866320E-1,9.737217903E0,9.786907526E0
1.269078640E1,-7.613561153E-1,-6.248866320E-1,9.732429504E0,9.782143451E0
1.269278581E1,-7.637503147E-1,-6.320692301E-1,9.730035782E0,9.780410133E0
1.269478573E1,-7.685387731E-1,-6.296750307E-1,9.732429504E0,9.783012141E0
1.269678675E1,-7.757213712E-1,-6.368576288E-1,9.730035782E0,9.781662824E0
1.269878753E1,-7.685387731E-1,-6.248866320E-1,9.730035782E0,9.780323689E0
1.270078800E1,-7.661445141E-1,-6.272808313E-1,9.732429504E0,9.782670531E0
1.270278858E1,-7.637503147E-1,-6.392518282E-1,9.732429504E0,9.783258225E0
1.270478905E1,-7.661445141E-1,-6.320692301E-1,9.734824181E0,9.785361044E0
1.270678886E1,-7.661445141E-1,-6.200982332E-1,9.730035782E0,9.779831059E0
1.270878850E1,-7.709329724E-1,-6.200982332E-1,9.725247383E0,9.775443526E0
1.271078757E1,-7.661445141E-1,-6.344634295E-1,9.730035782E0,9.780752403E0
1.271278655E1,-7.637503147E-1,-6.272808313E-1,9.727641106E0,9.777719431E0
1.271478651E1,-7.661445141E-1,-6.200982332E-1,9.737217903E0,9.786976639E0
1.271678499E1,-7.589619160E-1,-6.248866320E-1,9.742006302E0,9.791485754E0
1.271878386E1,-7.709329724E-1,-6.248866320E-1,9.730035782E0,9.780512117E0
1.272078280E1,-7.637503147E-1,-6.296750307E-1,9.727641106E0,9.777873320E0
1.272278194E1,-7.661445141E-1,-6.320692301E-1,9.727641106E0,9.778215093E0
1.272478120E1,-7.685387731E-1,-6.392518282E-1,9.730035782E0,9.781252019E0
1.272678054E1,-7.709329724E-1,-6.296750307E-1,9.737217903E0,9.787964078E0
1.272878124E1,-7.661445141E-1,-6.248866320E-1,9.739612579E0,9.789663626E0
1.273078225E1,-7.685387731E-1,-6.320692301E-1,9.744400978E0,9.795075997E0
1.273278300E1,-7.685387731E-1,-6.272808313E-1,9.732429504E0,9.782858332E0
1.273478397E1,-7.709329724E-1,-6.248866320E-1,9.737217903E0,9.787657199E0
1.273678432E1,-7.661445141E-1,-6.248866320E-1,9.732429504E0,9.782517303E0
1.273878432E1,-7.637503147E-1,-6.272808313E-1,9.742006302E0,9.792011161E0
1.274078448E1,-7.565677166E-1,-6.368576288E-1,9.744400978E0,9.794454184E0
1.274278401E1,-7.637503147E-1,-6.344634295E-1,9.727641106E0,9.778182851E0
1.274478448E1,-7.685387731E-1,-6.320692301E-1,9.732429504E0,9.783166533E0
1.274678503E1,-7.637503147E-1,-6.416460276E-1,9.727641106E0,9.778651525E0
1.274878608E1,-7.565677166E-1,-6.320692301E-1,9.739612579E0,9.789379930E0
1.275078596E1,-7.613561153E-1,-6.177040339E-1,9.727641106E0,9.776922976E0
1.275278624E1,-7.661445141E-1,-6.320692301E-1,9.737217903E0,9.787742407E0
1.275478651E1,-7.685387731E-1,-6.368576288E-1,9.734824181E0,9.785859253E0
1.275678698E1,-7.685387731E-1,-6.320692301E-1,9.737217903E0,9.787930111E0
1.275878675E1,-7.661445141E-1,-6.320692301E-1,9.732429504E0,9.782978738E0
1.276078718E1,-7.565677166E-1,-6.200982332E-1,9.715670586E0,9.764792443E0
1.276278706E1,-7.613561153E-1,-6.296750307E-1,9.725247383E0,9.775305133E0
1.276478757E1,-7.613561153E-1,-6.344634295E-1,9.725247383E0,9.775614745E0
1.276678772E1,-7.661445141E-1,-6.224924326E-1,9.734824181E0,9.784747113E0
1.276878768E1,-7.709329724E-1,-6.200982332E-1,9.742006302E0,9.792116536E0
1.277078768E1,-7.733271718E-1,-6.200982332E-1,9.732429504E0,9.782777765E0
1.277278811E1,-7.685387731E-1,-6.200982332E-1,9.737217903E0,9.787164357E0
1.277478925E1,-7.637503147E-1,-6.200982332E-1,9.737217903E0,9.786789507E0
1.277679038E1,-7.613561153E-1,-6.177040339E-1,9.734824181E0,9.784069871E0
1.277879163E1,-7.661445141E-1,-6.224924326E-1,9.739612579E0,9.789511093E0
1.278079237E1,-7.613561153E-1,-6.248866320E-1,9.744400978E0,9.794054158E0
1.278279218E1,-7.709329724E-1,-6.248866320E-1,9.739612579E0,9.790039538E0
1.278479241E1,-7.685387731E-1,-6.177040339E-1,9.730035782E0,9.779867404E0
1.278679296E1,-7.685387731E-1,-6.224924326E-1,9.730035782E0,9.780171010E0
1.278879374E1,-7.805097699E-1,-6.248866320E-1,9.739612579E0,9.790798333E0
1.279079456E1,-7.709329724E-1,-6.368576288E-1,9.742006302E0,9.793192129E0
1.279279518E1,-7.661445141E-1,-6.392518282E-1,9.730035782E0,9.781064187E0
1.279479589E1,-7.589619160E-1,-6.320692301E-1,9.727641106E0,9.777654943E0
1.279679640E1,-7.637503147E-1,-6.272808313E-1,9.737217903E0,9.787247227E0
1.279879764E1,-7.637503147E-1,-6.296750307E-1,9.734824181E0,9.785019520E0
1.280079831E1,-7.685387731E-1,-6.392518282E-1,9.742006302E0,9.793159936E0
1.280279928E1,-7.661445141E-1,-6.344634295E-1,9.739612579E0,9.790279590E0
1.280480093E1,-7.685387731E-1,-6.320692301E-1,9.739612579E0,9.790312383E0
1.280680222E1,-7.757213712E-1,-6.272808313E-1,9.744400978E0,9.795334364E0
1.280880222E1,-7.709329724E-1,-6.320692301E-1,9.751583099E0,9.802408995E0
1.281080304E1,-7.637503147E-1,-6.248866320E-1,9.742006302E0,9.791858079E0
1.281280354E1,-7.637503147E-1,-6.224924326E-1,9.737217903E0,9.786941497E0
1.281480343E1,-7.661445141E-1,-6.248866320E-1,9.727641106E0,9.777753433E0
1.281680249E1,-7.637503147E-1,-6.344634295E-1,9.732429504E0,9.782946511E0
1.281880296E1,-7.637503147E-1,-6.368576288E-1,9.727641106E0,9.778338492E0
1.282080432E1,-7.733271718E-1,-6.320692301E-1,9.722852707E0,9.774017147E0
1.282280565E1,-7.757213712E-1,-6.416460276E-1,9.732429504E0,9.784356766E0
1.282480624E1,-7.685387731E-1,-6.392518282E-1,9.727641106E0,9.778869885E0
1.282680729E1,-7.805097699E-1,-6.416460276E-1,9.730035782E0,9.782356640E0
1.282880823E1,-7.709329724E-1,-6.392518282E-1,9.725247383E0,9.776677207E0
1.283080913E1,-7.661445141E-1,-6.224924326E-1,9.730035782E0,9.779983158E0
1.283281018E1,-7.661445141E-1,-6.440402865E-1,9.722852707E0,9.774232966E0
1.283481143E1,-7.661445141E-1,-6.392518282E-1,9.734824181E0,9.785827617E0
1.283681171E1,-7.661445141E-1,-6.392518282E-1,9.737217903E0,9.788208866E0
1.283881163E1,-7.661445141E-1,-6.248866320E-1,9.727641106E0,9.777753433E0
1.284081182E1,-7.637503147E-1,-6.272808313E-1,9.737217903E0,9.787247227E0
1.284281218E1,-7.589619160E-1,-6.296750307E-1,9.742006302E0,9.791792513E0
1.284481218E1,-7.613561153E-1,-6.248866320E-1,9.737217903E0,9.786907526E0
1.284681264E1,-7.661445141E-1,-6.296750307E-1,9.727641106E0,9.778060623E0
1.284881225E1,-7.709329724E-1,-6.320692301E-1,9.722852707E0,9.773828007E0
1.285081233E1,-7.685387731E-1,-6.248866320E-1,9.734824181E0,9.785087479E0
1.285281292E1,-7.661445141E-1,-6.344634295E-1,9.727641106E0,9.778370147E0
1.285481304E1,-7.637503147E-1,-6.248866320E-1,9.730035782E0,9.779948577E0
1.285681288E1,-7.637503147E-1,-6.248866320E-1,9.734824181E0,9.784712549E0
1.285881331E1,-7.637503147E-1,-6.272808313E-1,9.722852707E0,9.772955569E0
1.286081268E1,-7.661445141E-1,-6.224924326E-1,9.737217903E0,9.787128626E0
1.286281257E1,-7.733271718E-1,-6.248866320E-1,9.732429504E0,9.783082453E0
1.286481335E1,-7.757213712E-1,-6.153098345E-1,9.727641106E0,9.777901171E0
1.286681366E1,-7.805097699E-1,-6.224924326E-1,9.720458984E0,9.771592255E0
1.286881370E1,-7.733271718E-1,-6.296750307E-1,9.722852707E0,9.773862610E0
1.287081288E1,-7.685387731E-1,-6.248866320E-1,9.737217903E0,9.787468909E0
1.287281190E1,-7.661445141E-1,-6.153098345E-1,9.744400978E0,9.793821217E0
1.287481210E1,-7.661445141E-1,-6.224924326E-1,9.734824181E0,9.784747113E0
1.287681229E1,-7.685387731E-1,-6.320692301E-1,9.737217903E0,9.787930111E0
1.287881233E1,-7.733271718E-1,-6.296750307E-1,9.749189377E0,9.800062197E0
1.288081163E1,-7.733271718E-1,-6.296750307E-1,9.746794701E0,9.797679955E0
1.288281108E1,-7.685387731E-1,-6.296750307E-1,9.734824181E0,9.785394439E0
1.288481093E1,-7.637503147E-1,-6.248866320E-1,9.730035782E0,9.779948577E0
1.288680991E1,-7.709329724E-1,-6.296750307E-1,9.737217903E0,9.787964078E0
1.288881007E1,-7.637503147E-1,-6.272808313E-1,9.742006302E0,9.792011161E0
1.289080987E1,-7.685387731E-1,-6.248866320E-1,9.734824181E0,9.785087479E0
1.289280847E1,-7.685387731E-1,-6.368576288E-1,9.737217903E0,9.788240495E0
1.289480718E1,-7.637503147E-1,-6.320692301E-1,9.739612579E0,9.789937653E0
1.289680593E1,-7.661445141E-1,-6.272808313E-1,9.730035782E0,9.780289105E0
1.289880472E1,-7.757213712E-1,-6.248866320E-1,9.739612579E0,9.790417772E0
1.290080440E1,-7.733271718E-1,-6.320692301E-1,9.742006302E0,9.793070673E0
1.290280460E1,-7.709329724E-1,-6.392518282E-1,9.727641106E0,9.779058341E0
1.290480421E1,-7.757213712E-1,-6.440402865E-1,9.725247383E0,9.777370209E0
1.290680409E1,-7.685387731E-1,-6.416460276E-1,9.739612579E0,9.790935332E0
1.290880425E1,-7.637503147E-1,-6.368576288E-1,9.742006302E0,9.792629318E0
1.291080429E1,-7.613561153E-1,-6.368576288E-1,9.746794701E0,9.797206628E0
1.291280397E1,-7.541735172E-1,-6.320692301E-1,9.734824181E0,9.784431053E0
1.291480292E1,-7.541735172E-1,-6.272808313E-1,9.737217903E0,9.786504556E0
1.291680311E1,-7.637503147E-1,-6.368576288E-1,9.734824181E0,9.785484352E0
1.291880378E1,-7.613561153E-1,-6.392518282E-1,9.732429504E0,9.783071608E0
1.292080405E1,-7.589619160E-1,-6.368576288E-1,9.720458984E0,9.770820523E0
1.292280483E1,-7.613561153E-1,-6.368576288E-1,9.730035782E0,9.780534090E0
1.292480581E1,-7.637503147E-1,-6.296750307E-1,9.742006302E0,9.792164826E0
1.292680636E1,-7.613561153E-1,-6.368576288E-1,9.737217903E0,9.787679156E0
1.292880690E1,-7.589619160E-1,-6.368576288E-1,9.734824181E0,9.785111786E0
1.293080768E1,-7.613561153E-1,-6.392518282E-1,9.734824181E0,9.785453891E0
1.293280850E1,-7.661445141E-1,-6.440402865E-1,9.737217903E0,9.788522759E0
1.293480843E1,-7.661445141E-1,-6.368576288E-1,9.732429504E0,9.783289279E0
1.293680839E1,-7.685387731E-1,-6.320692301E-1,9.725247383E0,9.776021687E0
1.293880847E1,-7.685387731E-1,-6.320692301E-1,9.727641106E0,9.778402980E0
1.294080854E1,-7.685387731E-1,-6.320692301E-1,9.737217903E0,9.787930111E0
1.294280854E1,-7.685387731E-1,-6.344634295E-1,9.727641106E0,9.778558031E0
1.294480776E1,-7.661445141E-1,-6.368576288E-1,9.718064308E0,9.768998872E0
1.294680710E1,-7.637503147E-1,-6.368576288E-1,9.722852707E0,9.773574932E0
1.294880675E1,-7.637503147E-1,-6.440402865E-1,9.730035782E0,9.781191070E0
1.295080640E1,-7.565677166E-1,-6.320692301E-1,9.749189377E0,9.798908088E0
1.295280655E1,-7.709329724E-1,-6.416460276E-1,9.746794701E0,9.798267919E0
1.295480686E1,-7.685387731E-1,-6.320692301E-1,9.742006302E0,9.792693712E0
1.295680784E1,-7.757213712E-1,-6.368576288E-1,9.727641106E0,9.779280790E0
1.295880862E1,-7.685387731E-1,-6.344634295E-1,9.734824181E0,9.785703731E0
1.296080905E1,-7.709329724E-1,-6.296750307E-1,9.742006302E0,9.792727663E0
1.296280991E1,-7.709329724E-1,-6.344634295E-1,9.730035782E0,9.781128657E0
1.296481140E1,-7.781155705E-1,-6.320692301E-1,9.730035782E0,9.781542397E0
1.296681253E1,-7.757213712E-1,-6.153098345E-1,9.737217903E0,9.787428791E0
1.296881409E1,-7.661445141E-1,-6.272808313E-1,9.732429504E0,9.782670531E0
1.297081741E1,-7.733271718E-1,-6.296750307E-1,9.734824181E0,9.785771681E0
1.297281932E1,-7.685387731E-1,-6.272808313E-1,9.737217903E0,9.787622060E0
1.297482038E1,-7.757213712E-1,-6.129156351E-1,9.734824181E0,9.784897089E0
1.297682182E1,-7.733271718E-1,-6.153098345E-1,9.737217903E0,9.787239325E0
1.297882272E1,-7.589619160E-1,-6.177040339E-1,9.737217903E0,9.786265578E0
1.298082386E1,-7.637503147E-1,-6.200982332E-1,9.730035782E0,9.779643791E0
1.298282530E1,-7.613561153E-1,-6.200982332E-1,9.727641106E0,9.777074533E0
1.298482679E1,-7.517793179E-1,-6.224924326E-1,9.732429504E0,9.781250075E0
1.298682811E1,-7.589619160E-1,-6.177040339E-1,9.742006302E0,9.791029989E0
1.298882870E1,-7.541735172E-1,-6.248866320E-1,9.739612579E0,9.788734044E0
1.299082901E1,-7.493851185E-1,-6.248866320E-1,9.734824181E0,9.783601749E0
1.299282929E1,-7.541735172E-1,-6.272808313E-1,9.737217903E0,9.786504556E0
1.299482917E1,-7.613561153E-1,-6.248866320E-1,9.732429504E0,9.782143451E0
1.299683007E1,-7.661445141E-1,-6.272808313E-1,9.734824181E0,9.785052912E0
1.299883042E1,-7.637503147E-1,-6.296750307E-1,9.730035782E0,9.780255697E0
1.300083120E1,-7.661445141E-1,-6.320692301E-1,9.727641106E0,9.778215093E0
1.300283124E1,-7.661445141E-1,-6.320692301E-1,9.730035782E0,9.780597387E0
1.300483104E1,-7.637503147E-1,-6.296750307E-1,9.737217903E0,9.787400967E0
1.300683163E1,-7.685387731E-1,-6.272808313E-1,9.734824181E0,9.785240667E0
1.300883155E1,-7.637503147E-1,-6.248866320E-1,9.737217903E0,9.787094070E0
1.301083116E1,-7.733271718E-1,-6.248866320E-1,9.742006302E0,9.792609714E0
1.301283132E1,-7.733271718E-1,-6.320692301E-1,9.751583099E0,9.802597583E0
1.301483237E1,-7.757213712E-1,-6.296750307E-1,9.746794701E0,9.797869219E0
1.301683268E1,-7.709329724E-1,-6.224924326E-1,9.737217903E0,9.787504634E0
1.301883327E1,-7.685387731E-1,-6.153098345E-1,9.742006302E0,9.791626260E0
1.302083300E1,-7.661445141E-1,-6.153098345E-1,9.739612579E0,9.789056993E0
1.302283233E1,-7.637503147E-1,-6.129156351E-1,9.742006302E0,9.791101414E0
1.302483143E1,-7.685387731E-1,-6.129156351E-1,9.734824181E0,9.784330291E0
1.302683120E1,-7.733271718E-1,-6.105214357E-1,9.720458984E0,9.770265821E0
1.302883159E1,-7.685387731E-1,-6.153098345E-1,9.725247383E0,9.774952414E0
1.303083155E1,-7.637503147E-1,-6.296750307E-1,9.737217903E0,9.787400967E0
1.303283108E1,-7.637503147E-1,-6.248866320E-1,9.746794701E0,9.796622111E0
1.303483093E1,-7.637503147E-1,-6.200982332E-1,9.727641106E0,9.777261265E0
1.303683132E1,-7.685387731E-1,-6.224924326E-1,9.739612579E0,9.789698763E0
1.303883229E1,-7.685387731E-1,-6.248866320E-1,9.732429504E0,9.782705107E0
1.304083245E1,-7.757213712E-1,-6.248866320E-1,9.727641106E0,9.778508497E0
1.304283233E1,-7.661445141E-1,-6.200982332E-1,9.732429504E0,9.782212597E0
1.304483233E1,-7.709329724E-1,-6.344634295E-1,9.727641106E0,9.778746493E0
1.304683272E1,-7.589619160E-1,-6.296750307E-1,9.730035782E0,9.779882931E0
1.304883225E1,-7.685387731E-1,-6.272808313E-1,9.727641106E0,9.778094629E0
1.305083292E1,-7.661445141E-1,-6.296750307E-1,9.727641106E0,9.778060623E0
1.305283319E1,-7.757213712E-1,-6.248866320E-1,9.734824181E0,9.785654233E0
1.305483288E1,-7.829039693E-1,-6.248866320E-1,9.732429504E0,9.783844131E0
1.305683249E1,-7.852981687E-1,-6.320692301E-1,9.742006302E0,9.794023255E0
1.305883354E1,-7.709329724E-1,-6.392518282E-1,9.730035782E0,9.781440429E0
1.306083452E1,-7.637503147E-1,-6.440402865E-1,9.737217903E0,9.788335657E0
1.306283475E1,-7.613561153E-1,-6.368576288E-1,9.751583099E0,9.801970400E0
1.306483499E1,-7.637503147E-1,-6.344634295E-1,9.749189377E0,9.799619987E0
1.306683573E1,-7.661445141E-1,-6.368576288E-1,9.742006302E0,9.792816339E0
1.306883624E1,-7.685387731E-1,-6.368576288E-1,9.737217903E0,9.788240495E0
1.307083741E1,-7.709329724E-1,-6.344634295E-1,9.749189377E0,9.800182396E0
1.307283784E1,-7.733271718E-1,-6.392518282E-1,9.739612579E0,9.791155755E0
1.307483800E1,-7.685387731E-1,-6.296750307E-1,9.730035782E0,9.780630798E0
1.307683944E1,-7.517793179E-1,-6.248866320E-1,9.727641106E0,9.776638324E0
1.307884042E1,-7.637503147E-1,-6.296750307E-1,9.734824181E0,9.785019520E0
1.308084128E1,-7.661445141E-1,-6.344634295E-1,9.742006302E0,9.792660928E0
1.308284233E1,-7.637503147E-1,-6.320692301E-1,9.737217903E0,9.787555290E0
1.308484319E1,-7.685387731E-1,-6.296750307E-1,9.732429504E0,9.783012141E0
1.308684452E1,-7.637503147E-1,-6.320692301E-1,9.732429504E0,9.782791530E0
1.308884514E1,-7.685387731E-1,-6.320692301E-1,9.725247383E0,9.776021687E0
1.309084538E1,-7.637503147E-1,-6.296750307E-1,9.732429504E0,9.782637131E0
1.309284647E1,-7.589619160E-1,-6.344634295E-1,9.734824181E0,9.784956252E0
1.309484776E1,-7.589619160E-1,-6.296750307E-1,9.737217903E0,9.787028473E0
1.309684846E1,-7.661445141E-1,-6.344634295E-1,9.734824181E0,9.785515985E0
1.309884901E1,-7.661445141E-1,-6.296750307E-1,9.730035782E0,9.780442954E0
1.310085038E1,-7.613561153E-1,-6.296750307E-1,9.742006302E0,9.791978378E0
1.310285218E1,-7.685387731E-1,-6.344634295E-1,9.744400978E0,9.795230784E0
1.310485358E1,-7.709329724E-1,-6.368576288E-1,9.744400978E0,9.795574292E0
1.310685472E1,-7.637503147E-1,-6.248866320E-1,9.742006302E0,9.791858079E0
1.310885628E1,-7.661445141E-1,-6.272808313E-1,9.732429504E0,9.782670531E0
1.311085882E1,-7.733271718E-1,-6.368576288E-1,9.734824181E0,9.786236477E0
1.311285999E1,-7.685387731E-1,-6.368576288E-1,9.727641106E0,9.778713666E0
1.311486132E1,-7.613561153E-1,-6.296750307E-1,9.722852707E0,9.772922722E0
1.311686268E1,-7.637503147E-1,-6.344634295E-1,9.718064308E0,9.768655603E0
1.311886413E1,-7.613561153E-1,-6.368576288E-1,9.715670586E0,9.766243172E0
1.312086557E1,-7.661445141E-1,-6.344634295E-1,9.727641106E0,9.778370147E0
1.312286659E1,-7.685387731E-1,-6.272808313E-1,9.722852707E0,9.773330949E0
1.312486866E1,-7.685387731E-1,-6.272808313E-1,9.739612579E0,9.790004407E0
1.312687003E1,-7.685387731E-1,-6.320692301E-1,9.742006302E0,9.792693712E0
1.312887120E1,-7.709329724E-1,-6.224924326E-1,9.744400978E0,9.794650831E0
1.313087225E1,-7.661445141E-1,-6.296750307E-1,9.732429504E0,9.782824343E0
1.313287393E1,-7.709329724E-1,-6.392518282E-1,9.725247383E0,9.776677207E0
1.313487577E1,-7.709329724E-1,-6.296750307E-1,9.730035782E0,9.780819220E0
1.313687643E1,-7.733271718E-1,-6.320692301E-1,9.742006302E0,9.793070673E0
1.313887714E1,-7.637503147E-1,-6.248866320E-1,9.749189377E0,9.799004610E0
1.314087870E1,-7.709329724E-1,-6.272808313E-1,9.720458984E0,9.771138202E0
1.314288085E1,-7.757213712E-1,-6.296750307E-1,9.732429504E0,9.783579015E0
1.314488378E1,-7.661445141E-1,-6.272808313E-1,9.730035782E0,9.780289105E0
1.314688616E1,-7.637503147E-1,-6.200982332E-1,9.732429504E0,9.782025374E0
1.314888823E1,-7.661445141E-1,-6.320692301E-1,9.725247383E0,9.775833754E0
1.315088952E1,-7.613561153E-1,-6.272808313E-1,9.725247383E0,9.775151203E0
1.315289034E1,-7.613561153E-1,-6.177040339E-1,9.737217903E0,9.786451548E0
1.315489206E1,-7.637503147E-1,-6.296750307E-1,9.742006302E0,9.792164826E0
1.315689362E1,-7.589619160E-1,-6.248866320E-1,9.746794701E0,9.796249968E0
1.315889620E1,-7.613561153E-1,-6.344634295E-1,9.751583099E0,9.801815134E0
1.316089811E1,-7.637503147E-1,-6.296750307E-1,9.749189377E0,9.799311134E0
1.316289917E1,-7.733271718E-1,-6.224924326E-1,9.749189377E0,9.799603321E0
1.316490190E1,-7.733271718E-1,-6.272808313E-1,9.737217903E0,9.787999216E0
1.316690323E1,-7.733271718E-1,-6.272808313E-1,9.742006302E0,9.792762784E0
1.316890421E1,-7.637503147E-1,-6.224924326E-1,9.739612579E0,9.789324010E0
1.317090557E1,-7.637503147E-1,-6.224924326E-1,9.732429504E0,9.782177438E0
1.317290620E1,-7.685387731E-1,-6.224924326E-1,9.718064308E0,9.768260980E0
1.317490729E1,-7.613561153E-1,-6.200982332E-1,9.732429504E0,9.781838734E0
1.317690890E1,-7.661445141E-1,-6.248866320E-1,9.725247383E0,9.775371982E0
1.317891061E1,-7.685387731E-1,-6.272808313E-1,9.720458984E0,9.770949593E0
1.318091167E1,-7.685387731E-1,-6.177040339E-1,9.730035782E0,9.779867404E0
1.318291264E1,-7.685387731E-1,-6.224924326E-1,9.730035782E0,9.780171010E0
1.318491343E1,-7.685387731E-1,-6.272808313E-1,9.737217903E0,9.787622060E0
1.318691499E1,-7.781155705E-1,-6.296750307E-1,9.730035782E0,9.781387979E0
1.318891577E1,-7.805097699E-1,-6.248866320E-1,9.737217903E0,9.788416179E0
1.319091690E1,-7.733271718E-1,-6.296750307E-1,9.730035782E0,9.781008224E0
1.319291804E1,-7.637503147E-1,-6.320692301E-1,9.720458984E0,9.770882709E0
1.319491835E1,-7.589619160E-1,-6.344634295E-1,9.737217903E0,9.787337714E0
1.319691854E1,-7.685387731E-1,-6.272808313E-1,9.737217903E0,9.787622060E0
1.319891819E1,-7.685387731E-1,-6.248866320E-1,9.744400978E0,9.794615131E0
1.320091819E1,-7.637503147E-1,-6.320692301E-1,9.744400978E0,9.794701449E0
1.320291796E1,-7.613561153E-1,-6.320692301E-1,9.749189377E0,9.799278961E0
1.320491815E1,-7.637503147E-1,-6.368576288E-1,9.746794701E0,9.797392976E0
1.320691804E1,-7.661445141E-1,-6.344634295E-1,9.734824181E0,9.785515985E0
1.320891823E1,-7.757213712E-1,-6.248866320E-1,9.727641106E0,9.778508497E0
1.321091952E1,-7.685387731E-1,-6.344634295E-1,9.737217903E0,9.788085011E0
1.321292022E1,-7.661445141E-1,-6.368576288E-1,9.732429504E0,9.783289279E0
1.321492128E1,-7.661445141E-1,-6.272808313E-1,9.732429504E0,9.782670531E0
1.321692190E1,-7.589619160E-1,-6.416460276E-1,9.737217903E0,9.787805950E0
1.321892214E1,-7.685387731E-1,-6.392518282E-1,9.732429504E0,9.783633211E0
1.322092128E1,-7.685387731E-1,-6.248866320E-1,9.734824181E0,9.785087479E0
1.322292054E1,-7.685387731E-1,-6.272808313E-1,9.730035782E0,9.780476952E0
1.322491995E1,-7.709329724E-1,-6.248866320E-1,9.730035782E0,9.780512117E0
1.322692077E1,-7.709329724E-1,-6.248866320E-1,9.718064308E0,9.768602502E0
1.322892046E1,-7.709329724E-1,-6.296750307E-1,9.722852707E0,9.773673468E0
1.323092151E1,-7.709329724E-1,-6.296750307E-1,9.737217903E0,9.787964078E0
1.323292186E1,-7.661445141E-1,-6.224924326E-1,9.734824181E0,9.784747113E0
1.323492233E1,-7.685387731E-1,-6.272808313E-1,9.744400978E0,9.794768170E0
1.323692214E1,-7.733271718E-1,-6.392518282E-1,9.739612579E0,9.791155755E0
1.323892288E1,-7.781155705E-1,-6.248866320E-1,9.737217903E0,9.788225561E0
1.324092374E1,-7.661445141E-1,-6.296750307E-1,9.739612579E0,9.789970442E0
1.324292413E1,-7.709329724E-1,-6.272808313E-1,9.727641106E0,9.778283099E0
1.324492491E1,-7.781155705E-1,-6.296750307E-1,9.727641106E0,9.779005878E0
1.324692671E1,-7.757213712E-1,-6.296750307E-1,9.730035782E0,9.781197810E0
1.324892780E1,-7.613561153E-1,-6.248866320E-1,9.725247383E0,9.774997857E0
1.325092960E1,-7.589619160E-1,-6.177040339E-1,9.734824181E0,9.783883855E0
1.325293011E1,-7.613561153E-1,-6.248866320E-1,9.742006302E0,9.791671626E0
1.325493054E1,-7.613561153E-1,-6.224924326E-1,9.742006302E0,9.791519124E0
1.325693085E1,-7.589619160E-1,-6.272808313E-1,9.739612579E0,9.789257256E0
1.325893136E1,-7.613561153E-1,-6.224924326E-1,9.730035782E0,9.779609209E0
1.326093155E1,-7.613561153E-1,-6.320692301E-1,9.720458984E0,9.770695856E0
1.326293253E1,-7.613561153E-1,-6.272808313E-1,9.727641106E0,9.777532708E0
1.326493370E1,-7.733271718E-1,-6.272808313E-1,9.725247383E0,9.776090876E0
1.326693452E1,-7.709329724E-1,-6.368576288E-1,9.732429504E0,9.783665435E0
1.326893479E1,-7.661445141E-1,-6.440402865E-1,9.739612579E0,9.790904887E0
1.327093573E1,-7.613561153E-1,-6.416460276E-1,9.742006302E0,9.792755462E0
1.327293741E1,-7.589619160E-1,-6.296750307E-1,9.739612579E0,9.789410964E0
1.327493827E1,-7.661445141E-1,-6.296750307E-1,9.746794701E0,9.797115647E0
1.327693858E1,-7.733271718E-1,-6.272808313E-1,9.746794701E0,9.797526376E0
1.327893917E1,-7.637503147E-1,-6.272808313E-1,9.730035782E0,9.780101845E0
1.328094026E1,-7.709329724E-1,-6.320692301E-1,9.732429504E0,9.783354906E0
1.328294069E1,-7.685387731E-1,-6.200982332E-1,9.722852707E0,9.772872578E0
1.328494167E1,-7.709329724E-1,-6.296750307E-1,9.749189377E0,9.799873560E0
1.328694257E1,-7.637503147E-1,-6.272808313E-1,9.746794701E0,9.796775118E0
1.328894296E1,-7.613561153E-1,-6.224924326E-1,9.732429504E0,9.781990800E0
1.329094354E1,-7.613561153E-1,-6.320692301E-1,9.734824181E0,9.784987301E0
1.329294366E1,-7.565677166E-1,-6.320692301E-1,9.744400978E0,9.794143997E0
1.329494390E1,-7.613561153E-1,-6.224924326E-1,9.734824181E0,9.784373347E0
1.329694327E1,-7.637503147E-1,-6.296750307E-1,9.730035782E0,9.780255697E0
1.329894304E1,-7.613561153E-1,-6.344634295E-1,9.732429504E0,9.782759888E0
1.330094335E1,-7.637503147E-1,-6.296750307E-1,9.722852707E0,9.773109533E0
1.330294382E1,-7.709329724E-1,-6.344634295E-1,9.730035782E0,9.781128657E0
1.330494339E1,-7.685387731E-1,-6.248866320E-1,9.730035782E0,9.780323689E0
1.330694339E1,-7.685387731E-1,-6.200982332E-1,9.732429504E0,9.782400407E0
1.330894346E1,-7.637503147E-1,-6.200982332E-1,9.730035782E0,9.779643791E0
1.331094343E1,-7.685387731E-1,-6.272808313E-1,9.718064308E0,9.768567294E0
1.331294413E1,-7.589619160E-1,-6.296750307E-1,9.732429504E0,9.782264456E0
1.331494370E1,-7.661445141E-1,-6.320692301E-1,9.734824181E0,9.785361044E0
1.331694300E1,-7.733271718E-1,-6.344634295E-1,9.744400978E0,9.795607647E0
1.331894268E1,-7.757213712E-1,-6.296750307E-1,9.739612579E0,9.790724564E0
1.332094124E1,-7.661445141E-1,-6.344634295E-1,9.722852707E0,9.773606602E0
1.332294065E1,-7.565677166E-1,-6.272808313E-1,9.730035782E0,9.779543561E0
1.332493960E1,-7.613561153E-1,-6.272808313E-1,9.734824181E0,9.784679157E0
1.332693913E1,-7.637503147E-1,-6.272808313E-1,9.727641106E0,9.777719431E0
1.332893882E1,-7.637503147E-1,-6.344634295E-1,9.742006302E0,9.792473905E0
1.333093913E1,-7.661445141E-1,-6.296750307E-1,9.746794701E0,9.797115647E0
1.333293815E1,-7.589619160E-1,-6.296750307E-1,9.732429504E0,9.782264456E0
1.333493764E1,-7.565677166E-1,-6.344634295E-1,9.725247383E0,9.775242975E0
1.333693651E1,-7.613561153E-1,-6.368576288E-1,9.725247383E0,9.775770427E0
1.333893585E1,-7.613561153E-1,-6.344634295E-1,9.730035782E0,9.780378484E0
1.334093640E1,-7.685387731E-1,-6.344634295E-1,9.737217903E0,9.788085011E0
1.334293710E1,-7.565677166E-1,-6.368576288E-1,9.730035782E0,9.780162507E0
1.334493768E1,-7.637503147E-1,-6.272808313E-1,9.734824181E0,9.784865743E0
1.334693858E1,-7.637503147E-1,-6.272808313E-1,9.732429504E0,9.782483317E0
1.334893991E1,-7.661445141E-1,-6.224924326E-1,9.742006302E0,9.791892617E0
1.335094015E1,-7.709329724E-1,-6.224924326E-1,9.749189377E0,9.799414675E0
1.335294038E1,-7.661445141E-1,-6.224924326E-1,9.732429504E0,9.782364658E0
1.335494096E1,-7.661445141E-1,-6.248866320E-1,9.727641106E0,9.777753433E0
1.335694140E1,-7.661445141E-1,-6.320692301E-1,9.727641106E0,9.778215093E0
1.335894096E1,-7.685387731E-1,-6.248866320E-1,9.727641106E0,9.777941329E0
1.336094237E1,-7.685387731E-1,-6.296750307E-1,9.718064308E0,9.768721328E0
1.336294401E1,-7.709329724E-1,-6.344634295E-1,9.734824181E0,9.785892055E0
1.336494534E1,-7.637503147E-1,-6.344634295E-1,9.744400978E0,9.794856242E0
1.336694640E1,-7.565677166E-1,-6.224924326E-1,9.734824181E0,9.784001910E0
1.336894737E1,-7.613561153E-1,-6.224924326E-1,9.734824181E0,9.784373347E0
1.337094866E1,-7.661445141E-1,-6.296750307E-1,9.737217903E0,9.787588087E0
1.337294964E1,-7.661445141E-1,-6.320692301E-1,9.749189377E0,9.799652159E0
1.337495042E1,-7.637503147E-1,-6.272808313E-1,9.742006302E0,9.792011161E0
1.337695112E1,-7.637503147E-1,-6.320692301E-1,9.734824181E0,9.785173881E0
1.337895222E1,-7.637503147E-1,-6.368576288E-1,9.732429504E0,9.783102077E0
1.338095257E1,-7.685387731E-1,-6.320692301E-1,9.730035782E0,9.780785228E0
1.338295343E1,-7.637503147E-1,-6.296750307E-1,9.720458984E0,9.770728123E0
1.338495425E1,-7.613561153E-1,-6.272808313E-1,9.720458984E0,9.770387262E0
1.338695483E1,-7.613561153E-1,-6.296750307E-1,9.720458984E0,9.770541267E0
1.338895632E1,-7.613561153E-1,-6.344634295E-1,9.727641106E0,9.777996137E0
1.339095815E1,-7.661445141E-1,-6.296750307E-1,9.720458984E0,9.770915562E0
1.339295925E1,-7.733271718E-1,-6.272808313E-1,9.739612579E0,9.790381471E0
1.339495987E1,-7.733271718E-1,-6.272808313E-1,9.739612579E0,9.790381471E0
1.339696034E1,-7.685387731E-1,-6.248866320E-1,9.732429504E0,9.782705107E0
1.339896046E1,-7.685387731E-1,-6.224924326E-1,9.732429504E0,9.782552465E0
1.340096054E1,-7.661445141E-1,-6.248866320E-1,9.739612579E0,9.789663626E0
1.340296128E1,-7.637503147E-1,-6.200982332E-1,9.734824181E0,9.784407912E0
1.340496167E1,-7.685387731E-1,-6.248866320E-1,9.734824181E0,9.785087479E0
1.340696268E1,-7.637503147E-1,-6.272808313E-1,9.732429504E0,9.782483317E0
1.340896339E1,-7.637503147E-1,-6.248866320E-1,9.730035782E0,9.779948577E0
1.341096409E1,-7.733271718E-1,-6.344634295E-1,9.734824181E0,9.786080962E0
1.341296503E1,-7.661445141E-1,-6.368576288E-1,9.732429504E0,9.783289279E0
1.341496616E1,-7.613561153E-1,-6.392518282E-1,9.730035782E0,9.780690280E0
1.341696604E1,-7.661445141E-1,-6.344634295E-1,9.727641106E0,9.778370147E0
1.341896698E1,-7.685387731E-1,-6.248866320E-1,9.732429504E0,9.782705107E0
1.342096706E1,-7.661445141E-1,-6.177040339E-1,9.732429504E0,9.782061120E0
1.342296671E1,-7.685387731E-1,-6.320692301E-1,9.732429504E0,9.783166533E0
1.342496565E1,-7.565677166E-1,-6.248866320E-1,9.742006302E0,9.791300465E0
1.342696511E1,-7.565677166E-1,-6.272808313E-1,9.739612579E0,9.789071925E0
1.342896487E1,-7.613561153E-1,-6.248866320E-1,9.737217903E0,9.786907526E0
1.343096487E1,-7.709329724E-1,-6.248866320E-1,9.732429504E0,9.782893489E0
1.343296491E1,-7.757213712E-1,-6.272808313E-1,9.737217903E0,9.788188667E0
1.343496397E1,-7.733271718E-1,-6.344634295E-1,9.732429504E0,9.783698831E0
1.343696272E1,-7.709329724E-1,-6.320692301E-1,9.727641106E0,9.778591445E0
1.343896147E1,-7.685387731E-1,-6.296750307E-1,9.730035782E0,9.780630798E0
1.344096190E1,-7.709329724E-1,-6.272808313E-1,9.734824181E0,9.785429000E0
1.344296225E1,-7.661445141E-1,-6.248866320E-1,9.732429504E0,9.782517303E0
1.344496268E1,-7.685387731E-1,-6.224924326E-1,9.732429504E0,9.782552465E0
1.344696249E1,-7.709329724E-1,-6.272808313E-1,9.732429504E0,9.783046711E0
1.344896155E1,-7.685387731E-1,-6.344634295E-1,9.734824181E0,9.785703731E0
1.345096171E1,-7.685387731E-1,-6.296750307E-1,9.737217903E0,9.787775793E0
1.345296182E1,-7.685387731E-1,-6.153098345E-1,9.742006302E0,9.791626260E0
1.345496167E1,-7.733271718E-1,-6.200982332E-1,9.744400978E0,9.794687701E0
1.345696202E1,-7.685387731E-1,-6.200982332E-1,9.732429504E0,9.782400407E0
1.345896112E1,-7.613561153E-1,-6.200982332E-1,9.725247383E0,9.774692917E0
1.346096147E1,-7.613561153E-1,-6.248866320E-1,9.734824181E0,9.784525960E0
1.346296147E1,-7.613561153E-1,-6.200982332E-1,9.732429504E0,9.781838734E0
1.346496155E1,-7.637503147E-1,-6.200982332E-1,9.725247383E0,9.774879694E0
1.346696159E1,-7.661445141E-1,-6.224924326E-1,9.720458984E0,9.770455318E0
1.346896198E1,-7.613561153E-1,-6.272808313E-1,9.734824181E0,9.784679157E0
1.347096225E1,-7.661445141E-1,-6.296750307E-1,9.737217903E0,9.787588087E0
1.347296339E1,-7.685387731E-1,-6.272808313E-1,9.734824181E0,9.785240667E0
1.347496499E1,-7.637503147E-1,-6.272808313E-1,9.720458984E0,9.770574121E0
1.347696671E1,-7.613561153E-1,-6.272808313E-1,9.722852707E0,9.772768755E0
1.347896788E1,-7.565677166E-1,-6.296750307E-1,9.730035782E0,9.779697422E0
1.348096932E1,-7.541735172E-1,-6.296750307E-1,9.730035782E0,9.779512496E0
1.348297085E1,-7.613561153E-1,-6.248866320E-1,9.732429504E0,9.782143451E0
1.348497186E1,-7.685387731E-1,-6.272808313E-1,9.727641106E0,9.778094629E0
1.348697358E1,-7.685387731E-1,-6.224924326E-1,9.727641106E0,9.777788613E0
1.348897499E1,-7.709329724E-1,-6.320692301E-1,9.725247383E0,9.776210197E0
1.349097628E1,-7.637503147E-1,-6.344634295E-1,9.725247383E0,9.775801504E0
1.349297706E1,-7.685387731E-1,-6.368576288E-1,9.725247383E0,9.776332449E0
1.349497882E1,-7.685387731E-1,-6.368576288E-1,9.725247383E0,9.776332449E0
1.349697999E1,-7.661445141E-1,-6.344634295E-1,9.730035782E0,9.780752403E0
1.349898108E1,-7.613561153E-1,-6.320692301E-1,9.739612579E0,9.789751163E0
1.350098214E1,-7.541735172E-1,-6.320692301E-1,9.725247383E0,9.774902857E0
1.350298300E1,-7.613561153E-1,-6.368576288E-1,9.732429504E0,9.782915457E0
1.350498397E1,-7.781155705E-1,-6.344634295E-1,9.734824181E0,9.786460520E0
1.350698393E1,-7.781155705E-1,-6.248866320E-1,9.734824181E0,9.785844316E0
1.350898444E1,-7.709329724E-1,-6.272808313E-1,9.722852707E0,9.773519512E0
1.351098487E1,-7.613561153E-1,-6.224924326E-1,9.722852707E0,9.772462572E0
1.351298554E1,-7.565677166E-1,-6.224924326E-1,9.727641106E0,9.776854966E0
1.351498612E1,-7.613561153E-1,-6.272808313E-1,9.730035782E0,9.779915168E0
1.351698624E1,-7.661445141E-1,-6.248866320E-1,9.727641106E0,9.777753433E0
1.351898518E1,-7.757213712E-1,-6.200982332E-1,9.734824181E0,9.785349625E0
1.352098507E1,-7.709329724E-1,-6.296750307E-1,9.739612579E0,9.790346342E0
1.352298487E1,-7.685387731E-1,-6.248866320E-1,9.739612579E0,9.789851293E0
1.352498554E1,-7.637503147E-1,-6.153098345E-1,9.732429504E0,9.781722997E0
1.352698671E1,-7.709329724E-1,-6.272808313E-1,9.730035782E0,9.780665376E0
1.352898718E1,-7.685387731E-1,-6.296750307E-1,9.732429504E0,9.783012141E0
1.353098706E1,-7.637503147E-1,-6.344634295E-1,9.730035782E0,9.780565153E0
1.353298764E1,-7.685387731E-1,-6.200982332E-1,9.737217903E0,9.787164357E0
1.353498784E1,-7.709329724E-1,-6.248866320E-1,9.739612579E0,9.790039538E0
1.353698807E1,-7.637503147E-1,-6.320692301E-1,9.725247383E0,9.775646409E0
1.353898819E1,-7.613561153E-1,-6.344634295E-1,9.732429504E0,9.782759888E0
1.354098858E1,-7.589619160E-1,-6.368576288E-1,9.727641106E0,9.777965653E0
1.354298905E1,-7.613561153E-1,-6.344634295E-1,9.720458984E0,9.770851030E0
1.354498870E1,-7.661445141E-1,-6.296750307E-1,9.737217903E0,9.787588087E0
1.354698901E1,-7.757213712E-1,-6.200982332E-1,9.737217903E0,9.787730991E0
1.354898972E1,-7.733271718E-1,-6.296750307E-1,9.730035782E0,9.781008224E0
1.355099081E1,-7.709329724E-1,-6.320692301E-1,9.739612579E0,9.790500618E0
1.355299179E1,-7.733271718E-1,-6.296750307E-1,9.737217903E0,9.788152944E0
1.355499264E1,-7.685387731E-1,-6.248866320E-1,9.744400978E0,9.794615131E0
1.355699428E1,-7.661445141E-1,-6.296750307E-1,9.730035782E0,9.780442954E0
1.355899522E1,-7.709329724E-1,-6.296750307E-1,9.730035782E0,9.780819220E0
1.356099636E1,-7.661445141E-1,-6.272808313E-1,9.730035782E0,9.780289105E0
1.356299643E1,-7.709329724E-1,-6.248866320E-1,9.732429504E0,9.782893489E0
1.356499761E1,-7.709329724E-1,-6.272808313E-1,9.742006302E0,9.792574007E0
1.356699788E1,-7.637503147E-1,-6.248866320E-1,9.734824181E0,9.784712549E0
1.356899890E1,-7.661445141E-1,-6.368576288E-1,9.739612579E0,9.790435039E0
1.357099831E1,-7.637503147E-1,-6.320692301E-1,9.737217903E0,9.787555290E0
1.357299772E1,-7.685387731E-1,-6.224924326E-1,9.737217903E0,9.787316341E0
1.357499655E1,-7.733271718E-1,-6.320692301E-1,9.739612579E0,9.790689435E0
1.357699546E1,-7.709329724E-1,-6.392518282E-1,9.737217903E0,9.788584833E0
1.357899557E1,-7.637503147E-1,-6.320692301E-1,9.722852707E0,9.773264082E0
1.358099475E1,-7.589619160E-1,-6.272808313E-1,9.725247383E0,9.774965018E0
1.358299386E1,-7.589619160E-1,-6.177040339E-1,9.730035782E0,9.779119479E0
1.358499460E1,-7.541735172E-1,-6.296750307E-1,9.720458984E0,9.769984197E0
1.358699518E1,-7.493851185E-1,-6.200982332E-1,9.727641106E0,9.776149618E0
1.358899538E1,-7.589619160E-1,-6.153098345E-1,9.727641106E0,9.776585849E0
1.359099542E1,-7.565677166E-1,-6.153098345E-1,9.730035782E0,9.778783013E0
1.359299468E1,-7.565677166E-1,-6.177040339E-1,9.727641106E0,9.776551256E0
1.359499436E1,-7.637503147E-1,-6.224924326E-1,9.727641106E0,9.777413403E0
1.359699397E1,-7.589619160E-1,-6.224924326E-1,9.732429504E0,9.781804745E0
1.359899350E1,-7.637503147E-1,-6.224924326E-1,9.718064308E0,9.767885404E0
1.360099268E1,-7.661445141E-1,-6.296750307E-1,9.730035782E0,9.780442954E0
1.360299241E1,-7.733271718E-1,-6.272808313E-1,9.718064308E0,9.768945186E0
1.360499198E1,-7.685387731E-1,-6.320692301E-1,9.730035782E0,9.780785228E0
1.360699159E1,-7.709329724E-1,-6.296750307E-1,9.739612579E0,9.790346342E0
1.360899163E1,-7.733271718E-1,-6.272808313E-1,9.742006302E0,9.792762784E0
1.361099120E1,-7.589619160E-1,-6.296750307E-1,9.744400978E0,9.794175017E0
1.361299061E1,-7.637503147E-1,-6.296750307E-1,9.737217903E0,9.787400967E0
1.361498991E1,-7.757213712E-1,-6.248866320E-1,9.730035782E0,9.780890719E0
1.361698901E1,-7.757213712E-1,-6.272808313E-1,9.725247383E0,9.776280558E0
1.361898886E1,-7.685387731E-1,-6.320692301E-1,9.722852707E0,9.773639451E0
1.362098788E1,-7.709329724E-1,-6.368576288E-1,9.734824181E0,9.786047574E0
1.362298729E1,-7.733271718E-1,-6.416460276E-1,9.734824181E0,9.786549257E0
1.362498671E1,-7.637503147E-1,-6.344634295E-1,9.739612579E0,9.790092522E0
1.362698729E1,-7.685387731E-1,-6.368576288E-1,9.732429504E0,9.783477068E0
1.362898675E1,-7.661445141E-1,-6.320692301E-1,9.725247383E0,9.775833754E0
1.363098714E1,-7.637503147E-1,-6.224924326E-1,9.739612579E0,9.789324010E0
1.363298729E1,-7.565677166E-1,-6.272808313E-1,9.744400978E0,9.793836142E0
1.363498819E1,-7.685387731E-1,-6.200982332E-1,9.734824181E0,9.784782854E0
1.363698807E1,-7.709329724E-1,-6.248866320E-1,9.737217903E0,9.787657199E0
1.363898737E1,-7.733271718E-1,-6.224924326E-1,9.739612579E0,9.790075839E0
1.364098737E1,-7.709329724E-1,-6.224924326E-1,9.730035782E0,9.780359441E0
1.364298893E1,-7.637503147E-1,-6.272808313E-1,9.734824181E0,9.784865743E0
1.364499011E1,-7.709329724E-1,-6.224924326E-1,9.732429504E0,9.782740850E0
1.364699124E1,-7.733271718E-1,-6.248866320E-1,9.737217903E0,9.787846071E0
1.364899140E1,-7.637503147E-1,-6.248866320E-1,9.734824181E0,9.784712549E0
1.365099159E1,-7.613561153E-1,-6.200982332E-1,9.715670586E0,9.765164611E0
1.365299249E1,-7.613561153E-1,-6.177040339E-1,9.725247383E0,9.774541323E0
1.365499343E1,-7.637503147E-1,-6.224924326E-1,9.720458984E0,9.770267869E0
1.365699405E1,-7.709329724E-1,-6.296750307E-1,9.727641106E0,9.778436980E0
1.365899472E1,-7.757213712E-1,-6.344634295E-1,9.737217903E0,9.788651592E0
1.366099542E1,-7.757213712E-1,-6.272808313E-1,9.739612579E0,9.790570876E0
1.366299710E1,-7.709329724E-1,-6.368576288E-1,9.725247383E0,9.776520953E0
1.366499788E1,-7.685387731E-1,-6.368576288E-1,9.732429504E0,9.783477068E0
1.366699858E1,-7.685387731E-1,-6.296750307E-1,9.739612579E0,9.790158103E0
1.366899909E1,-7.637503147E-1,-6.272808313E-1,9.737217903E0,9.787247227E0
1.367100022E1,-7.661445141E-1,-6.344634295E-1,9.734824181E0,9.785515985E0
1.367300182E1,-7.661445141E-1,-6.368576288E-1,9.727641106E0,9.778525785E0
1.367500397E1,-7.709329724E-1,-6.344634295E-1,9.734824181E0,9.785892055E0
1.367700542E1,-7.685387731E-1,-6.320692301E-1,9.734824181E0,9.785548793E0
1.367900655E1,-7.661445141E-1,-6.344634295E-1,9.725247383E0,9.775988846E0
1.368100749E1,-7.661445141E-1,-6.272808313E-1,9.725247383E0,9.775525322E0
1.368300921E1,-7.685387731E-1,-6.248866320E-1,9.746794701E0,9.796996585E0
1.368501050E1,-7.613561153E-1,-6.272808313E-1,9.744400978E0,9.794207206E0
1.368701292E1,-7.613561153E-1,-6.344634295E-1,9.739612579E0,9.789906035E0
1.368901436E1,-7.637503147E-1,-6.392518282E-1,9.725247383E0,9.776113446E0
1.369101522E1,-7.661445141E-1,-6.272808313E-1,9.732429504E0,9.782670531E0
1.369301655E1,-7.613561153E-1,-6.224924326E-1,9.732429504E0,9.781990800E0
1.369501862E1,-7.709329724E-1,-6.224924326E-1,9.742006302E0,9.792268443E0
1.369702100E1,-7.709329724E-1,-6.296750307E-1,9.742006302E0,9.792727663E0
1.369902354E1,-7.637503147E-1,-6.200982332E-1,9.732429504E0,9.782025374E0
1.370102550E1,-7.685387731E-1,-6.224924326E-1,9.732429504E0,9.782552465E0
1.370302671E1,-7.709329724E-1,-6.248866320E-1,9.730035782E0,9.780512117E0
1.370502702E1,-7.589619160E-1,-6.224924326E-1,9.734824181E0,9.784187337E0
1.370702811E1,-7.613561153E-1,-6.248866320E-1,9.727641106E0,9.777379399E0
1.370902956E1,-7.637503147E-1,-6.272808313E-1,9.742006302E0,9.792011161E0
1.371103061E1,-7.637503147E-1,-6.272808313E-1,9.739612579E0,9.789629665E0
1.371303206E1,-7.661445141E-1,-6.248866320E-1,9.725247383E0,9.775371982E0
1.371503405E1,-7.613561153E-1,-6.224924326E-1,9.725247383E0,9.774845095E0
1.371703561E1,-7.637503147E-1,-6.177040339E-1,9.730035782E0,9.779492274E0
1.371903764E1,-7.637503147E-1,-6.177040339E-1,9.730035782E0,9.779492274E0
1.372104003E1,-7.709329724E-1,-6.368576288E-1,9.727641106E0,9.778902125E0
1.372304249E1,-7.637503147E-1,-6.344634295E-1,9.720458984E0,9.771037880E0
1.372504405E1,-7.565677166E-1,-6.272808313E-1,9.727641106E0,9.777161011E0
1.372704577E1,-7.685387731E-1,-6.320692301E-1,9.734824181E0,9.785548793E0
1.372904788E1,-7.613561153E-1,-6.320692301E-1,9.732429504E0,9.782604904E0
1.373105042E1,-7.613561153E-1,-6.272808313E-1,9.734824181E0,9.784679157E0
1.373305257E1,-7.637503147E-1,-6.248866320E-1,9.725247383E0,9.775184628E0
1.373505495E1,-7.661445141E-1,-6.248866320E-1,9.722852707E0,9.772989588E0
1.373705686E1,-7.733271718E-1,-6.177040339E-1,9.730035782E0,9.780244859E0
1.373905757E1,-7.685387731E-1,-6.320692301E-1,9.737217903E0,9.787930111E0
1.374105839E1,-7.589619160E-1,-6.248866320E-1,9.734824181E0,9.784339953E0
1.374305932E1,-7.709329724E-1,-6.296750307E-1,9.734824181E0,9.785582769E0
1.374506124E1,-7.685387731E-1,-6.248866320E-1,9.732429504E0,9.782705107E0
1.374706237E1,-7.589619160E-1,-6.344634295E-1,9.734824181E0,9.784956252E0
1.374906276E1,-7.685387731E-1,-6.272808313E-1,9.734824181E0,9.785240667E0
1.375106315E1,-7.661445141E-1,-6.224924326E-1,9.737217903E0,9.787128626E0
1.375306444E1,-7.733271718E-1,-6.272808313E-1,9.730035782E0,9.780854384E0
1.375506612E1,-7.637503147E-1,-6.272808313E-1,9.734824181E0,9.784865743E0
1.375706655E1,-7.589619160E-1,-6.296750307E-1,9.727641106E0,9.777500464E0
1.375906682E1,-7.685387731E-1,-6.272808313E-1,9.739612579E0,9.790004407E0
1.376106780E1,-7.685387731E-1,-6.224924326E-1,9.744400978E0,9.794462675E0
1.376306893E1,-7.637503147E-1,-6.272808313E-1,9.722852707E0,9.772955569E0
1.376507022E1,-7.661445141E-1,-6.320692301E-1,9.722852707E0,9.773451473E0
1.376707116E1,-7.661445141E-1,-6.344634295E-1,9.727641106E0,9.778370147E0
1.376907179E1,-7.661445141E-1,-6.272808313E-1,9.742006302E0,9.792198193E0
1.377107202E1,-7.637503147E-1,-6.248866320E-1,9.742006302E0,9.791858079E0
1.377307257E1,-7.733271718E-1,-6.272808313E-1,9.730035782E0,9.780854384E0
1.377507296E1,-7.589619160E-1,-6.272808313E-1,9.732429504E0,9.782110636E0
1.377707405E1,-7.685387731E-1,-6.272808313E-1,9.739612579E0,9.790004407E0
1.377907456E1,-7.637503147E-1,-6.200982332E-1,9.725247383E0,9.774879694E0
1.378107499E1,-7.685387731E-1,-6.224924326E-1,9.722852707E0,9.773024784E0
1.378307694E1,-7.733271718E-1,-6.296750307E-1,9.727641106E0,9.778626030E0
1.378507823E1,-7.709329724E-1,-6.320692301E-1,9.734824181E0,9.785737120E0
1.378707995E1,-7.733271718E-1,-6.392518282E-1,9.730035782E0,9.781629421E0
1.378908178E1,-7.709329724E-1,-6.416460276E-1,9.737217903E0,9.788741480E0
1.379108319E1,-7.709329724E-1,-6.344634295E-1,9.730035782E0,9.781128657E0
1.379308440E1,-7.685387731E-1,-6.368576288E-1,9.739612579E0,9.790622691E0
1.379508596E1,-7.733271718E-1,-6.368576288E-1,9.732429504E0,9.783854384E0
1.379708616E1,-7.661445141E-1,-6.344634295E-1,9.737217903E0,9.787897310E0
1.379908706E1,-7.685387731E-1,-6.320692301E-1,9.737217903E0,9.787930111E0
1.380108995E1,-7.757213712E-1,-6.344634295E-1,9.725247383E0,9.776744047E0
1.380309218E1,-7.781155705E-1,-6.368576288E-1,9.725247383E0,9.777089963E0
1.380509460E1,-7.685387731E-1,-6.320692301E-1,9.720458984E0,9.771258170E0
1.380709612E1,-7.685387731E-1,-6.248866320E-1,9.720458984E0,9.770796181E0
1.380909858E1,-7.685387731E-1,-6.177040339E-1,9.715670586E0,9.765575510E0
1.381110065E1,-7.709329724E-1,-6.272808313E-1,9.725247383E0,9.775901777E0
1.381310276E1,-7.757213712E-1,-6.272808313E-1,9.732429504E0,9.783425215E0
1.381510378E1,-7.733271718E-1,-6.320692301E-1,9.737217903E0,9.788307255E0
1.381710479E1,-7.661445141E-1,-6.344634295E-1,9.730035782E0,9.780752403E0
1.381910534E1,-7.709329724E-1,-6.320692301E-1,9.737217903E0,9.788118392E0
1.382110546E1,-7.781155705E-1,-6.248866320E-1,9.739612579E0,9.790607762E0
1.382310612E1,-7.661445141E-1,-6.344634295E-1,9.746794701E0,9.797424570E0
1.382510702E1,-7.685387731E-1,-6.392518282E-1,9.739612579E0,9.790778720E0
1.382710667E1,-7.685387731E-1,-6.416460276E-1,9.742006302E0,9.793316510E0
1.382910589E1,-7.589619160E-1,-6.368576288E-1,9.734824181E0,9.785111786E0
1.383110632E1,-7.637503147E-1,-6.392518282E-1,9.742006302E0,9.792785315E0
1.383310647E1,-7.661445141E-1,-6.320692301E-1,9.727641106E0,9.778215093E0
1.383510659E1,-7.637503147E-1,-6.320692301E-1,9.732429504E0,9.782791530E0
1.383710784E1,-7.685387731E-1,-6.320692301E-1,9.737217903E0,9.787930111E0
1.383910846E1,-7.709329724E-1,-6.296750307E-1,9.734824181E0,9.785582769E0
1.384110827E1,-7.685387731E-1,-6.296750307E-1,9.737217903E0,9.787775793E0
1.384310878E1,-7.685387731E-1,-6.248866320E-1,9.734824181E0,9.785087479E0
1.384510788E1,-7.685387731E-1,-6.272808313E-1,9.737217903E0,9.787622060E0
1.384710761E1,-7.661445141E-1,-6.272808313E-1,9.739612579E0,9.789816743E0
1.384910788E1,-7.637503147E-1,-6.272808313E-1,9.739612579E0,9.789629665E0
1.385110698E1,-7.685387731E-1,-6.296750307E-1,9.734824181E0,9.785394439E0
1.385311390E1,-7.733271718E-1,-6.272808313E-1,9.732429504E0,9.783235672E0
1.385510522E1,-7.661445141E-1,-6.320692301E-1,9.725247383E0,9.775833754E0
1.385710534E1,-7.757213712E-1,-6.248866320E-1,9.727641106E0,9.778508497E0
1.385910530E1,-7.733271718E-1,-6.224924326E-1,9.725247383E0,9.775784797E0
1.386110593E1,-7.733271718E-1,-6.177040339E-1,9.732429504E0,9.782626296E0
1.386310655E1,-7.709329724E-1,-6.177040339E-1,9.739612579E0,9.789583705E0
1.386510761E1,-7.637503147E-1,-6.177040339E-1,9.727641106E0,9.777109711E0
1.386710835E1,-7.637503147E-1,-6.224924326E-1,9.732429504E0,9.782177438E0
1.386910854E1,-7.613561153E-1,-6.248866320E-1,9.751583099E0,9.801199895E0
1.387110921E1,-7.589619160E-1,-6.200982332E-1,9.737217903E0,9.786416990E0
1.387310948E1,-7.589619160E-1,-6.296750307E-1,9.734824181E0,9.784646936E0
1.387510952E1,-7.613561153E-1,-6.344634295E-1,9.722852707E0,9.773232410E0
1.387710995E1,-7.637503147E-1,-6.296750307E-1,9.727641106E0,9.777873320E0
1.387911061E1,-7.637503147E-1,-6.368576288E-1,9.734824181E0,9.785484352E0
1.388111179E1,-7.685387731E-1,-6.224924326E-1,9.734824181E0,9.784934875E0
1.388311288E1,-7.637503147E-1,-6.272808313E-1,9.730035782E0,9.780101845E0
1.388511292E1,-7.589619160E-1,-6.177040339E-1,9.730035782E0,9.779119479E0
1.388711444E1,-7.661445141E-1,-6.248866320E-1,9.732429504E0,9.782517303E0
1.388911386E1,-7.661445141E-1,-6.224924326E-1,9.742006302E0,9.791892617E0
1.389111401E1,-7.613561153E-1,-6.200982332E-1,9.730035782E0,9.779457105E0
1.389311417E1,-7.613561153E-1,-6.200982332E-1,9.730035782E0,9.779457105E0
1.389511366E1,-7.613561153E-1,-6.320692301E-1,9.737217903E0,9.787368755E0
1.389711401E1,-7.661445141E-1,-6.272808313E-1,9.732429504E0,9.782670531E0
1.389911425E1,-7.709329724E-1,-6.272808313E-1,9.734824181E0,9.785429000E0
1.390111503E1,-7.685387731E-1,-6.344634295E-1,9.744400978E0,9.795230784E0
1.390311569E1,-7.733271718E-1,-6.320692301E-1,9.734824181E0,9.785926029E0
1.390511628E1,-7.733271718E-1,-6.296750307E-1,9.732429504E0,9.783389475E0
1.390711569E1,-7.685387731E-1,-6.320692301E-1,9.730035782E0,9.780785228E0
1.390911577E1,-7.637503147E-1,-6.296750307E-1,9.732429504E0,9.782637131E0
1.391111569E1,-7.613561153E-1,-6.224924326E-1,9.734824181E0,9.784373347E0
1.391311557E1,-7.661445141E-1,-6.272808313E-1,9.732429504E0,9.782670531E0
1.391511628E1,-7.709329724E-1,-6.224924326E-1,9.742006302E0,9.792268443E0
1.391711620E1,-7.757213712E-1,-6.296750307E-1,9.746794701E0,9.797869219E0
1.391911589E1,-7.661445141E-1,-6.320692301E-1,9.742006302E0,9.792506100E0
1.392111534E1,-7.637503147E-1,-6.272808313E-1,9.749189377E0,9.799157581E0
1.392311511E1,-7.661445141E-1,-6.296750307E-1,9.727641106E0,9.778060623E0
1.392511452E1,-7.709329724E-1,-6.320692301E-1,9.720458984E0,9.771446772E0
1.392711440E1,-7.661445141E-1,-6.344634295E-1,9.730035782E0,9.780752403E0
1.392911428E1,-7.637503147E-1,-6.320692301E-1,9.730035782E0,9.780410133E0
1.393111444E1,-7.709329724E-1,-6.296750307E-1,9.746794701E0,9.797491272E0
1.393311413E1,-7.685387731E-1,-6.344634295E-1,9.756371498E0,9.807139262E0
1.393511472E1,-7.709329724E-1,-6.248866320E-1,9.734824181E0,9.785275815E0
1.393711511E1,-7.685387731E-1,-6.320692301E-1,9.730035782E0,9.780785228E0
1.393911585E1,-7.709329724E-1,-6.344634295E-1,9.732429504E0,9.783509879E0
1.394111655E1,-7.733271718E-1,-6.272808313E-1,9.737217903E0,9.787999216E0
1.394311640E1,-7.709329724E-1,-6.368576288E-1,9.737217903E0,9.788428770E0
1.394511729E1,-7.613561153E-1,-6.416460276E-1,9.725247383E0,9.776083542E0
1.394711843E1,-7.733271718E-1,-6.344634295E-1,9.737217903E0,9.788462149E0
1.394912061E1,-7.733271718E-1,-6.392518282E-1,9.727641106E0,9.779247379E0
1.395112132E1,-7.637503147E-1,-6.296750307E-1,9.734824181E0,9.785019520E0
1.395312163E1,-7.589619160E-1,-6.416460276E-1,9.734824181E0,9.785424602E0
1.395512147E1,-7.589619160E-1,-6.416460276E-1,9.722852707E0,9.773515108E0
1.395712155E1,-7.637503147E-1,-6.344634295E-1,9.734824181E0,9.785328825E0
1.395912198E1,-7.757213712E-1,-6.248866320E-1,9.734824181E0,9.785654233E0
1.396112206E1,-7.709329724E-1,-6.296750307E-1,9.727641106E0,9.778436980E0
1.396312292E1,-7.709329724E-1,-6.296750307E-1,9.737217903E0,9.787964078E0
1.396512374E1,-7.637503147E-1,-6.272808313E-1,9.734824181E0,9.784865743E0
1.396712413E1,-7.757213712E-1,-6.248866320E-1,9.742006302E0,9.792799076E0
1.396912413E1,-7.685387731E-1,-6.344634295E-1,9.732429504E0,9.783321509E0
1.397112366E1,-7.661445141E-1,-6.368576288E-1,9.732429504E0,9.783289279E0
1.397312346E1,-7.637503147E-1,-6.296750307E-1,9.730035782E0,9.780255697E0
1.397512331E1,-7.613561153E-1,-6.224924326E-1,9.749189377E0,9.798665902E0
1.397712335E1,-7.661445141E-1,-6.248866320E-1,9.737217903E0,9.787281196E0
1.397912374E1,-7.733271718E-1,-6.320692301E-1,9.730035782E0,9.781162648E0
1.398112472E1,-7.709329724E-1,-6.344634295E-1,9.732429504E0,9.783509879E0
1.398312565E1,-7.637503147E-1,-6.224924326E-1,9.730035782E0,9.779795892E0
1.398512702E1,-7.613561153E-1,-6.272808313E-1,9.737217903E0,9.787060686E0
1.398712729E1,-7.613561153E-1,-6.296750307E-1,9.739612579E0,9.789596875E0
1.398912761E1,-7.565677166E-1,-6.272808313E-1,9.749189377E0,9.798600383E0
1.399112882E1,-7.613561153E-1,-6.200982332E-1,9.746794701E0,9.796131476E0
1.399312936E1,-7.613561153E-1,-6.272808313E-1,9.753977776E0,9.803735350E0
1.399513038E1,-7.685387731E-1,-6.344634295E-1,9.742006302E0,9.792848537E0
1.399713046E1,-7.709329724E-1,-6.296750307E-1,9.751583099E0,9.802254906E0
1.399913108E1,-7.637503147E-1,-6.344634295E-1,9.742006302E0,9.792473905E0
1.400113073E1,-7.685387731E-1,-6.320692301E-1,9.737217903E0,9.787930111E0
1.400313089E1,-7.637503147E-1,-6.344634295E-1,9.734824181E0,9.785328825E0
1.400513167E1,-7.661445141E-1,-6.272808313E-1,9.746794701E0,9.796962059E0
1.400713218E1,-7.685387731E-1,-6.224924326E-1,9.732429504E0,9.782552465E0
1.400913265E1,-7.637503147E-1,-6.296750307E-1,9.737217903E0,9.787400967E0
1.401113354E1,-7.709329724E-1,-6.320692301E-1,9.734824181E0,9.785737120E0
1.401313499E1,-7.733271718E-1,-6.200982332E-1,9.732429504E0,9.782777765E0
1.401513534E1,-7.733271718E-1,-6.272808313E-1,9.730035782E0,9.780854384E0
1.401713464E1,-7.757213712E-1,-6.248866320E-1,9.734824181E0,9.785654233E0
1.401913382E1,-7.709329724E-1,-6.296750307E-1,9.734824181E0,9.785582769E0
1.402113214E1,-7.733271718E-1,-6.296750307E-1,9.722852707E0,9.773862610E0
1.402313085E1,-7.685387731E-1,-6.392518282E-1,9.710882187E0,9.762198912E0
1.402513011E1,-7.661445141E-1,-6.392518282E-1,9.720458984E0,9.771537401E0
1.402712999E1,-7.661445141E-1,-6.296750307E-1,9.730035782E0,9.780442954E0
1.402912878E1,-7.685387731E-1,-6.177040339E-1,9.732429504E0,9.782248932E0
1.403112792E1,-7.637503147E-1,-6.248866320E-1,9.734824181E0,9.784712549E0
1.403312671E1,-7.757213712E-1,-6.248866320E-1,9.737217903E0,9.788035525E0
1.403512546E1,-7.781155705E-1,-6.248866320E-1,9.732429504E0,9.783462128E0
1.403712640E1,-7.781155705E-1,-6.224924326E-1,9.737217903E0,9.788073006E0
1.403912698E1,-7.709329724E-1,-6.200982332E-1,9.730035782E0,9.780207349E0
1.404112620E1,-7.733271718E-1,-6.272808313E-1,9.730035782E0,9.780854384E0
1.404312608E1,-7.685387731E-1,-6.153098345E-1,9.734824181E0,9.784480562E0
1.404512530E1,-7.685387731E-1,-6.320692301E-1,9.739612579E0,9.790312383E0
1.404712409E1,-7.709329724E-1,-6.248866320E-1,9.720458984E0,9.770984793E0
1.404912417E1,-7.685387731E-1,-6.296750307E-1,9.727641106E0,9.778248512E0
1.405112378E1,-7.637503147E-1,-6.248866320E-1,9.732429504E0,9.782330086E0
1.405312257E1,-7.613561153E-1,-6.368576288E-1,9.732429504E0,9.782915457E0
1.405512151E1,-7.589619160E-1,-6.368576288E-1,9.739612579E0,9.789875588E0
1.405712014E1,-7.613561153E-1,-6.272808313E-1,9.739612579E0,9.789443170E0
1.405911913E1,-7.613561153E-1,-6.296750307E-1,9.737217903E0,9.787214429E0
1.406111897E1,-7.637503147E-1,-6.296750307E-1,9.742006302E0,9.792164826E0
1.406311843E1,-7.685387731E-1,-6.368576288E-1,9.732429504E0,9.783477068E0
1.406511757E1,-7.685387731E-1,-6.344634295E-1,9.732429504E0,9.783321509E0
1.406711725E1,-7.637503147E-1,-6.344634295E-1,9.730035782E0,9.780565153E0
1.406911714E1,-7.661445141E-1,-6.344634295E-1,9.739612579E0,9.790279590E0
1.407111765E1,-7.661445141E-1,-6.392518282E-1,9.739612579E0,9.790591071E0
1.407311874E1,-7.589619160E-1,-6.344634295E-1,9.722852707E0,9.773046188E0
1.407511913E1,-7.685387731E-1,-6.344634295E-1,9.722852707E0,9.773794578E0
1.407711925E1,-7.733271718E-1,-6.344634295E-1,9.722852707E0,9.774172268E0
1.407911995E1,-7.757213712E-1,-6.248866320E-1,9.737217903E0,9.788035525E0
1.408111991E1,-7.685387731E-1,-6.272808313E-1,9.742006302E0,9.792385811E0
1.408312050E1,-7.613561153E-1,-6.248866320E-1,9.739612579E0,9.789290047E0
1.408512015E1,-7.661445141E-1,-6.200982332E-1,9.734824181E0,9.784595089E0
1.408712042E1,-7.709329724E-1,-6.296750307E-1,9.734824181E0,9.785582769E0
1.408912159E1,-7.709329724E-1,-6.272808313E-1,9.737217903E0,9.787810347E0
1.409112237E1,-7.709329724E-1,-6.224924326E-1,9.720458984E0,9.770831968E0
1.409312280E1,-7.685387731E-1,-6.320692301E-1,9.739612579E0,9.790312383E0
1.409512245E1,-7.733271718E-1,-6.248866320E-1,9.732429504E0,9.783082453E0
1.409712257E1,-7.757213712E-1,-6.248866320E-1,9.734824181E0,9.785654233E0
1.409912296E1,-7.757213712E-1,-6.248866320E-1,9.725247383E0,9.776127230E0
1.410112296E1,-7.685387731E-1,-6.248866320E-1,9.725247383E0,9.775559923E0
1.410312253E1,-7.589619160E-1,-6.200982332E-1,9.739612579E0,9.788799630E0
1.410512214E1,-7.565677166E-1,-6.177040339E-1,9.734824181E0,9.783698422E0
1.410712222E1,-7.613561153E-1,-6.200982332E-1,9.730035782E0,9.779457105E0
1.410912182E1,-7.589619160E-1,-6.177040339E-1,9.732429504E0,9.781501190E0
1.411112218E1,-7.541735172E-1,-6.224924326E-1,9.730035782E0,9.779052655E0
1.411312280E1,-7.565677166E-1,-6.272808313E-1,9.730035782E0,9.779543561E0
1.411512343E1,-7.565677166E-1,-6.272808313E-1,9.744400978E0,9.793836142E0
1.411712358E1,-7.613561153E-1,-6.272808313E-1,9.732429504E0,9.782296685E0
1.411912444E1,-7.613561153E-1,-6.200982332E-1,9.732429504E0,9.781838734E0
1.412112444E1,-7.637503147E-1,-6.177040339E-1,9.737217903E0,9.786638100E0
1.412312565E1,-7.637503147E-1,-6.177040339E-1,9.732429504E0,9.781873894E0
1.412512702E1,-7.517793179E-1,-6.296750307E-1,9.725247383E0,9.774563901E0
1.412712815E1,-7.565677166E-1,-6.296750307E-1,9.732429504E0,9.782078992E0
1.412912807E1,-7.589619160E-1,-6.248866320E-1,9.732429504E0,9.781957399E0
1.413112831E1,-7.589619160E-1,-6.320692301E-1,9.727641106E0,9.777654943E0
1.413312768E1,-7.685387731E-1,-6.272808313E-1,9.722852707E0,9.773330949E0
1.413512690E1,-7.685387731E-1,-6.320692301E-1,9.727641106E0,9.778402980E0
1.413712655E1,-7.661445141E-1,-6.248866320E-1,9.744400978E0,9.794427556E0
1.413912534E1,-7.685387731E-1,-6.296750307E-1,9.737217903E0,9.787775793E0
1.414112499E1,-7.685387731E-1,-6.344634295E-1,9.739612579E0,9.790467245E0
1.414312448E1,-7.661445141E-1,-6.248866320E-1,9.732429504E0,9.782517303E0
1.414512472E1,-7.661445141E-1,-6.296750307E-1,9.727641106E0,9.778060623E0
1.414712487E1,-7.661445141E-1,-6.320692301E-1,9.727641106E0,9.778215093E0
1.414912456E1,-7.637503147E-1,-6.224924326E-1,9.737217903E0,9.786941497E0
1.415112440E1,-7.589619160E-1,-6.320692301E-1,9.739612579E0,9.789565256E0
1.415312452E1,-7.637503147E-1,-6.224924326E-1,9.749189377E0,9.798852222E0
1.415512468E1,-7.685387731E-1,-6.153098345E-1,9.730035782E0,9.779716476E0
1.415712362E1,-7.637503147E-1,-6.200982332E-1,9.727641106E0,9.777261265E0
1.415912315E1,-7.565677166E-1,-6.200982332E-1,9.734824181E0,9.783849874E0
1.416112390E1,-7.637503147E-1,-6.224924326E-1,9.739612579E0,9.789324010E0
1.416312499E1,-7.637503147E-1,-6.272808313E-1,9.727641106E0,9.777719431E0
1.416512503E1,-7.565677166E-1,-6.224924326E-1,9.732429504E0,9.781619273E0
1.416712370E1,-7.589619160E-1,-6.248866320E-1,9.732429504E0,9.781957399E0
1.416912272E1,-7.637503147E-1,-6.224924326E-1,9.732429504E0,9.782177438E0
1.417112225E1,-7.733271718E-1,-6.344634295E-1,9.732429504E0,9.783698831E0
1.417312093E1,-7.685387731E-1,-6.224924326E-1,9.734824181E0,9.784934875E0
1.417512026E1,-7.661445141E-1,-6.200982332E-1,9.730035782E0,9.779831059E0
1.417711929E1,-7.637503147E-1,-6.200982332E-1,9.727641106E0,9.777261265E0
1.417911807E1,-7.637503147E-1,-6.296750307E-1,9.732429504E0,9.782637131E0
1.418111835E1,-7.637503147E-1,-6.272808313E-1,9.737217903E0,9.787247227E0
1.418311901E1,-7.637503147E-1,-6.248866320E-1,9.737217903E0,9.787094070E0
1.418511897E1,-7.685387731E-1,-6.320692301E-1,9.727641106E0,9.778402980E0
1.418711854E1,-7.661445141E-1,-6.320692301E-1,9.722852707E0,9.773451473E0
1.418911819E1,-7.661445141E-1,-6.344634295E-1,9.734824181E0,9.785515985E0
1.419111819E1,-7.661445141E-1,-6.296750307E-1,9.737217903E0,9.787588087E0
1.419311694E1,-7.637503147E-1,-6.272808313E-1,9.732429504E0,9.782483317E0
1.419511698E1,-7.661445141E-1,-6.272808313E-1,9.725247383E0,9.775525322E0
1.419711671E1,-7.781155705E-1,-6.296750307E-1,9.732429504E0,9.783769138E0
1.419911600E1,-7.757213712E-1,-6.272808313E-1,9.739612579E0,9.790570876E0
1.420111542E1,-7.709329724E-1,-6.272808313E-1,9.737217903E0,9.787810347E0
1.420311421E1,-7.733271718E-1,-6.296750307E-1,9.739612579E0,9.790535162E0
1.420511374E1,-7.661445141E-1,-6.272808313E-1,9.742006302E0,9.792198193E0
1.420711249E1,-7.565677166E-1,-6.296750307E-1,9.744400978E0,9.793989778E0
1.420911222E1,-7.517793179E-1,-6.320692301E-1,9.744400978E0,9.793775272E0
1.421111054E1,-7.685387731E-1,-6.344634295E-1,9.730035782E0,9.780940241E0
1.421310964E1,-7.685387731E-1,-6.392518282E-1,9.739612579E0,9.790778720E0
1.421510839E1,-7.709329724E-1,-6.296750307E-1,9.727641106E0,9.778436980E0
1.421710819E1,-7.733271718E-1,-6.248866320E-1,9.730035782E0,9.780701127E0
1.421910800E1,-7.637503147E-1,-6.248866320E-1,9.720458984E0,9.770420703E0
1.422110761E1,-7.685387731E-1,-6.248866320E-1,9.732429504E0,9.782705107E0
1.422310714E1,-7.661445141E-1,-6.272808313E-1,9.730035782E0,9.780289105E0
1.422510651E1,-7.613561153E-1,-6.320692301E-1,9.739612579E0,9.789751163E0
1.422710628E1,-7.589619160E-1,-6.320692301E-1,9.732429504E0,9.782418860E0
1.422910678E1,-7.589619160E-1,-6.272808313E-1,9.734824181E0,9.784493153E0
1.423110682E1,-7.613561153E-1,-6.272808313E-1,9.744400978E0,9.794207206E0
1.423310678E1,-7.661445141E-1,-6.320692301E-1,9.749189377E0,9.799652159E0
1.423510620E1,-7.733271718E-1,-6.368576288E-1,9.746794701E0,9.798144186E0
1.423710569E1,-7.685387731E-1,-6.344634295E-1,9.744400978E0,9.795230784E0
1.423910714E1,-7.685387731E-1,-6.368576288E-1,9.751583099E0,9.802530920E0
1.424110772E1,-7.709329724E-1,-6.320692301E-1,9.737217903E0,9.788118392E0
1.424310792E1,-7.805097699E-1,-6.200982332E-1,9.737217903E0,9.788111657E0
1.424510870E1,-7.805097699E-1,-6.272808313E-1,9.739612579E0,9.790951432E0
1.424710975E1,-7.733271718E-1,-6.296750307E-1,9.749189377E0,9.800062197E0
1.424910987E1,-7.781155705E-1,-6.248866320E-1,9.744400978E0,9.795371232E0
1.425110975E1,-7.876923680E-1,-6.296750307E-1,9.720458984E0,9.772628755E0
1.425311042E1,-7.829039693E-1,-6.272808313E-1,9.727641106E0,9.779234190E0
1.425511042E1,-7.733271718E-1,-6.320692301E-1,9.734824181E0,9.785926029E0
1.425711057E1,-7.733271718E-1,-6.296750307E-1,9.732429504E0,9.783389475E0
1.425911015E1,-7.709329724E-1,-6.320692301E-1,9.730035782E0,9.780973647E0
1.426111065E1,-7.709329724E-1,-6.296750307E-1,9.722852707E0,9.773673468E0
1.426311069E1,-7.709329724E-1,-6.344634295E-1,9.725247383E0,9.776365283E0
1.426511081E1,-7.637503147E-1,-6.248866320E-1,9.739612579E0,9.789476546E0
1.426711178E1,-7.661445141E-1,-6.344634295E-1,9.737217903E0,9.787897310E0
1.426911210E1,-7.637503147E-1,-6.320692301E-1,9.730035782E0,9.780410133E0
1.427111206E1,-7.589619160E-1,-6.272808313E-1,9.737217903E0,9.786874727E0
1.427311136E1,-7.589619160E-1,-6.248866320E-1,9.739612579E0,9.789104131E0
1.427511167E1,-7.589619160E-1,-6.296750307E-1,9.749189377E0,9.798939093E0
1.427711182E1,-7.541735172E-1,-6.272808313E-1,9.746794701E0,9.796033170E0
1.427911147E1,-7.565677166E-1,-6.177040339E-1,9.739612579E0,9.788462912E0
1.428111167E1,-7.637503147E-1,-6.272808313E-1,9.737217903E0,9.787247227E0
1.428311155E1,-7.613561153E-1,-6.177040339E-1,9.734824181E0,9.784069871E0
1.428511116E1,-7.661445141E-1,-6.296750307E-1,9.742006302E0,9.792351855E0
1.428711073E1,-7.661445141E-1,-6.344634295E-1,9.742006302E0,9.792660928E0
1.428911057E1,-7.637503147E-1,-6.248866320E-1,9.737217903E0,9.787094070E0
1.429111015E1,-7.613561153E-1,-6.105214357E-1,9.732429504E0,9.781236303E0
1.429310917E1,-7.613561153E-1,-6.248866320E-1,9.734824181E0,9.784525960E0
1.429510870E1,-7.637503147E-1,-6.248866320E-1,9.749189377E0,9.799004610E0
1.429710804E1,-7.709329724E-1,-6.200982332E-1,9.739612579E0,9.789735066E0
1.429910679E1,-7.709329724E-1,-6.368576288E-1,9.739612579E0,9.790810921E0
1.430110679E1,-7.685387731E-1,-6.296750307E-1,9.739612579E0,9.790158103E0
1.430310596E1,-7.661445141E-1,-6.248866320E-1,9.737217903E0,9.787281196E0
1.430510608E1,-7.661445141E-1,-6.224924326E-1,9.742006302E0,9.791892617E0
1.430710612E1,-7.661445141E-1,-6.320692301E-1,9.734824181E0,9.785361044E0
1.430910577E1,-7.709329724E-1,-6.272808313E-1,9.739612579E0,9.790192648E0
1.431110554E1,-7.709329724E-1,-6.272808313E-1,9.737217903E0,9.787810347E0
1.431310542E1,-7.661445141E-1,-6.200982332E-1,9.727641106E0,9.777448579E0
1.431510511E1,-7.637503147E-1,-6.248866320E-1,9.744400978E0,9.794240566E0
1.431710507E1,-7.685387731E-1,-6.320692301E-1,9.744400978E0,9.795075997E0
1.431910401E1,-7.733271718E-1,-6.248866320E-1,9.727641106E0,9.778318858E0
1.432110272E1,-7.613561153E-1,-6.248866320E-1,9.727641106E0,9.777379399E0
1.432310210E1,-7.613561153E-1,-6.320692301E-1,9.732429504E0,9.782604904E0
1.432510194E1,-7.613561153E-1,-6.296750307E-1,9.727641106E0,9.777686601E0
1.432710085E1,-7.661445141E-1,-6.248866320E-1,9.727641106E0,9.777753433E0
1.432910077E1,-7.733271718E-1,-6.248866320E-1,9.732429504E0,9.783082453E0
1.433109975E1,-7.757213712E-1,-6.248866320E-1,9.730035782E0,9.780890719E0
1.433309944E1,-7.685387731E-1,-6.224924326E-1,9.727641106E0,9.777788613E0
1.433509757E1,-7.733271718E-1,-6.344634295E-1,9.742006302E0,9.793225492E0
1.433709679E1,-7.637503147E-1,-6.272808313E-1,9.734824181E0,9.784865743E0
1.433909686E1,-7.709329724E-1,-6.296750307E-1,9.739612579E0,9.790346342E0
1.434109565E1,-7.613561153E-1,-6.344634295E-1,9.725247383E0,9.775614745E0
1.434309491E1,-7.685387731E-1,-6.200982332E-1,9.727641106E0,9.777636481E0
1.434509417E1,-7.781155705E-1,-6.296750307E-1,9.732429504E0,9.783769138E0
1.434709405E1,-7.613561153E-1,-6.320692301E-1,9.737217903E0,9.787368755E0
1.434909354E1,-7.589619160E-1,-6.296750307E-1,9.734824181E0,9.784646936E0
1.435109354E1,-7.469909191E-1,-6.296750307E-1,9.734824181E0,9.783725666E0
1.435309425E1,-7.541735172E-1,-6.296750307E-1,9.739612579E0,9.789040889E0
1.435509534E1,-7.637503147E-1,-6.296750307E-1,9.739612579E0,9.789783368E0
1.435709522E1,-7.661445141E-1,-6.272808313E-1,9.727641106E0,9.777906736E0
1.435909515E1,-7.637503147E-1,-6.224924326E-1,9.730035782E0,9.779795892E0
1.436109475E1,-7.565677166E-1,-6.200982332E-1,9.730035782E0,9.779085481E0
1.436309436E1,-7.589619160E-1,-6.200982332E-1,9.734824181E0,9.784035304E0
1.436509538E1,-7.613561153E-1,-6.224924326E-1,9.732429504E0,9.781990800E0
1.436709620E1,-7.565677166E-1,-6.320692301E-1,9.742006302E0,9.791761486E0
1.436909612E1,-7.589619160E-1,-6.320692301E-1,9.734824181E0,9.784801302E0
1.437109640E1,-7.637503147E-1,-6.248866320E-1,9.732429504E0,9.782330086E0
1.437309768E1,-7.565677166E-1,-6.224924326E-1,9.722852707E0,9.772090682E0
1.437509772E1,-7.637503147E-1,-6.200982332E-1,9.737217903E0,9.786789507E0
1.437709745E1,-7.709329724E-1,-6.344634295E-1,9.739612579E0,9.790655478E0
1.437909768E1,-7.637503147E-1,-6.344634295E-1,9.734824181E0,9.785328825E0
1.438109788E1,-7.637503147E-1,-6.392518282E-1,9.725247383E0,9.776113446E0
1.438309733E1,-7.685387731E-1,-6.296750307E-1,9.727641106E0,9.778248512E0
1.438509741E1,-7.685387731E-1,-6.344634295E-1,9.732429504E0,9.783321509E0
1.438709862E1,-7.661445141E-1,-6.320692301E-1,9.737217903E0,9.787742407E0
1.438910014E1,-7.781155705E-1,-6.320692301E-1,9.727641106E0,9.779160334E0
1.439110057E1,-7.781155705E-1,-6.344634295E-1,9.727641106E0,9.779315373E0
1.439310151E1,-7.685387731E-1,-6.320692301E-1,9.727641106E0,9.778402980E0
1.439510140E1,-7.685387731E-1,-6.296750307E-1,9.730035782E0,9.780630798E0
1.439710085E1,-7.613561153E-1,-6.344634295E-1,9.730035782E0,9.780378484E0
1.439910065E1,-7.565677166E-1,-6.320692301E-1,9.725247383E0,9.775087871E0
1.440110030E1,-7.685387731E-1,-6.320692301E-1,9.732429504E0,9.783166533E0
1.440310069E1,-7.661445141E-1,-6.320692301E-1,9.746794701E0,9.797269817E0
1.440510179E1,-7.661445141E-1,-6.368576288E-1,9.739612579E0,9.790435039E0
1.440710241E1,-7.589619160E-1,-6.296750307E-1,9.737217903E0,9.787028473E0
1.440910257E1,-7.589619160E-1,-6.344634295E-1,9.737217903E0,9.787337714E0
1.441110343E1,-7.589619160E-1,-6.296750307E-1,9.730035782E0,9.779882931E0
1.441310409E1,-7.661445141E-1,-6.320692301E-1,9.732429504E0,9.782978738E0
1.441510429E1,-7.685387731E-1,-6.368576288E-1,9.722852707E0,9.773950289E0
1.441710554E1,-7.685387731E-1,-6.368576288E-1,9.727641106E0,9.778713666E0
1.441910698E1,-7.637503147E-1,-6.320692301E-1,9.732429504E0,9.782791530E0
1.442110651E1,-7.685387731E-1,-6.296750307E-1,9.734824181E0,9.785394439E0
1.442310643E1,-7.733271718E-1,-6.344634295E-1,9.734824181E0,9.786080962E0
1.442510749E1,-7.733271718E-1,-6.248866320E-1,9.746794701E0,9.797373380E0
1.442710772E1,-7.757213712E-1,-6.200982332E-1,9.742006302E0,9.792494690E0
1.442910870E1,-7.685387731E-1,-6.177040339E-1,9.720458984E0,9.770339451E0
1.443110870E1,-7.661445141E-1,-6.248866320E-1,9.737217903E0,9.787281196E0
1.443310846E1,-7.637503147E-1,-6.224924326E-1,9.732429504E0,9.782177438E0
1.443510811E1,-7.709329724E-1,-6.248866320E-1,9.737217903E0,9.787657199E0
1.443710796E1,-7.637503147E-1,-6.272808313E-1,9.746794701E0,9.796775118E0
1.443910800E1,-7.589619160E-1,-6.296750307E-1,9.753977776E0,9.803703192E0
1.444110757E1,-7.637503147E-1,-6.272808313E-1,9.746794701E0,9.796775118E0
1.444310776E1,-7.613561153E-1,-6.224924326E-1,9.737217903E0,9.786754950E0
1.444510761E1,-7.637503147E-1,-6.224924326E-1,9.732429504E0,9.782177438E0
1.444710694E1,-7.589619160E-1,-6.200982332E-1,9.742006302E0,9.791181328E0
1.444910737E1,-7.685387731E-1,-6.296750307E-1,9.739612579E0,9.790158103E0
1.445110597E1,-7.637503147E-1,-6.296750307E-1,9.742006302E0,9.792164826E0
1.445310557E1,-7.661445141E-1,-6.153098345E-1,9.737217903E0,9.786674415E0
1.445510495E1,-7.685387731E-1,-6.248866320E-1,9.713275909E0,9.763650139E0
1.445710546E1,-7.733271718E-1,-6.296750307E-1,9.720458984E0,9.771481383E0
1.445910491E1,-7.685387731E-1,-6.272808313E-1,9.725247383E0,9.775713260E0
1.446110503E1,-7.637503147E-1,-6.200982332E-1,9.727641106E0,9.777261265E0
1.446310499E1,-7.637503147E-1,-6.200982332E-1,9.732429504E0,9.782025374E0
1.446510472E1,-7.661445141E-1,-6.224924326E-1,9.737217903E0,9.787128626E0
1.446710483E1,-7.781155705E-1,-6.296750307E-1,9.722852707E0,9.774242643E0
1.446910589E1,-7.733271718E-1,-6.368576288E-1,9.730035782E0,9.781473246E0
1.447110698E1,-7.709329724E-1,-6.296750307E-1,9.722852707E0,9.773673468E0
1.447310702E1,-7.733271718E-1,-6.296750307E-1,9.725247383E0,9.776244791E0
1.447510702E1,-7.685387731E-1,-6.320692301E-1,9.734824181E0,9.785548793E0
1.447710827E1,-7.733271718E-1,-6.320692301E-1,9.742006302E0,9.793070673E0
1.447910932E1,-7.685387731E-1,-6.344634295E-1,9.730035782E0,9.780940241E0
1.448110975E1,-7.613561153E-1,-6.320692301E-1,9.746794701E0,9.796896528E0
1.448310999E1,-7.589619160E-1,-6.416460276E-1,9.749189377E0,9.799715624E0
1.448511085E1,-7.661445141E-1,-6.320692301E-1,9.749189377E0,9.799652159E0
1.448711229E1,-7.709329724E-1,-6.272808313E-1,9.751583099E0,9.802101399E0
1.448911429E1,-7.589619160E-1,-6.224924326E-1,9.739612579E0,9.788951589E0
1.449111546E1,-7.565677166E-1,-6.248866320E-1,9.739612579E0,9.788918797E0
1.449311585E1,-7.589619160E-1,-6.368576288E-1,9.744400978E0,9.794639414E0
1.449511632E1,-7.637503147E-1,-6.392518282E-1,9.746794701E0,9.797548896E0
1.449711686E1,-7.661445141E-1,-6.392518282E-1,9.744400978E0,9.795354549E0
1.449911718E1,-7.637503147E-1,-6.320692301E-1,9.746794701E0,9.797082882E0
1.450111764E1,-7.637503147E-1,-6.272808313E-1,9.722852707E0,9.772955569E0
1.450311772E1,-7.565677166E-1,-6.200982332E-1,9.722852707E0,9.771938461E0
1.450511823E1,-7.709329724E-1,-6.200982332E-1,9.720458984E0,9.770679727E0
1.450711839E1,-7.709329724E-1,-6.320692301E-1,9.727641106E0,9.778591445E0
1.450911804E1,-7.685387731E-1,-6.296750307E-1,9.739612579E0,9.790158103E0
1.451111772E1,-7.565677166E-1,-6.224924326E-1,9.742006302E0,9.791147957E0
1.451311663E1,-7.637503147E-1,-6.248866320E-1,9.749189377E0,9.799004610E0
1.451511600E1,-7.685387731E-1,-6.177040339E-1,9.744400978E0,9.794159512E0
1.451711522E1,-7.589619160E-1,-6.272808313E-1,9.730035782E0,9.779729073E0
1.451911428E1,-7.637503147E-1,-6.248866320E-1,9.734824181E0,9.784712549E0
1.452111304E1,-7.733271718E-1,-6.272808313E-1,9.722852707E0,9.773708657E0
1.452311229E1,-7.757213712E-1,-6.296750307E-1,9.725247383E0,9.776434470E0
1.452511124E1,-7.757213712E-1,-6.344634295E-1,9.734824181E0,9.786270450E0
1.452711104E1,-7.661445141E-1,-6.368576288E-1,9.737217903E0,9.788052797E0
1.452910983E1,-7.685387731E-1,-6.320692301E-1,9.737217903E0,9.787930111E0
1.453110901E1,-7.637503147E-1,-6.368576288E-1,9.734824181E0,9.785484352E0
1.453310815E1,-7.661445141E-1,-6.296750307E-1,9.732429504E0,9.782824343E0
1.453510807E1,-7.685387731E-1,-6.224924326E-1,9.732429504E0,9.782552465E0
1.453710866E1,-7.637503147E-1,-6.272808313E-1,9.730035782E0,9.780101845E0
1.453911069E1,-7.637503147E-1,-6.248866320E-1,9.725247383E0,9.775184628E0
1.454111132E1,-7.661445141E-1,-6.320692301E-1,9.720458984E0,9.771070146E0
1.454311206E1,-7.661445141E-1,-6.344634295E-1,9.725247383E0,9.775988846E0
1.454511233E1,-7.709329724E-1,-6.416460276E-1,9.739612579E0,9.791123555E0
1.454711222E1,-7.637503147E-1,-6.320692301E-1,9.722852707E0,9.773264082E0
1.454911081E1,-7.541735172E-1,-6.177040339E-1,9.730035782E0,9.778749014E0
1.455110983E1,-7.613561153E-1,-6.296750307E-1,9.725247383E0,9.775305133E0
1.455310960E1,-7.685387731E-1,-6.320692301E-1,9.727641106E0,9.778402980E0
1.455510991E1,-7.661445141E-1,-6.368576288E-1,9.732429504E0,9.783289279E0
1.455710968E1,-7.733271718E-1,-6.344634295E-1,9.725247383E0,9.776554374E0
1.455910929E1,-7.757213712E-1,-6.224924326E-1,9.730035782E0,9.780738049E0
1.456110862E1,-7.613561153E-1,-6.248866320E-1,9.742006302E0,9.791671626E0
1.456310784E1,-7.709329724E-1,-6.296750307E-1,9.742006302E0,9.792727663E0
1.456510706E1,-7.733271718E-1,-6.344634295E-1,9.746794701E0,9.797988860E0
1.456710679E1,-7.637503147E-1,-6.200982332E-1,9.737217903E0,9.786789507E0
1.456910675E1,-7.637503147E-1,-6.200982332E-1,9.734824181E0,9.784407912E0
1.457110554E1,-7.637503147E-1,-6.248866320E-1,9.732429504E0,9.782330086E0
1.457310550E1,-7.637503147E-1,-6.272808313E-1,9.734824181E0,9.784865743E0
1.457510593E1,-7.661445141E-1,-6.224924326E-1,9.737217903E0,9.787128626E0
1.457710620E1,-7.757213712E-1,-6.344634295E-1,9.739612579E0,9.791033688E0
1.457910554E1,-7.829039693E-1,-6.200982332E-1,9.737217903E0,9.788302863E0
1.458110554E1,-7.805097699E-1,-6.224924326E-1,9.727641106E0,9.778736821E0
1.458310522E1,-7.757213712E-1,-6.272808313E-1,9.732429504E0,9.783425215E0
1.458510526E1,-7.757213712E-1,-6.296750307E-1,9.734824181E0,9.785961175E0
1.458710546E1,-7.829039693E-1,-6.272808313E-1,9.737217903E0,9.788760512E0
1.458910495E1,-7.757213712E-1,-6.272808313E-1,9.737217903E0,9.788188667E0
1.459110417E1,-7.685387731E-1,-6.320692301E-1,9.727641106E0,9.778402980E0
1.459310370E1,-7.757213712E-1,-6.392518282E-1,9.722852707E0,9.774673974E0
1.459510272E1,-7.757213712E-1,-6.272808313E-1,9.734824181E0,9.785807412E0
1.459710241E1,-7.805097699E-1,-6.368576288E-1,9.739612579E0,9.791569656E0
1.459910292E1,-7.829039693E-1,-6.392518282E-1,9.732429504E0,9.784772127E0
1.460110237E1,-7.829039693E-1,-6.368576288E-1,9.730035782E0,9.782235050E0
1.460310257E1,-7.805097699E-1,-6.392518282E-1,9.737217903E0,9.789343742E0
1.460510237E1,-7.709329724E-1,-6.392518282E-1,9.737217903E0,9.788584833E0
1.460710206E1,-7.685387731E-1,-6.296750307E-1,9.744400978E0,9.794921792E0
1.460910253E1,-7.661445141E-1,-6.248866320E-1,9.739612579E0,9.789663626E0
1.461110307E1,-7.589619160E-1,-6.272808313E-1,9.737217903E0,9.786874727E0
1.461310272E1,-7.613561153E-1,-6.296750307E-1,9.739612579E0,9.789596875E0
1.461510237E1,-7.613561153E-1,-6.272808313E-1,9.742006302E0,9.791824711E0
1.461710284E1,-7.613561153E-1,-6.224924326E-1,9.746794701E0,9.796283321E0
1.461910225E1,-7.637503147E-1,-6.248866320E-1,9.746794701E0,9.796622111E0
1.462110253E1,-7.613561153E-1,-6.344634295E-1,9.739612579E0,9.789906035E0
1.462310280E1,-7.589619160E-1,-6.344634295E-1,9.730035782E0,9.780192398E0
1.462510327E1,-7.589619160E-1,-6.248866320E-1,9.732429504E0,9.781957399E0
1.462710331E1,-7.541735172E-1,-6.224924326E-1,9.739612579E0,9.788581497E0
1.462910366E1,-7.613561153E-1,-6.344634295E-1,9.739612579E0,9.789906035E0
1.463110354E1,-7.589619160E-1,-6.272808313E-1,9.737217903E0,9.786874727E0
1.463310296E1,-7.565677166E-1,-6.296750307E-1,9.737217903E0,9.786843099E0
1.463510179E1,-7.589619160E-1,-6.320692301E-1,9.737217903E0,9.787182802E0
1.463710057E1,-7.541735172E-1,-6.296750307E-1,9.734824181E0,9.784276681E0
1.463909975E1,-7.589619160E-1,-6.320692301E-1,9.734824181E0,9.784801302E0
1.464110015E1,-7.661445141E-1,-6.344634295E-1,9.734824181E0,9.785515985E0
1.464310038E1,-7.733271718E-1,-6.368576288E-1,9.734824181E0,9.786236477E0
1.464510065E1,-7.661445141E-1,-6.392518282E-1,9.737217903E0,9.788208866E0
1.464710085E1,-7.685387731E-1,-6.248866320E-1,9.734824181E0,9.785087479E0
1.464910116E1,-7.709329724E-1,-6.224924326E-1,9.737217903E0,9.787504634E0
1.465110159E1,-7.661445141E-1,-6.248866320E-1,9.732429504E0,9.782517303E0
1.465310155E1,-7.661445141E-1,-6.296750307E-1,9.722852707E0,9.773296927E0
1.465510276E1,-7.685387731E-1,-6.272808313E-1,9.737217903E0,9.787622060E0
1.465710436E1,-7.757213712E-1,-6.272808313E-1,9.742006302E0,9.792952143E0
1.465910452E1,-7.805097699E-1,-6.224924326E-1,9.742006302E0,9.793027066E0
1.466110444E1,-7.733271718E-1,-6.296750307E-1,9.749189377E0,9.800062197E0
1.466310495E1,-7.709329724E-1,-6.272808313E-1,9.744400978E0,9.794956320E0
1.466510483E1,-7.613561153E-1,-6.200982332E-1,9.749189377E0,9.798514094E0
1.466710518E1,-7.565677166E-1,-6.272808313E-1,9.739612579E0,9.789071925E0
1.466910557E1,-7.637503147E-1,-6.224924326E-1,9.734824181E0,9.784559939E0
1.467110569E1,-7.589619160E-1,-6.200982332E-1,9.734824181E0,9.784035304E0
1.467310659E1,-7.661445141E-1,-6.248866320E-1,9.732429504E0,9.782517303E0
1.467510729E1,-7.661445141E-1,-6.296750307E-1,9.734824181E0,9.785206686E0
1.467710905E1,-7.661445141E-1,-6.272808313E-1,9.730035782E0,9.780289105E0
1.467911104E1,-7.661445141E-1,-6.224924326E-1,9.734824181E0,9.784747113E0
1.468111132E1,-7.613561153E-1,-6.296750307E-1,9.732429504E0,9.782450503E0
1.468311225E1,-7.565677166E-1,-6.320692301E-1,9.727641106E0,9.777469392E0
1.468511343E1,-7.637503147E-1,-6.272808313E-1,9.730035782E0,9.780101845E0
1.468711378E1,-7.637503147E-1,-6.296750307E-1,9.744400978E0,9.794547239E0
1.468911417E1,-7.661445141E-1,-6.344634295E-1,9.737217903E0,9.787897310E0
1.469111483E1,-7.733271718E-1,-6.248866320E-1,9.734824181E0,9.785464733E0
1.469311678E1,-7.781155705E-1,-6.320692301E-1,9.742006302E0,9.793449961E0
1.469511839E1,-7.805097699E-1,-6.320692301E-1,9.734824181E0,9.786496249E0
1.469711972E1,-7.589619160E-1,-6.248866320E-1,9.737217903E0,9.786721565E0
1.469912050E1,-7.613561153E-1,-6.296750307E-1,9.732429504E0,9.782450503E0
1.470112194E1,-7.589619160E-1,-6.296750307E-1,9.734824181E0,9.784646936E0
1.470312393E1,-7.589619160E-1,-6.272808313E-1,9.734824181E0,9.784493153E0
1.470512557E1,-7.469909191E-1,-6.320692301E-1,9.734824181E0,9.783880047E0
1.470712624E1,-7.589619160E-1,-6.296750307E-1,9.732429504E0,9.782264456E0
1.470912772E1,-7.637503147E-1,-6.248866320E-1,9.725247383E0,9.775184628E0
1.471112882E1,-7.613561153E-1,-6.224924326E-1,9.727641106E0,9.777226674E0
1.471312948E1,-7.637503147E-1,-6.344634295E-1,9.739612579E0,9.790092522E0
1.471512991E1,-7.637503147E-1,-6.344634295E-1,9.737217903E0,9.787710196E0
1.471713093E1,-7.565677166E-1,-6.272808313E-1,9.734824181E0,9.784307731E0
1.471913210E1,-7.613561153E-1,-6.296750307E-1,9.722852707E0,9.772922722E0
1.472113323E1,-7.613561153E-1,-6.344634295E-1,9.720458984E0,9.770851030E0
1.472313573E1,-7.709329724E-1,-6.224924326E-1,9.722852707E0,9.773213353E0
1.472513706E1,-7.709329724E-1,-6.129156351E-1,9.732429504E0,9.782136131E0
1.472713870E1,-7.757213712E-1,-6.129156351E-1,9.732429504E0,9.782514671E0
1.472914065E1,-7.805097699E-1,-6.344634295E-1,9.734824181E0,9.786651172E0
1.473114272E1,-7.829039693E-1,-6.296750307E-1,9.720458984E0,9.772243966E0
1.473314534E1,-7.733271718E-1,-6.224924326E-1,9.725247383E0,9.775784797E0
1.473514733E1,-7.805097699E-1,-6.200982332E-1,9.732429504E0,9.783348168E0
1.473714932E1,-7.805097699E-1,-6.272808313E-1,9.734824181E0,9.786188153E0
1.473915065E1,-7.685387731E-1,-6.224924326E-1,9.727641106E0,9.777788613E0
1.474115288E1,-7.685387731E-1,-6.272808313E-1,9.739612579E0,9.790004407E0
1.474315600E1,-7.709329724E-1,-6.248866320E-1,9.744400978E0,9.794803284E0
1.474515839E1,-7.757213712E-1,-6.248866320E-1,9.730035782E0,9.780890719E0
1.474716104E1,-7.685387731E-1,-6.320692301E-1,9.720458984E0,9.771258170E0
1.474916339E1,-7.661445141E-1,-6.344634295E-1,9.722852707E0,9.773606602E0
1.475116475E1,-7.709329724E-1,-6.368576288E-1,9.722852707E0,9.774138839E0
1.475316600E1,-7.757213712E-1,-6.368576288E-1,9.730035782E0,9.781662824E0
1.475516792E1,-7.637503147E-1,-6.392518282E-1,9.725247383E0,9.776113446E0
1.475716921E1,-7.709329724E-1,-6.320692301E-1,9.730035782E0,9.780973647E0
1.475917069E1,-7.685387731E-1,-6.320692301E-1,9.732429504E0,9.783166533E0
1.476117206E1,-7.589619160E-1,-6.344634295E-1,9.742006302E0,9.792101604E0
1.476317386E1,-7.709329724E-1,-6.272808313E-1,9.737217903E0,9.787810347E0
1.476517675E1,-7.661445141E-1,-6.224924326E-1,9.737217903E0,9.787128626E0
1.476717948E1,-7.709329724E-1,-6.272808313E-1,9.737217903E0,9.787810347E0
1.476918077E1,-7.685387731E-1,-6.320692301E-1,9.720458984E0,9.771258170E0
1.477118167E1,-7.637503147E-1,-6.344634295E-1,9.730035782E0,9.780565153E0
1.477318261E1,-7.589619160E-1,-6.368576288E-1,9.725247383E0,9.775584253E0
1.477518409E1,-7.589619160E-1,-6.320692301E-1,9.725247383E0,9.775273467E0
1.477718534E1,-7.589619160E-1,-6.368576288E-1,9.732429504E0,9.782729419E0
1.477918604E1,-7.613561153E-1,-6.344634295E-1,9.737217903E0,9.787523664E0
1.478118667E1,-7.541735172E-1,-6.272808313E-1,9.742006302E0,9.791268851E0
1.478318765E1,-7.589619160E-1,-6.272808313E-1,9.737217903E0,9.786874727E0
1.478518827E1,-7.733271718E-1,-6.272808313E-1,9.739612579E0,9.790381471E0
1.478718835E1,-7.613561153E-1,-6.296750307E-1,9.732429504E0,9.782450503E0
1.478918932E1,-7.589619160E-1,-6.272808313E-1,9.727641106E0,9.777346568E0
1.479119046E1,-7.613561153E-1,-6.272808313E-1,9.727641106E0,9.777532708E0
1.479319104E1,-7.613561153E-1,-6.272808313E-1,9.737217903E0,9.787060686E0
1.479519241E1,-7.637503147E-1,-6.224924326E-1,9.732429504E0,9.782177438E0
1.479719421E1,-7.661445141E-1,-6.368576288E-1,9.730035782E0,9.780908003E0
1.479919550E1,-7.781155705E-1,-6.368576288E-1,9.727641106E0,9.779470996E0
1.480119663E1,-7.733271718E-1,-6.272808313E-1,9.722852707E0,9.773708657E0
1.480319741E1,-7.733271718E-1,-6.296750307E-1,9.734824181E0,9.785771681E0
1.480519932E1,-7.685387731E-1,-6.248866320E-1,9.739612579E0,9.789851293E0
1.480720077E1,-7.757213712E-1,-6.320692301E-1,9.737217903E0,9.788496700E0
1.480920276E1,-7.781155705E-1,-6.296750307E-1,9.749189377E0,9.800441214E0
1.481120366E1,-7.733271718E-1,-6.320692301E-1,9.737217903E0,9.788307255E0
1.481320534E1,-7.661445141E-1,-6.320692301E-1,9.739612579E0,9.790124725E0
1.481520628E1,-7.661445141E-1,-6.368576288E-1,9.746794701E0,9.797579905E0
1.481720753E1,-7.661445141E-1,-6.272808313E-1,9.744400978E0,9.794580597E0
1.481920858E1,-7.613561153E-1,-6.200982332E-1,9.744400978E0,9.793749812E0
1.482121081E1,-7.685387731E-1,-6.296750307E-1,9.746794701E0,9.797303171E0
1.482321358E1,-7.733271718E-1,-6.224924326E-1,9.744400978E0,9.794839568E0
1.482521503E1,-7.661445141E-1,-6.153098345E-1,9.742006302E0,9.791438627E0
1.482721679E1,-7.709329724E-1,-6.344634295E-1,9.737217903E0,9.788273289E0
1.482921956E1,-7.709329724E-1,-6.416460276E-1,9.734824181E0,9.786360360E0
1.483122225E1,-7.709329724E-1,-6.368576288E-1,9.732429504E0,9.783665435E0
1.483322518E1,-7.709329724E-1,-6.392518282E-1,9.739612579E0,9.790966946E0
1.483522694E1,-7.709329724E-1,-6.416460276E-1,9.744400978E0,9.795886774E0
1.483722831E1,-7.613561153E-1,-6.392518282E-1,9.746794701E0,9.797362552E0
1.483923014E1,-7.661445141E-1,-6.296750307E-1,9.749189377E0,9.799498026E0
1.484123194E1,-7.709329724E-1,-6.296750307E-1,9.739612579E0,9.790346342E0
1.484323386E1,-7.613561153E-1,-6.248866320E-1,9.732429504E0,9.782143451E0
1.484523495E1,-7.517793179E-1,-6.320692301E-1,9.734824181E0,9.784246802E0
1.484723636E1,-7.589619160E-1,-6.272808313E-1,9.734824181E0,9.784493153E0
1.484923682E1,-7.517793179E-1,-6.248866320E-1,9.722852707E0,9.771873935E0
1.485123663E1,-7.517793179E-1,-6.224924326E-1,9.744400978E0,9.793161869E0
1.485323733E1,-7.541735172E-1,-6.344634295E-1,9.751583099E0,9.801259842E0
1.485523823E1,-7.541735172E-1,-6.392518282E-1,9.751583099E0,9.801570973E0
1.485723843E1,-7.637503147E-1,-6.224924326E-1,9.742006302E0,9.791705580E0
1.485923960E1,-7.637503147E-1,-6.224924326E-1,9.730035782E0,9.779795892E0
1.486123983E1,-7.685387731E-1,-6.320692301E-1,9.742006302E0,9.792693712E0
1.486324128E1,-7.685387731E-1,-6.224924326E-1,9.739612579E0,9.789698763E0
1.486524218E1,-7.637503147E-1,-6.177040339E-1,9.737217903E0,9.786638100E0
1.486724280E1,-7.661445141E-1,-6.224924326E-1,9.734824181E0,9.784747113E0
1.486924370E1,-7.685387731E-1,-6.177040339E-1,9.737217903E0,9.787012957E0
1.487124421E1,-7.709329724E-1,-6.248866320E-1,9.739612579E0,9.790039538E0
1.487324499E1,-7.637503147E-1,-6.200982332E-1,9.732429504E0,9.782025374E0
1.487524569E1,-7.613561153E-1,-6.200982332E-1,9.732429504E0,9.781838734E0
1.487724655E1,-7.613561153E-1,-6.248866320E-1,9.739612579E0,9.789290047E0
1.487924702E1,-7.661445141E-1,-6.224924326E-1,9.746794701E0,9.796656633E0
1.488124718E1,-7.637503147E-1,-6.248866320E-1,9.744400978E0,9.794240566E0
1.488324733E1,-7.757213712E-1,-6.248866320E-1,9.734824181E0,9.785654233E0
1.488524850E1,-7.709329724E-1,-6.272808313E-1,9.720458984E0,9.771138202E0
1.488724843E1,-7.685387731E-1,-6.296750307E-1,9.715670586E0,9.766340022E0
1.488924917E1,-7.637503147E-1,-6.464344859E-1,9.722852707E0,9.774203643E0
1.489125018E1,-7.685387731E-1,-6.440402865E-1,9.746794701E0,9.798236917E0
1.489325104E1,-7.709329724E-1,-6.344634295E-1,9.749189377E0,9.800182396E0
1.489525214E1,-7.709329724E-1,-6.272808313E-1,9.746794701E0,9.797337691E0
1.489725276E1,-7.733271718E-1,-6.129156351E-1,9.737217903E0,9.787089097E0
1.489925378E1,-7.685387731E-1,-6.344634295E-1,9.727641106E0,9.778558031E0
1.490125499E1,-7.685387731E-1,-6.296750307E-1,9.732429504E0,9.783012141E0
1.490325554E1,-7.709329724E-1,-6.320692301E-1,9.737217903E0,9.788118392E0
1.490525643E1,-7.637503147E-1,-6.296750307E-1,9.734824181E0,9.785019520E0
1.490725800E1,-7.613561153E-1,-6.177040339E-1,9.746794701E0,9.795980214E0
1.490926065E1,-7.637503147E-1,-6.224924326E-1,9.737217903E0,9.786941497E0
1.491126280E1,-7.637503147E-1,-6.224924326E-1,9.746794701E0,9.796469686E0
1.491326397E1,-7.613561153E-1,-6.272808313E-1,9.744400978E0,9.794207206E0
1.491526550E1,-7.661445141E-1,-6.320692301E-1,9.732429504E0,9.782978738E0
1.491726577E1,-7.637503147E-1,-6.320692301E-1,9.739612579E0,9.789937653E0
1.491926636E1,-7.661445141E-1,-6.224924326E-1,9.718064308E0,9.768072898E0
1.492126702E1,-7.733271718E-1,-6.224924326E-1,9.720458984E0,9.771021165E0
1.492326733E1,-7.613561153E-1,-6.224924326E-1,9.722852707E0,9.772462572E0
1.492526776E1,-7.637503147E-1,-6.248866320E-1,9.730035782E0,9.779948577E0
1.492726823E1,-7.637503147E-1,-6.368576288E-1,9.734824181E0,9.785484352E0
1.492926890E1,-7.685387731E-1,-6.272808313E-1,9.737217903E0,9.787622060E0
1.493126940E1,-7.637503147E-1,-6.224924326E-1,9.730035782E0,9.779795892E0
1.493326847E1,-7.661445141E-1,-6.248866320E-1,9.725247383E0,9.775371982E0
1.493526882E1,-7.661445141E-1,-6.272808313E-1,9.722852707E0,9.773142965E0
1.493726862E1,-7.613561153E-1,-6.248866320E-1,9.720458984E0,9.770233841E0
1.493926901E1,-7.565677166E-1,-6.320692301E-1,9.722852707E0,9.772705407E0
1.494126905E1,-7.541735172E-1,-6.272808313E-1,9.732429504E0,9.781740285E0
1.494326968E1,-7.589619160E-1,-6.320692301E-1,9.734824181E0,9.784801302E0
1.494527061E1,-7.589619160E-1,-6.416460276E-1,9.734824181E0,9.785424602E0
1.494727046E1,-7.613561153E-1,-6.344634295E-1,9.732429504E0,9.782759888E0
1.494926975E1,-7.685387731E-1,-6.368576288E-1,9.727641106E0,9.778713666E0
1.495127065E1,-7.613561153E-1,-6.224924326E-1,9.730035782E0,9.779609209E0
1.495327085E1,-7.685387731E-1,-6.296750307E-1,9.739612579E0,9.790158103E0
1.495527163E1,-7.709329724E-1,-6.320692301E-1,9.734824181E0,9.785737120E0
1.495727151E1,-7.613561153E-1,-6.296750307E-1,9.737217903E0,9.787214429E0
1.495927206E1,-7.589619160E-1,-6.320692301E-1,9.739612579E0,9.789565256E0
1.496127288E1,-7.589619160E-1,-6.296750307E-1,9.734824181E0,9.784646936E0
1.496327350E1,-7.613561153E-1,-6.344634295E-1,9.737217903E0,9.787523664E0
1.496527382E1,-7.589619160E-1,-6.272808313E-1,9.739612579E0,9.789257256E0
1.496727507E1,-7.637503147E-1,-6.368576288E-1,9.742006302E0,9.792629318E0
1.496927620E1,-7.709329724E-1,-6.320692301E-1,9.732429504E0,9.783354906E0
1.497127768E1,-7.733271718E-1,-6.296750307E-1,9.732429504E0,9.783389475E0
1.497327878E1,-7.661445141E-1,-6.248866320E-1,9.727641106E0,9.777753433E0
1.497528011E1,-7.589619160E-1,-6.200982332E-1,9.732429504E0,9.781652676E0
1.497728136E1,-7.613561153E-1,-6.200982332E-1,9.742006302E0,9.791367205E0
1.497928288E1,-7.637503147E-1,-6.248866320E-1,9.734824181E0,9.784712549E0
1.498128393E1,-7.637503147E-1,-6.272808313E-1,9.727641106E0,9.777719431E0
1.498328468E1,-7.709329724E-1,-6.224924326E-1,9.737217903E0,9.787504634E0
1.498528620E1,-7.661445141E-1,-6.153098345E-1,9.732429504E0,9.781910226E0
1.498728776E1,-7.685387731E-1,-6.224924326E-1,9.739612579E0,9.789698763E0
1.498928819E1,-7.661445141E-1,-6.248866320E-1,9.734824181E0,9.784899721E0
1.499128909E1,-7.709329724E-1,-6.177040339E-1,9.734824181E0,9.784819761E0
1.499329042E1,-7.589619160E-1,-6.177040339E-1,9.734824181E0,9.783883855E0
1.499529175E1,-7.685387731E-1,-6.177040339E-1,9.734824181E0,9.784631416E0
1.499729296E1,-7.661445141E-1,-6.248866320E-1,9.734824181E0,9.784899721E0
1.499929432E1,-7.661445141E-1,-6.296750307E-1,9.737217903E0,9.787588087E0
1.500129503E1,-7.637503147E-1,-6.272808313E-1,9.734824181E0,9.784865743E0
1.500329542E1,-7.541735172E-1,-6.272808313E-1,9.727641106E0,9.776976036E0
1.500529589E1,-7.637503147E-1,-6.344634295E-1,9.737217903E0,9.787710196E0
1.500729628E1,-7.589619160E-1,-6.368576288E-1,9.725247383E0,9.775584253E0
1.500929741E1,-7.565677166E-1,-6.344634295E-1,9.746794701E0,9.796680330E0
